日期,代码,名称,所属行业,开盘价,最高价,最低价,收盘价,前收盘价,成交量（股）,成交额（元）,换手率,涨幅%,振幅%,是否ST,量比,3日涨幅%,6日涨幅%,10日涨幅%,25日涨幅%,是否涨停,总股本（股）,流通股本（股）,总市值（元）,流通市值（元）,滚动市盈率,市净率,滚动市销率,5日线,10日线,20日线,30日线,60日线,120日线,250日线,上市时间,退市时间
2012-02-17,2654,万润科技,文化传媒,2.76,2.81,2.62,2.64,2.62,15417905,259208354.29,87.601733,36.833,9.92,否,,,,,,否,88000000,17600000,1444960000.0,288992000.0,26.294658,6.513681,3.858933,0.53,0.26,0.13,0.09,0.04,0.02,0.01,2012-02-17,-
2012-02-20,2654,万润科技,文化传媒,2.64,2.71,2.57,2.67,2.57,7394733,123009748.13,42.015528,1.035,5.24,否,0.48,,,,,否,88000000,17600000,1459920000.0,291984000.0,26.566892,6.581118,3.898886,1.06,0.53,0.27,0.18,0.09,0.04,0.02,2012-02-17,-
2012-02-21,2654,万润科技,文化传媒,2.64,2.92,2.62,2.84,2.62,9713586,167788755.58,55.19083,6.631,11.03,否,0.21,,,,,否,88000000,17600000,1556720000.0,311344000.0,28.32841,7.017479,4.157401,1.63,0.82,0.41,0.27,0.14,0.07,0.03,2012-02-17,-
2012-02-22,2654,万润科技,文化传媒,2.82,2.97,2.79,2.9,2.79,7801394,139031891.99,44.326102,1.979,6.39,否,0.08,9.848,,,,否,88000000,17600000,1587520000.0,317504000.0,28.888893,7.156322,4.239656,2.21,1.11,0.55,0.37,0.18,0.09,0.04,2012-02-17,-
2012-02-23,2654,万润科技,文化传媒,2.87,2.92,2.83,2.88,2.83,5686100,101618516.48,32.307386,-0.499,3.44,否,0.04,7.865,,,,否,88000000,17600000,1579600000.0,315920000.0,28.744769,7.120619,4.218505,2.79,1.39,0.7,0.46,0.23,0.12,0.06,2012-02-17,-
2012-02-24,2654,万润科技,文化传媒,2.88,2.9,2.84,2.88,2.84,4285877,76531647.42,24.351574,-0.111,2.34,否,0.47,1.408,,,,否,88000000,17600000,1577840000.0,315568000.0,28.712741,7.112685,4.213805,2.83,1.68,0.84,0.56,0.28,0.14,0.07,2012-02-17,-
2012-02-27,2654,万润科技,文化传媒,2.91,3.0,2.85,2.87,2.85,6132928,111702784.64,34.846182,-0.279,5.08,否,0.88,-1.034,8.712,,,否,88000000,17600000,1573440000.0,314688000.0,28.632672,7.092851,4.202054,2.87,1.97,0.98,0.66,0.33,0.16,0.08,2012-02-17,-
2012-02-28,2654,万润科技,文化传媒,2.84,2.89,2.78,2.85,2.78,4523680,79607659.82,25.702727,-0.895,3.91,否,0.67,-1.042,6.742,,,否,88000000,17600000,1559360000.0,311872000.0,28.376451,7.02938,4.164452,2.88,2.25,1.13,0.75,0.38,0.19,0.09,2012-02-17,-
2012-02-29,2654,万润科技,文化传媒,2.82,2.95,2.82,2.82,2.82,4452809,79948128.56,25.300051,-0.903,4.57,否,0.78,-2.083,-0.704,,,否,88000000,17600000,1545280000.0,309056000.0,28.120231,6.965909,4.126849,2.86,2.54,1.27,0.85,0.42,0.21,0.1,2012-02-17,-
2012-03-01,2654,万润科技,文化传媒,2.78,3.04,2.74,2.98,2.74,6164395,111790545.42,35.024972,5.581,10.65,否,1.23,3.833,2.759,,,否,88000000,17600000,1631520000.0,326304000.0,29.689583,7.354667,4.357163,2.88,2.83,1.42,0.94,0.47,0.24,0.11,2012-02-17,-
2012-03-02,2654,万润科技,文化传媒,2.94,3.04,2.93,3.01,2.93,5297997,98681490.92,30.102256,0.971,3.67,否,1.04,5.614,4.514,14.015,,否,88000000,17600000,1647360000.0,329472000.0,29.977831,7.426072,4.399466,2.91,2.87,1.57,1.04,0.52,0.26,0.13,2012-02-17,-
2012-03-05,2654,万润科技,文化传媒,3.01,3.11,2.96,3.02,2.96,6166817,116524523.91,35.038733,0.427,4.75,否,1.16,7.092,4.861,13.109,,否,88000000,17600000,1654400000.0,330880000.0,30.105942,7.457807,4.418267,2.94,2.91,1.72,1.15,0.57,0.29,0.14,2012-02-17,-
2012-03-06,2654,万润科技,文化传媒,2.99,3.2,2.97,3.1,2.97,6211756,119260357.25,35.294068,2.5,7.39,否,1.17,4.027,8.014,9.155,,否,88000000,17600000,1695760000.0,339152000.0,30.85859,7.644253,4.528724,2.99,2.93,1.87,1.25,0.62,0.31,0.15,2012-02-17,-
2012-03-07,2654,万润科技,文化传媒,3.06,3.21,3.01,3.03,3.01,5241169,101545938.24,29.779369,-2.18,6.33,否,0.93,0.664,6.316,4.483,,否,88000000,17600000,1658800000.0,331760000.0,30.186011,7.477642,4.430018,3.03,2.94,2.02,1.35,0.67,0.34,0.16,2012-02-17,-
2012-03-08,2654,万润科技,文化传媒,3.04,3.11,2.99,3.09,2.99,3394126,64312662.48,19.284807,1.857,4.03,否,0.58,2.318,9.574,7.292,,否,88000000,17600000,1689600000.0,337920000.0,30.746494,7.616484,4.512273,3.05,2.97,2.18,1.45,0.73,0.36,0.17,2012-02-17,-
2012-03-09,2654,万润科技,文化传媒,3.1,3.13,3.04,3.11,3.04,3057882,58737840.28,17.37433,0.833,2.92,否,0.58,0.323,4.362,7.986,,否,88000000,17600000,1703680000.0,340736000.0,31.002714,7.679955,4.549875,3.07,2.99,2.33,1.56,0.78,0.39,0.19,2012-02-17,-
2012-03-12,2654,万润科技,文化传媒,3.11,3.12,3.03,3.09,3.03,2518192,48125406.02,14.307909,-0.723,2.89,否,0.52,1.98,2.658,7.666,,否,88000000,17600000,1691360000.0,338272000.0,30.778521,7.624418,4.516973,3.08,3.01,2.49,1.66,0.83,0.41,0.2,2012-02-17,-
2012-03-13,2654,万润科技,文化传媒,3.08,3.28,3.06,3.2,3.06,4922524,97902576.7,27.968886,3.746,7.44,否,1.21,3.56,5.96,12.281,,否,88000000,17600000,1754720000.0,350944000.0,31.931515,7.910036,4.686183,3.1,3.05,2.65,1.77,0.88,0.44,0.21,2012-02-17,-
2012-03-14,2654,万润科技,文化传媒,3.19,3.24,2.93,2.99,2.93,4355324,84406417.67,24.746159,-6.62,9.43,否,1.14,-3.859,-3.548,6.028,,否,88000000,17600000,1638560000.0,327712000.0,29.817693,7.386403,4.375964,3.1,3.06,2.8,1.87,0.93,0.47,0.22,2012-02-17,-
2012-03-15,2654,万润科技,文化传媒,3.03,3.1,3.0,3.05,3.0,4034387,76719696.76,22.922653,1.933,3.38,否,1.11,-1.294,0.66,2.349,,否,88000000,17600000,1670240000.0,334048000.0,30.39419,7.529212,4.46057,3.09,3.07,2.95,1.97,0.98,0.49,0.24,2012-02-17,-
2012-03-16,2654,万润科技,文化传媒,2.99,3.06,2.97,3.05,2.97,2932060,55076256.54,16.659432,0.053,2.85,否,0.78,-4.688,-1.294,1.329,,否,88000000,17600000,1671120000.0,334224000.0,30.410204,7.533179,4.46292,3.08,3.07,2.97,2.07,1.03,0.52,0.25,2012-02-17,-
2012-03-19,2654,万润科技,文化传媒,3.02,3.08,3.01,3.08,3.01,2131818,40495904.9,12.112602,0.843,2.42,否,0.57,3.01,-0.965,1.987,,否,88000000,17600000,1685200000.0,337040000.0,30.666425,7.59665,4.500522,3.07,3.08,2.99,2.17,1.09,0.54,0.26,2012-02-17,-
2012-03-20,2654,万润科技,文化传媒,3.07,3.07,2.88,2.9,2.88,3021610,55464327.43,17.168239,-5.744,6.01,否,0.82,-4.918,-6.149,-6.452,,否,88000000,17600000,1588400000.0,317680000.0,28.904907,7.160288,4.242006,3.01,3.06,3.0,2.27,1.13,0.57,0.27,2012-02-17,-
2012-03-21,2654,万润科技,文化传媒,2.92,2.93,2.81,2.88,2.81,1960131,34951886.74,11.137108,-0.831,4.21,否,0.59,-5.574,-10.0,-4.95,,否,88000000,17600000,1575200000.0,315040000.0,28.6647,7.100785,4.206754,2.99,3.04,2.99,2.36,1.18,0.59,0.28,2012-02-17,-
2012-03-22,2654,万润科技,文化传媒,2.85,2.92,2.83,2.88,2.83,1152121,20597245.02,6.546142,0.056,2.96,否,0.41,-6.494,-3.679,-6.796,,否,88000000,17600000,1576080000.0,315216000.0,28.680714,7.104752,4.209104,2.96,3.02,2.99,2.46,1.23,0.62,0.3,2012-02-17,-
2012-03-23,2654,万润科技,文化传媒,2.85,2.88,2.78,2.88,2.78,1327094,23411401.88,7.540307,0.112,3.52,否,0.59,-0.69,-5.574,-7.395,9.091,否,88000000,17600000,1577840000.0,315568000.0,28.712741,7.112685,4.213805,2.92,3.0,2.99,2.56,1.28,0.64,0.31,2012-02-17,-
2012-03-27,2654,万润科技,文化传媒,2.9,2.92,2.86,2.9,2.86,1519516,27321290.85,8.633614,0.781,2.01,否,0.79,0.694,-4.918,-6.149,8.614,否,88000000,17600000,1590160000.0,318032000.0,28.936934,7.168222,4.246707,2.89,2.98,3.0,2.65,1.33,0.66,0.32,2012-02-17,-
2012-03-28,2654,万润科技,文化传媒,2.88,2.9,2.74,2.74,2.74,1319667,22878915.73,7.498108,-5.589,5.48,否,0.73,-4.861,-11.039,-14.375,-3.521,否,88000000,17600000,1501280000.0,300256000.0,27.319541,6.767563,4.009342,2.86,2.94,2.99,2.74,1.37,0.69,0.33,2012-02-17,-
2012-03-29,2654,万润科技,文化传媒,2.73,2.81,2.65,2.73,2.65,1294784,21949514.18,7.356727,-0.352,5.74,否,0.89,-5.208,-5.862,-8.696,-5.862,否,88000000,17600000,1496000000.0,299200000.0,27.223458,6.743762,3.995241,2.83,2.91,2.99,2.84,1.42,0.71,0.34,2012-02-17,-
2012-03-30,2654,万润科技,文化传媒,2.69,2.74,2.59,2.61,2.59,1304118,21443486.56,7.409761,-4.588,5.82,否,0.99,-10.0,-9.375,-14.426,-9.375,否,88000000,17600000,1427360000.0,285472000.0,25.974382,6.434342,3.81193,2.77,2.87,2.97,2.92,1.46,0.73,0.35,2012-02-17,-
2012-04-05,2654,万润科技,文化传媒,2.61,2.69,2.57,2.68,2.57,1108857,18226837.11,6.300324,2.959,4.38,否,0.82,-2.19,-6.944,-12.131,-6.944,否,88000000,17600000,1469600000.0,293920000.0,26.743044,6.624754,3.924737,2.73,2.83,2.95,2.92,1.51,0.75,0.36,2012-02-17,-
2012-04-06,2654,万润科技,文化传媒,2.67,2.71,2.65,2.68,2.65,907405,15105907.65,5.15571,-0.06,2.22,否,0.69,-1.832,-6.944,-12.987,-6.62,否,88000000,17600000,1468720000.0,293744000.0,26.72703,6.620787,3.922387,2.69,2.79,2.93,2.92,1.55,0.78,0.37,2012-02-17,-
2012-04-09,2654,万润科技,文化传媒,2.67,2.67,2.61,2.61,2.61,689427,11305618.75,3.917199,-2.876,2.52,否,0.58,0.0,-10.0,-10.0,-8.421,否,88000000,17600000,1426480000.0,285296000.0,25.958368,6.430375,3.80958,2.66,2.76,2.91,2.92,1.59,0.8,0.38,2012-02-17,-
2012-04-10,2654,万润科技,文化传媒,2.59,2.73,2.53,2.71,2.53,1728577,28292889.37,9.82146,3.948,7.59,否,1.63,1.119,-1.095,-5.903,-3.901,否,88000000,17600000,1482800000.0,296560000.0,26.983251,6.684258,3.959989,2.66,2.74,2.89,2.91,1.64,0.82,0.39,2012-02-17,-
2012-04-11,2654,万润科技,文化传媒,2.66,2.71,2.64,2.69,2.64,1072964,17887702.63,6.096386,-0.712,2.73,否,0.93,0.373,-1.465,-6.597,-9.732,否,88000000,17600000,1472240000.0,294448000.0,26.791085,6.636655,3.931788,2.67,2.72,2.87,2.9,1.68,0.84,0.4,2012-02-17,-
2012-04-12,2654,万润科技,文化传媒,2.7,2.73,2.65,2.72,2.65,1466587,24670463.34,8.332881,1.315,2.75,否,1.33,4.215,4.215,-5.556,-9.635,否,88000000,17600000,1491600000.0,298320000.0,27.143389,6.723927,3.983491,2.68,2.71,2.85,2.9,1.73,0.86,0.42,2012-02-17,-
2012-04-13,2654,万润科技,文化传媒,2.74,2.81,2.72,2.74,2.72,1658869,28546625.89,9.425392,0.59,3.24,否,1.41,1.107,2.239,-5.517,-9.272,否,88000000,17600000,1500400000.0,300080000.0,27.303527,6.763597,4.006992,2.69,2.69,2.84,2.89,1.78,0.89,0.43,2012-02-17,-
2012-04-16,2654,万润科技,文化传媒,2.7,2.7,2.62,2.65,2.62,1410989,23340318.47,8.016983,-3.109,2.82,否,1.07,-1.487,-1.119,-3.285,-14.516,否,88000000,17600000,1453760000.0,290752000.0,26.8871,5.853599,3.882435,2.7,2.68,2.81,2.89,1.82,0.91,0.44,2012-02-17,-
2012-04-17,2654,万润科技,文化传媒,2.65,2.68,2.61,2.63,2.61,877538,14373604.31,4.986011,-0.787,2.42,否,0.6,-3.309,0.766,-3.663,-13.201,否,88000000,17600000,1442320000.0,288464000.0,26.675519,5.807536,3.851883,2.69,2.67,2.79,2.88,1.86,0.93,0.45,2012-02-17,-
2012-04-18,2654,万润科技,文化传媒,2.63,2.71,2.63,2.7,2.63,1218674,20300368.71,6.924284,2.441,2.99,否,0.94,-1.46,-0.369,3.448,-12.621,否,88000000,17600000,1477520000.0,295504000.0,27.326538,5.949269,3.945888,2.69,2.68,2.77,2.87,1.91,0.95,0.46,2012-02-17,-
2012-04-19,2654,万润科技,文化传媒,2.68,2.73,2.68,2.72,2.68,1196212,20183243.97,6.796659,0.893,1.79,否,0.9,2.642,1.115,1.493,-12.54,否,88000000,17600000,1490720000.0,298144000.0,27.570671,6.002419,3.981141,2.69,2.69,2.76,2.86,1.95,0.98,0.47,2012-02-17,-
2012-04-20,2654,万润科技,文化传媒,2.74,2.82,2.73,2.8,2.73,2249796,38875724.79,12.782932,2.775,3.07,否,1.77,6.464,2.941,4.478,-9.385,否,88000000,17600000,1532080000.0,306416000.0,27.364212,3.194131,3.908559,2.7,2.7,2.74,2.85,2.0,1.0,0.48,2012-02-17,-
2012-04-23,2654,万润科技,文化传媒,2.76,2.79,2.67,2.68,2.67,1480699,25147280.27,8.413063,-4.365,4.54,否,1.06,-0.741,-2.19,2.682,-16.25,否,88000000,17600000,1465200000.0,293040000.0,26.16968,3.054697,3.737938,2.71,2.7,2.73,2.84,2.04,1.02,0.49,2012-02-17,-
2012-04-24,2654,万润科技,文化传媒,2.65,2.73,2.58,2.64,2.58,1119805,18326972.71,6.362528,-1.441,5.29,否,0.8,-2.941,-0.377,-2.583,-11.706,否,88000000,17600000,1444080000.0,288816000.0,25.792459,3.010665,3.684058,2.71,2.7,2.72,2.83,2.09,1.04,0.5,2012-02-17,-
2012-04-25,2654,万润科技,文化传媒,2.63,2.67,2.61,2.66,2.61,747448,12278100.69,4.246864,0.853,2.25,否,0.51,-5.0,1.141,-1.115,-12.787,否,88000000,17600000,1456400000.0,291280000.0,26.012505,3.03635,3.715488,2.7,2.69,2.71,2.81,2.13,1.07,0.51,2012-02-17,-
2012-04-26,2654,万润科技,文化传媒,2.68,2.75,2.68,2.71,2.68,987309,16694434.79,5.60971,1.813,2.6,否,0.73,1.119,0.37,-0.368,-11.148,否,88000000,17600000,1482800000.0,296560000.0,26.484031,3.09139,3.782838,2.7,2.69,2.7,2.8,2.18,1.09,0.52,2012-02-17,-
2012-04-27,2654,万润科技,文化传媒,2.69,2.73,2.65,2.69,2.65,762453,12693599.47,4.332119,-0.653,3.03,否,0.58,1.894,-1.103,-1.825,-12.662,否,88000000,17600000,1473120000.0,294624000.0,26.311138,3.071209,3.758143,2.68,2.69,2.69,2.79,2.22,1.11,0.53,2012-02-17,-
2012-05-02,2654,万润科技,文化传媒,2.72,2.77,2.69,2.74,2.69,1370545,23371194.74,7.787187,1.852,3.05,否,1.34,3.008,-2.143,3.396,-5.517,否,88000000,17600000,1500400000.0,300080000.0,26.798381,3.128083,3.827739,2.69,2.7,2.69,2.77,2.27,1.13,0.54,2012-02-17,-
2012-05-03,2654,万润科技,文化传媒,2.74,2.76,2.71,2.75,2.71,867927,14798894.03,4.931403,0.352,1.88,否,0.87,1.476,2.612,4.563,-4.514,否,88000000,17600000,1505680000.0,301136000.0,26.892686,3.139091,3.841209,2.71,2.71,2.69,2.76,2.31,1.16,0.56,2012-02-17,-
2012-05-04,2654,万润科技,文化传媒,2.73,2.79,2.72,2.77,2.72,1586022,27304837.3,9.011489,0.877,2.63,否,1.67,2.974,4.924,2.593,-3.819,否,88000000,17600000,1518880000.0,303776000.0,27.128449,3.166611,3.874884,2.73,2.72,2.7,2.75,2.36,1.18,0.57,2012-02-17,-
2012-05-08,2654,万润科技,文化传媒,2.77,2.81,2.75,2.75,2.75,1468938,25382452.76,8.346239,-0.811,2.14,否,1.32,0.365,3.383,1.103,-4.514,否,88000000,17600000,1506560000.0,301312000.0,26.908404,3.140926,3.843454,2.74,2.72,2.7,2.74,2.41,1.2,0.58,2012-02-17,-
2012-05-09,2654,万润科技,文化传媒,2.73,2.73,2.65,2.66,2.65,1080414,17995853.58,6.138716,-3.388,2.86,否,0.89,-3.273,-1.845,-5.0,-8.276,否,88000000,17600000,1455520000.0,291104000.0,25.996787,3.034516,3.713243,2.73,2.71,2.7,2.73,2.45,1.23,0.59,2012-02-17,-
2012-05-10,2654,万润科技,文化传媒,2.65,2.68,2.64,2.66,2.64,511211,8492792.45,2.904608,0.242,1.51,否,0.4,-3.971,-1.115,-0.746,-2.92,否,88000000,17600000,1459040000.0,291808000.0,26.059657,3.041854,3.722223,2.72,2.7,2.7,2.72,2.5,1.25,0.6,2012-02-17,-
2012-05-11,2654,万润科技,文化传媒,2.67,2.68,2.64,2.65,2.64,532775,8820121.63,3.027131,-0.483,1.27,否,0.48,-3.636,-3.285,0.379,-2.93,否,88000000,17600000,1452000000.0,290400000.0,25.933917,3.027177,3.704263,2.7,2.7,2.7,2.71,2.54,1.27,0.61,2012-02-17,-
2012-05-14,2654,万润科技,文化传媒,2.69,2.69,2.59,2.61,2.59,728143,11941205.51,4.137176,-1.394,3.94,否,0.7,-1.88,-5.091,-1.88,0.0,否,88000000,17600000,1431760000.0,286352000.0,25.572414,2.98498,3.652628,2.67,2.7,2.7,2.71,2.58,1.29,0.62,2012-02-17,-
2012-05-15,2654,万润科技,文化传媒,2.6,2.61,2.54,2.59,2.54,756429,12068925.81,4.297892,-0.983,2.7,否,0.88,-2.632,-6.498,-4.428,-3.358,否,88000000,17600000,1417680000.0,283536000.0,25.320934,2.955626,3.616708,2.63,2.69,2.69,2.7,2.63,1.31,0.63,2012-02-17,-
2012-05-16,2654,万润科技,文化传媒,2.59,2.59,2.53,2.54,2.53,741802,11785549.73,4.214784,-1.8,2.36,否,1.03,-4.151,-7.636,-5.576,-5.224,否,88000000,17600000,1392160000.0,278432000.0,24.865125,2.902421,3.551603,2.61,2.67,2.68,2.68,2.67,1.33,0.64,2012-02-17,-
2012-05-17,2654,万润科技,文化传媒,2.52,2.61,2.52,2.58,2.52,3116148,49690478.85,14.164309,1.644,3.73,否,4.76,-1.149,-3.008,-5.839,-1.149,否,88000000,22000000,1415040000.0,353760000.0,25.273781,2.950122,3.609973,2.59,2.66,2.68,2.68,2.71,1.36,0.65,2012-02-17,-
2012-05-18,2654,万润科技,文化传媒,2.56,2.6,2.54,2.56,2.54,1410499,22543441.42,6.411359,-0.871,2.3,否,1.2,-1.158,-3.759,-6.909,-5.535,否,88000000,22000000,1402720000.0,350680000.0,25.053736,2.924437,3.578543,2.58,2.64,2.67,2.67,2.75,1.38,0.66,2012-02-17,-
2012-05-21,2654,万润科技,文化传媒,2.56,2.58,2.52,2.56,2.52,862764,13701963.06,3.921655,-0.126,2.2,否,0.64,0.787,-3.396,-7.581,-4.833,否,88000000,22000000,1400960000.0,350240000.0,25.022301,2.920767,3.574053,2.57,2.62,2.67,2.67,2.8,1.4,0.67,2012-02-17,-
2012-05-22,2654,万润科技,文化传媒,2.58,2.6,2.57,2.59,2.57,1188917,19137993.91,5.404168,1.319,1.32,否,0.86,0.388,-0.766,-5.818,-4.779,否,88000000,22000000,1419440000.0,354860000.0,25.352369,2.959295,3.621198,2.57,2.6,2.66,2.67,2.8,1.42,0.68,2012-02-17,-
2012-05-23,2654,万润科技,文化传媒,2.62,2.62,2.52,2.55,2.52,1582260,25132412.75,7.192091,-1.612,3.91,否,1.08,-0.391,-1.544,-4.135,-6.934,否,88000000,22000000,1396560000.0,349140000.0,24.943713,2.911594,3.562828,2.57,2.59,2.65,2.66,2.79,1.44,0.69,2012-02-17,-
2012-05-24,2654,万润科技,文化传媒,2.54,2.6,2.52,2.57,2.52,930449,14880084.23,4.229314,0.819,3.15,否,0.57,0.391,1.181,-3.383,-3.019,否,88000000,22000000,1408000000.0,352000000.0,25.148041,2.935445,3.592013,2.57,2.58,2.64,2.66,2.79,1.46,0.7,2012-02-17,-
2012-05-25,2654,万润科技,文化传媒,2.59,2.59,2.46,2.46,2.46,1157350,17963403.86,5.260682,-4.219,4.85,否,0.97,-5.019,-4.651,-7.17,-6.464,否,88000000,22000000,1338480000.0,334620000.0,23.906356,2.790507,3.414657,2.55,2.56,2.63,2.65,2.78,1.48,0.71,2012-02-17,-
2012-05-28,2654,万润科技,文化传媒,2.46,2.49,2.36,2.48,2.36,1114997,16698473.49,5.068168,0.855,5.19,否,0.97,-2.745,-3.125,-4.981,-8.148,否,88000000,22000000,1349920000.0,337480000.0,24.110684,2.814357,3.443842,2.53,2.55,2.62,2.65,2.78,1.5,0.72,2012-02-17,-
2012-05-29,2654,万润科技,文化传媒,2.48,2.54,2.47,2.51,2.47,1394891,21615603.11,6.340414,1.173,2.93,否,1.17,-2.335,-1.953,-3.089,-7.721,否,88000000,22000000,1365760000.0,341440000.0,24.3936,2.847381,3.484252,2.51,2.54,2.61,2.64,2.77,1.52,0.73,2012-02-17,-
2012-05-30,2654,万润科技,文化传媒,2.52,2.58,2.5,2.56,2.5,1421401,22367163.47,6.460914,1.869,3.29,否,1.15,4.065,-1.158,0.787,-8.571,否,88000000,22000000,1391280000.0,347820000.0,24.849408,2.900586,3.549358,2.52,2.54,2.61,2.63,2.76,1.55,0.74,2012-02-17,-
2012-05-31,2654,万润科技,文化传媒,2.56,2.61,2.55,2.58,2.55,1614261,25787935.67,7.33755,0.759,2.34,否,1.34,4.032,1.176,0.0,-3.731,否,88000000,22000000,1401840000.0,350460000.0,25.038018,2.922602,3.576298,2.52,2.54,2.6,2.63,2.76,1.57,0.75,2012-02-17,-
2012-06-01,2654,万润科技,文化传媒,2.61,2.62,2.54,2.55,2.54,980529,15551585.79,4.45695,-1.13,2.76,否,0.73,1.594,-0.778,-0.391,-3.409,否,88000000,22000000,1386000000.0,346500000.0,24.755103,2.889578,3.535888,2.54,2.54,2.59,2.63,2.76,1.59,0.76,2012-02-17,-
2012-06-04,2654,万润科技,文化传媒,2.49,2.49,2.42,2.43,2.42,1177772,17865151.41,5.353509,-4.762,2.73,否,0.9,-5.078,-1.22,-5.078,-8.647,否,88000000,22000000,1320000000.0,330000000.0,23.576288,2.751979,3.367512,2.53,2.53,2.57,2.62,2.75,1.61,0.77,2012-02-17,-
2012-06-05,2654,万润科技,文化传媒,2.43,2.46,2.41,2.43,2.41,571077,8581087.0,2.595805,0.133,1.93,否,0.43,-5.814,-2.016,-6.178,-10.332,否,88000000,22000000,1321760000.0,330440000.0,23.607723,2.755649,3.372002,2.51,2.51,2.56,2.61,2.74,1.63,0.78,2012-02-17,-
2012-06-06,2654,万润科技,文化传媒,2.45,2.45,2.4,2.41,2.4,493059,7378309.67,2.241177,-0.932,2.33,否,0.43,-5.49,-3.984,-5.49,-10.409,否,88000000,22000000,1309440000.0,327360000.0,23.387678,2.729963,3.340572,2.48,2.5,2.54,2.6,2.73,1.65,0.79,2012-02-17,-
2012-06-07,2654,万润科技,文化传媒,2.44,2.48,2.37,2.38,2.37,552105,8235616.39,2.509568,-1.411,4.3,否,0.57,-2.058,-7.031,-7.393,-13.139,否,88000000,22000000,1290960000.0,322740000.0,23.05761,2.691436,3.293427,2.44,2.48,2.53,2.59,2.71,1.67,0.8,2012-02-17,-
2012-06-08,2654,万润科技,文化传媒,2.42,2.45,2.39,2.42,2.39,873316,13072604.31,3.969618,2.045,2.86,否,1.16,-0.412,-6.202,-1.626,-12.0,否,88000000,22000000,1317360000.0,329340000.0,23.529136,2.746475,3.360777,2.41,2.48,2.52,2.58,2.7,1.69,0.81,2012-02-17,-
2012-06-11,2654,万润科技,文化传媒,2.43,2.49,2.41,2.48,2.41,904917,13782285.54,4.113259,2.204,3.07,否,1.23,2.905,-2.745,0.0,-10.469,否,88000000,22000000,1346400000.0,336600000.0,24.047814,2.807019,3.434862,2.42,2.48,2.51,2.57,2.69,1.71,0.82,2012-02-17,-
2012-06-12,2654,万润科技,文化传媒,2.48,2.48,2.45,2.46,2.45,553372,8405911.08,2.515327,-0.654,1.24,否,0.82,3.361,1.235,-1.992,-10.545,否,88000000,22000000,1337600000.0,334400000.0,23.890639,2.788672,3.412412,2.43,2.47,2.51,2.57,2.68,1.73,0.83,2012-02-17,-
2012-06-13,2654,万润科技,文化传媒,2.46,2.5,2.46,2.5,2.46,772018,11849511.82,3.509173,1.382,1.64,否,1.14,3.306,2.881,-2.344,-6.015,否,88000000,22000000,1356080000.0,339020000.0,24.220707,2.8272,3.459557,2.45,2.46,2.5,2.56,2.67,1.75,0.84,2012-02-17,-
2012-06-14,2654,万润科技,文化传媒,2.49,2.51,2.47,2.47,2.47,772130,11873024.51,3.509682,-1.103,1.62,否,1.06,-0.403,2.49,-4.264,-7.143,否,88000000,22000000,1341120000.0,335280000.0,23.953509,2.796011,3.421392,2.47,2.45,2.5,2.55,2.66,1.77,0.85,2012-02-17,-
2012-06-15,2654,万润科技,文化传媒,2.47,2.5,2.43,2.48,2.43,784274,11966643.38,3.564882,0.328,2.49,否,1.01,0.813,4.202,-2.745,-6.415,否,88000000,22000000,1345520000.0,336380000.0,24.032097,2.805184,3.432617,2.48,2.45,2.49,2.54,2.65,1.79,0.86,2012-02-17,-
2012-06-18,2654,万润科技,文化传媒,2.49,2.54,2.49,2.52,2.49,1046121,16274129.44,4.755095,1.897,2.03,否,1.38,0.8,4.132,3.704,-3.448,否,88000000,22000000,1371040000.0,342760000.0,24.487905,2.858389,3.497722,2.49,2.46,2.49,2.53,2.64,1.81,0.87,2012-02-17,-
2012-06-19,2654,万润科技,文化传媒,2.52,2.56,2.5,2.51,2.5,1336559,20932723.86,6.075268,-0.514,2.12,否,1.7,1.619,1.21,3.292,-3.089,否,88000000,22000000,1364000000.0,341000000.0,24.362165,2.843712,3.479762,2.5,2.46,2.49,2.53,2.63,1.83,0.88,2012-02-17,-
2012-06-20,2654,万润科技,文化传媒,2.52,2.55,2.51,2.53,2.51,829025,12944352.85,3.768295,0.839,1.35,否,0.88,2.016,2.846,4.979,-0.394,否,88000000,22000000,1375440000.0,343860000.0,24.566492,2.867562,3.508947,2.5,2.48,2.49,2.52,2.63,1.86,0.89,2012-02-17,-
2012-06-21,2654,万润科技,文化传媒,2.52,2.57,2.49,2.56,2.49,2035364,32032517.19,9.251655,0.96,3.2,否,2.13,1.587,2.4,7.563,-0.775,否,88000000,22000000,1388640000.0,347160000.0,24.802255,2.895082,3.542623,2.52,2.49,2.49,2.52,2.62,1.88,0.9,2012-02-17,-
2012-06-25,2654,万润科技,文化传媒,2.56,2.56,2.44,2.44,2.44,983115,15154559.09,4.468705,-4.563,4.63,否,0.82,-2.789,-1.215,0.826,-4.688,否,88000000,22000000,1325280000.0,331320000.0,23.670593,2.762987,3.380982,2.51,2.5,2.49,2.51,2.61,1.9,0.91,2012-02-17,-
2012-06-26,2654,万润科技,文化传媒,2.42,2.49,2.42,2.47,2.42,652268,9893628.95,2.964855,1.461,3.19,否,0.52,-2.372,-0.403,-0.403,-3.516,否,88000000,22000000,1344640000.0,336160000.0,24.016379,2.80335,3.430372,2.5,2.49,2.48,2.51,2.61,1.92,0.92,2012-02-17,-
2012-06-27,2654,万润科技,文化传媒,2.47,2.56,2.46,2.51,2.46,1122937,17476366.86,5.104259,1.244,4.06,否,0.96,-1.953,-0.397,2.033,-3.089,否,88000000,22000000,1361360000.0,340340000.0,24.315012,2.838208,3.473027,2.5,2.5,2.48,2.5,2.6,1.94,0.93,2012-02-17,-
2012-06-28,2654,万润科技,文化传媒,2.53,2.64,2.51,2.59,2.51,2689941,42923390.24,12.227005,3.297,5.04,否,2.39,6.148,3.187,3.6,1.569,否,88000000,22000000,1406240000.0,351560000.0,25.116606,2.931775,3.587523,2.51,2.51,2.49,2.5,2.59,1.96,0.94,2012-02-17,-
2012-06-29,2654,万润科技,文化传媒,2.56,2.61,2.52,2.61,2.52,2199416,34991075.42,9.997345,0.814,3.75,否,1.47,5.668,3.162,5.668,1.556,否,88000000,22000000,1417680000.0,354420000.0,25.320934,2.955626,3.616708,2.52,2.52,2.49,2.51,2.59,1.98,0.95,2012-02-17,-
2012-07-02,2654,万润科技,文化传媒,2.64,2.67,2.61,2.62,2.61,2268434,36978814.72,10.311064,0.621,2.17,否,1.48,4.382,2.344,5.645,6.504,否,88000000,22000000,1426480000.0,356620000.0,25.478109,2.973972,3.639158,2.56,2.54,2.49,2.51,2.59,2.0,0.96,2012-02-17,-
2012-07-03,2654,万润科技,文化传媒,2.62,2.67,2.62,2.64,2.62,1656733,27012801.07,7.530605,0.432,1.91,否,0.93,1.931,8.197,4.762,6.452,否,88000000,22000000,1432640000.0,358160000.0,25.588132,2.986815,3.654873,2.59,2.55,2.5,2.51,2.59,2.03,0.97,2012-02-17,-
2012-07-04,2654,万润科技,文化传媒,2.63,2.69,2.58,2.58,2.58,1792710,29140246.68,8.148682,-2.027,4.18,否,0.9,-1.149,4.453,2.789,2.789,否,88000000,22000000,1403600000.0,350900000.0,25.069453,2.926271,3.580788,2.61,2.56,2.51,2.51,2.59,2.05,0.98,2012-02-17,-
2012-07-05,2654,万润科技,文化传媒,2.57,2.57,2.52,2.55,2.52,1270105,19935972.73,5.773205,-1.254,2.01,否,0.6,-2.672,1.594,0.791,-0.391,否,88000000,22000000,1386000000.0,346500000.0,24.755103,2.889578,3.535888,2.6,2.56,2.52,2.51,2.59,2.07,0.99,2012-02-17,-
2012-07-06,2654,万润科技,文化传媒,2.55,2.63,2.52,2.62,2.52,1278086,20301290.18,5.809482,2.857,4.19,否,0.7,-0.758,1.158,2.344,1.55,否,88000000,22000000,1425600000.0,356400000.0,25.462391,2.972138,3.636913,2.6,2.56,2.53,2.51,2.59,2.09,1.0,2012-02-17,-
2012-07-09,2654,万润科技,文化传媒,2.61,2.64,2.54,2.55,2.54,1413039,22724893.0,6.422905,-2.654,3.7,否,0.85,-1.163,-2.299,4.508,0.0,否,88000000,22000000,1387760000.0,346940000.0,24.786538,2.893248,3.540378,2.59,2.57,2.53,2.51,2.58,2.11,1.01,2012-02-17,-
2012-07-10,2654,万润科技,文化传媒,2.53,2.67,2.53,2.57,2.53,1308082,20916759.84,5.945827,0.761,5.52,否,0.88,0.784,-1.908,4.049,5.761,否,88000000,22000000,1398320000.0,349580000.0,24.975148,2.915263,3.567318,2.57,2.58,2.54,2.52,2.58,2.13,1.02,2012-02-17,-
2012-07-11,2654,万润科技,文化传媒,2.43,2.44,2.32,2.32,2.32,3533242,50718329.56,16.060191,-10.006,4.72,否,2.5,-11.45,-12.121,-7.57,-4.527,否,88000000,22000000,1258400000.0,314600000.0,22.476062,2.623554,3.210361,2.52,2.57,2.53,2.51,2.58,2.15,1.03,2012-02-17,-
2012-07-12,2654,万润科技,文化传媒,2.28,2.35,2.27,2.33,2.27,1744475,24907103.99,7.929432,0.769,3.22,否,0.99,-8.627,-9.69,-10.039,-3.32,否,88000000,22000000,1268080000.0,317020000.0,22.648954,2.643735,3.235056,2.48,2.54,2.52,2.5,2.57,2.17,1.04,2012-02-17,-
2012-07-13,2654,万润科技,文化传媒,2.32,2.32,2.25,2.26,2.25,1551219,21876869.03,7.050995,-3.053,3.12,否,0.84,-12.062,-11.373,-13.41,-5.042,否,88000000,22000000,1229360000.0,307340000.0,21.957383,2.56301,3.136276,2.41,2.5,2.51,2.49,2.56,2.19,1.05,2012-02-17,-
2012-07-16,2654,万润科技,文化传媒,2.27,2.27,2.08,2.08,2.08,1572809,20917838.86,7.149132,-8.017,8.38,否,0.82,-10.345,-20.611,-20.611,-14.05,否,88000000,22000000,1130800000.0,282700000.0,20.19702,2.357529,2.884835,2.31,2.45,2.49,2.48,2.55,2.21,1.06,2012-02-17,-
2012-07-17,2654,万润科技,文化传媒,2.07,2.12,2.06,2.11,2.06,827797,10692913.36,3.762714,1.323,3.11,否,0.43,-9.442,-17.255,-20.076,-14.919,否,88000000,22000000,1145760000.0,286440000.0,20.464218,2.388718,2.923,2.22,2.4,2.47,2.47,2.54,2.23,1.07,2012-02-17,-
2012-07-18,2654,万润科技,文化传媒,2.09,2.13,2.05,2.13,2.05,791064,10155328.7,3.595745,0.999,3.76,否,0.43,-5.752,-17.121,-17.442,-13.415,否,88000000,22000000,1157200000.0,289300000.0,20.668546,2.412568,2.952185,2.18,2.35,2.45,2.46,2.53,2.24,1.08,2012-02-17,-
2012-07-19,2654,万润科技,文化传媒,2.13,2.16,2.11,2.14,2.11,897287,11864392.69,4.078577,0.532,2.66,否,0.69,2.885,-7.759,-16.078,-14.4,否,88000000,22000000,1163360000.0,290840000.0,20.778569,2.425411,2.9679,2.14,2.31,2.43,2.45,2.52,2.26,1.09,2012-02-17,-
2012-07-20,2654,万润科技,文化传媒,2.14,2.15,2.1,2.11,2.1,618188,8094195.99,2.809945,-1.664,2.57,否,0.55,0.0,-9.442,-19.466,-14.575,否,88000000,22000000,1144000000.0,286000000.0,20.432783,2.385049,2.91851,2.11,2.26,2.41,2.44,2.51,2.28,1.09,2012-02-17,-
2012-07-23,2654,万润科技,文化传媒,2.09,2.11,2.05,2.1,2.05,583022,7490568.12,2.6501,-0.154,2.46,否,0.62,-1.408,-7.08,-17.647,-15.323,否,88000000,22000000,1142240000.0,285560000.0,20.401348,2.381379,2.91402,2.12,2.22,2.39,2.43,2.5,2.3,1.1,2012-02-17,-
2012-07-24,2654,万润科技,文化传媒,2.08,2.15,2.08,2.14,2.08,652374,8555813.0,2.965336,1.849,3.47,否,0.88,0.0,2.885,-16.732,-15.079,否,88000000,22000000,1163360000.0,290840000.0,20.778569,2.425411,2.9679,2.12,2.17,2.38,2.42,2.5,2.31,1.11,2012-02-17,-
2012-07-25,2654,万润科技,文化传媒,2.12,2.19,2.11,2.15,2.11,1055065,14116927.78,4.79575,0.53,4.01,否,1.49,1.896,1.896,-7.328,-14.343,否,88000000,22000000,1169520000.0,292380000.0,20.888591,2.438254,2.983616,2.13,2.16,2.36,2.41,2.49,2.33,1.12,2012-02-17,-
2012-07-26,2654,万润科技,文化传媒,2.15,2.17,2.12,2.13,2.12,613724,8140720.55,2.789655,-1.129,2.33,否,0.81,1.429,0.0,-8.584,-15.81,否,88000000,22000000,1156320000.0,289080000.0,20.652829,2.410734,2.94994,2.13,2.14,2.34,2.39,2.48,2.35,1.13,2012-02-17,-
2012-07-27,2654,万润科技,文化传媒,2.13,2.15,2.1,2.13,2.1,401183,5277374.63,1.823559,0.152,2.21,否,0.57,-0.467,-0.467,-5.752,-16.797,否,88000000,22000000,1158080000.0,289520000.0,20.684264,2.414403,2.95443,2.13,2.12,2.31,2.38,2.47,2.37,1.14,2012-02-17,-
2012-07-30,2654,万润科技,文化传媒,2.13,2.15,2.08,2.09,2.08,331789,4328565.13,1.508132,-2.052,3.04,否,0.5,-2.791,-0.948,0.481,-14.344,否,88000000,22000000,1134320000.0,283580000.0,20.25989,2.364868,2.893815,2.13,2.12,2.29,2.37,2.46,2.39,1.14,2012-02-17,-
2012-07-31,2654,万润科技,文化传媒,2.09,2.09,2.04,2.05,2.04,405787,5148335.46,1.844486,-1.629,2.48,否,0.66,-3.756,-2.381,-2.844,-17.004,否,88000000,22000000,1115840000.0,278960000.0,19.929822,2.32634,2.84667,2.11,2.12,2.26,2.35,2.44,2.4,1.15,2012-02-17,-
2012-08-01,2654,万润科技,文化传媒,2.06,2.11,2.05,2.08,2.05,356496,4592984.74,1.620436,1.42,2.68,否,0.63,-2.347,-2.804,-2.347,-17.131,否,88000000,22000000,1131680000.0,282920000.0,20.212738,2.359364,2.88708,2.1,2.11,2.23,2.34,2.43,2.42,1.16,2012-02-17,-
2012-08-02,2654,万润科技,文化传媒,2.08,2.1,2.04,2.07,2.04,321116,4110267.06,1.459618,-0.544,2.72,否,0.76,-0.957,-3.721,-3.271,-20.077,否,88000000,22000000,1125520000.0,281380000.0,20.102715,2.346521,2.871365,2.08,2.11,2.21,2.32,2.42,2.44,1.17,2012-02-17,-
2012-08-03,2654,万润科技,文化传媒,2.07,2.16,2.07,2.15,2.07,702435,9218778.75,3.192886,3.988,4.14,否,1.93,4.878,0.939,1.896,-17.625,否,88000000,22000000,1170400000.0,292600000.0,20.904309,2.440088,2.985861,2.09,2.11,2.18,2.31,2.41,2.45,1.18,2012-02-17,-
2012-08-06,2654,万润科技,文化传媒,2.15,2.2,2.12,2.19,2.12,914969,12250694.05,4.15895,1.88,3.76,否,2.16,5.288,2.817,4.286,-16.412,否,88000000,22000000,1192400000.0,298100000.0,21.297247,2.485955,3.041986,2.11,2.12,2.17,2.3,2.41,2.47,1.19,2012-02-17,-
2012-08-07,2654,万润科技,文化传媒,2.18,2.23,2.17,2.22,2.17,1030316,14022821.38,4.683255,1.107,3.1,否,1.91,7.246,6.22,3.738,-15.909,否,88000000,22000000,1205600000.0,301400000.0,21.53301,2.513474,3.075661,2.14,2.13,2.15,2.29,2.4,2.49,1.2,2012-02-17,-
2012-08-08,2654,万润科技,文化传媒,2.22,2.24,2.19,2.21,2.19,823050,11262901.86,3.741136,-0.365,2.48,否,1.24,2.791,7.805,2.791,-14.341,否,88000000,22000000,1201200000.0,300300000.0,21.454422,2.504301,3.064436,2.17,2.13,2.14,2.28,2.39,2.51,1.2,2012-02-17,-
2012-08-09,2654,万润科技,文化传媒,2.2,2.24,2.19,2.23,2.19,802211,10978411.34,3.646414,0.733,2.12,否,1.06,1.826,7.212,4.695,-12.549,否,88000000,22000000,1210000000.0,302500000.0,21.611598,2.522648,3.086886,2.2,2.14,2.14,2.27,2.39,2.53,1.21,2012-02-17,-
2012-08-10,2654,万润科技,文化传媒,2.19,2.2,2.16,2.17,2.16,1646876,22101903.58,7.4858,-2.473,2.04,否,1.93,-2.252,4.831,1.878,-17.176,否,88000000,22000000,1180080000.0,295020000.0,22.606359,2.444896,3.10197,2.2,2.15,2.13,2.26,2.38,2.55,1.22,2012-02-17,-
2012-08-13,2654,万润科技,文化传媒,2.15,2.17,2.14,2.15,2.14,741691,9873630.89,3.371323,-0.895,1.64,否,0.71,-2.715,0.0,2.871,-15.686,否,88000000,22000000,1169520000.0,292380000.0,22.404065,2.423017,3.074212,2.2,2.15,2.14,2.24,2.37,2.56,1.23,2012-02-17,-
2012-08-14,2654,万润科技,文化传媒,2.15,2.18,2.13,2.18,2.13,707576,9416859.76,3.216255,1.204,2.11,否,0.7,-2.242,-0.457,6.341,-15.175,否,88000000,22000000,1183600000.0,295900000.0,22.67379,2.452188,3.111223,2.19,2.17,2.14,2.23,2.37,2.58,1.24,2012-02-17,-
2012-08-15,2654,万润科技,文化传媒,2.16,2.17,2.11,2.11,2.11,661579,8723347.53,3.007177,-2.9,2.68,否,0.7,-2.765,-4.955,1.442,-9.052,否,88000000,22000000,1149280000.0,287320000.0,22.016335,2.381084,3.021009,2.17,2.17,2.14,2.21,2.36,2.58,1.25,2012-02-17,-
2012-08-16,2654,万润科技,文化传媒,2.13,2.13,2.11,2.12,2.11,269710,3526885.62,1.225955,0.23,1.38,否,0.3,-1.395,-4.072,2.415,-9.013,否,88000000,22000000,1151920000.0,287980000.0,22.066908,2.386553,3.027949,2.15,2.17,2.14,2.2,2.35,2.57,1.26,2012-02-17,-
2012-08-17,2654,万润科技,文化传媒,2.12,2.21,2.12,2.18,2.12,1220418,16421521.11,5.547355,3.056,4.35,否,1.52,0.0,-2.242,1.395,-3.54,否,88000000,22000000,1187120000.0,296780000.0,22.741222,2.459481,3.120476,2.15,2.18,2.14,2.18,2.35,2.57,1.27,2012-02-17,-
2012-08-20,2654,万润科技,文化传媒,2.18,2.18,2.13,2.17,2.13,546554,7263946.77,2.484336,-0.667,2.37,否,0.76,2.844,0.0,-0.913,4.327,否,88000000,22000000,1179200000.0,294800000.0,22.589501,2.443072,3.099657,2.15,2.17,2.15,2.17,2.34,2.56,1.27,2012-02-17,-
2012-08-21,2654,万润科技,文化传媒,2.16,2.23,2.15,2.22,2.15,1052616,14341973.65,4.784618,2.463,3.88,否,1.55,4.717,3.256,0.0,5.213,否,88000000,22000000,1208240000.0,302060000.0,23.14581,2.503238,3.175992,2.16,2.17,2.15,2.16,2.34,2.56,1.28,2012-02-17,-
2012-08-22,2654,万润科技,文化传媒,2.22,2.31,2.22,2.25,2.22,1942621,27265959.06,8.830095,1.311,4.08,否,2.59,3.211,3.211,1.81,5.634,否,88000000,22000000,1224080000.0,306020000.0,23.449251,2.536055,3.217629,2.19,2.18,2.16,2.16,2.33,2.55,1.29,2012-02-17,-
2012-08-23,2654,万润科技,文化传媒,2.24,2.29,2.23,2.27,2.23,893606,12483365.56,4.061845,0.575,2.37,否,0.89,4.608,7.583,1.794,6.075,否,88000000,22000000,1231120000.0,307780000.0,23.584113,2.55064,3.236135,2.22,2.18,2.16,2.15,2.33,2.55,1.3,2012-02-17,-
2012-08-24,2654,万润科技,文化传媒,2.26,2.35,2.22,2.3,2.22,2257619,32204224.46,10.261905,1.358,5.65,否,2.0,3.604,8.491,5.991,9.005,否,88000000,22000000,1247840000.0,311960000.0,23.904412,2.585281,3.280085,2.24,2.2,2.17,2.15,2.32,2.54,1.31,2012-02-17,-
2012-08-27,2654,万润科技,文化传媒,2.31,2.31,2.21,2.21,2.21,1019915,14130439.58,4.635977,-3.597,4.37,否,0.76,-1.778,1.376,2.791,5.238,否,88000000,22000000,1202960000.0,300740000.0,23.044663,2.492298,3.162113,2.25,2.2,2.18,2.16,2.32,2.54,1.32,2012-02-17,-
2012-08-28,2654,万润科技,文化传媒,2.23,2.39,2.2,2.33,2.2,1635247,23371317.17,7.432941,5.194,8.63,否,1.14,2.643,7.373,6.881,8.879,否,88000000,22000000,1265440000.0,316360000.0,24.241569,2.621745,3.326349,2.27,2.22,2.19,2.17,2.32,2.53,1.33,2012-02-17,-
2012-08-29,2654,万润科技,文化传媒,2.31,2.36,2.26,2.29,2.26,1521053,21659108.44,6.913877,-1.599,4.24,否,0.98,-0.435,3.153,8.531,6.512,否,88000000,22000000,1245200000.0,311300000.0,23.853839,2.579811,3.273145,2.28,2.23,2.2,2.17,2.31,2.53,1.34,2012-02-17,-
2012-08-30,2654,万润科技,文化传媒,2.28,2.31,2.21,2.26,2.21,1131325,15771646.22,5.142386,-1.201,4.17,否,0.77,2.262,0.444,6.604,6.103,否,88000000,22000000,1230240000.0,307560000.0,23.567256,2.548817,3.233821,2.28,2.25,2.21,2.18,2.31,2.52,1.35,2012-02-17,-
2012-08-31,2654,万润科技,文化传媒,2.26,2.31,2.25,2.27,2.25,701390,9885920.25,3.188136,0.429,2.65,否,0.46,-2.575,0.0,4.128,6.573,否,88000000,22000000,1235520000.0,308880000.0,23.668403,2.559756,3.247701,2.27,2.26,2.22,2.18,2.31,2.51,1.36,2012-02-17,-
2012-09-03,2654,万润科技,文化传媒,2.24,2.3,2.24,2.3,2.24,692023,9763665.58,3.145559,0.997,2.71,否,0.58,0.437,0.0,5.991,10.048,否,88000000,22000000,1247840000.0,311960000.0,23.904412,2.585281,3.280085,2.29,2.27,2.22,2.19,2.31,2.51,1.36,2012-02-17,-
2012-09-04,2654,万润科技,文化传媒,2.28,2.41,2.27,2.35,2.27,1916227,27700021.51,8.710123,2.327,6.21,否,1.69,3.982,6.335,5.856,14.634,否,88000000,22000000,1276880000.0,319220000.0,24.460721,2.645446,3.35642,2.29,2.28,2.23,2.19,2.31,2.5,1.37,2012-02-17,-
2012-09-05,2654,万润科技,文化传媒,2.35,2.39,2.31,2.36,2.31,1049296,15292607.56,4.769527,0.62,3.45,否,0.88,3.965,1.288,4.889,13.462,否,88000000,22000000,1284800000.0,321200000.0,24.612441,2.661855,3.377238,2.31,2.29,2.24,2.2,2.3,2.49,1.38,2012-02-17,-
2012-09-06,2654,万润科技,文化传媒,2.33,2.39,2.33,2.37,2.33,729695,10614759.17,3.316795,0.069,2.33,否,0.66,3.043,3.493,4.405,14.493,否,88000000,22000000,1285680000.0,321420000.0,24.629299,2.663678,3.379552,2.33,2.3,2.24,2.21,2.3,2.49,1.39,2012-02-17,-
2012-09-07,2654,万润科技,文化传媒,2.38,2.44,2.37,2.41,2.37,1681989,25006731.33,7.645405,1.848,2.67,否,1.65,2.553,6.637,4.783,12.093,否,88000000,22000000,1309440000.0,327360000.0,25.084461,2.712904,3.442007,2.36,2.32,2.26,2.22,2.3,2.48,1.4,2012-02-17,-
2012-09-10,2654,万润科技,文化传媒,2.4,2.46,2.39,2.42,2.39,1154267,17382068.72,5.246668,0.336,2.89,否,0.95,2.542,6.608,9.502,10.502,否,88000000,22000000,1313840000.0,328460000.0,25.16875,2.72202,3.453573,2.38,2.34,2.27,2.23,2.3,2.48,1.41,2012-02-17,-
2012-09-11,2654,万润科技,文化传媒,2.42,2.44,2.39,2.42,2.39,904112,13488090.77,4.1096,0.268,1.74,否,0.69,2.11,5.217,3.863,9.009,否,88000000,22000000,1317360000.0,329340000.0,25.236181,2.729313,3.462826,2.4,2.35,2.28,2.24,2.3,2.47,1.42,2012-02-17,-
2012-09-12,2654,万润科技,文化传媒,2.44,2.46,2.38,2.43,2.38,1020413,15277831.96,4.638241,0.134,3.14,否,0.92,0.83,3.404,6.114,9.955,否,88000000,22000000,1319120000.0,329780000.0,25.269897,2.732959,3.467452,2.41,2.36,2.3,2.25,2.3,2.47,1.43,2012-02-17,-
2012-09-13,2654,万润科技,文化传媒,2.43,2.45,2.4,2.42,2.4,877338,13121210.05,3.9879,-0.267,2.0,否,0.8,0.0,2.542,7.08,8.52,否,88000000,22000000,1315600000.0,328900000.0,25.202466,2.725667,3.4582,2.42,2.38,2.31,2.27,2.29,2.46,1.44,2012-02-17,-
2012-09-14,2654,万润科技,文化传媒,2.44,2.44,2.35,2.41,2.35,750549,11095651.61,3.411586,-0.535,3.34,否,0.67,-0.413,1.688,6.167,11.06,否,88000000,22000000,1308560000.0,327140000.0,25.067603,2.711081,3.439694,2.42,2.39,2.32,2.27,2.29,2.46,1.45,2012-02-17,-
2012-09-17,2654,万润科技,文化传媒,2.59,2.59,2.35,2.37,2.35,991167,14929452.56,4.505305,-1.48,10.09,否,1.05,-2.469,-1.66,3.043,10.233,否,88000000,22000000,1289200000.0,322300000.0,24.696731,2.670971,3.388804,2.41,2.4,2.33,2.28,2.29,2.45,1.46,2012-02-17,-
2012-09-18,2654,万润科技,文化传媒,2.34,2.37,2.29,2.34,2.29,568815,8165766.1,2.585523,-1.365,3.41,否,0.63,-3.306,-3.306,-0.426,7.339,否,88000000,22000000,1271600000.0,317900000.0,24.359574,2.634507,3.342541,2.39,2.4,2.34,2.28,2.29,2.45,1.47,2012-02-17,-
2012-09-19,2654,万润科技,文化传媒,2.39,2.39,2.32,2.36,2.32,384853,5582697.09,1.749332,0.9,2.77,否,0.46,-2.075,-2.479,0.0,11.848,否,88000000,22000000,1283040000.0,320760000.0,24.578726,2.658209,3.372612,2.38,2.4,2.34,2.29,2.29,2.44,1.48,2012-02-17,-
2012-09-20,2654,万润科技,文化传媒,2.41,2.41,2.27,2.31,2.27,463519,6603484.52,2.106905,-2.126,5.9,否,0.65,-2.532,-4.938,-2.532,8.962,否,88000000,22000000,1255760000.0,313940000.0,24.056133,2.60169,3.300904,2.36,2.39,2.35,2.29,2.28,2.44,1.49,2012-02-17,-
2012-09-21,2654,万润科技,文化传媒,2.31,2.31,2.24,2.3,2.24,389050,5461808.0,1.768409,-0.561,3.08,否,0.62,-1.709,-4.959,-4.564,5.505,否,88000000,22000000,1248720000.0,312180000.0,23.92127,2.587104,3.282398,2.34,2.38,2.35,2.3,2.28,2.43,1.5,2012-02-17,-
2012-09-24,2654,万润科技,文化传媒,2.29,2.29,2.22,2.29,2.22,350051,4871094.47,1.591141,-0.423,3.24,否,0.63,-2.966,-4.979,-5.372,5.53,否,88000000,22000000,1243440000.0,310860000.0,23.820123,2.576165,3.268519,2.32,2.37,2.35,2.3,2.27,2.43,1.51,2012-02-17,-
2012-09-25,2654,万润科技,文化传媒,2.28,2.29,2.23,2.27,2.23,249100,3472608.5,1.132273,-0.849,2.62,否,0.58,-1.732,-4.219,-6.198,2.252,否,88000000,22000000,1232880000.0,308220000.0,23.617829,2.554287,3.240761,2.31,2.35,2.35,2.3,2.27,2.43,1.52,2012-02-17,-
2012-09-26,2654,万润科技,文化传媒,2.27,2.27,2.19,2.23,2.19,288700,3965733.65,1.312273,-1.856,3.78,否,0.79,-3.043,-4.701,-8.23,-0.889,否,88000000,22000000,1210000000.0,302500000.0,23.179525,2.506884,3.180618,2.28,2.33,2.34,2.31,2.26,2.42,1.52,2012-02-17,-
2012-09-27,2654,万润科技,文化传媒,2.27,2.28,2.21,2.26,2.21,479291,6656734.48,2.178595,1.673,3.13,否,1.38,-1.31,-4.237,-6.612,-0.441,否,88000000,22000000,1230240000.0,307560000.0,23.567256,2.548817,3.233821,2.27,2.31,2.34,2.31,2.25,2.42,1.53,2012-02-17,-
2012-09-28,2654,万润科技,文化传媒,2.26,2.36,2.24,2.36,2.24,1092379,15738276.09,4.965359,4.077,5.51,否,3.11,3.965,2.165,-2.075,2.609,否,88000000,22000000,1280400000.0,320100000.0,24.528152,2.652739,3.365673,2.28,2.31,2.35,2.32,2.25,2.42,1.54,2012-02-17,-
2012-10-08,2654,万润科技,文化传媒,2.36,2.39,2.34,2.39,2.34,1091262,16016724.46,4.960282,1.443,2.34,否,2.22,7.175,3.913,0.844,8.145,否,88000000,22000000,1298880000.0,324720000.0,24.882167,2.691026,3.414249,2.3,2.31,2.35,2.33,2.25,2.42,1.55,2012-02-17,-
2012-10-09,2654,万润科技,文化传媒,2.39,2.44,2.37,2.44,2.37,962310,14380411.72,4.374136,1.897,2.71,否,1.5,7.965,6.55,4.274,4.721,否,88000000,22000000,1323520000.0,330880000.0,25.354186,2.742075,3.479018,2.34,2.32,2.36,2.33,2.25,2.41,1.56,2012-02-17,-
2012-10-10,2654,万润科技,文化传媒,2.42,2.56,2.42,2.51,2.42,1473584,22713319.26,6.698109,3.059,5.52,否,1.88,6.356,10.573,6.356,9.607,否,88000000,22000000,1364000000.0,341000000.0,26.129647,2.825942,3.585424,2.39,2.34,2.37,2.34,2.25,2.41,1.57,2012-02-17,-
2012-10-11,2654,万润科技,文化传媒,2.51,2.53,2.47,2.49,2.47,1032950,15980506.85,4.695227,-0.968,2.39,否,1.01,4.184,11.659,7.792,10.177,否,88000000,22000000,1350800000.0,337700000.0,25.876779,2.798594,3.550727,2.44,2.35,2.37,2.35,2.25,2.41,1.58,2012-02-17,-
2012-10-12,2654,万润科技,文化传媒,2.49,2.5,2.44,2.48,2.44,505512,7735361.42,2.297782,-0.065,2.41,否,0.45,1.639,9.735,7.826,9.251,否,88000000,22000000,1349920000.0,337480000.0,25.859921,2.796771,3.548414,2.46,2.37,2.38,2.36,2.25,2.41,1.59,2012-02-17,-
2012-10-15,2654,万润科技,文化传媒,2.48,2.48,2.41,2.45,2.41,648036,9768503.08,2.945618,-1.239,3.0,否,0.64,-2.39,3.814,6.987,6.522,否,88000000,22000000,1333200000.0,333300000.0,25.539622,2.76213,3.504463,2.47,2.39,2.38,2.36,2.26,2.41,1.6,2012-02-17,-
2012-10-16,2654,万润科技,文化传媒,2.45,2.5,2.44,2.47,2.44,759372,11588498.35,3.451691,0.726,2.51,否,0.82,-0.803,3.347,8.811,5.106,否,88000000,22000000,1342880000.0,335720000.0,25.725059,2.782185,3.529908,2.48,2.41,2.38,2.37,2.27,2.41,1.61,2012-02-17,-
2012-10-17,2654,万润科技,文化传媒,2.45,2.48,2.45,2.46,2.45,315592,4801414.28,1.434509,-0.393,1.11,否,0.36,-0.806,0.82,10.314,4.237,否,88000000,22000000,1337600000.0,334400000.0,25.623912,2.771246,3.516029,2.47,2.43,2.38,2.37,2.27,2.4,1.62,2012-02-17,-
2012-10-18,2654,万润科技,文化传媒,2.48,2.52,2.38,2.49,2.38,580229,8886215.41,2.637405,1.316,5.53,否,0.89,1.633,-0.797,10.177,5.063,否,88000000,22000000,1355200000.0,338800000.0,25.961068,2.80771,3.562293,2.47,2.45,2.38,2.38,2.28,2.4,1.63,2012-02-17,-
2012-10-19,2654,万润科技,文化传媒,2.49,2.51,2.48,2.5,2.48,569394,8779982.15,2.588155,0.13,1.36,否,1.01,1.215,0.402,5.932,3.734,否,88000000,22000000,1356960000.0,339240000.0,25.994784,2.811356,3.566919,2.47,2.47,2.39,2.39,2.28,2.4,1.64,2012-02-17,-
2012-10-22,2654,万润科技,文化传媒,2.5,2.51,2.46,2.5,2.46,795734,12244550.0,3.616973,0.13,2.2,否,1.39,1.626,0.806,4.603,3.306,否,88000000,22000000,1358720000.0,339680000.0,26.0285,2.815003,3.571545,2.48,2.48,2.4,2.4,2.29,2.4,1.65,2012-02-17,-
2012-10-23,2654,万润科技,文化传媒,2.5,2.51,2.48,2.48,2.48,255215,3923133.66,1.160068,-0.777,1.04,否,0.42,-0.402,1.224,1.639,2.479,否,88000000,22000000,1348160000.0,337040000.0,29.172044,2.744393,3.560582,2.49,2.48,2.4,2.4,2.3,2.4,1.66,2012-02-17,-
2012-10-24,2654,万润科技,文化传媒,2.48,2.5,2.44,2.45,2.44,197000,2992555.0,0.895455,-1.11,2.48,否,0.39,-2.0,-0.81,-2.39,0.823,否,88000000,22000000,1333200000.0,333300000.0,28.848334,2.713939,3.521071,2.48,2.48,2.41,2.4,2.3,2.39,1.67,2012-02-17,-
2012-10-25,2654,万润科技,文化传媒,2.44,2.47,2.42,2.43,2.42,206870,3126430.3,0.940318,-1.122,1.78,否,0.43,-2.8,-1.22,-2.41,0.413,否,88000000,22000000,1318240000.0,329560000.0,28.524623,2.683486,3.481561,2.47,2.47,2.41,2.4,2.31,2.39,1.68,2012-02-17,-
2012-10-26,2654,万润科技,文化传媒,2.41,2.44,2.35,2.42,2.35,371450,5534248.87,1.688409,-0.267,3.87,否,0.92,-2.419,-2.811,-2.419,0.415,否,88000000,22000000,1314720000.0,328680000.0,28.448456,2.67632,3.472264,2.46,2.47,2.42,2.41,2.31,2.39,1.69,2012-02-17,-
2012-10-29,2654,万润科技,文化传媒,2.4,2.5,2.4,2.48,2.4,550615,8417336.28,2.502795,2.41,4.08,否,1.51,1.224,-0.8,1.224,4.641,否,88000000,22000000,1346400000.0,336600000.0,29.133961,2.74081,3.555933,2.45,2.47,2.43,2.41,2.32,2.39,1.7,2012-02-17,-
2012-10-30,2654,万润科技,文化传媒,2.48,2.51,2.47,2.48,2.47,501676,7732384.98,2.280345,0.0,1.76,否,1.59,2.058,-0.8,0.405,5.983,否,88000000,22000000,1346400000.0,336600000.0,29.133961,2.74081,3.555933,2.45,2.47,2.44,2.41,2.33,2.38,1.71,2012-02-17,-
2012-10-31,2654,万润科技,文化传媒,2.46,2.5,2.46,2.5,2.46,301908,4637457.28,1.372309,0.915,1.63,否,0.83,3.306,0.806,1.626,5.932,否,88000000,22000000,1358720000.0,339680000.0,29.400546,2.765889,3.588471,2.46,2.47,2.45,2.41,2.33,2.38,1.72,2012-02-17,-
2012-11-01,2654,万润科技,文化传媒,2.45,2.55,2.45,2.55,2.45,3041781,47497662.68,13.826277,2.073,4.34,否,7.87,2.823,4.082,2.41,10.39,否,88000000,22000000,1386880000.0,346720000.0,30.009884,2.823213,3.662844,2.49,2.48,2.47,2.42,2.34,2.38,1.73,2012-02-17,-
2012-11-02,2654,万润科技,文化传媒,2.55,2.57,2.51,2.56,2.51,665894,10537189.75,3.026791,0.127,2.54,否,0.7,3.226,5.35,2.4,11.304,否,88000000,22000000,1388640000.0,347160000.0,30.047967,2.826796,3.667492,2.51,2.49,2.48,2.42,2.35,2.38,1.74,2012-02-17,-
2012-11-05,2654,万润科技,文化传媒,2.57,2.6,2.35,2.36,2.35,4140858,63491285.83,18.822082,-7.731,9.76,否,4.09,-5.6,-2.479,-5.6,3.057,否,88000000,22000000,1281280000.0,320320000.0,27.724867,2.608248,3.383947,2.49,2.47,2.48,2.42,2.35,2.38,1.75,2012-02-17,-
2012-11-06,2654,万润科技,文化传媒,2.35,2.35,2.18,2.19,2.18,3960295,54494483.08,18.001341,-7.28,7.07,否,2.29,-14.118,-11.694,-11.694,-3.524,否,88000000,22000000,1188000000.0,297000000.0,25.706436,2.418362,3.137588,2.43,2.44,2.46,2.42,2.35,2.37,1.76,2012-02-17,-
2012-11-07,2654,万润科技,文化传媒,2.16,2.21,2.11,2.16,2.11,3278260,43485342.23,14.901182,-1.185,4.59,否,1.35,-15.625,-12.903,-11.837,-3.139,否,88000000,22000000,1173920000.0,293480000.0,25.401767,2.3897,3.100402,2.36,2.41,2.45,2.41,2.35,2.37,1.77,2012-02-17,-
2012-11-08,2654,万润科技,文化传媒,2.14,2.15,2.11,2.12,2.11,1600375,20986162.21,7.274432,-1.799,1.87,否,0.53,-10.169,-15.2,-12.757,-6.195,否,88000000,22000000,1152800000.0,288200000.0,24.944764,2.346707,3.044623,2.28,2.38,2.43,2.4,2.35,2.37,1.78,2012-02-17,-
2012-11-09,2654,万润科技,文化传媒,2.13,2.14,2.11,2.13,2.11,682252,8948300.54,3.101145,0.229,1.07,否,0.25,-2.74,-16.471,-11.983,-9.746,否,88000000,22000000,1155440000.0,288860000.0,25.001889,2.352081,3.051595,2.19,2.35,2.41,2.4,2.35,2.36,1.79,2012-02-17,-
2012-11-12,2654,万润科技,文化传媒,2.13,2.14,2.06,2.07,2.06,1474694,19084500.79,6.703155,-2.513,3.43,否,0.54,-4.167,-19.141,-16.532,-13.389,否,88000000,22000000,1126400000.0,281600000.0,24.37351,2.292965,2.974899,2.13,2.31,2.39,2.39,2.35,2.36,1.79,2012-02-17,-
2012-11-13,2654,万润科技,文化传媒,2.07,2.1,2.06,2.09,2.06,1169064,15005493.24,5.313927,0.859,1.48,否,0.53,-1.415,-11.441,-15.726,-14.344,否,88000000,22000000,1136080000.0,284020000.0,24.582969,2.31267,3.000464,2.11,2.27,2.37,2.38,2.34,2.36,1.8,2012-02-17,-
2012-11-14,2654,万润科技,文化传媒,2.09,2.1,2.07,2.1,2.07,759132,9764614.56,3.4506,0.232,1.55,否,0.46,-1.408,-4.11,-16.0,-16.335,否,88000000,22000000,1138720000.0,284680000.0,24.640095,2.318044,3.007437,2.1,2.23,2.35,2.38,2.34,2.35,1.81,2012-02-17,-
2012-11-15,2654,万润科技,文化传媒,2.08,2.13,2.05,2.05,2.05,1414010,18351280.77,6.427318,-2.087,3.86,否,1.24,-0.966,-5.093,-19.608,-17.671,否,88000000,22000000,1114960000.0,278740000.0,24.125966,2.269677,2.944685,2.09,2.18,2.33,2.37,2.34,2.35,1.82,2012-02-17,-
2012-11-16,2654,万润科技,文化传媒,2.04,2.04,1.94,1.94,1.94,1469626,17800998.38,6.680118,-5.209,4.81,否,1.34,-7.177,-8.491,-24.219,-21.774,否,88000000,22000000,1056880000.0,264220000.0,22.869207,2.151446,2.791292,2.05,2.12,2.3,2.36,2.34,2.34,1.83,2012-02-17,-
2012-11-19,2654,万润科技,文化传媒,1.95,1.96,1.92,1.96,1.92,712182,8516482.79,3.237191,0.749,2.41,否,0.57,-6.667,-7.981,-16.949,-20.0,否,88000000,22000000,1064800000.0,266200000.0,23.040583,2.167569,2.812209,2.03,2.08,2.28,2.34,2.33,2.34,1.83,2012-02-17,-
2012-11-20,2654,万润科技,文化传媒,1.97,1.97,1.95,1.96,1.95,591390,7162495.39,2.688136,0.0,1.24,否,0.54,-4.39,-5.314,-10.502,-20.648,否,88000000,22000000,1064800000.0,266200000.0,23.040583,2.167569,2.812209,2.0,2.06,2.25,2.33,2.33,2.33,1.84,2012-02-17,-
2012-11-21,2654,万润科技,文化传媒,1.95,1.98,1.91,1.98,1.91,717365,8587540.88,3.26075,0.826,3.72,否,0.73,2.062,-5.263,-8.333,-19.512,否,88000000,22000000,1073600000.0,268400000.0,23.231001,2.185482,2.83545,1.98,2.04,2.23,2.31,2.33,2.33,1.85,2012-02-17,-
2012-11-22,2654,万润科技,文化传媒,1.95,1.99,1.94,1.94,1.94,516343,6240538.73,2.347014,-1.639,2.54,否,0.53,-1.02,-7.619,-8.491,-22.088,否,88000000,22000000,1056000000.0,264000000.0,22.850165,2.149655,2.788967,1.96,2.02,2.2,2.29,2.32,2.32,1.86,2012-02-17,-
2012-11-23,2654,万润科技,文化传媒,1.94,1.97,1.93,1.96,1.93,456737,5495970.47,2.076077,0.917,2.33,否,0.57,0.0,-4.39,-7.981,-21.6,否,88000000,22000000,1065680000.0,266420000.0,23.059625,2.16936,2.814533,1.96,2.01,2.18,2.27,2.31,2.32,1.87,2012-02-17,-
2012-11-26,2654,万润科技,文化传媒,1.97,1.97,1.93,1.94,1.93,427980,5158528.3,1.945364,-0.908,2.06,否,0.71,-2.02,0.0,-6.28,-22.4,否,88000000,22000000,1056000000.0,264000000.0,22.850165,2.149655,2.788967,1.96,1.99,2.15,2.26,2.31,2.31,1.87,2012-02-17,-
2012-11-27,2654,万润科技,文化传媒,1.91,1.95,1.8,1.81,1.8,727790,8357958.04,3.308136,-7.083,7.67,否,1.34,-6.701,-7.653,-13.397,-27.016,否,88000000,22000000,981200000.0,245300000.0,21.231612,1.997388,2.591416,1.93,1.96,2.12,2.24,2.3,2.31,1.88,2012-02-17,-
2012-11-28,2654,万润科技,文化传媒,1.8,1.8,1.75,1.75,1.75,548346,6008955.93,2.492482,-3.139,2.69,否,0.96,-10.714,-10.714,-16.667,-28.571,否,88000000,22000000,950400000.0,237600000.0,20.565149,1.934689,2.510071,1.88,1.93,2.08,2.21,2.29,2.3,1.89,2012-02-17,-
2012-11-29,2654,万润科技,文化传媒,1.76,1.79,1.74,1.75,1.74,436398,4766924.76,1.983627,0.093,2.96,否,0.82,-9.794,-11.616,-14.634,-27.984,否,88000000,22000000,951280000.0,237820000.0,20.584191,1.936481,2.512395,1.84,1.9,2.04,2.19,2.28,2.3,1.89,2012-02-17,-
2012-11-30,2654,万润科技,文化传媒,1.73,1.78,1.73,1.77,1.73,301211,3286148.07,1.369141,0.833,2.96,否,0.58,-2.21,-8.763,-8.763,-26.86,否,88000000,22000000,959200000.0,239800000.0,20.755567,1.952603,2.533312,1.8,1.88,2.0,2.16,2.28,2.29,1.9,2012-02-17,-
2012-12-03,2654,万润科技,文化传媒,1.77,1.8,1.75,1.75,1.75,291563,3179775.24,1.325286,-0.826,2.84,否,0.6,0.0,-10.714,-10.714,-29.435,否,88000000,22000000,951280000.0,237820000.0,20.584191,1.936481,2.512395,1.77,1.86,1.97,2.14,2.27,2.29,1.91,2012-02-17,-
2012-12-04,2654,万润科技,文化传媒,1.75,1.78,1.71,1.77,1.71,399901,4286034.28,1.817732,1.203,4.26,否,0.87,1.143,-8.763,-9.694,-28.629,否,88000000,22000000,962720000.0,240680000.0,20.831734,1.959769,2.542609,1.76,1.84,1.95,2.11,2.26,2.28,1.92,2012-02-17,-
2012-12-05,2654,万润科技,文化传媒,1.77,1.86,1.75,1.84,1.75,724326,8154395.4,3.292391,3.839,5.94,否,1.83,3.955,1.657,-7.071,-26.4,否,88000000,22000000,999680000.0,249920000.0,21.63149,2.035007,2.640222,1.78,1.83,1.93,2.09,2.25,2.28,1.92,2012-02-17,-
2012-12-06,2654,万润科技,文化传媒,1.82,1.86,1.81,1.83,1.81,363760,4098843.76,1.653455,-0.704,2.73,否,0.84,4.571,4.571,-5.67,-28.235,否,88000000,22000000,992640000.0,248160000.0,21.479155,2.020676,2.621629,1.79,1.82,1.92,2.07,2.24,2.27,1.93,2012-02-17,-
2012-12-07,2654,万润科技,文化传媒,1.82,1.87,1.81,1.86,1.81,597223,6812472.84,2.71465,1.862,2.93,否,1.44,5.085,6.286,-5.102,-27.344,否,88000000,22000000,1011120000.0,252780000.0,21.879033,2.058294,2.670436,1.81,1.81,1.91,2.06,2.23,2.27,1.94,2012-02-17,-
2012-12-10,2654,万润科技,文化传媒,1.88,1.9,1.84,1.9,1.84,696257,8060905.74,3.164805,1.915,3.31,否,1.46,3.261,7.345,-2.062,-19.492,否,88000000,22000000,1030480000.0,257620000.0,22.297953,2.097705,2.721567,1.84,1.8,1.9,2.04,2.22,2.26,1.95,2012-02-17,-
2012-12-11,2654,万润科技,文化传媒,1.89,1.89,1.86,1.87,1.86,667622,7721195.6,3.034645,-1.623,1.71,否,1.2,2.186,6.857,3.315,-14.612,否,88000000,22000000,1013760000.0,253440000.0,21.936159,2.063669,2.677409,1.86,1.81,1.89,2.02,2.21,2.26,1.95,2012-02-17,-
2012-12-12,2654,万润科技,文化传媒,1.86,1.87,1.82,1.85,1.82,483700,5513889.91,2.198636,-0.608,2.43,否,0.79,-0.538,4.52,5.714,-14.352,否,88000000,22000000,1007600000.0,251900000.0,21.802866,2.051129,2.66114,1.86,1.82,1.87,1.99,2.2,2.25,1.96,2012-02-17,-
2012-12-13,2654,万润科技,文化传媒,1.85,1.85,1.83,1.83,1.83,248462,2824983.19,1.129373,-1.223,1.22,否,0.44,-3.684,-0.543,4.571,-13.679,否,88000000,22000000,995280000.0,248820000.0,21.536281,2.02605,2.628602,1.86,1.83,1.86,1.97,2.19,2.24,1.97,2012-02-17,-
2012-12-14,2654,万润科技,文化传媒,1.83,1.91,1.82,1.9,1.82,1178712,13663659.97,5.357782,3.89,5.13,否,2.19,1.604,3.825,7.345,-10.798,否,88000000,22000000,1034000000.0,258500000.0,22.37412,2.10487,2.730864,1.87,1.84,1.86,1.95,2.18,2.24,1.98,2012-02-17,-
2012-12-17,2654,万润科技,文化传媒,1.9,1.93,1.89,1.91,1.89,818157,9636643.18,3.718895,0.511,2.38,否,1.25,3.243,2.688,9.143,-7.729,否,88000000,22000000,1039280000.0,259820000.0,22.488371,2.115619,2.744809,1.87,1.86,1.86,1.93,2.18,2.23,1.98,2012-02-17,-
2012-12-18,2654,万润科技,文化传媒,1.91,1.92,1.88,1.89,1.88,725139,8525239.08,3.296086,-0.931,2.12,否,1.07,3.279,-0.526,6.78,-9.569,否,88000000,22000000,1029600000.0,257400000.0,22.278911,2.095913,2.719243,1.88,1.87,1.86,1.92,2.17,2.23,1.99,2012-02-17,-
2012-12-19,2654,万润科技,文化传媒,1.88,1.92,1.88,1.92,1.88,657504,7745929.87,2.988655,1.282,2.14,否,0.95,1.053,2.674,4.348,-8.571,否,88000000,22000000,1042800000.0,260700000.0,22.564538,2.122784,2.754105,1.89,1.88,1.85,1.91,2.16,2.22,2.0,2012-02-17,-
2012-12-20,2654,万润科技,文化传媒,1.92,1.96,1.91,1.94,1.91,1057117,12676293.95,4.805077,1.181,2.78,否,1.46,1.571,4.865,6.011,-5.366,否,88000000,22000000,1055120000.0,263780000.0,22.831123,2.147863,2.786643,1.91,1.89,1.85,1.91,2.16,2.22,2.01,2012-02-17,-
2012-12-21,2654,万润科技,文化传媒,1.94,2.02,1.93,1.99,1.93,1587707,19431240.39,7.21685,2.419,4.59,否,1.79,5.291,8.743,6.989,2.577,否,88000000,22000000,1080640000.0,270160000.0,23.383336,2.199813,2.854043,1.93,1.9,1.85,1.9,2.15,2.21,2.01,2012-02-17,-
2012-12-24,2654,万润科技,文化传媒,1.99,2.04,1.98,2.04,1.98,1401875,17436609.16,6.372159,2.606,3.18,否,1.45,6.25,7.368,7.368,4.082,否,88000000,22000000,1108800000.0,277200000.0,23.992674,2.257138,2.928416,1.96,1.91,1.86,1.9,2.15,2.21,2.02,2012-02-17,-
2012-12-25,2654,万润科技,文化传媒,2.04,2.11,2.04,2.08,2.04,2103619,27069530.62,9.561905,1.746,3.81,否,1.94,7.216,8.901,11.23,6.122,否,88000000,22000000,1128160000.0,282040000.0,24.411593,2.296548,2.979547,1.99,1.94,1.87,1.9,2.14,2.2,2.03,2012-02-17,-
2012-12-26,2654,万润科技,文化传媒,2.08,2.21,2.08,2.17,2.08,2610389,34612637.92,11.865405,4.446,6.63,否,1.92,9.045,14.815,17.297,9.596,否,88000000,22000000,1178320000.0,294580000.0,25.496976,2.398656,3.112023,2.04,1.97,1.89,1.91,2.14,2.2,2.04,2012-02-17,-
2012-12-27,2654,万润科技,文化传媒,2.18,2.22,2.1,2.1,2.1,2076616,27413516.86,9.439164,-3.286,5.53,否,1.19,2.941,9.375,14.754,8.247,否,88000000,22000000,1139600000.0,284900000.0,24.659137,2.319836,3.009761,2.08,1.99,1.91,1.91,2.14,2.2,2.05,2012-02-17,-
2012-12-28,2654,万润科技,文化传媒,2.08,2.16,2.08,2.14,2.08,1396349,18332724.43,6.347041,1.931,3.63,否,0.71,2.885,10.309,12.632,9.184,否,88000000,22000000,1161600000.0,290400000.0,25.135182,2.36462,3.067864,2.11,2.02,1.93,1.91,2.14,2.19,2.06,2012-02-17,-
2012-12-31,2654,万润科技,文化传媒,2.17,2.17,2.08,2.11,2.08,1175600,15319805.21,5.343636,-1.212,3.94,否,0.61,-2.765,6.03,10.471,8.763,否,88000000,22000000,1147520000.0,286880000.0,24.830513,2.335958,3.030678,2.12,2.04,1.95,1.92,2.13,2.19,2.06,2012-02-17,-
2013-01-04,2654,万润科技,文化传媒,2.14,2.15,2.09,2.11,2.09,859485,11219522.33,3.90675,-0.077,2.61,否,0.46,0.476,3.431,11.64,16.575,否,88000000,22000000,1146640000.0,286660000.0,24.811471,2.334167,3.028354,2.13,2.06,1.96,1.92,2.13,2.19,2.07,2012-02-17,-
2013-01-07,2654,万润科技,文化传媒,2.12,2.13,2.08,2.13,2.08,1056878,13750680.49,4.803991,1.074,2.53,否,0.65,-0.467,2.404,10.938,21.714,否,88000000,22000000,1158960000.0,289740000.0,25.078056,2.359246,3.060892,2.12,2.08,1.98,1.93,2.12,2.18,2.08,2012-02-17,-
2013-01-08,2654,万润科技,文化传媒,2.13,2.3,2.11,2.3,2.11,3691413,51030986.93,16.77915,7.821,9.19,否,2.81,9.005,5.991,18.557,31.429,否,88000000,22000000,1249600000.0,312400000.0,27.039362,2.543758,3.300278,2.16,2.12,2.0,1.94,2.12,2.18,2.09,2012-02-17,-
2013-01-09,2654,万润科技,文化传媒,2.3,2.38,2.27,2.34,2.27,3797491,54470538.99,17.261323,1.972,4.79,否,2.32,10.9,11.429,17.588,32.203,否,88000000,22000000,1274240000.0,318560000.0,27.572533,2.593917,3.365354,2.2,2.15,2.03,1.95,2.11,2.18,2.1,2012-02-17,-
2013-01-10,2654,万润科技,文化传媒,2.36,2.49,2.33,2.45,2.33,4529081,67710988.66,20.586732,4.489,6.84,否,2.14,15.023,14.486,20.098,40.0,否,88000000,22000000,1331440000.0,332860000.0,28.81025,2.710356,3.516423,2.27,2.19,2.05,1.97,2.11,2.19,2.11,2012-02-17,-
2013-01-11,2654,万润科技,文化传媒,2.46,2.58,2.4,2.43,2.4,5447748,83428746.04,24.762491,-0.859,7.27,否,1.95,5.652,15.166,16.827,37.288,否,88000000,22000000,1320000000.0,330000000.0,28.562707,2.687069,3.486209,2.33,2.23,2.08,1.99,2.11,2.19,2.12,2012-02-17,-
2013-01-14,2654,万润科技,文化传媒,2.45,2.51,2.41,2.49,2.41,4699974,71523741.2,21.363518,2.4,3.93,否,1.27,6.41,18.009,14.747,35.326,否,88000000,22000000,1351680000.0,337920000.0,29.248212,2.751558,3.569878,2.4,2.26,2.11,2.02,2.11,2.19,2.13,2012-02-17,-
2013-01-15,2654,万润科技,文化传媒,2.51,2.51,2.38,2.42,2.38,4383376,65641199.54,19.924436,-2.734,5.4,否,0.99,-1.224,13.615,15.238,32.24,否,88000000,22000000,1314720000.0,328680000.0,28.448456,2.67632,3.472264,2.43,2.29,2.14,2.04,2.11,2.2,2.14,2012-02-17,-
2013-01-16,2654,万润科技,文化传媒,2.4,2.42,2.34,2.35,2.34,2174745,31789126.17,9.885205,-2.744,3.15,否,0.48,-3.292,2.174,9.813,26.344,否,88000000,22000000,1278640000.0,319660000.0,27.667742,2.602874,3.376975,2.43,2.31,2.17,2.06,2.11,2.2,2.15,2012-02-17,-
2013-01-17,2654,万润科技,文化传媒,2.37,2.37,2.34,2.35,2.34,1111832,16170548.48,5.053782,-0.207,1.38,否,0.26,-5.622,0.427,11.374,23.684,否,88000000,22000000,1276000000.0,319000000.0,27.610616,2.5975,3.370002,2.41,2.34,2.19,2.08,2.11,2.2,2.16,2012-02-17,-
2013-01-18,2654,万润科技,文化传媒,2.36,2.37,2.31,2.37,2.31,1527176,22105034.22,6.941709,0.828,2.69,否,0.43,-2.066,-3.265,12.322,26.738,否,88000000,22000000,1286560000.0,321640000.0,27.839118,2.618996,3.397892,2.4,2.36,2.21,2.1,2.11,2.2,2.17,2012-02-17,-
2013-01-21,2654,万润科技,文化传媒,2.38,2.38,2.35,2.37,2.35,845406,12334942.03,3.842755,0.137,1.16,否,0.3,0.851,-2.469,11.268,28.108,否,88000000,22000000,1288320000.0,322080000.0,27.877202,2.622579,3.40254,2.37,2.39,2.23,2.11,2.1,2.2,2.18,2012-02-17,-
2013-01-22,2654,万润科技,文化传媒,2.37,2.37,2.26,2.27,2.26,1435841,20486195.61,6.52655,-4.372,4.44,否,0.71,-3.404,-8.835,-1.304,24.044,否,88000000,22000000,1232000000.0,308000000.0,26.658526,2.507931,3.253795,2.34,2.38,2.25,2.13,2.1,2.2,2.19,2012-02-17,-
2013-01-23,2654,万润科技,文化传媒,2.27,2.31,2.26,2.3,2.26,631919,8910693.89,2.872359,1.429,2.43,否,0.45,-2.954,-4.959,-1.709,21.053,否,88000000,22000000,1249600000.0,312400000.0,27.039362,2.543758,3.300278,2.33,2.38,2.27,2.14,2.1,2.21,2.2,2012-02-17,-
2013-01-24,2654,万润科技,文化传媒,2.3,2.31,2.17,2.19,2.17,1145538,15871469.72,5.206991,-4.578,5.85,否,1.03,-7.595,-6.809,-10.612,14.66,否,88000000,22000000,1192400000.0,298100000.0,25.801645,2.427319,3.149209,2.3,2.35,2.27,2.15,2.09,2.21,2.2,2012-02-17,-
2013-01-25,2654,万润科技,文化传媒,2.19,2.21,2.17,2.2,2.17,415251,5623018.1,1.887505,0.148,1.55,否,0.37,-3.084,-6.383,-9.465,16.402,否,88000000,22000000,1194160000.0,298540000.0,25.839729,2.430901,3.153857,2.27,2.33,2.28,2.16,2.09,2.21,2.21,2012-02-17,-
2013-01-30,2654,万润科技,文化传媒,2.28,2.39,2.25,2.27,2.25,1600847,22803211.58,7.276577,3.169,6.26,否,1.79,-1.304,-4.219,-8.835,18.229,否,88000000,22000000,1232000000.0,308000000.0,26.658526,2.507931,3.253795,2.25,2.31,2.28,2.18,2.09,2.21,2.22,2012-02-17,-
2013-01-31,2654,万润科技,文化传媒,2.25,2.29,2.24,2.25,2.24,634091,8835370.23,2.882232,-0.857,2.5,否,0.61,2.74,-5.063,-7.025,15.979,否,88000000,22000000,1221440000.0,305360000.0,26.430024,2.486434,3.225906,2.24,2.29,2.29,2.19,2.08,2.21,2.23,2012-02-17,-
2013-02-01,2654,万润科技,文化传媒,2.2,2.26,2.2,2.24,2.2,499181,6908279.78,2.269005,-0.216,2.67,否,0.56,1.818,-1.322,-4.681,12.563,否,88000000,22000000,1218800000.0,304700000.0,26.372899,2.48106,3.218933,2.23,2.28,2.3,2.2,2.08,2.21,2.24,2012-02-17,-
2013-02-04,2654,万润科技,文化传媒,2.24,2.26,2.2,2.21,2.2,658047,9037005.0,2.991123,-1.516,2.74,否,0.77,-2.643,-3.913,-5.957,8.333,否,88000000,22000000,1200320000.0,300080000.0,25.973021,2.443441,3.170126,2.23,2.27,2.3,2.21,2.07,2.21,2.25,2012-02-17,-
2013-02-05,2654,万润科技,文化传媒,2.21,2.26,2.19,2.25,2.19,499797,6895437.59,2.271805,1.906,3.15,否,0.66,0.0,2.74,-5.063,8.173,否,88000000,22000000,1223200000.0,305800000.0,26.468108,2.490017,3.230554,2.24,2.26,2.31,2.23,2.07,2.21,2.26,2012-02-17,-
2013-02-06,2654,万润科技,文化传媒,2.26,2.29,2.24,2.28,2.24,816151,11482167.49,3.709777,1.439,2.23,否,1.05,1.786,3.636,-3.797,5.069,否,88000000,22000000,1240800000.0,310200000.0,26.848944,2.525844,3.277037,2.25,2.25,2.32,2.24,2.08,2.21,2.27,2012-02-17,-
2013-02-07,2654,万润科技,文化传媒,2.29,2.3,2.26,2.28,2.26,386708,5438152.47,1.757764,-0.142,1.91,否,0.62,3.167,0.441,0.441,8.571,否,88000000,22000000,1239040000.0,309760000.0,26.810861,2.522262,3.272388,2.25,2.25,2.32,2.25,2.08,2.21,2.28,2012-02-17,-
2013-02-08,2654,万润科技,文化传媒,2.28,2.32,2.28,2.32,2.28,814305,11597995.11,3.701386,1.563,1.92,否,1.42,3.111,3.111,0.87,8.411,否,88000000,22000000,1258400000.0,314600000.0,27.22978,2.561672,3.323519,2.27,2.25,2.31,2.26,2.08,2.21,2.29,2012-02-17,-
2013-02-18,2654,万润科技,文化传媒,2.32,2.37,2.31,2.37,2.31,1113434,16106365.97,5.061064,2.238,2.45,否,1.75,3.947,5.804,8.219,12.322,否,88000000,22000000,1286560000.0,321640000.0,27.839118,2.618996,3.397892,2.3,2.27,2.31,2.27,2.09,2.22,2.29,2012-02-17,-
2013-02-19,2654,万润科技,文化传媒,2.36,2.37,2.29,2.29,2.29,978870,14060110.95,4.449409,-3.215,3.28,否,1.35,0.439,3.62,4.091,8.531,否,88000000,22000000,1245200000.0,311300000.0,26.944153,2.534801,3.288657,2.31,2.28,2.3,2.28,2.09,2.22,2.3,2012-02-17,-
2013-02-20,2654,万润科技,文化传媒,2.28,2.33,2.28,2.32,2.28,647656,9248002.6,2.943891,1.272,1.98,否,0.79,0.0,3.111,2.203,8.92,否,88000000,22000000,1261040000.0,315260000.0,27.286906,2.567046,3.330492,2.32,2.28,2.3,2.28,2.09,2.22,2.31,2012-02-17,-
2013-02-21,2654,万润科技,文化传媒,2.3,2.31,2.23,2.26,2.23,815170,11477882.25,3.705318,-2.442,3.28,否,1.03,-4.641,-0.877,0.444,-1.739,否,88000000,22000000,1230240000.0,307560000.0,26.620443,2.504348,3.249147,2.31,2.28,2.29,2.29,2.1,2.22,2.32,2012-02-17,-
2013-02-22,2654,万润科技,文化传媒,2.26,2.29,2.26,2.26,2.26,388568,5443065.31,1.766218,-0.286,1.5,否,0.44,-1.31,-0.877,0.893,-3.419,否,88000000,22000000,1226720000.0,306680000.0,26.544275,2.497182,3.23985,2.3,2.28,2.28,2.29,2.1,2.22,2.33,2012-02-17,-
2013-02-25,2654,万润科技,文化传媒,2.27,2.29,2.25,2.28,2.25,385850,5416610.0,1.753864,1.148,1.79,否,0.49,-1.724,-1.724,3.167,-6.939,否,88000000,22000000,1240800000.0,310200000.0,26.848944,2.525844,3.277037,2.28,2.29,2.28,2.3,2.11,2.22,2.34,2012-02-17,-
2013-02-26,2654,万润科技,文化传媒,2.28,2.29,2.26,2.26,2.26,552106,7768880.58,2.509573,-1.135,1.49,否,0.86,0.0,-4.641,0.444,-6.996,否,88000000,22000000,1226720000.0,306680000.0,26.544275,2.497182,3.23985,2.28,2.29,2.27,2.3,2.11,2.22,2.35,2012-02-17,-
2013-02-27,2654,万润科技,文化传媒,2.48,2.48,2.48,2.48,2.48,2119894,32497975.02,9.635882,9.971,0.0,否,3.8,9.735,8.297,8.772,-0.402,是,88000000,22000000,1349040000.0,337260000.0,35.053156,2.746184,3.472374,2.31,2.31,2.28,2.32,2.12,2.22,2.36,2012-02-17,-
2013-02-28,2654,万润科技,文化传媒,2.53,2.72,2.49,2.7,2.49,9190442,147956646.04,41.774736,8.676,9.13,否,10.78,18.421,16.379,18.421,11.57,否,88000000,22000000,1466080000.0,366520000.0,38.094297,2.984437,3.77363,2.4,2.35,2.3,2.33,2.13,2.23,2.37,2012-02-17,-
2013-03-01,2654,万润科技,文化传媒,2.63,2.8,2.59,2.76,2.59,6339869,105238472.64,28.817586,2.221,7.98,否,2.51,22.124,22.124,18.966,17.447,否,88000000,22000000,1498640000.0,374660000.0,38.940329,3.050718,3.857438,2.5,2.4,2.32,2.34,2.15,2.23,2.38,2012-02-17,-
2013-03-04,2654,万润科技,文化传媒,2.76,2.76,2.63,2.64,2.63,3530641,58859350.71,16.048368,-4.228,4.52,否,0.95,6.452,16.814,11.392,12.34,否,88000000,22000000,1435280000.0,358820000.0,37.293997,2.921739,3.694352,2.57,2.43,2.35,2.35,2.16,2.23,2.39,2012-02-17,-
2013-03-05,2654,万润科技,文化传媒,2.64,2.74,2.64,2.7,2.64,2219156,36994353.73,10.087073,2.33,4.05,否,0.51,0.0,18.421,17.904,13.924,否,88000000,22000000,1468720000.0,367180000.0,38.162894,2.989812,3.780426,2.66,2.47,2.37,2.36,2.17,2.24,2.4,2012-02-17,-
2013-03-06,2654,万润科技,文化传媒,2.71,2.75,2.67,2.74,2.67,2434352,40889212.58,11.065236,1.498,2.88,否,0.52,-0.725,21.239,18.103,15.612,否,88000000,22000000,1490720000.0,372680000.0,38.734537,3.034596,3.837053,2.71,2.51,2.39,2.37,2.19,2.24,2.4,2012-02-17,-
2013-03-07,2654,万润科技,文化传媒,2.7,2.74,2.62,2.63,2.62,2293674,37962601.52,10.425791,-3.955,4.31,否,0.48,-0.379,6.048,16.372,15.859,否,88000000,22000000,1431760000.0,357940000.0,37.202534,2.914574,3.685292,2.69,2.55,2.41,2.37,2.21,2.24,2.4,2012-02-17,-
2013-03-08,2654,万润科技,文化传媒,2.64,2.66,2.6,2.61,2.6,1179304,19127362.09,5.360473,-1.045,2.4,否,0.35,-3.333,-3.333,15.487,13.478,否,88000000,22000000,1416800000.0,354200000.0,36.813816,2.88412,3.646786,2.66,2.58,2.43,2.38,2.22,2.25,2.4,2012-02-17,-
2013-03-11,2654,万润科技,文化传媒,2.61,2.62,2.58,2.6,2.58,1091322,17563335.86,4.960555,-0.186,1.68,否,0.47,-5.109,-5.797,14.035,18.721,否,88000000,22000000,1414160000.0,353540000.0,36.745219,2.878746,3.63999,2.66,2.61,2.45,2.39,2.23,2.25,2.4,2012-02-17,-
2013-03-12,2654,万润科技,文化传媒,2.6,2.62,2.47,2.52,2.47,1976733,30896696.61,8.98515,-3.298,5.72,否,1.07,-4.183,-4.545,11.504,14.545,否,88000000,22000000,1367520000.0,341880000.0,35.533336,2.783803,3.519941,2.62,2.64,2.47,2.4,2.25,2.25,2.4,2012-02-17,-
2013-03-13,2654,万润科技,文化传媒,2.49,2.57,2.49,2.57,2.49,1021048,15989813.8,4.641127,1.995,3.41,否,0.57,-1.533,-4.815,3.629,13.216,否,88000000,22000000,1394800000.0,348700000.0,36.242173,2.839336,3.590159,2.59,2.65,2.48,2.4,2.26,2.25,2.4,2012-02-17,-
2013-03-14,2654,万润科技,文化传媒,2.55,2.59,2.53,2.55,2.53,837243,13209422.83,3.80565,-0.631,2.33,否,0.55,-1.923,-6.934,-5.556,13.333,否,88000000,22000000,1386000000.0,346500000.0,36.013516,2.821422,3.567508,2.57,2.63,2.49,2.41,2.27,2.25,2.4,2012-02-17,-
2013-03-15,2654,万润科技,文化传媒,2.58,2.61,2.55,2.56,2.55,1314799,20889136.75,5.976359,0.191,2.54,否,1.08,1.587,-2.662,-7.246,14.286,否,88000000,22000000,1388640000.0,347160000.0,36.082113,2.802651,3.574303,2.56,2.61,2.51,2.42,2.28,2.26,2.4,2012-02-17,-
2013-03-18,2654,万润科技,文化传媒,2.56,2.56,2.51,2.52,2.51,607030,9511530.0,2.759227,-1.331,1.96,否,0.49,-1.946,-3.448,-4.545,14.027,否,88000000,22000000,1370160000.0,342540000.0,35.601933,2.765353,3.526736,2.54,2.6,2.51,2.43,2.29,2.26,2.39,2012-02-17,-
2013-03-19,2654,万润科技,文化传媒,2.51,2.53,2.46,2.48,2.46,983600,15069779.0,4.470909,-1.67,3.02,否,0.85,-2.745,-4.615,-8.148,10.222,否,88000000,22000000,1347280000.0,336820000.0,35.007424,2.719175,3.467844,2.54,2.58,2.52,2.44,2.3,2.26,2.39,2012-02-17,-
2013-03-20,2654,万润科技,文化传媒,2.48,2.54,2.46,2.54,2.46,1002599,15572775.0,4.557268,2.547,3.2,否,1.05,-0.781,0.794,-7.299,11.404,否,88000000,22000000,1381600000.0,345400000.0,35.899187,2.788442,3.556182,2.53,2.56,2.53,2.45,2.31,2.26,2.39,2012-02-17,-
2013-03-21,2654,万润科技,文化传媒,2.53,2.6,2.53,2.59,2.53,1134818,18068196.0,5.158264,1.783,2.8,否,1.2,2.778,0.778,-1.521,13.596,否,88000000,22000000,1406240000.0,351560000.0,36.539428,2.838172,3.619605,2.54,2.55,2.55,2.46,2.33,2.26,2.39,2012-02-17,-
2013-03-22,2654,万润科技,文化传媒,2.58,2.6,2.56,2.59,2.56,740970,11822048.0,3.368045,0.125,1.38,否,0.73,4.435,1.569,-0.766,11.638,否,88000000,22000000,1408000000.0,352000000.0,36.585159,2.841724,3.624135,2.54,2.55,2.57,2.47,2.34,2.26,2.39,2012-02-17,-
2013-03-25,2654,万润科技,文化传媒,2.6,2.62,2.54,2.57,2.54,686982,10894470.0,3.122645,-0.938,2.75,否,0.77,1.181,0.391,-1.154,8.439,否,88000000,22000000,1394800000.0,348700000.0,36.242173,2.815083,3.590159,2.55,2.55,2.58,2.48,2.35,2.26,2.38,2012-02-17,-
2013-03-26,2654,万润科技,文化传媒,2.57,2.57,2.49,2.52,2.49,822869,12781300.0,3.740314,-1.893,2.97,否,0.9,-2.703,0.0,0.0,10.044,否,88000000,22000000,1368400000.0,342100000.0,35.556202,2.761801,3.522206,2.56,2.55,2.59,2.49,2.36,2.26,2.38,2012-02-17,-
2013-03-27,2654,万润科技,文化传媒,2.54,2.61,2.5,2.61,2.5,1258550,19939804.0,5.720682,3.666,4.44,否,1.43,0.772,5.242,1.556,12.5,否,88000000,22000000,1418560000.0,354640000.0,36.859548,2.863037,3.651316,2.58,2.55,2.6,2.5,2.37,2.27,2.38,2012-02-17,-
2013-03-28,2654,万润科技,文化传媒,2.6,2.6,2.51,2.55,2.51,1126105,17769964.0,5.118659,-2.357,3.16,否,1.21,-0.778,0.394,0.0,12.832,否,88000000,22000000,1385120000.0,346280000.0,35.99065,2.795546,3.565243,2.57,2.55,2.59,2.51,2.38,2.27,2.38,2012-02-17,-
2013-03-29,2654,万润科技,文化传媒,2.57,2.59,2.53,2.53,2.53,408293,6421711.0,1.855877,-0.572,2.35,否,0.44,0.397,-2.317,-1.172,11.947,否,88000000,22000000,1377200000.0,344300000.0,35.784859,2.779562,3.544857,2.56,2.55,2.58,2.52,2.39,2.27,2.38,2012-02-17,-
2013-04-01,2654,万润科技,文化传媒,2.53,2.61,2.52,2.59,2.52,654487,10418389.0,2.974941,2.109,3.45,否,0.76,-0.766,0.0,2.778,13.596,否,88000000,22000000,1406240000.0,351560000.0,36.539428,2.838172,3.619605,2.56,2.56,2.58,2.53,2.4,2.27,2.37,2012-02-17,-
2013-04-02,2654,万润科技,文化传媒,2.62,2.62,2.52,2.52,2.52,771196,12168230.0,3.505436,-2.503,3.63,否,0.9,-1.176,-1.946,1.613,11.504,否,88000000,22000000,1371040000.0,342760000.0,35.624799,2.767129,3.529001,2.56,2.56,2.57,2.54,2.41,2.27,2.37,2012-02-17,-
2013-04-03,2654,万润科技,文化传媒,2.51,2.53,2.44,2.46,2.44,619549,9451956.0,2.816132,-2.375,3.79,否,0.73,-2.767,-2.381,-3.15,-0.806,否,88000000,22000000,1338480000.0,334620000.0,34.778767,2.701414,3.445193,2.53,2.55,2.56,2.54,2.41,2.28,2.37,2012-02-17,-
2013-04-08,2654,万润科技,文化传媒,2.4,2.47,2.4,2.47,2.4,446931,6737040.0,2.031505,0.197,3.09,否,0.62,-4.633,-5.364,-4.633,-8.519,否,88000000,22000000,1341120000.0,335280000.0,34.847364,2.706743,3.451988,2.51,2.54,2.55,2.55,2.42,2.28,2.37,2012-02-17,-
2013-04-09,2654,万润科技,文化传媒,2.44,2.49,2.44,2.49,2.44,238390,3652253.0,1.083591,0.787,2.23,否,0.41,-1.19,-2.353,-3.861,-9.783,否,88000000,22000000,1351680000.0,337920000.0,35.121753,2.728055,3.479169,2.51,2.53,2.54,2.55,2.42,2.28,2.37,2012-02-17,-
2013-04-10,2654,万润科技,文化传媒,2.49,2.49,2.44,2.46,2.44,257000,3908130.0,1.168182,-1.042,2.02,否,0.47,0.0,-2.767,-4.28,-6.818,否,88000000,22000000,1337600000.0,334400000.0,34.755901,2.699638,3.442928,2.48,2.52,2.53,2.56,2.43,2.28,2.36,2012-02-17,-
2013-04-11,2654,万润科技,文化传媒,2.48,2.49,2.45,2.46,2.45,240704,3658572.0,1.094109,-0.197,1.38,否,0.52,-0.405,-5.019,-2.381,-8.889,否,88000000,22000000,1334960000.0,333740000.0,34.687304,2.69431,3.436133,2.47,2.51,2.53,2.57,2.44,2.28,2.36,2012-02-17,-
2013-04-12,2654,万润科技,文化传媒,2.45,2.47,2.43,2.44,2.43,229939,3483365.0,1.045177,-0.659,1.52,否,0.64,-2.008,-3.175,-6.513,-10.949,否,88000000,22000000,1326160000.0,331540000.0,34.458647,2.676549,3.413482,2.46,2.5,2.53,2.57,2.44,2.28,2.36,2012-02-17,-
2013-04-15,2654,万润科技,文化传媒,2.43,2.44,2.33,2.35,2.33,456969,6662945.0,2.077132,-3.782,4.31,否,1.62,-4.472,-4.472,-7.843,-10.646,否,88000000,22000000,1276000000.0,319000000.0,33.155301,2.575313,3.284372,2.44,2.48,2.52,2.55,2.44,2.28,2.36,2012-02-17,-
2013-04-16,2654,万润科技,文化传媒,2.34,2.41,2.3,2.4,2.3,306309,4456969.0,1.392314,2.345,4.48,否,1.08,-2.439,-2.834,-5.138,-8.046,否,88000000,22000000,1305920000.0,326480000.0,33.932735,2.635699,3.361385,2.42,2.46,2.51,2.54,2.44,2.28,2.36,2012-02-17,-
2013-04-17,2654,万润科技,文化传媒,2.44,2.59,2.44,2.54,2.44,1459760,22835524.0,6.635273,5.593,6.27,否,4.9,4.098,2.008,-1.931,-2.308,否,88000000,22000000,1378960000.0,344740000.0,35.83059,2.783114,3.549387,2.44,2.46,2.51,2.54,2.44,2.28,2.36,2012-02-17,-
2013-04-18,2654,万润科技,文化传媒,2.51,2.58,2.46,2.54,2.46,840213,13122064.0,3.81915,0.064,4.59,否,1.56,8.085,3.252,0.794,0.794,否,88000000,22000000,1379840000.0,344960000.0,35.853456,2.78489,3.551652,2.45,2.46,2.51,2.53,2.45,2.28,2.36,2012-02-17,-
2013-04-19,2654,万润科技,文化传媒,2.54,2.62,2.53,2.61,2.53,1717686,27434002.0,7.807664,2.679,3.51,否,2.61,8.75,6.098,6.098,1.556,否,88000000,22000000,1416800000.0,354200000.0,36.813816,2.859485,3.646786,2.49,2.48,2.51,2.53,2.45,2.28,2.36,2012-02-17,-
2013-04-22,2654,万润科技,文化传媒,2.59,2.74,2.59,2.74,2.59,3214884,53624536.0,14.613109,5.093,5.9,否,3.36,7.874,12.295,10.931,7.451,否,88000000,22000000,1488960000.0,372240000.0,38.688806,3.005124,3.832523,2.57,2.5,2.52,2.53,2.45,2.28,2.36,2012-02-17,-
2013-04-23,2654,万润科技,文化传媒,2.73,2.79,2.66,2.76,2.66,4770883,80713528.0,21.685832,0.709,4.91,否,3.16,8.661,17.447,10.843,7.813,否,88000000,22000000,1499520000.0,374880000.0,38.963195,3.026437,3.859704,2.64,2.53,2.53,2.54,2.46,2.28,2.36,2012-02-17,-
2013-04-24,2654,万润科技,文化传媒,2.77,3.04,2.69,3.02,2.69,18313347,164071712.0,41.621243,9.563,12.4,否,7.63,15.709,25.833,22.764,19.841,否,176000000,44000000,1633280000.0,408320000.0,42.438785,3.2964,4.203996,2.73,2.59,2.55,2.55,2.47,2.29,2.36,2012-02-17,-
2013-04-25,2654,万润科技,文化传媒,2.93,3.19,2.87,2.88,2.87,16470255,152348576.0,37.432398,-4.849,10.78,否,2.85,5.109,13.386,17.073,16.129,否,176000000,44000000,1554080000.0,388520000.0,40.380869,3.136553,4.000139,2.8,2.63,2.57,2.56,2.48,2.29,2.36,2012-02-17,-
2013-04-26,2654,万润科技,文化传媒,2.84,2.96,2.65,2.85,2.65,10665075,92046304.0,24.238807,-0.906,10.76,否,1.2,3.261,12.205,16.803,12.205,否,176000000,44000000,1540000000.0,385000000.0,41.336557,3.041375,3.984737,2.85,2.67,2.58,2.57,2.49,2.3,2.36,2012-02-17,-
2013-05-02,2654,万润科技,文化传媒,2.81,2.9,2.67,2.86,2.67,5623266,48453088.0,12.78015,0.343,7.77,否,0.53,-5.298,9.579,21.702,10.425,否,176000000,44000000,1545280000.0,386320000.0,41.478282,3.051802,3.998399,2.87,2.72,2.6,2.58,2.5,2.3,2.36,2012-02-17,-
2013-05-03,2654,万润科技,文化传媒,2.84,2.99,2.82,2.89,2.82,8342568,74414632.0,18.960382,1.139,5.92,否,0.75,0.347,5.474,20.417,11.583,否,176000000,44000000,1562880000.0,390720000.0,41.9507,3.086561,4.043938,2.9,2.77,2.62,2.59,2.51,2.3,2.36,2012-02-17,-
2013-05-06,2654,万润科技,文化传媒,2.84,3.13,2.82,3.06,2.82,12164285,111320464.0,27.646102,5.856,10.59,否,1.02,7.368,10.87,20.472,19.066,否,176000000,44000000,1654400000.0,413600000.0,44.407272,3.267306,4.280746,2.91,2.82,2.64,2.61,2.52,2.31,2.36,2012-02-17,-
2013-05-07,2654,万润科技,文化传媒,3.04,3.12,2.99,3.0,2.99,10962568,102228448.0,24.914927,-2.128,4.15,否,1.03,4.895,-0.662,18.11,19.048,否,176000000,44000000,1619200000.0,404800000.0,43.462437,3.197788,4.189666,2.93,2.87,2.66,2.63,2.53,2.31,2.36,2012-02-17,-
2013-05-08,2654,万润科技,文化传媒,2.97,3.06,2.91,2.96,2.91,9134507,82958960.0,20.760243,-1.196,5.11,否,0.96,2.422,2.778,13.41,13.41,否,176000000,44000000,1599840000.0,399960000.0,42.942777,3.159554,4.139572,2.95,2.9,2.69,2.64,2.55,2.32,2.36,2012-02-17,-
2013-05-09,2654,万润科技,文化传媒,2.94,3.02,2.93,3.02,2.93,7678320,70225880.0,17.450727,1.87,3.08,否,0.83,-1.307,5.965,10.219,18.431,否,176000000,44000000,1629760000.0,407440000.0,43.745887,3.218644,4.21699,2.99,2.93,2.72,2.66,2.56,2.32,2.37,2012-02-17,-
2013-05-10,2654,万润科技,文化传媒,2.99,2.99,2.9,2.95,2.9,5920482,53422628.0,13.455641,-2.268,2.92,否,0.61,-1.667,3.147,6.884,16.601,否,176000000,44000000,1592800000.0,398200000.0,42.75381,3.145651,4.121356,3.0,2.95,2.74,2.67,2.57,2.32,2.37,2012-02-17,-
2013-05-13,2654,万润科技,文化传媒,2.94,2.95,2.87,2.89,2.87,4306980,38273836.0,9.788591,-1.879,2.98,否,0.47,-2.365,0.0,-4.305,11.583,否,176000000,44000000,1562880000.0,390720000.0,41.9507,3.086561,4.043938,2.96,2.94,2.76,2.68,2.58,2.33,2.37,2012-02-17,-
2013-05-14,2654,万润科技,文化传媒,2.93,2.93,2.78,2.8,2.78,3661788,31774984.0,8.322245,-3.153,5.07,否,0.48,-7.285,-8.497,-2.778,11.111,否,176000000,44000000,1513600000.0,378400000.0,40.62793,2.989237,3.916427,2.92,2.93,2.78,2.69,2.59,2.33,2.37,2012-02-17,-
2013-05-15,2654,万润科技,文化传媒,2.82,2.95,2.8,2.94,2.8,5428525,48163664.0,12.337557,5.0,5.23,否,0.88,-0.339,-2.0,3.158,19.512,否,176000000,44000000,1589280000.0,397320000.0,42.659327,3.138699,4.112248,2.92,2.94,2.8,2.7,2.6,2.34,2.37,2012-02-17,-
2013-05-16,2654,万润科技,文化传媒,2.93,2.97,2.89,2.91,2.89,5021961,45123056.0,11.413548,-1.107,2.66,否,0.93,0.692,-1.689,1.748,17.814,否,176000000,44000000,1571680000.0,392920000.0,42.186909,3.10394,4.066708,2.9,2.94,2.83,2.71,2.61,2.35,2.37,2012-02-17,-
2013-05-17,2654,万润科技,文化传媒,2.91,3.14,2.87,3.06,2.87,10639810,99131192.0,24.181386,5.039,9.41,否,2.19,9.286,1.325,5.882,22.892,否,176000000,44000000,1650880000.0,412720000.0,44.312789,3.260354,4.271638,2.92,2.96,2.86,2.73,2.63,2.35,2.37,2012-02-17,-
2013-05-20,2654,万润科技,文化传媒,3.07,3.23,3.07,3.23,3.07,13001613,126105536.0,29.54912,5.544,5.01,否,2.24,9.864,9.492,5.556,31.301,否,176000000,44000000,1742400000.0,435600000.0,46.769361,3.441098,4.508445,2.99,2.98,2.9,2.75,2.64,2.36,2.37,2012-02-17,-
2013-05-21,2654,万润科技,文化传媒,3.24,3.31,3.14,3.29,3.14,10250458,101718432.0,23.296495,1.919,5.25,否,1.36,13.058,13.841,9.667,33.74,否,176000000,44000000,1775840000.0,443960000.0,47.666955,3.50714,4.594971,3.09,3.01,2.94,2.78,2.66,2.37,2.37,2012-02-17,-
2013-05-22,2654,万润科技,文化传媒,3.29,3.29,3.14,3.16,3.14,6474622,63505548.0,14.71505,-3.964,4.46,否,0.73,3.268,12.857,6.757,29.508,否,176000000,44000000,1705440000.0,426360000.0,45.777284,3.368105,4.412811,3.13,3.03,2.96,2.8,2.67,2.38,2.38,2012-02-17,-
2013-05-23,2654,万润科技,文化传媒,3.13,3.24,3.11,3.12,3.11,5110002,49886272.0,11.613641,-1.135,4.13,否,0.56,-3.406,6.122,3.311,32.766,否,176000000,44000000,1686080000.0,421520000.0,45.257624,3.329871,4.362717,3.17,3.04,2.98,2.82,2.68,2.39,2.38,2012-02-17,-
2013-05-24,2654,万润科技,文化传媒,3.12,3.3,3.11,3.27,3.11,6860995,67895336.0,15.59317,4.697,5.95,否,0.75,-0.608,12.371,10.847,36.25,否,176000000,44000000,1765280000.0,441320000.0,47.383504,3.486285,4.567647,3.21,3.07,3.01,2.85,2.7,2.4,2.38,2012-02-17,-
2013-05-27,2654,万润科技,文化传媒,3.24,3.28,3.18,3.23,3.18,5439648,53788952.0,12.362836,-1.196,3.19,否,0.65,2.215,5.556,11.765,27.165,否,176000000,44000000,1744160000.0,436040000.0,46.816603,3.444574,4.512999,3.21,3.1,3.02,2.87,2.72,2.41,2.38,2012-02-17,-
2013-05-28,2654,万润科技,文化传媒,3.21,3.21,3.08,3.12,3.08,4469271,43096600.0,10.157434,-3.229,4.14,否,0.65,0.0,-3.406,11.429,22.835,否,176000000,44000000,1687840000.0,421960000.0,45.304866,3.333347,4.367271,3.18,3.13,3.03,2.9,2.73,2.42,2.39,2012-02-17,-
2013-05-29,2654,万润科技,文化传媒,3.12,3.27,3.12,3.22,3.12,5329767,52614668.0,12.113107,3.024,4.8,否,0.94,-1.529,-2.128,9.524,23.372,否,176000000,44000000,1738880000.0,434720000.0,46.674878,3.434147,4.499337,3.19,3.16,3.05,2.92,2.74,2.43,2.39,2012-02-17,-
2013-05-30,2654,万润科技,文化传媒,3.22,3.23,3.14,3.21,3.14,3643347,35587820.0,8.280334,-0.304,2.63,否,0.67,-0.619,1.582,10.309,17.153,否,176000000,44000000,1733600000.0,433400000.0,46.533152,3.423719,4.485675,3.21,3.19,3.07,2.95,2.75,2.44,2.39,2012-02-17,-
2013-05-31,2654,万润科技,文化传媒,3.21,3.21,3.13,3.15,3.13,2973360,28852096.0,6.757636,-1.726,2.44,否,0.58,0.962,0.962,2.941,14.13,否,176000000,44000000,1703680000.0,425920000.0,45.730042,3.36463,4.408257,3.19,3.2,3.08,2.98,2.76,2.45,2.39,2012-02-17,-
2013-06-03,2654,万润科技,文化传媒,3.14,3.17,3.1,3.11,3.1,2237910,21450660.0,5.086159,-1.446,2.38,否,0.51,-3.416,-4.893,-3.715,2.98,否,176000000,44000000,1679040000.0,419760000.0,45.068657,3.315968,4.344501,3.16,3.19,3.08,3.0,2.77,2.46,2.39,2012-02-17,-
2013-06-04,2654,万润科技,文化传媒,3.11,3.13,2.85,2.93,2.85,3556656,32583982.0,8.083309,-5.765,8.91,否,0.95,-8.723,-9.288,-10.942,1.736,否,176000000,44000000,1582240000.0,395560000.0,42.470359,3.124795,4.094032,3.12,3.15,3.08,3.01,2.77,2.47,2.4,2012-02-17,-
2013-06-05,2654,万润科技,文化传媒,2.93,3.0,2.88,2.91,2.88,2140430,19268484.0,4.864614,-0.667,4.0,否,0.6,-7.619,-6.731,-7.911,2.105,否,176000000,44000000,1571680000.0,392920000.0,42.186909,3.10394,4.066708,3.06,3.13,3.08,3.02,2.77,2.48,2.4,2012-02-17,-
2013-06-06,2654,万润科技,文化传媒,2.9,2.9,2.83,2.84,2.83,1544811,13539471.0,3.510934,-2.352,2.46,否,0.53,-8.682,-11.801,-8.974,-0.699,否,176000000,44000000,1534720000.0,383680000.0,41.194831,3.030947,3.971075,2.99,3.1,3.07,3.02,2.78,2.49,2.4,2012-02-17,-
2013-06-07,2654,万润科技,文化传媒,2.86,2.86,2.7,2.72,2.7,2763233,23403182.0,6.280075,-4.128,5.62,否,1.11,-7.167,-15.265,-16.82,-5.882,否,176000000,44000000,1471360000.0,367840000.0,39.494127,2.905816,3.807131,2.9,3.04,3.06,3.02,2.78,2.5,2.4,2012-02-17,-
2013-06-13,2654,万润科技,文化传媒,2.65,2.67,2.52,2.65,2.52,1539769,12355229.0,3.499475,-2.512,5.26,否,0.63,-8.935,-15.873,-17.957,-13.399,否,176000000,44000000,1434400000.0,358600000.0,38.50205,2.832823,3.711498,2.81,2.99,3.04,3.01,2.78,2.51,2.4,2012-02-17,-
2013-06-14,2654,万润科技,文化传媒,2.65,2.79,2.62,2.78,2.62,2501359,21006012.0,5.684907,4.54,6.5,否,1.08,-2.113,-10.611,-10.897,-7.333,否,176000000,44000000,1499520000.0,374880000.0,40.249996,2.96143,3.879995,2.78,2.95,3.04,3.0,2.78,2.52,2.4,2012-02-17,-
2013-06-17,2654,万润科技,文化传媒,2.8,2.82,2.74,2.77,2.74,1336185,11406490.0,3.036784,-0.117,2.7,否,0.64,1.838,-5.461,-13.975,-6.419,否,176000000,44000000,1497760000.0,374440000.0,40.202754,2.957954,3.875441,2.75,2.91,3.03,3.0,2.79,2.52,2.4,2012-02-17,-
2013-06-18,2654,万润科技,文化传媒,2.79,2.8,2.69,2.74,2.69,1437890,12119711.0,3.267932,-1.175,3.88,否,0.74,3.396,-5.842,-14.642,-9.272,否,176000000,44000000,1480160000.0,370040000.0,39.730336,2.923196,3.829901,2.73,2.86,3.03,3.0,2.79,2.53,2.4,2012-02-17,-
2013-06-19,2654,万润科技,文化传媒,2.76,2.76,2.67,2.71,2.67,1432817,11841754.0,3.256402,-1.189,3.33,否,0.75,-2.518,-4.577,-13.968,-8.136,否,176000000,44000000,1462560000.0,365640000.0,39.257918,2.888437,3.784361,2.73,2.82,3.01,2.99,2.79,2.54,2.4,2012-02-17,-
2013-06-20,2654,万润科技,文化传媒,2.69,2.75,2.61,2.62,2.61,1214729,10013846.0,2.760748,-3.129,5.29,否,0.74,-5.415,-3.676,-15.756,-9.343,否,176000000,44000000,1416800000.0,354200000.0,38.029632,2.798065,3.665958,2.72,2.77,2.98,2.98,2.79,2.54,2.4,2012-02-17,-
2013-06-21,2654,万润科技,文化传媒,2.58,2.7,2.58,2.69,2.58,1368668,11206012.0,3.110609,2.609,4.72,否,0.86,-1.825,1.509,-8.191,-3.929,否,176000000,44000000,1453760000.0,363440000.0,39.02171,2.871058,3.761591,2.71,2.74,2.95,2.97,2.8,2.55,2.4,2012-02-17,-
2013-06-24,2654,万润科技,文化传媒,2.69,2.69,2.48,2.53,2.48,1484806,11808169.0,3.374559,-6.053,7.87,否,1.09,-6.642,-8.993,-13.058,-13.946,否,176000000,44000000,1365760000.0,341440000.0,36.659621,2.697265,3.533892,2.66,2.71,2.92,2.95,2.8,2.56,2.41,2012-02-17,-
2013-06-25,2654,万润科技,文化传媒,2.46,2.6,2.31,2.57,2.31,2044362,15503925.0,4.646277,1.675,11.6,否,1.47,-1.908,-7.22,-9.507,-11.684,否,176000000,44000000,1388640000.0,347160000.0,37.273764,2.742451,3.593094,2.62,2.68,2.89,2.94,2.8,2.56,2.41,2012-02-17,-
2013-06-26,2654,万润科技,文化传媒,2.57,2.71,2.52,2.69,2.52,2643296,21178438.0,6.007491,4.563,7.35,否,1.75,0.0,-1.825,-1.103,-12.092,否,176000000,44000000,1452000000.0,363000000.0,38.974468,2.867582,3.757037,2.62,2.68,2.86,2.93,2.8,2.57,2.41,2012-02-17,-
2013-06-27,2654,万润科技,文化传媒,2.68,2.71,2.58,2.59,2.58,2422361,19719696.0,5.505366,-3.515,4.97,否,1.38,2.372,-4.428,-2.264,-19.814,否,176000000,44000000,1400960000.0,350240000.0,37.604456,2.766782,3.624972,2.61,2.67,2.83,2.92,2.8,2.57,2.41,2012-02-17,-
2013-06-28,2654,万润科技,文化传媒,2.56,2.64,2.48,2.53,2.48,1624920,12800606.0,3.693,-2.261,6.16,否,0.82,-1.556,-3.435,-8.993,-23.1,否,176000000,44000000,1369280000.0,342320000.0,36.754104,2.704217,3.543,2.58,2.64,2.8,2.91,2.8,2.58,2.41,2012-02-17,-
2013-07-01,2654,万润科技,文化传媒,2.53,2.58,2.49,2.57,2.49,1146334,8943274.0,2.605305,1.414,3.73,否,0.56,-4.461,-4.461,-7.22,-18.671,否,176000000,44000000,1388640000.0,347160000.0,37.273764,2.742451,3.593094,2.59,2.62,2.77,2.9,2.8,2.59,2.41,2012-02-17,-
2013-07-02,2654,万润科技,文化传媒,2.57,2.64,2.53,2.64,2.53,1873294,14928335.0,4.257486,2.788,4.18,否,0.95,1.931,4.348,-3.65,-15.385,否,176000000,44000000,1427360000.0,356840000.0,38.313083,2.81892,3.693282,2.6,2.61,2.74,2.89,2.8,2.59,2.41,2012-02-17,-
2013-07-03,2654,万润科技,文化传媒,2.62,2.65,2.53,2.62,2.53,1731224,13797227.0,3.9346,-0.74,4.32,否,0.89,3.557,1.946,-3.321,-19.878,否,176000000,44000000,1416800000.0,354200000.0,38.029632,2.798065,3.665958,2.59,2.61,2.71,2.87,2.8,2.6,2.41,2012-02-17,-
2013-07-04,2654,万润科技,文化传媒,2.61,2.67,2.58,2.64,2.58,1573746,12743106.0,3.576695,0.621,3.35,否,0.89,2.724,-1.859,0.763,-18.266,否,176000000,44000000,1425600000.0,356400000.0,38.265841,2.815444,3.688728,2.6,2.61,2.69,2.85,2.8,2.6,2.41,2012-02-17,-
2013-07-05,2654,万润科技,文化传媒,2.66,2.67,2.61,2.61,2.61,1573067,12740057.0,3.575152,-1.235,2.47,否,0.99,-1.136,0.772,-2.974,-16.346,否,176000000,44000000,1408000000.0,352000000.0,37.793423,2.780686,3.643188,2.62,2.6,2.67,2.83,2.8,2.61,2.41,2012-02-17,-
2013-07-08,2654,万润科技,文化传媒,2.56,2.56,2.44,2.44,2.44,1535871,11749537.0,3.490616,-6.5,4.63,否,0.97,-6.87,-3.557,-3.557,-24.224,否,176000000,44000000,1316480000.0,329120000.0,35.336851,2.599941,3.406381,2.59,2.59,2.65,2.81,2.8,2.61,2.41,2012-02-17,-
2013-07-09,2654,万润科技,文化传媒,2.44,2.46,2.4,2.41,2.4,740649,5512379.0,1.683293,-1.07,2.27,否,0.45,-8.712,-6.226,-6.226,-24.922,否,176000000,44000000,1302400000.0,325600000.0,34.958917,2.572134,3.369949,2.54,2.57,2.63,2.78,2.8,2.61,2.41,2012-02-17,-
2013-07-10,2654,万润科技,文化传媒,2.44,2.49,2.42,2.49,2.42,1001121,7552698.0,2.275275,3.108,2.97,否,0.7,-4.598,-5.682,-7.435,-20.952,否,176000000,44000000,1342880000.0,335720000.0,36.045477,2.652079,3.47469,2.52,2.55,2.61,2.76,2.8,2.61,2.41,2012-02-17,-
2013-07-11,2654,万润科技,文化传媒,2.49,2.58,2.48,2.57,2.48,1840144,14352634.0,4.182145,3.277,4.06,否,1.43,5.328,-1.908,-0.772,-17.363,否,176000000,44000000,1386880000.0,346720000.0,37.226522,2.738975,3.58854,2.5,2.55,2.61,2.74,2.81,2.62,2.41,2012-02-17,-
2013-07-12,2654,万润科技,文化传媒,2.57,2.59,2.49,2.5,2.49,1739498,13598356.0,3.953405,-2.665,3.81,否,1.3,3.734,-5.303,-1.186,-14.676,否,176000000,44000000,1349920000.0,337480000.0,36.234445,2.665982,3.492906,2.48,2.55,2.6,2.72,2.81,2.62,2.41,2012-02-17,-
2013-07-15,2654,万润科技,文化传媒,2.5,2.6,2.49,2.6,2.49,1927084,15176578.0,4.379736,4.042,4.3,否,1.41,4.418,-0.383,1.167,-10.653,否,176000000,44000000,1404480000.0,351120000.0,37.69894,2.773734,3.63408,2.51,2.55,2.59,2.69,2.81,2.62,2.41,2012-02-17,-
2013-07-16,2654,万润科技,文化传媒,2.62,2.68,2.58,2.67,2.58,2496735,20163840.0,5.674398,2.882,3.88,否,1.72,3.891,9.426,1.136,-5.986,否,176000000,44000000,1444960000.0,361240000.0,38.785501,2.853679,3.738821,2.57,2.56,2.58,2.68,2.81,2.63,2.41,2012-02-17,-
2013-07-17,2654,万润科技,文化传媒,2.66,2.73,2.65,2.68,2.65,2906769,23960848.0,6.606293,0.244,3.17,否,1.61,7.2,11.203,2.29,-1.471,否,176000000,44000000,1448480000.0,362120000.0,38.879984,2.86063,3.747929,2.6,2.56,2.58,2.66,2.82,2.63,2.41,2012-02-17,-
2013-07-18,2654,万润科技,文化传媒,2.67,2.7,2.63,2.7,2.63,2197146,18019472.0,4.993514,0.851,2.92,否,1.01,3.846,8.434,2.273,1.887,否,176000000,44000000,1460800000.0,365200000.0,39.210677,2.884961,3.779807,2.63,2.57,2.59,2.65,2.82,2.63,2.41,2012-02-17,-
2013-07-19,2654,万润科技,文化传媒,2.7,2.72,2.61,2.61,2.61,2456217,20117556.0,5.582311,-3.615,4.34,否,1.09,-2.247,1.556,0.0,-6.115,否,176000000,44000000,1408000000.0,352000000.0,37.793423,2.780686,3.643188,2.65,2.57,2.58,2.64,2.82,2.63,2.41,2012-02-17,-
2013-07-22,2654,万润科技,文化传媒,2.58,2.65,2.52,2.65,2.52,1410064,11243431.0,3.204691,1.5,5.0,否,0.59,-1.119,6.0,8.607,-4.332,否,176000000,44000000,1429120000.0,357280000.0,38.360325,2.822396,3.697836,2.66,2.59,2.59,2.63,2.82,2.64,2.41,2012-02-17,-
2013-07-23,2654,万润科技,文化传媒,2.64,2.72,2.64,2.71,2.64,2558209,21182294.0,5.814111,2.463,2.96,否,1.12,0.37,4.231,12.448,-1.095,否,176000000,44000000,1464320000.0,366080000.0,39.30516,2.891913,3.788915,2.67,2.62,2.6,2.62,2.82,2.64,2.41,2012-02-17,-
2013-07-24,2654,万润科技,文化传媒,2.7,2.91,2.7,2.87,2.7,6115492,52948800.0,13.898845,5.769,7.81,否,2.65,9.962,7.491,15.261,5.904,否,176000000,44000000,1548800000.0,387200000.0,41.572766,3.058754,4.007507,2.71,2.66,2.61,2.63,2.82,2.64,2.41,2012-02-17,-
2013-07-25,2654,万润科技,文化传媒,2.85,2.86,2.74,2.77,2.74,3319463,28524406.0,7.544234,-3.409,4.2,否,1.13,4.528,3.358,7.782,5.725,否,176000000,44000000,1496000000.0,374000000.0,40.155512,2.954478,3.870887,2.72,2.68,2.61,2.63,2.82,2.65,2.41,2012-02-17,-
2013-07-26,2654,万润科技,文化传媒,2.77,2.9,2.75,2.88,2.75,3159148,27448152.0,7.179882,4.118,5.41,否,1.0,6.273,6.667,15.2,7.063,否,176000000,44000000,1557600000.0,389400000.0,41.808974,3.076133,4.030276,2.78,2.71,2.63,2.64,2.82,2.65,2.42,2012-02-17,-
2013-07-29,2654,万润科技,文化传媒,2.87,3.0,2.85,2.97,2.85,6021955,54583352.0,13.686261,3.051,5.2,否,1.82,3.484,13.793,14.231,17.391,否,176000000,44000000,1605120000.0,401280000.0,43.084503,3.169982,4.153234,2.84,2.75,2.65,2.64,2.82,2.65,2.42,2012-02-17,-
2013-07-30,2654,万润科技,文化传媒,2.95,2.99,2.8,2.9,2.8,3656127,32581484.0,8.30938,-2.412,6.47,否,0.86,4.693,9.434,8.614,12.84,否,176000000,44000000,1566400000.0,391600000.0,42.045183,3.093513,4.053046,2.88,2.77,2.66,2.65,2.82,2.66,2.42,2012-02-17,-
2013-07-31,2654,万润科技,文化传媒,2.9,2.94,2.84,2.86,2.84,2591023,22909796.0,5.888689,-1.348,3.6,否,0.58,-0.694,5.535,6.716,6.32,否,176000000,44000000,1545280000.0,386320000.0,41.478282,3.051802,3.998399,2.88,2.79,2.68,2.65,2.82,2.66,2.42,2012-02-17,-
2013-08-01,2654,万润科技,文化传媒,2.89,2.98,2.84,2.97,2.84,3577758,32231552.0,8.131268,3.986,4.78,否,0.95,0.0,3.484,10.0,14.672,否,176000000,44000000,1606880000.0,401720000.0,43.131744,3.173457,4.157788,2.92,2.82,2.69,2.66,2.82,2.67,2.43,2012-02-17,-
2013-08-02,2654,万润科技,文化传媒,2.99,3.14,2.96,2.96,2.96,6742822,63229604.0,15.324595,-0.329,6.24,否,1.77,2.069,6.859,13.41,16.996,否,176000000,44000000,1601600000.0,400400000.0,42.990019,3.16303,4.144126,2.93,2.85,2.71,2.67,2.82,2.68,2.43,2012-02-17,-
2013-08-05,2654,万润科技,文化传媒,2.98,3.02,2.9,3.0,2.9,4114109,37604876.0,9.350248,1.099,4.07,否,0.91,4.895,4.167,13.208,16.732,否,176000000,44000000,1619200000.0,404800000.0,43.462437,3.197788,4.189666,2.94,2.89,2.74,2.69,2.82,2.68,2.43,2012-02-17,-
2013-08-06,2654,万润科技,文化传媒,2.98,3.06,2.96,3.02,2.96,3389348,31407524.0,7.703064,0.87,3.37,否,0.82,1.684,1.684,11.439,14.394,否,176000000,44000000,1633280000.0,408320000.0,43.840371,3.225595,4.226098,2.96,2.92,2.77,2.7,2.82,2.69,2.44,2012-02-17,-
2013-08-07,2654,万润科技,文化传媒,3.0,3.03,2.92,2.93,2.92,3378243,30624652.0,7.677825,-3.125,3.66,否,0.83,-1.014,1.034,2.091,11.832,否,176000000,44000000,1582240000.0,395560000.0,42.470359,3.124795,4.094032,2.98,2.93,2.79,2.71,2.82,2.7,2.44,2012-02-17,-
2013-08-08,2654,万润科技,文化传媒,2.9,2.98,2.9,2.94,2.9,2159451,19557920.0,4.907843,0.556,2.67,否,0.51,-2.0,2.797,6.137,11.364,否,176000000,44000000,1591040000.0,397760000.0,42.706568,3.142175,4.116802,2.97,2.94,2.81,2.72,2.82,2.7,2.44,2012-02-17,-
2013-08-09,2654,万润科技,文化传媒,2.97,2.98,2.91,2.96,2.91,2184111,19832808.0,4.963889,0.553,2.43,否,0.55,-1.987,-0.337,2.778,13.41,否,176000000,44000000,1599840000.0,399960000.0,42.942777,3.159554,4.139572,2.97,2.95,2.83,2.74,2.82,2.71,2.45,2012-02-17,-
2013-08-12,2654,万润科技,文化传媒,2.96,2.98,2.93,2.96,2.93,2533362,22991432.0,5.757641,0.11,1.98,否,0.83,1.024,0.0,-0.337,21.311,否,176000000,44000000,1601600000.0,400400000.0,42.990019,3.16303,4.144126,2.96,2.95,2.85,2.75,2.82,2.71,2.45,2012-02-17,-
2013-08-13,2654,万润科技,文化传媒,2.97,3.08,2.94,3.08,2.94,4948738,45898776.0,11.247132,3.846,4.73,否,1.81,4.762,2.667,6.207,27.801,否,176000000,44000000,1663200000.0,415800000.0,44.643481,3.284685,4.303516,2.97,2.97,2.87,2.77,2.83,2.72,2.45,2012-02-17,-
2013-08-14,2654,万润科技,文化传媒,3.06,3.08,2.98,3.03,2.98,3344085,31042736.0,7.600193,-1.693,3.17,否,1.1,2.365,0.331,5.944,21.687,否,176000000,44000000,1635040000.0,408760000.0,43.887613,3.229071,4.230652,2.99,2.99,2.89,2.78,2.83,2.73,2.46,2012-02-17,-
2013-08-15,2654,万润科技,文化传媒,3.05,3.05,2.93,2.94,2.93,2160967,19840440.0,4.911289,-2.799,3.77,否,0.71,-0.676,0.341,-1.01,14.397,否,176000000,44000000,1589280000.0,397320000.0,42.659327,3.138699,4.112248,2.99,2.98,2.9,2.79,2.82,2.73,2.46,2012-02-17,-
2013-08-16,2654,万润科技,文化传媒,2.94,2.98,2.81,2.81,2.81,2309325,20592880.0,5.248466,-4.319,5.76,否,0.76,-8.766,-4.422,-5.068,12.4,否,176000000,44000000,1520640000.0,380160000.0,40.816897,3.00314,3.934643,2.96,2.97,2.91,2.8,2.81,2.74,2.46,2012-02-17,-
2013-08-19,2654,万润科技,文化传媒,2.82,2.93,2.8,2.91,2.8,1213523,10738869.0,2.758007,3.357,4.28,否,0.4,-3.96,-1.689,-3.0,11.923,否,176000000,44000000,1571680000.0,392920000.0,42.186909,3.10394,4.066708,2.95,2.96,2.92,2.81,2.81,2.74,2.47,2012-02-17,-
2013-08-20,2654,万润科技,文化传媒,2.92,2.99,2.9,2.97,2.9,2107798,19069752.0,4.79045,2.24,3.14,否,0.75,1.02,0.338,-1.656,11.236,否,176000000,44000000,1606880000.0,401720000.0,43.131744,3.173457,4.157788,2.93,2.95,2.94,2.83,2.81,2.75,2.47,2012-02-17,-
2013-08-21,2654,万润科技,文化传媒,2.97,2.98,2.94,2.97,2.94,1488443,13507662.0,3.382825,-0.11,1.53,否,0.67,5.694,-3.571,1.365,10.821,否,176000000,44000000,1605120000.0,401280000.0,43.084503,3.169982,4.153234,2.92,2.96,2.94,2.85,2.8,2.75,2.47,2012-02-17,-
2013-08-22,2654,万润科技,文化传媒,2.96,2.98,2.94,2.95,2.94,1621897,14728129.0,3.68613,-0.768,1.64,否,0.87,1.375,-2.64,0.34,9.259,否,176000000,44000000,1592800000.0,398200000.0,42.75381,3.145651,4.121356,2.92,2.96,2.95,2.86,2.8,2.76,2.48,2012-02-17,-
2013-08-23,2654,万润科技,文化传媒,2.96,3.05,2.94,3.03,2.94,4431847,40861580.0,10.07238,2.652,3.65,否,2.54,2.02,3.061,2.365,16.092,否,176000000,44000000,1635040000.0,408760000.0,43.887613,3.229071,4.230652,2.97,2.97,2.96,2.88,2.8,2.76,2.48,2012-02-17,-
2013-08-26,2654,万润科技,文化传媒,3.03,3.06,2.97,3.05,2.97,3050386,28295074.0,6.932695,0.646,2.91,否,1.4,2.694,8.541,3.041,15.094,否,176000000,44000000,1645600000.0,411400000.0,44.171063,3.249926,4.257976,2.99,2.97,2.96,2.89,2.79,2.77,2.48,2012-02-17,-
2013-08-27,2654,万润科技,文化传媒,3.04,3.06,2.96,3.01,2.96,2677444,24552676.0,6.0851,-1.177,3.21,否,1.05,2.034,3.436,-2.273,11.07,否,176000000,44000000,1626240000.0,406560000.0,46.050919,3.19381,4.127058,3.0,2.97,2.97,2.9,2.79,2.77,2.49,2012-02-17,-
2013-08-28,2654,万润科技,文化传媒,2.98,3.0,2.91,2.91,2.91,2135531,19337980.0,4.85348,-3.247,3.14,否,0.8,-3.96,-2.02,-3.96,1.394,否,176000000,44000000,1573440000.0,393360000.0,44.555759,3.090115,3.993062,2.99,2.96,2.97,2.91,2.79,2.77,2.49,2012-02-17,-
2013-08-29,2654,万润科技,文化传媒,2.91,2.95,2.9,2.91,2.9,1174656,10537636.0,2.669673,0.0,1.9,否,0.42,-4.59,-2.02,-1.02,5.054,否,176000000,44000000,1573440000.0,393360000.0,44.555759,3.090115,3.993062,2.98,2.95,2.97,2.92,2.78,2.77,2.49,2012-02-17,-
2013-08-30,2654,万润科技,文化传媒,2.9,2.9,2.79,2.79,2.79,2815110,24610130.0,6.397977,-4.251,4.03,否,1.04,-7.309,-5.424,-0.712,-3.125,否,176000000,44000000,1506560000.0,376640000.0,42.66189,2.958768,3.823335,2.93,2.95,2.96,2.92,2.78,2.78,2.49,2012-02-17,-
2013-09-02,2654,万润科技,文化传媒,2.79,2.86,2.79,2.85,2.79,1177570,10224916.0,2.676295,2.103,2.57,否,0.5,-2.062,-5.941,-2.062,-4.04,否,176000000,44000000,1538240000.0,384560000.0,43.558986,3.020985,3.903732,2.89,2.94,2.95,2.93,2.78,2.78,2.5,2012-02-17,-
2013-09-03,2654,万润科技,文化传媒,2.87,2.9,2.84,2.89,2.84,805356,7094428.0,1.830355,1.602,1.95,否,0.4,-0.687,-5.246,-2.694,-0.345,否,176000000,44000000,1562880000.0,390720000.0,44.256727,3.069376,3.966263,2.87,2.94,2.94,2.94,2.78,2.78,2.5,2012-02-17,-
2013-09-04,2654,万润科技,文化传媒,2.9,2.91,2.85,2.87,2.85,777942,6875368.0,1.76805,-0.788,2.03,否,0.48,2.867,-4.651,-3.367,0.35,否,176000000,44000000,1550560000.0,387640000.0,43.907856,3.045181,3.934998,2.86,2.93,2.94,2.94,2.78,2.78,2.5,2012-02-17,-
2013-09-05,2654,万润科技,文化传媒,2.85,2.95,2.84,2.92,2.84,1492983,13387111.0,3.393143,1.816,3.86,否,1.11,2.456,0.344,-1.017,-1.684,否,176000000,44000000,1578720000.0,394680000.0,44.705275,3.100485,4.006462,2.86,2.92,2.94,2.94,2.79,2.78,2.51,2012-02-17,-
2013-09-06,2654,万润科技,文化传媒,2.9,2.93,2.88,2.91,2.88,1091194,9726221.0,2.479986,-0.557,1.78,否,0.77,0.692,0.0,-3.96,-1.689,否,176000000,44000000,1569920000.0,392480000.0,44.456082,3.083202,3.984129,2.89,2.91,2.94,2.94,2.79,2.79,2.51,2012-02-17,-
2013-09-09,2654,万润科技,文化传媒,2.91,2.94,2.89,2.93,2.89,1196883,10717723.0,2.720189,0.673,1.57,否,1.12,2.091,5.018,-3.934,-2.333,否,176000000,44000000,1580480000.0,395120000.0,44.755114,3.103941,4.010929,2.9,2.9,2.94,2.94,2.79,2.79,2.51,2012-02-17,-
2013-09-10,2654,万润科技,文化传媒,2.93,2.95,2.9,2.95,2.9,1648694,14787289.0,3.747032,0.891,1.89,否,1.54,1.027,3.509,-1.993,-2.318,否,176000000,44000000,1594560000.0,398640000.0,45.153823,3.131593,4.046661,2.92,2.89,2.93,2.94,2.8,2.79,2.51,2012-02-17,-
2013-09-11,2654,万润科技,文化传媒,2.96,2.96,2.89,2.89,2.89,1590390,14164384.0,3.614523,-1.987,2.43,否,1.28,-0.687,0.0,-0.687,-1.365,否,176000000,44000000,1562880000.0,390720000.0,44.256727,3.069376,3.966263,2.92,2.89,2.92,2.94,2.8,2.8,2.52,2012-02-17,-
2013-09-12,2654,万润科技,文化传媒,2.88,2.96,2.88,2.96,2.88,4026822,36354706.0,9.151868,2.478,2.93,否,2.87,1.024,3.136,1.718,0.68,否,176000000,44000000,1601600000.0,400400000.0,45.353177,3.145419,4.064527,2.93,2.9,2.92,2.94,2.8,2.8,2.52,2012-02-17,-
2013-09-13,2654,万润科技,文化传媒,3.06,3.13,2.92,2.97,2.92,6358558,58607187.0,14.451268,0.22,6.92,否,3.33,0.678,1.712,6.452,0.338,否,176000000,44000000,1605120000.0,401280000.0,45.452855,3.152332,4.07346,2.94,2.91,2.93,2.94,2.81,2.8,2.52,2012-02-17,-
2013-09-16,2654,万润科技,文化传媒,2.92,2.93,2.86,2.92,2.86,2449853,21815022.0,5.567848,-1.754,2.19,否,0.83,1.038,0.344,2.456,-1.351,否,176000000,44000000,1576960000.0,394240000.0,44.655436,3.097028,4.001996,2.94,2.92,2.93,2.94,2.82,2.81,2.53,2012-02-17,-
2013-09-17,2654,万润科技,文化传媒,2.92,2.92,2.84,2.84,2.84,1471361,12979578.0,3.344002,-2.567,2.57,否,0.46,-4.054,-3.072,-1.73,-7.792,否,176000000,44000000,1536480000.0,384120000.0,43.509147,3.017529,3.899266,2.92,2.92,2.93,2.94,2.82,2.81,2.53,2012-02-17,-
2013-09-18,2654,万润科技,文化传媒,2.84,2.9,2.84,2.89,2.84,792301,6979043.0,1.800684,1.604,1.95,否,0.25,-2.694,-2.034,0.697,-4.62,否,176000000,44000000,1561120000.0,390280000.0,44.206888,3.06592,3.961797,2.92,2.92,2.92,2.93,2.82,2.81,2.53,2012-02-17,-
2013-09-23,2654,万润科技,文化传媒,2.85,2.94,2.85,2.93,2.85,1279665,11429909.0,2.90833,1.466,3.16,否,0.42,0.342,1.384,0.342,-0.34,否,176000000,44000000,1584000000.0,396000000.0,44.854791,3.110854,4.019862,2.91,2.92,2.92,2.93,2.83,2.81,2.53,2012-02-17,-
2013-09-24,2654,万润科技,文化传媒,2.94,2.98,2.93,2.95,2.93,1809599,16381010.0,4.112725,0.778,1.78,否,0.73,3.873,-0.338,1.375,4.982,否,176000000,44000000,1596320000.0,399080000.0,45.203661,3.13505,4.051127,2.91,2.92,2.92,2.93,2.84,2.82,2.54,2012-02-17,-
2013-09-25,2654,万润科技,文化传媒,2.96,2.96,2.91,2.92,2.91,1267115,11389356.0,2.879807,-1.323,1.76,否,0.81,1.038,-1.684,-0.341,0.344,否,176000000,44000000,1575200000.0,393800000.0,44.605598,3.093572,3.997529,2.91,2.92,2.91,2.93,2.84,2.82,2.54,2012-02-17,-
2013-09-26,2654,万润科技,文化传媒,2.89,2.98,2.85,2.95,2.85,1687564,15232357.0,3.835373,1.117,4.36,否,1.27,0.683,1.027,0.0,-0.673,否,176000000,44000000,1592800000.0,398200000.0,45.103984,3.128137,4.042194,2.93,2.92,2.91,2.93,2.85,2.82,2.54,2012-02-17,-
2013-09-27,2654,万润科技,文化传媒,2.95,3.01,2.93,2.99,2.93,2924618,26713398.0,6.646859,1.326,2.98,否,2.14,1.356,5.282,3.46,0.673,否,176000000,44000000,1613920000.0,403480000.0,45.702048,3.169615,4.095792,2.95,2.93,2.91,2.93,2.85,2.83,2.54,2012-02-17,-
2013-09-30,2654,万润科技,文化传媒,3.01,3.02,2.93,2.95,2.93,1741146,15796274.0,3.95715,-1.309,2.94,否,0.97,1.027,2.076,-0.338,0.0,否,176000000,44000000,1592800000.0,398200000.0,45.103984,3.128137,4.042194,2.95,2.93,2.91,2.93,2.86,2.83,2.54,2012-02-17,-
2013-10-08,2654,万润科技,文化传媒,2.94,2.99,2.93,2.98,2.93,1918406,17403227.0,4.360014,0.995,2.21,否,1.02,1.017,1.706,0.337,-1.65,否,176000000,44000000,1608640000.0,402160000.0,45.552532,3.159245,4.082393,2.96,2.93,2.92,2.93,2.86,2.83,2.55,2012-02-17,-
2013-10-09,2654,万润科技,文化传媒,2.97,3.04,2.95,3.04,2.95,3095264,28576800.0,7.034691,2.079,2.84,否,1.62,1.672,3.051,4.11,-0.328,否,176000000,44000000,1642080000.0,410520000.0,46.499467,3.224919,4.167256,2.98,2.94,2.93,2.94,2.87,2.84,2.55,2012-02-17,-
2013-10-10,2654,万润科技,文化传媒,3.03,3.04,2.97,2.97,2.97,2761119,25392433.0,6.27527,-2.144,2.47,否,1.21,0.678,1.712,4.577,-1.329,否,176000000,44000000,1606880000.0,401720000.0,45.502693,3.155789,4.077926,2.99,2.96,2.94,2.94,2.88,2.84,2.55,2012-02-17,-
2013-10-11,2654,万润科技,文化传媒,2.98,3.01,2.96,2.99,2.96,1987290,18199077.0,4.516568,0.657,1.42,否,0.8,0.336,1.356,3.46,2.749,否,176000000,44000000,1617440000.0,404360000.0,45.801725,3.176528,4.104725,2.99,2.97,2.94,2.94,2.89,2.85,2.55,2012-02-17,-
2013-10-14,2654,万润科技,文化传媒,3.0,3.05,2.99,3.05,2.99,3453664,32091244.0,7.849236,1.85,2.18,否,1.5,0.329,2.007,4.096,4.811,否,176000000,44000000,1647360000.0,411840000.0,46.648983,3.235288,4.180656,3.01,2.98,2.95,2.94,2.9,2.85,2.56,2012-02-17,-
2013-10-15,2654,万润科技,文化传媒,3.05,3.06,2.99,3.01,2.99,2191768,20217726.0,4.981291,-1.389,2.35,否,0.83,1.347,2.034,2.034,7.885,否,176000000,44000000,1624480000.0,406120000.0,46.00108,3.190354,4.122591,3.01,2.99,2.95,2.94,2.91,2.86,2.56,2012-02-17,-
2013-10-16,2654,万润科技,文化传媒,3.01,3.02,2.91,2.92,2.91,1953511,17659083.0,4.439798,-3.034,3.9,否,0.72,-2.341,-2.013,0.0,2.456,否,176000000,44000000,1575200000.0,393800000.0,44.605598,3.093572,3.997529,2.99,2.99,2.95,2.94,2.91,2.86,2.56,2012-02-17,-
2013-10-17,2654,万润科技,文化传媒,2.93,3.0,2.93,2.95,2.93,1725739,15680446.0,3.922134,1.341,2.68,否,0.7,-3.279,-2.961,0.0,2.076,否,176000000,44000000,1596320000.0,399080000.0,45.203661,3.13505,4.051127,2.98,2.99,2.95,2.93,2.92,2.87,2.56,2012-02-17,-
2013-10-18,2654,万润科技,文化传媒,2.96,3.04,2.96,3.03,2.96,2768282,25607378.0,6.29155,2.646,2.87,否,1.22,0.664,2.02,1.338,5.575,否,176000000,44000000,1638560000.0,409640000.0,46.399789,3.218006,4.158323,2.99,2.99,2.96,2.94,2.92,2.87,2.57,2012-02-17,-
2013-10-21,2654,万润科技,文化传媒,3.06,3.16,3.04,3.14,3.04,5885693,56124850.0,13.376575,3.652,3.87,否,2.43,7.534,5.017,6.441,7.534,否,176000000,44000000,1698400000.0,424600000.0,48.094304,3.335527,4.310185,3.01,3.01,2.97,2.95,2.93,2.88,2.57,2012-02-17,-
2013-10-22,2654,万润科技,文化传媒,3.15,3.29,3.13,3.18,3.13,7048129,69575921.0,16.018475,1.14,5.08,否,2.43,7.797,4.262,6.711,9.278,否,176000000,44000000,1717760000.0,429440000.0,41.95896,3.282047,4.187363,3.04,3.03,2.98,2.96,2.94,2.88,2.57,2012-02-17,-
2013-10-23,2654,万润科技,文化传媒,3.18,3.21,3.02,3.05,3.02,3345416,31775514.0,7.603218,-4.098,5.84,否,0.86,0.66,1.329,0.329,4.096,否,176000000,44000000,1647360000.0,411840000.0,40.23933,3.147537,4.015749,3.07,3.03,2.99,2.96,2.95,2.89,2.58,2012-02-17,-
2013-10-24,2654,万润科技,文化传媒,3.05,3.34,3.02,3.3,3.02,7916031,78736413.0,17.99098,8.12,10.58,否,1.91,5.096,13.014,11.111,11.864,否,176000000,44000000,1781120000.0,445280000.0,43.506626,3.403106,4.341815,3.14,3.06,3.01,2.98,2.96,2.89,2.58,2012-02-17,-
2013-10-25,2654,万润科技,文化传媒,3.27,3.62,3.23,3.57,3.23,14592698,155141072.0,33.165223,8.202,12.06,否,2.71,12.264,21.017,19.398,23.529,否,176000000,44000000,1927200000.0,481800000.0,47.074857,3.682214,4.697912,3.25,3.12,3.04,3.0,2.97,2.9,2.59,2012-02-17,-
2013-10-28,2654,万润科技,文化传媒,3.5,3.75,3.38,3.74,3.38,9093405,98216408.0,20.66683,4.84,10.23,否,1.17,22.623,23.432,22.623,26.351,否,176000000,44000000,2020480000.0,505120000.0,49.353366,3.86044,4.9253,3.37,3.19,3.08,3.03,2.99,2.9,2.59,2012-02-17,-
2013-10-29,2654,万润科技,文化传媒,3.65,3.8,3.41,3.57,3.41,9507000,105716072.0,21.606818,-4.443,10.19,否,1.13,8.182,13.694,18.605,20.202,否,176000000,44000000,1930720000.0,482680000.0,47.160839,3.68894,4.706493,3.45,3.25,3.12,3.05,3.0,2.91,2.6,2012-02-17,-
2013-10-30,2654,万润科技,文化传媒,3.6,3.68,3.37,3.52,3.37,7669808,81950113.0,17.431382,-1.55,8.84,否,0.86,-1.401,10.692,20.548,20.548,否,176000000,44000000,1900800000.0,475200000.0,46.429996,3.631773,4.633557,3.54,3.31,3.15,3.07,3.01,2.91,2.6,2012-02-17,-
2013-10-31,2654,万润科技,文化传媒,3.46,3.51,3.29,3.31,3.29,6538050,68457776.0,14.859205,-5.833,6.2,否,0.67,-11.497,8.525,12.203,16.549,否,176000000,44000000,1789920000.0,447480000.0,43.72158,3.41992,4.363266,3.54,3.34,3.16,3.08,3.01,2.92,2.6,2012-02-17,-
2013-11-01,2654,万润科技,文化传媒,3.3,3.3,3.04,3.09,3.04,5568042,53387351.0,12.654641,-6.883,7.87,否,0.59,-13.445,-6.364,1.98,6.92,否,176000000,44000000,1666720000.0,416680000.0,40.712228,3.184527,4.062943,3.45,3.35,3.17,3.09,3.02,2.92,2.61,2012-02-17,-
2013-11-04,2654,万润科技,文化传媒,3.07,3.14,3.06,3.09,3.06,2760450,26313758.0,6.27375,0.317,2.75,否,0.36,-12.216,-13.445,-1.592,5.461,否,176000000,44000000,1672000000.0,418000000.0,40.8412,3.194615,4.075814,3.32,3.34,3.18,3.09,3.02,2.92,2.61,2012-02-17,-
2013-11-05,2654,万润科技,文化传媒,3.09,3.21,2.95,3.21,2.95,5183572,49330875.0,11.780845,3.684,8.21,否,0.81,-3.021,-14.171,0.943,8.814,否,176000000,44000000,1733600000.0,433400000.0,42.345876,3.312312,4.225976,3.24,3.35,3.19,3.1,3.02,2.92,2.61,2012-02-17,-
2013-11-06,2654,万润科技,文化传媒,3.16,3.28,3.13,3.14,3.13,5487914,53991890.0,12.472532,-2.031,4.77,否,0.99,1.618,-12.045,2.951,7.534,否,176000000,44000000,1698400000.0,424600000.0,41.486061,3.245057,4.140169,3.17,3.35,3.19,3.11,3.03,2.92,2.61,2012-02-17,-
2013-11-07,2654,万润科技,文化传媒,3.1,3.16,3.05,3.09,3.05,3059895,29165500.0,6.954307,-1.658,3.63,否,0.6,0.0,-12.216,-6.364,4.746,否,176000000,44000000,1670240000.0,417560000.0,40.79821,3.191252,4.071524,3.12,3.33,3.2,3.12,3.03,2.92,2.62,2012-02-17,-
2013-11-08,2654,万润科技,文化传媒,3.07,3.12,2.94,2.94,2.94,2926076,27006588.0,6.650173,-4.847,5.9,否,0.66,-8.411,-11.178,-17.647,-1.672,否,176000000,44000000,1589280000.0,397320000.0,38.820636,3.036566,3.874169,3.09,3.27,3.2,3.12,3.03,2.92,2.62,2012-02-17,-
2013-11-11,2654,万润科技,文化传媒,2.93,3.03,2.83,3.0,2.83,2726050,24526161.0,4.39402,1.883,6.64,否,0.7,-4.459,-2.913,-19.786,1.695,否,176000000,62040000,1619200000.0,570768000.0,39.551478,3.093733,3.947104,3.08,3.2,3.19,3.12,3.03,2.92,2.62,2012-02-17,-
2013-11-12,2654,万润科技,文化传媒,2.98,3.05,2.96,3.03,2.96,1945371,18015964.0,3.135672,0.978,2.83,否,0.5,-1.942,-1.942,-15.126,1.678,否,176000000,62040000,1635040000.0,576351600.0,39.938395,3.123997,3.985717,3.04,3.14,3.19,3.12,3.03,2.93,2.62,2012-02-17,-
2013-11-13,2654,万润科技,文化传媒,3.01,3.09,2.99,3.02,2.99,2265316,21098284.0,3.65138,-0.215,3.34,否,0.7,2.721,-5.919,-14.205,-0.658,否,176000000,62040000,1631520000.0,575110800.0,39.852413,3.117272,3.977136,3.02,3.09,3.2,3.13,3.03,2.93,2.62,2012-02-17,-
2013-11-14,2654,万润科技,文化传媒,3.03,3.07,2.95,3.07,2.95,1785187,16622991.0,2.877477,1.618,3.88,否,0.69,2.333,-2.229,-7.251,3.367,否,176000000,62040000,1657920000.0,584416800.0,40.497274,3.167713,4.041491,3.01,3.07,3.2,3.13,3.03,2.93,2.63,2012-02-17,-
2013-11-15,2654,万润科技,文化传媒,3.06,3.18,3.06,3.14,3.06,3056049,29403483.0,4.925933,2.336,3.72,否,1.31,3.63,1.618,1.618,5.017,否,176000000,62040000,1696640000.0,598065600.0,41.443071,3.241694,4.135879,3.05,3.07,3.21,3.14,3.03,2.93,2.63,2012-02-17,-
2013-11-18,2654,万润科技,文化传媒,3.14,3.2,3.1,3.2,3.1,3135909,30414839.0,5.054657,1.867,3.32,否,1.33,5.96,8.844,3.56,4.918,否,176000000,62040000,1728320000.0,609232800.0,42.216904,3.302223,4.213105,3.09,3.08,3.21,3.14,3.04,2.93,2.63,2012-02-17,-
2013-11-19,2654,万润科技,文化传媒,3.21,3.32,3.15,3.26,3.15,6495585,64440430.0,10.469995,1.935,5.3,否,2.66,6.189,8.667,1.558,8.306,否,176000000,62040000,1761760000.0,621020400.0,43.033728,3.366116,4.294621,3.14,3.09,3.22,3.15,3.04,2.93,2.64,2012-02-17,-
2013-11-20,2654,万润科技,文化传媒,3.24,3.28,3.22,3.25,3.22,4050629,40373249.0,6.52906,-0.3,1.7,否,1.21,3.503,7.261,3.503,11.301,否,176000000,62040000,1756480000.0,619159200.0,42.904756,3.356027,4.28175,3.18,3.1,3.23,3.16,3.05,2.93,2.64,2012-02-17,-
2013-11-21,2654,万润科技,文化传媒,3.25,3.27,3.15,3.2,3.15,3385152,33395106.0,5.456402,-1.503,3.81,否,0.91,0.0,5.96,3.56,8.475,否,176000000,62040000,1730080000.0,609853200.0,42.259895,3.305586,4.217395,3.21,3.11,3.22,3.17,3.05,2.93,2.64,2012-02-17,-
2013-11-22,2654,万润科技,文化传媒,3.18,3.33,3.17,3.3,3.17,5987818,60161133.0,9.651544,3.154,5.09,否,1.49,1.227,7.492,12.245,8.911,否,176000000,62040000,1784640000.0,629085600.0,43.592608,3.409831,4.350395,3.24,3.15,3.21,3.18,3.06,2.93,2.64,2012-02-17,-
2013-11-25,2654,万润科技,文化传媒,3.29,3.33,3.23,3.24,3.23,2623052,26373320.0,4.228001,-1.874,2.96,否,0.57,-0.308,3.185,8.0,3.185,否,176000000,62040000,1751200000.0,617298000.0,42.775784,3.345939,4.268879,3.25,3.17,3.18,3.19,3.06,2.93,2.65,2012-02-17,-
2013-11-26,2654,万润科技,文化传媒,3.23,3.28,3.2,3.25,3.2,2078152,20689086.0,3.349697,0.402,2.31,否,0.46,1.563,1.563,7.261,2.201,否,176000000,62040000,1758240000.0,619779600.0,42.947746,3.35939,4.28604,3.25,3.19,3.17,3.19,3.07,2.93,2.65,2012-02-17,-
2013-11-27,2654,万润科技,文化传媒,3.24,3.33,3.23,3.32,3.23,3394748,34305707.0,5.47187,2.002,3.0,否,0.94,0.606,1.84,9.934,8.852,否,176000000,62040000,1793440000.0,632187600.0,43.807561,3.426645,4.371847,3.26,3.22,3.16,3.21,3.07,2.93,2.66,2012-02-17,-
2013-11-28,2654,万润科技,文化传媒,3.33,3.35,3.28,3.3,3.28,4015552,40790143.0,6.472521,-0.687,1.96,否,1.15,1.852,1.538,7.492,0.0,否,176000000,62040000,1781120000.0,627844800.0,43.506626,3.403106,4.341815,3.28,3.25,3.16,3.22,3.08,2.93,2.66,2012-02-17,-
2013-11-29,2654,万润科技,文化传媒,3.29,3.4,3.27,3.37,3.27,4648951,47934606.0,7.493474,2.273,4.05,否,1.28,3.692,5.313,7.325,-5.602,否,176000000,62040000,1821600000.0,642114000.0,44.495413,3.480449,4.440492,3.3,3.27,3.17,3.23,3.08,2.93,2.67,2012-02-17,-
2013-12-02,2654,万润科技,文化传媒,3.26,3.3,3.04,3.04,3.04,4567757,44174659.0,7.3626,-9.855,7.73,否,1.36,-8.434,-7.879,-5.0,-18.717,否,176000000,62040000,1642080000.0,578833200.0,40.110358,3.137448,4.002878,3.26,3.25,3.17,3.23,3.09,2.93,2.67,2012-02-17,-
2013-12-03,2654,万润科技,文化传媒,3.0,3.12,2.96,3.1,2.96,2267643,21183145.0,3.655131,2.144,5.25,否,0.61,-6.061,-4.321,-4.908,-13.165,否,176000000,62040000,1677280000.0,591241200.0,40.970173,3.204703,4.088685,3.23,3.24,3.16,3.22,3.09,2.94,2.67,2012-02-17,-
2013-12-04,2654,万润科技,文化传媒,3.12,3.19,3.07,3.12,3.07,2295329,22185171.0,3.699757,0.525,3.78,否,0.61,-7.418,-4.0,-4.0,-11.364,否,176000000,62040000,1686080000.0,594343200.0,41.185126,3.221517,4.110137,3.19,3.22,3.16,3.23,3.1,2.94,2.68,2012-02-17,-
2013-12-05,2654,万润科技,文化传媒,3.18,3.42,3.17,3.31,3.17,5291701,53672231.0,8.529499,6.159,8.04,否,1.49,8.882,-0.301,3.438,0.0,否,176000000,62040000,1789920000.0,630946800.0,43.72158,3.41992,4.363266,3.19,3.24,3.17,3.23,3.1,2.94,2.68,2012-02-17,-
2013-12-06,2654,万润科技,文化传媒,3.31,3.4,3.2,3.35,3.2,4426354,44985127.0,7.134678,1.082,6.0,否,1.16,8.065,1.515,1.515,8.414,否,176000000,62040000,1809280000.0,637771200.0,44.194478,3.45691,4.41046,3.18,3.24,3.19,3.22,3.11,2.95,2.69,2012-02-17,-
2013-12-09,2654,万润科技,文化传媒,3.35,3.45,3.32,3.39,3.32,4314352,44932005.0,6.954146,1.265,3.7,否,1.14,8.654,0.593,4.63,9.709,否,176000000,62040000,1832160000.0,645836400.0,44.753357,3.500626,4.466234,3.25,3.26,3.21,3.21,3.12,2.95,2.69,2012-02-17,-
2013-12-10,2654,万润科技,文化传媒,3.4,3.4,3.35,3.37,3.35,2547468,26326403.0,4.10617,-0.769,1.73,否,0.68,1.813,10.855,3.692,4.984,否,176000000,62040000,1818080000.0,640873200.0,44.409432,3.473724,4.431912,3.31,3.27,3.23,3.2,3.13,2.96,2.7,2012-02-17,-
2013-12-11,2654,万润科技,文化传媒,3.34,3.34,3.24,3.28,3.24,2228187,22496470.0,3.591533,-2.517,2.9,否,0.59,-2.09,5.806,-1.205,4.459,否,176000000,62040000,1772320000.0,624742800.0,43.291672,3.386292,4.320363,3.34,3.26,3.24,3.19,3.13,2.96,2.71,2012-02-17,-
2013-12-12,2654,万润科技,文化传媒,3.27,3.32,3.26,3.29,3.26,1590883,16095512.0,2.564286,0.199,1.59,否,0.42,-2.95,5.449,-0.303,6.472,否,176000000,62040000,1775840000.0,625983600.0,43.377654,3.393018,4.328944,3.34,3.26,3.25,3.19,3.14,2.97,2.71,2012-02-17,-
2013-12-13,2654,万润科技,文化传媒,3.28,3.3,3.2,3.29,3.2,1517246,15237384.0,2.445593,0.0,2.97,否,0.5,-2.374,-0.604,-2.374,11.905,否,176000000,62040000,1775840000.0,625983600.0,43.377654,3.393018,4.328944,3.32,3.25,3.26,3.2,3.14,2.97,2.72,2012-02-17,-
2013-12-16,2654,万润科技,文化传媒,3.3,3.37,3.27,3.35,3.27,3365733,34486682.0,5.425102,1.982,3.07,否,1.38,2.134,0.0,10.197,11.667,否,176000000,62040000,1811040000.0,638391600.0,44.237469,3.460273,4.41475,3.32,3.29,3.27,3.21,3.15,2.98,2.72,2012-02-17,-
2013-12-17,2654,万润科技,文化传媒,3.36,3.37,3.24,3.28,3.24,2066958,20934772.0,3.331654,-2.138,3.98,否,0.92,-0.304,-3.245,5.806,8.251,否,176000000,62040000,1772320000.0,624742800.0,43.291672,3.386292,4.320363,3.3,3.3,3.27,3.21,3.16,2.98,2.73,2012-02-17,-
2013-12-18,2654,万润科技,文化传媒,3.25,3.57,3.24,3.53,3.24,9277857,98559664.0,14.954637,7.647,10.13,否,4.31,7.295,4.748,13.141,16.887,否,176000000,62040000,1907840000.0,672513600.0,46.601959,3.645224,4.650718,3.35,3.34,3.28,3.22,3.17,2.99,2.74,2012-02-17,-
2013-12-19,2654,万润科技,文化传媒,3.48,3.49,3.4,3.42,3.4,6568803,69638179.0,10.588013,-3.229,2.68,否,1.84,2.09,4.268,3.323,11.401,否,176000000,62040000,1846240000.0,650799600.0,45.097283,3.527528,4.500557,3.37,3.36,3.3,3.23,3.18,3.0,2.74,2012-02-17,-
2013-12-20,2654,万润科技,文化传媒,3.37,3.51,3.35,3.36,3.35,4936872,52086443.0,7.957563,-1.621,4.58,否,1.08,2.439,2.128,0.299,7.006,否,176000000,62040000,1816320000.0,640252800.0,44.366441,3.470361,4.427621,3.39,3.36,3.3,3.25,3.18,3.0,2.75,2012-02-17,-
2013-12-23,2654,万润科技,文化传媒,3.29,3.32,3.06,3.17,3.06,4371941,42649657.0,7.046971,-5.814,7.66,否,0.83,-10.198,-3.647,-6.49,-0.938,否,176000000,62040000,1710720000.0,603028800.0,41.786997,3.268596,4.170201,3.35,3.33,3.29,3.25,3.19,3.01,2.75,2012-02-17,-
2013-12-24,2654,万润科技,文化传媒,3.16,3.23,3.11,3.18,3.11,2557145,25003718.0,4.121768,0.309,4.01,否,0.47,-7.018,-5.075,-5.638,-2.454,否,176000000,62040000,1716000000.0,604890000.0,41.915969,3.278684,4.183072,3.33,3.32,3.29,3.26,3.19,3.01,2.76,2012-02-17,-
2013-12-25,2654,万润科技,文化传媒,3.18,3.28,3.15,3.27,3.15,3347171,33141580.0,5.395182,2.872,4.1,否,0.6,-2.679,-0.305,-0.305,0.615,否,176000000,62040000,1765280000.0,622261200.0,43.119709,3.372841,4.303202,3.28,3.31,3.29,3.27,3.2,3.02,2.77,2012-02-17,-
2013-12-26,2654,万润科技,文化传媒,3.26,3.32,3.24,3.24,3.24,3007108,30232199.0,4.847047,-0.798,2.39,否,0.69,2.208,-8.215,-1.52,1.25,否,176000000,62040000,1751200000.0,617298000.0,42.775784,3.345939,4.268879,3.24,3.31,3.29,3.27,3.2,3.02,2.77,2012-02-17,-
2013-12-27,2654,万润科技,文化传媒,3.23,3.44,3.19,3.4,3.19,5553085,57319765.0,8.950814,5.025,7.54,否,1.52,6.918,-0.585,3.343,3.03,否,176000000,62040000,1839200000.0,648318000.0,44.92532,3.514077,4.483396,3.25,3.32,3.29,3.28,3.21,3.03,2.78,2012-02-17,-
2013-12-30,2654,万润科技,文化传媒,3.43,3.57,3.39,3.49,3.39,6506310,69943374.0,10.487282,2.584,5.17,否,1.73,6.728,3.869,4.179,7.716,否,176000000,62040000,1886720000.0,665068800.0,46.08607,3.604871,4.599234,3.32,3.33,3.31,3.29,3.22,3.04,2.78,2012-02-17,-
2013-12-31,2654,万润科技,文化传媒,3.49,3.63,3.4,3.5,3.4,6892918,74621669.0,11.110442,0.093,6.72,否,1.64,8.025,10.41,6.707,7.692,否,176000000,62040000,1888480000.0,665689200.0,46.129061,3.608234,4.603525,3.38,3.36,3.33,3.3,3.23,3.05,2.79,2012-02-17,-
2014-01-02,2654,万润科技,文化传媒,3.46,3.68,3.45,3.62,3.45,6895477,76343951.0,11.114566,3.448,6.52,否,1.36,6.471,13.836,2.55,9.036,否,176000000,62040000,1953600000.0,688644000.0,47.719718,3.732656,4.762267,3.45,3.37,3.35,3.31,3.24,3.06,2.8,2012-02-17,-
2014-01-03,2654,万润科技,文化传媒,3.62,3.71,3.53,3.54,3.53,8267055,91699039.0,13.325363,-2.072,5.05,否,1.43,1.433,8.257,3.509,7.273,否,176000000,62040000,1913120000.0,674374800.0,46.730931,3.655312,4.663589,3.51,3.38,3.37,3.32,3.25,3.06,2.8,2012-02-17,-
2014-01-06,2654,万润科技,文化传媒,3.5,3.75,3.5,3.54,3.5,7020608,78065082.0,11.31626,0.0,7.08,否,1.03,1.143,9.259,5.357,5.045,否,176000000,62040000,1913120000.0,674374800.0,46.730931,3.655312,4.663589,3.54,3.4,3.38,3.33,3.25,3.07,2.81,2012-02-17,-
2014-01-07,2654,万润科技,文化传媒,3.45,3.68,3.43,3.68,3.43,6460512,71226648.0,10.413462,3.956,6.99,否,0.91,1.657,8.235,16.088,21.053,否,176000000,62040000,1988800000.0,701052000.0,48.579533,3.799911,4.848074,3.58,3.45,3.39,3.35,3.27,3.08,2.82,2012-02-17,-
2014-01-08,2654,万润科技,文化传媒,3.71,4.0,3.65,3.82,3.65,14765129,173756204.0,23.79937,3.805,9.47,否,2.08,7.91,9.456,20.126,23.226,否,176000000,62040000,2064480000.0,727729200.0,50.428135,3.944509,5.032558,3.64,3.51,3.41,3.36,3.28,3.09,2.83,2012-02-17,-
2014-01-09,2654,万润科技,文化传媒,3.82,3.85,3.58,3.59,3.58,9665358,109980851.0,15.579236,-6.138,6.91,否,1.11,1.412,2.571,9.786,15.064,否,176000000,62040000,1937760000.0,683060400.0,47.332802,3.702391,4.723654,3.63,3.54,3.43,3.37,3.29,3.1,2.83,2012-02-17,-
2014-01-10,2654,万润科技,文化传媒,3.54,3.58,3.42,3.43,3.42,4805014,51542221.0,7.745026,-4.36,4.36,否,0.52,-6.793,-5.249,5.864,3.625,否,176000000,62040000,1853280000.0,653281200.0,45.269246,3.540979,4.517718,3.61,3.56,3.44,3.38,3.3,3.11,2.84,2012-02-17,-
2014-01-13,2654,万润科技,文化传媒,3.41,3.55,3.39,3.52,3.39,4194149,44850336.0,6.760395,2.564,4.75,否,0.49,-7.853,-0.565,3.529,5.075,否,176000000,62040000,1900800000.0,670032000.0,46.429996,3.631773,4.633557,3.61,3.57,3.45,3.38,3.31,3.12,2.84,2012-02-17,-
2014-01-14,2654,万润科技,文化传媒,3.49,3.7,3.49,3.69,3.49,5726458,63844323.0,9.230268,4.907,6.02,否,0.72,2.786,4.237,5.731,8.85,否,176000000,62040000,1994080000.0,702913200.0,48.708505,3.809999,4.860945,3.61,3.59,3.46,3.4,3.32,3.12,2.85,2012-02-17,-
2014-01-15,2654,万润科技,文化传媒,3.68,3.86,3.64,3.79,3.64,7577839,88305349.0,12.214441,2.736,6.0,否,0.97,10.496,2.989,8.286,12.463,否,176000000,62040000,2048640000.0,722145600.0,50.041218,3.914244,4.993945,3.6,3.62,3.49,3.43,3.33,3.13,2.86,2012-02-17,-
2014-01-16,2654,万润科技,文化传媒,3.76,3.99,3.76,3.82,3.76,7984084,94968190.0,12.869252,0.773,6.1,否,1.25,8.523,0.0,5.525,16.463,否,176000000,62040000,2064480000.0,727729200.0,50.428135,3.944509,5.032558,3.65,3.64,3.5,3.45,3.34,3.14,2.86,2012-02-17,-
2014-01-17,2654,万润科技,文化传媒,3.79,4.06,3.75,3.96,3.75,8944973,108036074.0,14.418074,3.666,8.18,否,1.48,7.317,10.306,11.864,20.365,否,176000000,62040000,2140160000.0,754406400.0,52.276736,4.089108,5.217042,3.76,3.68,3.53,3.47,3.35,3.15,2.87,2012-02-17,-
2014-01-20,2654,万润科技,文化传媒,3.93,4.01,3.78,3.88,3.78,6015772,71880543.0,9.696602,-1.974,5.92,否,0.87,2.375,13.12,9.605,17.933,否,176000000,62040000,2097920000.0,739516800.0,51.244959,4.008401,5.114074,3.83,3.72,3.56,3.49,3.35,3.16,2.88,2012-02-17,-
2014-01-21,2654,万润科技,文化传媒,3.83,4.27,3.81,4.23,3.81,10064804,126122051.0,16.223088,8.893,11.74,否,1.39,10.733,20.17,14.946,26.269,否,176000000,62040000,2284480000.0,805279200.0,55.801977,4.364853,5.568849,3.94,3.77,3.61,3.52,3.36,3.17,2.89,2012-02-17,-
2014-01-22,2654,万润科技,文化传媒,4.17,4.34,4.09,4.22,4.09,9548517,122577493.0,15.390904,-0.231,5.86,否,1.18,6.566,14.363,10.471,28.659,否,176000000,62040000,2279200000.0,803418000.0,55.673005,4.354765,5.555978,4.02,3.81,3.66,3.55,3.37,3.19,2.9,2012-02-17,-
2014-01-23,2654,万润科技,文化传媒,4.19,4.38,4.15,4.18,4.15,7870072,102625706.0,12.68548,-1.004,5.41,否,0.92,7.732,10.29,16.435,18.414,否,176000000,62040000,2256320000.0,795352800.0,55.114125,4.311049,5.500204,4.09,3.87,3.71,3.58,3.38,3.2,2.9,2012-02-17,-
2014-01-24,2654,万润科技,文化传媒,4.18,4.23,4.12,4.15,4.12,6299699,80620390.0,10.154254,-0.546,2.65,否,0.74,-1.891,8.639,20.991,21.345,否,176000000,62040000,2244000000.0,791010000.0,54.81319,4.28751,5.470172,4.13,3.94,3.75,3.6,3.4,3.21,2.91,2012-02-17,-
2014-01-27,2654,万润科技,文化传媒,4.11,4.27,4.01,4.24,4.01,6397643,81721161.0,10.312126,2.118,6.35,否,0.8,0.474,7.071,20.455,26.19,否,176000000,62040000,2291520000.0,807760800.0,55.97394,4.378304,5.58601,4.2,4.02,3.79,3.64,3.42,3.22,2.92,2012-02-17,-
2014-01-28,2654,万润科技,文化传媒,4.23,4.27,4.06,4.09,4.06,4609924,58352646.0,7.430567,-3.533,4.99,否,0.57,-2.153,5.412,10.84,29.022,否,176000000,62040000,2210560000.0,779222400.0,53.996366,4.223618,5.388655,4.18,4.06,3.82,3.66,3.43,3.23,2.92,2012-02-17,-
2014-01-29,2654,万润科技,文化传媒,4.07,4.17,4.02,4.1,4.02,3407771,42906892.0,5.492861,0.319,3.66,否,0.49,-1.205,-3.073,8.179,28.931,否,176000000,62040000,2217600000.0,781704000.0,54.168329,4.237069,5.405817,4.15,4.09,3.85,3.69,3.45,3.24,2.93,2012-02-17,-
2014-01-30,2654,万润科技,文化传媒,4.1,4.21,4.0,4.0,4.0,3754076,47349424.0,6.051057,-2.46,5.16,否,0.66,-5.66,-5.213,4.712,22.324,否,176000000,62040000,2163040000.0,762471600.0,52.835616,4.132823,5.272816,4.12,4.11,3.87,3.7,3.46,3.24,2.94,2012-02-17,-
2014-02-07,2654,万润科技,文化传媒,3.92,4.19,3.92,4.19,3.92,4065014,51072810.0,6.552247,4.557,6.92,否,0.83,2.445,0.239,5.808,29.321,否,176000000,62040000,2261600000.0,797214000.0,55.243097,4.321137,5.513075,4.12,4.13,3.91,3.73,3.48,3.25,2.94,2012-02-17,-
2014-02-10,2654,万润科技,文化传媒,4.19,4.35,4.14,4.3,4.14,6920903,90364984.0,11.15555,2.646,4.9,否,1.56,4.878,3.614,10.825,26.471,否,176000000,62040000,2321440000.0,818307600.0,56.704782,4.435471,5.658946,4.14,4.17,3.94,3.76,3.5,3.27,2.95,2012-02-17,-
2014-02-11,2654,万润科技,文化传媒,4.26,4.33,4.15,4.16,4.15,5931352,76728139.0,9.560529,-3.26,4.17,否,1.3,4.0,-1.887,-1.655,19.198,否,176000000,62040000,2245760000.0,791630400.0,54.856181,4.290873,5.474462,4.15,4.16,3.97,3.79,3.52,3.28,2.96,2012-02-17,-
2014-02-12,2654,万润科技,文化传媒,4.18,4.35,4.08,4.35,4.08,5999215,77420751.0,9.669915,4.624,6.58,否,1.25,3.819,6.357,3.081,24.286,否,176000000,62040000,2349600000.0,828234000.0,57.392634,4.489275,5.727591,4.2,4.18,3.99,3.83,3.55,3.29,2.97,2012-02-17,-
2014-02-13,2654,万润科技,文化传媒,4.37,4.38,4.17,4.19,4.17,5117090,67413803.0,8.24805,-3.67,4.79,否,0.96,-2.558,2.195,0.239,15.746,否,176000000,62040000,2263360000.0,797834400.0,55.286088,4.3245,5.517365,4.24,4.18,4.02,3.86,3.57,3.3,2.97,2012-02-17,-
2014-02-14,2654,万润科技,文化传媒,4.16,4.25,4.14,4.17,4.14,4029869,51753903.0,6.495598,-0.467,2.72,否,0.72,0.24,4.25,0.482,17.797,否,176000000,62040000,2252800000.0,794112000.0,55.028144,4.304324,5.491623,4.23,4.18,4.06,3.89,3.58,3.31,2.98,2012-02-17,-
2014-02-17,2654,万润科技,文化传媒,4.15,4.27,4.15,4.27,4.15,4510589,58559061.0,7.270453,2.5,2.97,否,0.81,-1.839,1.909,0.708,20.621,否,176000000,62040000,2309120000.0,813964800.0,56.403847,4.411932,5.628914,4.23,4.18,4.1,3.92,3.6,3.32,2.99,2012-02-17,-
2014-02-18,2654,万润科技,文化传媒,4.25,4.54,4.24,4.5,4.24,9386750,127536223.0,15.130158,5.259,7.16,否,1.83,7.399,4.651,10.024,22.283,否,176000000,62040000,2430560000.0,856772400.0,59.370208,4.643962,5.924947,4.3,4.22,4.14,3.96,3.62,3.33,3.0,2012-02-17,-
2014-02-19,2654,万润科技,文化传媒,4.45,4.5,4.37,4.46,4.37,5202148,70820640.0,8.385152,-0.797,2.9,否,0.9,6.954,7.212,8.78,16.754,否,176000000,62040000,2411200000.0,849948000.0,58.89731,4.606971,5.877753,4.32,4.26,4.17,3.99,3.64,3.34,3.01,2012-02-17,-
2014-02-20,2654,万润科技,文化传媒,4.45,4.47,4.29,4.29,4.29,3870195,51808419.0,6.238225,-3.869,4.01,否,0.69,0.468,-1.379,7.25,19.499,否,176000000,62040000,2317920000.0,817066800.0,56.618801,4.428746,5.650365,4.34,4.29,4.2,4.01,3.66,3.36,3.02,2012-02-17,-
2014-02-21,2654,万润科技,文化传媒,4.27,4.37,4.19,4.25,4.19,2845173,37267639.0,4.58603,-0.911,4.25,否,0.53,-5.556,1.432,1.432,23.907,否,176000000,62040000,2296800000.0,809622000.0,56.102912,4.388393,5.598881,4.35,4.29,4.21,4.04,3.68,3.37,3.02,2012-02-17,-
2014-02-24,2654,万润科技,文化传媒,4.23,4.31,4.11,4.3,4.11,3366664,43316655.0,5.426602,1.149,4.67,否,0.65,-3.587,3.118,0.0,22.159,否,176000000,62040000,2323200000.0,818928000.0,56.747773,4.438834,5.663236,4.36,4.29,4.23,4.06,3.7,3.38,3.03,2012-02-17,-
2014-02-25,2654,万润科技,文化传媒,4.3,4.34,3.87,3.91,3.87,4852315,61257303.0,7.821269,-9.091,10.83,否,0.98,-8.858,-8.431,-6.01,5.962,否,176000000,62040000,2112000000.0,744480000.0,51.588885,4.035303,5.148397,4.24,4.27,4.22,4.07,3.71,3.38,3.04,2012-02-17,-
2014-02-26,2654,万润科技,文化传媒,3.84,3.91,3.74,3.89,3.74,2670459,31389324.0,4.304415,-0.583,4.33,否,0.66,-8.471,-13.556,-10.575,2.639,否,176000000,62040000,2099680000.0,740137200.0,47.237708,4.011764,4.811515,4.13,4.22,4.2,4.07,3.72,3.39,3.05,2012-02-17,-
2014-02-27,2654,万润科技,文化传媒,3.89,3.96,3.68,3.68,3.68,3586048,42109612.0,5.780219,-5.281,7.12,否,1.02,-14.419,-17.489,-12.172,-3.665,否,176000000,62040000,1988800000.0,701052000.0,44.743177,3.799911,4.557428,4.01,4.17,4.17,4.07,3.72,3.4,3.05,2012-02-17,-
2014-02-28,2654,万润科技,文化传媒,3.63,3.77,3.59,3.75,3.59,2429491,27401150.0,3.916007,1.858,4.87,否,0.7,-4.092,-12.587,-10.072,-5.303,否,176000000,62040000,2025760000.0,714080400.0,45.574687,3.870529,4.642124,3.91,4.13,4.15,4.08,3.73,3.4,3.06,2012-02-17,-
2014-03-03,2654,万润科技,文化传媒,3.74,3.89,3.71,3.86,3.71,2390349,28057476.0,3.852916,2.954,4.78,否,0.71,-0.771,-9.176,-9.602,-0.515,否,176000000,62040000,2085600000.0,735174000.0,46.920942,3.984862,4.77925,3.82,4.09,4.14,4.1,3.74,3.41,3.06,2012-02-17,-
2014-03-04,2654,万润科技,文化传媒,3.85,3.96,3.79,3.89,3.79,2353135,27926030.0,3.792932,0.76,4.47,否,0.74,5.707,-9.535,-13.556,-8.038,否,176000000,62040000,2101440000.0,740757600.0,47.277304,4.015127,4.815548,3.81,4.03,4.13,4.1,3.75,3.42,3.07,2012-02-17,-
2014-03-05,2654,万润科技,文化传媒,3.89,3.94,3.81,3.84,3.81,2280013,27090410.0,3.675069,-1.34,3.1,否,0.85,2.4,-1.79,-13.901,-9.005,否,176000000,62040000,2073280000.0,730831200.0,46.643772,3.961323,4.751018,3.8,3.97,4.11,4.1,3.77,3.43,3.08,2012-02-17,-
2014-03-06,2654,万润科技,文化传媒,3.81,3.85,3.72,3.83,3.72,1940590,22535551.0,3.127966,-0.255,3.4,否,0.74,-0.777,-1.542,-10.723,-8.373,否,176000000,62040000,2068000000.0,728970000.0,46.524985,3.951235,4.738919,3.83,3.92,4.1,4.1,3.78,3.44,3.08,2012-02-17,-
2014-03-07,2654,万润科技,文化传媒,3.84,3.9,3.8,3.88,3.8,2328020,27587509.0,3.75245,1.277,2.72,否,1.02,-0.257,5.435,-8.706,-6.506,否,176000000,62040000,2094400000.0,738276000.0,47.118921,4.001676,4.799416,3.86,3.88,4.09,4.1,3.79,3.44,3.09,2012-02-17,-
2014-03-10,2654,万润科技,文化传媒,3.86,3.86,3.65,3.66,3.65,2195597,25143677.0,3.539002,-5.63,5.38,否,0.97,-4.688,-2.4,-14.884,-13.679,否,176000000,62040000,1976480000.0,696709200.0,44.466007,3.776371,4.529196,3.82,3.82,4.06,4.09,3.79,3.45,3.09,2012-02-17,-
2014-03-11,2654,万润科技,文化传媒,3.63,3.7,3.59,3.64,3.59,1419666,15832424.0,2.288308,-0.445,2.85,否,0.64,-4.961,-5.699,-6.905,-11.002,否,176000000,62040000,1967680000.0,693607200.0,44.268028,3.704754,4.509031,3.77,3.79,4.03,4.07,3.8,3.46,3.1,2012-02-17,-
2014-03-12,2654,万润科技,文化传媒,3.65,3.66,3.47,3.59,3.47,2330557,25597354.0,3.756539,-1.521,5.1,否,1.15,-7.474,-7.712,-7.712,-12.439,否,176000000,62040000,1937760000.0,683060400.0,43.594901,3.64842,4.440468,3.72,3.76,3.99,4.05,3.8,3.46,3.11,2012-02-17,-
2014-03-13,2654,万润科技,文化传媒,3.62,3.73,3.55,3.71,3.55,2146598,24220465.0,3.460023,3.361,4.9,否,1.05,1.366,-3.385,0.815,-7.25,否,176000000,62040000,2002880000.0,706015200.0,45.059943,3.771028,4.589693,3.7,3.77,3.97,4.04,3.81,3.47,3.11,2012-02-17,-
2014-03-14,2654,万润科技,文化传媒,3.68,3.76,3.66,3.7,3.66,1679995,19120958.0,2.707922,-0.176,2.55,否,0.81,1.648,-3.394,-1.333,-11.695,否,176000000,62040000,1999360000.0,704774400.0,44.980751,3.764401,4.581627,3.66,3.76,3.95,4.02,3.81,3.48,3.11,2012-02-17,-
2014-03-17,2654,万润科技,文化传媒,3.7,3.79,3.68,3.78,3.68,2195545,25286359.0,3.538918,2.113,2.9,否,1.12,5.292,-2.577,-2.073,-12.093,否,176000000,62040000,2041600000.0,719664000.0,45.931049,3.84393,4.678422,3.68,3.75,3.92,4.01,3.82,3.48,3.12,2012-02-17,-
2014-03-18,2654,万润科技,文化传媒,3.79,3.82,3.76,3.78,3.76,2852449,33167158.0,4.597758,0.0,1.55,否,1.46,1.887,3.279,-2.828,-9.135,否,176000000,62040000,2041600000.0,719664000.0,45.931049,3.84393,4.678422,3.71,3.74,3.88,4.0,3.83,3.49,3.12,2012-02-17,-
2014-03-19,2654,万润科技,文化传媒,3.76,3.76,3.67,3.71,3.67,1959700,22244403.0,3.158769,-1.81,2.5,否,0.87,0.27,1.923,-3.385,-14.713,否,176000000,62040000,2004640000.0,706635600.0,45.099538,3.774342,4.593726,3.74,3.73,3.85,3.98,3.84,3.5,3.13,2012-02-17,-
2014-03-20,2654,万润科技,文化传媒,3.7,3.73,3.58,3.58,3.58,1689838,18952101.0,2.723788,-3.424,3.95,否,0.78,-5.291,-0.279,-6.527,-14.558,否,176000000,62040000,1936000000.0,682440000.0,43.555305,3.645106,4.436435,3.71,3.7,3.81,3.97,3.84,3.5,3.13,2012-02-17,-
2014-03-21,2654,万润科技,文化传媒,3.64,3.72,3.56,3.7,3.56,1796720,20104024.0,2.896067,3.364,4.36,否,0.87,-2.116,-0.27,-4.639,-11.271,否,176000000,62040000,2001120000.0,705394800.0,45.020347,3.767715,4.58566,3.71,3.69,3.78,3.95,3.84,3.51,3.13,2012-02-17,-
2014-03-24,2654,万润科技,文化传媒,3.68,3.73,3.65,3.7,3.65,1584661,17952411.0,2.554257,-0.176,2.29,否,0.76,-0.27,0.0,1.093,-13.349,否,176000000,62040000,1997600000.0,704154000.0,44.941155,3.761087,4.577594,3.69,3.69,3.75,3.93,3.85,3.52,3.14,2012-02-17,-
2014-03-25,2654,万润科技,文化传媒,3.72,3.82,3.7,3.8,3.7,3157502,36596544.0,5.089462,2.908,3.17,否,1.6,6.145,0.529,4.396,-15.556,否,176000000,62040000,2055680000.0,724627200.0,46.247815,3.87044,4.710687,3.7,3.71,3.75,3.92,3.86,3.52,3.14,2012-02-17,-
2014-03-26,2654,万润科技,文化传媒,3.81,3.87,3.77,3.82,3.77,2746457,32242766.0,4.426913,0.343,2.65,否,1.35,3.243,1.058,6.407,-14.35,否,176000000,62040000,2062720000.0,727108800.0,46.406197,3.883695,4.726819,3.72,3.73,3.75,3.9,3.87,3.53,3.15,2012-02-17,-
2014-03-27,2654,万润科技,文化传媒,3.82,3.83,3.67,3.7,3.67,2159106,24733028.0,3.480184,-3.157,4.18,否,0.98,0.0,-0.27,-0.27,-13.753,否,176000000,62040000,1997600000.0,704154000.0,44.941155,3.761087,4.577594,3.74,3.73,3.75,3.89,3.88,3.54,3.15,2012-02-17,-
2014-03-28,2654,万润科技,文化传媒,3.7,3.7,3.5,3.51,3.5,2363796,25860467.0,3.810116,-5.11,5.55,否,1.03,-7.632,-1.955,-5.135,-17.412,否,176000000,62040000,1895520000.0,668170800.0,42.644603,3.568891,4.343673,3.71,3.71,3.73,3.87,3.88,3.54,3.16,2012-02-17,-
2014-03-31,2654,万润科技,文化传媒,3.51,3.57,3.42,3.51,3.42,1156465,12477755.0,1.864064,0.0,4.27,否,0.48,-8.115,-5.135,-7.143,-18.372,否,176000000,62040000,1895520000.0,668170800.0,42.644603,3.568891,4.343673,3.67,3.68,3.72,3.84,3.88,3.55,3.16,2012-02-17,-
2014-04-01,2654,万润科技,文化传媒,3.5,3.66,3.49,3.65,3.49,1740653,19278055.0,2.805695,4.085,5.01,否,0.75,-1.351,-1.351,-3.439,-6.65,否,176000000,62040000,1972960000.0,695468400.0,44.386815,3.714695,4.52113,3.64,3.67,3.7,3.81,3.88,3.55,3.17,2012-02-17,-
2014-04-02,2654,万润科技,文化传媒,3.66,3.73,3.59,3.61,3.59,1509726,16930308.0,2.433472,-1.249,3.84,否,0.74,2.849,-5.0,-2.695,-7.198,否,176000000,62040000,1948320000.0,686782800.0,43.832475,3.668303,4.464666,3.6,3.66,3.69,3.78,3.89,3.56,3.17,2012-02-17,-
2014-04-03,2654,万润科技,文化传媒,3.59,3.67,3.58,3.63,3.58,915003,10209764.0,1.47486,0.632,2.35,否,0.51,3.419,-4.974,1.397,-1.359,否,176000000,62040000,1960640000.0,691125600.0,44.109645,3.691499,4.492898,3.58,3.66,3.68,3.76,3.89,3.56,3.17,2012-02-17,-
2014-04-04,2654,万润科技,文化传媒,3.66,3.67,3.61,3.67,3.61,977303,10947625.0,1.575279,1.077,1.8,否,0.64,0.548,-0.811,-0.811,-2.133,否,176000000,62040000,1981760000.0,698570400.0,44.584794,3.731264,4.541296,3.61,3.66,3.67,3.74,3.89,3.57,3.18,2012-02-17,-
2014-04-08,2654,万润科技,文化传媒,3.64,3.73,3.63,3.72,3.63,1355153,15364280.0,2.184321,1.332,2.66,否,1.08,3.047,5.983,0.541,-3.627,否,176000000,62040000,2008160000.0,707876400.0,45.17873,3.78097,4.601793,3.66,3.66,3.68,3.72,3.89,3.57,3.18,2012-02-17,-
2014-04-09,2654,万润科技,文化传媒,3.71,3.79,3.71,3.75,3.71,1614130,18586102.0,2.601757,0.789,1.93,否,1.24,3.306,6.838,-1.316,-3.599,否,176000000,62040000,2024000000.0,713460000.0,45.535091,3.810793,4.638091,3.68,3.66,3.68,3.72,3.89,3.58,3.19,2012-02-17,-
2014-04-10,2654,万润科技,文化传媒,3.76,3.87,3.76,3.77,3.76,3840981,44961059.0,6.191136,0.609,3.04,否,3.01,2.725,3.288,-1.309,-1.823,否,176000000,62040000,2036320000.0,717802800.0,45.812261,3.833989,4.666323,3.71,3.65,3.69,3.71,3.89,3.59,3.19,2012-02-17,-
2014-04-11,2654,万润科技,文化传媒,3.75,3.75,3.68,3.71,3.68,2715197,30929200.0,4.376526,-1.556,1.73,否,1.56,-0.269,2.77,0.27,-3.133,否,176000000,62040000,2004640000.0,706635600.0,45.099538,3.774342,4.593726,3.72,3.65,3.69,3.72,3.89,3.59,3.2,2012-02-17,-
2014-04-14,2654,万润科技,文化传媒,3.72,3.78,3.71,3.74,3.71,2096839,24068316.0,3.379818,0.79,1.93,否,1.0,-0.267,3.03,6.553,-3.608,否,176000000,62040000,2020480000.0,712219200.0,45.4559,3.804166,4.630024,3.74,3.68,3.69,3.71,3.9,3.6,3.2,2012-02-17,-
2014-04-15,2654,万润科技,文化传媒,3.75,3.79,3.71,3.74,3.71,2199148,25369891.0,3.544726,0.087,2.0,否,0.95,-0.796,1.907,6.553,2.186,否,176000000,62040000,2022240000.0,712839600.0,45.495496,3.807479,4.634058,3.74,3.7,3.69,3.71,3.9,3.6,3.21,2012-02-17,-
2014-04-16,2654,万润科技,文化传媒,3.74,3.78,3.67,3.73,3.67,1732549,19763167.0,2.792632,-0.348,2.87,否,0.69,0.539,0.269,2.192,2.473,否,176000000,62040000,2015200000.0,710358000.0,45.337113,3.794224,4.617925,3.74,3.71,3.69,3.71,3.9,3.61,3.21,2012-02-17,-
2014-04-17,2654,万润科技,文化传媒,3.75,3.8,3.74,3.75,3.74,1827855,21112873.0,2.946252,0.524,1.83,否,0.73,0.267,0.0,3.878,4.457,否,176000000,62040000,2025760000.0,714080400.0,45.574687,3.814107,4.642124,3.73,3.72,3.69,3.7,3.9,3.61,3.22,2012-02-17,-
2014-04-18,2654,万润科技,文化传媒,3.75,3.8,3.73,3.79,3.73,2155532,24991585.0,3.474423,0.956,1.82,否,1.02,1.337,0.531,4.408,2.156,否,176000000,62040000,2045120000.0,720904800.0,46.01024,3.850558,4.686488,3.75,3.74,3.7,3.7,3.9,3.62,3.22,2012-02-17,-
2014-04-21,2654,万润科技,文化传媒,3.78,3.81,3.72,3.72,3.72,2134001,24567500.0,3.439718,-1.733,2.43,否,1.07,-0.268,0.27,1.362,0.541,否,176000000,62040000,1995840000.0,703533600.0,44.90156,3.757773,4.573561,3.75,3.74,3.7,3.7,3.9,3.62,3.23,2012-02-17,-
2014-04-22,2654,万润科技,文化传媒,3.7,3.82,3.61,3.66,3.61,1496749,16788426.0,2.412555,-1.499,5.56,否,0.74,-2.4,-2.139,-1.613,-3.175,否,176000000,62040000,1965920000.0,692986800.0,44.228432,3.70144,4.504998,3.73,3.74,3.7,3.7,3.9,3.62,3.23,2012-02-17,-
2014-04-23,2654,万润科技,文化传媒,3.64,3.68,3.56,3.59,3.56,1210798,13334766.0,1.951641,-2.149,3.22,否,0.65,-5.277,-4.011,-4.267,-5.026,否,176000000,62040000,1923680000.0,678097200.0,43.278135,3.62191,4.408203,3.7,3.72,3.69,3.69,3.88,3.62,3.24,2012-02-17,-
2014-04-24,2654,万润科技,文化传媒,3.58,3.6,3.53,3.54,3.53,895178,9708523.0,1.442905,-1.281,1.74,否,0.51,-4.839,-5.094,-6.101,-4.582,否,176000000,62040000,1899040000.0,669411600.0,42.723794,3.575518,4.351739,3.66,3.7,3.67,3.69,3.87,3.62,3.24,2012-02-17,-
2014-04-25,2654,万润科技,文化传媒,3.54,3.58,3.45,3.45,3.45,1082351,11638865.0,1.744602,-2.595,3.61,否,0.69,-5.738,-8.0,-7.008,-3.631,否,176000000,62040000,1849760000.0,652040400.0,41.615114,3.482734,4.238812,3.59,3.67,3.66,3.68,3.86,3.62,3.24,2012-02-17,-
2014-04-28,2654,万润科技,文化传媒,3.46,3.46,3.26,3.28,3.26,1403569,14202240.0,2.262361,-4.853,5.9,否,1.03,-8.635,-13.456,-12.299,-11.351,否,176000000,62040000,1760000000.0,620400000.0,39.595732,3.313733,4.033122,3.5,3.63,3.65,3.67,3.85,3.62,3.25,2012-02-17,-
2014-04-29,2654,万润科技,文化传媒,3.26,3.34,3.25,3.34,3.25,926310,9344997.0,1.493085,1.8,2.7,否,0.76,-5.65,-10.215,-10.695,-9.73,否,176000000,62040000,1791680000.0,631567200.0,41.636378,3.314357,4.029261,3.44,3.59,3.64,3.66,3.83,3.62,3.25,2012-02-17,-
2014-04-30,2654,万润科技,文化传媒,3.33,3.37,3.31,3.36,3.31,622058,6344639.0,1.002672,0.589,1.67,否,0.56,-2.609,-8.197,-9.92,-11.579,否,176000000,62040000,1802240000.0,635289600.0,41.881779,3.333891,4.053009,3.39,3.55,3.63,3.64,3.82,3.63,3.26,2012-02-17,-
2014-05-05,2654,万润科技,文化传媒,3.36,3.4,3.35,3.4,3.35,777658,8023747.0,1.253478,1.27,1.66,否,0.79,3.659,-5.292,-9.333,-10.995,否,176000000,62040000,1825120000.0,643354800.0,42.413482,3.376216,4.104463,3.37,3.51,3.62,3.63,3.81,3.63,3.26,2012-02-17,-
2014-05-06,2654,万润科技,文化传媒,3.41,3.54,3.4,3.49,3.4,1615406,17174879.0,2.603814,2.7,4.15,否,1.68,4.491,-1.412,-7.916,-5.676,否,176000000,62040000,1874400000.0,660726000.0,43.558686,3.467377,4.215287,3.37,3.48,3.61,3.63,3.8,3.63,3.26,2012-02-17,-
2014-05-07,2654,万润科技,文化传媒,3.47,3.48,3.36,3.38,3.36,1288361,13476932.0,2.076662,-3.193,3.66,否,1.21,0.595,-2.029,-9.14,-3.704,否,176000000,62040000,1814560000.0,639632400.0,42.16808,3.356681,4.080715,3.39,3.45,3.6,3.62,3.79,3.63,3.26,2012-02-17,-
2014-05-08,2654,万润科技,文化传媒,3.36,3.5,3.35,3.41,3.35,940268,9872951.0,1.515583,0.873,4.36,否,0.9,0.294,3.963,-6.831,-2.849,否,176000000,62040000,1830400000.0,645216000.0,42.536182,3.385983,4.116337,3.41,3.42,3.58,3.61,3.77,3.64,3.27,2012-02-17,-
2014-05-09,2654,万润科技,文化传媒,3.43,3.49,3.32,3.37,3.32,870321,8954203.0,1.402838,-1.154,5.0,否,0.83,-3.438,0.898,-6.128,-7.671,否,176000000,62040000,1809280000.0,637771200.0,42.04538,3.346914,4.068841,3.41,3.4,3.56,3.59,3.76,3.64,3.27,2012-02-17,-
2014-05-12,2654,万润科技,文化传媒,3.44,3.49,3.35,3.44,3.35,1513869,15933083.0,2.125027,2.14,3.99,否,1.38,1.775,2.381,-2.825,-4.709,否,176000000,71240000,1848000000.0,748020000.0,42.945184,3.418541,4.155917,3.42,3.39,3.54,3.58,3.74,3.64,3.27,2012-02-17,-
2014-05-13,2654,万润科技,文化传媒,3.44,3.49,3.43,3.47,3.43,557435,5883496.0,0.782475,0.667,1.71,否,0.45,1.76,2.059,0.58,-4.408,否,176000000,71240000,1860320000.0,753006800.0,43.231485,3.441331,4.183623,3.41,3.39,3.53,3.57,3.73,3.65,3.27,2012-02-17,-
2014-05-14,2654,万润科技,文化传媒,3.48,3.61,3.48,3.61,3.48,3269688,35511611.0,4.58968,4.068,3.97,否,3.16,7.122,3.438,10.061,-1.635,否,176000000,71240000,1936000000.0,783640000.0,44.990193,3.581328,4.353818,3.46,3.43,3.53,3.58,3.72,3.65,3.28,2012-02-17,-
2014-05-15,2654,万润科技,文化传媒,3.61,3.62,3.56,3.6,3.56,1905192,20790579.0,2.674329,-0.364,1.82,否,1.33,4.651,6.509,7.784,-3.226,否,176000000,71240000,1928960000.0,780790400.0,44.826592,3.568305,4.337986,3.5,3.45,3.52,3.58,3.71,3.66,3.28,2012-02-17,-
2014-05-16,2654,万润科技,文化传媒,3.56,3.66,3.56,3.64,3.56,1203908,13266191.0,1.689933,1.186,2.83,否,0.74,4.899,6.745,8.333,-2.933,否,176000000,71240000,1951840000.0,790051600.0,45.358294,3.61063,4.38944,3.55,3.48,3.51,3.58,3.7,3.66,3.28,2012-02-17,-
2014-05-19,2654,万润科技,文化传媒,3.62,3.68,3.57,3.63,3.57,1587601,17554234.0,2.228525,-0.09,3.16,否,0.94,0.554,7.715,6.765,-3.714,否,176000000,71240000,1950080000.0,789339200.0,45.317394,3.607374,4.385482,3.59,3.5,3.51,3.58,3.68,3.66,3.28,2012-02-17,-
2014-05-20,2654,万润科技,文化传媒,3.64,3.73,3.62,3.64,3.62,1423662,15916109.0,1.998403,0.181,3.07,否,0.84,1.111,5.814,4.298,-1.887,否,176000000,71240000,1953600000.0,790764000.0,45.399194,3.613886,4.393398,3.62,3.52,3.5,3.58,3.67,3.67,3.29,2012-02-17,-
2014-05-21,2654,万润科技,文化传媒,3.64,3.7,3.62,3.66,3.62,846163,9417680.0,1.187764,0.45,2.16,否,0.45,0.549,5.476,8.284,-2.139,否,176000000,71240000,1962400000.0,794326000.0,45.603695,3.630165,4.413188,3.63,3.55,3.5,3.58,3.66,3.67,3.29,2012-02-17,-
2014-05-22,2654,万润科技,文化传媒,3.67,3.79,3.67,3.74,3.67,3207242,36671578.0,4.502024,2.153,3.23,否,2.3,3.03,3.601,9.677,0.0,否,176000000,71240000,2004640000.0,811423600.0,46.585299,3.708303,4.508181,3.66,3.58,3.5,3.58,3.65,3.67,3.29,2012-02-17,-
2014-05-23,2654,万润科技,文化传媒,3.74,3.77,3.69,3.75,3.69,1206669,13736148.0,1.693808,0.263,2.11,否,0.73,3.022,4.167,11.276,0.536,否,176000000,71240000,2009920000.0,813560800.0,46.708,3.71807,4.520055,3.68,3.62,3.51,3.58,3.65,3.68,3.3,2012-02-17,-
2014-05-26,2654,万润科技,文化传媒,3.75,3.77,3.67,3.69,3.67,2568769,29038216.0,3.605796,-1.489,2.63,否,1.55,0.82,1.374,7.267,-1.6,否,176000000,71240000,1980000000.0,801450000.0,46.012697,3.662722,4.452768,3.7,3.64,3.52,3.58,3.65,3.68,3.3,2012-02-17,-
2014-05-27,2654,万润科技,文化传媒,3.69,3.77,3.66,3.69,3.66,1389879,15699592.0,1.950981,0.089,2.76,否,0.75,-1.337,1.653,6.34,-2.639,否,176000000,71240000,1981760000.0,802162400.0,46.053597,3.665978,4.456727,3.71,3.67,3.53,3.58,3.65,3.68,3.3,2012-02-17,-
2014-05-28,2654,万润科技,文化传媒,3.68,3.72,3.66,3.71,3.66,1872220,21093801.0,2.628046,0.355,1.78,否,1.02,-1.067,1.923,2.77,-0.269,否,176000000,71240000,1988800000.0,805012000.0,46.217198,3.679001,4.472559,3.72,3.68,3.55,3.58,3.65,3.69,3.31,2012-02-17,-
2014-05-29,2654,万润科技,文化传媒,3.71,3.77,3.68,3.69,3.68,2333598,26560638.0,3.275685,-0.443,2.3,否,1.14,0.0,0.82,2.5,0.82,否,176000000,71240000,1980000000.0,801450000.0,46.012697,3.662722,4.452768,3.71,3.68,3.57,3.57,3.64,3.69,3.31,2012-02-17,-
2014-05-30,2654,万润科技,文化传媒,3.68,3.73,3.67,3.68,3.67,1167439,13156915.0,1.638741,-0.356,1.51,否,0.62,-0.271,-1.604,1.099,2.507,否,176000000,71240000,1972960000.0,798600400.0,45.849096,3.649699,4.436936,3.69,3.69,3.58,3.57,3.64,3.7,3.31,2012-02-17,-
2014-06-03,2654,万润科技,文化传媒,3.68,3.71,3.65,3.66,3.65,995309,11146088.0,1.397121,-0.446,1.52,否,0.53,-1.348,-2.4,0.826,3.39,否,176000000,71240000,1964160000.0,795038400.0,45.644595,3.63342,4.417146,3.69,3.69,3.6,3.57,3.64,3.7,3.31,2012-02-17,-
2014-06-04,2654,万润科技,文化传媒,3.64,3.67,3.58,3.59,3.58,1505386,16597813.0,2.113119,-1.882,2.69,否,0.97,-2.71,-2.71,-1.374,4.058,否,176000000,71240000,1927200000.0,780078000.0,44.785692,3.56505,4.334028,3.67,3.69,3.6,3.56,3.63,3.7,3.31,2012-02-17,-
2014-06-05,2654,万润科技,文化传媒,3.56,3.67,3.56,3.67,3.56,995888,11039707.0,1.397934,2.192,3.2,否,0.63,-0.272,-0.542,0.273,11.89,否,176000000,71240000,1969440000.0,797175600.0,45.767296,3.643188,4.42902,3.66,3.69,3.62,3.56,3.63,3.71,3.32,2012-02-17,-
2014-06-06,2654,万润科技,文化传媒,3.65,3.71,3.65,3.67,3.65,1029534,11544961.0,1.445163,0.0,1.7,否,0.74,0.273,-1.078,-1.872,9.88,否,176000000,71240000,1969440000.0,797175600.0,45.767296,3.643188,4.42902,3.65,3.68,3.63,3.56,3.63,3.71,3.32,2012-02-17,-
2014-06-09,2654,万润科技,文化传媒,3.67,3.7,3.62,3.67,3.62,825666,9247232.0,1.158992,-0.089,1.97,否,0.73,2.228,-0.542,-2.133,9.226,否,176000000,71240000,1967680000.0,796463200.0,45.726396,3.639932,4.425062,3.65,3.67,3.65,3.56,3.63,3.71,3.32,2012-02-17,-
2014-06-10,2654,万润科技,文化传媒,3.7,3.77,3.64,3.74,3.64,2585415,29352533.0,3.629162,1.968,3.4,否,2.42,1.907,1.63,1.355,10.0,否,176000000,71240000,2006400000.0,812136000.0,46.6262,3.711558,4.512139,3.67,3.68,3.66,3.57,3.63,3.72,3.32,2012-02-17,-
2014-06-11,2654,万润科技,文化传媒,3.74,3.77,3.71,3.74,3.71,1714904,19593251.0,2.407221,0.088,1.58,否,1.24,1.907,2.186,1.355,7.163,否,176000000,71240000,2008160000.0,812848400.0,46.6671,3.714814,4.516097,3.7,3.68,3.67,3.58,3.63,3.72,3.32,2012-02-17,-
2014-06-12,2654,万润科技,文化传媒,3.73,3.78,3.7,3.77,3.7,2268665,25965085.0,3.184538,0.701,2.28,否,1.59,2.725,5.014,1.617,11.538,否,176000000,71240000,2022240000.0,818547600.0,46.994301,3.74086,4.547761,3.72,3.69,3.68,3.6,3.63,3.72,3.33,2012-02-17,-
2014-06-13,2654,万润科技,文化传媒,3.77,4.06,3.77,3.92,3.77,8266388,98850089.0,11.603577,3.916,7.75,否,4.91,4.813,6.812,6.233,14.956,否,176000000,71240000,2101440000.0,850605600.0,48.834809,3.887369,4.725872,3.77,3.71,3.7,3.62,3.64,3.73,3.33,2012-02-17,-
2014-06-16,2654,万润科技,文化传媒,3.91,3.96,3.83,3.87,3.83,5313145,62895571.0,7.458092,-1.173,3.18,否,1.7,3.476,5.45,5.163,14.837,否,176000000,71240000,2076800000.0,840632000.0,48.262207,3.841789,4.670459,3.81,3.73,3.71,3.63,3.64,3.73,3.33,2012-02-17,-
2014-06-17,2654,万润科技,文化传媒,3.83,3.93,3.83,3.88,3.83,3077942,36518413.0,4.320525,0.254,2.37,否,0.76,2.918,5.722,6.011,12.791,否,176000000,71240000,2082080000.0,842769200.0,48.384907,3.851556,4.682333,3.84,3.75,3.72,3.65,3.64,3.74,3.34,2012-02-17,-
2014-06-18,2654,万润科技,文化传媒,3.91,3.95,3.86,3.87,3.86,2474674,29497362.0,3.473714,-0.169,2.28,否,0.6,-1.276,3.476,7.799,11.527,否,176000000,71240000,2078560000.0,841344400.0,48.303107,3.845044,4.674417,3.86,3.78,3.73,3.66,3.64,3.74,3.34,2012-02-17,-
2014-06-19,2654,万润科技,文化传媒,3.85,3.92,3.65,3.7,3.65,2666567,30892886.0,3.743076,-4.488,6.94,否,0.62,-4.393,-1.07,0.817,2.493,否,176000000,71240000,1985280000.0,803587200.0,46.135397,3.672489,4.464643,3.85,3.78,3.74,3.67,3.64,3.74,3.34,2012-02-17,-
2014-06-20,2654,万润科技,文化传媒,3.74,3.9,3.69,3.87,3.69,2522662,29149563.0,3.541075,4.699,5.67,否,0.58,-0.258,2.653,5.45,7.5,否,176000000,71240000,2078560000.0,841344400.0,48.303107,3.845044,4.674417,3.84,3.8,3.74,3.69,3.65,3.75,3.35,2012-02-17,-
2014-06-23,2654,万润科技,文化传媒,3.87,4.05,3.86,4.03,3.86,4934728,60006674.0,6.926906,4.149,4.91,否,1.54,4.134,2.806,9.809,10.714,否,176000000,71240000,2164800000.0,876252000.0,50.307215,4.004576,4.86836,3.87,3.84,3.76,3.71,3.65,3.75,3.35,2012-02-17,-
2014-06-24,2654,万润科技,文化传媒,4.02,4.08,3.97,4.05,3.97,2666409,32785826.0,3.742854,0.407,2.76,否,0.85,9.459,4.651,8.289,11.57,否,176000000,71240000,2173600000.0,879814000.0,50.511716,4.020855,4.88815,3.9,3.87,3.77,3.73,3.66,3.76,3.36,2012-02-17,-
2014-06-25,2654,万润科技,文化传媒,4.05,4.11,4.02,4.07,4.02,3143293,38960596.0,4.412259,0.405,2.35,否,1.03,5.168,4.897,8.824,11.813,否,176000000,71240000,2182400000.0,883376000.0,50.716217,4.037134,4.90794,3.94,3.9,3.79,3.75,3.66,3.77,3.36,2012-02-17,-
2014-06-26,2654,万润科技,文化传媒,4.07,4.21,4.07,4.18,4.07,3985438,50660049.0,5.594382,2.661,3.39,否,1.25,3.722,8.01,10.875,14.208,否,176000000,71240000,2240480000.0,906885200.0,52.065923,4.144574,5.038555,4.04,3.94,3.82,3.77,3.67,3.78,3.37,2012-02-17,-
2014-06-27,2654,万润科技,文化传媒,4.16,4.23,4.11,4.12,4.11,2922006,37266433.0,4.101637,-1.414,2.91,否,0.85,1.728,11.351,5.102,10.16,否,176000000,71240000,2208800000.0,894062000.0,51.32972,4.08597,4.967311,4.09,3.96,3.84,3.79,3.68,3.78,3.37,2012-02-17,-
2014-06-30,2654,万润科技,文化传媒,4.12,4.22,4.04,4.2,4.04,3475087,43981340.0,4.878,1.992,4.3,否,0.98,3.194,8.527,8.527,12.0,否,176000000,71240000,2252800000.0,911872000.0,52.352224,4.167364,5.066261,4.12,4.0,3.86,3.81,3.69,3.79,3.38,2012-02-17,-
2014-08-15,2654,万润科技,文化传媒,4.56,4.62,4.29,4.62,4.29,7419770,101894340.0,10.415174,10.0,7.81,否,2.29,10.526,14.64,19.072,25.203,是,176000000,71240000,2478080000.0,1003059200.0,52.60873,4.570342,5.065433,4.24,4.07,3.91,3.84,3.71,3.8,3.39,2012-02-17,-
2014-08-18,2654,万润科技,文化传媒,4.78,5.01,4.61,4.69,4.61,18373765,267457580.0,25.79136,1.563,8.66,否,4.39,13.835,15.802,21.189,27.1,否,176000000,71240000,2516800000.0,1018732000.0,53.430741,4.641754,5.14458,4.36,4.15,3.97,3.87,3.73,3.81,3.4,2012-02-17,-
2014-08-19,2654,万润科技,文化传媒,4.91,5.08,4.76,4.85,4.76,15109025,224749700.0,21.208626,3.497,6.85,否,2.09,15.476,19.165,31.081,30.728,否,176000000,71240000,2604800000.0,1054352000.0,55.298949,4.804053,5.32446,4.5,4.27,4.03,3.91,3.75,3.82,3.41,2012-02-17,-
2014-08-20,2654,万润科技,文化传媒,4.74,4.82,4.63,4.78,4.63,8070719,116517543.0,11.328915,-1.554,3.85,否,0.85,3.463,14.354,23.514,29.539,否,176000000,71240000,2564320000.0,1037966800.0,54.439573,4.729395,5.241715,4.63,4.36,4.08,3.95,3.76,3.83,3.41,2012-02-17,-
2014-08-21,2654,万润科技,文化传媒,4.79,4.79,4.63,4.71,4.63,5947219,85091900.0,8.348146,-1.373,3.36,否,0.57,0.426,14.32,16.873,27.989,否,176000000,71240000,2529120000.0,1023718800.0,53.69229,4.664476,5.169763,4.73,4.43,4.13,3.98,3.78,3.84,3.42,2012-02-17,-
2014-08-22,2654,万润科技,文化传媒,4.71,4.83,4.69,4.71,4.69,5030944,72903245.0,7.061965,-0.07,2.92,否,0.46,-2.887,12.143,16.296,28.689,否,176000000,71240000,2527360000.0,1023006400.0,53.654926,4.66123,5.166166,4.75,4.49,4.18,4.01,3.8,3.84,3.43,2012-02-17,-
2014-08-25,2654,万润科技,文化传媒,4.73,4.78,4.64,4.75,4.64,4380224,63124990.0,6.148546,0.836,2.99,否,0.42,-0.628,2.814,16.708,32.312,否,176000000,71240000,2548480000.0,1031555200.0,54.103296,4.700181,5.209337,4.76,4.56,4.23,4.05,3.81,3.85,3.44,2012-02-17,-
2014-08-26,2654,万润科技,文化传媒,4.71,4.81,4.62,4.8,4.62,5716588,81853870.0,8.024408,1.036,3.87,否,0.74,1.911,2.345,14.833,30.79,否,176000000,71240000,2574880000.0,1042241200.0,54.663758,4.748871,5.263301,4.75,4.62,4.28,4.09,3.83,3.86,3.45,2012-02-17,-
2014-08-27,2654,万润科技,文化传媒,4.76,4.88,4.72,4.76,4.72,5257577,76919375.0,7.380091,-0.752,3.35,否,0.9,1.062,-1.856,15.534,29.7,否,176000000,71240000,2555520000.0,1034404800.0,54.252752,4.713165,5.223727,4.75,4.69,4.33,4.12,3.85,3.88,3.46,2012-02-17,-
2014-08-28,2654,万润科技,文化传媒,4.72,4.74,4.55,4.55,4.55,4163249,58856966.0,5.843977,-4.546,4.13,否,0.79,-4.211,-4.812,8.333,23.978,否,176000000,71240000,2439360000.0,987386400.0,51.786718,4.498931,4.986285,4.71,4.72,4.36,4.15,3.86,3.88,3.47,2012-02-17,-
2014-08-29,2654,万润科技,文化传媒,4.55,4.81,4.5,4.77,4.5,4148903,59183206.0,5.823839,4.978,6.64,否,0.85,-0.625,1.274,3.247,27.54,否,176000000,71240000,2560800000.0,1036542000.0,54.364845,4.722903,5.23452,4.73,4.74,4.4,4.19,3.88,3.89,3.47,2012-02-17,-
2014-09-01,2654,万润科技,文化传媒,4.75,4.87,4.73,4.87,4.73,4229586,61980164.0,5.937094,2.131,2.96,否,0.89,2.311,3.397,3.838,30.214,否,176000000,71240000,2615360000.0,1058626400.0,55.523134,4.823529,5.346046,4.75,4.76,4.45,4.23,3.9,3.9,3.48,2012-02-17,-
2014-09-02,2654,万润科技,文化传媒,4.88,5.09,4.83,4.94,4.83,6980125,105895367.0,9.798042,1.279,5.45,否,1.48,8.571,4.0,1.856,31.034,否,176000000,71240000,2648800000.0,1072162000.0,56.233053,4.885202,5.414401,4.78,4.76,4.52,4.27,3.92,3.91,3.49,2012-02-17,-
2014-09-03,2654,万润科技,文化传媒,4.94,5.01,4.84,4.94,4.84,4676777,69783639.0,6.564819,0.066,3.26,否,0.94,3.564,2.917,3.347,26.02,否,176000000,71240000,2650560000.0,1072874400.0,56.270417,4.888448,5.417998,4.81,4.78,4.57,4.31,3.94,3.92,3.5,2012-02-17,-
2014-09-04,2654,万润科技,文化传媒,4.96,5.0,4.9,4.97,4.9,3323624,50198898.0,4.66539,0.598,2.06,否,0.69,2.053,4.412,5.52,28.424,否,176000000,71240000,2666400000.0,1079286000.0,56.606694,4.917662,5.450377,4.9,4.81,4.62,4.36,3.96,3.92,3.51,2012-02-17,-
2014-09-05,2654,万润科技,文化传媒,5.0,5.0,4.84,4.89,4.84,4063571,60491766.0,5.704058,-1.65,3.3,否,0.87,-1.012,7.473,3.822,26.031,否,176000000,71240000,2622400000.0,1061476000.0,55.67259,4.836513,5.360436,4.92,4.82,4.66,4.4,3.98,3.93,3.52,2012-02-17,-
2014-09-09,2654,万润科技,文化传媒,4.89,4.91,4.8,4.84,4.8,3995272,58971229.0,5.608186,-0.94,2.35,否,0.86,-2.024,1.468,1.895,25.065,否,176000000,71240000,2597760000.0,1051502400.0,55.149492,4.791069,5.31007,4.92,4.83,4.7,4.43,4.01,3.93,3.53,2012-02-17,-
2014-09-10,2654,万润科技,文化传媒,4.83,4.89,4.79,4.88,4.79,3217634,47553426.0,4.516611,0.745,2.17,否,0.7,-1.811,0.205,1.667,31.892,否,176000000,71240000,2617120000.0,1059338800.0,55.560498,4.826775,5.349644,4.9,4.84,4.73,4.47,4.03,3.94,3.54,2012-02-17,-
2014-09-11,2654,万润科技,文化传媒,4.89,5.0,4.86,4.92,4.86,4844701,72864151.0,6.800535,0.942,2.89,否,1.26,0.613,-0.405,3.361,27.132,否,176000000,71240000,2641760000.0,1069312400.0,56.083596,4.872218,5.40001,4.9,4.86,4.77,4.5,4.06,3.95,3.55,2012-02-17,-
2014-09-12,2654,万润科技,文化传媒,4.89,4.95,4.85,4.93,4.85,2736768,41020989.0,3.841617,0.067,1.87,否,0.7,1.86,-0.202,8.352,22.333,否,176000000,71240000,2643520000.0,1070024800.0,56.12096,4.875464,5.403608,4.89,4.9,4.81,4.54,4.09,3.95,3.56,2012-02-17,-
2014-09-15,2654,万润科技,文化传媒,4.92,5.24,4.9,5.22,4.9,6566760,102822847.0,9.217799,5.859,6.79,否,1.74,6.967,5.03,9.434,28.889,否,176000000,71240000,2798400000.0,1132716000.0,59.409006,5.161111,5.720197,4.96,4.94,4.84,4.58,4.12,3.96,3.57,2012-02-17,-
2014-09-16,2654,万润科技,文化传媒,5.18,5.21,4.94,4.96,4.94,4017392,62083769.0,5.639236,-4.906,5.09,否,0.94,0.813,1.431,1.848,21.867,否,176000000,71240000,2661120000.0,1077148800.0,56.494602,4.907924,5.439584,4.98,4.95,4.85,4.62,4.14,3.97,3.58,2012-02-17,-
2014-09-17,2654,万润科技,文化传媒,4.96,4.99,4.85,4.96,4.85,1942982,29088163.0,2.727375,0.0,2.84,否,0.45,0.609,2.479,0.405,18.66,否,176000000,71240000,2661120000.0,1077148800.0,56.494602,4.907924,5.439584,5.0,4.95,4.86,4.66,4.17,3.98,3.59,2012-02-17,-
2014-09-18,2654,万润科技,文化传媒,4.97,5.0,4.91,4.96,4.91,1241488,18778191.0,1.742684,-0.066,1.85,否,0.31,-4.981,1.639,0.405,20.388,否,176000000,71240000,2659360000.0,1076436400.0,56.457237,4.904678,5.435986,5.01,4.95,4.87,4.7,4.19,3.98,3.6,2012-02-17,-
2014-09-19,2654,万润科技,文化传媒,4.98,5.05,4.9,4.98,4.9,2125137,32222477.0,2.983067,0.53,2.98,否,0.64,0.403,1.22,0.201,18.571,否,176000000,71240000,2673440000.0,1082135600.0,56.756151,4.930646,5.464767,5.02,4.95,4.88,4.73,4.22,3.99,3.6,2012-02-17,-
2014-09-22,2654,万润科技,文化传媒,5.0,5.14,4.93,4.99,4.93,2352971,36027831.0,3.302879,0.066,4.15,否,0.74,0.605,1.217,2.045,8.009,否,176000000,71240000,2675200000.0,1082848000.0,56.793515,4.933892,5.468365,4.97,4.96,4.89,4.76,4.25,3.99,3.61,2012-02-17,-
2014-09-23,2654,万润科技,文化传媒,5.01,5.13,4.99,5.08,4.99,2591791,40140333.0,3.638112,1.974,2.89,否,1.11,2.419,-2.682,4.959,8.316,否,176000000,71240000,2728000000.0,1104220000.0,57.914439,5.031272,5.576293,4.99,4.99,4.91,4.79,4.27,4.0,3.62,2012-02-17,-
2014-09-24,2654,万润科技,文化传媒,5.06,5.28,5.01,5.24,5.01,3148898,49425086.0,4.420126,3.097,5.23,否,1.54,5.221,5.645,7.377,8.041,否,176000000,71240000,2812480000.0,1138415200.0,59.707919,5.187079,5.748978,5.05,5.02,4.93,4.83,4.3,4.01,3.63,2012-02-17,-
2014-09-25,2654,万润科技,文化传媒,5.26,5.3,5.15,5.18,5.15,2977898,47331644.0,4.180093,-1.252,2.82,否,1.3,3.808,4.435,5.285,8.368,否,176000000,71240000,2777280000.0,1124167200.0,58.960636,5.122159,5.677026,5.09,5.05,4.95,4.86,4.33,4.02,3.64,2012-02-17,-
2014-09-26,2654,万润科技,文化传媒,5.18,5.23,5.14,5.22,5.14,2198710,34757908.0,3.086342,0.761,1.77,否,0.83,2.756,5.242,5.882,10.828,否,176000000,71240000,2798400000.0,1132716000.0,59.409006,5.161111,5.720197,5.14,5.08,4.99,4.9,4.35,4.02,3.65,2012-02-17,-
2014-09-29,2654,万润科技,文化传媒,5.22,5.24,5.07,5.09,5.07,3453258,54236198.0,4.847358,-2.453,3.33,否,1.3,-2.863,2.209,-2.49,8.068,否,176000000,71240000,2729760000.0,1104932400.0,57.951804,5.034518,5.579891,5.16,5.07,5.0,4.91,4.38,4.03,3.66,2012-02-17,-
2014-09-30,2654,万润科技,文化传媒,5.12,5.15,5.03,5.05,5.03,4157951,64146765.0,5.83654,-0.838,2.32,否,1.45,-2.51,1.202,1.815,6.316,否,176000000,71240000,2706880000.0,1095671200.0,57.46607,4.99232,5.533122,5.16,5.08,5.01,4.93,4.4,4.04,3.67,2012-02-17,-
2014-10-08,2654,万润科技,文化传媒,5.14,5.29,5.08,5.24,5.08,4878860,77352055.0,6.848484,3.836,4.16,否,1.53,0.383,3.15,5.645,9.167,否,176000000,71240000,2810720000.0,1137702800.0,59.670555,5.183833,5.74538,5.16,5.1,5.03,4.94,4.43,4.04,3.67,2012-02-17,-
2014-10-09,2654,万润科技,文化传媒,5.25,5.45,5.2,5.42,5.2,5137835,83906502.0,7.212009,3.444,4.7,否,1.45,6.483,3.435,9.274,13.866,否,176000000,71240000,2907520000.0,1176884800.0,61.725583,5.362362,5.943249,5.2,5.15,5.05,4.96,4.45,4.05,3.68,2012-02-17,-
2014-10-10,2654,万润科技,文化传媒,5.45,5.55,5.24,5.34,5.24,4040418,66265067.0,5.671558,-1.392,5.69,否,1.02,5.743,3.089,7.229,17.363,否,176000000,71240000,2867040000.0,1160499600.0,60.866208,5.287704,5.860504,5.23,5.19,5.07,4.98,4.48,4.06,3.69,2012-02-17,-
2014-10-13,2654,万润科技,文化传媒,5.34,5.34,5.18,5.24,5.18,3194555,50800292.0,4.484215,-1.964,3.01,否,0.74,0.0,0.383,5.01,9.853,否,176000000,71240000,2810720000.0,1137702800.0,59.670555,5.183833,5.74538,5.26,5.21,5.09,5.0,4.51,4.08,3.7,2012-02-17,-
2014-10-14,2654,万润科技,文化传媒,5.22,5.33,5.12,5.15,5.12,3508718,55673440.0,4.925208,-1.691,4.07,否,0.82,-4.982,1.179,1.378,5.749,否,176000000,71240000,2763200000.0,1118468000.0,58.661723,5.096191,5.648245,5.28,5.22,5.1,5.01,4.53,4.09,3.71,2012-02-17,-
2014-10-15,2654,万润科技,文化传媒,5.12,5.2,4.99,5.06,4.99,4112036,63299456.0,5.772089,-1.656,4.14,否,0.99,-5.243,0.198,-3.435,2.429,否,176000000,71240000,2717440000.0,1099945600.0,57.690255,5.011796,5.554707,5.24,5.2,5.11,5.02,4.55,4.1,3.72,2012-02-17,-
2014-10-16,2654,万润科技,文化传媒,5.05,5.25,4.99,5.05,4.99,3188983,50025493.0,4.476394,-0.194,5.25,否,0.8,-3.626,-3.626,-2.51,2.227,否,176000000,71240000,2712160000.0,1097808400.0,57.578162,5.002058,5.543914,5.17,5.19,5.12,5.03,4.58,4.11,3.73,2012-02-17,-
2014-10-17,2654,万润科技,文化传媒,5.05,5.09,4.88,5.03,4.88,3091913,47008304.0,4.340136,-0.454,4.15,否,0.86,-2.33,-7.196,-3.64,1.207,否,176000000,71240000,2699840000.0,1092821600.0,57.316613,4.979336,5.518731,5.11,5.17,5.12,5.05,4.6,4.12,3.74,2012-02-17,-
2014-10-20,2654,万润科技,文化传媒,5.04,5.17,4.99,5.13,4.99,2483167,38588957.0,3.485636,1.891,3.52,否,0.73,1.383,-3.933,0.786,4.908,否,176000000,71240000,2750880000.0,1113481200.0,58.400173,5.073469,5.623062,5.08,5.17,5.12,5.06,4.62,4.13,3.75,2012-02-17,-
2014-10-21,2654,万润科技,文化传媒,5.13,5.16,5.02,5.02,5.02,1186763,18418491.0,1.665866,-2.111,2.69,否,0.36,-0.594,-4.198,-0.594,3.719,否,176000000,71240000,2692800000.0,1089972000.0,57.167156,4.966352,5.504341,5.06,5.17,5.12,5.06,4.65,4.14,3.75,2012-02-17,-
2014-10-22,2654,万润科技,文化传媒,5.02,5.13,4.95,4.95,4.95,1383610,21215790.0,1.942181,-1.307,3.59,否,0.49,-1.59,-3.883,-5.534,1.434,否,176000000,71240000,2657600000.0,1075724000.0,56.419873,4.901432,5.432389,5.04,5.14,5.12,5.06,4.67,4.15,3.76,2012-02-17,-
2014-10-23,2654,万润科技,文化传媒,5.0,5.02,4.86,4.89,4.86,1938870,29035535.0,2.721603,-1.258,3.11,否,0.86,-4.678,-3.36,-9.779,-0.61,否,176000000,71240000,2624160000.0,1062188400.0,55.709954,4.839759,5.364034,5.0,5.09,5.12,5.06,4.69,4.16,3.77,2012-02-17,-
2014-10-24,2654,万润科技,文化传媒,4.85,4.96,4.76,4.89,4.76,934986,13975681.0,1.312445,0.067,4.09,否,0.46,-2.59,-3.168,-8.427,-0.811,否,176000000,71240000,2625920000.0,1062900800.0,55.747319,4.843005,5.367632,4.98,5.04,5.11,5.06,4.71,4.17,3.78,2012-02-17,-
2014-10-27,2654,万润科技,文化传媒,4.8,4.99,4.8,4.95,4.8,1133646,17057020.0,1.591305,1.139,3.89,否,0.72,0.0,-1.59,-5.534,-5.172,否,176000000,71240000,2655840000.0,1075011600.0,63.451698,4.818665,5.049334,4.94,5.01,5.11,5.06,4.73,4.18,3.79,2012-02-17,-
2014-10-28,2654,万润科技,文化传媒,4.99,5.2,4.96,5.17,4.96,3181740,49654216.0,4.466227,4.374,4.97,否,2.42,5.726,0.78,0.388,4.234,否,176000000,71240000,2772000000.0,1122030000.0,66.226922,5.029422,5.27018,4.97,5.01,5.12,5.07,4.75,4.19,3.79,2012-02-17,-
2014-10-29,2654,万润科技,文化传媒,5.17,5.27,5.15,5.2,5.15,2804126,44543933.0,3.936168,0.571,2.29,否,1.64,6.339,3.586,2.767,4.839,否,176000000,71240000,2787840000.0,1128441600.0,66.605361,5.058161,5.300295,5.02,5.03,5.11,5.08,4.78,4.2,3.8,2012-02-17,-
2014-10-30,2654,万润科技,文化传媒,5.19,5.23,5.13,5.14,5.13,1553537,24541673.0,2.180709,-1.073,2.02,否,0.78,3.838,3.838,1.782,3.629,否,176000000,71240000,2757920000.0,1116330800.0,65.890531,5.003875,5.243411,5.07,5.04,5.11,5.09,4.8,4.22,3.81,2012-02-17,-
2014-10-31,2654,万润科技,文化传媒,5.14,5.14,5.05,5.08,5.05,1566805,24320732.0,2.199333,-1.085,1.79,否,0.82,-1.741,3.885,0.994,2.008,否,176000000,71240000,2728000000.0,1104220000.0,65.175701,4.94959,5.186526,5.11,5.04,5.1,5.1,4.82,4.23,3.82,2012-02-17,-
2014-11-03,2654,万润科技,文化传媒,5.08,5.19,5.05,5.18,5.05,1400613,21854911.0,1.966049,1.936,2.71,否,0.68,-0.385,5.93,0.975,3.808,否,176000000,71240000,2780800000.0,1125592000.0,66.437166,5.045388,5.286911,5.15,5.05,5.11,5.09,4.84,4.24,3.83,2012-02-17,-
2014-11-04,2654,万润科技,文化传媒,5.17,5.27,5.13,5.13,5.13,1902165,30125695.0,2.67008,-1.013,2.78,否,0.91,-0.195,3.636,2.191,0.984,否,176000000,71240000,2752640000.0,1114193600.0,65.764384,4.994296,5.233372,5.15,5.06,5.11,5.1,4.86,4.25,3.84,2012-02-17,-
2014-11-05,2654,万润科技,文化传媒,5.14,5.18,5.11,5.13,5.11,962009,15023453.0,1.350378,0.0,1.47,否,0.52,0.984,-0.774,3.636,-2.099,否,176000000,71240000,2752640000.0,1114193600.0,65.764384,4.994296,5.233372,5.13,5.08,5.11,5.11,4.88,4.26,3.85,2012-02-17,-
2014-11-06,2654,万润科技,文化传媒,5.46,5.46,5.12,5.23,5.12,3159699,50429576.0,4.435288,1.982,6.65,否,2.14,0.965,0.577,6.953,0.965,否,176000000,71240000,2807200000.0,1136278000.0,67.067898,5.093287,5.337103,5.15,5.11,5.1,5.12,4.91,4.28,3.86,2012-02-17,-
2014-11-07,2654,万润科技,文化传媒,5.19,5.23,5.09,5.12,5.09,1787542,28090938.0,2.509183,-2.132,2.51,否,0.99,-0.195,-0.389,4.703,-1.916,否,176000000,71240000,2747360000.0,1112056400.0,65.638238,4.984716,5.223334,5.16,5.13,5.09,5.12,4.92,4.29,3.87,2012-02-17,-
2014-11-10,2654,万润科技,文化传媒,5.09,5.12,4.9,4.96,4.9,3093441,46956518.0,4.342281,-3.075,4.23,否,1.68,-3.314,-2.362,0.202,-2.554,否,176000000,71240000,2662880000.0,1077861200.0,63.619894,4.831438,5.062719,5.11,5.13,5.07,5.12,4.94,4.3,3.87,2012-02-17,-
2014-11-11,2654,万润科技,文化传媒,4.97,4.97,4.48,4.63,4.48,4575935,65678021.0,6.423266,-6.808,9.85,否,2.1,-11.472,-10.618,-10.445,-8.317,否,176000000,71240000,2481600000.0,1004484000.0,59.288863,4.50253,4.718066,5.01,5.08,5.05,5.1,4.95,4.31,3.88,2012-02-17,-
2014-11-12,2654,万润科技,文化传媒,4.64,4.81,4.63,4.79,4.63,2287915,32935933.0,3.21156,3.546,3.76,否,0.84,-6.445,-6.628,-7.885,-8.588,否,176000000,71240000,2569600000.0,1040104000.0,61.391305,4.662194,4.885373,4.95,5.04,5.03,5.09,4.96,4.32,3.89,2012-02-17,-
2014-11-13,2654,万润科技,文化传媒,4.82,4.82,4.57,4.61,4.57,2527741,35641520.0,3.548205,-3.836,5.21,否,0.85,-7.056,-10.136,-10.311,-14.945,否,176000000,71240000,2471040000.0,1000209600.0,59.03657,4.48337,4.697989,4.82,4.99,5.01,5.07,4.97,4.32,3.9,2012-02-17,-
2014-11-14,2654,万润科技,文化传媒,4.6,4.66,4.55,4.64,4.55,746595,10525187.0,1.048,0.712,2.35,否,0.26,0.216,-11.281,-8.661,-13.109,否,176000000,71240000,2488640000.0,1007333600.0,59.457058,4.515303,4.73145,4.73,4.94,4.99,5.05,4.97,4.33,3.9,2012-02-17,-
2014-11-17,2654,万润科技,文化传媒,4.65,4.75,4.62,4.72,4.62,1176201,16914662.0,1.65104,1.839,2.76,否,0.44,-1.461,-7.813,-8.88,-9.924,否,176000000,71240000,2534400000.0,1025856000.0,60.550328,4.598328,4.81845,4.68,4.9,4.97,5.04,4.98,4.34,3.91,2012-02-17,-
2014-11-18,2654,万润科技,文化传媒,4.72,4.74,4.69,4.73,4.69,1035591,14885870.0,1.453665,0.208,1.04,否,0.46,2.603,-4.637,-7.797,-8.155,否,176000000,71240000,2539680000.0,1027993200.0,60.676475,4.607908,4.828489,4.7,4.86,4.96,5.03,4.98,4.35,3.92,2012-02-17,-
2014-11-19,2654,万润科技,文化传媒,4.76,4.76,4.68,4.74,4.68,1067628,15343677.0,1.498636,0.069,1.66,否,0.69,2.155,2.376,-7.602,-6.324,否,176000000,71240000,2541440000.0,1028705600.0,60.718524,4.611102,4.831835,4.69,4.82,4.95,5.01,4.98,4.36,3.92,2012-02-17,-
2014-11-20,2654,万润科技,文化传媒,4.72,4.74,4.66,4.72,4.66,1048454,15010382.0,1.471721,-0.416,1.66,否,0.8,0.0,-1.461,-9.751,-6.535,否,176000000,71240000,2530880000.0,1024431200.0,60.466231,4.591942,4.811758,4.71,4.77,4.94,4.99,4.97,4.37,3.93,2012-02-17,-
2014-11-21,2654,万润科技,文化传媒,4.71,4.84,4.68,4.81,4.68,1691594,24640192.0,2.3745,1.878,3.34,否,1.67,1.691,4.338,-6.055,-4.374,否,176000000,71240000,2578400000.0,1043666000.0,61.601549,4.678161,4.902104,4.74,4.74,4.93,4.97,4.98,4.38,3.94,2012-02-17,-
2014-11-24,2654,万润科技,文化传媒,4.82,5.07,4.82,4.99,4.82,4210842,63620847.0,5.910783,3.754,5.26,否,3.5,5.274,7.543,0.605,-2.729,否,176000000,71240000,2675200000.0,1082848000.0,63.914235,4.853791,5.086142,4.8,4.74,4.94,4.96,4.98,4.39,3.95,2012-02-17,-
2014-11-25,2654,万润科技,文化传媒,4.99,5.08,4.94,5.04,4.94,1804131,27643457.0,2.532469,1.053,2.76,否,1.0,6.78,6.78,8.855,0.398,否,176000000,71240000,2703360000.0,1094246400.0,64.587017,4.904884,5.13968,4.86,4.78,4.93,4.96,4.99,4.4,3.96,2012-02-17,-
2014-11-26,2654,万润科技,文化传媒,5.01,5.04,4.84,4.93,4.84,3402435,51069421.0,4.776018,-2.214,3.84,否,1.73,2.495,4.228,2.923,-0.404,否,176000000,71240000,2643520000.0,1070024800.0,63.157356,4.796312,5.025911,4.9,4.79,4.92,4.95,4.99,4.41,3.96,2012-02-17,-
2014-11-27,2654,万润科技,文化传媒,4.92,4.97,4.9,4.94,4.9,1590125,23919949.0,2.232068,0.266,1.4,否,0.65,-1.002,4.219,7.158,1.022,否,176000000,71240000,2650560000.0,1072874400.0,63.325552,4.809085,5.039296,4.94,4.83,4.91,4.95,4.99,4.42,3.97,2012-02-17,-
2014-11-28,2654,万润科技,文化传媒,4.95,4.98,4.91,4.92,4.91,1600812,24090336.0,2.247069,-0.332,1.53,否,0.63,-2.381,4.237,6.034,0.613,否,176000000,71240000,2641760000.0,1069312400.0,63.115307,4.793119,5.022565,4.96,4.85,4.9,4.95,5.0,4.43,3.98,2012-02-17,-
2014-12-01,2654,万润科技,文化传媒,4.92,4.93,4.76,4.82,4.76,2466317,36157464.0,3.461983,-2.065,3.46,否,0.98,-2.231,0.208,2.119,-2.626,否,176000000,71240000,2587200000.0,1047228000.0,61.811793,4.694127,4.918835,4.93,4.86,4.88,4.94,5.0,4.44,3.99,2012-02-17,-
2014-12-02,2654,万润科技,文化传媒,4.8,4.89,4.78,4.83,4.78,1552863,22964112.0,2.179763,0.204,2.18,否,0.71,-2.227,-3.206,2.114,-6.576,否,176000000,71240000,2592480000.0,1049365200.0,61.93794,4.703707,4.928873,4.89,4.87,4.87,4.93,5.0,4.45,3.99,2012-02-17,-
2014-12-03,2654,万润科技,文化传媒,4.85,4.89,4.72,4.89,4.72,2145509,31316700.0,3.011663,1.29,3.6,否,1.01,-0.61,-2.976,3.165,-5.962,否,176000000,71240000,2625920000.0,1062900800.0,62.736868,4.764379,4.99245,4.88,4.89,4.85,4.93,5.0,4.46,4.0,2012-02-17,-
2014-12-04,2654,万润科技,文化传媒,4.89,4.95,4.82,4.87,4.82,2116913,31602789.0,2.971523,-0.402,2.55,否,1.13,1.037,-1.217,3.178,-5.253,否,176000000,71240000,2615360000.0,1058626400.0,62.484575,4.745219,4.972373,4.87,4.9,4.84,4.93,4.99,4.47,4.01,2012-02-17,-
2014-12-05,2654,万润科技,文化传媒,4.87,4.88,4.65,4.68,4.65,3446223,49437270.0,4.837483,-4.038,4.78,否,1.74,-3.106,-5.263,-2.703,-7.874,否,176000000,71240000,2509760000.0,1015882400.0,59.961645,4.553622,4.771604,4.82,4.89,4.81,4.92,4.99,4.48,4.01,2012-02-17,-
2014-12-08,2654,万润科技,文化传媒,4.61,4.67,4.5,4.5,4.5,3432204,47933904.0,4.817805,-3.717,3.65,否,1.46,-7.975,-8.537,-9.82,-13.127,否,176000000,71240000,2416480000.0,978125200.0,57.733056,4.384378,4.594258,4.75,4.84,4.79,4.9,4.98,4.48,4.02,2012-02-17,-
2014-12-09,2654,万润科技,文化传媒,4.51,4.51,4.24,4.26,4.24,5344085,70119576.0,7.501523,-5.317,5.97,否,2.11,-12.526,-11.618,-15.476,-16.959,否,176000000,71240000,2288000000.0,926120000.0,54.663491,4.151269,4.34999,4.64,4.76,4.77,4.87,4.97,4.49,4.03,2012-02-17,-
2014-12-10,2654,万润科技,文化传媒,4.26,4.53,4.24,4.52,4.24,2018620,27052672.0,2.833549,6.0,6.77,否,0.61,-3.419,-6.418,-8.316,-11.891,否,176000000,71240000,2425280000.0,981687200.0,57.9433,4.400345,4.610989,4.57,4.72,4.76,4.85,4.97,4.5,4.03,2012-02-17,-
2014-12-11,2654,万润科技,文化传媒,4.52,4.67,4.5,4.59,4.5,2191505,30679726.0,3.076228,1.524,3.92,否,0.67,2.0,-6.135,-7.085,-12.237,否,176000000,71240000,2462240000.0,996647600.0,58.826326,4.467404,4.681258,4.51,4.69,4.76,4.83,4.96,4.51,4.04,2012-02-17,-
2014-12-12,2654,万润科技,文化传媒,4.56,4.82,4.56,4.76,4.56,2579550,37059411.0,3.620929,3.717,5.65,否,0.78,11.737,-2.259,-3.252,-7.031,否,176000000,71240000,2553760000.0,1033692400.0,61.012865,4.633455,4.855258,4.53,4.67,4.76,4.82,4.96,4.52,4.05,2012-02-17,-
2014-12-15,2654,万润科技,文化传媒,4.78,4.78,4.69,4.77,4.69,1282808,18588616.0,1.800685,0.138,1.79,否,0.41,5.531,1.923,-1.037,-3.831,否,176000000,71240000,2557280000.0,1035117200.0,61.096963,4.639841,4.86195,4.58,4.67,4.77,4.81,4.95,4.53,4.05,2012-02-17,-
2014-12-16,2654,万润科技,文化传媒,4.78,4.8,4.59,4.67,4.59,3941214,55945895.0,5.532305,-1.927,4.4,否,1.47,1.743,3.778,-3.313,0.864,否,176000000,71240000,2508000000.0,1015170000.0,59.919596,4.550429,4.768258,4.66,4.65,4.76,4.79,4.95,4.54,4.06,2012-02-17,-
2014-12-17,2654,万润科技,文化传媒,4.67,4.71,4.58,4.62,4.58,1866179,26322196.0,2.619566,-1.123,2.88,否,0.78,-2.941,8.451,-5.521,-3.549,否,176000000,71240000,2479840000.0,1003771600.0,59.246814,4.499337,4.71472,4.68,4.62,4.76,4.78,4.94,4.55,4.06,2012-02-17,-
2014-12-18,2654,万润科技,文化传媒,4.63,4.67,4.59,4.6,4.59,1201008,16919240.0,1.685862,-0.568,1.77,否,0.51,-3.564,1.77,-5.544,-0.217,否,176000000,71240000,2465760000.0,998072400.0,58.910424,4.47379,4.687951,4.68,4.6,4.75,4.76,4.94,4.56,4.07,2012-02-17,-
2014-12-19,2654,万润科技,文化传媒,4.59,4.6,4.39,4.46,4.39,1107204,15168417.0,1.554189,-2.927,4.5,否,0.51,-4.497,-2.832,-4.701,-3.879,否,176000000,71240000,2393600000.0,968864000.0,57.186421,4.342866,4.550759,4.62,4.58,4.73,4.73,4.93,4.57,4.07,2012-02-17,-
2014-12-22,2654,万润科技,文化传媒,4.46,4.46,4.13,4.16,4.13,1974701,25641315.0,2.771899,-6.691,7.43,否,1.05,-9.957,-12.605,-7.556,-11.864,否,176000000,71240000,2233440000.0,904035600.0,53.359977,4.052277,4.246259,4.5,4.54,4.69,4.71,4.91,4.58,4.07,2012-02-17,-
2014-12-23,2654,万润科技,文化传媒,4.15,4.33,4.15,4.23,4.15,1173141,15353498.0,1.646745,1.655,4.33,否,0.58,-8.043,-11.321,-0.704,-10.571,否,176000000,71240000,2270400000.0,918996000.0,54.243002,4.119336,4.316528,4.41,4.54,4.65,4.69,4.9,4.59,4.08,2012-02-17,-
2014-12-24,2654,万润科技,文化传媒,4.28,4.32,4.25,4.28,4.25,1311306,17098698.0,1.840688,1.163,1.63,否,0.9,-4.036,-8.351,-5.31,-9.705,否,176000000,71240000,2296800000.0,929682000.0,54.873735,4.167235,4.366721,4.35,4.51,4.62,4.68,4.88,4.59,4.08,2012-02-17,-
2014-12-25,2654,万润科技,文化传媒,4.29,4.41,4.25,4.41,4.25,3359994,43987466.0,4.716443,2.912,3.52,否,2.48,6.01,-4.545,-3.922,-6.568,否,176000000,71240000,2363680000.0,956753200.0,56.471591,4.28858,4.493874,4.31,4.5,4.59,4.67,4.87,4.6,4.08,2012-02-17,-
2014-12-26,2654,万润科技,文化传媒,4.4,4.41,4.3,4.33,4.3,1231688,16273102.0,1.728928,-1.713,2.61,否,0.69,2.364,-5.87,-9.034,-9.979,否,176000000,71240000,2323200000.0,940368000.0,55.504468,4.215134,4.416913,4.28,4.45,4.56,4.66,4.86,4.6,4.09,2012-02-17,-
2014-12-29,2654,万润科技,文化传媒,4.27,4.36,4.1,4.14,4.1,1858782,23760016.0,2.609183,-4.47,5.98,否,1.03,-3.271,-7.175,-13.208,-17.034,否,176000000,71240000,2219360000.0,898336400.0,53.023586,4.026731,4.21949,4.28,4.39,4.53,4.64,4.84,4.61,4.09,2012-02-17,-
2014-12-30,2654,万润科技,文化传媒,4.14,4.25,4.06,4.2,4.06,1246478,15817374.0,1.749688,1.507,4.52,否,0.7,-4.762,0.962,-10.064,-16.667,否,176000000,71240000,2252800000.0,911872000.0,53.822514,4.087403,4.283067,4.27,4.34,4.5,4.62,4.83,4.61,4.1,2012-02-17,-
2014-12-31,2654,万润科技,文化传媒,4.2,4.24,4.13,4.2,4.13,675111,8597072.0,0.947657,-0.078,2.5,否,0.37,-3.002,-0.709,-9.091,-14.807,否,176000000,71240000,2251040000.0,911159600.0,53.780465,4.08421,4.279721,4.26,4.3,4.46,4.6,4.81,4.62,4.1,2012-02-17,-
2015-01-05,2654,万润科技,文化传媒,4.45,4.49,4.22,4.28,4.22,2610119,34365933.0,3.663839,2.111,6.49,否,1.56,3.382,0.0,-6.957,-13.36,否,176000000,71240000,2298560000.0,930394400.0,54.915784,4.170428,4.370067,4.23,4.27,4.43,4.59,4.79,4.62,4.11,2012-02-17,-
2015-01-06,2654,万润科技,文化传媒,4.21,4.38,4.21,4.38,4.21,1402449,18483852.0,1.968626,2.144,3.91,否,0.92,4.286,-0.68,-1.794,-10.976,否,176000000,71240000,2347840000.0,950341600.0,56.093151,4.25984,4.463759,4.24,4.26,4.42,4.58,4.77,4.63,4.11,2012-02-17,-
2015-01-07,2654,万润科技,文化传媒,4.38,4.4,4.3,4.34,4.3,1031847,13682621.0,1.44841,-0.825,2.17,否,0.66,3.333,0.231,4.327,-9.959,否,176000000,71240000,2328480000.0,942505200.0,55.630614,4.224714,4.426951,4.28,4.28,4.41,4.55,4.76,4.63,4.12,2012-02-17,-
2015-01-08,2654,万润科技,文化传媒,4.34,4.34,4.24,4.26,4.24,1466229,19112697.0,2.058154,-1.739,2.42,否,1.05,-0.467,2.899,0.709,-11.801,否,176000000,71240000,2288000000.0,926120000.0,54.663491,4.151269,4.34999,4.29,4.28,4.41,4.53,4.74,4.64,4.12,2012-02-17,-
2015-01-09,2654,万润科技,文化传媒,4.26,4.31,4.22,4.24,4.22,1334210,17364860.0,1.872838,-0.539,2.08,否,0.93,-3.196,0.952,-0.935,-13.292,否,176000000,71240000,2275680000.0,921133200.0,54.369149,4.128916,4.326567,4.3,4.28,4.4,4.51,4.73,4.64,4.13,2012-02-17,-
2015-01-12,2654,万润科技,文化传媒,4.2,4.21,4.14,4.17,4.14,780315,9893908.0,1.095333,-1.624,1.62,否,0.5,-3.917,-0.714,-5.442,-14.374,否,176000000,71240000,2238720000.0,906172800.0,53.486123,4.061857,4.256298,4.28,4.25,4.38,4.48,4.71,4.65,4.13,2012-02-17,-
2015-01-13,2654,万润科技,文化传媒,4.17,4.3,4.16,4.29,4.16,849050,10979047.0,1.191816,2.909,3.3,否,0.71,0.704,0.234,-0.924,-8.333,否,176000000,71240000,2303840000.0,932531600.0,55.04193,4.180008,4.380105,4.26,4.25,4.35,4.46,4.7,4.65,4.14,2012-02-17,-
2015-01-14,2654,万润科技,文化传媒,4.29,4.35,4.28,4.33,4.28,1101292,14479714.0,1.54589,0.84,1.53,否,1.01,2.123,-1.142,4.589,-3.778,否,176000000,71240000,2323200000.0,940368000.0,55.504468,4.215134,4.416913,4.26,4.27,4.33,4.44,4.69,4.66,4.14,2012-02-17,-
2015-01-15,2654,万润科技,文化传媒,4.4,4.54,4.36,4.46,4.36,2802729,38155930.0,3.934207,3.03,4.24,否,2.53,6.954,2.765,6.19,4.695,否,176000000,71240000,2393600000.0,968864000.0,57.186421,4.342866,4.550759,4.3,4.3,4.32,4.43,4.68,4.66,4.15,2012-02-17,-
2015-01-16,2654,万润科技,文化传媒,4.44,4.49,4.38,4.46,4.38,1668090,22472971.0,2.341508,0.0,2.57,否,1.21,3.963,4.695,6.19,-1.327,否,176000000,71240000,2393600000.0,968864000.0,57.186421,4.342866,4.550759,4.34,4.32,4.31,4.42,4.67,4.67,4.15,2012-02-17,-
2015-01-19,2654,万润科技,文化传媒,4.38,4.59,4.28,4.43,4.28,2326147,31727022.0,3.265226,-0.735,6.91,否,1.62,2.309,4.481,3.505,-3.486,否,176000000,71240000,2376000000.0,961740000.0,56.765933,4.310933,4.517297,4.39,4.34,4.3,4.4,4.66,4.68,4.16,2012-02-17,-
2015-01-20,2654,万润科技,文化传媒,4.43,4.74,4.43,4.69,4.43,4208935,59127994.0,5.908106,6.0,6.89,否,2.41,5.157,12.47,7.078,-1.471,否,176000000,71240000,2518560000.0,1019444400.0,60.171889,4.569589,4.788335,4.47,4.37,4.31,4.4,4.66,4.68,4.16,2012-02-17,-
2015-01-21,2654,万润科技,文化传媒,4.75,4.75,4.64,4.68,4.64,3553333,50893300.0,4.987834,-0.21,2.38,否,1.47,4.933,9.091,7.834,-1.887,否,176000000,71240000,2513280000.0,1017307200.0,60.045742,4.560009,4.778296,4.54,4.4,4.34,4.41,4.66,4.69,4.17,2012-02-17,-
2015-01-22,2654,万润科技,文化传媒,4.46,5.15,4.46,5.09,4.46,10913503,154693785.0,15.319347,8.754,14.71,否,3.75,14.898,17.552,19.484,8.994,否,176000000,71240000,2733280000.0,1106357200.0,67.647243,4.903202,5.22356,4.67,4.48,4.38,4.43,4.65,4.7,4.17,2012-02-17,-
2015-01-23,2654,万润科技,文化传媒,4.91,4.99,4.75,4.81,4.75,8198933,122393022.0,11.50889,-5.538,4.64,否,1.81,2.559,7.848,13.443,4.113,否,176000000,71240000,2581920000.0,1045090800.0,63.901163,4.631679,4.934296,4.74,4.54,4.41,4.44,4.65,4.71,4.18,2012-02-17,-
2015-01-26,2654,万润科技,文化传媒,4.81,4.87,4.69,4.83,4.69,3051979,44509746.0,4.284081,0.273,3.75,否,0.52,3.205,8.296,15.827,5.0,否,176000000,71240000,2588960000.0,1047940400.0,64.075399,4.644308,4.94775,4.82,4.61,4.43,4.45,4.64,4.72,4.19,2012-02-17,-
2015-01-27,2654,万润科技,文化传媒,4.83,4.89,4.75,4.85,4.75,2696799,39621340.0,3.785512,0.476,2.79,否,0.45,-4.715,9.481,13.054,8.744,否,176000000,71240000,2601280000.0,1052927200.0,64.380313,4.666409,4.971295,4.85,4.66,4.46,4.46,4.64,4.73,4.19,2012-02-17,-
2015-01-28,2654,万润科技,文化传媒,4.84,4.84,4.74,4.77,4.74,2664601,38853443.0,3.740316,-1.556,2.1,否,0.47,-0.832,1.706,10.162,14.663,否,176000000,71240000,2560800000.0,1036542000.0,63.378454,4.593792,4.893934,4.87,4.71,4.49,4.46,4.63,4.74,4.2,2012-02-17,-
2015-01-29,2654,万润科技,文化传媒,4.77,4.81,4.7,4.81,4.7,2308590,33497111.0,3.240581,0.687,2.27,否,0.42,-0.414,2.778,7.848,13.712,否,176000000,71240000,2578400000.0,1043666000.0,63.814045,4.625365,4.927569,4.81,4.74,4.52,4.46,4.63,4.74,4.21,2012-02-17,-
2015-01-30,2654,万润科技,文化传媒,4.81,4.84,4.59,4.62,4.59,2868450,41445373.0,4.02646,-3.891,5.05,否,0.76,-4.742,-9.234,3.587,7.944,否,176000000,71240000,2478080000.0,1003059200.0,61.331178,4.445402,4.735848,4.78,4.76,4.54,4.46,4.62,4.75,4.21,2012-02-17,-
2015-02-02,2654,万润科技,文化传媒,4.62,4.72,4.57,4.68,4.57,1921822,27203321.0,2.697673,1.421,3.27,否,0.71,-1.887,-2.703,5.643,6.122,否,176000000,71240000,2513280000.0,1017307200.0,62.202359,4.508547,4.803119,4.75,4.78,4.56,4.46,4.61,4.76,4.22,2012-02-17,-
2015-02-03,2654,万润科技,文化传媒,4.65,4.82,4.65,4.75,4.65,1892573,27390447.0,2.656616,1.471,3.57,否,0.76,-1.247,-1.656,1.279,9.7,否,176000000,71240000,2550240000.0,1032267600.0,63.1171,4.574849,4.873753,4.73,4.79,4.58,4.47,4.6,4.76,4.22,2012-02-17,-
2015-02-04,2654,万润科技,文化传媒,4.78,4.89,4.74,4.74,4.74,2117056,31123080.0,2.971724,-0.207,3.24,否,0.91,2.597,-2.268,1.282,14.493,否,176000000,71240000,2544960000.0,1030130400.0,62.986422,4.565377,4.863662,4.72,4.8,4.6,4.49,4.6,4.77,4.23,2012-02-17,-
2015-02-05,2654,万润科技,文化传媒,4.76,4.84,4.7,4.71,4.7,1744769,25257636.0,2.449142,-0.692,3.04,否,0.79,0.641,-1.258,-7.466,12.143,否,176000000,71240000,2527360000.0,1023006400.0,62.550832,4.533805,4.830027,4.7,4.76,4.62,4.51,4.6,4.77,4.23,2012-02-17,-
2015-02-06,2654,万润科技,文化传媒,4.71,4.72,4.56,4.59,4.56,1615747,22947350.0,2.268033,-2.507,3.41,否,0.77,-3.368,-4.574,-4.574,9.286,否,176000000,71240000,2464000000.0,997360000.0,60.982705,4.420144,4.70894,4.69,4.74,4.64,4.52,4.6,4.78,4.24,2012-02-17,-
2015-02-09,2654,万润科技,文化传媒,4.57,4.69,4.49,4.54,4.49,1221170,16919892.0,1.714163,-1.071,4.21,否,0.66,-4.219,-1.732,-6.004,6.075,否,176000000,71240000,2437600000.0,986674000.0,60.329319,4.372785,4.658487,4.67,4.71,4.66,4.52,4.6,4.78,4.24,2012-02-17,-
2015-02-10,2654,万润科技,文化传媒,4.54,4.59,4.53,4.58,4.53,1239373,17209763.0,1.739715,0.722,1.44,否,0.72,-2.76,-2.137,-5.567,4.566,否,176000000,71240000,2455200000.0,993798000.0,60.76491,4.404358,4.692122,4.63,4.68,4.67,4.53,4.6,4.78,4.25,2012-02-17,-
2015-02-11,2654,万润科技,文化传媒,4.58,4.77,4.58,4.66,4.58,2514472,36092269.0,3.529579,1.936,4.16,否,1.58,1.525,-1.895,-2.306,7.373,否,176000000,71240000,2502720000.0,1013032800.0,61.941005,4.489603,4.782938,4.62,4.67,4.69,4.55,4.59,4.79,4.25,2012-02-17,-
2015-02-12,2654,万润科技,文化传媒,4.68,4.7,4.59,4.64,4.59,2458922,34781995.0,3.451603,-0.492,2.39,否,1.47,2.203,-2.11,-3.534,8.92,否,176000000,71240000,2490400000.0,1008046000.0,61.636091,4.467502,4.759393,4.6,4.65,4.7,4.56,4.59,4.78,4.26,2012-02-17,-
2015-02-13,2654,万润科技,文化传媒,4.63,4.75,4.63,4.72,4.63,2914522,41913002.0,4.091131,1.696,2.69,否,1.61,3.057,0.212,2.165,11.321,否,176000000,71240000,2532640000.0,1025143600.0,62.681509,4.543276,4.840118,4.63,4.66,4.71,4.58,4.59,4.78,4.26,2012-02-17,-
2015-02-16,2654,万润科技,文化传媒,4.69,4.87,4.69,4.84,4.69,3176034,46444671.0,4.458217,2.641,3.89,否,1.53,3.863,5.447,3.419,16.067,否,176000000,71240000,2599520000.0,1052214800.0,64.336754,4.663252,4.967932,4.69,4.68,4.73,4.6,4.59,4.78,4.27,2012-02-17,-
2015-02-17,2654,万润科技,文化传媒,4.83,4.88,4.8,4.87,4.8,2911757,43133186.0,4.08725,0.542,1.83,否,1.18,4.957,7.269,2.526,13.52,否,176000000,71240000,2613600000.0,1057914000.0,64.685226,4.68851,4.99484,4.75,4.69,4.74,4.62,4.6,4.79,4.28,2012-02-17,-
2015-02-25,2654,万润科技,文化传媒,4.87,4.99,4.81,4.92,4.81,3083764,46068404.0,2.553186,1.01,3.64,否,1.1,4.237,7.424,3.797,13.626,否,176000000,120781000,2640000000.0,1811715000.0,65.338612,4.735868,5.045293,4.8,4.71,4.75,4.63,4.59,4.79,4.28,2012-02-17,-
2015-02-26,2654,万润科技,文化传媒,4.9,5.05,4.85,4.95,4.85,3002091,45346318.0,2.485566,0.533,3.87,否,1.03,2.273,6.223,5.096,10.987,否,176000000,120781000,2654080000.0,1821377480.0,65.687085,4.761126,5.072201,4.86,4.73,4.74,4.66,4.59,4.79,4.29,2012-02-17,-
2015-02-27,2654,万润科技,文化传媒,4.96,4.99,4.9,4.99,4.9,2638078,39819111.0,2.184183,0.928,1.79,否,0.87,2.464,7.543,8.715,11.883,否,176000000,120781000,2678720000.0,1838286820.0,66.296912,4.805328,5.11929,4.91,4.77,4.75,4.68,4.59,4.79,4.3,2012-02-17,-
2015-03-02,2654,万润科技,文化传媒,5.0,5.38,4.96,5.21,4.96,6403493,101213863.0,5.301739,4.402,8.48,否,2.16,5.894,10.381,14.758,17.607,否,176000000,120781000,2796640000.0,1919210090.0,69.21537,5.016863,5.344647,4.99,4.84,4.77,4.72,4.6,4.79,4.3,2012-02-17,-
2015-03-03,2654,万润科技,文化传媒,5.2,5.34,5.15,5.22,5.15,5986418,96366459.0,4.956424,0.063,3.65,否,1.66,5.455,7.851,13.974,11.301,否,176000000,120781000,2798400000.0,1920417900.0,69.258929,5.02002,5.34801,5.06,4.9,4.79,4.75,4.6,4.8,4.31,2012-02-17,-
2015-03-04,2654,万润科技,文化传媒,5.26,5.5,5.22,5.44,5.22,4373834,71081782.0,3.621293,4.277,5.53,否,1.04,9.018,11.704,16.738,16.239,否,176000000,120781000,2918080000.0,2002548980.0,72.220946,5.234713,5.57673,5.16,4.98,4.82,4.79,4.61,4.81,4.32,2012-02-17,-
2015-03-05,2654,万润科技,文化传媒,5.39,5.84,5.39,5.71,5.39,6513980,112954144.0,5.393216,5.006,8.32,否,1.45,9.597,16.057,23.06,12.181,否,176000000,120781000,3064160000.0,2102797210.0,75.836349,5.496765,5.855903,5.31,5.09,4.87,4.83,4.63,4.81,4.33,2012-02-17,-
2015-03-06,2654,万润科技,文化传媒,5.68,5.82,5.51,5.63,5.51,4600919,79428081.0,3.809307,-1.493,5.46,否,0.89,7.854,13.737,19.28,17.048,否,176000000,120781000,3018400000.0,2071394150.0,74.703814,5.414676,5.768451,5.44,5.18,4.92,4.87,4.64,4.82,4.34,2012-02-17,-
2015-03-09,2654,万润科技,文化传媒,5.66,5.71,5.54,5.71,5.54,3453799,59182704.0,2.859555,1.458,2.92,否,0.62,4.963,14.429,17.975,18.219,否,176000000,120781000,3062400000.0,2101589400.0,75.79279,5.493607,5.85254,5.54,5.27,4.97,4.91,4.65,4.82,4.34,2012-02-17,-
2015-03-10,2654,万润科技,文化传媒,5.84,6.02,5.76,5.78,5.76,5097739,91381547.0,4.220646,1.264,4.54,否,1.02,1.226,10.94,18.686,19.175,否,176000000,120781000,3101120000.0,2128161220.0,76.75109,5.563067,5.926537,5.65,5.36,5.02,4.94,4.67,4.83,4.35,2012-02-17,-
2015-03-11,2654,万润科技,文化传媒,5.77,5.89,5.71,5.73,5.71,2808064,49727445.0,2.324922,-0.851,3.12,否,0.58,1.776,9.77,16.463,20.126,否,176000000,120781000,3074720000.0,2110044070.0,76.097704,5.515708,5.876084,5.71,5.44,5.07,4.98,4.69,4.84,4.36,2012-02-17,-
2015-03-12,2654,万润科技,文化传媒,5.7,5.87,5.43,5.66,5.43,4722396,80965693.0,3.909883,-1.259,7.73,否,1.05,-0.876,4.044,14.343,17.672,否,176000000,120781000,3036000000.0,2083472250.0,75.139404,5.446249,5.802087,5.7,5.51,5.12,5.0,4.72,4.85,4.37,2012-02-17,-
2015-03-13,2654,万润科技,文化传媒,5.69,6.23,5.68,6.23,5.68,8579561,157657357.0,7.103403,10.029,9.57,否,2.07,7.785,9.107,24.85,34.848,是,176000000,120781000,3340480000.0,2292423380.0,82.675124,5.992452,6.383977,5.82,5.63,5.2,5.05,4.75,4.86,4.38,2012-02-17,-
2015-03-16,2654,万润科技,文化传媒,6.26,6.66,6.07,6.57,6.07,10443178,200303096.0,8.646375,5.48,9.43,否,2.12,14.66,16.696,26.104,40.385,否,176000000,120781000,3523520000.0,2418035620.0,87.205268,6.320806,6.733784,5.99,5.77,5.3,5.1,4.78,4.87,4.39,2012-02-17,-
2015-03-17,2654,万润科技,文化传媒,6.61,6.61,6.35,6.4,6.35,7152505,140941389.0,5.921879,-2.498,3.95,否,1.13,13.074,12.084,22.605,34.737,否,176000000,120781000,3435520000.0,2357645120.0,85.027314,6.162943,6.565608,6.12,5.89,5.39,5.16,4.81,4.88,4.4,2012-02-17,-
2015-03-18,2654,万润科技,文化传媒,6.4,6.49,6.3,6.42,6.3,4866022,94960706.0,4.028798,0.307,3.02,否,0.72,3.05,11.073,18.015,35.443,否,176000000,120781000,3446080000.0,2364891980.0,85.288669,6.181887,6.585789,6.26,5.98,5.48,5.21,4.83,4.89,4.41,2012-02-17,-
2015-03-19,2654,万润科技,文化传媒,6.41,6.52,6.27,6.32,6.27,4321085,84003051.0,3.57762,-1.634,3.98,否,0.6,-3.805,10.297,10.683,34.183,否,176000000,120781000,3389760000.0,2326242060.0,83.894778,6.080855,6.478156,6.39,6.05,5.57,5.26,4.86,4.9,4.42,2012-02-17,-
2015-03-20,2654,万润科技,文化传媒,6.31,6.45,6.21,6.35,6.21,5110612,99261394.0,4.231305,0.519,3.89,否,0.72,-0.781,12.191,12.789,38.344,否,176000000,120781000,3407360000.0,2338320160.0,84.330369,6.112427,6.511791,6.41,6.12,5.65,5.32,4.89,4.92,4.43,2012-02-17,-
2015-03-23,2654,万润科技,文化传媒,6.36,6.69,6.26,6.53,6.26,7847646,153926985.0,6.497418,2.893,6.77,否,1.23,1.713,4.815,14.361,43.833,否,176000000,120781000,3505920000.0,2405957520.0,86.769677,6.289233,6.700149,6.4,6.2,5.73,5.38,4.92,4.93,4.44,2012-02-17,-
2015-03-24,2654,万润科技,文化传媒,6.5,6.51,6.13,6.41,6.13,4642536,89953967.0,3.843764,-1.958,5.72,否,0.79,1.424,-2.435,10.9,39.956,否,176000000,120781000,3437280000.0,2358852930.0,85.070873,6.166101,6.568971,6.41,6.26,5.81,5.44,4.95,4.94,4.45,2012-02-17,-
2015-03-25,2654,万润科技,文化传媒,6.41,6.51,6.23,6.46,6.23,4995923,96987755.0,4.136348,0.871,4.45,否,0.93,1.732,0.938,12.74,38.627,否,176000000,120781000,3467200000.0,2379385700.0,85.811378,6.219774,6.626151,6.41,6.34,5.89,5.49,4.99,4.95,4.46,2012-02-17,-
2015-03-26,2654,万润科技,文化传媒,6.46,6.78,6.41,6.69,6.41,6792262,137695032.0,5.623618,3.503,5.79,否,1.26,2.45,4.206,18.198,44.181,否,176000000,120781000,3588640000.0,2462724590.0,88.816954,6.437624,6.858235,6.49,6.44,5.97,5.56,5.03,4.97,4.47,2012-02-17,-
2015-03-27,2654,万润科技,文化传媒,6.71,6.71,6.53,6.56,6.53,3925543,78640891.0,3.250133,-1.868,2.75,否,0.67,2.34,3.797,5.297,38.983,否,176000000,120781000,3512960000.0,2410788760.0,86.943914,6.301862,6.713603,6.53,6.47,6.05,5.62,5.07,4.98,4.48,2012-02-17,-
2015-03-30,2654,万润科技,文化传媒,6.54,6.54,6.21,6.4,6.21,5414139,105154156.0,4.482608,-2.555,5.06,否,0.96,-0.929,0.787,-2.588,32.231,否,176000000,120781000,3423200000.0,2349190450.0,84.722401,6.140843,6.542063,6.5,6.45,6.11,5.69,5.1,4.99,4.49,2012-02-17,-
2015-03-31,2654,万润科技,文化传媒,6.4,6.51,6.31,6.43,6.31,3014913,58900685.0,2.496182,0.463,3.14,否,0.58,-3.886,-1.531,0.469,32.033,否,176000000,120781000,3439040000.0,2360060740.0,85.114432,6.169258,6.572335,6.51,6.46,6.17,5.75,5.14,5.0,4.5,2012-02-17,-
2015-04-01,2654,万润科技,文化传媒,6.43,6.51,6.37,6.51,6.37,3607881,70999863.0,2.987126,1.331,2.25,否,0.75,-0.762,1.56,1.402,32.317,否,176000000,120781000,3484800000.0,2391463800.0,86.246968,6.251346,6.659786,6.52,6.47,6.23,5.81,5.18,5.01,4.51,2012-02-17,-
2015-04-02,2654,万润科技,文化传媒,6.51,7.16,6.48,7.16,6.48,8833049,183890145.0,7.313277,10.0,10.4,否,1.94,11.875,10.836,13.291,44.646,是,176000000,120781000,3833280000.0,2630610180.0,94.871665,6.876481,7.325765,6.61,6.55,6.3,5.89,5.23,5.03,4.52,2012-02-17,-
2015-04-03,2654,万润科技,文化传媒,7.21,7.64,7.04,7.49,7.04,6670404,150988150.0,5.522726,4.591,8.45,否,1.35,16.485,11.958,17.953,50.1,否,176000000,120781000,4009280000.0,2751391180.0,99.227573,7.192205,7.662118,6.8,6.66,6.39,5.99,5.28,5.05,4.53,2012-02-17,-
2015-04-07,2654,万润科技,文化传媒,7.49,7.54,7.2,7.44,7.2,6036414,135184040.0,4.997818,-0.615,4.52,否,1.1,14.286,13.415,13.936,42.802,否,176000000,120781000,3984640000.0,2734481840.0,98.617746,7.148004,7.615029,7.01,6.76,6.48,6.07,5.34,5.06,4.55,2012-02-17,-
2015-04-08,2654,万润科技,文化传媒,7.45,7.45,7.07,7.2,7.07,4858347,107133271.0,4.022443,-3.269,5.12,否,0.86,0.559,12.5,12.324,37.931,否,176000000,120781000,3854400000.0,2645103900.0,95.394374,6.914368,7.366127,7.16,6.83,6.55,6.15,5.38,5.08,4.56,2012-02-17,-
2015-04-09,2654,万润科技,文化传媒,7.12,7.17,6.87,7.05,6.87,2705080,57454953.0,2.239657,-2.101,4.11,否,0.45,-5.874,9.642,9.133,29.596,否,176000000,120781000,3773440000.0,2589544640.0,93.390657,6.769135,7.211405,7.27,6.89,6.61,6.22,5.43,5.09,4.57,2012-02-17,-
2015-04-10,2654,万润科技,文化传媒,7.05,7.73,6.91,7.54,6.91,4653852,104870351.0,3.853133,6.996,11.66,否,0.8,1.344,15.822,12.706,32.049,否,176000000,120781000,4037440000.0,2770716140.0,99.924518,7.242721,7.715934,7.34,6.98,6.71,6.31,5.48,5.11,4.58,2012-02-17,-
2015-04-13,2654,万润科技,文化传媒,7.56,7.69,7.4,7.62,7.4,4748600,109100623.0,3.931579,0.959,3.88,否,0.95,5.833,6.425,16.159,35.346,否,176000000,120781000,4076160000.0,2797287960.0,100.882818,7.312181,7.789932,7.37,7.08,6.78,6.4,5.54,5.13,4.6,2012-02-17,-
2015-04-14,2654,万润科技,文化传媒,7.61,7.62,7.27,7.5,7.27,3549821,80455080.0,2.939056,-1.468,4.58,否,0.77,6.383,0.134,17.188,31.349,否,176000000,120781000,4016320000.0,2756222420.0,99.401809,7.204834,7.675572,7.38,7.19,6.82,6.47,5.59,5.15,4.61,2012-02-17,-
2015-04-15,2654,万润科技,文化传媒,7.3,7.51,6.92,7.2,6.92,3003339,66351534.0,2.486599,-4.075,7.89,否,0.73,-4.509,-3.226,11.975,24.567,否,176000000,120781000,3852640000.0,2643896090.0,95.350815,6.911211,7.362764,7.38,7.27,6.86,6.54,5.64,5.17,4.62,2012-02-17,-
2015-04-16,2654,万润科技,文化传媒,7.23,7.45,6.97,7.18,6.97,4092639,89739295.0,3.388479,-0.183,6.62,否,1.1,-5.774,-0.278,10.292,25.305,否,176000000,120781000,3845600000.0,2639064850.0,95.176579,6.898582,7.34931,7.41,7.34,6.9,6.6,5.69,5.19,4.63,2012-02-17,-
2015-04-17,2654,万润科技,文化传媒,7.32,7.48,7.1,7.29,7.1,4761100,105633829.0,3.941928,1.51,5.31,否,1.19,-2.8,3.404,1.816,28.799,否,176000000,120781000,3903680000.0,2678922580.0,96.614028,7.002771,7.460306,7.36,7.35,6.95,6.65,5.74,5.21,4.64,2012-02-17,-
2015-04-20,2654,万润科技,文化传媒,7.12,7.39,7.07,7.15,7.07,3380903,74421856.0,2.799201,-1.939,4.42,否,0.84,-0.694,-5.172,-4.539,14.767,否,176000000,120781000,3828000000.0,2626986750.0,94.740988,6.867009,7.315674,7.26,7.32,6.99,6.7,5.78,5.23,4.66,2012-02-17,-
2015-04-21,2654,万润科技,文化传媒,7.15,7.49,7.07,7.49,7.07,3077355,68148751.0,2.54788,4.736,5.89,否,0.82,4.318,-1.706,0.672,14.003,否,176000000,120781000,4009280000.0,2751391180.0,99.227573,7.192205,7.662118,7.26,7.32,7.04,6.76,5.83,5.25,4.67,2012-02-17,-
2015-04-22,2654,万润科技,文化传媒,7.49,7.78,7.43,7.63,7.43,4869863,112759671.0,4.031978,1.888,4.57,否,1.33,4.664,1.733,5.972,19.219,否,176000000,120781000,4084960000.0,2803327010.0,101.100613,7.327967,7.80675,7.35,7.37,7.1,6.82,5.88,5.27,4.68,2012-02-17,-
2015-04-23,2654,万润科技,文化传媒,7.53,8.39,7.47,8.35,7.47,6170298,150058868.0,5.108666,9.436,12.02,否,1.53,16.783,15.972,18.44,30.062,否,176000000,120781000,4470400000.0,3067837400.0,134.919591,8.115674,8.394457,7.58,7.5,7.19,6.91,5.94,5.3,4.7,2012-02-17,-
2015-04-24,2654,万润科技,文化传媒,8.18,8.6,8.06,8.22,8.06,4782341,120508308.0,3.959514,-1.575,6.46,否,1.07,9.746,14.485,9.019,30.063,否,176000000,120781000,4400000000.0,3019525000.0,132.794873,7.987868,8.262261,7.77,7.56,7.27,6.99,6.0,5.33,4.72,2012-02-17,-
2015-04-27,2654,万润科技,文化传媒,8.12,8.39,7.94,8.08,7.94,3530743,87323518.0,2.92326,-1.68,5.36,否,0.79,5.898,10.837,6.037,27.244,否,176000000,120781000,4326080000.0,2968796980.0,130.563919,7.853672,8.123455,7.95,7.61,7.35,7.05,6.05,5.35,4.74,2012-02-17,-
2015-04-28,2654,万润科技,文化传媒,8.03,8.15,7.43,7.6,7.43,4451882,104889612.0,3.685913,-6.021,8.87,否,0.99,-8.982,6.294,1.333,16.386,否,176000000,120781000,4065600000.0,2790041100.0,122.702463,7.38079,7.634329,7.98,7.62,7.41,7.09,6.1,5.37,4.75,2012-02-17,-
2015-04-29,2654,万润科技,文化传媒,7.6,8.22,7.5,7.96,7.5,3848911,92717094.0,3.186686,4.762,9.44,否,0.81,-3.163,6.275,10.556,24.181,否,176000000,120781000,4259200000.0,2922900200.0,128.545437,7.732256,7.997869,8.04,7.7,7.48,7.14,6.15,5.39,4.77,2012-02-17,-
2015-04-30,2654,万润科技,文化传媒,8.06,8.26,7.92,7.95,7.92,2604579,63801007.0,2.156448,-0.041,4.21,否,0.57,-1.609,4.194,10.724,23.065,否,176000000,120781000,4257440000.0,2921692390.0,128.492319,7.729061,7.994564,7.96,7.77,7.56,7.19,6.2,5.42,4.78,2012-02-17,-
2015-05-04,2654,万润科技,文化传媒,7.95,8.25,7.92,7.99,7.92,2736260,67256471.0,2.265472,0.496,4.13,否,0.71,5.132,-4.311,9.602,19.432,否,176000000,120781000,4278560000.0,2936186110.0,129.129734,7.767403,8.034223,7.92,7.84,7.6,7.25,6.25,5.44,4.8,2012-02-17,-
2015-05-05,2654,万润科技,文化传媒,7.99,8.08,7.83,7.86,7.83,2388230,57545225.0,1.977323,-1.728,3.17,否,0.7,-1.256,-4.38,9.93,19.817,否,176000000,120781000,4204640000.0,2885458090.0,126.898781,7.633207,7.895417,7.87,7.91,7.62,7.3,6.31,5.46,4.82,2012-02-17,-
2015-05-06,2654,万润科技,文化传媒,7.96,8.19,7.83,7.93,7.83,2860596,70140773.0,2.368416,0.963,4.65,否,0.89,-0.252,-1.856,5.874,23.906,否,176000000,120781000,4245120000.0,2913237720.0,128.120493,7.706695,7.97143,7.94,7.96,7.64,7.34,6.36,5.49,4.83,2012-02-17,-
2015-05-07,2654,万润科技,文化传媒,7.96,8.12,7.88,8.0,7.88,2263283,55080303.0,1.873873,0.829,3.03,否,0.78,0.125,5.263,4.849,24.417,否,176000000,120781000,4280320000.0,2937393920.0,129.182852,7.770598,8.037528,7.95,7.99,7.68,7.4,6.42,5.51,4.85,2012-02-17,-
2015-05-08,2654,万润科技,文化传媒,8.01,8.8,8.01,8.8,8.01,6795946,176058818.0,5.626668,9.992,9.79,否,2.64,11.959,10.553,5.389,35.177,是,176000000,120781000,4708000000.0,3230891750.0,142.090514,8.547019,8.840619,8.12,8.04,7.77,7.48,6.48,5.54,4.87,2012-02-17,-
2015-05-11,2654,万润科技,文化传媒,8.99,9.67,8.64,9.49,8.64,9335239,255103070.0,7.729063,7.851,11.7,否,2.74,19.672,19.371,15.45,32.542,否,176000000,120781000,5077600000.0,3484531850.0,153.245283,9.218,9.534649,8.42,8.17,7.86,7.57,6.56,5.58,4.9,2012-02-17,-
2015-05-12,2654,万润科技,文化传媒,9.41,9.9,9.21,9.68,9.21,5335611,155860339.0,4.417591,2.08,7.28,否,1.13,21.0,21.151,19.802,29.239,否,176000000,120781000,5183200000.0,3557000450.0,156.43236,9.409708,9.732944,8.78,8.33,7.97,7.67,6.65,5.62,4.92,2012-02-17,-
2015-05-13,2654,万润科技,文化传媒,9.54,10.03,9.34,9.67,9.34,4175993,124028607.0,3.457492,-0.17,7.13,否,0.79,9.886,23.028,27.237,29.973,否,176000000,120781000,5174400000.0,3550961400.0,156.166771,9.393733,9.716419,9.13,8.53,8.08,7.78,6.73,5.67,4.94,2012-02-17,-
2015-05-14,2654,万润科技,文化传媒,9.59,9.81,9.49,9.6,9.49,3002953,87635776.0,2.486279,-0.748,3.33,否,0.54,1.159,21.059,20.603,33.333,否,176000000,120781000,5135680000.0,3524389580.0,154.998176,9.323439,9.643711,9.45,8.7,8.2,7.89,6.82,5.71,4.97,2012-02-17,-
2015-05-15,2654,万润科技,文化传媒,9.57,10.03,9.37,9.99,9.37,4010313,118971665.0,3.320318,4.078,6.85,否,0.7,3.202,24.875,25.66,41.702,否,176000000,120781000,5345120000.0,3668118970.0,161.319212,9.703662,10.036995,9.69,8.9,8.34,8.0,6.91,5.75,4.99,2012-02-17,-
2015-05-18,2654,万润科技,文化传媒,9.86,10.99,9.82,10.99,9.82,5203201,167883341.0,4.307963,10.01,11.72,否,1.01,13.65,24.886,37.547,45.756,是,176000000,120781000,5880160000.0,4035293210.0,177.467068,10.674987,11.041686,9.99,9.2,8.52,8.13,7.01,5.8,5.02,2012-02-17,-
2015-05-19,2654,万润科技,文化传媒,11.17,12.08,10.19,11.79,10.19,6485372,223257466.0,5.36953,7.303,17.21,否,1.49,22.813,24.236,50.0,54.724,否,176000000,120781000,6309600000.0,4329998850.0,190.427848,11.454603,11.848082,10.41,9.59,8.75,8.27,7.13,5.86,5.05,2012-02-17,-
2015-05-20,2654,万润科技,文化传媒,11.7,12.82,11.7,12.3,11.7,6128487,228855364.0,5.074049,4.324,9.54,否,1.34,23.123,27.066,55.107,64.0,否,176000000,120781000,6582400000.0,4517209400.0,198.66113,11.94985,12.360343,10.93,10.03,8.99,8.44,7.25,5.92,5.09,2012-02-17,-
2015-05-21,2654,万润科技,文化传媒,12.29,12.76,11.86,12.6,11.86,4851601,184285375.0,4.016858,2.487,7.33,否,0.98,14.65,30.3,57.5,75.0,否,176000000,120781000,6746080000.0,4629535730.0,203.601099,12.246999,12.667699,11.53,10.49,9.24,8.62,7.38,5.99,5.12,2012-02-17,-
2015-05-22,2654,万润科技,文化传媒,12.6,13.81,12.5,13.78,12.5,8143408,322775424.0,6.742292,9.314,10.44,否,1.53,16.879,43.542,56.591,91.922,否,176000000,120781000,7374400000.0,5060723900.0,222.564207,13.387667,13.84755,12.29,10.99,9.51,8.84,7.53,6.06,5.16,2012-02-17,-
2015-05-25,2654,万润科技,文化传媒,12.89,13.86,12.89,13.6,12.89,5924705,243474872.0,4.905329,-1.265,7.09,否,0.96,10.569,36.136,43.309,86.557,否,176000000,120781000,7281120000.0,4996709970.0,219.748956,13.218324,13.67239,12.81,11.4,9.78,9.04,7.68,6.13,5.2,2012-02-17,-
2015-05-26,2654,万润科技,文化传媒,13.51,14.47,13.15,13.91,13.15,5563923,231781962.0,4.606621,2.272,9.67,否,0.88,10.397,26.57,43.698,94.545,否,176000000,120781000,7446560000.0,5110244110.0,224.742043,13.518668,13.983051,13.24,11.82,10.07,9.25,7.82,6.21,5.24,2012-02-17,-
2015-05-27,2654,万润科技,文化传媒,14.07,15.29,13.52,15.02,13.52,6252061,269842016.0,5.176361,7.965,12.72,否,1.02,8.999,27.396,55.326,100.534,否,176000000,120781000,8039680000.0,5517276080.0,242.642792,14.595432,15.096804,13.78,12.36,10.45,9.5,7.99,6.29,5.29,2012-02-17,-
2015-05-28,2654,万润科技,文化传媒,15.02,16.07,13.55,13.98,13.55,6300058,287961696.0,5.2161,-6.962,16.79,否,1.02,2.794,13.659,45.625,83.224,否,176000000,120781000,7480000000.0,5133192500.0,225.751284,13.579375,14.045844,14.06,12.8,10.75,9.73,8.13,6.37,5.33,2012-02-17,-
2015-05-29,2654,万润科技,文化传媒,13.97,14.63,12.86,13.75,12.86,5148549,216232568.0,4.262714,-1.647,12.66,否,0.8,-1.15,9.127,37.638,64.671,否,176000000,120781000,7356800000.0,5048645800.0,222.033028,13.355715,13.814501,14.05,13.17,11.04,9.95,8.27,6.44,5.37,2012-02-17,-
2015-06-01,2654,万润科技,文化传媒,13.74,14.67,13.72,14.61,13.72,4839916,210215205.0,3.993956,6.316,6.89,否,0.83,-2.73,6.023,32.939,77.737,否,242060000,121181000,10757146400.0,5385283640.0,324.657702,19.528787,20.199626,14.25,13.53,11.37,10.19,8.42,6.52,5.42,2012-02-17,-
2015-06-02,2654,万润科技,文化传媒,14.5,15.42,13.93,14.79,13.93,5134352,227912940.0,4.236928,1.215,10.22,否,0.91,5.794,8.75,25.445,83.045,否,242060000,121181000,10887858800.0,5450721380.0,328.602688,19.766086,20.445076,14.43,13.83,11.71,10.45,8.57,6.61,5.46,2012-02-17,-
2015-06-03,2654,万润科技,文化传媒,14.63,15.39,14.14,14.37,14.14,5661693,254825610.0,4.672096,-2.824,8.45,否,1.02,4.509,3.307,16.829,89.079,否,242060000,121181000,10580442600.0,5296821510.0,319.324666,19.207995,19.867814,14.3,14.04,12.04,10.68,8.72,6.69,5.5,2012-02-17,-
2015-06-04,2654,万润科技,文化传媒,14.38,14.7,13.12,14.31,13.12,5631808,237424133.0,4.647435,-0.458,10.98,否,1.04,-2.053,-4.727,13.571,79.774,否,242060000,121181000,10532030600.0,5272585310.0,317.86356,19.120107,19.776906,14.37,14.21,12.35,10.9,8.86,6.77,5.54,2012-02-17,-
2015-06-05,2654,万润科技,文化传媒,14.34,15.74,14.34,15.74,14.34,7996001,371127200.0,6.598395,9.998,9.79,否,1.51,6.423,12.589,14.224,97.987,是,242060000,121181000,11584991600.0,5799722660.0,349.642611,21.031678,21.754142,14.76,14.41,12.7,11.15,9.03,6.86,5.59,2012-02-17,-
2015-06-08,2654,万润科技,文化传媒,16.11,16.77,15.46,15.82,15.46,7207004,354314592.0,5.947305,0.502,8.36,否,1.23,10.09,15.055,16.324,97.997,否,242060000,121181000,11643086000.0,5828806100.0,351.395938,21.137144,21.863231,15.01,14.63,13.02,11.4,9.2,6.96,5.64,2012-02-17,-
2015-06-09,2654,万润科技,文化传媒,15.82,16.11,15.13,15.71,15.13,4003394,188858297.0,3.303648,-0.645,6.22,否,0.63,9.783,7.529,12.94,99.873,否,242060000,121181000,11568047400.0,5791239990.0,349.131224,21.000917,21.722325,15.19,14.81,13.32,11.65,9.35,7.05,5.69,2012-02-17,-
2015-06-10,2654,万润科技,文化传媒,15.84,16.7,15.4,16.24,15.4,4172456,203054517.0,3.44316,3.369,8.31,否,0.68,3.177,9.804,8.123,104.792,否,242060000,121181000,11957764000.0,5986341400.0,360.893125,21.708418,22.454129,15.56,14.93,13.65,11.94,9.52,7.15,5.74,2012-02-17,-
2015-06-11,2654,万润科技,文化传媒,16.24,16.43,15.76,16.1,15.76,2391161,116061490.0,1.973214,-0.911,4.15,否,0.41,1.77,12.039,15.165,101.25,否,242060000,121181000,11848837000.0,5931809950.0,357.605637,21.510669,22.249588,15.92,15.14,13.97,12.21,9.68,7.24,5.79,2012-02-17,-
2015-06-12,2654,万润科技,文化传媒,16.05,16.43,15.85,16.11,15.85,4717098,231648894.0,3.892605,0.102,3.6,否,0.92,2.546,12.579,17.164,83.068,否,242060000,121181000,11860940000.0,5937869000.0,357.970914,21.532641,22.272314,16.0,15.38,14.28,12.48,9.84,7.34,5.84,2012-02-17,-
2015-06-15,2654,万润科技,文化传媒,16.41,16.44,15.32,15.37,15.32,3281071,158346937.0,2.707579,-4.592,6.92,否,0.73,-5.357,-2.351,5.202,61.96,否,242060000,121181000,11316305000.0,5665211750.0,341.533474,20.543898,21.249606,15.91,15.46,14.5,12.73,9.99,7.42,5.88,2012-02-17,-
2015-06-16,2654,万润科技,文化传媒,14.8,15.19,13.97,14.04,13.97,4005487,173959919.0,3.305375,-8.663,7.98,否,1.08,-12.795,-11.252,-5.071,45.041,否,242060000,121181000,10335962000.0,5174428700.0,311.946082,18.764159,19.408731,15.57,15.38,14.61,12.94,10.12,7.5,5.93,2012-02-17,-
2015-06-17,2654,万润科技,文化传媒,14.53,14.53,13.18,14.53,13.18,3647245,153903887.0,3.00975,3.49,9.65,否,0.98,-9.808,-7.511,1.113,50.259,否,242060000,121181000,10696631400.0,5354988390.0,322.83132,19.418927,20.085991,15.23,15.4,14.72,13.16,10.25,7.59,5.97,2012-02-17,-
2015-06-18,2654,万润科技,文化传媒,14.4,14.76,13.15,13.56,13.15,2641692,113702496.0,2.179956,-6.653,11.09,否,0.73,-11.776,-16.502,-5.241,41.25,否,242060000,121181000,9984975000.0,4998716250.0,301.353065,18.126969,18.749653,14.72,15.32,14.77,13.34,10.37,7.66,6.01,2012-02-17,-
2015-06-19,2654,万润科技,文化传媒,13.45,13.45,12.21,12.21,12.21,2736747,104232327.0,2.258396,-9.988,9.14,否,0.75,-13.034,-24.161,-22.427,22.222,否,242060000,121181000,8987687800.0,4499450530.0,271.254286,16.316469,16.87696,13.94,14.97,14.69,13.46,10.47,7.73,6.04,2012-02-17,-
2015-06-23,2654,万润科技,文化传媒,12.33,12.78,10.99,12.36,10.99,5262003,186752758.0,4.342267,1.266,14.71,否,1.61,-14.935,-23.277,-21.871,12.466,否,242060000,121181000,9101456000.0,4556405600.0,274.687885,16.523006,17.090592,13.34,14.62,14.63,13.55,10.56,7.8,6.08,2012-02-17,-
2015-06-24,2654,万润科技,文化传媒,12.53,12.66,11.61,12.17,11.61,3494494,130007545.0,2.883698,-1.596,8.48,否,0.96,-10.251,-20.82,-22.533,3.223,否,242060000,121181000,8956220000.0,4483697000.0,270.304568,16.259341,16.81787,12.97,14.27,14.54,13.63,10.65,7.86,6.11,2012-02-17,-
2015-06-25,2654,万润科技,文化传媒,12.19,12.31,10.95,10.95,10.95,5653261,195399598.0,4.665138,-10.0,11.22,否,1.59,-10.319,-22.009,-32.574,-10.976,否,242060000,121181000,8060598000.0,4035327300.0,243.274111,14.633407,15.136083,12.25,13.74,14.34,13.68,10.73,7.92,6.15,2012-02-17,-
2015-06-26,2654,万润科技,文化传媒,10.19,10.68,9.86,9.86,9.86,2665566,81069769.0,2.199657,-10.0,7.51,否,0.67,-20.227,-32.14,-38.758,-21.746,否,242060000,121181000,7254538200.0,3631794570.0,218.9467,13.170067,13.622475,11.51,13.12,14.13,13.69,10.79,7.96,6.17,2012-02-17,-
2015-06-29,2654,万润科技,文化传媒,9.86,10.11,8.87,8.87,8.87,4200435,117758730.0,3.466249,-10.01,12.58,否,1.06,-27.116,-34.587,-44.941,-35.631,否,242060000,121181000,6528358200.0,3268251570.0,197.030113,11.851742,12.258864,10.84,12.39,13.89,13.65,10.83,8.0,6.19,2012-02-17,-
2015-06-30,2654,万润科技,文化传媒,7.98,9.76,7.98,9.76,7.98,5198614,139132669.0,4.289958,10.011,20.02,否,1.22,-10.868,-20.066,-36.5,-28.235,是,242060000,121181000,7181920200.0,3595440270.0,216.755041,13.038234,13.486114,10.32,11.83,13.64,13.61,10.87,8.05,6.22,2012-02-17,-
2015-07-01,2654,万润科技,文化传媒,9.5,10.36,8.78,8.78,8.78,5494219,162514682.0,4.533895,-10.01,16.18,否,1.3,-10.953,-28.964,-37.464,-36.88,否,242060000,121181000,6463002000.0,3235532700.0,195.05762,11.733092,12.136139,9.64,11.31,13.34,13.51,10.89,8.09,6.24,2012-02-17,-
2015-07-02,2654,万润科技,文化传媒,8.78,8.94,7.9,7.9,7.9,3499154,87646500.0,2.887543,-10.0,11.87,否,0.75,-10.936,-35.086,-45.63,-47.403,否,242060000,121181000,5816701800.0,2911979430.0,175.551858,10.559783,10.922525,9.03,10.64,13.02,13.36,10.9,8.12,6.26,2012-02-17,-
2015-11-09,2654,万润科技,文化传媒,8.69,8.69,8.69,8.69,8.69,43569,1151528.0,0.035954,9.988,0.0,否,0.01,-10.963,-20.639,-35.914,-37.84,是,242060000,121181000,6397645800.0,3202813830.0,162.238943,5.009038,9.436964,8.8,10.16,12.74,13.23,10.92,8.15,6.28,2012-02-17,-
2015-11-10,2654,万润科技,文化传媒,9.56,9.56,9.56,9.56,9.56,57303,1665798.0,0.047287,9.989,0.0,否,0.02,8.884,-3.043,-21.704,-30.473,是,242060000,121181000,7036684200.0,3522731670.0,178.444422,5.509373,10.379589,8.94,9.89,12.43,13.09,10.97,8.2,6.3,2012-02-17,-
2015-11-11,2654,万润科技,文化传媒,10.52,10.52,10.52,10.52,10.52,163881,5240914.0,0.135237,10.01,0.0,否,0.06,33.165,18.602,-14.887,-27.995,是,242060000,121181000,7741078800.0,3875368380.0,196.30728,6.060879,11.418619,9.09,9.71,12.16,12.99,11.01,8.25,6.33,2012-02-17,-
2015-11-12,2654,万润科技,文化传媒,11.57,11.57,10.52,11.57,10.52,24710804,839006112.0,20.391649,10.006,9.94,否,13.35,33.142,18.545,-4.93,-21.771,是,242060000,121181000,8515670800.0,4263147580.0,215.950285,6.667346,12.561195,9.65,9.65,11.96,12.91,11.08,8.31,6.36,2012-02-17,-
2015-11-13,2654,万润科技,文化传媒,11.18,11.83,10.53,11.28,10.53,15456967,517361312.0,12.755273,-2.501,11.26,否,2.71,17.992,28.474,3.014,-21.503,否,242060000,121181000,8302658000.0,4156508300.0,210.548458,6.500568,12.246986,10.32,9.68,11.71,12.78,11.14,8.37,6.39,2012-02-17,-
2015-11-16,2654,万润科技,文化传媒,10.88,11.63,10.79,11.5,10.79,13720294,471781584.0,11.32215,1.983,7.49,否,1.7,9.316,45.57,16.633,-19.637,否,242060000,121181000,8467258800.0,4238911380.0,214.722597,6.629442,12.489784,10.89,9.84,11.48,12.7,11.22,8.43,6.43,2012-02-17,-
2015-11-17,2654,万润科技,文化传媒,11.61,12.65,11.61,12.12,11.61,16884680,625987248.0,13.933438,5.346,9.09,否,1.56,4.754,39.471,36.64,-22.999,否,242060000,121181000,8919911000.0,4465519850.0,226.201478,6.983846,13.157477,11.4,10.17,11.28,12.65,11.3,8.49,6.46,2012-02-17,-
2015-11-18,2654,万润科技,文化传媒,11.87,12.59,11.82,12.1,11.82,11179933,415948176.0,9.225813,-0.136,6.35,否,0.79,7.27,26.569,23.975,-23.515,否,242060000,121181000,8907808000.0,4459460800.0,225.894556,6.97437,13.139624,11.71,10.4,11.12,12.56,11.38,8.56,6.49,2012-02-17,-
2015-11-19,2654,万润科技,文化传媒,11.95,13.27,11.94,13.25,11.94,12169232,468040208.0,10.042195,9.511,11.01,否,0.74,15.217,25.951,50.911,-15.659,否,242060000,121181000,9755018000.0,4883594300.0,247.379092,7.637693,14.389316,12.05,10.85,11.08,12.51,11.48,8.63,6.53,2012-02-17,-
2015-11-20,2654,万润科技,文化传媒,13.28,13.6,12.82,12.89,12.82,9296290,372617264.0,7.671409,-2.705,5.83,否,0.67,6.353,11.409,63.165,-20.628,否,242060000,121181000,9491172600.0,4751507010.0,240.688194,7.431116,14.000126,12.37,11.35,11.0,12.46,11.57,8.7,6.57,2012-02-17,-
2015-11-23,2654,万润科技,文化传媒,12.72,13.03,12.13,12.36,12.13,8109641,308529280.0,6.692172,-4.106,6.99,否,0.64,2.149,9.574,42.232,-23.23,否,242060000,121181000,9101456000.0,4556405600.0,230.805307,7.125987,13.425268,12.54,11.72,10.94,12.4,11.65,8.77,6.6,2012-02-17,-
2015-11-24,2654,万润科技,文化传媒,12.36,12.41,11.56,11.89,11.56,9443958,339935904.0,7.793266,-3.83,6.89,否,0.82,-10.264,3.391,24.372,-26.195,否,242060000,121181000,8752889600.0,4381904960.0,221.965955,6.853077,12.911109,12.5,11.95,10.92,12.27,11.71,8.83,6.64,2012-02-17,-
2015-11-25,2654,万润科技,文化传媒,12.07,12.56,11.94,12.23,11.94,7481851,280497088.0,6.174112,2.876,5.25,否,0.75,-5.12,0.908,16.255,-20.429,否,242060000,121181000,9004632000.0,4507933200.0,228.349931,7.050179,13.282446,12.52,12.12,10.91,12.15,11.77,8.88,6.67,2012-02-17,-
2015-11-26,2654,万润科技,文化传媒,12.33,13.25,12.2,13.04,12.2,11149195,439490880.0,9.200448,6.613,8.55,否,1.2,5.502,7.769,12.705,-7.123,否,242060000,121181000,9600099600.0,4806038460.0,243.450491,7.5164,14.160801,12.48,12.27,10.96,12.06,11.86,8.95,6.71,2012-02-17,-
2015-11-27,2654,万润科技,文化传媒,12.79,13.32,11.74,12.05,11.74,9435762,364986272.0,7.786503,-7.64,12.1,否,1.04,1.346,-9.057,6.826,-17.068,否,242060000,121181000,8866657800.0,4438860030.0,224.851021,6.942152,13.078925,12.31,12.34,11.01,11.92,11.93,9.01,6.74,2012-02-17,-
2015-11-30,2654,万润科技,文化传媒,12.04,12.24,11.11,11.76,11.11,7052973,247692264.0,5.820197,-2.402,9.36,否,0.77,-3.843,-8.766,2.261,-13.274,否,242060000,121181000,8653645000.0,4332220750.0,219.449195,6.775373,12.764716,12.19,12.37,11.11,11.78,11.99,9.07,6.77,2012-02-17,-
2015-12-01,2654,万润科技,文化传媒,11.61,12.16,11.21,11.54,11.21,5136792,184060360.0,4.238942,-1.818,8.14,否,0.58,-11.503,-6.634,-4.785,-5.487,否,242060000,121181000,8496306000.0,4253453100.0,215.459209,6.652185,12.53263,12.12,12.31,11.24,11.62,12.05,9.13,6.8,2012-02-17,-
2015-12-02,2654,万润科技,文化传媒,11.54,11.74,10.39,10.39,10.39,9599536,308585280.0,7.921651,-10.0,11.71,否,1.19,-13.776,-12.616,-14.132,-15.939,否,242060000,121181000,7646675400.0,3828107790.0,193.913288,5.986966,11.279367,11.76,12.14,11.27,11.46,12.09,9.17,6.83,2012-02-17,-
2015-12-03,2654,万润科技,文化传媒,10.49,11.02,10.19,11.02,10.19,7143543,232557287.0,5.894936,6.11,7.98,否,0.84,-6.293,-9.894,-16.83,-9.449,否,242060000,121181000,8113851200.0,4061987120.0,205.760476,6.352742,11.968484,11.35,11.92,11.38,11.36,12.15,9.23,6.86,2012-02-17,-
2015-12-04,2654,万润科技,文化传媒,10.98,11.51,10.52,11.31,10.52,7323842,248117398.0,6.043721,2.596,8.95,否,0.95,-1.993,-13.267,-12.258,3.288,否,242060000,121181000,8324443400.0,4167414590.0,211.100918,6.517625,12.279121,11.2,11.76,11.55,11.25,12.2,9.28,6.89,2012-02-17,-
2015-12-07,2654,万润科技,文化传媒,11.24,11.7,11.08,11.31,11.08,5845333,203930050.0,4.823638,0.029,5.47,否,0.81,8.855,-6.141,-8.495,14.706,否,242060000,121181000,8326864000.0,4168626400.0,211.162302,6.51952,12.282692,11.11,11.65,11.68,11.17,12.26,9.34,6.92,2012-02-17,-
2015-12-08,2654,万润科技,文化传媒,12.44,12.44,12.44,12.44,12.44,1111616,42063549.0,0.917319,10.0,0.0,否,0.16,12.886,5.782,4.626,40.248,是,242060000,121181000,9159550400.0,4585489040.0,232.278532,7.171472,13.510961,11.29,11.71,11.83,11.18,12.32,9.4,6.96,2012-02-17,-
2015-12-09,2654,万润科技,文化传媒,13.69,13.69,13.69,13.69,13.69,7685265,319860736.0,6.341972,9.989,0.0,否,1.24,21.043,18.631,11.938,40.266,是,242060000,121181000,10074537200.0,5043553220.0,255.481832,7.887861,14.860629,11.95,11.86,11.99,11.23,12.39,9.48,7.0,2012-02-17,-
2015-12-10,2654,万润科技,文化传媒,13.98,14.69,13.19,13.79,13.19,26396907,1110896400.0,21.783041,0.769,10.96,否,4.53,21.927,32.724,5.752,57.062,否,242060000,121181000,10151996400.0,5082331140.0,257.446132,7.948508,14.974887,12.51,11.93,12.1,11.28,12.46,9.55,7.04,2012-02-17,-
2015-12-11,2654,万润科技,文化传媒,13.48,14.01,13.35,13.6,13.35,14385363,599532080.0,11.870972,-1.407,4.77,否,1.49,9.325,23.412,12.863,72.152,否,242060000,121181000,10009181000.0,5010834350.0,253.824453,7.83669,14.764224,12.97,12.09,12.21,11.37,12.52,9.63,7.08,2012-02-17,-
2015-12-14,2654,万润科技,文化传媒,13.35,13.9,13.21,13.74,13.21,9482819,392321904.0,7.825335,1.016,5.05,否,0.86,0.365,21.485,16.837,58.113,否,242060000,121181000,10110846200.0,5061730370.0,256.402598,7.916289,14.914187,13.45,12.28,12.33,11.5,12.59,9.7,7.11,2012-02-17,-
2015-12-15,2654,万润科技,文化传媒,13.74,14.14,13.48,13.84,13.48,10417772,437958736.0,8.596869,0.79,4.79,否,0.88,0.363,22.37,19.931,44.77,否,242060000,121181000,10190726000.0,5101720100.0,258.428282,7.978831,15.032015,13.73,12.51,12.41,11.66,12.66,9.78,7.15,2012-02-17,-
2015-12-16,2654,万润科技,文化传媒,13.91,15.23,13.83,15.23,13.83,23290101,1051244528.0,19.219268,10.0,10.12,否,1.7,11.985,22.428,46.583,44.772,是,242060000,121181000,11209798600.0,5611892110.0,284.271111,8.776714,16.535217,14.04,13.0,12.57,11.85,12.73,9.87,7.2,2012-02-17,-
2015-12-17,2654,万润科技,文化传媒,15.13,16.73,14.88,15.95,14.88,25461989,1222167808.0,21.011536,4.751,12.16,否,1.52,16.084,16.508,44.737,37.857,否,242060000,121181000,11742330600.0,5878490310.0,297.775677,9.19366,17.320738,14.47,13.49,12.7,12.09,12.8,9.96,7.25,2012-02-17,-
2015-12-18,2654,万润科技,文化传媒,15.67,15.85,15.15,15.16,15.15,16828655,791201904.0,13.887206,-4.989,4.39,否,1.01,9.538,9.935,34.041,34.397,否,242060000,121181000,11156545400.0,5585232290.0,282.920654,8.73502,16.456665,14.78,13.88,12.82,12.33,12.84,10.05,7.29,2012-02-17,-
2015-12-21,2654,万润科技,文化传媒,15.01,15.45,14.85,15.04,14.85,9345115,428112080.0,7.7117,-0.738,3.99,否,0.55,-1.248,10.588,32.98,30.783,否,242060000,121181000,11074245000.0,5544030750.0,280.833585,8.670583,16.335266,15.04,14.25,12.95,12.54,12.88,10.13,7.34,2012-02-17,-
2015-12-22,2654,万润科技,文化传媒,15.34,15.34,14.91,15.09,14.91,5925930,271762720.0,4.890148,0.284,2.84,否,0.35,-5.392,9.825,21.302,24.505,否,242060000,121181000,11105712800.0,5559784280.0,281.631582,8.69522,16.381683,15.29,14.51,13.11,12.72,12.91,10.22,7.38,2012-02-17,-
2015-12-23,2654,万润科技,文化传媒,15.16,15.17,14.3,14.33,14.3,8410323,375559776.0,6.940298,-4.991,5.73,否,0.52,-5.475,3.54,4.675,18.43,否,242060000,121181000,10551395400.0,5282279790.0,267.574557,8.261217,15.564027,15.11,14.58,13.22,12.85,12.92,10.3,7.42,2012-02-17,-
2015-12-24,2654,万润科技,文化传媒,14.4,14.45,13.84,14.4,13.84,4973659,214329574.0,4.104322,0.482,4.24,否,0.38,-4.255,-5.45,4.423,8.679,否,242060000,121181000,10602228000.0,5307727800.0,268.863629,8.301017,15.639009,14.8,14.64,13.28,12.94,12.93,10.38,7.46,2012-02-17,-
2015-12-25,2654,万润科技,文化传媒,14.51,14.65,14.23,14.32,14.23,5287229,232063298.0,4.363084,-0.548,2.97,否,0.58,-5.103,-10.219,5.294,11.094,否,242060000,121181000,10544133600.0,5278644360.0,267.390403,8.255532,15.553316,14.64,14.71,13.4,13.05,12.91,10.45,7.51,2012-02-17,-
2015-12-28,2654,万润科技,文化传媒,14.37,14.65,14.17,14.35,14.17,8235179,360732352.0,6.795767,0.207,3.33,否,1.21,0.14,-5.343,4.44,16.1,否,242060000,121181000,10565919000.0,5289550650.0,267.942863,8.272589,15.585451,14.5,14.77,13.53,13.14,12.92,10.53,7.55,2012-02-17,-
2015-12-29,2654,万润科技,文化传媒,14.34,14.55,13.88,14.52,13.88,6968342,300291952.0,5.750359,1.146,4.7,否,1.06,0.833,-3.457,4.913,22.119,否,242060000,121181000,10686949000.0,5350141150.0,271.012082,8.367349,15.763978,14.38,14.84,13.68,13.22,12.93,10.6,7.59,2012-02-17,-
2015-12-30,2654,万润科技,文化传媒,14.52,14.65,14.3,14.65,14.3,5699995,251165990.0,4.703704,0.906,2.42,否,0.84,2.304,-2.916,-3.808,19.787,否,242060000,121181000,10783773000.0,5398613550.0,273.467458,8.443157,15.9068,14.45,14.78,13.89,13.31,12.93,10.68,7.63,2012-02-17,-
2015-12-31,2654,万润科技,文化传媒,14.57,14.7,14.01,14.19,14.01,4726239,205553777.0,4.066078,-3.143,4.71,否,0.76,-1.115,-0.977,-11.034,8.819,否,242060000,116235825,10444889000.0,5015575848.75,264.873643,8.177828,15.406923,14.41,14.61,14.05,13.34,12.92,10.75,7.66,2012-02-17,-
2016-01-04,2654,万润科技,文化传媒,15.3,15.3,13.28,13.44,13.28,13047089,586191632.0,11.224671,-5.261,14.25,否,2.11,-7.438,-6.667,-11.346,11.535,否,242060000,116235825,9895412800.0,4751720526.0,250.939387,7.747616,14.596408,14.23,14.43,14.15,13.36,12.91,10.81,7.7,2012-02-17,-
2016-01-05,2654,万润科技,文化传媒,12.66,14.75,12.54,14.56,12.54,17386442,745688832.0,14.957903,8.317,16.44,否,2.25,-0.614,1.676,-3.191,23.81,否,242060000,116235825,10718416800.0,5146922331.0,271.81008,8.391987,15.810395,14.27,14.39,14.32,13.43,12.91,10.89,7.74,2012-02-17,-
2016-01-06,2654,万润科技,文化传媒,14.4,16.02,14.37,16.02,14.37,24452337,1139850432.0,21.036834,10.005,11.31,否,2.56,12.896,11.638,6.163,38.821,是,242060000,116235825,11790742600.0,5661847035.75,299.003364,9.231564,17.392149,14.57,14.48,14.5,13.57,12.92,10.97,7.78,2012-02-17,-
2016-01-07,2654,万润科技,文化传媒,15.78,15.88,14.42,14.43,14.42,6691236,310592160.0,5.756604,-9.916,9.16,否,0.51,7.366,-0.62,0.698,38.884,否,242060000,116235825,10621592800.0,5100428001.0,269.354704,8.316178,15.667573,14.53,14.49,14.53,13.64,12.89,11.05,7.82,2012-02-17,-
2016-01-08,2654,万润科技,文化传媒,14.99,15.87,14.1,15.87,14.1,23371757,1090978224.0,20.107189,10.005,12.28,否,1.76,8.997,8.328,10.208,44.011,是,242060000,116235825,11684236200.0,5610703272.75,296.302451,9.148175,17.235045,14.86,14.64,14.64,13.73,12.9,11.13,7.87,2012-02-17,-
2016-01-11,2654,万润科技,文化传媒,15.29,15.98,14.28,14.28,14.28,15745118,727369648.0,13.545839,-10.006,10.67,否,0.93,-10.861,0.634,-0.279,26.26,否,242060000,116235825,10515086400.0,5049284238.0,266.653791,8.232789,15.510469,15.03,14.63,14.67,13.81,12.86,11.19,7.9,2012-02-17,-
2016-01-12,2654,万润科技,文化传媒,12.86,13.66,12.86,12.86,12.86,10188753,399699200.0,8.765588,-9.991,5.64,否,0.58,-10.88,-4.315,-10.383,13.705,否,242060000,116235825,9464546000.0,4544820757.5,240.012965,7.410268,13.96085,14.69,14.48,14.63,13.85,12.81,11.24,7.94,2012-02-17,-
2016-01-13,2654,万润科技,文化传媒,12.23,13.15,11.77,12.17,11.77,13579597,515156064.0,11.682798,-5.371,10.74,否,0.84,-23.314,-16.415,-16.185,-2.17,否,242060000,116235825,8956220000.0,4300725525.0,227.122244,7.012274,13.211035,13.92,14.25,14.54,13.87,12.75,11.29,7.97,2012-02-17,-
2016-01-14,2654,万润科技,文化传媒,11.54,12.66,11.08,12.24,11.08,10986408,398706224.0,9.451826,0.568,12.97,否,0.79,-14.286,-23.596,-16.451,-10.592,否,242060000,116235825,9007052600.0,4325135048.25,228.411316,7.052074,13.286016,13.48,14.01,14.39,13.93,12.69,11.34,8.0,2012-02-17,-
2016-01-15,2654,万润科技,文化传媒,12.08,13.0,11.9,12.17,11.9,12536230,474036000.0,10.785169,-0.564,8.95,否,0.85,-5.365,-15.662,-14.235,-11.748,否,242060000,116235825,8956220000.0,4300725525.0,227.122244,7.012274,13.211035,12.74,13.8,14.2,13.97,12.66,11.39,8.02,2012-02-17,-
2016-01-18,2654,万润科技,文化传媒,11.71,13.22,11.61,12.87,11.61,12078488,464170000.0,10.391364,5.811,13.19,否,0.96,5.752,-18.904,-4.241,-5.368,否,242060000,116235825,9476649000.0,4550632548.75,240.319887,7.419744,13.978703,12.46,13.75,14.09,14.02,12.63,11.44,8.06,2012-02-17,-
2016-01-19,2654,万润科技,文化传媒,12.78,13.75,12.66,13.45,12.66,11822711,472092832.0,10.171314,4.47,8.4,否,1.0,9.886,-5.812,-7.624,-2.111,否,242060000,116235825,9900254000.0,4754045242.5,251.062156,7.751406,14.603549,12.58,13.64,14.01,14.09,12.63,11.5,8.09,2012-02-17,-
2016-01-20,2654,万润科技,文化传媒,13.48,14.79,13.32,14.24,13.32,21020364,924237936.0,18.084239,5.917,10.93,否,1.72,17.009,10.731,-11.111,2.89,否,242060000,116235825,10486039200.0,5035335939.0,265.917178,8.210047,15.467623,12.99,13.46,13.97,14.15,12.67,11.57,8.13,2012-02-17,-
2016-01-28,2654,万润科技,文化传媒,12.82,12.82,12.82,12.82,12.82,316600,12344234.0,0.272377,-9.995,0.0,否,0.02,-0.389,5.341,-11.157,-15.824,否,242060000,116235825,9437919400.0,4532034816.75,167.101629,7.256232,11.248873,13.11,13.3,13.89,14.12,12.67,11.62,8.16,2012-02-17,-
2016-01-29,2654,万润科技,文化传媒,11.54,12.28,11.54,11.54,11.54,18845056,668358976.0,16.212778,-10.003,5.77,否,1.63,-14.201,-5.719,-27.284,-27.649,否,242060000,116235825,8493885400.0,4078715099.25,150.38718,6.530423,10.123697,12.98,12.86,13.75,14.05,12.66,11.66,8.19,2012-02-17,-
2016-02-01,2654,万润科技,文化传媒,11.28,11.6,10.38,10.38,10.38,13614488,452406272.0,11.712816,-10.003,10.57,否,1.06,-27.107,-14.708,-27.311,-31.53,否,242060000,116235825,7644254800.0,3670727353.5,135.344177,5.877194,9.111039,12.49,12.47,13.55,13.94,12.65,11.69,8.21,2012-02-17,-
2016-02-02,2654,万润科技,文化传媒,10.36,10.92,10.35,10.59,10.35,10916252,352627584.0,9.391469,1.932,5.41,否,0.83,-17.395,-17.716,-17.652,-29.588,否,242060000,116235825,7791911400.0,3741631206.75,137.958488,5.990718,9.287028,11.91,12.25,13.36,13.83,12.67,11.73,8.23,2012-02-17,-
2016-02-03,2654,万润科技,文化传媒,10.35,11.16,10.2,10.95,10.2,10552978,346652992.0,9.078938,3.448,9.01,否,0.82,-5.113,-18.587,-10.025,-27.435,否,242060000,116235825,8060598000.0,3870652972.5,142.715677,6.197295,9.60727,11.26,12.13,13.19,13.74,12.7,11.76,8.25,2012-02-17,-
2016-02-04,2654,万润科技,文化传媒,10.92,12.05,10.92,12.05,10.92,13404476,470297120.0,11.532138,10.0,10.27,否,1.24,16.089,-15.379,-1.552,-15.911,是,242060000,116235825,8866657800.0,4257718269.75,156.987245,6.817024,10.567997,11.1,12.11,13.06,13.63,12.74,11.8,8.28,2012-02-17,-
2016-02-05,2654,万润科技,文化传媒,12.07,12.42,11.34,11.63,11.34,10816184,394802704.0,9.305379,-3.467,8.95,否,0.8,9.821,-9.282,-4.437,-19.236,否,242060000,116235825,8559241600.0,4110098772.0,151.544335,6.580671,10.201594,11.12,12.05,12.93,13.49,12.79,11.84,8.31,2012-02-17,-
2016-02-15,2654,万润科技,文化传媒,11.18,12.56,11.12,12.43,11.12,11099841,403802320.0,9.549415,6.9,12.42,否,0.94,13.516,7.712,-3.419,-13.198,否,242060000,116235825,9149868000.0,4393714185.0,162.001579,7.034767,10.90555,11.53,12.01,12.88,13.4,12.86,11.88,8.34,2012-02-17,-
2016-02-16,2654,万润科技,文化传媒,12.57,13.67,12.25,13.66,12.25,12179603,476523024.0,10.478356,9.921,11.46,否,1.07,13.361,31.599,1.561,-4.808,否,242060000,116235825,10057593000.0,4829598528.75,178.073165,7.732661,11.98745,12.14,12.03,12.83,13.35,12.94,11.93,8.37,2012-02-17,-
2016-02-17,2654,万润科技,文化传媒,13.33,14.76,13.32,14.15,13.32,14133514,596172208.0,12.159344,3.562,10.57,否,1.22,21.668,33.617,-0.632,-2.548,否,242060000,116235825,10415841800.0,5001627549.75,184.416084,8.008096,12.41444,12.78,12.02,12.74,13.32,13.02,11.99,8.41,2012-02-17,-
2016-02-18,2654,万润科技,文化传媒,14.21,15.31,14.02,14.62,14.02,14671113,653321856.0,12.621851,3.3,9.09,否,1.19,17.619,33.516,14.041,-0.205,否,242060000,116235825,10759567000.0,5166682421.25,190.501857,8.272365,12.824119,13.3,12.2,12.75,13.33,13.09,12.05,8.45,2012-02-17,-
2016-02-19,2654,万润科技,文化传媒,14.63,15.62,14.48,15.25,14.48,14454700,662096304.0,12.435667,4.342,7.76,否,1.15,11.64,26.556,32.149,7.47,否,242060000,116235825,11226742800.0,5391017563.5,198.773366,8.631548,13.380937,14.02,12.57,12.72,13.36,13.15,12.12,8.49,2012-02-17,-
2016-02-22,2654,万润科技,文化传媒,15.25,16.78,15.09,16.78,15.09,18737565,902170800.0,16.120301,10.004,11.08,否,1.41,18.587,44.282,61.657,24.851,是,242060000,116235825,12349901200.0,5930351791.5,218.659275,9.495075,14.719607,14.89,13.21,12.84,13.44,13.24,12.19,8.53,2012-02-17,-
2016-02-23,2654,万润科技,文化传媒,17.48,18.45,16.51,17.72,16.51,37830187,2025439904.0,29.769014,5.606,11.56,否,2.55,21.204,42.558,67.328,21.703,否,242060000,127079075,13042192800.0,6847020561.0,230.916537,10.027335,15.544736,15.7,13.92,13.09,13.55,13.35,12.28,8.58,2012-02-17,-
2016-02-24,2654,万润科技,文化传媒,17.42,18.25,16.81,17.92,16.81,23344426,1246003216.0,18.37,1.151,8.13,否,1.17,17.508,31.186,63.653,11.86,否,242060000,127079075,13192270000.0,6925809587.5,233.573706,10.14272,15.72361,16.46,14.62,13.37,13.66,13.44,12.37,8.64,2012-02-17,-
2016-02-25,2654,万润科技,文化传媒,17.66,17.82,16.13,16.13,16.13,11362096,569439328.0,8.940965,-10.0,9.43,否,0.52,-3.874,13.993,33.859,11.781,否,242060000,127079075,11873043000.0,6233228628.75,210.216335,9.128448,14.151249,16.76,15.03,13.57,13.71,13.51,12.44,8.68,2012-02-17,-
2016-02-26,2654,万润科技,文化传媒,14.86,15.38,14.52,14.55,14.52,24467454,1099598720.0,19.253724,-9.786,5.34,否,1.16,-17.889,-0.479,25.107,-8.318,否,242060000,127079075,10711155000.0,5623249068.75,189.644706,8.235144,12.766418,16.62,15.32,13.69,13.73,13.53,12.51,8.72,2012-02-17,-
2016-02-29,2654,万润科技,文化传媒,14.8,15.22,13.1,13.55,13.1,23931939,1025356160.0,18.832321,-6.848,14.62,否,1.03,-24.386,-11.148,9.01,-5.112,否,242060000,127079075,9977713200.0,5238199471.5,176.658865,7.671246,11.892243,15.97,15.43,13.72,13.73,13.54,12.56,8.75,2012-02-17,-
2016-03-01,2654,万润科技,文化传媒,13.5,14.91,12.61,14.91,12.61,73973604,1039082624.0,19.403563,9.985,16.98,否,3.06,-7.564,-11.144,9.151,15.941,是,726180000,381237225,10958056200.0,5752869725.25,194.016177,8.424971,13.060694,15.41,15.56,13.79,13.74,13.59,12.62,8.79,2012-02-17,-
2016-03-02,2654,万润科技,文化传媒,15.07,16.4,14.82,16.4,14.82,76790754,1213234384.0,20.142512,10.007,10.6,否,2.44,12.715,-7.449,15.901,34.758,是,726180000,381237225,12054588000.0,6328537935.0,213.430652,9.268027,14.367629,15.11,15.78,13.9,13.75,13.66,12.68,8.83,2012-02-17,-
2016-03-03,2654,万润科技,文化传媒,16.5,16.5,14.76,14.76,14.76,105456943,1677032592.0,27.661764,-10.0,10.6,否,2.5,8.93,-17.634,0.958,20.588,否,726180000,381237225,10849129200.0,5695684141.5,192.087587,8.341224,12.930866,14.83,15.8,14.0,13.76,13.7,12.74,8.87,2012-02-17,-
2016-03-04,2654,万润科技,文化传媒,13.83,14.13,13.29,13.29,13.29,73655332,1011658288.0,19.320079,-9.973,5.69,否,1.21,-10.865,-17.607,-12.852,9.203,否,726180000,381237225,9767121000.0,5127640676.25,172.930257,7.509335,11.641242,14.58,15.6,14.09,13.68,13.71,12.78,8.9,2012-02-17,-
2016-03-07,2654,万润科技,文化传媒,13.24,13.73,12.87,13.34,12.87,50593616,682644544.0,13.270901,0.372,6.47,否,0.71,-18.659,-8.316,-20.501,3.652,否,726180000,381237225,9803430000.0,5146702537.5,173.573121,7.537251,11.684518,14.54,15.26,14.23,13.65,13.73,12.83,8.94,2012-02-17,-
2016-03-08,2654,万润科技,文化传媒,12.98,13.04,12.0,12.82,12.0,50830253,645346016.0,13.332972,-3.852,7.78,否,0.67,-13.144,-5.387,-27.652,-4.684,否,726180000,381237225,9425816400.0,4948459180.5,166.887341,7.246927,11.234447,14.12,14.77,14.35,13.65,13.75,12.87,8.97,2012-02-17,-
2016-03-09,2654,万润科技,文化传媒,12.51,14.11,12.12,14.11,12.12,68377098,934870432.0,17.935578,10.015,15.49,否,0.96,6.17,-5.366,-21.261,-0.913,是,726180000,381237225,10369850400.0,5444067573.0,183.60179,7.972736,12.359623,13.66,14.39,14.5,13.71,13.79,12.92,9.0,2012-02-17,-
2016-03-10,2654,万润科技,文化传媒,14.39,14.67,13.3,13.4,13.3,75924289,1079480432.0,19.915235,-5.042,9.73,否,1.09,0.45,-18.293,-16.925,4.524,否,726180000,381237225,9847000800.0,5169576771.0,174.344557,7.570749,11.736449,13.39,14.11,14.57,13.75,13.84,12.97,9.04,2012-02-17,-
2016-03-11,2654,万润科技,文化传媒,12.84,13.01,12.2,12.52,12.2,43002498,549734448.0,11.279722,-6.563,6.05,否,0.67,-2.34,-15.176,-13.952,8.492,否,726180000,381237225,9200700600.0,4830275640.75,162.901588,7.073849,10.966136,13.24,13.91,14.62,13.76,13.86,13.01,9.07,2012-02-17,-
2016-03-14,2654,万润科技,文化传媒,12.74,13.42,12.7,12.83,12.7,44522085,585955584.0,11.678315,2.526,5.68,否,0.77,-9.072,-3.461,-5.314,23.603,否,726180000,381237225,9433078200.0,4952271552.75,167.015914,7.25251,11.243103,13.14,13.84,14.64,13.76,13.89,13.05,9.1,2012-02-17,-
2016-03-15,2654,万润科技,文化传媒,12.79,12.79,12.1,12.23,12.1,36507563,458214272.0,9.576075,-4.696,5.39,否,0.65,-8.731,-8.321,-17.975,15.486,否,726180000,381237225,8990108400.0,4719716845.5,159.17298,6.911938,10.715136,13.02,13.57,14.56,13.72,13.9,13.08,9.13,2012-02-17,-
2016-03-16,2654,万润科技,文化传媒,12.4,12.74,12.21,12.3,12.21,30383382,382665360.0,7.969679,0.565,4.36,否,0.57,-1.757,-4.056,-25.0,12.329,否,726180000,381237225,9040941000.0,4746403451.25,160.072989,6.95102,10.775722,12.66,13.16,14.47,13.65,13.9,13.11,9.16,2012-02-17,-
2016-03-17,2654,万润科技,文化传媒,12.26,12.74,12.05,12.6,12.05,44285291,556933456.0,11.616203,2.41,5.62,否,0.96,-1.793,-10.702,-14.634,4.564,否,726180000,381237225,9258795000.0,4860774618.75,163.93017,7.118514,11.035378,12.5,12.94,14.37,13.65,13.88,13.14,9.19,2012-02-17,-
2016-03-18,2654,万润科技,文化传媒,12.62,13.55,12.4,13.3,12.4,61007457,802008400.0,16.002492,5.569,9.18,否,1.54,8.749,-0.746,0.075,14.359,否,726180000,381237225,9774382800.0,5131453048.5,173.05883,7.514918,11.649897,12.65,12.95,14.27,13.71,13.88,13.17,9.22,2012-02-17,-
2016-03-21,2654,万润科技,文化传媒,13.38,14.63,13.09,14.63,13.09,80643244,1117483328.0,21.153035,10.03,11.59,否,1.86,18.943,16.853,9.67,17.699,是,726180000,381237225,10754725800.0,5646123302.25,190.416142,8.268643,12.818349,13.01,13.07,14.17,13.85,13.89,13.21,9.26,2012-02-17,-
2016-03-22,2654,万润科技,文化传媒,14.32,16.0,13.99,15.28,13.99,101797215,1549554656.0,26.701804,4.456,13.77,否,2.01,21.27,19.096,19.189,11.859,否,726180000,381237225,11234004600.0,5897739870.75,198.901939,8.637131,13.389592,13.62,13.32,14.04,14.0,13.92,13.26,9.3,2012-02-17,-
2016-03-23,2654,万润科技,文化传媒,14.97,16.81,14.83,16.81,14.83,114516420,1844659472.0,30.0381,10.019,12.99,否,1.8,26.391,37.449,19.135,18.799,是,726180000,381237225,12359583600.0,6488657569.5,218.830705,9.502519,14.731148,14.52,13.59,13.99,14.2,13.97,13.31,9.35,2012-02-17,-
2016-03-24,2654,万润科技,文化传媒,16.5,17.98,16.12,16.81,16.12,119466517,2073103056.0,31.33653,0.0,11.05,否,1.48,14.901,36.667,25.448,14.979,否,726180000,381237225,12359583600.0,6488657569.5,218.830705,9.502519,14.731148,15.37,13.93,14.02,14.36,13.99,13.36,9.39,2012-02-17,-
2016-03-25,2654,万润科技,文化传媒,16.38,16.79,15.29,15.49,15.29,74812623,1199909744.0,19.623641,-7.873,8.93,否,0.78,1.374,22.937,23.722,1.574,否,726180000,381237225,11386502400.0,5977799688.0,201.601965,8.754377,13.571351,15.8,14.23,14.07,14.49,13.99,13.39,9.43,2012-02-17,-
2016-03-28,2654,万润科技,文化传媒,15.49,16.13,15.39,15.56,15.39,43778522,696758848.0,11.483276,0.446,4.78,否,0.45,-7.436,16.992,21.278,-7.271,否,726180000,381237225,11437335000.0,6004486293.75,202.501974,8.793459,13.631937,15.99,14.5,14.17,14.59,13.99,13.42,9.48,2012-02-17,-
2016-03-29,2654,万润科技,文化传媒,15.59,15.88,14.92,15.44,14.92,38666730,607274304.0,10.142433,-0.762,6.16,否,0.43,-8.15,5.537,26.247,-12.867,否,726180000,381237225,11350193400.0,5958737826.75,200.959102,8.726461,13.528075,16.02,14.82,14.2,14.65,14.0,13.44,9.52,2012-02-17,-
2016-03-30,2654,万润科技,文化传媒,15.7,16.12,15.22,15.93,15.22,50469419,803246448.0,13.238324,3.135,5.82,否,0.64,2.841,4.254,29.512,-11.105,否,726180000,381237225,11706021600.0,6145544067.0,207.259163,9.000035,13.95218,15.85,15.19,14.17,14.71,14.01,13.46,9.56,2012-02-17,-
2016-03-31,2654,万润科技,文化传媒,15.96,16.57,15.71,15.75,15.71,46467387,756367024.0,12.188575,-1.117,5.4,否,0.71,1.221,-6.306,25.0,-2.356,否,726180000,381237225,11575309200.0,6076921366.5,204.944855,8.899539,13.796386,15.63,15.5,14.22,14.75,14.04,13.48,9.6,2012-02-17,-
2016-04-01,2654,万润科技,文化传媒,15.51,15.56,14.93,15.23,14.93,31651737,485504640.0,8.302373,-3.262,4.02,否,0.62,-1.36,-9.399,14.511,4.674,否,726180000,381237225,11197695600.0,5878678009.5,198.259076,8.609215,13.346316,15.58,15.69,14.32,14.75,14.05,13.49,9.65,2012-02-17,-
2016-04-05,2654,万润科技,文化传媒,15.37,15.7,15.1,15.54,15.1,29407716,459291200.0,7.713758,2.01,3.96,否,0.7,-2.448,0.323,6.22,14.686,否,726180000,381237225,11422811400.0,5996861549.25,202.244829,8.782293,13.614627,15.58,15.78,14.43,14.71,14.07,13.49,9.69,2012-02-17,-
2016-04-06,2654,万润科技,文化传媒,15.41,16.3,15.3,16.13,15.3,49582944,796254112.0,13.005798,3.814,6.42,否,1.26,2.413,3.663,5.563,8.182,否,726180000,381237225,11858519400.0,6225603884.25,209.95919,9.117282,14.133939,15.72,15.87,14.59,14.65,14.1,13.51,9.74,2012-02-17,-
2016-04-07,2654,万润科技,文化传媒,16.14,16.29,15.35,15.36,15.35,42657737,676619072.0,11.18929,-4.777,5.82,否,1.03,0.854,-0.518,-8.626,-6.341,否,726180000,381237225,11292099000.0,5928238848.75,199.930521,8.681796,13.458833,15.6,15.72,14.66,14.57,14.12,13.52,9.78,2012-02-17,-
2016-04-08,2654,万润科技,文化传媒,15.12,15.24,14.62,14.96,14.62,25211448,380908208.0,6.61306,-2.637,4.05,否,0.63,-3.732,-6.089,-11.005,1.355,否,726180000,381237225,10994365200.0,5771931586.5,194.659041,8.452887,13.10397,15.44,15.54,14.74,14.53,14.12,13.53,9.82,2012-02-17,-
2016-04-11,2654,万润科技,文化传媒,15.07,15.36,14.98,15.06,14.98,19825102,304636352.0,5.200201,0.661,2.58,否,0.56,-6.634,-4.381,-2.776,13.318,否,726180000,381237225,11066983200.0,5810055309.0,195.944767,8.508718,13.190522,15.41,15.5,14.86,14.54,14.14,13.53,9.86,2012-02-17,-
2016-04-12,2654,万润科技,文化传媒,15.06,15.51,15.0,15.39,15.0,27540306,425934064.0,7.223929,2.231,3.41,否,0.83,0.195,1.051,-1.093,15.367,否,726180000,381237225,11313884400.0,5939675965.5,200.316239,8.698545,13.484799,15.38,15.48,14.99,14.61,14.17,13.54,9.9,2012-02-17,-
2016-04-13,2654,万润科技,文化传媒,15.61,15.67,15.31,15.34,15.31,29890043,467363072.0,7.840274,-0.321,2.31,否,0.91,2.54,-1.287,-0.648,19.657,否,766307387,381237225,11900753720.11,5920614104.25,210.706963,9.149753,14.184277,15.22,15.47,15.15,14.62,14.18,13.55,9.95,2012-02-17,-
2016-04-14,2654,万润科技,文化传媒,15.38,15.39,14.87,15.23,14.87,26495342,405359520.0,6.949831,-0.708,3.41,否,0.91,1.129,-5.58,-4.394,7.938,否,766307387,381237225,11816459907.54,5878678009.5,209.214512,9.084945,14.083809,15.2,15.4,15.29,14.58,14.17,13.54,9.99,2012-02-17,-
2016-04-15,2654,万润科技,文化传媒,15.23,15.27,14.98,15.05,14.98,16000420,243657297.0,4.196972,-1.232,1.95,否,0.62,-2.209,-2.018,-4.444,12.313,否,766307387,381237225,11670861504.01,5806242936.75,206.636642,8.973003,13.910273,15.21,15.33,15.41,14.59,14.18,13.54,10.03,2012-02-17,-
2016-04-18,2654,万润科技,文化传媒,15.02,15.02,14.63,14.72,14.63,16354980,244190179.0,4.289975,-2.167,2.56,否,0.68,-4.042,-1.604,-3.349,17.572,否,766307387,381237225,11417980066.3,5680434652.5,202.159288,8.778578,13.608869,15.15,15.28,15.49,14.64,14.16,13.53,10.07,2012-02-17,-
2016-04-19,2654,万润科技,文化传媒,14.72,14.98,14.68,14.82,14.68,11929157,178922179.0,3.129064,0.671,2.01,否,0.51,-2.692,-1.594,-4.633,15.511,否,766307387,381237225,11494610805.0,5718558375.0,203.516062,8.837495,13.700203,15.03,15.21,15.5,14.69,14.17,13.52,10.11,2012-02-17,-
2016-04-20,2654,万润科技,文化传媒,14.85,14.91,13.39,13.5,13.39,26184132,369594192.0,6.868199,-8.933,10.27,否,1.3,-10.299,-12.281,-16.305,10.384,否,766307387,381237225,10467758906.42,5207700493.5,185.335294,8.048012,12.476318,14.66,14.94,15.41,14.71,14.18,13.49,10.14,2012-02-17,-
2016-04-21,2654,万润科技,文化传媒,13.54,14.18,13.53,13.7,13.53,20564839,288666480.0,5.394237,1.537,4.76,否,1.06,-6.929,-10.691,-10.807,11.382,否,766307387,381237225,10628683457.69,5287760310.75,188.184519,8.171737,12.668121,14.36,14.78,15.25,14.7,14.2,13.47,10.18,2012-02-17,-
2016-04-22,2654,万润科技,文化传媒,13.73,13.97,13.44,13.71,13.44,12235375,169486622.0,3.209386,0.072,3.89,否,0.67,-7.49,-9.98,-8.356,8.81,否,766307387,381237225,10636346531.56,5291572683.0,169.942155,6.599044,11.536505,14.09,14.65,15.1,14.71,14.23,13.46,10.21,2012-02-17,-
2016-04-25,2654,万润科技,文化传媒,13.71,13.8,13.31,13.41,13.31,11186298,152586070.0,2.934209,-2.233,3.6,否,0.64,-0.667,-10.897,-10.956,0.827,否,766307387,381237225,10398791241.59,5173389143.25,166.146617,6.451659,11.278845,13.83,14.49,14.99,14.74,14.25,13.46,10.25,2012-02-17,-
2016-04-26,2654,万润科技,文化传媒,13.41,13.58,13.24,13.5,13.24,10676291,144981241.0,2.800432,0.737,2.58,否,0.65,-1.46,-8.288,-12.281,-7.724,否,766307387,381237225,10475421980.29,5211512865.75,167.370984,6.499203,11.361961,13.56,14.3,14.89,14.76,14.26,13.45,10.28,2012-02-17,-
2016-04-27,2654,万润科技,文化传媒,13.63,14.8,13.56,14.42,13.56,33491768,482969616.0,8.78502,6.803,9.14,否,2.07,5.179,-2.699,-5.997,-5.628,否,766307387,381237225,11188087850.2,5566063485.0,178.757598,6.941358,12.13494,13.75,14.21,14.84,14.83,14.28,13.45,10.32,2012-02-17,-
2016-04-28,2654,万润科技,文化传媒,14.39,15.14,14.19,14.88,14.19,36754676,552609056.0,9.640894,3.151,6.64,否,2.08,10.962,10.222,-2.298,-11.481,否,802842690,381237225,12090810911.4,5741432608.5,193.18085,7.501429,13.114061,13.98,14.17,14.79,14.92,14.29,13.48,10.36,2012-02-17,-
2016-04-29,2654,万润科技,文化传媒,14.72,15.21,14.32,14.32,14.32,29223162,434254000.0,7.665349,-3.719,5.98,否,1.4,6.074,4.526,-4.85,-14.813,否,802842690,381237225,11641219005.0,5527939762.5,185.997498,7.222491,12.62642,14.11,14.1,14.71,14.98,14.31,13.49,10.4,2012-02-17,-
2016-05-03,2654,万润科技,文化传媒,14.13,14.73,13.81,14.52,13.81,21709264,314104704.0,5.694424,1.379,6.41,否,0.89,0.693,5.908,-1.359,-6.262,否,802842690,381237225,11801787543.0,5604187207.5,188.562981,7.322112,12.800577,14.33,14.08,14.68,15.02,14.36,13.51,10.44,2012-02-17,-
2016-05-04,2654,万润科技,文化传媒,14.35,14.53,14.16,14.19,14.16,18177446,263485378.0,4.768014,-2.313,2.59,否,0.69,-4.637,5.817,-4.251,-8.805,否,802842690,381237225,11528821028.4,5474566551.0,184.20166,7.152757,12.504509,14.47,14.02,14.61,15.0,14.42,13.54,10.48,2012-02-17,-
2016-05-05,2654,万润科技,文化传媒,14.24,14.5,14.24,14.3,14.24,13831196,200888753.0,3.627976,0.766,1.88,否,0.5,-0.14,5.926,5.926,-7.383,否,802842690,381237225,11617133724.3,5516502645.75,185.612676,7.207548,12.600296,14.44,14.1,14.52,14.97,14.49,13.58,10.52,2012-02-17,-
2016-05-06,2654,万润科技,文化传媒,14.25,15.69,14.19,15.38,14.19,67203654,1026636080.0,17.627779,7.602,10.5,否,2.81,5.923,6.657,12.263,-3.453,否,802842690,381237225,12500260683.3,5935863593.25,199.722831,7.755461,13.558162,14.54,14.26,14.52,14.92,14.56,13.63,10.56,2012-02-17,-
2016-09-21,2654,万润科技,文化传媒,14.6,16.3,14.03,15.57,14.03,48014238,751435280.0,12.315336,1.22,14.77,否,1.6,9.725,4.637,13.567,-1.143,否,802842690,389873550,12652800794.4,6144407148.0,127.690965,6.048209,11.355708,14.79,14.45,14.55,14.88,14.62,13.68,10.6,2012-02-17,-
2016-09-22,2654,万润科技,文化传媒,15.61,15.71,14.83,15.29,14.83,34106837,523098928.0,8.748179,-1.777,5.65,否,1.01,6.923,6.774,14.019,0.394,否,802842690,389873550,12428004841.2,6035242554.0,125.422343,5.940753,11.153957,14.95,14.64,14.56,14.87,14.68,13.73,10.65,2012-02-17,-
2016-09-23,2654,万润科技,文化传媒,15.13,15.18,14.33,14.34,14.33,24593346,366318576.0,6.308031,-6.202,5.56,否,0.68,-6.762,-1.24,6.222,-7.722,否,802842690,389873550,11657275858.8,5660963946.0,117.644214,5.572334,10.462239,14.98,14.72,14.51,14.83,14.71,13.79,10.68,2012-02-17,-
2016-09-26,2654,万润科技,文化传媒,14.13,14.13,12.94,13.19,12.94,22324348,305646208.0,5.726048,-8.058,8.26,否,0.59,-15.286,-7.047,-8.53,-18.227,否,802842690,389873550,10717949911.5,5204811892.5,108.164618,5.123324,9.619207,14.75,14.6,14.4,14.76,14.7,13.82,10.72,2012-02-17,-
2016-09-27,2654,万润科技,文化传媒,13.02,13.33,12.72,13.1,12.72,14193198,187344114.0,3.640462,-0.674,4.57,否,0.36,-14.323,-8.392,-11.962,-14.714,否,802842690,389873550,10645694069.4,5169723273.0,107.435418,5.088785,9.554359,14.3,14.42,14.3,14.66,14.69,13.85,10.76,2012-02-17,-
2016-09-28,2654,万润科技,文化传媒,13.05,13.44,13.04,13.15,13.04,10265815,137377018.0,2.633114,0.377,3.02,否,0.36,-8.298,-14.499,-8.17,-12.099,否,802842690,389873550,10685836203.9,5189216950.5,107.840529,5.107973,9.590386,13.81,14.3,14.2,14.58,14.66,13.88,10.79,2012-02-17,-
2016-09-29,2654,万润科技,文化传媒,13.19,13.3,12.7,12.78,12.7,14238480,186479671.0,3.652076,-2.78,4.51,否,0.67,-3.108,-17.919,-11.983,-15.139,否,802842690,389873550,10388784408.6,5044963737.0,104.842708,4.965978,9.323786,13.31,14.13,14.1,14.5,14.62,13.89,10.82,2012-02-17,-
2016-09-30,2654,万润科技,文化传媒,12.7,12.95,12.69,12.88,12.69,8876756,115505337.0,2.27683,0.773,2.01,否,0.52,-1.679,-15.762,-9.232,-16.309,否,802842690,389873550,10469068677.6,5083951092.0,105.65293,5.004355,9.39584,13.02,14.0,14.01,14.41,14.56,13.9,10.86,2012-02-17,-
2016-10-10,2654,万润科技,文化传媒,12.96,13.19,12.85,13.12,12.85,10622825,139855330.0,2.724685,1.84,2.61,否,0.76,-0.228,-8.508,-8.252,-14.472,否,802842690,389873550,10661750923.2,5177520744.0,107.597462,5.09646,9.568769,13.01,13.88,13.99,14.31,14.48,13.91,10.89,2012-02-17,-
2016-10-11,2654,万润科技,文化传媒,13.05,13.73,13.04,13.51,13.04,16259655,219981866.0,4.170495,3.012,5.27,否,1.4,5.712,2.426,-12.159,-11.293,否,802842690,389873550,10982887999.2,5333470164.0,110.83835,5.249968,9.856985,13.09,13.69,13.98,14.24,14.41,13.92,10.93,2012-02-17,-
2016-10-12,2654,万润科技,文化传媒,13.43,13.59,13.21,13.27,13.21,10104324,136682294.0,2.591693,-1.827,2.85,否,0.84,3.028,1.298,-14.772,-11.827,否,802842690,389873550,10782177326.7,5236001776.5,108.812795,5.154025,9.67685,13.11,13.46,13.96,14.19,14.36,13.93,10.97,2012-02-17,-
2016-10-13,2654,万润科技,文化传媒,13.22,13.38,12.99,13.05,12.99,10962759,145661748.0,2.811876,-1.638,2.9,否,0.91,-0.534,-0.76,-14.65,-11.345,否,802842690,389873550,10605551934.9,5150229595.5,107.030307,5.069596,9.518332,13.17,13.24,13.94,14.12,14.33,13.93,11.0,2012-02-17,-
2016-10-14,2654,万润科技,文化传媒,13.04,13.23,12.91,13.07,12.91,7720364,102061712.0,1.980223,0.151,2.42,否,0.68,-3.257,2.269,-8.856,-11.808,否,802842690,389873550,10621608788.7,5158027066.5,107.192352,5.077272,9.532743,13.2,13.11,13.92,14.04,14.32,13.93,11.04,2012-02-17,-
2016-10-17,2654,万润科技,文化传媒,13.06,13.19,12.77,12.81,12.77,9210000,120802289.0,2.362304,-1.965,3.17,否,0.83,-3.466,-0.543,-2.881,-5.111,否,802842690,389873550,10412869689.3,5056659943.5,105.085775,4.977491,9.345402,13.14,13.07,13.84,13.96,14.29,13.94,11.07,2012-02-17,-
2016-10-18,2654,万润科技,文化传媒,12.72,12.94,12.67,12.91,12.67,9257408,120100789.0,2.374464,0.771,2.16,否,0.85,-1.073,-1.601,-1.45,-5.766,否,802842690,389873550,10493153958.3,5095647298.5,105.895997,5.015868,9.417456,13.02,13.06,13.74,13.88,14.23,13.95,11.11,2012-02-17,-
2016-10-19,2654,万润科技,文化传媒,12.97,13.1,12.85,12.91,12.85,8939090,117235304.0,2.292818,0.0,1.91,否,0.95,-1.224,-4.441,-1.825,-5.835,否,802842690,389873550,10493153958.3,5095647298.5,105.895997,5.015868,9.417456,12.95,13.03,13.67,13.81,14.2,13.95,11.14,2012-02-17,-
2016-10-20,2654,万润科技,文化传媒,13.0,13.54,12.76,13.46,12.76,23761399,318623120.0,6.094642,4.208,6.04,否,2.58,5.074,1.432,5.321,0.373,否,802842690,389873550,10934717437.8,5310077751.0,110.352217,5.226942,9.813753,13.03,13.1,13.61,13.77,14.2,13.96,11.18,2012-02-17,-
2016-10-21,2654,万润科技,文化传媒,13.25,13.4,12.97,13.07,12.97,14193204,189094321.0,3.640463,-2.863,3.16,否,1.21,1.239,0.153,1.475,-3.185,否,802842690,389873550,10621608788.7,5158027066.5,107.192352,5.077272,9.532743,13.03,13.12,13.56,13.71,14.2,13.96,11.21,2012-02-17,-
2016-10-24,2654,万润科技,文化传媒,12.99,13.24,12.89,13.07,12.89,9690579,128061108.0,2.48557,0.0,2.65,否,0.74,1.239,0.0,-0.381,-9.362,否,802842690,389873550,10621608788.7,5158027066.5,107.192352,5.077272,9.532743,13.08,13.11,13.5,13.7,14.2,13.97,11.25,2012-02-17,-
2016-10-25,2654,万润科技,文化传媒,13.04,13.21,12.99,13.19,12.99,8322062,110183341.0,2.134554,0.907,1.66,否,0.63,-2.006,2.966,-2.369,-11.358,否,802842690,389873550,10717949911.5,5204811892.5,108.164618,5.123324,9.619207,13.14,13.08,13.39,13.68,14.19,13.99,11.28,2012-02-17,-
2016-10-26,2654,万润科技,文化传媒,13.24,13.24,12.96,12.99,12.96,9084567,120037700.0,2.330132,-1.498,2.1,否,0.7,-0.612,0.62,-2.11,-9.288,否,802842690,389873550,10557381373.5,5126837182.5,106.544174,5.04657,9.475099,13.16,13.05,13.26,13.66,14.18,14.01,11.32,2012-02-17,-
2016-10-27,2654,万润科技,文化传媒,12.94,13.11,12.93,13.02,12.93,5802300,76486725.0,1.488252,0.228,1.37,否,0.45,-0.383,0.852,-0.23,-10.331,否,802842690,389873550,10581466654.2,5138533389.0,106.787241,5.058083,9.496716,13.07,13.05,13.14,13.64,14.19,14.03,11.35,2012-02-17,-
2016-10-28,2654,万润科技,文化传媒,13.06,13.19,12.91,12.93,12.91,9270111,122349926.0,2.377722,-0.683,2.12,否,0.98,-1.971,-3.938,-1.071,-8.879,否,802842690,389873550,10509210812.1,5103444769.5,74.698015,4.897141,8.027719,13.04,13.04,13.07,13.62,14.19,14.04,11.39,2012-02-17,-
2016-10-31,2654,万润科技,文化传媒,12.86,13.22,12.86,13.12,12.86,11509129,152620886.0,2.952016,1.451,2.75,否,1.36,1.001,0.383,2.42,-8.252,否,802842690,389873550,10661750923.2,5177520744.0,75.782249,4.968222,8.14424,13.05,13.07,13.07,13.58,14.21,14.06,11.42,2012-02-17,-
2016-11-01,2654,万润科技,文化传媒,13.13,13.17,13.0,13.1,13.0,9668518,127792154.0,2.479911,-0.151,1.28,否,1.1,0.614,0.23,1.472,-14.824,否,802842690,389873550,10645694069.4,5169723273.0,75.668119,4.96074,8.131975,13.03,13.09,13.07,13.52,14.22,14.06,11.45,2012-02-17,-
2016-11-02,2654,万润科技,文化传媒,13.04,13.09,12.86,12.93,12.86,9336332,122463150.0,2.394708,-1.282,1.73,否,1.03,0.0,-1.971,0.155,-16.956,否,802842690,389873550,10509210812.1,5103444769.5,74.698015,4.897141,8.027719,13.02,13.09,13.06,13.47,14.22,14.05,11.49,2012-02-17,-
2016-11-03,2654,万润科技,文化传媒,12.86,13.07,12.85,12.97,12.85,9493978,124788797.0,2.435143,0.306,1.68,否,1.04,-1.143,-0.154,-3.64,-15.173,否,802842690,389873550,10541324519.7,5119039711.5,74.926275,4.912105,8.05225,13.01,13.04,13.07,13.42,14.22,14.05,11.52,2012-02-17,-
2016-11-04,2654,万润科技,文化传媒,13.06,13.08,12.86,12.9,12.86,7126970,93343004.0,1.828021,-0.533,1.68,否,0.72,-1.527,-0.922,-1.301,-10.042,否,802842690,389873550,10485125531.4,5091748563.0,74.52682,4.885917,8.009321,13.0,13.02,13.07,13.38,14.19,14.04,11.55,2012-02-17,-
2016-11-07,2654,万润科技,文化传媒,12.9,12.95,12.78,12.81,12.78,5914370,76871112.0,1.516997,-0.689,1.3,否,0.63,-0.928,-0.928,-1.989,-2.881,否,802842690,389873550,10412869689.3,5056659943.5,74.013236,4.852247,7.954126,12.94,13.0,13.05,13.33,14.15,14.03,11.58,2012-02-17,-
2016-11-08,2654,万润科技,文化传媒,12.95,13.44,12.95,13.28,12.95,23758068,319193568.0,6.093788,3.624,3.78,否,2.86,2.39,1.22,0.682,1.374,否,802842690,389873550,10790205753.6,5239900512.0,76.695288,5.02808,8.242364,12.98,13.01,13.04,13.26,14.09,14.03,11.62,2012-02-17,-
2016-11-09,2654,万润科技,文化传媒,13.24,13.26,12.84,12.96,12.84,14741781,194237202.0,3.78117,-2.381,3.13,否,1.32,0.465,-1.069,-0.231,-1.445,否,802842690,389873550,10533296092.8,5115140976.0,74.86921,4.908364,8.046117,12.98,13.0,13.03,13.17,14.03,14.01,11.65,2012-02-17,-
2016-11-10,2654,万润科技,文化传媒,13.03,13.13,12.93,13.06,12.93,9578426,126219846.0,2.456803,0.762,1.52,否,0.78,1.952,1.005,0.307,2.191,否,802842690,389873550,10613580361.8,5154128331.0,75.439859,4.945776,8.107444,13.0,13.01,13.03,13.1,13.99,13.99,11.68,2012-02-17,-
2016-11-11,2654,万润科技,文化传媒,13.04,13.46,12.96,13.27,12.96,16587168,222465388.0,4.254499,1.589,3.78,否,1.36,-0.075,2.313,2.63,3.028,否,802842690,389873550,10782177326.7,5236001776.5,76.638223,5.024339,8.236231,13.08,13.04,13.04,13.06,13.95,13.97,11.72,2012-02-17,-
2016-11-14,2654,万润科技,文化传媒,13.19,13.58,13.13,13.35,13.13,13945775,188628947.0,3.577,0.596,3.43,否,0.99,3.009,3.488,1.753,1.753,否,802842690,389873550,10846404741.9,5267191660.5,77.094743,5.054268,8.285293,13.18,13.06,13.07,13.07,13.91,13.96,11.75,2012-02-17,-
2016-11-15,2654,万润科技,文化传媒,13.34,14.11,13.19,13.88,13.19,26317275,366434096.0,6.750208,3.997,6.88,否,1.67,6.279,8.353,5.954,2.739,否,802842690,389873550,11279939794.5,5477723377.5,80.17625,5.256289,8.616459,13.3,13.14,13.11,13.09,13.88,13.95,11.79,2012-02-17,-
2016-11-16,2654,万润科技,文化传媒,13.9,14.28,13.66,13.91,13.66,23232515,327593824.0,5.958987,0.214,4.41,否,1.43,4.823,4.744,7.579,4.823,否,802842690,389873550,11304025075.2,5489419584.0,80.347445,5.267513,8.634857,13.49,13.24,13.16,13.12,13.85,13.94,11.82,2012-02-17,-
2016-11-29,2654,万润科技,文化传媒,13.91,14.99,13.68,13.94,13.68,29888065,432826048.0,7.666092,0.213,9.38,否,1.67,4.419,7.562,7.479,6.82,否,802842690,389873550,11328110355.9,5501115790.5,80.518639,5.278736,8.653255,13.67,13.34,13.19,13.16,13.83,13.94,11.86,2012-02-17,-
2016-11-30,2654,万润科技,文化传媒,13.73,13.91,13.34,13.34,13.34,14768028,201340286.0,3.787902,-4.323,4.11,否,0.67,-3.89,2.144,3.411,2.066,否,802842690,389873550,10838376315.0,5263292925.0,77.037678,5.050527,8.27916,13.68,13.38,13.2,13.17,13.79,13.93,11.9,2012-02-17,-
2016-12-01,2654,万润科技,文化传媒,13.24,13.46,13.04,13.05,13.04,12371113,164674798.0,3.173109,-2.148,3.11,否,0.57,-6.183,-1.658,1.874,1.874,否,802842690,389873550,10605551934.9,5150229595.5,75.382794,4.942034,8.101311,13.62,13.4,13.2,13.17,13.74,13.92,11.93,2012-02-17,-
2016-12-02,2654,万润科技,文化传媒,13.06,13.17,12.72,12.77,12.72,10114389,131681684.0,2.594274,-2.12,3.41,否,0.47,-8.393,-4.345,-3.84,-1.084,否,802842690,389873550,10380755981.7,5041065001.5,73.784976,4.837283,7.929595,13.4,13.35,13.18,13.15,13.7,13.91,11.96,2012-02-17,-
2016-12-05,2654,万润科技,文化传媒,12.62,12.86,12.35,12.55,12.35,7095743,90670509.0,1.820011,-1.779,4.02,否,0.39,-5.922,-9.582,-3.164,-2.789,否,802842690,389873550,10196102163.0,4951394085.0,72.472482,4.751237,7.788543,13.13,13.31,13.16,13.12,13.66,13.89,11.99,2012-02-17,-
2016-12-06,2654,万润科技,文化传媒,12.56,12.71,12.56,12.6,12.56,4859101,62013259.0,1.246327,0.394,1.26,否,0.33,-3.448,-9.418,-3.522,-6.389,否,802842690,389873550,10236244297.5,4970887762.5,72.757807,4.769942,7.819207,12.86,13.27,13.14,13.11,13.61,13.87,12.03,2012-02-17,-
2016-12-07,2654,万润科技,文化传媒,12.63,13.03,12.63,12.89,12.63,7825173,101759865.0,2.007105,2.353,3.22,否,0.8,0.94,-7.532,-2.864,-1.377,否,802842690,389873550,10477097104.5,5087849827.5,74.469755,4.882176,8.003188,12.77,13.23,13.13,13.1,13.57,13.87,12.06,2012-02-17,-
2016-12-08,2654,万润科技,文化传媒,12.84,12.89,12.62,12.64,12.62,6576030,84605611.0,1.686708,-1.992,2.15,否,0.78,0.717,-5.247,-5.318,-3.29,否,802842690,389873550,10268358005.1,4986482704.5,72.986067,4.784907,7.843737,12.69,13.16,13.11,13.1,13.53,13.85,12.09,2012-02-17,-
2016-12-09,2654,万润科技,文化传媒,12.58,12.69,12.45,12.47,12.45,5160256,65448427.0,1.323572,-1.329,1.95,否,0.71,-1.032,-4.444,-10.159,-5.459,否,802842690,389873550,10131874747.8,4920204201.0,72.015962,4.721308,7.739481,12.63,13.02,13.08,13.08,13.48,13.82,12.12,2012-02-17,-
2016-12-12,2654,万润科技,文化传媒,12.43,12.57,11.4,11.46,11.4,10534132,127218186.0,2.701936,-8.082,9.35,否,1.67,-11.094,-10.258,-17.613,-11.778,否,802842690,389873550,9312975204.0,4522533180.0,66.195338,4.339712,7.113945,12.41,12.77,13.01,13.03,13.42,13.8,12.15,2012-02-17,-
2016-12-13,2654,万润科技,文化传媒,11.46,11.56,11.02,11.26,11.02,8305384,94322181.0,2.130276,-1.724,4.74,否,1.19,-10.918,-10.279,-19.225,-13.518,否,802842690,389873550,9152406666.0,4444558470.0,65.054039,4.26489,6.991291,12.14,12.5,12.92,12.96,13.36,13.76,12.17,2012-02-17,-
2016-12-14,2654,万润科技,文化传媒,11.24,11.36,11.05,11.07,11.05,5534586,62497223.0,1.419585,-1.667,2.81,否,0.72,-11.227,-12.143,-17.016,-14.385,否,802842690,389873550,8999866554.9,4370482495.5,63.969805,4.193808,6.874769,11.78,12.28,12.83,12.89,13.3,13.73,12.19,2012-02-17,-
2016-12-15,2654,万润科技,文化传媒,10.91,11.68,10.89,11.4,10.89,8751049,100743376.0,2.244586,2.944,7.14,否,1.21,-0.524,-11.559,-12.644,-13.11,否,802842690,389873550,9264804642.6,4499140767.0,65.852948,4.317265,7.077149,11.53,12.11,12.76,12.84,13.27,13.72,12.22,2012-02-17,-
2016-12-16,2654,万润科技,文化传媒,11.27,11.54,11.27,11.4,11.27,5038146,58233051.0,1.292251,0.0,2.34,否,0.66,1.243,-9.81,-10.728,-12.977,否,802842690,389873550,9264804642.6,4499140767.0,65.852948,4.317265,7.077149,11.32,11.97,12.66,12.78,13.23,13.72,12.24,2012-02-17,-
2016-12-19,2654,万润科技,文化传媒,11.37,11.48,11.29,11.29,11.29,3495200,40233004.0,0.896496,-0.953,1.65,否,0.46,1.987,-9.463,-10.04,-12.684,否,802842690,389873550,9176491946.7,4456254676.5,65.225234,4.276113,7.009689,11.28,11.85,12.58,12.72,13.19,13.71,12.27,2012-02-17,-
2016-12-20,2654,万润科技,文化传媒,11.3,11.4,11.13,11.18,11.13,4011097,45513206.0,1.02882,-0.962,2.36,否,0.64,-1.93,-2.443,-11.27,-13.801,否,802842690,389873550,9088179250.8,4413368586.0,64.597519,4.234961,6.942229,11.27,11.71,12.49,12.66,13.15,13.7,12.29,2012-02-17,-
2016-12-21,2654,万润科技,文化传媒,11.22,11.63,11.22,11.38,11.22,6099600,70540828.0,1.564507,1.767,3.62,否,1.14,-0.175,1.066,-11.715,-11.783,否,802842690,389873550,9248747788.8,4491343296.0,65.738818,4.309783,7.064883,11.33,11.56,12.39,12.61,13.12,13.69,12.31,2012-02-17,-
2016-12-22,2654,万润科技,文化传媒,11.4,11.48,11.29,11.38,11.29,4484527,51669674.0,1.150252,0.0,1.65,否,0.82,0.797,2.8,-9.968,-11.163,否,802842690,389873550,9248747788.8,4491343296.0,65.738818,4.309783,7.064883,11.33,11.43,12.29,12.55,13.06,13.67,12.33,2012-02-17,-
2016-12-23,2654,万润科技,文化传媒,11.38,11.45,11.1,11.11,11.1,4350200,49469836.0,1.115798,-2.344,3.04,否,0.94,-0.626,-2.544,-10.906,-16.34,否,802842690,389873550,9031980262.5,4386077437.5,64.198065,4.208773,6.8993,11.27,11.29,12.15,12.48,13.0,13.64,12.35,2012-02-17,-
2016-12-26,2654,万润科技,文化传媒,11.06,11.2,10.89,11.16,10.89,4206454,46900846.0,1.078928,0.444,2.84,否,0.94,-1.933,-2.105,-2.618,-13.889,否,802842690,389873550,9072122397.0,4405571115.0,64.483389,4.227478,6.929963,11.24,11.26,12.02,12.42,12.95,13.63,12.38,2012-02-17,-
2016-12-27,2654,万润科技,文化传媒,11.17,11.19,11.08,11.09,11.08,2842230,31990563.0,0.729013,-0.619,0.97,否,0.61,-2.548,-1.771,-1.51,-15.084,否,802842690,389873550,9015923408.7,4378279966.5,64.083935,4.20129,6.887035,11.22,11.25,11.87,12.36,12.89,13.63,12.4,2012-02-17,-
2016-12-28,2654,万润科技,文化传媒,11.08,11.17,10.93,10.97,10.93,3868233,43118001.0,0.992176,-1.158,2.23,否,0.88,-1.26,-1.878,-0.903,-17.332,否,802842690,389873550,8911553859.0,4327596405.0,63.342091,4.152656,6.807309,11.14,11.24,11.76,12.3,12.84,13.63,12.41,2012-02-17,-
2016-12-29,2654,万润科技,文化传媒,10.87,11.0,10.78,10.78,10.78,5807303,63795039.0,1.489535,-1.712,1.98,否,1.47,-3.405,-5.272,-5.439,-19.251,否,802842690,389873550,8759013747.9,4253520430.5,62.257857,4.081574,6.690788,11.02,11.17,11.64,12.23,12.78,13.63,12.43,2012-02-17,-
2016-12-30,2654,万润科技,文化传媒,10.79,10.96,10.69,10.91,10.69,6399226,70155617.0,1.641359,1.192,2.47,否,1.52,-1.623,-4.13,-4.298,-21.398,否,802842690,389873550,8863383297.6,4304203992.0,62.999701,4.130209,6.770513,10.98,11.13,11.55,12.15,12.71,13.63,12.45,2012-02-17,-
2017-01-03,2654,万润科技,文化传媒,10.91,11.09,10.87,11.05,10.87,5267843,58796448.0,1.135505,1.268,2.08,否,1.14,0.729,-0.54,-2.126,-20.561,否,802842690,463920900,8975781274.2,5186635662.0,63.79861,4.182585,6.856371,10.96,11.1,11.47,12.09,12.63,13.62,12.47,2012-02-17,-
2017-01-04,2654,万润科技,文化传媒,11.05,11.22,11.05,11.14,11.05,5755950,64904320.0,1.240718,0.894,1.61,否,1.19,3.34,-0.179,-0.358,-20.086,否,802842690,463920900,9056065543.2,5233027752.0,64.36926,4.219996,6.917698,10.97,11.1,11.4,12.02,12.56,13.62,12.49,2012-02-17,-
2017-01-05,2654,万润科技,文化传媒,11.15,11.3,11.12,11.2,11.12,5239218,59541993.0,1.129334,0.532,1.6,否,0.97,2.658,0.992,-1.582,-16.042,否,802842690,463920900,9104236104.6,5260863006.0,64.711649,4.242443,6.954494,11.02,11.08,11.32,11.95,12.51,13.61,12.51,2012-02-17,-
2017-01-06,2654,万润科技,文化传媒,11.26,12.32,11.17,12.32,11.17,20381903,247680183.0,4.3934,9.965,10.23,否,3.58,11.493,12.306,8.26,-5.594,是,802842690,463920900,10011448344.3,5785093623.0,71.159988,4.665191,7.647491,11.32,11.17,11.3,11.92,12.49,13.6,12.53,2012-02-17,-
2017-01-09,2654,万润科技,文化传媒,12.86,13.53,12.54,12.74,12.54,35578859,465468912.0,7.669165,3.448,8.1,否,4.13,14.363,18.182,14.671,-0.235,否,802842690,463920900,10356670701.0,5984579610.0,73.613781,4.826059,7.911197,11.69,11.34,11.31,11.88,12.49,13.59,12.55,2012-02-17,-
2017-01-10,2654,万润科技,文化传媒,12.9,12.9,12.02,12.08,12.02,28305221,352624992.0,6.101303,-5.194,6.9,否,1.96,7.857,10.724,8.244,-3.745,否,802842690,463920900,9818766098.7,5673752607.0,69.79043,4.575404,7.500306,11.9,11.43,11.35,11.82,12.47,13.57,12.58,2012-02-17,-
2017-01-11,2654,万润科技,文化传媒,12.04,12.05,11.65,11.75,11.65,15263002,182382131.0,3.290001,-2.78,3.35,否,0.8,-4.627,6.335,5.951,-6.746,否,802842690,463920900,9545799584.1,5516019501.0,67.850221,4.448205,7.291793,12.02,11.49,11.37,11.75,12.45,13.54,12.6,2012-02-17,-
2017-01-12,2654,万润科技,文化传媒,11.85,11.98,11.66,11.92,11.66,11395642,136297840.0,2.456376,1.514,2.78,否,0.54,-6.436,7.002,8.66,-7.525,否,802842690,463920900,9690311268.3,5599525263.0,68.87739,4.515545,7.402182,12.16,11.59,11.41,11.7,12.44,13.5,12.62,2012-02-17,-
2017-01-13,2654,万润科技,文化传媒,11.81,11.9,11.02,11.02,11.02,13009208,150382708.0,2.804187,-7.622,7.46,否,0.59,-8.775,-1.607,2.226,-12.816,否,802842690,463920900,8951695993.5,5172718035.0,63.627415,4.171361,6.837973,11.9,11.61,11.39,11.63,12.4,13.44,12.64,2012-02-17,-
2017-01-16,2654,万润科技,文化传媒,11.02,11.16,9.98,10.65,9.98,11466397,125002476.0,2.471628,-3.318,10.76,否,0.55,-9.362,-13.555,-2.383,-14.595,否,802842690,463920900,8654644198.2,5001067302.0,61.516012,4.032939,6.611063,11.48,11.59,11.36,11.56,12.35,13.38,12.65,2012-02-17,-
2017-01-17,2654,万润科技,文化传媒,10.62,10.62,10.2,10.61,10.2,8182986,86359071.0,1.763875,-0.371,3.99,否,0.52,-10.99,-16.719,-3.982,-7.417,否,802842690,463920900,8622530490.6,4982510466.0,61.287752,4.017975,6.586532,11.19,11.54,11.32,11.5,12.31,13.33,12.67,2012-02-17,-
2017-01-18,2654,万润科技,文化传媒,10.62,10.8,10.49,10.59,10.49,5332921,57537250.0,1.149532,-0.186,2.89,否,0.45,-3.902,-12.334,-4.937,-5.95,否,802842690,463920900,8606473636.8,4973232048.0,61.173623,4.010493,6.574266,10.96,11.49,11.29,11.43,12.27,13.3,12.68,2012-02-17,-
2017-01-19,2654,万润科技,文化传媒,10.6,10.83,10.39,10.62,10.39,5867619,63178271.0,1.264789,0.28,4.1,否,0.59,-0.282,-9.617,-5.179,-4.065,否,802842690,463920900,8630558917.5,4987149675.0,61.344817,4.021716,6.592664,10.7,11.43,11.25,11.35,12.23,13.28,12.69,2012-02-17,-
2017-01-20,2654,万润科技,文化传媒,10.57,10.78,10.52,10.74,10.52,4724441,51232482.0,1.018372,1.116,2.42,否,0.54,1.225,-9.899,-12.825,-5.789,否,802842690,463920900,8726900040.3,5042820183.0,62.029597,4.06661,6.666257,10.64,11.27,11.22,11.29,12.19,13.24,12.71,2012-02-17,-
2017-01-23,2654,万润科技,文化传媒,10.75,11.18,10.75,11.05,10.75,6163352,68637060.0,1.328535,2.852,4.05,否,0.87,4.344,0.272,-13.265,-3.07,否,827787010,463920900,9254658771.8,5186635662.0,65.780833,4.312538,7.069398,10.72,11.1,11.22,11.24,12.16,13.2,12.72,2012-02-17,-
2017-01-24,2654,万润科技,文化传媒,11.05,11.11,10.79,10.81,10.79,4446248,48985970.0,0.958406,-2.147,2.95,否,0.73,1.789,1.502,-10.513,-4.252,否,827787010,463920900,9055989889.4,5075294646.0,64.368722,4.219961,6.91764,10.76,10.98,11.2,11.22,12.13,13.16,12.74,2012-02-17,-
2017-01-25,2654,万润科技,文化传媒,10.76,10.9,10.74,10.87,10.74,2979034,32687245.0,0.642143,0.548,1.46,否,0.56,1.21,2.451,-7.489,-2.773,否,827787010,463920900,9105657110.0,5103129900.0,64.72175,4.243105,6.95558,10.82,10.89,11.19,11.21,12.08,13.14,12.75,2012-02-17,-
2017-01-26,2654,万润科技,文化传媒,10.9,11.05,10.9,11.03,10.9,3136983,34866906.0,0.676189,1.455,1.45,否,0.65,-0.181,4.155,-7.466,-3.076,否,827787010,463920900,9238103031.6,5177357244.0,65.663157,4.304823,7.056752,10.9,10.8,11.19,11.21,12.05,13.12,12.76,2012-02-17,-
2017-02-03,2654,万润科技,文化传媒,11.03,11.11,10.87,10.9,10.87,3245507,35954521.0,0.699582,-1.165,2.24,否,0.76,0.833,2.637,-1.089,-4.218,否,827787010,463920900,9130490720.3,5117047527.0,64.898263,4.254677,6.97455,10.93,10.79,11.2,11.19,12.01,13.11,12.78,2012-02-17,-
2017-02-06,2654,万润科技,文化传媒,10.92,11.07,10.92,11.01,10.92,3245253,36091963.0,0.699527,0.997,1.45,否,0.81,1.288,2.514,3.38,-0.9,否,827787010,463920900,9221547291.4,5168078826.0,65.545481,4.297108,7.044105,10.92,10.82,11.21,11.18,11.98,13.08,12.79,2012-02-17,-
2017-02-07,2654,万润科技,文化传媒,11.08,11.09,10.95,10.99,10.95,3425393,38126279.0,0.738357,-0.18,1.35,否,1.0,-0.363,-0.543,3.582,-1.523,否,827787010,463920900,9204991551.2,5158800408.0,65.427805,4.289393,7.031459,10.96,10.86,11.2,11.17,11.94,13.06,12.81,2012-02-17,-
2017-02-08,2654,万润科技,文化传媒,10.96,11.04,10.89,11.03,10.89,4291027,47595740.0,0.924948,0.36,1.35,否,1.34,1.193,2.035,4.155,-0.541,否,827787010,463920900,9238103031.6,5177357244.0,65.663157,4.304823,7.056752,10.99,10.91,11.2,11.16,11.91,13.05,12.82,2012-02-17,-
2017-02-09,2654,万润科技,文化传媒,11.07,11.95,11.03,11.5,11.03,12240782,142370282.0,2.638549,4.301,8.42,否,3.53,4.45,5.796,8.286,4.831,否,827787010,463920900,9635440796.4,5400039276.0,68.487379,4.489977,7.360268,11.09,10.99,11.21,11.17,11.89,13.04,12.84,2012-02-17,-
2017-02-10,2654,万润科技,文化传媒,11.43,11.46,11.15,11.25,11.15,7299032,83346470.0,1.573335,-2.148,2.66,否,1.38,2.366,1.995,4.749,4.36,否,827787010,463920900,9428494043.9,5284059051.0,67.01643,4.393542,7.202187,11.16,11.04,11.16,11.16,11.86,13.03,12.85,2012-02-17,-
2017-02-13,2654,万润科技,文化传媒,11.48,12.04,11.47,11.76,11.47,13862919,164857539.0,2.988207,4.478,5.09,否,2.27,6.618,7.89,6.425,7.791,否,827787010,463920900,9850665419.0,5520658710.0,65.528355,4.590268,6.270001,11.31,11.12,11.11,11.18,11.83,13.03,12.87,2012-02-17,-
2017-02-14,2654,万润科技,文化传媒,11.66,11.72,11.56,11.63,11.56,6594829,77588445.0,1.421542,-1.092,1.34,否,0.8,1.13,5.631,7.586,5.249,否,827787010,463920900,9743053107.7,5460348993.0,64.812499,4.540122,6.201505,11.43,11.2,11.09,11.2,11.81,13.02,12.88,2012-02-17,-
2017-02-15,2654,万润科技,文化传媒,11.63,11.78,11.32,11.39,11.32,6961256,81304639.0,1.500526,-2.039,3.91,否,0.79,1.244,3.64,4.784,2.244,否,827787010,463920900,9544384225.3,5349007977.0,63.490918,4.447546,6.075051,11.51,11.25,11.07,11.21,11.79,13.0,12.89,2012-02-17,-
2017-02-16,2654,万润科技,文化传媒,11.36,11.36,11.18,11.31,11.18,6343303,72329085.0,1.367324,-0.694,1.56,否,0.68,-3.827,2.539,2.539,0.982,否,827787010,463920900,9478161264.5,5311894305.0,63.050392,4.416687,6.0329,11.47,11.28,11.04,11.22,11.76,12.98,12.91,2012-02-17,-
2017-02-17,2654,万润科技,文化传媒,11.29,11.41,11.2,11.27,11.2,4238928,48384144.0,0.913718,-0.349,1.83,否,0.52,-3.095,-2.0,3.394,-8.523,否,827787010,463920900,9445049784.1,5293337469.0,62.830128,4.401257,6.011824,11.47,11.31,11.05,11.24,11.73,12.94,12.92,2012-02-17,-
2017-02-20,2654,万润科技,文化传媒,11.39,11.63,11.28,11.44,11.28,5721678,66135723.0,1.233331,1.49,3.07,否,0.75,0.439,1.689,3.906,-10.204,否,827787010,463920900,9585773575.8,5372204022.0,63.766248,4.466832,6.101396,11.41,11.36,11.09,11.26,11.7,12.9,12.94,2012-02-17,-
2017-02-21,2654,万润科技,文化传媒,11.37,11.46,11.32,11.44,11.32,4285812,49443576.0,0.923824,0.0,1.21,否,0.72,1.149,-2.721,4.095,-5.298,否,827787010,463920900,9585773575.8,5372204022.0,63.766248,4.466832,6.101396,11.37,11.4,11.13,11.27,11.68,12.85,12.95,2012-02-17,-
2017-02-22,2654,万润科技,文化传媒,11.44,11.61,11.38,11.61,11.38,8287767,96563692.0,1.786461,1.468,1.99,否,1.5,3.017,-0.172,5.258,-1.191,否,827787010,463920900,9726497367.5,5451070575.0,64.702367,4.532408,6.190967,11.41,11.46,11.18,11.28,11.65,12.82,12.97,2012-02-17,-
2017-02-23,2654,万润科技,文化传媒,11.66,11.67,11.46,11.62,11.46,6328815,73987795.0,1.364201,0.085,1.79,否,1.1,1.573,2.019,1.043,-2.517,否,827787010,463920900,9734775237.6,5455709784.0,64.757433,4.536265,6.196236,11.48,11.47,11.23,11.3,11.63,12.79,12.98,2012-02-17,-
2017-02-24,2654,万润科技,文化传媒,11.71,11.79,11.54,11.79,11.54,7889461,93465944.0,1.700605,1.446,2.13,否,1.37,3.059,4.244,4.8,6.987,否,827787010,463920900,9875499029.3,5534576337.0,65.693552,4.60184,6.285808,11.58,11.53,11.29,11.28,11.6,12.76,13.0,2012-02-17,-
2017-02-27,2654,万润科技,文化传媒,11.7,11.89,11.58,11.76,11.58,7707740,91593968.0,1.661434,-0.251,2.68,否,1.19,1.292,4.348,0.0,10.423,否,827787010,463920900,9850665419.0,5520658710.0,65.528355,4.590268,6.270001,11.64,11.53,11.32,11.25,11.56,12.72,13.01,2012-02-17,-
2017-02-28,2654,万润科技,文化传媒,11.74,12.0,11.56,12.0,11.56,9540915,113729546.0,2.056582,2.101,3.78,否,1.38,3.27,4.895,3.181,13.101,否,827787010,463920900,10057612171.5,5636638935.0,66.905001,4.686702,6.401724,11.76,11.56,11.38,11.25,11.53,12.69,13.02,2012-02-17,-
2017-03-01,2654,万润科技,文化传媒,11.95,11.99,11.77,11.81,11.77,6192813,74603427.0,1.334886,-1.646,1.89,否,0.78,0.17,3.234,3.687,11.52,否,827787010,463920900,9892054769.5,5543854755.0,65.803684,4.609555,6.296345,11.8,11.61,11.43,11.25,11.5,12.66,13.03,2012-02-17,-
2017-03-02,2654,万润科技,文化传媒,11.82,11.83,11.55,11.56,11.55,5374463,63404586.0,1.158487,-2.092,2.34,否,0.71,-1.701,-0.431,2.21,8.851,否,827787010,463920900,9685108017.0,5427874530.0,64.427038,4.513121,6.164623,11.78,11.63,11.45,11.24,11.47,12.63,13.03,2012-02-17,-
2017-03-03,2654,万润科技,文化传媒,11.56,11.63,11.45,11.62,11.45,4063945,47485379.0,0.876,0.513,1.54,否,0.55,-3.167,0.0,3.106,8.194,否,827787010,463920900,9734775237.6,5455709784.0,64.757433,4.536265,6.196236,11.75,11.67,11.49,11.26,11.44,12.59,13.04,2012-02-17,-
2017-03-06,2654,万润科技,文化传媒,11.61,11.91,11.61,11.9,11.61,6755422,80329925.0,1.456158,2.466,2.64,否,1.03,0.762,0.933,4.021,7.692,否,827787010,463920900,9974833470.5,5590246845.0,66.354342,4.648129,6.349035,11.78,11.71,11.53,11.3,11.43,12.56,13.05,2012-02-17,-
2017-03-07,2654,万润科技,文化传媒,11.77,11.89,11.66,11.79,11.66,6783507,80561501.0,1.462212,-0.996,1.99,否,1.06,1.99,0.255,3.059,9.066,否,827787010,463920900,9875499029.3,5534576337.0,65.693552,4.60184,6.285808,11.74,11.75,11.57,11.34,11.42,12.54,13.05,2012-02-17,-
2017-03-08,2654,万润科技,文化传媒,11.76,11.76,11.49,11.5,11.49,7262363,85066092.0,1.565431,-2.431,2.26,否,1.24,-1.033,-4.167,-0.947,5.796,否,827787010,463920900,9635440796.4,5400039276.0,64.096643,4.489977,6.133009,11.67,11.74,11.6,11.37,11.4,12.51,13.05,2012-02-17,-
2017-03-09,2654,万润科技,文化传媒,11.44,11.53,11.4,11.46,11.4,3656672,42367532.0,0.78821,-0.344,1.12,否,0.6,-3.697,-2.964,-1.377,3.898,否,827787010,463920900,9602329316.0,5381482440.0,63.876379,4.474547,6.111934,11.65,11.72,11.6,11.39,11.37,12.47,13.05,2012-02-17,-
2017-03-10,2654,万润科技,文化传媒,11.52,11.54,11.36,11.37,11.36,3168106,36693908.0,0.682898,-0.776,1.55,否,0.56,-3.562,-1.644,-3.562,4.312,否,827787010,463920900,9527828485.1,5339729559.0,63.380787,4.439831,6.064513,11.6,11.68,11.6,11.42,11.35,12.44,13.04,2012-02-17,-
2017-03-13,2654,万润科技,文化传媒,11.34,11.41,11.19,11.39,11.19,4066739,46548755.0,0.876602,0.174,1.91,否,0.74,-0.957,-1.979,-3.146,3.451,否,827787010,463920900,9544384225.3,5349007977.0,63.490918,4.447546,6.075051,11.5,11.64,11.58,11.43,11.34,12.41,13.03,2012-02-17,-
2017-03-14,2654,万润科技,文化传媒,11.39,11.51,11.31,11.31,11.31,3324803,38325396.0,0.716675,-0.694,1.73,否,0.67,-1.309,-4.958,-5.75,2.912,否,827787010,463920900,9478161264.5,5311894305.0,63.050392,4.416687,6.0329,11.41,11.57,11.57,11.44,11.33,12.38,13.02,2012-02-17,-
2017-03-15,2654,万润科技,文化传媒,11.24,11.33,11.16,11.2,11.16,3395770,38619116.0,0.731972,-0.961,1.48,否,0.79,-1.495,-5.004,-5.165,1.541,否,827787010,463920900,9387104693.4,5260863006.0,62.444667,4.374256,5.974942,11.35,11.51,11.56,11.45,11.33,12.35,13.01,2012-02-17,-
2017-03-16,2654,万润科技,文化传媒,11.44,11.83,11.32,11.8,11.32,15899470,187959953.0,3.427194,5.291,4.5,否,4.51,3.6,2.609,2.076,2.609,否,827787010,463920900,9883776899.4,5539215546.0,65.748618,4.605698,6.291077,11.41,11.53,11.58,11.48,11.34,12.32,13.0,2012-02-17,-
2017-03-17,2654,万润科技,文化传媒,11.76,11.82,11.57,11.59,11.57,9854478,116767666.0,2.124172,-1.759,2.09,否,1.65,2.476,1.134,-0.258,3.022,否,827787010,463920900,9709941627.3,5441792157.0,64.592235,4.524693,6.180429,11.46,11.53,11.6,11.5,11.35,12.31,12.99,2012-02-17,-
2017-03-20,2654,万润科技,文化传媒,11.47,11.62,11.47,11.54,11.47,4585272,53457408.0,0.988374,-0.426,1.28,否,0.63,3.036,1.495,-3.025,-1.871,否,827787010,463920900,9668552276.8,5418596112.0,64.316906,4.505406,6.154085,11.49,11.5,11.6,11.52,11.35,12.29,12.98,2012-02-17,-
2017-03-21,2654,万润科技,文化传媒,11.54,11.61,11.38,11.49,11.38,4527460,52602083.0,0.975912,-0.428,1.97,否,0.61,-2.627,0.878,-2.545,-1.204,否,827787010,463920900,9627162926.3,5395400067.0,64.041577,4.486119,6.12774,11.52,11.47,11.61,11.54,11.35,12.27,12.97,2012-02-17,-
2017-03-22,2654,万润科技,文化传媒,11.4,11.46,11.26,11.29,11.26,4688900,53738852.0,1.010711,-1.72,1.72,否,0.61,-2.588,-0.177,-1.826,-0.878,否,827787010,463920900,9461605524.3,5302615887.0,62.94026,4.408972,6.022362,11.54,11.44,11.59,11.55,11.35,12.25,12.96,2012-02-17,-
2017-03-23,2654,万润科技,文化传媒,11.3,11.34,11.11,11.22,11.11,4916144,55898523.0,1.059694,-0.612,2.01,否,0.62,-2.773,0.179,-2.094,-0.796,否,827787010,463920900,9403660433.6,5270141424.0,62.554799,4.38197,5.98548,11.43,11.42,11.57,11.54,11.35,12.23,12.94,2012-02-17,-
2017-03-24,2654,万润科技,文化传媒,11.22,11.28,11.16,11.26,11.16,3088621,35083826.0,0.665765,0.352,1.06,否,0.54,-2.002,-4.576,-0.967,-0.089,否,827787010,463920900,9436771914.0,5288698260.0,62.775062,4.3974,6.006555,11.36,11.41,11.54,11.54,11.35,12.21,12.93,2012-02-17,-
2017-03-27,2654,万润科技,文化传媒,11.27,11.33,11.16,11.2,11.16,3458963,39295510.0,0.745593,-0.526,1.49,否,0.79,-0.797,-3.365,-1.668,-2.098,否,827787010,463920900,9387104693.4,5260863006.0,62.444667,4.374256,5.974942,11.29,11.39,11.52,11.52,11.35,12.18,12.91,2012-02-17,-
2017-03-28,2654,万润科技,文化传媒,11.27,11.71,11.27,11.38,11.27,7769579,90495827.0,1.674764,1.587,3.88,否,1.88,1.426,-1.386,0.619,-0.524,否,827787010,463920900,9536106355.2,5344368768.0,63.435853,4.443688,6.069782,11.27,11.4,11.48,11.51,11.36,12.15,12.89,2012-02-17,-
2017-03-29,2654,万润科技,文化传媒,11.38,11.46,11.16,11.27,11.16,4610947,52510501.0,0.993908,-0.955,2.6,否,0.96,0.089,-1.915,0.625,-2.929,否,827787010,463920900,9445049784.1,5293337469.0,62.830128,4.401257,6.011824,11.27,11.4,11.46,11.51,11.36,12.13,12.88,2012-02-17,-
2017-03-30,2654,万润科技,文化传媒,11.22,11.26,10.92,10.95,10.92,5087270,56898458.0,1.096581,-2.892,3.07,否,1.07,-2.232,-3.012,-7.203,-5.766,否,827787010,463920900,9171880070.8,5140243572.0,61.012955,4.273964,5.83795,11.21,11.32,11.43,11.49,11.36,12.1,12.86,2012-02-17,-
2017-03-31,2654,万润科技,文化传媒,11.0,11.26,11.0,11.21,11.0,5069430,57265454.0,1.092736,2.437,2.44,否,1.06,-1.494,-0.089,-3.279,-4.919,否,827787010,463920900,9395382563.5,5265502215.0,62.499733,4.378113,5.980211,11.2,11.28,11.41,11.49,11.37,12.07,12.84,2012-02-17,-
2017-04-05,2654,万润科技,文化传媒,11.21,11.36,11.18,11.28,11.18,3851311,44061367.0,0.830165,0.617,1.59,否,0.74,0.089,0.178,-2.253,-4.082,否,827787010,463920900,9453327654.2,5297976678.0,62.885194,4.405114,6.017093,11.22,11.26,11.38,11.49,11.37,12.04,12.82,2012-02-17,-
2017-04-06,2654,万润科技,文化传媒,11.28,11.36,11.27,11.27,11.27,3480729,39817131.0,0.750285,-0.088,0.79,否,0.66,2.922,0.625,-1.915,-6.083,否,827787010,463920900,9445049784.1,5293337469.0,62.830128,4.401257,6.011824,11.2,11.23,11.35,11.48,11.38,12.0,12.8,2012-02-17,-
2017-04-07,2654,万润科技,文化传媒,11.27,11.45,11.16,11.41,11.16,5926296,67839675.0,1.277437,1.227,2.54,否,1.34,1.784,0.264,1.063,-3.387,否,827787010,463920900,9560939965.5,5358286395.0,63.60105,4.45526,6.085589,11.22,11.25,11.34,11.47,11.38,11.97,12.79,2012-02-17,-
2017-04-10,2654,万润科技,文化传媒,11.41,11.51,11.28,11.43,11.28,4973182,57436437.0,1.071989,0.173,1.99,否,1.06,1.33,1.42,1.872,-1.125,否,827787010,463920900,9577495705.7,5367564813.0,63.711182,4.462975,6.096127,11.32,11.27,11.34,11.47,11.38,11.95,12.78,2012-02-17,-
2017-04-11,2654,万润科技,文化传媒,11.46,11.61,11.31,11.31,11.31,7232896,83895342.0,1.55908,-1.037,2.59,否,1.55,0.355,3.288,0.444,-2.668,否,827787010,463920900,9478161264.5,5311894305.0,63.050392,4.416687,6.0329,11.34,11.27,11.34,11.45,11.37,11.93,12.77,2012-02-17,-
2017-04-12,2654,万润科技,文化传媒,11.28,11.31,11.02,11.28,11.02,5763817,65102246.0,1.242414,-0.262,2.62,否,1.13,-1.139,0.624,0.714,-5.21,否,827787010,463920900,9453327654.2,5297976678.0,62.885194,4.405114,6.017093,11.34,11.28,11.33,11.44,11.34,11.92,12.76,2012-02-17,-
2017-04-13,2654,万润科技,文化传媒,11.19,11.25,11.11,11.13,11.11,3315503,37421540.0,0.71467,-1.313,1.23,否,0.61,-2.625,-1.33,-2.197,-5.598,否,827787010,463920900,9329159602.7,5228388543.0,62.059206,4.347254,5.93806,11.31,11.25,11.33,11.41,11.33,11.9,12.76,2012-02-17,-
2017-04-14,2654,万润科技,文化传媒,11.16,11.2,11.0,11.02,11.0,2491823,27857950.0,0.537122,-1.065,1.86,否,0.46,-2.564,-2.218,-2.218,-4.174,否,827787010,463920900,9229825161.5,5172718035.0,61.398416,4.300966,5.874833,11.23,11.23,11.32,11.38,11.31,11.88,12.76,2012-02-17,-
2017-04-17,2654,万润科技,文化传媒,11.02,11.06,10.87,10.93,10.87,2300020,25432575.0,0.495778,-0.807,1.79,否,0.48,-3.103,-4.207,-0.183,-4.625,否,827787010,463920900,9155324330.6,5130965154.0,60.902824,4.266249,5.827413,11.13,11.23,11.27,11.36,11.3,11.87,12.75,2012-02-17,-
2017-04-18,2654,万润科技,文化传媒,10.88,11.16,10.77,10.77,10.77,3557451,39374777.0,0.766823,-1.447,3.62,否,0.84,-3.235,-5.774,-3.925,-5.277,否,827787010,463920900,9022878409.0,5056737810.0,62.961838,4.154009,5.746416,11.03,11.18,11.23,11.33,11.29,11.85,12.76,2012-02-17,-
2017-04-19,2654,万润科技,文化传媒,10.78,10.83,10.08,10.31,10.08,7330195,76327030.0,1.580053,-4.22,6.97,否,2.1,-6.443,-8.842,-8.599,-9.482,否,827787010,463920900,8642096384.4,4843334196.0,60.304733,3.978702,5.503907,10.83,11.09,11.17,11.28,11.29,11.82,12.76,2012-02-17,-
2017-04-20,2654,万润科技,文化传媒,10.36,10.4,10.08,10.12,10.08,4326112,44643642.0,0.932511,-1.916,3.16,否,1.14,-7.411,-10.284,-10.204,-10.522,否,827787010,463920900,8476538982.4,4750550016.0,59.149469,3.902482,5.398468,10.63,10.97,11.1,11.22,11.28,11.79,12.77,2012-02-17,-
2017-04-21,2654,万润科技,文化传媒,10.12,10.27,10.1,10.16,10.1,2049537,21087158.0,0.441748,0.391,1.76,否,0.51,-5.664,-8.715,-10.955,-9.286,否,827787010,463960900,8509650462.8,4769518052.0,59.380522,3.917726,5.419555,10.46,10.85,11.05,11.18,11.27,11.77,12.77,2012-02-17,-
2017-04-24,2654,万润科技,文化传媒,10.13,10.13,9.62,9.72,9.62,3097752,30812082.0,0.667675,-4.28,4.96,否,0.79,-5.723,-11.797,-14.961,-17.627,否,827787010,463960900,8145424178.4,4565375256.0,56.838943,3.750041,5.18759,10.22,10.68,10.97,11.12,11.26,11.74,12.78,2012-02-17,-
2017-04-25,2654,万润科技,文化传媒,9.72,9.85,9.69,9.72,9.69,2244576,22148546.0,0.479965,0.0,1.63,否,0.55,-3.953,-11.07,-14.058,-16.135,否,827787010,467654345,8145424178.4,4601718754.8,56.838943,3.750041,5.18759,10.01,10.52,10.89,11.07,11.24,11.72,12.78,2012-02-17,-
2017-04-26,2654,万润科技,文化传媒,9.74,9.87,9.7,9.73,9.7,2308449,22853001.0,0.493623,0.102,1.73,否,0.61,-4.232,-9.656,-13.741,-15.685,否,827787010,467654345,8153702048.5,4606395298.25,50.525662,3.23303,4.41099,9.89,10.36,10.82,11.01,11.22,11.69,12.78,2012-02-17,-
2017-04-27,2654,万润科技,文化传媒,9.8,9.8,9.41,9.67,9.41,3859507,37370330.0,0.825291,-0.609,3.96,否,1.38,-0.514,-6.208,-13.118,-15.84,否,827787010,467654345,8104034827.9,4578336037.55,50.217892,3.213337,4.384121,9.8,10.22,10.73,10.96,11.2,11.66,12.78,2012-02-17,-
2017-04-28,2654,万润科技,文化传媒,9.66,9.76,9.54,9.71,9.54,2746335,26907033.0,0.587257,0.409,2.25,否,1.01,-0.103,-4.051,-11.887,-13.995,否,827787010,467654345,8137146308.3,4597042211.35,50.423072,3.226466,4.402033,9.71,10.08,10.66,10.91,11.18,11.63,12.77,2012-02-17,-
2017-05-02,2654,万润科技,文化传媒,9.67,9.73,9.56,9.58,9.56,2799621,27283901.0,0.598652,-1.322,1.73,否,0.98,-1.542,-5.709,-12.351,-14.617,否,827787010,467654345,8029533997.0,4536247146.5,49.756236,3.183796,4.343817,9.68,9.95,10.59,10.83,11.16,11.6,12.77,2012-02-17,-
2017-05-03,2654,万润科技,文化传媒,9.59,9.72,9.58,9.72,9.58,3219131,31442393.0,0.688357,1.443,1.44,否,1.15,0.517,0.0,-9.749,-13.677,否,827787010,467654345,8145424178.4,4601718754.8,50.474367,3.229748,4.406512,9.68,9.84,10.51,10.77,11.14,11.58,12.76,2012-02-17,-
2017-05-04,2654,万润科技,文化传媒,9.73,9.74,9.59,9.67,9.59,3291200,32296516.0,0.703768,-0.508,1.52,否,1.1,-0.412,-0.514,-6.208,-13.661,否,827787010,467654345,8104034827.9,4578336037.55,50.217892,3.213337,4.384121,9.67,9.78,10.43,10.71,11.11,11.55,12.75,2012-02-17,-
2017-05-05,2654,万润科技,文化传媒,9.67,9.72,9.26,9.26,9.26,4908942,47064273.0,1.049695,-4.29,4.8,否,1.54,-3.34,-4.83,-8.498,-18.629,否,827787010,467654345,7756364283.7,4381921212.65,48.063498,3.075481,4.196038,9.59,9.69,10.33,10.63,11.09,11.51,12.74,2012-02-17,-
2017-05-08,2654,万润科技,文化传媒,9.19,9.19,8.9,8.98,8.9,4486137,41011201.0,0.889772,-2.988,3.09,否,1.32,-7.613,-7.135,-11.614,-20.319,否,827787010,504189648,7524583920.9,4583083900.32,46.627236,2.983578,4.070649,9.44,9.58,10.21,10.56,11.05,11.48,12.72,2012-02-17,-
2017-05-09,2654,万润科技,文化传媒,9.11,9.26,8.98,9.21,8.98,3542362,32900460.0,0.702585,2.53,3.08,否,0.95,-4.757,-5.149,-5.247,-15.89,否,827787010,504189648,7714974933.2,4699047519.36,47.807023,3.05907,4.173647,9.37,9.53,10.1,10.49,11.01,11.45,12.71,2012-02-17,-
2017-09-18,2654,万润科技,文化传媒,10.13,10.13,10.13,10.13,10.13,1358364,13868896.44,0.269415,10.022,0.0,否,0.35,9.395,5.741,4.218,-9.634,是,827787010,504189648,8451705372.1,5147776306.08,54.157805,3.3269,3.727278,9.45,9.57,10.04,10.45,10.99,11.43,12.7,2012-02-17,-
2017-09-19,2654,万润科技,文化传媒,11.11,11.11,10.36,10.4,10.36,31430833,337824469.38,6.233931,2.644,7.44,否,8.94,15.813,6.996,6.886,-7.801,否,827787010,504189648,8675207864.8,5283907511.04,55.589989,3.414879,3.825844,9.6,9.63,10.0,10.42,10.97,11.4,12.69,2012-02-17,-
2017-09-20,2654,万润科技,文化传媒,9.97,10.21,9.96,10.05,9.96,17370205,175891980.62,3.445173,-3.34,2.39,否,1.9,9.121,3.93,3.93,-10.825,否,827787010,504189648,8385482411.3,5107441134.24,53.733454,3.300832,3.698073,9.75,9.67,9.94,10.38,10.95,11.38,12.68,2012-02-17,-
2017-09-21,2654,万润科技,文化传媒,10.01,10.05,9.53,9.53,9.53,15897005,155880276.99,3.152981,-5.133,5.23,否,1.37,-5.923,2.916,-1.854,-16.477,否,827787010,504189648,7955033166.1,4845262517.28,50.975172,3.131391,3.508241,9.86,9.65,9.87,10.32,10.91,11.35,12.67,2012-02-17,-
2017-09-22,2654,万润科技,文化传媒,9.52,9.67,9.42,9.46,9.42,7205070,69418610.25,1.42904,-0.832,2.71,否,0.52,-9.038,5.345,-1.253,-17.235,否,827787010,504189648,7888810205.3,4804927345.44,50.550821,3.105324,3.479036,9.91,9.64,9.8,10.27,10.88,11.32,12.66,2012-02-17,-
2017-09-25,2654,万润科技,文化传媒,9.43,9.51,9.04,9.06,9.04,9342891,86782121.27,1.853051,-4.197,4.93,否,0.64,-9.851,-1.629,-6.79,-19.894,否,827787010,504189648,7557695401.3,4603251486.24,48.429065,2.974985,3.333011,9.7,9.58,9.71,10.2,10.85,11.29,12.65,2012-02-17,-
2017-09-26,2654,万润科技,文化传媒,9.05,9.16,8.87,8.96,8.87,7415225,67349140.0,1.470721,-1.095,3.18,否,0.46,-5.981,-11.55,-7.342,-20.567,否,827787010,504189648,7474916700.3,4552832521.44,47.898626,2.9424,3.296505,9.41,9.5,9.64,10.12,10.81,11.25,12.64,2012-02-17,-
2017-09-27,2654,万润科技,文化传媒,8.94,9.12,8.93,9.07,8.93,5106200,46357353.0,1.012754,1.218,2.1,否,0.45,-4.123,-12.788,-2.052,-18.509,否,827787010,504189648,7565973271.4,4608293382.72,48.482109,2.978243,3.336662,9.22,9.49,9.59,10.05,10.77,11.22,12.63,2012-02-17,-
2017-09-28,2654,万润科技,文化传媒,9.03,9.1,8.91,8.91,8.91,4404868,39904952.48,0.873653,-1.751,2.08,否,0.49,-1.656,-11.343,-0.78,-19.147,否,827787010,504189648,7433527349.8,4527623039.04,47.633407,2.926108,3.278252,9.09,9.48,9.53,9.97,10.72,11.19,12.62,2012-02-17,-
2017-09-29,2654,万润科技,文化传媒,8.94,9.02,8.89,8.92,8.89,4573576,41179887.72,0.907114,0.111,1.45,否,0.68,-0.446,-6.401,-3.149,-18.39,否,827787010,504189648,7441805219.9,4532664935.52,47.686451,2.929366,3.281903,8.98,9.45,9.49,9.88,10.68,11.15,12.61,2012-02-17,-
2017-10-09,2654,万润科技,文化传媒,9.01,9.13,8.96,9.1,8.96,5426284,49578987.05,1.076239,2.002,1.89,否,0.88,0.331,-3.805,-10.168,-15.506,否,827787010,504189648,7590806881.7,4623419072.16,48.641241,2.988019,3.347614,8.99,9.35,9.46,9.81,10.63,11.12,12.6,2012-02-17,-
2017-10-10,2654,万润科技,文化传媒,8.93,9.02,8.69,9.02,8.69,10911658,97574594.97,2.164197,-0.872,3.6,否,2.03,1.235,-0.442,-13.269,-12.512,否,827787010,504189648,7524583920.9,4583083900.32,48.21689,2.961951,3.318409,9.0,9.21,9.42,9.73,10.59,11.08,12.59,2012-02-17,-
2017-10-11,2654,万润科技,文化传媒,9.01,9.92,8.95,9.56,8.95,20758050,198890996.8,4.117112,6.051,10.78,否,3.41,7.175,6.696,-4.876,-5.534,否,827787010,504189648,7979866776.4,4860388206.72,51.134303,3.141167,3.519193,9.1,9.16,9.42,9.68,10.54,11.04,12.57,2012-02-17,-
2017-10-12,2654,万润科技,文化传媒,9.37,9.51,9.27,9.37,9.27,8876478,83606408.4,1.760543,-2.075,2.49,否,0.96,2.967,3.308,-1.679,-7.776,否,827787010,504189648,7814309374.4,4759550277.12,50.073426,3.075997,3.44618,9.19,9.14,9.4,9.63,10.5,11.0,12.56,2012-02-17,-
2017-10-13,2654,万润科技,文化传媒,9.37,9.37,9.14,9.23,9.14,5892108,54927770.3,1.168629,-1.483,2.44,否,0.58,2.328,3.591,-2.431,-5.041,否,827787010,504189648,7698419193.0,4688963726.4,49.330811,3.030379,3.395072,9.26,9.12,9.38,9.57,10.47,10.97,12.54,2012-02-17,-
2017-10-16,2654,万润科技,文化传媒,9.23,9.38,9.01,9.01,9.01,6285516,57946449.72,1.246657,-2.366,3.98,否,0.61,-5.753,1.009,-0.552,-7.305,否,827787010,504189648,7516306050.8,4578042003.84,48.163846,2.958692,3.314758,9.24,9.12,9.35,9.51,10.42,10.93,12.52,2012-02-17,-
2017-10-17,2654,万润科技,文化传媒,8.99,9.03,8.85,8.96,8.85,4265540,38509075.8,0.846019,-0.551,1.98,否,0.4,-4.376,-1.538,0.0,-7.914,否,827787010,504189648,7474916700.3,4552832521.44,47.898626,2.9424,3.296505,9.23,9.12,9.31,9.47,10.37,10.9,12.5,2012-02-17,-
2017-10-18,2654,万润科技,文化传媒,8.99,9.04,8.85,8.88,8.85,4002715,36083166.08,0.793891,-0.886,2.1,否,0.43,-3.792,-1.552,-2.095,-8.17,否,827787010,504189648,7408693739.5,4512497349.6,47.474275,2.916332,3.2673,9.09,9.1,9.29,9.43,10.32,10.87,12.48,2012-02-17,-
2017-10-19,2654,万润科技,文化传媒,8.88,8.94,8.69,8.7,8.69,4603500,40705999.94,0.913049,-2.011,2.79,否,0.78,-3.441,-8.996,-2.357,-10.402,否,827787010,504189648,7259692077.7,4421743212.96,46.519485,2.85768,3.201589,8.96,9.08,9.28,9.38,10.28,10.84,12.45,2012-02-17,-
2017-10-20,2654,万润科技,文化传媒,8.7,8.84,8.69,8.83,8.69,2357595,20901041.35,0.467601,1.482,1.71,否,0.47,-1.451,-5.763,-1.009,-7.829,否,827787010,504189648,7367304389.0,4487287867.2,47.209056,2.90004,3.249047,8.88,9.07,9.26,9.35,10.23,10.8,12.42,2012-02-17,-
2017-10-23,2654,万润科技,文化传媒,8.84,8.92,8.78,8.87,8.78,2769766,24671777.9,0.54935,0.449,1.57,否,0.64,-0.113,-3.9,-2.527,-8.745,否,827787010,504189648,7400415869.4,4507455453.12,47.421231,2.913074,3.26365,8.85,9.04,9.19,9.32,10.19,10.77,12.4,2012-02-17,-
2017-10-24,2654,万润科技,文化传媒,8.87,8.87,8.69,8.82,8.69,3201481,28299389.9,0.634976,-0.559,2.01,否,0.89,1.379,-2.109,-2.217,-8.79,否,827787010,504189648,7359026518.9,4482245970.72,47.156012,2.896782,3.245397,8.82,9.02,9.12,9.29,10.15,10.74,12.37,2012-02-17,-
2017-10-25,2654,万润科技,文化传媒,8.81,8.84,8.76,8.83,8.76,3137179,27850292.52,0.622222,0.112,0.9,否,0.93,0.0,-1.451,-7.636,-4.644,否,827787010,504189648,7367304389.0,4487287867.2,47.209056,2.90004,3.249047,8.81,8.95,9.05,9.26,10.11,10.72,12.35,2012-02-17,-
2017-10-26,2654,万润科技,文化传媒,8.8,8.88,8.72,8.88,8.72,5070291,44917669.92,1.005632,0.562,1.8,否,1.58,0.113,0.0,-5.229,-1.114,否,827787010,504189648,7408693739.5,4512497349.6,47.474275,2.916332,3.2673,8.85,8.9,9.02,9.23,10.07,10.7,12.33,2012-02-17,-
2017-10-27,2654,万润科技,文化传媒,8.85,8.9,8.74,8.75,8.74,3325832,29523280.09,0.659639,-1.453,1.79,否,1.01,-0.794,0.575,-5.2,-4.995,否,827787010,504189648,7301081428.2,4446952695.36,46.36159,2.81252,2.800093,8.83,8.85,8.99,9.2,10.02,10.68,12.3,2012-02-17,-
2017-10-30,2654,万润科技,文化传媒,8.76,8.8,8.11,8.14,8.11,9268191,77378427.75,1.838235,-7.029,7.94,否,2.65,-7.814,-7.814,-9.656,-19.645,否,827787010,504189648,6787853482.0,4134355113.6,43.102612,2.614815,2.603261,8.68,8.77,8.94,9.15,9.96,10.65,12.28,2012-02-17,-
2017-10-31,2654,万润科技,文化传媒,8.15,8.24,8.12,8.18,8.12,3068655,25272374.49,0.608631,0.488,1.46,否,0.64,-7.883,-7.779,-8.705,-21.346,否,827787010,504189648,6820964962.4,4154522699.52,43.312868,2.62757,2.61596,8.56,8.69,8.9,9.1,9.9,10.63,12.25,2012-02-17,-
2017-11-01,2654,万润科技,文化传媒,8.18,8.24,8.11,8.13,8.11,3305417,27175883.25,0.65559,-0.607,1.58,否,0.69,-7.086,-7.823,-8.446,-19.104,否,827787010,504189648,6779575611.9,4129313217.12,43.050048,2.611626,2.600086,8.42,8.61,8.85,9.06,9.85,10.6,12.23,2012-02-17,-
2017-11-02,2654,万润科技,文化传媒,8.15,8.18,7.91,7.95,7.91,4437150,35647961.41,0.880056,-2.198,3.3,否,0.92,-2.334,-9.966,-8.621,-16.579,否,827787010,504189648,6630573950.1,4038559080.48,42.103893,2.554228,2.542942,8.23,8.54,8.81,9.03,9.79,10.57,12.2,2012-02-17,-
2017-11-03,2654,万润科技,文化传媒,7.95,8.02,7.62,7.64,7.62,5144900,40255949.0,1.02043,-3.87,4.99,否,1.1,-6.601,-13.964,-13.477,-19.239,否,827787010,504189648,6373959977.0,3882260289.6,40.474404,2.455375,2.444526,8.01,8.42,8.74,8.98,9.73,10.54,12.18,2012-02-17,-
2017-11-06,2654,万润科技,文化传媒,7.66,7.87,7.66,7.84,7.66,3863212,30301129.41,0.766222,2.597,2.73,否,0.77,-3.567,-10.4,-11.612,-13.466,否,827787010,504189648,6539517379.0,3983098219.2,41.525687,2.519151,2.50802,7.95,8.32,8.68,8.9,9.68,10.51,12.15,2012-02-17,-
2017-11-07,2654,万润科技,文化传媒,7.84,7.88,7.7,7.76,7.7,3345405,26157091.05,0.663521,-1.013,2.28,否,0.84,-2.39,-4.668,-12.018,-13.393,否,827787010,504189648,6473294418.2,3942763047.36,41.105174,2.49364,2.482622,7.86,8.21,8.62,8.81,9.62,10.49,12.12,2012-02-17,-
2017-11-08,2654,万润科技,文化传媒,7.7,7.94,7.7,7.83,7.7,4361655,34372578.23,0.865082,0.895,3.07,否,1.09,2.487,-4.279,-11.325,-13.671,否,827787010,504189648,6531239508.9,3978056322.72,41.473123,2.515962,2.504845,7.8,8.11,8.53,8.74,9.56,10.46,12.09,2012-02-17,-
2017-11-09,2654,万润科技,文化传媒,7.84,7.9,7.77,7.89,7.77,3241180,25615120.26,0.642849,0.76,1.65,否,0.77,0.638,-2.952,-11.149,-11.448,否,827787010,504189648,6580906729.5,4008307701.6,41.788508,2.535095,2.523893,7.79,8.01,8.46,8.69,9.5,10.43,12.06,2012-02-17,-
2017-11-10,2654,万润科技,文化传媒,7.88,8.41,7.87,8.03,7.87,10668400,87741331.8,2.11595,1.761,6.92,否,2.67,3.479,1.006,-8.229,-9.978,否,827787010,504189648,6696796910.9,4078894252.32,42.524406,2.579738,2.568339,7.87,7.94,8.4,8.64,9.45,10.41,12.04,2012-02-17,-
2017-11-13,2654,万润科技,文化传媒,7.94,8.02,7.86,7.93,7.86,4290479,34253273.63,0.850965,-1.236,1.98,否,0.84,1.277,3.796,-2.58,-12.857,否,827787010,504189648,6614018209.9,4028475287.52,41.998764,2.54785,2.536592,7.89,7.92,8.34,8.6,9.4,10.38,12.02,2012-02-17,-
2017-11-14,2654,万润科技,文化传媒,7.94,7.94,7.72,7.76,7.72,4458394,34991173.4,0.884269,-2.128,2.75,否,0.86,-1.648,-1.02,-5.134,-13.969,否,827787010,504189648,6473294418.2,3942763047.36,41.105174,2.49364,2.482622,7.89,7.88,8.28,8.56,9.34,10.36,12.0,2012-02-17,-
2017-11-15,2654,万润科技,文化传媒,7.74,7.82,7.66,7.79,7.66,3271972,25493802.68,0.648957,0.384,2.05,否,0.61,-2.989,0.387,-4.182,-18.515,否,827787010,504189648,6498128028.5,3957888736.8,41.262866,2.503207,2.492146,7.88,7.84,8.23,8.52,9.28,10.33,11.98,2012-02-17,-
2017-11-16,2654,万润科技,文化传媒,7.86,7.86,7.7,7.75,7.7,2860050,22419481.03,0.567257,-0.51,2.04,否,0.55,-2.27,-1.022,-2.516,-17.289,否,827787010,504189648,6465016548.1,3937721150.88,41.052609,2.490452,2.479447,7.85,7.82,8.18,8.48,9.22,10.3,11.96,2012-02-17,-
2017-11-17,2654,万润科技,文化传媒,7.81,7.81,7.27,7.27,7.27,6307900,47346826.5,1.251097,-6.146,6.91,否,1.23,-6.314,-7.858,-4.843,-21.235,否,827787010,504189648,6067678783.3,3695710119.84,38.52953,2.337389,2.327061,7.7,7.79,8.1,8.42,9.15,10.27,11.94,2012-02-17,-
2017-11-20,2654,万润科技,文化传媒,7.24,7.26,7.0,7.2,7.0,5047300,36067588.34,1.001072,-0.955,3.55,否,1.19,-7.574,-10.336,-8.163,-20.089,否,827787010,504189648,6009733692.6,3660416844.48,38.161581,2.315068,2.304839,7.55,7.72,8.02,8.36,9.08,10.23,11.92,2012-02-17,-
2017-11-21,2654,万润科技,文化传媒,7.19,7.23,7.01,7.06,7.01,3946700,28298306.0,0.782781,-1.928,3.03,否,0.9,-8.903,-10.971,-9.021,-21.205,否,827787010,504189648,5893843511.2,3589830293.76,37.425682,2.270425,2.260393,7.41,7.65,7.93,8.29,9.01,10.18,11.89,2012-02-17,-
2017-11-22,2654,万润科技,文化传媒,7.1,7.13,6.91,6.95,6.91,4535900,32032908.0,0.899642,-1.685,3.23,否,1.06,-4.402,-10.438,-11.239,-21.734,否,827787010,504189648,5794509070.0,3529327536.0,36.794912,2.232159,2.222296,7.25,7.56,7.84,8.21,8.94,10.14,11.86,2012-02-17,-
2017-11-23,2654,万润科技,文化传媒,6.91,7.03,6.82,6.84,6.82,4347403,30374511.97,0.862256,-1.571,3.14,否,0.96,-5.0,-12.195,-13.308,-21.379,否,827787010,504189648,5703452498.9,3473866674.72,36.216707,2.197082,2.187374,7.06,7.46,7.73,8.12,8.88,10.09,11.85,2012-02-17,-
2017-11-24,2654,万润科技,文化传媒,6.82,6.91,6.77,6.88,6.77,3395320,23457331.62,0.673421,0.581,2.03,否,0.7,-2.55,-11.226,-14.321,-22.084,否,827787010,504189648,5736563979.3,3494034260.64,36.426963,2.209837,2.200073,6.99,7.34,7.64,8.05,8.81,10.05,11.83,2012-02-17,-
2017-11-27,2654,万润科技,文化传媒,6.9,7.03,6.84,7.01,6.84,4114990,28852558.5,0.816159,2.02,2.89,否,0.97,0.863,-3.576,-11.602,-20.97,否,827787010,504189648,5852454160.7,3564620811.36,37.162862,2.254481,2.244519,6.95,7.25,7.58,7.98,8.74,10.02,11.82,2012-02-17,-
2017-11-28,2654,万润科技,文化传媒,7.01,7.1,6.96,7.09,6.96,4494081,31894302.54,0.891347,1.132,2.12,否,1.1,3.655,-1.528,-8.634,-19.615,否,827787010,504189648,5918677121.5,3604955983.2,37.583375,2.279991,2.269917,6.95,7.18,7.53,7.92,8.69,9.99,11.8,2012-02-17,-
2017-11-29,2654,万润科技,文化传媒,7.06,7.12,6.88,6.97,6.88,3963170,27868469.1,0.786047,-1.818,3.5,否,0.95,1.308,-1.275,-10.526,-21.065,否,827787010,504189648,5811064810.2,3539411328.96,36.900041,2.238537,2.228645,6.96,7.1,7.47,7.85,8.64,9.96,11.78,2012-02-17,-
2017-11-30,2654,万润科技,文化传媒,6.93,7.09,6.88,7.01,6.88,3234699,22827020.63,0.641564,0.712,3.13,否,0.8,0.0,0.863,-9.548,-21.059,否,827787010,504189648,5852454160.7,3564620811.36,37.162862,2.254481,2.244519,6.99,7.03,7.43,7.8,8.59,9.93,11.76,2012-02-17,-
2017-12-01,2654,万润科技,文化传媒,6.96,7.07,6.93,7.06,6.93,3628275,25683785.49,0.719625,0.707,2.12,否,0.94,-0.423,3.216,-2.889,-19.314,否,827787010,504189648,5893843511.2,3589830293.76,37.425682,2.270425,2.260393,7.03,7.01,7.4,7.74,8.54,9.9,11.74,2012-02-17,-
2017-12-04,2654,万润科技,文化传媒,7.02,7.07,6.92,6.92,6.92,3381467,23786138.69,0.670674,-2.107,2.25,否,0.87,-0.717,0.581,-3.889,-14.988,否,827787010,504189648,5769675459.7,3514201846.56,36.63722,2.222593,2.212772,7.01,6.98,7.35,7.67,8.5,9.87,11.71,2012-02-17,-
2017-12-05,2654,万润科技,文化传媒,6.9,6.9,6.28,6.48,6.28,7689588,50973571.49,1.525138,-6.313,8.9,否,2.06,-7.561,-7.561,-8.215,-20.782,否,827787010,504189648,5405449175.3,3292358401.44,34.324397,2.082285,2.073085,6.89,6.92,7.29,7.59,8.44,9.83,11.68,2012-02-17,-
2017-12-06,2654,万润科技,文化传媒,6.45,6.54,6.35,6.52,6.35,3407126,22164432.95,0.675763,0.613,2.91,否,0.78,-7.649,-8.039,-6.187,-19.803,否,827787010,504189648,5438560655.7,3312525987.36,34.534654,2.095041,2.085784,6.8,6.88,7.22,7.52,8.39,9.79,11.65,2012-02-17,-
2017-12-14,2654,万润科技,文化传媒,7.17,7.17,7.17,7.17,7.17,3313549,23956959.27,0.657203,10.046,0.0,否,0.78,3.613,2.869,4.825,-9.811,是,827787010,504189648,5984900082.3,3645291155.04,38.003888,2.305501,2.295314,6.83,6.91,7.18,7.46,8.35,9.76,11.62,2012-02-17,-
2017-12-15,2654,万润科技,文化传媒,7.74,7.74,7.31,7.31,7.31,27880821,211012184.4,5.529828,1.936,5.95,否,6.51,12.809,4.28,6.25,-4.319,否,827787010,504189648,6100790263.7,3715877705.76,38.739786,2.350145,2.33976,6.88,6.95,7.15,7.41,8.31,9.73,11.58,2012-02-17,-
2017-12-18,2654,万润科技,文化传媒,7.24,7.31,6.8,6.93,6.8,13239530,92887802.41,2.625903,-5.292,7.06,否,1.45,6.288,-1.841,-1.141,-11.607,否,827787010,504189648,5777953329.8,3519243743.04,36.689784,2.225781,2.215947,6.88,6.95,7.1,7.37,8.26,9.7,11.54,2012-02-17,-
2017-12-19,2654,万润科技,文化传媒,6.99,7.22,6.95,7.01,6.95,10644677,75991855.65,2.111245,1.289,4.01,否,0.96,-2.232,1.301,-1.128,-9.665,否,827787010,504189648,5852454160.7,3564620811.36,37.162862,2.254481,2.244519,6.99,6.94,7.06,7.33,8.22,9.67,11.49,2012-02-17,-
2017-12-20,2654,万润科技,文化传媒,6.89,6.89,6.53,6.73,6.53,9677225,65435382.52,1.919362,-4.102,5.09,否,0.83,-7.934,3.858,-3.443,-14.049,否,827787010,504189648,5612395927.8,3418405813.44,35.638501,2.162005,2.152452,7.03,6.91,7.01,7.29,8.18,9.63,11.46,2012-02-17,-
2017-12-21,2654,万润科技,文化传媒,6.62,6.7,6.48,6.66,6.48,6558416,43609572.54,1.300784,-1.032,3.24,否,0.51,-3.896,2.147,-4.993,-15.589,否,827787010,504189648,5554450837.1,3383112538.08,35.270552,2.139684,2.13023,6.93,6.88,6.95,7.24,8.14,9.59,11.43,2012-02-17,-
2017-12-22,2654,万润科技,文化传媒,6.63,6.71,6.5,6.51,6.5,5520622,36543815.3,1.094949,-2.235,3.13,否,0.41,-7.133,-9.205,-7.79,-18.929,否,827787010,504189648,5430282785.6,3307484090.88,34.482089,2.091852,2.082609,6.77,6.82,6.92,7.21,8.09,9.55,11.4,2012-02-17,-
2017-12-25,2654,万润科技,文化传媒,6.48,6.51,6.31,6.32,6.31,5226280,33488111.4,1.03657,-2.896,3.05,否,0.57,-6.092,-13.543,-8.671,-20.303,否,827787010,504189648,5273003253.7,3211688057.76,33.48337,2.031265,2.022289,6.65,6.76,6.87,7.15,8.03,9.51,11.36,2012-02-17,-
2017-12-26,2654,万润科技,文化传媒,6.29,6.42,6.2,6.4,6.2,4199895,26708090.1,0.832999,1.256,3.45,否,0.56,-3.904,-7.648,-1.235,-17.526,否,827787010,504189648,5339226214.5,3252023229.6,33.903884,2.056775,2.047687,6.52,6.76,6.84,7.11,7.96,9.47,11.32,2012-02-17,-
2017-12-27,2654,万润科技,文化传媒,6.35,6.37,6.27,6.3,6.27,4005579,25434659.07,0.794459,-1.55,1.55,否,0.64,-3.226,-10.128,-3.374,-19.127,否,827787010,504189648,5256447513.5,3201604264.8,33.378242,2.024887,2.01594,6.44,6.73,6.81,7.06,7.9,9.42,11.29,2012-02-17,-
2017-12-28,2654,万润科技,文化传媒,6.36,6.36,6.27,6.29,6.27,4253673,27099703.74,0.843665,-0.157,1.42,否,0.83,-0.475,-6.538,-12.273,-18.839,否,827787010,504189648,5248169643.4,3196562368.32,33.325678,2.021698,2.012765,6.36,6.65,6.78,7.01,7.85,9.38,11.26,2012-02-17,-
2017-12-29,2654,万润科技,文化传媒,6.31,6.49,6.29,6.43,6.29,4753246,30561105.08,0.94275,2.208,3.15,否,1.02,0.469,-3.453,-12.038,-11.554,否,827787010,504189648,5364059824.8,3267148919.04,34.061576,2.066341,2.057211,6.35,6.56,6.76,6.95,7.79,9.34,11.23,2012-02-17,-
2018-01-02,2654,万润科技,文化传媒,6.44,6.51,6.38,6.5,6.38,4274447,27812886.01,0.847786,1.08,2.01,否,0.95,3.175,-0.154,-6.205,-9.722,否,827787010,499571048,5422004915.5,3272190364.4,34.429525,2.088663,2.079434,6.38,6.52,6.73,6.9,7.75,9.3,11.21,2012-02-17,-
2018-01-03,2654,万润科技,文化传媒,6.49,6.6,6.46,6.59,6.46,4953857,32703993.71,0.982538,1.374,2.14,否,1.15,4.769,4.272,-5.991,-6.657,否,827787010,499571048,5496505746.4,3317151758.72,34.902603,2.117362,2.108007,6.42,6.47,6.71,6.87,7.71,9.26,11.18,2012-02-17,-
2018-01-04,2654,万润科技,文化传媒,6.59,6.63,6.52,6.61,6.52,4733049,31391326.22,0.938744,0.301,1.66,否,1.06,2.799,3.281,-1.783,-4.892,否,827787010,499571048,5513061486.6,3327143179.68,35.007731,2.12374,2.114356,6.48,6.46,6.69,6.83,7.67,9.22,11.15,2012-02-17,-
2018-01-05,2654,万润科技,文化传媒,6.61,6.67,6.58,6.62,6.58,4255038,28372937.08,0.843936,0.15,1.35,否,0.93,1.846,5.079,-0.601,-3.216,否,827787010,499571048,5521339356.7,3332138890.16,35.060295,2.126929,2.117531,6.55,6.46,6.67,6.79,7.63,9.18,11.13,2012-02-17,-
2018-01-08,2654,万润科技,文化传媒,6.68,6.69,6.51,6.59,6.51,4109148,27251877.55,0.815,-0.45,2.7,否,0.89,0.0,4.769,1.229,-4.215,否,827787010,499571048,5496505746.4,3317151758.72,34.902603,2.117362,2.108007,6.58,6.47,6.64,6.77,7.59,9.14,11.1,2012-02-17,-
2018-01-09,2654,万润科技,文化传媒,6.57,6.59,6.49,6.53,6.49,3400300,22357084.0,0.674409,-0.904,1.51,否,0.76,-1.21,1.555,3.323,-6.847,否,827787010,499571048,5446838525.8,3287177495.84,34.587218,2.098229,2.088958,6.59,6.49,6.63,6.74,7.55,9.09,11.08,2012-02-17,-
2018-01-10,2654,万润科技,文化传媒,6.52,6.53,6.34,6.39,6.34,4106000,26522357.0,0.814376,-2.128,2.89,否,0.96,-3.474,-1.692,-0.156,-9.873,否,827787010,499571048,5330948344.4,3217237549.12,33.851319,2.053586,2.044512,6.55,6.49,6.62,6.72,7.51,9.05,11.06,2012-02-17,-
2018-01-11,2654,万润科技,文化传媒,6.39,6.6,6.3,6.59,6.3,4749015,30926900.69,0.94191,3.106,4.66,否,1.15,0.0,0.0,4.603,-5.452,否,827787010,499571048,5496505746.4,3317151758.72,34.902603,2.117362,2.108007,6.54,6.51,6.62,6.71,7.46,9.0,11.03,2012-02-17,-
2018-01-12,2654,万润科技,文化传媒,6.56,6.73,6.53,6.6,6.53,5522840,36956655.64,1.095389,0.151,3.01,否,1.34,1.072,-0.151,4.928,-5.849,否,881245378,504189648,5860281763.7,3352861159.2,37.212567,2.257496,2.247521,6.54,6.55,6.6,6.7,7.41,8.96,11.01,2012-02-17,-
2018-01-15,2654,万润科技,文化传媒,6.56,6.62,6.26,6.27,6.26,4619032,29753732.42,0.91613,-4.962,5.41,否,1.06,-1.878,-5.287,-2.488,-11.19,否,881245378,504189648,5569470788.96,3186478575.36,35.365928,2.14547,2.13599,6.48,6.53,6.54,6.68,7.36,8.91,10.97,2012-02-17,-
2018-01-16,2654,万润科技,文化传媒,6.3,6.41,6.17,6.35,6.17,2553240,16300325.6,0.506405,1.266,3.8,否,0.57,-3.642,-3.642,-2.308,-8.237,否,881245378,504189648,5639970419.2,3226813747.2,35.813598,2.172628,2.163028,6.44,6.51,6.51,6.66,7.32,8.87,10.94,2012-02-17,-
2018-01-17,2654,万润科技,文化传媒,6.34,6.4,6.21,6.38,6.21,3557860,22582535.28,0.705659,0.469,2.97,否,0.83,-3.333,-2.297,-3.187,-1.543,否,881245378,504189648,5666407780.54,3241939436.64,35.981474,2.182812,2.173167,6.44,6.49,6.48,6.63,7.28,8.82,10.89,2012-02-17,-
2018-01-18,2654,万润科技,文化传媒,6.35,6.4,6.32,6.34,6.32,2990298,19147258.26,0.59309,-0.622,1.24,否,0.71,1.116,-0.782,-4.085,-2.761,否,881245378,504189648,5631157965.42,3221771850.72,35.757639,2.169233,2.159648,6.39,6.47,6.46,6.61,7.23,8.78,10.85,2012-02-17,-
2018-01-19,2654,万润科技,文化传媒,6.35,6.37,6.28,6.32,6.28,2583082,16492772.52,0.512323,-0.313,1.41,否,0.67,-0.472,-4.097,-4.532,-11.855,否,881245378,504189648,5613533057.86,3211688057.76,35.645722,2.162443,2.152889,6.33,6.44,6.45,6.59,7.19,8.74,10.82,2012-02-17,-
2018-01-22,2654,万润科技,文化传媒,6.3,6.42,6.22,6.41,6.22,4286155,27354669.29,0.850108,1.413,3.14,否,1.31,0.47,-2.879,-2.731,-12.312,否,881245378,504189648,5692845141.88,3257065126.08,36.14935,2.192996,2.183306,6.36,6.42,6.44,6.57,7.15,8.69,10.78,2012-02-17,-
2018-01-23,2654,万润科技,文化传媒,6.37,6.5,6.37,6.45,6.37,3663505,23745723.83,0.726612,0.619,2.01,否,1.15,1.735,2.871,-1.225,-6.926,否,881245378,504189648,5728094957.0,3277232712.0,36.373185,2.206575,2.196825,6.38,6.41,6.45,6.55,7.11,8.65,10.74,2012-02-17,-
2018-01-24,2654,万润科技,文化传媒,6.45,6.6,6.36,6.54,6.36,5416272,35429203.83,1.074253,1.385,3.69,否,1.59,3.481,2.992,2.347,-6.705,否,881245378,504189648,5807407041.02,3322609780.32,36.876814,2.237128,2.227243,6.41,6.43,6.46,6.56,7.07,8.61,10.71,2012-02-17,-
2018-01-25,2654,万润科技,文化传媒,6.54,6.85,6.54,6.6,6.54,8909315,60281879.57,1.767056,0.91,4.7,否,2.35,2.964,3.448,0.152,-1.932,否,881245378,504189648,5860281763.7,3352861159.2,37.212567,2.257496,2.247521,6.46,6.43,6.47,6.56,7.04,8.57,10.67,2012-02-17,-
2018-01-26,2654,万润科技,文化传媒,6.55,6.72,6.55,6.6,6.55,5240437,35053841.32,1.039378,0.0,2.56,否,1.05,2.326,4.101,0.0,-0.901,否,881245378,504189648,5860281763.7,3352861159.2,37.212567,2.257496,2.247521,6.52,6.43,6.49,6.54,7.0,8.53,10.63,2012-02-17,-
2018-01-29,2654,万润科技,文化传媒,6.61,6.65,6.34,6.41,6.34,4218832,27533331.4,0.836755,-2.857,4.66,否,0.77,-1.988,1.424,2.233,-1.536,否,881245378,504189648,5692845141.88,3257065126.08,36.14935,2.192996,2.183306,6.52,6.44,6.48,6.51,6.96,8.49,10.6,2012-02-17,-
2018-01-30,2654,万润科技,文化传媒,6.41,6.54,6.39,6.47,6.39,2570200,16734140.0,0.509768,0.929,2.32,否,0.47,-1.97,0.936,1.89,2.373,否,881245378,504189648,5745719864.56,3287316504.96,36.485103,2.213364,2.203585,6.52,6.45,6.48,6.49,6.93,8.45,10.56,2012-02-17,-
2018-01-31,2654,万润科技,文化传媒,6.4,6.43,6.08,6.11,6.08,7645900,47952106.97,1.516473,-5.521,5.37,否,1.45,-7.424,-5.271,-4.232,-4.531,否,881245378,504189648,5428471528.48,3105808231.68,34.470588,2.091154,2.081914,6.44,6.43,6.46,6.46,6.9,8.4,10.52,2012-02-17,-
2018-02-01,2654,万润科技,文化传媒,6.11,6.17,5.81,5.82,5.81,4862502,29192464.27,0.964419,-4.708,5.84,否,0.85,-9.204,-11.009,-8.202,-7.619,否,881245378,504189648,5172910368.86,2959593233.76,32.847784,1.992707,1.983902,6.28,6.37,6.42,6.43,6.86,8.35,10.49,2012-02-17,-
2018-02-02,2654,万润科技,文化传媒,5.7,5.8,5.61,5.73,5.61,3148300,18112186.0,0.624428,-1.533,3.41,否,0.64,-11.437,-13.182,-9.335,-8.903,否,881245378,504189648,5093598284.84,2914216165.44,32.344156,1.962154,1.953484,6.11,6.31,6.38,6.4,6.82,8.31,10.45,2012-02-17,-
2018-02-05,2654,万润科技,文化传媒,5.64,5.72,5.56,5.7,5.56,2124034,12081802.78,0.421277,-0.692,2.77,否,0.47,-6.71,-13.636,-11.076,-11.353,否,881245378,504189648,5058348469.72,2894048579.52,32.120321,1.948575,1.939966,5.97,6.24,6.33,6.38,6.79,8.26,10.41,2012-02-17,-
2018-02-06,2654,万润科技,文化传媒,5.59,5.62,5.15,5.34,5.15,6230652,33712595.2,1.235775,-6.272,8.19,否,1.53,-8.247,-16.693,-17.209,-17.846,否,881245378,504189648,4741100133.64,2712540306.24,30.105806,1.826365,1.818295,5.74,6.13,6.27,6.34,6.75,8.21,10.37,2012-02-17,-
2018-02-07,2654,万润科技,文化传媒,5.43,5.43,5.16,5.29,5.16,3628303,19409985.96,0.719631,-0.929,5.02,否,0.76,-7.679,-18.238,-19.113,-19.727,否,881245378,504189648,4697037864.74,2687330823.84,29.826012,1.809391,1.801397,5.58,6.01,6.22,6.31,6.71,8.16,10.33,2012-02-17,-
2018-02-08,2654,万润科技,文化传媒,5.34,5.4,5.28,5.39,5.28,2617792,14151195.46,0.519208,1.876,2.25,否,0.65,-5.439,-11.784,-18.333,-18.457,否,881245378,504189648,4785162402.54,2737749788.64,30.385599,1.843339,1.835194,5.49,5.89,6.16,6.28,6.67,8.11,10.29,2012-02-17,-
2018-02-09,2654,万润科技,文化传媒,5.3,5.34,5.06,5.16,5.06,3177613,16693911.38,0.630242,-4.236,5.16,否,0.9,-3.371,-11.34,-21.818,-22.054,否,881245378,504189648,4582475965.6,2621786169.6,29.098548,1.76526,1.75746,5.38,5.74,6.08,6.24,6.62,8.06,10.25,2012-02-17,-
2018-02-12,2654,万润科技,文化传媒,5.21,5.38,5.21,5.37,5.21,2737300,14687865.0,0.542911,4.038,3.27,否,0.77,1.512,-6.283,-16.225,-18.513,否,881245378,504189648,4767537494.98,2727665995.68,30.273682,1.836549,1.828434,5.31,5.64,6.04,6.2,6.58,8.02,10.22,2012-02-17,-
2018-02-13,2654,万润科技,文化传媒,5.41,5.9,5.41,5.9,5.41,3992041,23416797.89,0.791774,9.982,9.24,否,1.09,9.462,3.509,-8.81,-9.648,是,881245378,504189648,5243409999.1,2999928405.6,33.295454,2.019865,2.01094,5.42,5.58,6.02,6.18,6.54,7.97,10.18,2012-02-17,-
2018-02-14,2654,万润科技,文化传媒,6.02,6.02,5.61,5.74,5.61,8058780,46821682.59,1.598363,-2.689,7.06,否,2.49,11.24,7.491,-6.056,-10.172,否,881245378,504189648,5102410738.62,2919258061.92,32.400114,1.965549,1.956864,5.51,5.54,5.98,6.15,6.51,7.93,10.15,2012-02-17,-
2018-02-22,2654,万润科技,文化传媒,5.58,5.89,5.58,5.81,5.58,5719695,33095704.3,1.134433,1.209,5.53,否,1.39,8.194,9.83,-0.172,-11.836,否,881245378,504189648,5164097915.08,2954551337.28,32.791826,1.989312,1.980522,5.6,5.54,5.96,6.13,6.48,7.88,10.12,2012-02-17,-
2018-02-23,2654,万润科技,文化传媒,5.75,5.82,5.69,5.72,5.69,3911600,22651780.0,0.775819,-1.706,2.39,否,0.83,-3.051,6.122,-0.175,-13.333,否,881245378,504189648,5075973377.28,2904132372.48,32.232238,1.955365,1.946725,5.71,5.54,5.93,6.1,6.44,7.83,10.09,2012-02-17,-
2018-02-26,2654,万润科技,文化传媒,5.72,5.89,5.7,5.85,5.7,5184595,30358358.7,1.028303,2.431,3.47,否,1.06,1.916,13.372,2.632,-6.699,否,881245378,504189648,5199347730.2,2974718923.2,33.015661,2.002891,1.994041,5.8,5.56,5.9,6.07,6.42,7.79,10.06,2012-02-17,-
2018-02-27,2654,万润科技,文化传媒,5.83,5.98,5.8,5.9,5.8,5335700,31898949.8,1.058272,0.847,3.05,否,0.99,1.549,9.87,10.487,-7.087,否,881245378,504189648,5243409999.1,2999928405.6,33.295454,2.019865,2.01094,5.8,5.61,5.87,6.05,6.4,7.74,10.03,2012-02-17,-
2018-02-28,2654,万润科技,文化传媒,5.94,6.5,5.87,6.5,5.87,14723624,94966684.75,2.920255,10.084,10.59,否,2.61,13.636,10.169,22.873,1.881,是,881245378,504189648,5772157225.9,3302442194.4,27.566608,2.223549,1.905975,5.96,5.73,5.87,6.06,6.39,7.7,9.99,2012-02-17,-
2018-03-01,2654,万润科技,文化传媒,6.55,7.14,6.53,6.95,6.53,32744243,227016735.97,6.49443,6.87,9.47,否,4.69,18.803,21.08,28.942,9.621,否,881245378,504189648,6168717646.0,3529327536.0,29.460497,2.376311,2.03692,6.18,5.89,5.89,6.07,6.39,7.67,9.96,2012-02-17,-
2018-03-02,2654,万润科技,文化传媒,6.8,6.84,6.63,6.69,6.63,18092660,122698913.64,3.588463,-3.714,3.0,否,1.46,13.39,15.146,29.651,5.854,否,881245378,504189648,5939593847.72,3398238227.52,28.36625,2.288048,1.961263,6.38,6.04,5.89,6.07,6.39,7.63,9.93,2012-02-17,-
2018-03-05,2654,万润科技,文化传媒,6.68,6.79,6.56,6.7,6.56,11804823,79389603.04,2.341346,0.148,3.41,否,0.78,3.077,17.133,24.767,4.524,否,881245378,504189648,5948406301.5,3403280124.0,28.408336,2.291443,1.964173,6.55,6.18,5.91,6.08,6.38,7.6,9.9,2012-02-17,-
2018-03-06,2654,万润科技,文化传媒,6.7,6.72,6.58,6.69,6.58,9493330,63528981.4,1.882889,-0.148,2.07,否,0.57,-3.741,14.359,13.39,3.721,否,881245378,504189648,5939593847.72,3398238227.52,28.36625,2.288048,1.961263,6.71,6.26,5.92,6.1,6.38,7.56,9.87,2012-02-17,-
2018-03-07,2654,万润科技,文化传媒,6.69,6.69,6.55,6.61,6.55,6346100,42351055.0,1.258673,-1.187,2.08,否,0.37,-1.196,12.034,15.157,1.07,否,881245378,504189648,5869094217.48,3357903055.68,28.029558,2.260891,1.937984,6.73,6.34,5.94,6.1,6.37,7.53,9.84,2012-02-17,-
2018-03-08,2654,万润科技,文化传媒,6.6,6.69,6.53,6.57,6.53,6677248,44312934.66,1.324352,-0.601,2.4,否,0.43,-1.94,1.077,13.081,-0.455,否,881245378,504189648,5833844402.36,3337735469.76,27.861213,2.247312,1.926344,6.65,6.42,5.98,6.11,6.36,7.5,9.8,2012-02-17,-
2018-03-09,2654,万润科技,文化传媒,6.54,6.8,6.5,6.77,6.5,13096184,88685667.59,2.597472,3.021,4.53,否,1.25,1.196,-2.59,18.357,2.576,否,881245378,504189648,6010093477.96,3438573399.36,28.702941,2.315206,1.984542,6.67,6.52,6.03,6.13,6.36,7.47,9.77,2012-02-17,-
2018-03-12,2654,万润科技,文化传媒,6.83,7.1,6.75,7.06,6.75,17411272,122105340.87,3.453318,4.399,5.28,否,1.84,6.808,5.531,20.684,10.14,否,881245378,504189648,6274467091.36,3589830293.76,29.965534,2.417048,2.071838,6.74,6.64,6.1,6.15,6.36,7.45,9.74,2012-02-17,-
2018-03-13,2654,万润科技,文化传媒,7.04,7.04,6.87,6.89,6.87,11418910,79875394.2,2.264805,-2.528,2.53,否,1.08,4.871,2.836,16.78,6.491,否,881245378,504189648,6115842923.32,3499076157.12,29.207978,2.355943,2.019461,6.78,6.74,6.18,6.16,6.36,7.43,9.71,2012-02-17,-
2018-03-14,2654,万润科技,文化传媒,6.85,6.99,6.81,6.88,6.81,6757456,46888570.67,1.340261,-0.144,2.59,否,0.61,1.625,2.84,5.846,12.602,否,881245378,504189648,6107030469.54,3494034260.64,29.165892,2.352548,2.016551,6.83,6.78,6.26,6.17,6.36,7.4,9.69,2012-02-17,-
2018-03-15,2654,万润科技,文化传媒,6.97,7.51,6.97,7.16,6.97,20298499,147104656.87,4.025965,4.185,7.94,否,1.83,1.416,8.321,3.022,23.024,否,881245378,504189648,6362591629.16,3640249258.56,30.386398,2.450996,2.100937,6.95,6.8,6.35,6.19,6.38,7.38,9.66,2012-02-17,-
2018-03-16,2654,万润科技,文化传媒,7.01,7.08,6.96,6.99,6.96,11220864,79247684.64,2.225524,-2.493,1.8,否,0.81,1.451,6.393,4.484,21.99,否,881245378,504189648,6203967461.12,3549495121.92,29.628843,2.38989,2.048559,7.0,6.83,6.44,6.21,6.37,7.36,9.64,2012-02-17,-
2018-03-19,2654,万润科技,文化传媒,6.86,7.02,6.85,6.88,6.85,6436912,44897697.04,1.276685,-1.563,2.56,否,0.48,0.0,1.625,2.687,20.702,否,881245378,504189648,6107030469.54,3494034260.64,29.165892,2.352548,2.016551,6.96,6.85,6.51,6.22,6.37,7.34,9.62,2012-02-17,-
2018-03-20,2654,万润科技,文化传媒,6.88,6.88,6.62,6.79,6.62,8009898,54264784.52,1.588668,-1.299,3.75,否,0.71,-5.168,-3.824,1.495,27.154,否,881245378,504189648,6027718385.52,3448657192.32,28.787114,2.321996,1.990362,6.94,6.86,6.56,6.23,6.36,7.31,9.59,2012-02-17,-
2018-03-21,2654,万润科技,文化传媒,6.83,6.9,6.67,6.73,6.67,6115300,41918475.0,1.212897,-0.877,3.36,否,0.58,-3.72,-2.322,1.815,27.221,否,881245378,504189648,5974843662.84,3418405813.44,28.534596,2.301627,1.972902,6.91,6.87,6.61,6.25,6.36,7.29,9.56,2012-02-17,-
2018-03-22,2654,万润科技,文化传媒,6.75,6.83,6.67,6.68,6.67,4568359,30925473.35,0.906079,-0.737,2.36,否,0.44,-2.907,-2.907,1.674,23.933,否,881245378,504189648,5930781393.94,3393196331.04,28.324163,2.284654,1.958353,6.81,6.88,6.65,6.28,6.36,7.27,9.54,2012-02-17,-
2018-03-23,2654,万润科技,文化传媒,6.43,6.53,6.01,6.08,6.01,9664758,61119984.88,1.916889,-8.915,7.73,否,1.33,-10.457,-15.084,-10.192,17.829,否,881245378,504189648,5402034167.14,3090682542.24,25.798978,2.08097,1.78376,6.63,6.81,6.67,6.29,6.35,7.24,9.51,2012-02-17,-
2018-03-26,2654,万润科技,文化传媒,5.94,6.17,5.6,6.16,5.6,6973312,41735702.16,1.383073,1.305,9.46,否,1.0,-8.47,-11.874,-12.748,14.711,否,881245378,504189648,5472533797.38,3131017714.08,26.135669,2.108128,1.807039,6.49,6.72,6.68,6.31,6.34,7.22,9.48,2012-02-17,-
2018-03-27,2654,万润科技,文化传媒,6.34,6.78,6.34,6.78,6.34,6209510,41676487.3,1.231582,9.984,7.09,否,0.88,1.497,-1.453,-1.597,14.915,是,881245378,504189648,6018905931.74,3443615295.84,28.745028,2.318601,1.987452,6.49,6.71,6.73,6.36,6.35,7.19,9.46,2012-02-17,-
2018-03-28,2654,万润科技,文化传媒,7.14,7.14,6.74,6.81,6.74,18853310,130447594.3,3.739329,0.439,6.0,否,2.81,12.007,0.295,-1.017,18.641,否,881245378,504189648,6045343293.08,3458740985.28,28.871287,2.328785,1.996181,6.5,6.71,6.74,6.41,6.36,7.16,9.43,2012-02-17,-
2018-03-29,2654,万润科技,文化传媒,6.73,6.82,6.59,6.7,6.59,9008583,60713726.71,1.786745,-1.604,3.35,否,0.97,8.766,-0.446,-6.425,15.318,否,881245378,504189648,5948406301.5,3403280124.0,28.408336,2.291443,1.964173,6.51,6.66,6.73,6.45,6.36,7.13,9.41,2012-02-17,-
2018-03-30,2654,万润科技,文化传媒,6.74,6.94,6.72,6.88,6.72,11057058,76388507.72,2.193036,2.667,3.26,否,1.09,1.475,2.994,-1.574,20.28,否,881245378,504189648,6107030469.54,3494034260.64,29.165892,2.352548,2.016551,6.67,6.65,6.74,6.51,6.37,7.11,9.38,2012-02-17,-
2018-04-02,2654,万润科技,文化传媒,6.94,7.46,6.82,7.05,6.82,17657756,125654319.9,3.502205,2.597,9.38,否,1.69,3.524,15.954,2.471,20.513,否,881245378,504189648,6265654637.58,3584788397.28,29.923448,2.413654,2.068929,6.84,6.67,6.76,6.56,6.38,7.09,9.36,2012-02-17,-
2018-04-03,2654,万润科技,文化传媒,6.89,7.14,6.79,7.09,6.79,10366943,72566858.85,2.056159,0.563,5.06,否,0.83,5.821,15.097,4.418,20.169,否,881245378,504189648,6300904452.7,3604955983.2,30.091793,2.427232,2.080568,6.91,6.7,6.78,6.6,6.39,7.07,9.33,2012-02-17,-
2018-04-04,2654,万润科技,文化传媒,7.12,7.17,6.95,6.95,6.95,9706032,69163118.15,1.925076,-2.098,3.22,否,0.72,1.017,2.507,3.269,6.923,否,881245378,504189648,6168717646.0,3529327536.0,29.460497,2.376311,2.03692,6.93,6.72,6.8,6.64,6.4,7.06,9.31,2012-02-17,-
2018-04-09,2654,万润科技,文化传媒,6.83,6.94,6.68,6.8,6.68,9229156,63410314.7,1.830493,-2.143,3.71,否,0.8,-3.546,-0.147,1.796,-2.158,否,881245378,504189648,6036530839.3,3453699088.8,28.829201,2.325391,1.993272,6.95,6.73,6.81,6.68,6.4,7.04,9.28,2012-02-17,-
2018-04-10,2654,万润科技,文化传媒,6.82,6.91,6.65,6.78,6.65,6163864,42050383.09,1.222529,-0.292,3.8,否,0.53,-4.372,1.194,11.513,1.345,否,881245378,504189648,6018905931.74,3443615295.84,28.745028,2.318601,1.987452,6.93,6.8,6.81,6.71,6.4,7.02,9.26,2012-02-17,-
2018-04-11,2654,万润科技,文化传媒,6.8,6.87,6.77,6.78,6.77,5744175,39429829.25,1.139289,0.0,1.46,否,0.54,-2.446,-1.453,10.065,1.194,否,881245378,504189648,6018905931.74,3443615295.84,28.745028,2.318601,1.987452,6.88,6.86,6.79,6.74,6.41,7.0,9.23,2012-02-17,-
2018-04-12,2654,万润科技,文化传媒,6.79,7.09,6.79,6.99,6.79,14344413,100798800.56,2.845043,3.221,4.54,否,1.74,2.794,-0.851,3.097,4.484,否,881245378,504189648,6212779914.9,3554537018.4,29.670929,2.393285,2.051469,6.86,6.88,6.8,6.78,6.42,6.98,9.21,2012-02-17,-
2018-04-13,2654,万润科技,文化传媒,6.99,7.04,6.83,6.85,6.83,8645383,60079450.83,1.714709,-2.128,3.12,否,0.96,1.032,-3.385,0.587,3.631,否,881245378,504189648,6080593108.2,3478908571.2,29.039633,2.342364,2.007821,6.84,6.89,6.8,6.79,6.42,6.97,9.19,2012-02-17,-
2018-04-16,2654,万润科技,文化传媒,6.83,6.88,6.65,6.8,6.65,6113806,41601694.57,1.2126,-0.725,3.33,否,0.69,0.295,-2.158,1.493,3.501,否,881245378,504189648,6036530839.3,3453699088.8,28.829201,2.325391,1.993272,6.84,6.9,6.78,6.79,6.43,6.94,9.16,2012-02-17,-
2018-04-17,2654,万润科技,文化传媒,6.86,6.88,6.46,6.49,6.46,7461900,50015561.97,1.479979,-4.526,6.13,否,0.91,-7.153,-4.559,-5.669,-4.136,否,881245378,504189648,5763344772.12,3297400297.92,27.524521,2.220154,1.903065,6.78,6.86,6.75,6.78,6.43,6.92,9.13,2012-02-17,-
2018-04-18,2654,万润科技,文化传媒,6.55,6.79,6.43,6.74,6.43,7234562,48322168.04,1.434889,3.823,5.5,否,0.85,-1.606,-0.59,-4.397,-4.533,否,881245378,504189648,5983656116.62,3423447709.92,28.576682,2.305022,1.975812,6.77,6.83,6.75,6.78,6.43,6.9,9.11,2012-02-17,-
2018-04-19,2654,万润科技,文化传媒,6.67,6.83,6.64,6.71,6.64,6199068,42053102.93,1.229511,-0.442,2.8,否,0.71,-1.324,-1.032,-5.36,-2.612,否,881245378,504189648,5957218755.28,3408322020.48,28.450423,2.294838,1.967083,6.72,6.79,6.74,6.78,6.44,6.88,9.09,2012-02-17,-
2018-04-20,2654,万润科技,文化传媒,6.68,6.88,6.59,6.61,6.59,7899932,53648904.98,1.566857,-1.479,4.29,否,1.11,1.849,-5.436,-4.892,-3.924,否,881245378,504189648,5869094217.48,3357903055.68,28.029558,2.260891,1.937984,6.67,6.76,6.74,6.78,6.44,6.86,9.06,2012-02-17,-
2018-04-23,2654,万润科技,文化传媒,6.61,6.7,6.36,6.61,6.36,6141106,40595811.01,1.218015,0.0,5.11,否,0.88,-1.929,-3.504,-2.794,-7.682,否,881245378,504189648,5869094217.48,3357903055.68,28.029558,2.260891,1.937984,6.63,6.74,6.73,6.78,6.45,6.84,9.03,2012-02-17,-
2018-04-24,2654,万润科技,文化传媒,6.54,6.93,6.51,6.93,6.51,9672085,66027167.45,1.918343,4.805,6.31,否,1.38,3.279,1.912,2.212,-0.858,否,881245378,504189648,6151092738.44,3519243743.04,29.376324,2.369522,2.0311,6.72,6.75,6.78,6.79,6.46,6.83,9.01,2012-02-17,-
2018-04-25,2654,万润科技,文化传媒,6.87,7.19,6.8,7.05,6.8,14979618,105338692.82,2.971028,1.862,5.73,否,2.02,6.657,8.629,3.982,2.471,否,881245378,504189648,6265654637.58,3584788397.28,29.923448,2.413654,2.068929,6.78,6.78,6.82,6.79,6.47,6.81,8.98,2012-02-17,-
2018-04-26,2654,万润科技,文化传媒,6.96,7.03,6.81,6.83,6.81,8996021,62571569.33,1.784253,-3.235,3.23,否,1.0,3.328,1.335,-2.289,0.589,否,881245378,504189648,6062968200.64,3468824778.24,28.95546,2.335575,2.002001,6.81,6.76,6.82,6.79,6.47,6.79,8.96,2012-02-17,-
2018-04-27,2654,万润科技,文化传媒,6.85,7.0,6.83,7.0,6.83,8009896,55968916.62,1.588667,2.616,2.62,否,0.84,1.01,4.322,2.19,4.012,否,881245378,504189648,6221592368.68,3559578914.88,29.713015,2.39668,2.054379,6.88,6.78,6.83,6.79,6.48,6.78,8.93,2012-02-17,-
2018-05-02,2654,万润科技,文化传媒,7.0,7.2,6.81,7.2,6.81,13540501,95988666.15,2.685597,2.833,5.67,否,1.42,2.128,8.926,5.882,7.784,否,881245378,504189648,6397841444.28,3660416844.48,38.78198,1.93824,1.805799,7.0,6.82,6.86,6.79,6.49,6.76,8.9,2012-02-17,-
2018-05-03,2654,万润科技,文化传媒,7.13,7.36,6.98,7.33,6.98,17877228,129751676.79,3.545735,1.791,5.37,否,1.62,7.321,10.893,12.943,20.559,否,881245378,504189648,6512403343.42,3725961498.72,39.476423,1.972947,1.838134,7.08,6.9,6.88,6.8,6.5,6.75,8.88,2012-02-17,-
2018-05-04,2654,万润科技,文化传媒,7.34,7.42,7.09,7.09,7.09,12343800,89660276.15,2.448245,-3.248,4.47,否,0.97,1.286,2.309,5.193,15.097,否,881245378,504189648,6300904452.7,3604955983.2,38.194374,1.908873,1.778438,7.09,6.94,6.88,6.81,6.52,6.74,8.85,2012-02-17,-
2018-05-07,2654,万润科技,文化传媒,7.14,7.27,7.01,7.19,7.01,11781621,84947928.9,2.336744,1.399,3.64,否,0.97,-0.139,1.986,7.154,6.047,否,881245378,504189648,6389028990.5,3655374948.0,38.728561,1.935571,1.803311,7.16,6.98,6.89,6.82,6.53,6.73,8.83,2012-02-17,-
2018-05-08,2654,万润科技,文化传媒,7.12,7.34,7.03,7.24,7.03,16679716,120730050.58,3.308223,0.69,4.28,否,1.31,-1.228,6.003,9.531,6.314,否,881245378,504189648,6433091259.4,3680584430.4,38.995655,1.948919,1.815748,7.21,7.05,6.9,6.84,6.55,6.72,8.81,2012-02-17,-
2018-05-09,2654,万润科技,文化传媒,7.13,7.21,7.07,7.11,7.07,10082564,72365135.49,1.999756,-1.781,1.92,否,0.7,0.282,1.571,7.564,6.119,否,881245378,504189648,6318529360.26,3615039776.16,38.301211,1.914213,1.783413,7.19,7.1,6.92,6.85,6.57,6.71,8.78,2012-02-17,-
2018-05-10,2654,万润科技,文化传媒,7.14,7.15,6.98,7.07,6.98,8169013,58112892.42,1.620226,-0.558,2.51,否,0.59,-1.669,-1.806,2.02,2.762,否,881245378,490321048,6283279545.14,3495989072.24,38.087537,1.903534,1.773463,7.14,7.11,6.93,6.89,6.59,6.71,8.76,2012-02-17,-
2018-05-11,2654,万润科技,文化传媒,7.05,7.08,6.78,6.8,6.78,10141400,70564471.14,2.068318,-3.927,4.35,否,0.86,-6.077,-7.231,-3.546,-3.546,否,881245378,490321048,6036530839.3,3358699178.8,36.591813,1.828781,1.703818,7.08,7.09,6.93,6.91,6.61,6.7,8.74,2012-02-17,-
2018-05-14,2654,万润科技,文化传媒,6.81,7.22,6.66,7.21,6.66,20543456,144798262.76,4.189797,6.131,8.32,否,1.81,1.406,1.693,5.564,1.693,否,902605378,490321048,6561941098.06,3564634018.96,39.776707,1.987955,1.852116,7.09,7.12,6.94,6.92,6.64,6.69,8.72,2012-02-17,-
2018-05-15,2654,万润科技,文化传媒,7.15,7.72,7.06,7.64,7.06,32532738,240040312.62,6.634987,5.915,9.08,否,2.48,8.062,6.259,9.143,9.928,否,902605378,490321048,6950061410.6,3775472069.6,42.129387,2.105537,1.961663,7.17,7.19,6.98,6.95,6.68,6.69,8.7,2012-02-17,-
2018-05-16,2654,万润科技,文化传媒,7.5,7.53,7.28,7.3,7.28,22976483,171192935.07,4.686008,-4.416,3.25,否,1.41,7.353,0.829,1.389,7.353,否,902605378,490321048,6643175582.08,3608762913.28,40.269129,2.012565,1.875045,7.2,7.2,7.01,6.97,6.71,6.69,8.68,2012-02-17,-
2018-05-17,2654,万润科技,文化传媒,7.35,7.49,7.3,7.4,7.3,15802168,117687817.78,3.222821,1.359,2.58,否,0.84,2.635,4.079,0.955,9.145,否,902605378,490321048,6733436119.88,3657795018.08,40.816264,2.03991,1.900521,7.27,7.21,7.05,6.99,6.75,6.68,8.67,2012-02-17,-
2018-05-18,2654,万润科技,文化传媒,7.19,7.23,6.83,7.01,6.83,21630655,152674875.37,4.411529,-5.228,5.5,否,1.06,-8.246,-0.849,-1.128,3.392,否,902605378,490321048,6381420022.46,3466569809.36,38.682438,1.933266,1.801164,7.31,7.2,7.07,6.99,6.78,6.68,8.65,2012-02-17,-
2018-05-21,2654,万润科技,文化传媒,6.99,7.08,6.94,7.02,6.94,13897714,98018523.8,2.834411,0.141,2.12,否,0.61,-3.836,3.235,-2.364,0.429,否,902605378,490321048,6390446076.24,3471473019.84,38.737151,1.936,1.803711,7.27,7.18,7.08,6.98,6.79,6.67,8.63,2012-02-17,-
2018-05-22,2654,万润科技,文化传媒,6.99,7.01,6.93,7.0,6.93,9964184,69922483.16,2.032175,-0.282,1.27,否,0.47,-5.405,-2.913,-3.315,2.19,否,902605378,490321048,6372393968.68,3461666598.88,38.627724,1.930531,1.798616,7.15,7.16,7.1,6.99,6.82,6.66,8.61,2012-02-17,-
2018-05-23,2654,万润科技,文化传媒,6.97,7.06,6.8,6.99,6.8,9913500,69473222.0,2.021839,-0.283,3.82,否,0.59,-0.285,-8.508,-1.688,2.794,否,902605378,490321048,6354341861.12,3451860177.92,38.518297,1.925062,1.793521,7.08,7.14,7.12,6.99,6.83,6.66,8.6,2012-02-17,-
2018-05-24,2654,万润科技,文化传媒,6.98,7.05,6.73,6.76,6.73,11149650,77389308.5,2.273949,-3.267,4.69,否,0.78,-3.704,-7.397,-4.385,4.16,否,902605378,490321048,6146742624.18,3339086336.88,37.259887,1.86217,1.734926,6.96,7.11,7.11,6.99,6.85,6.65,8.58,2012-02-17,-
2018-05-25,2654,万润科技,文化传媒,6.66,6.81,6.55,6.6,6.55,11181764,75194494.88,2.280498,-2.349,3.82,否,0.84,-5.714,-10.811,-2.941,-2.077,否,902605378,490321048,6002325763.7,3260634969.2,36.384471,1.818418,1.694164,6.87,7.09,7.09,6.99,6.86,6.64,8.56,2012-02-17,-
2018-05-28,2654,万润科技,文化传媒,6.58,6.63,6.34,6.35,6.34,9146842,59584479.84,1.86548,-3.759,4.36,否,0.82,-9.156,-9.415,-11.928,-5.365,否,902605378,490321048,5776674419.2,3138054707.2,35.016634,1.750057,1.630474,6.74,7.01,7.07,6.96,6.87,6.63,8.54,2012-02-17,-
2018-05-29,2654,万润科技,文化传媒,6.4,6.44,6.31,6.34,6.31,5118910,32613768.5,1.043991,-0.157,2.05,否,0.5,-6.213,-9.687,-17.016,-4.085,否,902605378,490321048,5722518096.52,3108635444.32,34.688353,1.73365,1.615188,6.61,6.88,7.03,6.95,6.87,6.63,8.52,2012-02-17,-
2018-05-30,2654,万润科技,文化传媒,6.23,6.28,5.94,5.96,5.94,8740100,53362515.49,1.782526,-5.994,5.36,否,0.94,-9.697,-14.857,-18.356,-9.834,否,902605378,490321048,5379528052.88,2922313446.08,32.60924,1.62974,1.518378,6.4,6.74,6.97,6.92,6.85,6.62,8.5,2012-02-17,-
2018-05-31,2654,万润科技,文化传媒,6.0,6.12,6.0,6.06,6.0,4753503,28778547.03,0.969467,1.678,2.01,否,0.52,-4.567,-13.305,-18.108,-12.554,否,902605378,490321048,5469788590.68,2971345550.88,33.156375,1.657085,1.543855,6.26,6.61,6.91,6.91,6.84,6.61,8.48,2012-02-17,-
2018-06-01,2654,万润科技,文化传媒,6.02,6.05,5.79,5.85,5.79,5787400,34304596.0,1.180329,-3.465,4.29,否,0.74,-7.729,-13.462,-16.548,-17.021,否,902605378,490321048,5280241461.3,2868378130.8,32.007392,1.599661,1.490355,6.11,6.49,6.85,6.88,6.83,6.61,8.46,2012-02-17,-
2018-06-04,2654,万润科技,文化传媒,5.89,5.93,5.72,5.78,5.72,5765776,33392953.48,1.175919,-1.197,3.59,否,0.86,-3.02,-12.424,-17.664,-15.373,否,902605378,490321048,5217059084.84,2834055657.44,31.624397,1.58052,1.472521,6.0,6.37,6.77,6.84,6.81,6.6,8.44,2012-02-17,-
2018-06-05,2654,万润科技,文化传媒,5.81,6.12,5.8,6.1,5.8,8598128,51679249.47,1.753571,5.536,5.54,否,1.43,0.66,-3.937,-12.857,-12.857,否,902605378,490321048,5505892805.8,2990958392.8,33.375229,1.668023,1.554045,5.95,6.28,6.72,6.83,6.8,6.59,8.42,2012-02-17,-
2018-06-06,2654,万润科技,文化传媒,6.09,6.1,5.97,6.02,5.97,4640327,27983550.27,0.946385,-1.311,2.13,否,0.69,2.906,-5.047,-13.877,-16.389,否,902605378,490321048,5433684375.56,2951732708.96,32.937521,1.646147,1.533664,5.96,6.18,6.66,6.81,6.8,6.58,8.4,2012-02-17,-
2018-06-07,2654,万润科技,文化传媒,6.02,6.04,5.89,5.89,5.89,4706027,27958786.54,0.959785,-2.159,2.49,否,0.8,1.903,-1.174,-12.87,-19.645,否,902605378,490321048,5316345676.42,2887990972.72,32.226246,1.610599,1.500545,5.93,6.1,6.6,6.77,6.78,6.57,8.38,2012-02-17,-
2018-06-08,2654,万润科技,文化传媒,5.84,6.0,5.83,5.95,5.83,4410700,26143315.0,0.640624,1.019,2.89,否,0.75,-2.459,-1.815,-9.848,-16.079,否,902605378,688501048,5370501999.1,4096581235.6,32.554527,1.627006,1.515831,5.95,6.03,6.56,6.74,6.76,6.56,8.36,2012-02-17,-
2018-06-11,2654,万润科技,文化传媒,5.93,6.01,5.87,5.98,5.87,4381800,26098917.0,0.636426,0.504,2.35,否,0.78,-0.664,2.222,-5.827,-16.829,否,902605378,688501048,5397580160.44,4117236267.04,32.718667,1.635209,1.523474,5.99,5.99,6.5,6.71,6.75,6.55,8.33,2012-02-17,-
2018-06-12,2654,万润科技,文化传媒,5.99,6.09,5.99,6.09,5.99,4615400,27956706.0,0.670355,1.839,1.67,否,0.86,3.396,5.363,-3.943,-15.884,否,902605378,688501048,5496866752.02,4192971382.32,33.320516,1.665288,1.551497,5.99,5.97,6.42,6.68,6.73,6.55,8.31,2012-02-17,-
2018-06-13,2654,万润科技,文化传媒,6.08,6.17,6.05,6.05,6.05,5509851,33609660.22,0.800268,-0.657,1.97,否,1.21,1.681,-0.82,1.51,-14.909,否,902605378,688501048,5460762536.9,4165431340.4,33.101662,1.65435,1.541307,5.99,5.98,6.36,6.64,6.72,6.55,8.28,2012-02-17,-
2018-06-14,2654,万润科技,文化传媒,6.03,6.03,5.85,5.89,5.85,4219900,24992119.0,0.612911,-2.645,2.98,否,0.89,-1.505,-2.159,-2.805,-16.69,否,902605378,688501048,5316345676.42,4055271172.72,32.226246,1.610599,1.500545,5.99,5.96,6.28,6.59,6.7,6.53,8.26,2012-02-17,-
2018-06-15,2654,万润科技,文化传媒,5.91,5.93,5.64,5.7,5.64,4973003,28660639.31,0.722294,-3.226,4.92,否,1.07,-6.404,-3.226,-2.564,-16.176,否,902605378,688501048,5144850654.6,3924455973.6,31.186689,1.558644,1.452141,5.94,5.95,6.22,6.55,6.68,6.52,8.23,2012-02-17,-
2018-06-19,2654,万润科技,文化传媒,5.5,5.59,5.13,5.18,5.13,6683234,35573758.42,0.970693,-9.123,8.07,否,1.41,-14.38,-12.941,-10.381,-28.155,否,902605378,688501048,4675495858.04,3566435428.64,28.341588,1.416452,1.319665,5.78,5.89,6.13,6.48,6.65,6.51,8.21,2012-02-17,-
2018-06-20,2654,万润科技,文化传媒,5.17,5.38,5.16,5.33,5.16,4625384,24520432.86,0.671805,2.896,4.25,否,0.89,-9.508,-10.87,-12.623,-30.236,否,902605378,688501048,4810886664.74,3669710585.84,29.16229,1.457469,1.357879,5.63,5.81,6.04,6.41,6.63,6.49,8.19,2012-02-17,-
2018-06-21,2654,万润科技,文化传媒,5.31,5.38,5.14,5.14,5.14,3859384,20249820.84,0.560549,-3.565,4.5,否,0.74,-9.825,-15.599,-14.618,-29.589,否,902605378,688501048,4639391642.92,3538895386.72,28.122734,1.405514,1.309474,5.45,5.72,5.95,6.35,6.6,6.48,8.17,2012-02-17,-
2018-06-22,2654,万润科技,文化传媒,5.14,5.39,5.1,5.32,5.1,3887884,20530985.48,0.564688,3.502,5.64,否,0.8,2.703,-12.066,-9.677,-28.108,否,902605378,688501048,4801860610.96,3662825575.36,29.107577,1.454734,1.355331,5.33,5.66,5.88,6.29,6.59,6.47,8.15,2012-02-17,-
2018-06-25,2654,万润科技,文化传媒,5.5,5.5,5.31,5.34,5.31,2969900,15999208.0,0.431357,0.376,3.57,否,0.62,0.188,-9.338,-10.252,-23.823,否,902605378,688501048,4819912718.52,3676595596.32,29.217004,1.460203,1.360426,5.26,5.6,5.82,6.24,6.58,6.46,8.12,2012-02-17,-
2018-06-26,2654,万润科技,文化传媒,5.28,5.44,5.18,5.41,5.18,2915200,15674611.0,0.423413,1.311,4.87,否,0.66,5.253,-5.088,-9.532,-22.934,否,902605378,688501048,4883095094.98,3724790669.68,29.599998,1.479345,1.37826,5.31,5.55,5.77,6.18,6.55,6.45,8.1,2012-02-17,-
2018-06-27,2654,万润科技,文化传媒,5.39,5.47,5.35,5.36,5.35,2688606,14514888.46,0.390501,-0.924,2.22,否,0.74,0.752,3.475,-11.987,-23.429,否,902605378,688501048,4837964826.08,3690365617.28,29.326431,1.465672,1.365522,5.31,5.47,5.72,6.11,6.53,6.44,8.08,2012-02-17,-
2018-06-28,2654,万润科技,文化传媒,5.42,5.48,5.33,5.34,5.33,3160099,17089790.6,0.458982,-0.373,2.8,否,0.97,0.0,0.188,-11.736,-23.605,否,902605378,688501048,4819912718.52,3676595596.32,29.217004,1.460203,1.360426,5.35,5.4,5.69,6.04,6.51,6.43,8.06,2012-02-17,-
2018-06-29,2654,万润科技,文化传媒,5.34,5.51,5.34,5.49,5.34,3293537,17953045.28,0.478363,2.809,3.18,否,1.05,1.479,6.809,-6.791,-18.787,否,902605378,688501048,4955303525.22,3779870753.52,30.037706,1.50122,1.398641,5.39,5.36,5.66,5.98,6.48,6.43,8.04,2012-02-17,-
2018-07-02,2654,万润科技,文化传媒,5.51,5.55,5.39,5.42,5.39,4006836,21942621.28,0.581965,-1.275,2.91,否,1.33,1.119,1.88,-4.912,-17.879,否,902605378,575149898,4892121148.76,3117312447.16,29.654712,1.482079,1.380807,5.4,5.33,5.64,5.92,6.46,6.42,8.01,2012-02-17,-
2018-07-03,2654,万润科技,文化传媒,5.43,5.58,5.38,5.56,5.38,4493780,24704002.2,0.65269,2.583,3.69,否,1.4,4.12,4.12,7.336,-12.441,否,902605378,575149898,5018485901.68,3197833432.88,30.420701,1.520362,1.416474,5.43,5.37,5.63,5.88,6.43,6.41,7.99,2012-02-17,-
2018-07-04,2654,万润科技,文化传媒,5.53,5.56,5.35,5.42,5.35,3814811,20731112.66,0.554075,-2.518,3.78,否,1.08,-1.275,0.185,1.689,-14.511,否,902605378,575149898,4892121148.76,3117312447.16,29.654712,1.482079,1.380807,5.45,5.38,5.59,5.82,6.4,6.4,7.97,2012-02-17,-
2018-07-05,2654,万润科技,文化传媒,5.34,5.41,5.21,5.22,5.21,2828827,15033316.94,0.410867,-3.69,3.69,否,0.75,-3.69,-2.612,1.556,-12.416,否,902605378,575149898,4711600073.16,3002282467.56,28.560442,1.42739,1.329855,5.42,5.39,5.55,5.76,6.38,6.39,7.95,2012-02-17,-
2018-07-06,2654,万润科技,文化传媒,5.17,5.32,5.02,5.2,5.02,4756379,24530860.23,0.690831,-0.383,5.75,否,1.29,-6.475,-2.622,-2.256,-14.191,否,902605378,575149898,4693547965.6,2990779469.6,28.451015,1.421921,1.32476,5.36,5.38,5.52,5.71,6.35,6.38,7.92,2012-02-17,-
2018-07-09,2654,万润科技,文化传媒,5.18,5.34,5.18,5.32,5.18,2899627,15355632.56,0.421151,2.308,3.08,否,0.73,-1.845,-3.097,-0.375,-9.06,否,902605378,575149898,4801860610.96,3059797457.36,29.107577,1.454734,1.355331,5.34,5.37,5.49,5.67,6.33,6.37,7.9,2012-02-17,-
2018-07-10,2654,万润科技,文化传媒,5.33,5.36,5.26,5.29,5.26,3587033,18998089.58,0.520992,-0.564,1.88,否,0.95,1.341,-2.399,-2.218,-8.478,否,902605378,575149898,4774782449.62,3042542960.42,28.943436,1.446531,1.347688,5.29,5.36,5.45,5.63,6.3,6.36,7.88,2012-02-17,-
2018-07-11,2654,万润科技,文化传媒,5.25,5.26,5.01,5.11,5.01,5077800,26004008.34,0.737515,-3.403,4.73,否,1.42,-1.731,-8.094,-4.664,-16.23,否,902605378,575149898,4612313481.58,2939015978.78,27.958593,1.397311,1.301831,5.23,5.34,5.4,5.59,6.27,6.35,7.85,2012-02-17,-
2018-07-12,2654,万润科技,文化传媒,5.06,5.27,5.06,5.25,5.06,4229900,22098588.0,0.614364,2.74,4.11,否,1.1,-1.316,-3.137,-1.685,-12.791,否,902605378,575149898,4738678234.5,3019536964.5,28.724582,1.435593,1.337498,5.23,5.33,5.36,5.57,6.24,6.34,7.82,2012-02-17,-
2018-07-13,2654,万润科技,文化传媒,5.25,5.32,5.23,5.29,5.23,4025300,21206582.0,0.584647,0.762,1.71,否,0.98,0.0,1.341,-3.643,-10.187,否,902605378,575149898,4774782449.62,3042542960.42,28.943436,1.446531,1.347688,5.25,5.31,5.33,5.54,6.22,6.32,7.8,2012-02-17,-
2018-07-16,2654,万润科技,文化传媒,5.25,5.51,5.23,5.48,5.23,8299073,44875892.47,1.205383,3.592,5.29,否,2.09,7.241,5.385,1.107,-7.899,否,902605378,575149898,4946277471.44,3151821441.04,29.982993,1.498486,1.396093,5.28,5.31,5.32,5.53,6.2,6.32,7.78,2012-02-17,-
2018-07-17,2654,万润科技,文化传媒,5.4,5.44,5.31,5.42,5.31,5402951,29053053.83,0.784741,-1.095,2.37,否,1.07,3.238,1.88,-2.518,-9.365,否,902605378,575149898,4892121148.76,3117312447.16,29.654712,1.482079,1.380807,5.31,5.3,5.34,5.52,6.18,6.31,7.75,2012-02-17,-
2018-07-18,2654,万润科技,文化传媒,5.44,5.58,5.4,5.5,5.4,7031751,38704357.13,1.021313,1.476,3.32,否,1.3,3.97,3.97,1.476,-9.688,否,902605378,575149898,4964329579.0,3163324439.0,30.09242,1.503955,1.401188,5.39,5.31,5.34,5.5,6.16,6.3,7.73,2012-02-17,-
2018-07-19,2654,万润科技,文化传媒,5.46,5.57,5.35,5.55,5.35,5797564,31494762.64,0.842056,0.909,4.0,否,1.0,1.277,8.611,6.322,-8.264,否,902605378,575149898,5009459847.9,3192081933.9,30.365987,1.517627,1.413926,5.45,5.34,5.36,5.48,6.15,6.3,7.71,2012-02-17,-
2018-07-20,2654,万润科技,文化传媒,5.53,6.09,5.43,5.78,5.43,11648602,67118559.57,1.691879,4.144,11.89,否,1.91,6.642,10.095,11.154,-1.868,否,902605378,575149898,5217059084.84,3324366410.44,31.624397,1.58052,1.472521,5.55,5.4,5.39,5.48,6.13,6.29,7.68,2012-02-17,-
2018-07-23,2654,万润科技,文化传媒,5.73,5.82,5.64,5.77,5.64,6356900,36501602.0,0.923296,-0.173,3.11,否,0.83,4.909,9.074,8.459,1.228,否,902605378,575149898,5208033031.06,3318614911.46,31.569684,1.577785,1.469974,5.6,5.44,5.41,5.47,6.1,6.29,7.66,2012-02-17,-
2018-07-24,2654,万润科技,文化传媒,5.74,5.8,5.68,5.76,5.68,5984450,34371448.5,0.8692,-0.173,2.08,否,0.83,3.784,5.109,8.885,11.197,否,902605378,575149898,5199006977.28,3312863412.48,31.51497,1.575051,1.467426,5.67,5.49,5.43,5.47,6.09,6.28,7.63,2012-02-17,-
2018-07-25,2654,万润科技,文化传媒,5.77,5.85,5.69,5.71,5.69,4214621,24275520.75,0.612144,-0.868,2.78,否,0.57,-1.211,5.351,11.742,7.129,否,902605378,575149898,5153876708.38,3284105917.58,31.241403,1.561379,1.454688,5.71,5.55,5.44,5.45,6.07,6.27,7.61,2012-02-17,-
2018-07-26,2654,万润科技,文化传媒,5.7,5.72,5.61,5.67,5.61,3499733,19834130.27,0.508312,-0.701,1.93,否,0.51,-1.733,3.091,8.0,10.311,否,902605378,575149898,5117772493.26,3261099921.66,31.022549,1.550441,1.444498,5.74,5.59,5.46,5.44,6.04,6.27,7.59,2012-02-17,-
2018-07-27,2654,万润科技,文化传媒,5.66,5.72,5.65,5.66,5.65,2404876,13668667.68,0.349292,-0.176,1.23,否,0.38,-1.736,1.982,6.994,6.391,否,902605378,575149898,5108746439.48,3255348422.68,30.967835,1.547706,1.44195,5.71,5.63,5.47,5.43,6.01,6.26,7.56,2012-02-17,-
2018-07-30,2654,万润科技,文化传媒,5.66,5.75,5.45,5.47,5.45,5184510,28974231.5,0.753014,-3.357,5.3,否,1.15,-4.203,-5.363,-0.182,2.434,否,902605378,575149898,4937251417.66,3146069942.06,29.928279,1.495751,1.393545,5.65,5.63,5.47,5.43,5.99,6.25,7.54,2012-02-17,-
2018-07-31,2654,万润科技,文化传媒,5.47,5.57,5.44,5.53,5.44,3033517,16751202.81,0.440597,1.097,2.38,否,0.71,-2.469,-4.159,2.03,2.218,否,902605378,575149898,4991407740.34,3180578935.94,30.25656,1.512158,1.408831,5.61,5.64,5.47,5.44,5.96,6.24,7.51,2012-02-17,-
2018-08-01,2654,万润科技,文化传媒,5.58,5.59,5.38,5.41,5.38,2846700,15709403.0,0.413463,-2.17,3.8,否,0.78,-4.417,-6.076,-1.636,0.933,否,902605378,575149898,4883095094.98,3111560948.18,29.599998,1.479345,1.37826,5.55,5.63,5.47,5.44,5.93,6.24,7.49,2012-02-17,-
2018-08-02,2654,万润科技,文化传媒,5.45,5.55,5.23,5.33,5.23,4431630,23781814.66,0.643664,-1.479,5.91,否,1.31,-2.559,-6.655,-3.964,-0.187,否,902605378,575149898,4810886664.74,3065548956.34,29.16229,1.457469,1.357879,5.48,5.61,5.48,5.45,5.9,6.23,7.46,2012-02-17,-
2018-08-03,2654,万润科技,文化传媒,5.3,5.42,5.25,5.3,5.25,2298600,12231143.04,0.333856,-0.563,3.19,否,0.64,-4.159,-6.526,-8.304,-3.461,否,902605378,575149898,4783808503.4,3048294459.4,28.99815,1.449266,1.350236,5.41,5.56,5.48,5.45,5.87,6.23,7.44,2012-02-17,-
2018-08-06,2654,万润科技,文化传媒,5.31,5.34,5.2,5.25,5.2,2766885,14534203.1,0.401871,-0.943,2.64,否,0.78,-2.957,-7.244,-9.012,-3.137,否,902605378,575149898,4738678234.5,3019536964.5,28.724582,1.435593,1.337498,5.36,5.51,5.48,5.44,5.84,6.23,7.41,2012-02-17,-
2018-08-07,2654,万润科技,文化传媒,5.25,5.51,5.22,5.4,5.22,3433876,18408268.64,0.498747,2.857,5.52,否,1.12,1.313,-1.28,-6.25,-2.878,否,902605378,575149898,4874069041.2,3105809449.2,29.545285,1.47661,1.375712,5.34,5.47,5.48,5.44,5.81,6.23,7.39,2012-02-17,-
2018-08-08,2654,万润科技,文化传媒,5.4,5.4,5.28,5.29,5.28,2347139,12537212.87,0.340906,-2.037,2.22,否,0.74,-0.189,-4.34,-7.356,-2.399,否,902605378,575149898,4774782449.62,3042542960.42,28.943436,1.446531,1.347688,5.31,5.43,5.49,5.44,5.77,6.23,7.36,2012-02-17,-
2018-08-09,2654,万润科技,文化传媒,5.23,5.42,5.23,5.4,5.23,4129100,22265291.0,0.599723,2.079,3.59,否,1.35,2.857,-0.185,-4.762,3.448,否,902605378,575149898,4874069041.2,3105809449.2,29.545285,1.47661,1.375712,5.33,5.4,5.5,5.44,5.74,6.23,7.34,2012-02-17,-
2018-08-10,2654,万润科技,文化传媒,5.44,5.48,5.34,5.4,5.34,3434200,18597715.0,0.498794,0.0,2.59,否,1.15,0.0,1.313,-4.594,3.846,否,902605378,575149898,4874069041.2,3105809449.2,29.545285,1.47661,1.375712,5.35,5.38,5.5,5.44,5.71,6.23,7.32,2012-02-17,-
2018-08-13,2654,万润科技,文化传媒,5.35,5.56,5.3,5.53,5.3,4177610,22710024.7,0.606769,2.407,4.81,否,1.3,4.537,4.34,1.097,3.947,否,902605378,575149898,4991407740.34,3180578935.94,30.25656,1.512158,1.408831,5.4,5.38,5.51,5.44,5.68,6.23,7.29,2012-02-17,-
2018-08-14,2654,万润科技,文化传媒,5.46,5.51,5.41,5.47,5.41,3531535,19232274.1,0.61402,-1.085,1.81,否,1.01,1.296,4.19,-1.085,3.403,否,902605378,575149898,4937251417.66,3146069942.06,30.711302,1.523779,1.260442,5.42,5.38,5.51,5.44,5.66,6.23,7.27,2012-02-17,-
2018-08-15,2654,万润科技,文化传媒,5.43,5.48,5.24,5.29,5.24,3973400,21225973.0,0.690846,-3.291,4.39,否,1.13,-2.037,-2.037,-2.218,3.523,否,902605378,575149898,4774782449.62,3042542960.42,29.700693,1.473636,1.218965,5.42,5.37,5.5,5.44,5.63,6.22,7.24,2012-02-17,-
2018-08-16,2654,万润科技,文化传媒,5.29,5.33,5.16,5.21,5.16,2142821,11300293.97,0.372567,-1.512,3.21,否,0.56,-5.787,-1.512,-2.251,-0.762,否,902605378,575149898,4702574019.38,2996530968.58,29.251533,1.45135,1.200531,5.38,5.35,5.48,5.43,5.6,6.22,7.22,2012-02-17,-
2018-08-17,2654,万润科技,文化传媒,5.25,5.36,5.16,5.17,5.16,2155201,11255317.2,0.37472,-0.768,3.84,否,0.62,-5.484,-4.259,-2.453,-2.268,否,902605378,575149898,4666469804.26,2973524972.66,29.026953,1.440208,1.191314,5.33,5.34,5.45,5.43,5.57,6.21,7.19,2012-02-17,-
2018-08-20,2654,万润科技,文化传媒,5.17,5.23,5.11,5.21,5.11,2079515,10777502.85,0.361561,0.774,2.32,否,0.65,-1.512,-3.519,-0.762,-4.927,否,902605378,575149898,4702574019.38,2996530968.58,29.251533,1.45135,1.200531,5.27,5.34,5.42,5.43,5.55,6.21,7.17,2012-02-17,-
2018-08-21,2654,万润科技,文化传媒,5.22,5.27,5.19,5.24,5.19,1656363,8665067.23,0.287988,0.576,1.54,否,0.6,0.576,-5.244,-2.963,-3.321,否,902605378,575149898,4729652180.72,3013785465.52,29.419968,1.459708,1.207444,5.22,5.32,5.4,5.43,5.53,6.2,7.14,2012-02-17,-
2018-08-22,2654,万润科技,文化传媒,5.2,5.25,5.15,5.17,5.15,1346200,6989736.0,0.234061,-1.336,1.91,否,0.56,0.0,-5.484,-2.268,-6.0,否,902605378,575149898,4666469804.26,2973524972.66,29.026953,1.440208,1.191314,5.2,5.31,5.37,5.43,5.51,6.19,7.12,2012-02-17,-
2018-08-23,2654,万润科技,文化传媒,5.15,5.22,5.14,5.18,5.14,2771600,14358955.0,0.481892,0.193,1.55,否,1.48,-0.576,-2.079,-4.074,-6.667,否,902605378,575149898,4675495858.04,2979276471.64,29.083098,1.442993,1.193618,5.19,5.29,5.35,5.43,5.5,6.18,7.09,2012-02-17,-
2018-08-24,2654,万润科技,文化传媒,5.17,5.17,5.05,5.08,5.05,3544700,18074359.0,0.616309,-1.931,2.32,否,1.77,-3.053,-2.495,-5.926,-12.111,否,902605378,575149898,4585235320.24,2921761481.84,28.521648,1.415136,1.170575,5.18,5.26,5.32,5.42,5.48,6.16,7.07,2012-02-17,-
2018-08-27,2654,万润科技,文化传媒,5.08,5.26,5.07,5.18,5.07,7027600,36184271.0,1.221873,1.969,3.74,否,3.08,0.193,0.193,-6.329,-10.225,否,902605378,575149898,4675495858.04,2979276471.64,29.083098,1.442993,1.193618,5.17,5.22,5.3,5.41,5.47,6.15,7.05,2012-02-17,-
2018-08-28,2654,万润科技,文化传媒,5.18,5.2,5.06,5.12,5.06,7424900,37855786.0,1.29095,-1.158,2.7,否,2.27,-1.158,-1.727,-6.399,-11.111,否,902605378,575149898,4621339535.36,2944767477.76,28.746228,1.426279,1.179793,5.15,5.19,5.28,5.4,5.46,6.14,7.02,2012-02-17,-
2018-08-29,2654,万润科技,文化传媒,5.1,5.1,5.02,5.04,5.02,4014800,20286564.0,0.698044,-1.562,1.56,否,0.91,-0.787,-3.817,-4.726,-11.734,否,902605378,575149898,4549131105.12,2898755485.92,28.297068,1.403994,1.161358,5.12,5.16,5.26,5.39,5.44,6.12,7.0,2012-02-17,-
2018-08-30,2654,万润科技,文化传媒,5.03,5.05,4.93,4.93,4.93,5429800,27153137.0,0.944067,-2.183,2.38,否,1.1,-4.826,-4.642,-5.374,-13.051,否,902605378,575149898,4449844513.54,2835488997.14,27.679474,1.373351,1.136011,5.07,5.13,5.24,5.37,5.42,6.11,6.97,2012-02-17,-
2018-08-31,2654,万润科技,文化传媒,4.92,4.96,4.81,4.83,4.81,4195900,20461252.0,0.729532,-2.028,3.04,否,0.76,-5.664,-6.757,-6.576,-14.664,否,902605378,575149898,4359583975.74,2777974007.34,27.118024,1.345494,1.112968,5.02,5.1,5.22,5.33,5.41,6.09,6.95,2012-02-17,-
2018-09-03,2654,万润科技,文化传媒,4.83,4.93,4.82,4.89,4.82,3025500,14719050.99,0.526037,1.242,2.28,否,0.54,-2.976,-3.74,-6.142,-10.603,否,902605378,575149898,4413740298.42,2812483001.22,27.454894,1.362208,1.126794,4.96,5.07,5.2,5.3,5.39,6.08,6.92,2012-02-17,-
2018-09-04,2654,万润科技,文化传媒,4.88,4.95,4.87,4.93,4.87,2611900,12846331.0,0.454125,0.818,1.64,否,0.54,0.0,-4.826,-5.916,-10.85,否,902605378,575149898,4449844513.54,2835488997.14,27.679474,1.373351,1.136011,4.92,5.04,5.18,5.28,5.37,6.06,6.89,2012-02-17,-
2018-09-05,2654,万润科技,文化传媒,4.93,4.94,4.85,4.85,4.85,2096300,10247877.0,0.364479,-1.623,1.83,否,0.54,0.414,-5.273,-6.19,-10.351,否,902605378,575149898,4377636083.3,2789477005.3,27.230314,1.351065,1.117577,4.89,5.0,5.16,5.25,5.35,6.04,6.87,2012-02-17,-
2018-09-06,2654,万润科技,文化传媒,4.84,4.9,4.8,4.81,4.8,2545900,12333283.0,0.44265,-0.825,2.06,否,0.73,-1.636,-4.563,-7.143,-9.756,否,902605378,575149898,4341531868.18,2766471009.38,27.005734,1.339922,1.10836,4.86,4.97,5.13,5.22,5.33,6.02,6.84,2012-02-17,-
2018-09-07,2654,万润科技,文化传媒,4.81,4.88,4.78,4.84,4.78,2025700,9782938.0,0.352204,0.624,2.08,否,0.7,-1.826,-1.826,-4.724,-8.679,否,902605378,575149898,4368610029.52,2783725506.32,27.174169,1.34828,1.115273,4.86,4.94,5.1,5.19,5.31,6.0,6.82,2012-02-17,-
2018-09-10,2654,万润科技,文化传媒,4.83,4.85,4.38,4.44,4.38,8749625,39819113.5,1.521277,-8.264,9.71,否,3.56,-8.454,-8.075,-14.286,-15.429,否,902605378,575149898,4007567878.32,2553665547.12,24.92837,1.236851,1.023101,4.77,4.87,5.04,5.16,5.29,5.98,6.79,2012-02-17,-
2018-09-11,2654,万润科技,文化传媒,4.43,4.49,4.41,4.46,4.41,2644010,11776235.7,0.459708,0.45,1.8,否,0.73,-7.277,-8.793,-12.891,-17.407,否,902605378,575149898,4025619985.88,2565168545.08,25.04066,1.242423,1.02771,4.68,4.8,4.99,5.12,5.28,5.96,6.77,2012-02-17,-
2018-09-12,2654,万润科技,文化传媒,4.48,4.53,4.42,4.48,4.42,2626727,11780822.23,0.456703,0.448,2.47,否,0.73,-7.438,-9.128,-11.111,-15.312,否,902605378,575149898,4043672093.44,2576671543.04,25.15295,1.247994,1.032318,4.61,4.75,4.95,5.09,5.27,5.95,6.74,2012-02-17,-
2018-09-13,2654,万润科技,文化传媒,4.51,4.63,4.5,4.55,4.5,3092300,14052488.0,0.537651,1.563,2.9,否,0.83,2.477,-6.186,-7.708,-15.741,否,902605378,575149898,4106854469.9,2616932035.9,25.545965,1.267494,1.048448,4.55,4.71,4.92,5.06,5.26,5.93,6.72,2012-02-17,-
2018-09-14,2654,万润科技,文化传媒,4.54,4.57,4.5,4.51,4.5,2581306,11717810.12,0.448806,-0.879,1.54,否,0.67,1.121,-6.237,-6.625,-16.481,否,902605378,575149898,4070750254.78,2593926039.98,25.321385,1.256351,1.039231,4.49,4.68,4.89,5.04,5.24,5.92,6.7,2012-02-17,-
2018-09-17,2654,万润科技,文化传媒,4.54,4.55,4.43,4.47,4.43,2993700,13480931.0,0.520508,-0.887,2.66,否,0.76,-0.223,-7.645,-8.589,-19.168,否,902605378,575149898,4034646039.66,2570920044.06,25.096805,1.245209,1.030014,4.49,4.63,4.85,5.01,5.23,5.9,6.68,2012-02-17,-
2018-09-18,2654,万润科技,文化传媒,4.5,4.55,4.45,4.54,4.45,2642800,11930741.0,0.459498,1.566,2.24,否,0.95,-0.22,2.252,-7.911,-17.002,否,902605378,575149898,4097828416.12,2611180536.92,25.48982,1.264708,1.046144,4.51,4.6,4.82,4.98,5.21,5.88,6.66,2012-02-17,-
2018-09-19,2654,万润科技,文化传媒,4.52,4.76,4.48,4.65,4.48,6276800,29147196.0,1.091333,2.423,6.17,否,2.25,3.104,4.26,-4.124,-12.098,否,902605378,575149898,4197115007.7,2674447025.7,26.107414,1.295351,1.071491,4.54,4.58,4.79,4.96,5.2,5.86,6.64,2012-02-17,-
2018-09-20,2654,万润科技,文化传媒,4.61,4.63,4.58,4.6,4.58,4386506,20198020.48,0.762672,-1.075,1.08,否,1.25,2.908,2.679,-4.366,-11.708,否,902605378,575149898,4151984738.8,2645689530.8,25.826689,1.281423,1.05997,4.55,4.55,4.76,4.94,5.19,5.85,6.62,2012-02-17,-
2018-09-21,2654,万润科技,文化传媒,4.65,4.68,4.6,4.67,4.6,4433671,20598874.49,0.770872,1.522,1.74,否,1.17,2.863,2.637,-3.512,-9.671,否,902605378,575149898,4215167115.26,2685950023.66,26.219704,1.300923,1.0761,4.59,4.54,4.74,4.91,5.18,5.83,6.6,2012-02-17,-
2018-09-25,2654,万润科技,文化传媒,4.65,4.7,4.6,4.64,4.6,3209108,14891788.95,0.55796,-0.642,2.14,否,0.77,-0.215,2.882,4.505,-10.94,否,902605378,575149898,4188088953.92,2668695526.72,26.051269,1.292565,1.069187,4.62,4.56,4.71,4.88,5.16,5.81,6.58,2012-02-17,-
2018-09-26,2654,万润科技,文化传媒,4.63,4.67,4.6,4.62,4.6,2980628,13807564.08,0.518235,-0.431,1.51,否,0.71,0.435,3.356,3.587,-11.832,否,902605378,575149898,4170036846.36,2657192528.76,25.938979,1.286994,1.064578,4.64,4.57,4.69,4.85,5.15,5.79,6.56,2012-02-17,-
2018-09-27,2654,万润科技,文化传媒,4.62,4.62,4.51,4.52,4.51,3070000,13983108.0,0.533774,-2.165,2.38,否,0.72,-3.212,-0.441,0.893,-12.573,否,902605378,575149898,4079776308.56,2599677538.96,25.37753,1.259137,1.041536,4.61,4.58,4.66,4.83,5.13,5.77,6.54,2012-02-17,-
2018-09-28,2654,万润科技,文化传媒,4.54,4.59,4.53,4.55,4.53,1540864,7016049.56,0.267907,0.664,1.33,否,0.43,-1.94,-2.151,0.0,-12.162,否,902605378,575149898,4106854469.9,2616932035.9,25.545965,1.267494,1.048448,4.6,4.58,4.64,4.81,5.12,5.75,6.52,2012-02-17,-
2018-10-08,2654,万润科技,文化传媒,4.48,4.51,4.41,4.42,4.41,2276900,10162358.29,0.395879,-2.857,2.2,否,0.75,-4.329,-3.913,-1.996,-12.992,否,902605378,575149898,3989515770.76,2542162549.16,24.81608,1.23128,1.018493,4.55,4.57,4.62,4.78,5.11,5.73,6.5,2012-02-17,-
2018-10-09,2654,万润科技,文化传媒,4.42,4.46,4.36,4.4,4.36,1877479,8273577.39,0.326433,-0.452,2.26,否,0.72,-2.655,-5.782,-1.566,-15.058,否,902605378,575149898,3971463663.2,2530659551.2,24.70379,1.225709,1.013884,4.5,4.56,4.6,4.75,5.09,5.71,6.48,2012-02-17,-
2018-10-10,2654,万润科技,文化传媒,4.41,4.44,4.36,4.41,4.36,1831903,8064377.17,0.318509,0.227,1.82,否,0.78,-3.077,-4.957,-2.863,-13.867,否,902605378,575149898,3980489716.98,2536411050.18,24.759935,1.228494,1.016188,4.46,4.55,4.57,4.73,5.08,5.69,6.46,2012-02-17,-
2018-10-11,2654,万润科技,文化传媒,4.3,4.3,3.97,3.98,3.97,4861557,19874443.93,0.845268,-9.751,7.48,否,2.29,-9.955,-13.853,-14.409,-21.032,否,902605378,575149898,3592369404.44,2289096594.04,22.345701,1.108709,0.917104,4.35,4.48,4.53,4.69,5.06,5.66,6.43,2012-02-17,-
2018-10-12,2654,万润科技,文化传媒,3.85,3.98,3.64,3.87,3.64,3672583,14024475.3,0.638544,-2.764,8.54,否,1.48,-12.045,-14.381,-15.87,-21.501,否,902605378,575149898,3493082812.86,2225830105.26,21.728106,1.078066,0.891757,4.22,4.41,4.48,4.64,5.04,5.64,6.41,2012-02-17,-
2018-10-15,2654,万润科技,文化传媒,3.93,3.98,3.84,3.84,3.84,1954703,7661882.76,0.33986,-0.775,3.62,否,0.67,-12.925,-15.604,-17.773,-20.497,否,902605378,575149898,3466004651.52,2208575608.32,21.559671,1.069709,0.884844,4.1,4.33,4.43,4.6,5.01,5.62,6.38,2012-02-17,-
2018-10-16,2654,万润科技,文化传媒,3.86,3.91,3.75,3.79,3.75,2236206,8526087.56,0.388804,-1.302,4.17,否,0.79,-4.774,-14.253,-18.319,-22.495,否,902605378,575149898,3420874382.62,2179818113.42,21.278946,1.055781,0.873323,3.98,4.24,4.4,4.56,4.98,5.59,6.36,2012-02-17,-
2018-10-17,2654,万润科技,文化传媒,3.84,3.87,3.66,3.83,3.66,2630808,9985792.48,0.457413,1.055,5.54,否,0.9,-1.034,-12.955,-17.1,-22.312,否,902605378,575149898,3456978597.74,2202824109.34,21.503526,1.066924,0.88254,3.86,4.16,4.37,4.51,4.96,5.57,6.34,2012-02-17,-
2018-10-18,2654,万润科技,文化传媒,3.76,3.96,3.74,3.84,3.74,3310800,12742028.94,0.575641,0.261,5.74,否,1.08,0.0,-12.925,-15.044,-20.825,否,902605378,575149898,3466004651.52,2208575608.32,21.559671,1.069709,0.884844,3.83,4.09,4.34,4.47,4.93,5.55,6.32,2012-02-17,-
2018-10-19,2654,万润科技,文化传媒,3.76,3.96,3.72,3.92,3.72,3618571,14004108.19,0.629153,2.083,6.25,否,1.31,3.43,-1.508,-13.846,-18.503,否,902605378,575149898,3538213081.76,2254587600.16,22.008831,1.091995,0.903279,3.84,4.03,4.3,4.44,4.9,5.52,6.3,2012-02-17,-
2018-10-22,2654,万润科技,文化传媒,3.93,4.14,3.89,4.08,3.89,4544501,18403059.51,0.790142,4.082,6.38,否,1.65,6.527,5.426,-7.692,-15.702,否,902605378,575149898,3682629942.24,2346611583.84,22.907151,1.136566,0.940147,3.89,4.0,4.28,4.41,4.87,5.5,6.28,2012-02-17,-
2018-10-23,2654,万润科技,文化传媒,4.08,4.09,3.96,3.99,3.96,3850691,15512396.51,0.669511,-2.206,3.19,否,1.18,3.906,3.906,-9.318,-10.135,否,902605378,575149898,3601395458.22,2294848093.02,22.401846,1.111495,0.919409,3.93,3.96,4.26,4.38,4.84,5.47,6.26,2012-02-17,-
2018-10-24,2654,万润科技,文化传媒,4.39,4.39,4.11,4.39,4.11,11394314,49882221.58,1.981103,10.025,7.02,否,3.17,11.99,15.831,-0.454,-1.57,是,902605378,575149898,3962437609.42,2524908052.22,24.647645,1.222923,1.01158,4.04,3.95,4.25,4.37,4.82,5.45,6.24,2012-02-17,-
2018-10-25,2654,万润科技,文化传媒,4.34,4.83,4.22,4.66,4.22,32596457,149930793.56,5.667472,6.15,13.9,否,6.1,14.216,21.671,17.085,4.018,否,902605378,575149898,4206141061.48,2680198524.68,26.163559,1.298137,1.073796,4.21,4.02,4.25,4.36,4.8,5.43,6.22,2012-02-17,-
2018-10-26,2654,万润科技,文化传媒,4.48,4.54,4.38,4.4,4.38,18809287,83660870.06,3.270328,-5.579,3.43,否,1.68,10.276,14.583,13.695,-3.297,否,902605378,575149898,3971463663.2,2530659551.2,24.70379,1.225709,1.013884,4.3,4.07,4.24,4.35,4.78,5.41,6.2,2012-02-17,-
2018-10-29,2654,万润科技,文化传媒,4.3,4.34,4.19,4.22,4.19,10141702,43231380.69,1.763315,-4.091,3.41,否,0.71,-3.872,7.653,9.896,-6.43,否,902605378,575149898,3808994695.16,2427132569.56,23.69318,1.175566,0.972407,4.33,4.11,4.22,4.32,4.76,5.39,6.18,2012-02-17,-
2018-10-30,2654,万润科技,文化传媒,4.02,4.12,3.87,4.09,3.87,15673793,62462360.65,2.725167,-3.081,5.92,否,1.02,-12.232,0.245,7.916,-8.501,否,902605378,575149898,3691655996.02,2352363082.82,25.468174,1.123097,0.839404,4.35,4.14,4.19,4.31,4.74,5.36,6.16,2012-02-17,-
2018-10-31,2654,万润科技,文化传媒,4.03,4.13,3.98,4.1,3.98,11728773,47685969.87,2.039255,0.244,3.67,否,0.66,-6.818,2.757,7.05,-9.692,否,902605378,575149898,3700682049.8,2358114581.8,25.530444,1.125843,0.841456,4.29,4.17,4.17,4.3,4.71,5.33,6.14,2012-02-17,-
2018-11-01,2654,万润科技,文化传媒,4.09,4.4,4.07,4.22,4.07,15384176,64800363.1,2.674812,2.927,8.05,否,0.86,0.0,-3.872,9.896,-9.247,否,902605378,575149898,3808994695.16,2427132569.56,26.277676,1.158795,0.866084,4.21,4.21,4.15,4.29,4.69,5.31,6.12,2012-02-17,-
2018-11-02,2654,万润科技,文化传媒,4.25,4.3,4.16,4.25,4.16,12971226,54817469.66,2.255277,0.711,3.32,否,0.9,3.912,-8.798,8.418,-7.609,否,902605378,575149898,3836072856.5,2444387066.5,26.464484,1.167033,0.872241,4.18,4.24,4.14,4.28,4.67,5.29,6.1,2012-02-17,-
2018-11-05,2654,万润科技,文化传媒,4.21,4.29,4.16,4.28,4.16,9445250,40049051.5,1.642224,0.706,3.06,否,0.72,4.39,-2.727,4.902,-8.351,否,902605378,575149898,3863151017.84,2461641563.44,26.651293,1.175271,0.878398,4.19,4.26,4.13,4.27,4.66,5.26,6.09,2012-02-17,-
2018-11-06,2654,万润科技,文化传媒,4.25,4.48,4.12,4.39,4.12,13367750,57295668.0,2.32422,2.57,8.41,否,1.03,4.028,4.028,10.025,-5.388,否,902605378,575149898,3962437609.42,2524908052.22,27.336256,1.205476,0.900974,4.25,4.3,4.13,4.27,4.64,5.24,6.07,2012-02-17,-
2018-11-07,2654,万润科技,文化传媒,4.4,4.46,4.31,4.34,4.31,13898926,61166977.06,2.416575,-1.139,3.42,否,1.1,2.118,6.112,-1.139,-6.061,否,902605378,575149898,3917307340.52,2496150557.32,27.024909,1.191746,0.890712,4.3,4.3,4.12,4.27,4.62,5.22,6.05,2012-02-17,-
2018-11-08,2654,万润科技,文化传媒,4.37,4.4,4.29,4.29,4.29,6657526,28864466.32,1.157529,-1.152,2.53,否,0.51,0.234,4.634,-7.94,-5.088,否,902605378,575149898,3872177071.62,2467393062.42,26.713562,1.178016,0.880451,4.31,4.26,4.14,4.25,4.61,5.19,6.03,2012-02-17,-
2018-11-09,2654,万润科技,文化传媒,4.26,4.31,4.22,4.26,4.22,5043418,21505979.68,0.876888,-0.699,2.1,否,0.45,-2.961,0.948,-3.182,-6.374,否,902605378,575149898,3845098910.28,2450138565.48,26.526754,1.169779,0.874294,4.31,4.24,4.16,4.24,4.59,5.16,6.01,2012-02-17,-
2018-11-12,2654,万润科技,文化传媒,4.25,4.39,4.2,4.38,4.2,6344319,27477472.89,1.103072,2.817,4.46,否,0.66,0.922,3.059,3.791,-0.905,否,902605378,575149898,3953411555.64,2519156553.24,27.273986,1.20273,0.898922,4.33,4.26,4.19,4.23,4.57,5.14,6.0,2012-02-17,-
2018-11-13,2654,万润科技,文化传媒,4.34,4.57,4.33,4.48,4.33,14125320,62845114.55,2.455937,2.283,5.48,否,1.56,4.429,4.673,9.535,1.818,否,902605378,575149898,4043672093.44,2576671543.04,27.89668,1.23019,0.919445,4.35,4.3,4.22,4.23,4.55,5.12,5.98,2012-02-17,-
2018-11-14,2654,万润科技,文化传媒,4.52,4.93,4.46,4.93,4.46,17782924,85108681.56,3.091876,10.045,10.49,否,1.93,15.728,12.301,20.244,11.791,是,902605378,575149898,4449844513.54,2835488997.14,30.698802,1.353758,1.0118,4.47,4.38,4.28,4.24,4.55,5.1,5.97,2012-02-17,-
2018-11-15,2654,万润科技,文化传媒,5.42,5.42,4.86,4.91,4.86,40691143,208985495.86,7.074876,-0.406,11.36,否,4.07,12.1,13.134,16.351,23.367,否,902605378,575149898,4431792405.98,2823985999.18,30.574263,1.348266,1.007695,4.59,4.45,4.33,4.25,4.54,5.08,5.95,2012-02-17,-
2018-11-16,2654,万润科技,文化传媒,4.79,5.01,4.75,4.92,4.75,24039134,117051820.54,4.179629,0.204,5.3,否,1.43,9.821,14.685,15.765,27.132,否,902605378,575149898,4440818459.76,2829737498.16,30.636533,1.351012,1.009747,4.72,4.52,4.38,4.26,4.53,5.07,5.94,2012-02-17,-
2018-11-19,2654,万润科技,文化传媒,4.86,4.89,4.71,4.78,4.71,14801740,70944313.46,2.573545,-2.846,3.66,否,0.72,-3.043,12.207,11.682,24.479,否,902605378,575149898,4314453706.84,2749216512.44,29.764761,1.312568,0.981015,4.8,4.57,4.41,4.27,4.53,5.05,5.93,2012-02-17,-
2018-11-20,2654,万润科技,文化传媒,4.72,4.93,4.68,4.76,4.68,16065783,77461172.9,2.793321,-0.418,5.23,否,0.72,-3.055,8.676,8.428,25.594,否,902605378,575149898,4296401599.28,2737713514.48,29.640223,1.307077,0.97691,4.86,4.61,4.45,4.29,4.52,5.03,5.92,2012-02-17,-
2018-11-21,2654,万润科技,文化传媒,4.66,4.74,4.64,4.74,4.64,8921050,41901792.0,1.551083,-0.42,2.1,否,0.39,-3.659,5.804,9.217,23.76,否,902605378,575149898,4278349491.72,2726210516.52,29.515684,1.301585,0.972805,4.82,4.65,4.47,4.3,4.51,5.02,5.9,2012-02-17,-
2018-11-22,2654,万润科技,文化传媒,4.74,4.9,4.72,4.9,4.72,14903169,72076404.3,2.59118,3.376,3.8,否,0.71,2.51,-0.609,14.219,27.604,否,902605378,575149898,4422766352.2,2818234500.2,30.511994,1.34552,1.005643,4.82,4.71,4.48,4.33,4.51,5.01,5.89,2012-02-17,-
2018-11-23,2654,万润科技,文化传媒,4.9,4.9,4.52,4.55,4.52,11189163,52442497.99,1.945434,-7.143,7.76,否,0.71,-4.412,-7.332,6.808,16.071,否,902605378,575149898,4106854469.9,2616932035.9,28.332566,1.249411,0.933811,4.75,4.74,4.49,4.35,4.5,5.0,5.88,2012-02-17,-
2018-11-26,2654,万润科技,文化传媒,4.6,4.61,4.48,4.51,4.48,5202200,23616553.0,0.904495,-0.879,2.86,否,0.39,-4.852,-8.333,2.968,10.539,否,902605378,575149898,4070750254.78,2593926039.98,28.083488,1.238428,0.925602,4.69,4.75,4.5,4.37,4.49,4.98,5.87,2012-02-17,-
2018-11-27,2654,万润科技,文化传媒,4.55,4.61,4.52,4.59,4.52,4967755,22676008.9,0.863732,1.774,2.0,否,0.44,-6.327,-3.975,2.455,15.038,否,902605378,575149898,4142958685.02,2639938031.82,28.581643,1.260395,0.94202,4.66,4.76,4.53,4.4,4.48,4.97,5.85,2012-02-17,-
2018-11-28,2654,万润科技,文化传媒,4.64,4.64,4.46,4.61,4.46,5240565,23912961.0,0.911165,0.436,3.92,否,0.58,1.319,-3.151,-6.491,5.011,否,902605378,575149898,4161010792.58,2651441029.78,28.706182,1.265887,0.946125,4.63,4.73,4.55,4.43,4.47,4.96,5.84,2012-02-17,-
2018-11-29,2654,万润科技,文化传媒,4.63,4.63,4.27,4.3,4.27,8880700,39520501.0,1.544067,-6.725,7.81,否,1.07,-4.656,-9.283,-12.424,-7.725,否,902605378,575149898,3881203125.4,2473144561.4,26.775831,1.180762,0.882503,4.51,4.67,4.56,4.44,4.46,4.95,5.82,2012-02-17,-
2018-11-30,2654,万润科技,文化传媒,4.26,4.33,4.1,4.29,4.1,6807000,28895521.0,1.183518,-0.233,5.35,否,0.96,-6.536,-12.449,-12.805,-2.5,否,902605378,575149898,3872177071.62,2467393062.42,26.713562,1.178016,0.880451,4.46,4.6,4.56,4.45,4.45,4.94,5.81,2012-02-17,-
2018-12-03,2654,万润科技,文化传媒,4.38,4.52,4.36,4.48,4.36,8192616,36490314.62,1.424431,4.429,3.73,否,1.32,-2.82,-1.538,-6.276,6.161,否,902605378,575149898,4043672093.44,2576671543.04,27.89668,1.23019,0.919445,4.45,4.57,4.57,4.47,4.44,4.92,5.8,2012-02-17,-
2018-12-04,2654,万润科技,文化传媒,4.5,4.54,4.45,4.5,4.45,4852885,21812021.15,0.84376,0.446,2.01,否,0.71,4.651,-0.222,-5.462,10.024,否,902605378,575149898,4061724201.0,2588174541.0,28.021219,1.235682,0.92355,4.44,4.55,4.58,4.48,4.43,4.91,5.79,2012-02-17,-
2018-12-05,2654,万润科技,文化传媒,4.44,4.51,4.35,4.47,4.35,4790060,21304696.4,0.832837,-0.667,3.56,否,0.7,4.196,-2.614,-5.696,9.024,否,902605378,575149898,4034646039.66,2570920044.06,27.834411,1.227444,0.917393,4.41,4.52,4.58,4.49,4.43,4.9,5.78,2012-02-17,-
2018-12-06,2654,万润科技,文化传媒,4.44,4.5,4.34,4.34,4.34,4571860,20125349.2,0.794899,-2.908,3.58,否,0.68,-3.125,-5.857,-11.429,2.844,否,902605378,575149898,3917307340.52,2496150557.32,27.024909,1.191746,0.890712,4.42,4.46,4.59,4.48,4.42,4.88,5.76,2012-02-17,-
2018-12-07,2654,万润科技,文化传媒,4.33,4.41,4.33,4.35,4.33,3307186,14424536.1,0.575013,0.23,1.84,否,0.57,-3.333,1.163,-4.396,2.353,否,902605378,575149898,3926333394.3,2501902056.3,27.087178,1.194492,0.892765,4.43,4.44,4.59,4.47,4.41,4.87,5.75,2012-02-17,-
2018-12-10,2654,万润科技,文化传媒,4.32,4.57,4.3,4.42,4.3,7653334,34068976.65,1.330668,1.609,6.21,否,1.49,-1.119,3.03,-1.996,3.271,否,902605378,575149898,3989515770.76,2542162549.16,27.523064,1.213714,0.907131,4.42,4.44,4.59,4.48,4.4,4.86,5.74,2012-02-17,-
2018-12-11,2654,万润科技,文化传媒,4.4,4.53,4.38,4.53,4.38,8373500,37246005.92,1.455881,2.489,3.39,否,1.66,4.378,1.116,-1.307,3.189,否,902605378,575149898,4088802362.34,2605429037.94,28.208027,1.24392,0.929707,4.42,4.43,4.59,4.5,4.4,4.85,5.74,2012-02-17,-
2018-12-12,2654,万润科技,文化传媒,4.52,4.54,4.43,4.45,4.43,7721255,34472723.74,1.342477,-1.766,2.43,否,1.35,2.299,-1.111,-3.471,2.535,否,902605378,575149898,4016593932.1,2559417046.1,27.709872,1.221952,0.913288,4.42,4.41,4.57,4.51,4.4,4.84,5.73,2012-02-17,-
2018-12-13,2654,万润科技,文化传媒,4.45,4.69,4.36,4.59,4.36,13399262,60929673.11,2.329699,3.146,7.42,否,2.12,3.846,2.685,6.744,6.993,否,902605378,575149898,4142958685.02,2639938031.82,28.581643,1.260395,0.94202,4.47,4.44,4.55,4.52,4.41,4.84,5.72,2012-02-17,-
2018-12-14,2654,万润科技,文化传媒,4.53,4.58,4.33,4.35,4.33,10938895,48538403.18,1.901921,-5.229,5.45,否,1.35,-3.974,0.23,1.399,2.113,否,902605378,575149898,3926333394.3,2501902056.3,27.087178,1.194492,0.892765,4.47,4.45,4.53,4.52,4.4,4.83,5.7,2012-02-17,-
2018-12-17,2654,万润科技,文化传媒,4.28,4.32,4.21,4.25,4.21,5483979,23290661.04,0.953487,-2.299,2.53,否,0.57,-4.494,-2.299,-5.134,-2.968,否,902605378,575149898,3836072856.5,2444387066.5,26.464484,1.167033,0.872241,4.43,4.43,4.5,4.52,4.4,4.82,5.69,2012-02-17,-
2018-12-18,2654,万润科技,文化传媒,4.2,4.28,4.12,4.19,4.12,5199700,21810401.23,0.90406,-1.412,3.76,否,0.57,-8.715,-5.204,-6.889,-6.473,否,902605378,575149898,3781916533.82,2409878072.62,26.090868,1.150557,0.859927,4.37,4.39,4.47,4.52,4.39,4.81,5.68,2012-02-17,-
2018-12-19,2654,万润科技,文化传媒,4.19,4.24,4.12,4.12,4.12,3799564,15864455.32,0.660622,-1.671,2.86,否,0.44,-5.287,-9.051,-7.83,-16.43,否,902605378,575149898,3718734157.36,2369617579.76,25.654983,1.131335,0.845561,4.3,4.36,4.44,4.51,4.39,4.8,5.67,2012-02-17,-
2018-12-20,2654,万润科技,文化传媒,4.12,4.22,4.1,4.2,4.1,4238500,17681656.22,0.736938,1.942,2.91,否,0.55,-1.176,-5.618,-3.226,-14.46,否,902605378,575149898,3790942587.6,2415629571.6,26.153138,1.153303,0.86198,4.22,4.35,4.4,4.51,4.38,4.79,5.66,2012-02-17,-
2018-12-21,2654,万润科技,文化传媒,4.16,4.22,4.12,4.17,4.12,2668028,11113139.92,0.463884,-0.714,2.38,否,0.45,-0.477,-9.15,-4.138,-15.244,否,902605378,575149898,3763864426.26,2398375074.66,25.966329,1.145065,0.855823,4.19,4.33,4.39,4.5,4.37,4.78,5.65,2012-02-17,-
2018-12-24,2654,万润科技,文化传媒,4.14,4.22,4.14,4.19,4.14,2046500,8579265.0,0.35582,0.48,1.92,否,0.48,1.699,-3.678,-5.204,-12.343,否,902605378,575149898,3781916533.82,2409878072.62,26.090868,1.150557,0.859927,4.17,4.3,4.37,4.5,4.36,4.77,5.64,2012-02-17,-
2018-12-25,2654,万润科技,文化传媒,4.17,4.17,3.92,4.07,3.92,5543600,22367224.0,0.963853,-2.864,5.97,否,1.54,-3.095,-4.235,-10.155,-14.496,否,902605378,575149898,3673603888.46,2340860084.86,25.343636,1.117605,0.835299,4.15,4.26,4.34,4.48,4.35,4.76,5.63,2012-02-17,-
2018-12-26,2654,万润科技,文化传媒,4.07,4.11,4.01,4.05,4.01,3637000,14761128.0,0.632357,-0.491,2.46,否,0.99,-2.878,-3.341,-8.989,-14.557,否,902605378,575149898,3655551780.9,2329357086.9,25.219097,1.112113,0.831195,4.14,4.22,4.32,4.45,4.35,4.75,5.62,2012-02-17,-
2018-12-27,2654,万润科技,文化传媒,4.13,4.15,3.93,3.94,3.93,3950625,15986285.0,0.686886,-2.716,5.43,否,1.09,-5.967,-4.369,-14.161,-19.592,否,902605378,575149898,3556265189.32,2266090598.12,24.534134,1.081908,0.808619,4.08,4.15,4.3,4.42,4.34,4.73,5.6,2012-02-17,-
2018-12-28,2654,万润科技,文化传媒,3.94,4.0,3.92,3.95,3.92,2576900,10192011.0,0.44804,0.254,2.03,否,0.72,-2.948,-5.952,-9.195,-13.187,否,902605378,575149898,3565291243.1,2271842097.1,24.596403,1.084654,0.810671,4.04,4.11,4.28,4.39,4.33,4.72,5.59,2012-02-17,-
2019-01-02,2654,万润科技,文化传媒,3.96,4.02,3.94,3.95,3.94,1752897,6952876.4,0.304772,0.0,2.03,否,0.49,-2.469,-5.276,-7.059,-12.417,否,902605378,588374948,3565291243.1,2324081044.6,24.596403,1.084654,0.810671,3.99,4.08,4.25,4.36,4.32,4.71,5.58,2012-02-17,-
2019-01-03,2654,万润科技,文化传媒,3.95,3.98,3.88,3.88,3.88,3156700,12389231.0,0.548848,-1.772,2.53,否,0.9,-1.523,-7.399,-7.399,-15.468,否,902605378,588374948,3502108866.64,2282894798.24,24.160518,1.065432,0.796305,3.95,4.05,4.22,4.33,4.31,4.7,5.57,2012-02-17,-
2019-01-04,2654,万润科技,文化传媒,3.84,4.01,3.82,3.99,3.82,4066193,16022257.63,0.70698,2.835,4.9,否,1.35,1.013,-1.966,-3.155,-13.449,否,902605378,588374948,3601395458.22,2347616042.52,24.845481,1.095638,0.818881,3.94,4.04,4.2,4.31,4.3,4.69,5.56,2012-02-17,-
2019-01-07,2654,万润科技,文化传媒,4.01,4.1,4.0,4.09,4.0,4054421,16510513.65,0.704933,2.506,2.51,否,1.31,3.544,0.988,-2.619,-4.884,否,902605378,588374948,3691655996.02,2406453537.32,25.468174,1.123097,0.839404,3.97,4.03,4.19,4.28,4.3,4.68,5.55,2012-02-17,-
2019-01-08,2654,万润科技,文化传媒,4.1,4.15,4.04,4.12,4.04,4030062,16527237.96,0.700698,0.733,2.69,否,1.29,6.186,4.569,-1.199,-3.963,否,902605378,588374948,3718734157.36,2424104785.76,25.654983,1.131335,0.845561,4.01,4.02,4.18,4.26,4.31,4.67,5.54,2012-02-17,-
2019-01-09,2654,万润科技,文化传媒,4.1,4.18,4.08,4.11,4.08,5722225,23721433.25,0.99491,-0.243,2.43,否,1.68,3.008,4.051,-1.909,-8.259,否,902605378,588374948,3709708103.58,2418221036.28,25.592713,1.128589,0.843509,4.04,4.02,4.16,4.25,4.31,4.66,5.54,2012-02-17,-
2019-01-10,2654,万润科技,文化传媒,4.12,4.24,4.12,4.16,4.12,6824372,28548397.08,1.186538,1.217,2.92,否,1.62,1.711,5.316,2.211,-7.556,否,902605378,588374948,3754838372.48,2447639783.68,25.90406,1.142319,0.85377,4.09,4.02,4.14,4.24,4.32,4.65,5.53,2012-02-17,-
2019-01-11,2654,万润科技,文化传媒,4.23,4.28,4.12,4.19,4.12,5872375,24540929.25,1.021016,0.721,3.85,否,1.19,1.699,7.99,3.457,-6.264,否,902605378,588374948,3781916533.82,2465291032.12,26.090868,1.150557,0.859927,4.13,4.04,4.13,4.22,4.32,4.64,5.52,2012-02-17,-
2019-01-14,2654,万润科技,文化传媒,4.16,4.19,4.11,4.14,4.11,4015000,16593925.0,0.698079,-1.193,1.91,否,0.76,0.73,3.759,5.076,-4.608,否,902605378,588374948,3736786264.92,2435872284.72,25.779521,1.136827,0.849666,4.14,4.06,4.11,4.22,4.33,4.63,5.51,2012-02-17,-
2019-01-15,2654,万润科技,文化传媒,4.13,4.24,4.1,4.23,4.1,5663064,23737713.02,0.984624,2.174,3.38,否,1.07,1.683,3.423,7.089,-2.759,否,902605378,588374948,3818020748.94,2488826030.04,26.339946,1.161541,0.868137,4.17,4.09,4.1,4.22,4.33,4.62,5.5,2012-02-17,-
2019-01-16,2654,万润科技,文化传媒,4.19,4.28,4.14,4.21,4.14,5504164,23046062.23,0.956996,-0.473,3.31,否,0.98,0.477,2.184,6.582,-4.751,否,902605378,588374948,3799968641.38,2477058531.08,26.215407,1.156049,0.864032,4.19,4.11,4.1,4.21,4.34,4.61,5.49,2012-02-17,-
2019-01-17,2654,万润科技,文化传媒,4.2,4.25,4.1,4.1,4.1,4629400,19179829.0,0.804903,-2.613,3.56,否,0.83,-0.966,-0.243,5.67,-9.492,否,902605378,588374948,3700682049.8,2412337286.8,25.530444,1.125843,0.841456,4.17,4.13,4.09,4.19,4.34,4.59,5.48,2012-02-17,-
2019-01-18,2654,万润科技,文化传媒,4.1,4.15,4.06,4.13,4.06,3489023,14328144.53,0.606628,0.732,2.2,否,0.68,-2.364,-0.721,3.509,-7.191,否,902605378,588374948,3727760211.14,2429988535.24,25.717252,1.134081,0.847613,4.16,4.15,4.09,4.18,4.33,4.58,5.47,2012-02-17,-
2019-01-21,2654,万润科技,文化传媒,4.12,4.17,4.1,4.15,4.1,3417450,14168766.28,0.594184,0.484,1.69,否,0.73,-1.425,-0.955,1.467,-9.586,否,902605378,588374948,3745812318.7,2441756034.2,25.841791,1.139573,0.851718,4.16,4.15,4.09,4.18,4.33,4.56,5.46,2012-02-17,-
2019-01-22,2654,万润科技,文化传媒,4.14,4.17,4.06,4.1,4.06,2822200,11597584.0,0.490689,-1.205,2.65,否,0.62,0.0,-0.966,-0.485,-5.747,否,902605378,588374948,3700682049.8,2412337286.8,25.530444,1.125843,0.841456,4.14,4.15,4.09,4.17,4.32,4.55,5.45,2012-02-17,-
2019-01-23,2654,万润科技,文化传媒,4.07,4.11,4.07,4.09,4.07,1823600,7453385.0,0.317065,-0.244,0.98,否,0.46,-0.969,-3.31,-0.487,-3.765,否,902605378,588374948,3691655996.02,2406453537.32,25.468174,1.123097,0.839404,4.11,4.15,4.08,4.16,4.32,4.54,5.44,2012-02-17,-
2019-01-24,2654,万润科技,文化传媒,4.09,4.18,4.09,4.15,4.09,4376560,18135565.7,0.760942,1.467,2.2,否,1.35,0.0,-1.425,-0.24,-0.955,否,902605378,588374948,3745812318.7,2441756034.2,25.841791,1.139573,0.851718,4.12,4.15,4.09,4.14,4.32,4.53,5.43,2012-02-17,-
2019-01-25,2654,万润科技,文化传媒,4.14,4.23,4.12,4.16,4.12,7209388,30146168.08,1.25348,0.241,2.65,否,2.26,1.463,1.463,-0.716,0.971,否,902605378,588374948,3754838372.48,2447639783.68,25.90406,1.142319,0.85377,4.13,4.15,4.09,4.13,4.32,4.52,5.42,2012-02-17,-
2019-01-28,2654,万润科技,文化传媒,4.2,4.2,4.0,4.01,4.0,6226439,25399892.71,1.082577,-3.606,4.81,否,1.58,-1.956,-2.906,-3.14,-4.524,否,902605378,588374948,3619447565.78,2359383541.48,24.970019,1.10113,0.822985,4.1,4.13,4.1,4.11,4.32,4.5,5.41,2012-02-17,-
2019-01-29,2654,万润科技,文化传媒,4.0,4.01,3.8,3.93,3.8,4231000,16478188.0,0.735634,-1.995,5.24,否,0.94,-5.301,-5.301,-7.092,-5.755,否,902605378,588374948,3547239135.54,2312313545.64,24.471864,1.079162,0.806567,4.07,4.1,4.09,4.1,4.31,4.49,5.4,2012-02-17,-
2019-01-30,2654,万润科技,文化传媒,3.91,3.93,3.83,3.83,3.83,3656468,14173665.88,0.635742,-2.545,2.54,否,0.77,-7.933,-6.585,-9.026,-8.592,否,902605378,588374948,3456978597.74,2253476050.84,23.849171,1.051702,0.786043,4.02,4.07,4.09,4.09,4.3,4.48,5.39,2012-02-17,-
2019-01-31,2654,万润科技,文化传媒,3.83,3.88,3.66,3.7,3.66,4130100,15567900.0,0.718091,-3.394,5.74,否,0.8,-7.731,-9.535,-9.756,-9.091,否,902605378,588374948,3339639898.6,2176987307.6,23.039669,1.016005,0.759363,3.93,4.03,4.08,4.07,4.29,4.47,5.38,2012-02-17,-
2019-02-01,2654,万润科技,文化传媒,3.73,3.9,3.72,3.88,3.72,2586400,9878314.0,0.449691,4.865,4.86,否,0.51,-1.272,-6.506,-6.053,-4.198,否,902605378,588374948,3502108866.64,2282894798.24,24.160518,1.065432,0.796305,3.87,4.0,4.07,4.06,4.29,4.45,5.37,2012-02-17,-
2019-02-11,2654,万润科技,文化传媒,3.92,4.01,3.9,4.01,3.9,3486000,13868821.0,0.606103,3.351,2.84,否,0.84,4.7,-3.606,-3.373,1.777,否,902605378,588374948,3619447565.78,2359383541.48,24.970019,1.10113,0.822985,3.87,3.99,4.07,4.06,4.28,4.44,5.36,2012-02-17,-
2019-02-12,2654,万润科技,文化传媒,3.99,4.09,3.99,4.07,3.99,5142257,20848651.71,0.894072,1.496,2.49,否,1.42,10.0,1.496,-0.732,3.038,否,902605378,588374948,3673603888.46,2394686038.36,25.343636,1.117605,0.835299,3.9,3.98,4.07,4.05,4.28,4.43,5.35,2012-02-17,-
2019-02-13,2654,万润科技,文化传媒,4.07,4.33,3.98,4.2,3.98,10753619,44953502.1,1.869707,3.194,8.6,否,2.83,8.247,6.87,2.689,6.329,否,902605378,588374948,3790942587.6,2471174781.6,26.153138,1.153303,0.86198,3.97,3.99,4.07,4.05,4.27,4.42,5.34,2012-02-17,-
2019-02-14,2654,万润科技,文化传媒,4.2,4.25,4.14,4.17,4.14,6539135,27268857.44,1.136944,-0.714,2.62,否,1.25,3.99,8.877,0.482,7.474,否,902605378,588374948,3763864426.26,2453523533.16,25.966329,1.145065,0.855823,4.07,4.0,4.07,4.06,4.27,4.41,5.33,2012-02-17,-
2019-02-15,2654,万润科技,文化传媒,4.17,4.37,4.15,4.21,4.15,9723918,41330739.42,1.690675,0.959,5.28,否,1.71,3.44,13.784,1.202,5.514,否,902605378,588374948,3799968641.38,2477058531.08,26.215407,1.156049,0.864032,4.13,4.0,4.07,4.06,4.26,4.4,5.32,2012-02-17,-
2019-02-18,2654,万润科技,文化传媒,4.23,4.39,4.21,4.37,4.21,11454550,49407181.8,1.991576,3.8,4.28,否,1.61,4.048,12.629,8.978,6.846,否,902605378,588374948,3944385501.86,2571198522.76,27.211717,1.199984,0.896869,4.2,4.04,4.09,4.08,4.25,4.39,5.32,2012-02-17,-
2019-02-19,2654,万润科技,文化传媒,4.4,4.47,4.29,4.44,4.29,14604934,63968730.2,2.539327,1.602,4.12,否,1.67,6.475,10.723,12.977,7.767,否,902605378,588374948,4007567878.32,2612384769.12,27.647603,1.219206,0.911236,4.28,4.09,4.1,4.09,4.24,4.39,5.31,2012-02-17,-
2019-02-20,2654,万润科技,文化传媒,4.41,4.41,4.27,4.35,4.27,10234376,44368436.6,1.779428,-2.027,3.15,否,0.96,3.325,6.88,13.577,5.839,否,902605378,588374948,3926333394.3,2559431023.8,27.087178,1.194492,0.892765,4.31,4.14,4.1,4.11,4.23,4.38,5.31,2012-02-17,-
2019-02-21,2654,万润科技,文化传媒,4.34,4.56,4.32,4.39,4.32,17637770,78690193.9,3.066639,0.92,5.52,否,1.68,0.458,4.524,18.649,5.529,否,902605378,588374948,3962437609.42,2582966021.72,27.336256,1.205476,0.900974,4.35,4.21,4.12,4.12,4.23,4.37,5.3,2012-02-17,-
2019-02-22,2654,万润科技,文化传媒,4.52,4.83,4.4,4.83,4.4,40488306,192906039.46,7.039609,10.023,9.79,否,3.18,8.784,15.827,24.485,15.274,是,902605378,588374948,4359583975.74,2841850998.84,30.076108,1.326298,0.991276,4.48,4.3,4.15,4.15,4.23,4.37,5.3,2012-02-17,-
2019-02-25,2654,万润科技,文化传媒,4.88,5.25,4.8,5.05,4.8,54840998,271971999.85,9.535079,4.555,9.32,否,2.9,16.092,19.952,25.935,21.981,否,902605378,588374948,4558157158.9,2971293487.4,31.446034,1.386709,1.036428,4.61,4.41,4.2,4.18,4.23,4.37,5.3,2012-02-17,-
2019-02-26,2654,万润科技,文化传媒,4.9,5.0,4.85,4.86,4.85,32760093,160677456.68,5.695923,-3.762,2.97,否,1.19,10.706,11.213,19.41,14.894,否,902605378,588374948,4386662137.08,2859502247.28,30.262916,1.334536,0.997433,4.7,4.49,4.24,4.21,4.24,4.37,5.3,2012-02-17,-
2019-02-27,2654,万润科技,文化传媒,4.81,4.9,4.71,4.75,4.71,15794043,76165272.4,2.746074,-2.263,3.91,否,0.51,-1.656,6.982,13.095,12.827,否,902605378,588374948,4287375545.5,2794781003.0,29.577953,1.304331,0.974858,4.78,4.54,4.27,4.23,4.24,4.36,5.29,2012-02-17,-
2019-02-28,2654,万润科技,文化传媒,4.59,4.79,4.59,4.72,4.59,13256804,62177488.21,2.30493,-0.632,4.21,否,0.41,-6.535,8.506,13.189,15.122,否,902605378,588374948,4260297384.16,2777129754.56,-4.368873,1.296093,0.929265,4.84,4.6,4.3,4.25,4.24,4.36,5.29,2012-02-17,-
2019-03-01,2654,万润科技,文化传媒,4.72,4.78,4.66,4.73,4.66,8960842,42159877.24,1.558001,0.212,2.54,否,0.29,-2.675,7.745,12.352,14.528,否,902605378,588374948,4269323437.94,2783013504.04,-4.378129,1.298839,0.931234,4.82,4.65,4.33,4.27,4.24,4.36,5.29,2012-02-17,-
2019-03-04,2654,万润科技,文化传媒,4.75,4.91,4.75,4.8,4.75,18307090,88432649.61,3.183012,1.48,3.38,否,0.73,1.053,-0.621,9.84,15.663,否,902605378,588374948,4332505814.4,2824199750.4,-4.442921,1.31806,0.945016,4.77,4.69,4.36,4.29,4.25,4.35,5.28,2012-02-17,-
2019-03-05,2654,万润科技,文化传媒,4.8,4.97,4.78,4.96,4.78,17441306,85003742.16,3.03248,3.333,3.96,否,0.98,5.085,-1.782,11.712,20.976,否,902605378,588374948,4476922674.88,2918339742.08,-4.591019,1.361996,0.976516,4.79,4.74,4.42,4.31,4.26,4.35,5.28,2012-02-17,-
2019-03-06,2654,万润科技,文化传媒,4.97,5.02,4.82,5.0,4.82,26793162,132028106.92,4.658466,0.806,4.03,否,1.82,5.708,2.881,14.943,22.249,否,902605378,588374948,4513026890.0,2941874740.0,-4.628043,1.37298,0.984391,4.84,4.81,4.47,4.34,4.27,4.36,5.28,2012-02-17,-
2019-03-07,2654,万润科技,文化传媒,4.98,5.05,4.87,5.02,4.87,29424872,146266654.88,5.116035,0.4,3.6,否,1.74,4.583,5.684,14.351,20.964,否,902605378,588374948,4531078997.56,2953642238.96,-4.646555,1.378472,0.988329,4.9,4.87,4.54,4.37,4.28,4.36,5.27,2012-02-17,-
2019-03-08,2654,万润科技,文化传媒,5.15,5.52,5.03,5.1,5.03,50225058,265073114.8,8.732516,1.594,9.76,否,2.49,2.823,8.051,5.59,22.596,否,902605378,588374948,4603287427.8,3000712234.8,-4.720604,1.400439,1.004079,4.98,4.9,4.6,4.4,4.29,4.36,5.27,2012-02-17,-
2019-03-11,2654,万润科技,文化传媒,5.2,5.35,5.03,5.33,5.03,32528703,168912515.67,5.655691,4.51,6.27,否,1.14,6.6,12.685,5.545,32.918,否,902605378,588374948,4810886664.74,3136038472.84,-4.933494,1.463596,1.049361,5.08,4.93,4.67,4.44,4.31,4.36,5.27,2012-02-17,-
2019-03-12,2654,万润科技,文化传媒,5.3,5.42,5.2,5.29,5.2,27685978,146994951.43,4.813698,-0.75,4.13,否,0.89,5.378,10.208,8.848,34.606,否,902605378,588374948,4774782449.62,3112503474.92,-4.89647,1.452612,1.041486,5.15,4.97,4.73,4.48,4.32,4.37,5.26,2012-02-17,-
2019-03-13,2654,万润科技,文化传媒,5.28,5.32,5.04,5.07,5.04,18955056,98465065.76,3.295672,-4.159,5.29,否,0.57,-0.588,2.218,6.737,32.376,否,902605378,588374948,4576209266.46,2983060986.36,-4.692836,1.392201,0.998173,5.16,5.0,4.77,4.51,4.33,4.37,5.25,2012-02-17,-
2019-03-14,2654,万润科技,文化传媒,5.02,5.08,4.69,4.76,4.69,18349811,88966065.25,3.19044,-6.114,7.69,否,0.58,-10.694,-4.8,0.847,28.649,否,902605378,588374948,4296401599.28,2800664752.48,-4.405897,1.307077,0.93714,5.11,5.01,4.8,4.53,4.34,4.37,5.24,2012-02-17,-
2019-03-15,2654,万润科技,文化传媒,4.81,4.88,4.8,4.83,4.8,9510000,46034005.0,1.653482,1.471,1.68,否,0.32,-8.696,-3.785,2.114,24.485,否,902605378,588374948,4359583975.74,2841850998.84,-4.47069,1.326298,0.950922,5.06,5.02,4.83,4.56,4.34,4.37,5.24,2012-02-17,-
2019-03-18,2654,万润科技,文化传媒,4.84,4.95,4.8,4.94,4.8,9636749,47093034.8,1.67552,2.277,3.11,否,0.45,-2.564,-3.137,2.917,23.192,否,902605378,588374948,4458870567.32,2906572243.12,-4.572507,1.356504,0.972579,4.98,5.03,4.86,4.59,4.35,4.38,5.23,2012-02-17,-
2019-03-19,2654,万润科技,文化传媒,4.94,5.03,4.88,4.97,4.88,10431477,51704103.3,1.813697,0.607,3.04,否,0.62,4.412,-6.754,0.202,22.113,否,902605378,588374948,4485948728.66,2924223491.56,-4.600275,1.364742,0.978485,4.91,5.03,4.89,4.62,4.36,4.38,5.22,2012-02-17,-
2019-03-20,2654,万润科技,文化传媒,4.97,5.05,4.86,4.94,4.86,10001399,49585683.12,1.73892,-0.604,3.82,否,0.75,2.277,-6.616,-1.2,17.619,否,902605378,588374948,4458870567.32,2906572243.12,-4.572507,1.356504,0.972579,4.89,5.03,4.92,4.66,4.37,4.39,5.22,2012-02-17,-
2019-03-21,2654,万润科技,文化传媒,4.99,5.05,4.96,5.0,4.96,11079563,55576379.91,1.926378,1.215,1.82,否,0.96,1.215,-1.381,-0.398,19.904,否,902605378,588374948,4513026890.0,2941874740.0,-4.628043,1.37298,0.984391,4.94,5.02,4.95,4.7,4.39,4.39,5.21,2012-02-17,-
2019-03-22,2654,万润科技,文化传媒,5.05,5.31,4.98,5.16,4.98,19816141,102133307.44,3.445387,3.2,6.6,否,1.96,3.823,8.403,1.176,22.565,否,902605378,588374948,4657443750.48,3036014731.68,-4.77614,1.416915,1.015892,5.0,5.03,4.96,4.74,4.4,4.39,5.2,2012-02-17,-
2019-03-25,2654,万润科技,文化传媒,5.13,5.26,5.05,5.13,5.05,14188764,73057877.67,2.466968,-0.581,4.07,否,1.16,3.846,6.211,-3.752,17.391,否,902605378,588374948,4630365589.14,3018363483.24,-4.748372,1.408677,1.009985,5.04,5.01,4.97,4.78,4.42,4.4,5.19,2012-02-17,-
2019-03-26,2654,万润科技,文化传媒,5.12,5.17,4.89,4.91,4.89,11913344,59531558.78,2.071346,-4.289,5.46,否,0.91,-1.8,-0.607,-7.183,10.586,否,902605378,588374948,4431792405.98,2888920994.68,-4.544738,1.348266,0.966672,5.03,4.97,4.97,4.81,4.43,4.4,5.19,2012-02-17,-
2019-03-27,2654,万润科技,文化传媒,4.95,4.95,4.73,4.89,4.73,10591418,51051325.84,1.841506,-0.407,4.48,否,0.79,-5.233,-1.61,-3.55,12.414,否,902605378,588374948,4413740298.42,2877153495.72,-4.526226,1.342774,0.962735,5.02,4.95,4.98,4.83,4.44,4.4,5.18,2012-02-17,-
2019-03-28,2654,万润科技,文化传媒,4.84,4.89,4.75,4.76,4.75,7323069,35240265.95,1.273245,-2.658,2.86,否,0.54,-7.212,-3.644,0.0,8.428,否,902605378,588374948,4296401599.28,2800664752.48,-4.405897,1.307077,0.93714,4.97,4.95,4.98,4.85,4.45,4.4,5.17,2012-02-17,-
2019-03-29,2654,万润科技,文化传媒,4.79,4.86,4.66,4.86,4.66,7492477,35819517.42,1.3027,2.101,4.2,否,0.59,-1.018,-2.8,0.621,0.621,否,902605378,588374948,4386662137.08,2859502247.28,-4.498458,1.334536,0.956828,4.91,4.96,4.99,4.87,4.47,4.41,5.16,2012-02-17,-
2019-04-01,2654,万润科技,文化传媒,4.89,5.03,4.86,5.02,4.86,10634518,52807622.49,1.848999,3.292,3.5,否,1.03,2.658,-2.713,1.619,-0.594,否,902605378,588374948,4531078997.56,2953642238.96,-4.646555,1.378472,0.988329,4.89,4.96,5.0,4.9,4.49,4.41,5.15,2012-02-17,-
2019-04-02,2654,万润科技,文化传媒,5.03,5.06,5.0,5.03,5.0,11206459,56398364.18,1.948441,0.199,1.2,否,1.17,5.672,-1.949,1.207,3.498,否,902605378,588374948,4540105051.34,2959525988.44,-4.655811,1.381217,0.990298,4.91,4.97,5.0,4.92,4.5,4.41,5.15,2012-02-17,-
2019-04-03,2654,万润科技,文化传媒,4.96,5.03,4.86,5.03,4.86,11315564,56325684.0,1.967411,0.0,3.38,否,1.2,3.498,2.444,1.822,5.895,否,902605378,588374948,4540105051.34,2959525988.44,-4.655811,1.381217,0.990298,4.94,4.98,5.0,4.94,4.52,4.42,5.14,2012-02-17,-
2019-04-04,2654,万润科技,文化传媒,5.05,5.08,4.97,5.01,4.97,9830085,49411956.09,1.709134,-0.398,2.19,否,1.02,-0.199,2.454,0.2,6.144,否,902605378,588374948,4522052943.78,2947758489.48,-4.637299,1.375726,0.98636,4.99,4.98,5.0,4.96,4.54,4.42,5.14,2012-02-17,-
2019-04-08,2654,万润科技,文化传媒,5.02,5.07,4.88,4.94,4.88,10327103,51441669.88,1.79555,-1.397,3.79,否,1.02,-1.789,3.782,-4.264,4.44,否,902605378,588374948,4458870567.32,2906572243.12,-4.572507,1.356504,0.972579,5.01,4.96,4.99,4.96,4.56,4.43,5.13,2012-02-17,-
2019-04-09,2654,万润科技,文化传媒,4.91,4.97,4.87,4.95,4.87,6775076,33364051.64,1.177967,0.202,2.02,否,0.64,-1.59,1.852,-3.509,3.125,否,902605378,588374948,4467896621.1,2912455992.6,-4.581763,1.35925,0.974547,4.99,4.94,4.97,4.96,4.57,4.44,5.12,2012-02-17,-
2019-04-10,2654,万润科技,文化传媒,4.91,4.95,4.84,4.9,4.84,9328484,45534175.52,1.621922,-1.01,2.22,否,0.94,-2.196,-2.39,-0.204,-1.21,否,902605378,588374948,4422766352.2,2883037245.2,-4.535482,1.34552,0.964703,4.97,4.94,4.96,4.96,4.58,4.45,5.12,2012-02-17,-
2019-04-11,2654,万润科技,文化传媒,4.87,5.15,4.86,5.01,4.86,14397211,71907539.77,2.50321,2.245,5.92,否,1.51,1.417,-0.398,2.454,0.2,否,902605378,588374948,4522052943.78,2947758489.48,-4.637299,1.375726,0.98636,4.96,4.95,4.95,4.97,4.6,4.46,5.11,2012-02-17,-
2019-04-12,2654,万润科技,文化传媒,4.99,5.02,4.83,4.87,4.83,10273298,50287925.5,1.786195,-2.794,3.79,否,1.01,-1.616,-3.181,2.311,-2.988,否,902605378,588374948,4395688190.86,2865385996.76,-4.507714,1.337282,0.958797,4.93,4.96,4.96,4.97,4.61,4.46,5.1,2012-02-17,-
2019-04-15,2654,万润科技,文化传媒,4.9,4.95,4.8,4.8,4.8,7136900,34821091.0,1.240877,-1.437,3.08,否,0.7,-2.041,-4.192,-1.235,-5.882,否,902605378,588374948,4332505814.4,2824199750.4,-4.442921,1.31806,0.945016,4.91,4.96,4.96,4.98,4.62,4.47,5.09,2012-02-17,-
2019-04-16,2654,万润科技,文化传媒,4.73,4.85,4.61,4.84,4.61,8443507,39883128.92,1.468053,0.833,5.0,否,0.88,-3.393,-2.024,-3.586,-9.193,否,902605378,588374948,4368610029.52,2847734748.32,-3.852127,1.329044,0.954465,4.88,4.94,4.95,4.98,4.63,4.48,5.08,2012-02-17,-
2019-04-17,2654,万润科技,文化传媒,4.85,4.97,4.8,4.93,4.8,10123431,49701682.35,1.720575,1.859,3.51,否,1.02,1.232,-0.404,-1.988,-6.805,否,902605378,588374948,4449844513.54,2900688493.64,-3.849413,2.175618,0.994798,4.89,4.93,4.95,4.98,4.64,4.49,5.08,2012-02-17,-
2019-04-18,2654,万润科技,文化传媒,4.89,4.99,4.88,4.92,4.88,9508109,46978486.65,1.615995,-0.203,2.23,否,0.94,2.5,0.408,-2.187,-2.959,否,902605378,588374948,4440818459.76,2894804744.16,-3.841605,2.171205,0.992781,4.87,4.92,4.95,4.97,4.66,4.5,5.07,2012-02-17,-
2019-04-19,2654,万润科技,文化传媒,4.92,5.13,4.92,5.13,4.92,20944517,106068206.28,3.559723,4.268,4.27,否,2.3,5.992,2.395,2.395,7.773,否,902605378,588374948,4630365589.14,3018363483.24,-4.005576,2.263879,1.035155,4.92,4.93,4.95,4.98,4.67,4.51,5.06,2012-02-17,-
2019-04-22,2654,万润科技,文化传媒,5.12,5.24,5.02,5.05,5.02,17087109,87571868.65,2.904119,-1.559,4.29,否,1.52,2.434,3.696,2.227,4.555,否,902605378,588374948,4558157158.9,2971293487.4,-3.943111,2.228574,1.019013,4.97,4.94,4.95,4.98,4.69,4.51,5.05,2012-02-17,-
2019-04-23,2654,万润科技,文化传媒,5.03,5.31,4.98,5.27,4.98,24770122,127888963.02,4.209921,4.356,6.53,否,1.87,7.114,9.792,6.465,6.68,否,902605378,588374948,4756730342.06,3100735975.96,-4.11489,2.325661,1.063405,5.06,4.97,4.96,4.97,4.71,4.52,5.05,2012-02-17,-
2019-04-24,2654,万润科技,文化传媒,5.23,5.26,5.04,5.19,5.04,19905296,102433575.8,3.383097,-1.518,4.17,否,1.21,1.17,7.231,5.918,4.427,否,902605378,588374948,4684521911.82,3053665980.12,-4.052424,2.290357,1.047262,5.11,5.0,4.97,4.97,4.73,4.52,5.04,2012-02-17,-
2019-04-25,2654,万润科技,文化传媒,5.18,5.18,4.77,4.82,4.77,16453488,82227628.26,2.796429,-7.129,7.9,否,0.89,-4.554,-2.231,-3.792,-2.429,否,902605378,625310598,4350557921.96,3013997082.36,-3.763523,2.127075,0.972602,5.09,4.98,4.97,4.96,4.74,4.53,5.03,2012-02-17,-
2019-04-26,2654,万润科技,文化传媒,4.85,4.93,4.76,4.82,4.76,7939058,38440288.98,1.269618,0.0,3.53,否,0.4,-8.539,-2.033,-1.027,-3.6,否,902605378,625310598,4350557921.96,3013997082.36,-3.763523,2.127075,0.972602,5.03,4.98,4.97,4.96,4.75,4.53,5.03,2012-02-17,-
2019-04-29,2654,万润科技,文化传媒,4.74,4.89,4.4,4.43,4.4,11353288,51974531.96,1.785102,-8.091,10.17,否,0.66,-14.644,-13.645,-7.708,-14.147,否,902605378,636002378,3998541824.54,2817490534.54,-3.459006,1.954967,0.893906,4.91,4.94,4.95,4.95,4.75,4.54,5.02,2012-02-17,-
2019-04-30,2654,万润科技,文化传媒,4.4,4.55,4.38,4.43,4.38,5734800,25598420.0,0.901695,0.0,3.84,否,0.36,-8.091,-12.277,-8.471,-13.645,否,902605378,636002378,3998541824.54,2817490534.54,-3.459006,1.954967,0.893906,4.74,4.9,4.92,4.93,4.76,4.54,5.01,2012-02-17,-
2019-05-06,2654,万润科技,文化传媒,4.21,4.27,3.99,4.02,3.99,8904000,36773970.0,1.399995,-9.255,6.32,否,0.73,-16.598,-23.719,-18.458,-18.126,否,902605378,636002378,3628473619.56,2556729559.56,-3.138872,1.774034,0.811174,4.5,4.81,4.87,4.9,4.76,4.54,5.0,2012-02-17,-
2019-05-07,2654,万润科技,文化传媒,4.04,4.13,4.0,4.08,4.0,4930300,20084000.0,0.775202,1.493,3.23,否,0.49,-7.901,-21.387,-17.073,-16.564,否,902605378,636002378,3682629942.24,2594889702.24,-3.185721,1.800512,0.823281,4.36,4.72,4.82,4.87,4.77,4.54,4.99,2012-02-17,-
2019-05-08,2654,万润科技,文化传媒,4.01,4.13,3.93,4.06,3.93,3987030,16216107.2,0.626889,-0.49,4.9,否,0.51,-8.352,-15.768,-20.858,-14.706,否,902605378,636002378,3664577834.68,2582169654.68,-3.170105,1.791686,0.819246,4.2,4.62,4.77,4.84,4.77,4.53,4.98,2012-02-17,-
2019-05-09,2654,万润科技,文化传媒,4.07,4.16,4.06,4.09,4.06,4354230,17896517.59,0.684625,0.739,2.46,否,0.62,1.741,-15.145,-19.01,-15.844,否,902605378,636002378,3691655996.02,2601249726.02,-3.193529,1.804925,0.825299,4.14,4.52,4.73,4.81,4.78,4.53,4.96,2012-02-17,-
2019-05-10,2654,万润科技,文化传媒,4.11,4.32,4.09,4.26,4.09,7187599,30178048.74,1.130121,4.156,5.62,否,1.29,4.412,-3.837,-19.165,-15.139,否,902605378,636002378,3845098910.28,2709370130.28,-3.326267,1.879946,0.859603,4.1,4.42,4.7,4.78,4.78,4.53,4.95,2012-02-17,-
2019-05-13,2654,万润科技,文化传媒,4.26,4.35,4.19,4.3,4.19,5216287,22288540.58,0.820168,0.939,3.76,否,0.89,5.911,-2.935,-17.148,-14.513,否,902605378,636002378,3881203125.4,2734810225.4,-3.3575,1.897598,0.867674,4.16,4.33,4.67,4.76,4.78,4.53,4.94,2012-02-17,-
2019-05-14,2654,万润科技,文化传媒,4.27,4.3,4.21,4.25,4.21,3470206,14765645.88,0.545628,-1.163,2.09,否,0.68,3.912,5.721,-11.826,-15.507,否,902605378,636002378,3836072856.5,2703010106.5,-3.318459,1.875533,0.857585,4.19,4.27,4.63,4.74,4.78,4.53,4.93,2012-02-17,-
2019-05-15,2654,万润科技,文化传媒,4.28,4.33,4.25,4.31,4.25,3257100,14012992.0,0.512121,1.412,1.88,否,0.67,1.174,5.637,-10.581,-13.972,否,902605378,636002378,3890229179.18,2741170249.18,-3.365308,1.902011,0.869692,4.24,4.22,4.6,4.72,4.79,4.53,4.92,2012-02-17,-
2019-05-16,2654,万润科技,文化传媒,4.31,4.37,4.31,4.36,4.31,3465311,15047940.63,0.544858,1.16,1.39,否,0.74,1.395,7.389,-1.58,-11.741,否,902605378,636002378,3935359448.08,2772970368.08,-3.404349,1.924076,0.879781,4.3,4.22,4.58,4.7,4.79,4.52,4.91,2012-02-17,-
2019-05-17,2654,万润科技,文化传媒,4.36,4.46,4.21,4.25,4.21,7791311,33745421.73,1.225044,-2.523,5.73,否,1.72,0.0,3.912,-4.063,-14.141,否,902605378,636002378,3836072856.5,2703010106.5,-3.318459,1.875533,0.857585,4.29,4.2,4.55,4.68,4.79,4.52,4.89,2012-02-17,-
2019-05-20,2654,万润科技,文化传媒,4.29,4.35,4.15,4.35,4.15,4977300,21191753.0,0.782591,2.353,4.71,否,1.07,0.928,2.113,8.209,-11.224,否,902605378,636002378,3926333394.3,2766610344.3,-3.396541,1.919663,0.877763,4.3,4.23,4.52,4.66,4.79,4.51,4.88,2012-02-17,-
2019-05-21,2654,万润科技,文化传媒,4.32,4.47,4.3,4.42,4.3,4951222,21805262.2,0.778491,1.609,3.91,否,1.08,1.376,2.791,8.333,-11.776,否,902605378,636002378,3989515770.76,2811130510.76,-3.451198,1.950554,0.891888,4.34,4.27,4.49,4.64,4.79,4.51,4.87,2012-02-17,-
2019-05-22,2654,万润科技,文化传媒,4.43,4.45,4.31,4.37,4.31,4373400,19154732.0,0.687639,-1.131,3.17,否,0.89,2.824,2.824,7.635,-10.267,否,902605378,636002378,3944385501.86,2779330391.86,-3.412157,1.928489,0.881799,4.35,4.3,4.46,4.61,4.79,4.51,4.86,2012-02-17,-
2019-05-23,2654,万润科技,文化传媒,4.39,4.39,4.26,4.27,4.26,4268100,18390752.0,0.671082,-2.288,2.97,否,0.83,-1.839,-0.928,4.401,-11.042,否,902605378,636002378,3854124964.06,2715730154.06,-3.334076,1.884359,0.861621,4.33,4.31,4.42,4.59,4.78,4.5,4.85,2012-02-17,-
2019-05-24,2654,万润科技,文化传媒,4.25,4.31,4.23,4.28,4.23,3191900,13621262.0,0.501869,0.234,1.87,否,0.61,-3.167,-1.835,0.469,-11.57,否,902605378,636002378,3863151017.84,2722090177.84,-3.341884,1.888772,0.863638,4.34,4.32,4.37,4.57,4.76,4.5,4.84,2012-02-17,-
2019-05-27,2654,万润科技,文化传媒,4.29,4.41,4.26,4.4,4.26,4212199,18270215.72,0.662293,2.804,3.5,否,0.97,0.686,3.529,2.326,-10.751,否,902605378,636002378,3971463663.2,2798410463.2,-3.435581,1.941728,0.887853,4.35,4.33,4.33,4.55,4.76,4.5,4.83,2012-02-17,-
2019-05-28,2654,万润科技,文化传媒,4.39,4.47,4.36,4.37,4.36,3989400,17625408.0,0.627262,-0.682,2.5,否,0.95,2.342,0.46,2.824,-11.179,否,902605378,636002378,3944385501.86,2779330391.86,-3.412157,1.928489,0.881799,4.34,4.34,4.31,4.53,4.75,4.5,4.81,2012-02-17,-
2019-05-29,2654,万润科技,文化传媒,4.36,4.46,4.33,4.42,4.33,3813061,16853726.51,0.599536,1.144,2.97,否,0.95,3.271,0.0,2.552,-13.84,否,902605378,636002378,3989515770.76,2811130510.76,-3.451198,1.950554,0.891888,4.35,4.35,4.29,4.52,4.75,4.49,4.8,2012-02-17,-
2019-05-30,2654,万润科技,文化传媒,4.38,4.43,4.32,4.39,4.32,3320700,14515514.0,0.522121,-0.679,2.49,否,0.85,-0.227,0.458,0.688,-13.069,否,902605378,636002378,3962437609.42,2792050439.42,-3.427773,1.937315,0.885835,4.37,4.35,4.28,4.5,4.74,4.49,4.79,2012-02-17,-
2019-05-31,2654,万润科技,文化传媒,4.39,4.44,4.33,4.34,4.33,3036159,13305480.28,0.477382,-1.139,2.51,否,0.82,-0.686,1.639,2.118,-17.647,否,902605378,636002378,3917307340.52,2760250320.52,-3.388733,1.91525,0.875745,4.38,4.36,4.28,4.49,4.73,4.49,4.78,2012-02-17,-
2019-06-03,2654,万润科技,文化传媒,4.33,4.38,4.28,4.31,4.28,2899361,12526560.13,0.455873,-0.691,2.3,否,0.79,-2.489,0.701,-0.92,-16.956,否,902605378,636002378,3890229179.18,2741170249.18,-3.365308,1.902011,0.869692,4.37,4.36,4.29,4.47,4.72,4.49,4.77,2012-02-17,-
2019-06-04,2654,万润科技,文化传媒,4.34,4.39,4.2,4.22,4.2,3569050,15263391.05,0.561169,-2.088,4.41,否,1.05,-3.872,-4.091,-4.525,-12.448,否,902605378,636002378,3808994695.16,2683930035.16,-3.295035,1.862294,0.851531,4.34,4.34,4.3,4.44,4.71,4.49,4.76,2012-02-17,-
2019-06-05,2654,万润科技,文化传媒,4.26,4.29,4.2,4.2,4.2,2478561,10518785.42,0.389709,-0.474,2.13,否,0.74,-3.226,-3.89,-3.89,-12.863,否,902605378,636002378,3790942587.6,2671209987.6,-3.279419,1.853468,0.847496,4.29,4.32,4.31,4.41,4.69,4.49,4.75,2012-02-17,-
2019-06-06,2654,万润科技,文化传媒,4.2,4.24,4.07,4.11,4.07,5129613,21138475.17,0.80654,-2.143,4.05,否,1.68,-4.64,-7.014,-3.747,-7.223,否,902605378,636002378,3709708103.58,2613969773.58,-3.209145,1.813751,0.829335,4.24,4.3,4.31,4.38,4.68,4.48,4.74,2012-02-17,-
2019-06-10,2654,万润科技,文化传媒,4.12,4.18,4.12,4.16,4.12,2739900,11378517.0,0.4308,1.217,1.46,否,0.8,-1.422,-5.239,-2.804,-6.095,否,902605378,636002378,3754838372.48,2645769892.48,-3.248186,1.835816,0.839424,4.2,4.29,4.3,4.34,4.66,4.48,4.73,2012-02-17,-
2019-06-11,2654,万润科技,文化传媒,4.14,4.29,4.14,4.28,4.14,3582183,15192762.11,0.563234,2.885,3.61,否,1.07,1.905,-1.382,-2.727,6.468,否,902605378,636002378,3863151017.84,2722090177.84,-3.341884,1.888772,0.863638,4.19,4.28,4.3,4.31,4.64,4.48,4.73,2012-02-17,-
2019-06-12,2654,万润科技,文化传媒,4.3,4.32,4.24,4.24,4.24,2742083,11713411.58,0.431144,-0.935,1.87,否,0.78,3.163,-1.624,-2.975,3.922,否,902605378,636002378,3827046802.72,2696650082.72,-3.310651,1.87112,0.855567,4.2,4.27,4.3,4.29,4.63,4.48,4.72,2012-02-17,-
2019-06-13,2654,万润科技,文化传媒,4.23,4.29,4.23,4.26,4.23,3912207,16688132.89,0.615125,0.472,1.42,否,1.17,2.404,0.948,-3.62,4.926,否,902605378,636002378,3845098910.28,2709370130.28,-3.326267,1.879946,0.859603,4.21,4.25,4.3,4.27,4.62,4.48,4.71,2012-02-17,-
2019-06-14,2654,万润科技,文化传媒,4.28,4.31,4.17,4.18,4.17,4353588,18394126.36,0.684524,-1.878,3.29,否,1.2,-2.336,-0.476,-4.784,2.2,否,902605378,636002378,3772890480.04,2658489940.04,-3.263802,1.844642,0.84346,4.22,4.23,4.29,4.27,4.61,4.48,4.71,2012-02-17,-
2019-06-17,2654,万润科技,文化传媒,4.18,4.21,4.11,4.13,4.11,3009261,12491407.59,0.473152,-1.196,2.39,否,0.87,-2.594,0.487,-4.839,-3.052,否,902605378,636002378,3727760211.14,2626689821.14,-3.224762,1.822577,0.833371,4.22,4.21,4.29,4.26,4.59,4.47,4.7,2012-02-17,-
2019-06-18,2654,万润科技,文化传媒,4.14,4.21,4.05,4.09,4.05,5149768,21166727.44,0.809709,-0.969,3.87,否,1.46,-3.991,-1.683,-5.104,-4.884,否,902605378,636002378,3691655996.02,2601249726.02,-3.193529,1.804925,0.825299,4.18,4.19,4.27,4.26,4.58,4.47,4.69,2012-02-17,-
2019-06-19,2654,万润科技,文化传媒,4.17,4.28,4.15,4.23,4.15,5230706,22076232.06,0.822435,3.423,3.18,否,1.36,1.196,-1.168,0.237,-0.471,否,902605378,636002378,3818020748.94,2690290058.94,-3.302843,1.866707,0.853549,4.18,4.19,4.26,4.26,4.57,4.47,4.69,2012-02-17,-
2019-06-20,2654,万润科技,文化传媒,4.21,4.28,4.19,4.24,4.19,4752501,20137150.23,0.747246,0.236,2.13,否,1.1,2.663,0.0,0.952,-1.624,否,902605378,636002378,3827046802.72,2696650082.72,-3.310651,1.87112,0.855567,4.17,4.19,4.26,4.27,4.56,4.47,4.68,2012-02-17,-
2019-06-21,2654,万润科技,文化传媒,4.25,4.35,4.25,4.29,4.25,4972984,21407246.06,0.781913,1.179,2.36,否,1.11,4.89,0.704,4.38,-1.606,否,902605378,590802578,3872177071.62,2534543059.62,-3.349692,1.893185,0.865656,4.2,4.21,4.26,4.28,4.54,4.47,4.67,2012-02-17,-
2019-06-24,2654,万润科技,文化传媒,4.33,4.35,4.24,4.28,4.24,3187583,13653045.39,0.539534,-0.233,2.56,否,0.69,1.182,2.392,2.885,0.706,否,902605378,590802578,3863151017.84,2528635033.84,-3.341884,1.888772,0.863638,4.23,4.22,4.26,4.28,4.53,4.47,4.67,2012-02-17,-
2019-06-25,2654,万润科技,文化传媒,4.28,4.28,4.14,4.18,4.14,3646798,15281120.72,0.617262,-2.336,3.27,否,0.78,-1.415,1.211,-2.336,-3.908,否,902605378,590802578,3772890480.04,2469554776.04,-3.263802,1.844642,0.84346,4.24,4.21,4.25,4.27,4.51,4.47,4.66,2012-02-17,-
2019-06-26,2654,万润科技,文化传媒,4.18,4.22,4.15,4.15,4.15,2041400,8526592.0,0.34553,-0.718,1.67,否,0.47,-3.263,1.467,-2.123,-6.109,否,902605378,590802578,3745812318.7,2451830698.7,-3.240378,1.831403,0.837406,4.23,4.2,4.24,4.27,4.5,4.47,4.65,2012-02-17,-
2019-06-27,2654,万润科技,文化传媒,4.19,4.21,4.16,4.17,4.16,2887500,12078899.0,0.488742,0.482,1.2,否,0.78,-2.57,-1.418,-2.113,-4.577,否,902605378,590802578,3763864426.26,2463646750.26,-3.255994,1.840229,0.841442,4.21,4.19,4.22,4.26,4.49,4.47,4.64,2012-02-17,-
2019-06-28,2654,万润科技,文化传媒,4.2,4.21,4.09,4.13,4.09,3918775,16215013.07,0.663297,-0.959,2.88,否,1.17,-1.196,-2.594,-1.196,-3.279,否,902605378,590802578,3727760211.14,2440014647.14,-3.224762,1.822577,0.833371,4.18,4.19,4.21,4.26,4.48,4.47,4.64,2012-02-17,-
2019-07-01,2654,万润科技,文化传媒,4.19,4.27,4.18,4.25,4.18,4879843,20603918.84,0.825968,2.906,2.18,否,1.56,2.41,-0.932,2.906,-0.701,否,902605378,590802578,3836072856.5,2510910956.5,-3.318459,1.875533,0.857585,4.18,4.2,4.21,4.26,4.47,4.48,4.64,2012-02-17,-
2019-07-02,2654,万润科技,文化传媒,4.23,4.27,4.18,4.21,4.18,3069150,12953558.5,0.518505,-0.941,2.12,否,0.88,0.959,-1.636,2.934,-4.318,否,902605378,591922578,3799968641.38,2491994053.38,-3.287227,1.857881,0.849513,4.18,4.21,4.2,4.25,4.45,4.48,4.63,2012-02-17,-
2019-07-03,2654,万润科技,文化传媒,4.2,4.2,4.1,4.12,4.1,3206428,13269573.8,0.541697,-2.138,2.38,否,0.95,-0.242,-1.435,-2.6,-5.721,否,902605378,591922578,3718734157.36,2438721021.36,-3.216954,1.818164,0.831353,4.18,4.2,4.2,4.24,4.44,4.48,4.63,2012-02-17,-
2019-07-04,2654,万润科技,文化传媒,4.14,4.15,4.1,4.11,4.1,2417800,9964303.0,0.408466,-0.243,1.21,否,0.67,-3.294,-0.964,-3.066,-7.014,否,902605378,591922578,3709708103.58,2432801795.58,-3.209145,1.813751,0.829335,4.16,4.19,4.19,4.23,4.42,4.48,4.62,2012-02-17,-
2019-07-05,2654,万润科技,文化传媒,4.12,4.14,4.08,4.11,4.08,2039800,8388877.0,0.344606,0.0,1.46,否,0.58,-2.375,-1.439,-4.196,-6.378,否,902605378,591922578,3709708103.58,2432801795.58,-3.209145,1.813751,0.829335,4.16,4.17,4.19,4.23,4.41,4.48,4.62,2012-02-17,-
2019-07-08,2654,万润科技,文化传媒,4.1,4.1,3.94,3.98,3.94,4126101,16531571.14,0.697068,-3.163,3.89,否,1.32,-3.398,-3.632,-7.009,-8.295,否,902605378,591922578,3592369404.44,2355851860.44,-3.10764,1.756381,0.803103,4.11,4.14,4.18,4.22,4.39,4.48,4.61,2012-02-17,-
2019-07-09,2654,万润科技,文化传媒,4.0,4.0,3.95,3.98,3.95,1897311,7530985.56,0.320534,0.0,1.26,否,0.64,-3.163,-6.353,-4.785,-7.657,否,902605378,591922578,3592369404.44,2355851860.44,-3.10764,1.756381,0.803103,4.06,4.12,4.17,4.2,4.38,4.48,4.61,2012-02-17,-
2019-07-10,2654,万润科技,文化传媒,3.98,4.01,3.9,3.97,3.9,1997711,7938975.53,0.337495,-0.251,2.76,否,0.73,-3.406,-5.701,-4.337,-5.924,否,902605378,591922578,3583343350.66,2349932634.66,-3.099831,1.751968,0.801085,4.03,4.1,4.15,4.19,4.36,4.48,4.6,2012-02-17,-
2019-07-11,2654,万润科技,文化传媒,3.96,4.03,3.96,4.02,3.96,2023500,8099209.0,0.341852,1.259,1.76,否,0.81,1.005,-2.427,-3.597,-4.286,否,902605378,591922578,3628473619.56,2379528763.56,-3.138872,1.774034,0.811174,4.01,4.09,4.14,4.18,4.35,4.48,4.59,2012-02-17,-
2019-07-12,2654,万润科技,文化传媒,3.99,4.1,3.96,4.09,3.96,3559250,14383515.06,0.601303,1.741,3.48,否,1.47,2.764,-0.487,-0.969,-0.487,否,902605378,591922578,3691655996.02,2420963344.02,-3.193529,1.804925,0.825299,4.01,4.08,4.14,4.17,4.34,4.48,4.59,2012-02-17,-
2019-07-15,2654,万润科技,文化传媒,4.1,4.37,4.03,4.28,4.03,7642572,32036844.6,1.291144,4.645,8.31,否,2.81,7.809,4.136,0.706,2.885,否,902605378,591922578,3863151017.84,2533428633.84,-3.341884,1.888772,0.863638,4.07,4.09,4.14,4.17,4.33,4.48,4.58,2012-02-17,-
2019-07-16,2654,万润科技,文化传媒,4.26,4.28,4.18,4.28,4.18,4424080,18676570.32,0.747409,0.0,2.34,否,1.29,6.468,7.538,1.663,0.0,否,902605378,591922578,3863151017.84,2533428633.84,-3.341884,1.888772,0.863638,4.13,4.09,4.15,4.16,4.32,4.48,4.58,2012-02-17,-
2019-07-17,2654,万润科技,文化传媒,4.3,4.48,4.22,4.29,4.22,11673829,50440899.42,1.972188,0.234,6.07,否,2.97,4.89,7.789,4.126,1.179,否,902605378,591922578,3872177071.62,2539347859.62,-3.349692,1.893185,0.865656,4.19,4.11,4.16,4.17,4.3,4.48,4.58,2012-02-17,-
2019-07-18,2654,万润科技,文化传媒,4.23,4.29,4.1,4.1,4.1,6584286,27258189.48,1.112356,-4.429,4.43,否,1.12,-4.206,3.275,-0.243,-3.756,否,902605378,591922578,3700682049.8,2426882569.8,-3.201337,1.809338,0.827317,4.21,4.11,4.15,4.16,4.29,4.48,4.57,2012-02-17,-
2019-07-19,2654,万润科技,文化传媒,4.11,4.15,4.08,4.1,4.08,2701187,11092880.83,0.456341,0.0,1.71,否,0.4,-4.206,1.99,-0.243,-1.914,否,902605378,591922578,3700682049.8,2426882569.8,-3.201337,1.809338,0.827317,4.21,4.11,4.14,4.16,4.27,4.48,4.57,2012-02-17,-
2019-07-22,2654,万润科技,文化传媒,4.12,4.12,3.99,4.0,3.99,2983436,11997831.26,0.504025,-2.439,3.17,否,0.45,-6.76,-2.2,0.503,-3.148,否,902605378,591922578,3610421512.0,2367690312.0,-3.123256,1.765207,0.807139,4.15,4.11,4.13,4.16,4.25,4.48,4.56,2012-02-17,-
2019-07-23,2654,万润科技,文化传媒,4.06,4.06,4.0,4.04,4.0,1953755,7889536.47,0.330069,1.0,1.5,否,0.34,-1.463,-5.607,1.508,-1.222,否,902605378,591922578,3646525727.12,2391367215.12,-3.154488,1.78286,0.81521,4.11,4.12,4.12,4.15,4.23,4.48,4.56,2012-02-17,-
2019-07-24,2654,万润科技,文化传媒,4.1,4.13,4.06,4.08,4.06,2708766,11088149.88,0.457622,0.99,1.73,否,0.52,-0.488,-4.673,2.771,-3.546,否,902605378,591922578,3682629942.24,2415044118.24,-3.185721,1.800512,0.823281,4.06,4.13,4.12,4.14,4.22,4.48,4.55,2012-02-17,-
2019-07-25,2654,万润科技,文化传媒,4.09,4.1,4.04,4.07,4.04,1640158,6679698.25,0.27709,-0.245,1.47,否,0.48,1.75,-5.128,1.244,-4.009,否,902605378,591922578,3673603888.46,2409124892.46,-3.177913,1.796099,0.821264,4.06,4.13,4.11,4.14,4.21,4.48,4.55,2012-02-17,-
2019-07-26,2654,万润科技,文化传媒,4.06,4.27,4.06,4.13,4.06,5166915,21471429.84,0.8729,1.474,5.16,否,2.16,2.228,0.732,0.978,-3.73,否,902605378,591922578,3727760211.14,2444640247.14,-3.224762,1.822577,0.833371,4.06,4.14,4.11,4.14,4.2,4.48,4.54,2012-02-17,-
2019-07-29,2654,万润科技,文化传媒,4.11,4.15,4.07,4.08,4.07,2480166,10152501.62,0.419002,-1.211,1.94,否,0.86,0.0,-0.488,-4.673,-4.673,否,902605378,591922578,3682629942.24,2415044118.24,-3.185721,1.800512,0.823281,4.08,4.12,4.1,4.14,4.2,4.48,4.54,2012-02-17,-
2019-07-30,2654,万润科技,文化传媒,4.05,4.11,4.03,4.08,4.03,2241831,9127626.86,0.3787,0.0,1.96,否,0.8,0.246,2.0,-4.673,-2.392,否,902605378,591922578,3682629942.24,2415044118.24,-3.185721,1.800512,0.823281,4.09,4.1,4.1,4.13,4.2,4.48,4.53,2012-02-17,-
2019-07-31,2654,万润科技,文化传媒,4.04,4.06,4.01,4.02,4.01,1766900,7126840.0,0.2985,-1.471,1.23,否,0.62,-2.663,-0.495,-6.294,-3.133,否,902605378,591922578,3628473619.56,2379528763.56,-3.138872,1.774034,0.811174,4.08,4.07,4.09,4.13,4.2,4.48,4.52,2012-02-17,-
2019-08-01,2654,万润科技,文化传媒,4.01,4.03,3.98,4.0,3.98,2302100,9201457.0,0.3889,-0.498,1.24,否,0.87,-1.961,-1.961,-2.439,-4.077,否,902605378,591922578,3610421512.0,2367690312.0,-3.123256,1.765207,0.807139,4.06,4.06,4.09,4.12,4.19,4.48,4.52,2012-02-17,-
2019-08-02,2654,万润科技,文化传媒,3.92,3.94,3.9,3.93,3.9,2419443,9499025.76,0.4087,-1.75,1.0,否,0.87,-3.676,-3.44,-4.146,-4.843,否,902605378,591922578,3547239135.54,2326255731.54,-3.068599,1.734316,0.793014,4.02,4.04,4.08,4.11,4.19,4.48,4.51,2012-02-17,-
2019-08-05,2654,万润科技,文化传媒,3.91,3.96,3.9,3.91,3.9,1650230,6478161.0,0.2788,-0.509,1.53,否,0.74,-2.736,-5.327,-2.25,-8.0,否,902605378,591922578,3529187027.98,2314417279.98,-3.052983,1.72549,0.788978,3.99,4.03,4.07,4.1,4.19,4.48,4.5,2012-02-17,-
2019-08-06,2654,万润科技,文化传媒,3.81,3.82,3.72,3.79,3.72,3782344,14267438.0,0.639,-3.069,2.56,否,1.82,-5.25,-7.108,-6.188,-9.976,否,902605378,591922578,3420874382.62,2243386570.62,-2.959285,1.672534,0.764764,3.93,4.01,4.06,4.08,4.18,4.48,4.49,2012-02-17,-
2019-08-07,2654,万润科技,文化传媒,3.79,3.84,3.77,3.79,3.77,1443075,5487777.25,0.2438,0.0,1.85,否,0.61,-3.562,-7.108,-7.108,-8.01,否,902605378,591922578,3420874382.62,2243386570.62,-2.959285,1.672534,0.764764,3.88,3.98,4.05,4.07,4.17,4.48,4.49,2012-02-17,-
2019-08-08,2654,万润科技,文化传媒,3.79,3.86,3.77,3.8,3.77,1760500,6704154.0,0.2974,0.264,2.37,否,0.76,-2.813,-5.473,-6.634,-7.543,否,902605378,591922578,3429900436.4,2249305796.4,-2.967093,1.676947,0.766782,3.84,3.95,4.04,4.06,4.16,4.47,4.48,2012-02-17,-
2019-08-09,2654,万润科技,文化传媒,3.84,3.85,3.68,3.71,3.68,2669275,10016990.0,0.451,-2.368,4.47,否,1.21,-2.111,-7.25,-10.169,-9.732,否,902605378,591922578,3348665952.38,2196032764.38,-2.89682,1.63723,0.748621,3.8,3.91,4.02,4.04,4.15,4.47,4.47,2012-02-17,-
2019-08-12,2654,万润科技,文化传媒,3.73,3.78,3.7,3.76,3.7,1481870,5549014.05,0.2503,1.348,2.16,否,0.66,-0.792,-4.326,-7.843,-5.528,否,902605378,591922578,3393796221.28,2225628893.28,-2.93586,1.659295,0.75871,3.77,3.88,4.0,4.03,4.14,4.46,4.47,2012-02-17,-
2019-08-13,2654,万润科技,文化传媒,3.77,3.77,3.71,3.73,3.71,1287500,4802469.0,0.2175,-0.798,1.6,否,0.58,-1.842,-4.604,-8.578,-6.281,否,902605378,591922578,3366718059.94,2207871215.94,-2.912436,1.646056,0.752657,3.76,3.84,3.97,4.01,4.13,4.46,4.46,2012-02-17,-
2019-08-14,2654,万润科技,文化传媒,3.76,3.8,3.76,3.77,3.76,1665800,6293244.0,0.2814,1.072,1.07,否,0.96,1.617,-0.528,-6.219,-5.038,否,902605378,591922578,3402822275.06,2231548119.06,-2.943669,1.663708,0.760728,3.75,3.82,3.94,4.0,4.12,4.45,4.45,2012-02-17,-
2019-08-15,2654,万润科技,文化传媒,3.71,3.78,3.66,3.78,3.66,2315100,8610032.25,0.3911,0.265,3.18,否,1.31,0.532,-0.264,-5.5,-5.97,否,902605378,591922578,3411848328.84,2237467344.84,-2.951477,1.668121,0.762746,3.75,3.8,3.93,3.99,4.11,4.45,4.45,2012-02-17,-
2019-08-16,2654,万润科技,文化传媒,3.8,3.81,3.76,3.78,3.76,1908098,7232361.46,0.3224,0.0,1.32,否,1.01,1.34,-0.526,-3.817,-7.579,否,902605378,591922578,3411848328.84,2237467344.84,-2.951477,1.668121,0.762746,3.76,3.78,3.91,3.98,4.1,4.44,4.44,2012-02-17,-
2019-08-19,2654,万润科技,文化传媒,3.88,3.96,3.85,3.94,3.85,5519773,21624468.78,0.9325,4.233,2.91,否,3.19,4.509,6.199,0.767,-7.944,否,902605378,591922578,3556265189.32,2332174957.32,-3.076407,1.738729,0.795032,3.8,3.79,3.91,3.98,4.1,4.43,4.44,2012-02-17,-
2019-08-20,2654,万润科技,文化传媒,4.03,4.25,4.01,4.11,4.01,12483366,51533781.34,2.109,4.315,6.09,否,4.92,8.73,9.309,8.443,-3.972,否,902605378,591922578,3709708103.58,2432801795.58,-3.29298,1.748174,0.85098,3.88,3.82,3.91,3.98,4.09,4.42,4.43,2012-02-17,-
2019-08-21,2654,万润科技,文化传媒,4.08,4.12,4.04,4.07,4.04,6726877,27433057.85,1.1364,-0.973,1.95,否,1.41,7.672,9.115,7.388,-5.128,否,902605378,591922578,3673603888.46,2409124892.46,-3.260931,1.73116,0.842698,3.94,3.85,3.91,3.98,4.09,4.42,4.43,2012-02-17,-
2019-08-22,2654,万润科技,文化传媒,4.1,4.29,4.1,4.19,4.1,9030963,37740148.28,1.5257,2.948,4.67,否,1.56,6.345,11.141,10.263,2.195,否,902605378,591922578,3781916533.82,2480155601.82,-3.357077,1.782202,0.867544,4.02,3.88,3.92,3.99,4.08,4.41,4.42,2012-02-17,-
2019-08-23,2654,万润科技,文化传媒,4.15,4.21,4.11,4.14,4.11,6501397,26966111.64,1.0984,-1.193,2.39,否,0.91,0.73,9.524,11.59,0.976,否,902605378,591922578,3736786264.92,2450559472.92,-3.317016,1.760934,0.857191,4.09,3.93,3.92,3.99,4.08,4.41,4.42,2012-02-17,-
2019-08-26,2654,万润科技,文化传媒,4.0,4.14,3.95,4.1,3.95,4242501,17311114.07,0.7167,-0.966,4.59,否,0.53,0.737,8.466,9.043,2.5,否,902605378,591922578,3700682049.8,2426882569.8,-3.284968,1.74392,0.848909,4.12,3.96,3.92,3.99,4.08,4.4,4.41,2012-02-17,-
2019-08-27,2654,万润科技,文化传媒,4.12,4.21,4.1,4.17,4.1,8014359,33385457.31,1.354,1.707,2.68,否,1.03,-0.477,5.838,11.796,3.218,否,902605378,591922578,3763864426.26,2468317150.26,-3.341052,1.773695,0.863403,4.13,4.01,3.92,3.98,4.07,4.4,4.41,2012-02-17,-
2019-08-28,2654,万润科技,文化传媒,4.17,4.19,4.12,4.12,4.12,3755430,15563049.9,0.6344,-1.199,1.68,否,0.54,-0.483,0.243,9.284,0.98,否,902605378,591922578,3718734157.36,2438721021.36,-3.300992,1.752427,0.85305,4.14,4.04,3.93,3.98,4.07,4.39,4.4,2012-02-17,-
2019-08-29,2654,万润科技,文化传媒,4.12,4.32,4.11,4.16,4.11,11438799,48290698.4,1.9325,0.971,5.1,否,1.81,1.463,2.211,10.053,2.211,否,902605378,591922578,3754838372.48,2462397924.48,-3.33304,1.769441,0.861332,4.14,4.08,3.94,3.98,4.07,4.38,4.4,2012-02-17,-
2019-08-30,2654,万润科技,文化传媒,4.19,4.35,4.08,4.19,4.08,14239179,60006647.85,2.4056,0.721,6.49,否,2.1,0.48,0.0,10.847,1.453,否,902605378,591922578,3781916533.82,2480155601.82,-3.357077,1.782202,0.867544,4.15,4.12,3.95,3.98,4.07,4.38,4.39,2012-02-17,-
2019-09-02,2654,万润科技,文化传媒,4.15,4.58,4.08,4.34,4.08,19011757,81528104.48,3.2119,3.58,11.93,否,2.28,5.34,4.831,10.152,6.373,否,902605378,591922578,3917307340.52,2568943988.52,-3.477258,1.846004,0.898602,4.2,4.16,3.97,3.99,4.08,4.37,4.39,2012-02-17,-
2019-09-03,2654,万润科技,文化传媒,4.31,4.39,4.23,4.29,4.23,12703531,54471249.97,2.1461,-1.152,3.69,否,1.13,3.125,4.634,4.38,5.147,否,902605378,591922578,3872177071.62,2539347859.62,-3.437198,1.824736,0.888249,4.22,4.18,4.0,4.0,4.08,4.36,4.39,2012-02-17,-
2019-09-04,2654,万润科技,文化传媒,4.25,4.31,4.19,4.26,4.19,9445730,40076711.1,1.5958,-0.699,2.8,否,0.77,1.671,2.158,4.668,5.97,否,902605378,591922578,3845098910.28,2521590182.28,-3.413161,1.811976,0.882037,4.25,4.2,4.02,4.01,4.08,4.35,4.38,2012-02-17,-
2019-09-05,2654,万润科技,文化传媒,4.3,4.37,4.26,4.27,4.26,9088701,39210198.99,1.5355,0.235,2.58,否,0.68,-1.613,3.641,1.909,6.75,否,902605378,591922578,3854124964.06,2527509408.06,-3.421174,1.816229,0.884108,4.27,4.2,4.04,4.01,4.08,4.35,4.38,2012-02-17,-
2019-09-06,2654,万润科技,文化传媒,4.27,4.33,4.23,4.25,4.23,5695702,24302168.59,0.9622,-0.468,2.34,否,0.44,-0.932,2.163,2.657,8.142,否,902605378,591922578,3836072856.5,2515670956.5,-3.405149,1.807722,0.879967,4.28,4.22,4.07,4.02,4.08,4.34,4.38,2012-02-17,-
2019-09-09,2654,万润科技,文化传媒,4.32,4.4,4.28,4.39,4.28,9649232,41933551.0,1.6302,3.294,2.82,否,0.86,3.052,4.773,7.073,12.276,否,902605378,591922578,3962437609.42,2598540117.42,-3.517319,1.867271,0.908954,4.29,4.24,4.1,4.03,4.08,4.34,4.37,2012-02-17,-
2019-09-10,2654,万润科技,文化传媒,4.36,4.43,4.33,4.42,4.33,6993900,30651403.0,1.1816,0.683,2.28,否,0.75,3.513,1.843,5.995,16.623,否,902605378,591922578,3989515770.76,2616297794.76,-3.541355,1.880031,0.915166,4.32,4.27,4.14,4.04,4.09,4.33,4.37,2012-02-17,-
2019-09-11,2654,万润科技,文化传媒,4.43,4.43,4.33,4.33,4.33,6062062,26495614.94,1.0241,-2.036,2.26,否,0.74,1.882,0.932,5.097,14.248,否,899553980,591922578,3895068733.4,2563024762.74,-3.469246,1.84175,0.896531,4.33,4.29,4.17,4.05,4.09,4.33,4.37,2012-02-17,-
2019-09-12,2654,万润科技,文化传媒,4.34,4.37,4.29,4.34,4.29,4218300,18268320.0,0.7126,0.231,1.85,否,0.56,-1.139,1.878,4.327,14.211,否,899553980,591922578,3904064273.2,2568943988.52,-3.477258,1.846004,0.898602,4.35,4.31,4.19,4.06,4.09,4.32,4.37,2012-02-17,-
2019-09-16,2654,万润科技,文化传媒,4.34,4.42,4.33,4.38,4.33,5896701,25861403.52,0.9962,0.922,2.07,否,0.9,-0.905,2.576,4.535,18.059,否,899553980,591922578,3940046432.4,2592620891.64,-3.497443,1.856719,0.903818,4.37,4.33,4.22,4.08,4.09,4.32,4.37,2012-02-17,-
2019-09-17,2654,万润科技,文化传媒,4.38,4.4,4.17,4.2,4.17,6205000,26332701.0,1.0483,-4.11,5.25,否,0.95,-3.002,-1.176,-3.226,11.702,否,899553980,591922578,3778126716.0,2486074827.6,-3.353712,1.780416,0.866675,4.33,4.31,4.24,4.09,4.09,4.31,4.36,2012-02-17,-
2019-09-18,2654,万润科技,文化传媒,4.2,4.25,4.18,4.18,4.18,3770545,15872692.1,0.637,-0.476,1.67,否,0.64,-3.687,-4.784,-2.564,12.064,否,899553980,591922578,3760135636.4,2474236376.04,-3.337742,1.771937,0.862548,4.29,4.3,4.24,4.1,4.09,4.3,4.36,2012-02-17,-
2019-09-19,2654,万润科技,文化传媒,4.19,4.32,4.19,4.29,4.19,5654099,23998818.67,0.9552,2.632,3.11,否,1.08,-2.055,-2.941,0.704,13.793,否,899553980,591922578,3859086574.2,2539347859.62,-3.425578,1.818567,0.885246,4.28,4.31,4.25,4.12,4.09,4.3,4.36,2012-02-17,-
2019-09-20,2654,万润科技,文化传媒,4.29,4.29,4.23,4.27,4.23,4143630,17646461.8,0.7,-0.466,1.4,否,0.8,1.667,-1.386,0.0,12.963,否,899553980,591922578,3841095494.6,2527509408.06,-3.409608,1.810089,0.881119,4.26,4.31,4.25,4.13,4.09,4.29,4.36,2012-02-17,-
2019-09-23,2654,万润科技,文化传媒,4.25,4.25,4.15,4.19,4.15,3478000,14575739.0,0.5876,-1.874,2.34,否,0.68,0.239,-3.456,-1.412,10.847,否,899553980,591922578,3769131176.2,2480155601.82,-3.345727,1.776177,0.864611,4.23,4.3,4.26,4.15,4.1,4.29,4.36,2012-02-17,-
2019-09-24,2654,万润科技,文化传媒,4.11,4.28,4.11,4.23,4.11,3858088,16324557.48,0.6518,0.955,4.06,否,0.83,-1.399,-3.425,-3.645,7.36,否,899553980,591922578,3805113335.4,2503832504.94,-3.377668,1.793133,0.872865,4.23,4.28,4.26,4.16,4.1,4.28,4.36,2012-02-17,-
2019-09-25,2654,万润科技,文化传媒,4.18,4.25,4.07,4.08,4.07,5281700,21846047.0,0.8923,-3.546,4.26,否,1.26,-4.45,-2.857,-7.692,-0.73,否,899553980,591922578,3670180238.4,2415044118.24,-3.257892,1.729547,0.841912,4.21,4.25,4.26,4.17,4.09,4.27,4.35,2012-02-17,-
2019-09-26,2654,万润科技,文化传媒,4.09,4.13,3.94,3.94,3.94,4910300,19664329.55,0.8296,-3.431,4.66,否,1.1,-5.967,-5.742,-9.007,-3.194,否,899553980,591922578,3544242681.2,2332174957.32,-3.146102,1.670199,0.813023,4.14,4.21,4.25,4.18,4.09,4.26,4.35,2012-02-17,-
2019-09-27,2654,万润科技,文化传媒,3.93,4.03,3.92,4.02,3.92,2514081,10059254.19,0.4143,2.031,2.79,否,0.58,-4.965,-6.294,-7.373,-4.057,否,899553980,606836785,3616206999.6,2439483875.7,-3.209982,1.704112,0.829531,4.09,4.18,4.24,4.19,4.09,4.26,4.35,2012-02-17,-
2019-09-30,2654,万润科技,文化传媒,3.99,4.05,3.96,3.96,3.96,2191300,8741865.0,0.3611,-1.493,2.24,否,0.55,-2.941,-7.26,-9.589,-4.348,否,899553980,606836785,3562233760.8,2403073668.6,-3.162072,1.678678,0.81715,4.05,4.14,4.23,4.19,4.09,4.25,4.35,2012-02-17,-
2019-10-08,2654,万润科技,文化传媒,3.97,4.03,3.93,3.95,3.93,2125763,8430886.31,0.3503,-0.253,2.53,否,0.57,0.254,-5.728,-5.952,-3.659,否,899553980,606836785,3553238221.0,2397005300.75,-3.154087,1.674438,0.815087,3.99,4.11,4.21,4.19,4.09,4.24,4.34,2012-02-17,-
2019-10-09,2654,万润科技,文化传媒,3.91,4.0,3.91,3.99,3.91,2761400,11001164.0,0.455,1.013,2.28,否,0.81,-0.746,-5.674,-4.545,-4.317,否,899553980,606836785,3589220380.2,2421278772.15,-3.186027,1.691395,0.823341,3.97,4.09,4.2,4.19,4.09,4.23,4.34,2012-02-17,-
2019-10-10,2654,万润科技,文化传媒,4.0,4.05,3.98,4.04,3.98,2864883,11501681.49,0.4721,1.253,1.75,否,0.99,2.02,-0.98,-5.828,-1.942,否,899553980,606836785,3634198079.2,2451620611.4,-3.225952,1.71259,0.833658,3.99,4.07,4.19,4.19,4.09,4.22,4.34,2012-02-17,-
2019-10-11,2654,万润科技,文化传媒,4.08,4.08,3.99,4.05,3.99,2663400,10752653.0,0.4389,0.248,2.23,否,1.07,2.532,2.792,-5.152,-2.644,否,899553980,606836785,3643193619.0,2457688979.25,-3.233937,1.716829,0.835722,4.0,4.05,4.18,4.18,4.09,4.22,4.34,2012-02-17,-
2019-10-14,2654,万润科技,文化传媒,4.07,4.13,4.06,4.11,4.06,3134200,12856986.0,0.5165,1.482,1.73,否,1.24,3.008,2.239,-1.909,-1.909,否,899553980,606836785,3697166857.8,2494099186.35,-3.281847,1.742264,0.848103,4.03,4.04,4.17,4.18,4.09,4.21,4.33,2012-02-17,-
2019-10-15,2654,万润科技,文化传媒,4.12,4.14,4.09,4.12,4.09,3053103,12558994.3,0.5031,0.243,1.22,否,1.13,1.98,4.04,-2.6,-5.069,否,899553980,606836785,3706162397.6,2500167554.2,-3.289832,1.746503,0.850166,4.06,4.03,4.15,4.18,4.09,4.21,4.33,2012-02-17,-
2019-10-16,2654,万润科技,文化传媒,4.12,4.16,4.04,4.04,4.04,3062531,12535942.24,0.5047,-1.942,2.91,否,1.06,-0.247,2.278,-0.98,-5.828,否,899553980,606836785,3634198079.2,2451620611.4,-3.225952,1.71259,0.833658,4.07,4.02,4.14,4.18,4.08,4.2,4.33,2012-02-17,-
2019-10-17,2654,万润科技,文化传媒,4.04,4.1,4.03,4.08,4.03,2003692,8171052.44,0.3302,0.99,1.73,否,0.68,-0.73,2.256,3.553,-4.225,否,899553980,606836785,3670180238.4,2475894082.8,-3.257892,1.729547,0.841912,4.08,4.04,4.12,4.18,4.08,4.19,4.33,2012-02-17,-
2019-10-18,2654,万润科技,文化传媒,4.09,4.09,3.92,3.96,3.92,3961400,15830123.0,0.6528,-2.941,4.17,否,1.42,-3.883,-1.98,-1.493,-7.26,否,899553980,606836785,3562233760.8,2403073668.6,-3.162072,1.678678,0.81715,4.06,4.03,4.1,4.17,4.08,4.18,4.33,2012-02-17,-
2019-10-21,2654,万润科技,文化传媒,3.95,4.04,3.89,4.02,3.89,3364295,13312299.45,0.5544,1.515,3.79,否,1.11,-0.495,-0.741,1.515,-5.412,否,899553980,606836785,3616206999.6,2439483875.7,-3.209982,1.704112,0.829531,4.04,4.04,4.09,4.17,4.07,4.17,4.33,2012-02-17,-
2019-10-22,2654,万润科技,文化传媒,4.03,4.05,3.96,4.03,3.96,2276600,9125955.0,0.3752,0.249,2.24,否,0.74,-1.225,-1.946,2.025,-8.2,否,899553980,606836785,3625202539.4,2445552243.55,-3.217967,1.708351,0.831595,4.03,4.04,4.08,4.16,4.07,4.16,4.33,2012-02-17,-
2019-10-23,2654,万润科技,文化传媒,4.0,4.07,4.0,4.02,4.0,2930095,11832251.9,0.4828,-0.248,1.74,否,1.0,1.515,-2.427,0.752,-9.05,否,899553980,606836785,3616206999.6,2439483875.7,-3.209982,1.704112,0.829531,4.02,4.05,4.07,4.15,4.07,4.15,4.33,2012-02-17,-
2019-10-24,2654,万润科技,文化传媒,4.03,4.07,3.99,4.05,3.99,2295400,9244568.0,0.3783,0.746,1.99,否,0.79,0.746,0.248,0.248,-6.467,否,899553980,606836785,3643193619.0,2457688979.25,-3.233937,1.716829,0.835722,4.02,4.05,4.06,4.14,4.07,4.15,4.33,2012-02-17,-
2019-10-25,2654,万润科技,文化传媒,4.03,4.06,3.98,4.02,3.98,3004705,12087149.15,0.4951,-0.741,1.98,否,1.01,-0.248,-1.471,-0.741,-7.373,否,899553980,606836785,3616206999.6,2439483875.7,-3.209982,1.704112,0.829531,4.03,4.05,4.05,4.13,4.07,4.14,4.33,2012-02-17,-
2019-10-28,2654,万润科技,文化传媒,4.03,4.13,4.03,4.11,4.03,6854262,28081129.96,1.1295,2.239,2.49,否,2.47,2.239,3.788,0.0,-6.164,否,899553980,606836785,3697166857.8,2494099186.35,-3.281847,1.742264,0.848103,4.05,4.05,4.04,4.13,4.07,4.14,4.33,2012-02-17,-
2019-10-29,2654,万润科技,文化传媒,4.12,4.19,4.07,4.09,4.07,5948300,24582199.0,0.9802,-0.487,2.92,否,1.71,0.988,1.741,-0.728,-2.619,否,899553980,606836785,3679175778.2,2481962450.65,-3.265575,1.708522,0.884918,4.06,4.04,4.03,4.12,4.07,4.13,4.33,2012-02-17,-
2019-10-30,2654,万润科技,文化传媒,4.09,4.09,3.98,4.01,3.98,3944211,15881095.04,0.65,-1.956,2.69,否,0.94,-0.249,-0.496,-0.743,-4.067,否,899553980,606836785,3607211459.8,2433415507.85,-3.201701,1.675103,0.867609,4.06,4.04,4.03,4.1,4.07,4.13,4.33,2012-02-17,-
2019-10-31,2654,万润科技,文化传媒,4.02,4.06,3.96,3.97,3.96,3004050,12065524.0,0.495,-0.998,2.49,否,0.68,-3.406,-1.244,-2.696,-7.459,否,899553980,606836785,3571229300.6,2409142036.45,-3.169764,1.658394,0.858954,4.04,4.03,4.03,4.09,4.07,4.13,4.33,2012-02-17,-
2019-11-01,2654,万润科技,文化传媒,4.04,4.09,3.95,4.09,3.95,3996400,16126739.0,0.6586,3.023,3.53,否,0.88,0.0,0.988,3.283,-4.215,否,899553980,606836785,3679175778.2,2481962450.65,-3.265575,1.708522,0.884918,4.05,4.04,4.04,4.08,4.07,4.13,4.33,2012-02-17,-
2019-11-04,2654,万润科技,文化传媒,4.04,4.11,4.0,4.0,4.0,4147253,16739958.59,0.6834,-2.201,2.69,否,0.87,-0.249,-0.498,-0.498,-4.535,否,899553980,606836785,3598215920.0,2427347140.0,-3.193716,1.670926,0.865445,4.03,4.04,4.04,4.07,4.07,4.13,4.33,2012-02-17,-
2019-11-05,2654,万润科技,文化传媒,4.05,4.07,4.0,4.03,4.0,3825600,15408361.0,0.6304,0.75,1.75,否,0.91,1.511,-1.946,0.0,-4.728,否,899553980,606836785,3625202539.4,2445552243.55,-3.217669,1.683458,0.871936,4.02,4.04,4.04,4.06,4.08,4.13,4.33,2012-02-17,-
2019-11-06,2654,万润科技,文化传媒,4.02,4.03,3.92,3.94,3.92,3716410,14744178.2,0.6124,-2.233,2.73,否,0.98,-3.667,-3.667,-1.99,-3.431,否,899553980,606836785,3544242681.2,2390936932.9,-3.145811,1.645862,0.852463,4.01,4.03,4.04,4.06,4.08,4.13,4.33,2012-02-17,-
2019-11-07,2654,万润科技,文化传媒,3.97,4.0,3.92,3.96,3.92,3006286,11882571.9,0.4954,0.508,2.03,否,0.8,-1.0,-1.247,-2.222,0.508,否,899553980,606836785,3562233760.8,2403073668.6,-3.161779,1.654217,0.856791,4.0,4.02,4.04,4.05,4.08,4.13,4.32,2012-02-17,-
2019-11-08,2654,万润科技,文化传媒,3.99,4.04,3.96,4.02,3.96,4152700,16638730.0,0.6843,1.515,2.02,否,1.11,-0.248,1.259,0.0,0.0,否,899553980,606836785,3616206999.6,2439483875.7,-3.209685,1.67928,0.869772,3.99,4.02,4.03,4.04,4.08,4.12,4.32,2012-02-17,-
2019-11-11,2654,万润科技,文化传媒,4.01,4.01,3.87,3.9,3.87,3701400,14491210.0,0.6099,-2.985,3.48,否,0.98,-1.015,-4.645,-5.109,-1.515,否,899553980,606836785,3508260522.0,2366663461.5,-3.113874,1.629153,0.843809,3.97,4.0,4.02,4.03,4.09,4.12,4.32,2012-02-17,-
2019-11-12,2654,万润科技,文化传媒,3.93,3.93,3.82,3.92,3.82,3398380,13161312.4,0.56,0.513,2.82,否,0.92,-1.01,-2.0,-4.156,-0.759,否,899553980,606836785,3526251601.6,2378800197.2,-3.129842,1.637507,0.848136,3.95,3.98,4.01,4.02,4.09,4.12,4.32,2012-02-17,-
2019-11-13,2654,万润科技,文化传媒,3.9,3.92,3.82,3.87,3.82,2342559,9063092.83,0.386,-1.276,2.55,否,0.65,-3.731,-3.97,-3.491,-3.008,否,899553980,606836785,3481273902.6,2348458357.95,-3.089921,1.616621,0.837318,3.93,3.97,4.0,4.01,4.09,4.11,4.32,2012-02-17,-
2019-11-14,2654,万润科技,文化传媒,3.88,3.9,3.85,3.89,3.85,1814200,7033064.0,0.299,0.517,1.29,否,0.55,-0.256,-1.269,-2.015,-3.713,否,899553980,606836785,3499264982.2,2360595093.65,-3.105889,1.624975,0.841645,3.92,3.96,4.0,4.01,4.09,4.11,4.32,2012-02-17,-
2019-11-15,2654,万润科技,文化传媒,3.89,3.89,3.77,3.78,3.77,3319400,12667098.0,0.547,-2.828,3.08,否,1.08,-3.571,-4.545,-7.579,-6.667,否,899553980,606836785,3400314044.4,2293843047.3,-3.018062,1.579025,0.817846,3.87,3.93,3.99,4.0,4.09,4.1,4.32,2012-02-17,-
2019-11-18,2654,万润科技,文化传媒,3.81,3.83,3.75,3.83,3.75,1949333,7403663.67,0.3212,1.323,2.12,否,0.67,-1.034,-4.726,-4.25,-6.813,否,890257980,606836785,3409688063.4,2324184886.55,-3.057983,1.599911,0.828664,3.86,3.91,3.98,4.0,4.1,4.1,4.31,2012-02-17,-
2019-11-19,2654,万润科技,文化传媒,3.84,3.89,3.8,3.89,3.8,3460600,13349174.0,0.5703,1.567,2.35,否,1.35,0.0,-0.256,-3.474,-5.583,否,890257980,606836785,3463103542.2,2360595093.65,-3.105889,1.624975,0.841645,3.85,3.9,3.97,3.99,4.09,4.1,4.31,2012-02-17,-
2019-11-20,2654,万润科技,文化传媒,3.9,3.94,3.88,3.9,3.88,3083500,12059466.0,0.5081,0.257,1.54,否,1.2,3.175,-0.51,-1.015,-3.465,否,890257980,606836785,3472006122.0,2366663461.5,-3.081695,1.612317,0.835089,3.86,3.9,3.96,3.99,4.09,4.09,4.31,2012-02-17,-
2019-11-21,2654,万润科技,文化传媒,3.89,3.89,3.8,3.84,3.8,4070200,15633159.0,0.6707,-1.539,2.31,否,1.49,0.261,-0.775,-3.03,-5.882,否,890257980,606836785,3418590643.2,2330253254.4,-3.034284,1.587512,0.822241,3.85,3.88,3.95,3.98,4.09,4.09,4.31,2012-02-17,-
2019-11-22,2654,万润科技,文化传媒,3.84,3.88,3.77,3.81,3.77,3555953,13593368.34,0.586,-0.781,2.86,否,1.12,-2.057,-2.057,-5.224,-3.788,否,890257980,606836785,3391882903.8,2312048150.85,-3.010579,1.57511,0.815818,3.85,3.86,3.94,3.98,4.08,4.08,4.31,2012-02-17,-
2019-11-25,2654,万润科技,文化传媒,3.82,3.82,3.74,3.79,3.74,3022200,11387164.0,0.498,-0.525,2.1,否,0.94,-2.821,0.265,-2.821,-5.721,否,890257980,606836785,3374077744.2,2299911415.15,-2.994775,1.566841,0.811535,3.85,3.85,3.93,3.97,4.07,4.08,4.3,2012-02-17,-
2019-11-26,2654,万润科技,文化传媒,3.76,3.78,3.72,3.75,3.72,4488703,16793754.19,0.7397,-1.055,1.58,否,1.31,-2.344,-2.089,-4.337,-6.948,否,890257980,606836785,3338467425.0,2275637943.75,-2.963168,1.550305,0.80297,3.82,3.84,3.91,3.95,4.07,4.07,4.3,2012-02-17,-
2019-11-27,2654,万润科技,文化传媒,3.74,3.76,3.69,3.72,3.69,2639900,9835191.0,0.435,-0.8,1.87,否,0.72,-2.362,-4.37,-3.876,-7.463,否,890257980,606836785,3311759685.6,2257432840.2,-2.939463,1.537902,0.796546,3.78,3.82,3.9,3.94,4.06,4.07,4.29,2012-02-17,-
2019-11-28,2654,万润科技,文化传媒,3.73,3.74,3.71,3.74,3.71,2204400,8222566.0,0.3633,0.538,0.81,否,0.62,-1.319,-4.103,-3.856,-7.654,否,890257980,606836785,3329564845.2,2269569575.9,-2.955266,1.546171,0.800829,3.76,3.81,3.88,3.93,4.06,4.06,4.29,2012-02-17,-
2019-11-29,2654,万润科技,文化传媒,3.75,3.78,3.72,3.78,3.72,2755200,10354508.0,0.454,1.07,1.6,否,0.87,0.8,-1.563,0.0,-5.97,否,890257980,606836785,3365175164.4,2293843047.3,-2.986873,1.562707,0.809394,3.76,3.81,3.87,3.93,4.05,4.06,4.28,2012-02-17,-
2019-12-02,2654,万润科技,文化传媒,3.78,3.8,3.74,3.76,3.74,2697200,10163522.0,0.4445,-0.529,1.59,否,0.89,1.075,-1.312,-1.828,-8.516,否,890257980,606836785,3347370004.8,2281706311.6,-2.97107,1.554439,0.805111,3.75,3.8,3.86,3.92,4.04,4.06,4.28,2012-02-17,-
2019-12-03,2654,万润科技,文化传媒,3.73,3.81,3.72,3.78,3.72,3672987,13836743.28,0.6053,0.532,2.39,否,1.24,1.07,-0.264,-2.828,-7.579,否,890257980,606836785,3365175164.4,2293843047.3,-2.986873,1.562707,0.809394,3.76,3.79,3.84,3.91,4.03,4.05,4.28,2012-02-17,-
2019-12-04,2654,万润科技,文化传媒,3.78,3.86,3.76,3.8,3.76,4358184,16647529.72,0.7182,0.529,2.65,否,1.56,0.529,1.333,-2.564,-5.237,否,890257980,606836785,3382980324.0,2305979783.0,-3.002677,1.570976,0.813676,3.77,3.78,3.84,3.9,4.02,4.05,4.27,2012-02-17,-
2019-12-05,2654,万润科技,文化传媒,3.8,3.84,3.79,3.83,3.79,3054800,11670214.0,0.5034,0.79,1.32,否,0.97,1.862,2.957,-0.26,-3.526,否,890257980,606836785,3409688063.4,2324184886.55,-3.026382,1.583378,0.8201,3.79,3.78,3.83,3.89,4.02,4.05,4.27,2012-02-17,-
2019-12-06,2654,万润科技,文化传媒,3.83,3.88,3.81,3.87,3.81,5186919,19919713.52,0.8547,1.044,1.83,否,1.57,2.381,3.476,1.575,-5.379,否,890257980,606836785,3445298382.6,2348458357.95,-3.057989,1.599915,0.828665,3.81,3.78,3.82,3.89,4.01,4.04,4.27,2012-02-17,-
2019-12-09,2654,万润科技,文化传媒,3.87,3.9,3.83,3.85,3.83,3872742,14964859.54,0.6382,-0.517,1.81,否,1.02,1.316,1.852,1.583,-3.75,否,890257980,606836785,3427493223.0,2336321622.25,-3.042186,1.591646,0.824383,3.83,3.79,3.82,3.88,4.0,4.04,4.26,2012-02-17,-
2019-12-10,2654,万润科技,文化传媒,3.87,4.24,3.84,4.24,3.84,20020532,81967461.92,3.2992,10.13,10.39,否,4.97,10.705,12.766,13.067,5.211,是,890257980,606836785,3774693835.2,2572987968.4,-3.350355,1.752878,0.907892,3.92,3.84,3.84,3.89,4.0,4.04,4.26,2012-02-17,-
2019-12-11,2654,万润科技,文化传媒,4.66,4.66,4.66,4.66,4.66,27913179,130075414.14,4.5998,9.906,0.0,否,3.82,20.413,23.28,25.269,18.274,是,890257980,606836785,4148602186.8,2827859418.1,-3.68223,1.926512,0.997824,4.09,3.93,3.88,3.91,4.01,4.05,4.27,2012-02-17,-
2019-12-12,2654,万润科技,文化传媒,4.65,4.93,4.4,4.71,4.4,84499576,393898504.97,13.9246,1.073,11.37,否,7.04,22.338,23.947,25.936,18.939,否,881141619,618310185,4150177025.49,2912240971.35,-3.721739,1.947183,1.008531,4.27,4.03,3.92,3.93,4.01,4.05,4.27,2012-02-17,-
2019-12-13,2654,万润科技,文化传媒,4.6,4.68,4.5,4.51,4.5,47160642,215117539.0,7.7716,-4.246,3.82,否,1.67,6.368,17.755,19.312,12.189,否,881141619,618310185,3973948701.69,2788578934.35,-3.563703,1.8645,0.965705,4.39,4.1,3.95,3.95,4.01,4.05,4.27,2012-02-17,-
2019-12-16,2654,万润科技,文化传媒,4.56,4.78,4.47,4.7,4.47,47646721,220855300.72,7.8517,4.213,6.87,否,1.3,0.858,21.447,25.0,20.513,否,881141619,618310185,4141365609.3,2906057869.5,-3.713837,1.943049,1.006389,4.56,4.2,4.0,3.97,4.02,4.06,4.27,2012-02-17,-
2019-12-17,2654,万润科技,文化传媒,4.66,5.17,4.65,5.04,4.65,86626324,436717591.85,14.2751,7.234,11.06,否,1.91,7.006,30.909,33.333,28.571,否,881141619,618310185,4440953759.76,3116283332.4,-3.982498,2.08361,1.079192,4.72,4.32,4.05,4.0,4.03,4.06,4.27,2012-02-17,-
2019-12-18,2654,万润科技,文化传媒,4.92,5.09,4.85,4.95,4.85,57850941,287015473.79,9.3563,-1.786,4.76,否,0.98,9.756,16.745,30.263,27.907,否,881141619,618310185,4361651014.05,3060635415.75,-3.871329,2.025447,1.049067,4.78,4.44,4.11,4.04,4.05,4.07,4.27,2012-02-17,-
2019-12-19,2654,万润科技,文化传媒,4.91,5.06,4.85,4.92,4.85,38571545,190751239.5,6.2382,-0.606,4.24,否,0.6,4.681,5.579,28.46,26.478,否,881141619,618310185,4335216765.48,3042086110.2,-3.847866,2.013171,1.042709,4.82,4.55,4.16,4.07,4.06,4.07,4.27,2012-02-17,-
2019-12-20,2654,万润科技,文化传媒,4.92,5.3,4.84,5.05,4.84,53045129,268977029.27,8.579,2.642,9.35,否,0.95,0.198,7.219,30.491,33.598,否,881141619,618310185,4449765175.95,3122466434.25,-3.949537,2.066365,1.07026,4.93,4.66,4.22,4.1,4.07,4.08,4.28,2012-02-17,-
2019-12-23,2654,万润科技,文化传媒,4.92,4.95,4.61,4.66,4.61,35447542,167855578.58,5.733,-7.723,6.73,否,0.62,-5.859,3.326,21.039,21.671,否,881141619,618310185,4106119944.54,2881325462.1,-3.644524,1.906784,0.987606,4.92,4.74,4.27,4.13,4.08,4.09,4.28,2012-02-17,-
2019-12-24,2654,万润科技,文化传媒,4.62,4.78,4.62,4.71,4.62,19509472,91725779.82,3.1553,1.073,3.43,否,0.36,-4.268,0.213,11.085,21.08,否,881141619,618310185,4150177025.49,2912240971.35,-3.683628,1.927243,0.998203,4.86,4.79,4.31,4.15,4.09,4.09,4.28,2012-02-17,-
2019-12-25,2654,万润科技,文化传媒,4.71,4.91,4.56,4.84,4.56,30669165,146272891.32,4.9602,2.76,7.43,否,0.75,-4.158,-3.968,3.863,24.103,否,881141619,618310185,4264725435.96,2992621295.4,-3.785299,1.980437,1.025754,4.84,4.81,4.37,4.19,4.1,4.1,4.28,2012-02-17,-
2019-12-26,2654,万润科技,文化传媒,4.78,4.92,4.7,4.8,4.7,24071965,115300098.99,3.8932,-0.826,4.55,否,0.68,3.004,-3.03,1.911,25.0,否,881141619,618310185,4229479771.2,2967888888.0,-3.754016,1.96407,1.017277,4.81,4.82,4.42,4.22,4.11,4.1,4.28,2012-02-17,-
2019-12-27,2654,万润科技,文化传媒,4.8,5.28,4.75,5.28,4.75,68530474,353804816.04,11.0835,10.0,11.04,否,2.11,12.102,7.317,17.073,38.583,是,881141619,618310185,4652427748.32,3264677776.8,-4.129417,2.160477,1.119005,4.86,4.9,4.5,4.27,4.13,4.11,4.29,2012-02-17,-
2019-12-30,2654,万润科技,文化传媒,5.3,5.81,5.2,5.81,5.2,77535180,430362856.91,12.5399,10.038,11.55,否,2.18,20.041,15.05,23.617,53.298,是,881141619,618310185,5119432806.39,3592382174.85,-4.543923,2.377343,1.231329,5.09,5.01,4.6,4.33,4.16,4.13,4.29,2012-02-17,-
2019-12-31,2654,万润科技,文化传媒,5.7,5.74,5.23,5.5,5.23,74119004,407651521.53,11.9873,-5.336,8.78,否,1.68,14.583,18.026,9.127,46.667,否,881141619,618310185,4846278904.5,3400706017.5,-4.301476,2.250497,1.16563,5.25,5.05,4.69,4.39,4.19,4.14,4.3,2012-02-17,-
2020-01-02,2654,万润科技,文化传媒,5.49,5.76,5.49,5.56,5.49,61012781,342019048.36,9.8677,1.091,4.91,否,1.11,5.303,18.047,12.323,49.462,否,881141619,618310185,4899147401.64,3437804628.6,-4.348402,2.275047,1.178346,5.39,5.11,4.77,4.44,4.22,4.15,4.3,2012-02-17,-
2020-01-03,2654,万润科技,文化传媒,5.47,6.12,5.41,6.12,5.41,94971133,564642793.1,15.3598,10.072,12.77,否,1.56,5.336,26.446,24.39,63.636,是,881141619,618310185,5392586708.28,3784058332.2,-4.78637,2.504189,1.297028,5.65,5.23,4.89,4.52,4.25,4.17,4.31,2012-02-17,-
2020-01-06,2654,万润科技,文化传媒,5.75,6.11,5.71,5.93,5.71,71384895,422134752.49,11.5452,-3.105,6.54,否,0.95,7.818,23.542,17.426,56.878,否,881141619,618310185,5225169800.67,3666579397.05,-4.637774,2.426444,1.256761,5.78,5.32,4.99,4.59,4.28,4.19,4.32,2012-02-17,-
2020-01-07,2654,万润科技,文化传媒,5.86,5.98,5.72,5.96,5.72,47229129,275716522.74,7.6384,0.506,4.38,否,0.62,7.194,12.879,27.897,58.511,否,881141619,618310185,5251604049.24,3685128702.6,-4.661236,2.43872,1.263119,5.81,5.45,5.1,4.66,4.31,4.2,4.33,2012-02-17,-
2020-01-08,2654,万润科技,文化传媒,5.84,6.14,5.75,5.75,5.75,49597814,292304578.17,8.0215,-3.524,6.54,否,0.71,-6.046,-1.033,22.081,52.116,否,881141619,618310185,5066564309.25,3555283563.75,-4.496998,2.352792,1.218613,5.86,5.56,5.17,4.73,4.34,4.21,4.33,2012-02-17,-
2020-01-09,2654,万润科技,文化传媒,5.56,5.66,5.37,5.54,5.37,47994524,264537330.22,7.7622,-3.652,5.04,否,0.74,-6.577,0.727,14.463,45.789,否,881141619,618310185,4881524569.26,3425438424.9,-4.33276,2.266864,1.174107,5.86,5.63,5.22,4.79,4.37,4.22,4.34,2012-02-17,-
2020-01-10,2654,万润科技,文化传媒,5.5,5.52,5.3,5.35,5.3,32276863,173463616.79,5.2202,-3.43,3.97,否,0.52,-10.235,-3.777,11.458,39.687,否,881141619,618310185,4714107661.65,3307959489.75,-4.184163,2.189119,1.13384,5.71,5.68,5.25,4.84,4.39,4.23,4.35,2012-02-17,-
2020-01-13,2654,万润科技,文化传媒,5.32,5.43,5.23,5.43,5.23,23841394,127423112.43,3.8559,1.495,3.74,否,0.48,-5.565,-11.275,2.841,40.31,否,881141619,618310185,4784598991.17,3357424304.55,-4.24673,2.221854,1.150795,5.61,5.7,5.3,4.9,4.41,4.24,4.35,2012-02-17,-
2020-01-14,2654,万润科技,文化传媒,5.41,5.55,5.38,5.44,5.38,25954683,142391510.55,4.1977,0.184,3.13,否,0.65,-1.805,-8.263,-6.368,41.299,否,881141619,618310185,4793410407.36,3363607406.4,-4.254551,2.225946,1.152914,5.5,5.66,5.33,4.95,4.44,4.25,4.36,2012-02-17,-
2020-01-15,2654,万润科技,文化传媒,5.4,5.43,5.25,5.41,5.25,17412412,93134361.67,2.8161,-0.552,3.31,否,0.48,1.121,-9.228,-1.636,27.594,否,881141619,618310185,4766976158.79,3345058100.85,-4.231089,2.21367,1.146556,5.43,5.65,5.35,5.01,4.46,4.27,4.36,2012-02-17,-
2020-01-16,2654,万润科技,文化传媒,5.46,5.59,5.43,5.54,5.43,23709637,130740158.3,3.8346,2.403,2.96,否,0.8,2.026,-3.652,-0.36,18.884,否,881141619,618310185,4881524569.26,3425438424.9,-4.33276,2.266864,1.174107,5.43,5.65,5.38,5.07,4.48,4.28,4.37,2012-02-17,-
2020-01-17,2654,万润科技,文化传媒,5.58,5.64,5.3,5.32,5.3,17571027,96023781.61,2.8418,-3.971,6.14,否,0.71,-2.206,-3.971,-13.072,12.951,否,881141619,618310185,4687673413.08,3289410184.2,-4.160701,2.176844,1.127482,5.43,5.57,5.4,5.12,4.5,4.29,4.37,2012-02-17,-
2020-01-20,2654,万润科技,文化传媒,5.25,5.25,5.05,5.19,5.05,22896121,117890837.05,3.703,-2.444,3.76,否,1.06,-4.067,-2.991,-12.479,15.078,否,881141619,618310185,4573125002.61,3209029860.15,-4.059029,2.12365,1.099931,5.38,5.49,5.41,5.16,4.52,4.3,4.38,2012-02-17,-
2020-01-21,2654,万润科技,文化传媒,5.16,5.23,5.0,5.01,5.0,16369131,83527130.98,2.6474,-3.468,4.43,否,0.76,-9.567,-7.735,-15.94,6.596,否,881141619,618310185,4414519511.19,3097734026.85,-3.918254,2.049998,1.061783,5.29,5.4,5.42,5.2,4.54,4.31,4.38,2012-02-17,-
2020-01-22,2654,万润科技,文化传媒,4.99,5.18,4.86,5.13,4.86,19442800,97961568.31,3.1445,2.395,6.39,否,0.99,-3.571,-5.699,-10.783,1.786,否,881141619,618310185,4520256505.47,3171931249.05,-4.012104,2.0991,1.087215,5.24,5.34,5.45,5.23,4.56,4.31,4.39,2012-02-17,-
2020-01-23,2654,万润科技,文化传媒,5.07,5.15,4.81,4.94,4.81,14874800,74188532.0,2.4057,-3.704,6.63,否,0.74,-4.817,-8.688,-10.83,-0.202,否,881141619,618310185,4352839597.86,3054452313.9,-3.863508,2.021355,1.046948,5.12,5.28,5.45,5.24,4.57,4.32,4.39,2012-02-17,-
2020-02-03,2654,万润科技,文化传媒,4.45,4.45,4.45,4.45,4.45,1494700,6651415.0,0.2417,-9.919,0.0,否,0.08,-11.178,-19.675,-16.822,-9.553,否,881141619,618310185,3921080204.55,2751480323.25,-3.480285,1.820856,0.943101,4.94,5.19,5.43,5.23,4.58,4.33,4.39,2012-02-17,-
2020-02-04,2654,万润科技,文化传媒,4.01,4.34,4.01,4.27,4.01,23018924,97011205.46,3.7229,-4.045,7.42,否,1.53,-16.764,-19.737,-21.363,-15.446,否,881141619,618310185,3762474713.13,2640184489.95,-3.33951,1.747204,0.904953,4.76,5.07,5.38,5.22,4.58,4.33,4.39,2012-02-17,-
2020-02-05,2654,万润科技,文化传媒,4.28,4.52,4.25,4.38,4.25,18146470,79681740.72,2.9348,2.576,6.32,否,1.21,-11.336,-15.607,-19.485,-6.009,否,881141619,618310185,3859400291.22,2708198610.3,-3.425539,1.792214,0.928265,4.63,4.96,5.31,5.21,4.59,4.33,4.39,2012-02-17,-
2020-02-06,2654,万润科技,文化传媒,4.4,4.53,4.31,4.48,4.31,19253992,85547692.68,3.114,2.283,5.02,否,1.25,0.674,-10.579,-17.19,-4.883,否,881141619,618310185,3947514453.12,2770029628.8,-3.503748,1.833132,0.949458,4.5,4.87,5.26,5.19,4.6,4.34,4.39,2012-02-17,-
2020-02-07,2654,万润科技,文化传媒,4.46,4.62,4.43,4.62,4.43,19045655,86080046.65,3.0803,3.125,4.24,否,1.24,8.197,-9.942,-16.606,-4.545,否,881141619,618310185,4070874279.78,2856593054.7,-3.61324,1.890417,0.979129,4.44,4.78,5.21,5.18,4.61,4.34,4.39,2012-02-17,-
2020-02-10,2654,万润科技,文化传媒,4.56,4.75,4.55,4.7,4.55,16409070,76824639.12,2.6539,1.732,4.33,否,1.01,7.306,-4.858,-11.654,-2.083,否,881141619,618310185,4141365609.3,2906057869.5,-3.675807,1.923152,0.996084,4.49,4.72,5.14,5.17,4.62,4.35,4.4,2012-02-17,-
2020-02-11,2654,万润科技,文化传媒,4.74,4.75,4.56,4.63,4.56,12994642,60315948.08,2.1016,-1.489,4.04,否,0.68,3.348,4.045,-10.79,-12.311,否,881141619,618310185,4079685695.97,2862776156.55,-3.621061,1.894509,0.981248,4.56,4.66,5.08,5.16,4.63,4.36,4.4,2012-02-17,-
2020-02-12,2654,万润科技,文化传媒,4.63,4.74,4.58,4.72,4.58,13353466,62661581.4,2.1597,1.944,3.46,否,0.78,2.165,10.539,-5.788,-18.761,否,881141619,618310185,4158988441.68,2918424073.2,-3.691449,1.931335,1.000322,4.63,4.63,5.02,5.16,4.64,4.37,4.4,2012-02-17,-
2020-02-13,2654,万润科技,文化传媒,4.68,4.76,4.61,4.63,4.61,13620700,63726698.0,2.2029,-1.907,3.18,否,0.84,-1.489,5.708,-9.747,-15.818,否,881141619,618310185,4079685695.97,2862776156.55,-3.621061,1.894509,0.981248,4.66,4.58,4.96,5.16,4.66,4.37,4.4,2012-02-17,-
2020-02-14,2654,万润科技,文化传媒,4.63,4.72,4.58,4.64,4.58,12465709,57954292.58,2.0161,0.216,3.02,否,0.83,0.216,3.571,-6.073,-16.547,否,881141619,618310185,4088497112.16,2868959258.4,-3.628882,1.898601,0.983368,4.66,4.55,4.91,5.15,4.67,4.38,4.41,2012-02-17,-
2020-02-17,2654,万润科技,文化传媒,4.66,4.87,4.61,4.87,4.61,18433930,88534397.95,2.9813,4.957,5.6,否,1.34,3.178,5.411,9.438,-20.425,否,881141619,618310185,4291159684.53,3011170600.95,-3.808762,1.992712,1.032112,4.7,4.59,4.89,5.15,4.69,4.39,4.41,2012-02-17,-
2020-02-18,2654,万润科技,文化传媒,4.85,5.07,4.83,5.01,4.83,23600817,117285123.84,3.817,2.875,4.93,否,1.67,8.207,6.596,17.33,-15.514,否,881141619,618310185,4414519511.19,3097734026.85,-3.918254,2.049998,1.061783,4.77,4.67,4.87,5.14,4.71,4.4,4.42,2012-02-17,-
2020-02-19,2654,万润科技,文化传媒,5.0,5.1,4.94,4.98,4.94,18444608,92245316.06,2.9831,-0.599,3.19,否,1.13,7.328,7.559,13.699,-16.443,否,881141619,618310185,4388085262.62,3079184721.3,-3.918254,2.049998,1.061783,4.83,4.73,4.85,5.12,4.72,4.41,4.42,2012-02-17,-
2020-02-20,2654,万润科技,文化传媒,5.01,5.39,4.9,5.24,4.9,33241903,171229024.01,5.3763,5.221,9.84,否,1.92,7.598,11.017,16.964,-8.87,否,881141619,618310185,4617182083.56,3239945369.4,-4.098134,2.144109,1.110527,4.95,4.8,4.84,5.11,4.75,4.42,4.43,2012-02-17,-
2020-02-21,2654,万润科技,文化传媒,5.18,5.34,5.12,5.28,5.12,34490293,181504566.41,5.5782,0.763,4.2,否,1.62,5.389,14.039,14.286,-4.693,否,881141619,618310185,4652427748.32,3264677776.8,-4.129417,2.160477,1.119005,5.08,4.87,4.82,5.1,4.77,4.43,4.43,2012-02-17,-
2020-02-24,2654,万润科技,文化传媒,5.2,5.39,5.19,5.37,5.19,29582739,156939764.58,4.7844,1.705,3.79,否,1.15,7.831,15.733,14.255,0.374,否,881141619,618310185,4731730494.03,3320325693.45,-4.199805,2.197303,1.138079,5.18,4.94,4.83,5.07,4.8,4.44,4.43,2012-02-17,-
2020-02-25,2654,万润科技,文化传媒,5.17,5.34,4.95,5.32,4.95,34266162,178002679.78,5.5419,-0.931,7.26,否,1.23,1.527,9.24,14.903,-2.026,否,881141619,618310185,4687673413.08,3289410184.2,-4.160701,2.176844,1.127482,5.24,5.01,4.83,5.05,4.82,4.45,4.44,2012-02-17,-
2020-02-26,2654,万润科技,文化传媒,5.2,5.26,5.08,5.13,5.08,23293900,120833063.0,3.7673,-3.571,3.38,否,0.78,-2.841,2.395,8.686,-5.699,否,881141619,618310185,4520256505.47,3171931249.05,-4.012104,2.0991,1.087215,5.27,5.05,4.84,5.03,4.84,4.46,4.44,2012-02-17,-
2020-02-27,2654,万润科技,文化传媒,5.12,5.19,5.03,5.07,5.03,15974100,81517041.82,2.5835,-1.17,3.12,否,0.52,-5.587,1.807,9.503,-6.285,否,881141619,618310185,4467388008.33,3134832637.95,-3.965179,2.074549,1.074499,5.23,5.09,4.84,5.0,4.87,4.47,4.45,2012-02-17,-
2020-02-28,2654,万润科技,文化传媒,4.94,4.94,4.56,4.56,4.56,27514459,129310101.3,4.4499,-10.059,7.5,否,1.0,-14.286,-12.977,-1.724,-17.69,否,881141619,618310185,4018005782.64,2819494443.6,-3.566315,1.865866,0.966413,5.09,5.08,4.82,4.97,4.88,4.47,4.45,2012-02-17,-
2020-03-02,2654,万润科技,文化传媒,4.62,4.95,4.57,4.84,4.57,20791907,98279046.91,3.3627,6.14,8.33,否,0.8,-5.653,-8.333,-0.616,-9.023,否,881141619,618310185,4264725435.96,2992621295.4,-3.785299,1.980437,1.025754,4.98,5.08,4.84,4.95,4.9,4.48,4.45,2012-02-17,-
2020-03-03,2654,万润科技,文化传媒,4.82,5.14,4.82,4.92,4.82,24836404,123819820.72,4.0168,1.653,6.61,否,1.02,-2.959,-8.38,-1.796,-5.202,否,881141619,618310185,4335216765.48,3042086110.2,-3.847866,2.013171,1.042709,4.9,5.07,4.87,4.94,4.92,4.48,4.45,2012-02-17,-
2020-03-04,2654,万润科技,文化传媒,4.86,5.07,4.85,4.94,4.85,17733727,87749840.21,2.8681,0.407,4.47,否,0.79,8.333,-7.143,-0.803,-1.397,否,881141619,618310185,4352839597.86,3054452313.9,-3.863508,2.021355,1.046948,4.87,5.07,4.9,4.92,4.94,4.49,4.45,2012-02-17,-
2020-03-05,2654,万润科技,文化传媒,5.04,5.1,4.95,5.01,4.95,20623060,103107118.8,3.3354,1.417,3.04,否,0.97,3.512,-2.339,-4.389,-2.339,否,881141619,618310185,4414519511.19,3097734026.85,-3.918254,2.049998,1.061783,4.85,5.04,4.92,4.91,4.96,4.49,4.45,2012-02-17,-
2020-03-06,2654,万润科技,文化传媒,4.98,5.16,4.91,5.11,4.91,26734227,135133434.15,4.3238,1.996,4.99,否,1.2,3.862,0.789,-3.22,3.441,否,881141619,618310185,4502633673.09,3159565045.35,-3.996463,2.090916,1.082976,4.96,5.03,4.95,4.89,4.98,4.5,4.45,2012-02-17,-
2020-03-09,2654,万润科技,文化传媒,5.04,5.16,4.77,4.78,4.77,25488424,126639505.73,4.1223,-6.458,7.63,否,1.15,-3.239,4.825,-10.987,7.416,否,881141619,618310185,4211856938.82,2955522684.3,-3.738374,1.955886,1.013038,4.95,4.97,4.95,4.87,4.99,4.51,4.45,2012-02-17,-
2020-03-10,2654,万润科技,文化传媒,4.65,5.16,4.65,5.14,4.65,31567298,157239607.64,5.1054,7.531,10.67,否,1.37,2.595,6.198,-3.383,20.375,否,881141619,618310185,4529067921.66,3178114350.9,-4.019925,2.103191,1.089334,5.0,4.95,4.98,4.87,5.02,4.51,4.45,2012-02-17,-
2020-03-11,2654,万润科技,文化传媒,5.16,5.25,5.03,5.05,5.03,26982588,138518133.04,4.3639,-1.751,4.28,否,1.1,-1.174,2.642,-1.559,15.297,否,881141619,618310185,4449765175.95,3122466434.25,-3.949537,2.066365,1.07026,5.02,4.94,4.99,4.87,5.04,4.52,4.45,2012-02-17,-
2020-03-12,2654,万润科技,文化传媒,4.97,4.99,4.8,4.86,4.8,17053324,83398715.6,2.7581,-3.762,3.76,否,0.65,1.674,-1.619,-4.142,8.482,否,881141619,618310185,4282348268.34,3004987499.1,-3.800941,1.988621,1.029993,4.99,4.92,5.01,4.86,5.05,4.52,4.45,2012-02-17,-
2020-03-13,2654,万润科技,文化传媒,4.63,4.85,4.56,4.75,4.56,20110542,94537781.86,3.2525,-2.263,5.97,否,0.79,-7.588,-5.19,4.167,2.814,否,881141619,618310185,4185422690.25,2936973378.75,-3.714911,1.943611,1.00668,4.92,4.94,5.01,4.86,5.05,4.53,4.45,2012-02-17,-
2020-03-16,2654,万润科技,文化传媒,4.81,4.86,4.38,4.4,4.38,19337160,89173283.54,3.1274,-7.368,10.11,否,0.8,-12.871,-13.894,-9.091,-6.383,否,881141619,618310185,3877023123.6,2720564814.0,-3.441181,1.800397,0.932504,4.84,4.9,4.99,4.86,5.04,4.53,4.45,2012-02-17,-
2020-03-17,2654,万润科技,文化传媒,4.47,4.51,4.2,4.45,4.2,13818472,60653092.55,2.2349,1.136,7.05,否,0.6,-8.436,-6.904,-9.553,-3.888,否,881141619,618310185,3921080204.55,2751480323.25,-3.480285,1.820856,0.943101,4.7,4.85,4.96,4.86,5.04,4.53,4.45,2012-02-17,-
2020-03-18,2654,万润科技,文化传媒,4.51,4.55,4.3,4.31,4.3,12263303,54619048.41,1.9834,-3.146,5.62,否,0.63,-9.263,-16.148,-12.753,-8.686,否,881141619,618310185,3797720377.89,2664916897.35,-3.370793,1.763571,0.91343,4.55,4.79,4.93,4.86,5.03,4.53,4.45,2012-02-17,-
2020-03-19,2654,万润科技,文化传媒,4.31,4.46,4.25,4.41,4.25,9818803,42632023.11,1.588,2.32,4.87,否,0.59,0.227,-12.673,-11.976,-4.752,否,881141619,618310185,3885834539.79,2726747915.85,-3.449002,1.804489,0.934623,4.46,4.73,4.89,4.86,5.02,4.53,4.44,2012-02-17,-
2020-03-20,2654,万润科技,文化传媒,4.45,4.49,4.37,4.47,4.37,8153003,36167656.02,1.3186,1.361,2.72,否,0.54,0.449,-8.025,-12.524,-3.664,否,881141619,618310185,3938703036.93,2763846526.95,-3.495927,1.82904,0.947339,4.41,4.66,4.84,4.85,5.02,4.53,4.44,2012-02-17,-
2020-03-23,2654,万润科技,文化传媒,4.37,4.42,4.23,4.27,4.23,9931500,43037328.0,1.6062,-4.474,4.25,否,0.78,-0.928,-10.105,-10.669,-12.32,否,881141619,618310185,3762474713.13,2640184489.95,-3.33951,1.747204,0.904953,4.38,4.61,4.79,4.84,5.01,4.53,4.44,2012-02-17,-
2020-03-24,2654,万润科技,文化传媒,4.34,4.4,4.2,4.38,4.2,8836033,38168291.92,1.4291,2.576,4.68,否,0.82,-0.68,-0.455,-14.786,-12.575,否,881141619,618310185,3859400291.22,2708198610.3,-3.425539,1.792214,0.928265,4.37,4.54,4.74,4.83,4.99,4.53,4.43,2012-02-17,-
2020-03-25,2654,万润科技,文化传媒,4.46,4.48,4.4,4.44,4.4,8599303,38159569.32,1.3908,1.37,1.83,否,0.88,-0.671,-0.225,-12.079,-10.843,否,881141619,618310185,3912268788.36,2745297221.4,-3.472465,1.816765,0.940981,4.39,4.47,4.71,4.82,4.99,4.53,4.43,2012-02-17,-
2020-03-26,2654,万润科技,文化传媒,4.4,4.42,4.32,4.36,4.32,8037100,35043763.0,1.2998,-1.802,2.25,否,0.89,2.108,1.16,-10.288,-16.794,否,881141619,618310185,3841777458.84,2695832406.6,-3.409898,1.78403,0.924027,4.38,4.42,4.67,4.81,4.98,4.54,4.43,2012-02-17,-
2020-03-27,2654,万润科技,文化传媒,4.39,4.42,4.32,4.33,4.32,6562703,28685912.11,1.0614,-0.688,2.29,否,0.75,-1.142,-1.814,-8.842,-17.992,否,881141619,618310185,3815343210.27,2677283101.05,-3.386435,1.771755,0.917669,4.36,4.38,4.66,4.8,4.98,4.54,4.43,2012-02-17,-
2020-03-30,2654,万润科技,文化传媒,4.26,4.26,4.11,4.17,4.11,8909293,37166566.61,1.4409,-3.695,3.46,否,1.06,-6.081,-6.711,-5.227,-22.346,否,881141619,618310185,3674360551.23,2578353471.45,-3.261301,1.706286,0.883759,4.34,4.36,4.63,4.78,4.97,4.54,4.42,2012-02-17,-
2020-03-31,2654,万润科技,文化传媒,4.22,4.23,4.14,4.15,4.14,5348333,22325123.28,0.865,-0.48,2.16,否,0.65,-4.817,-2.81,-6.742,-21.992,否,881141619,618310185,3656737718.85,2565987267.75,-3.245659,1.698102,0.879521,4.29,4.33,4.59,4.75,4.95,4.54,4.42,2012-02-17,-
2020-04-01,2654,万润科技,文化传媒,4.15,4.24,4.13,4.15,4.13,6357333,26598035.52,1.0282,0.0,2.65,否,0.85,-4.157,-5.251,-3.712,-19.103,否,881141619,618310185,3656737718.85,2565987267.75,-3.245659,1.698102,0.879521,4.23,4.31,4.55,4.72,4.92,4.54,4.42,2012-02-17,-
2020-04-02,2654,万润科技,文化传媒,4.13,4.28,4.11,4.28,4.11,7894660,33336127.6,1.2768,3.133,4.1,否,1.12,2.638,-3.604,-2.948,-15.582,否,881141619,618310185,3771286129.32,2646367591.8,-3.347331,1.751296,0.907072,4.22,4.3,4.51,4.69,4.9,4.54,4.41,2012-02-17,-
2020-04-03,2654,万润科技,文化传媒,4.25,4.28,4.21,4.24,4.21,5700650,24180069.5,0.922,-0.935,1.64,否,0.81,2.169,-2.752,-5.145,-7.018,否,881141619,618310185,3736040464.56,2621635184.4,-3.316047,1.734928,0.898595,4.2,4.28,4.47,4.66,4.88,4.55,4.41,2012-02-17,-
2020-04-07,2654,万润科技,文化传媒,4.33,4.37,4.3,4.35,4.3,7203395,31190839.19,1.165,2.594,1.65,否,1.05,4.819,0.462,1.874,-10.124,否,881141619,618310185,3832966042.65,2689649304.75,-3.402077,1.779938,0.921907,4.23,4.29,4.45,4.62,4.85,4.55,4.41,2012-02-17,-
2020-04-08,2654,万润科技,文化传媒,4.35,4.43,4.31,4.41,4.31,7557929,33150572.5,1.2224,1.379,2.76,否,1.16,3.037,5.755,0.685,-10.366,否,881141619,618310185,3885834539.79,2726747915.85,-3.449002,1.804489,0.934623,4.29,4.29,4.41,4.59,4.82,4.55,4.41,2012-02-17,-
2020-04-09,2654,万润科技,文化传媒,4.44,4.49,4.43,4.47,4.43,8226645,36724231.8,1.3305,1.361,1.36,否,1.18,5.425,7.711,0.676,-9.514,否,881141619,618310185,3938703036.93,2763846526.95,-3.495927,1.82904,0.947339,4.35,4.29,4.38,4.57,4.8,4.56,4.41,2012-02-17,-
2020-04-10,2654,万润科技,文化传媒,4.52,4.52,4.3,4.31,4.3,8662300,37809445.0,1.401,-3.579,4.92,否,1.18,-0.92,3.855,-1.147,-13.972,否,881141619,618310185,3797720377.89,2664916897.35,-3.370793,1.763571,0.91343,4.36,4.29,4.36,4.54,4.77,4.56,4.4,2012-02-17,-
2020-04-13,2654,万润科技,文化传媒,4.32,4.32,4.13,4.15,4.13,9954460,41703603.0,1.6099,-3.712,4.41,否,1.33,-5.896,-3.037,-4.157,-18.787,否,881141619,618310185,3656737718.85,2565987267.75,-3.245659,1.698102,0.879521,4.34,4.27,4.33,4.53,4.75,4.56,4.4,2012-02-17,-
2020-04-14,2654,万润科技,文化传媒,4.2,4.22,4.16,4.21,4.16,5957100,24916699.0,0.9634,1.446,1.45,否,0.72,-5.817,-0.708,0.959,-11.925,否,881141619,618310185,3709606215.99,2603085878.85,-3.292585,1.722653,0.892237,4.31,4.27,4.32,4.51,4.73,4.56,4.4,2012-02-17,-
2020-04-15,2654,万润科技,文化传媒,4.16,4.2,4.11,4.12,4.11,7438900,30902209.0,1.2031,-2.138,2.14,否,0.92,-4.408,-5.287,-0.723,-19.844,否,881141619,618310185,3630303470.28,2547437962.2,59.638259,1.685827,0.868541,4.25,4.27,4.3,4.48,4.71,4.56,4.39,2012-02-17,-
2020-04-16,2654,万润科技,文化传媒,4.1,4.32,4.03,4.28,4.03,17984600,75685274.5,2.9087,3.884,7.04,否,2.23,3.133,-2.948,3.133,-15.248,否,881141619,618310185,3771286129.32,2646367591.8,61.954308,1.751296,0.90227,4.21,4.28,4.3,4.46,4.69,4.56,4.39,2012-02-17,-
2020-04-17,2654,万润科技,文化传媒,4.24,4.27,4.13,4.14,4.13,14657100,61619441.0,2.3705,-3.271,3.27,否,1.47,-1.663,-7.383,-3.271,-14.815,否,881141619,618310185,3647926302.66,2559804165.9,59.927765,1.69401,0.872757,4.18,4.27,4.28,4.43,4.67,4.56,4.39,2012-02-17,-
2020-04-20,2654,万润科技,文化传媒,4.12,4.16,4.06,4.11,4.06,7854000,32198765.0,1.2702,-0.725,2.42,否,0.7,-0.243,-4.64,-3.066,-13.474,否,881141619,618310185,3621492054.09,2541254860.35,59.493506,1.681735,0.866432,4.17,4.26,4.27,4.4,4.65,4.56,4.38,2012-02-17,-
2020-04-21,2654,万润科技,文化传媒,4.11,4.23,4.04,4.19,4.04,11599478,47907534.0,1.876,1.947,4.62,否,1.08,-2.103,0.964,-3.678,-4.773,否,881141619,618310185,3691983383.61,2590719675.15,60.65153,1.714469,0.883297,4.17,4.24,4.26,4.38,4.63,4.57,4.38,2012-02-17,-
2020-04-22,2654,万润科技,文化传媒,4.1,4.22,3.97,4.18,3.97,10338372,43005502.47,1.672,-0.239,5.97,否,0.87,0.966,-0.713,-5.215,-6.067,否,881141619,618310185,3683171967.42,2584536573.3,60.506777,1.710377,0.881189,4.18,4.22,4.25,4.35,4.61,4.57,4.38,2012-02-17,-
2020-04-23,2654,万润科技,文化传媒,4.2,4.29,4.09,4.19,4.09,14664274,61340505.4,2.3717,0.239,4.78,否,1.17,1.946,1.699,-6.264,-2.784,否,881141619,618310185,3691983383.61,2590719675.15,60.65153,1.714469,0.883297,4.16,4.19,4.24,4.32,4.6,4.57,4.38,2012-02-17,-
2020-04-24,2654,万润科技,文化传媒,4.19,4.19,4.04,4.06,4.04,9270849,37934706.9,1.4994,-3.103,3.58,否,0.78,-3.103,-5.14,-5.8,-7.937,否,881141619,618310185,3577434973.14,2510339351.1,58.769741,1.661276,0.855892,4.15,4.16,4.22,4.29,4.58,4.57,4.37,2012-02-17,-
2020-04-27,2654,万润科技,文化传媒,4.06,4.07,3.95,3.96,3.95,6926600,27683215.0,1.1202,-2.463,2.96,否,0.64,-5.263,-4.348,-4.578,-11.409,否,881141619,618310185,3489320811.24,2448508332.6,53.149094,1.733444,0.834811,4.12,4.14,4.21,4.26,4.56,4.57,4.37,2012-02-17,-
2020-04-28,2654,万润科技,文化传媒,3.97,3.98,3.7,3.83,3.7,7543753,29047210.46,1.2201,-3.283,7.07,否,0.71,-8.592,-6.813,-9.026,-10.304,否,881141619,618310185,3374772400.77,2368128008.55,51.404301,1.676538,0.807405,4.04,4.11,4.19,4.25,4.55,4.57,4.36,2012-02-17,-
2020-04-29,2654,万润科技,文化传媒,3.83,3.96,3.82,3.89,3.82,5261000,20557084.0,0.8509,1.567,3.66,否,0.54,-4.187,-7.16,-5.583,-11.187,否,881141619,618310185,3427640897.91,2405226619.65,52.20959,1.702802,0.820054,3.99,4.08,4.18,4.23,4.54,4.56,4.36,2012-02-17,-
2020-04-30,2654,万润科技,文化传媒,3.89,4.01,3.89,3.99,3.89,6676300,26532287.0,1.0798,2.571,3.08,否,0.76,0.758,-4.545,-6.776,-10.135,否,881141619,618310185,3515755059.81,2467057638.15,121.478065,1.749538,0.826569,3.95,4.05,4.17,4.22,4.54,4.56,4.36,2012-02-17,-
2020-05-06,2654,万润科技,文化传媒,3.96,4.06,3.91,4.04,3.91,5060950,20321708.0,0.8185,1.253,3.76,否,0.71,5.483,-3.58,-2.415,-7.339,否,881141619,618310185,3559812140.76,2497973147.4,123.000347,1.771462,0.836927,3.94,4.04,4.16,4.2,4.53,4.56,4.35,2012-02-17,-
2020-05-07,2654,万润科技,文化传媒,4.05,4.08,4.0,4.02,4.0,4081300,16464940.0,0.6601,-0.495,1.98,否,0.65,3.342,-0.985,-2.19,-7.159,否,881141619,618310185,3542189308.38,2485606943.7,122.391434,1.762692,0.832784,3.95,4.04,4.15,4.19,4.52,4.56,4.35,2012-02-17,-
2020-05-08,2654,万润科技,文化传媒,4.03,4.09,4.03,4.04,4.03,3984100,16145844.0,0.6444,0.498,1.49,否,0.7,1.253,2.02,-3.58,-3.118,否,881141619,618310185,3559812140.76,2497973147.4,123.000347,1.771462,0.836927,4.0,4.02,4.13,4.18,4.51,4.57,4.34,2012-02-17,-
2020-05-11,2654,万润科技,文化传媒,4.08,4.15,4.01,4.05,4.01,5870710,23971860.8,0.9495,0.248,3.47,否,1.17,0.248,5.744,-3.11,-2.41,否,881141619,618310185,3568623556.95,2504156249.25,123.304803,1.775847,0.838999,4.03,4.01,4.11,4.17,4.5,4.57,4.34,2012-02-17,-
2020-05-12,2654,万润科技,文化传媒,4.02,4.05,3.93,3.98,3.93,6260900,24958941.0,1.0126,-1.728,2.96,否,1.22,-0.995,2.314,-5.012,-4.096,否,881141619,618310185,3506943643.62,2460874536.3,121.173609,1.745153,0.824497,4.03,3.99,4.09,4.16,4.49,4.57,4.34,2012-02-17,-
2020-05-13,2654,万润科技,文化传媒,3.98,4.06,3.94,4.05,3.94,4138500,16576130.0,0.6693,1.759,3.02,否,0.82,0.248,1.504,-0.246,-5.374,否,881141619,618310185,3568623556.95,2504156249.25,123.304803,1.775847,0.838999,4.03,3.99,4.07,4.14,4.48,4.57,4.34,2012-02-17,-
2020-05-14,2654,万润科技,文化传媒,4.04,4.07,3.96,3.96,3.96,4267100,17103942.0,0.6901,-2.222,2.72,否,0.88,-2.222,-1.98,0.0,-6.604,否,881141619,618310185,3489320811.24,2448508332.6,120.564696,1.736383,0.820354,4.02,3.99,4.06,4.13,4.47,4.57,4.34,2012-02-17,-
2020-05-15,2654,万润科技,文化传媒,3.98,4.01,3.95,3.97,3.95,4279500,17041088.0,0.6921,0.253,1.52,否,0.87,-0.251,-1.244,3.655,-8.736,否,881141619,618310185,3498132227.43,2454691434.45,120.869153,1.740768,0.822426,4.0,4.0,4.05,4.13,4.45,4.57,4.34,2012-02-17,-
2020-05-18,2654,万润科技,文化传媒,3.99,3.99,3.86,3.87,3.86,5869500,22920228.0,0.9493,-2.519,3.27,否,1.18,-4.444,-4.208,-0.514,-12.245,否,881141619,618310185,3410018065.53,2392860415.95,117.82459,1.69692,0.80171,3.97,4.0,4.04,4.12,4.43,4.57,4.33,2012-02-17,-
2020-05-19,2654,万润科技,文化传媒,3.9,3.93,3.86,3.89,3.86,3563006,13831468.28,0.5762,0.517,1.81,否,0.72,-1.768,-3.951,-2.506,-12.975,否,881141619,618310185,3427640897.91,2405226619.65,118.433502,1.70569,0.805853,3.95,3.99,4.02,4.11,4.41,4.57,4.33,2012-02-17,-
2020-05-20,2654,万润科技,文化传媒,3.89,3.95,3.85,3.88,3.85,3814000,14877305.0,0.6168,-0.257,2.57,否,0.86,-2.267,-2.513,-3.96,-9.977,否,881141619,618310185,3418829481.72,2399043517.8,118.129046,1.701305,0.803781,3.91,3.97,4.01,4.09,4.39,4.57,4.33,2012-02-17,-
2020-05-21,2654,万润科技,文化传媒,3.88,3.9,3.82,3.84,3.82,4421600,17036247.0,0.7151,-1.031,2.06,否,1.01,-0.775,-5.185,-4.478,-7.47,否,881141619,618310185,3383583816.96,2374311110.4,116.911221,1.683766,0.795495,3.89,3.95,3.99,4.08,4.37,4.57,4.33,2012-02-17,-
2020-05-22,2654,万润科技,文化传媒,3.82,3.84,3.76,3.77,3.76,4500900,17051080.0,0.7279,-1.823,2.08,否,1.03,-3.085,-4.798,-6.683,-10.451,否,881141619,618310185,3321903903.63,2331029397.45,114.780027,1.653072,0.780994,3.85,3.93,3.97,4.06,4.34,4.57,4.33,2012-02-17,-
2020-05-25,2654,万润科技,文化传媒,3.77,3.82,3.74,3.82,3.74,3480200,13177880.0,0.5629,1.326,2.12,否,0.78,-1.546,-3.778,-5.679,-7.282,否,881141619,618310185,3365960984.58,2361944906.7,116.302308,1.674996,0.791352,3.84,3.9,3.96,4.04,4.32,4.57,4.33,2012-02-17,-
2020-05-26,2654,万润科技,文化传媒,3.83,4.11,3.83,4.03,3.83,11956210,47677054.78,1.806,5.497,7.33,否,3.02,4.948,4.134,1.256,-5.841,否,881141619,662014411,3551000724.57,2667918076.33,122.69589,1.767077,0.834855,3.87,3.91,3.95,4.03,4.3,4.57,4.33,2012-02-17,-
2020-05-27,2654,万润科技,文化传媒,4.01,4.02,3.9,3.93,3.9,7126600,28175728.0,1.0765,-2.481,2.98,否,1.26,4.244,1.028,-2.963,-5.072,否,881141619,662014411,3462886562.67,2601716635.23,119.651327,1.723229,0.814139,3.88,3.9,3.94,4.01,4.28,4.57,4.32,2012-02-17,-
2020-05-28,2654,万润科技,文化传媒,3.93,4.1,3.82,4.05,3.82,9238000,36417381.44,1.3954,3.053,7.12,否,1.47,6.021,4.381,2.273,-1.46,否,881141619,662014411,3568623556.95,2681158364.55,123.304803,1.775847,0.838999,3.92,3.91,3.95,4.01,4.27,4.58,4.32,2012-02-17,-
2020-05-29,2654,万润科技,文化传媒,4.03,4.18,3.98,4.09,3.98,13647406,56097703.48,2.0615,0.988,4.94,否,1.88,1.489,6.51,3.023,-2.387,否,881141619,662014411,3603869221.71,2707638940.99,124.522628,1.793386,0.847285,3.98,3.92,3.96,4.01,4.26,4.58,4.32,2012-02-17,-
2020-06-01,2654,万润科技,文化传媒,4.1,4.5,4.1,4.5,4.1,28802487,127429255.68,4.3507,10.024,9.78,否,3.17,14.504,19.363,16.279,7.656,是,881141619,662014411,3965137285.5,2979064849.5,137.005337,1.973163,0.932221,4.12,3.98,3.99,4.02,4.25,4.58,4.32,2012-02-17,-
2020-06-02,2654,万润科技,文化传媒,4.55,4.95,4.5,4.95,4.5,62847160,296559618.55,9.4933,10.0,10.0,否,4.44,22.222,29.581,27.249,18.138,是,881141619,662014411,4361651014.05,3276971334.45,150.70587,2.170479,1.025443,4.3,4.09,4.04,4.04,4.25,4.59,4.32,2012-02-17,-
2020-06-03,2654,万润科技,文化传媒,5.45,5.45,5.45,5.45,5.45,12963528,70651227.6,1.9582,10.101,0.0,否,0.53,33.252,35.236,40.464,34.236,是,881141619,662014411,4802221823.55,3607978539.95,165.928686,2.38972,1.129023,4.61,4.24,4.11,4.09,4.26,4.61,4.33,2012-02-17,-
2020-06-04,2654,万润科技,文化传媒,5.49,5.67,5.1,5.2,5.1,110072088,590391678.75,16.8201,-4.587,10.46,否,4.32,15.556,32.316,35.417,31.313,否,881141619,654406861,4581936418.8,3402915677.2,158.317278,2.280099,1.077233,4.84,4.38,4.17,4.12,4.26,4.62,4.33,2012-02-17,-
2020-06-05,2654,万润科技,文化传媒,4.96,5.01,4.68,4.68,4.68,69548690,332815656.09,10.4569,-10.0,6.35,否,1.52,-5.455,15.556,24.138,22.193,否,881141619,665098641,4123742776.92,3112661639.88,142.48555,2.052089,0.96951,4.96,4.47,4.2,4.14,4.26,4.63,4.33,2012-02-17,-
2020-06-08,2654,万润科技,文化传媒,4.55,5.06,4.52,4.82,4.52,57590479,278043987.21,8.6589,2.992,11.54,否,1.01,-11.56,17.848,26.178,23.907,否,881141619,665098641,4247102603.58,3205775449.62,146.747939,2.113477,0.998512,5.02,4.57,4.24,4.16,4.25,4.63,4.34,2012-02-17,-
2020-06-09,2654,万润科技,文化传媒,4.71,5.01,4.7,4.86,4.7,53881020,263236826.76,8.1012,0.83,6.43,否,0.86,-6.538,8.0,20.596,21.805,否,881141619,665098641,4282348268.34,3232379395.26,147.965764,2.131016,1.006798,5.0,4.65,4.28,4.18,4.25,4.64,4.34,2012-02-17,-
2020-06-10,2654,万润科技,文化传媒,4.8,4.92,4.6,4.76,4.6,35475764,167888973.55,5.3339,-2.058,6.58,否,0.58,1.709,-3.838,21.12,17.822,否,881141619,665098641,4194234106.44,3165869531.16,144.921201,2.087168,0.986082,4.86,4.74,4.32,4.21,4.25,4.65,4.34,2012-02-17,-
2020-06-11,2654,万润科技,文化传媒,4.73,4.76,4.47,4.47,4.47,34531500,158141919.0,5.1919,-6.092,6.09,否,0.53,-7.261,-17.982,10.37,11.194,否,881141619,665098641,3938703036.93,2972990925.27,136.091968,1.960008,0.926006,4.72,4.78,4.34,4.22,4.24,4.65,4.34,2012-02-17,-
2020-06-12,2654,万润科技,文化传媒,4.36,4.52,4.31,4.45,4.31,19464000,86505284.0,2.9265,-0.447,4.7,否,0.39,-8.436,-14.423,8.802,10.149,否,881141619,665098641,3921080204.55,2959688952.45,135.483055,1.951239,0.921863,4.67,4.81,4.37,4.24,4.24,4.64,4.34,2012-02-17,-
2020-06-15,2654,万润科技,文化传媒,4.43,4.53,4.41,4.43,4.41,20201100,90538115.77,3.0373,-0.449,2.7,否,0.5,-6.933,-5.342,-1.556,9.383,否,881141619,665098641,3903457372.17,2946386979.63,134.874143,1.942469,0.91772,4.59,4.81,4.39,4.26,4.24,4.64,4.34,2012-02-17,-
2020-06-16,2654,万润科技,文化传媒,4.51,4.54,4.43,4.46,4.43,15675226,70109432.47,2.3568,0.677,2.48,否,0.48,-0.224,-7.469,-9.899,12.06,否,881141619,665098641,3929891620.74,2966339938.86,135.787512,1.955624,0.923934,4.51,4.76,4.42,4.28,4.25,4.64,4.34,2012-02-17,-
2020-06-17,2654,万润科技,文化传媒,4.47,4.66,4.38,4.63,4.38,31027062,139820583.05,4.665,3.812,6.28,否,1.24,4.045,-4.733,-15.046,14.321,否,881141619,665098641,4079685695.97,3079406707.83,140.963269,2.030165,0.959152,4.49,4.68,4.46,4.3,4.25,4.64,4.34,2012-02-17,-
2020-06-18,2654,万润科技,文化传媒,4.58,4.82,4.52,4.57,4.52,30164700,140561380.65,4.5354,-1.296,6.48,否,1.25,3.16,-3.992,-12.115,15.404,否,881141619,665098641,4026817198.83,3039500789.37,139.136531,2.003857,0.946722,4.51,4.61,4.5,4.32,4.25,4.63,4.35,2012-02-17,-
2020-06-19,2654,万润科技,文化传媒,4.5,4.57,4.44,4.49,4.44,19639847,88163135.56,2.9529,-1.751,2.84,否,0.84,0.673,0.447,-4.06,13.098,否,881141619,665098641,3956325869.31,2986292898.09,136.70088,1.968778,0.930149,4.52,4.59,4.53,4.33,4.26,4.63,4.35,2012-02-17,-
2020-06-22,2654,万润科技,文化传媒,4.51,4.51,4.39,4.41,4.39,14731300,65334270.0,2.2149,-1.782,2.67,否,0.63,-4.752,-0.899,-8.506,13.953,否,881141619,665098641,3885834539.79,2933085006.81,134.26523,1.9337,0.913576,4.51,4.55,4.56,4.34,4.26,4.63,4.35,2012-02-17,-
2020-06-23,2654,万润科技,文化传媒,4.42,4.45,4.36,4.41,4.36,12880400,56691916.0,1.9366,0.0,2.04,否,0.58,-3.501,-0.451,-9.259,13.368,否,881141619,665098641,3885834539.79,2933085006.81,134.26523,1.9337,0.913576,4.5,4.51,4.58,4.36,4.26,4.62,4.35,2012-02-17,-
2020-06-24,2654,万润科技,文化传媒,4.4,4.43,4.3,4.3,4.3,11996638,52111873.4,1.8037,-2.494,2.95,否,0.55,-4.232,-3.587,-9.664,10.825,否,881141619,665098641,3788908961.7,2859924156.3,130.916211,1.885467,0.890789,4.44,4.46,4.6,4.36,4.25,4.62,4.35,2012-02-17,-
2020-06-29,2654,万润科技,文化传媒,4.32,4.36,4.23,4.29,4.23,7818600,33659803.0,1.1756,-0.233,3.02,否,0.44,-2.721,-7.343,-4.027,11.719,否,881141619,665098641,3780097545.51,2853273169.89,130.611754,1.881082,0.888717,4.38,4.44,4.61,4.38,4.25,4.62,4.35,2012-02-17,-
2020-06-30,2654,万润科技,文化传媒,4.32,4.37,4.32,4.35,4.32,8723700,37914902.0,1.3116,1.399,1.17,否,0.65,-1.361,-4.814,-2.247,15.385,否,881141619,665098641,3832966042.65,2893179088.35,132.438492,1.907391,0.901147,4.35,4.43,4.62,4.39,4.26,4.61,4.35,2012-02-17,-
2020-07-01,2654,万润科技,文化传媒,4.32,4.5,4.32,4.43,4.32,17997503,79785497.29,2.706,1.839,4.14,否,1.6,3.023,-1.336,0.0,15.969,否,881141619,665098641,3903457372.17,2946386979.63,134.874143,1.942469,0.91772,4.36,4.43,4.62,4.41,4.26,4.6,4.35,2012-02-17,-
2020-07-02,2654,万润科技,文化传媒,4.44,4.46,4.37,4.46,4.37,12795882,56580593.1,1.9239,0.677,2.03,否,1.08,3.963,1.134,0.0,10.67,否,881141619,665098641,3929891620.74,2966339938.86,135.787512,1.955624,0.923934,4.37,4.43,4.6,4.43,4.27,4.59,4.35,2012-02-17,-
2020-07-03,2654,万润科技,文化传媒,4.47,4.53,4.42,4.48,4.42,14934800,66722984.62,2.2455,0.448,2.47,否,1.26,2.989,1.587,-3.24,13.995,否,881141619,665098641,3947514453.12,2979641911.68,136.396424,1.964393,0.928078,4.4,4.42,4.55,4.45,4.27,4.58,4.35,2012-02-17,-
2020-07-06,2654,万润科技,文化传媒,4.5,4.65,4.48,4.61,4.48,30217500,138274686.0,4.5433,2.902,3.79,否,2.43,4.063,7.209,0.875,13.827,否,881141619,665098641,4062062863.59,3066104735.01,140.354356,2.021396,0.955008,4.47,4.42,4.52,4.47,4.28,4.58,4.35,2012-02-17,-
2020-07-07,2654,万润科技,文化传媒,4.66,4.73,4.57,4.63,4.57,29004900,134979747.0,4.361,0.434,3.47,否,1.71,3.812,7.925,3.118,13.203,否,881141619,665098641,4079685695.97,3079406707.83,140.963269,2.030165,0.959152,4.52,4.44,4.52,4.5,4.28,4.56,4.36,2012-02-17,-
2020-07-08,2654,万润科技,文化传媒,4.6,4.7,4.55,4.68,4.55,21489900,99629585.0,3.2311,1.08,3.24,否,1.02,4.464,7.586,6.122,4.0,否,881141619,665098641,4123742776.92,3112661639.88,142.48555,2.052089,0.96951,4.57,4.46,4.51,4.53,4.29,4.55,4.36,2012-02-17,-
2020-07-09,2654,万润科技,文化传媒,4.64,4.82,4.61,4.82,4.61,28341587,134648271.22,4.2613,2.992,4.49,否,1.31,4.555,8.804,9.297,-2.626,否,881141619,665098641,4247102603.58,3205775449.62,146.747939,2.113477,0.998512,4.64,4.51,4.51,4.56,4.29,4.54,4.36,2012-02-17,-
2020-07-10,2654,万润科技,文化传媒,4.77,4.9,4.68,4.69,4.68,23051972,110141734.14,3.4659,-2.697,4.56,否,0.93,1.296,5.157,9.07,-13.945,否,881141619,665098641,4132554193.11,3119312626.29,142.790007,2.056474,0.971581,4.69,4.54,4.5,4.58,4.3,4.54,4.36,2012-02-17,-
2020-07-13,2654,万润科技,文化传媒,4.77,4.85,4.71,4.83,4.71,20263186,97065596.64,3.0466,2.985,2.99,否,0.77,3.205,7.813,12.587,-7.115,否,881141619,665098641,4255914019.77,3212426436.03,147.052395,2.117862,1.000584,4.73,4.6,4.52,4.61,4.31,4.53,4.37,2012-02-17,-
2020-07-14,2654,万润科技,文化传媒,4.87,4.87,4.63,4.72,4.63,23450136,110950763.62,3.5258,-2.277,4.97,否,0.96,-2.075,2.386,8.506,0.855,否,881141619,665098641,4158988441.68,3139265585.52,143.703375,2.069629,0.977796,4.75,4.64,4.53,4.63,4.32,4.52,4.37,2012-02-17,-
2020-07-15,2654,万润科技,文化传媒,4.8,4.83,4.53,4.53,4.53,17248581,79994610.77,2.5934,-4.025,6.36,否,0.74,-3.412,-2.16,2.257,-6.017,否,881141619,665098641,3991571534.07,3012896843.73,137.918706,1.986317,0.938436,4.72,4.65,4.54,4.63,4.32,4.52,4.37,2012-02-17,-
2020-07-16,2654,万润科技,文化传媒,4.49,4.55,4.28,4.31,4.28,17003800,75214861.0,2.5566,-4.857,5.96,否,0.76,-10.766,-7.906,-3.363,-11.317,否,881141619,665098641,3797720377.89,2866575142.71,131.220667,1.889852,0.89286,4.62,4.63,4.53,4.61,4.32,4.51,4.37,2012-02-17,-
2020-07-17,2654,万润科技,文化传媒,4.31,4.36,4.17,4.19,4.17,11462100,48663994.0,1.7234,-2.784,4.41,否,0.57,-11.229,-13.071,-6.473,-11.975,否,881141619,665098641,3691983383.61,2786763305.79,127.567191,1.837234,0.868001,4.52,4.6,4.51,4.57,4.33,4.5,4.37,2012-02-17,-
2020-07-20,2654,万润科技,文化传媒,4.23,4.34,4.21,4.34,4.21,8487467,36311109.74,1.2761,3.58,3.1,否,0.47,-4.194,-7.463,-5.857,-2.908,否,881141619,665098641,3824154626.46,2886528101.94,132.134036,1.903006,0.899075,4.42,4.57,4.5,4.54,4.33,4.49,4.37,2012-02-17,-
2020-07-21,2654,万润科技,文化传媒,4.34,4.5,4.31,4.42,4.31,12621775,55598819.65,1.8977,1.843,4.38,否,0.81,2.552,-8.489,-4.536,-0.674,否,881141619,665098641,3894645955.98,2939735993.22,134.569686,1.938084,0.915648,4.36,4.55,4.5,4.53,4.33,4.48,4.37,2012-02-17,-
2020-07-22,2654,万润科技,文化传媒,4.4,4.45,4.35,4.38,4.35,10028700,44138090.0,1.5079,-0.905,2.26,否,0.75,4.535,-7.203,-6.41,-1.129,否,881141619,665098641,3859400291.22,2913132047.58,133.351861,1.920545,0.907362,4.33,4.52,4.49,4.51,4.34,4.47,4.38,2012-02-17,-
2020-07-23,2654,万润科技,文化传媒,4.38,4.39,4.2,4.29,4.2,10248100,43872026.0,1.5408,-2.055,4.34,否,0.86,-1.152,-5.298,-10.996,-3.812,否,881141619,665098641,3780097545.51,2853273169.89,130.611754,1.881082,0.888717,4.32,4.47,4.49,4.49,4.34,4.47,4.38,2012-02-17,-
2020-07-24,2654,万润科技,文化传媒,4.31,4.38,4.1,4.14,4.1,10691100,45227950.0,1.6074,-3.497,6.53,否,1.01,-6.335,-3.944,-11.727,-10.583,否,881141619,665098641,3647926302.66,2753508373.74,126.04491,1.81531,0.857643,4.31,4.42,4.48,4.47,4.34,4.46,4.38,2012-02-17,-
2020-07-27,2654,万润科技,文化传媒,4.16,4.19,4.08,4.12,4.08,5506903,22729986.27,0.828,-0.483,2.66,否,0.53,-5.936,-1.671,-14.7,-9.847,否,881141619,665098641,3630303470.28,2740206400.92,125.435997,1.80654,0.8535,4.27,4.34,4.47,4.46,4.34,4.45,4.38,2012-02-17,-
2020-07-28,2654,万润科技,文化传媒,4.15,4.2,4.11,4.18,4.11,5760200,23980392.0,0.8661,1.456,2.18,否,0.59,-2.564,-3.687,-11.441,-6.904,否,881141619,665098641,3683171967.42,2780112319.38,127.262735,1.832849,0.86593,4.22,4.29,4.46,4.45,4.35,4.45,4.37,2012-02-17,-
2020-07-29,2654,万润科技,文化传媒,4.17,4.27,4.13,4.26,4.13,7318903,30831108.54,1.1004,1.914,3.35,否,0.87,2.899,-3.62,-5.96,-3.401,否,881141619,665098641,3753663296.94,2833320210.66,129.698385,1.867928,0.882502,4.2,4.26,4.45,4.45,4.35,4.45,4.38,2012-02-17,-
2020-07-30,2654,万润科技,文化传媒,4.26,4.33,4.23,4.23,4.23,7828003,33467299.87,1.177,-0.704,2.35,否,0.99,2.67,-3.425,-1.856,-4.082,否,881141619,665098641,3727229048.37,2813367251.43,128.785017,1.854773,0.876288,4.19,4.26,4.44,4.44,4.36,4.45,4.38,2012-02-17,-
2020-07-31,2654,万润科技,文化传媒,4.22,4.4,4.21,4.4,4.21,11808034,50820496.38,1.7754,4.019,4.49,否,1.59,5.263,2.564,5.012,2.326,否,881141619,665098641,3877023123.6,2926434020.4,133.960774,1.929315,0.911505,4.24,4.28,4.44,4.43,4.36,4.45,4.38,2012-02-17,-
2020-08-03,2654,万润科技,文化传媒,4.41,4.58,4.41,4.5,4.41,18295800,81863696.13,2.7508,2.273,3.86,否,2.39,5.634,8.696,3.687,4.895,否,881141619,665098641,3965137285.5,2992943884.5,137.005337,1.973163,0.932221,4.31,4.29,4.43,4.43,4.37,4.45,4.38,2012-02-17,-
2020-08-04,2654,万润科技,文化传媒,4.5,4.54,4.43,4.47,4.43,13460499,60168178.55,2.0238,-0.667,2.44,否,1.32,5.674,8.495,1.131,2.759,否,881141619,665098641,3938703036.93,2972990925.27,136.091968,1.960008,0.926006,4.37,4.3,4.43,4.43,4.38,4.44,4.38,2012-02-17,-
2020-08-05,2654,万润科技,文化传媒,4.49,4.58,4.37,4.54,4.37,15995700,71586164.33,2.405,1.566,4.7,否,1.36,3.182,8.612,3.653,2.483,否,881141619,665098641,4000382950.26,3019547830.14,138.223162,1.990702,0.940507,4.43,4.31,4.42,4.43,4.39,4.44,4.38,2012-02-17,-
2020-08-06,2654,万润科技,文化传媒,4.51,4.55,4.38,4.45,4.38,11434206,50779884.46,1.7192,-1.982,3.74,否,0.85,-1.111,4.46,3.73,-0.224,否,881141619,665098641,3921080204.55,2959688952.45,135.483055,1.951239,0.921863,4.47,4.33,4.4,4.43,4.4,4.44,4.38,2012-02-17,-
2020-08-07,2654,万润科技,文化传媒,4.44,4.44,4.27,4.31,4.27,9658933,41946843.22,1.4523,-3.146,3.82,否,0.68,-3.579,1.891,4.106,-3.795,否,881141619,665098641,3797720377.89,2866575142.71,131.220667,1.889852,0.89286,4.45,4.35,4.38,4.44,4.4,4.44,4.38,2012-02-17,-
2020-08-10,2654,万润科技,文化传媒,4.31,4.4,4.28,4.36,4.28,7293200,31754214.0,1.0966,1.16,2.78,否,0.53,-3.965,-0.909,5.825,-5.423,否,881141619,665098641,3841777458.84,2899830074.76,132.742949,1.911776,0.903218,4.43,4.37,4.36,4.44,4.41,4.44,4.39,2012-02-17,-
2020-08-11,2654,万润科技,文化传媒,4.36,4.39,4.25,4.27,4.25,7260793,31495147.68,1.0917,-2.064,3.21,否,0.63,-4.045,-5.111,2.153,-7.775,否,881141619,665098641,3762474713.13,2839971197.07,130.002842,1.872312,0.884574,4.39,4.38,4.33,4.43,4.41,4.43,4.39,2012-02-17,-
2020-08-12,2654,万润科技,文化传媒,4.26,4.4,4.18,4.39,4.18,10077731,42772198.01,1.5152,2.81,5.15,否,0.98,1.856,-1.79,3.052,-6.197,否,881141619,665098641,3868211707.41,2919783033.99,133.656317,1.92493,0.909433,4.36,4.39,4.33,4.43,4.42,4.43,4.39,2012-02-17,-
2020-08-13,2654,万润科技,文化传媒,4.38,4.62,4.36,4.54,4.36,23534286,106407930.13,3.5385,3.417,5.92,否,2.57,4.128,0.0,7.329,-5.809,否,881141619,665098641,4000382950.26,3019547830.14,138.223162,1.990702,0.940507,4.37,4.42,4.34,4.44,4.43,4.42,4.39,2012-02-17,-
2020-08-14,2654,万润科技,文化传媒,4.53,4.62,4.48,4.6,4.48,14048002,64015568.05,2.1122,1.322,3.08,否,1.21,7.728,3.371,4.545,-1.919,否,881141619,665098641,4053251447.4,3059453748.6,140.0499,2.017011,0.952937,4.43,4.44,4.36,4.44,4.44,4.42,4.39,2012-02-17,-
2020-08-17,2654,万润科技,文化传媒,4.63,4.65,4.53,4.57,4.53,12220706,55892799.33,1.8374,-0.652,2.61,否,0.98,4.1,6.032,1.556,-5.383,否,881141619,665098641,4026817198.83,3039500789.37,139.136531,2.003857,0.946722,4.47,4.45,4.37,4.44,4.46,4.41,4.4,2012-02-17,-
2020-08-18,2654,万润科技,文化传媒,4.55,4.72,4.54,4.66,4.54,16480584,76099978.7,2.4779,1.969,3.94,否,1.23,2.643,6.881,4.251,-1.271,否,881141619,665098641,4106119944.54,3099359667.06,141.876638,2.04332,0.965366,4.55,4.47,4.38,4.44,4.47,4.41,4.4,2012-02-17,-
2020-08-19,2654,万润科技,文化传媒,4.63,4.64,4.47,4.48,4.47,13346460,60526920.8,2.0067,-3.863,3.65,否,0.87,-2.609,4.918,-1.322,-1.104,否,881141619,665098641,3947514453.12,2979641911.68,-1178.295329,1.923526,0.949714,4.57,4.46,4.39,4.43,4.48,4.4,4.4,2012-02-17,-
2020-08-20,2654,万润科技,文化传媒,4.45,4.6,4.41,4.53,4.41,10029760,45335966.2,1.508,1.116,4.24,否,0.63,-0.875,3.189,1.798,5.104,否,881141619,665098641,3991571534.07,3012896843.73,-1191.445946,1.944994,0.960314,4.57,4.47,4.4,4.42,4.49,4.39,4.41,2012-02-17,-
2020-08-21,2654,万润科技,文化传媒,4.54,4.6,4.51,4.55,4.51,7736706,35138506.24,1.1632,0.442,1.99,否,0.59,-2.361,0.22,5.568,8.592,否,881141619,665098641,4009194366.45,3026198816.55,-1196.706193,1.953581,0.964554,4.56,4.5,4.42,4.42,4.5,4.39,4.41,2012-02-17,-
2020-08-24,2654,万润科技,文化传媒,4.55,4.57,4.47,4.53,4.47,8100300,36599870.0,1.2179,-0.44,2.2,否,0.68,1.116,-1.522,3.899,4.378,否,881141619,665098641,3991571534.07,3012896843.73,-1191.445946,1.944994,0.960314,4.55,4.51,4.44,4.41,4.51,4.39,4.41,2012-02-17,-
2020-08-25,2654,万润科技,文化传媒,4.53,4.64,4.51,4.61,4.51,15063225,69111294.75,2.2648,1.766,2.87,否,1.35,1.766,0.875,7.963,4.299,否,881141619,665098641,4062062863.59,3066104735.01,-1212.486934,1.979342,0.977273,4.54,4.55,4.46,4.41,4.52,4.39,4.42,2012-02-17,-
2020-08-26,2654,万润科技,文化传媒,4.62,4.71,4.49,4.51,4.49,16730000,76847660.32,2.5154,-2.169,4.77,否,1.54,-0.879,-3.219,2.733,2.968,否,881141619,665098641,3973948701.69,2999594870.91,-1186.185699,1.936406,0.956074,4.55,4.56,4.48,4.4,4.52,4.38,4.42,2012-02-17,-
2020-08-27,2654,万润科技,文化传媒,4.52,4.75,4.47,4.69,4.47,18950500,87879719.0,2.8493,3.991,6.21,否,1.64,3.532,4.688,3.304,9.324,否,881141619,665098641,4132554193.11,3119312626.29,-1233.527922,2.013691,0.994232,4.58,4.57,4.5,4.42,4.51,4.38,4.42,2012-02-17,-
2020-08-28,2654,万润科技,文化传媒,4.7,4.74,4.6,4.74,4.6,16579183,77637591.98,2.4927,1.066,2.99,否,1.25,2.82,4.636,3.043,14.493,否,881141619,665098641,4176611274.06,3152567558.34,-1246.67854,2.035159,1.004832,4.62,4.59,4.52,4.44,4.5,4.38,4.43,2012-02-17,-
2020-08-31,2654,万润科技,文化传媒,4.73,4.84,4.63,4.64,4.63,19628912,93196190.4,2.9513,-2.11,4.43,否,1.3,2.882,1.978,1.532,12.621,否,881141619,665098641,4088497112.16,3086057694.24,-1220.377305,1.992223,0.983633,4.64,4.59,4.52,4.45,4.49,4.38,4.43,2012-02-17,-
2020-09-01,2654,万润科技,文化传媒,4.66,4.71,4.57,4.69,4.57,11754540,54667428.8,1.7673,1.078,3.02,否,0.68,0.0,3.532,0.644,12.201,否,874505619,665098641,4101431353.11,3119312626.29,-1233.527922,2.013691,0.994232,4.65,4.6,4.53,4.45,4.49,4.37,4.43,2012-02-17,-
2020-09-02,2654,万润科技,文化传媒,4.7,4.75,4.59,4.7,4.59,12508373,58401837.23,1.8807,0.213,3.41,否,0.75,-0.844,1.952,4.911,10.329,否,874505619,665098641,4110176409.3,3125963612.7,-1236.158046,2.017984,0.996352,4.69,4.62,4.54,4.47,4.49,4.37,4.43,2012-02-17,-
2020-09-03,2654,万润科技,文化传媒,4.71,4.71,4.59,4.62,4.59,9319687,43205366.42,1.4012,-1.702,2.55,否,0.59,-0.431,2.439,1.987,9.22,否,874505619,665098641,4040215959.78,3072755721.42,-1215.117058,1.983636,0.979393,4.68,4.63,4.55,4.48,4.49,4.37,4.43,2012-02-17,-
2020-09-04,2654,万润科技,文化传媒,4.59,5.03,4.56,4.85,4.56,30409011,146216320.45,4.5721,4.978,10.17,否,2.18,3.412,3.412,6.593,10.227,否,874505619,665098641,4241352252.15,3225728408.85,-1266.003103,2.066705,1.020407,4.7,4.66,4.58,4.5,4.49,4.37,4.44,2012-02-17,-
2020-09-07,2654,万润科技,文化传媒,4.85,5.06,4.81,4.94,4.81,30045605,148488048.71,4.5175,1.856,5.15,否,1.8,5.106,4.219,9.051,9.778,否,874505619,665098641,4320057757.86,3285587286.54,-1289.495944,2.105057,1.039343,4.76,4.7,4.61,4.53,4.49,4.37,4.44,2012-02-17,-
2020-09-08,2654,万润科技,文化传媒,4.88,5.0,4.79,4.99,4.79,22841756,112101175.42,3.4343,1.012,4.25,否,1.21,8.009,7.543,8.243,11.633,否,874505619,665098641,4363783038.81,3318842218.59,-1302.547522,2.126363,1.049862,4.82,4.74,4.64,4.55,4.5,4.37,4.44,2012-02-17,-
2020-09-09,2654,万润科技,文化传媒,4.92,5.05,4.75,4.78,4.75,25614338,125810509.8,3.8512,-4.208,6.01,否,1.22,-1.443,1.919,5.987,5.286,否,874505619,665098641,4180136858.82,3179171503.98,-1247.730893,2.036877,1.00568,4.84,4.76,4.66,4.57,4.51,4.38,4.45,2012-02-17,-
2020-09-10,2654,万润科技,文化传媒,4.81,4.83,4.38,4.42,4.38,22742922,104463618.69,3.4195,-7.531,9.41,否,0.96,-10.526,-5.957,-5.757,-0.674,否,874505619,665098641,3865314835.98,2939735993.22,-1153.759529,1.883472,0.929938,4.8,4.74,4.66,4.58,4.51,4.38,4.45,2012-02-17,-
2020-09-11,2654,万润科技,文化传媒,4.37,4.53,4.35,4.42,4.35,11120025,49154952.5,1.6719,0.0,4.07,否,0.42,-11.423,-4.329,-6.751,2.552,否,874505619,665098641,3865314835.98,2939735993.22,-1153.759529,1.883472,0.929938,4.71,4.71,4.65,4.58,4.51,4.38,4.45,2012-02-17,-
2020-09-14,2654,万润科技,文化传媒,4.43,4.48,4.39,4.45,4.39,9917400,43982820.0,1.4911,0.679,2.04,否,0.44,-6.904,-8.247,-4.095,2.064,否,874505619,665098641,3891550004.55,2959688952.45,-1161.590476,1.896256,0.93625,4.61,4.69,4.64,4.58,4.5,4.38,4.45,2012-02-17,-
2020-09-15,2654,万润科技,文化传媒,4.43,4.9,4.43,4.9,4.43,26765753,129032500.03,4.0243,10.112,10.56,否,1.45,10.86,-0.81,4.478,14.754,是,874505619,665098641,4285077533.1,3258983340.9,-1279.054681,2.088012,1.030927,4.59,4.71,4.65,4.59,4.51,4.38,4.45,2012-02-17,-
2020-09-16,2654,万润科技,文化传媒,4.8,4.94,4.71,4.87,4.71,35689210,171993534.18,5.366,-0.612,4.69,否,1.86,10.181,-2.405,3.617,10.934,否,874505619,665098641,4258842364.53,3239030381.67,-1271.223734,2.075228,1.024615,4.61,4.72,4.67,4.6,4.52,4.39,4.45,2012-02-17,-
2020-09-17,2654,万润科技,文化传媒,4.81,4.92,4.75,4.87,4.75,21740414,105264369.2,3.2688,0.0,3.49,否,1.02,9.438,1.883,5.411,7.269,否,874505619,665098641,4258842364.53,3239030381.67,-1271.223734,2.075228,1.024615,4.7,4.75,4.69,4.62,4.53,4.39,4.46,2012-02-17,-
2020-09-18,2654,万润科技,文化传媒,4.87,4.89,4.76,4.86,4.76,16682596,80466923.36,2.5083,-0.205,2.67,否,0.79,-0.816,9.955,0.206,5.652,否,874505619,665098641,4250097308.34,3232379395.26,-1268.613419,2.070967,1.022511,4.79,4.75,4.7,4.63,4.53,4.39,4.46,2012-02-17,-
2020-09-21,2654,万润科技,文化传媒,4.89,5.03,4.8,4.81,4.8,17800996,86902507.26,2.6764,-1.029,4.73,否,0.8,-1.232,8.824,-2.632,5.252,否,874505619,665098641,4206372027.39,3199124463.21,-1255.56184,2.04966,1.011992,4.86,4.74,4.72,4.65,4.54,4.4,4.46,2012-02-17,-
2020-09-22,2654,万润科技,文化传媒,4.77,4.87,4.62,4.65,4.62,14846840,70317795.92,2.2323,-3.326,5.2,否,0.63,-4.517,4.494,-6.814,-0.215,否,874505619,665098641,4066451128.35,3092708680.65,-1213.796789,1.98148,0.978329,4.81,4.7,4.72,4.66,4.55,4.4,4.46,2012-02-17,-
2020-09-23,2654,万润科技,文化传媒,4.67,4.72,4.57,4.62,4.57,9528214,44060332.68,1.4326,-0.645,3.23,否,0.45,-4.938,-5.714,-3.347,3.125,否,874505619,665098641,4040215959.78,3072755721.42,-1205.965842,1.968697,0.972017,4.76,4.69,4.73,4.67,4.55,4.41,4.46,2012-02-17,-
2020-09-24,2654,万润科技,文化传媒,4.58,4.61,4.45,4.47,4.45,11213430,50394689.1,1.686,-3.247,3.46,否,0.7,-7.069,-8.214,1.131,-1.325,否,874505619,665098641,3909040116.93,2972990925.27,-1166.811107,1.904778,0.940458,4.68,4.69,4.71,4.67,4.55,4.41,4.46,2012-02-17,-
2020-09-25,2654,万润科技,文化传媒,4.48,4.54,4.43,4.53,4.43,7767714,34928916.33,1.1679,1.342,2.46,否,0.55,-2.581,-6.982,2.489,-0.44,否,874505619,665098641,3961510454.07,3012896843.73,-1182.473001,1.930346,0.953081,4.62,4.7,4.7,4.67,4.55,4.41,4.46,2012-02-17,-
2020-09-28,2654,万润科技,文化传媒,4.53,4.54,4.38,4.38,4.38,7722414,34328924.88,1.1611,-3.311,3.53,否,0.63,-5.195,-9.877,-1.573,-3.311,否,874505619,665098641,3830334611.22,2913132047.58,-1143.318266,1.866427,0.921522,4.53,4.7,4.69,4.66,4.55,4.41,4.46,2012-02-17,-
2020-09-29,2654,万润科技,文化传媒,4.39,4.47,4.38,4.42,4.38,4722217,20916021.31,0.71,0.913,2.05,否,0.46,-1.119,-8.108,-9.796,-4.121,否,874505619,665098641,3865314835.98,2939735993.22,-1153.759529,1.883472,0.929938,4.48,4.65,4.68,4.65,4.55,4.41,4.46,2012-02-17,-
2020-09-30,2654,万润科技,文化传媒,4.46,4.49,4.4,4.43,4.4,3915100,17388501.0,0.5886,0.226,2.04,否,0.48,-2.208,-4.731,-9.035,-1.774,否,874505619,665098641,3874059892.17,2946386979.63,-1156.369845,1.887733,0.932042,4.45,4.6,4.66,4.65,4.54,4.41,4.47,2012-02-17,-
2020-10-09,2654,万润科技,文化传媒,4.46,4.55,4.46,4.53,4.46,5392056,24353516.68,0.8107,2.257,2.03,否,0.76,3.425,-1.948,-6.982,-3.412,否,874505619,665098641,3961510454.07,3012896843.73,-1182.473001,1.930346,0.953081,4.46,4.57,4.66,4.65,4.54,4.41,4.47,2012-02-17,-
2020-10-12,2654,万润科技,文化传媒,4.58,4.72,4.55,4.69,4.55,10086700,46901529.0,1.5166,3.532,3.75,否,1.71,6.109,4.922,-3.498,-1.055,否,874505619,665098641,4101431353.11,3119312626.29,-1224.238052,1.998525,0.986744,4.49,4.55,4.65,4.65,4.54,4.42,4.47,2012-02-17,-
2020-10-13,2654,万润科技,文化传媒,4.67,4.76,4.65,4.68,4.65,11060003,51902500.98,1.6629,-0.213,2.35,否,1.74,5.643,3.311,-2.703,0.862,否,874505619,665098641,4092686296.92,3112661639.88,-1221.627736,1.994264,0.98464,4.55,4.54,4.64,4.66,4.53,4.42,4.47,2012-02-17,-
2020-10-14,2654,万润科技,文化传媒,4.69,4.69,4.57,4.6,4.57,8058700,37251816.0,1.2117,-1.709,2.56,否,1.15,1.545,5.023,-1.075,-1.919,否,874505619,665098641,4022725847.4,3059453748.6,-1200.745211,1.960174,0.967809,4.59,4.54,4.62,4.66,4.53,4.42,4.47,2012-02-17,-
2020-10-15,2654,万润科技,文化传媒,4.6,4.62,4.51,4.52,4.51,7152800,32617093.0,1.0754,-1.739,2.39,否,0.93,-3.625,2.262,-2.165,-3.83,否,874505619,665098641,3952765397.88,3006245857.32,-1179.862686,1.926084,0.950978,4.6,4.53,4.61,4.66,4.53,4.43,4.48,2012-02-17,-
2020-10-16,2654,万润科技,文化传媒,4.52,4.53,4.45,4.47,4.45,6727300,30092612.0,1.0115,-1.106,1.77,否,0.81,-4.487,0.903,0.0,-3.247,否,874505619,665098641,3909040116.93,2972990925.27,-1166.811107,1.904778,0.940458,4.59,4.53,4.61,4.65,4.53,4.43,4.48,2012-02-17,-
2020-10-19,2654,万润科技,文化传媒,4.49,4.52,4.42,4.43,4.42,6635200,29633771.0,0.9976,-0.895,2.24,否,0.77,-3.696,-2.208,-2.208,-8.66,否,874505619,665098641,3874059892.17,2946386979.63,-1156.369845,1.887733,0.932042,4.54,4.52,4.61,4.64,4.54,4.43,4.48,2012-02-17,-
2020-10-20,2654,万润科技,文化传媒,4.43,4.65,4.39,4.64,4.39,12607090,57498394.06,1.8955,4.74,5.87,否,1.59,2.655,-1.066,5.936,-6.073,否,874505619,665098641,4057706072.16,3086057694.24,-1211.186474,1.977219,0.976225,4.53,4.54,4.62,4.64,4.54,4.44,4.48,2012-02-17,-
2020-10-21,2654,万润科技,文化传媒,4.64,4.7,4.5,4.56,4.5,9138700,41945994.0,1.374,-1.724,4.31,否,1.11,2.013,-2.564,3.167,-8.617,否,874505619,665098641,3987745622.64,3032849802.96,-1190.303948,1.943129,0.959393,4.52,4.56,4.6,4.64,4.55,4.44,4.48,2012-02-17,-
2020-10-22,2654,万润科技,文化传媒,4.55,4.55,4.46,4.53,4.46,7482204,33664333.04,1.125,-0.658,1.97,否,0.89,2.257,-1.522,2.257,-5.23,否,874505619,665098641,3961510454.07,3012896843.73,-1182.473001,1.930346,0.953081,4.53,4.57,4.58,4.63,4.55,4.44,4.49,2012-02-17,-
2020-10-23,2654,万润科技,文化传媒,4.5,4.75,4.5,4.61,4.5,16396800,76010928.0,2.4653,1.766,5.52,否,1.92,-0.647,1.991,1.766,4.299,否,874505619,665098641,4031470903.59,3066104735.01,-1203.355527,1.964435,0.969913,4.55,4.57,4.57,4.63,4.55,4.45,4.49,2012-02-17,-
2020-10-26,2654,万润科技,文化传媒,4.58,4.7,4.49,4.55,4.49,11841700,54070150.0,1.7804,-1.302,4.56,否,1.13,-0.219,1.79,-2.985,2.941,否,874505619,665098641,3979000566.45,3026198816.55,-1187.693633,1.938868,0.957289,4.58,4.56,4.56,4.62,4.56,4.45,4.49,2012-02-17,-
2020-10-27,2654,万润科技,文化传媒,4.54,4.7,4.49,4.67,4.49,17264100,80054339.88,2.5957,2.637,4.62,否,1.5,3.091,5.418,-0.214,4.944,否,874505619,665098641,4083941240.73,3106010653.47,-1219.017421,1.990003,0.982537,4.58,4.56,4.55,4.61,4.57,4.46,4.49,2012-02-17,-
2020-10-28,2654,万润科技,文化传媒,4.66,4.66,4.54,4.64,4.54,10666200,49062356.0,1.6037,-0.642,2.57,否,0.86,0.651,0.0,0.87,-5.306,否,874505619,665098641,4057706072.16,3086057694.24,-1211.186474,1.977219,0.976225,4.6,4.56,4.55,4.6,4.58,4.46,4.49,2012-02-17,-
2020-10-29,2654,万润科技,文化传媒,4.57,4.59,4.47,4.48,4.47,11454600,51748147.0,1.7222,-3.448,2.59,否,0.9,-1.538,-1.754,-0.885,-8.008,否,874505619,665098641,3917785173.12,2979641911.68,-1169.421423,1.909039,0.942562,4.59,4.56,4.54,4.59,4.58,4.47,4.5,2012-02-17,-
2020-10-30,2654,万润科技,文化传媒,4.5,4.51,4.26,4.26,4.26,13922303,60801212.11,2.0933,-4.911,5.58,否,1.03,-8.779,-5.96,-4.698,-12.526,否,874505619,665098641,3725393936.94,2833320210.66,-725.188681,1.78251,0.895956,4.52,4.54,4.53,4.58,4.58,4.47,4.5,2012-02-17,-
2020-11-02,2654,万润科技,文化传媒,4.25,4.25,4.16,4.23,4.16,7481869,31406371.11,1.1249,-0.704,2.11,否,0.57,-8.836,-8.243,-4.515,-12.963,否,874505619,665098641,3699158768.37,2813367251.43,-720.081718,1.769957,0.889647,4.46,4.52,4.52,4.58,4.58,4.47,4.5,2012-02-17,-
2020-11-03,2654,万润科技,文化传媒,4.22,4.32,4.21,4.29,4.21,4432661,18976174.08,0.6665,1.418,2.6,否,0.36,-4.241,-5.714,-7.543,-10.811,否,874505619,665098641,3751629105.51,2853273169.89,-730.295643,1.795063,0.902266,4.38,4.48,4.51,4.57,4.57,4.47,4.5,2012-02-17,-
2020-11-04,2654,万润科技,文化传媒,4.3,4.44,4.27,4.34,4.27,7352187,31968450.98,1.1054,1.166,3.96,否,0.77,1.878,-7.066,-4.825,-6.667,否,874505619,665098641,3795354386.46,2886528101.94,-738.807247,1.815984,0.912782,4.32,4.46,4.51,4.55,4.57,4.48,4.5,2012-02-17,-
2020-11-05,2654,万润科技,文化传媒,4.36,4.44,4.34,4.38,4.34,8166700,35751235.0,1.2279,0.922,2.3,否,0.91,3.546,-5.603,-3.311,-5.195,否,874505619,665098641,3830334611.22,2913132047.58,-745.616531,1.832721,0.921194,4.3,4.45,4.51,4.54,4.57,4.48,4.5,2012-02-17,-
2020-11-06,2654,万润科技,文化传媒,4.38,4.39,4.25,4.29,4.25,6920700,29838409.0,1.0406,-2.055,3.2,否,0.84,0.0,-4.241,-6.941,-4.027,否,874505619,665098641,3751629105.51,2853273169.89,-730.295643,1.795063,0.902266,4.31,4.41,4.49,4.52,4.57,4.48,4.5,2012-02-17,-
2020-11-09,2654,万润科技,文化传媒,4.31,4.39,4.3,4.35,4.3,10062666,43775659.46,1.513,1.399,2.1,否,1.46,0.23,2.113,-4.396,-3.974,否,874505619,665098641,3804099442.65,2893179088.35,-740.509568,1.820169,0.914885,4.33,4.39,4.48,4.5,4.57,4.48,4.5,2012-02-17,-
2020-11-10,2654,万润科技,文化传媒,4.38,4.39,4.25,4.27,4.25,6208200,26768873.0,0.9334,-1.839,3.22,否,0.84,-2.511,0.946,-8.565,-2.511,否,874505619,665098641,3734138993.13,2839971197.07,-726.891002,1.786694,0.898059,4.33,4.35,4.46,4.48,4.57,4.49,4.5,2012-02-17,-
2020-11-11,2654,万润科技,文化传媒,4.27,4.28,4.2,4.21,4.2,4806600,20329313.0,0.7227,-1.405,1.87,否,0.62,-1.865,-1.865,-9.267,-4.751,否,874505619,665098641,3681668655.99,2800065278.61,-716.677076,1.761588,0.88544,4.3,4.31,4.44,4.47,4.57,4.49,4.51,2012-02-17,-
2020-11-12,2654,万润科技,文化传媒,4.21,4.28,4.21,4.24,4.21,3881467,16463202.77,0.5836,0.713,1.66,否,0.54,-2.529,-2.304,-5.357,-4.289,否,874505619,665098641,3707903824.56,2820018237.84,-721.784039,1.774141,0.89175,4.27,4.29,4.42,4.46,4.56,4.49,4.51,2012-02-17,-
2020-11-13,2654,万润科技,文化传媒,4.24,4.25,4.19,4.24,4.19,3750501,15816121.22,0.5639,0.0,1.42,否,0.59,-0.703,-3.196,-0.469,-6.402,否,874505619,665098641,3707903824.56,2820018237.84,-721.784039,1.774141,0.89175,4.26,4.28,4.41,4.45,4.56,4.49,4.51,2012-02-17,-
2020-11-16,2654,万润科技,文化传媒,4.25,4.29,4.23,4.28,4.23,4317038,18393737.26,0.6491,0.943,1.42,否,0.75,1.663,-0.233,1.182,-8.742,否,874505619,665098641,3742884049.32,2846622183.48,-728.593322,1.790878,0.900162,4.25,4.29,4.4,4.44,4.55,4.5,4.51,2012-02-17,-
2020-11-17,2654,万润科技,文化传媒,4.29,4.29,4.22,4.24,4.22,3880100,16442252.0,0.5834,-0.935,1.64,否,0.84,0.0,-2.529,-1.166,-9.402,否,874505619,665098641,3707903824.56,2820018237.84,-721.784039,1.774141,0.89175,4.24,4.28,4.38,4.44,4.55,4.5,4.51,2012-02-17,-
2020-11-18,2654,万润科技,文化传媒,4.25,4.3,4.24,4.28,4.24,5381655,22962447.2,0.8092,0.943,1.42,否,1.3,0.943,0.234,-1.382,-6.957,否,874505619,665098641,3742884049.32,2846622183.48,-728.593322,1.790878,0.900162,4.26,4.28,4.37,4.43,4.54,4.51,4.51,2012-02-17,-
2020-11-19,2654,万润科技,文化传媒,4.28,4.29,4.24,4.26,4.24,3930700,16737611.0,0.591,-0.467,1.17,否,0.93,-0.467,1.188,-2.74,-5.752,否,874505619,665098641,3725393936.94,2833320210.66,-725.188681,1.78251,0.895956,4.26,4.27,4.36,4.43,4.54,4.51,4.51,2012-02-17,-
2020-11-20,2654,万润科技,文化传媒,4.26,4.27,4.21,4.26,4.21,5630350,23851585.0,0.8465,0.0,1.41,否,1.32,0.472,0.472,-0.699,-4.698,否,874505619,665098641,3725393936.94,2833320210.66,-725.188681,1.78251,0.895956,4.26,4.26,4.34,4.42,4.53,4.51,4.51,2012-02-17,-
2020-11-23,2654,万润科技,文化传媒,4.25,4.31,4.23,4.28,4.23,6181300,26422423.0,0.9294,0.47,1.88,否,1.34,0.0,0.943,-1.609,-3.386,否,874505619,665098641,3742884049.32,2846622183.48,-728.593322,1.790878,0.900162,4.26,4.26,4.32,4.4,4.53,4.51,4.51,2012-02-17,-
2020-11-24,2654,万润科技,文化传媒,4.28,4.32,4.26,4.31,4.26,7231140,31007669.48,1.0872,0.701,1.4,否,1.45,1.174,0.701,0.937,-7.112,否,874505619,665098641,3769119217.89,2866575142.71,-733.700285,1.803431,0.906472,4.28,4.26,4.31,4.39,4.52,4.52,4.52,2012-02-17,-
2020-11-25,2654,万润科技,文化传媒,4.32,4.32,4.24,4.24,4.24,5144002,22027440.62,0.7734,-1.624,1.86,否,0.91,-0.469,0.0,0.713,-7.018,否,874505619,665098641,3707903824.56,2820018237.84,-721.784039,1.774141,0.89175,4.27,4.26,4.29,4.38,4.52,4.52,4.52,2012-02-17,-
2020-11-26,2654,万润科技,文化传媒,4.25,4.26,4.16,4.18,4.16,6249050,26299294.13,0.9396,-1.415,2.36,否,1.11,-2.336,-2.336,-1.415,-7.726,否,874505619,665098641,3655433487.42,2780112319.38,-711.570114,1.749035,0.879131,4.25,4.26,4.27,4.37,4.51,4.51,4.52,2012-02-17,-
2020-11-27,2654,万润科技,文化传媒,4.18,4.19,4.14,4.19,4.14,4444538,18504547.32,0.6683,0.239,1.2,否,0.73,-2.784,-1.643,-1.179,-9.111,否,874505619,665098641,3664178543.61,2786763305.79,-713.272435,1.75322,0.881234,4.24,4.25,4.27,4.36,4.5,4.51,4.52,2012-02-17,-
2020-11-30,2654,万润科技,文化传媒,4.18,4.23,4.15,4.19,4.15,3834600,16103744.0,0.5765,0.0,1.91,否,0.66,-1.179,-1.643,-2.103,-7.912,否,874505619,665098641,3664178543.61,2786763305.79,-713.272435,1.75322,0.881234,4.22,4.24,4.27,4.35,4.5,4.5,4.52,2012-02-17,-
2020-12-01,2654,万润科技,文化传媒,4.2,4.24,4.16,4.22,4.16,4736433,19964070.75,0.7121,0.716,1.91,否,0.88,0.957,-1.402,-0.472,-9.636,否,874505619,665098641,3690413712.18,2806716265.02,-718.379397,1.765773,0.887543,4.2,4.24,4.26,4.34,4.49,4.49,4.52,2012-02-17,-
2020-12-02,2654,万润科技,文化传媒,4.23,4.37,4.22,4.3,4.22,9596400,41199599.0,1.4429,1.896,3.55,否,1.97,2.625,-0.232,0.467,-7.328,否,874505619,665098641,3760374161.7,2859924156.3,-731.997964,1.799247,0.904369,4.22,4.24,4.26,4.33,4.48,4.49,4.53,2012-02-17,-
2020-12-03,2654,万润科技,文化传媒,4.34,4.35,4.26,4.3,4.26,7649500,32891788.0,1.1501,0.0,2.09,否,1.33,2.625,1.415,0.939,-4.018,否,874505619,665098641,3760374161.7,2859924156.3,-731.997964,1.799247,0.904369,4.24,4.25,4.26,4.32,4.48,4.48,4.53,2012-02-17,-
2020-12-04,2654,万润科技,文化传媒,4.27,4.32,4.26,4.31,4.26,4484285,19274128.68,0.6742,0.233,1.4,否,0.74,2.133,3.11,1.174,1.174,否,874505619,665098641,3769119217.89,2866575142.71,-733.700285,1.803431,0.906472,4.26,4.25,4.26,4.31,4.47,4.48,4.53,2012-02-17,-
2020-12-07,2654,万润科技,文化传媒,4.3,4.31,4.22,4.23,4.22,4433200,18899802.0,0.6665,-1.856,2.09,否,0.73,-1.628,0.955,-1.168,0.0,否,874505619,665098641,3699158768.37,2813367251.43,-720.081718,1.769957,0.889647,4.27,4.25,4.25,4.3,4.46,4.47,4.53,2012-02-17,-
2020-12-08,2654,万润科技,文化传媒,4.25,4.27,4.21,4.24,4.21,3030851,12855351.39,0.4557,0.236,1.42,否,0.49,-1.395,1.193,-1.624,-1.166,否,874505619,665098641,3707903824.56,2820018237.84,-721.784039,1.774141,0.89175,4.28,4.24,4.25,4.28,4.45,4.47,4.53,2012-02-17,-
2020-12-09,2654,万润科技,文化传媒,4.23,4.25,4.12,4.12,4.12,6557075,27389441.93,0.9859,-2.83,3.07,否,1.12,-4.408,-2.37,-2.83,-5.069,否,874505619,665098641,3602963150.28,2740206400.92,-701.356189,1.72393,0.866512,4.24,4.23,4.25,4.27,4.43,4.47,4.53,2012-02-17,-
2020-12-10,2654,万润科技,文化传媒,4.13,4.19,4.1,4.15,4.1,3664500,15209668.0,0.551,0.728,2.18,否,0.7,-1.891,-3.488,-0.718,-5.251,否,874505619,665098641,3629198318.85,2760159360.15,-706.463151,1.736483,0.872821,4.21,4.23,4.24,4.26,4.42,4.47,4.54,2012-02-17,-
2020-12-11,2654,万润科技,文化传媒,4.16,4.16,4.01,4.05,4.01,5712423,23152204.52,0.8589,-2.41,3.61,否,1.29,-4.481,-5.814,-3.341,-5.594,否,874505619,665098641,3541747756.95,2693649496.05,-689.439943,1.69464,0.851789,4.16,4.21,4.23,4.25,4.42,4.46,4.54,2012-02-17,-
2020-12-14,2654,万润科技,文化传媒,4.05,4.08,4.01,4.07,4.01,2366054,9586408.17,0.3557,0.494,1.73,否,0.51,-1.214,-5.568,-2.864,-6.437,否,874505619,665098641,3559237869.33,2706951468.87,-692.844585,1.703008,0.855996,4.13,4.2,4.22,4.24,4.41,4.46,4.54,2012-02-17,-
2020-12-15,2654,万润科技,文化传媒,4.05,4.1,4.01,4.04,4.01,3065806,12417665.24,0.461,-0.737,2.21,否,0.72,-2.651,-4.492,-4.265,-5.386,否,874505619,665098641,3533002700.76,2686998509.64,-687.737622,1.690455,0.849686,4.09,4.18,4.21,4.24,4.4,4.45,4.54,2012-02-17,-
2020-12-16,2654,万润科技,文化传媒,4.07,4.08,4.0,4.01,4.0,3605738,14525641.88,0.5421,-0.743,1.98,否,0.84,-0.988,-5.425,-6.744,-4.751,否,874505619,665098641,3506767532.19,2667045550.41,-682.630659,1.677902,0.843377,4.06,4.15,4.2,4.22,4.39,4.45,4.54,2012-02-17,-
2020-12-17,2654,万润科技,文化传媒,4.0,4.04,3.86,4.03,3.86,5753900,22787202.45,0.8651,0.499,4.49,否,1.56,-0.983,-2.184,-6.279,-4.953,否,874505619,665098641,3524257644.57,2680347523.23,-686.035301,1.686271,0.847583,4.04,4.13,4.19,4.21,4.38,4.45,4.54,2012-02-17,-
2020-12-18,2654,万润科技,文化传媒,4.03,4.07,3.99,4.02,3.99,3342867,13479166.36,0.5026,-0.248,1.99,否,0.82,-0.495,-3.133,-6.729,-5.189,否,874505619,665098641,3515512588.38,2673696536.82,-684.33298,1.682087,0.84548,4.03,4.1,4.17,4.2,4.36,4.44,4.54,2012-02-17,-
2020-12-21,2654,万润科技,文化传媒,4.01,4.05,3.96,4.03,3.96,3094643,12444192.29,0.4653,0.249,2.24,否,0.85,0.499,-0.494,-4.728,-5.841,否,874505619,665098641,3524257644.57,2680347523.23,-686.035301,1.686271,0.847583,4.03,4.08,4.16,4.19,4.35,4.44,4.54,2012-02-17,-
2020-12-22,2654,万润科技,文化传媒,4.03,4.03,3.92,3.93,3.92,5016603,19889148.44,0.7543,-2.481,2.73,否,1.33,-2.481,-3.44,-7.311,-7.311,否,874505619,665098641,3436807082.67,2613837659.13,-669.012093,1.644428,0.826551,4.0,4.05,4.14,4.18,4.33,4.44,4.54,2012-02-17,-
2020-12-23,2654,万润科技,文化传媒,3.92,3.97,3.91,3.92,3.91,2996250,11779941.75,0.4505,-0.255,1.53,否,0.72,-2.488,-2.97,-4.854,-8.411,否,874505619,665098641,3428062026.48,2607186672.72,-667.309772,1.640244,0.824448,3.99,4.03,4.13,4.17,4.32,4.43,4.53,2012-02-17,-
2020-12-24,2654,万润科技,文化传媒,3.9,3.92,3.8,3.8,3.8,5856445,22508005.55,0.8805,-3.061,3.06,否,1.45,-5.707,-5.237,-8.434,-10.798,否,874505619,665098641,3323121352.2,2527374835.8,-646.881922,1.590032,0.79921,3.94,3.99,4.11,4.16,4.31,4.43,4.53,2012-02-17,-
2020-12-25,2654,万润科技,文化传媒,3.8,3.88,3.78,3.86,3.78,2642700,10177431.0,0.3973,1.579,2.63,否,0.65,-1.781,-4.218,-4.691,-9.39,否,874505619,665098641,3375591689.34,2567280754.26,-657.095847,1.615138,0.811829,3.91,3.97,4.09,4.14,4.3,4.42,4.53,2012-02-17,-
2020-12-28,2654,万润科技,文化传媒,3.85,3.88,3.77,3.78,3.77,3227290,12271747.35,0.4852,-2.073,2.85,否,0.82,-3.571,-5.97,-7.125,-11.682,否,874505619,665098641,3305631239.82,2514072862.98,-643.47728,1.581664,0.795003,3.86,3.94,4.07,4.13,4.28,4.42,4.52,2012-02-17,-
2020-12-29,2654,万润科技,文化传媒,3.8,3.91,3.8,3.86,3.8,2932934,11345280.58,0.441,2.116,2.91,否,0.74,1.579,-4.218,-4.455,-10.441,否,874505619,665098641,3375591689.34,2567280754.26,-657.095847,1.615138,0.811829,3.84,3.92,4.05,4.12,4.28,4.41,4.52,2012-02-17,-
2020-12-30,2654,万润科技,文化传媒,3.87,3.9,3.84,3.86,3.84,2507505,9697422.25,0.377,0.0,1.55,否,0.71,0.0,-1.781,-3.741,-8.962,否,874505619,665098641,3375591689.34,2567280754.26,-657.095847,1.615138,0.811829,3.83,3.91,4.03,4.1,4.27,4.41,4.51,2012-02-17,-
2020-12-31,2654,万润科技,文化传媒,3.86,3.92,3.85,3.89,3.85,3130000,12176155.0,0.4706,0.777,1.81,否,0.91,2.91,-0.765,-3.474,-6.938,否,874505619,665042391,3401826857.91,2587014900.99,-662.202809,1.627691,0.818138,3.85,3.9,4.01,4.09,4.26,4.4,4.51,2012-02-17,-
2021-01-04,2654,万润科技,文化传媒,3.9,3.93,3.88,3.92,3.88,4021300,15691730.0,0.6046,0.771,1.29,否,1.39,1.554,3.158,-2.488,-6.444,否,874505619,665042391,3428062026.48,2606966172.72,-667.309772,1.640244,0.824448,3.86,3.89,3.99,4.08,4.25,4.39,4.51,2012-02-17,-
2021-01-05,2654,万润科技,文化传媒,3.89,3.92,3.8,3.82,3.8,6845900,26255158.4,1.0293,-2.551,3.06,否,2.16,-1.036,-1.036,-5.211,-8.831,否,874505619,665042391,3340611464.58,2540461933.62,-650.286563,1.598401,0.803416,3.87,3.86,3.97,4.06,4.23,4.38,4.5,2012-02-17,-
2021-01-06,2654,万润科技,文化传媒,3.8,3.83,3.72,3.72,3.72,5748175,21572619.0,0.8643,-2.618,2.88,否,1.48,-4.37,-1.587,-5.344,-11.848,否,874505619,665042391,3253160902.68,2473957694.52,-633.263355,1.556558,0.782384,3.84,3.84,3.94,4.04,4.22,4.38,4.5,2012-02-17,-
2021-01-07,2654,万润科技,文化传媒,3.73,3.75,3.48,3.48,3.48,9151340,32826850.8,1.3759,-6.452,7.26,否,2.06,-11.224,-9.845,-11.224,-19.07,否,874505619,665042391,3043279554.12,2314347520.68,-592.407655,1.456135,0.731908,3.77,3.8,3.91,4.02,4.2,4.36,4.49,2012-02-17,-
2021-01-08,2654,万润科技,文化传媒,3.48,3.59,3.39,3.53,3.39,5563071,19522169.48,0.8364,1.437,5.75,否,0.96,-7.592,-8.549,-7.105,-17.907,否,874505619,665042391,3087004835.07,2347599640.23,-600.919259,1.477056,0.742424,3.69,3.77,3.88,4.0,4.18,4.36,4.49,2012-02-17,-
2021-01-11,2654,万润科技,文化传媒,3.53,3.55,3.34,3.38,3.34,6169100,21231370.0,0.9275,-4.249,5.95,否,0.98,-9.14,-13.111,-12.435,-21.578,否,874505619,665042391,2955828992.22,2247843281.58,-575.384446,1.414292,0.710876,3.59,3.72,3.85,3.97,4.16,4.35,4.48,2012-02-17,-
2021-01-12,2654,万润科技,文化传媒,3.38,3.44,3.32,3.33,3.32,5615618,18891009.57,0.8443,-1.479,3.55,否,0.84,-4.31,-15.051,-11.905,-21.277,否,874505619,665042391,2912103711.27,2214591162.03,-566.872842,1.39337,0.70036,3.49,3.68,3.81,3.94,4.14,4.34,4.47,2012-02-17,-
2021-01-13,2654,万润科技,文化传媒,3.32,3.32,3.18,3.22,3.18,7353008,23800641.16,1.1056,-3.303,4.2,否,1.14,-8.782,-15.707,-16.58,-24.057,否,874505619,665042391,2815908093.18,2141436499.02,-548.147313,1.347343,0.677225,3.39,3.62,3.77,3.91,4.12,4.33,4.46,2012-02-17,-
2021-01-14,2654,万润科技,文化传媒,3.22,3.29,3.19,3.27,3.19,4194867,13664813.75,0.6307,1.553,3.11,否,0.62,-3.254,-12.097,-15.285,-20.631,否,874505619,665042391,2859633374.13,2174688618.57,-556.658917,1.368265,0.687741,3.35,3.56,3.73,3.87,4.1,4.32,4.45,2012-02-17,-
2021-01-15,2654,万润科技,文化传媒,3.27,3.4,3.26,3.34,3.26,4424066,14812268.38,0.6652,2.141,4.28,否,0.77,0.3,-4.023,-14.139,-19.518,否,874505619,665042391,2920848767.46,2221241585.94,-568.575163,1.397555,0.702463,3.31,3.5,3.7,3.84,4.08,4.31,4.44,2012-02-17,-
2021-01-18,2654,万润科技,文化传媒,3.32,3.41,3.32,3.35,3.32,4187406,14087766.16,0.6296,0.299,2.69,否,0.75,4.037,-5.099,-14.541,-17.284,否,874505619,665042391,2929593823.65,2227892009.85,-570.277484,1.401739,0.704566,3.3,3.44,3.66,3.81,4.06,4.31,4.43,2012-02-17,-
2021-01-19,2654,万润科技,文化传媒,3.36,3.42,3.33,3.42,3.33,5769000,19533691.0,0.8674,2.09,2.69,否,1.12,4.587,1.183,-10.471,-15.971,否,874505619,665042391,2990809216.98,2274444977.22,-582.19373,1.431029,0.719289,3.32,3.4,3.63,3.78,4.04,4.3,4.42,2012-02-17,-
2021-01-20,2654,万润科技,文化传媒,3.4,3.4,3.32,3.37,3.32,4278303,14355512.14,0.6433,-1.462,2.34,否,0.83,0.898,1.201,-9.409,-16.584,否,874505619,665042391,2947083936.03,2241192857.67,-573.682125,1.410108,0.708773,3.35,3.37,3.61,3.75,4.02,4.29,4.41,2012-02-17,-
2021-01-21,2654,万润科技,文化传媒,3.37,3.47,3.32,3.43,3.32,6628900,22576204.0,0.9967,1.78,4.45,否,1.45,2.388,6.522,-1.437,-14.464,否,874505619,665042391,2999554273.17,2281095401.13,-583.89605,1.435213,0.721392,3.38,3.36,3.58,3.73,4.0,4.29,4.4,2012-02-17,-
2021-01-22,2654,万润科技,文化传媒,3.43,3.43,3.32,3.34,3.32,4285300,14387805.0,0.6443,-2.624,3.21,否,0.85,-2.339,2.141,-5.382,-17.122,否,874505619,665042391,2920848767.46,2221241585.94,-568.575163,1.397555,0.702463,3.38,3.35,3.56,3.7,3.98,4.28,4.39,2012-02-17,-
2021-01-25,2654,万润科技,文化传媒,3.33,3.33,3.19,3.2,3.19,5525456,17830274.2,0.8308,-4.192,4.19,否,1.1,-5.045,-4.192,-5.325,-20.398,否,874505619,665042391,2798417980.8,2128135651.2,-544.742671,1.338975,0.673019,3.35,3.33,3.53,3.67,3.96,4.27,4.38,2012-02-17,-
2021-01-26,2654,万润科技,文化传媒,3.2,3.26,3.18,3.21,3.18,3617102,11642497.22,0.5438,0.313,2.5,否,0.68,-6.414,-4.179,-3.604,-20.347,否,874505619,665042391,2807163036.99,2134786075.11,-546.444992,1.343159,0.675122,3.31,3.32,3.5,3.65,3.94,4.26,4.38,2012-02-17,-
2021-01-27,2654,万润科技,文化传媒,3.25,3.53,3.13,3.4,3.13,17088683,57243324.38,2.5693,5.919,12.46,否,3.51,1.796,-0.585,5.59,-13.486,否,874505619,665042391,2973319104.6,2261144129.4,-578.789088,1.42266,0.715082,3.32,3.33,3.47,3.62,3.93,4.25,4.37,2012-02-17,-
2021-01-28,2654,万润科技,文化传媒,3.37,3.45,3.29,3.31,3.29,11034474,37176702.52,1.6591,-2.647,4.71,否,1.49,3.438,-1.78,1.223,-15.561,否,874505619,665042391,2894613598.89,2201290314.21,-563.4682,1.385002,0.696154,3.29,3.34,3.45,3.6,3.91,4.24,4.36,2012-02-17,-
2021-01-29,2654,万润科技,文化传媒,3.31,3.35,3.18,3.2,3.18,6978728,22526497.4,1.0493,-3.323,5.14,否,0.84,-0.312,-6.706,-4.192,-15.789,否,874505619,665042391,2798417980.8,2128135651.2,-544.742671,1.338975,0.673019,3.26,3.32,3.41,3.57,3.89,4.23,4.35,2012-02-17,-
2021-02-01,2654,万润科技,文化传媒,3.18,3.25,3.15,3.24,3.15,4642404,14885528.8,0.698,1.25,3.13,否,0.52,-4.706,-2.994,-3.284,-16.062,否,874505619,665042391,2833398205.56,2154737346.84,-551.551954,1.355712,0.681431,3.27,3.31,3.38,3.55,3.88,4.22,4.34,2012-02-17,-
2021-02-02,2654,万润科技,文化传媒,3.26,3.29,3.2,3.2,3.2,3884390,12587167.68,0.584,-1.235,2.78,否,0.45,-3.323,0.0,-6.433,-15.344,否,874505619,665042391,2798417980.8,2128135651.2,-544.742671,1.338975,0.673019,3.27,3.29,3.35,3.52,3.86,4.21,4.34,2012-02-17,-
2021-02-03,2654,万润科技,文化传媒,3.18,3.24,3.13,3.13,3.13,4565774,14508800.14,0.6865,-2.188,3.44,否,0.52,-2.188,-2.492,-7.122,-18.912,否,874505619,665042391,2737202587.47,2081582683.83,-532.826425,1.309684,0.658296,3.22,3.27,3.32,3.49,3.84,4.2,4.33,2012-02-17,-
2021-02-04,2654,万润科技,文化传媒,3.16,3.17,3.01,3.16,3.01,5940100,18309341.0,0.8931,0.959,5.11,否,0.95,-2.469,-7.059,-7.872,-18.135,否,874505619,665042391,2763437756.04,2101533955.56,-537.933388,1.322237,0.664606,3.19,3.24,3.3,3.47,3.82,4.19,4.32,2012-02-17,-
2021-02-05,2654,万润科技,文化传媒,3.46,3.48,3.33,3.48,3.33,35092008,121883262.42,5.2762,10.127,4.75,否,6.75,8.75,5.136,4.192,-10.54,是,874505619,665042391,3043279554.12,2314347520.68,-592.407655,1.456135,0.731908,3.24,3.25,3.3,3.46,3.81,4.19,4.32,2012-02-17,-
2021-02-08,2654,万润科技,文化传媒,3.22,3.36,3.13,3.13,3.13,30547519,97964045.56,4.5929,-10.058,6.61,否,2.82,0.0,-2.188,-2.188,-20.153,否,874505619,665042391,2737202587.47,2081582683.83,-532.826425,1.309684,0.658296,3.22,3.25,3.29,3.43,3.79,4.17,4.32,2012-02-17,-
2021-02-09,2654,万润科技,文化传媒,3.03,3.17,3.0,3.12,3.0,14441449,44525787.91,2.1713,-0.32,5.43,否,0.9,-1.266,-3.704,-2.804,-18.325,否,874505619,665042391,2728457531.28,2074932259.92,-531.124104,1.3055,0.656193,3.2,3.24,3.28,3.41,3.77,4.16,4.31,2012-02-17,-
2021-02-10,2654,万润科技,文化传媒,3.1,3.14,3.05,3.07,3.05,8388800,25881139.16,1.2613,-1.603,2.88,否,0.46,-11.782,-4.063,-9.706,-17.473,否,874505619,665042391,2684732250.33,2041680140.37,-522.6125,1.284579,0.645677,3.19,3.2,3.27,3.38,3.75,4.15,4.3,2012-02-17,-
2021-02-18,2654,万润科技,文化传媒,3.1,3.25,3.1,3.23,3.1,12328103,39270760.31,1.8536,5.212,4.89,否,0.65,3.195,3.195,-2.417,-7.184,否,874505619,665042391,2824653149.37,2148086922.93,-549.849633,1.351527,0.679328,3.21,3.2,3.27,3.36,3.73,4.14,4.3,2012-02-17,-
2021-02-19,2654,万润科技,文化传媒,3.22,3.41,3.19,3.4,3.19,11050300,36791804.0,1.6615,5.263,6.81,否,0.55,8.974,7.595,6.25,-3.683,否,874505619,665042391,2973319104.6,2261144129.4,-578.789088,1.42266,0.715082,3.19,3.22,3.27,3.35,3.72,4.13,4.29,2012-02-17,-
2021-02-22,2654,万润科技,文化传媒,3.4,3.53,3.39,3.41,3.39,12784329,44100107.73,1.9222,0.294,4.12,否,0.83,11.075,-2.011,5.247,0.888,否,874505619,665042391,2982064160.79,2267794553.31,-580.491409,1.426845,0.717186,3.25,3.23,3.27,3.33,3.7,4.12,4.29,2012-02-17,-
2021-02-23,2654,万润科技,文化传媒,3.42,3.46,3.3,3.31,3.3,8087729,27118408.99,1.216,-2.933,4.69,否,0.69,2.477,5.751,3.438,-0.601,否,874505619,665042391,2894613598.89,2201290314.21,-563.4682,1.385002,0.696154,3.28,3.24,3.27,3.31,3.69,4.11,4.28,2012-02-17,-
2021-02-24,2654,万润科技,文化传媒,3.31,3.41,3.3,3.4,3.3,8158700,27548234.0,1.2267,2.719,3.32,否,0.77,0.0,8.974,8.626,5.59,否,874505619,665042391,2973319104.6,2261144129.4,-578.789088,1.42266,0.715082,3.35,3.27,3.27,3.3,3.67,4.1,4.28,2012-02-17,-
2021-02-25,2654,万润科技,文化传媒,3.41,3.43,3.33,3.35,3.33,6336800,21289031.0,0.9528,-1.471,2.94,否,0.6,-1.76,9.121,6.013,2.446,否,874505619,665042391,2929593823.65,2227892009.85,-570.277484,1.401739,0.704566,3.37,3.29,3.26,3.3,3.66,4.09,4.27,2012-02-17,-
2021-02-26,2654,万润科技,文化传媒,3.3,3.39,3.29,3.38,3.29,5710060,19174077.2,0.8585,0.896,2.99,否,0.62,2.115,4.644,-2.874,1.198,否,874505619,665042391,2955828992.22,2247843281.58,-575.384446,1.414292,0.710876,3.37,3.28,3.27,3.29,3.64,4.08,4.26,2012-02-17,-
2021-03-01,2654,万润科技,文化传媒,3.39,3.45,3.38,3.44,3.38,6454216,22070866.56,0.9704,1.775,2.07,否,0.79,1.176,1.176,9.904,2.687,否,874505619,665042391,3008299329.36,2287745825.04,-585.598371,1.439398,0.723495,3.38,3.31,3.28,3.29,3.63,4.07,4.26,2012-02-17,-
2021-03-02,2654,万润科技,文化传媒,3.45,3.45,3.35,3.4,3.35,4926520,16736297.4,0.7407,-1.163,2.91,否,0.71,1.493,-0.293,8.974,-0.585,否,874505619,665042391,2973319104.6,2261144129.4,-578.789088,1.42266,0.715082,3.39,3.34,3.29,3.3,3.62,4.06,4.25,2012-02-17,-
2021-03-03,2654,万润科技,文化传媒,3.38,3.44,3.38,3.43,3.38,5295300,18062783.0,0.7962,0.882,1.76,否,0.84,1.479,3.625,11.726,1.78,否,874505619,665042391,2999554273.17,2281095401.13,-583.89605,1.435213,0.721392,3.4,3.38,3.29,3.3,3.61,4.05,4.24,2012-02-17,-
2021-03-04,2654,万润科技,文化传媒,3.41,3.47,3.39,3.4,3.39,6621700,22738347.0,0.9956,-0.875,2.33,否,1.15,-1.163,0.0,5.263,-0.875,否,874505619,665042391,2973319104.6,2261144129.4,-578.789088,1.42266,0.715082,3.41,3.39,3.29,3.31,3.59,4.04,4.24,2012-02-17,-
2021-03-05,2654,万润科技,文化传媒,3.39,3.51,3.38,3.51,3.38,8866500,30784352.0,1.3331,3.235,3.82,否,1.53,3.235,4.776,3.235,5.09,否,874505619,665042391,3069514722.69,2334298792.41,-597.514617,1.468688,0.738217,3.44,3.4,3.31,3.31,3.58,4.03,4.23,2012-02-17,-
2021-03-08,2654,万润科技,文化传媒,3.53,3.58,3.45,3.46,3.45,7564000,26632439.0,1.1373,-1.425,3.7,否,1.18,0.875,2.367,1.466,8.125,否,874505619,665042391,3025789441.74,2301046672.86,-589.003013,1.447766,0.727701,3.44,3.41,3.32,3.32,3.56,4.02,4.22,2012-02-17,-
2021-03-09,2654,万润科技,文化传媒,3.45,3.54,3.33,3.45,3.33,8941887,30756788.45,1.3444,-0.289,6.07,否,1.34,1.471,0.291,4.23,7.477,否,874505619,665042391,3017044385.55,2294396248.95,-587.300692,1.443582,0.725598,3.45,3.42,3.33,3.32,3.55,4.0,4.22,2012-02-17,-
2021-03-10,2654,万润科技,文化传媒,3.47,3.48,3.35,3.35,3.35,6295200,21364430.0,0.9465,-2.899,3.77,否,0.84,-4.558,-1.471,-1.471,-1.471,否,874505619,665042391,2929593823.65,2227892009.85,-570.277484,1.401739,0.704566,3.43,3.42,3.34,3.32,3.54,3.99,4.21,2012-02-17,-
2021-03-11,2654,万润科技,文化传媒,3.36,3.43,3.32,3.43,3.32,4339400,14679623.0,0.6524,2.388,3.28,否,0.57,-0.867,0.0,2.388,3.625,否,874505619,665042391,2999554273.17,2281095401.13,-583.89605,1.435213,0.721392,3.44,3.43,3.36,3.32,3.52,3.98,4.21,2012-02-17,-
2021-03-12,2654,万润科技,文化传媒,3.42,3.42,3.36,3.39,3.36,3886803,13157441.17,0.5844,-1.166,1.75,否,0.54,-1.739,-0.294,0.296,5.938,否,874505619,665042391,2964574048.41,2254493705.49,-577.086767,1.418476,0.712979,3.42,3.43,3.35,3.32,3.51,3.97,4.2,2012-02-17,-
2021-03-15,2654,万润科技,文化传媒,3.42,3.47,3.35,3.39,3.35,5404330,18396142.7,0.8126,0.0,3.54,否,0.87,1.194,-3.419,-1.453,4.63,否,874505619,665042391,2964574048.41,2254493705.49,-577.086767,1.418476,0.712979,3.4,3.42,3.37,3.33,3.5,3.96,4.19,2012-02-17,-
2021-03-16,2654,万润科技,文化传媒,3.37,3.47,3.33,3.46,3.33,6447230,22110011.5,0.9694,2.065,4.13,否,1.12,0.875,0.0,1.765,8.125,否,874505619,665042391,3025789441.74,2301046672.86,-589.003013,1.447766,0.727701,3.4,3.43,3.38,3.33,3.49,3.95,4.19,2012-02-17,-
2021-03-17,2654,万润科技,文化传媒,3.48,3.48,3.43,3.44,3.43,4765700,16420046.0,0.7165,-0.578,1.45,否,0.9,1.475,-0.29,0.292,9.904,否,874505619,665042391,3008299329.36,2287745825.04,-585.598371,1.439398,0.723495,3.42,3.43,3.4,3.34,3.48,3.94,4.18,2012-02-17,-
2021-03-18,2654,万润科技,文化传媒,3.42,3.47,3.41,3.44,3.41,4349840,14973754.6,0.654,0.0,1.74,否,0.88,1.475,2.687,1.176,8.861,否,874505619,665042391,3008299329.36,2287745825.04,-585.598371,1.439398,0.723495,3.42,3.43,3.41,3.34,3.47,3.93,4.17,2012-02-17,-
2021-03-19,2654,万润科技,文化传媒,3.42,3.51,3.38,3.46,3.38,5949300,20589199.0,0.8945,0.581,3.78,否,1.2,0.0,0.875,-1.425,-0.575,否,874505619,665042391,3025789441.74,2301046672.86,-589.003013,1.447766,0.727701,3.44,3.43,3.42,3.35,3.46,3.92,4.17,2012-02-17,-
2021-03-22,2654,万润科技,文化传媒,3.46,3.59,3.45,3.59,3.45,9921103,35058894.35,1.4917,3.757,4.05,否,1.84,4.36,5.9,3.757,14.696,否,874505619,665042391,3139475172.21,2387502183.69,-611.133184,1.502162,0.755043,3.48,3.44,3.42,3.36,3.45,3.91,4.16,2012-02-17,-
2021-03-23,2654,万润科技,文化传媒,3.57,3.61,3.5,3.52,3.5,6598800,23337937.0,0.9922,-1.95,3.06,否,1.05,2.326,3.835,2.029,12.821,否,874505619,665042391,3078259778.88,2340949216.32,-599.216938,1.472872,0.740321,3.49,3.45,3.43,3.37,3.45,3.9,4.16,2012-02-17,-
2021-03-24,2654,万润科技,文化传媒,3.52,3.56,3.49,3.54,3.49,4652703,16387600.5,0.6996,0.568,1.99,否,0.74,2.312,2.312,5.672,15.309,否,874505619,665042391,3095749891.26,2354250064.14,-602.62158,1.481241,0.744527,3.51,3.47,3.44,3.38,3.44,3.89,4.15,2012-02-17,-
2021-03-25,2654,万润科技,文化传媒,3.54,3.56,3.48,3.52,3.48,5108328,17989080.8,0.7681,-0.565,2.26,否,0.81,-1.95,2.326,2.624,8.978,否,874505619,665042391,3078259778.88,2340949216.32,-599.216938,1.472872,0.740321,3.53,3.48,3.45,3.4,3.43,3.88,4.15,2012-02-17,-
2021-03-26,2654,万润科技,文化传媒,3.5,3.52,3.49,3.51,3.49,4389740,15386779.0,0.66,-0.284,0.85,否,0.68,-0.284,2.035,3.54,3.235,否,874505619,665042391,3069514722.69,2334298792.41,-597.514617,1.468688,0.738217,3.54,3.49,3.46,3.4,3.43,3.87,4.14,2012-02-17,-
2021-03-29,2654,万润科技,文化传媒,3.51,3.63,3.41,3.56,3.41,9477000,33200372.97,1.4249,1.425,6.27,否,1.54,0.565,2.89,5.015,4.399,否,874505619,665042391,3113240003.64,2367550911.96,-606.026221,1.489609,0.748733,3.53,3.5,3.46,3.41,3.42,3.86,4.14,2012-02-17,-
2021-03-30,2654,万润科技,文化传媒,3.57,3.6,3.45,3.45,3.45,6620740,23163488.4,0.9955,-3.09,4.21,否,1.1,-1.989,-3.9,-0.289,4.23,否,874505619,665042391,3017044385.55,2294396248.95,-587.300692,1.443582,0.725598,3.52,3.5,3.47,3.42,3.42,3.85,4.14,2012-02-17,-
2021-03-31,2654,万润科技,文化传媒,3.43,3.5,3.43,3.45,3.43,3701630,12814256.2,0.5566,0.0,2.03,否,0.61,-1.709,-1.989,0.291,1.471,否,874505619,665042391,3017044385.55,2294396248.95,-587.300692,1.443582,0.725598,3.5,3.5,3.47,3.44,3.41,3.84,4.13,2012-02-17,-
2021-04-01,2654,万润科技,文化传媒,3.45,3.46,3.4,3.41,3.4,4367159,14940345.19,0.6566,-1.159,1.74,否,0.75,-4.213,-3.672,-0.872,1.791,否,874505619,665042391,2982064160.79,2267794553.31,-580.491409,1.426845,0.717186,3.48,3.5,3.47,3.44,3.4,3.83,4.13,2012-02-17,-
2021-04-02,2654,万润科技,文化传媒,3.41,3.47,3.39,3.45,3.39,3862300,13293379.0,0.5807,1.173,2.35,否,0.68,0.0,-1.989,-0.289,2.071,否,874505619,665042391,3017044385.55,2294396248.95,-587.300692,1.443582,0.725598,3.46,3.5,3.46,3.44,3.4,3.83,4.13,2012-02-17,-
2021-04-06,2654,万润科技,文化传媒,3.45,3.49,3.43,3.49,3.43,3829470,13294803.78,0.5758,1.159,1.74,否,0.68,1.159,-0.57,-2.786,1.453,否,874505619,665042391,3052024610.31,2320997944.59,-594.109975,1.460319,0.734011,3.45,3.49,3.47,3.45,3.39,3.82,4.12,2012-02-17,-
2021-04-07,2654,万润科技,文化传媒,3.48,3.55,3.46,3.54,3.46,5381492,18900498.03,0.8091,1.433,2.58,否,1.2,3.812,-0.562,0.568,4.118,否,874505619,665042391,3095749891.26,2354250064.14,-602.62158,1.481241,0.744527,3.47,3.49,3.47,3.45,3.38,3.81,4.12,2012-02-17,-
2021-04-08,2654,万润科技,文化传媒,3.54,3.55,3.46,3.47,3.46,4823203,16872063.56,0.7252,-1.977,2.54,否,1.14,0.58,0.58,-1.977,1.166,否,874505619,665042391,3034534497.93,2307697096.77,-590.705334,1.451951,0.729805,3.47,3.49,3.48,3.46,3.38,3.8,4.12,2012-02-17,-
2021-04-09,2654,万润科技,文化传媒,3.48,3.82,3.43,3.82,3.43,26382913,97189972.31,3.9668,10.087,11.24,否,5.93,9.456,10.725,8.523,12.353,是,874505619,665042391,3340611464.58,2540461933.62,-650.286563,1.598401,0.803416,3.55,3.52,3.5,3.47,3.38,3.79,4.11,2012-02-17,-
2021-04-12,2654,万润科技,文化传媒,3.82,3.87,3.7,3.73,3.7,27885615,105356164.69,4.1927,-2.356,4.45,否,3.15,5.367,9.384,6.268,6.268,否,874505619,665042391,3261905958.87,2480608118.43,-634.965676,1.560742,0.784487,3.61,3.54,3.51,3.48,3.39,3.78,4.11,2012-02-17,-
2021-04-13,2654,万润科技,文化传媒,3.7,4.07,3.67,3.87,3.67,25905019,99097083.99,3.8949,3.753,10.72,否,1.9,11.527,12.174,8.708,11.85,否,874505619,665042391,3384336745.53,2573714053.17,-658.798168,1.619322,0.813932,3.69,3.57,3.54,3.5,3.4,3.78,4.11,2012-02-17,-
2021-04-14,2654,万润科技,文化传媒,3.78,3.98,3.71,3.85,3.71,18366317,70081515.09,2.7614,-0.517,6.98,否,1.02,0.785,10.315,11.594,11.594,否,874505619,665042391,3366846633.15,2560413205.35,-655.393526,1.610954,0.809726,3.75,3.61,3.56,3.51,3.4,3.77,4.11,2012-02-17,-
2021-04-15,2654,万润科技,文化传媒,3.88,3.88,3.7,3.79,3.7,14104059,53116569.43,2.1206,-1.558,4.68,否,0.68,1.609,7.062,9.855,13.134,否,874505619,665042391,3314376296.01,2520510661.89,40.914463,1.585848,0.79676,3.81,3.64,3.57,3.52,3.41,3.77,4.11,2012-02-17,-
2021-04-16,2654,万润科技,文化传媒,3.78,3.85,3.71,3.77,3.71,14625041,55091008.85,2.1989,-0.528,3.69,否,0.65,-2.584,8.646,10.557,9.913,否,874505619,665042391,3296886183.63,2507209814.07,40.698555,1.577479,0.792556,3.8,3.68,3.59,3.54,3.42,3.76,4.11,2012-02-17,-
2021-04-19,2654,万润科技,文化传媒,3.77,3.82,3.73,3.79,3.73,10587681,39819316.65,1.5919,0.531,2.39,否,0.52,-1.558,-0.785,9.855,11.799,否,874505619,665042391,3314376296.01,2520510661.89,40.914463,1.585848,0.79676,3.81,3.71,3.61,3.55,3.43,3.76,4.1,2012-02-17,-
2021-04-20,2654,万润科技,文化传媒,3.79,3.85,3.7,3.71,3.7,11335902,42774525.26,1.7044,-2.111,3.96,否,0.68,-2.111,-0.536,6.304,9.44,否,874505619,665042391,3244415846.49,2467307270.61,40.050833,1.552374,0.779942,3.78,3.73,3.61,3.55,3.44,3.75,4.1,2012-02-17,-
2021-04-21,2654,万润科技,文化传媒,3.67,3.73,3.62,3.69,3.62,8556498,31284836.19,1.2865,-0.539,2.96,否,0.62,-2.122,-4.651,4.237,6.647,否,874505619,665042391,3226925734.11,2454006422.79,39.834925,1.544005,0.775738,3.75,3.75,3.62,3.56,3.44,3.74,4.1,2012-02-17,-
2021-04-22,2654,万润科技,文化传媒,3.7,3.73,3.62,3.71,3.62,6748574,24938776.89,1.0147,0.542,2.98,否,0.57,-2.111,-3.636,6.916,7.849,否,874505619,665042391,3244415846.49,2467307270.61,40.050833,1.552374,0.779942,3.73,3.77,3.63,3.57,3.45,3.73,4.1,2012-02-17,-
2021-04-23,2654,万润科技,文化传媒,3.69,3.7,3.59,3.61,3.59,8029800,29112539.37,1.2074,-2.695,2.96,否,0.77,-2.695,-4.749,-5.497,4.942,否,874505619,665042391,3156965284.59,2400803031.51,38.971296,1.507626,0.758919,3.7,3.75,3.63,3.58,3.45,3.72,4.09,2012-02-17,-
2021-04-26,2654,万润科技,文化传媒,3.58,3.78,3.58,3.67,3.58,11384934,41737118.36,1.7119,1.662,5.54,否,1.26,-0.542,-2.653,-1.609,6.069,否,874505619,665042391,3209435621.73,2440705574.97,39.619018,1.532684,0.771533,3.68,3.75,3.64,3.59,3.45,3.72,4.09,2012-02-17,-
2021-04-27,2654,万润科技,文化传媒,3.69,3.76,3.54,3.58,3.54,12603300,45702621.0,1.8951,-2.452,5.99,否,1.37,-3.504,-5.541,-7.494,-0.279,否,874505619,665042391,3130730116.02,2380851759.78,24.277099,1.464019,0.738977,3.65,3.72,3.64,3.6,3.46,3.71,4.09,2012-02-17,-
2021-04-28,2654,万润科技,文化传媒,3.56,3.58,3.48,3.49,3.48,11381800,40077425.0,1.7114,-2.514,2.79,否,1.2,-3.324,-5.93,-9.351,-0.852,否,874505619,665042391,3052024610.31,2320997944.59,23.666781,1.427214,0.720399,3.61,3.68,3.64,3.6,3.47,3.71,4.09,2012-02-17,-
2021-04-29,2654,万润科技,文化传媒,3.47,3.54,3.47,3.48,3.47,8080500,28302036.0,1.215,-0.287,2.01,否,0.81,-5.177,-5.691,-8.179,-1.695,否,874505619,665042391,3043279554.12,2314347520.68,23.598968,1.423124,0.718335,3.57,3.65,3.65,3.6,3.47,3.7,4.08,2012-02-17,-
2021-04-30,2654,万润科技,文化传媒,3.5,3.56,3.47,3.51,3.47,7265950,25521127.0,1.0926,0.862,2.59,否,0.71,-1.955,-5.391,-6.897,-0.284,否,874505619,665042391,3069514722.69,2334298792.41,23.802407,1.435393,0.724528,3.55,3.62,3.65,3.6,3.47,3.69,4.08,2012-02-17,-
2021-05-06,2654,万润科技,文化传媒,3.52,3.63,3.51,3.6,3.51,9744429,34866877.95,1.4652,2.564,3.42,否,0.96,3.152,-0.277,-5.013,2.564,否,874505619,665042391,3148220228.4,2394152607.6,24.412725,1.472198,0.743105,3.53,3.61,3.66,3.61,3.48,3.69,4.08,2012-02-17,-
2021-05-07,2654,万润科技,文化传媒,3.6,3.67,3.56,3.58,3.56,8519903,30872187.74,1.2811,-0.556,3.06,否,0.87,2.874,-2.452,-3.504,0.562,否,874505619,665042391,3130730116.02,2380851759.78,24.277099,1.464019,0.738977,3.53,3.59,3.66,3.61,3.48,3.68,4.08,2012-02-17,-
2021-05-10,2654,万润科技,文化传媒,3.57,3.64,3.55,3.58,3.55,6646063,23840379.28,0.9993,0.0,2.51,否,0.74,1.994,0.0,-2.981,3.768,否,874505619,665042391,3130730116.02,2380851759.78,24.277099,1.464019,0.738977,3.55,3.58,3.67,3.61,3.49,3.67,4.07,2012-02-17,-
2021-05-11,2654,万润科技,文化传媒,3.56,3.62,3.55,3.6,3.55,5016232,17983646.37,0.7543,0.559,1.96,否,0.62,0.0,3.152,-2.965,4.348,否,874505619,665042391,3148220228.4,2394152607.6,24.412725,1.472198,0.743105,3.57,3.57,3.67,3.61,3.5,3.67,4.07,2012-02-17,-
2021-05-12,2654,万润科技,文化传媒,3.59,3.66,3.56,3.65,3.56,8453600,30619299.0,1.2711,1.389,2.78,否,1.14,1.955,4.885,1.108,7.038,否,874505619,665042391,3191945509.35,2427404727.15,24.751791,1.492645,0.753426,3.6,3.57,3.66,3.61,3.51,3.66,4.07,2012-02-17,-
2021-05-13,2654,万润科技,文化传媒,3.63,3.74,3.62,3.68,3.62,10030692,37101983.52,1.5083,0.822,3.29,否,1.31,2.793,4.843,0.272,6.667,否,874505619,665042391,3218180677.92,2447355998.88,24.95523,1.504913,0.759619,3.62,3.58,3.66,3.62,3.51,3.66,4.07,2012-02-17,-
2021-05-14,2654,万润科技,文化传媒,3.69,3.74,3.68,3.7,3.68,7783737,28822196.9,1.1704,0.544,1.63,否,1.01,2.778,2.778,3.352,6.017,否,874505619,665042391,3235670790.3,2460656846.7,25.090857,1.513092,0.763747,3.64,3.59,3.65,3.62,3.52,3.65,4.07,2012-02-17,-
2021-05-17,2654,万润科技,文化传媒,3.7,3.73,3.59,3.61,3.59,8894800,32390975.0,1.3375,-2.432,3.78,否,1.17,-1.096,0.838,3.438,1.977,否,874505619,665042391,3156965284.59,2400803031.51,24.480538,1.476287,0.745169,3.65,3.6,3.64,3.63,3.53,3.65,4.07,2012-02-17,-
2021-05-18,2654,万润科技,文化传媒,3.57,3.64,3.57,3.62,3.57,4533023,16344366.8,0.6816,0.277,1.94,否,0.56,-1.63,1.117,4.023,4.323,否,874505619,665042391,3165710340.78,2407453455.42,24.548352,1.480377,0.747234,3.65,3.61,3.63,3.64,3.54,3.64,4.07,2012-02-17,-
2021-05-19,2654,万润科技,文化传媒,3.6,3.89,3.6,3.72,3.6,14818169,55194698.99,2.2282,2.762,8.01,否,1.87,0.541,3.333,5.983,-2.618,否,874505619,665042391,3253160902.68,2473957694.52,25.226483,1.521271,0.767875,3.67,3.63,3.63,3.65,3.54,3.64,4.07,2012-02-17,-
2021-05-20,2654,万润科技,文化传媒,3.68,3.78,3.66,3.73,3.66,12641518,46963631.3,1.9009,0.269,3.23,否,1.37,3.324,2.192,3.611,0.0,否,874505619,665042391,3261905958.87,2480608118.43,25.294296,1.52536,0.76994,3.68,3.65,3.63,3.65,3.55,3.63,4.06,2012-02-17,-
2021-05-21,2654,万润科技,文化传媒,3.71,3.87,3.71,3.86,3.71,20667239,78920350.4,3.1077,3.485,4.29,否,2.12,6.63,4.891,7.821,-0.258,否,874505619,665042391,3375591689.34,2567063629.26,26.175867,1.578523,0.796774,3.71,3.68,3.63,3.67,3.56,3.63,4.06,2012-02-17,-
2021-05-24,2654,万润科技,文化传媒,3.86,3.91,3.8,3.87,3.8,15146932,58362287.17,2.2776,0.259,2.85,否,1.23,4.032,4.595,8.101,0.519,否,874505619,665042391,3384336745.53,2573714053.17,26.24368,1.582613,0.798838,3.76,3.7,3.64,3.68,3.57,3.63,4.06,2012-02-17,-
2021-05-25,2654,万润科技,文化传媒,3.86,3.87,3.75,3.82,3.75,12305436,46792143.51,1.8503,-1.292,3.1,否,0.91,2.413,5.817,6.111,0.792,否,874505619,665042391,3340611464.58,2540461933.62,25.904614,1.562165,0.788517,3.8,3.73,3.65,3.69,3.57,3.62,4.06,2012-02-17,-
2021-05-26,2654,万润科技,文化传媒,3.81,3.84,3.76,3.81,3.76,8793935,33536165.28,1.3223,-0.262,2.09,否,0.58,-1.295,5.249,4.384,1.061,否,874505619,665042391,3331866408.39,2533811509.71,25.836801,1.558076,0.786453,3.82,3.74,3.66,3.69,3.58,3.62,4.06,2012-02-17,-
2021-05-27,2654,万润科技,文化传媒,3.81,3.84,3.78,3.81,3.78,6164280,23459752.2,0.9269,0.0,1.57,否,0.44,-1.55,2.419,3.533,0.528,否,874505619,665042391,3331866408.39,2533811509.71,25.836801,1.558076,0.786453,3.83,3.76,3.67,3.69,3.59,3.62,4.06,2012-02-17,-
2021-05-28,2654,万润科技,文化传媒,3.8,3.81,3.7,3.72,3.7,7936259,29695257.1,1.1933,-2.362,2.89,否,0.63,-2.618,-0.268,0.541,0.27,否,874505619,665042391,3253160902.68,2473957694.52,25.226483,1.521271,0.767875,3.81,3.76,3.67,3.69,3.59,3.61,4.06,2012-02-17,-
2021-05-31,2654,万润科技,文化传媒,3.73,3.78,3.7,3.78,3.7,5378851,20156262.74,0.8088,1.613,2.15,否,0.53,-0.787,-2.073,4.709,2.439,否,874505619,665042391,3305631239.82,2513860237.98,25.633362,1.545808,0.78026,3.79,3.77,3.69,3.68,3.6,3.61,4.06,2012-02-17,-
2021-06-01,2654,万润科技,文化传媒,3.78,3.83,3.74,3.81,3.74,6385836,24234333.44,0.9602,0.794,2.38,否,0.79,0.0,-1.55,5.249,2.695,否,874505619,665042391,3331866408.39,2533811509.71,25.836801,1.558076,0.786453,3.79,3.79,3.7,3.69,3.61,3.61,4.06,2012-02-17,-
2021-06-02,2654,万润科技,文化传媒,3.8,3.8,3.75,3.75,3.75,5155500,19452125.0,0.7752,-1.575,1.31,否,0.74,0.806,-1.832,0.806,3.878,否,874505619,665042391,3279396071.25,2493908966.25,25.429922,1.533539,0.774068,3.77,3.8,3.72,3.68,3.61,3.6,4.06,2012-02-17,-
2021-06-03,2654,万润科技,文化传媒,3.76,3.8,3.73,3.79,3.73,5607113,21208311.74,0.8431,1.067,1.87,否,0.9,0.265,-0.525,1.609,3.27,否,874505619,665042391,3314376296.01,2520510661.89,25.701175,1.549897,0.782325,3.77,3.8,3.72,3.68,3.62,3.6,4.06,2012-02-17,-
2021-06-04,2654,万润科技,文化传媒,3.78,3.79,3.72,3.75,3.72,5510700,20644125.0,0.8286,-1.055,1.85,否,0.9,-1.575,-1.575,-2.85,4.749,否,874505619,665042391,3279396071.25,2493908966.25,25.429922,1.533539,0.774068,3.78,3.79,3.73,3.69,3.62,3.59,4.06,2012-02-17,-
2021-06-07,2654,万润科技,文化传媒,3.74,3.79,3.71,3.78,3.71,5288000,19879060.0,0.7951,0.8,2.13,否,0.94,0.8,1.613,-2.326,8.309,否,874505619,665042391,3305631239.82,2513860237.98,25.633362,1.545808,0.78026,3.78,3.78,3.74,3.69,3.63,3.59,4.06,2012-02-17,-
2021-06-08,2654,万润科技,文化传媒,3.79,3.85,3.73,3.84,3.73,12286510,46732864.7,1.8475,1.587,3.17,否,2.2,1.319,1.587,0.524,10.345,否,874505619,665042391,3358101576.96,2553762781.44,26.04024,1.570344,0.792646,3.78,3.78,3.76,3.69,3.63,3.58,4.06,2012-02-17,-
2021-06-09,2654,万润科技,文化传媒,3.83,3.88,3.79,3.85,3.79,9456458,36218499.4,1.4219,0.26,2.34,否,1.4,2.667,1.05,1.05,9.687,否,874505619,740742438,3366846633.15,2851858386.3,26.108053,1.574434,0.79471,3.8,3.79,3.77,3.7,3.64,3.58,4.06,2012-02-17,-
2021-06-10,2654,万润科技,文化传媒,3.87,4.0,3.83,3.9,3.83,18246953,71117153.05,2.4633,1.299,4.42,否,2.39,3.175,4.0,2.362,8.333,否,874505619,740742438,3410571914.1,2888895508.2,26.447119,1.594881,0.805031,3.82,3.8,3.78,3.71,3.65,3.58,4.05,2012-02-17,-
2021-06-11,2654,万润科技,文化传媒,3.86,3.91,3.83,3.83,3.83,11558700,44664730.0,1.5124,-1.795,2.05,否,1.14,-0.26,1.055,2.957,6.983,否,874505619,764264090,3349356520.77,2927131464.7,25.972427,1.566255,0.790581,3.84,3.81,3.78,3.72,3.66,3.58,4.05,2012-02-17,-
2021-06-15,2654,万润科技,文化传媒,3.82,3.96,3.82,3.9,3.82,13081557,50902920.57,1.7117,1.828,3.66,否,1.15,1.299,4.0,3.175,8.939,否,874505619,764264090,3410571914.1,2980629951.0,26.447119,1.594881,0.805031,3.86,3.82,3.8,3.73,3.66,3.58,4.04,2012-02-17,-
2021-06-16,2654,万润科技,文化传媒,3.92,3.96,3.87,3.92,3.87,11646921,45646441.73,1.5239,0.513,2.31,否,0.9,0.513,3.704,2.887,8.889,否,874505619,764264090,3428062026.48,2995915232.8,26.582745,1.60306,0.809159,3.88,3.83,3.81,3.75,3.67,3.58,4.04,2012-02-17,-
2021-06-17,2654,万润科技,文化传媒,3.89,3.94,3.82,3.87,3.82,10794403,41787178.52,1.4124,-1.276,3.06,否,0.84,1.044,0.781,3.2,6.027,否,874505619,764264090,3384336745.53,2957702028.3,26.24368,1.582613,0.798838,3.88,3.84,3.82,3.76,3.68,3.57,4.04,2012-02-17,-
2021-06-18,2654,万润科技,文化传媒,3.85,3.95,3.84,3.95,3.84,12139536,47452209.32,1.5884,2.067,2.84,否,0.93,1.282,2.597,4.222,7.337,否,874505619,764264090,3454297195.05,3018843155.5,26.786185,1.615328,0.815352,3.89,3.86,3.83,3.77,3.69,3.57,4.03,2012-02-17,-
2021-06-21,2654,万润科技,文化传媒,3.95,3.97,3.9,3.95,3.9,10065632,39606272.4,1.317,0.0,1.77,否,0.85,0.765,1.282,5.333,6.757,否,874505619,764264090,3454297195.05,3018843155.5,26.786185,1.615328,0.815352,3.92,3.88,3.84,3.78,3.69,3.57,4.03,2012-02-17,-
2021-06-22,2654,万润科技,文化传媒,3.96,3.99,3.91,3.93,3.91,9259200,36463299.0,1.2115,-0.506,2.03,否,0.8,1.55,2.611,3.968,8.864,否,874505619,764264090,3436807082.67,3003557873.7,26.650558,1.607149,0.811223,3.92,3.89,3.84,3.79,3.7,3.57,4.03,2012-02-17,-
2021-06-23,2654,万润科技,文化传媒,3.9,3.97,3.87,3.94,3.87,10016336,39340072.12,1.3106,0.255,2.54,否,0.93,-0.253,1.026,2.604,8.84,否,859433963,764264090,3386169814.22,3011200514.6,26.718372,1.611239,0.813287,3.93,3.9,3.84,3.8,3.71,3.57,4.02,2012-02-17,-
2021-06-24,2654,万润科技,文化传媒,3.94,3.94,3.84,3.85,3.84,9904500,38454949.0,1.296,-2.284,2.54,否,0.95,-2.532,-1.786,0.0,3.495,否,859433963,764264090,3308820757.55,2942416746.5,26.108053,1.574434,0.79471,3.92,3.9,3.85,3.81,3.71,3.57,4.02,2012-02-17,-
2021-06-25,2654,万润科技,文化传媒,3.86,3.89,3.79,3.83,3.79,8355700,32011747.0,1.0933,-0.52,2.6,否,0.81,-2.545,-1.034,-1.795,2.681,否,859433963,764264090,3291632078.29,2927131464.7,25.524806,1.539261,0.776956,3.9,3.9,3.85,3.82,3.72,3.57,4.02,2012-02-17,-
2021-06-28,2654,万润科技,文化传媒,3.83,3.85,3.81,3.83,3.81,4783500,18301910.0,0.6259,0.0,1.04,否,0.5,-2.792,-3.038,0.0,-0.777,否,859433963,764264090,3291632078.29,2927131464.7,25.524806,1.539261,0.776956,3.88,3.9,3.85,3.82,3.72,3.57,4.02,2012-02-17,-
2021-06-29,2654,万润科技,文化传媒,3.82,3.82,3.75,3.75,3.75,6667700,25136570.0,0.8724,-2.089,1.83,否,0.79,-2.597,-5.063,-3.846,-3.101,否,859433963,764264090,3222877361.25,2865990337.5,24.991651,1.50711,0.760727,3.84,3.88,3.85,3.83,3.73,3.57,4.01,2012-02-17,-
2021-06-30,2654,万润科技,文化传媒,3.75,3.84,3.75,3.81,3.75,6449517,24460748.77,0.8439,1.6,2.4,否,0.81,-0.522,-3.053,-2.806,-0.262,否,859433963,764264090,3274443399.03,2911846182.9,25.391517,1.531223,0.772899,3.81,3.87,3.85,3.83,3.73,3.57,4.01,2012-02-17,-
2021-07-01,2654,万润科技,文化传媒,3.83,3.83,3.66,3.67,3.66,7426000,27835131.0,0.9717,-3.675,4.46,否,1.03,-4.178,-6.853,-5.168,-3.675,否,859433963,764264090,3154122644.21,2804849210.3,24.458495,1.474958,0.744498,3.78,3.85,3.85,3.83,3.74,3.57,4.01,2012-02-17,-
2021-07-02,2654,万润科技,文化传媒,3.68,3.73,3.65,3.69,3.65,4738000,17463145.0,0.6199,0.545,2.18,否,0.7,-1.6,-4.156,-6.582,-3.15,否,859433963,764264090,3171311323.47,2820134492.1,24.591784,1.482996,0.748556,3.75,3.83,3.84,3.83,3.74,3.57,4.0,2012-02-17,-
2021-07-05,2654,万润科技,文化传媒,3.68,3.76,3.67,3.75,3.67,5073200,18926806.0,0.6638,1.626,2.44,否,0.84,-1.575,-2.089,-5.063,0.806,否,859433963,764264090,3222877361.25,2865990337.5,24.991651,1.50711,0.760727,3.73,3.81,3.84,3.83,3.75,3.57,4.0,2012-02-17,-
2021-07-06,2654,万润科技,文化传媒,3.77,3.77,3.7,3.75,3.7,5025400,18757543.0,0.6575,0.0,1.87,否,0.83,2.18,-2.089,-4.58,-0.794,否,859433963,764264090,3222877361.25,2865990337.5,24.991651,1.50711,0.760727,3.73,3.79,3.84,3.82,3.75,3.57,4.0,2012-02-17,-
2021-07-07,2654,万润科技,文化传媒,3.75,3.78,3.73,3.76,3.73,4485000,16850424.0,0.5868,0.267,1.33,否,0.78,1.897,0.267,-4.569,-1.312,否,859433963,764264090,3231471700.88,2873632978.4,25.058295,1.511129,0.762756,3.72,3.77,3.84,3.82,3.75,3.57,4.0,2012-02-17,-
2021-07-08,2654,万润科技,文化传媒,3.76,3.77,3.7,3.72,3.7,5287836,19701392.56,0.6919,-1.064,1.86,否,0.99,-0.8,-2.362,-3.377,-0.8,否,859433963,764264090,3197094342.36,2843062414.8,24.791717,1.495053,0.754641,3.73,3.76,3.83,3.82,3.75,3.57,3.99,2012-02-17,-
2021-07-09,2654,万润科技,文化传媒,3.7,3.78,3.7,3.78,3.7,4502900,16847116.0,0.5892,1.613,2.15,否,0.91,0.8,2.997,-1.305,-0.264,否,859433963,764264090,3248660380.14,2888918260.2,25.191584,1.519166,0.766813,3.75,3.75,3.82,3.82,3.75,3.57,3.99,2012-02-17,-
2021-07-12,2654,万润科技,文化传媒,3.8,3.9,3.77,3.84,3.77,7414566,28479649.12,0.9702,1.587,3.44,否,1.52,2.128,4.065,0.261,2.4,否,859433963,764264090,3300226417.92,2934774105.6,25.59145,1.54328,0.778985,3.77,3.75,3.82,3.82,3.75,3.57,3.99,2012-02-17,-
2021-07-13,2654,万润科技,文化传媒,3.85,3.86,3.79,3.85,3.79,5746300,22040297.0,0.7519,0.26,1.82,否,1.08,3.495,2.667,2.667,1.852,否,859433963,764264090,3308820757.55,2942416746.5,25.658095,1.547299,0.781013,3.79,3.76,3.82,3.82,3.75,3.58,3.99,2012-02-17,-
2021-07-14,2654,万润科技,文化传媒,3.85,3.88,3.83,3.86,3.83,5299700,20378421.0,0.6934,0.26,1.3,否,0.97,2.116,2.933,1.312,0.521,否,859433963,764264090,3317415097.18,2950059387.4,25.724739,1.551318,0.783042,3.81,3.77,3.82,3.82,3.75,3.58,3.98,2012-02-17,-
2021-07-15,2654,万润科技,文化传媒,3.85,3.85,3.77,3.8,3.77,5260704,19975624.2,0.6883,-1.554,2.07,否,0.93,-1.042,1.064,3.542,-1.299,否,859433963,764264090,3265849059.4,2904203542.0,25.324873,1.527204,0.77087,3.83,3.78,3.82,3.82,3.75,3.59,3.98,2012-02-17,-
2021-07-16,2654,万润科技,文化传媒,3.79,3.84,3.78,3.79,3.78,4333861,16478101.25,0.5671,-0.263,1.58,否,0.77,-1.558,1.882,2.71,-2.821,否,859433963,764264090,3257254719.77,2896560901.1,25.258228,1.523185,0.768842,3.83,3.79,3.81,3.82,3.75,3.59,3.98,2012-02-17,-
2021-07-19,2654,万润科技,文化传媒,3.79,3.8,3.68,3.71,3.68,6880400,25539464.0,0.9003,-2.111,3.17,否,1.23,-3.886,-1.852,-1.067,-3.133,否,859433963,764264090,3188500002.73,2835419773.9,24.725073,1.491034,0.752613,3.8,3.79,3.8,3.82,3.75,3.6,3.97,2012-02-17,-
2021-07-20,2654,万润科技,文化传媒,3.69,3.78,3.67,3.76,3.67,4747900,17694436.0,0.6212,1.348,2.96,否,0.86,-1.053,-2.083,0.267,-3.59,否,859433963,764264090,3231471700.88,2873632978.4,25.058295,1.511129,0.762756,3.78,3.79,3.79,3.82,3.76,3.6,3.97,2012-02-17,-
2021-07-21,2654,万润科技,文化传媒,3.79,3.89,3.78,3.89,3.78,12841307,49541195.81,1.6802,3.457,2.93,否,2.42,2.639,1.039,3.457,-0.765,否,859433963,764264090,3343198116.07,2972987310.1,25.924672,1.563375,0.789128,3.79,3.8,3.78,3.82,3.76,3.6,3.96,2012-02-17,-
2021-07-22,2654,万润科技,文化传媒,3.91,3.98,3.85,3.92,3.85,16662604,65207853.44,2.1802,0.771,3.34,否,2.45,5.66,1.554,5.376,1.292,否,859433963,764264090,3368981134.96,2995915232.8,26.124605,1.575432,0.795214,3.81,3.82,3.79,3.83,3.76,3.61,3.96,2012-02-17,-
2021-07-23,2654,万润科技,文化传媒,3.92,3.98,3.86,3.92,3.86,12732904,49790590.72,1.666,0.0,3.06,否,1.4,4.255,3.158,3.704,-0.759,否,859433963,764264090,3368981134.96,2995915232.8,26.124605,1.575432,0.795214,3.84,3.83,3.79,3.83,3.77,3.61,3.96,2012-02-17,-
2021-07-26,2654,万润科技,文化传媒,3.97,4.26,3.95,4.04,3.95,28855407,116758516.5,3.7756,3.061,7.91,否,2.68,3.856,6.596,5.208,2.278,否,859433963,764264090,3472113210.52,3087626923.6,26.924338,1.623659,0.819557,3.91,3.85,3.8,3.83,3.78,3.62,3.96,2012-02-17,-
2021-07-27,2654,万润科技,文化传媒,4.0,4.1,3.91,3.98,3.91,19680050,78918453.0,2.575,-1.485,4.7,否,1.3,1.531,7.278,3.377,1.272,否,859433963,764264090,3420547172.74,3041771078.2,26.524472,1.599546,0.807385,3.95,3.87,3.81,3.84,3.78,3.62,3.96,2012-02-17,-
2021-07-28,2654,万润科技,文化传媒,4.0,4.06,3.77,3.89,3.77,16724478,65770613.64,2.1883,-2.261,7.29,否,0.92,-0.765,3.457,0.777,-1.269,否,859433963,764264090,3343198116.07,2972987310.1,25.924672,1.563375,0.789128,3.95,3.87,3.82,3.84,3.79,3.63,3.95,2012-02-17,-
2021-07-29,2654,万润科技,文化传媒,3.95,4.03,3.89,4.03,3.89,16575400,65932713.0,2.1688,3.599,3.6,否,0.88,-0.248,3.599,6.053,4.675,否,859433963,764264090,3463518870.89,3079984282.7,26.857694,1.61964,0.817528,3.97,3.89,3.84,3.84,3.8,3.64,3.95,2012-02-17,-
2021-07-30,2654,万润科技,文化传媒,4.0,4.12,3.98,4.11,3.98,19637500,79759462.0,2.5695,1.985,3.47,否,1.04,3.266,4.847,8.443,7.311,否,859433963,764264090,3532273587.93,3141125409.9,27.390849,1.651792,0.833757,4.01,3.93,3.86,3.85,3.81,3.64,3.95,2012-02-17,-
2021-08-02,2654,万润科技,文化传媒,4.09,4.12,4.04,4.1,4.04,14974664,61058978.32,1.9594,-0.243,1.95,否,0.74,5.398,4.592,10.512,7.05,否,859433963,764264090,3523679248.3,3133482769.0,27.324205,1.647773,0.831728,4.02,3.96,3.88,3.85,3.82,3.65,3.95,2012-02-17,-
2021-08-03,2654,万润科技,文化传媒,4.1,4.11,3.98,4.0,3.98,14538700,58734098.0,1.9023,-2.439,3.17,否,0.83,-0.744,-0.99,6.383,6.667,否,859433963,764264090,3437735852.0,3057056360.0,26.657761,1.607584,0.811442,4.03,3.99,3.89,3.85,3.82,3.66,3.95,2012-02-17,-
2021-08-04,2654,万润科技,文化传媒,4.0,4.07,3.99,4.01,3.99,11232579,45196654.79,1.4697,0.25,2.0,否,0.68,-2.433,0.754,3.085,5.249,否,859433963,764264090,3446330191.63,3064699000.9,26.724405,1.611602,0.813471,4.05,4.0,3.9,3.86,3.83,3.66,3.95,2012-02-17,-
2021-08-05,2654,万润科技,文化传媒,3.99,4.0,3.92,3.95,3.92,10237832,40525288.4,1.3396,-1.496,2.0,否,0.67,-3.659,1.542,0.765,7.629,否,859433963,764264090,3394764153.85,3018843155.5,26.324539,1.587489,0.801299,4.03,4.0,3.91,3.86,3.84,3.67,3.95,2012-02-17,-
2021-08-06,2654,万润科技,文化传媒,3.94,4.04,3.92,4.04,3.92,9584564,38262690.56,1.2541,2.279,3.04,否,0.68,1.0,0.248,3.061,9.485,否,859433963,764264090,3472113210.52,3087626923.6,26.924338,1.623659,0.819557,4.02,4.02,3.92,3.87,3.84,3.68,3.95,2012-02-17,-
2021-08-09,2654,万润科技,文化传媒,4.03,4.06,3.98,4.01,3.98,6863103,27529139.15,0.898,-0.743,1.98,否,0.57,0.0,-2.433,-0.743,6.933,否,859433963,764264090,3446330191.63,3064699000.9,26.724405,1.611602,0.813471,4.0,4.01,3.93,3.87,3.85,3.68,3.95,2012-02-17,-
2021-08-10,2654,万润科技,文化传媒,4.03,4.07,3.98,4.07,3.98,9904000,39985215.0,1.2959,1.496,2.24,否,0.94,3.038,-0.732,2.261,8.533,否,859433963,764264090,3497896229.41,3110554846.3,27.124271,1.635716,0.825643,4.02,4.02,3.94,3.88,3.85,3.69,3.95,2012-02-17,-
2021-08-11,2654,万润科技,文化传媒,4.07,4.09,4.02,4.06,4.02,9034300,36570814.0,1.1821,-0.246,1.72,否,0.94,0.495,1.5,4.37,7.979,否,859433963,764264090,3489301889.78,3102912205.4,27.057627,1.631697,0.823614,4.03,4.04,3.95,3.89,3.86,3.7,3.94,2012-02-17,-
2021-08-12,2654,万润科技,文化传媒,4.06,4.09,4.02,4.06,4.02,8681300,35189745.0,1.1359,0.0,1.72,否,0.95,1.247,1.247,0.744,9.14,否,859433963,764264090,3489301889.78,3102912205.4,27.057627,1.631697,0.823614,4.05,4.04,3.97,3.9,3.87,3.71,3.94,2012-02-17,-
2021-08-13,2654,万润科技,文化传媒,4.05,4.05,3.99,4.02,3.99,10016300,40183611.0,1.3106,-0.985,1.48,否,1.14,-1.229,1.772,-2.19,6.349,否,859433963,764264090,3454924531.26,3072341641.8,26.791049,1.615621,0.8155,4.04,4.03,3.98,3.92,3.87,3.71,3.94,2012-02-17,-
2021-08-16,2654,万润科技,文化传媒,4.02,4.08,4.0,4.06,4.0,8962118,36237782.72,1.1726,0.995,1.99,否,1.01,0.0,0.495,-0.976,5.729,否,859433963,764264090,3489301889.78,3102912205.4,27.057627,1.631697,0.823614,4.05,4.03,4.0,3.93,3.88,3.72,3.94,2012-02-17,-
2021-08-17,2654,万润科技,文化传媒,4.08,4.08,3.9,3.91,3.9,13271700,52679525.0,1.7365,-3.695,4.43,否,1.42,-3.695,-2.494,-2.25,1.558,否,859433963,764264090,3360386795.33,2988272591.9,26.057961,1.571413,0.793185,4.02,4.02,4.0,3.93,3.88,3.72,3.94,2012-02-17,-
2021-08-18,2654,万润科技,文化传媒,3.9,3.93,3.86,3.92,3.86,7142906,27890636.4,0.9346,0.256,1.79,否,0.71,-2.488,-3.686,-2.244,1.554,否,859433963,764264090,3368981134.96,2995915232.8,26.124605,1.575432,0.795214,3.99,4.01,4.01,3.94,3.88,3.73,3.94,2012-02-17,-
2021-08-19,2654,万润科技,文化传媒,3.92,3.95,3.89,3.92,3.89,5260900,20634017.0,0.6884,0.0,1.53,否,0.55,-3.448,-3.448,-0.759,3.158,否,859433963,764264090,3368981134.96,2995915232.8,26.124605,1.575432,0.795214,3.97,4.01,4.01,3.94,3.88,3.73,3.93,2012-02-17,-
2021-08-20,2654,万润科技,文化传媒,3.9,3.93,3.83,3.91,3.83,6340000,24589447.0,0.8296,-0.255,2.55,否,0.71,0.0,-3.695,-3.218,3.166,否,859433963,764264090,3360386795.33,2988272591.9,26.057961,1.571413,0.793185,3.94,3.99,4.0,3.95,3.88,3.73,3.93,2012-02-17,-
2021-08-23,2654,万润科技,文化传媒,3.93,4.03,3.92,4.03,3.92,9884448,39510204.0,1.2933,3.069,2.81,否,1.21,2.806,0.249,0.499,8.625,否,859433963,764264090,3463518870.89,3079984282.7,26.857694,1.61964,0.817528,3.94,4.0,4.0,3.95,3.89,3.74,3.93,2012-02-17,-
2021-08-24,2654,万润科技,文化传媒,4.0,4.02,3.96,3.98,3.96,8428748,33591225.56,1.1029,-1.241,1.49,否,1.01,1.531,-1.97,-2.211,5.851,否,859433963,764264090,3420547172.74,3041771078.2,31.704023,1.627736,0.820662,3.95,3.99,4.0,3.96,3.89,3.74,3.93,2012-02-17,-
2021-08-25,2654,万润科技,文化传媒,3.97,4.0,3.92,3.94,3.92,11678800,46072244.0,1.5281,-1.005,2.01,否,1.58,0.767,0.767,-2.956,1.285,否,859433963,764264090,3386169814.22,3011200514.6,31.385389,1.611377,0.812414,3.96,3.98,4.01,3.96,3.89,3.75,3.93,2012-02-17,-
2021-08-26,2654,万润科技,文化传媒,3.94,3.96,3.87,3.88,3.87,9738600,38138944.0,1.2742,-1.523,2.28,否,1.17,-3.722,-1.02,-4.433,-1.02,否,859433963,764264090,3334603776.44,2965344669.2,30.907439,1.586838,0.800042,3.95,3.96,4.0,3.96,3.89,3.75,3.92,2012-02-17,-
2021-08-27,2654,万润科技,文化传媒,3.88,3.88,3.77,3.82,3.77,10206000,38891345.0,1.3354,-1.546,2.84,否,1.11,-4.02,-2.551,-4.975,-2.551,否,859433963,764264090,3283037738.66,2919488823.8,30.429489,1.5623,0.78767,3.93,3.94,3.98,3.96,3.89,3.76,3.92,2012-02-17,-
2021-08-30,2654,万润科技,文化传媒,3.82,3.87,3.79,3.82,3.79,7203703,27592843.4,0.9426,0.0,2.09,否,0.72,-3.046,-2.302,-5.911,-5.446,否,859433963,764264090,3283037738.66,2919488823.8,30.429489,1.5623,0.78767,3.89,3.91,3.97,3.97,3.9,3.76,3.92,2012-02-17,-
2021-08-31,2654,万润科技,文化传媒,3.82,3.83,3.76,3.8,3.76,7042203,26664137.4,0.9214,-0.524,1.83,否,0.75,-2.062,-5.707,-2.813,-4.523,否,859433963,764264090,3265849059.4,2904203542.0,30.270172,1.55412,0.783547,3.85,3.9,3.96,3.97,3.9,3.76,3.91,2012-02-17,-
2021-09-01,2654,万润科技,文化传媒,3.81,3.88,3.75,3.8,3.75,9373900,35669421.0,1.2265,0.0,3.42,否,1.02,-0.524,-4.523,-3.061,-2.314,否,859433963,764264090,3265849059.4,2904203542.0,30.270172,1.55412,0.783547,3.82,3.89,3.95,3.97,3.9,3.76,3.91,2012-02-17,-
2021-09-02,2654,万润科技,文化传媒,3.79,3.83,3.76,3.82,3.76,8133662,30809382.49,1.0642,0.526,1.84,否,0.93,0.0,-3.046,-2.551,-5.211,否,859433963,764264090,3283037738.66,2919488823.8,30.429489,1.5623,0.78767,3.81,3.88,3.94,3.96,3.9,3.77,3.91,2012-02-17,-
2021-09-03,2654,万润科技,文化传媒,3.83,3.89,3.82,3.86,3.82,9589904,36938425.38,1.2548,1.047,1.83,否,1.14,1.579,-0.515,-1.279,-6.083,否,859433963,764264090,3317415097.18,2950059387.4,30.748123,1.578659,0.795918,3.82,3.88,3.93,3.96,3.89,3.77,3.91,2012-02-17,-
2021-09-06,2654,万润科技,文化传媒,3.84,3.89,3.84,3.89,3.84,7784300,30161230.0,1.0185,0.777,1.3,否,0.94,2.368,1.832,-3.474,-5.122,否,859433963,764264090,3343198116.07,2972987310.1,30.987098,1.590928,0.802104,3.83,3.86,3.93,3.96,3.9,3.78,3.9,2012-02-17,-
2021-09-07,2654,万润科技,文化传媒,3.88,3.91,3.86,3.9,3.86,8429000,32732722.0,1.1029,0.257,1.29,否,1.01,2.094,2.094,-2.01,-2.5,否,859433963,764264090,3351792455.7,2980629951.0,31.066756,1.595018,0.804166,3.85,3.85,3.92,3.95,3.9,3.78,3.9,2012-02-17,-
2021-09-08,2654,万润科技,文化传媒,3.9,4.01,3.88,4.0,3.88,15347669,60935374.76,2.0082,2.564,3.33,否,1.77,3.627,5.263,1.523,-0.249,否,859433963,764264090,3437735852.0,3057056360.0,31.863339,1.635916,0.824786,3.89,3.86,3.92,3.96,3.9,3.78,3.9,2012-02-17,-
2021-09-09,2654,万润科技,文化传媒,3.99,4.07,3.96,4.03,3.96,18250664,73540508.5,2.388,0.75,2.75,否,1.85,3.599,6.053,3.866,2.025,否,859433963,764264090,3463518870.89,3079984282.7,32.102314,1.648185,0.830972,3.94,3.87,3.92,3.96,3.9,3.79,3.89,2012-02-17,-
2021-09-10,2654,万润科技,文化传媒,4.04,4.06,3.98,4.01,3.98,12332900,49604564.0,1.6137,-0.496,1.99,否,1.04,2.821,4.974,4.974,-0.743,否,859433963,764264090,3446330191.63,3064699000.9,31.942998,1.640006,0.826848,3.97,3.89,3.92,3.95,3.9,3.79,3.89,2012-02-17,-
2021-09-13,2654,万润科技,文化传媒,4.02,4.05,3.98,4.04,3.98,11487358,46269992.16,1.5031,0.748,1.75,否,0.92,1.0,4.663,5.759,0.748,否,859433963,764264090,3472113210.52,3087626923.6,32.181973,1.652275,0.833034,4.0,3.92,3.91,3.95,3.9,3.8,3.89,2012-02-17,-
2021-09-14,2654,万润科技,文化传媒,4.04,4.07,3.98,4.02,3.98,10701003,43063416.99,1.4002,-0.495,2.23,否,0.81,-0.248,3.342,5.789,-1.229,否,859433963,764264090,3454924531.26,3072341641.8,32.022656,1.644095,0.82891,4.02,3.94,3.92,3.95,3.9,3.8,3.89,2012-02-17,-
2021-09-15,2654,万润科技,文化传媒,4.0,4.02,3.97,4.0,3.97,10066814,40225041.86,1.3172,-0.498,1.24,否,0.74,-0.249,2.564,5.263,-1.478,否,859433963,764264090,3437735852.0,3057056360.0,31.863339,1.635916,0.824786,4.02,3.96,3.92,3.95,3.9,3.81,3.88,2012-02-17,-
2021-09-16,2654,万润科技,文化传媒,4.01,4.07,3.93,3.94,3.93,11736523,47082456.15,1.5357,-1.5,3.5,否,0.93,-2.475,-1.5,3.141,-2.956,否,859433963,764264090,3386169814.22,3011200514.6,31.385389,1.611377,0.812414,4.0,3.97,3.92,3.95,3.91,3.81,3.88,2012-02-17,-
2021-09-17,2654,万润科技,文化传媒,3.95,3.96,3.79,3.86,3.79,10541500,40651606.0,1.3793,-2.031,4.31,否,0.94,-3.98,-4.218,0.0,-3.98,否,859433963,764264090,3317415097.18,2950059387.4,30.748123,1.578659,0.795918,3.97,3.97,3.92,3.95,3.91,3.81,3.87,2012-02-17,-
2021-09-22,2654,万润科技,文化传媒,3.85,3.88,3.81,3.86,3.81,5853100,22509098.0,0.7658,0.0,1.81,否,0.54,-3.5,-3.741,-0.771,-4.926,否,859433963,764264090,3317415097.18,2950059387.4,30.748123,1.578659,0.795918,3.94,3.97,3.91,3.94,3.91,3.81,3.87,2012-02-17,-
2021-09-23,2654,万润科技,文化传媒,3.86,3.93,3.86,3.9,3.86,6627300,25850250.0,0.8671,1.036,1.81,否,0.68,-1.015,-3.465,0.0,-0.256,否,859433963,764264090,3351792455.7,2980629951.0,31.066756,1.595018,0.804166,3.91,3.97,3.91,3.94,3.91,3.82,3.87,2012-02-17,-
2021-09-24,2654,万润科技,文化传媒,3.91,3.92,3.79,3.8,3.79,7992400,30682887.0,1.0458,-2.564,3.33,否,0.89,-1.554,-5.473,-5.0,-3.061,否,859433963,764264090,3265849059.4,2904203542.0,30.270172,1.55412,0.783547,3.87,3.95,3.9,3.93,3.91,3.82,3.87,2012-02-17,-
2021-09-27,2654,万润科技,文化传媒,3.8,3.82,3.56,3.59,3.56,13421900,49202957.0,1.7562,-5.526,6.84,否,1.57,-6.995,-10.25,-10.918,-8.418,否,859433963,764264090,3085367927.17,2743708083.1,28.597347,1.468235,0.740245,3.8,3.9,3.89,3.91,3.91,3.82,3.86,2012-02-17,-
2021-09-28,2654,万润科技,文化传媒,3.6,3.65,3.57,3.61,3.57,5742848,20681146.28,0.7514,0.557,2.23,否,0.65,-7.436,-8.376,-9.975,-7.673,否,859433963,764264090,3102556606.43,2758993364.9,28.756664,1.476414,0.744369,3.75,3.86,3.88,3.9,3.91,3.82,3.86,2012-02-17,-
2021-09-29,2654,万润科技,文化传媒,3.58,3.62,3.49,3.5,3.49,6275164,22254463.81,0.8211,-3.047,3.6,否,0.79,-7.895,-9.326,-13.366,-13.151,否,859433963,764264090,3008018870.5,2674924315.0,27.880422,1.431426,0.721688,3.68,3.81,3.86,3.88,3.9,3.82,3.85,2012-02-17,-
2021-09-30,2654,万润科技,文化传媒,3.51,3.61,3.51,3.58,3.51,3922200,13946920.0,0.5132,2.286,2.86,否,0.49,-0.279,-7.254,-10.945,-10.05,否,859433963,764264090,3076773587.54,2736065442.2,28.517689,1.464145,0.738183,3.62,3.76,3.85,3.87,3.9,3.82,3.85,2012-02-17,-
2021-10-08,2654,万润科技,文化传媒,3.61,3.7,3.6,3.7,3.6,5351900,19593125.0,0.7003,3.352,2.79,否,0.72,2.493,-5.128,-7.5,-6.091,否,859433963,764264090,3179905663.1,2827777133.0,29.473589,1.513222,0.762927,3.6,3.73,3.85,3.86,3.9,3.83,3.84,2012-02-17,-
2021-10-11,2654,万润科技,文化传媒,3.7,3.74,3.67,3.7,3.67,4089688,15160507.24,0.5351,0.0,1.89,否,0.59,5.714,-2.632,-6.091,-4.639,否,859433963,764264090,3179905663.1,2827777133.0,29.473589,1.513222,0.762927,3.62,3.71,3.84,3.85,3.9,3.83,3.84,2012-02-17,-
2021-10-12,2654,万润科技,文化传媒,3.68,3.71,3.59,3.63,3.59,4851500,17669455.0,0.6348,-1.892,3.24,否,0.96,1.397,1.114,-5.959,-4.974,否,859433963,764264090,3119745285.69,2774278646.7,28.91598,1.484594,0.748493,3.62,3.69,3.83,3.84,3.9,3.82,3.83,2012-02-17,-
2021-10-13,2654,万润科技,文化传媒,3.62,3.66,3.57,3.62,3.57,3661200,13214263.0,0.479,-0.276,2.48,否,0.75,-2.162,0.277,-6.218,-5.236,否,859433963,764264090,3111150946.06,2766636005.8,28.836322,1.480504,0.746431,3.65,3.66,3.81,3.83,3.89,3.82,3.83,2012-02-17,-
2021-10-14,2654,万润科技,文化传媒,3.63,3.69,3.55,3.65,3.55,4202700,15228444.0,0.5499,0.829,3.87,否,0.96,-1.351,4.286,-6.41,-3.947,否,859433963,764264090,3136933964.95,2789563928.5,29.075297,1.492773,0.752617,3.66,3.64,3.8,3.82,3.89,3.82,3.83,2012-02-17,-
2021-10-15,2654,万润科技,文化传媒,3.65,3.65,3.61,3.61,3.61,2812400,10208876.0,0.368,-1.096,1.1,否,0.63,-0.551,0.838,-5.0,-5.0,否,859433963,764264090,3102556606.43,2758993364.9,28.756664,1.476414,0.744369,3.64,3.62,3.78,3.81,3.88,3.82,3.82,2012-02-17,-
2021-10-18,2654,万润科技,文化传媒,3.62,3.7,3.57,3.68,3.57,4223191,15381760.72,0.5526,1.939,3.6,否,1.08,1.657,-0.541,2.507,-3.665,否,859433963,764264090,3162716983.84,2812491851.2,29.314272,1.505043,0.758803,3.64,3.63,3.77,3.8,3.88,3.82,3.82,2012-02-17,-
2021-10-19,2654,万润科技,文化传媒,3.68,3.69,3.64,3.66,3.64,3355200,12300245.0,0.439,-0.544,1.36,否,0.85,0.274,-1.081,1.385,-5.181,否,859433963,764264090,3145528304.58,2797206569.4,29.154956,1.496863,0.754679,3.64,3.63,3.75,3.8,3.88,3.82,3.82,2012-02-17,-
2021-10-20,2654,万润科技,文化传媒,3.67,3.68,3.62,3.62,3.62,3164500,11547294.0,0.4141,-1.093,1.64,否,0.87,0.277,-0.275,3.429,-6.941,否,859433963,764264090,3111150946.06,2766636005.8,28.836322,1.480504,0.746431,3.64,3.65,3.73,3.79,3.88,3.82,3.81,2012-02-17,-
2021-10-21,2654,万润科技,文化传媒,3.62,3.64,3.52,3.53,3.52,7190161,25550958.72,0.9408,-2.486,3.31,否,2.02,-4.076,-2.486,-1.397,-9.487,否,859433963,764264090,3033801889.39,2697852237.7,28.119397,1.443696,0.727873,3.62,3.64,3.7,3.78,3.88,3.82,3.81,2012-02-17,-
2021-10-22,2654,万润科技,文化传媒,3.53,3.55,3.48,3.51,3.48,6089900,21390368.0,0.7968,-0.567,1.98,否,1.47,-4.098,-3.836,-5.135,-12.25,否,859433963,764264090,3016613210.13,2682566955.9,27.96008,1.435516,0.72375,3.6,3.62,3.68,3.77,3.87,3.81,3.8,2012-02-17,-
2021-10-25,2654,万润科技,文化传媒,3.51,3.58,3.49,3.55,3.49,4220300,14898276.0,0.5522,1.14,2.56,否,0.88,-1.934,-1.662,-4.054,-11.911,否,859433963,764264090,3050990568.65,2713137519.5,28.278714,1.451875,0.731997,3.57,3.61,3.66,3.76,3.86,3.81,3.8,2012-02-17,-
2021-10-26,2654,万润科技,文化传媒,3.54,3.55,3.45,3.46,3.45,6559600,22865053.0,0.8583,-2.535,2.82,否,1.37,-1.983,-5.978,-4.683,-13.716,否,859433963,764264090,2973641511.98,2644353751.4,27.561789,1.415067,0.71344,3.53,3.59,3.64,3.75,3.85,3.81,3.8,2012-02-17,-
2021-10-27,2654,万润科技,文化传媒,3.45,3.45,3.27,3.32,3.27,9161460,30437719.43,1.1987,-4.046,5.2,否,1.68,-5.413,-9.29,-8.287,-17.822,否,859433963,764264090,2853320757.16,2537356778.8,37.212219,1.353635,0.644366,3.47,3.56,3.61,3.73,3.84,3.81,3.79,2012-02-17,-
2021-10-28,2654,万润科技,文化传媒,3.31,3.32,3.25,3.26,3.25,3511100,11500136.0,0.4594,-1.807,2.11,否,0.53,-8.169,-9.945,-10.685,-18.905,否,859433963,764264090,2801754719.38,2491500933.4,36.539709,1.329172,0.632721,3.42,3.52,3.58,3.71,3.83,3.81,3.79,2012-02-17,-
2021-10-29,2654,万润科技,文化传媒,3.27,3.39,3.26,3.39,3.26,4462703,14916914.11,0.5839,3.988,3.99,否,0.76,-2.023,-3.966,-6.094,-15.25,否,859433963,764264090,2913481134.57,2590855265.1,37.996814,1.382176,0.657952,3.4,3.5,3.56,3.69,3.82,3.81,3.78,2012-02-17,-
2021-11-01,2654,万润科技,文化传媒,3.39,3.42,3.34,3.38,3.34,4467300,15105785.0,0.5845,-0.295,2.36,否,0.8,1.807,-3.704,-8.152,-14.213,否,859433963,764264090,2904886794.94,2583212624.2,37.884729,1.378099,0.656011,3.36,3.47,3.55,3.67,3.81,3.81,3.78,2012-02-17,-
2021-11-02,2654,万润科技,文化传媒,3.38,3.4,3.27,3.31,3.27,4370713,14557421.79,0.5719,-2.071,3.85,否,0.78,1.534,-6.761,-9.563,-14.249,否,859433963,764264090,2844726417.53,2529714137.9,37.100134,1.349558,0.642425,3.33,3.43,3.53,3.64,3.8,3.8,3.77,2012-02-17,-
2021-11-03,2654,万润科技,文化传媒,3.31,3.37,3.3,3.35,3.3,3789074,12661502.1,0.4958,1.209,2.11,否,0.73,-1.18,-3.179,-7.459,-13.212,否,859433963,764264090,2879103776.05,2560284701.5,37.548474,1.365867,0.650189,3.34,3.41,3.53,3.62,3.79,3.8,3.77,2012-02-17,-
2021-11-04,2654,万润科技,文化传媒,3.37,3.39,3.33,3.39,3.33,3391056,11418454.72,0.4437,1.194,1.79,否,0.82,0.296,2.108,-3.966,-13.077,否,859433963,764264090,2913481134.57,2590855265.1,37.996814,1.382176,0.657952,3.36,3.39,3.52,3.6,3.78,3.8,3.76,2012-02-17,-
2021-11-05,2654,万润科技,文化传媒,3.38,3.46,3.36,3.45,3.36,6515100,22333294.0,0.8525,1.77,2.95,否,1.59,4.23,5.828,-1.709,-9.211,否,859433963,764264090,2965047172.35,2636711110.5,38.669324,1.406639,0.669597,3.38,3.39,3.5,3.58,3.77,3.8,3.76,2012-02-17,-
2021-11-08,2654,万润科技,文化传媒,3.46,3.49,3.42,3.48,3.42,3658418,12659607.28,0.4787,0.87,2.03,否,0.81,3.881,2.655,-1.972,-3.064,否,859433963,764264090,2990830191.24,2659639033.2,39.005579,1.418871,0.67542,3.4,3.38,3.49,3.57,3.76,3.8,3.75,2012-02-17,-
2021-11-09,2654,万润科技,文化传媒,3.48,3.5,3.44,3.46,3.44,2881482,9986973.9,0.377,-0.575,1.72,否,0.66,2.065,2.367,0.0,-4.155,否,859433963,764264090,2973641511.98,2644353751.4,38.781409,1.410716,0.671538,3.43,3.38,3.48,3.55,3.75,3.8,3.75,2012-02-17,-
2021-11-10,2654,万润科技,文化传媒,3.46,3.52,3.43,3.49,3.43,4509700,15655143.0,0.5901,0.867,2.6,否,1.11,1.159,5.438,5.12,-0.286,否,859433963,764264090,2999424530.87,2667281674.1,39.117664,1.422948,0.677361,3.45,3.4,3.48,3.54,3.74,3.79,3.75,2012-02-17,-
2021-11-11,2654,万润科技,文化传媒,3.46,3.56,3.46,3.53,3.46,4853823,17127929.19,0.6351,1.146,2.87,否,1.16,1.437,5.373,8.282,-1.397,否,859433963,764264090,3033801889.39,2697852237.7,39.566004,1.439257,0.685124,3.48,3.42,3.47,3.53,3.73,3.79,3.74,2012-02-17,-
2021-11-12,2654,万润科技,文化传媒,3.54,3.58,3.52,3.57,3.52,3805400,13519356.0,0.4979,1.133,1.7,否,0.85,3.179,5.31,5.31,-3.514,否,859433963,764264090,3068179247.91,2728422801.3,40.014344,1.455566,0.692888,3.51,3.44,3.47,3.52,3.72,3.79,3.74,2012-02-17,-
2021-11-15,2654,万润科技,文化传媒,3.6,3.62,3.54,3.59,3.54,4623223,16560264.34,0.6049,0.56,2.24,否,1.17,2.865,4.058,6.213,-2.973,否,859433963,764264090,3085367927.17,2743708083.1,40.238514,1.46372,0.696769,3.53,3.46,3.47,3.52,3.72,3.79,3.74,2012-02-17,-
2021-11-16,2654,万润科技,文化传媒,3.6,3.65,3.55,3.56,3.55,5553863,19938849.01,0.7267,-0.836,2.79,否,1.34,0.85,2.299,7.553,-1.928,否,859433963,764264090,3059584908.28,2720780160.4,39.902259,1.451489,0.690947,3.55,3.49,3.46,3.52,3.71,3.79,3.73,2012-02-17,-
2021-11-17,2654,万润科技,文化传媒,3.57,3.67,3.53,3.64,3.53,5322839,19269355.53,0.6965,2.247,3.93,否,1.14,1.961,5.202,8.657,0.552,否,859433963,764264090,3128339625.32,2781921287.6,40.798939,1.484106,0.706474,3.58,3.52,3.46,3.52,3.7,3.79,3.73,2012-02-17,-
2021-11-18,2654,万润科技,文化传媒,3.64,3.65,3.59,3.59,3.59,3882000,14074095.0,0.5079,-1.374,1.65,否,0.8,0.0,2.865,5.9,-1.644,否,859433963,764264090,3085367927.17,2743708083.1,40.238514,1.46372,0.696769,3.59,3.54,3.46,3.52,3.7,3.79,3.73,2012-02-17,-
2021-11-19,2654,万润科技,文化传媒,3.56,3.65,3.56,3.64,3.56,4025148,14558478.72,0.5267,1.393,2.51,否,0.87,2.247,3.116,5.507,0.831,否,859433963,764264090,3128339625.32,2781921287.6,40.798939,1.484106,0.706474,3.6,3.56,3.47,3.52,3.69,3.78,3.73,2012-02-17,-
2021-11-22,2654,万润科技,文化传媒,3.63,3.66,3.61,3.63,3.61,3189203,11576188.89,0.4173,-0.275,1.37,否,0.68,-0.275,1.681,4.31,-1.359,否,859433963,764264090,3119745285.69,2774278646.7,40.686854,1.480029,0.704533,3.61,3.57,3.47,3.52,3.69,3.78,3.72,2012-02-17,-
2021-11-23,2654,万润科技,文化传媒,3.63,3.65,3.58,3.6,3.58,4591400,16545543.0,0.6008,-0.826,1.93,否,1.04,0.279,0.279,4.046,-1.639,否,859433963,764264090,3093962266.8,2751350724.0,40.350599,1.467797,0.69871,3.62,3.58,3.48,3.52,3.68,3.78,3.72,2012-02-17,-
2021-11-24,2654,万润科技,文化传媒,3.6,3.63,3.56,3.6,3.56,4866150,17487065.5,0.6367,0.0,1.94,否,1.16,-1.099,1.124,3.152,-0.552,否,859433963,764264090,3093962266.8,2751350724.0,40.350599,1.467797,0.69871,3.61,3.6,3.5,3.52,3.67,3.78,3.72,2012-02-17,-
2021-11-25,2654,万润科技,文化传媒,3.64,3.64,3.58,3.59,3.58,3725742,13444104.14,0.4875,-0.278,1.67,否,0.91,-1.102,-1.374,1.7,1.7,否,859433963,764264090,3085367927.17,2743708083.1,40.238514,1.46372,0.696769,3.61,3.6,3.51,3.51,3.67,3.78,3.72,2012-02-17,-
2021-11-26,2654,万润科技,文化传媒,3.58,3.6,3.53,3.53,3.53,4497000,15980013.0,0.5884,-1.671,1.95,否,1.1,-1.944,-1.671,-1.12,0.57,否,859433963,764264090,3033801889.39,2697852237.7,39.566004,1.439257,0.685124,3.59,3.6,3.52,3.51,3.66,3.78,3.71,2012-02-17,-
2021-11-29,2654,万润科技,文化传媒,3.48,3.54,3.47,3.49,3.47,4169400,14608071.0,0.5455,-1.133,1.98,否,1.0,-3.056,-4.121,-2.786,-1.69,否,859433963,764264090,2999424530.87,2667281674.1,39.117664,1.422948,0.677361,3.56,3.59,3.52,3.51,3.65,3.77,3.71,2012-02-17,-
2021-11-30,2654,万润科技,文化传媒,3.53,3.59,3.49,3.56,3.49,4819171,17134608.26,0.6306,2.006,2.87,否,1.1,-0.836,-1.928,0.0,2.89,否,859433963,764264090,3059584908.28,2720780160.4,39.902259,1.451489,0.690947,3.55,3.59,3.54,3.5,3.65,3.77,3.71,2012-02-17,-
2021-12-01,2654,万润科技,文化传媒,3.54,3.66,3.54,3.65,3.54,5296200,19160924.0,0.693,2.528,3.37,否,1.2,3.399,1.389,0.275,9.94,否,859433963,764264090,3136933964.95,2789563928.5,40.911024,1.488183,0.708415,3.56,3.59,3.55,3.5,3.65,3.77,3.7,2012-02-17,-
2021-12-02,2654,万润科技,文化传媒,3.64,3.66,3.6,3.6,3.6,4176300,15163056.0,0.5464,-1.37,1.64,否,0.93,3.152,0.0,0.279,10.429,否,859433963,764282840,3093962266.8,2751418224.0,40.350599,1.467797,0.69871,3.57,3.59,3.56,3.51,3.64,3.77,3.7,2012-02-17,-
2021-12-03,2654,万润科技,文化传媒,3.59,3.63,3.59,3.61,3.59,4412521,15926942.6,0.5773,0.278,1.11,否,0.96,1.404,0.557,-0.824,6.49,否,855125963,764282840,3087004726.43,2759061052.4,40.25986,1.464497,0.697139,3.58,3.59,3.57,3.51,3.64,3.77,3.7,2012-02-17,-
2021-12-06,2654,万润科技,文化传媒,3.63,3.63,3.53,3.55,3.53,5629800,20138325.0,0.7366,-1.662,2.77,否,1.23,-2.74,0.567,-2.204,5.03,否,855125963,764282840,3035697168.65,2713204082.0,39.790174,1.447411,0.689006,3.59,3.58,3.57,3.51,3.64,3.77,3.7,2012-02-17,-
2021-12-07,2654,万润科技,文化传媒,3.58,3.59,3.51,3.54,3.51,3433800,12149121.0,0.4493,-0.282,2.25,否,0.71,-1.667,1.433,-1.667,6.949,否,855125963,764282840,3027145909.02,2705561253.6,39.479198,1.436099,0.683621,3.59,3.57,3.58,3.51,3.63,3.76,3.69,2012-02-17,-
2021-12-08,2654,万润科技,文化传媒,3.53,3.57,3.51,3.55,3.51,5302345,18775040.4,0.6938,0.283,1.69,否,1.16,-1.662,-0.281,-1.389,5.97,否,855125963,764282840,3035697168.65,2713204082.0,39.590721,1.440156,0.685552,3.57,3.57,3.58,3.52,3.62,3.76,3.69,2012-02-17,-
2021-12-09,2654,万润科技,文化传媒,3.54,3.89,3.53,3.71,3.53,26391100,98502165.62,3.4531,4.507,10.14,否,5.75,4.507,1.644,3.343,9.44,否,855125963,764282840,3172517322.73,2835489336.4,41.375092,1.505064,0.71645,3.59,3.58,3.59,3.53,3.62,3.76,3.69,2012-02-17,-
2021-12-10,2654,万润科技,文化传媒,3.68,4.08,3.66,3.96,3.66,66944900,268357236.02,8.7592,6.739,11.32,否,7.41,11.864,10.0,12.181,14.783,否,855125963,764282840,3386298813.48,3026560046.4,44.163171,1.606484,0.764729,3.66,3.62,3.61,3.55,3.62,3.76,3.69,2012-02-17,-
2021-12-13,2654,万润科技,文化传媒,3.84,4.03,3.83,3.9,3.83,59757414,233174452.26,7.8188,-1.515,5.05,否,2.77,9.859,8.033,11.748,12.069,否,855125963,764282840,3334991255.7,2980703076.0,43.494032,1.582143,0.753142,3.73,3.66,3.63,3.57,3.62,3.76,3.69,2012-02-17,-
2021-12-14,2654,万润科技,文化传媒,3.87,3.94,3.85,3.88,3.85,21860900,85029321.0,2.8603,-0.513,2.31,否,0.68,4.582,9.296,8.989,12.139,否,855125963,764282840,3317888736.44,2965417419.2,43.270986,1.57403,0.74928,3.8,3.7,3.64,3.59,3.62,3.76,3.68,2012-02-17,-
2021-12-15,2654,万润科技,文化传媒,3.88,4.27,3.84,4.27,3.84,82351972,342661453.59,10.7751,10.052,11.08,否,2.28,7.828,20.621,16.986,22.35,是,855125963,764282840,3651387862.01,3263487726.8,47.620389,1.732244,0.824594,3.94,3.76,3.67,3.62,3.62,3.76,3.68,2012-02-17,-
2021-12-16,2654,万润科技,文化传媒,4.27,4.49,4.14,4.22,4.14,61910605,263342813.31,8.1005,-1.171,8.2,否,1.2,8.205,18.873,17.222,19.547,否,855125963,764282840,3608631563.86,3225273584.8,47.062773,1.71196,0.814938,4.05,3.82,3.7,3.65,3.62,3.76,3.68,2012-02-17,-
2021-12-17,2654,万润科技,文化传媒,4.17,4.22,4.05,4.11,4.05,37070100,152644101.0,4.8503,-2.607,4.03,否,0.63,5.928,10.782,13.85,15.126,否,855125963,764282840,3514567707.93,3141202472.4,45.836018,1.667336,0.793696,4.08,3.87,3.73,3.67,3.63,3.76,3.68,2012-02-17,-
2021-12-20,2654,万润科技,文化传媒,4.1,4.25,4.08,4.18,4.08,33160461,137782876.88,4.3388,1.703,4.14,否,0.63,-2.108,5.556,17.746,16.435,否,855125963,764282840,3574426525.34,3194702271.2,46.61668,1.695733,0.807214,4.13,3.93,3.76,3.69,3.63,3.77,3.68,2012-02-17,-
2021-12-21,2654,万润科技,文化传媒,4.19,4.19,4.07,4.16,4.07,20787330,85489604.9,2.7198,-0.479,2.87,否,0.44,-1.422,6.667,17.514,16.854,否,855125963,764282840,3557324006.08,3179416614.4,46.393634,1.687619,0.803351,4.19,3.99,3.78,3.72,3.63,3.77,3.68,2012-02-17,-
2021-12-22,2654,万润科技,文化传媒,4.15,4.18,4.09,4.12,4.09,16000691,65976734.92,2.0936,-0.962,2.16,否,0.34,0.243,6.186,16.056,13.187,否,855125963,764282840,3523118967.56,3148845300.8,45.947541,1.671392,0.795627,4.16,4.05,3.81,3.74,3.64,3.77,3.68,2012-02-17,-
2021-12-23,2654,万润科技,文化传媒,4.13,4.14,3.97,4.01,3.97,22412903,90086606.0,2.9325,-2.67,4.13,否,0.66,-4.067,-6.089,8.086,11.699,否,855125963,764282840,3429055111.63,3064774188.4,44.720787,1.626768,0.774384,4.12,4.08,3.83,3.75,3.64,3.77,3.68,2012-02-17,-
2021-12-24,2654,万润科技,文化传媒,4.02,4.12,3.98,4.0,3.98,19399300,78388907.0,2.5382,-0.249,3.49,否,0.75,-3.846,-5.213,1.01,9.89,否,855125963,764282840,3420503852.0,3057131360.0,44.609263,1.622711,0.772453,4.09,4.09,3.85,3.77,3.64,3.78,3.68,2012-02-17,-
2021-12-27,2654,万润科技,文化传媒,4.03,4.06,3.94,4.05,3.94,10923856,43876374.42,1.4293,1.25,3.0,否,0.49,-1.699,-1.46,3.846,11.57,否,855125963,764282840,3463260150.15,3095345502.0,45.166879,1.642995,0.782109,4.07,4.1,3.88,3.78,3.65,3.78,3.68,2012-02-17,-
2021-12-28,2654,万润科技,文化传媒,4.05,4.27,3.99,4.16,3.99,25527241,105872615.28,3.34,2.716,6.91,否,1.43,3.741,-0.478,7.216,15.556,否,855125963,764282840,3557324006.08,3179416614.4,46.393634,1.687619,0.803351,4.07,4.13,3.91,3.8,3.66,3.78,3.68,2012-02-17,-
2021-12-29,2654,万润科技,文化传媒,4.16,4.16,4.04,4.06,4.04,13725100,55902770.0,1.7958,-2.404,2.88,否,0.73,1.5,-2.404,-4.918,12.778,否,855125963,764282840,3471811409.78,3102988330.4,45.278402,1.647052,0.78404,4.06,4.11,3.93,3.82,3.67,3.79,3.68,2012-02-17,-
2021-12-30,2654,万润科技,文化传媒,4.06,4.19,4.04,4.16,4.04,18229563,75568008.67,2.3852,2.463,3.69,否,0.99,2.716,0.971,-1.422,15.877,否,855125963,764282840,3557324006.08,3179416614.4,46.393634,1.687619,0.803351,4.09,4.1,3.96,3.84,3.68,3.79,3.69,2012-02-17,-
2021-12-31,2654,万润科技,文化传媒,4.17,4.33,4.12,4.24,4.12,21462966,90837373.2,2.8082,1.923,5.05,否,1.22,1.923,5.736,3.163,20.113,否,855125963,764282840,3625734083.12,3240559241.6,47.285819,1.720074,0.8188,4.13,4.11,3.99,3.86,3.69,3.79,3.69,2012-02-17,-
2022-01-04,2654,万润科技,文化传媒,4.23,4.37,4.22,4.37,4.22,25249396,109109077.52,3.3037,3.066,3.54,否,1.4,7.635,9.25,4.545,25.215,否,855125963,764282840,3736900458.31,3339916010.8,48.73562,1.772812,0.843905,4.2,4.13,4.03,3.88,3.7,3.8,3.69,2012-02-17,-
2022-01-05,2654,万润科技,文化传媒,4.36,4.42,4.21,4.26,4.21,19685300,84278449.0,2.5757,-2.517,4.81,否,0.94,2.404,5.185,2.404,19.663,否,855125963,764282840,3642836602.38,3255844898.4,47.508866,1.728187,0.822663,4.22,4.14,4.07,3.9,3.71,3.8,3.69,2012-02-17,-
2022-01-06,2654,万润科技,文化传媒,4.24,4.32,4.19,4.26,4.19,14385060,61446455.6,1.8822,0.0,3.05,否,0.73,0.472,2.404,3.398,16.712,否,855125963,764282840,3642836602.38,3255844898.4,47.508866,1.728187,0.822663,4.26,4.16,4.1,3.93,3.72,3.81,3.69,2012-02-17,-
2022-01-07,2654,万润科技,文化传媒,4.25,4.36,4.13,4.15,4.13,15975486,67491091.94,2.0903,-2.582,5.4,否,0.81,-5.034,2.217,3.491,15.278,否,855125963,764282840,3548772746.45,3171773786.0,46.282111,1.683563,0.80142,4.26,4.17,4.13,3.94,3.73,3.81,3.69,2012-02-17,-
2022-01-10,2654,万润科技,文化传媒,4.12,4.57,4.1,4.57,4.1,42214298,185406274.57,5.5234,10.121,11.33,否,2.18,7.277,9.856,14.25,26.593,是,855125963,764282840,3907925650.91,3492772578.8,50.966083,1.853947,0.882528,4.32,4.23,4.16,3.98,3.75,3.81,3.7,2012-02-17,-
2022-01-11,2654,万润科技,文化传媒,4.6,4.67,4.38,4.43,4.38,43067349,192103479.64,5.635,-3.064,6.35,否,1.83,3.991,4.481,9.383,24.789,否,855125963,764282840,3788208016.09,3385772981.2,49.404759,1.797152,0.855492,4.33,4.27,4.18,4.01,3.76,3.82,3.7,2012-02-17,-
2022-01-12,2654,万润科技,文化传媒,4.43,4.45,4.35,4.4,4.35,17775003,78262865.69,2.3257,-0.677,2.26,否,0.66,6.024,0.686,5.769,24.294,否,855125963,764282840,3762554237.2,3362844496.0,49.07019,1.784982,0.849699,4.36,4.29,4.21,4.04,3.77,3.83,3.7,2012-02-17,-
2022-01-13,2654,万润科技,文化传媒,4.41,4.48,4.36,4.43,4.36,16745524,73804189.48,2.191,0.682,2.73,否,0.63,-3.063,3.991,9.113,24.789,否,855125963,764282840,3788208016.09,3385772981.2,49.404759,1.797152,0.855492,4.4,4.33,4.22,4.06,3.78,3.83,3.7,2012-02-17,-
2022-01-14,2654,万润科技,文化传媒,4.37,4.42,4.28,4.29,4.28,16116010,69908778.9,2.1086,-3.16,3.16,否,0.59,-3.16,0.704,3.125,15.633,否,855125963,764282840,3668490381.27,3278773383.6,47.843435,1.740358,0.828456,4.42,4.34,4.22,4.09,3.8,3.84,3.7,2012-02-17,-
2022-01-17,2654,万润科技,文化传媒,4.3,4.57,4.29,4.46,4.29,25399608,113463063.05,3.3233,3.963,6.53,否,0.93,1.364,7.47,5.189,12.626,否,855125963,764282840,3813861794.98,3408701466.4,49.739329,1.809323,0.861285,4.4,4.36,4.24,4.12,3.81,3.84,3.71,2012-02-17,-
2022-01-18,2654,万润科技,文化传媒,4.55,4.58,4.22,4.23,4.22,26194450,113106747.5,3.4273,-5.157,8.07,否,1.1,-4.515,-7.44,-3.204,8.462,否,855125963,764282840,3617182823.49,3232916413.2,47.174296,1.716017,0.816869,4.36,4.35,4.24,4.14,3.82,3.84,3.71,2012-02-17,-
2022-01-19,2654,万润科技,文化传媒,4.23,4.37,4.22,4.28,4.22,14198223,60824770.94,1.8577,1.182,3.55,否,0.69,-0.233,-3.386,0.469,10.309,否,855125963,764282840,3659939121.64,3271130555.2,47.731912,1.736301,0.826525,4.34,4.35,4.25,4.16,3.84,3.85,3.71,2012-02-17,-
2022-01-20,2654,万润科技,文化传媒,4.38,4.66,4.32,4.35,4.32,30810162,136466782.18,4.0313,1.636,7.94,否,1.56,-2.466,-1.136,2.113,1.874,否,855125963,764282840,3719797939.05,3324630354.0,48.512574,1.764698,0.840043,4.32,4.36,4.26,4.19,3.85,3.85,3.72,2012-02-17,-
2022-01-21,2654,万润科技,文化传媒,4.27,4.44,4.23,4.39,4.23,23309303,101163148.08,3.0498,0.92,4.83,否,1.03,3.783,-0.903,5.783,4.028,否,855125963,764282840,3754002977.57,3355201667.6,48.958667,1.780925,0.847767,4.34,4.38,4.28,4.21,3.87,3.85,3.72,2012-02-17,-
2022-01-24,2654,万润科技,文化传媒,4.35,4.36,4.13,4.2,4.13,21554591,90664555.94,2.8202,-4.328,5.24,否,0.9,-1.869,-2.098,-8.096,2.19,否,855125963,764282840,3591529044.6,3209987928.0,46.839727,1.703847,0.811076,4.29,4.35,4.29,4.22,3.89,3.85,3.73,2012-02-17,-
2022-01-25,2654,万润科技,文化传媒,4.18,4.62,4.16,4.62,4.16,87788201,403090766.52,11.4863,10.0,10.95,否,3.78,6.207,3.587,4.289,10.526,是,855125963,764282840,3950681949.06,3530986720.8,51.523699,1.874231,0.892183,4.37,4.37,4.32,4.24,3.91,3.86,3.73,2012-02-17,-
2022-01-26,2654,万润科技,文化传媒,4.68,5.08,4.63,5.08,4.63,74544889,362811000.36,9.7536,9.957,9.74,否,2.1,15.718,20.095,15.455,22.115,是,855125963,764282840,4344039892.04,3882556827.2,56.653765,2.060843,0.981016,4.53,4.43,4.36,4.28,3.94,3.87,3.74,2012-02-17,-
2022-01-27,2654,万润科技,文化传媒,4.81,4.85,4.57,4.57,4.57,22125100,103782538.65,2.8949,-10.039,5.51,否,0.46,8.81,6.776,3.16,10.922,否,855125963,764282840,3907925650.91,3492772578.8,50.966083,1.853947,0.882528,4.57,4.45,4.39,4.29,3.96,3.87,3.74,2012-02-17,-
2022-01-28,2654,万润科技,文化传媒,4.15,5.03,4.15,5.03,4.15,113002201,531596688.52,14.7854,10.066,19.26,否,2.46,8.874,15.632,17.249,25.436,是,855125963,764282840,4301283593.89,3844342685.2,56.096149,2.040559,0.97136,4.7,4.52,4.43,4.32,3.98,3.88,3.75,2012-02-17,-
2022-02-07,2654,万润科技,文化传媒,5.2,5.53,5.05,5.09,5.05,196131724,1065116404.23,25.6622,1.193,9.54,否,3.07,0.197,15.945,14.126,27.25,否,855125963,764282840,4352591151.67,3890199655.6,56.765288,2.0649,0.982947,4.88,4.58,4.47,4.35,4.01,3.89,3.76,2012-02-17,-
2022-02-08,2654,万润科技,文化传媒,4.58,4.77,4.58,4.58,4.58,112920956,517929802.78,14.7748,-10.02,3.73,否,1.14,0.219,9.048,8.274,13.086,否,855125963,764282840,3916476910.54,3500415407.2,51.077607,1.858004,0.884459,4.87,4.62,4.48,4.37,4.03,3.89,3.76,2012-02-17,-
2022-02-09,2654,万润科技,文化传媒,4.55,5.04,4.3,5.04,4.3,132066609,614556153.84,17.2798,10.044,16.16,否,1.27,0.199,9.091,17.757,21.154,是,855125963,764282840,4309834853.52,3851985513.6,56.207672,2.044616,0.973291,4.86,4.7,4.52,4.4,4.06,3.9,3.77,2012-02-17,-
2022-02-10,2654,万润科技,文化传媒,5.0,5.54,4.84,5.54,4.84,118484630,615027307.2,15.5027,9.921,13.89,否,1.03,8.841,9.055,27.356,36.453,是,855125963,764282840,4737397835.02,4234126933.6,61.78383,2.247455,1.069848,5.06,4.81,4.59,4.44,4.09,3.92,3.78,2012-02-17,-
2022-02-11,2654,万润科技,文化传媒,5.61,5.96,5.23,5.27,5.23,159993942,889838987.9,20.9339,-4.874,13.18,否,1.19,15.066,15.317,20.046,26.683,否,855125963,764282840,4506513825.01,4027770566.8,58.772705,2.137922,1.017707,5.1,4.9,4.64,4.49,4.12,3.93,3.78,2012-02-17,-
2022-02-14,2654,万润科技,文化传媒,5.27,5.8,5.12,5.8,5.12,129644228,717636766.8,16.9629,10.057,12.9,否,0.9,15.079,15.308,38.095,36.792,是,855125963,764282840,4959730585.4,4432840472.0,64.683432,2.352931,1.120057,5.25,5.06,4.7,4.55,4.16,3.94,3.79,2012-02-17,-
2022-02-15,2654,万润科技,文化传媒,5.62,6.21,5.4,5.65,5.4,135322584,777793190.87,17.7058,-2.586,13.97,否,1.04,1.986,11.002,22.294,29.291,否,855125963,764282840,4831461690.95,4318198046.0,63.010585,2.292079,1.09109,5.46,5.17,4.77,4.6,4.19,3.95,3.8,2012-02-17,-
2022-02-16,2654,万润科技,文化传媒,5.65,5.74,5.34,5.4,5.34,79719484,436526713.8,10.4306,-4.425,7.08,否,0.59,2.467,17.904,6.299,26.761,否,855125963,764282840,4617680200.2,4127127336.0,60.222506,2.19066,1.042812,5.53,5.2,4.82,4.64,4.22,3.96,3.81,2012-02-17,-
2022-02-17,2654,万润科技,文化传媒,5.3,5.43,5.05,5.06,5.05,79610801,413186057.56,10.4164,-6.296,7.04,否,0.64,-12.759,0.397,10.722,18.779,否,855125963,764282840,4326937372.78,3867271170.4,56.430718,2.052729,0.977153,5.44,5.25,4.85,4.67,4.25,3.97,3.82,2012-02-17,-
2022-02-18,2654,万润科技,文化传媒,5.0,5.25,4.95,5.15,4.95,58128444,297582616.28,7.6056,1.779,5.93,否,0.5,-8.85,-7.04,2.386,24.096,否,855125963,764282840,4403898709.45,3936056626.0,57.434427,2.08924,0.994533,5.41,5.26,4.89,4.71,4.27,3.98,3.83,2012-02-17,-
2022-02-21,2654,万润科技,文化传媒,5.2,5.46,5.11,5.36,5.11,67385106,359980001.34,8.8168,4.078,6.8,否,0.7,-0.741,1.708,5.305,17.287,否,855125963,764282840,4583475161.68,4096556022.4,59.776413,2.174433,1.035087,5.32,5.29,4.93,4.74,4.3,4.0,3.84,2012-02-17,-
2022-02-22,2654,万润科技,文化传媒,5.28,5.43,5.06,5.1,5.06,57143306,296340767.2,7.4767,-4.851,6.9,否,0.68,0.791,-12.069,11.354,15.124,否,855125963,764282840,4361142411.3,3897842484.0,56.876811,2.068957,0.984878,5.21,5.34,4.98,4.77,4.32,4.01,3.84,2012-02-17,-
2022-02-23,2654,万润科技,文化传媒,5.06,5.15,5.05,5.08,5.05,38233900,194608103.0,5.0026,-0.392,1.96,否,0.56,-1.359,-10.088,0.794,15.455,否,855125963,764282840,4344039892.04,3882556827.2,56.653765,2.060843,0.981016,5.15,5.34,5.02,4.8,4.35,4.01,3.85,2012-02-17,-
2022-02-24,2654,万润科技,文化传媒,5.0,5.09,4.62,4.71,4.62,59380162,288287575.76,7.7694,-7.284,9.25,否,0.99,-12.127,-12.778,-14.982,6.321,否,855125963,764282840,4027643285.73,3599772176.4,52.527408,1.910742,0.909564,5.08,5.26,5.04,4.81,4.37,4.02,3.86,2012-02-17,-
2022-02-25,2654,万润科技,文化传媒,4.77,4.86,4.64,4.71,4.64,34826800,164870539.0,4.5568,0.0,4.67,否,0.62,-7.647,-6.917,-10.626,9.79,否,855125963,764282840,4027643285.73,3599772176.4,52.527408,1.910742,0.909564,4.99,5.2,5.05,4.83,4.39,4.03,3.86,2012-02-17,-
2022-02-28,2654,万润科技,文化传媒,4.62,4.76,4.52,4.75,4.52,28212450,131313198.0,3.6914,0.849,5.1,否,0.55,-6.496,-7.767,-18.103,6.502,否,855125963,764282840,4061848324.25,3630343490.0,52.9735,1.926969,0.917288,4.87,5.1,5.08,4.84,4.41,4.03,3.87,2012-02-17,-
2022-03-01,2654,万润科技,文化传媒,4.79,4.81,4.66,4.72,4.66,20210875,95276311.0,2.6444,-0.632,3.16,否,0.46,0.212,-11.94,-16.46,11.584,否,855125963,764282840,4036194545.36,3607415004.8,52.638931,1.914799,0.911495,4.79,5.0,5.08,4.84,4.43,4.04,3.88,2012-02-17,-
2022-03-02,2654,万润科技,文化传媒,4.69,4.74,4.6,4.65,4.6,22505730,104754404.0,2.9447,-1.483,2.97,否,0.62,-1.274,-8.824,-13.889,8.645,否,855125963,764282840,3976335727.95,3553915206.0,51.858269,1.886402,0.897977,4.71,4.93,5.06,4.85,4.45,4.05,3.88,2012-02-17,-
2022-03-03,2654,万润科技,文化传媒,4.67,4.7,4.54,4.57,4.54,24063400,110563710.0,3.1485,-1.72,3.44,否,0.73,-3.789,-10.039,-9.684,5.057,否,855125963,764282840,3907925650.91,3492772578.8,50.966083,1.853947,0.882528,4.68,4.88,5.06,4.86,4.46,4.05,3.89,2012-02-17,-
2022-03-04,2654,万润科技,文化传媒,4.58,4.64,4.46,4.49,4.46,21990713,99990610.0,2.8773,-1.751,3.94,否,0.85,-4.873,-4.671,-12.816,2.278,否,855125963,764282840,3839515573.87,3431629951.6,50.073898,1.821493,0.867079,4.64,4.81,5.04,4.86,4.48,4.06,3.89,2012-02-17,-
2022-03-07,2654,万润科技,文化传媒,4.48,4.53,4.35,4.4,4.35,22743740,101117735.0,2.9758,-2.005,4.01,否,0.97,-5.376,-6.582,-17.91,4.762,否,855125963,764282840,3762554237.2,3362844496.0,49.07019,1.784982,0.849699,4.57,4.72,5.0,4.86,4.49,4.06,3.89,2012-02-17,-
2022-03-08,2654,万润科技,文化传媒,4.4,4.43,4.21,4.22,4.21,25950207,111708840.0,3.3954,-4.091,5.0,否,1.16,-7.659,-11.158,-17.255,-8.658,否,855125963,764282840,3608631563.86,3225273584.8,47.062773,1.71196,0.814938,4.47,4.63,4.98,4.86,4.5,4.07,3.9,2012-02-17,-
2022-03-09,2654,万润科技,文化传媒,4.26,4.28,3.96,4.17,3.96,31408400,130963621.0,4.1095,-1.185,7.58,否,1.34,-7.127,-11.653,-17.913,-17.913,否,855125963,764282840,3565875265.71,3187059442.8,46.505157,1.691676,0.805282,4.37,4.54,4.94,4.86,4.51,4.07,3.9,2012-02-17,-
2022-03-10,2654,万润科技,文化传媒,4.25,4.29,4.18,4.21,4.18,21600400,91384100.0,2.8262,0.959,2.64,否,0.86,-4.318,-9.462,-10.616,-7.877,否,855125963,764282840,3600080304.23,3217630756.4,46.95125,1.707903,0.813007,4.3,4.49,4.87,4.85,4.52,4.07,3.9,2012-02-17,-
2022-03-11,2654,万润科技,文化传媒,4.15,4.37,4.1,4.33,4.1,22676409,96224129.0,2.967,2.85,6.41,否,0.92,2.607,-5.252,-8.068,-13.917,否,855125963,764282840,3702695419.79,3309344697.2,48.289528,1.756585,0.836181,4.27,4.45,4.83,4.85,4.53,4.08,3.91,2012-02-17,-
2022-03-14,2654,万润科技,文化传媒,4.28,4.34,4.2,4.2,4.2,17113180,72893435.0,2.2391,-3.002,3.23,否,0.69,0.719,-6.459,-11.579,-17.485,否,855125963,764282840,3591529044.6,3209987928.0,46.839727,1.703847,0.811076,4.23,4.4,4.75,4.85,4.54,4.08,3.91,2012-02-17,-
2022-03-15,2654,万润科技,文化传媒,4.16,4.22,3.98,3.99,3.98,20896700,85834881.0,2.7342,-5.0,5.71,否,0.88,-5.226,-9.318,-15.466,-12.882,否,855125963,764282840,3411952592.37,3049488531.6,44.49774,1.618654,0.770522,4.18,4.32,4.66,4.83,4.54,4.08,3.91,2012-02-17,-
2022-03-16,2654,万润科技,文化传媒,4.0,4.11,3.96,4.08,3.96,23110215,93668669.0,3.0238,2.256,3.76,否,1.02,-5.774,-3.318,-12.258,-19.048,否,855125963,764282840,3488913929.04,3118273987.2,45.501449,1.655165,0.787902,4.16,4.27,4.6,4.8,4.54,4.08,3.92,2012-02-17,-
2022-03-17,2654,万润科技,文化传媒,4.11,4.25,4.08,4.17,4.08,20799606,87049868.0,2.7215,2.206,4.17,否,0.99,-0.714,0.0,-8.753,-24.729,否,855125963,764282840,3565875265.71,3187059442.8,46.505157,1.691676,0.805282,4.15,4.23,4.55,4.78,4.54,4.08,3.92,2012-02-17,-
2022-03-18,2654,万润科技,文化传媒,4.17,4.23,4.13,4.22,4.13,13813506,58004730.61,1.8074,1.199,2.4,否,0.66,5.764,0.238,-6.013,-19.924,否,855125963,764282840,3608631563.86,3225273584.8,47.062773,1.71196,0.814938,4.13,4.2,4.51,4.76,4.54,4.08,3.92,2012-02-17,-
2022-03-21,2654,万润科技,文化传媒,4.23,4.27,4.15,4.24,4.15,16016900,67468562.0,2.0957,0.474,2.84,否,0.84,3.922,-2.079,-3.636,-26.897,否,855125963,764282840,3625734083.12,3240559241.6,47.285819,1.720074,0.8188,4.14,4.18,4.45,4.73,4.54,4.08,3.93,2012-02-17,-
2022-03-22,2654,万润科技,文化传媒,4.23,4.38,4.2,4.29,4.2,24464236,104923295.32,3.2009,1.179,4.25,否,1.29,2.878,2.143,1.659,-24.071,否,855125963,764282840,3668490381.27,3278773383.6,47.843435,1.740358,0.828456,4.2,4.19,4.41,4.72,4.54,4.09,3.93,2012-02-17,-
2022-03-23,2654,万润科技,文化传媒,4.29,4.33,4.22,4.24,4.22,13879900,59021225.0,1.8161,-1.166,2.56,否,0.71,0.474,6.266,1.679,-21.481,否,855125963,764282840,3625734083.12,3240559241.6,47.285819,1.720074,0.8188,4.23,4.2,4.37,4.69,4.54,4.09,3.93,2012-02-17,-
2022-03-24,2654,万润科技,文化传媒,4.23,4.24,4.14,4.15,4.14,11332000,47375180.0,1.4827,-2.123,2.36,否,0.64,-2.123,1.716,-1.425,-17.984,否,855125963,764282840,3548772746.45,3171773786.0,46.282111,1.683563,0.80142,4.23,4.19,4.34,4.65,4.54,4.09,3.94,2012-02-17,-
2022-03-25,2654,万润科技,文化传媒,4.16,4.35,4.14,4.23,4.14,20699600,87914566.0,2.7084,1.928,5.06,否,1.3,-1.399,1.439,-2.309,-17.864,否,855125963,764282840,3617182823.49,3232916413.2,47.174296,1.716017,0.816869,4.23,4.18,4.32,4.61,4.55,4.09,3.94,2012-02-17,-
2022-03-28,2654,万润科技,文化传媒,4.24,4.29,4.12,4.27,4.12,14348403,60640283.72,1.8774,0.946,4.02,否,0.83,0.708,1.185,1.667,-20.336,否,855125963,764282840,3651387862.01,3263487726.8,47.620389,1.732244,0.824594,4.24,4.19,4.29,4.56,4.55,4.1,3.94,2012-02-17,-
2022-03-29,2654,万润科技,文化传媒,4.3,4.38,4.17,4.19,4.17,21964356,93918407.11,2.8739,-1.874,4.92,否,1.3,0.964,-1.179,5.013,-17.843,否,855125963,764282840,3582977784.97,3202345099.6,46.728203,1.69979,0.809145,4.22,4.21,4.27,4.51,4.56,4.1,3.94,2012-02-17,-
2022-03-30,2654,万润科技,文化传媒,4.21,4.26,4.15,4.17,4.15,15287200,64011212.0,2.0002,-0.477,2.63,否,0.93,-1.418,-2.797,2.206,-17.913,否,855125963,764282840,3565875265.71,3187059442.8,46.505157,1.691676,0.805282,4.2,4.22,4.24,4.47,4.56,4.11,3.95,2012-02-17,-
2022-03-31,2654,万润科技,文化传媒,4.17,4.2,4.13,4.15,4.13,13533900,56336326.0,1.7708,-0.48,1.68,否,0.81,-2.81,-2.123,-0.48,-11.89,否,855125963,764282840,3548772746.45,3171773786.0,46.282111,1.683563,0.80142,4.2,4.22,4.22,4.44,4.56,4.11,3.95,2012-02-17,-
2022-04-01,2654,万润科技,文化传媒,4.17,4.34,4.12,4.28,4.12,21029553,89361069.25,2.7515,3.133,5.3,否,1.23,2.148,3.133,1.422,-9.13,否,855125963,764282840,3659939121.64,3271130555.2,47.731912,1.736301,0.826525,4.21,4.22,4.21,4.41,4.56,4.12,3.95,2012-02-17,-
2022-04-06,2654,万润科技,文化传媒,4.26,4.47,4.25,4.38,4.25,25527100,111759552.0,3.34,2.336,5.14,否,1.48,5.036,3.546,3.302,-7.789,否,855125963,764282840,3745451717.94,3347558839.2,48.847143,1.776869,0.845836,4.23,4.24,4.21,4.38,4.56,4.12,3.96,2012-02-17,-
2022-04-07,2654,万润科技,文化传媒,4.37,4.39,4.2,4.21,4.2,18192900,78062855.0,2.3804,-3.881,4.34,否,0.93,1.446,-1.405,-1.865,-10.805,否,855125963,764282840,3600080304.23,3217630756.4,46.95125,1.707903,0.813007,4.24,4.23,4.21,4.35,4.56,4.13,3.96,2012-02-17,-
2022-04-08,2654,万润科技,文化传媒,4.19,4.22,4.06,4.12,4.06,17085400,70396431.97,2.2355,-2.138,3.8,否,0.91,-3.738,-1.671,-2.83,-11.398,否,855125963,764282840,3523118967.56,3148845300.8,45.947541,1.671392,0.795627,4.23,4.22,4.21,4.32,4.56,4.13,3.96,2012-02-17,-
2022-04-11,2654,万润科技,文化传媒,4.07,4.16,3.92,3.96,3.92,14723400,59329278.0,1.9264,-3.884,5.83,否,0.77,-9.589,-5.036,-4.578,-13.348,否,855125963,764282840,3386298813.48,3026560046.4,44.163171,1.606484,0.764729,4.19,4.2,4.19,4.29,4.55,4.14,3.96,2012-02-17,-
2022-04-12,2654,万润科技,文化传媒,3.96,4.06,3.82,4.05,3.82,15404700,60403084.0,2.0156,2.273,6.06,否,0.8,-3.8,-2.41,-4.255,-9.8,否,855125963,764282840,3463260150.15,3095345502.0,45.166879,1.642995,0.782109,4.14,4.18,4.18,4.27,4.55,4.14,3.97,2012-02-17,-
2022-04-13,2654,万润科技,文化传媒,4.02,4.03,3.82,3.83,3.82,13971700,54312126.0,1.8281,-5.432,5.19,否,0.77,-7.039,-10.514,-10.304,-12.955,否,855125963,764282840,3275132438.29,2927203277.2,42.71337,1.553746,0.739624,4.03,4.13,4.16,4.24,4.54,4.14,3.97,2012-02-17,-
2022-04-14,2654,万润科技,文化传媒,3.83,3.88,3.78,3.79,3.78,12619353,48255145.58,1.6511,-1.044,2.61,否,0.79,-4.293,-13.47,-9.547,-10.19,否,855125963,764282840,3240927399.77,2896631963.6,42.267277,1.537519,0.731899,3.95,4.09,4.15,4.21,4.53,4.14,3.97,2012-02-17,-
2022-04-15,2654,万润科技,文化传媒,3.77,3.77,3.67,3.71,3.67,12972800,48110395.0,1.6974,-2.111,2.64,否,0.88,-8.395,-11.876,-11.031,-11.031,否,855125963,764282840,3172517322.73,2835489336.4,41.375092,1.505064,0.71645,3.87,4.05,4.13,4.18,4.52,4.14,3.97,2012-02-17,-
2022-04-18,2654,万润科技,文化传媒,3.72,3.76,3.63,3.74,3.63,8600800,31918686.0,1.1253,0.809,3.5,否,0.62,-2.35,-9.223,-9.88,-11.164,否,855125963,764282840,3198171101.62,2858417821.6,41.709661,1.517235,0.722244,3.82,4.01,4.11,4.15,4.5,4.14,3.97,2012-02-17,-
2022-04-19,2654,万润科技,文化传媒,3.77,3.83,3.7,3.76,3.7,9839100,36948393.0,1.2874,0.535,3.48,否,0.77,-0.792,-5.051,-12.15,-13.164,否,855125963,764282840,3215273620.88,2873703478.4,41.932708,1.525348,0.726106,3.77,3.96,4.09,4.13,4.49,4.15,3.97,2012-02-17,-
2022-04-20,2654,万润科技,文化传媒,3.77,3.84,3.71,3.72,3.71,11116803,42036353.16,1.4545,-1.064,3.46,否,0.96,0.27,-8.148,-15.068,-11.429,否,855125963,764282840,3181068582.36,2843132164.8,41.486615,1.509121,0.718381,3.74,3.89,4.06,4.1,4.48,4.15,3.97,2012-02-17,-
2022-04-21,2654,万润科技,文化传媒,3.69,3.74,3.51,3.54,3.51,16399000,59155554.0,2.1457,-4.839,6.18,否,1.49,-5.348,-7.572,-15.914,-11.278,否,855125963,764282840,3027145909.02,2705561253.6,39.479198,1.436099,0.683621,3.69,3.82,4.02,4.08,4.47,4.15,3.97,2012-02-17,-
2022-04-22,2654,万润科技,文化传媒,3.57,3.57,3.41,3.42,3.41,10007600,34589362.0,1.3094,-3.39,4.52,否,0.85,-9.043,-9.763,-16.99,-16.176,否,855125963,764282840,2924530793.46,2613847312.8,38.14092,1.387418,0.660447,3.64,3.75,3.98,4.05,4.46,4.15,3.97,2012-02-17,-
2022-04-25,2654,万润科技,文化传媒,3.4,3.42,3.12,3.14,3.12,15781203,51206504.39,2.0648,-8.187,8.77,否,1.41,-15.591,-15.364,-20.707,-24.7,否,855125963,764282840,2685095523.82,2399848117.6,35.018272,1.273828,0.606376,3.52,3.67,3.93,4.02,4.44,4.15,3.97,2012-02-17,-
2022-04-26,2654,万润科技,文化传媒,3.14,3.18,3.01,3.03,3.01,13049500,40450249.0,1.7074,-3.503,5.41,否,1.03,-14.407,-18.984,-25.185,-28.199,否,855125963,764282840,2591031667.89,2315777005.2,-6.127606,1.564842,0.622363,3.37,3.57,3.87,3.98,4.41,4.14,3.96,2012-02-17,-
2022-04-27,2654,万润科技,文化传媒,3.01,3.13,2.74,3.11,2.74,12986400,38924830.0,1.6992,2.64,12.87,否,0.98,-9.064,-17.287,-18.799,-26.651,否,855125963,764282840,2659441744.93,2376919632.4,-6.289391,1.606158,0.638795,3.25,3.5,3.82,3.94,4.4,4.14,3.96,2012-02-17,-
2022-04-28,2654,万润科技,文化传媒,3.14,3.17,2.99,3.05,2.99,10758000,32984550.0,1.4076,-1.929,5.79,否,0.79,-2.866,-18.011,-19.525,-28.904,否,855125963,764282840,2608134187.15,2331062662.0,-6.168052,1.575171,0.626471,3.15,3.42,3.76,3.91,4.37,4.14,3.96,2012-02-17,-
2022-04-29,2654,万润科技,文化传媒,3.08,3.27,3.08,3.24,3.08,13381478,42758686.48,1.7509,6.23,6.23,否,1.07,6.931,-8.475,-12.668,-23.585,否,855125963,764282840,2770608120.12,2476276401.6,-6.552291,1.673297,0.665497,3.11,3.38,3.71,3.88,4.34,4.14,3.96,2012-02-17,-
2022-05-05,2654,万润科技,文化传媒,3.21,3.28,3.17,3.19,3.17,7864401,25197334.2,1.029,-1.543,3.4,否,0.6,2.572,-6.725,-14.706,-23.133,否,855125963,764282840,2727851821.97,2438062259.6,-6.451176,1.647474,0.655227,3.12,3.32,3.66,3.85,4.32,4.14,3.95,2012-02-17,-
2022-05-06,2654,万润科技,文化传媒,3.15,3.19,3.07,3.16,3.07,7868400,24675644.0,1.0295,-0.94,3.76,否,0.68,3.607,0.637,-15.957,-25.296,否,855125963,764282840,2702198043.08,2415133774.4,-6.390506,1.631981,0.649065,3.15,3.26,3.61,3.81,4.28,4.13,3.95,2012-02-17,-
2022-05-09,2654,万润科技,文化传媒,3.19,3.31,3.19,3.24,3.19,7096300,23135434.0,0.9285,2.532,3.8,否,0.67,0.0,6.931,-12.903,-24.122,否,855125963,764282840,2770608120.12,2476276401.6,-6.552291,1.673297,0.665497,3.18,3.21,3.55,3.78,4.25,4.13,3.95,2012-02-17,-
2022-05-10,2654,万润科技,文化传媒,3.19,3.27,3.16,3.27,3.16,7424800,24008517.0,0.9715,0.926,3.4,否,0.79,2.508,5.145,-7.627,-21.957,否,855125963,764282840,2796261899.01,2499204886.8,-6.612961,1.68879,0.671659,3.22,3.19,3.5,3.74,4.23,4.13,3.95,2012-02-17,-
2022-05-11,2654,万润科技,文化传媒,3.27,3.34,3.23,3.24,3.23,9291400,30621010.0,1.2157,-0.917,3.36,否,1.06,2.532,6.23,-5.263,-22.302,否,855125963,764282840,2770608120.12,2476276401.6,-6.552291,1.673297,0.665497,3.22,3.17,3.46,3.71,4.2,4.13,3.95,2012-02-17,-
2022-05-12,2654,万润科技,文化传媒,3.24,3.32,3.22,3.29,3.22,8563782,28040328.2,1.1205,1.543,3.09,否,1.08,1.543,1.543,4.777,-20.723,否,855125963,764282840,2813364418.27,2514490543.6,-6.653407,1.699119,0.675767,3.24,3.18,3.43,3.68,4.16,4.13,3.95,2012-02-17,-
2022-05-13,2654,万润科技,文化传媒,3.28,3.34,3.25,3.3,3.25,5715800,18834149.0,0.7479,0.304,2.74,否,0.71,0.917,3.448,8.911,-22.897,否,855125963,764282840,2821915677.9,2522133372.0,-6.67363,1.704284,0.677821,3.27,3.21,3.39,3.65,4.13,4.13,3.94,2012-02-17,-
2022-05-16,2654,万润科技,文化传媒,3.41,3.63,3.32,3.63,3.32,29745634,105229521.06,3.892,10.0,9.39,否,3.9,12.037,14.873,16.72,-17.123,是,855125963,764282840,3104107245.69,2774346709.2,-7.340993,1.874712,0.745603,3.35,3.26,3.38,3.63,4.1,4.13,3.95,2012-02-17,-
2022-05-17,2654,万润科技,文化传媒,3.54,3.59,3.42,3.54,3.42,37576500,131761714.0,4.9166,-2.479,4.68,否,3.09,7.599,9.259,16.066,-15.914,否,855125963,764282840,3027145909.02,2705561253.6,-7.158985,1.828231,0.727117,3.4,3.31,3.37,3.61,4.06,4.13,3.95,2012-02-17,-
2022-05-18,2654,万润科技,文化传媒,3.55,3.73,3.53,3.69,3.53,30336500,110619820.0,3.9693,4.237,5.65,否,1.67,11.818,12.844,13.889,-10.437,否,855125963,764282840,3155414803.47,2820203679.6,-7.462332,1.905699,0.757927,3.49,3.36,3.37,3.59,4.03,4.13,3.95,2012-02-17,-
2022-05-19,2654,万润科技,文化传媒,3.58,3.63,3.55,3.59,3.55,16702600,59822069.0,2.1854,-2.71,2.17,否,0.75,-1.102,10.802,12.539,-9.343,否,855125963,764282840,3069902207.17,2743775395.6,-7.260101,1.854054,0.737387,3.55,3.4,3.36,3.57,4.01,4.13,3.95,2012-02-17,-
2022-05-20,2654,万润科技,文化传媒,3.63,3.65,3.54,3.59,3.54,13386500,48027762.0,1.7515,0.0,3.06,否,0.56,1.412,9.119,13.608,-11.358,否,855125963,764282840,3069902207.17,2743775395.6,-7.260101,1.854054,0.737387,3.61,3.44,3.35,3.55,3.98,4.13,3.95,2012-02-17,-
2022-05-23,2654,万润科技,文化传媒,3.62,3.69,3.57,3.67,3.57,12914800,46921487.0,1.6898,2.228,3.34,否,0.51,-0.542,11.212,13.272,-4.178,否,855125963,764282840,3138312284.21,2804918022.8,-7.421886,1.89537,0.753819,3.62,3.48,3.35,3.53,3.95,4.13,3.95,2012-02-17,-
2022-05-24,2654,万润科技,文化传媒,3.66,3.71,3.49,3.49,3.49,14956278,53895106.22,1.9569,-4.905,5.99,否,0.67,-2.786,-3.857,6.728,-7.916,否,855125963,764282840,2984389610.87,2667347111.6,-7.057869,1.802409,0.716847,3.61,3.5,3.34,3.5,3.93,4.13,3.95,2012-02-17,-
2022-05-25,2654,万润科技,文化传媒,3.5,3.84,3.49,3.79,3.49,36821400,138287380.0,4.8178,8.596,10.03,否,2.09,5.571,7.062,16.975,2.156,否,855125963,764282840,3240927399.77,2896631963.6,-7.664563,1.957344,0.778467,3.63,3.56,3.36,3.49,3.9,4.13,3.95,2012-02-17,-
2022-05-26,2654,万润科技,文化传媒,3.73,3.78,3.65,3.68,3.65,31865300,117473646.0,4.1693,-2.902,3.43,否,1.68,0.272,-0.271,11.854,-1.604,否,855125963,764282840,3146863543.84,2812560851.2,-7.442109,1.900534,0.755873,3.64,3.6,3.39,3.48,3.89,4.13,3.95,2012-02-17,-
2022-05-27,2654,万润科技,文化传媒,3.67,3.71,3.55,3.59,3.55,15265600,55070873.0,1.9974,-2.446,4.35,否,0.69,2.865,0.0,8.788,-4.521,否,855125963,764282840,3069902207.17,2743775395.6,-7.260101,1.854054,0.737387,3.64,3.63,3.42,3.47,3.87,4.13,3.95,2012-02-17,-
2022-05-30,2654,万润科技,文化传媒,3.6,3.77,3.56,3.72,3.56,20110275,73794474.75,2.6313,3.621,5.85,否,0.9,-1.847,3.621,2.479,0.0,否,855125963,764282840,3181068582.36,2843132164.8,-7.523001,1.921192,0.764089,3.65,3.64,3.45,3.46,3.85,4.13,3.95,2012-02-17,-
2022-05-31,2654,万润科技,文化传媒,3.69,3.74,3.6,3.7,3.6,12414800,45655868.0,1.6244,-0.538,3.76,否,0.52,0.543,0.817,4.52,4.52,否,855125963,764282840,3163966063.1,2827846508.0,-7.482555,1.910863,0.759981,3.7,3.65,3.48,3.46,3.83,4.13,3.95,2012-02-17,-
2022-06-01,2654,万润科技,文化传媒,3.68,3.84,3.68,3.75,3.68,15072000,56676039.0,1.972,1.351,4.32,否,0.65,4.457,7.45,1.626,9.649,否,855125963,764282840,3206722361.25,2866060650.0,-7.583671,1.936686,0.770251,3.69,3.66,3.51,3.46,3.82,4.13,3.95,2012-02-17,-
2022-06-02,2654,万润科技,文化传媒,3.79,3.79,3.67,3.75,3.67,10098800,37515492.0,1.3213,0.0,3.2,否,0.53,0.806,-1.055,4.457,19.427,否,855125963,764282840,3206722361.25,2866060650.0,-7.583671,1.936686,0.770251,3.7,3.67,3.53,3.46,3.81,4.13,3.95,2012-02-17,-
2022-06-06,2654,万润科技,文化传媒,3.75,3.86,3.74,3.85,3.74,15673300,59773298.0,2.0507,2.667,3.2,否,1.07,4.054,4.62,7.242,27.063,否,855125963,764282840,3292234957.55,2942488934.0,-7.785902,1.988331,0.790791,3.75,3.7,3.57,3.47,3.8,4.14,3.95,2012-02-17,-
2022-06-07,2654,万润科技,文化传媒,3.85,3.86,3.74,3.77,3.74,12498500,47312252.0,1.6353,-2.078,3.12,否,0.85,0.533,5.014,2.725,21.222,否,855125963,764282840,3223824880.51,2881346306.8,-7.624117,1.947015,0.774359,3.76,3.71,3.6,3.47,3.78,4.14,3.95,2012-02-17,-
2022-06-08,2654,万润科技,文化传媒,3.75,3.79,3.66,3.77,3.66,14178600,52858036.0,1.8552,0.0,3.45,否,1.08,0.533,1.344,8.023,23.607,否,855125963,764282840,3223824880.51,2881346306.8,-7.624117,1.947015,0.774359,3.78,3.74,3.62,3.48,3.78,4.14,3.95,2012-02-17,-
2022-06-09,2654,万润科技,文化传媒,3.74,3.77,3.62,3.64,3.62,10282000,37811511.0,1.3453,-3.448,3.98,否,0.76,-5.455,-1.622,-3.958,12.346,否,855125963,764282840,3112658505.32,2781989537.6,-7.361216,1.879876,0.747657,3.76,3.72,3.64,3.48,3.77,4.14,3.94,2012-02-17,-
2022-06-10,2654,万润科技,文化传媒,3.65,3.68,3.6,3.67,3.6,6578900,24079765.0,0.8608,0.824,2.2,否,0.52,-2.653,-2.133,-0.272,15.047,否,855125963,764282840,3138312284.21,2804918022.8,-7.421886,1.89537,0.753819,3.74,3.72,3.66,3.5,3.76,4.14,3.94,2012-02-17,-
2022-06-13,2654,万润科技,文化传媒,3.63,3.71,3.62,3.65,3.62,8528016,31120770.08,1.1158,-0.545,2.45,否,0.72,-3.183,-2.667,1.671,15.506,否,855125963,764282840,3121209764.95,2789632366.0,-7.381439,1.885041,0.749711,3.7,3.73,3.68,3.52,3.75,4.14,3.94,2012-02-17,-
2022-06-14,2654,万润科技,文化传媒,3.61,3.64,3.51,3.64,3.51,9248800,33028801.0,1.2101,-0.274,3.56,否,0.89,0.0,-5.455,-2.151,12.346,否,855125963,764282840,3112658505.32,2781989537.6,-7.361216,1.879876,0.747657,3.67,3.72,3.68,3.54,3.74,4.14,3.94,2012-02-17,-
2022-06-15,2654,万润科技,文化传媒,3.63,3.7,3.63,3.63,3.63,8652713,31690190.55,1.1321,-0.275,1.92,否,0.89,-1.09,-3.714,-1.892,11.009,否,855125963,764282840,3104107245.69,2774346709.2,-7.340993,1.874712,0.745603,3.65,3.71,3.68,3.56,3.73,4.14,3.94,2012-02-17,-
2022-06-16,2654,万润科技,文化传媒,3.64,3.75,3.63,3.71,3.63,11201200,41505858.0,1.4656,2.204,3.31,否,1.29,1.644,-1.592,-1.067,14.506,否,855125963,764282840,3172517322.73,2835489336.4,-7.502778,1.916028,0.762035,3.66,3.71,3.68,3.57,3.73,4.13,3.94,2012-02-17,-
2022-06-17,2654,万润科技,文化传媒,3.7,3.72,3.59,3.62,3.59,10892400,39700784.0,1.4252,-2.426,3.5,否,1.23,-0.549,-0.549,-3.467,10.03,否,855125963,764282840,3095555986.06,2766703880.8,-7.32077,1.869547,0.743549,3.65,3.7,3.68,3.59,3.72,4.13,3.94,2012-02-17,-
2022-06-20,2654,万润科技,文化传媒,3.61,3.66,3.61,3.62,3.61,8655400,31418023.9,1.1325,0.0,1.38,否,0.89,-0.275,-1.362,-5.974,9.697,否,855125963,764282840,3095555986.06,2766703880.8,-7.32077,1.869547,0.743549,3.64,3.67,3.69,3.6,3.71,4.12,3.94,2012-02-17,-
2022-06-21,2654,万润科技,文化传媒,3.64,3.68,3.6,3.65,3.6,9616900,35059411.0,1.2583,0.829,2.21,否,0.99,-1.617,0.0,-3.183,0.551,否,855125963,764282840,3121209764.95,2789632366.0,-7.381439,1.885041,0.749711,3.65,3.66,3.68,3.62,3.7,4.12,3.94,2012-02-17,-
2022-06-22,2654,万润科技,文化传媒,3.66,3.66,3.57,3.57,3.57,7531203,27194853.86,0.9854,-2.192,2.47,否,0.77,-1.381,-1.923,-5.305,0.847,否,855125963,764282840,3052799687.91,2728489738.8,-7.219654,1.843725,0.733279,3.63,3.64,3.69,3.63,3.69,4.11,3.94,2012-02-17,-
2022-06-23,2654,万润科技,文化传媒,3.57,3.69,3.53,3.69,3.53,11883206,43070927.42,1.5548,3.361,4.48,否,1.24,1.934,1.653,1.374,0.0,否,855125963,764282840,3155414803.47,2820203679.6,-7.462332,1.905699,0.757927,3.63,3.65,3.68,3.64,3.68,4.11,3.94,2012-02-17,-
2022-06-24,2654,万润科技,文化传媒,3.72,3.72,3.65,3.66,3.65,7972904,29290652.6,1.0432,-0.813,1.9,否,0.82,0.274,-1.348,-0.272,1.95,否,855125963,764282840,3129761024.58,2797275194.4,-7.401662,1.890205,0.751765,3.64,3.64,3.68,3.65,3.67,4.11,3.94,2012-02-17,-
2022-06-27,2654,万润科技,文化传媒,3.65,4.03,3.63,4.03,3.63,52109448,202419600.46,6.8181,10.109,10.93,否,5.71,12.885,11.326,10.411,12.256,是,855125963,764282840,3446157630.89,3080059845.2,-8.149918,2.081292,0.827763,3.72,3.68,3.7,3.68,3.67,4.11,3.94,2012-02-17,-
2022-06-28,2654,万润科技,文化传媒,3.95,4.19,3.87,4.07,3.87,67189704,269542879.08,8.7912,0.993,7.94,否,3.77,10.298,12.431,11.813,10.899,否,855125963,764282840,3480362669.41,3110631158.8,-8.23081,2.10195,0.83598,3.8,3.73,3.72,3.69,3.66,4.11,3.94,2012-02-17,-
2022-06-29,2654,万润科技,文化传媒,4.0,4.04,3.88,3.9,3.88,31338696,123777441.32,4.1004,-4.177,3.93,否,1.07,6.557,6.849,7.438,11.748,否,855125963,764282840,3334991255.7,2980703076.0,-7.887017,2.014153,0.801061,3.87,3.75,3.73,3.71,3.66,4.11,3.94,2012-02-17,-
2022-06-30,2654,万润科技,文化传媒,3.89,3.98,3.86,3.92,3.86,20079953,78674985.29,2.6273,0.513,3.08,否,0.59,-2.73,9.804,5.66,3.43,否,855125963,764252690,3352093774.96,2995870544.8,-7.927464,2.024482,0.805169,3.92,3.77,3.74,3.71,3.65,4.1,3.94,2012-02-17,-
2022-07-01,2654,万润科技,文化传媒,3.9,4.07,3.87,3.94,3.87,20056035,79603034.61,2.6242,0.51,5.1,否,0.56,-3.194,6.775,8.84,7.065,否,855125963,764252690,3369196294.22,3011155598.6,-7.96791,2.034811,0.809277,3.97,3.81,3.75,3.72,3.65,4.1,3.94,2012-02-17,-
2022-07-04,2654,万润科技,文化传媒,3.91,3.94,3.87,3.89,3.87,14363296,55973285.58,1.8793,-1.269,1.78,否,0.38,-0.256,6.284,7.459,8.357,否,855125963,764252690,3326439996.07,2972942964.1,-7.866794,2.008989,0.799007,3.94,3.83,3.75,3.73,3.64,4.1,3.94,2012-02-17,-
2022-07-05,2654,万润科技,文化传媒,3.87,3.93,3.77,3.82,3.77,13869034,53112412.88,1.8146,-1.8,4.11,否,0.45,-2.551,-5.211,4.658,2.688,否,855125963,764252690,3266581178.66,2919445275.8,-7.725232,1.972837,0.784629,3.89,3.85,3.75,3.74,3.63,4.1,3.94,2012-02-17,-
2022-07-06,2654,万润科技,文化传媒,3.81,3.82,3.7,3.74,3.7,9159000,34343125.0,1.1984,-2.094,3.14,否,0.46,-5.076,-8.108,4.762,1.081,否,855125963,764252690,3198171101.62,2858305060.6,-7.563447,1.931521,0.768197,3.86,3.87,3.75,3.75,3.63,4.09,3.94,2012-02-17,-
2022-07-07,2654,万润科技,文化传媒,3.71,3.8,3.71,3.79,3.71,9303700,35088196.0,1.2173,1.337,2.41,否,0.6,-2.571,-2.821,2.71,1.067,否,855125963,764252690,3240927399.77,2896517695.1,-7.664563,1.957344,0.778467,3.84,3.88,3.76,3.75,3.62,4.09,3.94,2012-02-17,-
2022-07-08,2654,万润科技,文化传媒,3.78,3.87,3.76,3.85,3.76,10964767,42067230.18,1.4346,1.583,2.9,否,0.82,0.785,-1.786,5.191,2.667,否,855125963,764252690,3292234957.55,2942372856.5,-7.785902,1.988331,0.790791,3.82,3.9,3.77,3.75,3.62,4.08,3.94,2012-02-17,-
2022-07-11,2654,万润科技,文化传媒,3.84,3.87,3.77,3.83,3.77,8994900,34323017.0,1.1769,-0.52,2.6,否,0.78,2.406,-2.792,-4.963,-0.519,否,855125963,764252690,3275132438.29,2927087802.7,-7.745456,1.978002,0.786683,3.81,3.88,3.78,3.76,3.61,4.08,3.94,2012-02-17,-
2022-07-12,2654,万润科技,文化传媒,3.82,3.83,3.72,3.72,3.72,8159400,30735421.0,1.0676,-2.872,2.87,否,0.78,-1.847,-4.37,-8.6,-1.326,否,855125963,764252690,3181068582.36,2843020006.8,-7.523001,1.921192,0.764089,3.79,3.84,3.78,3.76,3.61,4.07,3.94,2012-02-17,-
2022-07-13,2654,万润科技,文化传媒,3.74,3.9,3.72,3.86,3.72,13016800,49943412.0,1.7031,3.763,4.84,否,1.4,0.26,1.047,-1.026,2.387,否,855125963,764252690,3300786217.18,2950015383.4,-7.806125,1.993495,0.792845,3.81,3.84,3.79,3.77,3.61,4.07,3.94,2012-02-17,-
2022-07-14,2654,万润科技,文化传媒,3.83,3.99,3.82,3.9,3.82,16607500,64794774.0,2.173,1.036,4.4,否,1.65,1.828,4.278,-0.51,7.143,否,855125963,764252690,3334991255.7,2980585491.0,-7.887017,2.014153,0.801061,3.83,3.83,3.8,3.77,3.62,4.07,3.94,2012-02-17,-
2022-07-15,2654,万润科技,文化传媒,3.88,3.9,3.64,3.67,3.64,18670300,69600059.0,2.4429,-5.897,6.67,否,1.62,-1.344,-3.166,-6.853,0.0,否,855125963,764252690,3138312284.21,2804807372.3,-7.421886,1.89537,0.753819,3.8,3.81,3.81,3.77,3.62,4.06,3.94,2012-02-17,-
2022-07-18,2654,万润科技,文化传媒,3.65,3.85,3.64,3.83,3.64,13598500,51652885.0,1.7792,4.36,5.72,否,1.04,-0.777,-0.519,-1.542,4.932,否,855125963,764252690,3275132438.29,2927087802.7,-7.745456,1.978002,0.786683,3.8,3.8,3.82,3.77,3.62,4.06,3.94,2012-02-17,-
2022-07-19,2654,万润科技,文化传媒,3.84,3.89,3.78,3.85,3.78,10044203,38476735.52,1.3142,0.522,2.87,否,0.72,-1.282,0.522,0.785,5.769,否,855125963,764252690,3292234957.55,2942372856.5,-7.785902,1.988331,0.790791,3.82,3.8,3.83,3.77,3.62,4.05,3.94,2012-02-17,-
2022-07-20,2654,万润科技,文化传媒,3.88,3.93,3.83,3.91,3.83,12077606,46868959.22,1.5803,1.558,2.6,否,0.84,6.54,5.108,4.545,7.713,否,855125963,764252690,3343542515.33,2988228017.9,-7.907241,2.019318,0.803115,3.83,3.82,3.84,3.78,3.63,4.05,3.94,2012-02-17,-
2022-07-21,2654,万润科技,文化传媒,3.9,3.98,3.89,3.91,3.89,10895500,42854784.0,1.4256,0.0,2.3,否,0.77,2.089,1.295,3.166,5.391,否,855125963,764252690,3343542515.33,2988228017.9,-7.907241,2.019318,0.803115,3.83,3.83,3.85,3.78,3.63,4.05,3.94,2012-02-17,-
2022-07-22,2654,万润科技,文化传媒,3.89,3.95,3.82,3.86,3.82,8961900,34737166.0,1.1726,-1.279,3.32,否,0.69,0.26,-1.026,0.26,6.63,否,855125963,764252690,3300786217.18,2950015383.4,-7.806125,1.993495,0.792845,3.87,3.83,3.86,3.79,3.65,4.04,3.94,2012-02-17,-
2022-07-25,2654,万润科技,文化传媒,3.86,3.91,3.78,3.79,3.78,8009953,30638006.87,1.048,-1.814,3.37,否,0.72,-3.069,3.27,-1.044,4.696,否,855125963,764252690,3240927399.77,2896517695.1,-7.664563,1.957344,0.778467,3.86,3.83,3.85,3.8,3.66,4.04,3.94,2012-02-17,-
2022-07-26,2654,万润科技,文化传媒,3.83,3.85,3.74,3.85,3.74,6144546,23382086.26,0.804,1.583,2.9,否,0.61,-1.535,0.522,3.495,5.479,否,855125963,764252690,3292234957.55,2942372856.5,-7.785902,1.988331,0.790791,3.86,3.84,3.84,3.8,3.67,4.03,3.94,2012-02-17,-
2022-07-27,2654,万润科技,文化传媒,3.85,3.98,3.84,3.95,3.84,15784200,62186251.0,2.0652,2.597,3.64,否,1.71,2.332,2.597,2.332,10.644,否,855125963,764252690,3377747553.85,3018798125.5,-7.988133,2.039976,0.811331,3.87,3.85,3.84,3.81,3.69,4.03,3.94,2012-02-17,-
2022-07-28,2654,万润科技,文化传媒,3.97,4.0,3.92,3.93,3.92,9876600,39056879.0,1.2923,-0.506,2.03,否,0.99,3.694,0.512,0.769,6.504,否,855125963,764252690,3360645034.59,3003513071.7,-7.947687,2.029647,0.807223,3.88,3.86,3.84,3.82,3.7,4.02,3.94,2012-02-17,-
2022-07-29,2654,万润科技,文化传媒,3.98,3.98,3.92,3.93,3.92,9185700,36243482.0,1.2019,0.0,1.53,否,0.94,2.078,0.512,7.084,7.377,否,855125963,764252690,3360645034.59,3003513071.7,-7.947687,2.029647,0.807223,3.89,3.88,3.84,3.83,3.71,4.01,3.94,2012-02-17,-
2022-08-01,2654,万润科技,文化传媒,3.95,4.01,3.92,4.0,3.92,14930200,59488675.0,1.9535,1.781,2.29,否,1.52,1.266,3.627,4.439,-0.744,否,855125963,764252690,3420503852.0,3057010760.0,-8.089249,2.065798,0.821601,3.93,3.9,3.85,3.84,3.72,4.0,3.94,2012-02-17,-
2022-08-02,2654,万润科技,文化传媒,3.97,3.98,3.77,3.82,3.77,17271600,66603486.0,2.2598,-4.5,5.25,否,1.54,-2.799,0.792,-0.779,-6.143,否,855125963,764252690,3266581178.66,2919445275.8,-7.725232,1.972837,0.784629,3.93,3.9,3.85,3.85,3.73,3.99,3.94,2012-02-17,-
2022-08-03,2654,万润科技,文化传媒,3.81,4.2,3.81,4.03,3.81,52978040,217293916.66,6.9317,5.497,10.21,否,3.95,2.545,4.675,3.069,3.333,否,855125963,764252690,3446157630.89,3079938340.7,-8.149918,2.081292,0.827763,3.94,3.91,3.86,3.86,3.75,3.99,3.94,2012-02-17,-
2022-08-04,2654,万润科技,文化传媒,4.11,4.43,4.02,4.43,4.02,94984000,403406222.8,12.4279,9.926,10.17,否,4.56,10.75,12.152,13.299,13.01,是,855125963,764252690,3788208016.09,3385639416.7,-8.958843,2.287872,0.909924,4.04,3.96,3.9,3.89,3.77,3.98,3.95,2012-02-17,-
2022-08-05,2654,万润科技,文化传媒,4.3,4.53,4.23,4.27,4.23,90863840,394930947.8,11.8888,-3.612,6.77,否,2.4,11.78,8.651,10.622,8.376,否,855125963,764252690,3651387862.01,3263358986.3,-8.635273,2.20524,0.87706,4.11,4.0,3.92,3.91,3.78,3.97,3.95,2012-02-17,-
2022-08-08,2654,万润科技,文化传媒,4.27,4.36,4.17,4.36,4.17,51041540,217876221.41,6.6784,2.108,4.45,否,0.94,8.189,10.941,15.04,12.082,否,855125963,764252690,3728349198.68,3332141728.4,-8.817281,2.25172,0.895546,4.18,4.06,3.94,3.92,3.8,3.97,3.95,2012-02-17,-
2022-08-09,2654,万润科技,文化传媒,4.32,4.7,4.2,4.52,4.2,69014510,306014309.14,9.03,3.67,11.47,否,1.12,2.032,13.0,17.403,18.325,否,855125963,764252690,3865169352.76,3454422158.8,-9.140851,2.334352,0.92841,4.32,4.12,3.98,3.94,3.81,3.95,3.95,2012-02-17,-
2022-08-10,2654,万润科技,文化传媒,4.42,4.49,4.36,4.41,4.36,41684910,183801127.72,5.4541,-2.434,2.88,否,0.58,3.279,15.445,11.646,17.914,否,855125963,764252690,3771105496.83,3370354362.9,-8.918397,2.277543,0.905816,4.4,4.17,4.01,3.95,3.83,3.94,3.95,2012-02-17,-
2022-08-11,2654,万润科技,文化传媒,4.4,4.47,4.3,4.33,4.3,30566941,133260999.7,3.9994,-1.814,3.85,否,0.44,-0.688,7.444,10.178,14.248,否,855125963,764252690,3702695419.79,3309214147.7,-8.756612,2.236227,0.889384,4.38,4.21,4.03,3.97,3.84,3.94,3.95,2012-02-17,-
2022-08-12,2654,万润科技,文化传媒,4.39,4.76,4.35,4.76,4.35,50189073,232967932.24,6.5668,9.931,9.47,否,0.89,5.31,7.449,21.12,23.636,是,855125963,764252690,4070399583.88,3637842804.4,-9.626206,2.4583,0.977706,4.48,4.29,4.09,3.99,3.86,3.93,3.96,2012-02-17,-
2022-08-15,2654,万润科技,文化传媒,4.99,5.24,4.94,5.24,4.94,48217614,245862409.64,6.3089,10.084,6.3,否,0.99,18.821,22.717,31.0,36.815,是,855125963,764252690,4480860046.12,4004684095.6,-10.596916,2.706196,1.076298,4.65,4.42,4.16,4.04,3.89,3.93,3.96,2012-02-17,-
2022-08-16,2654,万润科技,文化传媒,5.55,5.76,5.07,5.15,5.07,174203415,947789603.18,22.7931,-1.718,13.17,否,3.63,18.938,18.119,34.817,38.441,否,855125963,764252690,4403898709.45,3935901353.5,-10.414908,2.659715,1.057812,4.78,4.55,4.22,4.08,3.91,3.93,3.97,2012-02-17,-
2022-08-17,2654,万润科技,文化传媒,5.14,5.35,4.9,5.08,4.9,108097461,556431205.3,14.1436,-1.359,8.74,否,1.57,6.723,12.389,26.055,31.606,否,855125963,764252690,4344039892.04,3882403665.2,-10.273346,2.623564,1.043434,4.91,4.66,4.28,4.13,3.94,3.93,3.97,2012-02-17,-
2022-08-18,2654,万润科技,文化传媒,5.0,5.54,4.85,5.26,4.85,112647007,575314983.3,14.7389,3.543,13.58,否,1.37,0.382,19.274,18.736,34.872,否,855125963,764252690,4497962565.38,4019969149.4,-10.637362,2.716525,1.080406,5.1,4.74,4.35,4.18,3.96,3.93,3.97,2012-02-17,-
2022-08-19,2654,万润科技,文化传媒,5.1,5.24,5.0,5.17,5.0,72802072,372064931.21,9.5255,-1.711,4.56,否,0.74,0.388,19.4,21.077,40.872,否,855125963,764252690,4421001228.71,3951186407.3,-10.455354,2.670044,1.06192,5.18,4.83,4.41,4.22,3.99,3.94,3.98,2012-02-17,-
2022-08-22,2654,万润科技,文化传媒,5.1,5.51,5.06,5.12,5.06,60313495,313758490.59,7.8915,-0.967,8.7,否,0.58,0.787,7.563,17.431,33.681,否,855125963,764252690,4378244930.56,3912973772.8,-10.354238,2.644222,1.05165,5.16,4.9,4.48,4.26,4.01,3.94,3.98,2012-02-17,-
2022-08-23,2654,万润科技,文化传媒,5.06,5.24,4.95,5.06,4.95,56035975,285675869.89,7.3318,-1.172,5.66,否,0.53,-3.802,-3.435,11.947,31.429,否,855125963,764252690,4326937372.78,3867118611.4,-10.2329,2.613235,1.039326,5.14,4.96,4.54,4.31,4.03,3.94,3.99,2012-02-17,-
2022-08-24,2654,万润科技,文化传媒,5.0,5.03,4.55,4.55,4.55,70688624,332888183.35,9.249,-10.079,9.49,否,0.86,-11.992,-11.65,3.175,16.368,否,855125963,764252690,3890823131.65,3477349739.5,-9.20152,2.349845,0.934572,5.03,4.97,4.57,4.33,4.05,3.94,3.99,2012-02-17,-
2022-08-25,2654,万润科技,文化传媒,4.56,4.69,4.36,4.43,4.36,37596301,167438631.65,4.9192,-2.637,7.25,否,0.5,-13.477,-12.795,2.309,13.299,否,855125963,764252690,3788208016.09,3385639416.7,-8.958843,2.287872,0.909924,4.87,4.98,4.6,4.35,4.06,3.94,3.99,2012-02-17,-
2022-08-26,2654,万润科技,文化传媒,4.42,4.5,4.33,4.35,4.33,24062603,106009018.02,3.1484,-1.806,3.84,否,0.4,-14.032,-17.3,-8.613,12.694,否,855125963,764252690,3719797939.05,3324499201.5,-8.797058,2.246556,0.893492,4.7,4.94,4.62,4.37,4.07,3.94,3.99,2012-02-17,-
2022-08-29,2654,万润科技,文化传媒,4.3,4.4,4.2,4.39,4.2,17563325,76342827.5,2.298,0.92,4.6,否,0.35,-3.516,-15.087,-16.221,15.831,否,855125963,764252690,3754002977.57,3355069309.1,-8.87795,2.267214,0.901708,4.56,4.86,4.64,4.39,4.08,3.94,3.99,2012-02-17,-
2022-08-30,2654,万润科技,文化传媒,4.35,4.53,4.35,4.43,4.35,21294465,94789993.45,2.7863,0.911,4.1,否,0.52,0.0,-13.477,-13.981,15.065,否,855125963,764252690,3788208016.09,3385639416.7,-7.887566,2.335453,0.927758,4.43,4.78,4.67,4.41,4.09,3.94,4.0,2012-02-17,-
2022-08-31,2654,万润科技,文化传媒,4.43,4.58,4.28,4.3,4.28,20650390,90730824.4,2.702,-2.935,6.77,否,0.6,-1.149,-15.02,-15.354,8.861,否,855125963,764252690,3677041640.9,3286286567.0,-7.656102,2.266919,0.900533,4.38,4.71,4.68,4.42,4.1,3.94,4.0,2012-02-17,-
2022-09-01,2654,万润科技,文化传媒,4.29,4.44,4.26,4.29,4.26,12713900,54884914.0,1.6636,-0.233,4.19,否,0.52,-2.278,-5.714,-18.441,9.16,否,855125963,764252690,3668490381.27,3278644040.1,-7.638297,2.261647,0.898438,4.35,4.61,4.67,4.44,4.11,3.94,4.0,2012-02-17,-
2022-09-02,2654,万润科技,文化传媒,4.26,4.48,4.25,4.45,4.25,20523100,90579624.0,2.6854,3.73,5.36,否,1.07,0.451,0.451,-13.926,13.232,否,855125963,764252690,3805310535.35,3400924470.5,-7.923176,2.345997,0.931946,4.37,4.54,4.68,4.46,4.12,3.94,4.0,2012-02-17,-
2022-09-05,2654,万润科技,文化传媒,4.45,4.49,4.42,4.46,4.42,11832367,52678207.48,1.5482,0.225,1.57,否,0.64,3.721,2.529,-12.891,11.5,否,855125963,764252690,3813861794.98,3408566997.4,-7.94098,2.351269,0.934041,4.39,4.47,4.69,4.48,4.14,3.94,4.0,2012-02-17,-
2022-09-06,2654,万润科技,文化传媒,4.49,4.51,4.42,4.49,4.42,10006000,44696414.0,1.3093,0.673,2.02,否,0.57,4.662,2.278,-11.265,17.539,否,855125963,764252690,3839515573.87,3431494578.1,-7.994395,2.367085,0.940324,4.4,4.41,4.69,4.5,4.15,3.94,4.01,2012-02-17,-
2022-09-07,2654,万润科技,文化传媒,4.5,4.67,4.48,4.63,4.48,21162700,96853115.0,2.7691,3.118,4.23,否,1.4,4.045,4.515,1.758,14.888,否,855125963,764252690,3959233208.69,3538489954.7,-8.243664,2.440892,0.969643,4.46,4.42,4.7,4.52,4.17,3.95,4.01,2012-02-17,-
2022-09-08,2654,万润科技,文化传媒,4.62,4.64,4.48,4.49,4.48,15590626,70837792.48,2.04,-3.024,3.46,否,1.02,0.673,4.419,1.354,1.354,否,855125963,764252690,3839515573.87,3431494578.1,-7.994395,2.367085,0.940324,4.5,4.43,4.71,4.54,4.18,3.95,4.01,2012-02-17,-
2022-09-09,2654,万润科技,文化传媒,4.49,4.51,4.36,4.42,4.36,12575103,55453108.16,1.6454,-1.559,3.34,否,0.79,-1.559,3.03,1.609,3.513,否,855125963,764252690,3779656756.46,3377996889.8,-7.869761,2.330182,0.925664,4.5,4.44,4.69,4.56,4.19,3.96,4.01,2012-02-17,-
2022-09-13,2654,万润科技,文化传媒,4.43,4.51,4.38,4.41,4.38,8859197,39204267.47,1.1592,-0.226,2.94,否,0.62,-4.752,-0.899,0.456,1.147,否,855125963,764252690,3771105496.83,3370354362.9,-7.851956,2.32491,0.923569,4.49,4.44,4.65,4.57,4.21,3.96,4.02,2012-02-17,-
2022-09-14,2654,万润科技,文化传媒,4.33,4.38,4.3,4.37,4.3,8426709,36631799.19,1.1026,-0.907,1.81,否,0.62,-2.673,-2.018,-1.354,-3.319,否,855125963,764252690,3736900458.31,3339784255.3,-7.780736,2.303822,0.915192,4.46,4.43,4.61,4.59,4.22,3.96,4.02,2012-02-17,-
2022-09-15,2654,万润科技,文化传媒,4.38,4.41,4.13,4.18,4.13,14288037,60526187.26,1.8695,-4.348,6.41,否,1.07,-5.43,-6.904,-2.791,-5.215,否,855125963,764252690,3574426525.34,3194576244.2,-7.442444,2.203656,0.875401,4.37,4.42,4.56,4.59,4.23,3.96,4.02,2012-02-17,-
2022-09-16,2654,万润科技,文化传媒,4.18,4.21,4.04,4.05,4.04,9845100,40557001.0,1.2882,-3.11,4.07,否,0.82,-8.163,-12.527,-5.594,-6.467,否,855125963,764252690,3463260150.15,3095223394.5,-7.21098,2.135121,0.848176,4.29,4.4,4.5,4.58,4.24,3.96,4.02,2012-02-17,-
2022-09-19,2654,万润科技,文化传媒,4.06,4.11,3.97,3.99,3.97,9693400,38998249.0,1.2684,-1.482,3.46,否,0.9,-8.696,-11.136,-10.337,-16.176,否,855125963,764252690,3411952592.37,3049368233.1,-7.104151,2.10349,0.83561,4.2,4.35,4.44,4.57,4.24,3.95,4.02,2012-02-17,-
2022-09-20,2654,万润科技,文化传媒,4.01,4.11,4.01,4.07,4.01,7918900,32186581.0,1.0362,2.005,2.51,否,0.77,-2.632,-7.919,-8.744,-22.328,否,855125963,764252690,3480362669.41,3110508448.3,-7.24659,2.145665,0.852365,4.13,4.31,4.39,4.56,4.24,3.95,4.02,2012-02-17,-
2022-09-21,2654,万润科技,文化传媒,4.09,4.12,4.0,4.09,4.0,9444199,38509514.91,1.2357,0.491,2.95,否,0.94,0.988,-7.256,-8.909,-20.583,否,855125963,764252690,3497465188.67,3125793502.1,-7.2822,2.156209,0.856553,4.08,4.27,4.34,4.55,4.24,3.95,4.02,2012-02-17,-
2022-09-22,2654,万润科技,文化传媒,4.08,4.12,3.99,4.0,3.99,10045407,40649211.21,1.3144,-2.201,3.18,否,0.98,0.251,-8.467,-13.607,-21.26,否,855125963,764252690,3420503852.0,3057010760.0,-7.121956,2.108762,0.837705,4.04,4.21,4.31,4.53,4.24,3.95,4.02,2012-02-17,-
2022-09-23,2654,万润科技,文化传媒,4.03,4.03,3.86,3.88,3.86,10795200,42315494.0,1.4125,-3.0,4.25,否,1.15,-4.668,-7.177,-13.586,-26.236,否,855125963,764252690,3317888736.44,2965300437.2,-6.908297,2.045499,0.812574,4.01,4.15,4.29,4.52,4.24,3.95,4.02,2012-02-17,-
2022-09-26,2654,万润科技,文化传媒,3.86,3.86,3.75,3.77,3.75,9217600,34985456.0,1.2061,-2.835,2.84,否,0.96,-7.824,-6.914,-14.706,-27.079,否,855125963,764252690,3223824880.51,2881232641.3,-6.712443,1.987508,0.789537,3.96,4.08,4.26,4.49,4.24,3.94,4.02,2012-02-17,-
2022-09-27,2654,万润科技,文化传媒,3.79,3.86,3.74,3.86,3.74,7532900,28666556.0,0.9857,2.387,3.18,否,0.79,-3.5,-3.258,-12.472,-24.609,否,855125963,764252690,3300786217.18,2950015383.4,-6.872687,2.034955,0.808385,3.92,4.03,4.23,4.44,4.24,3.94,4.02,2012-02-17,-
2022-09-28,2654,万润科技,文化传媒,3.85,3.87,3.73,3.75,3.73,7179600,27314704.4,0.9394,-2.85,3.63,否,0.76,-3.351,-7.862,-14.188,-25.889,否,855125963,764252690,3206722361.25,2865947587.5,-6.676833,1.976964,0.785348,3.85,3.96,4.2,4.39,4.24,3.94,4.02,2012-02-17,-
2022-09-29,2654,万润科技,文化传媒,3.81,3.83,3.68,3.71,3.68,10918400,40737359.0,1.4286,-1.067,4.0,否,1.22,-1.592,-9.291,-11.244,-18.462,否,855125963,764252690,3172517322.73,2835377479.9,-6.605614,1.955876,0.776971,3.79,3.92,4.17,4.35,4.24,3.93,4.02,2012-02-17,-
2022-09-30,2654,万润科技,文化传媒,3.76,3.86,3.69,3.8,3.69,15892944,60445322.2,2.0795,2.426,4.58,否,1.74,-1.554,-5.0,-6.173,-14.221,否,855125963,764252690,3249478659.4,2904160222.0,-6.765858,2.003323,0.795819,3.78,3.89,4.14,4.3,4.24,3.93,4.02,2012-02-17,-
2022-10-10,2654,万润科技,文化传媒,3.85,3.87,3.57,3.61,3.57,12223394,45250673.1,1.5994,-5.0,7.89,否,1.2,-3.733,-6.959,-9.524,-17.011,否,855125963,764252690,3087004726.43,2758952210.9,-6.427565,1.903157,0.756028,3.75,3.85,4.1,4.25,4.23,3.93,4.02,2012-02-17,-
2022-10-11,2654,万润科技,文化传媒,3.61,3.69,3.51,3.62,3.51,9669101,34617073.53,1.2652,0.277,4.99,否,0.9,-2.426,-3.979,-11.057,-17.54,否,855125963,764252690,3095555986.06,2766594737.8,-6.44537,1.908429,0.758123,3.7,3.81,4.06,4.2,4.23,3.92,4.02,2012-02-17,-
2022-10-12,2654,万润科技,文化传媒,3.62,3.88,3.59,3.86,3.59,13476900,50215792.0,1.7634,6.63,8.01,否,1.21,1.579,0.0,-5.623,-12.867,否,855125963,764252690,3300786217.18,2950015383.4,-6.872687,2.034955,0.808385,3.72,3.79,4.03,4.16,4.23,3.92,4.02,2012-02-17,-
2022-10-13,2654,万润科技,文化传媒,3.83,3.96,3.8,3.88,3.8,9916310,38694815.15,1.2975,0.518,4.15,否,0.8,7.479,3.467,-3.0,-9.767,否,855125963,764252690,3317888736.44,2965300437.2,-6.908297,2.045499,0.812574,3.75,3.77,3.99,4.13,4.23,3.92,4.02,2012-02-17,-
2022-10-14,2654,万润科技,文化传媒,3.91,4.19,3.89,4.19,3.89,12545149,49939376.64,1.6415,7.99,7.73,否,1.03,15.746,12.938,7.99,-2.331,否,855125963,764252690,3582977784.97,3202218771.1,-7.460248,2.208928,0.877496,3.83,3.81,3.98,4.13,4.24,3.93,4.02,2012-02-17,-
2022-10-17,2654,万润科技,文化传媒,4.09,4.15,4.04,4.14,4.04,17002000,69588602.0,2.2247,-1.193,2.63,否,1.47,7.254,8.947,9.814,-6.966,否,855125963,764252690,3540221486.82,3164006136.6,-7.371224,2.182568,0.867024,3.94,3.84,3.96,4.12,4.25,3.93,4.02,2012-02-17,-
2022-10-18,2654,万润科技,文化传媒,4.15,4.16,4.05,4.08,4.05,9699100,39599159.0,1.2691,-1.449,2.66,否,0.77,5.155,13.019,5.699,-8.52,否,855125963,764252690,3488913929.04,3118150975.2,-7.264395,2.150937,0.854459,4.03,3.86,3.95,4.11,4.25,3.93,4.02,2012-02-17,-
2022-10-19,2654,万润科技,文化传媒,4.05,4.28,4.01,4.08,4.01,22135201,91576661.84,2.8963,0.0,6.62,否,1.77,-2.625,12.707,8.8,-9.131,否,855125963,764252690,3488913929.04,3118150975.2,-7.264395,2.150937,0.854459,4.07,3.9,3.93,4.1,4.25,3.94,4.02,2012-02-17,-
2022-10-20,2654,万润科技,文化传媒,4.05,4.17,4.02,4.12,4.02,13966210,57275756.5,1.8274,0.98,3.68,否,0.98,-0.483,6.736,11.051,-11.015,否,855125963,764252690,3523118967.56,3148721082.8,-7.335614,2.172024,0.862836,4.12,3.94,3.93,4.09,4.26,3.94,4.03,2012-02-17,-
2022-10-21,2654,万润科技,文化传媒,4.13,4.14,4.03,4.04,4.03,8898380,36206114.6,1.1643,-1.942,2.67,否,0.59,-0.98,4.124,6.316,-10.022,否,855125963,764252690,3454708890.52,3087580867.6,-7.193175,2.129849,0.846082,4.09,3.96,3.93,4.08,4.26,3.95,4.03,2012-02-17,-
2022-10-24,2654,万润科技,文化传媒,4.07,4.13,3.95,3.97,3.95,11262500,45477403.0,1.4737,-1.733,4.46,否,0.79,-2.696,-5.251,9.972,-10.181,否,855125963,764252690,3394850073.11,3034083179.3,-7.068541,2.092946,0.831422,4.06,4.0,3.93,4.07,4.26,3.95,4.03,2012-02-17,-
2022-10-25,2654,万润科技,文化传媒,3.94,4.03,3.92,3.99,3.92,9815180,39016685.6,1.2843,0.504,2.77,否,0.74,-3.155,-3.623,10.221,-9.524,否,855125963,764252690,3411952592.37,3049368233.1,-7.104151,2.10349,0.83561,4.04,4.04,3.92,4.05,4.26,3.96,4.03,2012-02-17,-
2022-10-26,2654,万润科技,文化传媒,4.0,4.39,3.98,4.39,3.98,21909326,93769688.14,2.8668,10.025,10.28,否,1.66,8.663,7.598,13.731,0.458,是,855125963,764252690,3754002977.57,3355069309.1,-7.816346,2.314366,0.919381,4.1,4.09,3.94,4.05,4.27,3.97,4.03,2012-02-17,-
2022-10-27,2654,万润科技,文化传媒,4.48,4.82,4.39,4.5,4.39,78599573,360385486.99,10.2845,2.506,9.79,否,5.97,13.35,10.294,15.979,7.656,否,855125963,764252690,3848066833.5,3439137105.0,-8.0122,2.372357,0.942418,4.18,4.15,3.96,4.04,4.28,3.98,4.04,2012-02-17,-
2022-10-28,2654,万润科技,文化传媒,4.36,4.51,4.29,4.38,4.29,41088276,180160869.49,5.3763,-2.667,4.89,否,1.57,9.774,6.311,4.535,8.148,否,855125963,764252690,3745451717.94,3347426782.2,-7.462891,2.330781,1.092779,4.25,4.17,3.99,4.04,4.29,3.99,4.04,2012-02-17,-
2022-10-31,2654,万润科技,文化传媒,4.3,4.58,4.22,4.47,4.22,42022490,186352796.74,5.4985,2.055,8.22,否,1.29,1.822,10.644,7.971,12.03,否,855125963,764252690,3822413054.61,3416209524.3,-7.616238,2.378673,1.115234,4.35,4.2,4.02,4.04,4.3,4.0,4.04,2012-02-17,-
2022-11-01,2654,万润科技,文化传媒,4.44,4.7,4.35,4.59,4.35,39297189,177463555.91,5.1419,2.685,7.83,否,1.02,2.0,15.617,12.5,12.776,否,855125963,764252690,3925028170.17,3507919847.1,-7.820701,2.44253,1.145173,4.47,4.25,4.06,4.05,4.31,4.02,4.05,2012-02-17,-
2022-11-02,2654,万润科技,文化传媒,4.59,4.59,4.49,4.53,4.49,27844740,126134903.95,3.6434,-1.307,2.18,否,0.62,3.425,13.534,11.029,10.758,否,855125963,764252690,3873720612.39,3462064685.7,-7.718469,2.410602,1.130203,4.49,4.3,4.1,4.05,4.32,4.03,4.05,2012-02-17,-
2022-11-03,2654,万润科技,文化传媒,4.49,4.58,4.42,4.47,4.42,19040210,85234572.4,2.4914,-1.325,3.53,否,0.42,0.0,1.822,8.495,11.75,否,855125963,764252690,3822413054.61,3416209524.3,-7.616238,2.378673,1.115234,4.49,4.33,4.14,4.06,4.33,4.04,4.06,2012-02-17,-
2022-11-04,2654,万润科技,文化传媒,4.5,4.58,4.44,4.53,4.44,22981351,103480595.5,3.007,1.342,3.13,否,0.68,-1.307,0.667,12.129,16.753,否,855125963,764252690,3873720612.39,3462064685.7,-7.718469,2.410602,1.130203,4.52,4.38,4.17,4.08,4.33,4.05,4.06,2012-02-17,-
2022-11-07,2654,万润科技,文化传媒,4.52,4.67,4.49,4.57,4.49,23284342,106754288.64,3.0467,0.883,3.97,否,0.77,0.883,4.338,15.113,21.22,否,855125963,764252690,3907925650.91,3492634793.3,-7.786624,2.431888,1.140183,4.54,4.44,4.22,4.1,4.33,4.06,4.06,2012-02-17,-
2022-11-08,2654,万润科技,文化传媒,4.56,4.58,4.46,4.51,4.46,13827393,62239296.5,1.8093,-1.313,2.63,否,0.52,0.895,0.895,13.033,16.839,否,855125963,764252690,3856618093.13,3446779631.9,-7.684392,2.399959,1.125213,4.52,4.49,4.26,4.11,4.34,4.07,4.07,2012-02-17,-
2022-11-09,2654,万润科技,文化传媒,4.5,4.5,4.4,4.43,4.4,14417571,64033374.46,1.8865,-1.774,2.22,否,0.67,-2.208,-3.486,0.911,18.133,否,855125963,764252690,3788208016.09,3385639416.7,-7.548084,2.357388,1.105254,4.5,4.5,4.29,4.12,4.34,4.08,4.07,2012-02-17,-
2022-11-10,2654,万润科技,文化传媒,4.4,4.85,4.39,4.71,4.39,48525047,225910344.68,6.3493,6.321,10.38,否,2.59,3.063,3.974,4.667,26.954,否,855125963,764252690,4027643285.73,3599630169.9,-8.025164,2.506387,1.175112,4.55,4.52,4.33,4.15,4.34,4.08,4.08,2012-02-17,-
2022-11-11,2654,万润科技,文化传媒,4.71,4.73,4.58,4.61,4.58,32011861,148254639.96,4.1886,-2.123,3.18,否,1.3,2.217,3.132,5.251,21.316,否,855125963,764252690,3942130689.43,3523204900.9,-7.854778,2.453173,1.150163,4.57,4.54,4.36,4.17,4.35,4.09,4.08,2012-02-17,-
2022-11-14,2654,万润科技,文化传媒,4.64,4.64,4.52,4.57,4.52,14874298,67850842.28,1.9463,-0.868,2.6,否,0.56,3.16,0.883,2.237,26.593,否,855125963,764252690,3907925650.91,3492634793.3,-7.786624,2.431888,1.140183,4.57,4.55,4.38,4.2,4.34,4.1,4.09,2012-02-17,-
2022-11-15,2654,万润科技,文化传媒,4.59,4.66,4.53,4.65,4.53,20592562,95111830.33,2.6945,1.751,2.84,否,0.83,-1.274,1.751,1.307,28.453,否,855125963,764252690,3976335727.95,3553775008.5,-7.922932,2.474459,1.160142,4.59,4.56,4.41,4.23,4.33,4.11,4.09,2012-02-17,-
2022-11-16,2654,万润科技,文化传媒,4.62,4.75,4.61,4.69,4.61,19052356,89337040.96,2.4929,0.86,3.01,否,0.73,1.735,3.991,3.532,21.503,否,855125963,764252690,4010540766.47,3584345116.1,-7.991086,2.495745,1.170122,4.65,4.57,4.44,4.26,4.32,4.12,4.1,2012-02-17,-
2022-11-17,2654,万润科技,文化传媒,4.69,4.69,4.54,4.63,4.54,17516451,80372624.09,2.292,-1.279,3.2,否,0.65,1.313,4.515,3.579,19.33,否,855125963,764252690,3959233208.69,3538489954.7,-7.888855,2.463816,1.155153,4.63,4.59,4.46,4.29,4.32,4.13,4.1,2012-02-17,-
2022-11-18,2654,万润科技,文化传媒,4.67,4.68,4.51,4.51,4.51,17025100,78222103.0,2.2277,-2.592,3.67,否,0.82,-3.011,-4.246,-0.442,7.637,否,855125963,764252690,3856618093.13,3446779631.9,-7.684392,2.399959,1.125213,4.61,4.59,4.49,4.31,4.3,4.13,4.11,2012-02-17,-
2022-11-21,2654,万润科技,文化传媒,4.5,4.58,4.47,4.55,4.47,11266200,50971107.0,1.4741,0.887,2.44,否,0.63,-2.985,-1.302,-0.438,9.903,否,855125963,764252690,3890823131.65,3477349739.5,-7.752547,2.421245,1.135193,4.61,4.59,4.51,4.34,4.29,4.14,4.11,2012-02-17,-
2022-11-22,2654,万润科技,文化传媒,4.58,4.68,4.44,4.46,4.44,14786100,67119206.0,1.9347,-1.978,5.27,否,0.87,-3.672,-2.407,-1.109,9.314,否,855125963,764252690,3813861794.98,3408566997.4,-7.599199,2.373352,1.112739,4.57,4.58,4.54,4.37,4.28,4.15,4.12,2012-02-17,-
2022-11-23,2654,万润科技,文化传媒,4.47,4.52,4.29,4.5,4.29,16998400,74765822.0,2.2242,0.897,5.16,否,1.07,-0.222,-3.226,1.58,10.294,否,855125963,764252690,3848066833.5,3439137105.0,-7.667354,2.394638,1.122718,4.53,4.59,4.54,4.39,4.27,4.15,4.12,2012-02-17,-
2022-11-24,2654,万润科技,文化传媒,4.47,4.57,4.39,4.48,4.39,10013800,44848815.0,1.3103,-0.444,4.0,否,0.65,-1.538,-4.478,-4.883,8.738,否,855125963,764252690,3830964314.24,3423852051.2,-7.633277,2.383995,1.117729,4.5,4.57,4.54,4.41,4.27,4.16,4.12,2012-02-17,-
2022-11-25,2654,万润科技,文化传媒,4.46,4.53,4.42,4.44,4.42,8682700,38815854.0,1.1361,-0.893,2.46,否,0.62,-0.448,-4.104,-3.688,9.901,否,855125963,764252690,3796759275.72,3393281943.6,-7.565122,2.362709,1.107749,4.49,4.55,4.55,4.42,4.27,4.17,4.13,2012-02-17,-
2022-11-28,2654,万润科技,文化传媒,4.39,4.48,4.33,4.41,4.33,8650600,38126015.0,1.1319,-0.676,3.38,否,0.7,-2.0,-2.217,-3.501,11.083,否,855125963,764252690,3771105496.83,3370354362.9,-7.514007,2.346745,1.100264,4.46,4.53,4.54,4.43,4.27,4.17,4.13,2012-02-17,-
2022-11-29,2654,万润科技,文化传媒,4.41,4.61,4.39,4.53,4.39,16939000,76715652.0,2.2164,2.721,4.99,否,1.43,1.116,-0.44,-2.581,13.534,否,855125963,764252690,3873720612.39,3462064685.7,-7.718469,2.410602,1.130203,4.47,4.52,4.54,4.44,4.28,4.18,4.13,2012-02-17,-
2022-11-30,2654,万润科技,文化传媒,4.57,4.62,4.5,4.6,4.5,14823600,67519128.0,1.9396,1.545,2.65,否,1.21,3.604,3.139,-1.919,4.784,否,855125963,764252690,3933579429.8,3515562374.0,-7.837739,2.447852,1.147668,4.49,4.51,4.54,4.46,4.28,4.18,4.14,2012-02-17,-
2022-12-01,2654,万润科技,文化传媒,4.77,4.77,4.55,4.59,4.55,19373105,89620612.05,2.5349,-0.217,4.78,否,1.64,4.082,2.0,-0.864,2.0,否,855125963,764252690,3925028170.17,3507919847.1,-7.820701,2.44253,1.145173,4.51,4.51,4.55,4.48,4.28,4.19,4.14,2012-02-17,-
2022-12-02,2654,万润科技,文化传媒,4.48,4.74,4.46,4.68,4.46,22422000,104711200.0,2.9338,1.961,6.1,否,1.64,3.311,4.464,3.769,6.849,否,855125963,764252690,4001989506.84,3576702589.2,-7.974048,2.490423,1.167627,4.56,4.52,4.56,4.5,4.29,4.2,4.15,2012-02-17,-
2022-12-05,2654,万润科技,文化传媒,4.68,4.9,4.66,4.82,4.66,30481338,146395604.14,3.9884,2.992,5.13,否,1.85,4.783,8.559,5.934,7.83,否,855125963,764252690,4121707141.66,3683697965.8,-8.212588,2.564923,1.202556,4.64,4.55,4.57,4.53,4.3,4.21,4.15,2012-02-17,-
2022-12-06,2654,万润科技,文化传媒,4.81,5.29,4.76,5.13,4.76,52798788,265735955.6,6.9086,6.432,11.0,否,2.54,11.765,16.327,15.022,11.765,否,855125963,764252690,4386796190.19,3920616299.7,-8.740783,2.729887,1.279899,4.76,4.62,4.6,4.56,4.31,4.22,4.16,2012-02-17,-
2022-12-07,2654,万润科技,文化传媒,5.2,5.35,5.13,5.16,5.13,55516103,289338303.2,7.2641,0.585,4.29,否,1.98,10.256,13.907,14.667,13.907,否,855125963,764252690,4412449969.08,3943543880.4,-8.791899,2.745851,1.287384,4.88,4.68,4.64,4.59,4.32,4.23,4.16,2012-02-17,-
2022-12-08,2654,万润科技,文化传媒,5.24,5.33,5.16,5.25,5.16,39796848,207814645.83,5.2073,1.744,3.29,否,1.1,8.921,14.13,17.188,17.45,否,855125963,764252690,4489411305.75,4012326622.5,-8.945246,2.793744,1.309838,5.01,4.76,4.66,4.62,4.33,4.25,4.17,2012-02-17,-
2022-12-09,2654,万润科技,文化传媒,5.2,5.33,5.13,5.24,5.13,33797060,176871684.8,4.4222,-0.191,3.81,否,0.84,2.144,14.161,18.018,15.673,否,855125963,764252690,4480860046.12,4004684095.6,-8.928207,2.788423,1.307343,5.12,4.84,4.69,4.64,4.34,4.26,4.18,2012-02-17,-
2022-12-12,2654,万润科技,文化传媒,5.29,5.53,5.16,5.23,5.16,25035231,131829227.39,3.2758,-0.191,7.06,否,0.59,1.357,11.752,18.594,14.442,否,855125963,764252690,4472308786.49,3997041568.7,-8.911169,2.783101,1.304848,5.2,4.92,4.73,4.67,4.36,4.27,4.18,2012-02-17,-
2022-12-13,2654,万润科技,文化传媒,5.23,5.27,5.16,5.17,5.16,25238300,131424448.0,3.3024,-1.147,2.1,否,0.61,-1.524,7.261,14.128,14.634,否,855125963,764252690,4421001228.71,3951186407.3,-8.808937,2.751173,1.289879,5.21,4.99,4.75,4.69,4.37,4.29,4.19,2012-02-17,-
2022-12-14,2654,万润科技,文化传媒,5.22,5.28,5.05,5.16,5.05,29689149,153081786.76,3.8847,-0.193,4.45,否,0.83,-1.527,0.585,12.174,16.479,否,855125963,764252690,4412449969.08,3943543880.4,-8.791899,2.745851,1.287384,5.21,5.04,4.78,4.71,4.38,4.3,4.2,2012-02-17,-
2022-12-15,2654,万润科技,文化传媒,5.17,5.43,5.12,5.34,5.12,50974085,269792192.75,6.6698,3.488,6.01,否,1.66,2.103,3.488,16.34,13.376,否,855125963,764252690,4566372642.42,4081109364.6,-9.098593,2.841637,1.332293,5.23,5.12,4.81,4.74,4.4,4.31,4.2,2012-02-17,-
2022-12-16,2654,万润科技,文化传媒,5.35,5.47,5.2,5.36,5.2,34247200,182560642.0,4.4811,0.375,5.06,否,1.04,3.675,2.095,14.53,16.269,否,855125963,764252690,4583475161.68,4096394418.4,-9.13267,2.85228,1.337282,5.25,5.19,4.86,4.77,4.42,4.33,4.21,2012-02-17,-
2022-12-19,2654,万润科技,文化传媒,5.34,5.35,5.01,5.05,5.01,42319766,217265705.98,5.5374,-5.784,6.34,否,1.28,-2.132,-3.626,4.772,10.503,否,855125963,764252690,4318386113.15,3859476084.5,-8.604475,2.687316,1.25994,5.22,5.21,4.88,4.78,4.44,4.34,4.22,2012-02-17,-
2022-12-20,2654,万润科技,文化传媒,5.02,5.14,4.88,5.0,4.88,26488201,132388785.97,3.4659,-0.99,5.15,否,0.73,-6.367,-4.398,-2.534,7.527,否,855125963,764252690,4275629815.0,3821263450.0,-8.519282,2.660709,1.247465,5.18,5.2,4.91,4.8,4.46,4.35,4.22,2012-02-17,-
2022-12-21,2654,万润科技,文化传媒,5.0,5.09,4.82,4.95,4.82,20045000,99060446.0,2.6228,-1.0,5.4,否,0.55,-7.649,-4.255,-4.07,5.544,否,855125963,764252690,4232873516.85,3783050815.5,-8.434089,2.634101,1.23499,5.14,5.18,4.93,4.82,4.47,4.36,4.23,2012-02-17,-
2022-12-22,2654,万润科技,文化传媒,4.98,5.13,4.87,5.03,4.87,28068600,140310918.0,3.6727,1.616,5.25,否,0.81,-0.396,-2.519,-4.19,8.639,否,855125963,764252690,4301283593.89,3844191030.7,-8.570398,2.676673,1.25495,5.08,5.15,4.96,4.83,4.49,4.37,4.23,2012-02-17,-
2022-12-23,2654,万润科技,文化传媒,4.98,5.14,4.93,4.99,4.93,21036000,106059829.0,2.7525,-0.795,4.17,否,0.7,-0.2,-6.554,-4.771,10.643,否,855125963,764252690,4267078555.37,3813620923.1,-8.502243,2.655387,1.24497,5.0,5.13,4.98,4.84,4.51,4.37,4.23,2012-02-17,-
2022-12-26,2654,万润科技,文化传媒,4.98,5.14,4.97,5.1,4.97,25225201,128092212.05,3.3006,2.204,3.41,否,0.91,3.03,-4.851,-2.486,12.088,否,855125963,764252690,4361142411.3,3897688719.0,-8.689668,2.713923,1.272414,5.01,5.12,5.02,4.86,4.53,4.38,4.24,2012-02-17,-
2022-12-27,2654,万润科技,文化传媒,5.1,5.1,4.87,4.9,4.87,23156701,114510250.99,3.03,-3.922,4.51,否,0.96,-2.584,-2.97,-5.222,9.865,否,855125963,764252690,4190117218.7,3744838181.0,-8.348896,2.607494,1.222516,4.99,5.09,5.04,4.87,4.55,4.39,4.24,2012-02-17,-
2022-12-28,2654,万润科技,文化传媒,4.91,4.96,4.68,4.76,4.68,23760800,114370105.0,3.109,-2.857,5.71,否,1.01,-4.609,-4.8,-7.752,5.778,否,855125963,764252690,4070399583.88,3637842804.4,-8.110356,2.532995,1.187587,4.96,5.05,5.05,4.87,4.56,4.4,4.24,2012-02-17,-
2022-12-29,2654,万润科技,文化传媒,4.77,4.98,4.68,4.93,4.68,34214700,164799333.0,4.4769,3.571,6.3,否,1.41,-3.333,-0.404,-7.678,10.045,否,855125963,764252690,4215770997.59,3767765761.7,-8.400012,2.623459,1.23,4.94,5.01,5.06,4.88,4.58,4.41,4.25,2012-02-17,-
2022-12-30,2654,万润科技,文化传媒,4.83,5.11,4.83,5.04,4.83,35765215,178564866.85,4.6798,2.231,5.68,否,1.4,2.857,0.199,-5.97,13.514,否,855125963,764252690,4309834853.52,3851833557.6,-8.587436,2.681994,1.257445,4.95,4.98,5.08,4.9,4.6,4.42,4.25,2012-02-17,-
2023-01-03,2654,万润科技,文化传媒,5.03,5.06,4.94,5.03,4.94,19575600,97934880.0,2.5614,-0.198,2.38,否,0.69,5.672,0.802,-0.396,14.059,否,855125963,764252690,4301283593.89,3844191030.7,-8.570398,2.676673,1.25495,4.93,4.97,5.09,4.91,4.63,4.43,4.25,2012-02-17,-
2023-01-04,2654,万润科技,文化传媒,4.92,4.92,4.53,4.53,4.53,77456363,362665078.98,10.1349,-9.94,7.75,否,2.84,-8.114,-11.176,-9.4,0.0,否,855125963,764252690,3873720612.39,3462064685.7,-7.718469,2.410602,1.130203,4.86,4.93,5.06,4.91,4.64,4.44,4.26,2012-02-17,-
2023-01-05,2654,万润科技,文化传媒,4.53,4.98,4.5,4.75,4.5,86594664,417227404.65,11.3306,4.857,10.6,否,2.27,-5.754,-3.061,-4.04,3.261,否,855125963,764252690,4061848324.25,3630200277.5,-8.093318,2.527673,1.185092,4.86,4.91,5.04,4.92,4.66,4.44,4.26,2012-02-17,-
2023-01-06,2654,万润科技,文化传媒,4.63,4.78,4.57,4.63,4.57,50815665,236183839.25,6.6491,-2.526,4.42,否,1.0,-7.952,-2.731,-7.952,0.871,否,855125963,764252690,3959233208.69,3538489954.7,-7.888855,2.463816,1.155153,4.8,4.87,5.01,4.93,4.67,4.45,4.26,2012-02-17,-
2023-01-09,2654,万润科技,文化传媒,4.63,4.67,4.52,4.55,4.52,22636600,103450893.0,2.9619,-1.728,3.24,否,0.42,0.442,-7.708,-8.818,-2.778,否,855125963,764252690,3890823131.65,3477349739.5,-7.752547,2.421245,1.135193,4.7,4.82,4.98,4.93,4.68,4.46,4.26,2012-02-17,-
2023-01-10,2654,万润科技,文化传媒,4.55,4.65,4.53,4.55,4.53,18162000,82949699.0,2.3764,0.0,2.64,否,0.35,-4.211,-9.722,-10.784,-5.602,否,855125963,764252690,3890823131.65,3477349739.5,-7.752547,2.421245,1.135193,4.6,4.77,4.94,4.94,4.68,4.46,4.26,2012-02-17,-
2023-01-11,2654,万润科技,文化传媒,4.54,4.75,4.53,4.67,4.53,32580900,151723503.0,4.2631,2.637,4.84,否,0.64,0.864,-7.157,-4.694,-8.967,否,855125963,764252690,3993438247.21,3569060062.3,-7.957009,2.485102,1.165132,4.63,4.74,4.92,4.94,4.69,4.47,4.27,2012-02-17,-
2023-01-12,2654,万润科技,文化传媒,4.67,5.14,4.63,5.14,4.63,81101950,405557244.0,10.6119,10.064,10.92,否,1.92,12.967,13.466,7.983,-0.388,是,855125963,764252690,4395347449.82,3928258826.6,-8.757822,2.735208,1.282394,4.71,4.78,4.92,4.96,4.71,4.48,4.27,2012-02-17,-
2023-01-13,2654,万润科技,文化传媒,5.15,5.26,4.94,5.04,4.94,72942108,370189374.13,9.5442,-1.946,6.23,否,1.78,10.769,6.105,2.231,-4.0,否,855125963,764252690,4309834853.52,3851833557.6,-8.587436,2.681994,1.257445,4.79,4.79,4.9,4.97,4.72,4.49,4.27,2012-02-17,-
2023-01-16,2654,万润科技,文化传媒,5.06,5.09,4.95,5.06,4.95,30275400,152497758.0,3.9614,0.397,2.78,否,0.67,8.351,9.287,0.397,-3.435,否,855125963,764252690,4326937372.78,3867118611.4,-8.621513,2.692637,1.262435,4.89,4.8,4.89,4.99,4.74,4.5,4.28,2012-02-17,-
2023-01-17,2654,万润科技,文化传媒,5.04,5.09,4.85,4.88,4.85,37848100,186611006.0,4.9523,-3.557,4.74,否,0.81,-5.058,7.253,-2.982,-6.692,否,855125963,764252690,4173014699.44,3729553127.2,-8.314819,2.596852,1.217526,4.96,4.78,4.88,4.99,4.76,4.51,4.28,2012-02-17,-
2023-01-18,2654,万润科技,文化传媒,4.9,5.08,4.83,4.88,4.83,31285800,153897742.0,4.0936,0.0,5.12,否,0.61,-3.175,7.253,7.726,-5.609,否,855125963,764252690,4173014699.44,3729553127.2,-8.314819,2.596852,1.217526,5.0,4.82,4.87,4.98,4.77,4.52,4.28,2012-02-17,-
2023-01-19,2654,万润科技,文化传媒,4.85,4.88,4.77,4.83,4.77,20825300,100419093.0,2.7249,-1.025,2.25,否,0.41,-4.545,3.426,1.684,-6.395,否,855125963,764252690,4130258401.29,3691340492.7,-8.229626,2.570244,1.205051,4.94,4.82,4.86,4.97,4.78,4.53,4.28,2012-02-17,-
2023-01-20,2654,万润科技,文化传媒,4.86,4.94,4.84,4.87,4.84,19493625,95246726.44,2.5507,0.828,2.07,否,0.5,-0.205,-5.253,5.184,-8.801,否,855125963,764252690,4164463439.81,3721910600.3,-8.297781,2.59153,1.215031,4.9,4.85,4.86,4.96,4.79,4.53,4.28,2012-02-17,-
2023-01-30,2654,万润科技,文化传媒,4.92,5.36,4.92,5.36,4.92,94906100,498394980.5,12.4182,10.062,9.03,否,3.4,9.836,6.349,17.802,0.0,是,855125963,764252690,4583475161.68,4096394418.4,-9.13267,2.85228,1.337282,4.96,4.93,4.88,4.96,4.8,4.55,4.29,2012-02-17,-
2023-01-31,2654,万润科技,文化传媒,5.41,5.52,5.15,5.27,5.15,94235100,499614628.0,12.3304,-1.679,6.9,否,2.31,9.11,4.15,15.824,4.356,否,855125963,764252690,4506513825.01,4027611676.3,-8.979323,2.804387,1.314828,5.04,5.0,4.88,4.96,4.81,4.56,4.29,2012-02-17,-
2023-02-01,2654,万润科技,文化传媒,5.25,5.4,5.2,5.38,5.2,53509800,284690906.0,7.0016,2.087,3.8,否,1.03,10.472,10.246,15.203,7.6,否,855125963,764252690,4600577680.94,4111679472.2,-9.166747,2.862922,1.342272,5.14,5.07,4.91,4.97,4.83,4.57,4.3,2012-02-17,-
2023-02-02,2654,万润科技,文化传媒,5.35,5.38,5.24,5.33,5.24,38508400,203896952.0,5.0387,-0.929,2.6,否,0.68,-0.56,9.221,3.696,7.677,否,855125963,764252690,4557821382.79,4073466837.7,-9.081554,2.836315,1.329798,5.24,5.09,4.94,4.97,4.84,4.58,4.3,2012-02-17,-
2023-02-03,2654,万润科技,文化传媒,5.27,5.78,5.21,5.59,5.21,90748000,498373257.0,11.8741,4.878,10.69,否,1.51,6.072,15.735,10.913,11.133,否,855125963,764252690,4780154133.17,4272172537.1,-9.524557,2.974672,1.394666,5.39,5.15,4.97,4.98,4.86,4.59,4.3,2012-02-17,-
2023-02-06,2654,万润科技,文化传媒,5.58,5.58,5.41,5.42,5.41,41073450,224216550.5,5.3743,-3.041,3.04,否,0.55,0.743,11.294,7.115,8.617,否,855125963,764252690,4634782719.46,4142249579.8,-9.234902,2.884208,1.352252,5.4,5.18,4.99,4.98,4.87,4.6,4.31,2012-02-17,-
2023-02-07,2654,万润科技,文化传媒,5.44,5.47,5.33,5.38,5.33,33885822,182526338.92,4.4339,-0.738,2.58,否,0.53,0.938,0.373,10.246,5.49,否,855125963,764252690,4600577680.94,4111679472.2,-9.166747,2.862922,1.342272,5.42,5.23,5.01,4.99,4.89,4.61,4.31,2012-02-17,-
2023-02-08,2654,万润科技,文化传媒,5.35,5.42,5.31,5.38,5.31,23485941,126173715.96,3.0731,0.0,2.04,否,0.46,-3.757,2.087,10.246,9.796,否,855125963,764252690,4600577680.94,4111679472.2,-9.166747,2.862922,1.342272,5.42,5.28,5.05,5.01,4.9,4.62,4.32,2012-02-17,-
2023-02-09,2654,万润科技,文化传媒,5.38,5.38,5.23,5.36,5.23,29491700,156381954.0,3.8589,-0.372,2.79,否,0.65,-1.107,-0.372,10.973,12.605,否,855125963,764252690,4583475161.68,4096394418.4,-9.13267,2.85228,1.337282,5.43,5.33,5.08,5.02,4.92,4.63,4.32,2012-02-17,-
2023-02-10,2654,万润科技,文化传媒,5.31,5.66,5.3,5.41,5.3,48075676,262582504.76,6.2905,0.933,6.72,否,1.1,0.558,1.501,11.088,9.736,否,855125963,764252690,4626231459.83,4134607052.9,-9.217863,2.878887,1.349757,5.39,5.39,5.12,5.03,4.93,4.64,4.32,2012-02-17,-
2023-02-13,2654,万润科技,文化传媒,5.36,5.39,5.3,5.32,5.3,27601506,147006581.92,3.6116,-1.664,1.66,否,0.78,-1.115,-4.83,-0.746,5.556,否,855125963,764252690,4549270123.16,4065824310.8,-9.064516,2.830994,1.327303,5.37,5.38,5.16,5.04,4.94,4.64,4.33,2012-02-17,-
2023-02-14,2654,万润科技,文化传媒,5.32,5.35,5.24,5.25,5.24,21784100,115018664.94,2.8504,-1.316,2.07,否,0.67,-2.052,-3.137,-0.38,4.374,否,855125963,764252690,4489411305.75,4012326622.5,-8.945246,2.793744,1.309838,5.34,5.38,5.19,5.05,4.95,4.65,4.33,2012-02-17,-
2023-02-15,2654,万润科技,文化传媒,5.25,5.38,5.24,5.34,5.24,25327706,134775922.98,3.314,1.714,2.67,否,0.84,-1.294,-0.743,-0.743,17.881,否,855125963,764252690,4566372642.42,4081109364.6,-9.098593,2.841637,1.332293,5.34,5.38,5.22,5.06,4.96,4.65,4.33,2012-02-17,-
2023-02-16,2654,万润科技,文化传媒,5.33,5.43,5.11,5.15,5.11,33228800,175510566.0,4.3479,-3.558,5.99,否,1.09,-3.195,-4.275,-3.377,8.421,否,855125963,764252690,4403898709.45,3935901353.5,-8.77486,2.74053,1.284889,5.29,5.36,5.23,5.08,4.97,4.65,4.33,2012-02-17,-
2023-02-17,2654,万润科技,文化传媒,5.17,5.26,5.09,5.1,5.09,17099965,88135887.18,2.2375,-0.971,3.3,否,0.55,-2.857,-4.851,-8.766,10.151,否,855125963,764252690,4361142411.3,3897688719.0,-8.689668,2.713923,1.272414,5.23,5.31,5.23,5.08,4.98,4.65,4.33,2012-02-17,-
2023-02-20,2654,万润科技,文化传媒,5.08,5.19,5.02,5.14,5.02,13838803,70968948.33,1.8108,0.784,3.33,否,0.55,-3.745,-4.991,-5.166,12.967,否,855125963,764252690,4395347449.82,3928258826.6,-8.757822,2.735208,1.282394,5.2,5.28,5.23,5.09,4.99,4.65,4.33,2012-02-17,-
2023-02-21,2654,万润科技,文化传媒,5.13,5.18,5.09,5.17,5.09,16123400,82803175.0,2.1097,0.584,1.75,否,0.72,0.388,-2.82,-3.903,13.626,否,855125963,764252690,4421001228.71,3951186407.3,-8.808937,2.751173,1.289879,5.18,5.26,5.25,5.09,5.0,4.65,4.33,2012-02-17,-
2023-02-22,2654,万润科技,文化传媒,5.17,5.17,5.05,5.11,5.05,12716400,64841362.0,1.6639,-1.161,2.32,否,0.6,0.196,-2.667,-5.019,9.422,否,855125963,764252690,4369693670.93,3905331245.9,-8.706706,2.719244,1.274909,5.13,5.24,5.26,5.11,5.01,4.65,4.33,2012-02-17,-
2023-02-23,2654,万润科技,文化传媒,5.11,5.12,5.0,5.04,5.0,15680500,79187995.0,2.0517,-1.37,2.35,否,0.84,-1.946,-5.618,-5.97,-1.946,否,855125963,764252690,4309834853.52,3851833557.6,-8.587436,2.681994,1.257445,5.11,5.2,5.27,5.12,5.02,4.65,4.33,2012-02-17,-
2023-02-24,2654,万润科技,文化传媒,5.02,5.06,4.96,5.03,4.96,10777063,54089355.37,1.4101,-0.198,1.98,否,0.71,-2.708,-2.33,-7.024,-0.198,否,855125963,764252690,4301283593.89,3844191030.7,-8.570398,2.676673,1.25495,5.1,5.17,5.28,5.13,5.03,4.65,4.32,2012-02-17,-
2023-02-27,2654,万润科技,文化传媒,5.02,5.03,4.88,4.92,4.88,15535100,76828372.0,2.0327,-2.187,2.98,否,1.12,-3.718,-3.529,-7.519,-2.767,否,855125963,764252690,4207219737.96,3760123234.8,-8.382973,2.618137,1.227506,5.05,5.13,5.25,5.15,5.04,4.66,4.32,2012-02-17,-
2023-02-28,2654,万润科技,文化传媒,4.95,5.02,4.93,5.01,4.93,11035900,54991728.0,1.444,1.829,1.83,否,0.78,-0.595,-2.529,-4.571,2.664,否,855125963,764252690,4284181074.63,3828905976.9,-8.53632,2.66603,1.24996,5.02,5.1,5.24,5.16,5.05,4.66,4.32,2012-02-17,-
2023-03-01,2654,万润科技,文化传媒,5.02,5.13,5.0,5.11,5.0,19024300,96718079.0,2.4893,1.996,2.59,否,1.45,1.59,-1.161,-4.307,4.713,否,855125963,764252690,4369693670.93,3905331245.9,-8.706706,2.719244,1.274909,5.02,5.08,5.23,5.18,5.06,4.67,4.32,2012-02-17,-
2023-03-02,2654,万润科技,文化传媒,5.21,5.62,5.2,5.37,5.2,93005288,509557799.02,12.1694,5.088,8.22,否,6.45,9.146,5.088,4.272,11.18,否,855125963,764252690,4592026421.31,4104036945.3,-9.149709,2.857601,1.339777,5.09,5.1,5.23,5.18,5.07,4.67,4.32,2012-02-17,-
2023-03-03,2654,万润科技,文化传媒,5.44,5.55,5.31,5.32,5.31,69413213,377097312.87,9.0825,-0.931,4.47,否,2.32,6.188,5.556,4.314,9.24,否,855125963,764252690,4549270123.16,4065824310.8,-9.064516,2.830994,1.327303,5.15,5.12,5.22,5.19,5.08,4.68,4.32,2012-02-17,-
2023-03-06,2654,万润科技,文化传媒,5.39,5.44,5.29,5.35,5.29,35772703,191752352.05,4.6807,0.564,2.82,否,0.86,4.697,6.362,4.086,-0.187,否,855125963,764252690,4574923902.05,4088751891.5,-9.115632,2.846958,1.334788,5.23,5.14,5.21,5.2,5.09,4.69,4.32,2012-02-17,-
2023-03-07,2654,万润科技,文化传媒,5.35,5.44,5.22,5.24,5.22,31369703,166824526.05,4.1046,-2.056,4.11,否,0.69,-2.421,6.504,1.354,-0.569,否,855125963,764252690,4480860046.12,4004684095.6,-8.928207,2.788423,1.307343,5.28,5.15,5.21,5.21,5.1,4.7,4.33,2012-02-17,-
2023-03-08,2654,万润科技,文化传媒,5.16,5.42,5.14,5.38,5.14,33727703,179860147.87,4.4132,2.672,5.34,否,0.68,1.128,7.385,5.284,0.0,否,855125963,764252690,4600577680.94,4111679472.2,-9.166747,2.862922,1.342272,5.33,5.18,5.21,5.23,5.11,4.71,4.33,2012-02-17,-
2023-03-09,2654,万润科技,文化传媒,5.38,5.5,5.33,5.41,5.33,31777800,172069652.0,4.158,0.558,3.16,否,0.6,1.121,5.871,7.341,1.501,否,855125963,764252690,4626231459.83,4134607052.9,-9.217863,2.878887,1.349757,5.34,5.21,5.21,5.25,5.11,4.71,4.33,2012-02-17,-
2023-03-10,2654,万润科技,文化传媒,5.37,5.44,5.26,5.27,5.26,20808800,110772347.0,2.7228,-2.588,3.33,否,0.51,0.573,-1.862,4.771,-5.725,否,855125963,764252690,4506513825.01,4027611676.3,-8.979323,2.804387,1.314828,5.33,5.24,5.2,5.26,5.11,4.72,4.33,2012-02-17,-
2023-03-13,2654,万润科技,文化传媒,5.26,5.36,5.23,5.29,5.23,18064700,95353263.0,2.3637,0.38,2.47,否,0.59,-1.673,-0.564,7.52,-2.399,否,855125963,764252690,4523616344.27,4042896730.1,-9.0134,2.81503,1.319818,5.32,5.28,5.2,5.26,5.11,4.73,4.34,2012-02-17,-
2023-03-14,2654,万润科技,文化传媒,5.25,5.29,5.1,5.17,5.1,21194500,109724855.0,2.7732,-2.268,3.59,否,0.78,-4.436,-3.364,3.194,-3.903,否,855125963,764252690,4421001228.71,3951186407.3,-8.808937,2.751173,1.289879,5.3,5.29,5.2,5.26,5.11,4.73,4.34,2012-02-17,-
2023-03-15,2654,万润科技,文化传媒,5.22,5.49,5.19,5.38,5.19,34591400,185510207.0,4.5262,4.062,5.8,否,1.38,2.087,2.672,5.284,0.0,否,855125963,764252690,4600577680.94,4111679472.2,-9.166747,2.862922,1.342272,5.3,5.32,5.2,5.26,5.11,4.74,4.34,2012-02-17,-
2023-03-16,2654,万润科技,文化传媒,5.32,5.47,5.29,5.37,5.29,32756800,176309536.0,4.2861,-0.186,3.35,否,1.3,1.512,-0.186,0.0,0.187,否,855125963,764252690,4592026421.31,4104036945.3,-9.149709,2.857601,1.339777,5.3,5.32,5.21,5.26,5.12,4.75,4.35,2012-02-17,-
2023-03-17,2654,万润科技,文化传媒,5.43,5.91,5.43,5.68,5.43,113255574,650716134.56,14.8191,5.773,8.94,否,4.44,9.865,4.991,6.767,4.991,否,855125963,764252690,4857115469.84,4340955279.2,-9.677904,3.022565,1.41712,5.38,5.35,5.24,5.26,5.12,4.76,4.35,2012-02-17,-
2023-03-20,2654,万润科技,文化传媒,5.68,6.07,5.62,5.94,5.62,94966265,558879919.04,12.426,4.578,7.92,否,2.16,10.409,12.713,11.028,11.654,否,855125963,764252690,5079448220.22,4539660978.6,-10.120907,3.160922,1.481988,5.51,5.41,5.28,5.28,5.13,4.78,4.36,2012-02-17,-
2023-03-21,2654,万润科技,文化传媒,5.86,5.9,5.75,5.82,5.75,44533126,258796508.78,5.827,-2.02,2.53,否,0.75,8.38,10.019,11.069,10.857,否,855125963,764252690,4976833104.66,4447950655.8,-9.916444,3.097065,1.452049,5.64,5.47,5.31,5.29,5.14,4.79,4.37,2012-02-17,-
2023-03-22,2654,万润科技,文化传媒,5.82,5.86,5.75,5.84,5.75,34340300,199751067.0,4.4933,0.344,1.89,否,0.54,2.817,12.959,8.55,9.363,否,855125963,764252690,4993935623.92,4463235709.6,-9.950521,3.107708,1.457039,5.73,5.52,5.35,5.31,5.16,4.81,4.37,2012-02-17,-
2023-03-23,2654,万润科技,文化传媒,5.85,5.87,5.65,5.84,5.65,52098500,299205639.0,6.8169,0.0,3.77,否,0.81,-1.684,8.55,7.948,13.398,否,855125963,764252690,4993935623.92,4463235709.6,-9.950521,3.107708,1.457039,5.82,5.56,5.39,5.33,5.17,4.82,4.38,2012-02-17,-
2023-03-24,2654,万润科技,文化传媒,5.8,5.84,5.67,5.77,5.67,33027800,190022090.0,4.3216,-1.199,2.91,否,0.49,-0.859,7.449,9.488,13.137,否,855125963,764252690,4934076806.51,4409738021.3,-9.831251,3.070458,1.439575,5.84,5.61,5.42,5.34,5.19,4.84,4.39,2012-02-17,-
2023-03-27,2654,万润科技,文化传媒,5.75,5.81,5.65,5.73,5.65,26593699,152305808.23,3.4797,-0.693,2.77,否,0.51,-1.884,0.88,8.318,11.479,否,855125963,764252690,4899871767.99,4379167913.7,-9.763097,3.049172,1.429595,5.8,5.65,5.46,5.35,5.2,4.85,4.39,2012-02-17,-
2023-03-28,2654,万润科技,文化传媒,5.64,5.74,5.57,5.59,5.57,25750200,145390861.0,3.3693,-2.443,2.97,否,0.68,-4.281,-5.892,8.124,8.124,否,855125963,764252690,4780154133.17,4272172537.1,-9.524557,2.974672,1.394666,5.75,5.7,5.49,5.36,5.21,4.87,4.4,2012-02-17,-
2023-03-29,2654,万润科技,文化传媒,5.61,5.71,5.59,5.64,5.59,21654500,122443499.0,2.8334,0.895,2.15,否,0.63,-2.253,-3.093,4.833,10.372,否,855125963,764252690,4822910431.32,4310385171.6,-9.60975,3.001279,1.407141,5.71,5.72,5.52,5.37,5.22,4.88,4.4,2012-02-17,-
2023-03-30,2654,万润科技,文化传媒,5.65,5.87,5.53,5.77,5.53,47139850,269025480.5,6.1681,2.305,6.03,否,1.48,0.698,-1.199,7.449,14.484,否,855125963,764252690,4934076806.51,4409738021.3,-9.831251,3.070458,1.439575,5.7,5.76,5.54,5.39,5.24,4.9,4.41,2012-02-17,-
2023-03-31,2654,万润科技,文化传媒,5.78,5.83,5.66,5.75,5.66,29888950,171718580.0,3.9109,-0.347,2.95,否,0.97,2.862,-1.541,1.232,14.314,否,855125963,764252690,4916974287.25,4394452967.5,-9.797174,3.059815,1.434585,5.7,5.77,5.56,5.42,5.25,4.92,4.42,2012-02-17,-
2023-04-03,2654,万润科技,文化传媒,6.0,6.28,5.83,6.1,5.83,74377358,449343192.42,9.732,6.087,7.83,否,2.46,8.156,5.719,2.694,23.984,否,855125963,764252690,5216268374.3,4661941409.0,-10.393524,3.246064,1.521907,5.77,5.79,5.6,5.45,5.27,4.93,4.42,2012-02-17,-
2023-04-04,2654,万润科技,文化传媒,6.1,6.17,5.95,6.02,5.95,44436200,268445416.0,5.8143,-1.312,3.61,否,1.12,4.333,5.061,3.436,20.16,否,855125963,764252690,5147858297.26,4600801193.8,-10.257215,3.203493,1.501948,5.86,5.81,5.64,5.48,5.28,4.95,4.43,2012-02-17,-
2023-04-06,2654,万润科技,文化传媒,5.98,6.08,5.85,5.88,5.85,40560900,241509296.0,5.3073,-2.326,3.82,否,0.93,2.261,5.188,0.685,15.068,否,855125963,764252690,5028140662.44,4493805817.2,-10.018675,3.128993,1.467019,5.9,5.81,5.66,5.5,5.31,4.97,4.44,2012-02-17,-
2023-04-07,2654,万润科技,文化传媒,5.93,6.09,5.89,6.09,5.89,41082267,246316973.8,5.3755,3.571,3.4,否,0.87,-0.164,7.979,4.281,13.408,否,855125963,764252690,5207717114.67,4654298882.1,-10.376485,3.240743,1.519412,5.97,5.83,5.7,5.54,5.33,4.99,4.44,2012-02-17,-
2023-04-10,2654,万润科技,文化传媒,6.13,6.6,6.05,6.25,6.05,66026989,416806293.26,8.6394,2.627,9.03,否,1.43,3.821,8.319,8.319,17.481,否,855125963,764252690,5344537268.75,4776579312.5,-10.649102,3.325886,1.559331,6.07,5.88,5.75,5.58,5.36,5.01,4.45,2012-02-17,-
2023-04-11,2654,万润科技,文化传媒,6.23,6.79,6.1,6.7,6.1,68754960,446691012.8,8.9964,7.2,11.04,否,1.29,13.946,16.522,16.928,25.234,否,855125963,764252690,5729343952.1,5120493023.0,-11.415838,3.565349,1.671603,6.19,5.98,5.82,5.64,5.39,5.03,4.46,2012-02-17,-
2023-04-12,2654,万润科技,文化传媒,6.69,7.37,6.54,7.15,6.54,84555352,596470131.84,11.0638,6.716,12.39,否,1.62,17.406,17.213,27.907,36.45,否,855125963,764252690,6114150635.45,5464406733.5,-12.182573,3.804813,1.783875,6.41,6.14,5.92,5.71,5.43,5.06,4.47,2012-02-17,-
2023-04-13,2654,万润科技,文化传媒,7.08,7.85,7.07,7.27,7.07,86468833,639851109.21,11.3142,1.678,10.91,否,1.44,16.32,20.764,28.901,35.13,否,855125963,764252690,6216765751.01,5556117056.3,-12.387036,3.86867,1.813814,6.69,6.3,6.01,5.78,5.48,5.08,4.49,2012-02-17,-
2023-04-14,2654,万润科技,文化传媒,7.2,7.64,6.95,7.49,6.95,82010206,596423964.94,10.7308,3.026,9.49,否,1.18,11.791,27.381,29.809,38.447,否,855125963,764252690,6404893462.87,5724252648.1,-12.761884,3.985741,1.868703,6.97,6.47,6.12,5.85,5.52,5.11,4.5,2012-02-17,-
2023-04-17,2654,万润科技,文化传媒,7.5,8.24,7.31,8.24,7.31,99995586,794344288.02,13.0841,10.013,12.42,否,1.29,15.245,35.304,43.304,56.357,是,855125963,764252690,7046237935.12,6297442165.6,-14.039777,4.384848,2.055822,7.37,6.72,6.24,5.95,5.57,5.15,4.52,2012-02-17,-
2023-04-18,2654,万润科技,文化传媒,8.3,8.56,7.6,7.73,7.6,125293760,1004436061.1,16.3943,-6.189,11.65,否,1.49,6.327,23.68,26.721,46.125,否,855125963,764252690,6610123693.99,5907673293.7,-13.17081,4.113455,1.928581,7.58,6.88,6.33,6.03,5.61,5.18,4.53,2012-02-17,-
2023-04-19,2654,万润科技,文化传媒,7.54,8.1,7.45,7.47,7.45,94677660,731248933.49,12.3883,-3.364,8.41,否,0.99,-0.267,11.493,24.086,44.487,否,855125963,764252690,6387790943.61,5708967594.3,-12.727807,3.975099,1.863713,7.64,7.03,6.42,6.1,5.66,5.21,4.54,2012-02-17,-
2023-04-20,2654,万润科技,文化传媒,7.36,7.65,7.28,7.53,7.28,72140577,538530046.16,9.4394,0.803,4.95,否,0.74,-8.617,5.315,28.061,39.963,否,855125963,764252690,6439098501.39,5754822755.7,-12.830039,4.007027,1.878682,7.69,7.19,6.5,6.17,5.7,5.24,4.56,2012-02-17,-
2023-04-21,2654,万润科技,文化传媒,7.39,7.43,6.78,6.78,6.78,77616444,540122491.4,10.1559,-9.96,8.63,否,0.82,-12.29,-6.74,11.33,26.257,否,855125963,764252690,5797754029.14,5181633238.2,-11.552146,3.607921,1.691563,7.55,7.26,6.55,6.22,5.73,5.26,4.57,2012-02-17,-
2023-04-24,2654,万润科技,文化传媒,6.52,6.73,6.44,6.65,6.44,53004514,349937252.58,6.9355,-1.917,4.28,否,0.56,-10.977,-11.215,6.4,17.077,否,855125963,764252690,5686587653.95,5082280388.5,-11.330645,3.538742,1.659128,7.23,7.3,6.59,6.26,5.76,5.27,4.58,2012-02-17,-
2023-04-25,2654,万润科技,文化传媒,6.55,6.85,6.35,6.43,6.35,49109133,323498376.12,6.4258,-3.308,7.52,否,0.58,-14.608,-21.966,-4.03,8.249,否,855125963,764252690,5498459942.09,4914144796.7,-10.955796,3.421671,1.60424,6.97,7.27,6.63,6.3,5.78,5.29,4.59,2012-02-17,-
2023-04-26,2654,万润科技,文化传媒,6.19,6.44,5.88,6.08,5.88,59632707,364006699.59,7.6738,-5.443,8.71,否,0.86,-10.324,-21.345,-14.965,4.467,否,855125963,777093642,5199165855.04,4724729343.36,-10.359447,3.235422,1.516917,6.69,7.17,6.65,6.33,5.8,5.31,4.6,2012-02-17,-
2023-04-27,2654,万润科技,文化传媒,5.98,6.28,5.95,6.09,5.95,35482200,217564455.0,4.566,0.165,5.43,否,0.57,-8.421,-18.474,-16.231,4.281,否,855125963,777093642,5207717114.67,4732500279.78,-29.48903,3.515483,1.329631,6.41,7.05,6.67,6.36,5.81,5.32,4.61,2012-02-17,-
2023-04-28,2654,万润科技,文化传媒,6.09,6.54,6.09,6.45,6.09,44661024,285525640.85,5.694,5.911,7.39,否,0.81,0.311,-14.343,-13.885,10.445,否,855125963,784348766,5515562461.35,5059049540.7,-31.232224,3.723295,1.40823,6.34,6.95,6.71,6.39,5.83,5.33,4.62,2012-02-17,-
2023-05-04,2654,万润科技,文化传媒,6.32,6.44,6.16,6.28,6.16,35184900,220504529.0,4.4859,-2.636,4.34,否,0.73,3.289,-7.375,-23.786,8.839,否,855125963,784348766,5370191047.64,4925710250.48,-30.409049,3.625161,1.371114,6.27,6.75,6.73,6.41,5.84,5.35,4.63,2012-02-17,-
2023-05-05,2654,万润科技,文化传媒,6.28,6.46,6.15,6.17,6.15,33762478,211720205.82,4.3045,-1.752,4.94,否,0.75,1.314,-7.218,-20.181,7.679,否,855125963,784348766,5276127191.71,4839431886.22,-29.876407,3.561663,1.347098,6.21,6.59,6.74,6.42,5.85,5.36,4.64,2012-02-17,-
2023-05-08,2654,万润科技,文化传媒,6.17,6.3,6.11,6.19,6.11,26083846,161511954.46,3.3255,0.324,3.08,否,0.62,-4.031,-3.733,-17.135,10.733,否,855125963,784348766,5293229710.97,4855118861.54,-29.973251,3.573208,1.351464,6.24,6.47,6.75,6.43,5.86,5.38,4.66,2012-02-17,-
2023-05-09,2654,万润科技,文化传媒,6.18,6.2,5.99,6.0,5.99,28048300,170543438.67,3.576,-3.07,3.39,否,0.8,-4.459,-1.316,-20.319,6.383,否,855125963,784348766,5130755778.0,4706092596.0,-29.053232,3.46353,1.309982,6.22,6.31,6.75,6.44,5.87,5.39,4.67,2012-02-17,-
2023-05-10,2654,万润科技,文化传媒,6.01,6.1,5.84,5.91,5.84,25422508,150912650.96,3.2412,-1.5,4.33,否,0.76,-4.214,-2.956,-12.832,2.426,否,855125963,784348766,5053794441.33,4635501207.06,-28.617433,3.411577,1.290332,6.11,6.23,6.74,6.44,5.88,5.4,4.68,2012-02-17,-
2023-05-11,2654,万润科技,文化传媒,5.91,6.0,5.76,5.79,5.76,22943700,133991021.0,2.9252,-2.031,4.06,否,0.77,-6.462,-10.233,-12.932,0.696,否,855125963,784348766,4951179325.77,4541379355.14,-28.036369,3.342306,1.264132,6.01,6.14,6.72,6.44,5.89,5.41,4.69,2012-02-17,-
2023-05-12,2654,万润科技,文化传媒,5.77,5.84,5.67,5.67,5.67,19185500,110029323.0,2.446,-2.073,2.94,否,0.7,-5.5,-9.713,-11.82,-7.049,否,855125963,784348766,4848564210.21,4447257503.22,-27.455304,3.273036,1.237933,5.91,6.06,6.67,6.44,5.9,5.42,4.7,2012-02-17,-
2023-05-15,2654,万润科技,文化传媒,5.75,5.8,5.57,5.75,5.57,20356788,115821418.12,2.5954,1.411,4.06,否,0.84,-2.707,-6.807,-5.428,-4.485,否,855125963,784348766,4916974287.25,4510005404.5,-27.842681,3.319216,1.255399,5.82,6.03,6.6,6.44,5.9,5.43,4.71,2012-02-17,-
2023-05-16,2654,万润科技,文化传媒,5.74,5.76,5.6,5.64,5.6,18510000,104901497.0,2.3599,-1.913,2.78,否,0.8,-2.591,-8.885,-7.389,-4.082,否,855125963,784348766,4822910431.32,4423727040.24,-27.310038,3.255718,1.231383,5.75,5.99,6.52,6.44,5.91,5.44,4.72,2012-02-17,-
2023-05-17,2654,万润科技,文化传媒,5.61,6.03,5.6,5.9,5.6,33664300,197530437.0,4.292,4.61,7.62,否,1.58,4.056,-1.667,-8.527,-3.12,否,855125963,784348766,5045243181.7,4627657719.4,-28.569011,3.405805,1.288149,5.75,5.93,6.44,6.45,5.92,5.45,4.73,2012-02-17,-
2023-05-18,2654,万润科技,文化传媒,5.87,6.09,5.8,6.06,5.8,28833357,173008486.05,3.6761,2.712,4.92,否,1.26,5.391,2.538,-3.503,-3.04,否,855125963,784348766,5182063335.78,4753153521.96,-29.343764,3.498165,1.323081,5.8,5.91,6.33,6.46,5.94,5.46,4.74,2012-02-17,-
2023-05-19,2654,万润科技,文化传媒,6.05,6.37,6.02,6.29,6.02,44435848,277793884.61,5.6653,3.795,5.78,否,1.84,11.525,8.636,1.945,-6.119,否,855125963,784348766,5378742307.27,4933553738.14,-30.457471,3.630934,1.373297,5.93,5.92,6.26,6.47,5.96,5.47,4.75,2012-02-17,-
2023-05-22,2654,万润科技,文化传媒,6.45,6.71,6.09,6.14,6.09,54548662,347931114.7,6.9546,-2.385,9.86,否,1.87,4.068,8.289,-0.808,-14.126,否,855125963,784348766,5250473412.82,4815901423.24,-29.731141,3.544346,1.340548,6.01,5.92,6.19,6.47,5.97,5.49,4.76,2012-02-17,-
2023-05-23,2654,万润科技,文化传媒,6.2,6.27,5.96,5.99,5.96,33694400,204085781.0,4.2958,-2.443,5.05,否,0.94,-1.155,4.174,-0.167,-17.607,否,855125963,784348766,5122204518.37,4698249108.34,-29.00481,3.457757,1.307798,6.08,5.91,6.11,6.47,5.99,5.5,4.78,2012-02-17,-
2023-05-24,2654,万润科技,文化传媒,5.91,6.59,5.89,6.59,5.89,41989822,263833107.98,5.3535,10.017,11.69,否,1.08,4.769,16.844,11.506,-12.016,是,855125963,784348766,5635280096.17,5168858367.94,-31.910133,3.80411,1.438796,6.21,5.98,6.1,6.49,6.01,5.52,4.79,2012-02-17,-
2023-05-25,2654,万润科技,文化传媒,6.76,7.25,6.68,7.06,6.68,122945688,859625503.57,15.6749,7.132,8.65,否,3.02,14.984,19.661,21.934,-14.32,否,845302544,784076487,5967835960.64,5535579998.22,-34.18597,4.07542,1.541412,6.41,6.11,6.12,6.52,6.05,5.54,4.8,2012-02-17,-
2023-05-26,2654,万润科技,文化传媒,6.98,7.76,6.94,7.59,6.94,113621145,839429226.86,14.4911,7.507,11.61,否,1.91,26.711,25.248,33.862,-1.811,否,845302544,784076487,6415846308.96,5951140536.33,-36.330139,4.331034,1.63809,6.67,6.3,6.18,6.55,6.09,5.56,4.82,2012-02-17,-
2023-05-29,2654,万润科技,文化传媒,7.51,8.2,7.19,7.5,7.19,117648998,897971202.05,15.0048,-1.186,13.31,否,1.6,13.809,19.237,30.435,0.402,否,845302544,784076487,6339769080.0,5880573652.5,-35.899347,4.279678,1.618666,6.95,6.48,6.25,6.56,6.13,5.59,4.83,2012-02-17,-
2023-05-30,2654,万润科技,文化传媒,7.47,7.52,7.2,7.39,7.2,76361750,558697008.0,9.7391,-1.467,4.27,否,0.89,4.674,20.358,31.028,-1.859,否,845302544,784076487,6246785800.16,5794325238.93,-35.372823,4.216909,1.594926,7.23,6.65,6.32,6.56,6.17,5.61,4.85,2012-02-17,-
2023-05-31,2654,万润科技,文化传媒,7.3,7.97,7.27,7.82,7.27,95994305,734783037.23,12.243,5.819,9.47,否,1.02,3.03,30.551,32.542,15.339,否,845302544,784076487,6610265894.08,6131478128.34,-37.431052,4.462277,1.687729,7.47,6.84,6.39,6.57,6.21,5.64,4.86,2012-02-17,-
2023-06-01,2654,万润科技,文化传媒,7.5,8.36,7.46,7.9,7.46,103290077,831413024.45,13.1735,1.023,11.51,否,0.98,5.333,19.879,30.363,18.797,否,845302544,784076487,6677890097.6,6194204247.3,-37.813979,4.507927,1.704995,7.64,7.03,6.47,6.56,6.25,5.67,4.88,2012-02-17,-
2023-06-02,2654,万润科技,文化传媒,7.8,8.09,7.53,7.54,7.53,79027435,608138172.8,10.079,-4.557,7.09,否,0.78,2.03,6.799,19.873,17.263,否,845302544,784076487,6373581181.76,5911936711.98,-36.09081,4.302503,1.627299,7.63,7.15,6.54,6.56,6.29,5.69,4.9,2012-02-17,-
2023-06-05,2654,万润科技,文化传媒,7.56,7.7,7.42,7.48,7.42,48477175,366004776.05,6.1827,-0.796,3.71,否,0.51,-4.348,-1.449,21.824,23.026,否,845302544,784076487,6322863029.12,5864892122.76,-35.803615,4.268265,1.61435,7.63,7.29,6.6,6.56,6.33,5.71,4.91,2012-02-17,-
2023-06-06,2654,万润科技,文化传媒,7.48,7.56,7.16,7.19,7.16,51888549,381067408.11,6.6178,-3.877,5.35,否,0.64,-8.987,-4.133,20.033,18.062,否,845302544,784076487,6077725291.36,5637509941.53,-34.415507,4.102784,1.551761,7.59,7.41,6.66,6.54,6.36,5.73,4.93,2012-02-17,-
2023-06-07,2654,万润科技,文化传媒,7.46,7.91,7.26,7.91,7.26,72859657,554349825.28,9.2924,10.014,9.04,否,0.96,4.907,7.037,20.03,22.636,是,845302544,784076487,6686343123.04,6202045012.17,-37.861845,4.513633,1.707153,7.6,7.54,6.76,6.58,6.4,5.75,4.94,2012-02-17,-
2023-06-08,2654,万润科技,文化传媒,8.01,8.36,7.77,8.09,7.77,100235806,810349651.1,12.7839,2.276,7.46,否,1.41,8.155,3.453,14.589,28.822,否,845302544,784076487,6838497580.96,6343178779.83,-38.723429,4.616346,1.746001,7.64,7.64,6.88,6.63,6.45,5.78,4.96,2012-02-17,-
2023-06-09,2654,万润科技,文化传媒,7.99,8.33,7.83,8.16,7.83,84580919,683012106.82,10.7873,0.865,6.18,否,1.2,13.491,3.291,7.51,32.253,否,845302544,784076487,6897668759.04,6398064133.92,-39.058489,4.656289,1.761109,7.77,7.7,7.0,6.69,6.49,5.8,4.98,2012-02-17,-
2023-06-12,2654,万润科技,文化传媒,8.08,8.98,8.07,8.98,8.07,91447037,801741875.51,11.663,10.049,11.15,否,1.28,13.527,19.098,19.733,45.073,是,845302544,784076487,7590816845.12,7041006853.26,-42.983485,5.124201,1.938083,8.07,7.85,7.16,6.78,6.56,5.83,5.0,2012-02-17,-
2023-06-13,2654,万润科技,文化传媒,8.98,9.87,8.69,8.75,8.69,162301312,1480407929.2,20.6997,-2.561,13.14,否,2.02,8.158,16.979,18.403,45.833,否,845302544,784076487,7396397260.0,6860669261.25,-41.882571,4.992957,1.888444,8.38,7.98,7.32,6.87,6.61,5.86,5.02,2012-02-17,-
2023-06-14,2654,万润科技,文化传媒,8.64,8.79,8.3,8.58,8.3,116083922,991583456.42,14.8052,-1.943,5.6,否,1.13,5.147,19.332,9.719,45.178,否,845302544,784076487,7252695827.52,6727376258.46,-41.068853,4.895951,1.851754,8.51,8.06,7.45,6.94,6.67,5.89,5.04,2012-02-17,-
2023-06-15,2654,万润科技,文化传媒,8.4,8.72,8.39,8.4,8.39,71381648,609341407.12,9.1039,-2.098,3.85,否,0.64,-6.459,6.195,6.329,45.078,否,845302544,784076487,7100541369.6,6586242490.8,-40.207269,4.793239,1.812906,8.57,8.11,7.57,7.01,6.71,5.92,5.06,2012-02-17,-
2023-06-16,2654,万润科技,文化传媒,8.32,8.56,8.18,8.46,8.18,59223655,497349495.0,7.5533,0.714,4.52,否,0.56,-3.314,4.574,12.202,49.206,否,845302544,784076487,7151259522.24,6633287080.02,-40.494463,4.827476,1.825855,8.63,8.2,7.68,7.09,6.76,5.94,5.08,2012-02-17,-
2023-06-19,2654,万润科技,文化传媒,8.49,9.28,8.18,9.0,8.18,107107993,933723206.0,13.6604,6.383,13.0,否,1.07,4.895,10.294,20.321,56.522,否,845302544,784076487,7607722896.0,7056688383.0,-43.079216,5.135613,1.942399,8.64,8.35,7.82,7.18,6.81,5.98,5.1,2012-02-17,-
2023-06-20,2654,万润科技,文化传媒,9.0,9.6,8.81,9.24,8.81,100451983,919859999.05,12.8115,2.667,8.78,否,0.97,10.0,2.895,28.512,63.83,否,845302544,784076487,7810595506.56,7244866739.88,-44.227995,5.272563,1.994197,8.74,8.56,7.98,7.29,6.87,6.01,5.12,2012-02-17,-
2023-06-21,2654,万润科技,文化传媒,9.26,9.92,8.71,8.77,8.71,114394664,1069186401.16,14.5897,-5.087,13.1,否,1.26,3.664,0.229,10.872,48.644,否,845302544,784076487,7413303310.88,6876350790.99,-41.978303,5.00437,1.89276,8.77,8.64,8.09,7.39,6.91,6.04,5.14,2012-02-17,-
2023-06-26,2654,万润科技,文化传媒,8.53,9.14,8.36,8.39,8.36,79070427,688561098.09,10.0845,-4.333,8.89,否,0.87,-6.778,-2.214,3.708,38.449,否,845302544,784076487,7092088344.16,6578401725.93,-40.159403,4.787533,1.810748,8.77,8.67,8.16,7.47,6.96,6.07,5.16,2012-02-17,-
2023-06-27,2654,万润科技,文化传媒,8.24,8.95,7.95,8.36,7.95,92158318,774774169.6,11.7537,-0.358,11.92,否,1.0,-9.524,-0.476,2.451,32.909,否,845302544,784076487,7066729267.84,6554879431.32,-40.015805,4.770414,1.804273,8.75,8.69,8.2,7.56,7.0,6.1,5.18,2012-02-17,-
2023-06-28,2654,万润科技,文化传媒,8.36,8.43,7.8,7.98,7.8,68663912,554421866.31,8.7573,-4.546,7.54,否,0.7,-9.008,-5.674,-11.136,29.967,否,845302544,784076487,6745514301.12,6256930366.26,-38.196905,4.553577,1.722261,8.55,8.59,8.22,7.64,7.04,6.12,5.2,2012-02-17,-
2023-06-29,2654,万润科技,文化传媒,8.14,8.78,8.14,8.78,8.14,40967498,353135665.46,5.2249,10.025,8.02,否,0.45,4.648,-2.444,0.343,46.578,是,845302544,784076487,7421756336.32,6884191555.86,-42.026169,5.010076,1.894919,8.46,8.6,8.29,7.74,7.09,6.16,5.22,2012-02-17,-
2023-06-30,2654,万润科技,文化传媒,8.59,8.94,8.39,8.64,8.39,75757213,654272454.55,9.662,-1.595,6.26,否,0.96,3.349,-6.494,0.699,31.108,否,845302544,784076487,7303413980.16,6774420847.68,-41.356048,4.930189,1.864703,8.43,8.6,8.33,7.83,7.14,6.19,5.24,2012-02-17,-
2023-07-03,2654,万润科技,文化传媒,8.69,8.75,8.4,8.49,8.4,43235900,368180323.12,5.5142,-1.736,4.05,否,0.61,6.391,-3.193,1.071,20.255,否,845302544,784076487,7176618598.56,6656809374.63,-40.638061,4.844595,1.83233,8.45,8.61,8.36,7.92,7.19,6.22,5.26,2012-02-17,-
2023-07-04,2654,万润科技,文化传媒,8.44,8.83,8.42,8.66,8.42,43875239,377625632.27,5.5958,2.002,4.83,否,0.68,-1.367,3.218,2.364,14.097,否,845302544,784076487,7320320031.04,6790102377.42,-41.451779,4.941601,1.86902,8.51,8.63,8.42,7.99,7.23,6.25,5.28,2012-02-17,-
2023-07-05,2654,万润科技,文化传媒,8.6,9.09,8.42,8.75,8.42,66530100,583732545.32,8.4852,1.039,7.74,否,1.22,1.273,4.665,-2.778,16.667,否,845302544,784076487,7396397260.0,6860669261.25,-41.882571,4.992957,1.888444,8.66,8.61,8.48,8.08,7.28,6.28,5.3,2012-02-17,-
2023-07-06,2654,万润科技,文化传媒,8.68,9.63,8.6,9.63,8.6,103332830,952851285.48,13.1789,10.057,11.77,否,1.91,13.428,20.677,4.221,30.311,是,845302544,784076487,8140263498.72,7550656569.81,-46.094761,5.495106,2.078367,8.83,8.65,8.6,8.2,7.34,6.32,5.32,2012-02-17,-
2023-07-07,2654,万润科技,文化传媒,10.2,10.54,9.73,10.06,9.73,147755574,1491692117.82,18.8445,4.465,8.41,否,2.22,16.166,14.579,14.709,28.645,否,845302544,784076487,8503743592.64,7887809459.22,-48.152991,5.740474,2.171171,9.12,8.77,8.71,8.32,7.4,6.37,5.34,2012-02-17,-
2023-07-10,2654,万润科技,文化传媒,10.1,10.35,9.87,10.29,9.87,109960164,1115456213.66,14.0242,2.286,4.77,否,1.36,17.6,19.097,22.646,30.253,否,845302544,784076487,8698163177.76,8068147051.23,-49.253904,5.871718,2.22081,9.48,8.96,8.82,8.43,7.47,6.41,5.37,2012-02-17,-
2023-07-11,2654,万润科技,文化传媒,10.33,11.09,10.2,10.46,10.2,137222010,1455497039.0,17.5011,1.652,8.65,否,1.46,8.619,23.204,25.12,38.727,否,845302544,784076487,8841864610.24,8201440054.02,-50.067622,5.968724,2.2575,9.84,9.17,8.93,8.52,7.53,6.46,5.39,2012-02-17,-
2023-07-12,2654,万润科技,文化传媒,10.56,10.71,9.91,9.91,9.91,104922831,1074862260.8,13.3817,-5.258,7.65,否,0.93,-1.491,14.434,24.185,32.487,否,845302544,784076487,8376948211.04,7770197986.17,-47.435004,5.654881,2.138798,10.07,9.37,8.98,8.6,7.58,6.51,5.42,2012-02-17,-
2023-07-13,2654,万润科技,文化传媒,10.01,10.9,9.91,10.9,9.91,150135484,1600282005.56,19.1481,9.99,9.99,否,1.24,5.928,24.571,24.146,51.599,是,845302544,784076487,9213797729.6,8546433708.3,-52.173718,6.219798,2.352461,10.32,9.58,9.09,8.72,7.64,6.56,5.45,2012-02-17,-
2023-07-14,2654,万润科技,文化传媒,11.09,11.99,10.87,11.9,10.87,174606744,2010905505.05,22.2691,9.174,10.28,否,1.34,13.767,23.572,37.731,50.442,否,845302544,784076487,10059100273.6,9330510195.3,-56.960297,6.790422,2.568284,10.69,9.91,9.25,8.86,7.71,6.62,5.48,2012-02-17,-
2023-07-17,2654,万润科技,文化传媒,11.93,13.09,11.93,13.09,11.93,156545959,1962627523.36,19.9656,10.0,9.75,否,1.16,32.089,30.119,54.181,61.805,是,845302544,784076487,11065010300.96,10263561214.83,-62.656327,7.469464,2.825112,11.25,10.37,9.49,9.03,7.79,6.68,5.52,2012-02-17,-
2023-07-18,2654,万润科技,文化传媒,13.5,14.4,13.01,13.07,13.01,249859919,3423985959.64,31.8668,-0.153,10.62,否,1.73,19.908,27.017,50.924,60.172,否,845302544,784076487,11048104250.08,10247879685.09,-62.560595,7.458051,2.820796,11.77,10.81,9.72,9.21,7.88,6.75,5.55,2012-02-17,-
2023-07-19,2654,万润科技,文化传媒,13.31,13.59,12.52,13.02,12.52,199522224,2586235113.55,25.4468,-0.383,8.19,否,1.19,9.412,24.474,48.8,44.989,否,845302544,784076487,11005839122.88,10208675860.74,-62.321266,7.42952,2.810004,12.4,11.23,9.92,9.4,7.98,6.82,5.59,2012-02-17,-
2023-07-20,2654,万润科技,文化传媒,12.97,12.98,11.88,12.12,11.88,169166804,2099058075.86,21.5753,-6.912,8.45,否,0.91,-7.41,22.301,25.857,38.514,否,845302544,784076487,10245066833.28,9503007022.44,-58.013345,6.915959,2.615765,12.64,11.48,10.06,9.56,8.05,6.88,5.62,2012-02-17,-
2023-07-21,2654,万润科技,文化传媒,12.17,12.35,10.91,10.91,10.91,149138980,1717096353.19,19.021,-9.984,11.88,否,0.79,-16.526,0.092,8.449,27.156,否,845302544,784076487,9222250755.04,8554274473.17,-52.221583,6.225504,2.35462,12.44,11.57,10.17,9.66,8.12,6.93,5.65,2012-02-17,-
2023-07-24,2654,万润科技,文化传媒,10.42,11.15,10.42,10.87,10.42,100926103,1096395155.65,12.872,-0.367,6.69,否,0.55,-16.513,-8.655,5.637,29.405,否,845302544,784076487,9188438653.28,8522911413.69,-52.03012,6.202679,2.345987,12.0,11.63,10.29,9.75,8.19,6.98,5.68,2012-02-17,-
2023-07-25,2654,万润科技,文化传媒,10.99,11.08,10.6,10.7,10.6,94866278,1022432307.68,12.0991,-1.564,4.42,否,0.55,-11.716,-18.258,2.294,26.478,否,845302544,784076487,9044737220.8,8389618410.9,-51.216402,6.105673,2.309297,11.52,11.65,10.41,9.84,8.26,7.02,5.71,2012-02-17,-
2023-07-26,2654,万润科技,文化传媒,10.8,10.8,10.09,10.23,10.09,88706037,916795773.12,11.3134,-4.393,6.64,否,0.62,-6.233,-21.729,3.229,13.667,否,845302544,784076487,8647445025.12,8021102462.01,-48.966709,5.83748,2.207861,10.97,11.68,10.52,9.88,8.33,7.06,5.73,2012-02-17,-
2023-07-27,2654,万润科技,文化传媒,10.32,11.12,10.2,10.5,10.2,110764910,1183689889.84,14.1268,2.639,8.99,否,0.92,-3.404,-19.355,-3.67,13.636,否,845302544,784076487,8875676712.0,8232803113.5,-50.259086,5.991549,2.266133,10.64,11.64,10.61,9.94,8.41,7.11,5.76,2012-02-17,-
2023-07-28,2654,万润科技,文化传媒,10.96,11.35,10.77,10.91,10.77,122674392,1352741952.46,15.6457,3.905,5.52,否,1.13,1.963,-9.983,-8.319,24.401,否,845302544,784076487,9222250755.04,8554274473.17,-52.221583,6.225504,2.35462,10.64,11.54,10.72,10.02,8.48,7.15,5.79,2012-02-17,-
2023-07-31,2654,万润科技,文化传媒,10.51,10.88,10.28,10.35,10.28,116677730,1229689400.1,14.8809,-5.133,5.5,否,1.13,1.173,-5.133,-20.932,23.361,否,845302544,784076487,8748881330.4,8115191640.45,-49.541099,5.905955,2.233759,10.54,11.27,10.82,10.08,8.55,7.19,5.81,2012-02-17,-
2023-08-01,2654,万润科技,文化传媒,10.24,10.69,9.83,10.64,9.83,112389018,1153325072.66,14.3339,2.802,8.31,否,1.05,1.333,-2.116,-18.592,27.273,否,845302544,784076487,8994019068.16,8342573821.68,-50.929207,6.071436,2.296348,10.53,11.03,10.92,10.15,8.62,7.24,5.84,2012-02-17,-
2023-08-02,2654,万润科技,文化传媒,10.44,10.83,10.28,10.8,10.28,87835920,933899824.3,11.2025,1.504,5.17,否,0.8,-1.008,0.935,-17.051,35.338,否,845302544,784076487,9129267475.2,8468026059.6,-51.69506,6.162736,2.330879,10.64,10.8,11.02,10.21,8.7,7.28,5.87,2012-02-17,-
2023-08-03,2654,万润科技,文化传媒,10.67,11.33,10.43,10.56,10.43,106470109,1150025405.18,13.579,-2.222,8.33,否,0.97,2.029,3.226,-12.871,20.273,否,845302544,784076487,8926394864.64,8279847702.72,-50.54628,6.025786,2.279082,10.65,10.65,11.06,10.26,8.78,7.32,5.9,2012-02-17,-
2023-08-04,2654,万润科技,文化传媒,10.4,10.98,10.4,10.73,10.4,83782910,895659890.8,10.6856,1.61,5.49,否,0.77,0.846,2.19,-1.65,24.19,否,845302544,784076487,9070096297.12,8413140705.51,-51.359999,6.122792,2.315772,10.62,10.63,11.1,10.32,8.86,7.37,5.92,2012-02-17,-
2023-08-07,2654,万润科技,文化传媒,10.72,11.04,10.61,10.96,10.61,76110203,825505795.73,9.707,2.144,4.01,否,0.75,1.481,0.458,0.828,29.093,否,845302544,784076487,9264515882.24,8593478297.52,-52.460912,6.254036,2.365411,10.74,10.64,11.13,10.41,8.94,7.42,5.95,2012-02-17,-
2023-08-08,2654,万润科技,文化传媒,10.89,11.92,10.8,11.32,10.8,125023819,1423862698.57,15.9454,3.285,10.22,否,1.34,7.197,9.372,5.794,30.716,否,845302544,784076487,9568824798.08,8875745832.84,-54.184081,6.45946,2.443107,10.87,10.7,11.17,10.51,9.04,7.47,5.98,2012-02-17,-
2023-08-09,2654,万润科技,文化传媒,11.0,11.15,10.31,10.45,10.31,92372685,997649399.45,11.7811,-7.686,7.42,否,0.96,-2.61,-1.786,2.151,19.429,否,845302544,784076487,8833411584.8,8193599289.15,-50.019757,5.963017,2.255342,10.8,10.72,11.2,10.59,9.11,7.51,6.01,2012-02-17,-
2023-08-10,2654,万润科技,文化传媒,10.26,10.38,9.88,9.89,9.88,80117927,807156831.23,10.2181,-5.359,4.78,否,0.83,-9.763,-8.426,-5.81,2.7,否,845302544,784076487,8360042160.16,7754516456.43,-47.339272,5.643468,2.134481,10.67,10.66,11.15,10.63,9.19,7.55,6.03,2012-02-17,-
2023-08-11,2654,万润科技,文化传媒,9.91,10.03,9.77,9.77,9.77,40420900,399954577.9,5.1552,-1.213,2.63,否,0.44,-13.693,-7.481,-10.449,-2.883,否,845302544,784076487,8258605854.88,7660427277.99,-46.764883,5.574993,2.108582,10.48,10.55,11.04,10.66,9.25,7.59,6.05,2012-02-17,-
2023-08-14,2654,万润科技,文化传媒,9.6,9.92,9.56,9.85,9.56,42310679,412127247.6,5.3962,0.819,3.68,否,0.51,-5.742,-8.201,-4.831,-4.276,否,845302544,784076487,8326230058.4,7723153396.95,-47.147809,5.620643,2.125848,10.26,10.5,10.88,10.71,9.31,7.62,6.08,2012-02-17,-
2023-08-15,2654,万润科技,文化传媒,9.93,10.03,9.52,9.61,9.52,43967003,427818662.42,5.6075,-2.437,5.18,否,0.58,-2.831,-12.318,-9.68,-8.126,否,845302544,784076487,8123357447.84,7534975040.07,-45.99903,5.483694,2.074051,9.91,10.39,10.71,10.74,9.37,7.66,6.1,2012-02-17,-
2023-08-16,2654,万润科技,文化传媒,9.53,9.66,9.05,9.11,9.05,71057211,656922168.45,9.0625,-5.203,6.35,否,1.19,-6.755,-19.523,-15.648,-8.073,否,845302544,784076487,7700706175.84,7142936796.57,-43.60574,5.198382,1.96614,9.65,10.23,10.51,10.75,9.42,7.69,6.12,2012-02-17,-
2023-08-17,2654,万润科技,文化传媒,9.12,9.28,8.95,9.17,8.95,46077100,419806718.0,5.8766,0.659,3.62,否,0.83,-6.904,-12.249,-13.163,-15.872,否,845302544,784076487,7751424328.48,7189981385.79,-43.892935,5.232619,1.979089,9.5,10.09,10.37,10.74,9.47,7.73,6.14,2012-02-17,-
2023-08-18,2654,万润科技,文化传媒,9.16,9.56,9.02,9.02,9.02,53998099,500861629.87,6.8868,-1.636,5.89,否,1.11,-6.139,-8.797,-15.937,-24.202,否,845302544,784076487,7624628946.88,7072369912.74,-43.174948,5.147026,1.946716,9.35,9.92,10.27,10.7,9.51,7.76,6.15,2012-02-17,-
2023-08-21,2654,万润科技,文化传媒,8.99,9.32,8.92,9.08,8.92,41655544,380631117.08,5.3127,0.665,4.43,否,0.81,-0.329,-7.062,-17.153,-30.634,否,845302544,784076487,7675347099.52,7119414501.96,-43.462143,5.181263,1.959665,9.2,9.73,10.18,10.66,9.54,7.8,6.17,2012-02-17,-
2023-08-22,2654,万润科技,文化传媒,9.28,9.28,8.88,9.18,8.88,46076388,417137596.08,5.8765,1.101,4.41,否,0.9,0.109,-6.802,-18.905,-29.763,否,845302544,784076487,7759877353.92,7197822150.66,-43.940801,5.238325,1.981247,9.11,9.51,10.11,10.62,9.57,7.83,6.19,2012-02-17,-
2023-08-23,2654,万润科技,文化传媒,9.11,9.16,8.9,8.9,8.9,31781300,285734407.0,4.0533,-3.05,2.83,否,0.61,-1.33,-7.388,-14.833,-31.644,否,845302544,784076487,7523192641.6,6978280734.3,-42.600558,5.078551,1.920817,9.07,9.36,10.04,10.59,9.59,7.86,6.21,2012-02-17,-
2023-08-24,2654,万润科技,文化传媒,9.0,9.35,8.8,9.15,8.8,56280400,512837183.0,7.1779,2.809,6.18,否,1.28,0.771,0.439,-7.482,-24.505,否,845302544,784076487,7734518277.6,7174299856.05,-43.797203,5.221207,1.974773,9.07,9.28,9.97,10.53,9.62,7.9,6.23,2012-02-17,-
2023-08-25,2654,万润科技,文化传媒,8.93,9.0,8.6,8.67,8.6,51565096,451751067.24,6.5765,-5.246,4.37,否,1.12,-5.556,-5.453,-11.259,-20.532,否,845302544,784076487,7328773056.48,6797943142.29,-41.499645,4.947307,1.871178,9.0,9.17,9.86,10.42,9.64,7.92,6.24,2012-02-17,-
2023-08-28,2654,万润科技,文化传媒,9.14,9.2,8.5,8.5,8.5,42243500,372247543.0,5.3877,-1.961,8.07,否,0.93,-4.494,-5.765,-13.706,-21.803,否,845302544,784076487,7185071624.0,6664650139.5,-40.685927,4.850301,1.834488,8.88,9.04,9.77,10.27,9.65,7.95,6.25,2012-02-17,-
2023-08-29,2654,万润科技,文化传媒,8.48,9.12,8.48,9.05,8.48,59954594,534082139.5,7.6465,6.471,7.53,否,1.32,-1.093,-0.33,-5.827,-15.421,否,845302544,784076487,7649988023.2,7095892207.35,-56.358602,5.396418,1.763932,8.85,8.98,9.69,10.13,9.67,7.98,6.27,2012-02-17,-
2023-08-30,2654,万润科技,文化传媒,9.15,9.65,9.1,9.29,9.1,65337200,612080866.0,8.333,2.652,6.08,否,1.35,7.151,1.198,1.976,-9.189,否,845302544,784076487,7852860633.76,7284070564.23,-57.853195,5.539528,1.81071,8.93,9.0,9.61,10.01,9.7,8.02,6.28,2012-02-17,-
2023-08-31,2654,万润科技,文化传媒,9.2,9.44,9.15,9.31,9.15,41606003,386780389.84,5.3064,0.215,3.12,否,0.76,9.529,4.607,1.527,-11.333,否,845302544,784076487,7869766684.64,7299752093.97,-57.977744,5.551454,1.814609,8.96,9.02,9.55,9.92,9.74,8.05,6.3,2012-02-17,-
2023-09-01,2654,万润科技,文化传媒,9.25,9.62,9.21,9.38,9.21,55625471,526112985.37,7.0944,0.752,4.4,否,1.07,3.646,2.514,3.991,-14.024,否,845302544,784076487,7928937862.72,7354637448.06,-58.413667,5.593194,1.828252,9.11,9.05,9.48,9.87,9.76,8.08,6.32,2012-02-17,-
2023-09-04,2654,万润科技,文化传媒,9.39,9.51,9.25,9.47,9.25,42537459,398733045.83,5.4252,0.96,2.77,否,0.8,1.938,9.227,4.295,-8.502,否,845302544,784076487,8005015091.68,7425204331.89,-58.974139,5.64686,1.845794,9.3,9.09,9.41,9.82,9.79,8.12,6.34,2012-02-17,-
2023-09-05,2654,万润科技,文化传媒,9.46,9.8,9.32,9.7,9.32,82494362,792240575.53,10.5212,2.429,5.07,否,1.56,4.189,14.118,5.664,-8.835,否,845302544,784076487,8199434676.8,7605541923.9,-60.406457,5.784006,1.890623,9.43,9.14,9.33,9.79,9.81,8.15,6.36,2012-02-17,-
2023-09-06,2654,万润科技,文化传媒,9.53,9.66,9.33,9.52,9.33,65487400,621074267.4,8.3522,-1.856,3.4,否,1.14,1.493,5.193,6.966,-11.852,否,845302544,784076487,8047280218.88,7464408156.24,-59.285513,5.676674,1.85554,9.48,9.2,9.28,9.76,9.82,8.19,6.38,2012-02-17,-
2023-09-07,2654,万润科技,文化传媒,9.44,10.47,9.26,10.47,9.26,70122862,692795872.19,8.9434,9.979,12.71,否,1.22,10.56,12.702,14.426,-0.852,是,845302544,784076487,8850317635.68,8209280818.89,-65.201609,6.243149,2.040704,9.71,9.34,9.31,9.76,9.85,8.23,6.4,2012-02-17,-
2023-09-08,2654,万润科技,文化传媒,10.88,11.52,10.72,11.4,10.72,221242077,2476215080.06,28.2169,8.883,7.64,否,3.5,17.526,22.449,31.488,6.244,否,845302544,784076487,9636449001.6,8938471951.8,-70.993156,6.797698,2.22197,10.11,9.61,9.39,9.78,9.9,8.28,6.43,2012-02-17,-
2023-09-11,2654,万润科技,文化传媒,10.82,11.15,10.5,10.72,10.5,138214253,1494846237.49,17.6276,-5.965,5.7,否,1.43,12.605,14.286,26.118,-2.19,否,845302544,784076487,9061643271.68,8405299940.64,-66.758476,6.392222,2.089431,10.36,9.83,9.44,9.79,9.94,8.32,6.46,2012-02-17,-
2023-09-12,2654,万润科技,文化传媒,10.56,11.25,10.2,11.19,10.2,139070714,1498967186.74,17.7369,4.384,9.79,否,1.2,6.877,18.163,23.646,-1.148,否,845302544,784076487,9458935467.36,8773815889.53,-69.685387,6.672478,2.181039,10.66,10.05,9.51,9.81,9.98,8.37,6.49,2012-02-17,-
2023-09-13,2654,万润科技,文化传媒,10.95,11.66,10.72,10.98,10.72,104045221,1150869377.76,13.2698,-1.877,8.4,否,0.82,-3.684,13.196,18.192,5.072,否,845302544,784076487,9281421933.12,8609159827.26,-68.377619,6.547257,2.140108,10.95,10.21,9.61,9.81,10.01,8.41,6.51,2012-02-17,-
2023-09-14,2654,万润科技,文化传媒,10.76,11.15,10.39,10.42,10.39,75130235,799383029.79,9.582,-5.1,6.92,否,0.56,-2.799,9.454,11.923,5.359,否,845302544,784076487,8808052508.48,8170076994.54,-64.890235,6.213335,2.030958,10.94,10.33,9.67,9.81,10.03,8.45,6.54,2012-02-17,-
2023-09-15,2654,万润科技,文化传媒,10.59,10.7,10.19,10.64,10.19,70230267,737372647.54,8.9571,2.111,4.89,否,0.52,-4.915,1.624,13.433,8.905,否,845302544,784076487,8994019068.16,8342573821.68,-66.260279,6.344518,2.073838,10.79,10.45,9.75,9.81,10.06,8.49,6.56,2012-02-17,-
2023-09-18,2654,万润科技,文化传媒,10.42,11.7,10.4,11.7,10.4,131270046,1476941549.9,16.742,9.962,12.22,否,1.25,6.557,2.632,23.548,18.782,是,845302544,784076487,9890039764.8,9173694897.9,-72.861397,6.976585,2.280442,10.99,10.67,9.88,9.83,10.12,8.54,6.59,2012-02-17,-
2023-09-19,2654,万润科技,文化传媒,11.82,12.81,11.51,11.89,11.51,200448547,2406213217.19,25.5649,1.624,11.11,否,1.93,14.107,10.914,22.577,23.725,否,845302544,784076487,10050647248.16,9322669430.43,-74.044616,7.08988,2.317475,11.13,10.89,10.02,9.85,10.18,8.59,6.62,2012-02-17,-
2023-09-20,2654,万润科技,文化传媒,11.91,13.08,11.91,13.08,11.91,143519803,1818014737.81,18.3043,10.008,9.84,否,1.23,22.932,16.89,37.395,43.578,是,845302544,784076487,11056557275.52,10255720449.96,-81.455305,7.799464,2.549418,11.55,11.25,10.23,9.94,10.26,8.65,6.65,2012-02-17,-
2023-09-21,2654,万润科技,文化传媒,13.1,13.6,12.61,13.4,12.61,195458084,2561819509.23,24.9284,2.447,7.57,否,1.57,14.53,22.04,27.985,46.129,否,845302544,784076487,11327054089.6,10506624925.8,-83.448096,7.990277,2.611789,12.14,11.54,10.44,10.05,10.34,8.72,6.69,2012-02-17,-
2023-09-22,2654,万润科技,文化传媒,13.11,13.28,12.7,13.0,12.7,139279024,1810428979.64,17.7634,-2.985,4.33,否,0.94,9.336,24.76,14.035,44.124,否,845302544,784076487,10988933072.0,10192994331.0,-80.957108,7.751761,2.533825,12.61,11.7,10.66,10.16,10.41,8.78,6.72,2012-02-17,-
2023-09-25,2654,万润科技,文化传媒,12.79,13.41,12.41,12.83,12.41,143019431,1848265000.44,18.2405,-1.308,7.69,否,0.88,-1.911,20.583,19.683,41.3,否,845302544,784076487,10845231639.52,10059701328.21,-79.898438,7.650392,2.50069,12.84,11.91,10.87,10.26,10.49,8.84,6.76,2012-02-17,-
2023-09-26,2654,万润科技,文化传媒,12.5,13.13,12.3,12.51,12.3,128017382,1620689760.58,16.3272,-2.494,6.47,否,0.78,-6.642,6.923,11.796,36.275,否,845302544,784076487,10574734825.44,9808796852.37,-77.905647,7.459579,2.438319,12.96,12.05,11.05,10.36,10.55,8.89,6.79,2012-02-17,-
2023-09-27,2654,万润科技,文化传媒,12.21,12.6,12.03,12.39,12.03,103243282,1270866001.21,13.1675,-0.959,4.56,否,0.69,-4.692,4.205,12.842,39.213,否,845302544,784076487,10473298520.16,9714707673.93,-77.158351,7.388025,2.41493,12.83,12.19,11.2,10.47,10.61,8.94,6.83,2012-02-17,-
2023-09-28,2654,万润科技,文化传媒,12.22,12.94,11.15,11.42,11.15,167069409,1985556565.31,21.3078,-7.829,14.45,否,1.18,-10.99,-12.691,9.597,24.809,否,845302544,784076487,9653355052.48,8954153481.54,-71.117705,6.809624,2.225868,12.43,12.29,11.31,10.54,10.64,8.99,6.85,2012-02-17,-
2023-10-09,2654,万润科技,文化传媒,11.36,12.56,11.36,12.56,11.36,125961120,1530663244.55,16.0649,9.983,10.51,否,0.93,0.4,-6.269,18.045,44.867,是,845302544,784076487,10616999952.64,9848000676.72,-78.217021,7.489394,2.448065,12.34,12.48,11.46,10.66,10.68,9.04,6.89,2012-02-17,-
2023-10-10,2654,万润科技,文化传媒,12.6,13.54,12.18,13.13,12.18,191461652,2456225354.26,24.4187,4.538,10.83,否,1.43,5.973,1.0,12.222,54.471,否,845302544,784076487,11098822402.72,10294924274.31,-81.766679,7.829279,2.559163,12.4,12.62,11.65,10.8,10.73,9.1,6.92,2012-02-17,-
2023-10-11,2654,万润科技,文化传媒,13.0,13.32,12.68,12.93,12.68,116153838,1500763740.17,14.8141,-1.523,4.87,否,0.81,13.222,0.779,8.747,42.873,否,845302544,784076487,10929761893.92,10138108976.91,-80.521185,7.710021,2.520181,12.49,12.73,11.81,10.92,10.77,9.15,6.96,2012-02-17,-
2023-10-12,2654,万润科技,文化传媒,13.0,14.11,12.81,13.47,12.81,160384808,2164286787.1,20.4553,4.176,10.05,否,1.14,7.245,7.674,2.982,44.995,否,845302544,784076487,11386225267.68,10561510279.89,-83.884018,8.032017,2.625433,12.7,12.76,12.01,11.07,10.83,9.2,7.0,2012-02-17,-
2023-10-13,2654,万润科技,文化传媒,13.22,14.82,13.22,14.82,13.22,114998878,1654845117.69,14.6668,10.022,11.88,否,0.76,12.871,19.613,10.597,59.184,是,845302544,784076487,12527383702.08,11620013537.34,-92.291103,8.837008,2.888561,13.38,12.91,12.22,11.26,10.9,9.27,7.04,2012-02-17,-
2023-10-16,2654,万润科技,文化传媒,14.96,16.07,14.2,15.26,14.2,205859133,3076858669.38,26.255,2.969,12.62,否,1.45,18.02,33.625,17.385,62.687,否,845302544,784076487,12899316821.44,11965007191.62,-95.031189,9.099375,2.974321,13.92,13.13,12.42,11.48,10.95,9.33,7.09,2012-02-17,-
2023-10-17,2654,万润科技,文化传媒,14.9,16.79,14.31,16.79,14.31,177622197,2749643628.37,22.6537,10.026,16.25,否,1.13,24.647,33.678,30.865,77.297,是,845302544,784076487,14192629713.76,13164644216.73,-104.559218,10.011698,3.272532,14.65,13.53,12.72,11.76,11.01,9.4,7.14,2012-02-17,-
2023-10-18,2654,万润科技,文化传媒,17.0,17.67,16.11,16.4,16.11,202120442,3400091854.35,25.7782,-2.323,9.29,否,1.3,10.661,24.905,31.095,69.072,否,845302544,784076487,13862961721.6,12858854386.8,-102.130505,9.779145,3.196518,15.35,13.92,12.98,12.0,11.07,9.48,7.19,2012-02-17,-
2023-10-19,2654,万润科技,文化传媒,16.4,16.87,14.76,14.76,14.76,185150546,2935019836.49,23.6138,-10.0,12.87,否,1.08,-3.277,14.153,19.128,55.042,否,845302544,784076487,12476665549.44,11572968948.12,-91.917455,8.80123,2.876866,15.61,14.15,13.17,12.18,11.1,9.54,7.24,2012-02-17,-
2023-10-20,2654,万润科技,文化传媒,14.02,14.6,13.53,13.67,13.53,164809000,2301222626.0,21.0195,-7.385,7.25,否,0.93,-18.582,1.485,19.702,30.564,否,845302544,784076487,11555285776.48,10718325577.29,-85.129512,8.151275,2.664414,15.38,14.38,13.33,12.33,11.12,9.59,7.28,2012-02-17,-
2023-10-23,2654,万润科技,文化传媒,13.73,14.0,12.9,13.04,12.9,123982498,1660022759.98,15.8126,-4.609,8.05,否,0.66,-20.488,-12.011,3.822,14.386,否,845302544,784076487,11022745173.76,10224357390.48,-81.206206,7.775613,2.541621,14.93,14.43,13.45,12.45,11.16,9.64,7.31,2012-02-17,-
2023-10-24,2654,万润科技,文化传媒,13.48,14.17,13.18,13.7,13.18,123736645,1684314134.81,15.7812,5.061,7.59,否,0.72,-7.182,-10.223,4.341,27.799,否,845302544,784076487,11580644852.8,10741847871.9,-85.316336,8.169164,2.670262,14.31,14.48,13.55,12.59,11.21,9.7,7.35,2012-02-17,-
2023-10-25,2654,万润科技,文化传媒,14.1,15.07,13.99,15.07,13.99,111329548,1601728117.36,14.1988,10.0,7.88,否,0.7,10.241,-10.244,16.551,34.674,是,845302544,784076487,12738709338.08,11816032659.09,-265.152239,8.47285,2.578937,14.05,14.7,13.71,12.77,11.28,9.77,7.4,2012-02-17,-
2023-10-26,2654,万润科技,文化传媒,15.3,15.88,14.9,15.0,14.9,169619589,2615144706.03,21.633,-0.465,6.5,否,1.2,15.031,-8.537,11.359,36.612,否,845302544,784076487,12679538160.0,11761147305.0,-263.92061,8.433494,2.566958,14.1,14.85,13.81,12.95,11.36,9.85,7.44,2012-02-17,-
2023-10-27,2654,万润科技,文化传媒,15.52,16.5,15.3,15.74,15.3,193368824,3091562143.05,24.662,4.933,8.0,否,1.39,14.891,6.64,6.208,51.056,否,845302544,784076487,13305062042.56,12341363905.38,-276.940693,8.849546,2.693594,14.51,14.94,13.92,13.13,11.45,9.93,7.49,2012-02-17,-
2023-10-30,2654,万润科技,文化传媒,15.24,16.33,15.23,15.88,15.23,143526619,2264432060.86,18.3052,0.89,6.99,否,0.99,5.375,16.167,4.063,49.248,否,845302544,784076487,13423404398.72,12451134613.56,-279.403952,8.928259,2.717553,15.08,15.01,14.07,13.28,11.53,10.0,7.53,2012-02-17,-
2023-10-31,2654,万润科技,文化传媒,16.55,16.98,14.68,14.7,14.68,165285105,2576088609.17,21.0802,-7.431,14.48,否,1.11,-2.0,12.73,-12.448,25.641,否,845302544,784076487,12425947396.8,11525924358.9,-258.642198,8.264824,2.515619,15.28,14.8,14.16,13.41,11.6,10.07,7.58,2012-02-17,-
2023-11-01,2654,万润科技,文化传媒,14.77,15.23,14.41,14.58,14.41,106913287,1585127125.9,13.6356,-0.816,5.58,否,0.68,-7.37,6.423,-11.098,22.624,否,845302544,784076487,12324511091.52,11431835180.46,-256.530833,8.197356,2.495083,15.18,14.61,14.27,13.53,11.67,10.14,7.62,2012-02-17,-
2023-11-02,2654,万润科技,文化传媒,14.59,15.4,13.91,15.01,13.91,144745621,2120873608.04,18.4607,2.949,10.22,否,0.93,-5.479,-0.398,1.694,14.755,否,845302544,784076487,12687991185.44,11768988069.87,-264.096557,8.439116,2.568669,15.18,14.64,14.4,13.66,11.74,10.22,7.66,2012-02-17,-
2023-11-03,2654,万润科技,文化传媒,14.8,15.16,14.22,14.88,14.22,115073988,1681585810.43,14.6764,-0.866,6.26,否,0.76,1.224,-0.8,8.851,11.045,否,845302544,784076487,12578101854.72,11667058126.56,-261.809245,8.366026,2.546422,15.01,14.76,14.57,13.81,11.81,10.29,7.71,2012-02-17,-
2023-11-06,2654,万润科技,文化传媒,14.85,15.6,14.74,15.6,14.74,119912067,1826815202.74,15.2934,4.839,5.78,否,0.89,6.996,-0.889,19.632,20.0,否,845302544,784076487,13186719686.4,12231593197.2,-274.477434,8.770834,2.669636,14.95,15.02,14.72,13.97,11.89,10.37,7.75,2012-02-17,-
2023-11-07,2654,万润科技,文化传媒,15.4,15.7,15.22,15.48,15.22,98064226,1514369639.8,12.507,-0.769,3.08,否,0.75,3.131,-2.519,12.993,20.655,否,845302544,784076487,13085283381.12,12137504018.76,-272.366069,8.703366,2.649101,15.11,15.19,14.84,14.1,11.97,10.45,7.79,2012-02-17,-
2023-11-08,2654,万润科技,文化传媒,15.5,15.8,14.98,15.08,14.98,109206426,1677511456.44,13.928,-2.584,5.3,否,0.93,1.344,2.585,0.066,20.544,否,845302544,784076487,12747162363.52,11823873423.96,-265.328186,8.478473,2.580648,15.21,15.2,14.95,14.21,12.03,10.53,7.84,2012-02-17,-
2023-11-09,2654,万润科技,文化传媒,14.75,14.89,13.73,14.0,13.73,115455341,1652848535.63,14.725,-7.162,7.69,否,0.98,-10.256,-3.978,-6.667,12.994,否,845302544,784076487,11834235616.0,10977070818.0,-246.325903,7.871261,2.395827,15.01,15.1,14.97,14.24,12.09,10.6,7.88,2012-02-17,-
2023-11-10,2654,万润科技,文化传媒,14.01,14.48,13.84,14.06,13.84,68033128,965333953.94,8.6768,0.429,4.57,否,0.61,-9.173,-6.329,-10.673,23.117,否,845302544,784076487,11884953768.64,11024115407.22,-247.381585,7.904995,2.406095,14.84,14.93,14.94,14.26,12.16,10.67,7.91,2012-02-17,-
2023-11-13,2654,万润科技,文化传媒,14.53,14.6,14.1,14.17,14.1,57062652,814101919.25,7.2777,0.782,3.56,否,0.56,-6.034,-4.772,-10.768,12.818,否,845302544,784076487,11977937048.48,11110363820.79,-249.317003,7.966841,2.42492,14.56,14.76,14.88,14.3,12.23,10.74,7.95,2012-02-17,-
2023-11-14,2654,万润科技,文化传媒,14.03,15.59,13.98,15.59,13.98,173885849,2646930950.48,22.1772,10.021,11.36,否,1.94,11.357,-0.064,6.054,18.736,是,845302544,784076487,13178266660.96,12223752432.33,-274.301487,8.765212,2.667925,14.58,14.85,14.82,14.39,12.33,10.82,8.0,2012-02-17,-
2023-11-15,2654,万润科技,文化传媒,16.06,16.45,15.7,15.97,15.7,208298067,3334009931.38,26.566,2.438,4.81,否,1.99,13.585,3.165,9.534,23.511,否,845302544,784076487,13499481627.68,12521701497.39,-280.987476,8.97886,2.732954,14.76,14.98,14.8,14.51,12.43,10.9,8.04,2012-02-17,-
2023-11-16,2654,万润科技,文化传媒,15.61,16.16,15.5,15.66,15.5,103647715,1641561254.49,13.2191,-1.941,4.13,否,0.83,10.515,3.846,4.33,16.258,否,845302544,784076487,13237437839.04,12278637786.42,-275.533117,8.804568,2.679904,15.09,15.05,14.84,14.61,12.54,10.98,8.09,2012-02-17,-
2023-11-17,2654,万润科技,文化传媒,15.62,16.37,15.5,16.3,15.5,129691976,2067387420.04,16.5407,4.087,5.56,否,1.06,4.554,16.429,9.543,9.987,否,845302544,784076487,13778431467.2,12780446738.1,-286.793729,9.164397,2.789428,15.54,15.19,14.98,14.78,12.66,11.06,8.13,2012-02-17,-
2023-11-20,2654,万润科技,文化传媒,16.0,16.05,15.52,15.59,15.52,107303310,1691536672.74,13.6853,-4.356,3.25,否,0.8,-2.379,10.882,-0.064,2.163,否,845302544,784076487,13178266660.96,12223752432.33,-274.301487,8.765212,2.667925,15.82,15.19,15.1,14.88,12.77,11.14,8.18,2012-02-17,-
2023-11-21,2654,万润科技,文化传媒,15.5,15.65,14.85,15.01,14.85,91854153,1400461455.21,11.7149,-3.72,5.13,否,0.64,-4.151,5.928,-3.036,-10.602,否,845302544,784076487,12687991185.44,11768988069.87,-264.096557,8.439116,2.568669,15.71,15.14,15.17,14.94,12.87,11.21,8.22,2012-02-17,-
2023-11-22,2654,万润科技,文化传媒,14.8,14.95,14.52,14.56,14.52,61671791,907070676.77,7.8655,-2.998,2.86,否,0.48,-10.675,-6.607,-3.448,-11.22,否,845302544,784076487,12307605040.64,11416153650.72,-256.178939,8.186112,2.49166,15.42,15.09,15.14,14.99,12.96,11.26,8.26,2012-02-17,-
2023-11-23,2654,万润科技,文化传媒,14.4,14.85,14.3,14.8,14.3,58135022,854030038.23,7.4145,1.648,3.78,否,0.59,-5.067,-7.326,5.714,0.271,否,845302544,784076487,12510477651.2,11604332007.6,-260.401668,8.321048,2.532732,15.25,15.17,15.13,15.04,13.06,11.33,8.3,2012-02-17,-
2023-11-24,2654,万润科技,文化传媒,14.6,14.8,13.95,13.99,13.95,68953428,980517412.71,8.7942,-5.473,5.74,否,0.77,-6.795,-10.664,-0.498,2.341,否,845302544,784076487,11825782590.56,10969230053.13,-246.149956,7.865639,2.394116,14.79,15.16,15.05,15.01,13.14,11.38,8.34,2012-02-17,-
2023-11-27,2654,万润科技,文化传媒,13.9,14.2,13.62,14.08,13.62,55418885,770245051.82,7.068,0.643,4.15,否,0.71,-3.297,-13.62,-0.635,7.975,否,845302544,784076487,11901859819.52,11039796936.96,-247.733479,7.91624,2.409518,14.49,15.16,14.96,14.97,13.23,11.43,8.38,2012-02-17,-
2023-11-28,2654,万润科技,文化传媒,13.99,14.58,13.91,14.45,13.91,54258850,777782855.32,6.9201,2.628,4.76,否,0.81,-2.365,-7.312,-7.312,5.474,否,845302544,784076487,12214621760.8,11329905237.15,-254.243521,8.124266,2.472836,14.38,15.04,14.94,14.89,13.33,11.49,8.41,2012-02-17,-
2023-11-29,2654,万润科技,文化传媒,14.54,14.92,14.16,14.19,14.16,58653538,855121948.49,7.4806,-1.799,5.26,否,0.98,1.43,-5.463,-11.146,-5.839,否,845302544,784076487,11994843099.36,11126045350.53,-249.668897,7.978085,2.428342,14.3,14.86,14.92,14.82,13.41,11.54,8.45,2012-02-17,-
2023-11-30,2654,万润科技,文化传媒,13.9,14.05,13.28,13.55,13.28,67276362,912336528.35,8.5803,-4.51,5.43,否,1.14,-3.764,-6.937,-13.474,-9.667,否,845302544,784076487,11453849471.2,10624236398.85,-238.408284,7.618256,2.318819,14.05,14.65,14.85,14.78,13.48,11.59,8.49,2012-02-17,-
2023-12-01,2654,万润科技,文化传媒,13.42,13.86,13.25,13.74,13.25,48148773,652968896.54,6.1408,1.402,4.5,否,0.79,-4.913,-7.162,-15.706,-12.706,否,845302544,784076487,11614456954.56,10773210931.38,-241.751279,7.725081,2.351333,14.0,14.4,14.79,14.78,13.56,11.65,8.53,2012-02-17,-
2023-12-04,2654,万润科技,文化传媒,13.65,14.15,13.65,13.8,13.65,48361431,672980294.38,6.1679,0.437,3.64,否,0.85,-2.748,-1.358,-11.482,-13.098,否,845302544,784076487,11665175107.2,10820255520.6,-242.806961,7.758815,2.361601,13.95,14.22,14.7,14.81,13.63,11.7,8.56,2012-02-17,-
2023-12-05,2654,万润科技,文化传媒,13.6,13.65,13.02,13.02,13.02,50572254,669178772.37,6.4499,-5.652,4.57,否,0.91,-3.911,-7.528,-13.258,-11.429,否,845302544,784076487,11005839122.88,10208675860.74,-229.083089,7.320273,2.228119,13.66,14.02,14.58,14.79,13.69,11.74,8.6,2012-02-17,-
2023-12-06,2654,万润科技,文化传媒,12.95,13.17,12.86,12.99,12.86,34407843,447009990.33,4.3883,-0.23,2.38,否,0.63,-5.459,-10.104,-10.783,-10.905,否,845302544,784076487,10980480046.56,10185153566.13,-228.555248,7.303406,2.222986,13.42,13.86,14.48,14.72,13.74,11.78,8.63,2012-02-17,-
2023-12-07,2654,万润科技,文化传媒,12.9,13.14,12.84,12.94,12.84,32154768,417626003.3,4.101,-0.385,2.31,否,0.65,-6.232,-8.809,-12.568,-13.791,否,845302544,784076487,10938214919.36,10145949741.78,-227.675513,7.275294,2.214429,13.3,13.68,14.42,14.65,13.8,11.81,8.67,2012-02-17,-
2023-12-08,2654,万润科技,文化传媒,13.0,13.39,13.0,13.1,13.0,42320965,557811485.46,5.3976,1.237,3.01,否,0.99,0.614,-3.321,-6.362,-11.962,否,845302544,784076487,11073463326.4,10271401979.7,-230.490666,7.365252,2.24181,13.17,13.59,14.38,14.56,13.84,11.85,8.7,2012-02-17,-
2023-12-11,2654,万润科技,文化传媒,12.95,13.34,12.91,13.31,12.91,35505235,467912914.95,4.5283,1.603,3.28,否,0.85,2.463,-3.13,-5.469,-14.679,否,845302544,784076487,11250976860.64,10436058041.97,-234.185555,7.48332,2.277747,13.07,13.51,14.33,14.47,13.88,11.89,8.74,2012-02-17,-
2023-12-12,2654,万润科技,文化传媒,13.4,13.88,13.33,13.57,13.33,51195063,697608528.74,6.5293,1.953,4.13,否,1.31,4.869,-1.667,-6.09,-12.339,否,845302544,784076487,11470755522.08,10639917928.59,-238.760178,7.629501,2.322241,13.18,13.42,14.23,14.44,13.92,11.93,8.77,2012-02-17,-
2023-12-13,2654,万润科技,文化传媒,13.5,13.5,13.02,13.03,13.02,39714694,524608180.88,5.0652,-3.979,3.54,否,1.02,-0.534,0.077,-8.175,-13.594,否,845302544,784076487,11014292148.32,10216516625.61,-229.259036,7.325895,2.229831,13.19,13.31,14.08,14.38,13.95,11.97,8.8,2012-02-17,-
2023-12-14,2654,万润科技,文化传媒,13.15,13.28,12.61,12.71,12.61,44186128,569017194.45,5.6354,-2.456,5.14,否,1.1,-4.508,-2.156,-6.199,-9.214,否,845302544,784076487,10743795334.24,9965612149.77,-223.62873,7.145981,2.175069,13.14,13.22,13.94,14.31,13.98,12.0,8.84,2012-02-17,-
2023-12-15,2654,万润科技,文化传媒,12.8,12.82,12.46,12.65,12.46,27745941,350840413.14,3.5387,-0.472,2.83,否,0.65,-6.78,-2.241,-7.933,-10.028,否,845302544,784076487,10693077181.6,9918567560.55,-222.573048,7.112247,2.164801,13.05,13.11,13.75,14.23,14.02,12.03,8.87,2012-02-17,-
2023-12-18,2654,万润科技,文化传媒,12.65,12.72,12.47,12.51,12.47,21439571,269522030.99,2.7344,-1.107,1.98,否,0.54,-3.991,-4.504,-9.348,-11.715,否,845302544,784076487,10574734825.44,9808796852.37,-220.109789,7.033534,2.140843,12.89,12.98,13.6,14.13,14.05,12.06,8.9,2012-02-17,-
2023-12-19,2654,万润科技,文化传媒,12.52,12.92,12.52,12.7,12.52,35022262,446571965.94,4.4667,1.519,3.2,否,0.95,-0.079,-4.583,-2.458,-18.538,否,845302544,784076487,10735342308.8,9957771384.9,-223.452783,7.140358,2.173358,12.72,12.95,13.48,14.04,14.07,12.09,8.93,2012-02-17,-
2023-12-20,2654,万润科技,文化传媒,12.72,12.77,12.3,12.32,12.3,30385961,376956684.64,3.8754,-2.992,3.7,否,0.9,-2.609,-9.211,-5.158,-22.855,否,845302544,784076487,10414127342.08,9659822319.84,-216.766794,6.92671,2.108328,12.58,12.88,13.37,13.95,14.08,12.13,8.95,2012-02-17,-
2023-12-21,2654,万润科技,文化传媒,12.3,12.58,12.19,12.48,12.19,26334708,326229478.48,3.3587,1.299,3.17,否,0.83,-0.24,-4.221,-3.555,-20.307,否,845302544,784076487,10549375749.12,9785274557.76,-219.581947,7.016667,2.135709,12.53,12.84,13.26,13.89,14.07,12.16,8.98,2012-02-17,-
2023-12-22,2654,万润科技,文化传媒,12.8,12.91,12.13,12.42,12.13,43619776,544988559.04,5.5632,-0.481,6.25,否,1.55,-2.205,-2.282,-5.191,-23.804,否,845302544,784076487,10498657596.48,9738229968.54,-218.526265,6.982933,2.125441,12.49,12.77,13.18,13.84,14.05,12.19,9.01,2012-02-17,-
2023-12-25,2654,万润科技,文化传媒,12.11,12.26,11.82,11.87,11.82,33391400,399401343.95,4.2587,-4.428,3.54,否,1.06,-3.653,-6.166,-10.819,-23.861,否,845302544,784076487,10033741197.28,9306987900.69,-208.849176,6.673705,2.031319,12.36,12.63,13.07,13.76,14.03,12.22,9.04,2012-02-17,-
2023-12-26,2654,万润科技,文化传媒,11.93,11.99,11.66,11.71,11.66,25398220,299751867.05,3.2393,-1.348,2.78,否,0.75,-6.17,-6.395,-13.707,-21.985,否,845302544,784076487,9898492790.24,9181535662.77,-206.034023,6.583748,2.003938,12.16,12.44,12.93,13.63,14.01,12.25,9.06,2012-02-17,-
2023-12-27,2654,万润科技,文化传媒,11.8,12.15,11.73,12.0,11.73,30372388,363480435.97,3.8737,2.477,3.59,否,0.95,-3.382,-5.512,-7.905,-17.582,否,845302544,784076487,10143630528.0,9408917844.0,-211.136488,6.746795,2.053566,12.1,12.34,12.82,13.5,14.0,12.28,9.09,2012-02-17,-
2023-12-28,2654,万润科技,文化传媒,11.92,12.1,11.68,12.01,11.68,31800871,379091424.18,4.0558,0.083,3.5,否,1.0,1.179,-2.516,-5.507,-18.851,否,845302544,784076487,10152083553.44,9416758608.87,-211.312435,6.752418,2.055278,12.0,12.27,12.74,13.38,14.0,12.3,9.12,2012-02-17,-
2023-12-29,2654,万润科技,文化传媒,11.91,12.44,11.91,12.42,11.91,37271958,458886445.0,4.7536,3.414,4.41,否,1.13,6.063,-0.481,-1.818,-11.222,否,845302544,784076487,10498657596.48,9738229968.54,-218.526265,6.982933,2.125441,12.0,12.24,12.68,13.25,14.01,12.33,9.15,2012-02-17,-
2024-01-02,2654,万润科技,文化传媒,12.38,12.46,11.98,11.99,11.98,33697870,408041734.7,4.2978,-3.462,3.86,否,1.06,-0.083,-3.462,-4.157,-14.844,否,845302544,784076487,10135177502.56,9401077079.13,-210.960541,6.741173,2.051855,12.03,12.19,12.59,13.13,14.0,12.34,9.18,2012-02-17,-
2024-01-03,2654,万润科技,文化传媒,11.99,13.17,11.96,12.58,11.96,77136738,972066863.61,9.8379,4.921,10.09,否,2.43,4.746,5.981,-0.945,-12.941,否,845302544,784076487,10633906003.52,9863682206.46,-221.341418,7.07289,2.152822,12.2,12.18,12.57,13.05,14.0,12.36,9.21,2012-02-17,-
2024-01-04,2654,万润科技,文化传媒,12.35,13.6,12.28,13.35,12.28,103876007,1370925757.06,13.2482,6.121,10.49,否,2.47,7.488,14.005,8.36,-5.92,否,845302544,784076487,11284788962.4,10467421101.45,-234.889343,7.50581,2.284593,12.47,12.28,12.58,13.01,14.0,12.39,9.24,2012-02-17,-
2024-01-05,2654,万润科技,文化传媒,13.06,13.17,12.45,12.75,12.45,66016383,842743796.18,8.4196,-4.494,5.39,否,1.16,6.339,6.25,2.163,-5.904,否,845302544,784076487,10777607436.0,9996975209.25,-224.332518,7.16847,2.181914,12.62,12.31,12.57,12.94,13.99,12.41,9.27,2012-02-17,-
2024-01-08,2654,万润科技,文化传媒,12.5,12.51,11.76,11.79,11.76,45714341,551236161.79,5.8303,-7.529,5.88,否,0.72,-6.28,-1.832,-5.072,-14.192,否,845302544,784076487,9966116993.76,9244261781.73,-207.441599,6.628726,2.017629,12.49,12.25,12.51,12.87,13.94,12.42,9.3,2012-02-17,-
2024-01-09,2654,万润科技,文化传媒,11.9,12.01,11.21,11.5,11.21,43034029,497676028.01,5.4885,-2.46,6.79,否,0.66,-13.858,-7.407,-3.117,-16.667,否,845302544,784076487,9720979256.0,9016879600.5,-202.339134,6.465679,1.968001,12.39,12.21,12.42,12.78,13.88,12.41,9.33,2012-02-17,-
2024-01-10,2654,万润科技,文化传媒,11.41,11.41,10.69,11.06,10.69,38942754,429191315.15,4.9667,-3.826,6.26,否,0.58,-13.255,-7.756,-5.551,-15.054,否,845302544,784076487,9349046136.64,8671885946.22,-194.597463,6.218296,1.892704,12.09,12.15,12.29,12.67,13.78,12.4,9.35,2012-02-17,-
2024-01-11,2654,万润科技,文化传媒,11.05,11.48,11.01,11.4,11.01,31722636,359654328.87,4.0459,3.074,4.25,否,0.53,-3.308,-9.38,-5.0,-12.24,否,845302544,784076487,9636449001.6,8938471951.8,-200.579664,6.409456,1.950888,11.7,12.09,12.21,12.58,13.7,12.38,9.38,2012-02-17,-
2024-01-12,2654,万润科技,文化传媒,11.4,11.42,10.99,11.02,10.99,27094784,301491281.34,3.4556,-3.333,3.77,否,0.6,-4.174,-17.453,-8.243,-14.838,否,845302544,784076487,9315234034.88,8640522886.74,-193.893675,6.195807,1.885858,11.35,11.99,12.13,12.49,13.64,12.37,9.4,2012-02-17,-
2024-01-15,2654,万润科技,文化传媒,10.96,11.33,10.9,11.19,10.9,23154595,258360291.66,2.9531,1.543,3.9,否,0.62,1.175,-12.235,-9.903,-14.58,否,845302544,784076487,9458935467.36,8773815889.53,-196.884775,6.291387,1.914951,11.23,11.86,12.05,12.41,13.59,12.36,9.43,2012-02-17,-
2024-01-16,2654,万润科技,文化传媒,11.15,11.19,10.85,11.01,10.85,20643731,226315092.47,2.6329,-1.609,3.04,否,0.63,-3.421,-6.616,-8.173,-17.28,否,845302544,784076487,9306781009.44,8632682121.87,-193.717728,6.190185,1.884147,11.14,11.77,11.98,12.31,13.56,12.36,9.45,2012-02-17,-
2024-01-17,2654,万润科技,文化传媒,11.01,11.09,10.76,10.77,10.76,16701903,182539208.95,2.1301,-2.18,3.0,否,0.59,-2.269,-6.348,-14.388,-20.634,否,845302544,784076487,9103908398.88,8444503764.99,-189.494998,6.055249,1.843076,11.08,11.58,11.88,12.24,13.51,12.36,9.48,2012-02-17,-
2024-01-18,2654,万润科技,文化传媒,10.62,10.83,10.47,10.82,10.47,25560330,271867067.89,3.2599,0.464,3.34,否,1.07,-3.307,-2.17,-18.951,-16.961,否,845302544,784076487,9146173526.08,8483707589.34,-190.374733,6.08336,1.851632,10.96,11.33,11.81,12.17,13.44,12.36,9.5,2012-02-17,-
2024-01-19,2654,万润科技,文化传媒,10.85,11.1,10.7,10.72,10.7,22223687,241897950.52,2.8344,-0.924,3.7,否,0.98,-2.634,-5.965,-15.922,-15.657,否,845302544,784076487,9061643271.68,8405299940.64,-188.615263,6.027137,1.834519,10.9,11.13,11.72,12.09,13.37,12.36,9.53,2012-02-17,-
2024-01-22,2654,万润科技,文化传媒,10.81,10.85,9.9,10.01,9.9,29087168,301443272.05,3.7097,-6.623,8.86,否,1.34,-7.057,-9.165,-15.098,-20.87,否,845302544,784076487,8461478465.44,7848605634.87,-176.12302,5.627952,1.713017,10.67,10.95,11.6,11.99,13.27,12.36,9.55,2012-02-17,-
2024-01-23,2654,万润科技,文化传媒,10.01,10.34,9.96,10.19,9.96,25631318,260241493.55,3.269,1.798,3.8,否,1.12,-5.823,-8.937,-11.391,-18.545,否,845302544,784076487,8613632923.36,7989739402.53,-179.290068,5.729154,1.74382,10.5,10.82,11.51,11.89,13.18,12.35,9.57,2012-02-17,-
2024-01-24,2654,万润科技,文化传媒,10.26,10.38,9.86,10.28,9.86,25393188,257660942.21,3.2386,0.883,5.1,否,1.07,-4.104,-6.63,-7.052,-19.055,否,845302544,784076487,8689710152.32,8060306286.36,-180.873591,5.779755,1.759222,10.4,10.74,11.44,11.78,13.11,12.35,9.59,2012-02-17,-
2024-01-25,2654,万润科技,文化传媒,10.25,10.7,10.17,10.63,10.17,30639985,321995819.5,3.9078,3.405,5.16,否,1.2,6.194,-1.3,-6.754,-13.718,否,845302544,784076487,8985566042.72,8334733056.81,-187.031739,5.976536,1.819117,10.37,10.66,11.37,11.7,13.04,12.35,9.61,2012-02-17,-
2024-01-26,2654,万润科技,文化传媒,10.53,10.77,10.46,10.5,10.46,22086590,233865820.57,2.8169,-1.223,2.92,否,0.83,3.042,-2.957,-4.719,-15.865,否,845302544,784076487,8875676712.0,8232803113.5,-184.744427,5.903446,1.796871,10.32,10.61,11.3,11.62,12.96,12.35,9.63,2012-02-17,-
2024-01-29,2654,万润科技,文化传媒,10.55,10.64,10.0,10.03,10.0,21836193,222854909.97,2.785,-4.476,6.1,否,0.82,-2.432,-6.437,-10.366,-19.243,否,845302544,784076487,8478384516.32,7864287164.61,-176.474914,5.639196,1.716439,10.33,10.5,11.18,11.53,12.88,12.35,9.65,2012-02-17,-
2024-01-30,2654,万润科技,文化传媒,10.16,10.16,9.6,9.61,9.6,20415713,200557293.0,2.6038,-4.187,5.58,否,0.81,-9.595,-3.996,-12.716,-19.04,否,845302544,784076487,8123357447.84,7534975040.07,-169.085137,5.403059,1.644564,10.21,10.36,11.06,11.44,12.78,12.34,9.67,2012-02-17,-
2024-01-31,2654,万润科技,文化传媒,9.51,9.79,9.12,9.16,9.12,30735926,288841027.43,3.92,-4.683,6.97,否,1.28,-12.762,-10.108,-14.949,-21.776,否,845302544,784076487,7742971303.04,7182140620.92,-161.167519,5.150054,1.567556,9.99,10.2,10.89,11.32,12.68,12.32,9.69,2012-02-17,-
2024-02-01,2654,万润科技,文化传媒,9.17,9.38,8.84,9.03,8.84,26454011,241120493.03,3.3739,-1.419,5.9,否,1.05,-9.97,-12.16,-16.543,-24.75,否,845302544,784076487,7633081972.32,7080210677.61,-158.880207,5.076963,1.545309,9.67,10.02,10.67,11.21,12.58,12.3,9.7,2012-02-17,-
2024-02-02,2654,万润科技,文化传媒,9.1,9.37,8.36,8.72,8.36,35957225,319216089.45,4.5859,-3.433,11.18,否,1.48,-9.261,-17.968,-18.657,-27.394,否,845302544,784076487,7371038183.68,6837146966.64,-153.425848,4.902671,1.492258,9.31,9.82,10.47,11.08,12.49,12.29,9.72,2012-02-17,-
2024-02-05,2654,万润科技,文化传媒,8.67,8.68,7.85,7.85,7.85,31033925,248859172.85,3.958,-9.977,9.52,否,1.15,-14.301,-25.238,-21.578,-36.795,否,845302544,784076487,6635624970.4,6155000422.95,-138.118453,4.413529,1.343375,8.87,9.6,10.28,10.93,12.39,12.27,9.73,2012-02-17,-
2024-02-06,2654,万润科技,文化传媒,7.31,8.05,7.07,7.71,7.07,54415378,408494270.73,6.9401,-1.783,12.48,否,1.88,-14.618,-23.131,-24.338,-35.696,否,845302544,784076487,6517282614.24,6045229714.77,-135.655193,4.334816,1.319416,8.49,9.35,10.09,10.79,12.28,12.25,9.74,2012-02-17,-
2024-02-07,2654,万润科技,文化传媒,7.8,8.48,7.75,8.06,7.75,74128401,607644485.94,9.4542,4.54,9.47,否,2.08,-7.569,-16.129,-21.595,-35.93,否,845302544,784076487,6813138504.64,6319656485.22,-141.813341,4.531598,1.379312,8.27,9.13,9.94,10.67,12.15,12.24,9.75,2012-02-17,-
2024-02-08,2654,万润科技,文化传媒,8.07,8.57,7.71,8.42,7.71,74041706,603900926.22,9.4432,4.467,10.67,否,1.67,7.261,-8.079,-20.79,-36.929,否,845302544,784076487,7117447420.48,6601924020.54,-148.147436,4.734001,1.440919,8.15,8.91,9.79,10.55,12.03,12.23,9.76,2012-02-17,-
2024-02-19,2654,万润科技,文化传媒,8.51,9.26,8.51,9.26,8.51,71485589,639721783.92,9.1172,9.976,8.91,否,1.33,20.104,2.547,-11.81,-27.373,是,845302544,784076487,7827501557.44,7260548269.62,-162.92699,5.206277,1.584669,8.26,8.79,9.7,10.46,11.92,12.23,9.77,2012-02-17,-
2024-02-20,2654,万润科技,文化传媒,9.2,10.19,9.0,10.19,9.0,82196977,785011541.16,10.4833,10.043,12.85,否,1.35,26.427,16.858,1.595,-13.571,是,845302544,784076487,8613632923.36,7989739402.53,-179.290068,5.729154,1.74382,8.73,8.8,9.65,10.39,11.82,12.24,9.79,2012-02-17,-
2024-02-21,2654,万润科技,文化传媒,10.2,11.02,10.0,10.21,10.0,117374630,1219532400.62,14.9698,0.196,10.01,否,1.65,21.259,30.064,6.243,-11.217,否,845302544,784076487,8630538974.24,8005420932.27,-179.641962,5.740398,1.747243,9.23,8.86,9.61,10.33,11.73,12.25,9.81,2012-02-17,-
2024-02-22,2654,万润科技,文化传媒,9.98,11.18,9.92,10.95,9.92,110400821,1172541885.0,14.0804,7.248,12.34,否,1.32,18.251,42.023,19.541,-0.995,否,845302544,784076487,9256062856.8,8585637532.65,-192.662045,6.156451,1.873879,9.81,9.04,9.62,10.27,11.66,12.26,9.84,2012-02-17,-
2024-02-23,2654,万润科技,文化传媒,10.81,11.09,10.68,10.93,10.68,88257230,959828111.47,11.2562,-0.183,3.74,否,0.97,7.262,35.608,21.041,-4.123,否,845302544,784076487,9239156805.92,8569956002.91,-192.310151,6.145206,1.870457,10.31,9.23,9.62,10.19,11.6,12.28,9.86,2012-02-17,-
2024-02-26,2654,万润科技,文化传媒,10.85,11.5,10.8,11.13,10.8,88131718,979303137.45,11.2402,1.83,6.4,否,0.94,9.011,32.185,27.638,0.998,否,845302544,784076487,9408217314.72,8726771300.31,-195.829093,6.257653,1.904683,10.68,9.47,9.64,10.14,11.54,12.3,9.88,2012-02-17,-
2024-02-27,2654,万润科技,文化传媒,10.91,11.6,10.8,11.48,10.8,82102701,923668303.51,10.4713,3.145,7.19,否,0.84,4.84,23.974,46.242,2.592,否,845302544,784076487,9704073205.12,9001198070.76,-201.98724,6.454434,1.964578,10.94,9.83,9.72,10.13,11.5,12.32,9.91,2012-02-17,-
2024-02-28,2654,万润科技,文化传媒,11.45,11.58,10.33,10.33,10.33,94246606,1038649102.4,12.0201,-10.017,10.89,否,0.97,-5.489,1.374,33.982,-6.176,否,845302544,784076487,8731975279.52,8099510110.71,-181.753327,5.807866,1.767778,10.96,10.1,9.72,10.09,11.44,12.33,9.93,2012-02-17,-
2024-02-29,2654,万润科技,文化传媒,10.25,11.26,10.25,11.17,10.25,76143130,834283698.12,9.7112,8.132,9.78,否,0.82,0.359,9.403,38.586,3.714,否,845302544,784076487,9442029416.48,8758134359.79,-196.532881,6.280142,1.911528,11.01,10.41,9.77,10.09,11.38,12.35,9.95,2012-02-17,-
2024-03-01,2654,万润科技,文化传媒,11.17,11.91,11.15,11.89,11.15,97472880,1129666621.96,12.4316,6.446,6.8,否,1.14,3.571,8.584,41.211,9.889,否,845302544,784076487,10050647248.16,9322669430.43,-209.20107,6.68495,2.034742,11.2,10.75,9.83,10.11,11.34,12.38,9.98,2012-02-17,-
2024-03-04,2654,万润科技,文化传媒,12.13,12.23,11.5,11.98,11.5,95436339,1133528004.79,12.1718,0.757,6.14,否,1.09,15.973,9.607,29.374,11.754,否,845302544,784076487,10126724477.12,9393236314.26,-210.784594,6.735551,2.050144,11.37,11.03,9.91,10.14,11.32,12.4,10.01,2012-02-17,-
2024-03-05,2654,万润科技,文化传媒,11.8,12.18,11.58,11.68,11.58,79852408,949025915.46,10.1843,-2.504,5.01,否,0.9,4.566,4.942,14.622,16.683,否,845302544,784076487,9873133713.92,9158013368.16,-205.506182,6.566881,1.998805,11.41,11.18,9.99,10.16,11.28,12.42,10.03,2012-02-17,-
2024-03-06,2654,万润科技,文化传媒,11.4,11.98,11.37,11.82,11.37,65431123,762807794.73,8.345,1.199,5.22,否,0.74,-0.589,2.962,15.769,15.996,否,845302544,784076487,9991476070.08,9267784076.34,-207.969441,6.645593,2.022763,11.71,11.34,10.1,10.18,11.25,12.44,10.06,2012-02-17,-
2024-03-07,2654,万润科技,文化传媒,11.77,11.92,11.22,11.27,11.22,54260515,626066488.39,6.9203,-4.653,5.92,否,0.65,-5.927,9.1,2.922,9.63,否,845302544,784076487,9526559670.88,8836542008.49,-198.292352,6.336365,1.928641,11.73,11.37,10.2,10.2,11.22,12.45,10.08,2012-02-17,-
2024-03-08,2654,万润科技,文化传媒,11.25,11.98,11.05,11.85,11.05,65241747,761266803.78,8.3208,5.146,8.25,否,0.83,1.455,6.088,8.417,11.477,否,845302544,784076487,10016835146.4,9291306370.95,-208.497282,6.66246,2.027897,11.72,11.46,10.35,10.24,11.2,12.47,10.11,2012-02-17,-
2024-03-11,2654,万润科技,文化传媒,12.01,12.64,12.01,12.26,12.01,90585111,1109604312.07,11.5531,3.46,5.32,否,1.26,3.723,3.112,10.153,16.762,否,845302544,784076487,10363409189.44,9612777730.62,-215.711112,6.892976,2.09806,11.78,11.57,10.52,10.29,11.19,12.5,10.14,2012-02-17,-
2024-03-12,2654,万润科技,文化传媒,12.24,13.32,12.16,12.77,12.16,111669888,1424921889.68,14.2422,4.16,9.46,否,1.57,13.31,6.594,11.237,27.318,否,845302544,784076487,10794513486.88,10012656738.99,-224.684413,7.179715,2.185337,11.99,11.7,10.77,10.38,11.18,12.51,10.17,2012-02-17,-
2024-03-13,2654,万润科技,文化传媒,12.67,13.05,12.49,12.49,12.49,81971733,1043636391.93,10.4546,-2.193,4.39,否,1.06,5.401,6.935,20.91,29.969,否,845302544,784076487,10557828774.56,9793115322.63,-219.757895,7.022289,2.13742,12.13,11.92,11.01,10.46,11.17,12.52,10.2,2012-02-17,-
2024-03-14,2654,万润科技,文化传媒,12.29,12.75,12.21,12.42,12.21,57070380,710448086.22,7.2787,-0.56,4.32,否,0.71,1.305,5.076,11.191,35.59,否,845302544,784076487,10498657596.48,9738229968.54,-218.526265,6.982933,2.125441,12.36,12.04,11.23,10.53,11.15,12.54,10.23,2012-02-17,-
2024-03-15,2654,万润科技,文化传媒,12.34,12.6,12.11,12.53,12.11,47341950,582265442.14,6.0379,0.886,3.95,否,0.58,-1.879,11.18,5.383,38.76,否,845302544,784076487,10591640876.32,9824478382.11,-220.461683,7.044779,2.144265,12.49,12.11,11.43,10.59,11.14,12.55,10.26,2012-02-17,-
2024-03-18,2654,万润科技,文化传媒,12.55,13.07,12.39,12.9,12.39,72621086,923089815.96,9.262,2.953,5.43,否,0.93,3.283,8.861,7.679,47.936,否,845302544,784076487,10904402817.6,10114586682.3,-226.971725,7.252805,2.207584,12.62,12.2,11.61,10.67,11.15,12.56,10.29,2012-02-17,-
2024-03-19,2654,万润科技,文化传媒,12.82,13.27,12.65,12.66,12.65,71052418,918055167.67,9.0619,-1.861,4.81,否,0.96,1.932,3.263,8.39,61.274,否,845302544,784076487,10701530207.04,9926408325.42,-222.748995,7.117869,2.166512,12.6,12.3,11.74,10.76,11.15,12.58,10.32,2012-02-17,-
2024-03-20,2654,万润科技,文化传媒,12.52,12.97,12.46,12.79,12.46,57646155,732926283.17,7.3521,1.027,4.03,否,0.87,2.075,0.157,8.206,65.888,否,845302544,784076487,10811419537.76,10028338268.73,-225.036307,7.190959,2.188759,12.66,12.39,11.87,10.86,11.15,12.6,10.35,2012-02-17,-
2024-03-21,2654,万润科技,文化传媒,13.28,13.41,12.86,12.91,12.86,77298800,1014764899.47,9.8586,0.938,4.3,否,1.26,0.078,3.363,14.552,60.174,否,845302544,784076487,10912855843.04,10122427447.17,-227.147672,7.258427,2.209295,12.76,12.56,11.96,10.99,11.15,12.61,10.38,2012-02-17,-
2024-03-22,2654,万润科技,文化传媒,12.89,13.37,12.71,12.75,12.71,71473358,931372114.45,9.1156,-1.239,5.11,否,1.1,0.711,2.657,7.595,51.425,否,845302544,784076487,10777607436.0,9996975209.25,-224.332518,7.16847,2.181914,12.8,12.65,12.05,11.11,11.16,12.62,10.41,2012-02-17,-
2024-03-25,2654,万润科技,文化传媒,12.48,12.65,11.9,11.9,11.9,63435268,778637608.8,8.0904,-6.667,5.88,否,0.91,-6.959,-5.028,-2.936,28.51,否,845302544,784076487,10059100273.6,9330510195.3,-209.377017,6.690572,2.036453,12.6,12.61,12.09,11.22,11.15,12.61,10.43,2012-02-17,-
2024-03-26,2654,万润科技,文化传媒,12.01,12.38,11.66,11.73,11.66,44868187,536808139.99,5.7224,-1.429,6.05,否,0.66,-9.14,-9.07,-8.144,15.113,否,845302544,784076487,9915398841.12,9197217192.51,-206.385917,6.594992,2.007361,12.42,12.51,12.11,11.35,11.14,12.59,10.46,2012-02-17,-
2024-03-27,2654,万润科技,文化传媒,11.72,11.82,10.9,10.92,10.9,43948518,492540286.68,5.6051,-6.905,7.84,否,0.7,-14.353,-13.744,-12.57,6.954,否,845302544,784076487,9230703780.48,8562115238.04,-192.134204,6.139584,1.868745,12.04,12.35,12.13,11.46,11.12,12.58,10.48,2012-02-17,-
2024-03-28,2654,万润科技,文化传媒,10.92,11.49,10.75,11.36,10.75,41738789,468648762.88,5.3233,4.029,6.78,否,0.69,-4.538,-11.181,-8.535,3.744,否,845302544,784076487,9602636899.84,8907108892.32,-199.875875,6.386966,1.944043,11.73,12.25,12.14,11.57,11.12,12.57,10.5,2012-02-17,-
2024-03-29,2654,万润科技,文化传媒,11.38,11.66,11.03,11.43,11.03,38510480,436163478.94,4.9116,0.616,5.55,否,0.73,-2.558,-11.464,-8.779,4.575,否,845302544,784076487,9661808077.92,8961994246.41,-201.107505,6.426323,1.956022,11.47,12.14,12.12,11.67,11.11,12.56,10.53,2012-02-17,-
2024-04-01,2654,万润科技,文化传媒,11.47,11.9,11.47,11.78,11.47,35462566,415363419.18,4.5228,3.062,3.76,否,0.76,7.875,-7.608,-8.682,5.84,否,845302544,784076487,9957663968.32,9236421016.86,-207.265652,6.623104,2.015918,11.44,12.02,12.11,11.75,11.11,12.55,10.55,2012-02-17,-
2024-04-02,2654,万润科技,文化传媒,12.1,12.2,11.24,11.41,11.24,43298970,500801226.62,5.5223,-3.141,8.15,否,1.06,0.44,-4.118,-9.874,-0.61,否,845302544,784076487,9644902027.04,8946312716.67,-200.755611,6.415078,1.952599,11.38,11.9,12.1,11.79,11.09,12.55,10.57,2012-02-17,-
2024-04-03,2654,万润科技,文化传媒,11.34,11.64,10.98,11.4,10.98,42020813,476455219.49,5.3593,-0.088,5.78,否,1.04,-0.262,-2.813,-10.868,10.358,否,845302544,784076487,9636449001.6,8938471951.8,-200.579664,6.409456,1.950888,11.48,11.76,12.08,11.83,11.08,12.54,10.59,2012-02-17,-
2024-04-08,2654,万润科技,文化传媒,11.2,11.23,10.85,10.88,10.85,30561071,336012978.68,3.8977,-4.561,3.33,否,0.76,-7.64,-0.366,-15.724,-2.596,否,845302544,784076487,9196891678.72,8530752178.56,-191.430416,6.117094,1.8619,11.38,11.56,12.06,11.83,11.05,12.52,10.61,2012-02-17,-
2024-04-09,2654,万润科技,文化传媒,10.95,11.02,10.61,10.89,10.61,25221140,272496599.47,3.2167,0.092,3.77,否,0.66,-4.557,-4.137,-14.588,-8.41,否,845302544,784076487,9205344704.16,8538592943.43,-191.606363,6.122717,1.863611,11.27,11.37,12.01,11.83,11.01,12.51,10.63,2012-02-17,-
2024-04-10,2654,万润科技,文化传媒,10.9,10.92,10.22,10.36,10.22,34215586,357374146.85,4.3638,-4.867,6.43,否,0.97,-9.123,-9.361,-12.941,-13.523,否,845302544,784076487,8757334355.84,8123032405.32,-182.281168,5.824733,1.772912,10.99,11.22,11.91,11.8,10.97,12.48,10.65,2012-02-17,-
2024-04-11,2654,万润科技,文化传媒,10.26,10.57,10.17,10.31,10.17,23903514,249205787.54,3.0486,-0.483,3.86,否,0.68,-5.239,-12.479,-12.106,-11.729,否,845302544,784076487,8715069228.64,8083828580.97,-181.401433,5.796622,1.764356,10.77,11.07,11.79,11.76,10.94,12.44,10.67,2012-02-17,-
2024-04-12,2654,万润科技,文化传媒,10.36,10.49,10.19,10.2,10.19,24247450,250204470.8,3.0925,-1.067,2.91,否,0.78,-6.336,-10.605,-6.593,-13.706,否,845302544,784076487,8622085948.8,7997580167.4,-179.466015,5.734776,1.745531,10.53,11.0,11.68,11.76,10.92,12.4,10.69,2012-02-17,-
2024-04-15,2654,万润科技,文化传媒,10.13,10.28,9.72,9.94,9.72,31198458,311262675.79,3.979,-2.549,5.49,否,1.13,-4.054,-12.807,-12.5,-11.801,否,845302544,784076487,8402307287.36,7793720280.78,-174.891391,5.588595,1.701037,10.34,10.86,11.55,11.72,10.9,12.34,10.71,2012-02-17,-
2024-04-16,2654,万润科技,文化传媒,9.87,9.98,8.96,9.0,8.96,37297343,346956110.66,4.7569,-9.457,10.26,否,1.34,-12.706,-17.279,-21.26,-24.051,否,845302544,784076487,7607722896.0,7056688383.0,-158.352366,5.060096,1.540175,9.96,10.62,11.38,11.62,10.86,12.28,10.72,2012-02-17,-
2024-04-17,2654,万润科技,文化传媒,9.35,9.9,9.32,9.9,9.32,47091191,460835522.38,6.0059,10.0,6.44,否,1.56,-2.941,-9.091,-15.959,-19.25,是,845302544,784076487,8368495185.6,7762357221.3,-174.187603,5.566106,1.694192,9.87,10.43,11.23,11.55,10.85,12.24,10.73,2012-02-17,-
2024-04-18,2654,万润科技,文化传媒,9.95,10.16,9.88,9.97,9.88,47154031,472474918.51,6.014,0.707,2.83,否,1.44,0.302,-3.764,-12.621,-21.926,否,845302544,784076487,8427666363.68,7817242575.39,-175.419232,5.605462,1.706171,9.8,10.29,11.09,11.49,10.83,12.21,10.75,2012-02-17,-
2024-04-19,2654,万润科技,文化传媒,9.9,9.98,9.66,9.72,9.66,27963780,273619630.7,3.5665,-2.508,3.21,否,0.75,8.0,-5.723,-14.737,-22.178,否,845302544,784076487,8216340727.68,7621223453.64,-171.020555,5.464904,1.663389,9.71,10.12,10.94,11.42,10.8,12.18,10.77,2012-02-17,-
2024-04-22,2654,万润科技,文化传媒,9.52,9.67,9.27,9.43,9.27,23746690,225048333.69,3.0286,-2.984,4.12,否,0.62,-4.747,-7.549,-13.327,-24.074,否,845302544,784076487,7971202989.92,7393841272.41,-165.91809,5.301857,1.613761,9.6,9.97,10.76,11.36,10.78,12.15,10.78,2012-02-17,-
2024-04-23,2654,万润科技,文化传媒,9.58,9.66,9.45,9.49,9.45,19225459,183247817.32,2.452,0.636,2.23,否,0.52,-4.814,-4.527,-12.856,-24.262,否,845302544,784076487,8021921142.56,7440885861.63,-166.973773,5.335591,1.624029,9.7,9.83,10.6,11.28,10.76,12.1,10.79,2012-02-17,-
2024-04-24,2654,万润科技,文化传媒,9.58,9.98,9.49,9.94,9.49,30233169,295077774.98,3.8559,4.742,5.16,否,0.92,2.263,10.444,-4.054,-22.946,否,845302544,784076487,8402307287.36,7793720280.78,-174.891391,5.588595,1.701037,9.71,9.79,10.5,11.21,10.75,12.06,10.8,2012-02-17,-
2024-04-25,2654,万润科技,文化传媒,9.9,10.22,9.8,10.01,9.8,29451004,295215000.85,3.7561,0.704,4.23,否,0.99,6.151,1.111,-2.91,-20.932,否,845302544,784076487,8461478465.44,7848605634.87,-176.12302,5.627952,1.713017,9.72,9.76,10.42,11.11,10.75,12.01,10.81,2012-02-17,-
2024-04-26,2654,万润科技,文化传媒,9.95,10.38,9.95,10.34,9.95,34609459,354626638.11,4.414,3.297,4.3,否,1.32,8.957,3.711,1.373,-19.156,否,845302544,784076487,8740428304.96,8107350875.58,-181.929274,5.813489,1.76949,9.84,9.77,10.39,11.04,10.75,11.96,10.82,2012-02-17,-
2024-04-29,2654,万润科技,文化传媒,10.45,10.62,10.32,10.53,10.32,43406492,453685774.12,5.536,1.838,2.9,否,1.58,5.936,8.333,5.936,-18.435,否,845302544,784076487,8901035788.32,8256325408.11,129.605186,6.011117,2.111275,10.06,9.83,10.35,10.98,10.75,11.93,10.83,2012-02-17,-
2024-04-30,2654,万润科技,文化传媒,10.51,10.57,10.22,10.35,10.22,26742872,277509249.51,3.4107,-1.709,3.32,否,0.85,3.397,9.756,15.0,-18.824,否,845302544,784076487,8748881330.4,8115191640.45,127.389713,5.908363,2.075185,10.23,9.97,10.29,10.91,10.75,11.89,10.84,2012-02-17,-
2024-05-06,2654,万润科技,文化传媒,10.55,10.6,10.27,10.38,10.27,24730900,258010070.0,3.1541,0.29,3.19,否,0.75,0.387,9.378,4.848,-12.773,否,845302544,784076487,8774240406.72,8138713935.06,127.758958,5.925489,2.0812,10.32,10.02,10.22,10.82,10.75,11.86,10.85,2012-02-17,-
2024-05-07,2654,万润科技,文化传媒,10.39,10.52,10.28,10.34,10.28,19010050,197492426.5,2.4245,-0.385,2.31,否,0.6,-1.804,4.024,3.711,-11.85,否,845302544,784076487,8740428304.96,8107350875.58,127.266631,5.902655,2.07318,10.39,10.05,10.17,10.75,10.75,11.82,10.87,2012-02-17,-
2024-05-08,2654,万润科技,文化传媒,10.27,10.29,9.99,10.02,9.99,21683137,219409614.0,2.7654,-3.095,2.9,否,0.73,-3.188,0.1,3.086,-8.242,否,845302544,784076487,8469931490.88,7856446399.74,123.328012,5.719981,2.00902,10.32,10.08,10.1,10.65,10.76,11.77,10.88,2012-02-17,-
2024-05-09,2654,万润科技,文化传媒,10.03,10.27,10.03,10.18,10.03,20754136,210497068.08,2.647,1.597,2.4,否,0.77,-1.927,-1.547,7.953,-10.387,否,845302544,784076487,8605179897.92,7981898637.66,125.297321,5.811318,2.0411,10.25,10.16,10.07,10.56,10.78,11.73,10.89,2012-02-17,-
2024-05-10,2654,万润科技,文化传媒,10.16,10.19,9.77,9.78,9.77,25301339,249615488.12,3.2269,-3.929,4.13,否,1.12,-5.416,-7.123,3.056,-14.436,否,845302544,784076487,8267058880.32,7668268042.86,120.374047,5.582975,1.9609,10.14,10.19,10.01,10.46,10.79,11.68,10.91,2012-02-17,-
2024-05-13,2654,万润科技,文化传媒,9.66,9.67,9.35,9.4,9.35,24296405,230915162.32,3.0987,-3.886,3.27,否,1.09,-6.188,-9.179,-5.433,-20.204,否,845302544,784076487,7945843913.6,7370318977.8,115.696937,5.36605,1.884709,9.94,10.13,9.96,10.38,10.8,11.64,10.92,2012-02-17,-
2024-05-14,2654,万润科技,文化传媒,9.42,9.68,9.38,9.47,9.38,20076317,190180077.93,2.5605,0.745,3.19,否,0.9,-6.974,-8.767,-5.395,-17.003,否,845302544,784076487,8005015091.68,7425204331.89,116.55851,5.40601,1.898744,9.77,10.08,9.92,10.3,10.83,11.61,10.93,2012-02-17,-
2024-05-15,2654,万润科技,文化传媒,9.42,9.62,9.33,9.46,9.33,17633029,167359188.37,2.2489,-0.106,3.06,否,0.79,-3.272,-8.511,-8.511,-17.018,否,845302544,784076487,7996562066.24,7417363567.02,116.435428,5.400301,1.896739,9.66,9.99,9.88,10.26,10.86,11.57,10.94,2012-02-17,-
2024-05-16,2654,万润科技,文化传媒,9.46,9.6,9.44,9.49,9.44,20057647,190970154.91,2.558,0.317,1.69,否,0.93,0.957,-5.289,-9.877,-12.776,否,845302544,784118824,8021921142.56,7441287639.76,116.804674,5.417427,1.902754,9.52,9.89,9.86,10.19,10.88,11.52,10.96,2012-02-17,-
2024-05-17,2654,万润科技,文化传媒,9.43,9.55,9.3,9.54,9.3,17153572,162313659.59,2.1876,0.527,2.63,否,0.8,0.739,-6.287,-7.826,-12.397,否,845302544,784118824,8064186269.76,7480493580.96,117.420083,5.44597,1.912779,9.47,9.81,9.89,10.13,10.9,11.46,10.97,2012-02-17,-
2024-05-20,2654,万润科技,文化传媒,9.54,9.62,9.42,9.58,9.42,17203029,164243785.08,2.1637,0.419,2.1,否,0.87,1.268,-2.045,-7.707,-7.529,否,845302544,795090356,8097998371.52,7616965610.48,117.91241,5.468804,1.9208,9.51,9.73,9.87,10.06,10.9,11.41,10.98,2012-02-17,-
2024-05-21,2654,万润科技,文化传媒,9.58,9.62,9.43,9.45,9.43,13773041,130785115.28,1.7323,-1.357,1.98,否,0.75,-0.421,0.532,-8.607,-8.341,否,845302544,795090356,7988109040.8,7513603864.2,116.312346,5.394592,1.894734,9.5,9.64,9.85,9.99,10.89,11.35,11.0,2012-02-17,-
2024-05-22,2654,万润科技,文化传媒,9.49,9.57,9.34,9.43,9.34,17027000,160661190.29,2.1415,-0.212,2.43,否,0.99,-1.153,-0.422,-5.888,-7.549,否,845302544,795090356,7971202989.92,7497702057.08,116.066183,5.383175,1.890724,9.5,9.58,9.83,9.93,10.88,11.3,11.01,2012-02-17,-
2024-05-23,2654,万润科技,文化传媒,9.47,9.47,9.15,9.19,9.15,18050416,167248612.32,2.2702,-2.545,3.39,否,1.06,-4.071,-2.854,-9.725,-7.545,否,845302544,845242544,7768330379.36,7767778979.36,113.112218,5.24617,1.842604,9.44,9.48,9.82,9.87,10.85,11.25,11.03,2012-02-17,-
2024-05-24,2654,万润科技,文化传媒,9.2,9.28,8.94,8.94,8.94,18815581,170493643.39,2.3665,-2.72,3.7,否,1.13,-5.397,-5.796,-8.589,-0.667,否,845302544,845242544,7557004743.36,7556468343.36,110.035172,5.103456,1.792479,9.32,9.4,9.79,9.8,10.82,11.21,11.04,2012-02-17,-
2024-05-27,2654,万润科技,文化传媒,9.0,9.24,8.75,9.23,8.75,24629088,220953878.77,3.0976,3.244,5.48,否,1.45,-2.121,-3.249,-1.809,-6.768,否,845302544,845242544,7802142481.12,7801588681.12,113.604546,5.269004,1.850624,9.25,9.38,9.76,9.77,10.78,11.16,11.05,2012-02-17,-
2024-05-28,2654,万润科技,文化传媒,9.23,9.66,9.08,9.44,9.08,51622572,488498389.1,6.4927,2.275,6.28,否,2.8,2.72,-1.461,-0.317,-5.316,否,845302544,845242544,7979656015.36,7979089615.36,116.189264,5.388884,1.892729,9.25,9.38,9.73,9.74,10.75,11.12,11.07,2012-02-17,-
2024-05-29,2654,万润科技,文化传媒,9.22,9.36,9.11,9.17,9.11,31573344,291266834.2,3.971,-2.86,2.65,否,1.21,2.573,-2.963,-3.066,-5.658,否,845302544,845242544,7751424328.48,7750874128.48,112.866055,5.234753,1.838594,9.19,9.35,9.67,9.7,10.73,11.08,11.08,2012-02-17,-
2024-05-30,2654,万润科技,文化传媒,9.1,10.09,8.97,10.09,8.97,72862977,712600519.58,9.1641,10.033,12.21,否,2.52,9.317,6.999,6.322,6.999,是,845302544,845242544,8529102668.96,8528497268.96,124.189585,5.759941,2.023055,9.37,9.41,9.65,9.71,10.71,11.05,11.1,2012-02-17,-
2024-05-31,2654,万润科技,文化传媒,10.21,10.57,10.12,10.38,10.12,115754850,1194614741.81,14.5587,2.874,4.46,否,2.9,9.958,12.949,8.805,9.378,否,845302544,845242544,8774240406.72,8773617606.72,127.758958,5.925489,2.0812,9.66,9.49,9.65,9.75,10.69,11.01,11.11,2012-02-17,-
2024-06-03,2654,万润科技,文化传媒,10.36,11.42,10.36,11.42,10.36,81209298,902484970.72,10.2138,10.019,10.21,否,1.37,24.537,27.74,19.207,14.889,是,845302544,845242544,9653355052.48,9652669852.48,140.55947,6.519179,2.289721,10.1,9.67,9.7,9.81,10.68,11.0,11.13,2012-02-17,-
2024-06-04,2654,万润科技,文化传媒,11.71,11.9,10.98,11.16,10.98,161614547,1855128982.89,20.3266,-2.277,8.06,否,2.29,10.605,20.91,18.095,11.489,否,845302544,845242544,9433576391.04,9432906791.04,137.359342,6.370757,2.237591,10.44,9.85,9.74,9.85,10.67,10.98,11.16,2012-02-17,-
2024-06-05,2654,万润科技,文化传媒,11.1,11.63,11.07,11.21,11.07,117575142,1334701170.43,14.7876,0.448,5.02,否,1.27,7.996,18.75,18.876,8.414,否,845302544,845242544,9475841518.24,9475168918.24,137.974751,6.3993,2.247616,10.85,10.02,9.8,9.89,10.66,10.95,11.17,2012-02-17,-
2024-06-06,2654,万润科技,文化传媒,11.3,11.51,10.7,10.96,10.7,107350394,1190099069.66,13.5017,-2.23,7.23,否,0.98,-4.028,19.52,19.26,4.084,否,845302544,845242544,9264515882.24,9263858282.24,134.897705,6.256586,2.197491,11.03,10.2,9.84,9.95,10.65,10.94,11.19,2012-02-17,-
2024-06-07,2654,万润科技,文化传媒,11.14,11.24,10.62,10.71,10.62,74712901,813337987.42,9.3968,-2.281,5.66,否,0.64,-4.032,6.145,19.799,3.478,否,845302544,845242544,9053190246.24,9052547646.24,131.820659,6.113871,2.147366,11.09,10.38,9.89,9.99,10.63,10.92,11.2,2012-02-17,-
2024-06-11,2654,万润科技,文化传媒,10.73,11.78,10.73,11.78,10.73,71107367,817342682.14,8.9433,9.991,9.8,否,0.66,5.085,13.487,27.627,13.487,是,845302544,845242544,9957663968.32,9956957168.32,144.990417,6.724688,2.361902,11.16,10.63,10.01,10.05,10.63,10.91,11.22,2012-02-17,-
2024-06-12,2654,万润科技,文化传媒,12.4,12.94,12.3,12.8,12.3,214947815,2709627130.18,27.0344,8.659,5.43,否,2.02,16.788,12.084,35.593,23.791,否,845302544,845242544,10819872563.2,10819104563.2,157.544765,7.306961,2.566413,11.49,10.97,10.17,10.14,10.63,10.91,11.24,2012-02-17,-
2024-06-13,2654,万润科技,文化传媒,12.6,12.92,12.2,12.38,12.2,179570920,2244961848.15,22.585,-3.281,5.63,否,1.53,15.593,10.932,35.005,23.553,否,845302544,845242544,10464845494.72,10464102694.72,152.375328,7.067202,2.482202,11.73,11.29,10.32,10.21,10.63,10.9,11.26,2012-02-17,-
2024-06-14,2654,万润科技,文化传媒,12.1,12.63,11.97,12.33,11.97,132067838,1636941445.68,16.6104,-0.404,5.33,否,1.02,4.669,9.991,22.2,21.12,否,845302544,845242544,10422580367.52,10421840567.52,151.759918,7.038659,2.472177,12.0,11.51,10.46,10.27,10.62,10.89,11.28,2012-02-17,-
2024-06-17,2654,万润科技,文化传媒,12.2,12.77,12.0,12.7,12.0,128133166,1582706268.51,16.1155,3.001,6.24,否,0.95,-0.781,15.876,22.351,29.857,否,845302544,845242544,10735342308.8,10734580308.8,156.313947,7.249876,2.546363,12.4,11.75,10.62,10.35,10.63,10.88,11.3,2012-02-17,-
2024-06-18,2654,万润科技,文化传媒,12.51,12.67,12.22,12.45,12.22,101769576,1266671666.37,12.7997,-1.969,3.54,否,0.7,0.565,16.246,9.019,32.447,否,845302544,845242544,10524016672.8,10523269672.8,153.236901,7.107161,2.496237,12.53,11.85,10.76,10.42,10.62,10.88,11.32,2012-02-17,-
2024-06-19,2654,万润科技,文化传媒,12.72,13.0,12.45,12.52,12.45,131342568,1667416410.58,16.5192,0.562,4.42,否,0.87,1.541,6.282,12.186,32.207,否,845302544,845242544,10583187850.88,10582436650.88,154.098474,7.147121,2.510272,12.48,11.98,10.91,10.49,10.62,10.88,11.34,2012-02-17,-
2024-06-20,2654,万润科技,文化传媒,12.21,12.33,11.56,11.63,11.56,112813987,1346231865.23,14.1888,-7.109,6.15,否,0.84,-8.425,-9.141,3.747,22.939,否,845302544,845242544,9830868586.72,9830170786.72,143.144189,6.639059,2.331827,12.33,12.03,11.02,10.54,10.6,10.87,11.35,2012-02-17,-
2024-06-21,2654,万润科技,文化传媒,11.41,11.77,11.18,11.52,11.18,62499670,717121776.33,7.8607,-0.946,5.07,否,0.52,-7.47,-6.947,5.109,21.391,否,845302544,845242544,9737885306.88,9737194106.88,141.790289,6.576265,2.309771,12.16,12.08,11.14,10.59,10.57,10.86,11.37,2012-02-17,-
2024-06-24,2654,万润科技,文化传媒,11.6,11.73,11.03,11.1,11.03,59908100,684260905.71,7.5348,-3.646,6.08,否,0.56,-11.342,-9.976,3.641,16.352,否,845302544,845242544,9382858238.4,9382192238.4,136.620851,6.336505,2.225561,11.84,12.12,11.25,10.63,10.55,10.85,11.38,2012-02-17,-
2024-06-25,2654,万润科技,文化传媒,11.1,11.2,10.45,10.6,10.45,64837542,698098131.14,8.1547,-4.505,6.76,否,0.69,-8.856,-16.535,-10.017,10.647,否,845302544,845242544,8960206966.4,8959570966.4,130.466759,6.051077,2.125311,11.47,12.0,11.32,10.67,10.53,10.84,11.39,2012-02-17,-
2024-06-26,2654,万润科技,文化传媒,10.65,11.13,10.29,11.05,10.29,67101357,720561923.56,8.4395,4.245,7.92,否,0.78,-4.08,-11.245,-13.672,16.931,否,845302544,845242544,9340593111.2,9339930111.2,136.005442,6.307963,2.215536,11.18,11.83,11.4,10.72,10.51,10.83,11.39,2012-02-17,-
2024-06-27,2654,万润科技,文化传媒,10.93,11.2,10.73,10.75,10.73,56686676,621967156.24,7.1296,-2.715,4.25,否,0.77,-3.153,-14.137,-13.166,13.998,否,845302544,845242544,9087002348.0,9086357348.0,132.312986,6.136706,2.155386,11.0,11.67,11.48,10.77,10.51,10.82,11.4,2012-02-17,-
2024-06-28,2654,万润科技,文化传媒,10.61,11.09,10.61,10.85,10.61,56832970,620794862.27,7.148,0.93,4.47,否,0.91,2.358,-6.707,-12.003,18.063,否,845302544,845242544,9171532602.4,9170881602.4,133.543805,6.193791,2.175436,10.87,11.52,11.52,10.81,10.5,10.81,11.41,2012-02-17,-
2024-07-01,2654,万润科技,文化传媒,10.79,10.96,10.35,10.84,10.35,47928792,511755462.19,6.0281,-0.092,5.62,否,0.78,-1.9,-5.903,-14.646,21.253,否,845302544,845242544,9163079576.96,9162429176.96,133.420723,6.188083,2.173431,10.82,11.33,11.54,10.86,10.49,10.8,11.42,2012-02-17,-
2024-07-02,2654,万润科技,文化传媒,10.91,11.16,10.81,10.87,10.81,55205201,606677093.73,6.9433,0.277,3.23,否,0.94,1.116,-2.072,-12.691,17.768,否,845302544,845242544,9188438653.28,9187786453.28,133.789969,6.205208,2.179446,10.87,11.17,11.51,10.9,10.48,10.79,11.43,2012-02-17,-
2024-07-03,2654,万润科技,文化传媒,10.69,11.05,10.56,10.89,10.56,52311124,565626166.45,6.5793,0.184,4.51,否,0.92,0.369,2.736,-13.019,15.36,否,845302544,845242544,9205344704.16,9204691304.16,134.036132,6.216626,2.183456,10.84,11.01,11.5,10.95,10.47,10.78,11.44,2012-02-17,-
2024-07-04,2654,万润科技,文化传媒,10.8,10.89,10.33,10.37,10.33,46570251,492939844.9,5.8572,-4.775,5.14,否,0.87,-4.336,-6.154,-10.834,13.086,否,845302544,845242544,8765787381.28,8765165181.28,127.635876,5.91978,2.079195,10.76,10.88,11.46,10.98,10.45,10.77,11.44,2012-02-17,-
2024-07-05,2654,万润科技,文化传媒,10.2,10.37,10.0,10.22,10.0,38211300,388637562.63,4.8059,-1.447,3.57,否,0.74,-5.98,-4.93,-11.285,1.288,否,845302544,845242544,8638991999.68,8638378799.68,125.789649,5.834152,2.04912,10.64,10.75,11.42,11.01,10.44,10.75,11.45,2012-02-17,-
2024-07-08,2654,万润科技,文化传媒,10.27,10.43,9.96,10.04,9.96,36449057,372554061.03,4.5843,-1.761,4.6,否,0.76,-7.805,-7.465,-9.55,-3.276,否,845302544,845242544,8486837541.76,8486235141.76,123.574175,5.731398,2.01303,10.48,10.65,11.38,11.05,10.43,10.72,11.46,2012-02-17,-
2024-07-09,2654,万润科技,文化传媒,9.92,10.64,9.8,10.64,9.8,59910267,618901706.09,7.535,5.976,8.37,否,1.31,2.604,-1.845,0.377,-6.83,否,845302544,845242544,8994019068.16,8993380668.16,130.959086,6.073912,2.133331,10.43,10.65,11.33,11.1,10.43,10.7,11.47,2012-02-17,-
2024-07-10,2654,万润科技,文化传媒,10.5,10.87,10.45,10.8,10.45,54388813,583577903.51,6.8406,1.504,3.95,否,1.16,5.675,-0.644,-2.262,-3.226,否,845302544,845242544,9129267475.2,9128619475.2,132.928396,6.165249,2.165411,10.41,10.63,11.23,11.14,10.44,10.69,11.48,2012-02-17,-
2024-07-11,2654,万润科技,文化传媒,11.06,11.11,10.61,10.83,10.61,63166075,684449787.38,7.9445,0.278,4.63,否,1.34,7.869,-0.551,0.744,-3.39,否,845302544,845242544,9154626551.52,9153976751.52,133.297641,6.182374,2.171426,10.51,10.64,11.15,11.2,10.45,10.69,11.48,2012-02-17,-
2024-07-12,2654,万润科技,文化传媒,10.66,10.76,10.57,10.69,10.57,32077701,341969038.78,4.0345,-1.293,1.75,否,0.64,0.47,3.086,-1.475,-2.464,否,845302544,845242544,9036284195.36,9035642795.36,131.574495,6.102454,2.143356,10.6,10.62,11.07,11.22,10.46,10.68,11.49,2012-02-17,-
2024-07-15,2654,万润科技,文化传媒,10.76,10.9,10.53,10.54,10.53,33931374,363140559.35,4.2676,-1.403,3.46,否,0.69,-2.407,3.131,-2.768,-1.587,否,845302544,845242544,8909488813.76,8908856413.76,129.728268,6.016826,2.11328,10.7,10.59,10.96,11.22,10.49,10.68,11.5,2012-02-17,-
2024-07-16,2654,万润科技,文化传媒,10.45,10.75,10.38,10.69,10.38,32971151,348444299.09,4.1468,1.423,3.51,否,0.68,-1.293,6.474,-1.656,-9.253,否,845302544,845242544,9036284195.36,9035642795.36,131.574495,6.102454,2.143356,10.71,10.57,10.87,11.2,10.5,10.67,11.51,2012-02-17,-
2024-07-17,2654,万润科技,文化传媒,10.6,10.66,10.16,10.19,10.16,36146756,374351504.31,4.5462,-4.677,4.68,否,0.83,-4.677,-4.229,-6.428,-20.391,否,845302544,845242544,8613632923.36,8613021523.36,125.420403,5.817026,2.043105,10.59,10.5,10.76,11.17,10.51,10.67,11.51,2012-02-17,-
2024-07-18,2654,万润科技,文化传媒,9.9,10.44,9.66,10.16,9.66,44940700,450492996.29,5.6523,-0.294,7.65,否,1.13,-3.605,-5.926,-2.025,-17.932,否,845302544,845242544,8588273847.04,8587664247.04,125.051157,5.7999,2.03709,10.45,10.48,10.68,11.13,10.51,10.66,11.51,2012-02-17,-
2024-07-19,2654,万润科技,文化传媒,10.04,10.59,10.02,10.48,10.02,45955885,480088129.8,5.78,3.15,5.61,否,1.28,-1.964,-3.232,2.544,-15.004,否,845302544,845242544,8858770661.12,8858141861.12,128.989777,5.982574,2.10125,10.41,10.51,10.63,11.11,10.53,10.66,11.51,2012-02-17,-
2024-07-22,2654,万润科技,文化传媒,10.48,11.21,10.4,11.07,10.4,73945074,799391547.86,9.3002,5.63,7.73,否,1.91,8.636,3.555,10.259,-12.835,否,845302544,845242544,9357499162.08,9356834962.08,136.251606,6.31938,2.219546,10.52,10.61,10.63,11.13,10.56,10.66,11.51,2012-02-17,-
2024-07-23,2654,万润科技,文化传媒,11.13,11.15,10.61,10.63,10.61,59520097,645838973.62,7.486,-3.975,4.88,否,1.27,4.626,0.854,-0.094,-14.618,否,845302544,845242544,8985566042.72,8984928242.72,130.836004,6.068203,2.131326,10.51,10.61,10.63,11.09,10.57,10.66,11.52,2012-02-17,-
2024-07-24,2654,万润科技,文化传媒,10.64,10.79,10.16,10.16,10.16,47819900,498537865.0,6.0144,-4.421,5.93,否,0.92,-3.053,-4.958,-5.926,-18.85,否,845302544,845242544,8588273847.04,8587664247.04,125.051157,5.7999,2.03709,10.5,10.54,10.59,11.0,10.57,10.66,11.51,2012-02-17,-
2024-07-25,2654,万润科技,文化传媒,10.1,10.3,9.98,10.08,9.98,29656003,299932032.27,3.7299,-0.787,3.15,否,0.54,-8.943,-1.079,-6.925,-13.328,否,845302544,845242544,8520649643.52,8520044843.52,124.066503,5.754232,2.02105,10.48,10.47,10.55,10.92,10.57,10.66,11.51,2012-02-17,-
2024-07-26,2654,万润科技,文化传媒,10.08,10.25,10.03,10.19,10.03,25557500,259577243.99,3.2144,1.091,2.18,否,0.5,-4.139,0.295,-4.677,-11.545,否,845302544,845242544,8613632923.36,8613021523.36,125.420403,5.817026,2.043105,10.43,10.42,10.52,10.85,10.56,10.66,11.5,2012-02-17,-
2024-07-29,2654,万润科技,文化传媒,10.16,10.29,10.12,10.16,10.12,22512100,229488090.0,2.8314,-0.294,1.67,否,0.48,0.0,-3.053,-3.605,-8.468,否,845302544,845242544,8588273847.04,8587664247.04,125.051157,5.7999,2.03709,10.24,10.38,10.49,10.77,10.56,10.65,11.48,2012-02-17,-
2024-07-30,2654,万润科技,文化传媒,9.6,9.68,9.2,9.34,9.2,66700459,624652723.8,8.389,-8.071,4.72,否,1.8,-7.341,-15.628,-12.629,-11.887,否,845302544,845242544,7895125760.96,7894565360.96,114.958446,5.331798,1.872679,9.99,10.25,10.41,10.66,10.54,10.64,11.47,2012-02-17,-
2024-07-31,2654,万润科技,文化传媒,9.3,10.01,9.25,10.0,9.25,60621646,590310916.08,7.6245,7.066,8.14,否,1.58,-1.865,-5.927,-1.865,-9.502,否,845302544,845242544,8453025440.0,8452425440.0,123.081848,5.708563,2.00501,9.95,10.23,10.36,10.58,10.53,10.64,11.46,2012-02-17,-
2024-08-01,2654,万润科技,文化传媒,10.18,10.44,9.98,10.24,9.98,52685500,535924676.5,6.6264,2.4,4.6,否,1.28,0.787,0.787,0.787,-4.744,否,845302544,845242544,8655898050.56,8655283650.56,126.035812,5.845569,2.05313,9.99,10.24,10.36,10.53,10.54,10.65,11.46,2012-02-17,-
2024-08-02,2654,万润科技,文化传媒,10.04,10.13,9.76,9.77,9.76,36935600,367355000.99,4.6455,-4.59,3.61,否,0.81,4.604,-3.075,-6.775,-9.954,否,845302544,845242544,8258605854.88,8258019654.88,120.250965,5.577266,1.958895,9.9,10.16,10.34,10.47,10.53,10.65,11.45,2012-02-17,-
2024-08-05,2654,万润科技,文化传媒,9.66,9.86,9.3,9.3,9.3,33846936,321990268.32,4.257,-4.811,5.73,否,0.71,-7.0,-8.734,-15.989,-14.207,否,845302544,845242544,7861313659.2,7860755659.2,114.466119,5.308964,1.864659,9.73,9.99,10.3,10.41,10.52,10.66,11.45,2012-02-17,-
2024-08-06,2654,万润科技,文化传媒,9.44,9.54,9.22,9.53,9.22,29939806,280527493.74,3.7656,2.473,3.44,否,0.6,-6.934,-6.201,-10.348,-12.328,否,845302544,845242544,8055733244.32,8055161444.32,117.297001,5.440261,1.910774,9.77,9.88,10.24,10.38,10.53,10.66,11.45,2012-02-17,-
2024-08-07,2654,万润科技,文化传媒,9.45,9.6,9.4,9.43,9.4,19279600,183078005.0,2.4248,-1.049,2.1,否,0.45,-3.48,0.964,-7.185,-13.407,否,845302544,845242544,7971202989.92,7970637189.92,116.066183,5.383175,1.890724,9.65,9.8,10.17,10.33,10.52,10.68,11.44,2012-02-17,-
2024-08-08,2654,万润科技,文化传媒,9.35,9.56,9.2,9.37,9.2,20666540,193249334.8,2.5993,-0.636,3.82,否,0.6,0.753,-6.3,-7.044,-9.643,否,845302544,845242544,7920484837.28,7919922637.28,115.327691,5.348924,1.878694,9.48,9.73,10.1,10.28,10.52,10.69,11.43,2012-02-17,-
2024-08-09,2654,万润科技,文化传媒,9.5,9.59,9.29,9.29,9.29,18931863,178157667.8,2.3811,-0.854,3.2,否,0.67,-2.518,-9.277,-8.832,-9.1,否,845302544,845242544,7852860633.76,7852303233.76,114.343037,5.303255,1.862654,9.38,9.64,10.03,10.23,10.52,10.7,11.43,2012-02-17,-
2024-08-12,2654,万润科技,文化传媒,9.23,9.3,9.03,9.08,9.03,21116111,193285917.2,2.6558,-2.261,2.91,否,0.86,-3.712,-7.062,-10.63,-9.562,否,845302544,845242544,7675347099.52,7674802299.52,111.758318,5.183376,1.820549,9.34,9.54,9.96,10.17,10.51,10.7,11.42,2012-02-17,-
2024-08-13,2654,万润科技,文化传媒,9.08,9.24,9.06,9.2,9.06,13684717,125168230.74,1.7212,1.322,1.98,否,0.62,-1.814,-1.075,-1.499,-13.534,否,845302544,845242544,7776783404.8,7776231404.8,113.2353,5.251878,1.844609,9.27,9.52,9.88,10.11,10.51,10.7,11.42,2012-02-17,-
2024-08-14,2654,万润科技,文化传媒,9.23,9.31,9.15,9.25,9.15,15611900,144343439.0,1.9635,0.544,1.74,否,0.83,-0.431,-2.938,-7.5,-14.352,否,845302544,845242544,7819048532.0,7818493532.0,113.850709,5.280421,1.854634,9.24,9.45,9.84,10.06,10.5,10.7,11.41,2012-02-17,-
2024-08-15,2654,万润科技,文化传媒,9.21,9.45,9.16,9.37,9.16,19399072,181025189.6,2.4399,1.297,3.14,否,1.08,3.194,-0.636,-8.496,-13.481,否,845302544,845242544,7920484837.28,7919922637.28,115.327691,5.348924,1.878694,9.24,9.36,9.8,10.02,10.5,10.69,11.41,2012-02-17,-
2024-08-16,2654,万润科技,文化传媒,9.38,9.62,9.38,9.42,9.38,25691648,243858369.02,3.2313,0.534,2.56,否,1.45,2.391,0.534,-3.582,-11.88,否,845302544,845242544,7962749964.48,7962184764.48,115.943101,5.377467,1.888719,9.26,9.32,9.74,10.0,10.51,10.68,11.4,2012-02-17,-
2024-08-19,2654,万润科技,文化传媒,9.42,9.49,9.22,9.25,9.22,19729807,183989376.27,2.4815,-1.805,2.87,否,1.03,0.0,-0.431,-0.538,-12.239,否,845302544,845242544,7819048532.0,7818493532.0,113.850709,5.280421,1.854634,9.3,9.32,9.65,9.97,10.51,10.66,11.39,2012-02-17,-
2024-08-20,2654,万润科技,文化传媒,9.33,9.35,9.06,9.1,9.06,15296500,139874279.0,1.9239,-1.622,3.14,否,0.81,-2.882,0.22,-4.512,-14.874,否,845302544,845242544,7692253150.4,7691707150.4,112.004482,5.194793,1.824559,9.28,9.28,9.58,9.92,10.51,10.65,11.39,2012-02-17,-
2024-08-21,2654,万润科技,文化传媒,9.04,9.26,9.0,9.01,9.0,14618000,132825751.0,1.8385,-0.989,2.86,否,0.76,-4.352,-2.065,-4.454,-11.58,否,845302544,845242544,7616175921.44,7615635321.44,110.896745,5.143416,1.806514,9.23,9.23,9.52,9.86,10.5,10.63,11.38,2012-02-17,-
2024-08-22,2654,万润科技,文化传媒,8.95,9.05,8.8,8.81,8.8,15897463,141350003.03,1.9995,-2.22,2.77,否,0.84,-4.757,-4.757,-5.977,-13.287,否,845302544,845242544,7447115412.64,7446586812.64,108.435108,5.029244,1.766414,9.12,9.18,9.46,9.79,10.49,10.61,11.38,2012-02-17,-
2024-08-23,2654,万润科技,文化传媒,8.83,9.14,8.69,9.08,8.69,25165201,225093765.08,3.1651,3.065,5.11,否,1.38,-0.22,-3.095,-2.26,-13.359,否,845302544,845242544,7675347099.52,7674802299.52,111.758318,5.183376,1.820549,9.05,9.16,9.4,9.74,10.48,10.6,11.38,2012-02-17,-
2024-08-26,2654,万润科技,文化传媒,9.08,9.12,9.0,9.04,9.0,12869903,116437335.71,1.6187,-0.441,1.32,否,0.71,0.333,-4.034,-0.441,-18.338,否,845302544,845242544,7641534997.76,7640992597.76,111.26599,5.160541,1.812529,9.01,9.15,9.34,9.69,10.46,10.57,11.37,2012-02-17,-
2024-08-27,2654,万润科技,文化传媒,9.0,9.75,8.9,9.3,8.9,43864694,411190050.27,5.5169,2.876,9.4,否,2.62,5.562,0.541,1.087,-12.512,否,845302544,845242544,7861313659.2,7860755659.2,114.466119,5.308964,1.864659,9.05,9.16,9.34,9.64,10.42,10.55,11.38,2012-02-17,-
2024-08-28,2654,万润科技,文化传媒,9.1,9.6,8.97,9.52,8.97,41294300,383351931.05,5.1937,2.366,6.77,否,1.84,4.846,4.615,2.919,-6.299,否,845302544,845242544,8047280218.88,8046709018.88,117.173919,5.434552,1.908769,9.15,9.19,9.32,9.62,10.39,10.53,11.38,2012-02-17,-
2024-08-29,2654,万润科技,文化传媒,9.38,9.66,9.38,9.51,9.38,35149748,335185221.5,4.4208,-0.105,2.94,否,1.26,5.199,5.549,1.494,-5.655,否,845302544,845242544,8038827193.44,8038256593.44,117.050837,5.428844,1.906764,9.29,9.2,9.28,9.6,10.36,10.51,11.38,2012-02-17,-
2024-08-30,2654,万润科技,文化传媒,9.56,9.9,9.56,9.71,9.56,47258011,461594798.2,5.5911,2.103,3.58,否,1.49,4.409,10.216,3.079,-4.711,否,845302544,845242544,8207887702.24,8207305102.24,101.528249,5.459958,2.026653,9.42,9.23,9.28,9.57,10.34,10.5,11.38,2012-02-17,-
2024-09-02,2654,万润科技,文化传媒,9.68,9.84,9.5,9.51,9.5,30407601,294011847.51,3.5975,-2.06,3.5,否,0.84,-0.105,4.736,2.811,-6.398,否,845302544,845242544,8038827193.44,8038256593.44,99.437039,5.347498,1.984909,9.51,9.26,9.29,9.52,10.32,10.48,11.38,2012-02-17,-
2024-09-03,2654,万润科技,文化传媒,9.51,9.68,9.5,9.61,9.5,22086790,212132782.93,2.6131,1.052,1.89,否,0.56,1.052,6.305,5.604,2.891,否,845302544,845242544,8123357447.84,8122780847.84,100.482644,5.403728,2.005781,9.57,9.31,9.29,9.49,10.29,10.46,11.39,2012-02-17,-
2024-09-04,2654,万润科技,文化传媒,9.44,9.56,9.36,9.38,9.36,19562500,184718872.75,2.3144,-2.393,2.08,否,0.56,-3.399,0.86,4.107,-6.2,否,845302544,845242544,7928937862.72,7928375062.72,98.077752,5.274398,1.957776,9.54,9.35,9.29,9.46,10.23,10.43,11.39,2012-02-17,-
2024-09-05,2654,万润科技,文化传媒,9.39,9.46,9.28,9.38,9.28,16606169,155557412.33,1.9647,0.0,1.92,否,0.54,-1.367,-1.471,6.47,-8.398,否,845302544,845242544,7928937862.72,7928375062.72,98.077752,5.274398,1.957776,9.52,9.4,9.29,9.44,10.18,10.4,11.39,2012-02-17,-
2024-09-06,2654,万润科技,文化传媒,9.36,9.39,9.1,9.1,9.1,18254948,168059911.25,2.1597,-2.985,3.09,否,0.67,-5.307,-4.311,0.22,-6.858,否,845302544,845242544,7692253150.4,7691707150.4,95.150058,5.116953,1.899335,9.4,9.41,9.28,9.4,10.13,10.38,11.39,2012-02-17,-
2024-09-09,2654,万润科技,文化传媒,9.11,9.17,9.02,9.05,9.02,11482600,104358641.0,1.3585,-0.55,1.65,否,0.54,-3.518,-6.797,0.111,-2.688,否,845302544,845242544,7649988023.2,7649445023.2,94.627256,5.088838,1.888899,9.3,9.41,9.28,9.37,10.07,10.35,11.39,2012-02-17,-
2024-09-10,2654,万润科技,文化传媒,9.05,9.24,8.97,9.2,8.97,17917823,163152182.14,2.1198,1.658,2.98,否,1.02,-1.919,-3.26,-1.075,-3.463,否,845302544,845242544,7776783404.8,7776231404.8,96.195663,5.173184,1.920207,9.22,9.4,9.28,9.36,10.01,10.32,11.39,2012-02-17,-
2024-09-11,2654,万润科技,文化传媒,9.13,9.13,9.0,9.01,9.0,11966700,108200108.0,1.4158,-2.065,1.41,否,0.71,-0.989,-6.243,-5.357,-4.454,否,845302544,845242544,7616175921.44,7615635321.44,94.209014,5.066346,1.88055,9.15,9.35,9.27,9.33,9.95,10.29,11.39,2012-02-17,-
2024-09-12,2654,万润科技,文化传媒,9.09,9.17,9.01,9.04,9.01,12444700,113033999.0,1.4723,0.333,1.78,否,0.82,-0.11,-3.625,-4.942,-3.522,否,845302544,845242544,7641534997.76,7640992597.76,94.522695,5.083215,1.886812,9.08,9.3,9.25,9.29,9.91,10.25,11.39,2012-02-17,-
2024-09-13,2654,万润科技,文化传媒,9.04,9.6,9.04,9.24,9.04,36212780,337709322.34,4.2843,2.212,6.19,否,2.51,0.435,-1.493,-4.84,-0.538,否,845302544,845242544,7810595506.56,7810041106.56,96.613905,5.195676,1.928555,9.11,9.25,9.24,9.27,9.87,10.22,11.39,2012-02-17,-
2024-09-18,2654,万润科技,文化传媒,9.24,9.31,8.88,8.99,8.88,24953483,225262682.14,2.9522,-2.706,4.65,否,1.39,-0.222,-1.209,-5.468,-0.991,否,845302544,845242544,7599269870.56,7598730470.56,93.999893,5.0551,1.876376,9.1,9.2,9.23,9.26,9.84,10.19,11.38,2012-02-17,-
2024-09-19,2654,万润科技,文化传媒,9.06,9.17,8.9,9.08,8.9,19263304,174429677.6,2.279,1.001,3.0,否,0.93,0.442,0.331,-5.515,-1.304,否,845302544,845242544,7675347099.52,7674802299.52,94.940937,5.105707,1.895161,9.07,9.15,9.23,9.24,9.81,10.17,11.38,2012-02-17,-
2024-09-20,2654,万润科技,文化传媒,9.07,9.21,9.03,9.07,9.03,16226240,147612742.1,1.9197,-0.11,1.98,否,0.77,-1.84,-1.413,-3.305,-1.946,否,845302544,845242544,7666894074.08,7666349874.08,94.836377,5.100084,1.893073,9.08,9.12,9.23,9.23,9.78,10.15,11.38,2012-02-17,-
2024-09-23,2654,万润科技,文化传媒,9.06,9.17,8.97,9.07,8.97,14493472,131502151.32,1.7147,0.0,2.21,否,0.66,0.89,0.666,-3.305,-3.202,否,845302544,845242544,7666894074.08,7666349874.08,94.836377,5.100084,1.893073,9.09,9.09,9.24,9.22,9.75,10.13,11.37,2012-02-17,-
2024-09-24,2654,万润科技,文化传媒,9.12,9.41,9.02,9.39,9.02,36048256,333114787.26,4.2648,3.528,4.3,否,1.62,3.414,3.872,3.187,-0.318,否,845302544,845242544,7937390888.16,7936827488.16,98.182313,5.280021,1.959863,9.12,9.11,9.26,9.23,9.73,10.11,11.36,2012-02-17,-
2024-09-25,2654,万润科技,文化传媒,9.45,9.65,9.32,9.34,9.32,40581069,385554069.38,4.8011,-0.533,3.51,否,1.83,2.977,1.082,3.204,0.973,否,845302544,845242544,7895125760.96,7894565360.96,97.65951,5.251906,1.949427,9.19,9.14,9.28,9.23,9.7,10.1,11.36,2012-02-17,-
2024-09-26,2654,万润科技,文化传媒,9.56,10.15,9.56,9.94,9.56,72396233,717182995.69,8.5651,6.424,6.32,否,2.86,9.592,10.567,8.043,9.231,否,845302544,845242544,8402307287.36,8401710887.36,103.933141,5.589288,2.074658,9.36,9.22,9.31,9.26,9.69,10.08,11.35,2012-02-17,-
2024-09-27,2654,万润科技,文化传媒,10.35,10.74,10.28,10.54,10.28,77249134,810024878.46,9.1393,6.036,4.63,否,2.15,12.247,16.079,16.981,16.981,否,845302544,845242544,8909488813.76,8908856413.76,110.206771,5.926669,2.199889,9.66,9.37,9.36,9.3,9.68,10.07,11.35,2012-02-17,-
2024-09-30,2654,万润科技,文化传媒,10.85,11.55,10.47,11.49,10.47,108225297,1199565406.9,12.8041,9.013,10.25,否,2.25,23.019,26.681,27.102,30.42,否,845302544,845242544,9712526230.56,9711836830.56,120.140019,6.460857,2.398171,10.14,9.62,9.46,9.37,9.7,10.08,11.36,2012-02-17,-
2024-10-08,2654,万润科技,文化传媒,12.64,12.64,11.47,12.63,11.47,114543400,1404058759.18,13.5515,9.922,10.18,否,1.71,27.062,39.25,36.688,39.097,否,845302544,845242544,10676171130.72,10675413330.72,132.059916,7.101882,2.63611,10.79,9.95,9.6,9.48,9.74,10.09,11.36,2012-02-17,-
2024-10-09,2654,万润科技,文化传媒,12.05,12.38,11.37,11.37,11.37,82788885,973416709.62,9.7947,-9.976,8.0,否,1.0,7.875,21.086,26.474,25.774,否,845302544,845242544,9611089925.28,9610407725.28,118.885293,6.39338,2.373125,11.19,10.19,9.7,9.55,9.76,10.09,11.36,2012-02-17,-
2024-10-10,2654,万润科技,文化传媒,11.37,11.57,10.65,10.74,10.65,55818829,612044339.24,6.6039,-5.541,8.09,否,0.61,-6.527,14.989,18.282,15.484,否,845302544,845242544,9078549322.56,9077904922.56,112.297981,6.03913,2.241633,11.35,10.36,9.75,9.61,9.76,10.1,11.35,2012-02-17,-
2024-10-11,2654,万润科技,文化传媒,10.6,10.92,10.18,10.5,10.18,49016049,514276832.96,5.7991,-2.235,6.89,否,0.56,-16.865,5.634,15.766,10.294,否,845302544,845242544,8875676712.0,8875046712.0,109.788529,5.904177,2.19154,11.35,10.5,9.81,9.65,9.76,10.1,11.34,2012-02-17,-
2024-10-14,2654,万润科技,文化传媒,10.49,10.92,10.13,10.92,10.13,58603213,621882111.85,6.9333,4.0,7.52,否,0.71,-3.958,3.605,20.397,14.826,否,845302544,845242544,9230703780.48,9230048580.48,114.18007,6.140344,2.279202,11.23,10.69,9.89,9.73,9.76,10.1,11.33,2012-02-17,-
2024-10-15,2654,万润科技,文化传媒,10.73,11.05,10.6,10.61,10.6,49343900,535462895.18,5.8378,-2.839,4.12,否,0.68,-1.21,-7.659,12.993,9.269,否,845302544,845242544,8968659991.84,8968023391.84,110.938694,5.96603,2.214499,10.83,10.81,9.96,9.78,9.76,10.11,11.32,2012-02-17,-
2024-10-16,2654,万润科技,文化传媒,10.32,10.65,10.28,10.49,10.28,31467060,329914543.56,3.7228,-1.131,3.49,否,0.53,-0.095,-16.944,12.313,10.305,否,845302544,845242544,8867223686.56,8866594286.56,109.683968,5.898554,2.189453,10.65,10.92,10.03,9.82,9.76,10.12,11.31,2012-02-17,-
2024-10-17,2654,万润科技,文化传媒,10.6,10.8,10.53,10.55,10.53,38219208,407748259.12,4.5217,0.572,2.57,否,0.78,-3.388,-7.212,6.137,9.781,否,845302544,845242544,8917941839.2,8917308839.2,110.311331,5.932292,2.201976,10.61,10.98,10.1,9.87,9.75,10.13,11.3,2012-02-17,-
2024-10-18,2654,万润科技,文化传媒,10.5,11.3,10.45,11.03,10.45,67791785,742133714.36,8.0204,4.55,8.06,否,1.5,3.959,2.7,4.649,17.591,否,845302544,845242544,9323687060.32,9323025260.32,115.330236,6.202197,2.302161,10.72,11.03,10.2,9.92,9.77,10.14,11.3,2012-02-17,-
2024-10-21,2654,万润科技,文化传媒,11.24,11.74,11.11,11.48,11.11,85578507,975833916.12,10.1247,4.08,5.71,否,1.74,9.438,9.333,-0.087,22.388,否,845302544,845242544,9704073205.12,9703384405.12,120.035458,6.455234,2.396084,10.83,11.03,10.32,9.98,9.79,10.15,11.3,2012-02-17,-
2024-10-22,2654,万润科技,文化传媒,11.4,11.55,11.11,11.25,11.11,53213042,603037557.28,6.2956,-2.004,3.83,否,0.98,6.635,3.022,-10.926,23.626,否,845302544,845242544,9509653620.0,9508978620.0,117.630567,6.325904,2.348079,10.96,10.89,10.42,10.03,9.8,10.17,11.29,2012-02-17,-
2024-10-23,2654,万润科技,文化传媒,11.13,11.51,11.11,11.18,11.11,41312432,467255387.56,4.8876,-0.622,3.56,否,0.75,1.36,5.372,-1.671,23.536,否,845302544,845242544,9450482441.92,9449811641.92,116.898643,6.286543,2.333469,11.1,10.88,10.53,10.09,9.81,10.18,11.28,2012-02-17,-
2024-10-24,2654,万润科技,文化传媒,11.17,12.3,11.02,12.3,11.02,44056372,527760784.16,5.2123,10.018,11.45,否,0.77,7.143,17.255,14.525,33.696,是,845302544,845242544,10397221291.2,10396483291.2,128.60942,6.916322,2.567233,11.45,11.03,10.69,10.18,9.83,10.2,11.28,2012-02-17,-
2024-10-25,2654,万润科技,文化传媒,13.53,13.53,13.53,13.53,13.53,14981264,202696501.92,1.7724,10.0,0.0,否,0.26,20.267,28.246,28.857,50.166,是,845302544,845242544,11436943420.32,11436131620.32,141.470361,7.607954,2.823956,11.95,11.33,10.92,10.32,9.89,10.23,11.27,2012-02-17,-
2024-10-28,2654,万润科技,文化传媒,14.88,14.88,14.88,14.88,14.88,6982488,103899421.44,0.8261,9.978,0.0,否,0.15,33.095,34.905,36.264,64.602,是,845302544,845242544,12578101854.72,12577209054.72,155.586029,8.367062,3.105726,12.63,11.73,11.21,10.5,9.97,10.27,11.27,2012-02-17,-
2024-10-29,2654,万润科技,文化传媒,16.37,16.37,15.82,16.37,15.82,72413853,1182699845.57,8.5672,10.013,3.7,否,2.26,33.089,42.596,54.288,77.165,是,845302544,845242544,13837602645.28,13836620445.28,171.165545,9.204893,3.416716,13.65,12.31,11.56,10.74,10.07,10.32,11.27,2012-02-17,-
2024-10-30,2654,万润科技,文化传媒,17.58,18.01,16.08,18.01,16.08,304914029,5251327752.95,36.0741,10.018,11.79,否,8.48,33.112,60.089,71.687,100.334,是,845302544,845242544,15223898817.44,15222818217.44,188.313467,10.127069,3.759013,15.02,13.06,11.99,11.04,10.2,10.38,11.28,2012-02-17,-
2024-10-31,2654,万润科技,文化传媒,19.27,19.81,18.0,19.56,18.0,252333024,4915943998.89,29.8533,8.606,10.05,否,2.85,31.452,74.955,85.403,115.419,否,845302544,845242544,16534117760.64,16532944160.64,1301.63035,10.966036,4.314888,16.47,13.96,12.47,11.39,10.37,10.46,11.3,2012-02-17,-
2024-11-01,2654,万润科技,文化传媒,19.0,19.26,17.6,17.6,17.6,84407742,1538456469.27,9.9862,-10.02,8.49,否,0.65,7.514,43.089,59.565,94.046,否,845302544,845242544,14877324774.4,14876268774.4,1171.201133,9.86719,3.882516,17.28,14.62,12.82,11.67,10.5,10.52,11.31,2012-02-17,-
2024-11-04,2654,万润科技,文化传媒,15.84,15.84,15.84,15.84,15.84,19081100,302244624.0,2.2575,-10.0,0.0,否,0.13,-12.049,17.073,37.979,74.642,否,845302544,845242544,13389592296.96,13388641896.96,1054.08102,8.880471,3.494265,17.48,15.05,13.04,11.9,10.59,10.57,11.32,2012-02-17,-
2024-11-05,2654,万润科技,文化传媒,14.94,16.55,14.94,15.6,14.94,217238239,3403756887.76,25.7013,-1.515,10.16,否,1.48,-20.245,4.839,38.667,66.134,否,845302544,845242544,13186719686.4,13185783686.4,1038.110095,8.745919,3.441321,17.32,15.49,13.19,12.11,10.69,10.61,11.33,2012-02-17,-
2024-11-06,2654,万润科技,文化传媒,15.11,15.39,14.71,14.88,14.71,165657166,2498241555.04,19.5988,-4.615,4.36,否,0.94,-15.455,-9.102,33.095,59.315,否,845302544,845242544,12578101854.72,12577209054.72,990.197322,8.342261,3.282491,16.7,15.86,13.37,12.31,10.78,10.65,11.33,2012-02-17,-
2024-11-07,2654,万润科技,文化传媒,14.55,15.39,14.51,15.14,14.51,117209095,1760268510.73,13.8669,1.747,5.91,否,0.79,-4.419,-15.936,23.089,52.314,否,845302544,845242544,12797880516.16,12796972116.16,1007.499156,8.488026,3.339846,15.81,16.14,13.59,12.51,10.88,10.7,11.33,2012-02-17,-
2024-11-08,2654,万润科技,文化传媒,15.13,15.8,15.13,15.44,15.13,130169531,2016226173.52,15.4003,1.982,4.43,否,1.08,-1.026,-21.063,14.117,46.49,否,845302544,845242544,13051471279.36,13050544879.36,1027.462812,8.656217,3.406026,15.38,16.33,13.83,12.72,10.98,10.75,11.33,2012-02-17,-
2024-11-11,2654,万润科技,文化传媒,15.68,16.89,15.36,16.49,15.36,150452057,2415788857.21,17.7999,6.801,9.91,否,1.16,10.82,-6.307,10.82,43.516,否,845302544,845242544,13939038950.56,13938049550.56,1097.335607,9.244885,3.637653,15.51,16.49,14.11,12.97,11.1,10.81,11.33,2012-02-17,-
2024-11-12,2654,万润科技,文化传媒,16.23,16.23,15.6,15.85,15.6,98556328,1566247516.8,11.6601,-3.881,3.82,否,0.63,4.69,0.063,-3.177,25.495,否,845302544,845242544,13398045322.4,13397094322.4,1054.746475,8.886078,3.496471,15.56,16.44,14.37,13.19,11.21,10.86,11.34,2012-02-17,-
2024-11-13,2654,万润科技,文化传媒,15.86,15.95,15.15,15.39,15.15,58198794,897556856.89,6.8855,-2.902,5.05,否,0.44,-0.324,-1.346,-14.547,35.356,否,845302544,845242544,13009206152.16,13008282752.16,1024.135536,8.628185,3.394996,15.66,16.18,14.62,13.39,11.31,10.91,11.34,2012-02-17,-
2024-11-14,2654,万润科技,文化传媒,15.26,15.99,15.21,15.42,15.21,71427193,1116260077.9,8.4505,0.195,5.07,否,0.64,-6.489,3.629,-21.166,43.575,否,845302544,845242544,13034565228.48,13033640028.48,1026.131902,8.645004,3.401614,15.72,15.77,14.86,13.57,11.41,10.96,11.34,2012-02-17,-
2024-11-15,2654,万润科技,文化传媒,15.2,15.37,13.94,14.02,13.94,87281161,1275858049.67,10.3262,-9.079,9.27,否,0.86,-11.546,-7.398,-20.341,33.524,否,845302544,845242544,11851141666.88,11850300466.88,932.968175,7.860114,3.092777,15.43,15.41,15.01,13.69,11.49,11.0,11.34,2012-02-17,-
2024-11-18,2654,万润科技,文化传媒,14.02,14.38,13.02,13.2,13.02,64743866,873568359.54,7.6598,-5.849,9.7,否,0.69,-14.23,-14.508,-16.667,20.879,否,845302544,845242544,11157993580.8,11157201580.8,878.40085,7.400393,2.911887,14.78,15.14,15.1,13.74,11.56,11.03,11.33,2012-02-17,-
2024-11-19,2654,万润科技,文化传媒,13.2,13.88,13.17,13.79,13.17,51657886,699866631.29,6.1116,4.47,5.38,否,0.68,-10.571,-16.374,-11.603,29.972,否,845302544,845242544,11656722081.76,11655894681.76,917.662706,7.731168,3.04204,14.36,14.96,15.22,13.78,11.63,11.07,11.32,2012-02-17,-
2024-11-20,2654,万润科技,文化传媒,13.8,14.09,13.67,14.03,13.67,40565435,565544334.45,4.7993,1.74,3.05,否,0.61,0.071,-11.483,-5.712,33.746,否,845302544,845242544,11859594692.32,11858752892.32,933.63363,7.86572,3.094983,14.09,14.88,15.37,13.87,11.71,11.11,11.32,2012-02-17,-
2024-11-21,2654,万润科技,文化传媒,13.94,14.33,13.86,14.03,13.86,44056599,620434417.09,5.2123,0.0,3.35,否,0.7,6.288,-8.837,-7.332,32.986,否,845302544,845242544,11859594692.32,11858752892.32,933.63363,7.86572,3.094983,13.81,14.77,15.45,13.98,11.79,11.15,11.32,2012-02-17,-
2024-11-22,2654,万润科技,文化传媒,14.11,14.66,13.58,13.63,13.58,67852079,964783720.23,8.0275,-2.851,7.7,否,1.18,-1.16,-11.608,-11.723,23.572,否,845302544,845242544,11521473674.72,11520655874.72,907.015423,7.641466,3.006744,13.74,14.59,15.46,14.08,11.87,11.19,11.31,2012-02-17,-
2024-11-25,2654,万润科技,文化传媒,13.62,14.99,13.62,14.99,13.62,102739312,1523067086.98,12.155,9.978,10.05,否,1.91,6.842,6.919,-9.096,30.575,是,845302544,845242544,12671085134.56,12670185734.56,997.517329,8.403931,3.306757,14.09,14.44,15.46,14.22,11.97,11.23,11.32,2012-02-17,-
2024-11-26,2654,万润科技,文化传媒,14.79,14.79,14.0,14.21,14.0,98153884,1403668470.46,11.6125,-5.204,5.27,否,1.6,1.283,7.652,-10.347,26.311,否,845302544,845242544,12011749150.24,12010896550.24,945.611824,7.966635,3.134691,14.18,14.27,15.36,14.34,12.06,11.27,11.31,2012-02-17,-
2024-11-27,2654,万润科技,文化传媒,14.0,14.28,13.51,14.28,13.51,53892932,750316606.76,6.376,0.493,5.42,否,0.76,4.769,3.553,-7.212,27.728,否,845302544,845242544,12070920328.32,12070063528.32,950.27001,8.005879,3.150133,14.23,14.16,15.17,14.47,12.15,11.3,11.31,2012-02-17,-
2024-11-28,2654,万润科技,文化传媒,14.4,15.21,14.3,14.63,14.3,87239797,1289964349.54,10.3213,2.451,6.37,否,1.19,-2.402,4.277,-5.123,18.943,否,845302544,845242544,12366776218.72,12365898418.72,973.560942,8.202102,3.227342,14.35,14.08,14.92,14.6,12.23,11.33,11.3,2012-02-17,-
2024-11-29,2654,万润科技,文化传媒,14.4,16.09,14.29,15.59,14.29,176272787,2732221187.9,20.8547,6.562,12.3,否,2.15,9.711,11.119,11.198,15.225,否,845302544,845242544,13178266660.96,13177331260.96,1037.44464,8.740312,3.439115,14.74,14.24,14.82,14.75,12.34,11.36,11.3,2012-02-17,-
2024-12-02,2654,万润科技,文化传媒,15.56,16.18,15.39,15.8,15.39,144012200,2269670041.09,17.038,1.347,5.07,否,1.39,10.644,15.921,19.697,6.183,否,845302544,845242544,13355780195.2,13354832195.2,1051.419199,8.858046,3.485441,14.9,14.5,14.82,14.9,12.44,11.4,11.3,2012-02-17,-
2024-12-03,2654,万润科技,文化传媒,15.88,16.43,15.4,15.56,15.4,109894818,1745048505.44,13.0016,-1.519,6.52,否,0.98,6.357,3.803,12.835,-4.948,否,845302544,845242544,13152907584.64,13151973984.64,1035.448274,8.723493,3.432497,15.17,14.68,14.82,15.04,12.54,11.44,11.3,2012-02-17,-
2024-12-04,2654,万润科技,文化传媒,16.3,16.64,15.2,15.69,15.2,106040710,1694108992.73,12.5456,0.836,9.25,否,0.93,0.641,10.415,11.832,-12.882,否,845302544,845242544,13262796915.36,13261855515.36,1044.099192,8.796376,3.461175,15.45,14.84,14.86,15.19,12.64,11.48,11.31,2012-02-17,-
2024-12-05,2654,万润科技,文化传媒,15.3,16.15,15.08,15.85,15.08,81712583,1285081464.31,9.6674,1.02,6.82,否,0.66,0.316,10.994,12.972,-18.967,否,845302544,845242544,13398045322.4,13397094322.4,1054.746475,8.886078,3.496471,15.7,15.02,14.89,15.31,12.74,11.52,11.31,2012-02-17,-
2024-12-06,2654,万润科技,文化传媒,15.62,15.9,15.38,15.6,15.38,68560770,1070873381.98,8.1114,-1.577,3.28,否,0.55,0.257,6.63,14.453,-11.364,否,845302544,845242544,13186719686.4,13185783686.4,1038.110095,8.745919,3.441321,15.7,15.22,14.9,15.38,12.85,11.54,11.32,2012-02-17,-
2024-12-09,2654,万润科技,文化传媒,14.05,14.69,14.04,14.04,14.04,113803738,1611020659.22,13.464,-10.0,4.17,否,1.12,-10.516,-9.942,-6.338,-11.364,否,845302544,845242544,11868047717.76,11867205317.76,934.299086,7.871327,3.097189,15.35,15.13,14.78,15.35,12.93,11.55,11.32,2012-02-17,-
2024-12-10,2654,万润科技,文化传媒,14.21,14.42,13.7,13.8,13.7,99435888,1385629406.72,11.7642,-1.709,5.13,否,1.04,-12.934,-12.658,-2.885,-11.538,否,845302544,845242544,11665175107.2,11664347107.2,918.328161,7.736774,3.044246,15.0,15.08,14.68,15.27,13.0,11.57,11.31,2012-02-17,-
2024-12-11,2654,万润科技,文化传媒,13.57,14.19,13.57,14.08,13.57,60991955,853112530.46,7.2159,2.029,4.49,否,0.65,-9.744,-9.512,-1.401,-5.376,否,845302544,845242544,11901859819.52,11901015019.52,936.960906,7.893752,3.106013,14.67,15.06,14.61,15.13,13.09,11.58,11.31,2012-02-17,-
2024-12-12,2654,万润科技,文化传媒,14.08,14.24,13.86,14.2,13.86,49617350,695253746.09,5.8702,0.852,2.7,否,0.58,1.14,-9.496,-2.939,-6.209,否,845302544,845242544,12003296124.8,12002444124.8,944.946369,7.961029,3.132485,14.34,15.02,14.55,14.96,13.17,11.59,11.32,2012-02-17,-
2024-12-13,2654,万润科技,文化传媒,14.08,14.49,13.98,14.2,13.98,71745662,1022030069.18,8.4882,0.0,3.59,否,0.91,2.899,-10.41,-8.916,-8.031,否,845302544,845242544,12003296124.8,12002444124.8,944.946369,7.961029,3.132485,14.06,14.88,14.56,14.84,13.26,11.61,11.32,2012-02-17,-
2024-12-16,2654,万润科技,文化传媒,14.07,14.18,13.51,13.66,13.51,45632177,631094522.66,5.3987,-3.803,4.72,否,0.58,-2.983,-12.436,-13.544,-17.162,否,845302544,845242544,11546832751.04,11546013151.04,909.011788,7.658285,3.013362,13.99,14.67,14.58,14.77,13.33,11.62,11.32,2012-02-17,-
2024-12-17,2654,万润科技,文化传媒,13.59,13.67,12.95,13.02,12.95,42642246,564410772.35,5.045,-4.685,5.27,否,0.65,-8.31,-7.265,-16.324,-17.855,否,845302544,845242544,11005839122.88,11005057922.88,866.422656,7.299478,2.87218,13.83,14.41,14.54,14.68,13.4,11.63,11.32,2012-02-17,-
2024-12-18,2654,万润科技,文化传媒,13.02,13.5,12.8,13.32,12.8,36580630,482877932.3,4.3278,2.304,5.38,否,0.68,-6.197,-3.478,-15.105,-13.45,否,845302544,845242544,11259429886.08,11258630686.08,886.386312,7.467669,2.938359,13.68,14.18,14.51,14.63,13.47,11.65,11.32,2012-02-17,-
2024-12-19,2654,万润科技,文化传媒,13.15,13.29,12.96,13.15,12.96,29337876,384660193.36,3.4709,-1.276,2.48,否,0.6,-3.734,-6.605,-17.035,-14.721,否,845302544,845242544,11115728453.6,11114939453.6,875.073574,7.372361,2.900857,13.47,13.91,14.47,14.57,13.54,11.67,11.32,2012-02-17,-
2024-12-20,2654,万润科技,文化传媒,13.1,13.84,13.03,13.5,13.03,45924883,620193473.44,5.4333,2.662,6.16,否,1.02,3.687,-4.93,-13.462,-3.709,否,845302544,845242544,11411584344.0,11410774344.0,898.364505,7.568583,2.978067,13.33,13.7,14.46,14.5,13.61,11.7,11.32,2012-02-17,-
2024-12-23,2654,万润科技,文化传媒,13.4,13.5,12.86,12.92,12.86,35904625,470587468.7,4.2478,-4.296,4.74,否,0.9,-3.003,-9.014,-7.977,-2.121,否,845302544,845242544,10921308868.48,10920533668.48,859.768104,7.243415,2.85012,13.18,13.59,14.36,14.38,13.68,11.71,11.32,2012-02-17,-
2024-12-24,2654,万润科技,文化传媒,13.04,13.25,12.66,13.24,12.66,32743315,423957114.16,3.8738,2.477,4.57,否,0.86,0.684,-3.075,-4.058,-3.988,否,845302544,845242544,11191805682.56,11191011282.56,881.06267,7.422818,2.920711,13.23,13.53,14.31,14.29,13.74,11.73,11.32,2012-02-17,-
2024-12-25,2654,万润科技,文化传媒,13.2,13.2,12.68,12.75,12.68,25344181,325460205.89,2.9985,-3.701,3.93,否,0.7,-5.556,-2.074,-9.446,-9.123,否,845302544,845242544,10777607436.0,10776842436.0,848.455366,7.148107,2.812618,13.11,13.4,14.23,14.21,13.8,11.75,11.32,2012-02-17,-
2024-12-26,2654,万润科技,文化传媒,12.75,13.01,12.7,12.85,12.7,19470100,251068302.0,2.3035,0.784,2.43,否,0.58,-0.542,-3.529,-9.507,-8.411,否,845302544,845242544,10862137690.4,10861366690.4,855.109918,7.20417,2.834678,13.05,13.26,14.14,14.12,13.85,11.77,11.32,2012-02-17,-
2024-12-27,2654,万润科技,文化传媒,12.83,13.24,12.75,12.91,12.75,31237400,408185748.66,3.6957,0.467,3.81,否,0.98,-2.492,-1.825,-9.085,-5.282,否,845302544,845242544,10912855843.04,10912081243.04,859.102649,7.237808,2.847914,12.93,13.13,14.01,14.08,13.88,11.78,11.32,2012-02-17,-
2024-12-30,2654,万润科技,文化传媒,12.8,13.0,12.65,12.74,12.65,21401600,274110101.23,2.532,-1.317,2.71,否,0.74,-0.078,-5.63,-6.735,-15.01,否,845302544,845242544,10769154410.56,10768390010.56,847.789911,7.1425,2.810412,12.9,13.04,13.85,14.07,13.91,11.8,11.32,2012-02-17,-
2024-12-31,2654,万润科技,文化传媒,12.73,12.84,12.12,12.13,12.12,28723860,355749516.4,3.3983,-4.788,5.65,否,1.1,-5.603,-6.115,-6.836,-14.638,否,845302544,845242544,10253519858.72,10252792058.72,807.197144,6.800512,2.675848,12.68,12.95,13.68,14.01,13.9,11.82,11.32,2012-02-17,-
2025-01-02,2654,万润科技,文化传媒,12.13,12.3,11.6,11.76,11.6,26495988,317292687.46,3.1347,-3.05,5.77,否,1.05,-8.908,-11.178,-11.712,-17.647,否,845302544,845242544,9940757917.44,9940052317.44,782.575302,6.593077,2.594227,12.48,12.8,13.49,13.94,13.9,11.83,11.32,2012-02-17,-
2025-01-03,2654,万润科技,文化传媒,11.81,11.9,11.08,11.13,11.08,28831054,328572592.18,3.411,-5.357,6.97,否,1.13,-12.637,-12.706,-15.361,-23.923,否,845302544,845242544,9408217314.72,9407549514.72,740.651626,6.239877,2.45525,12.13,12.59,13.25,13.84,13.91,11.84,11.31,2012-02-17,-
2025-01-06,2654,万润科技,文化传媒,11.15,11.29,10.84,11.01,10.84,23838400,263851317.0,2.8203,-1.078,4.04,否,0.87,-9.233,-14.319,-18.444,-29.378,否,845302544,845242544,9306781009.44,9306120409.44,732.666163,6.1726,2.428779,11.75,12.34,13.02,13.75,13.92,11.84,11.3,2012-02-17,-
2025-01-07,2654,万润科技,文化传媒,11.01,11.33,11.01,11.33,11.01,22569900,252840500.32,2.6702,2.906,2.91,否,0.87,-3.656,-12.239,-12.307,-28.291,否,845302544,845242544,9577277823.52,9576598023.52,753.960729,6.352004,2.49937,11.47,12.19,12.89,13.63,13.93,11.84,11.3,2012-02-17,-
2025-01-08,2654,万润科技,文化传媒,11.27,11.51,10.89,11.35,10.89,26868419,301712853.94,3.1788,0.177,5.47,否,1.03,1.977,-10.911,-14.275,-27.057,否,845302544,845242544,9594183874.4,9593502874.4,755.29164,6.363216,2.503782,11.32,12.0,12.76,13.54,13.94,11.85,11.3,2012-02-17,-
2025-01-09,2654,万润科技,文化传媒,11.28,11.55,11.24,11.43,11.24,20666500,236935157.0,2.445,0.705,2.73,否,0.8,3.815,-5.771,-10.353,-27.151,否,845302544,845242544,9661808077.92,9661122277.92,760.615281,6.408067,2.52143,11.25,11.86,12.63,13.44,13.95,11.86,11.3,2012-02-17,-
2025-01-10,2654,万润科技,文化传媒,11.4,11.56,10.98,11.0,10.98,20898500,236075985.0,2.4725,-3.762,5.07,否,0.85,-2.913,-6.463,-14.397,-30.599,否,845302544,845242544,9298327984.0,9297667984.0,732.000708,6.166994,2.426573,11.22,11.68,12.47,13.32,13.96,11.86,11.29,2012-02-17,-
2025-01-13,2654,万润科技,文化传媒,10.84,11.07,10.6,11.05,10.6,19634893,213635888.59,2.323,0.455,4.27,否,0.85,-2.643,-0.719,-14.407,-29.167,否,845302544,845242544,9340593111.2,9339930111.2,735.327984,6.195026,2.437603,11.23,11.49,12.31,13.17,13.96,11.87,11.29,2012-02-17,-
2025-01-14,2654,万润科技,文化传媒,11.18,11.75,11.05,11.75,11.05,32950016,378893822.4,3.8983,6.335,6.33,否,1.49,2.8,6.721,-7.771,-16.311,否,845302544,845242544,9932304892.0,9931599892.0,781.909847,6.587471,2.592021,11.32,11.39,12.22,13.03,13.97,11.88,11.29,2012-02-17,-
2025-01-15,2654,万润科技,文化传媒,11.9,11.95,11.63,11.7,11.63,27033200,318461214.0,3.1983,-0.426,2.72,否,1.12,6.364,3.266,-3.545,-15.217,否,845302544,845242544,9890039764.8,9889337764.8,778.582571,6.559439,2.580991,11.39,11.35,12.15,12.91,13.97,11.89,11.28,2012-02-17,-
2025-01-16,2654,万润科技,文化传媒,12.0,12.16,11.71,11.89,11.71,29330900,349588124.0,3.4701,1.624,3.85,否,1.21,7.602,4.758,1.105,-15.554,否,845302544,845242544,10050647248.16,10049933848.16,791.22622,6.66596,2.622905,11.48,11.36,12.08,12.78,13.99,11.9,11.28,2012-02-17,-
2025-01-17,2654,万润科技,文化传媒,11.75,12.04,11.66,11.83,11.66,25475100,301337688.0,3.0139,-0.505,3.2,否,0.98,0.681,3.5,6.289,-16.69,否,845302544,845242544,9999929095.52,9999219295.52,787.233489,6.632322,2.609669,11.64,11.43,12.01,12.64,13.98,11.91,11.28,2012-02-17,-
2025-01-20,2654,万润科技,文化传媒,11.97,12.05,11.76,11.8,11.76,18575891,220620921.16,2.1977,-0.254,2.45,否,0.69,0.855,7.273,7.175,-16.901,否,845302544,845242544,9974570019.2,9973862019.2,785.237123,6.615503,2.603051,11.79,11.51,11.93,12.52,13.95,11.92,11.28,2012-02-17,-
2025-01-21,2654,万润科技,文化传媒,11.9,11.93,11.59,11.82,11.59,17023991,199766988.79,2.0141,0.17,2.88,否,0.64,-0.589,6.968,4.325,-13.47,否,845302544,845242544,9991476070.08,9990766870.08,786.568034,6.626715,2.607463,11.81,11.56,11.87,12.44,13.9,11.93,11.28,2012-02-17,-
2025-01-22,2654,万润科技,文化传媒,11.8,11.82,11.56,11.61,11.56,13757800,160624447.0,1.6277,-1.777,2.2,否,0.59,-1.86,-1.191,2.291,-10.829,否,845302544,845242544,9813962535.84,9813265935.84,772.593475,6.508982,2.561137,11.79,11.59,11.79,12.37,13.82,11.95,11.28,2012-02-17,-
2025-01-23,2654,万润科技,文化传媒,11.79,12.02,11.51,11.52,11.51,22588401,265888564.8,2.6724,-0.775,4.39,否,1.08,-2.373,-1.538,0.787,-13.514,否,845302544,845242544,9737885306.88,9737194106.88,766.604378,6.458525,2.541283,11.72,11.6,11.73,12.29,13.71,11.96,11.28,2012-02-17,-
2025-01-24,2654,万润科技,文化传媒,11.65,11.99,11.57,11.97,11.57,32988008,390197198.58,3.9028,3.906,3.65,否,1.69,1.269,0.673,8.818,-8.973,否,845302544,845242544,10118271451.68,10117553251.68,796.549861,6.710811,2.640552,11.74,11.69,11.69,12.21,13.58,11.98,11.28,2012-02-17,-
2025-01-27,2654,万润科技,文化传媒,12.05,12.12,11.55,11.55,11.55,25295200,297329255.0,2.9927,-3.509,4.76,否,1.21,-0.517,-2.367,4.525,-14.444,否,845302544,845242544,9763244383.2,9762551383.2,768.600744,6.475344,2.547901,11.69,11.74,11.62,12.12,13.48,11.99,11.28,2012-02-17,-
2025-02-05,2654,万润科技,文化传媒,11.78,12.34,11.7,12.03,11.7,39701599,475077863.16,4.6971,4.156,5.54,否,1.78,4.427,1.949,2.383,-6.889,否,845302544,845242544,10168989604.32,10168267804.32,800.542593,6.744449,2.653788,11.74,11.77,11.58,12.07,13.42,12.01,11.29,2012-02-17,-
2025-02-06,2654,万润科技,文化传媒,12.12,12.49,11.88,12.48,11.88,48119384,590340874.69,5.693,3.741,5.07,否,1.79,4.261,5.584,6.667,-5.74,否,845302544,845242544,10549375749.12,10548626949.12,830.488076,6.996735,2.753057,11.91,11.85,11.6,12.05,13.37,12.03,11.3,2012-02-17,-
2025-02-07,2654,万润科技,文化传媒,12.45,12.74,12.31,12.51,12.31,55395945,693256087.4,6.5539,0.24,3.45,否,1.64,8.312,7.752,5.214,-1.882,否,845302544,845242544,10574734825.44,10573984225.44,832.484442,7.013554,2.759675,12.11,11.91,11.64,12.02,13.33,12.06,11.3,2012-02-17,-
2025-02-10,2654,万润科技,文化传媒,12.54,12.85,12.47,12.83,12.47,45860100,584310988.0,5.4257,2.558,3.04,否,1.14,6.65,11.372,8.453,-0.156,否,845302544,845242544,10845231639.52,10844461839.52,853.779008,7.192957,2.830266,12.28,12.01,11.72,12.01,13.29,12.08,11.31,2012-02-17,-
2025-02-11,2654,万润科技,文化传媒,12.77,12.93,12.57,12.58,12.57,36629300,464314987.0,4.3336,-1.949,2.81,否,0.85,0.801,5.096,6.61,-2.556,否,845302544,845242544,10633906003.52,10633151203.52,837.142628,7.052799,2.775117,12.49,12.09,11.8,11.98,13.24,12.11,11.32,2012-02-17,-
2025-02-12,2654,万润科技,文化传媒,12.51,12.79,12.48,12.78,12.48,34060706,432333313.68,4.0297,1.59,2.46,否,0.75,2.158,10.649,8.122,0.314,否,845302544,845242544,10802966512.32,10802199712.32,850.451732,7.164926,2.819236,12.64,12.19,11.87,11.98,13.18,12.14,11.33,2012-02-17,-
2025-02-13,2654,万润科技,文化传媒,12.78,12.78,12.56,12.62,12.56,27768369,351923769.4,3.2853,-1.252,1.72,否,0.63,-1.637,4.904,8.699,4.04,否,845302544,845242544,10667718105.28,10666960905.28,839.804449,7.075224,2.783941,12.66,12.29,11.94,11.96,13.13,12.17,11.34,2012-02-17,-
2025-02-14,2654,万润科技,文化传媒,12.57,12.65,12.39,12.55,12.39,25149378,314890807.07,2.9754,-0.555,2.06,否,0.63,-0.238,0.561,8.941,6.718,否,845302544,845242544,10608546927.2,10607793927.2,835.146262,7.035979,2.768499,12.67,12.39,11.99,11.95,13.08,12.19,11.35,2012-02-17,-
2025-02-17,2654,万润科技,文化传媒,12.59,12.78,12.57,12.77,12.57,36135404,458725211.71,4.2752,1.753,1.67,否,1.07,-0.078,2.078,6.683,14.735,否,845302544,845242544,10794513486.88,10793747286.88,849.786277,7.159319,2.81703,12.66,12.47,12.08,11.95,13.03,12.22,11.36,2012-02-17,-
2025-02-18,2654,万润科技,文化传媒,12.77,12.78,12.08,12.18,12.08,33827700,420509347.0,4.0021,-4.62,5.48,否,1.06,-3.487,-5.066,5.455,10.627,否,845302544,845242544,10295784985.92,10295054185.92,810.52442,6.828544,2.686878,12.58,12.53,12.14,11.92,13.0,12.25,11.37,2012-02-17,-
2025-02-19,2654,万润科技,文化传媒,12.13,12.68,12.13,12.67,12.13,35007624,436997741.53,4.1417,4.023,4.52,否,1.12,0.956,0.715,5.32,11.827,否,845302544,845242544,10709983232.48,10709223032.48,843.131725,7.103256,2.794971,12.56,12.6,12.18,11.92,12.99,12.28,11.38,2012-02-17,-
2025-02-20,2654,万润科技,文化传媒,12.61,12.66,12.38,12.51,12.38,27105162,338761203.02,3.2068,-1.263,2.21,否,0.86,-2.036,-2.113,0.24,10.22,否,845302544,845242544,10574734825.44,10573984225.44,832.484442,7.013554,2.759675,12.54,12.6,12.23,11.93,12.97,12.3,11.39,2012-02-17,-
2025-02-21,2654,万润科技,文化传媒,12.47,13.2,12.34,13.05,12.34,65409600,839743070.08,7.7386,4.317,6.87,否,2.08,7.143,3.407,4.317,14.173,否,845302544,845242544,11031198199.2,11030415199.2,868.419022,7.316297,2.878798,12.64,12.65,12.28,11.98,12.96,12.33,11.41,2012-02-17,-
2025-02-24,2654,万润科技,文化传媒,13.15,14.05,12.87,13.91,12.87,126184428,1711892757.53,14.9288,6.59,9.04,否,3.19,9.787,10.837,8.418,26.455,否,845302544,845242544,11758158387.04,11757323787.04,925.648168,7.798444,3.068512,12.86,12.76,12.39,12.07,12.96,12.37,11.43,2012-02-17,-
2025-02-25,2654,万润科技,文化传媒,13.6,14.36,13.49,13.63,13.49,91254038,1261369929.98,10.7962,-2.013,6.25,否,1.59,8.953,6.735,8.347,23.348,否,845302544,845242544,11521473674.72,11520655874.72,907.015423,7.641466,3.006744,13.15,12.87,12.48,12.16,12.96,12.41,11.45,2012-02-17,-
2025-02-26,2654,万润科技,文化传媒,13.64,14.99,13.27,14.99,13.27,116866078,1641231593.62,13.8263,9.978,12.62,否,1.69,14.866,23.071,17.293,27.574,是,845302544,845242544,12671085134.56,12670185734.56,997.517329,8.403931,3.306757,13.62,13.09,12.64,12.28,12.96,12.46,11.48,2012-02-17,-
2025-02-27,2654,万润科技,文化传媒,15.0,16.4,14.65,15.4,14.65,217435340,3316366723.58,25.7246,2.735,11.67,否,2.55,10.712,21.547,22.029,31.624,否,845302544,845242544,13017659177.6,13016735177.6,1024.800991,8.633791,3.397202,14.2,13.37,12.83,12.41,12.98,12.52,11.51,2012-02-17,-
2025-02-28,2654,万润科技,文化传媒,14.96,16.0,14.53,14.69,14.53,143412328,2167997456.71,16.967,-4.61,9.55,否,1.16,7.777,17.426,17.052,23.549,否,845302544,845242544,12417494371.36,12416612971.36,977.553673,8.23574,3.240578,14.52,13.58,12.99,12.52,12.98,12.56,11.53,2012-02-17,-
2025-03-03,2654,万润科技,文化传媒,14.95,15.23,13.85,14.04,13.85,107148707,1549310008.61,12.6767,-4.425,9.39,否,0.77,-6.338,7.586,9.945,18.681,否,845302544,845242544,11868047717.76,11867205317.76,934.299086,7.871327,3.097189,14.55,13.71,13.09,12.62,12.97,12.6,11.55,2012-02-17,-
2025-03-04,2654,万润科技,文化传媒,13.91,15.25,13.76,14.91,13.76,129513383,1900862104.63,15.3226,6.197,10.61,否,0.96,-3.182,7.189,22.414,26.356,否,845302544,845242544,12603460931.04,12602566331.04,992.193687,8.35908,3.289109,14.81,13.98,13.26,12.75,12.96,12.65,11.57,2012-02-17,-
2025-03-05,2654,万润科技,文化传媒,14.91,14.93,14.19,14.51,14.19,87712125,1272611086.94,10.3772,-2.683,4.96,否,0.61,-1.225,6.456,14.522,22.758,否,845302544,845242544,12265339913.44,12264469313.44,965.57548,8.134826,3.20087,14.71,14.16,13.38,12.84,12.94,12.69,11.59,2012-02-17,-
2025-03-06,2654,万润科技,文化传媒,14.5,15.01,14.42,14.83,14.42,93185051,1380976184.99,11.0247,2.205,4.07,否,0.68,5.627,-1.067,18.545,27.735,否,845302544,845242544,12535836727.52,12534946927.52,986.870046,8.314229,3.271461,14.6,14.4,13.5,12.95,12.93,12.73,11.61,2012-02-17,-
2025-03-07,2654,万润科技,文化传媒,14.8,15.88,14.62,15.03,14.62,133736288,2028347194.5,15.8222,1.349,8.5,否,1.19,0.805,-2.403,15.172,30.469,否,845302544,845242544,12704897236.32,12703995436.32,1000.179149,8.426356,3.315581,14.66,14.59,13.62,13.05,12.92,12.78,11.62,2012-02-17,-
2025-03-10,2654,万润科技,文化传媒,15.06,15.52,14.75,14.89,14.75,95985523,1451261190.63,11.356,-0.932,5.12,否,0.87,2.619,1.361,7.045,24.394,否,845302544,845242544,12586554880.16,12585661480.16,990.862777,8.347867,3.284697,14.83,14.69,13.73,13.16,12.9,12.82,11.64,2012-02-17,-
2025-03-11,2654,万润科技,文化传媒,14.38,14.76,14.38,14.51,14.38,60446700,877598406.0,7.1514,-2.552,2.55,否,0.56,-2.158,3.348,6.456,25.628,否,845302544,845242544,12265339913.44,12264469313.44,965.57548,8.134826,3.20087,14.75,14.78,13.82,13.25,12.88,12.86,11.65,2012-02-17,-
2025-03-12,2654,万润科技,文化传媒,14.66,14.94,14.49,14.52,14.49,58339996,857583167.96,6.9022,0.069,3.1,否,0.62,-3.393,-2.616,-3.135,20.698,否,845302544,845242544,12273792938.88,12272921738.88,966.240935,8.140432,3.203076,14.76,14.73,13.91,13.34,12.89,12.91,11.67,2012-02-17,-
2025-03-13,2654,万润科技,文化传媒,14.5,14.5,13.67,13.68,13.67,66435100,926029865.71,7.8599,-5.785,5.72,否,0.75,-8.126,-5.72,-11.169,9.615,否,845302544,845242544,11563738801.92,11562918001.92,910.342699,7.669498,3.017774,14.53,14.56,13.96,13.4,12.89,12.95,11.68,2012-02-17,-
2025-03-14,2654,万润科技,文化传媒,13.88,14.29,13.6,14.18,13.6,52127370,729342042.0,6.1671,3.655,5.04,否,0.63,-2.274,-4.383,-3.472,13.349,否,845302544,845242544,11986390073.92,11985539273.92,943.615458,7.949816,3.128073,14.36,14.51,14.05,13.49,12.89,12.99,11.69,2012-02-17,-
2025-03-17,2654,万润科技,文化传媒,14.14,14.9,14.04,14.41,14.04,50765061,733749903.87,6.006,1.622,6.06,否,0.76,-0.758,-4.125,2.635,12.315,否,845302544,845242544,12180809659.04,12179945059.04,958.920928,8.078762,3.17881,14.26,14.55,14.13,13.57,12.89,13.03,11.69,2012-02-17,-
2025-03-18,2654,万润科技,文化传媒,14.43,14.98,14.3,14.55,14.3,58042700,851076734.0,6.867,0.972,4.72,否,1.01,6.36,-2.283,-2.414,15.66,否,845302544,845242544,12299152015.2,12298279015.2,968.2373,8.157251,3.209694,14.27,14.51,14.25,13.67,12.9,13.08,11.71,2012-02-17,-
2025-03-19,2654,万润科技,文化传媒,14.4,14.49,14.0,14.05,14.0,41478134,587077535.1,4.9072,-3.436,3.37,否,0.73,-0.917,-3.17,-3.17,9.937,否,845302544,845242544,11876500743.2,11875657743.2,934.964541,7.876933,3.099395,14.17,14.47,14.31,13.74,12.91,13.12,11.72,2012-02-17,-
2025-03-20,2654,万润科技,文化传媒,14.06,14.19,13.73,13.76,13.73,34917700,485335981.0,4.1311,-2.064,3.27,否,0.65,-4.511,-5.234,-7.215,9.033,否,845302544,845242544,11631363005.44,11630537405.44,915.66634,7.714349,3.035422,14.19,14.36,14.38,13.78,12.92,13.16,11.73,2012-02-17,-
2025-03-21,2654,万润科技,文化传媒,13.62,13.69,13.21,13.23,13.21,40996760,548374815.58,4.8503,-3.852,3.49,否,0.86,-9.072,-3.289,-11.976,5.418,否,845302544,845242544,11183352657.12,11182558857.12,880.397215,7.417212,2.918505,14.0,14.18,14.39,13.81,12.92,13.19,11.73,2012-02-17,-
2025-03-24,2654,万润科技,文化传媒,13.21,13.29,12.34,12.7,12.34,45254800,576233444.0,5.3541,-4.006,7.18,否,1.0,-9.609,-10.437,-14.708,-0.548,否,845302544,845242544,10735342308.8,10734580308.8,845.12809,7.120075,2.801589,13.66,13.96,14.33,13.8,12.91,13.22,11.73,2012-02-17,-
2025-03-25,2654,万润科技,文化传媒,12.73,12.8,12.29,12.41,12.29,27258100,340026147.0,3.2249,-2.284,4.02,否,0.62,-9.811,-13.879,-14.473,1.888,否,845302544,845242544,10490204571.04,10489459971.04,825.82989,6.95749,2.737615,13.23,13.75,14.26,13.8,12.89,13.25,11.73,2012-02-17,-
2025-03-26,2654,万润科技,文化传媒,12.46,12.65,12.4,12.43,12.4,21624714,270581462.4,2.5584,0.161,2.01,否,0.57,-6.047,-14.57,-14.394,-1.894,否,845302544,845242544,10507110621.92,10506364821.92,827.1608,6.968703,2.742027,12.91,13.54,14.14,13.79,12.88,13.28,11.73,2012-02-17,-
2025-03-27,2654,万润科技,文化传媒,12.38,12.72,12.22,12.49,12.22,26050100,325546971.0,3.082,0.483,4.02,否,0.77,-1.654,-11.103,-8.699,-0.16,否,845302544,845242544,10557828774.56,10557079374.56,831.153531,7.002341,2.755263,12.65,13.42,13.99,13.78,12.87,13.3,11.73,2012-02-17,-
2025-03-28,2654,万润科技,文化传媒,12.55,13.04,12.45,12.47,12.45,34175077,431806509.35,4.0432,-0.16,4.72,否,1.06,0.483,-9.375,-12.059,-4.444,否,845302544,845242544,10540922723.68,10540174523.68,829.822621,6.991129,2.750851,12.5,13.25,13.88,13.78,12.87,13.33,11.73,2012-02-17,-
2025-03-31,2654,万润科技,文化传媒,12.3,12.37,11.98,12.3,11.98,28638430,348374801.67,3.3882,-1.363,3.13,否,0.93,-1.046,-7.029,-14.643,-11.574,否,845302544,845242544,10397221291.2,10396483291.2,818.509883,6.89582,2.71335,12.42,13.04,13.79,13.76,12.86,13.35,11.73,2012-02-17,-
2025-04-01,2654,万润科技,文化传媒,12.34,12.43,12.25,12.26,12.25,17765966,219154709.69,2.1019,-0.325,1.46,否,0.64,-1.841,-3.465,-15.739,-10.051,否,845302544,845242544,10363409189.44,10362673589.44,815.848062,6.873395,2.704526,12.39,12.81,13.66,13.77,12.85,13.36,11.73,2012-02-17,-
2025-04-02,2654,万润科技,文化传媒,12.23,12.85,12.21,12.8,12.21,47376054,596471977.87,5.605,4.405,5.22,否,1.85,2.646,3.143,-8.897,-14.61,否,845302544,845242544,10819872563.2,10819104563.2,851.782642,7.176138,2.823648,12.46,12.69,13.58,13.77,12.85,13.38,11.73,2012-02-17,-
2025-04-03,2654,万润科技,文化传媒,12.67,13.28,12.6,12.83,12.6,45488300,589627451.02,5.3817,0.234,5.31,否,1.48,4.309,3.218,-6.759,-16.688,否,845302544,845242544,10845231639.52,10844461839.52,853.779008,7.192957,2.830266,12.53,12.59,13.48,13.78,12.86,13.38,11.73,2012-02-17,-
2025-04-07,2654,万润科技,文化传媒,11.56,12.29,11.55,11.55,11.55,27475130,319688506.7,3.2506,-9.977,5.77,否,0.79,-5.791,-7.526,-12.698,-21.375,否,845302544,845242544,9763244383.2,9762551383.2,768.600744,6.475344,2.547901,12.35,12.42,13.3,13.73,12.85,13.38,11.72,2012-02-17,-
2025-04-08,2654,万润科技,文化传媒,11.35,11.67,10.4,10.79,10.4,52064162,567485843.63,6.1597,-6.58,11.0,否,1.56,-15.703,-13.472,-15.039,-23.148,否,845302544,845242544,9120814449.76,9120167049.76,718.026149,6.04926,2.380247,12.05,12.23,13.1,13.63,12.85,13.38,11.72,2012-02-17,-
2025-04-09,2654,万润科技,文化传媒,10.45,11.16,9.72,11.01,9.72,46183790,488703595.7,5.464,2.039,13.35,否,1.21,-14.186,-10.488,-11.281,-26.157,否,845302544,845242544,9306781009.44,9306120409.44,732.666163,6.1726,2.428779,11.8,12.09,12.92,13.54,12.85,13.38,11.71,2012-02-17,-
2025-04-10,2654,万润科技,文化传媒,11.24,11.61,11.24,11.31,11.24,35527714,405573332.97,4.2033,2.725,3.36,否,0.81,-2.078,-7.749,-9.01,-22.054,否,845302544,845242544,9560371772.64,9559693172.64,752.629819,6.340791,2.494958,11.5,11.98,12.76,13.42,12.85,13.39,11.72,2012-02-17,-
2025-04-11,2654,万润科技,文化传媒,11.2,11.88,11.12,11.72,11.12,45754000,534673795.0,5.4131,3.625,6.72,否,1.11,8.619,-8.438,-6.165,-20.971,否,845302544,845242544,9906945815.68,9906242615.68,779.913482,6.570652,2.585403,11.28,11.9,12.66,13.3,12.85,13.4,11.72,2012-02-17,-
2025-04-14,2654,万润科技,文化传媒,12.01,12.28,11.81,11.91,11.81,32067766,383817459.74,3.7939,1.621,4.01,否,0.77,8.174,-7.171,-4.491,-20.758,否,845302544,845242544,10067553299.04,10066838699.04,792.55713,6.677173,2.627316,11.35,11.85,12.55,13.2,12.86,13.41,11.72,2012-02-17,-
2025-04-15,2654,万润科技,文化传媒,11.82,12.04,11.71,11.8,11.71,23675595,280763039.6,2.801,-0.924,2.77,否,0.56,4.332,2.165,-4.065,-20.752,否,845302544,845242544,9974570019.2,9973862019.2,785.237123,6.615503,2.603051,11.55,11.8,12.42,13.13,12.88,13.42,11.72,2012-02-17,-
2025-04-16,2654,万润科技,文化传媒,11.7,11.85,11.39,11.54,11.39,18871700,218989006.0,2.2327,-2.203,3.9,否,0.52,-1.536,6.951,-5.873,-20.469,否,845302544,845242544,9754791357.76,9754098957.76,767.935288,6.469737,2.545695,11.66,11.73,12.27,13.02,12.88,13.42,11.72,2012-02-17,-
2025-04-17,2654,万润科技,文化传媒,11.41,11.79,11.4,11.48,11.4,17141600,199213300.0,2.028,-0.52,3.38,否,0.55,-3.61,4.269,-10.313,-20.937,否,845302544,845242544,9704073205.12,9703384405.12,763.942557,6.436099,2.53246,11.69,11.59,12.14,12.91,12.88,13.42,11.72,2012-02-17,-
2025-04-18,2654,万润科技,文化传媒,11.41,11.51,11.29,11.41,11.29,14966413,170459385.55,1.7707,-0.61,1.92,否,0.54,-3.305,0.884,-11.068,-16.594,否,845302544,845242544,9644902027.04,9644217427.04,759.284371,6.396855,2.517018,11.63,11.45,12.02,12.8,12.87,13.42,11.72,2012-02-17,-
2025-04-21,2654,万润科技,文化传媒,11.39,11.58,11.39,11.53,11.39,16077500,185222075.0,1.9021,1.052,1.67,否,0.75,-0.087,-1.621,-0.173,-18.688,否,845302544,845242544,9746338332.32,9745646532.32,767.269833,6.464131,2.543489,11.55,11.45,11.94,12.68,12.87,13.43,11.72,2012-02-17,-
2025-04-22,2654,万润科技,文化传媒,11.52,11.73,11.42,11.52,11.42,20248500,233624905.0,2.3956,-0.087,2.69,否,1.12,0.348,-3.275,6.766,-20.056,否,845302544,845242544,9737885306.88,9737194106.88,766.604378,6.458525,2.541283,11.5,11.52,11.88,12.57,12.86,13.42,11.73,2012-02-17,-
2025-04-23,2654,万润科技,文化传媒,11.58,11.73,11.56,11.66,11.56,19504673,227280586.21,2.3076,1.215,1.48,否,1.12,2.191,-1.186,5.904,-19.863,否,845302544,845242544,9856227663.04,9855528063.04,775.920751,6.537014,2.572167,11.52,11.59,11.84,12.48,12.86,13.4,11.74,2012-02-17,-
2025-04-24,2654,万润科技,文化传媒,11.85,11.85,11.36,11.39,11.36,20653158,237508811.86,2.4435,-2.316,4.2,否,1.17,-1.214,-1.3,0.707,-18.932,否,845302544,845242544,9627995976.16,9627312576.16,757.95346,6.385642,2.512606,11.5,11.6,11.79,12.37,12.85,13.38,11.74,2012-02-17,-
2025-04-25,2654,万润科技,文化传媒,11.02,11.33,10.89,11.13,10.89,29559494,328164350.01,3.4972,-2.283,3.86,否,1.62,-3.385,-3.049,-5.034,-19.113,否,845302544,845242544,9408217314.72,9407549514.72,190.961598,6.127447,1.829014,11.45,11.54,11.72,12.29,12.85,13.33,11.74,2012-02-17,-
2025-04-28,2654,万润科技,文化传媒,11.12,11.18,10.93,10.94,10.93,14774800,162683901.0,1.748,-1.707,2.25,否,0.7,-6.175,-4.119,-8.144,-17.309,否,845302544,845242544,9247609831.36,9246953431.36,187.701696,6.022846,1.797791,11.33,11.44,11.64,12.18,12.84,13.27,11.75,2012-02-17,-
2025-04-29,2654,万润科技,文化传媒,10.95,11.12,10.86,11.06,10.86,14847000,164167316.0,1.7565,1.097,2.38,否,0.71,-2.897,-4.076,-6.271,-12.913,否,845302544,845242544,9349046136.64,9348382536.64,189.760581,6.08891,1.817511,11.24,11.37,11.58,12.07,12.82,13.2,11.76,2012-02-17,-
2025-04-30,2654,万润科技,文化传媒,11.08,11.36,11.02,11.28,11.02,16193849,182098753.74,1.9159,1.989,3.07,否,0.82,1.348,-2.083,-2.253,-9.106,否,845302544,845242544,9535012696.32,9534335896.32,193.535204,6.210027,1.853664,11.16,11.34,11.53,11.96,12.82,13.15,11.76,2012-02-17,-
2025-05-06,2654,万润科技,文化传媒,11.4,11.71,11.4,11.7,11.4,20565100,239066905.0,2.433,3.723,2.75,否,1.07,6.947,0.343,1.916,-5.873,否,845302544,845242544,9890039764.8,9889337764.8,200.741302,6.441252,1.922683,11.22,11.36,11.48,11.88,12.81,13.12,11.77,2012-02-17,-
2025-05-07,2654,万润科技,文化传媒,11.89,11.99,11.59,11.73,11.59,22902000,269381595.0,2.7095,0.256,3.42,否,1.19,6.058,2.985,2.805,-6.085,否,845302544,845242544,9915398841.12,9914695041.12,201.256024,6.457768,1.927613,11.34,11.39,11.42,11.81,12.8,13.08,11.78,2012-02-17,-
2025-05-08,2654,万润科技,文化传媒,11.69,12.06,11.63,12.0,11.63,29041897,345596361.89,3.4359,2.302,3.67,否,1.63,6.383,7.817,4.076,-3.769,否,845302544,845242544,10143630528.0,10142910528.0,205.888515,6.606412,1.971983,11.55,11.44,11.45,11.77,12.79,13.06,11.79,2012-02-17,-
2025-05-09,2654,万润科技,文化传媒,11.94,11.95,11.64,11.65,11.64,18210900,213773253.0,2.1545,-2.917,2.58,否,0.88,-0.427,6.49,1.128,-5.285,否,845302544,845242544,9847774637.6,9847075637.6,199.883433,6.413725,1.914467,11.67,11.45,11.49,11.74,12.77,13.03,11.8,2012-02-17,-
2025-05-12,2654,万润科技,文化传媒,11.76,11.85,11.72,11.82,11.72,14090900,166205063.0,1.6671,1.459,1.12,否,0.66,0.767,6.872,1.372,-3.589,否,845302544,845242544,9991476070.08,9990766870.08,202.800187,6.507316,1.942403,11.78,11.47,11.53,11.72,12.76,13.0,11.8,2012-02-17,-
2025-05-13,2654,万润科技,文化传媒,12.02,12.02,11.67,11.71,11.67,14640800,172863863.0,1.7321,-0.931,2.96,否,0.7,-2.417,3.812,2.809,-8.516,否,845302544,845242544,9898492790.24,9897790190.24,200.912876,6.446757,1.924327,11.78,11.5,11.55,11.69,12.74,12.96,11.81,2012-02-17,-
2025-05-14,2654,万润科技,文化传媒,11.72,11.83,11.6,11.73,11.6,14165900,165997674.0,1.676,0.171,1.96,否,0.72,0.687,0.256,5.391,-8.574,否,845302544,845242544,9915398841.12,9914695041.12,201.256024,6.457768,1.927613,11.78,11.56,11.55,11.67,12.73,12.93,11.81,2012-02-17,-
2025-05-15,2654,万润科技,文化传媒,11.73,11.74,11.29,11.35,11.29,21251342,243483028.2,2.5142,-3.24,3.84,否,1.18,-3.976,-3.24,3.748,-1.732,否,845302544,845242544,9594183874.4,9593502874.4,194.736221,6.248565,1.865167,11.65,11.6,11.52,11.63,12.71,12.89,11.82,2012-02-17,-
2025-05-16,2654,万润科技,文化传媒,11.3,11.44,11.26,11.32,11.26,10815288,123079132.01,1.2795,-0.264,1.59,否,0.66,-3.33,-5.667,2.351,4.912,否,845302544,845242544,9568824798.08,9568145598.08,194.221499,6.232049,1.860237,11.59,11.63,11.5,11.6,12.68,12.86,11.82,2012-02-17,-
2025-05-19,2654,万润科技,文化传媒,11.56,11.83,11.37,11.66,11.37,28482106,330723890.15,3.3697,3.004,4.06,否,1.9,-0.597,0.086,3.369,5.904,否,845302544,845242544,9856227663.04,9855528063.04,200.055007,6.419231,1.91611,11.55,11.67,11.5,11.58,12.67,12.84,11.83,2012-02-17,-
2025-05-20,2654,万润科技,文化传媒,11.76,12.83,11.72,12.83,11.72,41891746,524097107.2,4.9562,10.034,9.52,否,2.34,13.04,8.545,9.658,13.439,是,845302544,845242544,10845231639.52,10844461839.52,220.129137,7.063356,2.108378,11.78,11.78,11.57,11.58,12.68,12.83,11.84,2012-02-17,-
2025-05-21,2654,万润科技,文化传媒,12.83,12.85,12.36,12.4,12.36,75578432,946460645.58,8.9416,-3.352,3.82,否,3.24,9.541,5.892,5.712,5.802,否,845302544,845242544,10481751545.6,10481007545.6,212.751466,6.826626,2.037716,11.91,11.85,11.62,11.56,12.67,12.82,11.85,2012-02-17,-
2025-05-22,2654,万润科技,文化传媒,12.41,12.53,12.24,12.31,12.24,35960300,445088747.0,4.2544,-0.726,2.34,否,1.01,5.575,4.945,2.583,3.359,否,845302544,845242544,10405674316.64,10404935716.64,211.207302,6.777078,2.022926,12.1,11.88,11.66,11.59,12.66,12.81,11.86,2012-02-17,-
2025-05-23,2654,万润科技,文化传媒,12.35,12.38,11.88,11.9,11.88,34928600,421877553.0,4.1324,-3.331,4.06,否,0.91,-7.249,4.846,2.146,0.847,否,845302544,845242544,10059100273.6,10058386273.6,204.172778,6.551359,1.95555,12.22,11.9,11.68,11.63,12.63,12.79,11.87,2012-02-17,-
2025-05-26,2654,万润科技,文化传媒,12.05,12.4,11.98,12.31,11.98,52106280,635840820.56,6.1647,3.445,3.53,否,1.2,-0.726,8.746,4.146,6.672,否,845302544,845242544,10405674316.64,10404935716.64,211.207302,6.777078,2.022926,12.35,11.95,11.71,11.67,12.61,12.78,11.88,2012-02-17,-
2025-05-27,2654,万润科技,文化传媒,12.33,12.4,12.06,12.11,12.06,30770439,373805520.22,3.6404,-1.625,2.76,否,0.64,-1.625,3.859,3.416,5.488,否,845302544,845242544,10236613807.84,10235887207.84,207.775827,6.666971,1.990059,12.21,11.99,11.75,11.7,12.56,12.76,11.89,2012-02-17,-
2025-05-28,2654,万润科技,文化传媒,12.1,12.24,11.85,12.03,11.85,34981655,420581121.17,4.1387,-0.661,3.22,否,0.76,1.092,-6.235,2.558,5.434,否,845302544,845242544,10168989604.32,10168267804.32,206.403236,6.622928,1.976913,12.13,12.02,11.79,11.71,12.5,12.74,11.9,2012-02-17,-
2025-05-29,2654,万润科技,文化传媒,12.03,12.2,11.94,12.15,11.94,30269554,366289154.99,3.5812,0.998,2.16,否,0.8,-1.3,-2.016,7.048,5.377,否,845302544,845242544,10270425909.6,10269696909.6,208.462122,6.688992,1.996633,12.1,12.1,11.85,11.72,12.46,12.72,11.91,2012-02-17,-
2025-05-30,2654,万润科技,文化传媒,12.05,12.06,11.68,11.69,11.68,28903235,341328872.3,3.4195,-3.786,3.13,否,0.79,-3.468,-5.037,3.269,1.476,否,845302544,845242544,9881586739.36,9880885339.36,200.569729,6.435747,1.92104,12.06,12.14,11.88,11.71,12.42,12.7,11.92,2012-02-17,-
2025-06-03,2654,万润科技,文化传媒,11.55,11.85,11.53,11.76,11.53,14186900,166537844.0,1.6784,0.599,2.74,否,0.4,-2.244,-1.176,0.858,0.858,否,845302544,845242544,9940757917.44,9940052317.44,201.770745,6.474284,1.932543,11.95,12.15,11.91,11.72,12.37,12.66,11.93,2012-02-17,-
2025-06-04,2654,万润科技,文化传媒,11.68,11.82,11.65,11.75,11.65,14832457,174393738.75,1.7548,-0.085,1.45,否,0.53,-3.292,-4.549,-8.418,3.161,否,845302544,845242544,9932304892.0,9931599892.0,201.599171,6.468779,1.9309,11.88,12.04,11.91,11.73,12.32,12.63,11.94,2012-02-17,-
2025-06-05,2654,万润科技,文化传媒,11.71,11.99,11.68,11.94,11.68,22210222,263507595.1,2.6277,1.617,2.64,否,0.9,2.139,-1.404,-3.71,7.278,否,845302544,845242544,10092912375.36,10092195975.36,204.859073,6.57338,1.962123,11.86,12.0,11.92,11.75,12.27,12.6,11.95,2012-02-17,-
2025-06-06,2654,万润科技,文化传媒,11.9,12.4,11.76,12.12,11.76,52751318,641014588.03,6.241,1.508,5.36,否,2.39,3.061,0.748,-1.543,10.786,否,845302544,845242544,10245066833.28,10244339633.28,207.9474,6.672476,1.991703,11.85,11.98,11.93,11.77,12.22,12.57,11.96,2012-02-17,-
2025-06-09,2654,万润科技,文化传媒,12.06,12.2,12.06,12.16,12.06,29558210,358849101.1,3.497,0.33,1.16,否,1.11,3.489,0.082,2.185,9.946,否,845302544,845242544,10278878935.04,10278149335.04,208.633695,6.694498,1.998276,11.95,12.0,11.95,11.79,12.18,12.54,11.97,2012-02-17,-
2025-06-10,2654,万润科技,文化传媒,12.21,12.25,11.66,11.8,11.66,35659509,423141923.83,4.2188,-2.961,4.85,否,1.34,-1.173,0.941,-4.143,4.61,否,845302544,845242544,9974570019.2,9973862019.2,202.45704,6.496305,1.939116,11.95,11.95,11.95,11.79,12.13,12.51,11.98,2012-02-17,-
2025-06-11,2654,万润科技,文化传媒,11.79,12.5,11.76,12.01,11.76,45994153,557864856.53,5.4415,1.78,6.27,否,1.48,-0.908,2.126,-0.826,2.65,否,845302544,845242544,10152083553.44,10151362953.44,206.060089,6.611918,1.973626,12.01,11.94,11.97,11.81,12.09,12.49,11.99,2012-02-17,-
2025-06-12,2654,万润科技,文化传媒,11.92,12.18,11.88,11.91,11.88,28460660,342277606.85,3.3672,-0.833,2.5,否,0.76,-2.056,1.362,-0.998,1.535,否,845302544,845242544,10067553299.04,10066838699.04,204.344351,6.556864,1.957193,12.0,11.93,11.98,11.84,12.06,12.48,12.0,2012-02-17,-
2025-06-13,2654,万润科技,文化传媒,11.83,11.89,11.4,11.42,11.4,35331000,408453116.27,4.18,-4.114,4.11,否,0.92,-3.22,-4.355,-6.008,-4.833,否,845302544,845242544,9653355052.48,9652669852.48,195.937237,6.287102,1.87667,11.86,11.86,11.98,11.85,12.02,12.45,12.0,2012-02-17,-
2025-06-16,2654,万润科技,文化传媒,11.36,11.89,11.33,11.64,11.33,21474404,249290291.72,2.5406,1.926,4.9,否,0.61,-3.081,-3.96,-0.428,-0.086,否,845302544,845242544,9839321612.16,9838623212.16,199.71186,6.40822,1.912823,11.76,11.85,12.0,11.87,11.97,12.43,12.01,2012-02-17,-
2025-06-17,2654,万润科技,文化传媒,11.56,11.85,11.48,11.73,11.48,25761835,300697180.02,3.0479,0.773,3.18,否,0.77,-1.511,-3.536,-0.255,-0.761,否,845302544,845242544,9915398841.12,9914695041.12,201.256024,6.457768,1.927613,11.74,11.85,12.0,11.89,11.92,12.41,12.01,2012-02-17,-
2025-06-18,2654,万润科技,文化传媒,11.6,12.08,11.57,11.96,11.57,40420122,479339106.82,4.7821,1.961,4.35,否,1.29,4.729,1.356,1.787,2.135,否,845302544,845242544,10109818426.24,10109100826.24,205.20222,6.584391,1.965409,11.73,11.87,11.96,11.9,11.89,12.4,12.01,2012-02-17,-
2025-06-19,2654,万润科技,文化传媒,11.91,12.16,11.7,11.75,11.7,32810609,391006322.27,3.8818,-1.756,3.85,否,1.08,0.945,-2.165,-1.591,0.171,否,845302544,845242544,9932304892.0,9931599892.0,201.599171,6.468779,1.9309,11.7,11.85,11.92,11.9,11.86,12.39,12.01,2012-02-17,-
2025-06-20,2654,万润科技,文化传媒,11.74,12.15,11.7,11.8,11.7,30880337,367824244.81,3.6534,0.426,3.83,否,0.99,0.597,-0.924,-2.64,3.965,否,845302544,845242544,9974570019.2,9973862019.2,202.45704,6.496305,1.939116,11.78,11.82,11.9,11.89,11.83,12.37,12.02,2012-02-17,-
2025-06-23,2654,万润科技,文化传媒,11.6,12.13,11.47,12.06,11.47,39112405,467687143.94,4.6274,2.203,5.59,否,1.29,0.836,5.604,-0.822,6.537,否,845302544,845242544,10194348680.64,10193625080.64,206.917958,6.639444,1.981843,11.86,11.81,11.91,11.9,11.82,12.36,12.02,2012-02-17,-
2025-06-24,2654,万润科技,文化传媒,12.3,12.33,12.07,12.15,12.07,52805300,643581396.0,6.2474,0.746,2.16,否,1.56,3.404,4.381,2.966,4.202,否,845302544,845242544,10270425909.6,10269696909.6,208.462122,6.688992,1.996633,11.94,11.84,11.9,11.92,11.82,12.35,12.02,2012-02-17,-
2025-06-25,2654,万润科技,文化传媒,12.32,12.8,12.15,12.4,12.15,57160400,706424234.0,6.7626,2.058,5.35,否,1.46,5.085,5.712,3.247,-3.352,否,845302544,845242544,10481751545.6,10481007545.6,212.751466,6.826626,2.037716,12.03,11.88,11.91,11.94,11.82,12.35,12.02,2012-02-17,-
2025-06-26,2654,万润科技,文化传媒,12.45,12.61,12.27,12.29,12.27,41986500,521064942.0,4.9674,-0.887,2.74,否,0.99,1.907,2.759,3.191,-0.887,否,845302544,845242544,10388768265.76,10388030865.76,210.864154,6.766067,2.019639,12.14,11.92,11.92,11.96,11.81,12.34,12.02,2012-02-17,-
2025-06-27,2654,万润科技,文化传媒,12.41,12.56,12.31,12.38,12.31,41082700,510574975.0,4.8605,0.732,2.03,否,0.93,1.893,5.362,8.406,0.569,否,845302544,845242544,10464845494.72,10464102694.72,212.408318,6.815615,2.034429,12.26,12.02,11.94,11.99,11.81,12.34,12.02,2012-02-17,-
2025-06-30,2654,万润科技,文化传媒,12.41,12.59,12.35,12.47,12.35,38541938,479998628.93,4.5599,0.727,1.94,否,0.83,0.565,5.678,7.131,4.79,否,845302544,845242544,10540922723.68,10540174523.68,213.952482,6.865163,2.049219,12.34,12.1,11.98,12.03,11.81,12.33,12.02,2012-02-17,-
2025-07-01,2654,万润科技,文化传媒,12.47,12.69,12.39,12.47,12.39,43302001,541906142.5,5.123,0.0,2.41,否,0.93,1.465,3.4,6.309,1.3,否,845302544,845242544,10540922723.68,10540174523.68,213.952482,6.865163,2.049219,12.4,12.17,12.01,12.06,11.82,12.33,12.01,2012-02-17,-
2025-07-02,2654,万润科技,文化传媒,12.32,12.4,12.0,12.1,12.0,39169012,475735056.04,4.6341,-2.967,3.21,否,0.88,-2.262,-0.412,1.171,-0.083,否,845302544,845242544,10228160782.4,10227434782.4,207.604253,6.661466,1.988416,12.34,12.19,12.03,12.03,11.81,12.33,12.02,2012-02-17,-
2025-07-03,2654,万润科技,文化传媒,12.12,12.9,12.1,12.45,12.1,61871699,770545585.71,7.32,2.893,6.61,否,1.52,-0.16,0.403,5.957,3.491,否,845302544,845242544,10524016672.8,10523269672.8,213.609334,6.854153,2.045932,12.37,12.26,12.05,12.03,11.8,12.33,12.02,2012-02-17,-
2025-07-04,2654,万润科技,文化传媒,12.34,12.5,12.05,12.11,12.05,42429396,517118778.48,5.0198,-2.731,3.61,否,0.95,-2.887,-1.465,2.627,-0.329,否,845302544,845242544,10236613807.84,10235887207.84,207.775827,6.666971,1.990059,12.32,12.29,12.05,12.03,11.81,12.33,12.02,2012-02-17,-
2025-07-07,2654,万润科技,文化传媒,12.06,12.08,11.91,11.96,11.91,21710200,260228120.0,2.5685,-1.239,1.4,否,0.48,-1.157,-3.393,-0.829,2.31,否,845302544,845242544,10109818426.24,10109100826.24,205.20222,6.584391,1.965409,12.22,12.28,12.04,12.03,11.83,12.34,12.03,2012-02-17,-
2025-07-08,2654,万润科技,文化传媒,12.27,12.43,12.06,12.35,12.06,46481986,571076026.66,5.4992,3.261,3.09,否,1.11,-0.803,-0.962,1.646,5.017,否,845302544,845242544,10439486418.4,10438745418.4,211.893597,6.799099,2.029499,12.19,12.3,12.07,12.03,11.85,12.35,12.04,2012-02-17,-
2025-07-09,2654,万润科技,文化传媒,12.3,12.36,12.09,12.13,12.09,35871800,437457550.34,4.244,-1.781,2.19,否,0.85,0.165,-2.727,-2.177,3.234,否,845302544,845242544,10253519858.72,10252792058.72,208.118974,6.677982,1.993346,12.2,12.27,12.08,12.03,11.86,12.36,12.04,2012-02-17,-
2025-07-10,2654,万润科技,文化传媒,12.06,12.11,11.9,11.98,11.9,26187800,313783470.0,3.0983,-1.237,1.73,否,0.63,0.167,-0.992,-2.522,0.335,否,845302544,845242544,10126724477.12,10126005677.12,205.545368,6.595402,1.968696,12.11,12.24,12.08,12.03,11.87,12.36,12.05,2012-02-17,-
2025-07-11,2654,万润科技,文化传媒,11.98,12.08,11.86,12.01,11.86,22125630,265161996.68,2.6177,0.25,1.84,否,0.64,-2.753,-3.534,-2.989,-0.908,否,845302544,845242544,10152083553.44,10151362953.44,206.060089,6.611918,1.973626,12.09,12.2,12.11,12.03,11.87,12.37,12.05,2012-02-17,-
2025-07-14,2654,万润科技,文化传媒,12.01,12.07,11.92,11.96,11.92,15124654,181094287.3,1.7894,-0.416,1.25,否,0.5,-1.401,-1.239,-4.09,-1.645,否,845302544,845242544,10109818426.24,10109100826.24,205.20222,6.584391,1.965409,12.09,12.15,12.13,12.03,11.87,12.37,12.05,2012-02-17,-
2025-07-15,2654,万润科技,文化传媒,11.85,11.87,11.59,11.73,11.59,29827263,349111207.32,3.5288,-1.923,2.34,否,1.02,-2.087,-1.923,-5.934,-0.593,否,845302544,845242544,9915398841.12,9914695041.12,201.256024,6.457768,1.927613,11.96,12.08,12.13,12.03,11.88,12.38,12.06,2012-02-17,-
2025-07-16,2654,万润科技,文化传媒,11.76,11.92,11.71,11.76,11.71,16462105,194383869.9,1.9476,0.256,1.79,否,0.64,-2.082,-4.777,-2.81,-2.082,否,845302544,845242544,9940757917.44,9940052317.44,201.770745,6.474284,1.932543,11.89,12.04,12.12,12.03,11.88,12.38,12.06,2012-02-17,-
2025-07-17,2654,万润科技,文化传媒,11.75,11.85,11.67,11.85,11.67,15330000,181138632.0,1.8137,0.765,1.53,否,0.7,-0.92,-2.308,-4.819,-0.504,否,845302544,845242544,10016835146.4,10016124146.4,203.314909,6.523832,1.947333,11.86,11.98,12.12,12.03,11.89,12.38,12.07,2012-02-17,-
2025-07-18,2654,万润科技,文化传媒,11.85,11.9,11.72,11.8,11.72,15159298,178749969.46,1.7935,-0.422,1.52,否,0.77,0.597,-1.503,-2.56,3.327,否,845302544,845242544,9974570019.2,9973862019.2,202.45704,6.496305,1.939116,11.82,11.95,12.12,12.02,11.89,12.38,12.08,2012-02-17,-
2025-07-21,2654,万润科技,文化传媒,11.75,11.85,11.73,11.83,11.73,15317300,180920811.0,1.8122,0.254,1.02,否,0.83,0.595,-1.499,-1.087,1.632,否,845302544,845242544,9999929095.52,9999219295.52,202.971761,6.512821,1.944046,11.79,11.94,12.11,12.01,11.9,12.38,12.08,2012-02-17,-
2025-07-22,2654,万润科技,文化传媒,11.84,11.85,11.71,11.76,11.71,17574192,206498404.08,2.0792,-0.592,1.18,否,0.95,-0.759,-1.672,-4.777,0.256,否,845302544,845242544,9940757917.44,9940052317.44,201.770745,6.474284,1.932543,11.8,11.88,12.09,12.01,11.9,12.38,12.09,2012-02-17,-
2025-07-23,2654,万润科技,文化传媒,11.71,11.82,11.65,11.66,11.65,19085300,223496003.0,2.258,-0.85,1.45,否,1.2,-1.186,-0.597,-3.875,-2.508,否,845302544,845242544,9856227663.04,9855528063.04,200.055007,6.419231,1.91611,11.78,11.83,12.05,12.0,11.9,12.38,12.09,2012-02-17,-
2025-07-24,2654,万润科技,文化传媒,11.63,11.8,11.63,11.8,11.63,16820597,197444916.41,1.99,1.201,1.46,否,1.02,-0.254,0.34,-1.503,0.426,否,845302544,845242544,9974570019.2,9973862019.2,202.45704,6.496305,1.939116,11.77,11.82,12.03,11.99,11.91,12.38,12.09,2012-02-17,-
2025-07-25,2654,万润科技,文化传媒,11.81,12.06,11.77,11.96,11.77,29944500,355967472.0,3.5427,1.356,2.46,否,1.78,1.701,0.928,-0.416,1.356,否,845302544,845242544,10109818426.24,10109100826.24,205.20222,6.584391,1.965409,11.8,11.81,12.01,12.01,11.93,12.38,12.1,2012-02-17,-
2025-07-28,2654,万润科技,文化传媒,12.0,12.03,11.85,11.87,11.85,18932700,225211032.0,2.2399,-0.753,1.51,否,0.96,1.801,0.593,-0.753,-1.575,否,845302544,845242544,10033741197.28,10033028997.28,203.658056,6.534843,1.95062,11.81,11.8,11.98,12.02,11.95,12.38,12.1,2012-02-17,-
2025-07-29,2654,万润科技,文化传媒,11.85,11.88,11.71,11.82,11.71,18410276,216764834.0,2.1781,-0.421,1.43,否,0.9,0.169,-0.085,0.767,-2.716,否,845302544,845242544,9991476070.08,9990766870.08,202.800187,6.507316,1.942403,11.82,11.81,11.94,12.02,11.95,12.39,12.11,2012-02-17,-
2025-07-30,2654,万润科技,文化传媒,11.85,11.87,11.6,11.71,11.6,17852623,209514032.15,2.1121,-0.931,2.28,否,0.87,-2.09,-0.425,-0.425,-5.565,否,845302544,845242544,9898492790.24,9897790190.24,200.912876,6.446757,1.924327,11.83,11.81,11.93,12.01,11.95,12.38,12.12,2012-02-17,-
2025-07-31,2654,万润科技,文化传媒,11.63,11.83,11.57,11.6,11.57,19093683,223082077.71,2.259,-0.939,2.22,否,0.94,-2.275,-0.515,-2.11,-5.614,否,845302544,845242544,9805509510.4,9804813510.4,199.025565,6.386198,1.90625,11.79,11.78,11.88,12.01,11.95,12.38,12.12,2012-02-17,-
2025-08-01,2654,万润科技,文化传媒,11.6,11.63,11.5,11.57,11.5,14108547,163019517.99,1.6692,-0.259,1.12,否,0.68,-2.115,-1.949,-1.949,-6.543,否,845302544,845242544,9780150434.08,9779456234.08,198.510843,6.369682,1.90132,11.71,11.76,11.86,12.0,11.95,12.37,12.12,2012-02-17,-
2025-08-04,2654,万润科技,文化传媒,11.56,11.62,11.48,11.62,11.48,11530400,133418820.0,1.3642,0.432,1.21,否,0.65,-0.769,-2.843,-1.775,-6.816,否,845302544,845242544,9822415561.28,9821718361.28,199.368712,6.397209,1.909537,11.66,11.74,11.84,11.99,11.94,12.36,12.13,2012-02-17,-
2025-08-05,2654,万润科技,文化传媒,11.62,11.72,11.62,11.68,11.62,11463548,133836155.58,1.3562,0.516,0.86,否,0.71,0.69,-1.601,-0.68,-6.335,否,845302544,845242544,9873133713.92,9872432913.92,200.398155,6.430241,1.919397,11.64,11.73,11.81,11.97,11.94,12.35,12.13,2012-02-17,-
2025-08-06,2654,万润科技,文化传媒,11.68,11.79,11.61,11.77,11.61,16706900,196029363.0,1.9766,0.771,1.54,否,1.13,1.729,-0.423,0.943,-2.727,否,845302544,845242544,9949210942.88,9948504742.88,201.942319,6.479789,1.934186,11.65,11.74,11.79,11.95,11.94,12.34,12.14,2012-02-17,-
2025-08-07,2654,万润科技,文化传媒,11.75,11.95,11.74,11.8,11.74,28039098,331659034.36,3.3173,0.255,1.78,否,1.92,1.549,0.769,0.0,-5.221,否,845302544,845242544,9974570019.2,9973862019.2,202.45704,6.496305,1.939116,11.69,11.74,11.78,11.93,11.94,12.33,12.15,2012-02-17,-
2025-08-08,2654,万润科技,文化传媒,11.74,11.78,11.58,11.59,11.58,19751542,229801047.2,2.3368,-1.78,1.69,否,1.21,-0.771,-0.086,-3.094,-4.294,否,845302544,845242544,9797056484.96,9796361084.96,198.853991,6.380693,1.904607,11.69,11.7,11.76,11.91,11.95,12.33,12.15,2012-02-17,-
2025-08-11,2654,万润科技,文化传媒,11.76,12.75,11.75,12.23,11.75,88239265,1078944899.99,10.4395,5.522,8.63,否,5.04,3.908,5.704,3.033,2.258,否,845302544,845242544,10338050113.12,10337316313.12,209.834712,6.733035,2.009779,11.81,11.74,11.77,11.9,11.96,12.32,12.16,2012-02-17,-
2025-08-12,2654,万润科技,文化传媒,12.26,12.46,12.16,12.42,12.16,73840382,910253300.18,8.736,1.554,2.45,否,2.25,5.254,6.885,5.076,0.567,否,845302544,845242544,10498657596.48,10497912396.48,213.094613,6.837637,2.041002,11.96,11.8,11.81,11.9,11.98,12.32,12.17,2012-02-17,-
2025-08-13,2654,万润科技,文化传媒,12.31,12.39,12.15,12.2,12.15,46020140,562779962.33,5.4446,-1.771,1.93,否,1.02,5.263,4.452,4.184,0.577,否,845302544,845242544,10312691036.8,10311959036.8,209.31999,6.716519,2.004849,12.05,11.85,11.83,11.9,11.97,12.32,12.18,2012-02-17,-
2025-08-14,2654,万润科技,文化传媒,12.18,12.3,11.89,12.0,11.89,48239087,583898136.39,5.7071,-1.639,3.36,否,0.94,-1.881,1.954,3.448,0.167,否,845302544,845242544,10143630528.0,10142910528.0,205.888515,6.606412,1.971983,12.09,11.89,11.83,11.88,11.96,12.32,12.19,2012-02-17,-
2025-08-15,2654,万润科技,文化传媒,11.93,12.09,11.93,12.02,11.93,31799823,382219804.35,3.7622,0.167,1.33,否,0.58,-3.221,1.864,3.889,0.083,否,845302544,845242544,10160536578.88,10159815378.88,206.231663,6.617423,1.975269,12.17,11.93,11.85,11.88,11.95,12.31,12.2,2012-02-17,-
2025-08-18,2654,万润科技,文化传媒,12.03,12.5,12.02,12.38,12.02,64777447,796449681.05,7.6638,2.995,3.99,否,1.12,1.475,6.816,6.54,3.512,否,845302544,845242544,10464845494.72,10464102694.72,212.408318,6.815615,2.034429,12.2,12.01,11.87,11.9,11.96,12.29,12.21,2012-02-17,-
2025-08-19,2654,万润科技,文化传媒,12.4,12.44,12.27,12.32,12.27,39822239,491480814.31,4.7113,-0.485,1.37,否,0.75,2.667,0.736,5.479,5.03,否,845302544,845242544,10414127342.08,10413388142.08,211.378876,6.782583,2.024569,12.18,12.07,11.9,11.89,11.96,12.28,12.22,2012-02-17,-
2025-08-20,2654,万润科技,文化传媒,12.32,12.5,12.21,12.49,12.21,40635327,503105836.95,4.8075,1.38,2.35,否,0.88,3.91,0.564,6.117,6.207,否,845302544,845242544,10557828774.56,10557079374.56,214.29563,6.876174,2.052505,12.24,12.15,11.94,11.91,11.97,12.26,12.24,2012-02-17,-
2025-08-21,2654,万润科技,文化传媒,12.53,12.87,12.36,12.65,12.36,81655062,1032585008.64,9.6605,1.281,4.08,否,1.81,2.181,3.689,7.203,6.751,否,845302544,845242544,10693077181.6,10692318181.6,217.04081,6.96426,2.078798,12.37,12.23,11.99,11.93,11.98,12.24,12.25,2012-02-17,-
2025-08-22,2654,万润科技,文化传媒,12.53,13.28,12.49,13.09,12.49,95139503,1239294401.35,11.2559,3.478,6.25,否,1.84,6.25,9.083,12.942,10.932,否,845302544,845242544,11065010300.96,11064224900.96,224.590055,7.206495,2.151105,12.59,12.38,12.04,11.96,11.99,12.23,12.27,2012-02-17,-
2025-08-25,2654,万润科技,文化传媒,13.15,13.3,12.88,13.12,12.88,83722987,1096435545.08,9.9052,0.229,3.21,否,1.3,5.044,9.151,7.277,10.904,否,845302544,845242544,11090369377.28,11089582177.28,225.104777,7.223011,2.156034,12.73,12.47,12.1,12.0,12.02,12.22,12.28,2012-02-17,-
2025-08-26,2654,万润科技,文化传媒,13.2,13.48,13.01,13.29,13.01,75964569,1004849061.68,8.9873,1.296,3.58,否,1.11,5.059,7.351,7.005,13.01,否,845302544,845242544,11234070809.76,11233273409.76,228.021531,7.316601,2.183971,12.93,12.56,12.18,12.06,12.04,12.21,12.3,2012-02-17,-
2025-08-27,2654,万润科技,文化传媒,13.58,13.64,12.81,12.82,12.81,83194791,1101268558.2,9.8427,-3.537,6.25,否,1.1,-2.063,4.058,5.082,9.949,否,845302544,845242544,10836778614.08,10836009414.08,219.957564,7.05785,2.106735,12.99,12.62,12.23,12.09,12.06,12.19,12.31,2012-02-17,-
2025-08-28,2654,万润科技,文化传媒,12.71,13.08,12.53,13.06,12.53,60689084,780499862.53,7.1801,1.872,4.29,否,0.72,-0.457,4.564,8.833,10.678,否,845302544,845242544,11039651224.64,11038867624.64,224.075334,7.189979,2.146175,13.08,12.72,12.31,12.13,12.08,12.18,12.33,2012-02-17,-
2025-08-29,2654,万润科技,文化传媒,12.98,12.98,12.67,12.72,12.67,40505365,517339354.05,4.7922,-2.603,2.37,否,0.51,-4.289,0.553,5.824,6.355,否,845302544,845242544,10752248359.68,10751485159.68,218.241826,7.002797,2.090302,13.0,12.79,12.36,12.16,12.09,12.16,12.34,2012-02-17,-
2025-09-01,2654,万润科技,文化传媒,13.08,13.99,13.08,13.99,13.08,109192525,1484441455.57,12.9185,9.984,7.15,否,1.59,9.126,6.875,13.005,17.86,是,845302544,845242544,11825782590.56,11824943190.56,239.13732,7.615811,2.181052,13.18,12.96,12.48,12.23,12.12,12.15,12.36,2012-02-17,-
2025-09-02,2654,万润科技,文化传媒,13.75,14.0,13.22,13.31,13.22,120138770,1622034381.59,14.2135,-4.861,5.58,否,1.63,1.914,1.448,8.036,12.606,否,845302544,845242544,11250976860.64,11250178260.64,227.513776,7.245636,2.075039,13.18,13.05,12.56,12.29,12.15,12.14,12.38,2012-02-17,-
2025-09-03,2654,万润科技,文化传媒,13.36,13.45,12.73,12.81,12.73,69524671,909753243.09,8.2254,-3.757,5.41,否,0.84,0.708,-3.612,2.562,9.394,否,845302544,845242544,10828325588.64,10827556988.64,218.967053,6.973448,1.997089,13.18,13.09,12.62,12.32,12.16,12.13,12.39,2012-02-17,-
2025-09-04,2654,万润科技,文化传媒,12.81,12.92,11.9,12.19,11.9,56385892,702208487.63,6.671,-4.84,7.96,否,0.7,-12.866,-4.914,-3.636,5.086,否,845302544,845242544,10304238011.36,10303506611.36,208.369116,6.635935,1.900431,13.0,13.04,12.64,12.34,12.16,12.11,12.4,2012-02-17,-
2025-09-05,2654,万润科技,文化传媒,12.26,13.41,12.1,13.05,12.1,93312810,1205029567.11,11.0398,7.055,10.75,否,1.18,-1.953,-0.077,-0.306,12.792,否,845302544,845242544,11031198199.2,11030415199.2,223.06948,7.104098,2.034505,13.07,13.04,12.71,12.37,12.19,12.1,12.42,2012-02-17,-
2025-09-08,2654,万润科技,文化传媒,12.93,13.67,12.75,13.33,12.75,84095633,1104266657.26,9.9493,2.146,7.05,否,0.94,4.059,4.796,1.601,14.716,否,845302544,845242544,11267882911.52,11267083111.52,227.855645,7.256523,2.078157,12.94,13.06,12.76,12.42,12.22,12.1,12.44,2012-02-17,-
2025-09-09,2654,万润科技,文化传媒,13.3,13.4,12.75,12.86,12.75,54460480,708190127.03,6.4432,-3.526,4.88,否,0.64,5.496,-8.077,-3.236,10.103,否,845302544,845242544,10870590715.84,10869819115.84,219.821725,7.000667,2.004884,12.85,13.01,12.79,12.46,12.24,12.08,12.45,2012-02-17,-
2025-09-10,2654,万润科技,文化传媒,12.92,13.28,12.78,13.02,12.78,46615926,607956344.7,5.5151,1.244,3.89,否,0.65,-0.23,-2.179,1.56,10.62,否,845302544,845242544,11005839122.88,11005057922.88,222.556677,7.087767,2.029828,12.89,13.03,12.83,12.5,12.26,12.07,12.46,2012-02-17,-
2025-09-11,2654,万润科技,文化传媒,13.0,13.35,12.78,13.25,12.78,57404490,753949062.5,6.7915,1.767,4.38,否,0.86,-0.6,3.435,1.455,12.288,否,845302544,845242544,11200258708.0,11199463708.0,226.488169,7.212973,2.065685,13.1,13.05,12.89,12.56,12.28,12.07,12.48,2012-02-17,-
2025-09-12,2654,万润科技,文化传媒,13.51,14.22,13.43,13.7,13.43,132437061,1828074154.97,15.6685,3.396,5.96,否,1.97,6.532,12.387,7.704,18.205,否,845302544,845242544,11580644852.8,11579822852.8,234.18022,7.457942,2.135841,13.23,13.15,12.97,12.63,12.31,12.07,12.5,2012-02-17,-
2025-09-15,2654,万润科技,文化传媒,14.01,14.66,13.67,14.24,13.67,135970644,1917095739.35,16.0866,3.942,7.23,否,1.81,9.37,9.119,1.787,16.435,否,845302544,845242544,12037108226.56,12036253826.56,243.410682,7.751905,2.220027,13.41,13.18,13.07,12.71,12.35,12.08,12.51,2012-02-17,-
2025-09-16,2654,万润科技,文化传媒,14.15,14.58,14.02,14.36,14.02,109629773,1576417325.44,12.9702,0.843,3.93,否,1.28,8.377,7.727,7.889,15.62,否,845302544,845242544,12138544531.84,12137682931.84,245.461895,7.81723,2.238735,13.71,13.28,13.17,12.8,12.39,12.1,12.53,2012-02-17,-
2025-09-17,2654,万润科技,文化传媒,14.3,14.55,13.98,14.06,13.98,85819194,1215102168.7,10.1532,-2.089,3.97,否,0.89,2.628,9.331,9.758,15.246,否,845302544,845242544,11884953768.64,11884110168.64,240.333861,7.653917,2.191965,13.92,13.41,13.25,12.88,12.41,12.11,12.55,2012-02-17,-
2025-09-18,2654,万润科技,文化传媒,14.06,14.45,13.55,13.71,13.55,91694438,1285178511.43,10.8483,-2.489,6.4,否,0.88,-3.722,5.3,12.469,14.25,否,845302544,845242544,11589097878.24,11588275278.24,234.351155,7.463386,2.1374,14.01,13.56,13.3,12.94,12.44,12.12,12.57,2012-02-17,-
2025-09-19,2654,万润科技,文化传媒,13.73,14.8,13.73,14.38,13.73,144418105,2083125529.2,17.086,4.887,7.8,否,1.3,0.139,8.528,10.192,19.634,否,845302544,845242544,12155450582.72,12154587782.72,245.803764,7.828117,2.241853,14.15,13.69,13.36,13.04,12.47,12.14,12.59,2012-02-17,-
2025-09-22,2654,万润科技,文化传媒,14.41,15.82,14.38,15.82,14.38,189482911,2920178575.59,22.4176,10.014,10.01,否,1.67,12.518,15.474,18.68,27.787,是,845302544,845242544,13372686246.08,13371737046.08,270.418328,8.612018,2.46635,14.47,13.94,13.5,13.16,12.53,12.17,12.62,2012-02-17,-
2025-09-23,2654,万润科技,文化传媒,15.07,15.41,14.38,14.88,14.38,181647507,2701356438.72,21.4906,-5.942,6.51,否,1.46,8.534,4.494,15.708,20.779,否,845302544,845242544,12578101854.72,12577209054.72,254.350488,8.100305,2.319804,14.57,14.14,13.58,13.24,12.57,12.19,12.64,2012-02-17,-
2025-09-24,2654,万润科技,文化传媒,15.12,15.78,14.83,15.57,14.83,156228240,2399546521.91,18.4832,4.637,6.38,否,1.13,8.275,8.426,19.585,24.66,否,845302544,845242544,13161360610.08,13160426410.08,266.144966,8.475924,2.427375,14.87,14.4,13.72,13.35,12.62,12.22,12.67,2012-02-17,-
2025-09-25,2654,万润科技,文化传媒,15.58,16.1,15.14,15.62,15.14,134701994,2091112516.95,15.9365,0.321,6.17,否,0.88,-1.264,11.095,17.887,23.478,否,845302544,845242544,13203625737.28,13202688537.28,266.999638,8.503143,2.43517,15.25,14.63,13.84,13.47,12.68,12.24,12.69,2012-02-17,-
2025-09-26,2654,万润科技,文化传媒,15.69,16.98,15.55,16.15,15.55,165286674,2692088548.25,19.5549,3.393,9.15,否,1.02,8.535,17.797,17.883,23.377,否,845302544,845242544,13651636085.6,13650667085.6,276.059165,8.791662,2.517798,15.61,14.88,14.02,13.61,12.74,12.28,12.72,2012-02-17,-
2025-09-29,2654,万润科技,文化传媒,16.3,16.77,15.7,15.75,15.7,145865673,2357203504.95,17.2573,-2.477,6.63,否,0.88,1.156,9.527,10.604,20.046,否,845302544,845242544,13313515068.0,13312570068.0,269.221786,8.573911,2.455437,15.59,15.03,14.1,13.72,12.81,12.32,12.75,2012-02-17,-
2025-09-30,2654,万润科技,文化传媒,16.05,16.3,15.75,15.97,15.75,127590913,2052360733.74,15.0952,1.397,3.49,否,0.81,2.241,0.948,11.212,20.166,否,845302544,845242544,13499481627.68,13498523427.68,272.982345,8.693674,2.489735,15.81,15.19,14.24,13.84,12.87,12.36,12.78,2012-02-17,-
2025-10-09,2654,万润科技,文化传媒,16.35,16.49,15.9,16.02,15.9,134441276,2176511969.22,15.9056,0.313,3.69,否,0.92,-0.805,7.661,13.94,24.961,否,845302544,845242544,13541746754.88,13540785554.88,273.837017,8.720893,2.497531,15.9,15.39,14.4,13.96,12.93,12.4,12.8,2012-02-17,-
2025-10-10,2654,万润科技,文化传媒,15.41,15.48,14.42,14.56,14.42,122160001,1800211929.66,14.4527,-9.114,6.62,否,0.86,-7.556,-6.487,6.2,11.485,否,845302544,845242544,12307605040.64,12306731440.64,248.880585,7.926105,2.269915,15.69,15.47,14.52,14.02,12.98,12.42,12.83,2012-02-17,-
2025-10-13,2654,万润科技,文化传媒,13.79,14.89,13.79,14.79,13.79,74393166,1080693428.87,8.8014,1.58,7.55,否,0.53,-7.389,-5.314,2.851,16.274,否,845302544,845242544,12502024625.76,12501137225.76,252.812077,8.051311,2.305773,15.42,15.51,14.6,14.08,13.02,12.45,12.85,2012-02-17,-
2025-10-14,2654,万润科技,文化传媒,14.95,15.55,14.38,14.47,14.38,76034597,1137668787.09,8.9956,-2.164,7.91,否,0.63,-9.675,-10.402,-8.534,3.431,否,845302544,845242544,12231527811.68,12230659611.68,247.342174,7.877111,2.255884,15.16,15.38,14.66,14.13,13.06,12.47,12.87,2012-02-17,-
2025-10-15,2654,万润科技,文化传媒,14.45,14.6,14.13,14.41,14.13,47318917,677090104.03,5.5983,-0.415,3.25,否,0.44,-1.03,-8.508,-3.159,8.264,否,845302544,845242544,12180809659.04,12179945059.04,246.316568,7.844448,2.24653,14.85,15.33,14.74,14.16,13.11,12.49,12.88,2012-02-17,-
2025-10-16,2654,万润科技,文化传媒,14.3,15.07,14.16,14.62,14.16,71507828,1055095917.28,8.46,1.457,6.32,否,0.79,-1.149,-8.453,-6.101,14.13,否,845302544,845242544,12358323193.28,12357445993.28,249.906191,7.958767,2.279269,14.57,15.24,14.82,14.22,13.16,12.52,12.89,2012-02-17,-
2025-10-17,2654,万润科技,文化传媒,14.47,16.08,14.25,15.67,14.25,158582311,2452806453.45,18.7618,7.182,12.52,否,2.03,8.293,-2.185,0.32,28.548,否,845302544,845242544,13245890864.48,13244950664.48,267.854311,8.530361,2.442965,14.79,15.24,14.94,14.31,13.22,12.55,12.91,2012-02-17,-
2025-10-20,2654,万润科技,文化传媒,15.99,17.24,15.86,17.24,15.86,134180978,2224574686.67,15.8748,10.019,8.81,否,1.57,19.639,18.407,6.749,32.107,是,845302544,845242544,14573015858.56,14571981458.56,294.691022,9.385031,2.687729,15.28,15.35,15.11,14.46,13.31,12.6,12.93,2012-02-17,-
2025-10-21,2654,万润科技,文化传媒,16.5,17.85,16.22,17.17,16.22,225997991,3838602402.34,26.7376,-0.406,9.45,否,2.32,17.442,16.092,9.016,28.807,否,845302544,845242544,14513844680.48,14512814480.48,293.494481,9.346924,2.676816,15.82,15.49,15.26,14.57,13.4,12.65,12.95,2012-02-17,-
2025-10-22,2654,万润科技,文化传媒,16.9,17.35,16.45,16.6,16.45,127232792,2136153999.15,15.0528,-3.32,5.24,否,1.0,5.935,14.72,3.945,29.082,否,845302544,845242544,14032022230.4,14031026230.4,283.751216,9.03663,2.587953,16.26,15.56,15.37,14.68,13.48,12.69,12.98,2012-02-17,-
2025-10-23,2654,万润科技,文化传媒,16.76,16.8,15.7,16.19,15.7,103114844,1653548427.3,12.1994,-2.47,6.63,否,0.72,-6.09,12.353,1.061,24.347,否,845302544,845242544,13685448187.36,13684476787.36,276.742903,8.813437,2.524034,16.57,15.57,15.48,14.79,13.56,12.73,13.0,2012-02-17,-
2025-10-24,2654,万润科技,文化传媒,16.69,16.93,16.13,16.76,16.13,125870300,2097180210.05,14.8916,3.521,4.94,否,0.84,-2.388,14.637,15.11,26.491,否,845302544,845242544,14167270637.44,14166265037.44,286.486168,9.12373,2.612897,16.79,15.79,15.63,14.94,13.64,12.78,13.02,2012-02-17,-
2025-10-27,2654,万润科技,文化传媒,17.0,17.15,16.15,16.6,16.15,118207702,1951892514.49,13.9851,-0.955,5.97,否,0.83,0.0,5.935,12.238,21.168,否,845302544,845242544,14032022230.4,14031026230.4,283.751216,9.03663,2.587953,16.66,15.97,15.74,15.06,13.72,12.82,13.05,2012-02-17,-
2025-10-28,2654,万润科技,文化传媒,16.1,17.65,15.84,16.98,15.84,157837250,2687075267.88,18.6736,2.289,10.9,否,1.13,4.88,-1.508,17.346,19.242,否,845302544,845242544,14353237197.12,14352218397.12,290.246726,9.243493,2.647195,16.63,16.22,15.8,15.18,13.8,12.87,13.07,2012-02-17,-
2025-10-29,2654,万润科技,文化传媒,16.73,17.46,16.53,16.84,16.53,99867932,1683566935.35,11.8153,-0.825,5.48,否,0.79,0.477,-1.922,16.863,17.27,否,845302544,845242544,14234894840.96,14233884440.96,287.853643,9.16728,2.625369,16.67,16.47,15.9,15.31,13.88,12.92,13.1,2012-02-17,-
2025-10-30,2654,万润科技,文化传媒,17.08,17.97,16.48,16.68,16.48,138650556,2378999360.74,16.4036,-0.95,8.85,否,1.15,0.482,0.482,14.09,18.634,否,845302544,845242544,14099646433.92,14098645633.92,285.118692,9.08018,2.600425,16.77,16.67,15.95,15.44,13.97,12.96,13.12,2012-02-17,-
2025-10-31,2654,万润科技,文化传媒,16.1,16.55,15.81,15.82,15.81,108745006,1745215132.48,12.8655,-5.156,4.44,否,0.85,-6.832,-2.285,0.957,15.39,否,845302544,845242544,13372686246.08,13371737046.08,233.76216,8.544752,2.414886,16.58,16.69,15.96,15.52,14.04,13.0,13.14,2012-02-17,-
2025-11-03,2654,万润科技,文化传媒,15.7,16.2,15.17,16.16,15.17,97904557,1532528010.08,11.583,2.149,6.51,否,0.79,-4.038,-3.58,-6.265,12.378,否,845302544,845242544,13660089111.04,13659119511.04,238.786125,8.728394,2.466786,16.5,16.58,15.97,15.6,14.11,13.03,13.16,2012-02-17,-
2025-11-04,2654,万润科技,文化传媒,16.12,16.32,15.71,15.9,15.71,56759535,902963789.56,6.7152,-1.609,3.77,否,0.47,-4.676,-4.217,-7.397,0.506,否,845302544,845242544,13440310449.6,13439356449.6,234.944269,8.587962,2.427098,16.28,16.45,15.97,15.66,14.19,13.07,13.17,2012-02-17,-
2025-11-05,2654,万润科技,文化传媒,15.39,15.59,15.1,15.39,15.1,61267587,941951816.16,7.2485,-3.208,3.08,否,0.61,-2.718,-9.364,-7.289,3.427,否,845302544,845242544,13009206152.16,13008282752.16,227.408321,8.312499,2.349247,15.99,16.33,15.94,15.69,14.25,13.1,13.18,2012-02-17,-
2025-11-06,2654,万润科技,文化传媒,16.01,16.34,15.45,15.83,15.45,80964093,1284635401.53,9.5788,2.859,5.78,否,0.87,-2.042,-5.998,-2.224,1.67,否,845302544,845242544,13381139271.52,13380189471.52,233.909923,8.550154,2.416412,15.82,16.3,15.93,15.75,14.32,13.13,13.18,2012-02-17,-
2025-11-07,2654,万润科技,文化传媒,15.56,16.08,15.36,15.6,15.36,70678100,1111629917.35,8.3619,-1.453,4.55,否,0.87,-1.887,-6.475,-6.921,-0.128,否,845302544,845242544,13186719686.4,13185783686.4,230.511359,8.425925,2.381303,15.78,16.18,15.99,15.81,14.38,13.16,13.18,2012-02-17,-
2025-11-10,2654,万润科技,文化传媒,15.9,17.16,15.83,17.16,15.83,156452933,2603683851.86,18.5098,10.0,8.53,否,2.13,11.501,8.47,3.373,6.254,是,845302544,845242544,14505391655.04,14504362055.04,253.562494,9.268518,2.619434,15.98,16.24,16.1,15.91,14.47,13.21,13.18,2012-02-17,-
2025-11-11,2654,万润科技,文化传媒,17.78,17.79,16.72,16.85,16.72,142008823,2439125679.61,16.801,-1.807,6.24,否,1.67,6.443,4.27,-0.766,6.984,否,845302544,845242544,14243347866.4,14242336866.4,248.98182,9.101079,2.572113,16.17,16.22,16.22,15.94,14.55,13.26,13.17,2012-02-17,-
2025-11-12,2654,万润科技,文化传媒,16.62,17.3,16.06,17.02,16.06,138723490,2330498262.82,16.4123,1.009,7.36,否,1.36,9.103,7.044,1.069,6.575,否,845302544,845242544,14387049298.88,14386028098.88,251.493803,9.1929,2.598063,16.49,16.24,16.35,16.01,14.63,13.3,13.16,2012-02-17,-
2025-11-13,2654,万润科技,文化传媒,17.02,17.57,16.78,17.17,16.78,129449228,2236211106.32,15.315,0.881,4.64,否,1.1,0.058,11.566,2.938,7.179,否,845302544,845242544,14513844680.48,14512814480.48,253.710258,9.273919,2.62096,16.76,16.29,16.48,16.07,14.71,13.34,13.17,2012-02-17,-
2025-11-14,2654,万润科技,文化传媒,16.65,16.76,15.5,15.51,15.5,135890206,2159401020.24,16.0771,-9.668,7.34,否,1.07,-7.953,-2.021,-1.96,6.525,否,845302544,845242544,13110642457.44,13109711857.44,229.181485,8.377314,2.367565,16.74,16.26,16.47,16.06,14.77,13.36,13.17,2012-02-17,-
2025-11-17,2654,万润科技,文化传媒,15.58,16.5,15.58,15.95,15.58,75339546,1203030363.2,8.9134,2.837,5.93,否,0.54,-6.287,2.244,-1.3,7.843,否,845302544,845242544,13482575576.8,13481618576.8,235.683088,8.614968,2.43473,16.5,16.24,16.41,16.06,14.83,13.39,13.17,2012-02-17,-
2025-11-18,2654,万润科技,文化传媒,15.77,15.97,15.27,15.3,15.27,59158683,916240433.51,6.999,-4.075,4.39,否,0.48,-10.891,-10.839,-3.774,5.736,否,845302544,845242544,12933128923.2,12932210923.2,226.078448,8.263888,2.335509,16.19,16.18,16.32,16.04,14.88,13.42,13.17,2012-02-17,-
2025-11-19,2654,万润科技,文化传媒,15.14,15.18,14.5,14.97,14.5,70162058,1038069456.79,8.3008,-2.157,4.44,否,0.65,-3.482,-11.157,-2.729,3.886,否,845302544,845242544,12654179083.68,12653280883.68,221.202246,8.085647,2.285135,15.78,16.14,16.23,16.01,14.92,13.44,13.17,2012-02-17,-
2025-11-20,2654,万润科技,文化传媒,15.2,15.37,14.4,14.42,14.4,51701067,758352540.28,6.1167,-3.674,6.48,否,0.55,-9.592,-15.276,-8.907,-1.368,否,845302544,845242544,12189262684.48,12188397484.48,213.075243,7.788579,2.201179,15.23,16.0,16.15,15.95,14.96,13.46,13.16,2012-02-17,-
2025-11-21,2654,万润科技,文化传媒,13.8,13.97,13.3,13.3,13.3,60174552,815182766.96,7.1192,-7.767,4.65,否,0.77,-13.072,-22.539,-14.744,-15.124,否,845302544,845242544,11242523835.2,11241725835.2,196.52571,7.183641,2.030214,14.79,15.77,15.97,15.91,14.97,13.47,13.15,2012-02-17,-
2025-11-24,2654,万润科技,文化传媒,13.46,13.67,13.23,13.56,13.23,34729875,467505999.1,4.1089,1.955,3.31,否,0.55,-9.419,-12.573,-20.979,-21.346,否,845302544,845242544,11462302496.64,11461488896.64,200.367566,7.324073,2.069902,14.31,15.41,15.82,15.87,14.98,13.49,13.15,2012-02-17,-
2025-11-25,2654,万润科技,文化传媒,13.81,13.95,13.7,13.7,13.7,36618811,506195701.21,4.3323,1.032,1.84,否,0.66,-4.993,-14.107,-18.694,-20.21,否,845302544,845242544,11580644852.8,11579822852.8,202.436257,7.399691,2.091273,13.99,15.09,15.66,15.85,14.99,13.5,13.14,2012-02-17,-
2025-11-26,2654,万润科技,文化传媒,13.6,13.73,13.46,13.51,13.46,31037106,421883787.64,3.672,-1.387,1.97,否,0.61,1.579,-11.699,-20.623,-18.614,否,845302544,845242544,11420037369.44,11419226769.44,199.628747,7.297067,2.06227,13.7,14.74,15.49,15.82,14.99,13.52,13.14,2012-02-17,-
2025-11-27,2654,万润科技,文化传媒,13.5,13.75,13.43,13.46,13.43,28901462,392676391.3,3.4193,-0.37,2.37,否,0.67,-0.737,-10.087,-21.607,-16.862,否,845302544,845242544,11377772242.24,11376964642.24,198.889929,7.270061,2.054637,13.51,14.37,15.33,15.78,15.0,13.53,13.14,2012-02-17,-
2025-11-28,2654,万润科技,文化传媒,13.35,13.83,13.3,13.78,13.3,35982419,489205857.09,4.2571,2.377,3.94,否,0.94,0.584,-4.438,-11.154,-17.78,否,845302544,845242544,11648269056.32,11647442256.32,203.618367,7.442901,2.103485,13.6,14.2,15.23,15.71,15.01,13.55,13.14,2012-02-17,-
2025-12-01,2654,万润科技,文化传媒,13.79,14.06,13.72,13.93,13.72,37317118,517607076.34,4.415,1.089,2.47,否,1.12,3.109,4.737,-12.665,-16.084,否,845302544,845242544,11775064437.92,11774228637.92,205.834822,7.523919,2.126382,13.68,13.99,15.12,15.6,15.03,13.56,13.14,2012-02-17,-
2025-12-02,2654,万润科技,文化传媒,13.93,13.93,13.72,13.77,13.72,22535868,311048021.17,2.6662,-1.149,1.51,否,0.66,2.303,1.549,-10.0,-18.905,否,845302544,845242544,11639816030.88,11638989830.88,203.470603,7.437499,2.101958,13.69,13.84,15.01,15.49,15.03,13.57,13.14,2012-02-17,-
2025-12-03,2654,万润科技,文化传媒,13.73,13.74,13.3,13.35,13.3,34370100,462208780.0,4.0663,-3.05,3.2,否,1.1,-3.12,-2.555,-10.822,-20.724,否,845302544,845242544,11284788962.4,11283987962.4,197.264528,7.210647,2.037846,13.66,13.68,14.91,15.38,15.03,13.59,13.13,2012-02-17,-
2025-12-04,2654,万润科技,文化传媒,13.22,13.87,12.97,13.85,12.97,51158369,689331618.94,6.0525,3.745,6.74,否,1.61,-0.574,2.517,-3.953,-16.966,否,845302544,845242544,11707440234.4,11706609234.4,204.652713,7.480709,2.11417,13.74,13.62,14.81,15.3,15.05,13.6,13.13,2012-02-17,-
2025-12-05,2654,万润科技,文化传媒,13.71,13.78,13.46,13.63,13.46,32502590,442518521.25,3.8454,-1.588,2.31,否,0.9,-1.017,1.263,2.481,-13.843,否,845302544,845242544,11521473674.72,11520655874.72,201.401911,7.361882,2.080588,13.71,13.65,14.71,15.2,15.07,13.62,13.13,2012-02-17,-
2025-12-08,2654,万润科技,文化传媒,13.68,14.12,13.68,13.99,13.68,45177457,629240821.8,5.3449,2.641,3.23,否,1.27,4.794,1.524,3.171,-13.428,否,845302544,845242544,11825782590.56,11824943190.56,206.721404,7.556326,2.135541,13.72,13.7,14.55,15.11,15.09,13.64,13.13,2012-02-17,-
2025-12-09,2654,万润科技,文化传媒,13.91,14.03,13.63,13.68,13.63,35390933,488389567.15,4.1871,-2.216,2.86,否,0.95,-1.227,-1.795,-0.146,-13.962,否,845302544,845242544,11563738801.92,11562918001.92,202.14073,7.388888,2.08822,13.7,13.7,14.39,15.0,15.09,13.66,13.12,2012-02-17,-
2025-12-10,2654,万润科技,文化传媒,13.6,13.64,13.43,13.62,13.43,22639732,305961386.97,2.6785,-0.439,1.54,否,0.57,-0.073,-1.089,0.814,-11.501,否,845302544,845242544,11513020649.28,11512203449.28,201.254148,7.356481,2.079061,13.75,13.71,14.22,14.9,15.1,13.67,13.11,2012-02-17,-
2025-12-11,2654,万润科技,文化传媒,13.72,13.76,13.33,13.35,13.33,23741971,319673838.6,2.8089,-1.982,3.16,否,0.64,-4.575,0.0,-0.817,-15.666,否,845302544,845242544,11284788962.4,11283987962.4,197.264528,7.210647,2.037846,13.65,13.7,14.03,14.78,15.11,13.68,13.11,2012-02-17,-
2025-12-12,2654,万润科技,文化传媒,13.33,13.55,13.26,13.51,13.26,22036928,296156743.02,2.6072,1.199,2.17,否,0.69,-1.243,-2.455,-1.959,-13.397,否,845302544,845242544,11420037369.44,11419226769.44,199.628747,7.297067,2.06227,13.63,13.67,13.93,14.71,15.11,13.7,13.1,2012-02-17,-
2025-12-15,2654,万润科技,文化传媒,13.27,13.31,13.03,13.07,13.03,26994107,355645285.14,3.1937,-3.257,2.07,否,0.91,-4.038,-4.109,-6.174,-23.834,否,845302544,845242544,11048104250.08,11047320050.08,193.127145,7.059413,1.995105,13.45,13.58,13.79,14.6,15.1,13.71,13.09,2012-02-17,-
2025-12-16,2654,万润科技,文化传媒,13.05,13.13,12.69,12.75,12.69,24594568,315469606.49,2.9098,-2.448,3.37,否,0.94,-4.494,-8.863,-7.407,-24.332,否,845302544,845242544,10777607436.0,10776842436.0,188.398707,6.886573,1.946258,13.26,13.48,13.66,14.5,15.08,13.71,13.07,2012-02-17,-
2025-12-17,2654,万润科技,文化传媒,12.75,13.02,12.62,12.95,12.62,20591172,264011479.12,2.4361,1.569,3.14,否,0.86,-4.145,-5.336,-2.996,-23.913,否,845302544,845242544,10946667944.8,10945890944.8,191.35398,6.994598,1.976787,13.13,13.44,13.56,14.42,15.06,13.72,13.06,2012-02-17,-
2025-12-18,2654,万润科技,文化传媒,13.03,14.25,13.03,13.93,13.03,111598406,1548634140.51,13.2031,7.568,9.42,否,4.73,6.58,2.276,0.578,-18.87,否,845302544,845242544,11775064437.92,11774228637.92,205.834822,7.523919,2.126382,13.24,13.45,13.53,14.35,15.05,13.73,13.06,2012-02-17,-
2025-12-19,2654,万润科技,文化传媒,14.15,14.29,13.85,14.14,13.85,84322870,1185617159.57,9.9762,1.508,3.16,否,2.05,10.902,5.918,3.742,-8.833,否,845302544,845242544,11952577972.16,11951729572.16,208.93786,7.637345,2.158438,13.37,13.5,13.58,14.31,15.06,13.75,13.06,2012-02-17,-
2025-12-22,2654,万润科技,文化传媒,14.1,14.7,14.1,14.41,14.1,64907005,938470730.37,7.6791,1.91,4.24,否,1.21,11.274,6.662,3.002,-9.655,否,845302544,845242544,12180809659.04,12179945059.04,212.927479,7.783178,2.199653,13.64,13.54,13.62,14.21,15.06,13.77,13.07,2012-02-17,-
2025-12-23,2654,万润科技,文化传媒,14.3,14.47,14.1,14.16,14.1,42661589,608233229.98,5.0473,-1.735,2.57,否,0.7,1.651,8.34,3.509,-7.451,否,845302544,845242544,11969484023.04,11968634423.04,209.233387,7.648147,2.161491,13.92,13.59,13.64,14.12,15.03,13.78,13.07,2012-02-17,-
2025-12-24,2654,万润科技,文化传媒,14.17,14.5,14.17,14.44,14.17,39427628,566720451.81,4.6647,1.977,2.33,否,0.61,2.122,13.255,6.021,-3.54,否,845302544,845242544,12206168735.36,12205302335.36,213.37077,7.799382,2.204232,14.22,13.67,13.69,14.04,15.03,13.8,13.07,2012-02-17,-
2025-12-25,2654,万润科技,文化传媒,14.46,14.74,14.3,14.43,14.3,42425624,614646460.1,5.0193,-0.069,3.05,否,0.62,0.139,11.429,8.09,0.069,否,845302544,845242544,12197715709.92,12196849909.92,213.223007,7.793981,2.202706,14.32,13.78,13.74,13.95,15.01,13.82,13.07,2012-02-17,-
2025-12-26,2654,万润科技,文化传媒,14.35,14.74,14.27,14.37,14.27,38166538,553453780.91,4.5155,-0.416,3.26,否,0.7,1.483,3.159,6.366,8.045,否,845302544,845242544,12146997557.28,12146135357.28,212.336424,7.761573,2.193547,14.36,13.87,13.77,13.91,14.99,13.83,13.07,2012-02-17,-
2025-12-29,2654,万润科技,文化传媒,14.39,14.6,14.17,14.25,14.17,28866504,414213273.64,3.4152,-0.835,2.99,否,0.63,-1.316,0.778,9.028,5.088,否,845302544,845242544,12045561252.0,12044706252.0,210.56326,7.696759,2.175229,14.33,13.98,13.78,13.85,14.95,13.85,13.08,2012-02-17,-
2025-12-30,2654,万润科技,文化传媒,14.2,14.5,14.18,14.27,14.18,28157501,404307914.79,3.3313,0.14,2.25,否,0.73,-1.109,-0.972,11.922,4.161,否,845302544,845242544,12062467302.88,12061611102.88,210.858788,7.707561,2.178282,14.35,14.14,13.81,13.82,14.93,13.87,13.08,2012-02-17,-
2025-12-31,2654,万润科技,文化传媒,14.6,14.68,14.06,14.07,14.06,41615800,592697883.0,4.92,-1.4,4.34,否,1.18,-2.088,-0.636,8.649,4.145,否,845302544,845242544,11893406794.08,11892562594.08,207.903514,7.599536,2.147753,14.28,14.25,13.84,13.79,14.9,13.88,13.09,2012-02-17,-
2026-01-05,2654,万润科技,文化传媒,14.34,14.6,14.28,14.56,14.28,49359000,714171729.0,5.84,3.48,2.27,否,1.38,2.175,0.831,4.523,8.172,否,845302544,845242544,12307605040.64,12306731440.64,215.143935,7.864197,2.22255,14.3,14.31,13.88,13.79,14.87,13.9,13.09,2012-02-17,-
2026-01-06,2654,万润科技,文化传媒,14.6,15.25,14.56,15.08,14.56,76084000,1141854089.0,9.0,3.57,4.74,否,2.04,5.676,4.505,6.648,9.434,否,845302544,845242544,12747162363.52,12746257563.52,222.827647,8.145061,2.301927,14.45,14.4,13.95,13.85,14.88,13.93,13.1,2012-02-17,-
2026-01-07,2654,万润科技,文化传媒,15.58,15.96,15.15,15.28,15.15,110946600,1714793169.0,13.13,1.33,5.37,否,2.48,8.6,6.333,6.037,9.691,否,845302544,845242544,12916222872.32,12915306072.32,225.78292,8.253086,2.332456,14.65,14.49,14.02,13.91,14.89,13.96,13.11,2012-02-17,-
2026-01-08,2654,万润科技,文化传媒,15.22,15.7,15.22,15.32,15.22,78924800,1219904335.0,9.34,0.26,3.14,否,1.29,5.22,7.509,8.192,11.256,否,845302544,845242544,12950034974.08,12949115774.08,226.373975,8.274691,2.338562,14.86,14.61,14.1,13.96,14.9,13.98,13.12,2012-02-17,-
2026-01-09,2654,万润科技,文化传媒,15.17,15.35,15.0,15.2,15.0,55410600,842330366.0,6.56,-0.78,2.28,否,0.78,0.796,6.517,5.263,13.858,否,845302544,845242544,12848598668.8,12847686668.8,224.600811,8.209876,2.320244,15.09,14.68,14.18,14.02,14.92,14.01,13.13,2012-02-17,-
2026-01-12,2654,万润科技,文化传媒,15.46,15.75,15.4,15.63,15.4,67151400,1047503944.0,7.94,2.83,2.3,否,0.91,2.291,11.087,8.316,12.852,否,845302544,845242544,13212078762.72,13211140962.72,230.95465,8.442129,2.385883,15.3,14.8,14.29,14.09,14.93,14.05,13.14,2012-02-17,-
2026-01-13,2654,万润科技,文化传媒,15.64,16.05,15.3,15.38,15.3,71977900,1128146136.0,8.52,-1.6,4.8,否,0.93,0.392,5.632,7.029,12.839,否,845302544,845242544,13000753126.72,12999830326.72,227.260557,8.307098,2.347721,15.36,14.9,14.38,14.15,14.93,14.08,13.15,2012-02-17,-
2026-01-14,2654,万润科技,文化传媒,15.61,15.71,14.92,15.25,14.92,68490400,1050276380.0,8.1,-0.85,5.14,否,0.89,0.329,1.127,7.018,9.006,否,845302544,845242544,12890863796.0,12889948796.0,225.339629,8.236882,2.327877,15.36,15.0,14.49,14.19,14.9,14.1,13.17,2012-02-17,-
2026-01-15,2654,万润科技,文化传媒,15.02,15.34,14.71,15.2,14.71,47120800,706829609.0,5.57,-0.33,4.13,否,0.69,-2.751,-0.524,6.517,11.111,否,845302544,845242544,12848598668.8,12847686668.8,224.600811,8.209876,2.320244,15.33,15.1,14.62,14.24,14.86,14.13,13.18,2012-02-17,-
2026-01-16,2654,万润科技,文化传媒,15.45,16.06,15.17,15.78,15.17,98016700,1532656770.0,11.6,3.82,5.86,否,1.58,2.601,3.003,12.154,15.859,否,845302544,845242544,13338874144.32,13337927344.32,233.171105,8.523147,2.40878,15.45,15.27,14.76,14.32,14.85,14.17,13.2,2012-02-17,-
2026-01-19,2654,万润科技,文化传媒,15.74,16.17,15.54,15.98,15.54,86460700,1373863555.0,10.23,1.27,3.99,否,1.23,4.787,5.132,9.753,19.7,否,845302544,845242544,13507934653.12,13506975853.12,236.126379,8.631172,2.43931,15.52,15.41,14.86,14.39,14.85,14.2,13.22,2012-02-17,-
2026-01-20,2654,万润科技,文化传媒,15.8,16.56,15.7,16.05,15.7,93200600,1495520791.0,11.03,0.44,5.38,否,1.25,5.592,2.687,6.432,18.801,否,845302544,845242544,13567105831.2,13566142831.2,237.160725,8.668981,2.449995,15.65,15.51,14.96,14.47,14.83,14.24,13.24,2012-02-17,-
2026-01-21,2654,万润科技,文化传媒,16.12,16.59,16.06,16.32,16.06,90886200,1483909088.0,10.75,1.68,3.3,否,1.16,3.422,6.112,6.806,24.866,否,845302544,845242544,13795337518.08,13794358318.08,241.150344,8.814814,2.49121,15.87,15.61,15.05,14.55,14.83,14.27,13.26,2012-02-17,-
2026-01-22,2654,万润科技,文化传媒,16.85,16.87,16.06,16.14,16.06,80623900,1314025282.0,9.54,-1.1,4.96,否,0.97,1.001,5.836,5.352,26.588,否,845302544,845242544,13643183060.16,13642214660.16,238.490598,8.717592,2.463733,16.05,15.69,15.15,14.63,14.82,14.31,13.28,2012-02-17,-
2026-01-23,2654,万润科技,文化传媒,15.98,16.43,15.85,16.15,15.85,62766600,1008933301.0,7.43,0.06,3.59,否,0.7,0.623,6.25,6.25,24.71,否,845302544,845242544,13651636085.6,13650667085.6,238.638362,8.722993,2.46526,16.13,15.79,15.24,14.71,14.8,14.34,13.3,2012-02-17,-
2026-01-26,2654,万润科技,文化传媒,16.38,16.66,15.55,15.8,15.55,62470200,997129146.0,7.39,-2.17,6.87,否,0.75,-3.186,0.127,1.088,13.424,否,845302544,845242544,13355780195.2,13354832195.2,233.466632,8.53395,2.411833,16.09,15.81,15.3,14.8,14.79,14.38,13.32,2012-02-17,-
2026-01-27,2654,万润科技,文化传媒,15.67,15.92,15.22,15.84,15.22,46875600,732762842.0,5.55,0.25,4.43,否,0.6,-1.859,-0.876,2.991,12.023,否,845302544,845242544,13389592296.96,13388641896.96,234.057687,8.555555,2.417939,16.05,15.85,15.38,14.87,14.79,14.41,13.33,2012-02-17,-
2026-01-28,2654,万润科技,文化传媒,15.98,16.06,15.53,15.62,15.53,42062600,662741848.0,4.98,-1.39,3.35,否,0.61,-3.282,-2.679,2.426,8.397,否,845302544,845242544,13203625737.28,13202688537.28,230.806886,8.436728,2.384356,15.91,15.89,15.45,14.96,14.78,14.45,13.35,2012-02-17,-
2026-01-29,2654,万润科技,文化传媒,15.71,16.23,15.34,15.41,15.34,61178800,965229583.0,7.24,-1.34,5.7,否,1.04,-2.468,-5.576,1.382,8.828,否,845302544,845242544,13026112203.04,13025187603.04,227.703848,8.323302,2.3523,15.76,15.91,15.5,15.05,14.77,14.48,13.36,2012-02-17,-
2026-01-30,2654,万润科技,文化传媒,15.26,16.14,15.08,15.97,15.08,80851100,1266018005.0,9.57,3.63,6.88,否,1.47,0.821,-1.053,1.204,10.596,否,845302544,845242544,13499481627.68,13498523427.68,235.978615,8.625771,2.437783,15.73,15.93,15.6,15.15,14.78,14.52,13.38,2012-02-17,-
2026-02-02,2654,万润科技,文化传媒,15.5,15.5,14.37,14.37,14.37,58264600,856742191.0,6.89,-10.02,7.08,否,0.99,-8.003,-11.022,-10.075,-0.416,否,845302544,845242544,12146997557.28,12146135357.28,212.336425,7.761573,2.193547,15.44,15.77,15.59,15.16,14.76,14.54,13.39,2012-02-17,-
2026-02-03,2654,万润科技,文化传媒,14.3,14.39,13.75,14.21,13.75,74010500,1043646543.0,8.76,-1.11,4.45,否,1.28,-7.787,-10.063,-11.464,-1.113,否,845302544,845242544,12011749150.24,12010896550.24,209.972205,7.675154,2.169123,15.12,15.58,15.55,15.16,14.74,14.56,13.4,2012-02-17,-
2026-02-04,2654,万润科技,文化传媒,14.07,14.15,13.74,13.94,13.74,45093500,628106112.0,5.33,-1.9,2.89,否,0.71,-12.711,-11.995,-14.583,-2.175,否,845302544,845242544,11783517463.36,11782681063.36,205.982586,7.52932,2.127908,14.78,15.35,15.48,15.15,14.68,14.58,13.41,2012-02-17,-
2026-02-05,2654,万润科技,文化传媒,13.71,14.18,13.57,13.9,13.57,55398700,768342230.0,6.55,-0.29,4.38,否,0.87,-3.271,-11.012,-13.879,-2.593,否,845302544,845242544,11749705361.6,11748871361.6,205.391531,7.507715,2.121802,14.48,15.12,15.41,15.14,14.63,14.59,13.42,2012-02-17,-
2026-02-06,2654,万润科技,文化传媒,13.72,13.95,13.6,13.75,13.6,27129200,374406019.0,3.21,-1.08,2.52,否,0.43,-3.237,-10.772,-14.861,-2.274,否,845302544,845242544,11622909980.0,11622084980.0,203.175076,7.426697,2.098905,14.03,14.88,15.33,15.12,14.58,14.6,13.43,2012-02-17,-
2026-02-09,2654,万润科技,文化传媒,13.98,14.02,13.81,14.0,13.81,29069200,404786458.0,3.44,1.82,1.53,否,0.56,0.43,-12.336,-11.392,-3.846,否,845302544,845242544,11834235616.0,11833395616.0,206.869168,7.561728,2.137067,13.96,14.7,15.25,15.1,14.53,14.62,13.43,2012-02-17,-
2026-02-10,2654,万润科技,文化传媒,13.93,14.47,13.88,14.07,13.88,35176700,497628944.0,4.16,0.5,4.21,否,0.76,1.223,-2.088,-11.174,-6.698,否,845302544,845242544,11893406794.08,11892562594.08,207.903514,7.599536,2.147753,13.93,14.52,15.19,15.09,14.5,14.63,13.44,2012-02-17,-
2026-02-11,2654,万润科技,文化传媒,14.03,14.26,13.96,13.98,13.96,23036700,324885533.0,2.73,-0.64,2.13,否,0.6,1.673,-1.619,-10.499,-8.508,否,845302544,845242544,11817329565.12,11816490765.12,206.573641,7.550925,2.134014,13.94,14.36,15.12,15.08,14.47,14.65,13.45,2012-02-17,-
2026-02-12,2654,万润科技,文化传媒,14.16,14.19,13.93,13.96,13.93,23180600,324443994.0,2.74,-0.14,1.86,否,0.68,-0.286,0.143,-9.409,-8.877,否,845302544,845242544,11800423514.24,11799585914.24,206.278113,7.540123,2.130961,13.95,14.22,15.06,15.07,14.45,14.66,13.45,2012-02-17,-
2026-02-13,2654,万润科技,文化传媒,14.02,14.98,13.95,14.37,13.95,63483400,917821015.0,7.51,2.94,7.38,否,2.31,2.132,3.381,-10.019,-5.461,否,845302544,845242544,12146997557.28,12146135357.28,212.336425,7.761573,2.193547,14.08,14.06,14.99,15.08,14.44,14.68,13.46,2012-02-17,-
2026-02-24,2654,万润科技,文化传媒,14.62,15.71,14.5,15.27,14.5,77531200,1181697436.0,9.17,6.26,8.42,否,2.23,9.227,11.055,6.263,-2.303,否,845302544,845242544,12907769846.88,12906853646.88,225.635157,8.247684,2.33093,14.33,14.15,14.96,15.11,14.45,14.7,13.47,2012-02-17,-
2026-02-25,2654,万润科技,文化传媒,15.16,15.66,15.12,15.52,15.12,52831100,814696758.0,6.25,1.64,3.54,否,1.19,11.175,10.857,9.219,0.91,否,845302544,845242544,13119095482.88,13118164282.88,229.329249,8.382715,2.369092,14.62,14.28,14.93,15.12,14.49,14.73,13.48,2012-02-17,-
2026-02-26,2654,万润科技,文化传媒,15.53,15.75,15.22,15.34,15.22,40242900,617423604.0,4.76,-1.16,3.41,否,0.84,6.75,9.026,10.043,0.59,否,845302544,845242544,12966941024.96,12966020624.96,226.669503,8.285493,2.341615,14.89,14.42,14.88,15.12,14.52,14.75,13.49,2012-02-17,-
2026-02-27,2654,万润科技,文化传媒,15.24,15.4,15.02,15.27,15.02,29172400,442817134.0,3.45,-0.46,2.48,否,0.57,0.0,9.227,9.856,0.461,否,845302544,845242544,12907769846.88,12906853646.88,225.635157,8.247684,2.33093,15.15,14.55,14.84,15.12,14.54,14.76,13.5,2012-02-17,-
2026-03-02,2654,万润科技,文化传媒,14.98,15.19,14.58,14.66,14.58,43320000,639770344.0,5.13,-3.99,3.99,否,0.82,-5.541,5.014,6.618,-7.098,否,845302544,845242544,12392135295.04,12391255695.04,216.621572,7.918209,2.237815,15.21,14.64,14.76,15.1,14.56,14.78,13.51,2012-02-17,-
2026-03-03,2654,万润科技,文化传媒,14.69,14.74,13.32,13.38,13.32,60488200,836512051.0,7.16,-8.73,9.69,否,1.24,-12.777,-6.889,-4.429,-16.27,否,845302544,845242544,11310148038.72,11309345238.72,197.707819,7.226851,2.042426,14.83,14.58,14.64,15.03,14.56,14.78,13.51,2012-02-17,-
2026-03-04,2654,万润科技,文化传媒,13.36,13.9,13.3,13.44,13.3,34812100,474163893.0,4.12,0.45,4.48,否,0.77,-11.984,-11.984,-4.478,-16.262,否,845302544,845242544,11360866191.36,11360059791.36,198.594401,7.259259,2.051584,14.42,14.52,14.52,14.96,14.56,14.78,13.52,2012-02-17,-
2026-03-05,2654,万润科技,文化传媒,13.82,14.28,13.82,14.02,13.82,46802900,659146302.0,5.54,4.32,3.42,否,1.12,-4.366,-9.665,0.286,-14.093,否,845302544,845242544,11851141666.88,11850300466.88,207.164695,7.57253,2.14012,14.15,14.52,14.44,14.92,14.56,14.79,13.52,2012-02-17,-
2026-03-06,2654,万润科技,文化传媒,13.93,15.3,13.8,14.76,13.8,70412900,1035407844.0,8.33,5.28,10.7,否,1.64,10.314,-3.781,5.731,-8.55,否,845302544,845242544,12476665549.44,12475779949.44,218.099208,7.972221,2.253079,14.05,14.6,14.41,14.91,14.57,14.8,13.52,2012-02-17,-
2026-03-09,2654,万润科技,文化传媒,14.29,14.79,14.1,14.73,14.1,49006300,704840200.0,5.8,-0.2,4.67,否,0.96,9.598,-3.536,2.505,-8.793,否,845302544,845242544,12451306473.12,12450422673.12,217.655917,7.956018,2.2485,14.07,14.64,14.35,14.87,14.6,14.81,13.53,2012-02-17,-
2026-03-10,2654,万润科技,文化传媒,14.95,15.35,14.83,15.18,14.83,43628300,660427502.0,5.16,3.05,3.53,否,0.83,8.274,3.547,-0.589,-3.924,否,845302544,845242544,12831692617.92,12830781817.92,224.305284,8.199073,2.317191,14.43,14.63,14.39,14.85,14.62,14.83,13.53,2012-02-17,-
2026-03-11,2654,万润科技,文化传媒,15.12,16.7,15.1,16.06,15.1,147324400,2368906714.0,17.43,5.8,10.54,否,3.01,8.808,20.03,3.479,1.389,否,845302544,845242544,13575558856.64,13574595256.64,237.308488,8.674382,2.451521,14.95,14.68,14.48,14.85,14.66,14.86,13.53,2012-02-17,-
2026-03-12,2654,万润科技,文化传媒,16.1,16.48,15.83,15.91,15.83,84246100,1356332442.0,9.97,-0.93,4.05,否,1.18,8.011,18.378,3.716,1.857,否,845302544,845242544,13448763475.04,13447808875.04,235.092033,8.593363,2.428624,15.33,14.74,14.58,14.83,14.69,14.89,13.54,2012-02-17,-
2026-03-13,2654,万润科技,文化传媒,15.92,16.03,15.41,15.44,15.41,50144500,784140464.0,5.93,-2.95,3.9,否,0.64,1.713,10.128,1.113,0.195,否,845302544,845242544,13051471279.36,13050544879.36,228.147139,8.339505,2.35688,15.46,14.76,14.66,14.81,14.72,14.91,13.54,2012-02-17,-
2026-03-16,2654,万润科技,文化传媒,15.41,16.35,15.39,16.09,15.39,65592600,1044428843.0,7.76,4.21,6.22,否,0.88,0.187,9.011,9.754,0.751,否,845302544,845242544,13600917932.96,13599952532.96,237.751779,8.690586,2.456101,15.74,14.9,14.77,14.81,14.76,14.93,13.55,2012-02-17,-
2026-03-17,2654,万润科技,文化传媒,16.11,16.21,15.5,15.53,15.5,43340100,684622785.0,5.13,-3.48,4.41,否,0.55,-2.388,5.431,16.069,8.072,否,845302544,845242544,13127548508.32,13126616708.32,229.477013,8.388116,2.370618,15.81,15.12,14.85,14.8,14.8,14.95,13.55,2012-02-17,-
2026-03-18,2654,万润科技,文化传媒,15.79,16.71,15.75,16.58,15.75,87496800,1421889077.0,10.35,6.76,6.18,否,1.12,7.383,9.223,23.363,16.678,否,845302544,845242544,14015116179.52,14014121379.52,244.9922,8.955246,2.530898,15.91,15.43,14.97,14.82,14.85,14.98,13.56,2012-02-17,-
2026-03-19,2654,万润科技,文化传媒,16.06,16.16,15.74,15.84,15.74,59333600,946643737.0,7.02,-4.46,2.53,否,0.9,-1.554,-1.37,12.981,13.63,否,845302544,845242544,13389592296.96,13388641896.96,234.057687,8.555555,2.417939,15.9,15.61,15.07,14.83,14.9,15.0,13.56,2012-02-17,-
2026-03-20,2654,万润科技,文化传媒,15.92,16.01,14.89,14.94,14.89,57878100,890772039.0,6.85,-5.68,7.07,否,0.95,-3.799,-6.097,1.22,7.482,否,845302544,845242544,12628820007.36,12627923607.36,220.758955,8.069444,2.280556,15.8,15.63,15.12,14.82,14.93,15.01,13.56,2012-02-17,-
2026-03-23,2654,万润科技,文化传媒,14.51,14.78,13.54,13.69,13.54,60076400,847290496.0,7.11,-8.37,8.3,否,0.96,-17.431,-11.334,-7.06,-0.436,否,845302544,845242544,11572191827.36,11571370427.36,202.288493,7.394289,2.089746,15.32,15.53,15.08,14.74,14.94,15.0,13.56,2012-02-17,-
2026-03-24,2654,万润科技,文化传媒,14.0,15.06,13.06,14.85,13.06,103725600,1464078375.0,12.27,8.47,14.61,否,1.68,-6.25,-7.707,-2.174,6.071,否,845302544,845242544,12552742778.4,12551851778.4,219.429082,8.020833,2.266818,15.18,15.49,15.06,14.76,14.96,15.01,13.56,2012-02-17,-
2026-03-25,2654,万润科技,文化传媒,15.1,15.35,14.65,14.85,14.65,72835600,1091964191.0,8.62,0.0,4.71,否,0.99,-0.602,-4.379,-7.534,5.544,否,845302544,845242544,12552742778.4,12551851778.4,219.429082,8.020833,2.266818,14.83,15.37,15.03,14.78,14.97,15.02,13.56,2012-02-17,-
2026-03-26,2654,万润科技,文化传媒,14.66,14.72,14.24,14.3,14.24,42881900,617781733.0,5.07,-3.7,3.23,否,0.61,4.456,-13.752,-10.119,2.289,否,845302544,845242544,12087826379.2,12086968379.2,211.302079,7.723765,2.182861,14.53,15.21,14.98,14.79,14.97,15.02,13.56,2012-02-17,-
2026-03-27,2654,万润科技,文化传媒,13.92,14.72,13.68,14.45,13.68,52713700,749942583.0,6.24,1.05,7.27,否,0.78,-2.694,-8.775,-6.412,3.51,否,845302544,845242544,12214621760.8,12213754760.8,213.518534,7.804783,2.205759,14.43,15.11,14.94,14.81,14.97,15.0,13.56,2012-02-17,-
2026-03-30,2654,万润科技,文化传媒,14.01,14.55,13.97,14.37,13.97,32715600,466616620.0,3.87,-0.55,4.01,否,0.49,-3.232,-3.815,-10.69,0.0,否,845302544,845242544,12146997557.28,12146135357.28,212.336425,7.761573,2.193547,14.56,14.94,14.92,14.83,14.97,15.0,13.56,2012-02-17,-
2026-03-31,2654,万润科技,文化传媒,14.36,14.36,13.39,13.47,13.39,63341100,867580717.0,7.49,-6.26,6.75,否,1.04,-5.804,-1.607,-13.265,-11.788,否,845302544,845242544,11386225267.68,11385417067.68,199.037692,7.275462,2.056164,14.29,14.73,14.93,14.81,14.96,14.98,13.56,2012-02-17,-
2026-04-01,2654,万润科技,文化传媒,14.03,14.2,13.58,13.71,13.58,42083300,581309957.0,4.98,1.78,4.6,否,0.8,-5.121,-7.677,-17.31,-11.662,否,845302544,845242544,11589097878.24,11588275278.24,202.584021,7.405092,2.092799,14.06,14.45,14.94,14.8,14.95,14.97,13.56,2012-02-17,-
2026-04-02,2654,万润科技,文化传媒,13.87,13.87,12.88,12.95,12.88,49363800,651642636.0,5.84,-5.54,7.22,否,1.06,-9.882,-12.795,-18.245,-15.58,否,845302544,845242544,10946667944.8,10945890944.8,191.35398,6.994598,1.976787,13.79,14.16,14.89,14.76,14.92,14.94,13.56,2012-02-17,-
2026-04-03,2654,万润科技,文化传媒,13.1,13.17,12.41,12.42,12.41,36630800,462887665.0,4.33,-4.09,5.87,否,0.76,-7.795,-13.147,-16.867,-18.664,否,845302544,845242544,10498657596.48,10497912396.48,183.522505,6.708333,1.895884,13.38,13.91,14.77,14.71,14.89,14.91,13.56,2012-02-17,-
2026-04-07,2654,万润科技,文化传媒,12.61,12.99,12.53,12.9,12.53,34068500,436092710.0,4.03,3.86,3.7,否,0.76,-5.908,-10.727,-5.771,-12.005,否,845302544,845242544,10904402817.6,10903628817.6,190.615162,6.967592,1.969155,13.09,13.83,14.68,14.66,14.87,14.89,13.56,2012-02-17,-
2026-04-08,2654,万润科技,文化传媒,13.31,13.69,13.2,13.66,13.2,44060100,592278691.0,5.21,5.89,3.8,否,0.98,5.483,-4.941,-8.013,2.093,否,845302544,845242544,11546832751.04,11546013151.04,201.845202,7.378086,2.085167,13.13,13.71,14.6,14.61,14.86,14.87,13.57,2012-02-17,-
2026-04-09,2654,万润科技,文化传媒,13.41,14.16,13.4,13.92,13.4,51364500,711123614.0,6.08,1.9,5.56,否,1.25,12.077,3.341,-6.263,3.571,否,845302544,845242544,11766611412.48,11765776212.48,205.687058,7.518518,2.124855,13.17,13.62,14.49,14.56,14.84,14.86,13.57,2012-02-17,-
2026-04-10,2654,万润科技,文化传媒,14.18,14.49,14.05,14.05,14.05,49460800,704194432.0,5.85,0.93,3.16,否,1.15,8.915,2.48,-1.748,0.214,否,845302544,845242544,11876500743.2,11875657743.2,207.607986,7.588734,2.1447,13.39,13.59,14.4,14.51,14.82,14.85,13.58,2012-02-17,-
2026-04-13,2654,万润科技,文化传媒,13.89,14.51,13.86,14.21,14.21,35271400,501206594.0,4.1729,,,否,,,,,,否,845302544,845242544,12011749150.24,12010896550.24,,,,13.748,13.566,14.339000000000002,14.478666666666667,14.8005,14.852583333333332,13.586,2012-02-17,-
2026-04-14,2654,万润科技,文化传媒,14.39,14.79,14.22,14.52,14.52,57695600,837740112.0,6.8259,,,否,,,,,,否,845302544,845242544,12273792938.88,12272921738.88,,,,14.072,13.581,14.2605,14.474,14.789166666666665,14.8535,13.59504,2012-02-17,-
2026-04-15,2654,万润科技,文化传媒,14.46,15.41,14.31,14.69,14.69,85286400,1252857216.0,10.0902,,,否,,,,,,否,845302544,845242544,12417494371.36,12416612971.36,,,,14.278,13.703,14.2185,14.517666666666663,14.7735,14.854083333333334,13.6026,2012-02-17,-
2026-04-16,2654,万润科技,文化传媒,14.66,15.14,14.4,14.94,14.94,42384500,633224430.0,5.0145,,,否,,,,,,否,845302544,845242544,12628820007.36,12627923607.36,,,,14.482,13.826,14.136499999999998,14.567666666666666,14.766166666666663,14.848,13.61104,2012-02-17,-
2026-04-17,2654,万润科技,文化传媒,14.8,15.52,14.75,15.3,15.3,51990300,795451590.0,6.1509,,,否,,,,,,否,845302544,845242544,12933128923.2,12932210923.2,,,,14.732,14.060999999999998,14.1095,14.610333333333331,14.767,14.831833333333332,13.62604,2012-02-17,-
2026-04-20,2654,万润科技,文化传媒,15.15,16.15,15.12,15.94,15.94,74268600,1183841484.0,8.7867,,,否,,,,,,否,845302544,845242544,13474122551.36,13473166151.36,,,,15.078,14.413,14.1595,14.649666666666668,14.779333333333334,14.821583333333336,13.64664,2012-02-17,-
2026-04-21,2654,万润科技,文化传媒,15.83,15.94,15.38,15.51,15.51,46366500,719144415.0,5.4856,,,否,,,,,,否,845302544,845242544,13110642457.44,13109711857.44,,,,15.276,14.674,14.2505,14.675666666666666,14.774833333333332,14.8125,13.664640000000002,2012-02-17,-
2026-04-22,2654,万润科技,文化传媒,15.4,15.55,15.15,15.42,15.42,35191500,542652930.0,4.1635,,,否,,,,,,否,845302544,845242544,13034565228.48,13033640028.48,,,,15.422,14.85,14.279,14.683666666666666,14.7655,14.806083333333332,13.68108,2012-02-17,-
2026-04-23,2654,万润科技,文化传媒,15.56,15.66,14.7,14.74,14.74,43895400,647018196.0,5.1932,,,否,,,,,,否,845302544,845242544,12459759498.56,12458875098.56,,,,15.382,14.932,14.273500000000002,14.639666666666669,14.743666666666666,14.78925,13.69316,2012-02-17,-
2026-04-24,2654,万润科技,文化传媒,14.6,14.88,14.24,14.41,14.41,34482100,496887061.0,4.0796,,,否,,,,,,否,845302544,845242544,12180809659.04,12179945059.04,,,,15.204,14.968,14.279,14.589666666666666,14.711833333333336,14.771,13.70316,2012-02-17,-
2026-04-27,2654,万润科技,文化传媒,14.4,14.58,14.12,14.16,14.16,36187000,512407920.0,4.2813,,,否,,,,,,否,845302544,845242544,11969484023.04,11968634423.04,,,,14.848,14.963,14.264500000000002,14.547,14.678833333333332,14.7475,13.7126,2012-02-17,-
2026-04-28,2654,万润科技,文化传媒,14.2,14.35,13.94,14.08,14.08,33017600,464887808.0,3.9063,,,否,,,,,,否,845302544,845242544,11901859819.52,11901015019.52,,,,14.562,14.919,14.25,14.48,14.644333333333332,14.7245,13.72276,2012-02-17,-
2026-04-29,2654,万润科技,文化传媒,13.38,13.85,13.26,13.74,13.74,54034400,742432656.0,6.3928,,,否,,,,,,否,845302544,845242544,11614456954.56,11613632554.56,,,,14.226,14.823999999999998,14.2635,14.420333333333334,14.61,14.7,13.7318,2012-02-17,-
2026-04-30,2654,万润科技,文化传媒,13.83,14.94,13.47,14.52,14.52,74116700,1076174484.0,8.7687,,,否,,,,,,否,845302544,845242544,12273792938.88,12272921738.88,,,,14.182,14.782,14.303999999999998,14.351666666666668,14.588,14.689166666666669,13.74424,2012-02-17,-
2026-05-06,2654,万润科技,文化传媒,14.9,15.38,14.8,15.07,15.07,73667700,1110172239.0,8.7156,,,否,,,,,,否,845302544,845242544,12738709338.08,12737805138.08,,,,14.314000000000002,14.759,14.41,14.326,14.578833333333332,14.680083333333332,13.7584,2012-02-17,-
2026-05-07,2654,万润科技,文化传媒,15.06,15.25,14.93,15.08,15.08,48235800,727395864.0,5.7067,,,否,,,,,,否,845302544,845242544,12747162363.52,12746257563.52,,,,14.498,14.672999999999998,14.543,14.330666666666668,14.573333333333332,14.67325,13.77264,2012-02-17,-
2026-05-08,2654,万润科技,文化传媒,14.88,15.15,14.75,14.96,14.96,34487500,515933000.0,4.0802,,,否,,,,,,否,845302544,845242544,12645726058.24,12644828458.24,,,,14.674,14.618,14.646,14.373,14.5565,14.669666666666666,13.78584,2012-02-17,-
2026-05-11,2654,万润科技,文化传媒,15.25,15.67,15.22,15.36,15.36,59585400,915231744.0,7.0495,,,否,,,,,,否,845302544,845242544,12983847075.84,12982925475.84,,,,14.998,14.612,14.731,14.390000000000002,14.573,14.66575,13.80172,2012-02-17,-
2026-05-12,2654,万润科技,文化传媒,15.33,15.78,14.87,15.44,15.44,91539100,1413363704.0,10.8299,,,否,,,,,,否,845302544,845242544,13051471279.36,13050544879.36,,,,15.182,14.682,14.807,14.409666666666668,14.5935,14.664416666666666,13.81896,2012-02-17,-
2026-05-13,2654,万润科技,文化传媒,15.2,16.98,15.08,16.98,16.98,117899900,2001940302.0,13.9486,,,否,,,,,,否,845302544,845242544,14353237197.12,14352218397.12,,,,15.563999999999998,14.938999999999998,14.953500000000002,14.499,14.644166666666669,14.662916666666666,13.84312,2012-02-17,-
2026-05-14,2654,万润科技,文化传媒,17.1,17.19,16.48,16.56,16.56,128452100,2127166776.0,15.1971,,,否,,,,,,否,845302544,845242544,13998210128.64,13997216528.64,,,,15.86,15.178999999999998,15.070999999999998,14.569333333333333,14.6885,14.6605,13.86512,2012-02-17,-
2026-05-15,2654,万润科技,文化传媒,16.72,17.2,16.3,16.57,16.57,103557800,1715952746.0,12.2518,,,否,,,,,,否,845302544,845242544,14006663154.08,14005668954.08,,,,16.182,15.428,15.1735,14.642666666666663,14.7355,14.65675,13.88628,2012-02-17,-
2026-05-18,2654,万润科技,文化传媒,16.72,18.23,16.66,18.23,18.23,106391400,1939515222.0,12.5871,,,否,,,,,,否,845302544,845242544,15409865377.12,15408771577.12,,,,16.756,15.877,15.3505,14.801333333333332,14.806,14.665583333333334,13.9124,2012-02-17,-
2026-05-19,2654,万润科技,文化传媒,17.43,17.76,16.81,17.53,17.53,145731800,2554678454.0,17.2414,,,否,,,,,,否,845302544,845242544,14818153596.32,14817101796.32,,,,17.174,16.178,15.48,14.928666666666668,14.863666666666663,14.682416666666668,13.9356,2012-02-17,-
2026-05-20,2654,万润科技,文化传媒,19.2,19.28,18.02,19.28,19.28,254852000,4913546560.0,30.1513,,,否,,,,,,否,845302544,845242544,16297433048.32,16296276248.32,,,,17.634000000000004,16.599,15.678999999999998,15.139666666666669,14.952,14.710166666666668,13.96472,2012-02-17,-
2026-05-21,2654,万润科技,文化传媒,19.8,20.1,18.01,18.1,18.1,218032600,3946390060.0,25.7953,,,否,,,,,,否,845302544,845242544,15299976046.4,15298890046.4,,,,17.942,16.901,15.787,15.329,15.021,14.7335,13.99052,2012-02-17,-
2026-05-22,2654,万润科技,文化传媒,18.15,18.46,17.49,17.75,17.75,136409900,2421275725.0,16.1386,,,否,,,,,,否,845302544,845242544,15004120156.0,15003055156.0,,,,18.178,17.18,15.899,15.490666666666668,15.077333333333334,14.756666666666668,14.01424,2012-02-17,-
2026-05-25,2654,万润科技,文化传媒,17.75,17.95,17.05,17.58,17.58,109119200,1918315536.0,12.9098,,,否,,,,,,否,845302544,845242544,14860418723.52,14859363923.52,,,,18.048,17.402,16.006999999999998,15.621333333333332,15.115833333333336,14.783,14.037720000000002,2012-02-17,-
2026-05-26,2654,万润科技,文化传媒,17.92,18.16,16.5,16.8,16.8,104816300,1760913840.0,12.4007,,,否,,,,,,否,845302544,845242544,14201082739.2,14200074739.2,,,,17.902,17.538,16.11,15.717333333333334,15.137166666666667,14.812166666666666,14.058,2012-02-17,-
2026-05-27,2654,万润科技,文化传媒,17.23,17.78,16.3,16.42,16.42,96587400,1585965108.0,11.4272,,,否,,,,,,否,845302544,845242544,13879867772.48,13878882572.48,,,,17.33,17.482,16.210500000000003,15.796333333333337,15.155166666666668,14.836000000000002,14.07828,2012-02-17,-
2026-05-28,2654,万润科技,文化传媒,16.49,16.94,16.09,16.58,16.58,73241900,1214350702.0,8.6652,,,否,,,,,,否,845302544,845242544,14015116179.52,14014121379.52,,,,17.026,17.484,16.3315,15.875333333333334,15.177,14.86,14.09932,2012-02-17,-
2026-05-29,2654,万润科技,文化传媒,16.68,16.74,15.21,15.31,15.31,79940000,1223881400.0,9.4576,,,否,,,,,,否,845302544,845242544,12941581948.64,12940663348.64,,,,16.538,17.357999999999997,16.393,15.901666666666667,15.187833333333334,14.875,14.11392,2012-02-17,-
2026-06-01,2654,万润科技,文化传媒,15.32,15.78,15.08,15.15,15.15,50577900,766255185.0,5.9838,,,否,,,,,,否,845302544,845242544,12806333541.6,12805424541.6,,,,16.052,17.05,16.4635,15.917,15.217333333333332,14.889083333333334,14.1232,2012-02-17,-
2026-06-02,2654,万润科技,文化传媒,15.14,15.28,14.5,14.88,14.88,51353000,764132640.0,6.0755,,,否,,,,,,否,845302544,845242544,12578101854.72,12577209054.72,,,,15.668,16.785,16.4815,15.915,15.241333333333332,14.89825,14.133120000000002,2012-02-17,-
2026-06-03,2654,万润科技,文化传媒,14.88,15.8,14.77,15.27,15.27,62000200,946743054.0,7.3352,,,否,,,,,,否,845302544,845242544,12907769846.88,12906853646.88,,,,15.438,16.384,16.491500000000002,15.914,15.262166666666667,14.909416666666663,14.14496,2012-02-17,-
2026-06-04,2654,万润科技,文化传媒,15.0,15.95,14.91,15.77,15.77,61442700,968951379.0,7.2692,,,否,,,,,,否,845302544,845242544,13330421118.88,13329474918.88,,,,15.276000000000002,16.151000000000003,16.526,15.908333333333331,15.279,14.926083333333334,14.16044,2012-02-17,-
2026-06-05,2654,万润科技,文化传媒,15.4,15.71,14.85,15.09,15.09,59912200,904075098.0,7.0882,,,否,,,,,,否,845302544,845242544,12755615388.96,12754709988.96,,,,15.232,15.885,16.5325,15.894333333333332,15.285,14.940583333333334,14.17156,2012-02-17,-
2026-06-08,2654,万润科技,文化传媒,14.34,14.91,14.07,14.21,14.21,48364300,687256703.0,5.7219,,,否,,,,,,否,845302544,845242544,12011749150.24,12010896550.24,,,,15.044,15.547999999999998,16.475,15.854,15.268833333333331,14.943583333333333,14.17996,2012-02-17,-
2026-06-09,2654,万润科技,文化传媒,14.58,14.87,14.23,14.87,14.87,41202700,612684149.0,4.8747,,,否,,,,,,否,845302544,845242544,12569648829.28,12568756629.28,,,,15.042000000000002,15.355,16.4465,15.858333333333333,15.249,14.953916666666666,14.19132,2012-02-17,-
2026-06-10,2654,万润科技,文化传媒,14.61,14.99,14.42,14.69,14.69,38012100,558397749.0,4.4972,,,否,,,,,,否,845302544,845242544,12417494371.36,12416612971.36,,,,14.925999999999998,15.182,16.332,15.867666666666668,15.228666666666667,14.95975,14.20148,2012-02-17,-
2026-06-11,2654,万润科技,文化传媒,14.58,16.16,14.18,16.16,16.16,100836300,1629514608.0,11.9299,,,否,,,,,,否,845302544,845242544,13660089111.04,13659119511.04,,,,15.004,15.14,16.312,15.934333333333331,15.240666666666666,14.980416666666668,14.21936,2012-02-17,-
2026-06-12,2654,万润科技,文化传媒,17.38,17.76,16.16,16.19,16.19,144474400,2339040536.0,17.0927,,,否,,,,,,否,845302544,845242544,13685448187.36,13684476787.36,,,,15.224,15.228,16.293,16.004666666666665,15.242333333333333,15.001833333333332,14.23708,2012-02-17,-
2026-06-15,2654,万润科技,文化传媒,16.53,16.7,15.94,16.62,16.62,90564600,1505183652.0,10.7146,,,否,,,,,,否,845302544,845242544,14048928281.28,14047931081.28,,,,15.706,15.375,16.2125,16.100666666666665,15.2605,15.029083333333334,14.25656,2012-02-17,-
2026-06-16,2654,万润科技,文化传媒,16.74,17.13,16.57,16.88,16.88,66667500,1125347400.0,7.8874,,,否,,,,,,否,845302544,845242544,14268706942.72,14267694142.72,,,,16.108,15.575,16.18,16.179333333333332,15.2655,15.057166666666664,14.27632,2012-02-17,-
2026-06-17,2654,万润科技,文化传媒,16.8,17.27,16.66,17.06,16.88,76217816,1300275940.96,9.0173,,,否,,,,,,否,845302544,845242544,14420861400.64,14419837800.64,,,,16.58,15.75,16.07,16.25,15.29,15.09,14.3,2012-02-17,-
2026-06-18,2654,万润科技,文化传媒,16.89,17.63,16.68,17.27,17.06,74773100,1291331437.0,8.8463,,,否,,,,,,否,845302544,845242544,14598374934.88,14597338734.88,,,,16.8,15.9,16.03,16.32,15.32,15.13,14.32,2012-02-17,-
2026-06-22,2654,万润科技,文化传媒,17.34,18.5,17.23,18.3,18.17,107751994,1971861490.2,12.7481,,,否,,,,,,否,845302544,845242544,15469036555.2,15467938555.2,,,,17.54,16.62,16.08,16.52,15.46,15.21,14.37,2012-02-17,-
2026-06-23,2654,万润科技,文化传媒,18.15,18.68,17.55,18.17,18.3,78564373,1427514657.41,9.2949,,,否,,,,,,否,845302544,845242544,15359147224.48,15358057024.48,,,,17.54,16.62,16.08,16.52,15.46,15.21,14.37,2012-02-17,-
2026-06-24,2654,万润科技,文化传媒,17.85,19.15,17.85,18.84,18.17,84407719,1590241425.96,9.9862,,,否,,,,,,否,845302544,845242544,15925499928.96,15924369528.96,,,,17.93,17.02,16.19,16.64,15.52,15.25,14.39,2012-02-17,-
2026-06-25,2654,万润科技,文化传媒,19.24,20.72,19.03,20.72,18.84,103985596,2154581549.12,12.3025,,,否,,,,,,否,845302544,845242544,17514668711.68,17513425511.68,,,,18.66,17.62,16.4,16.76,15.63,15.3,14.43,2012-02-17,-
2026-06-26,2654,万润科技,文化传媒,21.3,21.94,20.16,20.22,20.72,128182200,2591844084.0,15.1651,,,否,,,,,,否,845302544,845242544,17092017439.68,17090804239.68,,,,19.25,18.03,16.58,16.88,15.73,15.35,14.47,2012-02-17,-
2026-06-29,2654,万润科技,文化传媒,20.93,21.27,19.38,20.24,20.22,99536500,2014618760.0,11.7761,,,否,,,,,,否,845302544,845242544,17108923490.56,17107709090.56,,,,19.64,18.43,16.83,17.01,15.82,15.4,14.5,2012-02-17,-
2026-06-30,2654,万润科技,文化传媒,22.1,22.48,20.05,20.48,20.48,123074200,2520559616.0,14.5608,,,否,,,,,,否,845302544,845242544,17311796101.12,17310567301.12,,,,20.43,19.18,17.38,17.18,16.05,15.5,14.57,2012-02-17,-
2026-07-01,002654,万润科技,文化传媒,22.1,22.48,20.05,20.48,20.48,123074200,2520559616.00,14.5608,,,否,,,,,,否,845302544,845242544,17311796101.12,17310567301.12,,,,20.43,19.18,17.38,17.18,16.05,15.50,14.57,2012-02-17,-
2026-07-02,002654,万润科技,文化传媒,19.42,20.11,18.78,19.0,20.48,92896900,1765041100.00,10.9906,,,否,,,,,,否,845302544,845242544,16060748336.00,16059608336.00,,,,20.08,19.37,17.56,17.17,16.15,15.54,14.60,2012-02-17,-
2026-07-03,002654,万润科技,文化传媒,18.82,20.17,18.27,19.01,19.0,81478400,1548904384.00,9.6396,,,否,,,,,,否,845302544,845242544,16069201361.44,16068060761.44,,,,19.84,19.55,17.73,17.20,16.26,15.58,14.63,2012-02-17,-
2026-07-06,002654,万润科技,文化传媒,19.5,19.95,18.64,18.76,19.01,65502900,1228834404.00,7.7496,,,否,,,,,,否,845302544,845242544,15857875725.44,15856750125.44,,,,19.55,19.59,17.91,17.23,16.36,15.62,14.65,2012-02-17,-
2026-07-07,002654,万润科技,文化传媒,18.51,18.95,17.85,18.18,18.76,53686800,976026024.00,6.3516,,,否,,,,,,否,845302544,845242544,15367600249.92,15366509449.92,,,,19.09,19.59,18.11,17.25,16.44,15.65,14.68,2012-02-17,-
2026-07-08,002654,万润科技,文化传媒,18.15,18.66,17.16,17.52,18.18,49547700,868075704.00,5.8620,,,否,,,,,,否,845302544,845242544,14809700570.88,14808649370.88,,,,18.49,19.46,18.24,17.28,16.50,15.67,14.70,2012-02-17,-
2026-07-09,002654,万润科技,文化传媒,17.73,18.55,17.45,18.45,17.52,62664000,1156150800.00,7.4137,,,否,,,,,,否,845302544,845242544,15595831936.80,15594724936.80,,,,18.38,19.23,18.43,17.35,16.57,15.70,14.72,2012-02-17,-
2026-07-10,002654,万润科技,文化传媒,18.76,19.25,17.76,17.76,18.45,65378800,1161127488.00,7.7349,,,否,,,,,,否,845302544,845242544,15012573181.44,15011507581.44,,,,18.13,18.99,18.51,17.38,16.63,15.72,14.74,2012-02-17,-
2026-07-13,002654,万润科技,文化传媒,17.31,17.99,16.26,16.35,17.76,62211800,1017162930.00,7.3602,,,否,,,,,,否,845302544,845242544,13820696594.40,13819715594.40,,,,17.65,18.60,18.52,17.42,16.66,15.72,14.76,2012-02-17,-
2026-07-14,002654,万润科技,文化传媒,16.62,16.77,15.3,16.47,16.35,58035200,955839744.00,6.8661,,,否,,,,,,否,845302544,845242544,13922132899.68,13921144699.68,,,,17.31,18.20,18.51,17.46,16.69,15.73,14.77,2012-02-17,-
2026-07-15,002654,万润科技,文化传媒,16.75,16.85,15.15,15.22,16.47,56058800,853214936.00,6.6323,,,否,,,,,,否,845302544,845242544,12865504719.68,12864591519.68,,,,16.85,17.67,18.43,17.48,16.70,15.73,14.79,2012-02-17,-
2026-07-16,002654,万润科技,文化传媒,14.95,15.39,14.16,14.29,15.22,55654100,795297089.00,6.5844,,,否,,,,,,否,845302544,845242544,12079373353.76,12078515953.76,,,,16.02,17.20,18.29,17.44,16.68,15.72,14.79,2012-02-17,-
2026-07-17,002654,万润科技,文化传媒,14.2,14.25,12.86,12.86,14.29,67492400,867952264.00,7.9850,,,否,,,,,,否,845302544,845242544,10870590715.84,10869819115.84,,,,15.04,16.59,18.07,17.35,16.63,15.70,14.80,2012-02-17,-
