日期,代码,名称,所属行业,开盘价,最高价,最低价,收盘价,前收盘价,成交量（股）,成交额（元）,换手率,涨幅%,振幅%,是否ST,量比,3日涨幅%,6日涨幅%,10日涨幅%,25日涨幅%,是否涨停,总股本（股）,流通股本（股）,总市值（元）,流通市值（元）,滚动市盈率,市净率,滚动市销率,5日线,10日线,20日线,30日线,60日线,120日线,250日线,上市时间,退市时间
2015-06-26,2772,众兴菌业,农牧饲渔,6.36,7.64,6.36,7.64,6.36,22401,417298.0,0.060137,44.0,24.0,否,,,,,,否,148927800,37250000,2787928416.0,697320000.0,32.390004,5.624455,6.99254,1.53,0.76,0.38,0.25,0.13,0.06,0.03,2015-06-26,-
2015-06-29,2772,众兴菌业,农牧饲渔,8.4,8.4,8.4,8.4,8.4,17200,354148.0,0.046174,9.989,0.0,否,0.77,,,,,是,148927800,37250000,3066423402.0,766977500.0,35.625544,6.186299,7.691047,3.21,1.6,0.8,0.53,0.27,0.13,0.06,2015-06-26,-
2015-06-30,2772,众兴菌业,农牧饲渔,9.24,9.24,9.24,9.24,9.24,26900,609285.0,0.072215,10.005,0.0,否,0.34,,,,,是,148927800,37250000,3373214670.0,843712500.0,39.189829,6.80523,8.460525,5.06,2.53,1.26,0.84,0.42,0.21,0.1,2015-06-26,-
2015-07-01,2772,众兴菌业,农牧饲渔,10.17,10.17,10.17,10.17,10.17,10100,251692.0,0.027114,10.022,0.0,否,0.05,33.115,,,,是,148927800,37250000,3711280776.0,928270000.0,43.117463,7.487255,9.308446,7.09,3.55,1.77,1.18,0.59,0.3,0.14,2015-06-26,-
2015-07-02,2772,众兴菌业,农牧饲渔,11.18,11.18,11.18,11.18,11.18,63700,1746017.0,0.171007,9.992,0.0,否,0.21,33.095,,,,是,148927800,37250000,4082110998.0,1021022500.0,47.425749,8.235379,10.238543,9.33,4.66,2.33,1.55,0.78,0.39,0.19,2015-06-26,-
2015-07-03,2772,众兴菌业,农牧饲渔,12.3,12.3,11.48,12.3,11.48,12046807,359911280.0,32.340421,9.996,7.3,否,429.32,33.117,,,,是,148927800,37250000,4490173170.0,1123087500.0,52.166593,9.058617,11.262024,10.26,5.89,2.95,1.96,0.98,0.49,0.24,2015-06-26,-
2015-07-06,2772,众兴菌业,农牧饲渔,13.53,13.53,13.07,13.53,13.07,10802382,357390528.0,28.999683,10.017,3.78,否,4.44,33.038,77.094,,,是,148927800,37250000,4939935126.0,1235582500.0,57.391904,9.965981,12.390094,11.28,7.25,3.62,2.42,1.21,0.6,0.29,2015-06-26,-
2015-07-07,2772,众兴菌业,农牧饲渔,12.31,12.35,12.18,12.18,12.18,2384600,71348919.0,6.401611,-10.009,1.3,否,0.52,8.945,45.0,,,否,148927800,37250000,4445494830.0,1111912500.0,51.647523,8.968481,11.149964,11.87,8.46,4.23,2.82,1.41,0.71,0.34,2015-06-26,-
2015-07-08,2772,众兴菌业,农牧饲渔,10.96,10.96,10.96,10.96,10.96,768900,20660343.0,2.064161,-9.983,0.0,否,0.15,-10.894,18.615,,,否,148927800,37250000,4001689986.0,1000907500.0,46.491422,8.073135,10.036835,12.03,9.56,4.78,3.19,1.59,0.8,0.38,2015-06-26,-
2015-07-09,2772,众兴菌业,农牧饲渔,9.86,12.06,9.86,12.06,9.86,15918619,429227056.0,42.734548,10.011,20.02,否,3.05,-10.865,18.584,,,是,148927800,37250000,4402305768.0,1101110000.0,51.145755,8.88135,11.041639,12.21,10.77,5.38,3.59,1.79,0.9,0.43,2015-06-26,-
2015-07-10,2772,众兴菌业,农牧饲渔,13.05,13.27,12.79,13.27,12.79,3665461,117554430.0,9.840164,10.014,3.92,否,0.44,8.949,18.694,73.691,,是,148927800,37250000,4843132056.0,1211370000.0,56.267251,9.770687,12.147297,12.4,11.33,6.05,4.03,2.02,1.01,0.48,2015-06-26,-
2015-07-13,2772,众兴菌业,农牧饲渔,14.59,14.59,14.07,14.59,14.07,6228938,221965066.0,16.721981,9.994,3.91,否,0.93,33.12,18.618,73.69,,是,148927800,37250000,5327147406.0,1332432500.0,61.890516,10.747155,13.36128,12.61,11.95,6.78,4.52,2.26,1.13,0.54,2015-06-26,-
2015-07-14,2772,众兴菌业,农牧饲渔,15.38,16.05,15.0,16.05,15.0,11790760,458117568.0,31.653047,10.008,7.21,否,2.04,33.085,18.625,73.701,,是,148927800,37250000,5860308930.0,1465787500.0,68.084758,11.822772,14.698529,13.39,12.63,7.58,5.05,2.53,1.26,0.61,2015-06-26,-
2015-07-15,2772,众兴菌业,农牧饲渔,15.91,15.91,14.45,14.45,14.45,10579212,385123328.0,28.400569,-9.987,9.1,否,1.38,8.892,18.637,42.085,,否,148927800,37250000,5275022676.0,1319395000.0,61.284933,10.641997,13.230543,14.08,13.06,8.3,5.53,2.77,1.38,0.66,2015-06-26,-
2015-07-16,2772,众兴菌业,农牧饲渔,13.0,15.1,13.0,13.39,13.0,13281993,441488064.0,35.656357,-7.312,14.48,否,1.38,-8.225,22.172,19.767,,否,148927800,37250000,4889299674.0,1222917500.0,56.803624,9.863827,12.263093,14.35,13.28,8.97,5.98,2.99,1.5,0.72,2015-06-26,-
2015-07-17,2772,众兴菌业,农牧饲渔,13.54,14.68,13.09,14.45,13.09,10268606,351031088.0,27.566728,7.92,11.88,否,1.13,-9.969,19.818,17.48,,否,148927800,37250000,5276511954.0,1319767500.0,61.302236,10.645001,13.234279,14.59,13.49,9.69,6.46,3.23,1.62,0.78,2015-06-26,-
2015-07-20,2772,众兴菌业,农牧饲渔,14.0,14.45,13.11,13.5,13.11,9973500,338529712.0,26.774497,-6.576,9.26,否,0.96,-6.574,1.733,-0.222,,否,148927800,37250000,4929510180.0,1232975000.0,57.270787,9.944949,12.363947,14.37,13.49,10.37,6.91,3.46,1.73,0.83,2015-06-26,-
2015-07-21,2772,众兴菌业,农牧饲渔,13.1,14.6,12.86,14.22,12.86,9742969,329405984.0,26.155621,5.347,12.9,否,0.87,6.199,-2.536,16.749,,否,148927800,37250000,5193112386.0,1298907500.0,60.333304,10.476749,13.0251,14.0,13.69,11.08,7.39,3.69,1.85,0.89,2015-06-26,-
2015-07-22,2772,众兴菌业,农牧饲渔,14.2,14.55,13.62,13.95,13.62,7914616,274119920.0,21.247291,-1.921,6.48,否,0.73,-3.46,-13.084,27.281,,否,148927800,37250000,5093330760.0,1273950000.0,59.174046,10.275446,12.774833,13.9,13.99,11.78,7.85,3.93,1.96,0.94,2015-06-26,-
2015-07-23,2772,众兴菌业,农牧饲渔,13.79,15.35,13.67,15.35,13.67,7801884,277748496.0,20.944655,10.0,11.99,否,0.76,13.704,6.228,27.28,,是,148927800,37250000,5602663836.0,1401345000.0,65.091451,11.302991,14.052316,14.29,14.32,12.54,8.36,4.18,2.09,1.0,2015-06-26,-
2015-07-24,2772,众兴菌业,农牧饲渔,16.3,16.88,15.56,16.11,15.56,17337773,699766896.0,46.544357,4.971,8.59,否,1.9,13.291,20.314,21.402,,否,148927800,37250000,5881158822.0,1471002500.0,68.326991,11.864835,14.750823,14.63,14.61,12.97,8.9,4.45,2.22,1.07,2015-06-26,-
2015-07-27,2772,众兴菌业,农牧饲渔,15.3,17.2,14.5,14.5,14.5,13686403,539473312.0,36.742021,-10.003,16.76,否,1.3,3.943,0.346,-0.617,,否,148927800,37250000,5292894012.0,1323865000.0,61.492561,10.678051,13.275367,14.83,14.6,13.27,9.38,4.69,2.35,1.13,2015-06-26,-
2015-07-28,2772,众兴菌业,农牧饲渔,13.38,15.29,13.05,14.15,13.05,10358147,352999616.0,27.807106,-2.364,15.45,否,0.92,-7.818,4.815,-11.838,,否,148927800,37250000,5167794660.0,1292575000.0,60.039164,10.425672,12.9616,14.81,14.41,13.52,9.85,4.93,2.46,1.18,2015-06-26,-
2015-07-29,2772,众兴菌业,农牧饲渔,14.43,15.57,13.79,15.57,13.79,9255462,332559344.0,24.846878,10.0,12.59,否,0.81,-3.352,9.494,7.751,,是,148927800,37250000,5684574126.0,1421832500.0,66.04308,11.468239,14.25776,15.14,14.52,13.79,10.37,5.19,2.59,1.24,2015-06-26,-
2015-07-30,2772,众兴菌业,农牧饲渔,15.98,17.13,15.68,16.79,15.68,15027754,622010432.0,40.342964,7.807,9.27,否,1.29,15.793,20.358,25.392,,否,148927800,37250000,6128378970.0,1532837500.0,71.199181,12.363585,15.370888,15.42,14.86,14.07,10.93,5.47,2.73,1.31,2015-06-26,-
2015-07-31,2772,众兴菌业,农牧饲渔,15.95,18.47,15.86,18.47,15.86,17312804,749616160.0,46.477326,10.012,15.5,否,1.32,30.53,20.326,27.82,141.754,是,148927800,37250000,6741961506.0,1686307500.0,78.327751,13.601446,16.909845,15.9,15.26,14.38,11.55,5.77,2.89,1.39,2015-06-26,-
2015-08-03,2772,众兴菌业,农牧饲渔,18.47,20.31,17.65,20.31,17.65,16838476,795190864.0,45.203962,10.007,14.42,否,1.28,30.443,26.071,50.444,141.786,是,148927800,37250000,7416604440.0,1855050000.0,86.165716,14.962491,18.60195,17.06,15.94,14.72,12.23,6.11,3.06,1.47,2015-06-26,-
2015-08-04,2772,众兴菌业,农牧饲渔,20.84,21.39,18.28,18.28,18.28,18986271,882807664.0,50.969855,-10.0,15.28,否,1.38,8.874,26.069,28.551,97.835,否,148927800,37250000,6674943996.0,1669545000.0,77.549145,13.466242,16.741755,17.88,16.35,15.02,12.84,6.42,3.21,1.54,2015-06-26,-
2015-08-05,2772,众兴菌业,农牧饲渔,17.13,20.07,17.13,19.62,17.13,14874232,687140816.0,39.930824,7.318,16.06,否,0.96,6.226,38.657,40.645,92.92,否,148927800,37250000,7163427180.0,1791725000.0,83.224316,14.451724,17.966944,18.69,16.92,15.45,13.49,6.74,3.37,1.62,2015-06-26,-
2015-08-06,2772,众兴菌业,农牧饲渔,18.85,19.29,17.66,18.15,17.66,11461228,514357632.0,30.768397,-7.505,8.32,否,0.69,-10.635,16.57,18.241,62.343,否,148927800,37250000,6625797822.0,1657252500.0,76.978167,13.367093,16.618489,18.97,17.2,15.76,14.09,7.05,3.52,1.69,2015-06-26,-
2015-08-07,2772,众兴菌业,农牧饲渔,18.15,18.56,17.43,17.98,17.43,9724662,431732608.0,26.106475,-0.944,6.25,否,0.61,-1.641,7.088,11.608,46.179,否,148927800,37250000,6563248146.0,1641607500.0,76.251468,13.240904,16.461605,18.87,17.38,15.99,14.44,7.35,3.67,1.76,2015-06-26,-
2015-08-10,2772,众兴菌业,农牧饲渔,17.91,18.7,17.66,18.56,17.66,9795342,440126944.0,26.29622,3.268,5.79,否,0.68,-5.403,0.487,28.0,37.177,否,148927800,37250000,6777704178.0,1695247500.0,78.743007,13.673554,16.999493,18.52,17.79,16.19,14.78,7.66,3.83,1.84,2015-06-26,-
2015-08-11,2772,众兴菌业,农牧饲渔,18.46,19.67,18.31,19.29,18.31,11202011,526423904.0,30.072513,3.889,7.32,否,0.86,6.281,-5.022,36.325,58.374,否,148927800,37250000,7041306384.0,1761180000.0,81.805523,14.205353,17.660646,18.72,18.3,16.35,15.11,7.98,3.99,1.91,2015-06-26,-
2015-08-12,2772,众兴菌业,农牧饲渔,18.85,19.29,17.54,17.76,17.54,8641279,389993168.0,23.198064,-7.889,9.05,否,0.76,-1.224,-2.845,14.066,62.044,否,148927800,37250000,6485805690.0,1622237500.0,75.351746,13.084669,16.267368,18.35,18.52,16.52,15.37,8.27,4.14,1.99,2015-06-26,-
2015-08-13,2772,众兴菌业,农牧饲渔,17.62,18.11,16.88,17.8,16.88,6122336,263703617.0,16.435801,0.207,6.89,否,0.6,-4.095,-9.276,6.015,47.595,否,148927800,37250000,6499209192.0,1625590000.0,75.507467,13.111709,16.300986,18.28,18.62,16.74,15.59,8.57,4.29,2.06,2015-06-26,-
2015-08-14,2772,众兴菌业,农牧饲渔,17.83,18.36,17.54,17.95,17.54,5818104,255655131.0,15.619071,0.825,4.58,否,0.64,-6.947,-1.102,-2.815,35.268,否,148927800,37250000,6552823200.0,1639000000.0,76.130352,13.219872,16.435458,18.27,18.57,16.92,15.77,8.87,4.43,2.13,2015-06-26,-
2015-08-17,2772,众兴菌业,农牧饲渔,17.85,18.07,17.21,17.32,17.21,4617556,197918757.0,12.396123,-3.523,4.77,否,0.56,-2.477,-3.671,-14.722,18.711,否,148927800,37250000,6321985110.0,1581262500.0,73.448487,12.754172,15.856481,18.02,18.27,17.11,15.9,9.16,4.58,2.2,2015-06-26,-
2015-08-18,2772,众兴菌业,农牧饲渔,17.32,18.07,15.59,15.59,15.59,6250333,260808867.0,16.779417,-9.941,14.32,否,0.86,-12.416,-16.002,-14.716,-2.866,否,148927800,37250000,5693509794.0,1424067500.0,66.146894,11.486266,14.280172,17.28,18.0,17.18,16.01,9.42,4.71,2.26,2015-06-26,-
2015-08-19,2772,众兴菌业,农牧饲渔,15.13,16.06,14.22,15.87,14.22,5696008,214161154.0,15.291297,1.753,11.77,否,0.91,-11.588,-17.729,-19.113,9.827,否,148927800,37250000,5793291420.0,1449025000.0,67.306152,11.687569,14.530439,16.91,17.63,17.27,16.18,9.68,4.84,2.32,2015-06-26,-
2015-08-20,2772,众兴菌业,农牧饲渔,15.5,15.75,14.68,14.68,14.68,3840464,142438437.0,10.30997,-7.455,6.68,否,0.67,-15.242,-17.342,-19.118,9.634,否,148927800,37250000,5361400800.0,1341000000.0,62.28847,10.816259,13.447193,16.28,17.28,17.24,16.27,9.93,4.96,2.38,2015-06-26,-
2015-08-21,2772,众兴菌业,农牧饲渔,14.46,14.68,13.54,13.57,13.54,3724405,128865228.0,9.998403,-7.611,7.78,否,0.71,-12.957,-23.764,-24.527,-6.09,否,148927800,37250000,4953338628.0,1238935000.0,57.547625,9.993021,12.423712,15.41,16.84,17.11,16.28,10.15,5.08,2.44,2015-06-26,-
2015-08-24,2772,众兴菌业,农牧饲渔,13.05,13.05,12.21,12.21,12.21,3110401,94170231.0,8.35007,-10.012,6.19,否,0.64,-23.062,-31.978,-34.213,-9.556,否,148927800,37250000,4457409054.0,1114892500.0,51.785942,8.992517,11.179847,14.38,16.2,17.0,16.2,10.36,5.18,2.49,2015-06-26,-
2015-08-25,2772,众兴菌业,农牧饲渔,11.02,13.18,11.02,11.46,11.02,6704828,196608385.0,17.999538,-6.114,17.71,否,1.48,-21.935,-33.834,-40.591,-19.409,否,148927800,37250000,4184871180.0,1046725000.0,48.619611,8.442691,10.496281,13.56,15.42,16.86,16.04,10.55,5.27,2.53,2015-06-26,-
2015-08-26,2772,众兴菌业,农牧饲渔,11.83,12.61,11.63,12.61,11.63,9779457,296003680.0,26.253576,10.0,8.58,否,2.12,-7.074,-19.115,-28.998,-9.606,是,148927800,37250000,4603358298.0,1151397500.0,53.481572,9.28696,11.545909,12.91,14.91,16.71,15.98,10.76,5.38,2.58,2015-06-26,-
2015-08-27,2772,众兴菌业,农牧饲渔,12.93,13.26,12.03,13.13,12.03,8484854,263684107.0,22.778132,4.109,9.71,否,1.56,7.535,-17.265,-26.236,-14.463,否,148927800,37250000,4792496604.0,1198705000.0,55.678971,9.668534,12.020296,12.6,14.44,16.53,15.97,10.98,5.49,2.63,2015-06-26,-
2015-08-28,2772,众兴菌业,农牧饲渔,12.85,13.91,12.45,13.52,12.45,9120089,292068544.0,24.48346,2.983,11.12,否,1.43,17.976,-7.902,-24.68,-16.077,否,148927800,37250000,4935467292.0,1234465000.0,51.9956,5.198824,11.601348,12.59,14.0,16.28,15.94,11.2,5.6,2.69,2015-06-26,-
2015-08-31,2772,众兴菌业,农牧饲渔,13.26,13.26,12.17,12.17,12.17,5378931,166800364.0,14.440083,-9.988,8.06,否,0.72,-3.489,-10.317,-29.734,-16.069,否,148927800,37250000,4442516274.0,1111167500.0,46.802316,4.679569,10.442613,12.58,13.48,15.88,15.9,11.41,5.7,2.74,2015-06-26,-
2015-09-01,2772,众兴菌业,农牧饲渔,11.75,11.75,10.95,10.95,10.95,4449516,122211812.0,11.945009,-9.99,6.54,否,0.56,-16.603,-10.319,-29.763,-22.615,否,148927800,37250000,3998711430.0,1000162500.0,42.126791,4.212083,9.399402,12.48,13.02,15.51,15.79,11.59,5.79,2.78,2015-06-26,-
2015-09-02,2772,众兴菌业,农牧饲渔,10.31,11.5,10.03,10.41,10.03,4771562,127310157.0,12.809562,-4.991,13.48,否,0.64,-23.003,-9.162,-34.405,-33.141,否,148927800,37250000,3799148178.0,950247500.0,40.024374,4.001871,8.930307,12.04,12.47,15.05,15.67,11.76,5.88,2.82,2015-06-26,-
2015-09-07,2772,众兴菌业,农牧饲渔,10.79,11.22,10.35,10.42,10.35,3317447,87570472.0,8.905898,0.157,8.31,否,0.52,-14.38,-17.367,-29.019,-37.939,否,148927800,37250000,3805105290.0,951737500.0,40.087133,4.008146,8.94431,11.49,12.05,14.66,15.51,11.93,5.97,2.86,2015-06-26,-
2015-09-08,2772,众兴菌业,农牧饲渔,10.42,11.47,10.34,11.47,10.34,6860402,188782247.0,18.417187,10.02,10.8,否,1.27,4.749,-12.643,-15.475,-37.899,是,148927800,37250000,4186360458.0,1047097500.0,44.103691,4.409745,9.840492,11.08,11.84,14.34,15.35,12.13,6.06,2.91,2015-06-26,-
2015-09-09,2772,众兴菌业,农牧饲渔,11.93,12.47,11.78,12.07,11.78,8343312,246522937.0,22.398153,5.301,5.94,否,1.68,15.946,-10.725,-1.147,-40.571,否,148927800,37250000,4408262880.0,1102600000.0,46.441453,4.643488,10.362097,11.06,11.82,14.01,15.27,12.33,6.16,2.96,2015-06-26,-
2015-09-10,2772,众兴菌业,农牧饲渔,11.83,11.95,11.43,11.48,11.43,4415045,126806417.0,11.85247,-4.932,4.36,否,0.8,10.173,-5.67,0.175,-37.199,否,148927800,37250000,4190828292.0,1048215000.0,44.15076,4.414451,9.850994,11.17,11.82,13.62,15.18,12.52,6.26,3.0,2015-06-26,-
2015-09-11,2772,众兴菌业,农牧饲渔,11.28,11.82,11.28,11.75,11.28,3233354,92205708.0,8.680145,2.345,4.69,否,0.58,2.441,7.306,-6.82,-40.112,否,148927800,37250000,4289120640.0,1072800000.0,45.186279,4.517989,10.08204,11.44,11.74,13.32,15.05,12.71,6.36,3.05,2015-06-26,-
2015-09-14,2772,众兴菌业,农牧饲渔,11.71,11.72,10.57,10.57,10.57,3541151,95978456.0,9.506446,-10.0,9.79,否,0.68,-12.428,1.537,-19.497,-41.763,否,148927800,37250000,3860208576.0,965520000.0,40.667651,4.06619,9.073836,11.47,11.48,12.96,14.85,12.89,6.45,3.09,2015-06-26,-
2015-09-15,2772,众兴菌业,农牧饲渔,10.12,10.6,9.62,9.75,9.62,3930441,97314003.0,10.551519,-7.793,9.3,否,0.74,-15.07,-6.43,-27.885,-45.773,否,148927800,37250000,3559374420.0,890275000.0,37.498335,3.749303,8.366693,11.12,11.1,12.55,14.56,13.05,6.53,3.13,2015-06-26,-
2015-09-16,2772,众兴菌业,农牧饲渔,10.0,10.72,9.92,10.72,9.92,4777522,121296522.0,12.825562,10.0,8.2,否,1.02,-8.766,-6.539,-11.915,-42.241,是,148927800,37250000,3915311862.0,979302500.0,41.248169,4.124233,9.203363,10.85,10.96,12.22,14.24,13.23,6.62,3.18,2015-06-26,-
2015-09-17,2772,众兴菌业,农牧饲渔,10.79,10.97,10.31,10.4,10.31,5724471,149037990.0,15.367707,-3.005,6.12,否,1.44,-1.608,-13.836,-5.023,-46.086,否,148927800,37250000,3797658900.0,949875000.0,40.008684,4.000302,8.926807,10.64,10.9,11.96,13.97,13.4,6.7,3.22,2015-06-26,-
2015-09-18,2772,众兴菌业,农牧饲渔,10.47,10.6,10.21,10.45,10.21,2612128,66643930.0,7.012424,0.431,3.8,否,0.62,7.179,-8.972,0.384,-41.16,否,148927800,37250000,3814040958.0,953972500.0,40.181271,4.017559,8.965314,10.38,10.91,11.69,13.67,13.58,6.79,3.26,2015-06-26,-
2015-09-21,2772,众兴菌业,农牧饲渔,10.44,10.95,10.24,10.9,10.24,3993082,104959662.0,10.719683,4.373,6.76,否,0.97,1.679,-7.234,4.607,-38.764,否,148927800,37250000,3980840094.0,995692500.0,41.938515,4.193258,9.357394,10.44,10.96,11.5,13.43,13.76,6.88,3.3,2015-06-26,-
2015-09-22,2772,众兴菌业,农牧饲渔,10.93,11.13,10.74,10.97,10.74,4276746,115036651.0,11.481197,0.636,3.59,否,1.02,5.481,3.784,-4.359,-38.886,否,148927800,37250000,4006157820.0,1002025000.0,42.20524,4.219927,9.416906,10.69,10.91,11.37,13.19,13.82,6.97,3.35,2015-06-26,-
2015-09-23,2772,众兴菌业,农牧饲渔,10.79,11.63,10.73,11.45,10.73,5842907,161444283.0,15.685656,4.387,8.14,否,1.37,9.569,17.436,-5.137,-33.891,否,148927800,37250000,4181892624.0,1045980000.0,44.056622,4.405039,9.829989,10.83,10.84,11.33,12.96,13.87,7.07,3.39,2015-06-26,-
2015-09-24,2772,众兴菌业,农牧饲渔,11.45,11.74,11.23,11.39,11.23,4309397,121184048.0,11.568851,-0.57,4.38,否,0.96,4.495,6.25,-0.784,-26.94,否,148927800,37250000,4158064176.0,1040020000.0,43.805587,4.379939,9.773978,11.03,10.84,11.33,12.69,13.9,7.16,3.44,2015-06-26,-
2015-09-25,2772,众兴菌业,农牧饲渔,11.22,11.41,10.52,10.61,10.52,3340810,89289801.0,8.968617,-6.877,7.74,否,0.79,-3.282,2.019,-9.702,-33.144,否,148927800,37250000,3872122800.0,968500000.0,40.793168,4.07874,9.101842,11.06,10.72,11.23,12.45,13.91,7.25,3.48,2015-06-26,-
2015-09-28,2772,众兴菌业,农牧饲渔,10.65,11.05,10.65,10.99,10.65,2166486,57760225.0,5.81607,3.654,3.77,否,0.5,-4.017,5.167,3.974,-25.136,否,148927800,37250000,4013604210.0,1003887500.0,42.283688,4.227771,9.434409,11.08,10.76,11.12,12.23,13.91,7.34,3.52,2015-06-26,-
2015-09-29,2772,众兴菌业,农牧饲渔,10.93,10.93,10.57,10.7,10.57,2051901,54011129.0,5.508459,-2.709,3.27,否,0.51,-6.058,-1.835,9.744,-21.15,否,148927800,37250000,3904886916.0,976695000.0,41.138341,4.113252,9.178858,11.03,10.86,10.98,11.99,13.88,7.43,3.57,2015-06-26,-
2015-09-30,2772,众兴菌业,农牧饲渔,10.67,10.89,10.61,10.75,10.61,1640919,43274866.0,4.405152,0.534,2.63,否,0.46,1.32,-2.005,0.28,-11.957,否,148927800,37250000,3925736808.0,981910000.0,41.357997,4.135215,9.227868,10.89,10.86,10.91,11.77,13.83,7.52,3.61,2015-06-26,-
2015-10-08,2772,众兴菌业,农牧饲渔,11.26,11.52,11.15,11.41,11.15,3988770,111019658.0,10.708107,6.108,3.45,否,1.48,3.822,-0.349,9.712,-0.436,否,148927800,37250000,4165510566.0,1041882500.0,43.884035,4.387783,9.791482,10.89,10.96,10.93,11.63,13.82,7.62,3.66,2015-06-26,-
2015-10-09,2772,众兴菌业,农牧饲渔,11.38,11.62,11.26,11.54,11.26,3663597,103210564.0,9.83516,1.18,3.15,否,1.39,7.85,1.317,10.431,-8.485,否,148927800,37250000,4214656740.0,1054175000.0,44.401795,4.439551,9.907005,11.08,11.07,10.99,11.48,13.83,7.71,3.7,2015-06-26,-
2015-10-12,2772,众兴菌业,农牧饲渔,11.76,12.48,11.76,12.26,11.76,5679644,168184867.0,15.247366,6.219,6.29,否,2.1,14.047,15.551,12.477,-6.626,否,148927800,37250000,4476769668.0,1119735000.0,47.163178,4.715651,10.52313,11.33,11.21,11.08,11.4,13.83,7.81,3.75,2015-06-26,-
2015-10-13,2772,众兴菌业,农牧饲渔,13.45,13.49,12.96,13.49,12.96,4323833,142055612.0,11.607605,10.013,4.32,否,1.27,18.23,22.748,22.972,-0.222,是,148927800,37250000,4925042346.0,1231857500.0,48.265523,5.036708,11.097869,11.89,11.46,11.18,11.4,13.84,7.93,3.8,2015-06-26,-
2015-10-14,2772,众兴菌业,农牧饲渔,14.52,14.84,14.27,14.84,14.27,5265755,190109172.0,14.136255,10.009,4.2,否,1.36,28.596,38.692,29.607,21.939,是,148927800,37250000,5417993364.0,1355155000.0,53.096453,5.540836,12.208663,12.71,11.8,11.32,11.49,13.84,8.05,3.86,2015-06-26,-
2015-10-15,2772,众兴菌业,农牧饲渔,15.7,16.32,14.9,15.53,14.9,15881827,602395872.0,42.635777,4.618,9.57,否,3.46,26.672,44.465,36.348,41.826,否,148927800,37250000,5668192068.0,1417735000.0,55.548406,5.796708,12.77245,13.53,12.21,11.52,11.62,13.83,8.18,3.93,2015-06-26,-
2015-10-16,2772,众兴菌业,农牧饲渔,15.19,15.46,15.12,15.37,15.12,10612310,397228704.0,28.489423,-0.998,2.23,否,1.52,13.936,34.706,44.863,47.646,否,148927800,37250000,5611599504.0,1403580000.0,54.993798,5.738832,12.644926,14.3,12.69,11.7,11.72,13.85,8.31,3.99,2015-06-26,-
2015-10-19,2772,众兴菌业,农牧饲渔,15.12,16.52,14.87,15.72,14.87,12989536,495893536.0,34.871238,2.256,10.72,否,1.56,5.93,36.222,43.039,50.864,否,148927800,37250000,5738188134.0,1435242500.0,56.234369,5.868291,12.930176,14.99,13.16,11.96,11.8,13.89,8.44,4.05,2015-06-26,-
2015-10-20,2772,众兴菌业,农牧饲渔,15.36,15.49,14.93,15.33,14.93,7939428,296065696.0,21.313901,-2.492,3.58,否,0.81,-1.288,25.041,43.271,33.653,否,148927800,37250000,5595217446.0,1399482500.0,54.833253,5.722079,12.608012,15.36,13.62,12.24,11.86,13.9,8.57,4.11,2015-06-26,-
2015-10-21,2772,众兴菌业,农牧饲渔,15.42,16.01,13.87,13.89,13.87,9693233,359275760.0,26.022102,-9.396,13.95,否,0.92,-9.629,2.965,29.209,15.079,否,148927800,37250000,5069502312.0,1267990000.0,49.681233,5.184444,11.423389,15.17,13.94,12.4,11.92,13.91,8.68,4.17,2015-06-26,-
2015-10-22,2772,众兴菌业,农牧饲渔,13.89,14.45,13.63,14.42,13.63,7757688,267425581.0,20.826008,3.819,5.88,否,0.68,-8.27,-2.83,26.38,25.61,否,148927800,37250000,5263108452.0,1316415000.0,51.578578,5.38244,11.859652,14.95,14.24,12.6,12.04,13.91,8.8,4.23,2015-06-26,-
2015-10-23,2772,众兴菌业,农牧饲渔,14.36,14.75,14.29,14.66,14.29,6293994,223687826.0,16.896628,1.67,3.2,否,0.64,-4.371,-5.602,27.036,24.766,否,148927800,37250000,5350975854.0,1338392500.0,52.43968,5.472299,12.057649,14.8,14.55,12.81,12.18,13.92,8.92,4.28,2015-06-26,-
2015-10-26,2772,众兴菌业,农牧饲渔,14.83,15.08,14.36,14.78,14.36,6333114,228865960.0,17.001648,0.863,4.93,否,0.71,6.407,-3.839,20.555,39.83,否,148927800,37250000,5397143472.0,1349940000.0,52.892124,5.519514,12.161681,14.62,14.8,13.01,12.32,13.91,9.05,4.34,2015-06-26,-
2015-10-27,2772,众兴菌业,农牧饲渔,14.59,14.93,13.87,14.82,13.87,5561794,195191383.0,14.930991,0.221,7.17,否,0.73,2.774,-5.725,9.859,52.0,否,148927800,37250000,5409057696.0,1352920000.0,53.008884,5.531698,12.188528,14.51,14.94,13.2,12.43,13.89,9.17,4.4,2015-06-26,-
2015-10-28,2772,众兴菌业,农牧饲渔,14.59,14.85,14.07,14.14,14.07,4129902,146732311.0,11.086985,-4.543,5.26,否,0.58,-3.547,-7.763,-4.717,31.903,否,148927800,37250000,5163326826.0,1291457500.0,50.600716,5.280396,11.634809,14.56,14.87,13.33,12.5,13.89,9.29,4.46,2015-06-26,-
2015-10-29,2772,众兴菌业,农牧饲渔,14.24,14.84,14.11,14.62,14.11,5177557,185132772.0,13.899482,3.346,5.13,否,0.86,-1.083,5.256,-5.86,40.577,否,148927800,37250000,5336083074.0,1334667500.0,52.293731,5.457069,12.02409,14.6,14.78,13.49,12.61,13.89,9.41,4.52,2015-06-26,-
2015-10-30,2772,众兴菌业,农牧饲渔,14.59,15.08,14.16,14.94,14.16,6475007,233840122.0,17.382569,2.205,6.34,否,1.18,0.81,3.606,-2.798,42.967,否,148927800,37250000,5453736036.0,1364095000.0,53.446732,5.577389,12.289204,14.66,14.73,13.71,12.71,13.88,9.54,4.58,2015-06-26,-
2015-11-02,2772,众兴菌业,农牧饲渔,14.55,16.43,14.23,16.43,14.23,12351350,488100928.0,33.157987,9.995,14.72,否,2.23,16.195,12.074,4.517,50.734,是,148927800,37250000,5998811784.0,1500430000.0,58.788486,6.134824,13.517453,14.99,14.8,13.98,12.91,13.88,9.67,4.64,2015-06-26,-
2015-11-10,2772,众兴菌业,农牧饲渔,18.07,18.07,18.07,18.07,18.07,277100,12278301.0,0.743893,10.005,0.0,否,0.04,23.598,22.26,17.873,64.722,是,148927800,37250000,6598990818.0,1650547500.0,64.670254,6.748611,14.86987,15.64,15.08,14.35,13.19,13.87,9.82,4.72,2015-06-26,-
2015-11-11,2772,众兴菌业,农牧饲渔,19.88,19.88,18.74,19.88,18.74,16100828,774674192.0,43.223699,9.998,6.3,否,2.83,33.066,34.143,43.125,73.624,是,148927800,37250000,7258740972.0,1815565000.0,71.13582,7.423319,16.356521,16.79,15.68,14.81,13.49,13.86,9.99,4.79,2015-06-26,-
2015-11-12,2772,众兴菌业,农牧饲渔,20.38,21.82,19.28,20.1,19.28,17618726,879136368.0,47.298593,1.108,12.78,否,2.18,22.337,42.15,39.39,76.471,否,148927800,37250000,7339161984.0,1835680000.0,71.923948,7.505564,16.537738,17.88,16.24,15.24,13.82,13.89,10.16,4.87,2015-06-26,-
2015-11-13,2772,众兴菌业,农牧饲渔,19.5,21.42,19.08,19.78,19.08,14085924,702709744.0,37.814561,-1.583,11.61,否,1.33,9.463,35.294,34.925,86.428,否,148927800,37250000,7222998300.0,1806625000.0,70.785541,7.386766,16.27598,18.85,16.76,15.65,14.13,13.9,10.32,4.95,2015-06-26,-
2015-11-16,2772,众兴菌业,农牧饲渔,19.54,20.37,18.55,19.85,18.55,8655326,413507008.0,23.235774,0.33,9.2,否,0.72,-0.151,32.865,34.303,80.619,否,148927800,37250000,7246826748.0,1812585000.0,71.01906,7.411135,16.329674,19.54,17.26,16.03,14.42,13.93,10.49,5.03,2015-06-26,-
2015-11-17,2772,众兴菌业,农牧饲渔,19.95,21.84,19.67,21.59,19.67,15986637,827105664.0,42.917146,8.775,10.89,否,1.41,7.413,31.406,45.682,101.776,否,148927800,37250000,7882748454.0,1971642500.0,77.251107,8.061475,17.762631,20.24,17.94,16.44,14.78,13.99,10.67,5.12,2015-06-26,-
2015-11-18,2772,众兴菌业,农牧饲渔,21.42,21.42,19.43,19.43,19.43,10767258,531150016.0,28.905391,-9.994,9.18,否,0.74,-1.769,7.526,37.412,80.744,否,148927800,37250000,7094920392.0,1774590000.0,69.530375,7.255784,15.987375,20.15,18.47,16.67,15.04,14.0,10.83,5.2,2015-06-26,-
2015-11-19,2772,众兴菌业,农牧饲渔,19.43,20.04,18.5,19.82,18.5,8832174,416708880.0,23.710534,2.015,7.93,否,0.66,-0.151,-0.302,35.568,73.707,否,148927800,37250000,7237891080.0,1810350000.0,70.931491,7.401997,16.309539,20.09,18.99,16.88,15.33,14.01,10.99,5.28,2015-06-26,-
2015-11-20,2772,众兴菌业,农牧饲渔,19.93,20.04,19.09,19.38,19.09,7821516,374610064.0,20.997358,-2.243,4.79,否,0.67,-10.236,-3.582,29.719,67.938,否,148927800,37250000,7075559778.0,1769747500.0,69.34064,7.235985,15.943749,20.01,19.43,17.08,15.62,14.04,11.15,5.35,2015-06-26,-
2015-11-23,2772,众兴菌业,农牧饲渔,19.17,19.17,18.23,18.32,18.23,7124422,324631136.0,19.125965,-5.452,4.84,否,0.68,-5.713,-7.381,11.503,49.429,否,148927800,37250000,6689836776.0,1673270000.0,65.560546,6.841516,15.074578,19.71,19.62,17.21,15.86,14.04,11.31,5.43,2015-06-26,-
2015-11-24,2772,众兴菌业,农牧饲渔,18.29,19.53,18.27,19.25,18.27,6430464,298839600.0,17.262991,5.076,6.86,否,0.64,-2.876,-3.023,6.53,42.698,否,148927800,37250000,7029392160.0,1758200000.0,68.888197,7.188771,15.839717,19.24,19.74,17.41,16.15,14.07,11.47,5.5,2015-06-26,-
2015-11-25,2772,众兴菌业,农牧饲渔,19.22,19.78,18.77,19.38,18.77,6723562,321065072.0,18.049831,0.657,5.21,否,0.82,0.0,-10.236,-2.515,30.593,否,148927800,37250000,7075559778.0,1769747500.0,69.34064,7.235985,15.943749,19.23,19.69,17.68,16.43,14.1,11.63,5.58,2015-06-26,-
2015-11-26,2772,众兴菌业,农牧饲渔,19.58,21.32,19.58,20.38,19.58,12750575,652020144.0,34.229732,5.157,8.97,否,1.73,11.245,4.889,1.393,31.23,否,148927800,37250000,7440432888.0,1861010000.0,72.916405,7.609131,16.765937,19.34,19.72,17.98,16.73,14.18,11.8,5.66,2015-06-26,-
2015-11-27,2772,众兴菌业,农牧饲渔,19.58,19.97,18.36,18.5,18.36,8622432,409017008.0,23.147468,-9.227,7.91,否,1.06,-3.896,-6.66,-6.471,20.364,否,148927800,37250000,6753875730.0,1689287500.0,66.18813,6.907007,15.21888,19.17,19.59,18.17,16.97,14.22,11.95,5.74,2015-06-26,-
2015-11-30,2772,众兴菌业,农牧饲渔,18.5,20.25,18.34,19.98,18.34,8081739,379539600.0,21.695944,8.004,10.36,否,0.97,3.096,3.096,0.655,27.099,否,148927800,37250000,7294483644.0,1824505000.0,71.486099,7.459872,16.437062,19.5,19.6,18.43,17.22,14.31,12.12,5.82,2015-06-26,-
2015-12-01,2772,众兴菌业,农牧饲渔,19.63,21.02,19.01,19.76,19.01,8738353,432679056.0,23.458666,-1.082,10.04,否,1.03,-3.042,7.86,-8.476,28.898,否,148927800,37250000,7215551910.0,1804762500.0,70.712566,7.379151,16.259201,19.6,19.42,18.68,17.43,14.42,12.28,5.9,2015-06-26,-
2015-12-02,2772,众兴菌业,农牧饲渔,19.17,19.58,18.03,18.85,18.03,5414549,248544967.0,14.535702,-4.644,7.84,否,0.6,1.892,-2.078,-2.985,35.709,否,148927800,37250000,6880464360.0,1720950000.0,67.428701,7.036466,15.504129,19.49,19.36,18.92,17.57,14.53,12.44,5.97,2015-06-26,-
2015-12-03,2772,众兴菌业,农牧饲渔,18.92,20.14,18.92,19.93,18.92,6705630,323216928.0,18.001691,5.736,6.45,否,0.77,-0.25,2.838,0.555,38.211,否,148927800,37250000,7275123030.0,1819662500.0,71.296365,7.440073,16.393436,19.4,19.37,19.18,17.71,14.67,12.61,6.05,2015-06-26,-
2015-12-04,2772,众兴菌业,农牧饲渔,19.94,20.99,19.6,20.86,19.6,9838224,488318208.0,26.41134,4.708,6.98,否,1.31,5.567,2.355,7.637,42.292,否,148927800,37250000,7617656970.0,1905337500.0,74.653205,7.790373,17.165286,19.88,19.52,19.48,17.9,14.81,12.78,6.14,2015-06-26,-
2015-12-07,2772,众兴菌业,农牧饲渔,20.52,20.8,20.07,20.4,20.07,5671214,283251904.0,15.224736,-2.209,3.52,否,0.73,8.223,10.27,11.354,38.024,否,148927800,37250000,7449368556.0,1863245000.0,73.003975,7.618269,16.786073,19.96,19.73,19.68,18.05,14.93,12.95,6.22,2015-06-26,-
2015-12-08,2772,众兴菌业,农牧饲渔,20.44,22.44,20.19,20.97,20.19,11433103,600947632.0,30.692894,2.759,11.0,否,1.57,5.218,4.955,8.935,41.498,否,148927800,37250000,7654888920.0,1914650000.0,75.018079,7.828449,17.249183,20.2,19.9,19.82,18.24,15.05,13.13,6.3,2015-06-26,-
2015-12-09,2772,众兴菌业,农牧饲渔,20.91,21.1,19.3,19.7,19.3,8004258,392757936.0,21.487941,-6.051,8.6,否,1.02,-5.561,-0.304,1.651,39.321,否,148927800,37250000,7191723462.0,1798802500.0,70.479047,7.354782,16.205507,20.37,19.93,19.81,18.43,15.18,13.29,6.38,2015-06-26,-
2015-12-10,2772,众兴菌业,农牧饲渔,19.58,20.06,19.09,19.29,19.09,4568944,216681259.0,12.265621,-2.071,4.93,否,0.55,-5.441,2.334,-5.348,31.943,否,148927800,37250000,7042795662.0,1761552500.0,69.019551,7.202478,15.86992,20.24,19.82,19.77,18.6,15.32,13.45,6.46,2015-06-26,-
2015-12-11,2772,众兴菌业,农牧饲渔,19.16,19.5,18.88,19.07,18.88,2881888,135262074.0,7.736612,-1.142,3.21,否,0.36,-9.061,-4.315,3.081,27.644,否,148927800,37250000,6962374650.0,1741437500.0,68.231424,7.120233,15.688702,19.89,19.88,19.74,18.74,15.46,13.61,6.53,2015-06-26,-
2015-12-14,2772,众兴菌业,农牧饲渔,18.6,19.66,18.43,19.56,18.43,2808625,132054899.0,7.539933,2.567,6.46,否,0.43,-0.711,-6.232,-2.102,19.051,否,148927800,37250000,7141088010.0,1786137500.0,69.982818,7.302999,16.091407,19.72,19.84,19.72,18.9,15.61,13.77,6.61,2015-06-26,-
2015-12-15,2772,众兴菌业,农牧饲渔,19.58,19.78,19.14,19.27,19.14,2995737,142657654.0,8.042247,-1.46,3.23,否,0.5,-0.104,-5.539,-2.48,6.641,否,148927800,37250000,7036838550.0,1760062500.0,68.961171,7.196386,15.856496,19.38,19.79,19.61,19.05,15.74,13.93,6.69,2015-06-26,-
2015-12-16,2772,众兴菌业,农牧饲渔,19.32,20.59,19.32,20.08,19.32,5530069,272483520.0,14.845823,4.169,6.58,否,1.3,5.296,-4.244,6.525,1.006,否,148927800,37250000,7330226316.0,1833445000.0,71.836378,7.496426,16.517603,19.45,19.91,19.64,19.25,15.88,14.1,6.77,2015-06-26,-
2015-12-17,2772,众兴菌业,农牧饲渔,20.26,21.21,19.99,21.01,19.99,6595270,331031200.0,17.705423,4.632,6.07,否,1.76,7.413,6.65,5.419,4.527,否,148927800,37250000,7669781700.0,1918375000.0,75.164028,7.84368,17.282742,19.8,20.02,19.7,19.46,16.03,14.28,6.85,2015-06-26,-
2015-12-18,2772,众兴菌业,农牧饲渔,20.8,21.41,20.19,20.41,20.19,5328723,269926240.0,14.305297,-2.854,5.79,否,1.28,5.916,5.806,-2.157,3.185,否,148927800,37250000,7450857834.0,1863617500.0,73.018569,7.619792,16.789429,20.07,19.98,19.75,19.64,16.18,14.45,6.93,2015-06-26,-
2015-12-21,2772,众兴菌业,农牧饲渔,20.41,21.21,19.79,20.8,19.79,5113320,256685663.0,13.727034,1.939,6.96,否,1.1,3.586,9.072,1.961,4.786,否,148927800,37250000,7595317800.0,1899750000.0,74.43428,7.767527,17.114948,20.31,20.02,19.87,19.79,16.35,14.62,7.02,2015-06-26,-
2015-12-22,2772,众兴菌业,农牧饲渔,21.01,22.28,21.01,21.74,21.01,7831246,416093296.0,21.023479,4.51,6.14,否,1.53,3.475,11.145,3.672,0.695,否,148927800,37250000,7937851740.0,1985425000.0,77.79112,8.117828,17.886799,20.81,20.09,20.0,19.91,16.55,14.8,7.1,2015-06-26,-
2015-12-23,2772,众兴菌业,农牧饲渔,21.37,22.63,21.04,21.68,21.04,8475084,452989152.0,22.751903,-0.281,7.32,否,1.39,6.222,12.506,10.051,11.58,否,148927800,37250000,7915512570.0,1979837500.0,77.572196,8.094982,17.836461,21.13,20.29,20.11,19.97,16.73,14.98,7.19,2015-06-26,-
2015-12-24,2772,众兴菌业,农牧饲渔,21.62,22.25,21.05,22.13,21.05,5418438,287453680.0,14.546142,2.051,5.53,否,0.81,6.394,10.209,14.723,11.655,否,148927800,37250000,8077843872.0,2020440000.0,79.163046,8.260994,18.202251,21.35,20.58,20.2,20.04,16.93,15.17,7.28,2015-06-26,-
2015-12-25,2772,众兴菌业,农牧饲渔,22.44,23.08,20.85,21.21,20.85,6826079,366772688.0,18.325044,-4.13,10.08,否,1.06,-2.438,0.952,11.222,9.443,否,148927800,37250000,7744245600.0,1937000000.0,75.893776,7.919832,17.450535,21.51,20.79,20.34,20.09,17.11,15.34,7.36,2015-06-26,-
2015-12-28,2772,众兴菌业,农牧饲渔,20.97,21.17,19.99,19.99,19.99,5563012,280713568.0,14.93426,-5.769,5.6,否,0.83,-7.795,-2.058,2.198,9.116,否,148927800,37250000,7297462200.0,1825250000.0,71.515289,7.462919,16.443774,21.35,20.83,20.34,20.09,17.26,15.51,7.44,2015-06-26,-
2015-12-29,2772,众兴菌业,农牧饲渔,19.95,20.28,19.78,20.27,19.78,2652950,130570545.0,7.122013,1.388,2.47,否,0.39,-8.405,-2.548,5.189,5.299,否,148927800,37250000,7398733104.0,1850580000.0,72.507746,7.566486,16.671973,21.06,20.93,20.36,20.05,17.41,15.61,7.53,2015-06-26,-
2015-12-30,2772,众兴菌业,农牧饲渔,20.27,20.5,19.97,20.2,19.97,2440922,120802377.0,6.552811,-0.322,2.64,否,0.42,-4.762,-7.084,0.598,4.231,否,148927800,37250000,7374904656.0,1844620000.0,72.274227,7.542117,16.618279,20.76,20.94,20.43,20.07,17.56,15.71,7.61,2015-06-26,-
2015-12-31,2772,众兴菌业,农牧饲渔,20.35,20.36,19.5,19.5,19.5,2731111,132911400.0,7.331842,-3.453,4.28,否,0.6,-2.451,-10.055,-7.187,-4.318,否,148927800,37250000,7120238118.0,1780922500.0,69.778489,7.281676,16.044425,20.23,20.79,20.41,20.06,17.69,15.8,7.68,2015-06-26,-
2016-01-04,2772,众兴菌业,农牧饲渔,19.53,19.53,17.55,17.55,17.55,2938359,132301629.0,7.888212,-9.998,10.12,否,0.73,-13.419,-20.696,-14.013,-5.135,否,148927800,37250000,6408363234.0,1602867500.0,62.8021,6.553661,14.440318,19.5,20.51,20.24,20.0,17.81,15.86,7.75,2015-06-26,-
2016-01-05,2772,众兴菌业,农牧饲渔,16.31,17.52,15.8,16.61,15.8,3696401,151624521.0,9.923224,-5.368,9.76,否,1.13,-17.772,-21.688,-20.144,-16.867,否,148927800,37250000,6064340016.0,1516820000.0,59.430665,6.201838,13.665112,18.83,20.09,20.05,19.94,17.9,15.91,7.82,2015-06-26,-
2016-01-06,2772,众兴菌业,农牧饲渔,17.06,17.39,16.81,17.34,16.81,3287712,138324150.0,8.826072,4.371,3.51,否,1.14,-11.077,-13.257,-20.239,-12.247,否,148927800,37250000,6329431500.0,1583125000.0,62.028567,6.47294,14.262457,18.24,19.65,19.87,19.88,18.01,15.95,7.89,2015-06-26,-
2016-01-07,2772,众兴菌业,农牧饲渔,16.87,16.88,15.6,15.6,15.6,938800,37059237.0,2.520268,-10.0,7.39,否,0.31,-11.111,-23.039,-28.044,-17.241,否,148927800,37250000,5696488350.0,1424812500.0,55.82571,5.825646,12.836211,17.32,19.04,19.67,19.75,18.09,15.96,7.95,2015-06-26,-
2016-01-08,2772,众兴菌业,农牧饲渔,15.7,16.62,14.28,15.85,14.28,3312677,129050969.0,8.893093,1.595,14.98,否,1.22,-4.576,-21.535,-28.378,-20.472,否,148927800,37250000,5787334308.0,1447535000.0,56.716003,5.918551,13.040919,16.59,18.41,19.49,19.6,18.17,15.99,8.02,2015-06-26,-
2016-01-11,2772,众兴菌业,农牧饲渔,15.42,16.23,14.52,14.68,14.52,3108385,117661415.0,8.344658,-7.36,10.83,否,1.1,-15.34,-24.718,-30.787,-29.626,否,148927800,37250000,5361400800.0,1341000000.0,52.541845,5.482961,12.08114,16.02,17.76,19.27,19.48,18.22,16.03,8.07,2015-06-26,-
2016-01-12,2772,众兴菌业,农牧饲渔,14.83,15.32,14.48,14.99,14.48,2626908,96012429.0,7.052102,2.083,5.72,否,0.92,-3.91,-14.587,-25.013,-26.52,否,148927800,37250000,5473096650.0,1368937500.0,53.636467,5.597189,12.33283,15.69,17.26,19.05,19.31,18.27,16.05,8.13,2015-06-26,-
2016-01-13,2772,众兴菌业,农牧饲渔,15.09,15.38,14.31,14.49,14.31,2077563,76528174.0,5.57735,-3.374,7.16,否,0.78,-8.58,-12.763,-28.515,-30.901,否,148927800,37250000,5288426178.0,1322747500.0,51.826692,5.408331,11.916702,15.12,16.68,18.81,19.13,18.28,16.06,8.19,2015-06-26,-
2016-01-14,2772,众兴菌业,农牧饲渔,13.95,15.26,13.71,15.15,13.71,2699318,96927222.0,7.246491,4.618,10.7,否,1.12,3.202,-12.63,-25.0,-23.096,否,148927800,37250000,5532667770.0,1383837500.0,54.220265,5.658111,12.467065,15.03,16.18,18.56,19.01,18.29,16.07,8.25,2015-06-26,-
2016-01-15,2772,众兴菌业,农牧饲渔,15.11,15.3,14.03,14.24,14.03,2529391,91217149.0,6.790311,-6.003,8.34,否,0.91,-5.003,-8.718,-26.974,-26.179,否,148927800,37250000,5200558776.0,1300770000.0,50.96559,5.318472,11.718706,14.71,15.65,18.22,18.82,18.27,16.05,8.31,2015-06-26,-
2016-01-18,2772,众兴菌业,农牧饲渔,13.77,14.81,13.73,14.55,13.73,2082653,73545136.0,5.591015,2.148,7.59,否,0.8,0.414,-8.202,-17.094,-23.702,否,148927800,37250000,5312254626.0,1328707500.0,52.060211,5.4327,11.970396,14.68,15.35,17.93,18.61,18.25,16.05,8.37,2015-06-26,-
2016-01-19,2772,众兴菌业,农牧饲渔,14.5,15.13,14.37,15.11,14.37,2436416,88622366.0,6.540714,3.869,5.27,否,1.01,-0.264,2.929,-9.031,-22.751,否,148927800,37250000,5517774990.0,1380112500.0,54.074315,5.64288,12.433506,14.71,15.2,17.64,18.43,18.24,16.07,8.43,2015-06-26,-
2016-01-20,2772,众兴菌业,农牧饲渔,15.01,15.44,14.89,15.15,14.89,2827914,105383638.0,7.591715,0.243,3.62,否,1.2,6.39,1.067,-12.63,-21.38,否,148927800,37250000,5531178492.0,1383465000.0,54.20567,5.656588,12.463709,14.84,14.98,17.31,18.24,18.24,16.07,8.49,2015-06-26,-
2016-01-21,2772,众兴菌业,农牧饲渔,14.69,15.46,14.28,14.28,14.28,2519740,92475062.0,6.764403,-5.762,7.81,否,1.0,-1.856,-1.449,-8.462,-28.884,否,148927800,37250000,5212473000.0,1303750000.0,51.082349,5.330656,11.745553,14.67,14.85,16.94,18.06,18.25,16.08,8.55,2015-06-26,-
2016-01-22,2772,众兴菌业,农牧饲渔,14.61,14.88,14.05,14.64,14.05,2034126,72159863.0,5.460741,2.571,5.77,否,0.82,-3.111,-3.366,-7.634,-30.319,否,148927800,37250000,5346508020.0,1337275000.0,52.395895,5.46773,12.047581,14.75,14.73,16.57,17.91,18.25,16.08,8.61,2015-06-26,-
2016-01-25,2772,众兴菌业,农牧饲渔,14.82,15.14,14.69,14.85,14.69,1858687,68113507.0,4.989764,1.393,3.06,否,0.78,-1.98,4.284,1.158,-27.242,否,148927800,37250000,5420971920.0,1355900000.0,53.125643,5.543882,12.215375,14.81,14.75,16.25,17.76,18.25,16.09,8.66,2015-06-26,-
2016-01-26,2772,众兴菌业,农牧饲渔,14.72,14.72,13.36,13.36,13.36,2553427,87547960.0,6.854838,-10.0,9.12,否,1.09,-6.443,-8.179,-10.874,-35.769,否,148927800,37250000,4878874728.0,1220310000.0,47.813079,4.989494,10.993837,14.46,14.58,15.92,17.56,18.23,16.07,8.72,2015-06-26,-
2016-01-27,2772,众兴菌业,农牧饲渔,13.34,13.46,12.25,13.1,12.25,2154399,68041345.0,5.783621,-1.954,9.1,否,0.91,-10.519,-13.302,-9.593,-39.742,否,148927800,37250000,4783560936.0,1196470000.0,46.879002,4.892019,10.779061,14.05,14.44,15.56,17.35,18.2,16.05,8.77,2015-06-26,-
2016-01-28,2772,众兴菌业,农牧饲渔,12.73,13.23,11.83,11.83,11.83,1902581,58167208.0,5.1076,-9.714,10.71,否,0.86,-20.337,-21.914,-21.914,-45.434,否,148927800,37250000,4318906200.0,1080250000.0,42.325375,4.416829,9.732029,13.56,14.11,15.14,17.08,18.16,16.02,8.82,2015-06-26,-
2016-01-29,2772,众兴菌业,农牧饲渔,11.75,12.56,11.75,12.42,11.75,1836604,55177567.0,4.930481,4.966,6.9,否,0.87,-7.036,-13.025,-12.781,-43.877,否,148927800,37250000,4533362232.0,1133890000.0,44.427049,4.636148,10.215275,13.11,13.93,14.79,16.79,18.13,16.01,8.87,2015-06-26,-
2016-02-01,2772,众兴菌业,农牧饲渔,12.27,12.53,12.04,12.26,12.04,1431032,43227396.0,3.841697,-1.281,3.91,否,0.69,-6.412,-16.257,-15.739,-42.197,否,148927800,37250000,4475280390.0,1119362500.0,43.857846,4.576749,10.084396,12.59,13.7,14.53,16.52,18.08,15.98,8.92,2015-06-26,-
2016-02-02,2772,众兴菌业,农牧饲渔,12.26,12.92,12.24,12.82,12.24,2007402,62624612.0,5.388999,4.626,5.56,否,1.02,8.369,-13.67,-15.156,-35.868,否,148927800,37250000,4682290032.0,1171140000.0,45.886545,4.788452,10.550862,12.49,13.47,14.34,16.25,18.02,15.95,8.97,2015-06-26,-
2016-02-03,2772,众兴菌业,农牧饲渔,12.65,12.91,12.56,12.82,12.56,1487698,46374117.0,3.99382,-0.064,2.67,否,0.8,3.221,-4.042,-15.38,-36.754,否,148927800,37250000,4679311476.0,1170395000.0,45.857355,4.785406,10.54415,12.43,13.24,14.11,15.96,17.93,15.9,9.02,2015-06-26,-
2016-02-04,2772,众兴菌业,农牧饲渔,12.87,13.69,12.85,13.5,12.85,2667483,87364570.0,7.161028,5.347,6.52,否,1.54,10.114,3.053,-5.462,-33.168,否,148927800,37250000,4929510180.0,1232975000.0,48.309307,5.041278,11.107937,12.76,13.16,14.0,15.68,17.83,15.85,9.07,2015-06-26,-
2016-02-05,2772,众兴菌业,农牧饲渔,13.6,13.6,13.26,13.26,13.26,1501938,49256603.0,4.032048,-1.783,2.51,否,0.8,3.432,12.088,-9.426,-32.0,否,148927800,37250000,4841642778.0,1210997500.0,47.448205,4.951418,10.90994,12.93,13.02,13.88,15.39,17.71,15.8,9.13,2015-06-26,-
2016-02-15,2772,众兴菌业,农牧饲渔,12.65,13.13,12.44,13.01,12.44,1400201,44065835.0,3.758929,-1.876,5.17,否,0.77,1.482,4.75,-12.391,-25.869,否,148927800,37250000,4750796820.0,1188275000.0,46.557913,4.858512,10.705232,13.08,12.84,13.79,15.11,17.6,15.75,9.18,2015-06-26,-
2016-02-16,2772,众兴菌业,农牧饲渔,13.12,13.61,13.11,13.57,13.11,1874892,61965292.0,5.033267,4.295,3.79,否,1.03,0.519,10.685,1.572,-18.302,否,148927800,37250000,4954827906.0,1239307500.0,48.557422,5.067169,11.164987,13.23,12.86,13.72,14.9,17.5,15.71,9.23,2015-06-26,-
2016-02-17,2772,众兴菌业,农牧饲渔,13.85,14.51,13.85,14.44,13.85,3823853,134138932.0,10.265377,6.372,4.9,否,2.14,8.899,12.637,10.229,-16.724,否,148927800,37250000,5270554842.0,1318277500.0,51.651553,5.390055,11.876432,13.56,12.99,13.72,14.71,17.38,15.68,9.29,2015-06-26,-
2016-02-18,2772,众兴菌业,农牧饲渔,14.32,14.52,14.2,14.34,14.2,2710575,95365272.0,7.276711,-0.678,2.23,否,1.2,10.223,11.856,21.217,-8.077,否,148927800,37250000,5234812170.0,1309337500.0,51.301274,5.353502,11.795891,13.72,13.24,13.68,14.51,17.29,15.65,9.35,2015-06-26,-
2016-02-19,2772,众兴菌业,农牧饲渔,14.2,15.77,14.2,15.18,14.2,4360251,162359221.0,11.705372,5.889,11.01,否,1.93,11.864,12.444,22.222,-4.227,否,148927800,37250000,5543092716.0,1386445000.0,54.32243,5.668772,12.490556,14.11,13.52,13.72,14.37,17.21,15.61,9.41,2015-06-26,-
2016-02-22,2772,众兴菌业,农牧饲渔,16.32,16.64,15.62,15.92,15.62,6823895,268934416.0,18.319181,4.863,6.72,否,2.41,10.249,20.06,29.853,8.447,否,148927800,37250000,5812652034.0,1453867500.0,56.964117,5.944443,13.097969,14.69,13.89,13.79,14.31,17.16,15.6,9.47,2015-06-26,-
2016-02-23,2772,众兴菌业,农牧饲渔,15.74,16.32,15.74,15.94,15.74,4148703,162755296.0,11.137458,0.128,3.61,否,1.06,11.158,22.521,24.337,6.338,否,148927800,37250000,5820098424.0,1455730000.0,57.037092,5.952058,13.114748,15.16,14.2,13.83,14.29,17.12,15.58,9.54,2015-06-26,-
2016-02-24,2772,众兴菌业,农牧饲渔,15.91,15.93,14.96,15.5,14.96,3857851,146182475.0,10.356647,-2.764,6.09,否,0.88,2.108,14.223,20.905,6.97,否,148927800,37250000,5659256400.0,1415500000.0,55.460836,5.787569,12.752314,15.38,14.47,13.85,14.23,17.05,15.56,9.6,2015-06-26,-
2016-02-25,2772,众兴菌业,农牧饲渔,15.4,15.41,13.95,13.96,13.95,3551235,126709544.0,9.533517,-9.921,9.42,否,0.81,-12.312,-3.324,3.407,-7.855,否,148927800,37250000,5097798594.0,1275067500.0,49.958538,5.213382,11.48715,15.3,14.51,13.84,14.17,16.96,15.53,9.65,2015-06-26,-
2016-02-26,2772,众兴菌业,农牧饲渔,14.53,14.67,14.16,14.42,14.16,3144624,111443243.0,8.441944,3.272,3.65,否,0.69,-9.536,0.558,8.748,1.264,否,148927800,37250000,5264597730.0,1316787500.0,46.026711,5.104991,10.978886,15.15,14.63,13.83,14.13,16.86,15.52,9.71,2015-06-26,-
2016-02-29,2772,众兴菌业,农牧饲渔,14.07,14.23,13.01,13.17,13.01,2486746,81557602.0,6.675828,-8.656,8.43,否,0.58,-15.032,-13.241,1.23,-9.485,否,148927800,37250000,4808878662.0,1202802500.0,42.042504,4.663088,10.028521,14.6,14.64,13.74,14.08,16.78,15.5,9.76,2015-06-26,-
2016-03-01,2772,众兴菌业,农牧饲渔,13.38,13.87,13.05,13.65,13.05,2138029,70523550.0,5.739675,3.654,6.19,否,0.62,-2.221,-14.259,0.59,-9.662,否,148927800,37250000,4984613466.0,1246757500.0,43.578897,4.833495,10.395002,14.14,14.65,13.76,14.03,16.67,15.49,9.82,2015-06-26,-
2016-03-02,2772,众兴菌业,农牧饲渔,13.47,14.57,13.47,14.51,13.47,2578809,89234026.0,6.922977,6.274,8.13,否,0.85,0.624,-8.971,0.485,-4.224,否,148927800,37250000,5297361846.0,1324982500.0,46.313158,5.136762,11.047213,13.94,14.66,13.83,14.03,16.58,15.5,9.88,2015-06-26,-
2016-03-03,2772,众兴菌业,农牧饲渔,14.51,15.17,14.31,14.85,14.31,3438359,124936192.0,9.230494,2.333,5.93,否,1.24,12.756,-4.194,3.556,3.992,否,148927800,37250000,5420971920.0,1355900000.0,47.393841,5.256625,11.304991,14.12,14.71,13.98,14.02,16.52,15.52,9.94,2015-06-26,-
2016-03-04,2772,众兴菌业,农牧饲渔,14.6,14.75,13.6,13.75,13.6,2868377,99595334.0,7.700341,-7.418,7.75,否,1.04,0.733,-1.504,-9.42,-6.079,否,148927800,37250000,5018866860.0,1255325000.0,43.878364,4.86671,10.466434,13.99,14.57,14.04,14.01,16.41,15.54,9.99,2015-06-26,-
2016-03-07,2772,众兴菌业,农牧饲渔,14.27,14.6,13.88,14.19,13.88,1826146,64081813.0,4.902405,3.234,5.25,否,0.68,-2.205,-1.595,-10.867,-4.444,否,148927800,37250000,5181198162.0,1295927500.0,45.297575,5.02412,10.804963,14.19,14.39,14.14,13.99,16.3,15.55,10.05,2015-06-26,-
2016-03-08,2772,众兴菌业,农牧饲渔,14.19,14.27,13.05,14.27,13.05,2169949,73256222.0,5.825366,0.575,8.59,否,0.84,-3.906,8.352,-10.477,6.811,否,148927800,37250000,5210983722.0,1303377500.0,45.557981,5.053003,10.867078,14.31,14.23,14.21,13.97,16.2,15.56,10.1,2015-06-26,-
2016-03-09,2772,众兴菌业,农牧饲渔,13.88,14.16,13.55,13.74,13.55,1378550,46856296.0,3.700805,-3.715,4.26,否,0.54,-0.073,0.659,-11.355,4.885,否,148927800,37250000,5017377582.0,1254952500.0,43.865344,4.865266,10.463328,14.16,14.05,14.26,13.92,16.08,15.57,10.16,2015-06-26,-
2016-03-10,2772,众兴菌业,农牧饲渔,13.82,13.97,13.48,13.52,13.48,1144985,38525731.0,3.073785,-1.603,3.53,否,0.49,-4.722,-6.823,-3.152,14.286,否,148927800,37250000,4936956570.0,1234837500.0,43.162248,4.787283,10.295617,13.89,14.01,14.26,13.89,15.98,15.58,10.21,2015-06-26,-
2016-03-11,2772,众兴菌业,农牧饲渔,13.39,13.86,13.26,13.71,13.26,1286833,43109105.0,3.454585,1.358,4.46,否,0.69,-3.924,-7.677,-4.924,10.386,否,148927800,37250000,5003974080.0,1251600000.0,43.748161,4.852269,10.435377,13.89,13.94,14.28,13.86,15.88,15.6,10.27,2015-06-26,-
2016-03-14,2772,众兴菌业,农牧饲渔,14.02,14.62,13.94,14.4,13.94,2436911,85937128.0,6.542043,5.089,4.97,否,1.56,4.803,4.727,9.339,17.455,否,148927800,37250000,5258640618.0,1315297500.0,45.97463,5.099215,10.966463,13.93,14.06,14.35,13.85,15.81,15.63,10.33,2015-06-26,-
2016-03-15,2772,众兴菌业,农牧饲渔,14.4,14.48,14.03,14.09,14.03,1658255,57878186.0,4.451691,-2.152,3.12,否,0.99,4.216,-0.705,3.223,9.906,否,148927800,37250000,5145455490.0,1286987500.0,44.985088,4.989461,10.730424,13.89,14.1,14.38,13.87,15.71,15.66,10.38,2015-06-26,-
2016-03-16,2772,众兴菌业,农牧饲渔,14.22,14.36,13.9,13.94,13.9,1277804,44237717.0,3.430346,-1.071,3.3,否,0.81,1.678,-2.313,-3.928,8.736,否,148927800,37250000,5090352204.0,1273205000.0,44.503338,4.936028,10.615511,13.93,14.05,14.35,13.9,15.63,15.68,10.44,2015-06-26,-
2016-03-17,2772,众兴菌业,农牧饲渔,14.1,14.55,13.95,14.51,13.95,2502556,88100681.0,6.718271,4.096,4.3,否,1.6,0.764,5.604,-2.29,7.481,否,148927800,37250000,5298851124.0,1325355000.0,46.326178,5.138206,11.050318,14.13,14.01,14.36,13.99,15.53,15.7,10.5,2015-06-26,-
2016-03-18,2772,众兴菌业,农牧饲渔,14.55,15.33,14.55,15.16,14.55,3780890,139160919.0,10.15004,4.441,5.37,否,2.06,7.594,12.13,10.255,14.329,否,155826800,37250000,5790523888.0,1384210000.0,50.624717,5.614973,12.075662,14.42,14.15,14.36,14.08,15.44,15.73,10.56,2015-06-26,-
2016-03-21,2772,众兴菌业,农牧饲渔,15.18,15.47,15.16,15.39,15.16,3243162,121601207.0,8.706475,1.534,2.05,否,1.39,10.402,12.254,8.457,18.294,否,155826800,37250000,5879345164.0,1405442500.0,51.401253,5.701101,12.260891,14.62,14.27,14.33,14.18,15.35,15.77,10.62,2015-06-26,-
2016-03-22,2772,众兴菌业,农牧饲渔,15.11,16.28,15.09,15.86,15.09,4566051,175983936.0,12.257855,3.022,7.74,否,1.83,9.304,10.139,11.142,16.875,否,155826800,37250000,6056987716.0,1447907500.0,52.954326,5.873358,12.63135,14.97,14.43,14.33,14.29,15.27,15.81,10.68,2015-06-26,-
2016-03-23,2772,众兴菌业,农牧饲渔,17.44,17.44,17.44,17.44,17.44,1787525,76434569.0,4.798725,10.008,0.0,否,0.58,15.04,23.776,26.929,20.776,是,155826800,37250000,6663153968.0,1592810000.0,58.253846,6.461148,13.89546,15.67,14.8,14.43,14.44,15.2,15.87,10.75,2015-06-26,-
2016-03-24,2772,众兴菌业,农牧饲渔,19.19,19.19,19.19,19.19,19.19,2450832,115287137.0,6.579415,10.009,0.0,否,0.77,24.691,37.661,41.938,33.821,是,155826800,37250000,7330092672.0,1752240000.0,64.08468,7.107867,15.286306,16.61,15.37,14.69,14.63,15.16,15.94,10.83,2015-06-26,-
2016-03-25,2772,众兴菌业,农牧饲渔,21.11,21.11,20.75,21.11,20.75,12580584,650309632.0,33.77338,9.992,1.83,否,3.97,33.102,45.486,53.975,39.065,是,155826800,37250000,8062478632.0,1927315000.0,70.487698,7.818049,16.813636,17.8,16.11,15.02,14.89,15.14,16.03,10.91,2015-06-26,-
2016-03-28,2772,众兴菌业,农牧饲渔,21.62,21.82,20.01,20.26,20.01,12616494,636891888.0,33.869783,-4.001,8.6,否,2.56,16.17,33.641,40.694,27.261,否,155826800,37250000,7739917156.0,1850207500.0,67.667645,7.505267,16.140961,18.77,16.7,15.38,15.13,15.12,16.11,10.99,2015-06-26,-
2016-03-29,2772,众兴菌业,农牧饲渔,20.4,20.51,19.05,19.53,19.05,8296128,402668432.0,22.271485,-3.604,7.19,否,1.22,1.772,26.901,38.609,22.522,否,155826800,37250000,7460987184.0,1783530000.0,65.229049,7.234793,15.559275,19.51,17.24,15.67,15.33,15.12,16.19,11.07,2015-06-26,-
2016-03-30,2772,众兴菌业,农牧饲渔,19.68,20.85,19.6,20.57,19.6,10820152,537953280.0,29.047388,5.326,6.39,否,1.43,-2.558,29.697,47.561,32.71,否,155826800,37250000,7858345524.0,1878517500.0,68.703027,7.620105,16.387934,20.13,17.9,15.97,15.54,15.12,16.27,11.15,2015-06-26,-
2016-03-31,2772,众兴菌业,农牧饲渔,20.56,21.42,20.27,20.39,20.27,10766043,549477632.0,28.902129,-0.892,5.57,否,1.15,0.642,16.915,40.524,46.06,否,155826800,37250000,7788223464.0,1861755000.0,68.089972,7.552108,16.2417,20.37,18.49,16.25,15.74,15.12,16.34,11.24,2015-06-26,-
2016-04-01,2772,众兴菌业,农牧饲渔,20.19,21.24,19.67,21.06,19.67,8638407,435487056.0,23.190354,3.301,7.68,否,0.78,7.834,9.745,38.918,46.047,否,155826800,37250000,8045337684.0,1923217500.0,70.33784,7.801428,16.77789,20.36,19.08,16.62,15.93,15.15,16.42,11.32,2015-06-26,-
2016-04-05,2772,众兴菌业,农牧饲渔,21.21,23.17,20.75,23.17,20.75,9901179,537063152.0,26.580346,9.994,11.45,否,0.97,12.64,9.758,50.552,75.93,是,155826800,37250000,8849403972.0,2115427500.0,77.367537,8.581117,18.454705,20.94,19.86,17.07,16.18,15.24,16.53,11.41,2015-06-26,-
2016-04-06,2772,众兴菌业,农牧饲渔,23.05,25.06,22.84,24.08,22.84,10824763,631236976.0,29.059766,3.927,9.58,否,1.12,18.097,18.855,51.828,76.41,否,155826800,37250000,9196897736.0,2198495000.0,80.405565,8.918076,19.179374,21.85,20.68,17.56,16.45,15.37,16.64,11.51,2015-06-26,-
2016-04-07,2772,众兴菌业,农牧饲渔,24.07,26.31,23.74,25.48,23.74,9902852,599689824.0,26.584838,5.829,10.69,否,0.97,20.988,30.466,46.101,75.603,否,155826800,37250000,9732941928.0,2326635000.0,85.09203,9.437869,20.29725,22.84,21.48,18.14,16.78,15.5,16.76,11.61,2015-06-26,-
2016-04-08,2772,众兴菌业,农牧饲渔,24.83,25.09,23.74,24.11,23.74,7333734,438799584.0,19.687877,-5.379,5.28,否,0.73,4.057,17.21,25.638,62.357,否,155826800,37250000,9209363880.0,2201475000.0,80.514553,8.930164,19.205371,23.58,21.98,18.67,17.12,15.65,16.87,11.71,2015-06-26,-
2016-04-11,2772,众兴菌业,农牧饲渔,25.49,25.74,23.3,23.48,23.3,10229268,615458000.0,27.461122,-2.589,10.14,否,1.1,-2.492,15.154,11.227,70.764,否,155826800,37250000,8970948876.0,2144482500.0,78.430166,8.698977,18.708176,24.06,22.21,19.16,17.42,15.77,16.97,11.8,2015-06-26,-
2016-04-12,2772,众兴菌业,农牧饲渔,23.25,24.53,21.95,23.62,21.95,11383700,644748608.0,30.560268,0.591,11.01,否,1.18,-7.3,12.156,16.584,66.455,否,155826800,37250000,9023929988.0,2157147500.0,78.893363,8.750352,18.818664,24.15,22.55,19.62,17.77,15.92,17.07,11.9,2015-06-26,-
2016-04-13,2772,众兴菌业,农牧饲渔,23.37,24.69,23.04,23.77,23.04,8874547,518423120.0,23.824287,0.622,6.99,否,0.89,-1.41,2.59,21.71,66.573,否,155826800,37250000,9080027636.0,2170557500.0,79.383807,8.804749,18.935651,24.09,22.97,20.11,18.11,16.07,17.17,11.99,2015-06-26,-
2016-04-14,2772,众兴菌业,农牧饲渔,23.77,23.9,22.82,23.17,22.82,7253799,415173680.0,19.473286,-2.54,4.56,否,0.76,-1.32,-3.779,12.64,68.632,否,155826800,37250000,8849403972.0,2115427500.0,77.367537,8.581117,18.454705,23.63,23.23,20.57,18.39,16.21,17.25,12.08,2015-06-26,-
2016-04-15,2772,众兴菌业,农牧饲渔,22.72,25.19,22.51,23.47,22.51,22437759,638418512.0,29.364609,1.303,11.55,否,2.49,-0.635,-7.889,15.105,73.595,否,319647374,76410891,8946929998.26,2138740839.09,78.220177,8.675687,18.658087,23.5,23.54,21.02,18.68,16.35,17.32,12.18,2015-06-26,-
2016-04-18,2772,众兴菌业,农牧饲渔,22.83,23.06,21.68,22.09,21.68,13806426,368693152.0,18.068662,-5.859,5.89,否,1.15,-7.068,-8.378,4.891,61.123,否,319647374,76410891,8422708304.9,2013426977.85,73.637072,8.167358,17.564866,23.22,23.64,21.36,18.96,16.48,17.37,12.27,2015-06-26,-
2016-04-19,2772,众兴菌业,农牧饲渔,22.47,22.52,21.38,21.67,21.38,10584325,276049264.0,13.851854,-1.898,5.16,否,0.83,-6.474,-7.709,-6.474,50.486,否,319647374,76410891,8262884617.9,1975221532.35,72.239784,8.012379,17.231567,22.83,23.49,21.68,19.21,16.6,17.43,12.35,2015-06-26,-
2016-04-20,2772,众兴菌业,农牧饲渔,22.05,22.29,19.51,19.93,19.51,16161363,400899504.0,21.150601,-8.046,12.84,否,1.28,-15.083,-15.622,-17.234,41.448,否,319647374,76410891,7598018079.98,1816286879.07,66.427067,7.367669,15.845042,22.07,23.08,21.88,19.4,16.68,17.46,12.43,2015-06-26,-
2016-04-21,2772,众兴菌业,农牧饲渔,19.93,20.11,19.03,19.03,19.03,11770852,274330624.0,15.404678,-4.502,5.43,否,0.84,-13.852,-19.941,-25.314,36.514,否,319647374,76410891,7255995389.8,1734527225.7,63.436871,7.036016,15.131782,21.24,22.43,21.96,19.57,16.75,17.49,12.51,2015-06-26,-
2016-04-22,2772,众兴菌业,农牧饲渔,19.02,19.95,18.97,19.66,18.97,9996656,232105962.0,13.082763,3.304,5.15,否,0.67,-9.275,-15.149,-18.457,35.493,否,319647374,76410891,7495730920.3,1791835393.95,65.532802,7.268483,15.631731,20.48,21.99,21.98,19.78,16.84,17.54,12.59,2015-06-26,-
2016-04-25,2772,众兴菌业,农牧饲渔,19.12,19.27,18.45,19.22,18.45,8420910,190258447.0,11.020563,-2.26,4.18,否,0.68,-3.562,-18.108,-18.143,26.781,否,319647374,76410891,7326317812.08,1751337621.72,47.554988,6.679387,13.753092,19.9,21.56,21.89,19.96,16.91,17.58,12.66,2015-06-26,-
2016-04-26,2772,众兴菌业,农牧饲渔,19.45,21.14,19.28,21.14,19.28,13854047,339526080.0,18.130985,9.991,9.64,否,1.22,11.088,-4.301,-10.5,37.362,是,319647374,76410891,8058310298.54,1926318562.11,52.306337,7.346743,15.127201,19.8,21.32,21.93,20.19,17.02,17.64,12.75,2015-06-26,-
2016-04-27,2772,众兴菌业,农牧饲渔,21.8,22.1,20.96,21.39,20.96,21991977,563192320.0,28.781207,1.19,5.39,否,1.83,8.8,-1.292,-10.013,34.868,否,319647374,76410891,8154204510.74,1949241829.41,52.928784,7.43417,15.307215,20.09,21.08,22.03,20.43,17.15,17.69,12.83,2015-06-26,-
2016-04-28,2772,众兴菌业,农牧饲渔,21.07,22.96,21.07,22.05,21.07,19760045,520744912.0,25.860247,3.097,8.86,否,1.5,14.724,10.637,-4.834,26.433,否,319647374,76410891,8406725936.2,2009606433.3,54.567896,7.664393,15.781253,20.69,20.97,22.1,20.7,17.3,17.75,12.92,2015-06-26,-
2016-04-29,2772,众兴菌业,农牧饲渔,21.56,22.47,21.14,21.5,21.14,12843648,332093056.0,16.808661,-2.51,6.01,否,0.87,1.703,12.98,-8.394,12.038,否,319647374,76410891,8195758669.36,1959175245.24,53.198511,7.472055,15.385222,21.06,20.77,22.15,20.93,17.46,17.81,13.01,2015-06-26,-
2016-05-03,2772,众兴菌业,农牧饲渔,21.11,22.01,20.75,21.98,20.75,13452484,345115552.0,17.605454,2.262,5.85,否,0.88,2.758,11.801,-0.498,4.121,否,319647374,76410891,8381154146.28,2003493562.02,54.40191,7.641079,15.733249,21.61,20.76,22.2,21.16,17.62,17.87,13.1,2015-06-26,-
2016-05-04,2772,众兴菌业,农牧饲渔,21.78,21.87,21.34,21.47,21.34,11040300,284242848.0,14.448595,-2.327,2.4,否,0.67,-2.63,11.707,-0.923,5.972,否,319647374,76410891,8186169248.14,1956882918.51,53.136267,7.463312,15.36722,21.68,20.74,22.12,21.36,17.77,17.93,13.18,2015-06-26,-
2016-05-05,2772,众兴菌业,农牧饲渔,21.3,23.36,21.14,22.96,21.14,20002271,532164112.0,26.177251,6.911,10.35,否,1.26,6.791,8.609,15.203,17.563,否,319647374,76410891,8751945100.12,2092130195.58,56.808707,7.979129,16.429305,21.99,21.04,22.06,21.6,17.94,17.98,13.27,2015-06-26,-
2016-05-06,2772,众兴菌业,农牧饲渔,22.64,22.95,21.47,21.52,21.47,16984051,448988976.0,22.227265,-6.245,6.43,否,1.1,-2.093,0.608,13.085,4.618,否,319647374,76410891,8205348090.58,1961467571.97,53.260756,7.480797,15.403223,21.89,21.29,21.86,21.74,18.09,18.01,13.36,2015-06-26,-
2016-05-09,2772,众兴菌业,农牧饲渔,20.97,21.04,19.7,20.37,19.7,9412004,228850062.0,12.317621,-5.376,6.23,否,0.63,-5.123,-7.619,3.611,-0.098,否,319647374,76410891,7764234714.46,1856020542.39,50.397498,7.078635,14.575157,21.66,21.36,21.67,21.78,18.2,18.01,13.44,2015-06-26,-
2016-05-10,2772,众兴菌业,农牧饲渔,20.42,20.74,19.98,20.29,19.98,5161909,125312244.0,6.755462,-0.371,3.75,否,0.36,-11.629,-5.628,5.567,-3.656,否,319647374,76410891,7735466450.8,1849143562.2,50.210763,7.052407,14.521153,21.32,21.47,21.52,21.75,18.32,18.02,13.52,2015-06-26,-
2016-05-11,2772,众兴菌业,农牧饲渔,20.61,21.13,20.18,20.56,20.18,8107698,200117044.0,10.610658,1.322,4.67,否,0.65,-4.461,-6.46,-2.744,-11.265,否,319647374,76410891,7837753610.48,1873595047.32,50.874707,7.145662,14.713168,21.14,21.41,21.36,21.76,18.45,18.02,13.61,2015-06-26,-
2016-05-12,2772,众兴菌业,农牧饲渔,19.84,20.44,19.12,20.07,19.12,6420689,152151288.0,8.402845,-2.365,6.44,否,0.54,-1.473,-6.521,-6.171,-16.653,否,319647374,76410891,7652358133.56,1829276730.54,49.671309,6.976638,14.365141,20.56,21.28,21.18,21.78,18.55,18.02,13.69,2015-06-26,-
2016-05-13,2772,众兴菌业,农牧饲渔,19.83,20.91,19.83,20.28,19.83,7325481,179376624.0,9.586959,1.044,5.39,否,0.79,-0.049,-11.672,-8.027,-20.408,否,319647374,76410891,7732269977.06,1848379453.29,50.190015,7.049493,14.515153,20.31,21.1,21.03,21.77,18.65,18.01,13.77,2015-06-26,-
2016-05-16,2772,众兴菌业,农牧饲渔,20.38,20.84,20.21,20.83,20.21,6138865,151069542.0,8.034018,2.728,3.14,否,0.84,1.313,-3.206,-3.116,-13.604,否,319647374,76410891,7943237243.9,1898810641.35,51.5594,7.241832,14.911184,20.41,21.03,20.9,21.78,18.76,18.03,13.85,2015-06-26,-
2016-05-17,2772,众兴菌业,农牧饲渔,20.87,20.96,20.04,20.43,20.04,7240413,176671410.0,9.47563,-1.932,4.43,否,1.09,1.794,0.295,-7.052,-12.99,否,319647374,76410891,7789806504.38,1862133413.67,50.563484,7.101949,14.623161,20.43,20.88,20.82,21.76,18.85,18.03,13.93,2015-06-26,-
2016-05-18,2772,众兴菌业,农牧饲渔,20.09,20.25,19.2,19.32,19.2,6779293,158647036.0,8.872155,-5.458,5.13,否,0.96,-4.734,-4.781,-10.014,-18.205,否,319647374,76410891,7364675496.96,1760506928.64,47.803966,6.714358,13.825098,20.19,20.66,20.7,21.63,18.9,18.03,14.01,2015-06-26,-
2016-05-19,2772,众兴菌业,农牧饲渔,19.4,19.86,19.12,19.33,19.12,5532828,128579897.0,7.240889,0.043,3.86,否,0.82,-7.201,-5.982,-15.81,-18.679,否,319647374,76410891,7367871970.7,1761271037.55,47.824715,6.717272,13.831098,20.04,20.3,20.67,21.47,18.96,18.04,14.09,2015-06-26,-
2016-05-20,2772,众兴菌业,农牧饲渔,18.91,19.49,18.86,19.48,18.86,5101747,116426389.0,6.676728,0.781,3.25,否,0.77,-4.65,-2.94,-9.48,-15.926,否,319647374,76410891,7425408498.02,1775024997.93,48.198183,6.769728,13.939107,19.88,20.1,20.69,21.27,19.03,18.04,14.16,2015-06-26,-
2016-05-23,2772,众兴菌业,农牧饲渔,19.66,19.95,19.49,19.77,19.49,5378839,126610612.0,7.039362,1.507,2.37,否,0.87,2.329,-2.515,-2.946,-15.765,否,319647374,76410891,7537285078.92,1801768809.78,48.924372,6.871726,14.149123,19.67,20.04,20.7,21.13,19.12,18.04,14.24,2015-06-26,-
2016-05-24,2772,众兴菌业,农牧饲渔,19.79,20.98,19.6,20.62,19.6,11991927,291436656.0,15.694002,4.283,6.96,否,2.0,6.674,-1.008,1.626,-6.655,否,319647374,76410891,7860128926.66,1878943809.69,51.019945,7.166062,14.755172,19.7,20.07,20.77,21.03,19.23,18.05,14.33,2015-06-26,-
2016-05-25,2772,众兴菌业,农牧饲渔,20.65,21.03,20.01,20.3,20.01,8857556,216554944.0,11.592007,-1.545,4.92,否,1.27,4.209,-0.636,-1.265,-6.322,否,319647374,76410891,7738662924.54,1849907671.11,50.231512,7.055322,14.527153,19.9,20.04,20.73,20.92,19.35,18.06,14.41,2015-06-26,-
2016-05-26,2772,众兴菌业,农牧饲渔,20.14,20.32,19.52,20.21,19.52,5904786,140212398.0,7.727676,-0.454,3.97,否,0.8,2.226,4.607,0.698,1.405,否,319647374,76410891,7703501713.4,1841502473.1,50.003281,7.023265,14.461148,20.08,20.06,20.67,20.8,19.45,18.06,14.49,2015-06-26,-
2016-05-27,2772,众兴菌业,农牧饲渔,20.12,20.67,20.04,20.28,20.04,6175764,150259484.0,8.082309,0.373,3.11,否,0.83,-1.649,4.915,0.0,6.569,否,319647374,76410891,7732269977.06,1848379453.29,50.190015,7.049493,14.515153,20.24,20.06,20.58,20.71,19.55,18.07,14.57,2015-06-26,-
2016-05-30,2772,众兴菌业,农牧饲渔,20.27,20.27,19.54,19.72,19.54,4679604,110540501.0,6.124263,-2.77,3.64,否,0.61,-2.857,1.232,-5.329,0.305,否,319647374,76410891,7518106236.48,1797184156.32,48.799882,6.854241,14.113121,20.23,19.95,20.49,20.58,19.63,18.07,14.65,2015-06-26,-
2016-05-31,2772,众兴菌业,农牧饲渔,19.72,20.78,19.72,20.78,19.72,8930080,217924933.0,11.68692,5.357,5.36,否,1.19,2.82,5.109,1.713,8.117,否,319647374,76410891,7920861927.72,1893461878.98,51.414162,7.221432,14.869181,20.26,19.98,20.43,20.54,19.75,18.08,14.73,2015-06-26,-
2016-06-01,2772,众兴菌业,农牧饲渔,20.88,22.64,20.88,22.04,20.88,15485620,398169328.0,20.266247,6.094,8.47,否,2.24,8.679,6.887,14.079,4.257,否,319647374,76410891,8403529462.46,2008842324.39,54.547148,7.661479,15.775253,20.61,20.25,20.46,20.55,19.88,18.09,14.82,2015-06-26,-
2016-06-02,2772,众兴菌业,农牧饲渔,21.56,22.39,21.56,22.13,21.56,11478844,301217808.0,15.022523,0.38,3.77,否,1.39,12.221,9.015,14.485,3.46,否,319647374,76410891,8435494199.86,2016483413.49,54.75463,7.690621,15.835257,20.99,20.53,20.42,20.62,20.01,18.11,14.91,2015-06-26,-
2016-06-03,2772,众兴菌业,农牧饲渔,22.22,22.45,21.82,21.97,21.82,9308071,245215880.0,12.181602,-0.682,2.88,否,1.0,5.727,8.709,12.782,-0.363,否,319647374,76410891,8377957672.54,2002729453.11,54.381162,7.638165,15.727249,21.33,20.78,20.44,20.72,20.15,18.11,15.0,2015-06-26,-
2016-06-06,2772,众兴菌业,农牧饲渔,21.97,22.11,21.26,21.55,21.26,7718288,199268989.0,10.101031,-1.946,3.85,否,0.77,-2.223,6.262,9.004,0.233,否,319647374,76410891,8214937511.8,1963759898.7,53.323001,7.48954,15.421224,21.69,20.96,20.5,20.79,20.28,18.13,15.08,2015-06-26,-
2016-06-07,2772,众兴菌业,农牧饲渔,21.45,22.97,21.45,22.96,21.45,14957054,397038112.0,19.574505,6.537,7.08,否,1.41,3.751,16.43,11.348,4.459,否,319647374,76410891,8751945100.12,2092130195.58,56.808707,7.979129,16.429305,22.13,21.19,20.63,20.91,20.44,18.16,15.17,2015-06-26,-
2016-06-08,2772,众兴菌业,农牧饲渔,22.73,22.73,22.01,22.13,22.01,11218020,298744672.0,14.681179,-3.616,3.14,否,0.95,0.728,6.497,9.015,3.074,否,319647374,76410891,8435494199.86,2016483413.49,54.75463,7.690621,15.835257,22.15,21.38,20.71,20.94,20.56,18.19,15.26,2015-06-26,-
2016-06-13,2772,众兴菌业,农牧饲渔,21.46,21.81,20.12,20.25,20.12,8943697,225923087.0,11.704741,-8.488,7.62,否,0.82,-6.032,-8.122,0.198,-11.803,否,319647374,76410891,7719484082.1,1845323017.65,50.107022,7.037836,14.491151,21.77,21.38,20.72,20.91,20.67,18.19,15.34,2015-06-26,-
2016-06-14,2772,众兴菌业,农牧饲渔,19.85,20.44,19.54,20.0,19.54,6762429,160856067.0,8.850085,-1.242,4.43,否,0.65,-12.892,-9.625,-1.381,-7.063,否,319647374,76410891,7623589869.9,1822399750.35,49.484575,6.95041,14.311136,21.38,21.35,20.71,20.84,20.77,18.2,15.42,2015-06-26,-
2016-06-15,2772,众兴菌业,农牧饲渔,19.54,21.04,19.54,20.65,19.54,6945296,170081314.0,9.089406,3.27,7.55,否,0.7,-6.688,-6.008,4.716,1.375,否,319647374,76410891,7872914821.62,1882000245.33,51.102938,7.177719,14.779173,21.2,21.45,20.7,20.81,20.87,18.2,15.51,2015-06-26,-
2016-06-16,2772,众兴菌业,农牧饲渔,20.54,20.95,20.46,20.58,20.46,6034001,149334555.0,7.896781,-0.325,2.4,否,0.62,1.63,-4.501,-0.962,1.429,否,319647374,76410891,7847343031.7,1875887374.05,50.936952,7.154405,14.73117,20.72,21.43,20.7,20.76,20.96,18.2,15.59,2015-06-26,-
2016-06-17,2772,众兴菌业,农牧饲渔,20.6,21.1,20.21,20.49,20.21,5341211,131842546.0,6.990117,-0.448,4.32,否,0.67,2.45,-10.758,-7.033,-0.34,否,319647374,76410891,7812181820.56,1867482176.04,50.708721,7.122349,14.665164,20.39,21.27,20.76,20.73,21.05,18.2,15.67,2015-06-26,-
2016-06-20,2772,众兴菌业,农牧饲渔,20.48,20.63,19.87,20.3,19.87,6184611,148950107.0,8.093887,-0.941,3.68,否,0.91,-1.695,-8.269,-8.269,1.146,否,319647374,76410891,7738662924.54,1849907671.11,50.231512,7.055322,14.527153,20.4,21.09,20.81,20.64,21.12,18.19,15.75,2015-06-26,-
2016-06-21,2772,众兴菌业,农牧饲渔,20.4,22.33,20.4,21.57,20.4,19614676,507319856.0,25.67,6.278,9.5,否,3.14,4.81,6.519,-1.821,6.361,否,319647374,76410891,8224526933.02,1966052225.43,53.385246,7.498283,15.439226,20.72,21.05,20.92,20.64,21.19,18.19,15.84,2015-06-26,-
2016-06-22,2772,众兴菌业,农牧饲渔,21.13,21.51,20.46,21.51,20.46,13397777,334416336.0,17.533858,-0.311,4.86,否,1.52,4.978,7.55,-0.186,3.265,否,319647374,76410891,8198955143.1,1959939354.15,53.21926,7.474969,15.391222,20.89,21.04,21.0,20.68,21.23,18.19,15.92,2015-06-26,-
2016-06-23,2772,众兴菌业,农牧饲渔,21.3,21.3,20.62,20.83,20.62,9569034,238932202.0,12.523128,-3.119,3.16,否,0.95,2.611,0.872,-9.277,1.958,否,319647374,76410891,7943237243.9,1898810641.35,51.5594,7.241832,14.911184,20.94,20.83,21.01,20.7,21.22,18.18,16.01,2015-06-26,-
2016-06-24,2772,众兴菌业,农牧饲渔,20.86,21.23,19.45,20.5,19.45,9571214,236516353.0,12.525981,-1.61,8.53,否,0.88,-4.961,-0.389,-7.366,6.108,否,319647374,76410891,7815378294.3,1868246284.95,50.72947,7.125263,14.671165,20.94,20.67,21.02,20.7,21.23,18.18,16.09,2015-06-26,-
2016-06-27,2772,众兴菌业,农牧饲渔,19.95,21.0,19.95,20.88,19.95,7240350,178500928.0,4.57751,1.841,5.11,否,0.62,-2.929,1.903,3.111,8.019,否,319647374,158172252,7959219612.6,3938489074.8,51.663141,7.256403,14.941186,21.06,20.73,21.06,20.72,21.25,18.18,16.17,2015-06-26,-
2016-06-28,2772,众兴菌业,农牧饲渔,20.79,21.53,20.71,21.38,20.71,8990424,228173432.0,5.683945,2.41,3.94,否,0.76,2.64,5.32,6.9,9.754,否,319647374,158172252,8151008037.0,4033392426.0,52.908036,7.431256,15.301215,21.02,20.87,21.11,20.76,21.26,18.19,16.26,2015-06-26,-
2016-06-29,2772,众兴菌业,农牧饲渔,21.58,21.63,21.07,21.47,21.07,8917907,227074782.0,5.638098,0.431,2.63,否,0.91,4.732,-0.464,3.971,8.599,否,319647374,158172252,8186169248.14,4050791373.72,53.136267,7.463312,15.36722,21.01,20.95,21.2,20.78,21.28,18.2,16.34,2015-06-26,-
2016-06-30,2772,众兴菌业,农牧饲渔,21.13,21.28,20.8,20.99,20.8,7101005,178177570.0,4.501813,-2.265,2.23,否,0.8,0.527,-2.417,1.992,1.794,否,319647374,157736554,8000773771.22,3948145946.62,51.932868,7.294287,15.019193,21.04,20.99,21.21,20.8,21.28,18.21,16.43,2015-06-26,-
2016-07-01,2772,众兴菌业,农牧饲渔,21.08,21.95,21.08,21.63,21.08,11481177,295097008.0,7.278704,3.076,4.16,否,1.37,1.169,3.841,5.564,6.552,否,319647374,157736554,8246902249.2,4069603093.2,53.530483,7.518682,15.481229,21.27,21.11,21.19,20.88,21.25,18.25,16.51,2015-06-26,-
2016-07-04,2772,众兴菌业,农牧饲渔,21.13,21.71,20.97,21.67,20.97,12081242,308185664.0,7.659126,0.194,3.41,否,1.38,0.932,5.707,6.749,7.224,否,319647374,157736554,8262884617.9,4077489920.9,53.634225,7.533253,15.511232,21.43,21.24,21.17,20.95,21.21,18.29,16.6,2015-06-26,-
2016-07-05,2772,众兴菌业,农牧饲渔,21.61,22.32,21.4,21.59,21.4,12293202,320085296.0,7.793502,-0.387,4.26,否,1.27,2.859,3.4,0.093,6.46,否,319647374,157736554,8230919880.5,4061716265.5,53.426742,7.504111,15.451227,21.47,21.25,21.15,21.03,21.15,18.33,16.69,2015-06-26,-
2016-07-06,2772,众兴菌业,农牧饲渔,21.4,21.46,21.08,21.36,21.08,8704946,220837245.0,5.518661,-1.049,1.75,否,0.84,-1.248,-0.094,-0.697,8.316,否,319647374,157736554,8144615089.52,4019127395.92,52.866539,7.425427,15.289214,21.45,21.23,21.14,21.08,21.1,18.37,16.77,2015-06-26,-
2016-07-07,2772,众兴菌业,农牧饲渔,21.46,21.46,20.63,20.9,20.63,11739732,292866384.0,7.44262,-2.159,3.85,否,1.14,-3.553,-2.655,0.336,0.577,否,319647374,157736554,7968809033.82,3932372291.22,51.725386,7.265145,14.959188,21.43,21.24,21.03,21.09,21.06,18.42,16.86,2015-06-26,-
2016-07-08,2772,众兴菌业,农牧饲渔,20.8,21.03,20.68,20.92,20.68,5688317,141595319.0,3.606214,0.08,1.68,否,0.51,-3.103,-0.333,2.049,-5.082,否,319647374,157736554,7975201981.3,3935527022.3,51.766882,7.270974,14.971189,21.29,21.28,20.97,21.11,21.02,18.47,16.94,2015-06-26,-
2016-07-11,2772,众兴菌业,农牧饲渔,20.96,21.04,20.69,20.73,20.69,6527652,162163552.0,4.138325,-0.882,1.68,否,0.65,-2.949,-4.161,-0.718,-6.326,否,319647374,157736554,7904879559.02,3900824980.42,51.310421,7.206861,14.839178,21.1,21.26,21.0,21.13,20.96,18.52,17.02,2015-06-26,-
2016-07-12,2772,众兴菌业,农牧饲渔,20.63,20.79,20.11,20.5,20.11,9746471,237075052.0,6.178955,-1.132,3.32,否,1.08,-1.914,-5.399,-4.116,-6.691,否,319647374,157736554,7815378294.3,3856658745.3,50.72947,7.125263,14.671165,20.88,21.18,21.02,21.13,20.92,18.57,17.07,2015-06-26,-
2016-07-13,2772,众兴菌业,农牧饲渔,20.56,20.68,20.31,20.65,20.31,6719077,164326273.0,4.259683,0.736,1.84,否,0.79,-1.291,-4.354,-3.819,-4.176,否,319647374,157736554,7872914821.62,3885051325.02,51.102938,7.177719,14.779173,20.74,21.09,21.02,21.16,20.87,18.61,17.12,2015-06-26,-
2016-07-14,2772,众兴菌业,农牧饲渔,20.59,20.88,20.53,20.81,20.53,6352912,157042870.0,4.027546,0.771,1.66,否,0.79,0.386,-2.575,-0.858,-9.364,否,319647374,157736554,7933647822.68,3915021270.28,51.497155,7.233089,14.893183,20.72,21.08,21.03,21.16,20.85,18.67,17.17,2015-06-26,-
2016-07-15,2772,众兴菌业,农牧饲渔,20.81,20.93,20.39,20.56,20.39,5104148,125656258.0,3.235869,-1.209,2.58,否,0.73,0.293,-1.627,-4.947,-7.094,否,319647374,157736554,7837753610.48,3867700304.08,50.874707,7.145662,14.713168,20.65,20.97,21.04,21.12,20.83,18.72,17.21,2015-06-26,-
2016-07-18,2772,众兴菌业,农牧饲渔,20.57,20.78,20.3,20.75,20.3,4625104,113331960.0,2.93217,0.938,2.32,否,0.67,0.484,-0.813,-4.246,2.469,否,319647374,157736554,7911272506.5,3903979711.5,51.351917,7.212689,14.851179,20.65,20.88,21.06,21.07,20.85,18.76,17.25,2015-06-26,-
2016-07-19,2772,众兴菌业,农牧饲渔,20.78,20.79,20.31,20.56,20.31,6573536,160801707.0,4.167414,-0.929,2.34,否,1.01,-1.201,-0.82,-4.771,2.8,否,319647374,157736554,7837753610.48,3867700304.08,50.874707,7.145662,14.713168,20.67,20.77,21.01,21.02,20.87,18.81,17.28,2015-06-26,-
2016-07-20,2772,众兴菌业,农牧饲渔,20.57,20.87,20.39,20.73,20.39,5986663,147534508.0,3.795356,0.856,2.32,否,1.02,0.827,1.122,-2.949,0.387,否,319647374,157736554,7904879559.02,3900824980.42,51.310421,7.206861,14.839178,20.68,20.71,20.97,21.0,20.89,18.86,17.31,2015-06-26,-
2016-07-21,2772,众兴菌业,农牧饲渔,20.73,20.78,20.5,20.58,20.5,4932072,121379389.0,3.126778,-0.728,1.33,否,0.86,-0.819,-0.339,-1.531,0.0,否,319647374,157736554,7847343031.7,3872432400.7,50.936952,7.154405,14.73117,20.64,20.68,20.96,20.92,20.91,18.91,17.34,2015-06-26,-
2016-07-22,2772,众兴菌业,农牧饲渔,20.58,20.68,20.25,20.27,20.25,5129324,124709788.0,3.25183,-1.507,2.08,否,0.94,-1.411,-2.595,-3.107,-1.074,否,319647374,157736554,7729073503.32,3814069875.72,50.169267,7.046579,14.509152,20.58,20.61,20.95,20.85,20.9,18.96,17.38,2015-06-26,-
2016-07-25,2772,众兴菌业,农牧饲渔,20.26,20.37,20.05,20.09,20.05,4721779,113774173.0,2.993459,-0.91,1.57,否,0.87,-3.087,-2.286,-3.087,-1.034,否,319647374,157736554,7658751081.04,3779367833.84,49.712805,6.982466,14.377142,20.45,20.55,20.91,20.85,20.88,19.01,17.41,2015-06-26,-
2016-07-26,2772,众兴菌业,农牧饲渔,20.09,20.35,20.05,20.3,20.05,3330543,80465666.0,2.111459,1.043,1.46,否,0.61,-1.361,-2.169,-0.976,-5.888,否,319647374,157736554,7738662924.54,3818801972.34,50.231512,7.055322,14.527153,20.39,20.53,20.85,20.86,20.85,19.07,17.44,2015-06-26,-
2016-07-27,2772,众兴菌业,农牧饲渔,20.31,20.37,18.67,19.08,18.67,8693406,202831882.0,5.511345,-5.989,8.38,否,1.8,-5.871,-7.198,-7.603,-11.297,否,319647374,157736554,7275174232.24,3590083969.04,47.223016,6.63276,13.657084,20.06,20.37,20.73,20.81,20.81,19.13,17.46,2015-06-26,-
2016-07-28,2772,众兴菌业,农牧饲渔,18.99,19.33,18.75,19.22,18.75,4247486,96737597.0,2.692772,0.747,3.03,否,0.79,-4.331,-7.284,-7.641,-7.729,否,319647374,157736554,7329514285.82,3616899183.22,47.575736,6.682302,13.759092,19.79,20.21,20.65,20.76,20.76,19.19,17.47,2015-06-26,-
2016-07-29,2772,众兴菌业,农牧饲渔,19.22,19.26,18.89,19.23,18.89,3228567,73516215.0,2.04681,0.044,1.92,否,0.62,-5.271,-6.56,-6.469,-6.195,否,319647374,157736554,7332710759.56,3618476548.76,47.596484,6.685216,13.765093,19.58,20.08,20.53,20.72,20.72,19.25,17.49,2015-06-26,-
2016-08-01,2772,众兴菌业,农牧饲渔,19.07,19.07,18.45,18.6,18.45,3713470,82497535.0,2.354223,-3.269,3.23,否,0.77,-2.516,-8.239,-10.361,-10.92,否,319647374,157736554,7092975229.06,3500174133.26,47.05818,6.512776,13.151844,19.29,19.87,20.37,20.66,20.65,19.3,17.51,2015-06-26,-
2016-08-02,2772,众兴菌业,农牧饲渔,18.65,18.76,18.54,18.67,18.54,1834869,40780266.0,1.163249,0.361,1.17,否,0.4,-2.862,-7.068,-9.193,-12.675,否,319647374,157736554,7118547018.98,3512793057.58,47.227835,6.536256,13.199259,18.96,19.68,20.23,20.57,20.6,19.35,17.53,2015-06-26,-
2016-08-03,2772,众兴菌业,农牧饲渔,18.66,18.74,18.57,18.65,18.57,2198952,48943477.0,1.394066,-0.09,0.9,否,0.51,-3.016,-8.128,-10.034,-13.135,否,319647374,157736554,7112154071.5,3509638326.5,47.185421,6.530386,13.187405,18.87,19.47,20.09,20.47,20.58,19.39,17.55,2015-06-26,-
2016-08-04,2772,众兴菌业,农牧饲渔,18.57,19.28,18.57,19.21,18.57,4517737,102280675.0,2.864103,2.966,3.78,否,1.48,3.28,0.681,-6.657,-8.48,否,319647374,157736554,7323121338.34,3613744452.14,48.585079,6.724097,13.578582,18.87,19.33,20.01,20.42,20.56,19.44,17.57,2015-06-26,-
2016-08-05,2772,众兴菌业,农牧饲渔,19.12,19.4,18.93,19.0,18.93,3697860,84411492.0,2.344327,-1.091,2.44,否,1.19,1.768,-1.145,-6.265,-12.159,否,319647374,157736554,7243209494.84,3574310313.64,48.054905,6.650722,13.430409,18.83,19.21,19.91,20.37,20.53,19.49,17.59,2015-06-26,-
2016-08-08,2772,众兴菌业,农牧饲渔,19.11,19.11,18.78,19.03,18.78,2193607,49530598.0,1.390678,0.177,1.72,否,0.69,2.038,-1.04,-5.276,-12.183,否,319647374,157736554,7255995389.8,3580619775.8,48.139733,6.662462,13.454117,18.91,19.1,19.82,20.3,20.51,19.53,17.61,2015-06-26,-
2016-08-09,2772,众兴菌业,农牧饲渔,19.03,19.25,19.03,19.19,19.03,2511780,57387046.0,1.592389,0.837,1.15,否,0.87,-0.104,3.172,-5.468,-11.116,否,319647374,157736554,7316728390.86,3610589721.06,48.542665,6.718227,13.566728,19.02,18.99,19.76,20.23,20.5,19.57,17.62,2015-06-26,-
2016-08-10,2772,众兴菌业,农牧饲渔,19.17,19.28,19.05,19.08,19.05,2498264,57014386.0,1.583821,-0.568,1.22,否,0.83,0.421,2.196,0.0,-10.674,否,319647374,157736554,7275174232.24,3590083969.04,48.266975,6.680072,13.489678,19.1,18.99,19.68,20.15,20.47,19.61,17.64,2015-06-26,-
2016-08-11,2772,众兴菌业,农牧饲渔,18.96,19.2,18.74,18.75,18.74,3155579,71228834.0,2.000538,-1.758,2.42,否,1.02,-1.471,0.536,-2.445,-10.287,否,319647374,157736554,7147315282.64,3526989347.44,47.418697,6.562671,13.252601,19.01,18.94,19.58,20.08,20.44,19.64,17.65,2015-06-26,-
2016-08-12,2772,众兴菌业,农牧饲渔,18.76,18.87,18.69,18.81,18.69,2187496,49002912.0,1.386803,0.358,0.98,否,0.78,-1.98,-2.082,-2.184,-10.086,否,319647374,157736554,7172887072.56,3539608271.76,47.588353,6.586151,13.300017,18.97,18.9,19.49,19.98,20.43,19.67,17.67,2015-06-26,-
2016-08-15,2772,众兴菌业,农牧饲渔,18.75,19.23,18.74,19.09,18.74,5290887,120048256.0,3.354255,1.471,2.63,否,2.11,0.052,0.474,2.634,-7.911,否,319647374,157736554,7278370705.98,3591661334.58,48.288182,6.683007,13.495605,18.98,18.95,19.41,19.9,20.43,19.69,17.68,2015-06-26,-
2016-08-16,2772,众兴菌业,农牧饲渔,19.11,19.36,19.05,19.2,19.05,5486206,125562973.0,3.478082,0.571,1.62,否,1.75,2.4,0.893,2.839,-6.341,否,319647374,157736554,7319924864.6,3612167086.6,48.563872,6.721162,13.572655,18.99,19.0,19.34,19.82,20.42,19.72,17.68,2015-06-26,-
2016-08-17,2772,众兴菌业,农牧饲渔,19.16,19.49,19.08,19.37,19.08,5822386,134075690.0,3.691209,0.873,2.14,否,1.56,2.977,0.938,3.861,-6.199,否,319647374,157736554,7383854339.4,3643714397.4,48.98801,6.779862,13.691194,19.04,19.07,19.27,19.75,20.41,19.77,17.68,2015-06-26,-
2016-08-18,2772,众兴菌业,农牧饲渔,19.45,19.47,19.1,19.15,19.1,4977071,113989392.0,3.155306,-1.126,1.9,否,1.13,0.314,0.367,-0.312,-7.977,否,319647374,157736554,7300746022.16,3602702893.36,48.43663,6.703552,13.537094,19.12,19.07,19.2,19.69,20.39,19.81,17.68,2015-06-26,-
2016-08-19,2772,众兴菌业,农牧饲渔,19.28,19.7,19.24,19.52,19.24,7186175,167537313.0,4.555808,1.926,2.41,否,1.51,1.667,4.107,2.737,-5.058,否,373330707,157736554,8691138858.96,3672106977.12,57.661159,7.980212,16.11517,19.27,19.12,19.16,19.65,20.38,19.86,17.68,2015-06-26,-
2016-08-22,2772,众兴菌业,农牧饲渔,19.55,19.64,19.14,19.29,19.14,4865969,111957128.0,3.084871,-1.16,2.58,否,0.85,-0.413,2.552,1.366,-7.036,否,373330707,157736554,8590339568.07,3629518107.54,56.992409,7.887658,15.928267,19.31,19.15,19.12,19.6,20.36,19.91,17.68,2015-06-26,-
2016-08-23,2772,众兴菌业,农牧饲渔,19.33,19.33,19.06,19.2,19.06,2824127,64583585.0,1.790407,-0.478,1.39,否,0.5,0.261,0.576,0.052,-6.615,否,373330707,157736554,8549273190.3,3612167086.6,56.719955,7.84995,15.852121,19.31,19.15,19.07,19.55,20.34,19.95,17.69,2015-06-26,-
2016-08-24,2772,众兴菌业,农牧饲渔,19.22,19.27,19.1,19.13,19.1,2400395,54800477.0,1.521775,-0.349,0.87,否,0.47,-1.998,-0.365,0.262,-7.718,否,373330707,157736554,8519406733.74,3599548162.28,56.521806,7.822527,15.796743,19.26,19.15,19.07,19.5,20.33,19.98,17.69,2015-06-26,-
2016-08-25,2772,众兴菌业,农牧饲渔,19.03,19.07,18.71,18.85,18.71,3160725,70953175.0,2.0038,-1.49,1.88,否,0.71,-2.281,-2.685,0.533,-8.406,否,373330707,157736554,8392474293.36,3545917733.92,55.679676,7.705978,15.561384,19.2,19.16,19.05,19.44,20.3,20.03,17.69,2015-06-26,-
2016-08-26,2772,众兴菌业,农牧饲渔,18.87,19.08,18.85,18.88,18.85,2523979,57040512.0,1.600123,0.178,1.25,否,0.62,-1.667,-1.41,0.372,-6.857,否,373330707,157736554,8407407521.64,3552227196.08,55.77875,7.719689,15.589073,19.07,19.17,19.03,19.38,20.25,20.06,17.69,2015-06-26,-
2016-08-29,2772,众兴菌业,农牧饲渔,18.87,19.1,18.82,18.96,18.82,2532485,57412739.0,1.605516,0.4,1.47,否,0.8,-0.889,-2.869,-0.681,-5.625,否,373330707,157736554,8441007285.27,3566423485.94,56.001667,7.750541,15.651374,19.0,19.16,19.05,19.32,20.2,20.1,17.7,2015-06-26,-
2016-08-30,2772,众兴菌业,农牧饲渔,18.95,19.07,18.91,18.96,18.91,2312433,52358703.0,1.46601,0.0,0.84,否,0.86,0.584,-1.711,-1.25,-6.601,否,373330707,157736554,8441007285.27,3566423485.94,56.001667,7.750541,15.651374,18.96,19.13,19.07,19.27,20.15,20.15,17.7,2015-06-26,-
2016-08-31,2772,众兴菌业,农牧饲渔,19.02,19.08,18.78,18.96,18.78,2743528,61898890.0,1.73931,0.0,1.59,否,1.06,0.424,-1.25,-2.117,-0.629,否,373330707,157736554,8441007285.27,3566423485.94,56.001667,7.750541,15.651374,18.92,19.09,19.08,19.21,20.1,20.19,17.71,2015-06-26,-
2016-09-01,2772,众兴菌业,农牧饲渔,18.97,19.06,18.81,18.87,18.81,3175813,71595335.0,2.013365,-0.442,1.28,否,1.2,-0.475,-1.359,-1.462,-1.821,否,373330707,157736554,8403674214.57,3550649830.54,55.753982,7.716261,15.582151,18.93,19.06,19.06,19.15,20.03,20.24,17.72,2015-06-26,-
2016-09-02,2772,众兴菌业,农牧饲渔,18.78,18.87,18.65,18.71,18.65,2269298,50735629.0,1.438663,-0.844,1.16,否,0.85,-1.319,-0.743,-4.15,-2.704,否,373330707,157736554,8332741380.24,3520679885.28,55.283379,7.651131,15.450627,18.89,18.98,19.05,19.1,19.98,20.27,17.73,2015-06-26,-
2016-09-05,2772,众兴菌业,农牧饲渔,18.72,18.84,18.65,18.66,18.65,2162205,48297789.0,1.37077,-0.269,0.99,否,0.83,-1.582,-1.165,-3.266,0.323,否,373330707,157736554,8310341537.82,3511215692.04,55.134768,7.630563,15.409093,18.83,18.92,19.03,19.05,19.95,20.31,17.75,2015-06-26,-
2016-09-06,2772,众兴菌业,农牧饲渔,18.66,18.91,18.54,18.86,18.54,3524915,78945815.0,2.234685,1.078,2.02,否,1.39,-0.053,-0.527,-1.771,1.018,否,373330707,157736554,8399940907.5,3549072465.0,55.729213,7.712833,15.575229,18.81,18.88,19.02,19.01,19.93,20.35,17.77,2015-06-26,-
2016-09-07,2772,众兴菌业,农牧饲渔,18.86,18.9,18.71,18.74,18.71,2851631,64020881.0,1.807844,-0.667,1.02,否,1.03,0.16,-1.16,-2.039,0.483,否,373330707,157736554,8343941301.45,3525411981.9,55.357685,7.661414,15.471394,18.77,18.85,19.0,18.99,19.9,20.39,17.8,2015-06-26,-
2016-09-08,2772,众兴菌业,农牧饲渔,18.81,18.81,18.61,18.69,18.61,2817862,62816570.0,1.786436,-0.268,1.07,否,1.01,0.161,-1.424,-0.849,-2.707,否,373330707,157736554,8321541459.03,3515947788.66,55.209074,7.640847,15.42986,18.73,18.83,19.0,18.98,19.87,20.41,17.82,2015-06-26,-
2016-09-09,2772,众兴菌业,农牧饲渔,18.71,18.72,18.58,18.6,18.58,2479434,55092375.0,1.571883,-0.493,0.76,否,0.91,-1.379,-1.431,-1.483,-2.105,否,373330707,157736554,8280475081.26,3498596767.72,54.93662,7.60314,15.353714,18.71,18.8,18.98,18.96,19.84,20.44,17.85,2015-06-26,-
2016-09-12,2772,众兴菌业,农牧饲渔,18.45,18.45,17.65,17.67,17.65,4860559,104234674.0,3.081441,-4.959,4.28,否,1.76,-5.71,-5.559,-6.804,-7.147,否,373330707,157736554,7869811303.56,3325086558.32,52.212081,7.226068,14.592259,18.51,18.67,18.91,18.93,19.79,20.46,17.87,2015-06-26,-
2016-09-13,2772,众兴菌业,农牧饲渔,17.77,18.25,17.69,18.24,17.69,2481829,52908170.0,1.573401,3.178,3.18,否,0.75,-2.408,-2.251,-3.797,-4.95,否,373330707,157736554,8119942877.25,3430770049.5,53.871573,7.455739,15.056054,18.39,18.6,18.87,18.91,19.74,20.46,17.89,2015-06-26,-
2016-09-14,2772,众兴菌业,农牧饲渔,18.01,18.19,17.82,18.03,17.82,1719345,36790085.0,1.09001,-1.149,2.02,否,0.55,-3.065,-4.401,-4.905,-5.503,否,373330707,157736554,8026610200.5,3391335911.0,53.252359,7.370041,14.882996,18.25,18.51,18.8,18.89,19.68,20.45,17.91,2015-06-26,-
2016-09-19,2772,众兴菌业,农牧饲渔,17.86,18.32,17.85,18.14,17.85,1590504,34456973.0,1.008329,0.651,2.6,否,0.55,2.66,-3.202,-3.869,-3.253,否,373330707,157736554,8078876499.48,3413419028.56,53.599119,7.418032,14.979909,18.14,18.43,18.75,18.85,19.64,20.43,17.94,2015-06-26,-
2016-09-20,2772,众兴菌业,农牧饲渔,18.09,18.28,17.91,18.24,17.91,2016303,43446281.0,1.278273,0.508,2.03,否,0.77,0.0,-2.408,-2.512,-3.03,否,373330707,157736554,8119942877.25,3430770049.5,53.871573,7.455739,15.056054,18.06,18.39,18.68,18.83,19.6,20.41,17.97,2015-06-26,-
2016-09-21,2772,众兴菌业,农牧饲渔,18.17,18.34,18.08,18.19,18.08,1760098,38289062.0,1.115847,-0.276,1.43,否,0.69,0.887,-2.204,-2.519,-4.715,否,373330707,157736554,8097543034.83,3421305856.26,53.722961,7.435171,15.01452,18.17,18.34,18.63,18.8,19.55,20.4,18.0,2015-06-26,-
2016-09-22,2772,众兴菌业,农牧饲渔,18.27,18.43,18.15,18.35,18.15,2482621,54103632.0,1.573903,0.922,1.52,否,1.3,1.158,3.848,-2.704,-4.427,否,373330707,157736554,8172209176.23,3452853167.06,54.218332,7.50373,15.152967,18.19,18.29,18.59,18.77,19.5,20.38,18.03,2015-06-26,-
2016-09-23,2772,众兴菌业,农牧饲渔,18.33,18.53,18.29,18.48,18.29,2948520,64740555.0,1.869269,0.685,1.28,否,1.54,1.316,1.316,-1.387,-4.595,否,373330707,157736554,8228208782.28,3476513650.16,54.58986,7.555149,15.256802,18.28,18.26,18.55,18.75,19.45,20.37,18.05,2015-06-26,-
2016-09-26,2772,众兴菌业,农牧饲渔,18.45,18.45,18.03,18.04,18.03,2015552,43929834.0,1.277796,-2.359,2.22,否,0.93,-0.825,0.055,-3.478,-5.796,否,373330707,157736554,8034076814.64,3394490642.08,53.301896,7.376897,14.896841,18.26,18.2,18.51,18.73,19.4,20.34,18.08,2015-06-26,-
2016-09-27,2772,众兴菌业,农牧饲渔,18.09,18.18,17.86,18.08,17.86,1494768,32061442.0,0.947636,0.232,1.77,否,0.67,-1.471,-0.331,-2.796,-7.377,否,373330707,157736554,8052743349.99,3402377469.78,53.425739,7.394036,14.931452,18.23,18.15,18.47,18.71,19.34,20.3,18.11,2015-06-26,-
2016-09-28,2772,众兴菌业,农牧饲渔,18.03,18.08,17.9,17.97,17.9,1063164,22783844.0,0.674012,-0.649,1.02,否,0.5,-2.76,-1.48,1.698,-6.843,否,373330707,157736554,8000477051.01,3380294352.22,53.078979,7.346045,14.83454,18.18,18.18,18.42,18.67,19.28,20.25,18.13,2015-06-26,-
2016-09-29,2772,众兴菌业,农牧饲渔,18.03,18.09,17.86,17.9,17.86,1260823,27058455.0,0.799322,-0.373,1.31,否,0.63,-0.776,-1.594,-1.864,-6.771,否,373330707,157736554,7970610594.45,3367675427.9,52.880831,7.318622,14.779161,18.09,18.14,18.37,18.62,19.22,20.18,18.17,2015-06-26,-
2016-09-30,2772,众兴菌业,农牧饲渔,17.9,18.04,17.87,17.99,17.87,861727,18471506.0,0.546308,0.515,0.98,否,0.49,-0.498,-1.962,-0.222,-5.959,否,373330707,157736554,8011676972.22,3385026448.84,53.153285,7.356329,14.855307,18.0,18.14,18.32,18.58,19.16,20.13,18.2,2015-06-26,-
2016-10-10,2772,众兴菌业,农牧饲渔,18.36,18.39,18.2,18.32,18.2,2518392,54997581.0,1.596581,1.817,1.07,否,1.88,1.948,-0.866,0.992,-2.812,否,373330707,157736554,8157275947.95,3446543704.9,54.119258,7.490018,15.125277,18.05,18.16,18.3,18.55,19.12,20.09,18.23,2015-06-26,-
2016-10-11,2772,众兴菌业,农牧饲渔,18.44,18.44,18.28,18.33,18.28,1740947,38065510.0,1.103705,0.046,0.87,否,1.21,2.402,1.608,0.493,-2.913,否,373330707,157736554,8161009255.02,3448121070.44,54.144027,7.493446,15.1322,18.1,18.17,18.28,18.51,19.08,20.05,18.26,2015-06-26,-
2016-10-12,2772,众兴菌业,农牧饲渔,18.28,18.49,18.18,18.32,18.18,1738665,38036043.0,1.102259,-0.046,1.69,否,1.17,1.834,1.327,0.715,-3.376,否,373330707,157736554,8157275947.95,3446543704.9,54.119258,7.490018,15.125277,18.17,18.18,18.26,18.48,19.04,20.0,18.29,2015-06-26,-
2016-10-13,2772,众兴菌业,农牧饲渔,18.32,18.42,18.17,18.24,18.17,1742979,37908713.0,1.104994,-0.458,1.37,否,1.07,-0.437,1.503,-0.599,-3.797,否,373330707,157736554,8119942877.25,3430770049.5,53.871573,7.455739,15.056054,18.24,18.17,18.23,18.45,19.0,19.96,18.32,2015-06-26,-
2016-10-14,2772,众兴菌业,农牧饲渔,18.2,19.28,17.91,18.9,17.91,9833485,219866002.0,6.234119,3.632,7.54,否,5.72,3.11,5.587,2.273,-0.316,否,373330707,157736554,8414874135.78,3555381927.16,55.828287,7.726545,15.602918,18.42,18.21,18.24,18.44,18.97,19.92,18.35,2015-06-26,-
2016-10-17,2772,众兴菌业,农牧饲渔,18.82,18.84,18.45,18.5,18.45,4629547,102995929.0,2.934987,-2.13,2.04,否,1.32,0.983,2.835,2.55,-1.961,否,373330707,157736554,8235675396.42,3479668381.24,54.639397,7.562005,15.270646,18.46,18.26,18.23,18.43,18.93,19.89,18.38,2015-06-26,-
2016-10-18,2772,众兴菌业,农牧饲渔,18.5,18.65,18.45,18.61,18.45,2721207,60244497.0,1.725159,0.635,1.09,否,0.69,2.029,1.583,2.931,-0.534,否,373330707,157736554,8287941695.4,3501751498.8,54.986157,7.609996,15.367559,18.51,18.31,18.23,18.42,18.9,19.87,18.41,2015-06-26,-
2016-10-19,2772,众兴菌业,农牧饲渔,18.61,18.8,18.55,18.62,18.55,2743796,61046164.0,1.73948,0.045,1.35,否,0.66,-1.481,1.582,3.617,-0.214,否,373330707,157736554,8291675002.47,3503328864.34,55.010925,7.613424,15.374481,18.57,18.37,18.27,18.41,18.87,19.86,18.44,2015-06-26,-
2016-10-20,2772,众兴菌业,农牧饲渔,18.6,18.76,18.47,18.67,18.47,2610847,57940409.0,1.655195,0.27,1.53,否,0.6,0.919,1.91,4.302,-1.007,否,373330707,157736554,8314074844.89,3512793057.58,55.159537,7.633991,15.416015,18.66,18.45,18.3,18.4,18.83,19.85,18.47,2015-06-26,-
2016-10-21,2772,众兴菌业,农牧饲渔,18.79,18.81,18.48,18.63,18.48,3009207,66885951.0,1.907742,-0.225,1.75,否,0.67,0.107,2.138,3.558,-0.587,否,373330707,157736554,8295408309.54,3504906229.88,55.035694,7.616851,15.381403,18.61,18.51,18.33,18.39,18.8,19.84,18.5,2015-06-26,-
2016-10-31,2772,众兴菌业,农牧饲渔,19.12,19.77,18.96,18.97,18.96,11024082,252678187.0,6.98892,1.845,4.37,否,3.51,1.88,0.37,3.548,1.498,否,373330707,157736554,8448473899.41,3569578217.02,50.615325,3.767202,14.689215,18.7,18.58,18.37,18.39,18.77,19.84,18.53,2015-06-26,-
2016-11-01,2772,众兴菌业,农牧饲渔,18.78,18.96,18.55,18.84,18.55,5720007,127779028.0,3.626304,-0.707,2.21,否,1.29,0.911,1.838,2.782,1.29,否,373330707,157736554,8388740986.29,3544340368.38,50.257462,3.740567,14.585358,18.75,18.63,18.4,18.39,18.75,19.82,18.56,2015-06-26,-
2016-11-02,2772,众兴菌业,农牧饲渔,18.82,19.35,18.61,19.12,18.61,7211062,162688642.0,4.571586,1.469,3.92,否,1.44,2.63,2.74,4.367,8.206,否,373330707,157736554,8511940119.6,3596393431.2,50.995555,3.795502,14.799562,18.85,18.71,18.44,18.41,18.73,19.8,18.59,2015-06-26,-
2016-11-03,2772,众兴菌业,农牧饲渔,18.95,20.04,18.89,19.9,18.89,18031674,421852912.0,11.431513,4.123,6.01,否,3.05,4.902,6.874,9.101,9.101,否,373330707,157736554,8862870984.18,3744665791.96,53.098004,3.951983,15.40972,19.09,18.88,18.52,18.44,18.73,19.79,18.62,2015-06-26,-
2016-11-04,2772,众兴菌业,农牧饲渔,19.78,20.32,19.07,19.19,19.07,16521851,384295472.0,10.474332,-3.58,6.28,否,1.84,1.858,2.785,1.534,6.434,否,373330707,157736554,8545539883.23,3610589721.06,51.196854,3.810484,14.857982,19.2,18.91,18.56,18.46,18.73,19.77,18.63,2015-06-26,-
2016-11-07,2772,众兴菌业,农牧饲渔,19.07,19.1,18.6,18.77,18.6,6847084,153379338.0,4.340835,-2.184,2.58,否,0.59,-1.831,0.751,1.459,3.473,否,373330707,157736554,8358874529.73,3531721444.06,50.07853,3.727249,14.53343,19.16,18.93,18.59,18.46,18.72,19.74,18.65,2015-06-26,-
2016-11-08,2772,众兴菌业,农牧饲渔,18.86,19.07,18.78,18.87,18.78,4160288,93810658.0,2.637491,0.536,1.56,否,0.38,-5.176,-0.527,1.397,3.454,否,373330707,157736554,8403674214.57,3550649830.54,50.346928,3.747225,14.611322,19.17,18.96,18.63,18.47,18.71,19.72,18.66,2015-06-26,-
2016-11-09,2772,众兴菌业,农牧饲渔,18.82,18.93,18.45,18.6,18.45,5859560,130433504.0,3.714776,-1.466,2.58,否,0.56,-3.075,-1.274,-0.107,2.254,否,373330707,157736554,8280475081.26,3498596767.72,49.608834,3.692291,14.397118,19.07,18.96,18.66,18.5,18.71,19.68,18.67,2015-06-26,-
2016-11-10,2772,众兴菌业,农牧饲渔,18.74,18.88,18.6,18.78,18.6,4070251,91087534.0,2.580411,0.992,1.49,否,0.4,0.053,-1.778,0.589,2.343,否,373330707,157736554,8362607836.8,3533298809.6,50.100897,3.728914,14.539921,18.84,18.97,18.71,18.52,18.72,19.66,18.68,2015-06-26,-
2016-11-11,2772,众兴菌业,农牧饲渔,18.72,18.78,18.6,18.68,18.6,4112059,91495378.0,2.606916,-0.536,0.98,否,0.55,-1.007,-6.131,0.268,1.082,否,373330707,157736554,8317808151.96,3514370423.12,49.832499,3.708937,14.462028,18.74,18.97,18.74,18.54,18.72,19.65,18.7,2015-06-26,-
2016-11-14,2772,众兴菌业,农牧饲渔,18.65,18.87,18.62,18.77,18.62,3978588,89065218.0,2.522299,0.494,1.35,否,0.79,0.914,-2.189,-1.054,4.047,否,373330707,157736554,8358874529.73,3531721444.06,50.07853,3.727249,14.53343,18.74,18.95,18.77,18.56,18.71,19.63,18.72,2015-06-26,-
2016-11-15,2772,众兴菌业,农牧饲渔,18.86,18.86,18.66,18.86,18.66,3692469,82701950.0,2.340909,0.447,1.07,否,0.83,0.426,0.479,0.106,4.314,否,373330707,157736554,8396207600.43,3547495099.46,50.302195,3.743896,14.59834,18.74,18.95,18.79,18.58,18.71,19.62,18.74,2015-06-26,-
2016-11-16,2772,众兴菌业,农牧饲渔,18.86,19.33,18.81,19.24,18.81,9677474,221037772.0,6.135213,2.045,2.8,否,2.23,2.998,1.961,0.628,7.067,否,373330707,157736554,8567939725.65,3620053914.3,51.331052,3.820472,14.896928,18.87,18.97,18.84,18.62,18.71,19.61,18.76,2015-06-26,-
2016-11-17,2772,众兴菌业,农牧饲渔,19.28,19.36,18.7,19.15,18.7,6307013,142812839.0,3.998447,-0.479,3.44,否,1.24,2.025,2.957,-3.769,6.983,否,373330707,157736554,8526873347.88,3602702893.36,51.085021,3.80216,14.825526,18.94,18.89,18.88,18.64,18.71,19.6,18.77,2015-06-26,-
2016-11-18,2772,众兴菌业,农牧饲渔,19.06,19.12,18.82,18.87,18.82,3303903,74702531.0,2.09457,-1.445,1.53,否,0.59,0.053,0.479,-1.668,4.892,否,373330707,157736554,8403674214.57,3550649830.54,50.346928,3.747225,14.611322,18.98,18.86,18.88,18.66,18.71,19.59,18.79,2015-06-26,-
2016-11-21,2772,众兴菌业,农牧饲渔,18.91,18.99,18.81,18.94,18.81,3115885,70227768.0,1.975373,0.355,0.98,否,0.58,-1.559,1.392,0.906,3.384,否,373330707,157736554,8433540671.13,3563268754.86,50.52586,3.760543,14.663251,19.01,18.88,18.9,18.69,18.71,19.57,18.81,2015-06-26,-
2016-11-22,2772,众兴菌业,农牧饲渔,18.94,19.29,18.87,19.15,18.87,7777235,177310770.0,4.930522,1.107,2.21,否,1.49,0.0,2.025,1.484,4.474,否,373330707,157736554,8526873347.88,3602702893.36,51.085021,3.80216,14.825526,19.07,18.9,18.93,18.72,18.71,19.57,18.83,2015-06-26,-
2016-11-23,2772,众兴菌业,农牧饲渔,19.2,19.2,18.78,18.82,18.78,4975741,112815293.0,3.154463,-1.708,2.19,否,0.82,-0.265,-0.212,1.183,2.729,否,373330707,157736554,8381274372.15,3541185637.3,50.212729,3.737237,14.572376,18.99,18.93,18.94,18.75,18.71,19.57,18.84,2015-06-26,-
2016-11-24,2772,众兴菌业,农牧饲渔,18.83,19.15,18.74,18.77,18.74,4027177,90877852.0,2.553103,-0.267,2.18,否,0.79,-0.898,-2.443,-0.053,2.906,否,373330707,157736554,8358874529.73,3531721444.06,50.07853,3.727249,14.53343,18.91,18.93,18.95,18.78,18.7,19.56,18.84,2015-06-26,-
2016-11-25,2772,众兴菌业,农牧饲渔,18.72,18.77,18.09,18.55,18.09,4982696,109453526.0,3.158872,-1.161,3.62,否,1.07,-3.133,-3.133,-0.696,-1.852,否,373330707,157736554,8261808545.91,3490709940.02,49.497002,3.683967,14.364663,18.85,18.91,18.94,18.8,18.69,19.55,18.83,2015-06-26,-
2016-11-28,2772,众兴菌业,农牧饲渔,18.69,18.82,18.39,18.66,18.39,3710050,82488939.0,2.352055,0.587,2.35,否,0.75,-0.85,-1.113,-0.586,0.865,否,373330707,157736554,8310341537.82,3511215692.04,49.787766,3.705608,14.449046,18.79,18.9,18.93,18.81,18.68,19.54,18.83,2015-06-26,-
2016-11-29,2772,众兴菌业,农牧饲渔,18.59,18.74,18.4,18.42,18.4,3236903,71550227.0,2.052094,-1.303,1.8,否,0.64,-1.865,-2.746,-2.333,-1.021,否,373330707,157736554,8202075632.79,3465472091.38,49.139138,3.657332,14.260806,18.64,18.86,18.91,18.81,18.66,19.52,18.82,2015-06-26,-
2016-11-30,2772,众兴菌业,农牧饲渔,18.24,18.5,18.24,18.36,18.24,1829199,40088183.0,1.159654,-0.319,1.46,否,0.44,-1.024,-4.125,-4.574,-1.396,否,373330707,157736554,8175942483.3,3454430532.6,48.982573,3.645679,14.215369,18.55,18.77,18.87,18.82,18.65,19.5,18.82,2015-06-26,-
2016-12-01,2772,众兴菌业,农牧饲渔,18.36,18.41,18.08,18.19,18.08,3768768,81853577.0,2.38928,-0.959,1.83,否,1.06,-2.519,-3.348,-5.013,-2.571,否,373330707,157736554,8097543034.83,3421305856.26,48.512877,3.610721,14.079057,18.44,18.67,18.78,18.81,18.63,19.49,18.8,2015-06-26,-
2016-12-02,2772,众兴菌业,农牧饲渔,18.19,18.19,17.82,17.85,17.82,3046781,65198773.0,1.931563,-1.844,2.03,否,0.87,-3.094,-4.901,-5.405,-4.187,否,373330707,157736554,7948210752.03,3358211234.66,47.618218,3.544133,13.819416,18.3,18.57,18.72,18.78,18.61,19.47,18.8,2015-06-26,-
2016-12-05,2772,众兴菌业,农牧饲渔,17.71,18.01,17.69,17.85,17.69,1698025,36201961.0,1.076494,0.0,1.78,否,0.54,-2.778,-3.774,-5.755,-5.904,否,373330707,157736554,7948210752.03,3358211234.66,47.618218,3.544133,13.819416,18.13,18.46,18.67,18.76,18.59,19.45,18.79,2015-06-26,-
2016-12-06,2772,众兴菌业,农牧饲渔,17.79,18.81,17.79,18.45,17.79,6045866,132857628.0,3.832888,3.335,5.68,否,2.23,1.429,-1.125,-3.655,-2.07,否,373330707,157736554,8213275554.0,3470204188.0,49.206238,3.662326,14.280279,18.14,18.39,18.65,18.75,18.58,19.42,18.78,2015-06-26,-
2016-12-07,2772,众兴菌业,农牧饲渔,18.44,18.55,18.24,18.44,18.24,2273621,49772599.0,1.441404,-0.045,1.73,否,0.69,3.305,0.109,-2.019,-3.556,否,373330707,157736554,8209542246.93,3468626822.46,49.183871,3.660661,14.273788,18.16,18.35,18.64,18.75,18.58,19.39,18.79,2015-06-26,-
2016-12-08,2772,众兴菌业,农牧饲渔,18.36,18.45,18.19,18.19,18.19,1589666,34659958.0,1.007798,-1.319,1.46,否,0.47,1.905,-0.926,-3.09,-8.593,否,373330707,157736554,8101276341.9,3422883221.8,48.535244,3.612385,14.085548,18.16,18.3,18.61,18.73,18.56,19.35,18.78,2015-06-26,-
2016-12-09,2772,众兴菌业,农牧饲渔,18.19,18.34,18.03,18.03,18.03,1501552,32505807.0,0.951937,-0.922,1.75,否,0.51,-2.276,-0.88,-2.803,-6.045,否,373330707,157736554,8026610200.5,3391335911.0,48.087914,3.579091,13.955728,18.19,18.24,18.58,18.71,18.55,19.33,18.78,2015-06-26,-
2016-12-12,2772,众兴菌业,农牧饲渔,17.93,18.21,17.22,17.22,17.22,3727541,78616169.0,2.363143,-4.465,5.49,否,1.42,-6.616,-3.529,-7.717,-8.258,否,373330707,157736554,7668212721.78,3239908819.16,45.940733,3.419281,13.332588,18.07,18.1,18.5,18.65,18.52,19.28,18.76,2015-06-26,-
2016-12-13,2772,众兴菌业,农牧饲渔,17.24,17.32,16.84,17.11,16.84,1908837,38870801.0,1.210142,-0.633,2.82,否,0.63,-5.937,-4.146,-7.112,-9.327,否,373330707,157736554,7619679729.87,3219403067.14,45.649969,3.39764,13.248205,17.8,17.97,18.41,18.59,18.49,19.24,18.76,2015-06-26,-
2016-12-14,2772,众兴菌业,农牧饲渔,17.1,17.21,16.94,17.1,16.94,1603535,32710937.0,1.016591,-0.098,1.57,否,0.73,-5.158,-7.317,-6.863,-8.065,否,373330707,157736554,7612213115.73,3216248336.06,45.605236,3.39431,13.235223,17.53,17.84,18.31,18.53,18.47,19.21,18.75,2015-06-26,-
2016-12-15,2772,众兴菌业,农牧饲渔,17.0,17.48,16.98,17.2,16.98,1539454,31647436.0,0.975965,0.638,2.94,否,0.75,-0.116,-6.725,-5.443,-8.413,否,373330707,157736554,7660746107.64,3236754088.08,45.896,3.415951,13.319606,17.33,17.74,18.21,18.44,18.44,19.19,18.74,2015-06-26,-
2016-12-16,2772,众兴菌业,农牧饲渔,17.15,17.46,17.15,17.4,17.15,1696749,35103931.0,1.075685,1.121,1.8,否,0.83,1.695,-4.343,-2.521,-6.852,否,373330707,157736554,7746612170.25,3273033495.5,46.410429,3.454239,13.4689,17.21,17.7,18.14,18.38,18.42,19.16,18.73,2015-06-26,-
2016-12-19,2772,众兴菌业,农牧饲渔,17.4,17.83,17.24,17.72,17.24,3423911,72003897.0,2.170652,1.831,3.42,否,1.63,3.626,-1.719,-0.728,-5.594,否,373330707,157736554,7888477838.91,3332973386.02,47.260355,3.517498,13.715559,17.31,17.69,18.07,18.34,18.4,19.14,18.72,2015-06-26,-
2016-12-20,2772,众兴菌业,农牧饲渔,17.7,18.61,17.48,18.32,17.48,3903748,83973813.0,2.474853,3.407,6.39,否,1.92,6.512,6.388,-0.705,-2.863,否,373330707,157736554,8157275947.95,3446543704.9,48.870741,3.637356,14.182914,17.55,17.67,18.03,18.32,18.4,19.12,18.71,2015-06-26,-
2016-12-21,2772,众兴菌业,农牧饲渔,18.15,18.45,18.14,18.31,18.14,2859023,62410864.0,1.81253,-0.046,1.65,否,1.17,5.23,7.013,-0.705,-4.834,否,373330707,157736554,8153542640.88,3444966339.36,48.848374,3.635691,14.176423,17.79,17.66,18.01,18.31,18.41,19.1,18.7,2015-06-26,-
2016-12-22,2772,众兴菌业,农牧饲渔,18.19,18.35,17.71,17.77,17.71,2826515,60666601.0,1.791921,-2.976,3.53,否,1.05,0.282,3.918,-2.309,-7.206,否,373330707,157736554,7910877681.33,3342437579.26,47.394553,3.527486,13.754506,17.9,17.62,17.96,18.28,18.4,19.07,18.69,2015-06-26,-
2016-12-23,2772,众兴菌业,农牧饲渔,17.7,17.94,17.36,17.41,17.36,2182620,45835035.0,1.383712,-2.029,3.3,否,0.74,-4.967,1.221,-3.439,-7.737,否,373330707,157736554,7750345477.32,3274610861.04,46.432795,3.455904,13.475391,17.91,17.56,17.9,18.24,18.39,19.03,18.68,2015-06-26,-
2016-12-26,2772,众兴菌业,农牧饲渔,17.36,17.63,17.15,17.52,17.15,1269152,26324105.0,0.804602,0.674,2.75,否,0.42,-4.315,0.69,1.742,-7.497,否,373330707,157736554,7802611776.3,3296693978.6,46.745926,3.47921,13.566265,17.87,17.59,17.84,18.2,18.38,19.01,18.67,2015-06-26,-
2016-12-27,2772,众兴菌业,农牧饲渔,17.52,17.56,17.33,17.36,17.33,1148777,23854123.0,0.728288,-0.957,1.34,否,0.44,-2.307,-2.032,1.461,-9.347,否,373330707,157736554,7727945634.9,3265146667.8,46.298596,3.445916,13.436445,17.67,17.61,17.79,18.15,18.36,18.98,18.67,2015-06-26,-
2016-12-28,2772,众兴菌业,农牧饲渔,17.41,17.49,17.1,17.16,17.1,1618869,33304774.0,1.026312,-1.111,2.27,否,0.79,-1.436,-6.332,0.351,-8.82,否,373330707,157736554,7642079572.29,3228867260.38,45.784168,3.407628,13.287151,17.44,17.62,17.73,18.08,18.35,18.95,18.66,2015-06-26,-
2016-12-29,2772,众兴菌业,农牧饲渔,17.12,17.36,17.12,17.2,17.12,960788,19758073.0,0.609109,0.195,1.37,否,0.53,-1.826,-6.062,0.0,-8.364,否,373330707,157736554,7657012800.57,3235176722.54,45.873633,3.414287,13.313115,17.33,17.62,17.68,18.01,18.33,18.92,18.65,2015-06-26,-
2016-12-30,2772,众兴菌业,农牧饲渔,17.23,17.27,17.1,17.25,17.1,1117491,22932790.0,0.708454,0.293,0.98,否,0.78,-0.634,-2.926,-0.862,-7.008,否,373330707,157736554,7679412642.99,3244640915.78,46.007832,3.424275,13.352061,17.3,17.6,17.65,17.96,18.31,18.88,18.64,2015-06-26,-
2017-01-03,2772,众兴菌业,农牧饲渔,17.25,17.49,17.25,17.43,17.25,1174227,24386785.0,0.744423,1.07,1.36,否,0.96,1.573,0.115,-1.637,-6.592,否,373330707,157736554,7761545398.53,3279342957.66,46.499895,3.460898,13.494864,17.28,17.57,17.63,17.91,18.3,18.85,18.62,2015-06-26,-
2017-01-04,2772,众兴菌业,农牧饲渔,17.43,17.59,17.31,17.54,17.31,1362750,28430151.0,0.863941,0.625,1.59,否,1.13,1.977,0.114,-4.258,-4.777,否,373330707,157736554,7810078390.44,3299848709.68,46.790659,3.482539,13.579248,17.32,17.5,17.58,17.85,18.29,18.82,18.61,2015-06-26,-
2017-01-05,2772,众兴菌业,农牧饲渔,17.59,17.94,17.43,17.45,17.43,1571834,32930059.0,0.996493,-0.526,2.92,否,1.26,1.159,0.518,-4.697,-4.956,否,373330707,157736554,7769012012.67,3282497688.74,46.544628,3.464227,13.507846,17.37,17.41,17.53,17.81,18.28,18.78,18.6,2015-06-26,-
2017-01-06,2772,众兴菌业,农牧饲渔,17.42,17.45,17.15,17.2,17.15,1512296,31136343.0,0.958748,-1.442,1.68,否,1.22,-1.32,0.233,-3.208,-5.443,否,373330707,157736554,7657012800.57,3235176722.54,45.873633,3.414287,13.313115,17.37,17.35,17.49,17.76,18.27,18.74,18.58,2015-06-26,-
2017-01-09,2772,众兴菌业,农牧饲渔,17.31,17.56,17.2,17.55,17.2,2101625,43813954.0,1.332364,2.048,2.1,否,1.56,0.057,2.035,0.804,-1.681,否,373330707,157736554,7813811697.51,3301426075.22,46.813025,3.484204,13.585739,17.43,17.37,17.46,17.72,18.26,18.71,18.56,2015-06-26,-
2017-01-10,2772,众兴菌业,农牧饲渔,17.54,18.03,17.36,17.94,17.36,3034552,64020069.0,1.92381,2.246,3.82,否,1.96,2.808,4.0,2.397,0.504,否,373330707,157736554,7989277129.8,3375562255.6,47.864249,3.562444,13.890817,17.54,17.41,17.5,17.7,18.25,18.69,18.55,2015-06-26,-
2017-01-11,2772,众兴菌业,农牧饲渔,17.77,17.82,17.56,17.58,17.56,1741276,36691407.0,1.103914,-2.009,1.45,否,0.91,2.209,0.861,1.267,-4.715,否,373330707,157736554,7828744925.79,3307735537.38,46.902491,3.490863,13.611703,17.54,17.43,17.52,17.67,18.24,18.66,18.53,2015-06-26,-
2017-01-12,2772,众兴菌业,农牧饲渔,17.58,17.67,17.3,17.32,17.3,1163180,24224457.0,0.737419,-1.478,2.1,否,0.58,-1.311,-1.254,0.932,-6.074,否,373330707,157736554,7713012406.62,3258837205.64,46.20913,3.439257,13.410481,17.52,17.45,17.53,17.64,18.23,18.63,18.52,2015-06-26,-
2017-01-13,2772,众兴菌业,农牧饲渔,17.32,17.41,16.91,17.03,16.91,1486030,30437224.0,0.942096,-1.694,2.86,否,0.78,-5.072,-2.407,-0.988,-6.377,否,373330707,157736554,7582346659.17,3203629411.74,45.426304,3.380993,13.183294,17.48,17.43,17.52,17.6,18.21,18.6,18.51,2015-06-26,-
2017-01-16,2772,众兴菌业,农牧饲渔,16.95,17.08,15.33,15.91,15.33,3158847,61150139.0,2.002609,-6.548,10.29,否,1.66,-9.499,-7.5,-7.768,-11.758,否,373330707,157736554,7085816818.86,2993839794.92,42.451563,3.159589,12.319987,17.16,17.3,17.45,17.53,18.16,18.56,18.49,2015-06-26,-
2017-01-17,2772,众兴菌业,农牧饲渔,15.89,16.06,15.35,15.93,15.35,1587178,29805985.0,1.006221,0.105,4.43,否,0.75,-8.025,-9.231,-8.606,-7.491,否,373330707,157736554,7093283433.0,2996994526.0,42.496296,3.162918,12.332969,16.75,17.15,17.36,17.47,18.11,18.52,18.48,2015-06-26,-
2017-01-18,2772,众兴菌业,农牧饲渔,15.93,16.01,15.77,15.89,15.77,887446,16837377.0,0.562613,-0.263,1.47,否,0.49,-6.694,-11.427,-9.407,-7.13,否,373330707,157736554,7074616897.65,2989107698.3,42.384464,3.154594,12.300513,16.42,16.98,17.24,17.38,18.07,18.48,18.47,2015-06-26,-
2017-01-19,2772,众兴菌业,农牧饲渔,15.85,16.6,15.83,16.25,15.83,3012667,58080220.0,1.909936,2.269,4.85,否,1.82,2.137,-7.565,-6.877,-4.971,否,373330707,157736554,7235149101.66,3056934416.52,43.346222,3.226176,12.579628,16.2,16.86,17.13,17.31,18.03,18.45,18.47,2015-06-26,-
2017-01-20,2772,众兴菌业,农牧饲渔,16.1,16.48,16.03,16.27,16.03,1583971,30716182.0,1.004188,0.103,2.79,否,0.78,2.134,-6.062,-5.407,-5.407,否,373330707,157736554,7242615715.8,3060089147.6,43.390955,3.229506,12.59261,16.05,16.77,17.06,17.25,17.99,18.41,18.46,2015-06-26,-
2017-01-23,2772,众兴菌业,农牧饲渔,16.27,16.43,16.24,16.37,16.24,1229149,23943671.0,0.779242,0.619,1.19,否,0.6,3.021,-3.876,-6.724,-5.92,否,373330707,157736554,7287415400.64,3079017534.08,43.659353,3.249482,12.670502,16.14,16.65,17.01,17.19,17.95,18.37,18.47,2015-06-26,-
2017-01-24,2772,众兴菌业,农牧饲渔,16.36,16.36,16.1,16.12,16.1,880631,16997001.0,0.558292,-1.486,1.59,否,0.53,-0.8,1.32,-10.145,-9.029,否,373330707,157736554,7179149495.61,3033273933.42,43.010725,3.201206,12.482262,16.18,16.47,16.94,17.15,17.9,18.34,18.47,2015-06-26,-
2017-01-25,2772,众兴菌业,农牧饲渔,16.19,16.27,15.96,16.17,15.96,708323,13630256.0,0.449054,0.312,1.87,否,0.47,-0.615,1.507,-8.02,-11.736,否,373330707,157736554,7201549338.03,3042738126.66,43.144924,3.211194,12.521209,16.24,16.33,16.88,17.12,17.86,18.3,18.47,2015-06-26,-
2017-01-26,2772,众兴菌业,农牧饲渔,16.24,16.25,16.1,16.22,16.1,675333,13058640.0,0.42814,0.311,0.93,否,0.46,-0.916,2.077,-6.351,-11.415,否,373330707,157736554,7223949180.45,3052202319.9,43.279123,3.221182,12.560155,16.23,16.22,16.83,17.09,17.81,18.27,18.48,2015-06-26,-
2017-02-03,2772,众兴菌业,农牧饲渔,16.22,16.35,16.06,16.27,16.06,728796,14088587.0,0.462034,0.258,1.81,否,0.72,0.931,0.123,-4.463,-8.441,否,373330707,157736554,7242615715.8,3060089147.6,43.390955,3.229506,12.59261,16.23,16.14,16.78,17.06,17.75,18.24,18.49,2015-06-26,-
2017-02-06,2772,众兴菌业,农牧饲渔,16.31,16.73,16.31,16.7,16.31,2283523,45215836.0,1.447682,2.68,2.63,否,2.7,3.278,2.643,4.965,-4.078,否,373330707,157736554,7436747683.44,3142112155.68,44.554012,3.31607,12.930144,16.3,16.22,16.76,17.04,17.71,18.22,18.49,2015-06-26,-
2017-02-07,2772,众兴菌业,农牧饲渔,16.65,16.84,16.53,16.59,16.53,1445928,28761086.0,0.916673,-0.653,1.81,否,1.37,2.281,1.344,4.143,-5.308,否,373330707,157736554,7388214691.53,3121606403.66,44.263247,3.294429,12.84576,16.39,16.29,16.72,17.0,17.67,18.2,18.5,2015-06-26,-
2017-02-08,2772,众兴菌业,农牧饲渔,16.59,16.66,16.44,16.62,16.44,1102367,21777559.0,0.698866,0.152,1.31,否,0.94,2.151,3.102,4.594,-4.263,否,373330707,157736554,7399414612.74,3126338500.28,44.330347,3.299423,12.865234,16.48,16.36,16.67,16.94,17.63,18.17,18.51,2015-06-26,-
2017-02-09,2772,众兴菌业,农牧饲渔,16.62,16.75,16.57,16.72,16.57,1259327,25031215.0,0.798374,0.605,1.11,否,1.01,0.12,3.401,2.892,-2.564,否,373330707,157736554,7444214297.58,3145266886.76,44.598745,3.319399,12.943126,16.58,16.41,16.63,16.89,17.6,18.16,18.52,2015-06-26,-
2017-02-10,2772,众兴菌业,农牧饲渔,16.73,16.76,16.56,16.56,16.56,1262286,25020068.0,0.80025,-0.953,1.2,否,0.93,-0.181,2.096,1.782,-3.721,否,373330707,157736554,7373281463.25,3115296941.5,44.173782,3.28777,12.819796,16.64,16.43,16.6,16.85,17.57,18.14,18.52,2015-06-26,-
2017-02-13,2772,众兴菌业,农牧饲渔,16.55,16.68,16.5,16.62,16.5,1086398,21520580.0,0.688742,0.354,1.11,否,0.74,0.0,2.151,1.527,-3.652,否,373330707,157736554,7399414612.74,3126338500.28,44.330347,3.299423,12.865234,16.62,16.46,16.55,16.82,17.53,18.12,18.53,2015-06-26,-
2017-02-14,2772,众兴菌业,农牧饲渔,16.53,16.64,16.35,16.44,16.35,1548323,30453738.0,0.981588,-1.06,1.77,否,1.26,-1.675,-1.557,1.985,-5.68,否,373330707,157736554,7321015164.27,3093213823.94,43.860651,3.264464,12.728922,16.59,16.49,16.48,16.79,17.49,18.1,18.54,2015-06-26,-
2017-02-15,2772,众兴菌业,农牧饲渔,16.42,16.7,16.29,16.31,16.29,2230574,43816796.0,1.414114,-0.816,2.5,否,1.78,-1.51,-1.688,0.866,-7.013,否,373330707,157736554,7261282251.15,3067975975.3,43.502787,3.237829,12.625065,16.53,16.51,16.42,16.75,17.45,18.08,18.55,2015-06-26,-
2017-02-16,2772,众兴菌业,农牧饲渔,16.28,16.36,16.01,16.15,16.01,2426852,46856242.0,1.538548,-0.977,2.11,否,1.64,-2.828,-2.828,-0.432,-7.45,否,373330707,157736554,7190349416.82,3038006030.04,43.077824,3.2062,12.501736,16.42,16.5,16.36,16.72,17.4,18.05,18.56,2015-06-26,-
2017-02-17,2772,众兴菌业,农牧饲渔,16.15,16.21,16.01,16.1,16.01,1536390,29534493.0,0.974023,-0.312,1.19,否,0.9,-2.068,-3.708,-1.045,-6.395,否,373330707,157736554,7167949574.4,3028541836.8,42.943626,3.196212,12.462789,16.32,16.48,16.31,16.68,17.35,18.03,18.57,2015-06-26,-
2017-02-20,2772,众兴菌业,农牧饲渔,16.09,16.21,16.01,16.19,16.01,1519020,29153642.0,0.963011,0.573,1.2,否,0.86,-0.736,-2.234,-3.054,-7.749,否,373330707,157736554,7209015952.17,3045892857.74,43.189657,3.214523,12.534191,16.24,16.43,16.32,16.65,17.3,18.0,18.59,2015-06-26,-
2017-02-21,2772,众兴菌业,农牧饲渔,16.19,16.32,16.14,16.29,16.14,1355977,26293447.0,0.859647,0.621,1.09,否,0.73,0.867,-1.986,-1.808,-9.197,否,373330707,157736554,7253815637.01,3064821244.22,43.458054,3.2345,12.612083,16.21,16.4,16.34,16.61,17.26,17.98,18.6,2015-06-26,-
2017-02-22,2772,众兴菌业,农牧饲渔,16.3,16.4,16.24,16.35,16.24,1373197,26752293.0,0.870564,0.36,0.98,否,0.76,1.553,-0.547,-1.625,-6.997,否,373330707,157736554,7279948786.5,3075862803.0,43.61462,3.246153,12.65752,16.22,16.37,16.37,16.57,17.21,17.96,18.62,2015-06-26,-
2017-02-23,2772,众兴菌业,农牧饲渔,16.43,16.46,16.3,16.43,16.3,1724909,33694545.0,1.093538,0.513,0.97,否,1.05,1.482,0.736,-1.734,-5.139,否,373330707,157736554,7317281857.2,3091636458.4,43.838284,3.2628,12.722431,16.27,16.34,16.37,16.54,17.17,17.94,18.63,2015-06-26,-
2017-02-24,2772,众兴菌业,农牧饲渔,16.48,16.59,16.37,16.56,16.37,1882691,37018180.0,1.193567,0.765,1.38,否,1.25,1.657,2.539,0.0,-2.76,否,373330707,157736554,7373281463.25,3115296941.5,44.173782,3.28777,12.819796,16.36,16.34,16.39,16.52,17.14,17.92,18.65,2015-06-26,-
2017-02-27,2772,众兴菌业,农牧饲渔,16.63,16.89,16.4,16.47,16.4,2440064,48461062.0,1.546924,-0.506,2.99,否,1.55,0.734,2.298,-0.903,3.52,否,373330707,157736554,7335948392.55,3099523286.1,43.950117,3.271123,12.754886,16.42,16.33,16.39,16.48,17.1,17.89,18.66,2015-06-26,-
2017-02-28,2772,众兴菌业,农牧饲渔,16.11,16.37,16.1,16.3,16.1,2195727,42558300.0,1.392022,-1.069,1.68,否,1.25,-0.791,0.679,-0.852,2.323,否,373330707,157736554,7257548944.08,3066398609.76,45.785982,3.178975,12.405675,16.42,16.32,16.4,16.42,17.06,17.87,18.67,2015-06-26,-
2017-03-01,2772,众兴菌业,农牧饲渔,16.3,16.4,16.2,16.23,16.2,1506045,29251077.0,0.954785,-0.412,1.23,否,0.78,-1.993,-0.368,-0.49,2.14,否,373330707,157736554,7227682487.52,3053779685.44,45.597562,3.165893,12.354623,16.4,16.31,16.41,16.38,17.02,17.84,18.68,2015-06-26,-
2017-03-02,2772,众兴菌业,农牧饲渔,16.2,16.28,16.1,16.11,16.1,1501556,28972298.0,0.951939,-0.723,1.14,否,0.77,-2.186,-1.468,-0.248,-0.862,否,373330707,157736554,7175416188.54,3031696567.88,45.267828,3.142999,12.265282,16.33,16.3,16.4,16.34,16.99,17.82,18.69,2015-06-26,-
2017-03-03,2772,众兴菌业,农牧饲渔,16.05,16.36,16.05,16.34,16.05,1795024,34683629.0,1.137989,1.405,1.93,否,0.94,0.245,-0.548,1.491,0.43,否,373330707,157736554,7276215479.43,3074285437.46,45.903744,3.187152,12.437583,16.29,16.33,16.4,16.32,16.96,17.79,18.7,2015-06-26,-
2017-03-06,2772,众兴菌业,农牧饲渔,16.31,16.4,16.2,16.39,16.2,1643223,32014859.0,1.041752,0.308,1.23,否,0.87,0.986,-1.027,1.235,0.122,否,373330707,157736554,7298615321.85,3083749630.7,46.045059,3.196963,12.475872,16.27,16.35,16.39,16.33,16.93,17.77,18.71,2015-06-26,-
2017-03-07,2772,众兴菌业,农牧饲渔,16.42,16.61,16.38,16.54,16.38,2231806,43904071.0,1.414895,0.921,1.38,否,1.29,2.669,0.425,1.535,2.605,否,373330707,157736554,7365814849.11,3112142210.42,46.469003,3.226398,12.590739,16.32,16.37,16.39,16.35,16.91,17.75,18.72,2015-06-26,-
2017-03-08,2772,众兴菌业,农牧饲渔,16.6,16.6,16.21,16.25,16.21,2520563,49094770.0,1.597957,-1.774,2.38,否,1.45,-0.551,-0.307,-0.612,0.495,否,373330707,157736554,7235149101.66,3056934416.52,45.644667,3.169164,12.367386,16.33,16.36,16.37,16.36,16.87,17.73,18.72,2015-06-26,-
2017-03-09,2772,众兴菌业,农牧饲渔,16.28,16.32,16.07,16.09,16.07,1719043,33072338.0,1.089819,-0.98,1.55,否,0.89,-1.83,-0.863,-2.069,-0.801,否,373330707,157736554,7164216267.33,3026964471.26,45.19717,3.138093,12.246137,16.32,16.33,16.34,16.36,16.83,17.71,18.72,2015-06-26,-
2017-03-10,2772,众兴菌业,农牧饲渔,16.09,16.26,16.09,16.16,16.09,1306397,25209116.0,0.828214,0.417,1.04,否,0.66,-2.297,0.31,-2.415,-0.676,否,373330707,157736554,7194082723.89,3039583395.58,45.38559,3.151176,12.297189,16.29,16.29,16.32,16.36,16.8,17.68,18.72,2015-06-26,-
2017-03-13,2772,众兴菌业,农牧饲渔,16.13,16.17,15.95,16.15,15.95,1463763,28058068.0,0.92798,-0.052,1.4,否,0.78,-0.615,-1.163,-1.943,-3.293,否,373330707,157736554,7190349416.82,3038006030.04,45.362037,3.14954,12.290808,16.24,16.26,16.29,16.35,16.77,17.66,18.73,2015-06-26,-
2017-03-14,2772,众兴菌业,农牧饲渔,16.11,16.26,16.08,16.13,16.08,1342446,25847442.0,0.851068,-0.104,1.09,否,0.73,0.249,-1.586,-1.043,-2.773,否,373330707,157736554,7182882802.68,3034851298.96,45.314933,3.14627,12.278045,16.16,16.24,16.28,16.35,16.75,17.64,18.74,2015-06-26,-
2017-03-15,2772,众兴菌业,农牧饲渔,15.82,15.83,14.92,15.29,14.92,11365608,206935555.0,7.205437,-5.198,5.61,否,6.8,-5.384,-7.557,-5.792,-8.002,否,373330707,157736554,6809552095.68,2877114744.96,42.959687,2.982742,11.639893,15.96,16.15,16.23,16.32,16.72,17.61,18.74,2015-06-26,-
2017-03-16,2772,众兴菌业,农牧饲渔,15.13,15.35,15.09,15.28,15.09,4658153,84591150.0,2.953122,-0.055,1.7,否,1.35,-5.387,-5.969,-5.152,-8.612,否,373330707,157736554,6805818788.61,2875537379.42,42.936134,2.981107,11.633511,15.8,16.06,16.18,16.29,16.69,17.58,18.75,2015-06-26,-
2017-03-17,2772,众兴菌业,农牧饲渔,15.27,15.41,15.23,15.29,15.23,3962603,72346170.0,2.512165,0.055,1.15,否,0.98,-5.208,-4.972,-6.426,-7.669,否,373330707,157736554,6809552095.68,2877114744.96,42.959687,2.982742,11.639893,15.63,15.96,16.14,16.26,16.66,17.55,18.75,2015-06-26,-
2017-03-20,2772,众兴菌业,农牧饲渔,15.23,15.23,15.07,15.14,15.07,3494651,63079745.0,2.18246,-0.987,0.99,否,0.77,-0.981,-6.312,-7.627,-8.905,否,373330707,160124366,6742352568.42,2891846049.96,42.535742,2.953307,11.525025,15.43,15.83,16.09,16.2,16.62,17.52,18.75,2015-06-26,-
2017-03-21,2772,众兴菌业,农牧饲渔,15.14,15.23,15.11,15.16,15.11,2394963,43321987.0,1.495689,0.111,0.78,否,0.48,-0.785,-6.13,-8.343,-7.786,否,373330707,160124366,6749819182.56,2895048537.28,42.582847,2.956578,11.537788,15.23,15.69,16.03,16.16,16.58,17.49,18.76,2015-06-26,-
2017-03-22,2772,众兴菌业,农牧饲渔,15.17,15.17,14.95,15.02,14.95,3234799,57909216.0,2.020179,-0.885,1.44,否,0.63,-1.766,-6.882,-7.569,-7.909,否,373330707,160124366,6690086269.44,2869428638.72,42.206008,2.930414,11.435684,15.18,15.57,15.97,16.1,16.52,17.46,18.76,2015-06-26,-
2017-03-23,2772,众兴菌业,农牧饲渔,15.02,15.07,14.93,14.98,14.93,2353455,42070578.0,1.469767,-0.279,0.95,否,0.66,-1.057,-2.027,-6.899,-7.245,否,373330707,160124366,6671419734.09,2861422420.42,42.088246,2.922237,11.403776,15.12,15.46,15.89,16.04,16.47,17.44,18.77,2015-06-26,-
2017-03-24,2772,众兴菌业,农牧饲渔,14.98,15.11,14.93,15.05,14.93,2310050,41368387.0,1.44266,0.448,1.18,否,0.75,-0.726,-1.505,-6.869,-6.522,否,373330707,160124366,6701286190.65,2874232369.7,42.276665,2.935319,11.454829,15.07,15.35,15.82,15.99,16.42,17.41,18.77,2015-06-26,-
2017-03-27,2772,众兴菌业,农牧饲渔,15.01,15.01,13.89,14.24,13.89,31752419,537248080.0,19.829848,-5.348,7.41,否,11.51,-5.193,-6.867,-11.827,-12.044,否,373330707,160124366,6342888711.93,2720512978.34,40.015629,2.778333,10.842203,14.89,15.16,15.71,15.91,16.37,17.38,18.77,2015-06-26,-
2017-03-28,2772,众兴菌业,农牧饲渔,14.07,14.66,14.01,14.45,14.01,19422792,331835184.0,12.129817,1.413,4.53,否,2.31,-3.538,-4.557,-10.415,-11.295,否,373330707,160124366,6432488081.61,2758942826.18,40.580888,2.81758,10.995359,14.75,14.99,15.61,15.85,16.32,17.35,18.78,2015-06-26,-
2017-03-29,2772,众兴菌业,农牧饲渔,14.4,15.25,14.34,15.05,14.34,25153397,444584656.0,15.708663,4.179,6.33,否,2.13,0.0,-0.726,-1.57,-7.951,否,373330707,160124366,6701286190.65,2874232369.7,42.276665,2.935319,11.454829,14.75,14.97,15.56,15.81,16.28,17.32,18.78,2015-06-26,-
2017-03-30,2772,众兴菌业,农牧饲渔,15.09,15.16,14.43,14.62,14.43,13892448,244677232.0,8.676036,-2.841,4.85,否,0.86,2.669,-2.663,-4.319,-11.016,否,373330707,160124366,6510887530.08,2792568943.04,41.07549,2.85192,11.129371,14.68,14.9,15.48,15.76,16.24,17.29,18.78,2015-06-26,-
2017-03-31,2772,众兴菌业,农牧饲渔,14.67,15.12,14.25,14.92,14.25,15637323,272500144.0,9.765736,2.018,5.94,否,0.84,3.253,-0.401,-2.42,-9.903,否,373330707,160124366,6604220206.83,2832600034.54,41.664301,2.892802,11.288909,14.66,14.86,15.41,15.72,16.2,17.26,18.79,2015-06-26,-
2017-04-05,2772,众兴菌业,农牧饲渔,14.71,15.58,14.64,15.39,14.64,21127636,380275984.0,13.194517,3.166,6.33,否,1.0,2.259,2.259,1.651,-6.557,否,373330707,160124366,6813285402.75,2922269679.5,42.983239,2.984378,11.646274,14.89,14.89,15.36,15.69,16.17,17.24,18.79,2015-06-26,-
2017-04-06,2772,众兴菌业,农牧饲渔,15.35,15.35,15.05,15.18,15.05,13818465,248415062.0,8.629833,-1.37,1.92,否,0.73,3.83,6.601,0.132,-6.871,否,373330707,160124366,6719952726.0,2882238588.0,42.394428,2.943496,11.486736,15.03,14.89,15.29,15.65,16.13,17.21,18.79,2015-06-26,-
2017-04-07,2772,众兴菌业,农牧饲渔,15.01,15.07,14.66,14.7,14.66,9958680,175170809.0,6.219341,-3.167,2.72,否,0.56,-1.475,1.73,-2.13,-9.427,否,373330707,160124366,6507154223.01,2790967699.38,41.051937,2.850285,11.12299,14.96,14.86,15.21,15.6,16.08,17.19,18.79,2015-06-26,-
2017-04-10,2772,众兴菌业,农牧饲渔,14.55,14.55,13.64,13.72,13.64,14428127,240450477.0,9.010576,-6.655,6.2,否,0.97,-10.851,-8.837,-8.411,-14.836,否,373330707,160124366,6074090602.89,2605223434.82,38.319852,2.660593,10.382733,14.78,14.73,15.1,15.51,16.02,17.15,18.78,2015-06-26,-
2017-04-11,2772,众兴菌业,农牧饲渔,13.69,13.93,13.39,13.92,13.39,13827681,224660727.0,8.635588,1.475,3.93,否,0.92,-8.3,-4.788,-7.508,-14.81,否,373330707,160124366,6163689972.57,2643653282.66,38.885111,2.69984,10.53589,14.58,14.62,14.98,15.42,15.97,17.12,18.76,2015-06-26,-
2017-04-12,2772,众兴菌业,农牧饲渔,13.92,14.01,13.75,13.87,13.75,8089637,133151295.0,5.052096,-0.363,1.88,否,0.55,-5.646,-7.038,-2.598,-15.375,否,373330707,160124366,6141290130.15,2634045820.7,38.743796,2.690028,10.497601,14.28,14.58,14.87,15.33,15.91,17.08,18.74,2015-06-26,-
2017-04-13,2772,众兴菌业,农牧饲渔,13.81,14.4,13.79,14.26,13.79,15361068,257014161.0,9.593211,2.796,4.44,否,1.28,3.936,-7.342,-1.315,-13.785,否,373330707,160124366,6313022255.37,2707703029.06,39.827209,2.765251,10.791151,14.09,14.56,14.78,15.26,15.84,17.05,18.72,2015-06-26,-
2017-04-14,2772,众兴菌业,农牧饲渔,14.17,14.21,13.71,13.91,13.71,10146636,167556234.0,6.336722,-2.425,3.49,否,0.82,-0.072,-8.366,-7.575,-14.4,否,373330707,160124366,6159956665.5,2642052039.0,38.861559,2.698204,10.529508,13.94,14.45,14.71,15.19,15.78,17.01,18.69,2015-06-26,-
2017-04-17,2772,众兴菌业,农牧饲渔,13.66,14.07,13.5,13.87,13.5,6461654,105763464.0,4.035397,-0.303,4.12,否,0.52,0.0,-5.646,-5.13,-13.797,否,373330707,160124366,6141290130.15,2634045820.7,38.743796,2.690028,10.497601,13.97,14.37,14.64,15.11,15.73,16.98,18.67,2015-06-26,-
2017-04-18,2772,众兴菌业,农牧饲渔,13.88,13.91,12.67,13.03,12.67,13353946,210977904.0,8.339734,-6.079,8.94,否,1.24,-8.626,-5.029,-12.668,-19.369,否,373330707,160124366,5767959423.15,2473921454.7,36.38855,2.5265,9.859449,13.79,14.19,14.52,15.0,15.66,16.93,18.64,2015-06-26,-
2017-04-19,2772,众兴菌业,农牧饲渔,12.99,12.99,12.25,12.47,12.25,7351535,109525215.0,4.591141,-4.272,5.63,否,0.69,-10.352,-10.417,-18.973,-22.786,否,373330707,160124366,5521561156.53,2368239373.14,34.834088,2.418572,9.438268,13.51,13.89,14.39,14.87,15.6,16.88,18.61,2015-06-26,-
2017-04-20,2772,众兴菌业,农牧饲渔,12.44,12.56,12.26,12.35,12.26,4162481,61252946.0,2.59953,-0.947,2.37,否,0.4,-10.959,-10.959,-18.643,-23.435,否,373330707,160124366,5469294857.55,2345821961.9,34.504354,2.395678,9.348927,13.13,13.61,14.25,14.73,15.54,16.83,18.57,2015-06-26,-
2017-04-21,2772,众兴菌业,农牧饲渔,12.4,12.48,12.26,12.35,12.26,3466689,50832012.0,2.164998,0.0,1.77,否,0.42,-5.219,-13.394,-15.986,-19.228,否,373330707,160124366,5469294857.55,2345821961.9,34.504354,2.395678,9.348927,12.81,13.38,14.12,14.6,15.48,16.77,18.53,2015-06-26,-
2017-04-24,2772,众兴菌业,农牧饲渔,12.36,12.4,11.79,11.8,11.79,3538985,50050713.0,2.210148,-4.505,4.91,否,0.51,-5.373,-15.169,-13.994,-22.775,否,373330707,160124366,5222896590.93,2240139880.34,32.949891,2.28775,8.927747,12.4,13.18,13.96,14.46,15.41,16.72,18.48,2015-06-26,-
2017-04-25,2772,众兴菌业,农牧饲渔,11.75,11.94,11.7,11.81,11.7,3476056,48742594.0,2.170848,0.071,2.0,否,0.55,-4.372,-14.852,-15.158,-22.76,否,373330707,160124366,5226629898.0,2241741124.0,32.973444,2.289386,8.934128,12.16,12.97,13.8,14.31,15.33,16.66,18.42,2015-06-26,-
2017-04-26,2772,众兴菌业,农牧饲渔,11.84,11.86,11.73,11.8,11.73,2748090,38387198.0,1.716222,-0.071,1.07,否,0.62,-4.453,-9.44,-14.924,-22.061,否,373330707,160124366,5222896590.93,2240139880.34,32.949891,2.28775,8.927747,12.02,12.77,13.67,14.17,15.26,16.6,18.37,2015-06-26,-
2017-04-27,2772,众兴菌业,农牧饲渔,11.72,11.75,11.18,11.75,11.18,5485468,74617979.0,3.425755,-0.357,4.86,否,1.58,-0.424,-5.774,-17.602,-22.493,否,373330707,160124366,5204230055.58,2232133662.04,32.832129,2.279574,8.895839,11.9,12.51,13.54,14.02,15.19,16.54,18.33,2015-06-26,-
2017-04-28,2772,众兴菌业,农牧饲渔,11.59,11.75,11.57,11.73,11.57,3152833,43547676.0,1.96899,-0.215,1.58,否,0.84,-0.677,-5.02,-15.672,-21.904,否,373330707,160124366,5193030134.37,2227329931.06,42.412586,2.231869,9.100389,11.78,12.3,13.37,13.9,15.11,16.48,18.28,2015-06-26,-
2017-05-02,2772,众兴菌业,农牧饲渔,11.71,11.86,11.59,11.84,11.59,3148851,43870272.0,1.966503,0.935,2.3,否,0.86,0.339,-4.13,-14.636,-20.961,否,373330707,160124366,5241563126.28,2248146098.64,42.808965,2.252727,9.185439,11.79,12.09,13.23,13.79,15.04,16.42,18.23,2015-06-26,-
2017-05-03,2772,众兴菌业,农牧饲渔,11.85,11.86,11.68,11.75,11.68,2888457,40257643.0,1.803883,-0.712,1.57,否,0.8,0.0,-0.424,-9.823,-21.927,否,373330707,160124366,5204230055.58,2232133662.04,42.504058,2.236682,9.120016,11.77,11.97,13.08,13.67,14.96,16.36,18.19,2015-06-26,-
2017-05-04,2772,众兴菌业,农牧饲渔,11.72,11.77,11.56,11.71,11.56,2762543,38208154.0,1.725248,-0.359,1.79,否,0.79,-0.171,-0.847,-6.095,-17.767,否,373330707,160124366,5185563520.23,2224127443.74,42.351605,2.22866,9.087304,11.76,11.89,12.89,13.56,14.88,16.29,18.14,2015-06-26,-
2017-05-05,2772,众兴菌业,农牧饲渔,11.69,11.69,11.37,11.37,11.37,3383604,46158782.0,2.11311,-2.952,2.74,否,0.97,-3.97,-3.644,-7.935,-21.315,否,373330707,160124366,5032497930.36,2158476453.68,41.101485,2.162875,8.819068,11.68,11.79,12.7,13.43,14.79,16.23,18.1,2015-06-26,-
2017-05-08,2772,众兴菌业,农牧饲渔,11.3,11.33,10.98,10.98,10.98,3917899,51793907.0,2.446785,-3.412,3.12,否,1.28,-6.553,-6.553,-11.093,-27.043,否,373330707,160124366,4860765805.14,2084819245.32,39.698912,2.089068,8.518121,11.53,11.65,12.51,13.3,14.7,16.17,18.05,2015-06-26,-
2017-05-09,2772,众兴菌业,农牧饲渔,11.13,11.27,10.97,11.21,10.97,3039763,40254036.0,1.898376,2.074,2.69,否,0.94,-4.27,-4.433,-5.0,-23.324,否,373330707,160124366,4961565096.03,2128052824.14,40.522162,2.132389,8.694764,11.4,11.6,12.39,13.17,14.61,16.1,18.02,2015-06-26,-
2017-05-10,2772,众兴菌业,农牧饲渔,11.21,11.26,10.99,10.99,10.99,3155769,41729592.0,1.970824,-1.956,2.41,否,0.99,-3.342,-7.179,-6.943,-26.34,否,373330707,160124366,4864499112.21,2086420488.98,39.729403,2.090672,8.524663,11.25,11.51,12.24,13.03,14.51,16.04,17.99,2015-06-26,-
2017-05-11,2772,众兴菌业,农牧饲渔,10.92,10.92,10.37,10.68,10.37,4941512,62291039.0,3.086046,-2.84,4.99,否,1.52,-2.732,-9.106,-9.492,-30.604,否,373330707,160124366,4726366750.62,2027174473.56,38.601247,2.031305,8.282597,11.05,11.4,12.08,12.92,14.42,15.97,17.95,2015-06-26,-
2017-05-12,2772,众兴菌业,农牧饲渔,10.66,10.68,10.41,10.47,10.41,3462050,43158349.0,2.162101,-1.896,2.53,否,0.94,-6.601,-10.589,-10.894,-31.028,否,373330707,160124366,4636767380.94,1988744625.72,37.869469,1.992797,8.125581,10.87,11.27,11.89,12.78,14.32,15.9,17.92,2015-06-26,-
2017-05-15,2772,众兴菌业,农牧饲渔,10.47,11.52,10.47,11.52,10.47,11096469,146993790.0,6.929907,9.984,9.98,否,3.0,4.823,1.319,-1.79,-21.633,是,373330707,160124366,5099697457.62,2187298839.56,41.650318,2.191756,8.93683,10.97,11.25,11.77,12.67,14.24,15.84,17.88,2015-06-26,-
2017-05-16,2772,众兴菌业,农牧饲渔,11.4,11.65,11.2,11.63,11.2,10178943,137888325.0,6.356898,0.952,3.88,否,1.98,8.895,5.92,-1.774,-15.233,否,373330707,160124366,5148230449.53,2208115007.14,42.046698,2.212615,9.02188,11.06,11.23,11.66,12.57,14.16,15.78,17.84,2015-06-26,-
2017-05-17,2772,众兴菌业,农牧饲渔,11.51,11.59,11.4,11.46,11.4,7091100,96430151.0,4.428495,-1.45,1.67,否,1.08,9.456,2.23,-2.468,-17.672,否,373330707,160124366,5073564308.13,2176090133.94,41.436883,2.180525,8.891034,11.15,11.2,11.58,12.45,14.08,15.72,17.8,2015-06-26,-
2017-05-18,2772,众兴菌业,农牧饲渔,11.44,11.5,11.22,11.27,11.22,4478965,60303910.0,2.797179,-1.619,2.5,否,0.61,-2.17,2.548,-3.757,-18.745,否,373330707,160124366,4991431552.59,2140862773.42,40.766087,2.145225,8.747102,11.27,11.16,11.52,12.31,14.0,15.65,17.76,2015-06-26,-
2017-05-19,2772,众兴菌业,农牧饲渔,11.24,11.36,11.08,11.1,11.08,3695147,49113353.0,2.307673,-1.571,2.47,否,0.51,-4.557,3.933,-2.375,-22.16,否,373330707,160124366,4913032104.12,2107236656.56,40.125782,2.111531,8.609713,11.4,11.13,11.46,12.18,13.91,15.59,17.71,2015-06-26,-
2017-05-22,2772,众兴菌业,农牧饲渔,11.06,11.4,11.05,11.11,11.05,4160480,55247334.0,2.59828,0.076,3.19,否,0.57,-3.054,6.113,1.184,-20.129,否,373330707,160124366,4916765411.19,2108837900.22,40.156273,2.113135,8.616256,11.31,11.14,11.4,12.06,13.83,15.52,17.67,2015-06-26,-
2017-05-23,2772,众兴菌业,农牧饲渔,11.05,11.17,10.57,10.68,10.57,4348412,55590975.0,2.715647,-3.872,5.47,否,0.73,-5.235,-7.292,-4.728,-22.999,否,373330707,160124366,4726366750.62,2027174473.56,38.601247,2.031305,8.282597,11.12,11.09,11.34,11.96,13.73,15.45,17.62,2015-06-26,-
2017-05-24,2772,众兴菌业,农牧饲渔,10.56,10.85,10.42,10.84,10.42,3575766,45375520.0,2.233118,1.58,4.03,否,0.75,-2.342,-6.793,-1.365,-16.807,否,373330707,160124366,4801032892.02,2059199346.76,39.211061,2.063396,8.413443,11.0,11.08,11.29,11.85,13.64,15.39,17.58,2015-06-26,-
2017-05-25,2772,众兴菌业,农牧饲渔,10.79,11.0,10.57,10.97,10.57,3488581,44864965.0,2.17867,1.166,4.04,否,0.86,-1.26,-4.276,2.715,-12.029,否,373330707,160124366,4857032498.07,2083218001.66,39.668422,2.087463,8.511578,10.94,11.11,11.25,11.76,13.54,15.32,17.54,2015-06-26,-
2017-05-26,2772,众兴菌业,农牧饲渔,10.97,11.02,10.82,10.92,10.82,2965344,38442693.0,1.851901,-0.461,1.84,否,0.77,2.247,-3.106,4.298,-11.579,否,373330707,160124366,4834632655.65,2073610539.7,39.485477,2.077836,8.472324,10.9,11.15,11.21,11.65,13.45,15.26,17.5,2015-06-26,-
2017-05-31,2772,众兴菌业,农牧饲渔,11.05,11.13,10.8,10.86,10.8,2721024,35462284.0,1.699319,-0.541,3.01,否,0.73,0.185,-2.162,-5.729,-12.065,否,373330707,160124366,4808499506.16,2062401834.08,39.272042,2.066605,8.426528,10.85,11.08,11.17,11.54,13.37,15.2,17.46,2015-06-26,-
2017-06-01,2772,众兴菌业,农牧饲渔,10.82,10.82,10.43,10.43,10.43,3271395,41096783.0,2.043034,-3.96,3.57,否,0.96,-4.923,-6.121,-10.318,-11.61,否,373330707,160124366,4618100845.59,1980738407.42,37.717016,1.984775,8.092869,10.8,10.96,11.1,11.43,13.27,15.13,17.43,2015-06-26,-
2017-06-02,2772,众兴菌业,农牧饲渔,10.21,10.61,10.21,10.57,10.21,3120378,38472508.0,1.948722,1.374,3.8,否,0.97,-3.205,-1.03,-7.766,-10.5,否,373330707,160124366,4681567065.78,2007959549.64,38.235358,2.012051,8.204089,10.75,10.88,11.04,11.35,13.17,15.07,17.39,2015-06-26,-
2017-06-05,2772,众兴菌业,农牧饲渔,10.57,10.73,10.57,10.68,10.57,2060412,26019090.0,1.286757,0.957,1.52,否,0.66,-1.657,-1.476,-5.235,-9.492,否,373330707,160124366,4726366750.62,2027174473.56,38.601247,2.031305,8.282597,10.69,10.82,10.99,11.29,13.08,15.01,17.35,2015-06-26,-
2017-06-06,2772,众兴菌业,农牧饲渔,10.67,10.77,10.58,10.74,10.58,1919067,24316785.0,1.198485,0.632,1.74,否,0.68,2.972,-2.097,-3.243,-8.596,否,373330707,160124366,4756233207.18,2039984422.84,38.845172,2.044141,8.334935,10.66,10.78,10.96,11.23,12.98,14.95,17.31,2015-06-26,-
2017-06-07,2772,众兴菌业,农牧饲渔,10.74,11.05,10.73,10.99,10.73,3680398,47612709.0,2.298462,2.276,2.98,否,1.41,3.974,0.641,-1.08,-6.309,否,373330707,160124366,4864499112.21,2086420488.98,39.729403,2.090672,8.524663,10.68,10.77,10.96,11.19,12.9,14.88,17.27,2015-06-26,-
2017-06-08,2772,众兴菌业,农牧饲渔,10.97,11.12,10.9,10.99,10.9,3652268,47708869.0,2.280895,0.0,2.0,否,1.3,2.903,1.197,2.903,-7.179,否,373330707,160124366,4864499112.21,2086420488.98,39.729403,2.090672,8.524663,10.79,10.8,10.95,11.16,12.81,14.82,17.24,2015-06-26,-
2017-06-09,2772,众兴菌业,农牧饲渔,11.04,11.04,10.84,10.95,10.84,2682704,34703339.0,1.675388,-0.307,1.84,否,0.93,1.955,4.986,1.015,-6.809,否,373330707,160124366,4849565883.93,2080015514.34,39.60744,2.084254,8.498494,10.87,10.81,10.94,11.13,12.72,14.76,17.21,2015-06-26,-
2017-06-12,2772,众兴菌业,农牧饲渔,10.88,10.94,10.64,10.66,10.64,2367961,30271056.0,1.478826,-2.694,2.69,否,0.85,-3.003,0.851,-2.826,-8.967,否,373330707,160124366,4718900136.48,2023971986.24,38.540265,2.028096,8.269512,10.87,10.78,10.94,11.1,12.63,14.7,17.17,2015-06-26,-
2017-06-13,2772,众兴菌业,农牧饲渔,10.59,11.03,10.58,10.95,10.58,2909674,37455615.0,1.817134,2.769,4.19,否,1.02,-0.364,2.528,0.275,-3.694,否,373330707,160124366,4849565883.93,2080015514.34,39.60744,2.084254,8.498494,10.91,10.78,10.97,11.07,12.55,14.65,17.13,2015-06-26,-
2017-06-14,2772,众兴菌业,农牧饲渔,10.89,11.62,10.89,11.31,10.89,8706333,116975324.0,5.437232,3.233,6.7,否,2.85,3.288,5.307,4.144,3.005,否,373330707,160124366,5006364780.87,2147267748.06,40.88805,2.151643,8.773272,10.97,10.83,10.96,11.05,12.48,14.6,17.1,2015-06-26,-
2017-06-15,2772,众兴菌业,农牧饲渔,11.28,11.53,11.22,11.36,11.22,6027993,81094385.0,3.764569,0.447,2.76,否,1.48,6.567,3.367,8.917,1.338,否,373330707,160124366,5028764623.29,2156875210.02,41.070995,2.16127,8.812526,11.05,10.92,10.94,11.04,12.41,14.55,17.06,2015-06-26,-
2017-06-16,2772,众兴菌业,农牧饲渔,11.4,11.54,11.27,11.33,11.27,3710103,50110285.0,2.317013,-0.223,2.45,否,0.82,3.47,3.094,7.19,3.094,否,373330707,160124366,5017564702.08,2152071479.04,40.979522,2.156457,8.792899,11.12,11.0,10.94,11.02,12.35,14.5,17.02,2015-06-26,-
2017-06-19,2772,众兴菌业,农牧饲渔,11.33,11.41,11.27,11.37,11.27,3002294,40365382.0,1.874976,0.298,1.19,否,0.63,0.531,3.836,6.461,6.461,否,373330707,160124366,5032497930.36,2158476453.68,41.101485,2.162875,8.819068,11.26,11.07,10.94,11.01,12.28,14.45,16.99,2015-06-26,-
2017-06-20,2772,众兴菌业,农牧饲渔,11.44,11.44,11.23,11.27,11.23,2748825,36904044.0,1.716681,-0.89,1.85,否,0.56,-0.792,5.722,4.935,7.641,否,373330707,160124366,4987698245.52,2139261529.76,40.735597,2.143621,8.74056,11.33,11.12,10.95,11.01,12.22,14.4,16.95,2015-06-26,-
2017-06-21,2772,众兴菌业,农牧饲渔,11.27,11.31,11.09,11.17,11.09,2963372,39263555.0,1.850669,-0.823,1.95,否,0.61,-1.412,2.009,1.638,-3.038,否,373330707,160124366,4946631867.75,2121647849.5,40.400199,2.125971,8.668594,11.3,11.14,10.95,11.02,12.16,14.34,16.91,2015-06-26,-
2017-06-22,2772,众兴菌业,农牧饲渔,11.16,11.32,11.06,11.06,11.06,3507452,46630229.0,2.190455,-1.057,2.42,否,0.95,-2.726,-2.21,0.637,-4.901,否,373330707,160124366,4894365568.77,2099230438.26,39.973329,2.103508,8.577002,11.24,11.14,10.97,11.01,12.09,14.28,16.87,2015-06-26,-
2017-06-23,2772,众兴菌业,农牧饲渔,11.0,11.02,10.64,10.89,10.64,3667336,47299859.0,2.290305,-1.449,3.43,否,1.15,-3.372,-4.137,-0.548,-4.974,否,373330707,160124366,4823432734.44,2068806808.72,39.394005,2.073023,8.452697,11.15,11.14,10.97,11.01,12.02,14.22,16.82,2015-06-26,-
2017-06-26,2772,众兴菌业,农牧饲渔,10.84,11.13,10.77,11.11,10.77,3735842,48467082.0,2.333088,2.012,3.33,否,1.18,-0.537,-1.942,4.221,-1.42,否,373330707,160124366,4920498718.26,2110439143.88,40.186764,2.11474,8.622798,11.1,11.18,10.98,11.02,11.97,14.17,16.78,2015-06-26,-
2017-06-27,2772,众兴菌业,农牧饲渔,11.11,11.2,11.07,11.18,11.07,2362552,31196593.0,1.475448,0.607,1.14,否,0.71,1.085,-1.671,2.1,0.721,否,373330707,160124366,4950365174.82,2123249093.16,40.43069,2.127576,8.675137,11.08,11.21,10.99,11.05,11.91,14.12,16.73,2015-06-26,-
2017-06-28,2772,众兴菌业,农牧饲渔,11.17,11.17,11.03,11.06,11.03,1646349,21637046.0,1.028169,-1.056,1.28,否,0.51,1.561,-1.863,-2.21,-0.45,否,373330707,160124366,4898098875.84,2100831681.92,40.00382,2.105113,8.583544,11.06,11.18,11.0,11.03,11.85,14.06,16.69,2015-06-26,-
2017-06-29,2772,众兴菌业,农牧饲渔,11.17,11.38,11.1,11.11,11.1,2076425,27603055.0,1.296758,0.457,2.59,否,0.7,0.0,-0.537,-2.201,4.026,否,373330707,160124366,4920498718.26,2110439143.88,40.186764,2.11474,8.622798,11.07,11.16,11.04,11.01,11.79,14.01,16.65,2015-06-26,-
2017-06-30,2772,众兴菌业,农牧饲渔,11.06,11.34,11.01,11.34,11.01,1915592,25219291.0,1.184113,2.049,2.96,否,0.71,1.431,2.532,0.088,4.613,否,373330707,161774384,5021298009.15,2175865464.8,41.010013,2.158061,8.799441,11.16,11.16,11.08,11.01,11.73,13.96,16.62,2015-06-26,-
2017-07-03,2772,众兴菌业,农牧饲渔,11.22,11.38,11.22,11.36,11.22,2783217,37388863.0,1.720431,0.149,1.49,否,1.19,2.712,4.316,-0.088,3.555,否,373330707,161774384,5028764623.29,2179100952.48,41.070995,2.16127,8.812526,11.21,11.16,11.11,11.01,11.66,13.92,16.58,2015-06-26,-
2017-07-04,2772,众兴菌业,农牧饲渔,11.38,11.38,11.11,11.16,11.11,2833183,37671835.0,1.751317,-1.708,2.38,否,1.31,0.45,0.45,-0.976,2.198,否,373330707,161774384,4942898560.68,2141892844.16,40.369708,2.124367,8.662052,11.21,11.14,11.13,11.01,11.6,13.86,16.54,2015-06-26,-
2017-07-05,2772,众兴菌业,农牧饲渔,11.21,11.25,11.14,11.24,11.14,2228098,29603060.0,1.377287,0.68,0.98,否,0.99,-0.882,0.537,0.627,3.499,否,373330707,161774384,4976498324.31,2156452538.72,40.644125,2.138807,8.720933,11.24,11.15,11.14,11.02,11.54,13.81,16.51,2015-06-26,-
2017-07-06,2772,众兴菌业,农牧饲渔,11.21,11.32,11.1,11.14,11.1,3499561,46448484.0,2.163236,-0.9,2.03,否,1.48,-1.937,0.723,0.723,6.807,否,373330707,161774384,4931698639.47,2137039612.64,40.278236,2.119553,8.642425,11.25,11.16,11.15,11.03,11.5,13.76,16.47,2015-06-26,-
2017-07-07,2772,众兴菌业,农牧饲渔,11.13,11.23,11.06,11.16,11.06,2511630,33151686.0,1.552551,0.227,1.51,否,0.95,0.0,0.45,2.479,5.582,否,373330707,161774384,4942898560.68,2141892844.16,40.369708,2.124367,8.662052,11.21,11.19,11.16,11.04,11.45,13.71,16.43,2015-06-26,-
2017-07-10,2772,众兴菌业,农牧饲渔,11.18,12.13,11.17,11.82,11.17,17278999,241415395.0,10.680924,5.891,8.61,否,6.24,5.16,4.233,6.391,10.674,否,373330707,161774384,5234096512.14,2268076863.68,42.747984,2.249518,9.172354,11.3,11.26,11.22,11.07,11.41,13.66,16.39,2015-06-26,-
2017-07-11,2772,众兴菌业,农牧饲渔,11.68,11.74,11.49,11.56,11.49,9086208,125029323.0,5.616593,-2.211,2.14,否,1.6,3.77,1.761,3.399,7.635,否,373330707,161774384,5118363992.97,2217926804.64,41.802772,2.199779,8.969542,11.38,11.3,11.25,11.09,11.37,13.61,16.35,2015-06-26,-
2017-07-12,2772,众兴菌业,农牧饲渔,11.5,11.61,11.3,11.58,11.3,5822773,79070492.0,3.599317,0.146,2.7,否,0.84,3.763,3.763,4.702,5.369,否,373330707,161774384,5125830607.11,2221162292.32,41.863753,2.202988,8.982626,11.45,11.35,11.26,11.12,11.33,13.56,16.32,2015-06-26,-
2017-07-13,2772,众兴菌业,农牧饲渔,11.56,11.96,11.51,11.94,11.51,9362723,130648018.0,5.787519,3.132,3.86,否,1.23,1.015,6.228,7.471,8.644,否,373330707,161774384,5286362811.12,2290725277.44,43.174854,2.271981,9.263947,11.61,11.43,11.29,11.17,11.3,13.51,16.28,2015-06-26,-
2017-07-14,2772,众兴菌业,农牧饲渔,11.88,12.05,11.77,11.89,11.77,6218444,87667524.0,3.843899,-0.424,2.33,否,0.71,2.855,6.732,4.85,8.584,否,373330707,161774384,5263962968.7,2281018814.4,42.99191,2.262354,9.224693,11.76,11.49,11.32,11.21,11.28,13.47,16.24,2015-06-26,-
2017-07-17,2772,众兴菌业,农牧饲渔,11.89,11.89,10.7,10.78,10.7,9222190,121596853.0,5.700649,-9.362,10.0,否,0.97,-6.908,-3.405,-5.106,1.126,否,373330707,161774384,4771166435.46,2067476627.52,38.967135,2.050559,8.361105,11.55,11.43,11.29,11.22,11.25,13.43,16.2,2015-06-26,-
2017-07-18,2772,众兴菌业,农牧饲渔,10.62,10.64,10.24,10.56,10.24,7660889,94833954.0,4.735539,-2.034,3.76,否,0.96,-11.558,-10.66,-5.376,-3.562,否,373330707,161774384,4674100451.64,2025415287.68,38.174377,2.008842,8.191004,11.35,11.37,11.26,11.21,11.22,13.38,16.16,2015-06-26,-
2017-07-19,2772,众兴菌业,农牧饲渔,10.45,10.6,10.3,10.54,10.3,4325765,53789096.0,2.673949,-0.16,2.88,否,0.56,-11.354,-8.824,-6.228,-6.808,否,373330707,161774384,4666633837.5,2022179800.0,38.113395,2.005633,8.177919,11.14,11.3,11.22,11.19,11.19,13.34,16.11,2015-06-26,-
2017-07-20,2772,众兴菌业,农牧饲渔,10.5,10.7,10.48,10.51,10.48,3805318,47778219.0,2.352238,-0.32,2.08,否,0.52,-2.505,-9.24,-5.655,-7.482,否,373330707,161774384,4651700609.22,2015708824.64,37.991432,1.999215,8.15175,10.86,11.23,11.2,11.18,11.17,13.29,16.07,2015-06-26,-
2017-07-21,2772,众兴菌业,农牧饲渔,10.46,10.52,10.37,10.41,10.37,3395316,42000193.0,2.098797,-0.883,1.44,否,0.54,-1.42,-12.814,-6.72,-8.12,否,373330707,161774384,4610634231.45,1997913642.4,37.656034,1.981566,8.079784,10.56,11.16,11.17,11.16,11.15,13.24,16.02,2015-06-26,-
2017-07-24,2772,众兴菌业,农牧饲渔,10.41,10.54,10.3,10.49,10.3,2677798,33150911.0,1.655267,0.729,2.27,否,0.47,-0.474,-11.775,-11.252,-7.74,否,373330707,161774384,4644233995.08,2012473336.96,37.930451,1.996006,8.138665,10.5,11.03,11.14,11.16,11.13,13.19,15.98,2015-06-26,-
2017-07-25,2772,众兴菌业,农牧饲渔,10.48,10.79,10.47,10.67,10.47,4218868,53283227.0,2.607871,1.688,2.97,否,0.96,1.522,-1.02,-7.699,-5.324,否,373330707,161774384,4722633443.55,2046445957.6,38.570756,2.029701,8.276054,10.52,10.94,11.12,11.15,11.11,13.15,15.94,2015-06-26,-
2017-07-26,2772,众兴菌业,农牧饲渔,10.73,10.73,10.54,10.57,10.54,2314310,29088812.0,1.430579,-0.949,1.74,否,0.63,1.537,0.095,-8.722,-5.372,否,373330707,161774384,4677833758.71,2027033031.52,38.204867,2.010447,8.197546,10.53,10.84,11.09,11.12,11.09,13.1,15.9,2015-06-26,-
2017-07-27,2772,众兴菌业,农牧饲渔,10.55,10.86,10.46,10.79,10.46,4372009,55435939.0,2.702535,2.155,3.75,否,1.33,2.86,2.372,-9.631,-2.441,否,373330707,161774384,4778633049.6,2070712115.2,39.028117,2.053769,8.374189,10.59,10.72,11.08,11.1,11.07,13.05,15.86,2015-06-26,-
2017-07-28,2772,众兴菌业,农牧饲渔,10.79,10.93,10.72,10.73,10.72,2254283,28843809.0,1.393473,-0.547,1.95,否,0.66,0.562,2.093,-9.756,-1.469,否,373330707,161774384,4752499900.11,2059387908.32,38.814682,2.042537,8.328393,10.65,10.61,11.05,11.08,11.05,13.01,15.82,2015-06-26,-
2017-07-31,2772,众兴菌业,农牧饲渔,10.69,10.87,10.69,10.78,10.69,2817823,35948959.0,1.741823,0.393,1.65,否,0.89,1.987,3.554,0.0,-2.97,否,373330707,161774384,4771166435.46,2067476627.52,32.409667,2.036697,7.460826,10.71,10.61,11.02,11.06,11.04,12.96,15.78,2015-06-26,-
2017-08-01,2772,众兴菌业,农牧饲渔,10.78,10.83,10.66,10.73,10.66,2798315,35652717.0,1.729764,-0.391,1.56,否,0.88,-0.556,2.288,1.61,-4.025,否,373330707,161774384,4752499900.11,2059387908.32,32.282869,2.028728,7.431636,10.72,10.62,10.99,11.04,11.03,12.91,15.74,2015-06-26,-
2017-08-02,2772,众兴菌业,农牧饲渔,10.72,10.72,10.55,10.55,10.55,2874221,36126355.0,1.776685,-1.728,1.57,否,0.99,-1.678,-1.125,0.095,-4.611,否,373330707,161774384,4670367144.57,2023797543.84,31.724956,1.993668,7.303203,10.72,10.62,10.96,11.02,11.02,12.86,15.7,2015-06-26,-
2017-08-03,2772,众兴菌业,农牧饲渔,10.54,10.65,10.51,10.6,10.51,1961116,24598752.0,1.212254,0.48,1.36,否,0.65,-1.67,0.284,0.856,-4.59,否,373330707,161774384,4692766986.99,2033504006.88,31.877114,2.00323,7.33823,10.68,10.63,10.93,11.01,11.01,12.81,15.66,2015-06-26,-
2017-08-04,2772,众兴菌业,农牧饲渔,10.56,10.59,10.5,10.5,10.5,2555431,31901444.0,1.579626,-0.955,0.88,否,1.01,-2.144,-2.688,0.865,-7.407,否,373330707,161774384,4647967302.15,2014091080.8,31.572798,1.984106,7.268175,10.63,10.64,10.9,11.0,11.0,12.76,15.62,2015-06-26,-
2017-08-07,2772,众兴菌业,农牧饲渔,10.47,10.61,10.47,10.59,10.47,1735441,21708881.0,1.072754,0.884,1.29,否,0.67,0.379,-1.305,0.953,-6.778,否,373330707,161774384,4689033679.92,2031886263.04,31.851755,2.001636,7.332392,10.59,10.65,10.84,10.98,11.0,12.71,15.58,2015-06-26,-
2017-08-08,2772,众兴菌业,农牧饲渔,10.59,10.85,10.5,10.8,10.5,4077355,51768371.0,2.520396,1.99,3.34,否,1.71,1.887,0.186,1.218,-3.226,否,373330707,161774384,4782366356.67,2072329859.04,32.485747,2.041478,7.478339,10.61,10.66,10.8,10.97,11.01,12.66,15.54,2015-06-26,-
2017-08-09,2772,众兴菌业,农牧饲渔,10.77,10.79,10.68,10.74,10.68,2497302,31721342.0,1.543694,-0.546,1.09,否,0.95,2.286,0.093,1.608,-4.448,否,373330707,161774384,4756233207.18,2061005652.16,32.308229,2.030322,7.437474,10.65,10.68,10.76,10.95,10.99,12.61,15.5,2015-06-26,-
2017-08-10,2772,众兴菌业,农牧饲渔,10.73,10.77,10.54,10.58,10.54,2669074,33710299.0,1.649874,-1.491,2.12,否,1.04,-0.094,0.284,-1.946,-5.027,否,373330707,161774384,4685300372.85,2030268519.2,31.826395,2.000042,7.326554,10.64,10.66,10.69,10.94,10.98,12.57,15.46,2015-06-26,-
2017-08-11,2772,众兴菌业,农牧饲渔,10.52,10.58,10.45,10.46,10.45,2133437,26604084.0,1.318773,-1.116,1.27,否,0.79,-3.148,-1.321,-2.516,-6.272,否,373330707,161774384,4633034073.87,2007620105.44,31.471359,1.977731,7.244824,10.63,10.63,10.62,10.91,10.96,12.52,15.42,2015-06-26,-
2017-08-14,2772,众兴菌业,农牧饲渔,10.48,10.63,10.48,10.61,10.48,1557936,19559006.0,0.96303,1.37,1.45,否,0.59,-1.21,1.048,-1.577,-10.237,否,373330707,161774384,4696500294.06,2035121750.72,31.902474,2.004823,7.344068,10.64,10.62,10.61,10.88,10.95,12.47,15.39,2015-06-26,-
2017-08-15,2772,众兴菌业,农牧饲渔,10.61,10.73,10.58,10.67,10.58,1858151,23470380.0,1.148606,0.556,1.35,否,0.72,0.851,0.755,-0.559,-7.699,否,373330707,161774384,4722633443.55,2046445957.6,32.079992,2.015979,7.384933,10.61,10.61,10.62,10.87,10.94,12.43,15.35,2015-06-26,-
2017-08-16,2772,众兴菌业,农牧饲渔,10.65,10.8,10.65,10.79,10.65,3246134,41382860.0,2.006581,1.107,1.42,否,1.51,3.155,-0.093,2.275,-6.822,否,373330707,161774384,4774899742.53,2069094371.36,32.435027,2.03829,7.466664,10.62,10.63,10.63,10.85,10.93,12.38,15.32,2015-06-26,-
2017-08-17,2772,众兴菌业,农牧饲渔,10.77,10.82,10.68,10.79,10.68,3144909,40118497.0,1.944009,0.078,1.25,否,1.37,1.697,0.466,1.792,-9.631,否,373330707,161774384,4778633049.6,2070712115.2,32.460387,2.039884,7.472502,10.66,10.65,10.64,10.84,10.94,12.33,15.29,2015-06-26,-
2017-08-18,2772,众兴菌业,农牧饲渔,10.74,11.09,10.69,10.91,10.69,5417951,70080995.0,3.349078,1.094,3.67,否,2.27,2.249,3.119,3.905,-8.242,否,373330707,161774384,4830899348.58,2093360528.96,32.815422,2.062195,7.554232,10.75,10.69,10.67,10.83,10.94,12.29,15.26,2015-06-26,-
2017-08-21,2772,众兴菌业,农牧饲渔,10.93,10.95,10.82,10.9,10.82,2859986,36914266.0,1.767886,-0.077,1.16,否,0.94,1.019,4.207,2.927,1.113,否,373330707,161774384,4827166041.51,2091742785.12,32.790063,2.060602,7.548394,10.81,10.73,10.69,10.8,10.94,12.24,15.23,2015-06-26,-
2017-08-22,2772,众兴菌业,农牧饲渔,10.91,11.04,10.85,10.9,10.85,2706198,35070429.0,1.256023,0.0,1.7,否,0.82,1.019,2.733,0.926,3.22,否,373330707,215457717,4827166041.51,2785868280.81,32.790063,2.060602,7.548394,10.86,10.74,10.7,10.78,10.94,12.2,15.19,2015-06-26,-
2017-08-23,2772,众兴菌业,农牧饲渔,10.88,10.94,10.73,10.8,10.73,1963731,25194263.0,0.911423,-0.928,1.93,否,0.57,-1.008,1.218,0.559,2.467,否,373330707,215457717,4782366356.67,2760013354.77,32.485747,2.041478,7.478339,10.86,10.74,10.71,10.75,10.94,12.15,15.16,2015-06-26,-
2017-08-24,2772,众兴菌业,农牧饲渔,10.79,10.8,10.61,10.63,10.61,2359359,29955047.0,1.095045,-1.561,1.8,否,0.73,-2.477,-1.483,0.473,1.142,否,373330707,215457717,4707700215.27,2716921811.37,31.978553,2.009604,7.361582,10.83,10.75,10.7,10.71,10.94,12.1,15.13,2015-06-26,-
2017-08-25,2772,众兴菌业,农牧饲渔,10.62,10.78,10.62,10.77,10.62,2168314,27596689.0,1.006376,1.269,1.51,否,0.71,-1.193,-0.185,2.964,3.458,否,373330707,215457717,4767433128.39,2751395046.09,32.384308,2.035103,7.454988,10.8,10.78,10.71,10.67,10.94,12.06,15.09,2015-06-26,-
2017-08-28,2772,众兴菌业,农牧饲渔,10.84,10.93,10.77,10.89,10.77,3333347,42978113.0,1.5471,1.096,1.49,否,1.38,0.833,-0.183,2.639,3.813,否,373330707,215457717,4819699427.37,2781559126.47,32.739343,2.057414,7.536718,10.8,10.81,10.71,10.68,10.95,12.01,15.06,2015-06-26,-
2017-08-29,2772,众兴菌业,农牧饲渔,10.89,10.97,10.85,10.89,10.85,3320174,42935655.0,1.540986,0.077,1.08,否,1.32,2.446,-0.092,2.062,2.062,否,373330707,215457717,4823432734.44,2783713703.64,32.764703,2.059008,7.542556,10.8,10.83,10.72,10.69,10.95,11.97,15.03,2015-06-26,-
2017-08-30,2772,众兴菌业,农牧饲渔,10.9,11.06,10.9,10.93,10.9,3502405,45519317.0,1.625565,0.31,1.39,否,1.33,1.486,0.275,1.297,3.406,否,373330707,215457717,4838365962.72,2792332012.32,32.866142,2.065382,7.565908,10.82,10.84,10.74,10.7,10.95,11.92,15.0,2015-06-26,-
2017-08-31,2772,众兴菌业,农牧饲渔,10.91,11.09,10.89,11.08,10.89,4278094,55817476.0,1.985584,1.389,1.85,否,1.46,1.745,2.593,2.688,2.688,否,373330707,215457717,4905565489.98,2831114401.38,33.322616,2.094068,7.67099,10.91,10.87,10.76,10.72,10.95,11.88,14.97,2015-06-26,-
2017-09-01,2772,众兴菌业,农牧饲渔,11.08,11.11,10.98,11.07,10.98,3028272,39594525.0,1.405506,-0.076,1.22,否,0.91,1.653,4.139,1.467,3.169,否,373330707,215457717,4901832182.91,2828959824.21,33.297256,2.092475,7.665152,10.97,10.89,10.79,10.74,10.95,11.84,14.93,2015-06-26,-
2017-09-04,2772,众兴菌业,农牧饲渔,11.08,11.09,10.99,11.02,10.99,2793746,36550398.0,1.296656,-0.457,0.91,否,0.8,0.823,2.321,1.101,2.226,否,373330707,215457717,4879432340.49,2816032361.19,33.145098,2.082913,7.630125,11.0,10.9,10.81,10.76,10.96,11.79,14.9,2015-06-26,-
2017-09-05,2772,众兴菌业,农牧饲渔,11.05,11.09,11.0,11.06,11.0,2631297,34426372.0,1.221259,0.383,0.84,否,0.78,-0.181,1.561,1.468,3.075,否,373330707,215457717,4898098875.84,2826805247.04,33.271897,2.090881,7.659314,11.03,10.91,10.82,10.77,10.96,11.75,14.87,2015-06-26,-
2017-09-06,2772,众兴菌业,农牧饲渔,11.08,11.32,11.03,11.22,11.03,6177840,82267421.0,2.86731,1.448,2.67,否,1.9,1.355,3.03,3.889,6.351,否,373330707,215457717,4969031710.17,2867742213.27,33.75373,2.121161,7.770234,11.09,10.96,10.85,10.79,10.96,11.72,14.84,2015-06-26,-
2017-09-07,2772,众兴菌业,农牧饲渔,11.19,11.42,11.17,11.25,11.17,5458981,73126811.0,2.533667,0.225,2.18,否,1.44,2.087,2.928,5.833,6.132,否,373330707,215457717,4980231631.38,2874205944.78,33.829809,2.125942,7.787748,11.12,11.02,10.88,10.81,10.96,11.68,14.8,2015-06-26,-
2017-09-08,2772,众兴菌业,农牧饲渔,11.22,11.34,11.22,11.32,11.22,3421350,45802195.0,1.587945,0.675,1.12,否,0.85,2.351,2.166,5.107,7.81,否,373330707,215457717,5013831395.01,2893597139.31,34.058047,2.140284,7.840289,11.17,11.07,10.93,10.83,10.95,11.65,14.77,2015-06-26,-
2017-09-11,2772,众兴菌业,农牧饲渔,11.32,11.44,11.27,11.33,11.27,3112767,41905354.0,1.444723,0.074,1.56,否,0.76,0.98,2.349,4.04,6.988,否,373330707,215457717,5017564702.08,2895751716.48,34.083406,2.141878,7.846127,11.24,11.12,10.96,10.85,10.95,11.62,14.74,2015-06-26,-
2017-09-12,2772,众兴菌业,农牧饲渔,11.35,11.42,11.09,11.14,11.09,4712359,62629952.5,2.187139,-1.711,2.9,否,1.13,-0.978,1.089,2.296,3.148,否,373330707,215457717,4931698639.47,2846196441.57,33.500134,2.105224,7.711855,11.25,11.14,10.98,10.86,10.95,11.59,14.71,2015-06-26,-
2017-09-13,2772,众兴菌业,农牧饲渔,11.14,11.22,11.09,11.19,11.09,2157923,28603736.63,1.001553,0.454,1.21,否,0.47,-1.148,1.175,2.379,4.19,否,373330707,215457717,4954098481.89,2859123904.59,33.652292,2.114786,7.746882,11.25,11.17,11.0,10.88,10.95,11.55,14.68,2015-06-26,-
2017-09-14,2772,众兴菌业,农牧饲渔,11.17,11.17,11.09,11.13,11.09,2493220,32879026.28,1.157174,-0.528,0.75,否,0.66,-1.765,-0.802,0.451,5.198,否,373330707,215457717,4927965332.4,2844041864.4,33.474774,2.10363,7.706017,11.22,11.17,11.02,10.9,10.95,11.52,14.65,2015-06-26,-
2017-09-15,2772,众兴菌业,农牧饲渔,11.13,11.29,11.11,11.2,11.11,2856074,37953322.74,1.325584,0.606,1.67,否,0.9,0.539,-0.444,1.174,7.075,否,373330707,215457717,4957831788.96,2861278481.76,33.677651,2.11638,7.75272,11.2,11.19,11.04,10.92,10.96,11.49,14.62,2015-06-26,-
2017-09-18,2772,众兴菌业,农牧饲渔,11.21,11.28,11.17,11.22,11.17,2573136,34259728.93,1.194265,0.151,0.98,否,0.84,0.268,-0.883,1.815,5.749,否,373330707,215457717,4965298403.1,2865587636.1,33.728371,2.119567,7.764396,11.18,11.21,11.05,10.94,10.96,11.46,14.59,2015-06-26,-
2017-09-19,2772,众兴菌业,农牧饲渔,11.22,11.27,11.06,11.09,11.06,2647521,34925083.84,1.228789,-1.128,1.95,否,0.89,-0.359,-2.118,0.271,3.936,否,373330707,215457717,4909298797.05,2833268978.55,33.347976,2.095662,7.676828,11.17,11.21,11.06,10.95,10.96,11.44,14.55,2015-06-26,-
2017-09-20,2772,众兴菌业,农牧饲渔,11.11,11.21,11.05,11.2,11.05,2190488,28900805.69,1.016667,0.989,1.44,否,0.86,0.0,0.539,-0.178,3.8,否,373330707,215457717,4957831788.96,2861278481.76,33.677651,2.11638,7.75272,11.17,11.21,11.08,10.97,10.96,11.4,14.52,2015-06-26,-
2017-09-21,2772,众兴菌业,农牧饲渔,11.19,11.23,11.05,11.06,11.05,2204876,29143374.36,1.023345,-1.28,1.66,否,0.86,-1.426,-1.162,-1.689,2.502,否,373330707,215457717,4894365568.77,2824650669.87,33.246537,2.089287,7.653476,11.15,11.19,11.1,10.98,10.96,11.38,14.49,2015-06-26,-
2017-09-22,2772,众兴菌业,农牧饲渔,11.04,11.08,10.91,10.95,10.91,2580683,33574943.32,1.197768,-0.992,1.53,否,1.03,-1.262,-1.617,-3.269,0.367,否,373330707,215457717,4845832576.86,2796641166.66,32.916861,2.06857,7.577584,11.1,11.15,11.11,11.0,10.95,11.34,14.46,2015-06-26,-
2017-09-25,2772,众兴菌业,农牧饲渔,10.95,10.95,10.7,10.73,10.7,2437118,31280070.34,1.131135,-2.003,2.31,否,1.0,-4.196,-4.196,-5.296,-1.56,否,373330707,215457717,4748766593.04,2740622160.24,32.257509,2.027135,7.425798,11.01,11.09,11.1,11.0,10.94,11.3,14.43,2015-06-26,-
2017-09-26,2772,众兴菌业,农牧饲渔,10.7,10.81,10.65,10.74,10.65,1610627,20512585.89,0.747537,0.157,1.49,否,0.67,-2.893,-4.278,-3.591,-1.468,否,373330707,215457717,4756233207.18,2744931314.58,32.308229,2.030322,7.437474,10.94,11.05,11.1,11.01,10.94,11.27,14.4,2015-06-26,-
2017-09-27,2772,众兴菌业,农牧饲渔,10.72,10.81,10.72,10.8,10.72,1220227,15599778.81,0.566342,0.549,0.86,否,0.55,-1.37,-2.615,-3.485,0.0,否,373330707,215457717,4782366356.67,2760013354.77,32.485747,2.041478,7.478339,10.86,11.01,11.09,11.01,10.93,11.23,14.37,2015-06-26,-
2017-09-28,2772,众兴菌业,农牧饲渔,10.79,10.85,10.71,10.71,10.71,1454347,18585834.33,0.675003,-0.859,1.33,否,0.72,-0.186,-4.375,-3.774,0.753,否,373330707,215457717,4741299978.9,2736313005.9,32.20679,2.023947,7.414123,10.79,10.97,11.07,11.0,10.92,11.21,14.34,2015-06-26,-
2017-09-29,2772,众兴菌业,农牧饲渔,10.83,10.95,10.79,10.91,10.79,2120263,27349292.8,0.984074,1.89,1.42,否,1.14,1.583,-1.356,-2.589,1.3,否,373330707,215457717,4830899348.58,2788022857.98,32.815422,2.062195,7.554232,10.78,10.94,11.06,11.0,10.92,11.18,14.31,2015-06-26,-
2017-10-09,2772,众兴菌业,农牧饲渔,11.01,11.06,10.98,11.0,10.98,1692270,22099306.44,0.78543,0.773,0.7,否,0.96,1.852,0.457,-1.961,1.01,否,373330707,215457717,4868232419.28,2809568629.68,33.069019,2.078132,7.612611,10.83,10.92,11.06,11.01,10.9,11.16,14.28,2015-06-26,-
2017-10-10,2772,众兴菌业,农牧饲渔,11.0,11.32,10.97,11.24,10.97,3602468,47795620.85,1.672007,2.224,3.22,否,2.22,4.949,4.753,1.353,3.214,否,373330707,215457717,4976498324.31,2872051367.61,33.80445,2.124348,7.78191,10.93,10.93,11.07,11.02,10.9,11.13,14.25,2015-06-26,-
2017-10-11,2772,众兴菌业,农牧饲渔,11.13,11.3,11.06,11.24,11.06,3720995,49422566.69,1.727019,0.0,2.1,否,1.84,3.025,4.655,0.357,2.836,否,373330707,215457717,4976498324.31,2872051367.61,33.80445,2.124348,7.78191,11.02,10.94,11.07,11.03,10.89,11.11,14.23,2015-06-26,-
2017-10-12,2772,众兴菌业,农牧饲渔,11.16,11.22,11.09,11.14,11.09,2362447,31232380.72,1.096478,-0.9,1.2,否,0.94,1.273,3.148,0.723,0.542,否,373330707,215457717,4931698639.47,2846196441.57,33.500134,2.105224,7.711855,11.11,10.95,11.07,11.05,10.88,11.09,14.2,2015-06-26,-
2017-10-13,2772,众兴菌业,农牧饲渔,11.09,11.19,11.08,11.19,11.08,2170787,28646188.13,1.007523,0.454,0.98,否,0.8,-0.445,4.482,2.192,1.084,否,373330707,215457717,4954098481.89,2859123904.59,33.652292,2.114786,7.746882,11.16,10.97,11.06,11.06,10.87,11.07,14.17,2015-06-26,-
2017-10-16,2772,众兴菌业,农牧饲渔,11.19,11.51,11.1,11.12,11.1,5429805,72808092.4,2.520126,-0.603,3.69,否,2.0,-1.068,1.925,3.635,0.907,否,373330707,215457717,4924232025.33,2841887287.23,33.449414,2.102037,7.700179,11.19,11.01,11.05,11.07,10.87,11.06,14.14,2015-06-26,-
2017-10-17,2772,众兴菌业,农牧饲渔,11.05,11.05,10.81,10.89,10.81,3202535,41324650.72,1.486387,-2.047,2.12,否,0.93,-2.244,-1.0,1.397,-1.537,否,373330707,215457717,4823432734.44,2783713703.64,32.764703,2.059008,7.542556,11.12,11.02,11.04,11.07,10.88,11.05,14.11,2015-06-26,-
2017-10-18,2772,众兴菌业,农牧饲渔,10.89,11.06,10.79,10.83,10.79,2562998,33188779.19,1.18956,-0.619,2.4,否,0.76,-3.217,-3.648,0.278,-3.476,否,373330707,215457717,4793566277.88,2766477086.28,32.561826,2.046259,7.495853,11.03,11.03,11.02,11.07,10.88,11.04,14.08,2015-06-26,-
2017-10-19,2772,众兴菌业,农牧饲渔,10.79,10.83,10.55,10.67,10.55,3659626,46429730.88,1.698536,-1.48,2.57,否,1.16,-4.047,-5.071,-0.373,-5.156,否,373330707,215457717,4722633443.55,2725540120.05,32.079992,2.015979,7.384933,10.94,11.02,11.0,11.06,10.89,11.03,14.05,2015-06-26,-
2017-10-20,2772,众兴菌业,农牧饲渔,10.67,10.79,10.66,10.75,10.66,1361090,17310755.09,0.63172,0.791,1.19,否,0.4,-1.286,-3.501,-1.467,-5.035,否,373330707,215457717,4759966514.25,2747085891.75,32.333588,2.031916,7.443312,10.85,11.01,10.97,11.04,10.89,11.02,14.02,2015-06-26,-
2017-10-23,2772,众兴菌业,农牧饲渔,10.71,10.75,10.66,10.74,10.66,2118525,26897872.78,0.983267,-0.078,0.86,否,0.65,-0.831,-4.021,-2.364,-5.207,否,373330707,215457717,4756233207.18,2744931314.58,33.083987,1.994023,6.963938,10.78,10.98,10.95,11.04,10.9,11.01,14.0,2015-06-26,-
2017-10-24,2772,众兴菌业,农牧饲渔,10.76,10.78,10.62,10.69,10.62,1387337,17596911.19,0.643902,-0.471,1.41,否,0.54,0.187,-3.867,-4.893,-4.039,否,373330707,215457717,4733833364.76,2732003851.56,32.928176,1.984632,6.931141,10.74,10.93,10.93,11.02,10.9,11.0,13.97,2015-06-26,-
2017-10-25,2772,众兴菌业,农牧饲渔,10.7,10.73,10.63,10.73,10.63,1458274,18487509.18,0.676826,0.315,0.87,否,0.66,-0.186,-1.469,-4.537,-4.111,否,373330707,215457717,4748766593.04,2740622160.24,33.03205,1.990892,6.953006,10.72,10.88,10.91,11.01,10.9,10.99,13.93,2015-06-26,-
2017-10-26,2772,众兴菌业,农牧饲渔,10.73,10.86,10.67,10.84,10.67,2237706,28516749.76,1.038582,1.022,1.81,否,1.12,0.931,0.092,-2.693,-2.606,否,373330707,215457717,4797299584.95,2768631663.45,33.369642,2.01124,7.024066,10.75,10.85,10.9,10.99,10.9,10.99,13.9,2015-06-26,-
2017-10-27,2772,众兴菌业,农牧饲渔,10.79,10.84,10.71,10.81,10.71,1772314,22636464.56,0.822581,-0.233,1.17,否,1.03,1.123,1.312,-3.396,-3.482,否,373330707,215457717,4786099663.74,2762167931.94,33.291736,2.006544,7.007668,10.76,10.81,10.89,10.98,10.9,10.98,13.88,2015-06-26,-
2017-10-30,2772,众兴菌业,农牧饲渔,10.84,10.86,10.44,10.67,10.44,2331529,29320200.99,1.082128,-1.326,3.9,否,1.3,-0.559,-0.744,-4.047,-4.902,否,373330707,215457717,4722633443.55,2725540120.05,32.85027,1.979936,6.914742,10.75,10.76,10.89,10.95,10.9,10.97,13.84,2015-06-26,-
2017-10-31,2772,众兴菌业,农牧饲渔,10.64,10.81,10.6,10.72,10.6,1778980,22543482.5,0.825675,0.474,1.98,否,0.97,-1.107,-0.186,-1.561,-3.336,否,373330707,215457717,4745033285.97,2738467583.07,33.006081,1.989327,6.947539,10.75,10.75,10.88,10.94,10.9,10.96,13.81,2015-06-26,-
2017-11-01,2772,众兴菌业,农牧饲渔,10.71,10.75,10.63,10.64,10.63,1748471,22170437.44,0.811515,-0.708,1.1,否,0.91,-1.573,-0.468,-1.754,-5.0,否,373330707,215457717,4711433522.34,2719076388.54,32.772364,1.975241,6.898344,10.74,10.73,10.88,10.92,10.9,10.96,13.78,2015-06-26,-
2017-11-02,2772,众兴菌业,农牧饲渔,10.68,10.68,10.46,10.46,10.46,2011121,25107065.48,0.933418,-1.664,1.98,否,1.02,-1.968,-2.516,-1.968,-5.425,否,373330707,215457717,4633034073.87,2673830267.97,32.227024,1.942372,6.783553,10.66,10.71,10.86,10.9,10.9,10.95,13.75,2015-06-26,-
2017-11-03,2772,众兴菌业,农牧饲渔,10.52,10.52,10.3,10.43,10.3,1724149,21293380.13,0.800226,-0.322,2.1,否,0.89,-2.705,-3.782,-2.977,-4.749,否,373330707,215457717,4618100845.59,2665211959.29,32.123149,1.936112,6.761689,10.58,10.67,10.84,10.87,10.9,10.95,13.71,2015-06-26,-
2017-11-06,2772,众兴菌业,农牧饲渔,10.43,10.52,10.37,10.47,10.37,936500,11610787.17,0.434656,0.404,1.37,否,0.49,-1.598,-3.145,-2.514,-2.423,否,373330707,215457717,4636767380.94,2675984845.14,32.252992,1.943937,6.78902,10.54,10.65,10.81,10.85,10.9,10.95,13.68,2015-06-26,-
2017-11-07,2772,众兴菌业,农牧饲渔,10.46,10.52,10.42,10.48,10.42,1028818,12758746.74,0.477503,0.081,0.97,否,0.63,0.191,-1.781,-1.964,-2.421,否,373330707,215457717,4640500688.01,2678139422.31,32.278961,1.945503,6.794486,10.5,10.63,10.78,10.83,10.89,10.95,13.65,2015-06-26,-
2017-11-08,2772,众兴菌业,农牧饲渔,10.49,10.56,10.43,10.53,10.43,1669711,20804515.45,0.77496,0.483,1.21,否,1.12,0.959,-1.772,-1.864,-2.5,否,373330707,215457717,4662900530.43,2691066885.33,32.434772,1.954894,6.827283,10.47,10.61,10.74,10.81,10.89,10.94,13.61,2015-06-26,-
2017-11-09,2772,众兴菌业,农牧饲渔,10.79,10.89,10.61,10.68,10.61,3215125,40870860.48,1.49223,1.361,2.64,否,2.18,2.006,0.376,-1.476,-0.28,否,373330707,215457717,4726366750.62,2727694697.22,32.876238,1.981501,6.920208,10.52,10.59,10.72,10.79,10.89,10.93,13.58,2015-06-26,-
2017-11-10,2772,众兴菌业,农牧饲渔,10.63,10.74,10.56,10.68,10.56,2470629,31182599.03,1.146689,0.079,1.74,否,1.44,1.908,2.103,-1.203,-2.108,否,373330707,215457717,4730100057.69,2729849274.39,32.902207,1.983067,6.925675,10.57,10.58,10.69,10.78,10.89,10.93,13.54,2015-06-26,-
2017-11-13,2772,众兴菌业,农牧饲渔,10.67,10.8,10.61,10.66,10.61,2371428,30118125.66,1.100647,-0.237,1.82,否,1.27,1.235,2.205,-0.094,-3.091,否,373330707,215457717,4718900136.48,2723385542.88,32.824301,1.978371,6.909276,10.61,10.58,10.67,10.78,10.89,10.92,13.51,2015-06-26,-
2017-11-14,2772,众兴菌业,农牧饲渔,10.66,10.66,10.41,10.46,10.41,2175242,27103043.38,1.009591,-1.899,2.37,否,1.01,-2.06,-0.096,-2.425,-6.94,否,373330707,215457717,4629300766.8,2671675690.8,32.201055,1.940807,6.778087,10.6,10.55,10.65,10.77,10.89,10.91,13.48,2015-06-26,-
2017-11-15,2772,众兴菌业,农牧饲渔,10.46,10.48,10.36,10.45,10.36,1747694,21585371.21,0.811154,-0.081,1.21,否,0.73,-2.154,-0.286,-1.786,-7.028,否,373330707,215457717,4625567459.73,2669521113.63,32.175086,1.939242,6.772621,10.59,10.53,10.63,10.76,10.88,10.91,13.44,2015-06-26,-
2017-11-16,2772,众兴菌业,农牧饲渔,10.46,10.46,10.36,10.4,10.36,994776,12257398.96,0.461704,-0.484,1.05,否,0.42,-2.439,-1.235,-0.574,-6.643,否,373330707,215457717,4603167617.31,2656593650.61,32.019275,1.929851,6.739824,10.53,10.52,10.61,10.75,10.88,10.91,13.41,2015-06-26,-
2017-11-17,2772,众兴菌业,农牧饲渔,10.42,10.42,10.02,10.23,10.02,3971494,47861448.9,1.843282,-1.622,3.89,否,2.03,-2.199,-4.213,-1.918,-8.579,否,373330707,215457717,4528501475.91,2613502107.21,31.499903,1.898548,6.6305,10.44,10.5,10.59,10.73,10.87,10.9,13.38,2015-06-26,-
2017-11-20,2772,众兴菌业,农牧饲渔,10.22,10.23,9.71,10.01,9.71,1985033,23438434.66,0.92131,-2.143,5.03,否,0.88,-4.211,-6.273,-4.394,-9.982,否,373330707,215457717,4431435492.09,2557483100.79,30.82472,1.857853,6.488379,10.31,10.46,10.55,10.7,10.85,10.89,13.34,2015-06-26,-
2017-11-21,2772,众兴菌业,农牧饲渔,9.96,10.15,9.91,10.09,9.91,1637029,19435992.04,0.759791,0.842,2.44,否,0.75,-2.981,-5.347,-3.721,-7.346,否,373330707,215457717,4468768562.79,2579028872.49,31.084406,1.873505,6.543041,10.24,10.42,10.52,10.66,10.84,10.89,13.31,2015-06-26,-
2017-11-22,2772,众兴菌业,农牧饲渔,10.1,10.13,9.87,10.06,9.87,1345423,16005125.28,0.624449,-0.334,2.59,否,0.65,-1.662,-3.824,-4.463,-7.11,否,373330707,215457717,4453835334.51,2570410563.81,30.980531,1.867244,6.521176,10.16,10.37,10.49,10.62,10.83,10.88,13.27,2015-06-26,-
2017-11-23,2772,众兴菌业,农牧饲渔,10.03,10.06,9.81,10.0,9.81,1863021,21920371.71,0.864681,-0.587,2.51,否,0.94,-0.1,-4.306,-6.367,-6.279,否,373330707,215457717,4427702185.02,2555328523.62,30.798751,1.856288,6.482912,10.08,10.3,10.45,10.58,10.82,10.88,13.23,2015-06-26,-
2017-11-24,2772,众兴菌业,农牧饲渔,9.9,10.04,9.87,10.04,9.87,1481057,17508436.51,0.6874,0.422,1.77,否,0.69,-0.496,-3.462,-5.993,-6.605,否,373330707,215457717,4446368720.37,2566101409.47,30.928594,1.864114,6.510243,10.04,10.24,10.41,10.54,10.8,10.87,13.2,2015-06-26,-
2017-11-27,2772,众兴菌业,农牧饲渔,10.0,10.03,9.89,10.03,9.89,1643741,19441443.93,0.762907,-0.168,1.43,否,0.99,-0.298,-1.955,-5.91,-6.611,否,373330707,215457717,4438902106.23,2561792255.13,30.876657,1.860984,6.499311,10.04,10.18,10.38,10.5,10.79,10.87,13.16,2015-06-26,-
2017-11-28,2772,众兴菌业,农牧饲渔,9.98,10.03,9.93,10.02,9.93,1150022,13605448.28,0.533758,-0.084,1.09,否,0.72,0.2,0.1,-4.207,-6.268,否,373330707,215457717,4435168799.16,2559637677.96,30.850688,1.859418,6.493845,10.03,10.13,10.34,10.48,10.77,10.86,13.13,2015-06-26,-
2017-11-29,2772,众兴菌业,农牧饲渔,10.02,10.03,9.87,10.0,9.87,1312457,15464047.74,0.609148,-0.168,1.52,否,0.88,-0.398,-0.892,-4.306,-6.803,否,373330707,215457717,4427702185.02,2555328523.62,30.798751,1.856288,6.482912,10.02,10.09,10.31,10.45,10.76,10.85,13.09,2015-06-26,-
2017-11-30,2772,众兴菌业,农牧饲渔,9.95,9.95,9.77,9.95,9.77,2089779,24453798.19,0.969925,-0.506,1.77,否,1.4,-0.798,-1.093,-4.327,-8.21,否,373330707,215457717,4405302342.6,2542401060.6,30.642939,1.846897,6.450115,10.01,10.04,10.28,10.42,10.74,10.84,13.05,2015-06-26,-
2017-12-01,2772,众兴菌业,农牧饲渔,9.87,10.22,9.82,10.03,9.82,2487062,29512988.42,1.154316,0.847,3.98,否,1.62,0.1,0.3,-1.955,-7.216,否,373330707,215457717,4442635413.3,2563946832.3,30.902625,1.862549,6.504777,10.01,10.02,10.26,10.4,10.72,10.84,13.02,2015-06-26,-
2017-12-04,2772,众兴菌业,农牧饲渔,9.98,9.99,9.82,9.82,9.82,1394600,16371262.74,0.647273,-2.185,1.76,否,0.8,-1.8,-2.191,-1.898,-7.966,否,373330707,215457717,4345569429.48,2507927825.88,30.227442,1.821854,6.362656,9.96,10.0,10.23,10.37,10.7,10.83,12.98,2015-06-26,-
2017-12-05,2772,众兴菌业,农牧饲渔,9.76,9.83,9.38,9.46,9.38,3005337,34008554.88,1.394862,-3.608,4.64,否,1.78,-4.925,-5.683,-6.244,-11.754,否,373330707,215457717,4188770532.54,2417435584.74,29.136761,1.756117,6.133076,9.85,9.94,10.18,10.33,10.68,10.82,12.95,2015-06-26,-
2017-12-06,2772,众兴菌业,农牧饲渔,9.42,9.48,9.15,9.35,9.15,3406166,37432968.93,1.580898,-1.159,3.48,否,1.66,-6.78,-6.687,-7.058,-12.124,否,373330707,215457717,4140237540.63,2389426081.53,28.799169,1.73577,6.062015,9.72,9.87,10.12,10.28,10.64,10.8,12.91,2015-06-26,-
2017-12-07,2772,众兴菌业,农牧饲渔,9.32,9.32,9.19,9.3,9.19,2065256,22652935.84,0.958544,-0.541,1.35,否,0.83,-5.295,-7.0,-7.0,-11.09,否,373330707,215457717,4117837698.21,2376498618.51,28.643358,1.726379,6.029218,9.59,9.8,10.05,10.23,10.61,10.78,12.87,2015-06-26,-
2017-12-08,2772,众兴菌业,农牧饲渔,9.11,9.87,9.1,9.56,9.1,5951642,67251163.52,2.762325,2.811,8.25,否,2.41,1.057,-3.92,-4.781,-8.341,否,373330707,215457717,4233570217.38,2443290510.78,29.448384,1.774899,6.19867,9.5,9.75,10.0,10.19,10.58,10.77,12.84,2015-06-26,-
2017-12-11,2772,众兴菌业,农牧饲渔,9.53,9.66,9.46,9.53,9.46,2904805,32868232.2,1.348202,-0.353,2.03,否,0.92,1.925,-4.985,-4.985,-8.978,否,373330707,215457717,4218636989.1,2434672202.1,29.34451,1.768639,6.176805,9.44,9.7,9.94,10.15,10.55,10.75,12.81,2015-06-26,-
2017-12-12,2772,众兴菌业,农牧饲渔,9.54,9.61,9.38,9.41,9.38,2242562,25219996.66,1.040836,-1.239,2.48,否,0.65,1.183,-4.175,-6.088,-10.21,否,373330707,215457717,4166370690.12,2404508121.72,28.980949,1.746726,6.100279,9.43,9.64,9.89,10.11,10.52,10.74,12.77,2015-06-26,-
2017-12-13,2772,众兴菌业,农牧饲渔,9.41,9.52,9.37,9.44,9.37,3348993,37573639.34,1.554362,0.358,1.61,否,1.01,-1.255,-0.211,-5.6,-10.351,否,373330707,215457717,4181303918.4,2413126430.4,29.084824,1.752987,6.122143,9.45,9.59,9.84,10.07,10.49,10.72,12.74,2015-06-26,-
2017-12-14,2772,众兴菌业,农牧饲渔,9.44,9.57,9.39,9.53,9.39,3244432,36621026.49,1.505832,0.893,1.96,否,0.98,0.0,1.925,-4.221,-10.768,否,373330707,215457717,4218636989.1,2434672202.1,29.34451,1.768639,6.176805,9.49,9.54,9.79,10.04,10.47,10.71,12.7,2015-06-26,-
2017-12-15,2772,众兴菌业,农牧饲渔,9.56,9.56,9.42,9.42,9.42,1535142,17209469.59,0.712503,-1.15,1.5,否,0.43,0.106,1.29,-6.082,-11.798,否,373330707,215457717,4170103997.19,2406662698.89,29.006918,1.748292,6.105745,9.47,9.48,9.75,10.0,10.44,10.7,12.67,2015-06-26,-
2017-12-18,2772,众兴菌业,农牧饲渔,9.43,9.66,9.39,9.66,9.39,3747662,42509832.05,1.739396,2.507,2.86,否,1.41,2.331,1.046,-1.629,-9.381,否,373330707,215457717,4274636595.15,2466990859.65,29.734039,1.792116,6.258798,9.49,9.47,9.74,9.98,10.41,10.69,12.63,2015-06-26,-
2017-12-19,2772,众兴菌业,农牧饲渔,9.61,9.66,9.55,9.59,9.55,1743836,19822357.6,0.809363,-0.699,1.22,否,0.62,0.63,0.63,1.374,-8.317,否,373330707,215457717,4244770138.59,2449754242.29,29.52629,1.779595,6.215069,9.53,9.48,9.71,9.95,10.39,10.67,12.6,2015-06-26,-
2017-12-20,2772,众兴菌业,农牧饲渔,9.59,9.6,9.4,9.48,9.4,1457176,16370913.68,0.676316,-1.143,2.11,否,0.53,0.637,0.744,1.39,-9.282,否,373330707,215457717,4196237146.68,2421744739.08,29.188698,1.759248,6.144008,9.54,9.49,9.68,9.91,10.36,10.66,12.57,2015-06-26,-
2017-12-21,2772,众兴菌业,农牧饲渔,9.53,9.55,9.36,9.43,9.36,1182532,13229728.02,0.548846,-0.534,1.96,否,0.5,-2.381,-0.106,1.398,-9.327,否,373330707,215457717,4173837304.26,2408817276.06,29.032887,1.749857,6.111211,9.52,9.51,9.65,9.87,10.33,10.65,12.54,2015-06-26,-
2017-12-22,2772,众兴菌业,农牧饲渔,9.44,9.46,9.28,9.31,9.28,1696250,18831829.82,0.787277,-1.252,1.97,否,0.88,-2.92,-2.308,-2.615,-8.993,否,373330707,215457717,4121571005.28,2378653195.68,28.669326,1.727944,6.034684,9.49,9.48,9.62,9.82,10.3,10.63,12.51,2015-06-26,-
2017-12-25,2772,众兴菌业,农牧饲渔,9.2,9.31,9.02,9.19,9.02,1800770,19548389.34,0.835788,-1.268,3.08,否,0.92,-3.059,-2.442,-3.568,-8.192,否,373330707,215457717,4069304706.3,2348489115.3,28.305766,1.706032,5.958157,9.4,9.45,9.57,9.78,10.28,10.61,12.48,2015-06-26,-
2017-12-26,2772,众兴菌业,农牧饲渔,9.17,9.24,9.12,9.21,9.12,1249141,13611927.72,0.579762,0.183,1.28,否,0.79,-2.333,-4.658,-2.125,-8.722,否,373330707,215457717,4076771320.44,2352798269.64,28.357703,1.709162,5.96909,9.32,9.43,9.53,9.73,10.25,10.59,12.44,2015-06-26,-
2017-12-27,2772,众兴菌业,农牧饲渔,9.15,9.23,9.12,9.12,9.12,859209,9358777.19,0.398783,-0.916,1.19,否,0.58,-2.041,-4.901,-3.39,-9.344,否,373330707,215457717,4039438249.74,2331252497.94,28.098017,1.693511,5.914428,9.25,9.39,9.49,9.69,10.23,10.58,12.41,2015-06-26,-
2017-12-28,2772,众兴菌业,农牧饲渔,9.17,9.19,9.01,9.06,9.01,1264739,13657646.4,0.587001,-0.647,1.94,否,0.93,-1.415,-4.43,-4.932,-9.4,否,373330707,215457717,4013305100.25,2316170457.75,27.916237,1.682555,5.876164,9.18,9.35,9.45,9.64,10.2,10.56,12.37,2015-06-26,-
2017-12-29,2772,众兴菌业,农牧饲渔,9.09,9.42,9.06,9.32,9.06,2659739,29104114.62,1.23446,2.791,4.0,否,1.94,1.194,-1.166,-1.062,-7.171,否,373330707,215457717,4125304312.35,2380807772.85,28.695295,1.72951,6.04015,9.18,9.34,9.41,9.61,10.17,10.54,12.34,2015-06-26,-
2018-01-02,2772,众兴菌业,农牧饲渔,9.28,9.3,9.21,9.28,9.21,1595524,17492636.7,0.740528,-0.452,1.0,否,1.02,1.754,-0.322,-3.934,-7.478,否,373330707,215790848,4106637777.0,2373699328.0,28.565452,1.721684,6.012819,9.2,9.3,9.38,9.59,10.14,10.52,12.3,2015-06-26,-
2018-01-03,2772,众兴菌业,农牧饲渔,9.26,9.43,9.25,9.35,9.25,1893390,20958474.34,0.878776,0.818,1.91,否,1.24,3.201,1.741,-2.503,-6.687,否,373330707,215790848,4140237540.63,2393120504.32,28.799169,1.73577,6.062015,9.23,9.28,9.38,9.57,10.11,10.5,12.27,2015-06-26,-
2018-01-04,2772,众兴菌业,农牧饲渔,9.36,9.36,9.25,9.26,9.25,2085208,22970940.82,0.967804,-0.992,1.17,否,1.26,-0.644,0.543,-2.321,-7.4,否,373330707,215790848,4099171162.86,2369383511.04,28.513515,1.718553,6.001887,9.25,9.25,9.37,9.54,10.08,10.49,12.24,2015-06-26,-
2018-01-05,2772,众兴菌业,农牧饲渔,9.26,9.32,9.24,9.29,9.24,1268673,13974379.81,0.588827,0.364,0.82,否,0.67,0.108,1.864,-1.485,-6.633,否,373330707,215790848,4114104391.14,2378015144.96,28.617389,1.724814,6.023752,9.3,9.24,9.37,9.51,10.05,10.46,12.21,2015-06-26,-
2018-01-08,2772,众兴菌业,农牧饲渔,9.34,9.35,9.26,9.3,9.26,1505325,16597589.56,0.698664,0.091,1.0,否,0.79,-0.535,2.649,-0.107,-7.278,否,373330707,215790848,4117837698.21,2380173053.44,28.643358,1.726379,6.029218,9.3,9.24,9.36,9.49,10.02,10.44,12.17,2015-06-26,-
2018-01-09,2772,众兴菌业,农牧饲渔,9.29,9.32,9.25,9.27,9.25,1302667,14340697.3,0.604604,-0.363,0.73,否,0.78,0.108,-0.536,0.871,-5.601,否,373330707,215790848,4102904469.93,2371541419.52,28.539483,1.720119,6.007353,9.29,9.25,9.35,9.46,9.98,10.43,12.14,2015-06-26,-
2018-01-10,2772,众兴菌业,农牧饲渔,9.26,9.26,9.1,9.16,9.1,1607627,17498871.42,0.746145,-1.183,1.73,否,1.0,-1.399,-1.293,-0.543,-3.171,否,373330707,215790848,4054371478.02,2343488609.28,28.201892,1.699771,5.936293,9.26,9.24,9.33,9.44,9.96,10.42,12.11,2015-06-26,-
2018-01-11,2772,众兴菌业,农牧饲渔,9.13,9.24,9.07,9.21,9.07,1217952,13241673.44,0.565286,0.552,1.84,否,0.78,-0.968,-1.497,0.987,-1.497,否,373330707,215790848,4076771320.44,2356436060.16,28.357703,1.709162,5.96909,9.25,9.25,9.32,9.41,9.93,10.41,12.08,2015-06-26,-
2018-01-12,2772,众兴菌业,农牧饲渔,9.23,9.24,9.17,9.17,9.17,848434,9252770.21,0.393782,-0.366,0.82,否,0.61,-1.079,-0.972,1.214,-1.398,否,373330707,215790848,4061838092.16,2347804426.24,28.253829,1.702902,5.947225,9.22,9.26,9.3,9.38,9.9,10.4,12.04,2015-06-26,-
2018-01-15,2772,众兴菌业,农牧饲渔,9.17,9.17,8.87,8.89,8.87,2436956,26004480.63,1.13106,-3.125,3.31,否,1.88,-2.948,-4.306,-4.614,-7.008,否,373330707,215790848,3934905651.78,2274435537.92,27.370897,1.649686,5.761374,9.14,9.22,9.28,9.35,9.87,10.38,12.01,2015-06-26,-
2018-01-16,2772,众兴菌业,农牧饲渔,8.85,9.0,8.85,8.96,8.85,1450241,15344418.06,0.673098,0.759,1.61,否,0.98,-2.714,-3.656,-3.448,-5.981,否,373330707,215790848,3964772108.34,2291698805.76,27.578645,1.662207,5.805104,9.08,9.19,9.24,9.32,9.84,10.37,11.98,2015-06-26,-
2018-01-17,2772,众兴菌业,农牧饲渔,8.96,8.97,8.81,8.92,8.81,1807983,19059207.57,0.839136,-0.377,1.79,否,1.2,-2.726,-3.776,-4.599,-5.207,否,373330707,215790848,3949838880.06,2283067171.84,27.474771,1.655947,5.783239,9.03,9.14,9.21,9.3,9.81,10.36,11.94,2015-06-26,-
2018-01-18,2772,众兴菌业,农牧饲渔,8.88,8.97,8.88,8.95,8.88,1398315,14811195.8,0.648997,0.284,1.04,否,0.9,0.675,-2.293,-3.348,-5.191,否,373330707,215790848,3961038801.27,2289540897.28,27.552677,1.660642,5.799638,8.98,9.11,9.18,9.29,9.78,10.34,11.9,2015-06-26,-
2018-01-19,2772,众兴菌业,农牧饲渔,8.94,9.13,8.92,8.96,8.92,1901161,20352198.41,0.882382,0.189,2.36,否,1.2,0.0,-2.714,-3.552,-5.981,否,373330707,215790848,3968505415.41,2293856714.24,27.604614,1.663772,5.81057,8.94,9.08,9.16,9.27,9.75,10.33,11.87,2015-06-26,-
2018-01-22,2772,众兴菌业,农牧饲渔,8.96,9.03,8.88,9.0,8.88,1088291,11578168.65,0.505107,0.376,1.69,否,0.6,0.897,-1.854,-3.226,-4.459,否,373330707,215790848,3983438643.69,2302488348.16,27.708488,1.670033,5.832435,8.96,9.05,9.14,9.26,9.72,10.31,11.84,2015-06-26,-
2018-01-23,2772,众兴菌业,农牧饲渔,8.98,9.11,8.98,9.08,8.98,1728236,18580591.61,0.802123,0.937,1.41,否,1.13,1.453,2.137,-2.05,-6.004,否,373330707,215790848,4020771714.39,2324067432.96,27.968174,1.685685,5.887097,8.98,9.03,9.14,9.24,9.7,10.3,11.81,2015-06-26,-
2018-01-24,2772,众兴菌业,农牧饲渔,9.04,9.06,8.88,9.05,8.88,2141135,22806458.74,0.993761,-0.371,2.04,否,1.35,1.004,1.004,-1.201,-5.631,否,373330707,215790848,4005838486.11,2315435799.04,27.8643,1.679424,5.865232,9.01,9.02,9.13,9.23,9.67,10.28,11.78,2015-06-26,-
2018-01-25,2772,众兴菌业,农牧饲渔,9.01,9.13,9.0,9.06,9.0,2033938,21895251.55,0.944008,0.093,1.49,否,1.23,0.667,1.57,-1.629,-4.43,否,373330707,215790848,4009571793.18,2317593707.52,27.890269,1.680989,5.870698,9.03,9.0,9.13,9.22,9.64,10.27,11.76,2015-06-26,-
2018-01-26,2772,众兴菌业,农牧饲渔,9.05,9.37,9.03,9.21,9.03,4116530,45065444.48,1.910598,1.676,3.72,否,2.31,1.432,2.905,0.436,-2.333,否,373330707,215790848,4076771320.44,2356436060.16,28.357703,1.709162,5.96909,9.08,9.01,9.13,9.21,9.62,10.26,11.73,2015-06-26,-
2018-01-29,2772,众兴菌业,农牧饲渔,9.19,9.23,9.03,9.14,9.03,1756221,19007594.99,0.815112,-0.733,2.2,否,0.79,0.994,2.009,2.812,-1.826,否,373330707,215790848,4046904863.88,2339172792.32,28.149955,1.696641,5.92536,9.11,9.03,9.13,9.2,9.6,10.25,11.7,2015-06-26,-
2018-01-30,2772,众兴菌业,农牧饲渔,9.12,9.23,8.99,9.08,8.99,1227205,13246986.33,0.56958,-0.646,2.68,否,0.52,0.221,0.889,1.339,-1.197,否,373330707,215790848,4020771714.39,2324067432.96,27.968174,1.685685,5.887097,9.11,9.05,9.12,9.18,9.58,10.24,11.67,2015-06-26,-
2018-01-31,2772,众兴菌业,农牧饲渔,9.02,9.07,8.58,8.63,8.58,3023882,31529723.94,1.403469,-4.921,5.39,否,1.34,-6.298,-4.956,-3.251,-6.298,否,373330707,215790848,3822906439.68,2209698283.52,26.591839,1.602731,5.597388,9.02,9.02,9.08,9.14,9.55,10.22,11.64,2015-06-26,-
2018-02-01,2772,众兴菌业,农牧饲渔,8.62,8.7,8.24,8.31,8.24,3188748,31723806.83,1.479988,-3.809,5.37,否,1.31,-9.081,-8.177,-7.151,-8.882,否,373330707,215790848,3677307463.95,2125539852.8,25.579064,1.541689,5.384206,8.87,8.95,9.03,9.11,9.51,10.2,11.61,2015-06-26,-
2018-02-02,2772,众兴菌业,农牧饲渔,8.29,8.37,7.93,8.27,7.93,2077475,20023719.42,0.964215,-0.406,5.28,否,0.78,-8.921,-8.72,-7.701,-8.72,否,373330707,215790848,3662374235.67,2116908218.88,25.475189,1.535429,5.362342,8.69,8.88,8.98,9.07,9.47,10.18,11.58,2015-06-26,-
2018-02-05,2772,众兴菌业,农牧饲渔,8.18,8.48,8.18,8.33,8.18,1811490,18006315.37,0.840764,0.714,3.67,否,0.8,-3.476,-9.555,-7.444,-10.622,否,373330707,215790848,3688507385.16,2132013578.24,25.65697,1.546385,5.400605,8.52,8.82,8.93,9.03,9.43,10.16,11.55,2015-06-26,-
2018-02-06,2772,众兴菌业,农牧饲渔,8.16,8.16,7.8,7.8,7.8,2162436,20536990.28,1.003648,-6.377,4.35,否,0.95,-6.137,-14.661,-14.097,-15.948,否,373330707,215790848,3453309039.75,1996065344.0,24.020948,1.447779,5.056234,8.27,8.69,8.86,8.99,9.38,10.14,11.51,2015-06-26,-
2018-02-07,2772,众兴菌业,农牧饲渔,7.97,8.04,7.69,7.85,7.69,1593405,14896137.53,0.739544,0.649,4.54,否,0.65,-5.079,-13.546,-13.26,-16.043,否,373330707,215790848,3475708882.17,2009012794.88,24.17676,1.45717,5.089032,8.11,8.57,8.79,8.94,9.34,10.11,11.48,2015-06-26,-
2018-02-08,2772,众兴菌业,农牧饲渔,7.91,7.99,7.81,7.92,7.81,944526,8858171.0,0.438381,0.859,2.26,否,0.44,-4.922,-8.227,-12.583,-14.471,否,373330707,215790848,3505575338.73,2026276062.72,24.384509,1.469692,5.132761,8.03,8.45,8.73,8.9,9.3,10.09,11.44,2015-06-26,-
2018-02-09,2772,众兴菌业,农牧饲渔,7.75,7.75,7.54,7.59,7.54,1978396,17939018.95,0.918229,-4.153,2.66,否,1.15,-2.692,-8.664,-17.59,-18.299,否,373330707,215790848,3359976363.0,1942117632.0,23.371733,1.40865,4.919579,7.9,8.29,8.65,8.85,9.25,10.06,11.4,2015-06-26,-
2018-02-12,2772,众兴菌业,农牧饲渔,7.61,7.77,7.61,7.74,7.61,1087843,9947864.47,0.504899,2.0,2.11,否,0.64,-1.401,-6.409,-15.317,-16.774,否,373330707,215790848,3427175890.26,1980959984.64,23.839168,1.436823,5.017971,7.78,8.15,8.59,8.8,9.21,10.04,11.37,2015-06-26,-
2018-02-13,2772,众兴菌业,农牧饲渔,7.77,7.83,7.73,7.73,7.73,942656,8694792.42,0.437513,-0.109,1.31,否,0.61,-2.399,-7.203,-14.868,-16.613,否,373330707,215790848,3423442583.19,1978802076.16,23.8132,1.435258,5.012505,7.77,8.02,8.53,8.75,9.17,10.01,11.33,2015-06-26,-
2018-02-14,2772,众兴菌业,农牧饲渔,7.73,7.78,7.66,7.72,7.66,649245,5947261.74,0.301333,-0.218,1.64,否,0.5,1.713,-1.026,-10.545,-15.721,否,373330707,215790848,3415975969.05,1974486259.2,23.761262,1.432128,5.001572,7.74,7.93,8.47,8.7,9.13,9.98,11.3,2015-06-26,-
2018-02-22,2772,众兴菌业,农牧饲渔,7.75,7.84,7.75,7.8,7.75,803878,7437283.28,0.373102,1.093,1.2,否,0.72,0.775,-0.637,-6.137,-15.309,否,373330707,215790848,3453309039.75,1996065344.0,24.020948,1.447779,5.056234,7.72,7.88,8.41,8.65,9.09,9.96,11.26,2015-06-26,-
2018-02-23,2772,众兴菌业,农牧饲渔,7.8,8.55,7.75,8.15,7.75,4122810,39854712.91,1.913512,4.432,10.27,否,3.77,5.433,2.904,-1.451,-11.123,否,373330707,215790848,3606374629.62,2084539591.68,25.085661,1.511951,5.280349,7.83,7.86,8.37,8.61,9.06,9.94,11.23,2015-06-26,-
2018-02-26,2772,众兴菌业,农牧饲渔,8.16,8.25,8.04,8.2,8.04,2854095,27586726.09,1.324666,0.725,2.48,否,1.88,6.218,8.037,-1.561,-7.762,否,373330707,215790848,3632507779.11,2099644951.04,25.267441,1.522907,5.318612,7.92,7.85,8.33,8.57,9.03,9.92,11.2,2015-06-26,-
2018-02-27,2772,众兴菌业,农牧饲渔,8.21,8.21,8.07,8.1,8.07,1969448,18997205.82,0.914076,-1.233,1.75,否,1.05,3.846,4.651,3.846,-9.598,否,373330707,215790848,3587708094.27,2073750049.28,25.21706,1.504125,4.849612,7.99,7.88,8.28,8.53,9.0,9.89,11.17,2015-06-26,-
2018-02-28,2772,众兴菌业,农牧饲渔,8.05,8.14,8.02,8.07,8.02,1299958,12461607.89,0.603347,-0.416,1.46,否,0.63,-0.982,4.398,2.803,-9.529,否,373330707,215790848,3572774865.99,2065118415.36,25.112098,1.497865,4.829426,8.06,7.9,8.24,8.5,8.97,9.87,11.14,2015-06-26,-
2018-03-01,2772,众兴菌业,农牧饲渔,8.03,8.23,8.02,8.17,8.02,1846809,17811887.91,0.857156,1.254,2.61,否,0.84,-0.366,5.829,3.157,-8.715,否,373330707,215790848,3617574550.83,2091013317.12,25.426983,1.516647,4.889984,8.14,7.93,8.19,8.46,8.94,9.85,11.1,2015-06-26,-
2018-03-02,2772,众兴菌业,农牧饲渔,8.13,8.39,8.1,8.22,8.1,2536058,24754643.89,1.177056,0.619,3.51,否,1.05,1.481,5.385,8.3,-8.259,否,373330707,215790848,3639974393.25,2103960768.0,25.584426,1.526038,4.920262,8.15,7.99,8.14,8.43,8.91,9.82,11.07,2015-06-26,-
2018-03-05,2772,众兴菌业,农牧饲渔,8.27,8.39,8.15,8.3,8.15,2198207,21564300.08,1.02025,0.923,2.87,否,1.05,2.85,1.84,7.235,-7.778,否,373330707,216792396,3673574156.88,2133237176.64,25.82059,1.540124,4.96568,8.17,8.05,8.1,8.41,8.88,9.8,11.04,2015-06-26,-
2018-03-06,2772,众兴菌业,农牧饲渔,8.31,8.42,8.26,8.33,8.26,1886966,18632292.86,0.870402,0.407,2.03,否,0.96,1.958,1.585,7.762,-8.26,否,373330707,216792396,3688507385.16,2141908872.48,25.925552,1.546385,4.985866,8.22,8.11,8.06,8.39,8.85,9.78,11.0,2015-06-26,-
2018-03-07,2772,众兴菌业,农牧饲渔,8.32,8.38,8.23,8.25,8.23,1579589,15576887.05,0.728618,-1.012,1.82,否,0.81,0.365,1.852,6.865,-8.84,否,373330707,216792396,3651174314.46,2120229632.88,25.663147,1.530733,4.935401,8.25,8.16,8.04,8.37,8.83,9.75,10.97,2015-06-26,-
2018-03-08,2772,众兴菌业,农牧饲渔,8.27,8.31,8.21,8.29,8.21,1122800,10990561.79,0.517915,0.511,1.12,否,0.56,-0.12,2.726,6.282,-8.499,否,373330707,216792396,3669840849.81,2131069252.68,25.79435,1.538559,4.960633,8.28,8.21,8.04,8.35,8.82,9.73,10.94,2015-06-26,-
2018-03-09,2772,众兴菌业,农牧饲渔,8.32,8.45,8.25,8.43,8.25,2635271,26240994.52,1.215574,1.729,2.44,否,1.41,1.2,3.182,3.436,-8.469,否,373330707,216792396,3733307070.0,2167923960.0,26.240437,1.565167,5.046423,8.32,8.24,8.05,8.33,8.8,9.71,10.91,2015-06-26,-
2018-03-12,2772,众兴菌业,农牧饲渔,8.42,8.65,8.42,8.54,8.42,2925353,29603670.96,1.34938,1.3,2.7,否,1.55,3.515,3.893,4.146,-6.565,否,373330707,216792396,3781840061.91,2196106971.48,26.581563,1.585514,5.112026,8.37,8.27,8.06,8.31,8.78,9.68,10.88,2015-06-26,-
2018-03-13,2772,众兴菌业,农牧饲渔,8.53,8.69,8.48,8.53,8.48,2150274,21838256.12,0.991859,-0.197,2.37,否,1.06,2.895,2.771,5.309,-6.057,否,373330707,216792396,3774373447.77,2191771123.56,26.529082,1.582384,5.101933,8.41,8.31,8.1,8.29,8.77,9.66,10.85,2015-06-26,-
2018-03-14,2772,众兴菌业,农牧饲渔,8.53,8.53,8.36,8.36,8.36,1865129,18635811.17,0.86033,-1.978,2.08,否,0.9,-0.83,0.36,3.594,-3.129,否,373330707,216792396,3699707306.37,2148412644.36,26.004273,1.55108,5.001005,8.43,8.34,8.12,8.27,8.75,9.64,10.81,2015-06-26,-
2018-03-15,2772,众兴菌业,农牧饲渔,8.37,8.51,8.26,8.31,8.26,1866993,18492655.87,0.861189,-0.505,2.93,否,0.87,-2.693,0.727,1.714,0.0,否,373330707,216792396,3681040771.02,2137573024.56,25.873071,1.543255,4.975773,8.43,8.36,8.14,8.25,8.73,9.61,10.78,2015-06-26,-
2018-03-16,2772,众兴菌业,农牧饲渔,8.26,8.5,8.21,8.31,8.21,1505367,14883674.26,0.694382,-0.101,3.45,否,0.66,-2.579,0.241,1.095,0.484,否,373330707,216792396,3677307463.95,2135405100.6,25.84683,1.541689,4.970726,8.41,8.37,8.18,8.22,8.71,9.59,10.75,2015-06-26,-
2018-03-19,2772,众兴菌业,农牧饲渔,8.31,8.41,8.2,8.33,8.2,1626748,15995032.51,0.735979,0.305,2.44,否,0.79,-0.359,-1.186,0.361,0.0,否,373330707,221031761,3688507385.16,2183793798.68,25.925552,1.546385,4.985866,8.37,8.37,8.21,8.19,8.69,9.57,10.72,2015-06-26,-
2018-03-20,2772,众兴菌业,农牧饲渔,8.28,8.31,8.2,8.27,8.2,1417851,13885125.01,0.641469,-0.708,1.21,否,0.79,-0.481,-3.162,-0.72,6.026,否,373330707,221031761,3662374235.67,2168321575.41,25.741869,1.535429,4.950541,8.32,8.36,8.23,8.16,8.67,9.54,10.69,2015-06-26,-
2018-03-21,2772,众兴菌业,农牧饲渔,8.27,8.41,8.26,8.3,8.26,2142931,21206247.33,0.969513,0.306,1.73,否,1.29,-0.12,-2.696,0.606,5.732,否,373330707,221031761,3673574156.88,2174952528.24,25.82059,1.540124,4.96568,8.3,8.37,8.26,8.15,8.65,9.52,10.66,2015-06-26,-
2018-03-22,2772,众兴菌业,农牧饲渔,8.27,8.56,8.27,8.44,8.27,3249503,32431850.32,1.470152,1.728,3.46,否,1.9,1.321,0.957,1.809,6.566,否,373330707,221031761,3737040377.07,2212527927.61,26.266677,1.566732,5.051469,8.33,8.38,8.3,8.16,8.63,9.49,10.63,2015-06-26,-
2018-03-23,2772,众兴菌业,农牧饲渔,8.26,9.04,8.15,8.62,8.15,12685387,130626979.86,5.739169,2.098,10.49,否,6.38,4.232,3.73,2.254,13.57,否,373330707,221031761,3815439825.54,2258944597.42,26.817727,1.599601,5.157444,8.39,8.4,8.32,8.17,8.62,9.47,10.6,2015-06-26,-
2018-03-26,2772,众兴菌业,农牧饲渔,8.72,8.83,8.16,8.64,8.16,10083013,101945709.8,4.561794,0.294,7.73,否,2.39,4.096,3.971,1.171,11.628,否,373330707,221031761,3826639746.75,2265575550.25,26.896448,1.576457,5.172583,8.45,8.41,8.34,8.18,8.61,9.45,10.58,2015-06-26,-
2018-03-27,2772,众兴菌业,农牧饲渔,8.72,9.26,8.56,9.14,8.56,14817204,157607529.03,6.703654,5.756,8.1,否,2.5,8.294,9.724,7.151,18.241,否,373330707,221031761,4046904863.88,2395984289.24,28.444634,1.6672,5.470322,8.63,8.47,8.39,8.22,8.6,9.44,10.55,2015-06-26,-
2018-03-28,2772,众兴菌业,农牧饲渔,9.01,9.18,8.88,9.16,8.88,9204997,98690501.78,4.164559,0.184,3.32,否,1.07,6.265,10.762,9.569,18.653,否,373330707,221031761,4054371478.02,2400404924.46,28.497115,1.670276,5.480415,8.8,8.55,8.45,8.27,8.6,9.43,10.53,2015-06-26,-
2018-03-29,2772,众兴菌业,农牧饲渔,9.14,9.15,8.96,9.03,8.96,5635318,60319491.72,2.549551,-1.381,2.12,否,0.56,4.514,8.795,8.664,15.769,否,373330707,221031761,3998371871.97,2367250160.31,28.103508,1.647206,5.404719,8.92,8.62,8.49,8.3,8.6,9.41,10.51,2015-06-26,-
2018-03-30,2772,众兴菌业,农牧饲渔,9.06,9.12,8.89,8.9,8.89,5902143,62705165.76,2.670269,-1.494,2.61,否,0.56,-2.626,5.45,7.1,9.202,否,373330707,221031761,3938638958.85,2331885078.55,27.683661,1.622598,5.323976,8.97,8.68,8.52,8.35,8.6,9.4,10.48,2015-06-26,-
2018-04-02,2772,众兴菌业,农牧饲渔,9.06,9.61,8.97,9.43,8.97,12151138,132943919.53,5.497462,5.972,7.2,否,1.33,2.948,9.397,13.205,15.0,否,373330707,221031761,4173837304.26,2471135087.98,29.336809,1.719492,5.641901,9.13,8.79,8.58,8.4,8.6,9.39,10.46,2015-06-26,-
2018-04-03,2772,众兴菌业,农牧饲渔,9.28,9.56,9.24,9.34,9.24,8771197,97349807.94,3.968297,-0.894,3.4,否,0.92,3.433,8.102,12.938,15.309,否,373330707,221031761,4136504233.56,2449031911.88,29.074404,1.704112,5.591436,9.17,8.9,8.63,8.46,8.6,9.37,10.44,2015-06-26,-
2018-04-04,2772,众兴菌业,农牧饲渔,9.41,9.57,9.31,9.45,9.31,8028194,89696723.57,3.632145,1.173,2.8,否,0.96,6.18,3.392,13.855,17.1,否,373330707,221031761,4185037225.47,2477766040.81,29.41553,1.724106,5.65704,9.23,9.02,8.69,8.51,8.6,9.36,10.42,2015-06-26,-
2018-04-09,2772,众兴菌业,农牧饲渔,9.45,9.59,9.33,9.43,9.33,5689509,63577170.05,2.574069,-0.268,2.68,否,0.7,0.0,2.948,11.73,15.422,否,373330707,221031761,4173837304.26,2471135087.98,29.336809,1.719492,5.641901,9.31,9.11,8.75,8.57,8.61,9.34,10.4,2015-06-26,-
2018-04-10,2772,众兴菌业,农牧饲渔,9.16,9.16,8.6,8.75,8.6,11304486,118170969.99,5.114417,-7.156,5.9,否,1.39,-6.317,-3.101,1.508,6.448,否,373330707,221031761,3875172738.66,2294309679.18,21.494817,1.522662,4.620684,9.28,9.13,8.76,8.59,8.6,9.32,10.37,2015-06-26,-
2018-04-11,2772,众兴菌业,农牧饲渔,8.68,8.91,8.68,8.84,8.68,5986501,62462088.67,2.708435,0.963,2.7,否,0.65,-6.455,-0.674,2.315,6.506,否,373330707,221031761,3912505809.36,2316412855.28,21.701896,1.537331,4.665199,9.16,9.15,8.78,8.61,8.59,9.3,10.35,2015-06-26,-
2018-04-12,2772,众兴菌业,农牧饲渔,8.79,8.81,8.67,8.72,8.67,4472511,46335144.82,2.02347,-1.336,1.62,否,0.56,-7.529,-7.529,-4.595,4.682,否,373330707,221031761,3860239510.38,2285468408.74,21.411985,1.516794,4.602878,9.04,9.11,8.79,8.63,8.58,9.28,10.32,2015-06-26,-
2018-04-13,2772,众兴菌业,农牧饲渔,8.76,8.8,8.52,8.58,8.52,3887151,39965484.98,1.758639,-1.644,3.29,否,0.55,-1.943,-8.137,-6.332,4.0,否,373330707,221031761,3796773290.19,2247893009.37,21.05995,1.491857,4.527202,8.86,9.05,8.8,8.65,8.57,9.26,10.3,2015-06-26,-
2018-04-16,2772,众兴菌业,农牧饲渔,8.68,8.71,8.47,8.54,8.47,3468099,35354734.15,1.56905,-0.393,2.75,否,0.55,-3.394,-9.63,-5.426,3.016,否,373330707,221031761,3781840061.91,2239051738.93,20.977119,1.485989,4.509396,8.69,9.0,8.81,8.66,8.56,9.24,10.27,2015-06-26,-
2018-04-17,2772,众兴菌业,农牧饲渔,8.58,8.67,8.52,8.59,8.52,3962581,40401112.16,1.792765,0.592,1.78,否,0.68,-1.491,-8.908,-3.483,1.898,否,373330707,221031761,3804239904.33,2252313644.59,21.101366,1.494791,4.536105,8.65,8.97,8.83,8.67,8.55,9.23,10.25,2015-06-26,-
2018-04-18,2772,众兴菌业,农牧饲渔,8.61,8.63,8.21,8.44,8.21,4722334,46997779.64,2.136496,-1.766,4.81,否,1.08,-1.632,-3.543,-10.498,-1.171,否,373330707,221031761,3737040377.07,2212527927.61,20.728624,1.468386,4.455977,8.57,8.87,8.83,8.68,8.54,9.21,10.23,2015-06-26,-
2018-04-19,2772,众兴菌业,农牧饲渔,8.41,8.45,8.28,8.42,8.28,2914250,29021034.47,1.318476,-0.3,2.0,否,0.71,-1.405,-4.751,-9.85,-1.29,否,373330707,221031761,3725840455.86,2205896974.78,20.6665,1.463985,4.442623,8.51,8.78,8.84,8.68,8.53,9.19,10.21,2015-06-26,-
2018-04-20,2772,众兴菌业,农牧饲渔,8.42,8.44,8.17,8.17,8.17,3481943,34265981.93,1.575313,-2.906,3.21,否,0.92,-4.889,-6.307,-13.545,-2.273,否,373330707,221031761,3617574550.83,2141797764.09,20.06597,1.421445,4.313528,8.43,8.65,8.83,8.68,8.52,9.17,10.18,2015-06-26,-
2018-04-23,2772,众兴菌业,农牧饲渔,8.12,8.15,7.89,7.97,7.89,3099102,29487306.81,1.402107,-2.477,3.2,否,0.84,-5.569,-7.11,-15.483,-4.091,否,373316347,218695470,3527839479.15,2066672191.5,19.568981,1.386239,4.206692,8.32,8.5,8.81,8.67,8.51,9.14,10.16,2015-06-26,-
2018-04-24,2772,众兴菌业,农牧饲渔,7.99,8.19,7.95,8.15,7.95,2687091,25796851.04,1.228691,2.222,2.96,否,0.74,-3.207,-4.567,-6.857,-1.925,否,373316347,218695470,3606235912.02,2112598240.2,20.003077,1.416989,4.300008,8.23,8.44,8.78,8.66,8.49,9.12,10.14,2015-06-26,-
2018-04-25,2772,众兴菌业,农牧饲渔,8.14,8.5,8.14,8.27,8.14,3702194,36682539.25,1.692854,1.553,4.45,否,1.1,1.224,-3.725,-6.448,-0.72,否,373316347,218695470,3662233364.07,2145402560.7,20.313684,1.438992,4.366779,8.2,8.39,8.77,8.65,8.48,9.1,10.12,2015-06-26,-
2018-04-26,2772,众兴菌业,农牧饲渔,8.31,8.31,7.97,7.99,7.97,3204643,30790413.47,1.465345,-3.364,4.08,否,1.01,0.251,-5.332,-8.372,-3.386,否,373316347,218695470,3539038969.56,2073233055.6,19.630349,1.390586,4.219884,8.11,8.31,8.71,8.63,8.46,9.08,10.1,2015-06-26,-
2018-04-27,2772,众兴菌业,农牧饲渔,8.05,8.23,7.98,8.19,7.98,2334318,22452533.29,1.067383,2.426,3.16,否,0.72,0.491,-2.732,-4.545,-1.325,否,373316347,218695470,3624901729.37,2123533013.7,20.106613,1.424324,4.322265,8.11,8.27,8.66,8.62,8.45,9.06,10.08,2015-06-26,-
2018-05-02,2772,众兴菌业,农牧饲渔,8.2,8.35,8.18,8.25,8.18,3121167,30559859.19,1.427175,0.721,2.06,否,1.04,-0.242,0.979,-3.396,-2.251,否,373316347,218695470,3651033873.66,2138841696.6,20.251563,1.434592,4.353425,8.17,8.24,8.62,8.62,8.43,9.04,10.07,2015-06-26,-
2018-05-03,2772,众兴菌业,农牧饲渔,8.21,8.53,8.21,8.48,8.21,4414031,44148289.5,2.018346,2.863,3.89,否,1.47,6.133,6.399,-1.281,-1.624,否,373316347,218695470,3755562450.82,2200076428.2,20.831362,1.475664,4.478063,8.24,8.23,8.6,8.63,8.42,9.02,10.05,2015-06-26,-
2018-05-04,2772,众兴菌业,农牧饲渔,8.43,8.47,8.33,8.41,8.33,2823170,28128546.68,1.290914,-0.895,1.69,否,0.84,2.686,3.19,-0.355,-2.662,否,373316347,218695470,3721963979.59,2180393835.9,20.644998,1.462462,4.438,8.26,8.23,8.55,8.63,8.41,9.0,10.04,2015-06-26,-
2018-05-07,2772,众兴菌业,农牧饲渔,8.39,8.54,8.37,8.52,8.37,3250874,32684716.95,1.486484,1.304,2.01,否,1.02,3.273,3.023,1.188,-6.783,否,373316347,218695470,3770495104.7,2208824247.0,20.914191,1.481531,4.495868,8.37,8.24,8.51,8.64,8.4,8.99,10.03,2015-06-26,-
2018-05-08,2772,众兴菌业,农牧饲渔,8.52,8.79,8.48,8.69,8.48,6086783,62526821.42,2.783223,1.98,3.56,否,1.91,2.476,8.761,6.365,-5.131,否,373316347,218695470,3845158374.1,2252563341.0,21.328333,1.510869,4.584895,8.47,8.29,8.47,8.65,8.4,8.97,10.01,2015-06-26,-
2018-05-09,2772,众兴菌业,农牧饲渔,8.72,8.73,8.61,8.63,8.61,3037625,31161541.85,1.388975,-0.583,1.36,否,0.77,2.616,5.372,8.281,-4.43,否,373316347,218695470,3822759393.28,2239441612.8,21.20409,1.502067,4.558187,8.55,8.36,8.43,8.66,8.41,8.96,10.0,2015-06-26,-
2018-05-10,2772,众兴菌业,农牧饲渔,8.62,8.8,8.62,8.73,8.62,3211683,33152792.54,1.468564,1.074,2.15,否,0.82,2.465,5.818,7.117,-1.91,否,373316347,218695470,3863824191.45,2263498114.5,21.431869,1.518203,4.607152,8.6,8.42,8.43,8.66,8.41,8.94,9.99,2015-06-26,-
2018-05-11,2772,众兴菌业,农牧饲渔,8.74,8.76,8.54,8.57,8.54,2626383,26858905.23,1.200932,-1.836,2.51,否,0.71,-1.381,1.061,3.628,-9.12,否,373316347,218695470,3792894085.52,2221945975.2,21.038433,1.490333,4.522576,8.63,8.45,8.42,8.66,8.42,8.92,9.98,2015-06-26,-
2018-05-14,2772,众兴菌业,农牧饲渔,8.58,8.58,8.41,8.46,8.41,3457575,34681263.54,1.581,-1.28,1.97,否,0.95,-1.97,0.595,5.882,-9.422,否,373316347,218695470,3744362960.41,2193515564.1,20.769241,1.471263,4.464709,8.62,8.49,8.4,8.64,8.43,8.91,9.96,2015-06-26,-
2018-05-15,2772,众兴菌业,农牧饲渔,8.48,8.65,8.42,8.64,8.42,3126715,31285593.01,1.429712,2.115,2.82,否,0.85,-1.031,1.408,5.495,-8.571,否,373316347,218695470,3785427758.58,2217572065.8,20.997019,1.487399,4.513673,8.61,8.54,8.41,8.62,8.44,8.89,9.95,2015-06-26,-
2018-05-16,2772,众兴菌业,农牧饲渔,8.63,8.87,8.54,8.77,8.54,5787704,59339142.25,2.646467,1.578,3.75,否,1.87,2.334,0.921,6.303,-6.999,否,373316347,218695470,3845158374.1,2252563341.0,21.328333,1.510869,4.584895,8.63,8.59,8.42,8.61,8.46,8.88,9.94,2015-06-26,-
2018-05-17,2772,众兴菌业,农牧饲渔,8.73,9.61,8.7,9.11,8.7,13578388,146762949.77,6.208811,3.883,10.29,否,3.73,7.683,5.562,7.429,4.114,否,373316347,218695470,3994484912.9,2340041529.0,22.156618,1.569543,4.762949,8.71,8.65,8.44,8.62,8.48,8.87,9.93,2015-06-26,-
2018-05-18,2772,众兴菌业,农牧饲渔,9.22,9.28,8.93,9.12,8.93,7967201,84676809.9,3.643057,0.093,3.74,否,1.39,5.556,4.467,8.442,3.167,否,373316347,218695470,3998218076.37,2342228483.7,22.177325,1.57101,4.767401,8.82,8.72,8.48,8.61,8.5,8.86,9.93,2015-06-26,-
2018-05-21,2772,众兴菌业,农牧饲渔,9.02,9.52,8.86,9.29,8.86,10323096,110919662.68,4.720306,1.867,7.28,否,1.52,5.929,8.401,9.038,6.537,否,373316347,218695470,4072881345.77,2385967577.7,22.591467,1.600347,4.856428,8.99,8.8,8.52,8.61,8.53,8.85,9.92,2015-06-26,-
2018-05-22,2772,众兴菌业,农牧饲渔,9.16,9.25,9.07,9.17,9.07,6054391,65051137.24,2.768412,-1.283,1.92,否,0.74,0.659,8.392,5.524,6.876,否,373316347,218695470,4020617057.19,2355350211.9,22.301568,1.579811,4.794109,9.09,8.85,8.57,8.6,8.56,8.84,9.92,2015-06-26,-
2018-05-23,2772,众兴菌业,农牧饲渔,9.11,9.32,8.95,9.0,8.95,5764521,62022789.17,2.635867,-1.857,3.99,否,0.66,-1.316,4.167,4.287,5.386,否,373316347,218695470,3945953787.79,2311611117.9,21.887425,1.550474,4.705082,9.14,8.89,8.62,8.58,8.58,8.83,9.91,2015-06-26,-
2018-05-24,2772,众兴菌业,农牧饲渔,8.99,9.11,8.85,8.86,8.85,3934557,41372401.08,1.799103,-1.608,2.93,否,0.45,-4.629,1.026,1.489,3.143,否,373316347,218695470,3882490008.8,2274432888.0,21.535404,1.525537,4.629409,9.09,8.9,8.66,8.59,8.59,8.82,9.9,2015-06-26,-
2018-05-25,2772,众兴菌业,农牧饲渔,8.91,8.97,8.8,8.92,8.8,3635972,38028194.64,1.662573,0.673,1.92,否,0.53,-2.726,-2.086,4.084,5.687,否,373316347,218695470,3908622153.09,2289741570.9,21.680354,1.535805,4.660568,9.05,8.93,8.69,8.59,8.6,8.81,9.88,2015-06-26,-
2018-05-28,2772,众兴菌业,农牧饲渔,9.07,9.14,8.87,9.04,8.87,4240397,44844465.25,1.938951,1.337,3.06,否,0.71,0.444,-0.877,6.856,7.363,否,373316347,218695470,3960886441.67,2320358936.7,21.970254,1.556341,4.722887,9.0,8.99,8.74,8.6,8.61,8.81,9.88,2015-06-26,-
2018-05-29,2772,众兴菌业,农牧饲渔,9.03,9.13,8.88,8.88,8.88,4478566,47439849.58,2.047855,-1.697,2.83,否,0.95,0.226,-4.413,2.778,8.69,否,373316347,218695470,3893689499.21,2280993752.1,21.597525,1.529938,4.642763,8.94,9.02,8.78,8.61,8.63,8.8,9.87,2015-06-26,-
2018-05-30,2772,众兴菌业,农牧饲渔,8.77,9.09,8.61,8.78,8.61,6104103,63357869.01,2.791143,-1.151,5.37,否,1.38,-1.57,-4.253,0.114,10.163,否,373316347,218695470,3848891537.57,2254750295.7,21.34904,1.512335,4.589347,8.9,9.02,8.8,8.62,8.64,8.79,9.86,2015-06-26,-
2018-05-31,2772,众兴菌业,农牧饲渔,8.81,9.33,8.65,9.25,8.65,10870577,116132478.34,4.970646,5.335,7.66,否,2.43,2.323,2.778,1.537,13.497,否,373316347,218695470,4054215528.42,2375032804.2,22.487932,1.593013,4.834171,8.97,9.03,8.84,8.64,8.66,8.78,9.85,2015-06-26,-
2018-06-01,2772,众兴菌业,农牧饲渔,9.19,9.55,9.11,9.35,9.11,14831640,162953593.45,6.781869,1.105,4.7,否,2.53,5.293,5.53,2.522,13.059,否,373316347,218695470,4099013490.06,2401276260.6,22.736417,1.610615,4.887587,9.06,9.05,8.89,8.67,8.67,8.78,9.85,2015-06-26,-
2018-06-04,2772,众兴菌业,农牧饲渔,9.37,9.45,9.05,9.26,9.05,9251101,100047464.99,4.230129,-1.002,4.28,否,1.14,5.467,3.812,-0.323,15.895,否,373316347,218695470,4057948691.89,2377219758.9,22.508639,1.59448,4.838622,9.1,9.05,8.93,8.7,8.69,8.77,9.84,2015-06-26,-
2018-06-05,2772,众兴菌业,农牧饲渔,9.2,9.51,9.11,9.5,9.11,10012238,109221200.01,4.578164,2.576,4.42,否,1.1,2.703,5.088,3.599,15.995,否,373316347,218695470,4162477269.05,2438454490.5,23.088438,1.635552,4.96326,9.23,9.08,8.97,8.74,8.71,8.77,9.83,2015-06-26,-
2018-06-06,2772,众兴菌业,农牧饲渔,9.45,9.77,9.27,9.68,9.27,12530006,140055791.96,5.729431,1.883,5.29,否,1.23,3.529,9.009,7.556,17.333,否,373316347,218695470,4240873701.92,2484380539.2,23.523288,1.666356,5.056739,9.41,9.15,9.02,8.8,8.73,8.77,9.83,2015-06-26,-
2018-06-07,2772,众兴菌业,农牧饲渔,9.54,9.69,9.27,9.28,9.27,8946335,99445690.39,4.090773,-4.049,4.4,否,0.78,0.216,5.695,4.74,9.434,否,373316347,218695470,4069148182.3,2383780623.0,22.57076,1.59888,4.851976,9.41,9.19,9.05,8.84,8.75,8.77,9.82,2015-06-26,-
2018-06-08,2772,众兴菌业,农牧饲渔,9.25,9.29,8.9,9.02,8.9,7735128,82194443.47,3.53694,-2.844,4.22,否,0.7,-5.053,-2.486,1.121,7.253,否,373316347,218695470,3953420114.73,2315985027.3,21.928839,1.553408,4.713984,9.35,9.2,9.07,8.86,8.75,8.77,9.82,2015-06-26,-
2018-06-11,2772,众兴菌业,农牧饲渔,8.96,9.16,8.86,9.09,8.86,4785620,50666842.67,2.188257,0.755,3.31,否,0.49,-6.095,-2.781,0.553,6.69,否,373316347,218695470,3983285422.49,2333480664.9,22.094496,1.565143,4.749595,9.31,9.21,9.1,8.9,8.76,8.77,9.81,2015-06-26,-
2018-06-12,2772,众兴菌业,农牧饲渔,9.06,9.23,8.93,9.22,8.93,5877325,62864945.62,2.687447,1.406,3.37,否,0.67,-0.647,-0.432,3.829,6.099,否,373316347,218695470,4039282874.54,2366284985.4,22.405103,1.587145,4.816366,9.26,9.24,9.13,8.93,8.78,8.76,9.81,2015-06-26,-
2018-06-13,2772,众兴菌业,农牧饲渔,9.17,9.17,8.87,8.88,8.87,4823599,51139657.59,2.205624,-3.697,3.33,否,0.6,-1.552,-6.526,1.139,2.897,否,373316347,218695470,3889956335.74,2278806797.4,21.576818,1.528471,4.638311,9.1,9.25,9.14,8.95,8.79,8.76,9.8,2015-06-26,-
2018-06-14,2772,众兴菌业,农牧饲渔,8.79,8.88,8.52,8.52,8.52,5961554,60794057.16,2.725961,-4.031,4.03,否,0.93,-6.271,-11.983,-7.892,-2.405,否,373316347,218695470,3733163470.0,2186954700.0,20.707119,1.466863,4.451355,8.95,9.18,9.11,8.95,8.79,8.75,9.79,2015-06-26,-
2018-06-15,2772,众兴菌业,农牧饲渔,8.3,8.47,8.08,8.13,8.08,5780007,56040512.36,2.642948,-4.5,4.6,否,0.99,-11.822,-12.392,-13.048,-5.134,否,373316347,218695470,3565171113.85,2088541738.5,19.775299,1.400854,4.251044,8.77,9.06,9.06,8.95,8.79,8.74,9.78,2015-06-26,-
2018-06-19,2772,众兴菌业,农牧饲渔,8.05,8.4,7.51,7.78,7.51,6425519,60931796.97,2.938113,-4.398,10.89,否,1.18,-12.387,-13.747,-15.983,-8.038,否,373316347,218695470,3408378248.11,1996689641.1,18.9056,1.339246,4.064087,8.51,8.91,8.98,8.92,8.78,8.72,9.76,2015-06-26,-
2018-06-20,2772,众兴菌业,农牧饲渔,7.02,7.23,7.0,7.12,7.0,12249865,102178680.81,5.601289,-8.434,2.96,否,2.12,-16.432,-21.672,-25.053,-17.593,否,373318135,218697258,3120939608.6,1828309076.88,17.311235,1.226303,3.72135,8.09,8.67,8.88,8.87,8.76,8.7,9.75,2015-06-26,-
2018-06-21,2772,众兴菌业,农牧饲渔,6.96,7.11,6.58,6.73,6.58,8396095,67237400.55,3.83913,-5.502,7.54,否,1.19,-17.22,-27.007,-30.475,-23.261,否,373318731,218697854,2949217974.9,1727713046.6,16.358729,1.158829,3.516593,7.66,8.38,8.76,8.81,8.73,8.68,9.73,2015-06-26,-
2018-06-22,2772,众兴菌业,农牧饲渔,6.59,6.9,6.49,6.77,6.49,4424714,35014103.44,2.023201,0.633,6.08,否,0.57,-12.982,-23.761,-27.047,-25.686,否,373318731,218697854,2967883911.45,1738647939.3,16.462265,1.166163,3.538849,7.31,8.13,8.66,8.74,8.7,8.66,9.71,2015-06-26,-
2018-06-25,2772,众兴菌业,农牧饲渔,6.81,6.86,6.6,6.62,6.6,3822852,30036081.72,1.748006,-2.264,3.77,否,0.51,-7.022,-22.3,-26.608,-27.412,否,373318731,218697854,2900686539.87,1699282325.58,16.089534,1.13976,3.458725,7.0,7.89,8.55,8.67,8.67,8.64,9.69,2015-06-26,-
2018-06-26,2772,众兴菌业,农牧饲渔,6.3,6.47,6.19,6.42,6.19,4859597,36189214.71,2.22206,-2.96,4.25,否,0.69,-4.606,-21.033,-29.373,-30.893,否,373318731,218697854,2814823231.74,1648981819.16,15.613268,1.106022,3.356343,6.73,7.62,8.41,8.61,8.62,8.61,9.67,2015-06-26,-
2018-06-27,2772,众兴菌业,农牧饲渔,6.41,6.58,6.37,6.53,6.37,3921652,29815682.87,1.542213,1.724,3.18,否,0.58,-3.545,-16.067,-29.176,-28.79,否,373318731,254287383,2863354666.77,1950384227.61,15.882462,1.125091,3.414211,6.61,7.35,8.3,8.54,8.58,8.59,9.65,2015-06-26,-
2018-06-28,2772,众兴菌业,农牧饲渔,6.47,6.68,6.42,6.48,6.42,4048920,31071629.95,1.592248,-0.782,3.91,否,0.8,-2.115,-8.989,-27.027,-28.0,否,373320805,254289457,2840971326.05,1935142767.77,15.758306,1.116296,3.387521,6.56,7.11,8.18,8.46,8.54,8.57,9.64,2015-06-26,-
2018-06-29,2772,众兴菌业,农牧饲渔,6.54,7.13,6.52,7.13,6.52,9418721,75832777.31,3.703931,9.987,9.46,否,2.23,11.059,5.944,-16.315,-19.526,是,373321231,254289883,3124698703.47,2128406320.71,17.332086,1.22778,3.725832,6.64,6.97,8.08,8.39,8.51,8.55,9.62,2015-06-26,-
2018-07-02,2772,众兴菌业,农牧饲渔,6.88,7.11,6.78,7.02,6.78,9256618,75675544.71,3.640183,-1.553,4.66,否,1.78,7.504,3.693,-13.653,-21.3,否,373321231,254084752,3076166943.44,2093658356.48,17.06289,1.208711,3.667964,6.72,6.86,7.96,8.32,8.47,8.53,9.6,2015-06-26,-
2018-07-03,2772,众兴菌业,农牧饲渔,6.92,7.07,6.86,7.01,6.86,6252145,51145183.57,2.458667,-0.121,3.03,否,0.99,8.179,5.891,-9.897,-22.456,否,373321401,254084922,3072435130.23,2091118908.06,17.04219,1.207244,3.663514,6.83,6.78,7.85,8.25,8.43,8.51,9.59,2015-06-26,-
2018-07-04,2772,众兴菌业,农牧饲渔,6.98,7.04,6.74,6.82,6.74,4871955,39168936.99,1.915893,-2.673,4.25,否,0.74,-4.348,6.231,-4.213,-23.198,否,373322928,254086449,2990316653.28,2035232456.49,16.586695,1.174978,3.565598,6.89,6.75,7.71,8.17,8.38,8.49,9.57,2015-06-26,-
2018-07-05,2772,众兴菌业,农牧饲渔,6.71,6.83,6.39,6.47,6.39,4885766,37962622.3,1.921319,-5.119,6.49,否,0.72,-7.835,-0.919,-3.863,-26.31,否,373323612,254087133,2837259451.2,1931062210.8,15.737717,1.114837,3.383095,6.89,6.73,7.55,8.09,8.33,8.47,9.55,2015-06-26,-
2018-07-06,2772,众兴菌业,农牧饲渔,6.54,7.12,6.41,7.12,6.41,11912284,96064825.26,4.684484,10.0,11.05,否,1.72,1.569,9.877,5.17,-23.027,是,373323714,254087235,3120986249.04,2124169284.6,17.311493,1.226321,3.721406,6.89,6.76,7.44,8.03,8.31,8.45,9.54,2015-06-26,-
2018-07-09,2772,众兴菌业,农牧饲渔,7.16,7.84,7.0,7.52,7.0,21870670,191986129.41,8.6006,5.622,11.72,否,2.94,10.264,5.47,13.595,-19.572,否,373323714,254087235,3296448394.62,2243590285.05,18.284747,1.295265,3.930624,6.99,6.85,7.37,7.98,8.28,8.44,9.52,2015-06-26,-
2018-07-10,2772,众兴菌业,农牧饲渔,7.44,7.44,7.21,7.3,7.21,14165842,121736702.29,5.570687,-2.945,3.17,否,1.42,12.828,3.989,13.707,-21.166,否,373323900,254087421,3199385823.0,2177529197.97,17.74636,1.257127,3.814888,7.05,6.94,7.28,7.92,8.26,8.42,9.51,2015-06-26,-
2018-07-11,2772,众兴菌业,农牧饲渔,7.15,7.84,7.04,7.41,7.04,14995012,129963948.62,5.896756,1.517,10.85,否,1.3,4.073,5.706,13.476,-22.0,否,373323900,254087421,3247917930.0,2210560562.7,18.015558,1.276196,3.872757,7.16,7.03,7.19,7.87,8.24,8.41,9.49,2015-06-26,-
2018-07-12,2772,众兴菌业,农牧饲渔,7.2,7.55,7.2,7.43,7.2,11899903,103232082.66,4.679605,0.23,4.71,否,0.88,-1.197,8.944,14.66,-23.244,否,373324241,254087762,3255387381.52,2215645284.64,18.05699,1.279131,3.881663,7.36,7.12,7.12,7.83,8.22,8.39,9.48,2015-06-26,-
2018-07-13,2772,众兴菌业,农牧饲渔,7.36,7.39,7.22,7.24,7.22,7020500,60023482.0,2.760792,-2.523,2.29,否,0.47,-0.822,11.901,1.543,-21.983,否,373324326,254087847,3173256771.0,2159746699.5,17.601428,1.24686,3.783732,7.38,7.13,7.05,7.76,8.2,8.38,9.46,2015-06-26,-
2018-07-16,2772,众兴菌业,农牧饲渔,7.21,7.21,7.01,7.15,7.01,5938868,49505147.62,2.335442,-1.176,2.82,否,0.42,-3.509,0.421,1.852,-20.732,否,373324496,254088017,3135925766.4,2134339342.8,17.39436,1.232192,3.739219,7.31,7.15,7.0,7.69,8.18,8.36,9.44,2015-06-26,-
2018-07-17,2772,众兴菌业,农牧饲渔,6.88,7.12,6.66,7.04,6.66,8451166,67969939.9,3.326077,-1.548,6.43,否,0.78,-5.249,-6.383,0.428,-22.552,否,373324581,254088102,3087394284.87,2101308603.54,26.728699,1.256086,3.698836,7.25,7.15,6.97,7.61,8.16,8.35,9.42,2015-06-26,-
2018-07-18,2772,众兴菌业,农牧饲渔,7.04,7.04,6.87,6.93,6.87,4976784,40649165.17,1.958684,-1.572,2.54,否,0.52,-4.282,-5.068,1.613,-24.837,否,373324666,254088187,3038862781.24,2068277842.18,26.308544,1.236342,3.640693,7.16,7.16,6.96,7.53,8.14,8.33,9.41,2015-06-26,-
2018-07-19,2772,众兴菌业,农牧饲渔,6.9,6.95,6.67,6.74,6.67,5515000,43915898.74,2.170506,-2.826,4.05,否,0.72,-5.734,-9.042,4.173,-24.099,否,373324751,254088272,2952998780.41,2009838231.52,25.565188,1.201409,3.537824,7.02,7.19,6.96,7.43,8.11,8.31,9.39,2015-06-26,-
2018-07-20,2772,众兴菌业,农牧饲渔,6.72,6.88,6.7,6.81,6.7,4858000,38862315.0,1.911933,1.011,2.65,否,0.76,-3.267,-8.345,-4.354,-20.07,否,373324836,254088357,2982865439.64,2030165972.43,25.823755,1.21356,3.573605,6.93,7.16,6.96,7.35,8.09,8.29,9.37,2015-06-26,-
2018-07-23,2772,众兴菌业,农牧饲渔,6.82,6.86,6.75,6.85,6.75,3962920,31703657.4,1.559662,0.626,1.63,否,0.67,-1.154,-5.387,-8.91,-15.744,否,373324836,254088357,3001531681.44,2042870390.28,25.985355,1.221154,3.595968,6.87,7.09,6.97,7.28,8.07,8.27,9.35,2015-06-26,-
2018-07-24,2772,众兴菌业,农牧饲渔,6.87,7.03,6.81,6.99,6.81,5314274,43252188.11,2.091506,2.114,3.11,否,0.96,3.709,-2.238,-4.247,-10.154,否,373324836,254088357,3064996903.56,2086065410.97,26.534797,1.246974,3.672002,6.86,7.06,7.0,7.21,8.05,8.26,9.33,2015-06-26,-
2018-07-25,2772,众兴菌业,农牧饲渔,7.0,7.0,6.88,6.93,6.88,3915634,31900061.48,1.541052,-0.853,1.71,否,0.79,1.762,-1.563,-6.478,-2.669,否,373324921,254088442,3038864856.94,2068279917.88,26.308562,1.236343,3.640695,6.86,7.01,7.02,7.13,8.03,8.24,9.32,2015-06-26,-
2018-07-26,2772,众兴菌业,农牧饲渔,6.93,7.07,6.93,6.99,6.93,4616565,37921673.52,1.816911,0.86,1.97,否,0.98,2.044,0.866,-5.922,3.863,否,373325091,254088612,3064998997.11,2086067504.52,26.534815,1.246975,3.672005,6.91,6.97,7.05,7.07,8.01,8.22,9.3,2015-06-26,-
2018-07-27,2772,众兴菌业,农牧饲渔,6.99,6.99,6.77,6.77,6.77,4603400,36928864.0,1.811728,-3.167,3.17,否,1.02,-3.147,0.445,-6.492,0.0,否,373325347,254088868,2967936508.65,2020006500.6,25.69451,1.207486,3.55572,6.91,6.92,7.03,7.01,7.98,8.2,9.29,2015-06-26,-
2018-07-30,2772,众兴菌业,农牧饲渔,6.75,6.93,6.7,6.75,6.7,3164465,25239719.83,1.245417,-0.377,3.4,否,0.71,-2.597,-0.881,-5.594,1.964,否,373325347,254088868,2956736748.24,2012383834.56,25.597549,1.202929,3.542302,6.89,6.88,7.01,6.96,7.95,8.18,9.27,2015-06-26,-
2018-07-31,2772,众兴菌业,农牧饲渔,6.76,6.88,6.74,6.81,6.74,2234183,17882826.77,0.879292,0.884,2.15,否,0.52,-2.575,-0.584,-3.267,6.075,否,373325475,254088996,2982870545.25,2030171078.04,25.823799,1.213562,3.573611,6.85,6.86,7.0,6.93,7.93,8.16,9.26,2015-06-26,-
2018-08-01,2772,众兴菌业,农牧饲渔,6.73,6.84,6.59,6.61,6.59,2594657,20478361.93,1.02116,-2.879,3.63,否,0.7,-2.363,-5.436,-4.618,1.225,否,373325560,254089081,2897006345.6,1971731268.56,25.080441,1.178628,3.470742,6.79,6.83,6.99,6.91,7.89,8.15,9.24,2015-06-26,-
2018-08-02,2772,众兴菌业,农牧饲渔,6.6,6.6,6.23,6.39,6.23,4092711,30890334.08,1.610737,-3.351,5.67,否,1.19,-5.333,-7.792,-5.193,-1.389,否,373325815,254089336,2799943612.5,1905670020.0,24.240134,1.139139,3.354457,6.67,6.79,6.99,6.9,7.85,8.13,9.22,2015-06-26,-
2018-08-03,2772,众兴菌业,农牧饲渔,6.37,6.46,6.35,6.35,6.35,1722211,12938879.09,0.677796,-0.667,1.87,否,0.52,-6.755,-9.156,-6.755,-10.94,否,373326248,254089769,2781280547.6,1892968779.05,24.078561,1.131546,3.332098,6.58,6.74,6.95,6.89,7.81,8.11,9.21,2015-06-26,-
2018-08-06,2772,众兴菌业,农牧饲渔,6.24,6.43,6.19,6.28,6.19,2147522,15917605.03,0.845182,-1.074,3.76,否,0.78,-4.992,-7.238,-8.321,-10.541,否,373326333,254089854,2751415074.21,1872642223.98,23.820005,1.119395,3.296317,6.49,6.69,6.89,6.88,7.78,8.1,9.19,2015-06-26,-
2018-08-07,2772,众兴菌业,农牧饲渔,6.29,6.43,6.22,6.41,6.22,3098988,23097086.42,1.219643,2.171,3.39,否,1.21,0.313,-5.037,-8.298,-8.559,否,373326333,254089854,2811147287.49,1913296600.62,24.337128,1.143697,3.367879,6.41,6.63,6.84,6.88,7.74,8.09,9.17,2015-06-26,-
2018-08-08,2772,众兴菌业,农牧饲渔,6.63,6.63,6.41,6.44,6.41,3757840,28683765.94,1.478941,0.398,3.32,否,1.38,1.417,-5.433,-7.071,-5.572,否,373326418,254089939,2822347720.08,1920919938.84,24.434094,1.148254,3.381298,6.37,6.58,6.8,6.87,7.7,8.07,9.15,2015-06-26,-
2018-08-09,2772,众兴菌业,农牧饲渔,6.48,6.54,6.41,6.52,6.41,4206611,32091999.11,1.655559,1.19,2.12,否,1.42,3.822,-1.362,-6.724,0.773,否,373326503,254090024,2855947747.95,1943788683.6,24.724982,1.161924,3.421552,6.4,6.53,6.75,6.87,7.67,8.06,9.14,2015-06-26,-
2018-08-10,2772,众兴菌业,农牧饲渔,6.5,6.69,6.46,6.58,6.46,4437044,34241195.76,1.746249,1.046,3.53,否,1.49,2.652,2.973,-2.806,-7.584,否,373326503,254090024,2885813868.19,1964115885.52,24.983544,1.174075,3.457333,6.45,6.51,6.72,6.86,7.63,8.05,9.12,2015-06-26,-
2018-08-13,2772,众兴菌业,农牧饲渔,6.49,6.68,6.34,6.62,6.34,4178162,32057265.96,1.644362,0.517,5.17,否,1.18,2.795,4.252,-1.926,-11.968,否,373326588,254090109,2900747588.76,1974280146.93,25.112831,1.18015,3.475224,6.51,6.5,6.69,6.84,7.58,8.04,9.11,2015-06-26,-
2018-08-14,2772,众兴菌业,农牧饲渔,6.62,6.66,6.56,6.59,6.56,2496211,19323358.22,0.98241,-0.386,1.54,否,0.63,1.074,4.936,-3.231,-9.726,否,373326928,254090449,2889550422.72,1966660075.26,25.015893,1.175595,3.46181,6.55,6.48,6.67,6.83,7.54,8.03,9.09,2015-06-26,-
2018-08-15,2772,众兴菌业,农牧饲渔,6.59,6.64,6.4,6.4,6.4,2415037,18426466.22,0.950463,-2.972,3.62,否,0.63,-2.736,-0.156,-3.177,-13.63,否,373327013,254090534,2803685867.63,1908219910.34,24.272532,1.140662,3.35894,6.54,6.46,6.64,6.81,7.49,8.02,9.07,2015-06-26,-
2018-08-16,2772,众兴菌业,农牧饲渔,6.38,6.43,6.28,6.35,6.28,1751715,13076942.45,0.689405,-0.799,2.4,否,0.49,-4.079,-1.398,-0.626,-14.536,否,373327235,254090756,2781287900.75,1892976132.2,24.078625,1.131549,3.332106,6.51,6.45,6.62,6.81,7.45,8.01,9.06,2015-06-26,-
2018-08-17,2772,众兴菌业,农牧饲渔,6.39,6.43,6.22,6.22,6.22,2478600,18298741.15,0.975478,-2.013,3.36,否,0.81,-5.615,-4.601,-2.047,-14.088,否,373327320,254090841,2725289436.0,1854863139.3,23.593825,1.108766,3.265018,6.44,6.44,6.59,6.78,7.4,8.0,9.04,2015-06-26,-
2018-08-20,2772,众兴菌业,农牧饲渔,6.21,6.29,6.08,6.29,6.08,3006141,21798005.1,1.183095,1.096,3.29,否,1.13,-1.719,-4.407,0.159,-12.028,否,373327745,254091266,2755158758.1,1875193543.08,23.852415,1.120919,3.300803,6.37,6.44,6.56,6.74,7.36,7.98,9.02,2015-06-26,-
2018-08-21,2772,众兴菌业,农牧饲渔,6.27,6.34,6.22,6.3,6.22,1652872,12214275.05,0.650502,0.271,1.9,否,0.68,-0.787,-4.834,-1.716,-10.511,否,373328110,254091631,2762628014.0,1880278069.4,23.917079,1.123957,3.309751,6.31,6.43,6.53,6.71,7.31,7.96,9.0,2015-06-26,-
2018-08-22,2772,众兴菌业,农牧饲渔,6.31,6.35,6.23,6.35,6.23,1808742,13370555.84,0.711846,0.676,1.76,否,0.8,2.09,-3.642,-1.398,-8.369,否,373328110,254091631,2781294419.5,1892982650.95,24.078681,1.131552,3.332114,6.3,6.42,6.5,6.67,7.27,7.95,8.99,2015-06-26,-
2018-08-23,2772,众兴菌业,农牧饲渔,6.38,6.39,6.3,6.31,6.3,1864052,13889828.05,0.733614,-0.537,1.34,否,0.87,0.318,-1.406,-3.221,-6.38,否,373328195,254091716,2766361924.95,1882819615.56,23.949405,1.125477,3.314224,6.29,6.4,6.47,6.63,7.23,7.93,8.97,2015-06-26,-
2018-08-24,2772,众兴菌业,农牧饲渔,6.29,6.51,6.22,6.36,6.22,2957958,22054073.12,1.16413,0.81,4.59,否,1.37,0.952,0.157,-3.343,-6.608,否,373328195,254091716,2788761616.65,1898065118.52,24.143327,1.13459,3.34106,6.32,6.38,6.45,6.6,7.18,7.92,8.95,2015-06-26,-
2018-08-27,2772,众兴菌业,农牧饲渔,6.38,6.7,6.36,6.55,6.36,5072728,38963837.35,1.996416,2.945,5.35,否,2.25,3.15,5.305,-1.057,-4.38,否,373328195,254091716,2870893819.55,1953965296.04,24.854376,1.168005,3.439458,6.37,6.37,6.44,6.58,7.14,7.9,8.93,2015-06-26,-
2018-08-28,2772,众兴菌业,农牧饲渔,6.55,6.59,6.43,6.47,6.43,3209300,24415246.72,1.263047,-1.17,2.47,否,1.2,2.536,2.862,-1.821,-7.439,否,373328365,254091886,2837295574.0,1931098333.6,24.563503,1.154335,3.399206,6.41,6.36,6.42,6.57,7.09,7.89,8.92,2015-06-26,-
2018-08-29,2772,众兴菌业,农牧饲渔,6.41,6.48,6.39,6.41,6.39,1862766,14083063.51,0.733107,-0.921,1.45,否,0.62,0.786,1.746,0.156,-7.504,否,373328535,254092056,2811163868.55,1913313181.68,24.337272,1.143704,3.367899,6.42,6.36,6.41,6.55,7.04,7.87,8.9,2015-06-26,-
2018-08-30,2772,众兴菌业,农牧饲渔,6.4,6.45,6.24,6.25,6.24,2223036,16536525.4,0.874894,-2.523,3.19,否,0.74,-4.58,-1.575,-1.575,-10.587,否,373328535,254092056,2740231446.9,1865035691.04,23.723184,1.114845,3.282919,6.41,6.35,6.4,6.53,6.98,7.86,8.88,2015-06-26,-
2018-08-31,2772,众兴菌业,农牧饲渔,6.25,6.28,6.12,6.12,6.12,2138319,15563079.07,0.841553,-2.044,2.59,否,0.7,-5.41,-3.011,-1.608,-9.601,否,373328535,254092056,2684232166.65,1826921882.64,23.238378,1.092063,3.215829,6.36,6.34,6.39,6.51,6.93,7.84,8.86,2015-06-26,-
2018-09-03,2772,众兴菌业,农牧饲渔,6.17,6.22,6.1,6.12,6.1,2772124,20005440.56,1.090991,0.0,1.95,否,0.96,-4.524,-3.774,-2.703,-9.333,否,373328705,254092226,2684233388.95,1826923104.94,23.238388,1.092063,3.215831,6.27,6.32,6.38,6.48,6.88,7.82,8.84,2015-06-26,-
2018-09-04,2772,众兴菌业,农牧饲渔,6.14,6.22,6.11,6.17,6.11,5515745,39929508.08,2.170764,0.695,1.81,否,2.26,-1.28,-5.802,-2.063,-9.398,否,373328790,254092311,2702900439.6,1839628331.64,23.399996,1.099658,3.238195,6.21,6.31,6.37,6.46,6.83,7.8,8.82,2015-06-26,-
2018-09-05,2772,众兴菌业,农牧饲渔,6.16,6.16,5.97,5.99,5.97,5086733,36228956.8,2.001923,-2.901,3.04,否,1.75,-2.124,-7.419,-5.669,-9.38,否,373328875,254092396,2624501991.25,1786269543.88,22.721272,1.067762,3.14427,6.13,6.28,6.35,6.43,6.78,7.78,8.8,2015-06-26,-
2018-09-06,2772,众兴菌业,农牧饲渔,5.95,6.08,5.95,6.0,5.95,2840392,20074625.56,1.117858,0.284,2.28,否,0.8,-1.961,-6.396,-4.913,-6.103,否,373328960,254092481,2631969168.0,1791351991.05,22.785918,1.0708,3.153216,6.08,6.24,6.32,6.39,6.73,7.76,8.79,2015-06-26,-
2018-09-07,2772,众兴菌业,农牧饲渔,6.0,6.17,6.0,6.05,6.0,2663802,18964020.07,1.048359,0.709,2.84,否,0.73,-1.945,-3.2,-4.874,-4.724,否,373328960,254092481,2650635616.0,1804056615.1,22.94752,1.078394,3.175579,6.07,6.21,6.3,6.37,6.69,7.74,8.76,2015-06-26,-
2018-09-10,2772,众兴菌业,农牧饲渔,6.02,6.06,5.86,5.86,5.86,2927082,20356147.44,1.151973,-3.099,3.38,否,0.78,-2.17,-4.248,-10.534,-6.688,否,373329439,254092960,2568506540.32,1748159564.8,22.236499,1.04498,3.077185,6.01,6.14,6.26,6.34,6.65,7.72,8.74,2015-06-26,-
2018-09-11,2772,众兴菌业,农牧饲渔,5.89,5.93,5.85,5.87,5.85,1657416,11443669.67,0.652287,0.145,1.31,否,0.44,-2.167,-4.085,-9.274,-8.424,否,373329439,254092960,2572239834.71,1750700494.4,22.268819,1.046499,3.081658,5.95,6.08,6.22,6.31,6.62,7.7,8.72,2015-06-26,-
2018-09-12,2772,众兴菌业,农牧饲渔,5.86,5.91,5.83,5.85,5.83,2120156,14612326.73,0.834402,-0.29,1.45,否,0.7,-3.306,-5.186,-8.736,-9.161,否,373329439,254092960,2564773245.93,1745618635.2,22.204178,1.043461,3.072712,5.93,6.03,6.19,6.28,6.6,7.68,8.7,2015-06-26,-
2018-09-13,2772,众兴菌业,农牧饲渔,5.88,5.9,5.83,5.89,5.83,1894057,13038544.31,0.745419,0.728,1.31,否,0.78,0.512,-1.669,-5.76,-9.663,否,373329524,254093045,2583440306.08,1758323871.4,22.365786,1.051056,3.095076,5.9,5.99,6.17,6.27,6.58,7.66,8.68,2015-06-26,-
2018-09-14,2772,众兴菌业,农牧饲渔,5.89,5.92,5.85,5.85,5.85,1794605,12390339.6,0.706278,-0.723,1.16,否,0.8,-0.341,-2.5,-4.412,-11.094,否,373329609,254093130,2564774413.83,1745619803.1,22.204188,1.043462,3.072714,5.86,5.97,6.15,6.25,6.57,7.63,8.66,2015-06-26,-
2018-09-17,2772,众兴菌业,农牧饲渔,6.05,6.08,5.92,5.95,5.92,5422308,38217796.98,2.133984,1.601,2.77,否,2.61,1.709,-1.653,-2.778,-10.121,否,373329694,254093215,2605841264.12,1773570640.7,22.559719,1.06017,3.121914,5.88,5.95,6.14,6.24,6.56,7.61,8.64,2015-06-26,-
2018-09-18,2772,众兴菌业,农牧饲渔,5.89,6.0,5.84,6.0,5.84,3275029,22760400.44,1.288908,0.86,2.72,否,1.27,1.868,2.389,-2.755,-8.953,否,373329779,254093300,2628241644.16,1788816832.0,22.753647,1.069283,3.14875,5.91,5.93,6.12,6.22,6.55,7.59,8.62,2015-06-26,-
2018-09-19,2772,众兴菌业,农牧饲渔,5.99,6.07,5.96,6.04,5.96,3879325,27428140.0,1.526732,0.71,1.85,否,1.34,3.248,2.896,0.835,-5.625,否,373329864,254093385,2646908735.76,1801522099.65,22.915255,1.076878,3.171114,5.95,5.94,6.11,6.21,6.54,7.56,8.6,2015-06-26,-
2018-09-20,2772,众兴菌业,农牧饲渔,6.03,6.04,5.98,5.99,5.98,2021315,14253067.5,0.7955,-0.846,0.99,否,0.62,0.672,2.393,-0.167,-5.669,否,373330034,254093555,2624510139.02,1786277691.65,22.721342,1.067765,3.14428,5.97,5.94,6.09,6.19,6.53,7.53,8.58,2015-06-26,-
2018-09-21,2772,众兴菌业,农牧饲渔,6.0,6.07,5.98,6.05,5.98,3225370,22838954.75,1.269363,0.996,1.56,否,0.98,0.833,2.716,0.0,-2.733,否,373330119,254093640,2650643844.9,1804064844.0,22.947591,1.078397,3.175589,6.01,5.94,6.07,6.18,6.52,7.51,8.56,2015-06-26,-
2018-09-25,2772,众兴菌业,农牧饲渔,6.01,6.07,5.99,6.05,5.99,2012790,14284800.8,0.792145,0.0,1.41,否,0.56,0.166,3.419,3.242,-3.816,否,373330119,254093640,2650643844.9,1804064844.0,22.947591,1.078397,3.175589,6.03,5.95,6.05,6.16,6.5,7.48,8.53,2015-06-26,-
2018-09-26,2772,众兴菌业,农牧饲渔,6.05,6.12,6.03,6.04,6.03,2902146,20677306.26,1.142156,-0.141,1.55,否,1.01,0.835,1.513,2.896,-4.127,否,373330119,254093640,2646910543.71,1801523907.6,22.915271,1.076878,3.171116,6.03,5.97,6.03,6.14,6.48,7.46,8.51,2015-06-26,-
2018-09-27,2772,众兴菌业,农牧饲渔,6.05,6.17,6.01,6.04,6.01,4165736,29734983.87,1.639447,0.0,2.54,否,1.48,-0.165,0.667,3.248,-4.882,否,373330374,254093895,2646912351.66,1801525715.55,22.915286,1.076879,3.171119,6.03,5.99,6.01,6.13,6.47,7.43,8.49,2015-06-26,-
2018-09-28,2772,众兴菌业,农牧饲渔,6.05,6.07,5.99,6.06,5.99,2189401,15514639.24,0.86165,0.282,1.41,否,0.76,0.165,0.331,2.886,-3.962,否,373330374,254093895,2654378959.14,1806607593.45,22.979928,1.079917,3.180064,6.05,6.01,6.0,6.12,6.46,7.4,8.47,2015-06-26,-
2018-10-08,2772,众兴菌业,农牧饲渔,6.04,6.17,5.98,6.0,5.98,3918506,27851807.63,1.542148,-0.985,3.09,否,1.35,-0.662,0.167,2.564,-5.66,否,373330459,254093980,2628246431.36,1788821619.2,22.753689,1.069285,3.148756,6.04,6.02,5.99,6.11,6.45,7.38,8.45,2015-06-26,-
2018-10-09,2772,众兴菌业,农牧饲渔,5.99,6.05,5.93,5.97,5.93,2599221,18230502.82,1.022937,-0.426,1.99,否,0.86,-1.159,-1.322,0.336,-8.855,否,373330459,254093980,2617046517.59,1781198799.8,22.656727,1.064728,3.135338,6.02,6.02,5.99,6.1,6.42,7.35,8.43,2015-06-26,-
2018-10-10,2772,众兴菌业,农牧饲渔,5.96,6.0,5.92,5.98,5.92,1385981,9704391.61,0.545459,0.143,1.43,否,0.44,-1.32,-1.157,-0.333,-7.573,否,373330714,254094235,2620781612.28,1783741529.7,22.689063,1.066248,3.139813,6.01,6.02,5.98,6.09,6.4,7.33,8.41,2015-06-26,-
2018-10-11,2772,众兴菌业,农牧饲渔,5.88,5.88,5.38,5.43,5.38,4296961,28328675.0,1.69109,-9.117,8.26,否,1.51,-9.5,-10.099,-10.099,-15.289,否,373330714,254094235,2381849955.32,1621121219.3,20.620544,0.96904,2.853562,5.89,5.96,5.95,6.06,6.36,7.3,8.39,2015-06-26,-
2018-10-12,2772,众兴菌业,农牧饲渔,5.44,5.54,5.16,5.37,5.16,2733866,17098307.04,1.075924,-1.254,6.9,否,0.95,-10.05,-11.093,-10.351,-14.08,否,373331228,254094749,2351986736.4,1600796918.7,20.362008,0.956891,2.817785,5.75,5.9,5.92,6.03,6.33,7.28,8.37,2015-06-26,-
2018-10-15,2772,众兴菌业,农牧饲渔,5.39,5.43,5.29,5.29,5.29,1263431,7959423.02,0.497228,-1.429,2.54,否,0.42,-11.538,-12.706,-12.562,-13.562,否,373331228,254094749,2318386925.88,1577928391.29,20.071122,0.943221,2.777531,5.61,5.82,5.88,5.99,6.3,7.25,8.35,2015-06-26,-
2018-10-16,2772,众兴菌业,农牧饲渔,5.29,5.35,5.2,5.21,5.2,1350714,8341320.64,0.531579,-1.449,2.9,否,0.55,-4.052,-13.167,-13.884,-14.869,否,373331228,254094749,2284787115.36,1555059863.88,19.780236,0.929551,2.737276,5.46,5.74,5.85,5.95,6.27,7.22,8.33,2015-06-26,-
2018-10-17,2772,众兴菌业,农牧饲渔,5.24,5.71,5.2,5.41,5.2,3946042,24949752.24,1.552981,3.758,9.64,否,1.79,0.745,-9.38,-10.43,-12.318,否,373331228,254094749,2370653297.8,1613501656.15,20.523611,0.964485,2.840148,5.34,5.68,5.82,5.91,6.24,7.2,8.3,2015-06-26,-
2018-10-18,2772,众兴菌业,农牧饲渔,5.38,5.43,5.25,5.26,5.25,1841809,11550812.83,0.724851,-2.677,3.31,否,0.68,-0.567,-12.04,-12.914,-12.187,否,373331313,254094834,2307187514.34,1570306074.12,19.974164,0.938664,2.764113,5.31,5.6,5.79,5.87,6.21,7.17,8.28,2015-06-26,-
2018-10-19,2772,众兴菌业,农牧饲渔,5.24,5.6,5.21,5.55,5.21,7514518,48063330.69,2.957367,5.502,7.28,否,3.37,6.526,2.21,-8.416,-7.5,否,373331313,254094834,2434120160.76,1656698317.68,21.073067,0.990306,2.916184,5.34,5.55,5.78,5.85,6.19,7.15,8.26,2015-06-26,-
2018-10-22,2772,众兴菌业,农牧饲渔,5.53,5.77,5.52,5.7,5.52,6118756,40613257.71,2.40806,2.607,4.6,否,1.92,5.36,6.145,-5.0,-5.785,否,373331313,254094834,2497586483.97,1699894439.46,21.622518,1.016127,2.99222,5.43,5.52,5.77,5.83,6.17,7.13,8.24,2015-06-26,-
2018-10-23,2772,众兴菌业,农牧饲渔,5.63,5.7,5.57,5.58,5.57,3177080,20957684.4,1.250352,-2.093,2.24,否,0.76,6.084,5.482,-6.533,-4.778,否,373331313,254094834,2445320100.15,1664321162.7,21.170029,0.994863,2.929602,5.5,5.48,5.75,5.82,6.15,7.11,8.21,2015-06-26,-
2018-10-24,2772,众兴菌业,农牧饲渔,5.53,5.64,5.53,5.55,5.53,1772829,11618950.6,0.697704,-0.458,1.98,否,0.39,0.0,6.526,-7.191,-5.451,否,373331313,254094834,2434120160.76,1656698317.68,21.073067,0.990306,2.916184,5.53,5.44,5.73,5.8,6.13,7.09,8.19,2015-06-26,-
2018-10-25,2772,众兴菌业,农牧饲渔,5.41,5.49,5.38,5.47,5.38,2269880,14462877.4,0.89332,-1.534,1.99,否,0.56,-4.035,1.109,0.737,-6.496,否,373331313,254094834,2396787029.46,1631288834.28,20.74986,0.975117,2.871457,5.57,5.44,5.7,5.78,6.1,7.07,8.17,2015-06-26,-
2018-10-26,2772,众兴菌业,农牧饲渔,5.52,5.57,5.46,5.5,5.46,1686527,10917431.34,0.663739,0.623,2.02,否,0.4,-1.434,4.563,2.421,-6.621,否,373331313,254094834,2411720281.98,1641452627.64,20.879143,0.981193,2.889348,5.56,5.45,5.68,5.76,6.08,7.04,8.15,2015-06-26,-
2018-10-29,2772,众兴菌业,农牧饲渔,5.52,5.6,5.49,5.5,5.49,2031136,13223025.36,0.799361,0.0,2.01,否,0.68,-0.901,-0.901,3.97,-5.983,否,373331313,254094834,2411720281.98,1641452627.64,16.834404,0.954126,2.650207,5.52,5.47,5.65,5.74,6.06,7.02,8.13,2015-06-26,-
2018-10-30,2772,众兴菌业,农牧饲渔,5.49,5.65,5.47,5.62,5.47,2627845,17222014.1,1.034199,2.167,3.25,否,1.2,2.742,-1.404,7.869,-5.546,否,373331313,254094834,2463986665.8,1677025904.4,17.199236,0.974803,2.707642,5.53,5.51,5.63,5.74,6.04,7.0,8.11,2015-06-26,-
2018-10-31,2772,众兴菌业,农牧饲渔,5.62,5.74,5.6,5.69,5.6,3017328,20147553.2,1.187481,1.212,2.58,否,1.45,3.455,1.971,5.176,-5.167,否,373331313,254094834,2493853170.84,1697353491.12,17.407712,0.986619,2.740462,5.56,5.54,5.61,5.73,6.02,6.97,8.09,2015-06-26,-
2018-11-01,2772,众兴菌业,农牧饲渔,5.73,5.81,5.66,5.67,5.66,2450908,16510885.46,0.964564,-0.299,2.54,否,1.05,3.091,2.162,7.795,-6.126,否,373331313,254094834,2486386544.58,1692271594.44,17.355593,0.983665,2.732257,5.6,5.58,5.59,5.72,6.0,6.95,8.07,2015-06-26,-
2018-11-02,2772,众兴菌业,农牧饲渔,5.77,5.81,5.72,5.78,5.72,3219946,21778746.68,1.267222,1.952,1.65,否,1.36,2.847,5.667,4.144,-3.506,否,373331313,254094834,2534919615.27,1725303922.86,17.694365,1.002866,2.785589,5.65,5.61,5.58,5.72,5.99,6.92,8.05,2015-06-26,-
2018-11-05,2772,众兴菌业,农牧饲渔,5.75,5.83,5.72,5.77,5.72,2893751,19584228.97,1.138847,-0.147,1.91,否,1.08,1.406,4.909,1.228,-4.628,否,373331313,254094834,2531186302.14,1722762974.52,17.668306,1.001389,2.781486,5.71,5.61,5.57,5.72,5.98,6.9,8.03,2015-06-26,-
2018-11-06,2772,众兴菌业,农牧饲渔,5.77,5.77,5.67,5.73,5.67,1794426,12056716.63,0.706203,-0.737,1.77,否,0.63,1.058,4.182,2.688,-5.289,否,373331313,254094834,2512519736.49,1710058232.82,17.538009,0.994004,2.760974,5.73,5.63,5.55,5.71,5.97,6.87,8.01,2015-06-26,-
2018-11-07,2772,众兴菌业,农牧饲渔,5.73,5.83,5.72,5.74,5.72,2853185,19387586.59,1.122882,0.149,2.08,否,1.07,-0.692,2.135,3.423,-4.967,否,373331313,254094834,2516253049.62,1712599181.16,17.564068,0.995481,2.765077,5.74,5.65,5.54,5.7,5.96,6.85,7.99,2015-06-26,-
2018-11-08,2772,众兴菌业,农牧饲渔,5.77,5.88,5.77,5.79,5.77,2832013,19347849.53,1.11455,0.89,1.93,否,1.07,0.347,1.757,5.85,-4.139,否,373331313,254094834,2538652928.4,1727844871.2,17.720425,1.004343,2.789691,5.76,5.68,5.56,5.69,5.95,6.83,7.97,2015-06-26,-
2018-11-09,2772,众兴菌业,农牧饲渔,5.75,5.81,5.72,5.73,5.72,2079388,14077686.14,0.818351,-1.029,1.47,否,0.76,0.0,1.058,4.182,-5.446,否,373331313,254094834,2512519736.49,1710058232.82,17.538009,0.994004,2.760974,5.75,5.7,5.58,5.68,5.94,6.8,7.95,2015-06-26,-
2018-11-12,2772,众兴菌业,农牧饲渔,5.79,5.97,5.79,5.95,5.79,4452991,30837381.96,1.752492,3.715,3.12,否,1.79,3.659,2.941,8.182,-0.833,否,373331313,254094834,2605852564.74,1773581941.32,18.189495,1.030928,2.863536,5.79,5.75,5.61,5.68,5.93,6.78,7.93,2015-06-26,-
2018-11-13,2772,众兴菌业,农牧饲渔,5.89,6.08,5.86,6.05,5.86,4749460,33512983.63,1.869168,1.719,3.72,否,1.69,4.491,4.853,7.651,1.34,否,373331313,254094834,2650652322.3,1804073321.4,18.502208,1.048652,2.912766,5.85,5.79,5.65,5.68,5.92,6.75,7.91,2015-06-26,-
2018-11-14,2772,众兴菌业,农牧饲渔,6.02,6.13,5.99,6.07,5.99,3486368,24789450.24,1.372074,0.423,2.39,否,1.03,5.934,5.934,6.678,1.505,否,373331313,254094834,2661852261.69,1811696166.42,18.580387,1.053083,2.925074,5.92,5.83,5.69,5.68,5.91,6.72,7.89,2015-06-26,-
2018-11-15,2772,众兴菌业,农牧饲渔,6.08,6.1,6.03,6.07,6.03,2959002,21066630.35,1.164527,0.0,1.12,否,0.84,2.017,5.749,7.055,11.786,否,373331313,254094834,2661852261.69,1811696166.42,18.580387,1.053083,2.925074,5.97,5.87,5.73,5.68,5.9,6.7,7.88,2015-06-26,-
2018-11-16,2772,众兴菌业,农牧饲渔,6.07,6.18,6.04,6.11,6.04,4455387,31957879.97,1.753435,0.561,2.24,否,1.26,0.992,5.527,5.709,13.78,否,373331313,254094834,2676785514.21,1821859959.78,18.684624,1.058991,2.941483,6.05,5.9,5.75,5.68,5.9,6.67,7.86,2015-06-26,-
2018-11-19,2772,众兴菌业,农牧饲渔,6.11,6.16,6.01,6.08,6.01,2912051,20727599.82,1.146049,-0.418,2.37,否,0.72,0.165,6.108,5.373,14.934,否,373331313,254094834,2665585574.82,1814237114.76,18.606446,1.05456,2.929176,6.08,5.93,5.77,5.69,5.9,6.65,7.84,2015-06-26,-
2018-11-20,2772,众兴菌业,农牧饲渔,6.06,6.18,5.97,5.97,5.97,3970490,28377370.58,1.562602,-1.821,3.5,否,1.07,-1.647,0.336,4.188,14.587,否,373331313,254094834,2617052504.13,1781204786.34,18.267673,1.035359,2.875844,6.06,5.96,5.79,5.69,5.89,6.63,7.82,2015-06-26,-
2018-11-21,2772,众兴菌业,农牧饲渔,5.93,6.03,5.9,6.01,5.9,2955836,20767939.36,1.163281,0.713,2.14,否,0.83,-1.637,-0.661,4.704,11.091,否,373331313,254094834,2635719069.78,1793909528.04,18.397971,1.042744,2.896356,6.05,5.98,5.82,5.69,5.89,6.6,7.8,2015-06-26,-
2018-11-22,2772,众兴菌业,农牧饲渔,6.06,6.08,6.01,6.06,6.01,1913100,13585354.0,0.752908,0.85,1.13,否,0.55,-0.329,-0.165,4.663,15.209,否,373331313,254094834,2658118948.56,1809155218.08,18.554327,1.051606,2.920971,6.05,6.01,5.84,5.71,5.88,6.58,7.79,2015-06-26,-
2018-11-23,2772,众兴菌业,农牧饲渔,6.06,6.08,5.73,5.75,5.73,4105140,28324956.02,1.615594,-5.197,5.76,否,1.27,-3.685,-5.272,0.349,3.604,否,373331313,254094834,2519986362.75,1715140129.5,17.590128,0.996958,2.769179,5.97,6.01,5.86,5.72,5.87,6.55,7.77,2015-06-26,-
2018-11-26,2772,众兴菌业,农牧饲渔,5.75,6.0,5.73,5.94,5.73,5637647,39120428.53,2.218718,3.259,4.74,否,1.78,-1.165,-2.782,-0.168,4.211,否,373331313,254094834,2602119251.61,1771040992.98,18.163436,1.029451,2.859434,5.95,6.01,5.88,5.74,5.87,6.53,7.75,2015-06-26,-
2018-11-27,2772,众兴菌业,农牧饲渔,5.95,6.0,5.91,5.92,5.91,2220372,15527895.51,0.873836,-0.287,1.58,否,0.6,-2.31,-2.632,-2.149,6.093,否,373331313,254094834,2594652625.35,1765959096.3,18.111317,1.026497,2.851229,5.94,6.0,5.89,5.77,5.86,6.5,7.73,2015-06-26,-
2018-11-28,2772,众兴菌业,农牧饲渔,5.94,6.09,5.79,6.08,5.79,3562041,25128146.84,1.401855,2.734,5.04,否,1.06,5.739,1.843,0.165,9.55,否,373331313,254094834,2665585574.82,1814237114.76,18.606446,1.05456,2.929176,5.95,6.0,5.91,5.79,5.85,6.47,7.72,2015-06-26,-
2018-11-29,2772,众兴菌业,农牧饲渔,6.12,6.14,5.92,5.94,5.92,3293955,23444296.47,1.296349,-2.381,3.64,否,0.94,0.0,-1.165,-2.142,8.592,否,373331313,254094834,2602119251.61,1771040992.98,18.163436,1.029451,2.859434,5.93,5.99,5.93,5.81,5.84,6.44,7.7,2015-06-26,-
2018-11-30,2772,众兴菌业,农牧饲渔,5.95,6.08,5.92,6.06,5.92,2953274,20841363.2,1.162272,2.009,2.73,否,0.78,2.365,0.0,-0.818,10.182,否,373331313,254094834,2654385635.43,1806614269.74,18.528268,1.050129,2.916869,5.99,5.98,5.94,5.83,5.84,6.41,7.68,2015-06-26,-
2018-12-03,2772,众兴菌业,农牧饲渔,6.22,6.22,6.06,6.12,6.06,4244746,30575148.87,1.670536,1.125,2.53,否,1.2,0.658,6.435,0.658,11.273,否,373331313,254094834,2684252140.47,1826941856.46,18.736743,1.061945,2.949688,6.02,5.99,5.96,5.84,5.84,6.38,7.67,2015-06-26,-
2018-12-04,2772,众兴菌业,农牧饲渔,6.14,6.14,6.06,6.12,6.06,2667207,19123934.83,1.04969,0.0,1.25,否,0.82,3.03,3.03,2.513,8.897,否,373331313,254094834,2684252140.47,1826941856.46,18.736743,1.061945,2.949688,6.06,6.0,5.98,5.86,5.84,6.36,7.65,2015-06-26,-
2018-12-05,2772,众兴菌业,农牧饲渔,6.0,6.12,6.0,6.12,6.0,2298378,16405823.82,0.904536,-0.139,2.09,否,0.69,0.99,3.378,1.83,7.557,否,373331313,254094834,2680518827.34,1824400908.12,18.710684,1.060468,2.945586,6.07,6.01,6.0,5.88,5.84,6.33,7.64,2015-06-26,-
2018-12-06,2772,众兴菌业,农牧饲渔,6.07,6.15,6.07,6.12,6.07,3438549,24663916.99,1.353254,0.139,1.25,否,1.11,0.0,0.658,0.99,7.937,否,373331313,254094834,2684252140.47,1826941856.46,18.736743,1.061945,2.949688,6.11,6.02,6.01,5.9,5.84,6.31,7.62,2015-06-26,-
2018-12-07,2772,众兴菌业,农牧饲渔,6.14,6.14,6.03,6.06,6.03,2912731,20821276.36,1.146316,-0.974,1.81,否,0.93,-0.98,2.02,5.391,4.844,否,373331313,254094834,2658118948.56,1809155218.08,18.554327,1.051606,2.920971,6.11,6.05,6.03,5.92,5.84,6.29,7.6,2015-06-26,-
2018-12-10,2772,众兴菌业,农牧饲渔,6.03,6.14,6.03,6.09,6.03,4478475,32145315.38,1.762521,0.421,1.83,否,1.44,-0.49,0.495,2.525,5.546,否,373331313,254094834,2669318887.95,1816778063.1,18.632506,1.056037,2.933278,6.1,6.06,6.04,5.94,5.84,6.27,7.59,2015-06-26,-
2018-12-11,2772,众兴菌业,农牧饲渔,6.11,6.15,5.95,5.98,5.95,3895822,27535677.57,1.533216,-1.818,3.36,否,1.23,-2.288,-2.288,1.014,4.363,否,373331313,254094834,2620785817.26,1783745734.68,18.293733,1.036836,2.879946,6.07,6.07,6.03,5.95,5.84,6.25,7.57,2015-06-26,-
2018-12-12,2772,众兴菌业,农牧饲渔,5.96,6.02,5.96,6.01,5.96,1860956,13094445.68,0.732386,0.57,1.0,否,0.55,-0.825,-1.797,-1.151,4.704,否,373331313,254094834,2635719069.78,1793909528.04,18.397971,1.042744,2.896356,6.05,6.06,6.03,5.96,5.85,6.23,7.56,2015-06-26,-
2018-12-13,2772,众兴菌业,农牧饲渔,6.03,6.03,5.93,5.99,5.93,3331162,23365567.43,1.310992,-0.425,1.7,否,1.0,-1.642,-2.124,0.842,3.454,否,373331313,254094834,2624519130.39,1786286683.02,18.319792,1.038313,2.884049,6.03,6.07,6.03,5.97,5.85,6.22,7.54,2015-06-26,-
2018-12-14,2772,众兴菌业,农牧饲渔,5.99,6.0,5.73,5.79,5.73,2778931,19206522.06,1.093659,-3.272,4.55,否,0.84,-3.177,-5.392,-4.455,1.047,否,373331313,254094834,2538652928.4,1727844871.2,17.720425,1.004343,2.789691,5.97,6.04,6.01,5.97,5.85,6.22,7.53,2015-06-26,-
2018-12-17,2772,众兴菌业,农牧饲渔,5.79,5.83,5.66,5.71,5.66,2684474,17971442.39,1.056485,-1.471,2.79,否,0.82,-4.992,-5.776,-6.699,-4.034,否,373331313,254094834,2501319797.1,1702435387.8,17.45983,0.989573,2.748667,5.9,6.0,5.99,5.97,5.84,6.21,7.52,2015-06-26,-
2018-12-18,2772,众兴菌业,农牧饲渔,5.69,5.76,5.6,5.69,5.6,2555102,17004684.81,1.00557,-0.299,2.69,否,0.88,-5.008,-6.568,-7.026,-5.95,否,373331313,254094834,2493853170.84,1697353491.12,17.407712,0.986619,2.740462,5.84,5.96,5.98,5.97,5.84,6.2,7.5,2015-06-26,-
2018-12-19,2772,众兴菌业,农牧饲渔,5.69,5.7,5.62,5.62,5.62,1835812,12172590.82,0.722491,-1.198,1.35,否,0.69,-2.936,-6.02,-8.17,-7.414,否,373331313,254094834,2463986665.8,1677025904.4,17.199236,0.974803,2.707642,5.76,5.91,5.96,5.97,5.83,6.19,7.48,2015-06-26,-
2018-12-20,2772,众兴菌业,农牧饲渔,5.62,5.64,5.56,5.6,5.56,1557093,10232889.49,0.6128,-0.303,1.36,否,0.59,-1.926,-6.822,-8.497,-7.743,否,373331313,254094834,2456520039.54,1671944007.72,17.147117,0.971849,2.699437,5.68,5.85,5.94,5.96,5.83,6.18,7.47,2015-06-26,-
2018-12-21,2772,众兴菌业,农牧饲渔,5.61,5.61,5.5,5.54,5.5,2170643,14163177.03,0.854265,-1.064,1.98,否,0.95,-2.636,-7.513,-8.581,-9.329,否,373331313,254094834,2430386847.63,1654157369.34,16.964701,0.961511,2.670719,5.63,5.8,5.93,5.95,5.82,6.18,7.45,2015-06-26,-
2018-12-24,2772,众兴菌业,农牧饲渔,5.54,5.65,5.53,5.64,5.53,1339397,8797646.88,0.527125,1.69,2.15,否,0.62,0.356,-2.591,-7.389,-7.237,否,373331313,254094834,2471453292.06,1682107801.08,17.251355,0.977757,2.715847,5.62,5.76,5.91,5.94,5.81,6.16,7.44,2015-06-26,-
2018-12-25,2772,众兴菌业,农牧饲渔,5.57,5.6,5.43,5.6,5.43,2554376,16539980.56,1.005285,-0.755,2.87,否,1.35,0.0,-1.926,-6.355,-6.198,否,373331313,254094834,2452786726.41,1669403059.38,17.121058,0.970372,2.695334,5.6,5.72,5.89,5.93,5.8,6.15,7.42,2015-06-26,-
2018-12-26,2772,众兴菌业,农牧饲渔,5.58,5.77,5.53,5.69,5.53,3661322,24364391.11,1.440927,1.674,4.26,否,1.94,2.708,0.0,-5.324,-5.324,否,373331313,254094834,2493853170.84,1697353491.12,17.407712,0.986619,2.740462,5.61,5.69,5.87,5.92,5.8,6.14,7.41,2015-06-26,-
2018-12-27,2772,众兴菌业,农牧饲渔,5.76,5.83,5.49,5.49,5.49,3306294,21880275.89,1.301205,-3.443,6.14,否,1.47,-2.66,-2.313,-8.347,-9.406,否,373331313,254094834,2407986968.85,1638911679.3,16.808344,0.952649,2.646104,5.59,5.64,5.85,5.9,5.79,6.13,7.39,2015-06-26,-
2018-12-28,2772,众兴菌业,农牧饲渔,5.5,5.58,5.37,5.51,5.37,2193384,14098070.73,0.863215,0.31,3.88,否,0.84,-1.607,-1.607,-4.836,-4.174,否,373331313,254094834,2415453595.11,1643993575.98,16.860463,0.955603,2.654309,5.59,5.61,5.82,5.88,5.78,6.12,7.37,2015-06-26,-
2019-01-02,2772,众兴菌业,农牧饲渔,5.52,5.57,5.49,5.51,5.49,1656285,10754939.28,0.651837,0.0,1.39,否,0.63,-3.163,-0.542,-3.503,-7.239,否,373333278,254327781,2415466308.66,1645500743.07,16.860463,0.955603,2.654309,5.56,5.59,5.79,5.86,5.77,6.11,7.36,2015-06-26,-
2019-01-03,2772,众兴菌业,农牧饲渔,5.51,5.6,5.49,5.49,5.49,1593645,10355439.12,0.626611,-0.309,2.16,否,0.6,0.0,-2.66,-3.515,-7.264,否,373333278,254327781,2407999643.1,1640414187.45,16.808433,0.952654,2.646118,5.54,5.57,5.76,5.84,5.76,6.09,7.34,2015-06-26,-
2019-01-04,2772,众兴菌业,农牧饲渔,5.48,5.66,5.44,5.63,5.44,1993058,13072869.36,0.783657,2.481,3.88,否,0.8,2.178,0.536,0.178,-7.401,否,373333278,254327781,2467732967.58,1681106632.41,17.225386,0.976285,2.711758,5.53,5.57,5.74,5.83,5.76,6.08,7.33,2015-06-26,-
2019-01-07,2772,众兴菌业,农牧饲渔,5.65,5.72,5.64,5.7,5.64,2094393,13985362.97,0.823501,1.21,1.51,否,0.97,3.448,0.176,1.786,-4.04,否,373333278,254327781,2497599629.82,1701452854.89,17.433863,0.988101,2.744579,5.57,5.58,5.72,5.82,5.76,6.06,7.32,2015-06-26,-
2019-01-08,2772,众兴菌业,农牧饲渔,5.68,5.72,5.67,5.69,5.67,1547756,10349323.34,0.608567,-0.149,0.75,否,0.81,3.643,3.643,2.708,-6.106,否,373333278,254327781,2493866297.04,1698909577.08,17.407803,0.986624,2.740476,5.6,5.6,5.7,5.82,5.77,6.05,7.3,2015-06-26,-
2019-01-09,2772,众兴菌业,农牧饲渔,5.7,5.77,5.67,5.7,5.67,2262813,15216791.28,0.889723,0.15,1.65,否,1.27,1.243,3.448,1.064,-6.863,否,373333278,254327781,2497599629.82,1701452854.89,17.433863,0.988101,2.744579,5.64,5.6,5.68,5.81,5.78,6.04,7.29,2015-06-26,-
2019-01-10,2772,众兴菌业,农牧饲渔,5.7,5.76,5.66,5.71,5.66,1579047,10609995.84,0.620871,0.149,1.64,否,0.83,0.175,3.63,1.964,-6.699,否,373333278,254327781,2501332962.6,1703996132.7,17.459922,0.989578,2.748681,5.69,5.61,5.67,5.8,5.78,6.02,7.27,2015-06-26,-
2019-01-11,2772,众兴菌业,农牧饲渔,5.72,5.75,5.69,5.73,5.69,1500787,10085452.33,0.5901,0.448,1.04,否,0.79,0.703,4.372,0.703,-6.373,否,373333278,254327781,2512532960.94,1711625966.13,17.538101,0.994009,2.760989,5.71,5.62,5.65,5.79,5.79,6.01,7.26,2015-06-26,-
2019-01-14,2772,众兴菌业,农牧饲渔,5.74,5.95,5.74,5.84,5.74,4047275,27842596.55,1.591362,1.932,3.57,否,2.25,2.456,3.73,6.375,-4.575,否,373333278,254327781,2561066287.08,1744688577.66,17.876876,1.01321,2.814321,5.73,5.65,5.64,5.79,5.8,6.0,7.25,2015-06-26,-
2019-01-15,2772,众兴菌业,农牧饲渔,5.85,5.85,5.77,5.83,5.77,2438626,16601803.64,0.958852,-0.146,1.46,否,1.11,2.102,2.281,5.808,-3.795,否,373333278,254327781,2557332954.3,1742145299.85,17.850816,1.011733,2.810219,5.76,5.68,5.65,5.78,5.8,6.0,7.23,2015-06-26,-
2019-01-16,2772,众兴菌业,农牧饲渔,5.83,5.88,5.77,5.78,5.77,2022617,13781875.11,0.79528,-0.876,1.9,否,0.85,0.873,1.582,4.9,-5.09,否,373333278,254327781,2534932957.62,1726885632.99,17.694459,1.002871,2.785604,5.78,5.71,5.65,5.77,5.8,5.99,7.22,2015-06-26,-
2019-01-17,2772,众兴菌业,农牧饲渔,5.78,5.83,5.72,5.76,5.72,1878592,12735307.32,0.73865,-0.442,1.77,否,0.81,-1.37,1.053,4.918,-3.679,否,373333278,254327781,2523732959.28,1719255799.56,17.61628,0.99844,2.773296,5.79,5.74,5.65,5.75,5.81,5.98,7.2,2015-06-26,-
2019-01-18,2772,众兴菌业,农牧饲渔,5.77,5.83,5.74,5.8,5.74,1272110,8626800.9,0.500185,0.74,1.48,否,0.54,-0.515,1.576,3.02,-3.494,否,373333278,254327781,2542399623.18,1731972188.61,17.746578,1.005825,2.793809,5.8,5.75,5.66,5.74,5.81,5.97,7.19,2015-06-26,-
2019-01-21,2772,众兴菌业,农牧饲渔,5.81,5.84,5.77,5.8,5.77,1592626,10852127.8,0.62621,0.0,1.17,否,0.68,0.346,1.222,1.754,-3.172,否,373333278,254327781,2542399623.18,1731972188.61,17.746578,1.005825,2.793809,5.79,5.76,5.67,5.73,5.82,5.96,7.18,2015-06-26,-
2019-01-22,2772,众兴菌业,农牧饲渔,5.8,5.83,5.75,5.77,5.75,1466199,9969403.53,0.5765,-0.587,1.32,否,0.8,0.174,-1.199,1.406,-0.345,否,373333278,254327781,2527466292.06,1721799077.37,17.642339,0.999917,2.777399,5.78,5.77,5.68,5.72,5.82,5.95,7.16,2015-06-26,-
2019-01-23,2772,众兴菌业,农牧饲渔,5.79,5.89,5.74,5.86,5.74,2307683,15810527.8,0.907366,1.625,2.66,否,1.4,1.034,0.515,2.807,2.627,否,373333278,254327781,2568532952.64,1749775133.28,17.928995,1.016164,2.822526,5.8,5.79,5.69,5.72,5.83,5.94,7.15,2015-06-26,-
2019-01-24,2772,众兴菌业,农牧饲渔,5.83,5.98,5.81,5.92,5.81,2858143,19812541.65,1.123803,1.017,2.91,否,1.68,2.069,2.422,3.678,4.042,否,373333278,254327781,2594666282.1,1767578077.95,18.111412,1.026503,2.851244,5.83,5.81,5.71,5.71,5.83,5.94,7.14,2015-06-26,-
2019-01-25,2772,众兴菌业,农牧饲渔,5.89,5.95,5.8,5.8,5.8,1868850,12859306.0,0.734819,-2.014,2.45,否,0.98,0.52,0.694,1.222,3.203,否,373333278,254327781,2542399623.18,1731972188.61,17.746578,1.005825,2.793809,5.83,5.82,5.72,5.71,5.83,5.93,7.12,2015-06-26,-
2019-01-28,2772,众兴菌业,农牧饲渔,5.82,5.9,5.66,5.67,5.66,1827200,12408835.0,0.718443,-2.203,4.11,否,0.91,-3.242,-2.241,-2.911,1.25,否,373333278,254327781,2486399631.48,1693823021.46,17.355684,0.98367,2.732271,5.8,5.8,5.73,5.7,5.83,5.92,7.11,2015-06-26,-
2019-01-29,2772,众兴菌业,农牧饲渔,5.72,5.77,5.54,5.72,5.54,1863255,12417402.95,0.73262,0.751,4.2,否,0.9,-3.378,-1.379,-1.887,3.249,否,373333278,254327781,2505066295.38,1706539410.51,17.485982,0.991055,2.752784,5.79,5.79,5.74,5.69,5.83,5.91,7.1,2015-06-26,-
2019-01-30,2772,众兴菌业,农牧饲渔,5.71,5.72,5.59,5.59,5.59,1292939,8557731.74,0.508375,-2.235,2.38,否,0.6,-3.621,-3.12,-3.287,-0.887,否,373333278,254327781,2449066303.68,1668390243.36,17.095088,0.9689,2.691246,5.74,5.77,5.74,5.69,5.83,5.91,7.09,2015-06-26,-
2019-01-31,2772,众兴菌业,农牧饲渔,5.6,5.62,5.47,5.51,5.47,1706925,11131997.2,0.671152,-1.372,2.74,否,0.88,-2.822,-5.973,-4.34,-1.607,否,373333278,254327781,2415466308.66,1645500743.07,16.860552,0.955608,2.654323,5.66,5.74,5.74,5.68,5.83,5.9,7.07,2015-06-26,-
2019-02-01,2772,众兴菌业,农牧饲渔,5.54,5.66,5.51,5.64,5.51,1270500,8367684.11,0.499552,2.318,2.78,否,0.74,-1.399,-4.73,-2.759,-0.879,否,373333278,254327781,2471466300.36,1683649910.22,17.251446,0.977762,2.715861,5.63,5.73,5.74,5.68,5.83,5.89,7.06,2015-06-26,-
2019-02-11,2772,众兴菌业,农牧饲渔,5.66,5.8,5.6,5.79,5.6,2010067,13523823.41,0.790345,2.719,3.63,否,1.26,3.578,-0.172,-0.172,5.464,否,373333278,254327781,2538666290.4,1729428910.8,17.720518,1.004348,2.789706,5.65,5.73,5.75,5.69,5.83,5.89,7.04,2015-06-26,-
2019-02-12,2772,众兴菌业,农牧饲渔,5.77,5.87,5.77,5.84,5.77,2390121,16358848.1,0.93978,0.882,1.76,否,1.47,5.989,2.998,1.213,5.989,否,373333278,254327781,2561066287.08,1744688577.66,17.876876,1.01321,2.814321,5.67,5.73,5.75,5.7,5.83,5.88,7.03,2015-06-26,-
2019-02-13,2772,众兴菌业,农牧饲渔,5.88,5.94,5.83,5.9,5.83,2912249,20190937.76,1.145077,1.02,1.75,否,1.68,4.61,3.147,0.683,7.078,否,373333278,254327781,2587199616.54,1762491522.33,18.059293,1.023549,2.843039,5.74,5.74,5.76,5.71,5.83,5.88,7.02,2015-06-26,-
2019-02-14,2772,众兴菌业,农牧饲渔,5.9,5.98,5.89,5.95,5.89,2803717,19549480.53,1.102403,0.722,1.59,否,1.36,2.763,6.44,0.507,8.379,否,373333278,254327781,2605866280.44,1775207911.38,18.189591,1.030934,2.863551,5.82,5.74,5.78,5.72,5.82,5.87,7.01,2015-06-26,-
2019-02-15,2772,众兴菌业,农牧饲渔,5.95,6.19,5.92,6.01,5.92,5703970,40526166.39,2.242763,1.146,4.58,否,2.5,2.911,9.074,3.621,6.75,否,373333278,254327781,2635732942.68,1795554133.86,18.398067,1.04275,2.896371,5.9,5.76,5.79,5.73,5.82,5.87,6.99,2015-06-26,-
2019-02-18,2772,众兴菌业,农牧饲渔,6.01,6.2,6.0,6.18,6.0,6077416,43447342.32,2.3896,2.833,3.26,否,1.92,4.746,9.574,8.995,8.421,否,373333278,254327781,2710399598.28,1846419690.06,18.919259,1.072289,2.978422,5.98,5.81,5.81,5.75,5.83,5.87,6.98,2015-06-26,-
2019-02-19,2772,众兴菌业,农牧饲渔,6.18,6.21,6.06,6.12,6.06,4362174,31355410.54,1.715178,-1.102,2.48,否,1.1,2.857,5.699,6.993,7.557,否,373333278,254327781,2680532936.04,1826073467.58,18.710782,1.060473,2.945601,6.03,5.85,5.82,5.77,5.83,5.86,6.97,2015-06-26,-
2019-02-20,2772,众兴菌业,农牧饲渔,6.22,6.35,6.12,6.16,6.12,5755088,41936889.97,2.262863,0.696,3.76,否,1.32,2.496,5.479,10.197,8.07,否,373333278,254327781,2699199599.94,1838789856.63,18.84108,1.067858,2.966114,6.08,5.91,5.84,5.8,5.83,5.86,6.97,2015-06-26,-
2019-02-21,2772,众兴菌业,农牧饲渔,6.13,6.23,6.06,6.12,6.06,4832942,34835920.91,1.900281,-0.692,2.9,否,0.98,-0.971,3.729,11.071,7.18,否,373333278,254327781,2680532936.04,1826073467.58,18.710782,1.060473,2.945601,6.12,5.97,5.86,5.82,5.83,5.86,6.96,2015-06-26,-
2019-02-22,2772,众兴菌业,农牧饲渔,6.09,6.2,6.08,6.18,6.08,3907670,28208594.05,1.53647,0.975,1.95,否,0.73,0.98,3.866,9.574,7.853,否,373333278,254327781,2706666265.5,1843876412.25,18.8932,1.070812,2.974319,6.15,6.03,5.88,5.84,5.83,5.86,6.95,2015-06-26,-
2019-02-25,2772,众兴菌业,农牧饲渔,6.19,6.42,6.19,6.41,6.19,7834104,58160978.2,3.080318,3.862,3.72,否,1.57,4.058,6.656,10.708,9.76,否,373333278,254327781,2811199583.34,1915088190.93,19.622868,1.112168,3.089189,6.2,6.09,5.91,5.86,5.84,5.86,6.95,2015-06-26,-
2019-02-26,2772,众兴菌业,农牧饲渔,6.41,6.54,6.33,6.41,6.33,7166350,54161206.19,2.817761,0.0,3.32,否,1.34,4.739,3.722,9.76,9.949,否,373333278,254327781,2811199583.34,1915088190.93,19.622868,1.112168,3.089189,6.26,6.14,5.94,5.88,5.85,5.86,6.94,2015-06-26,-
2019-02-27,2772,众兴菌业,农牧饲渔,6.38,6.46,6.29,6.32,6.29,5183386,38817407.22,2.038073,-1.461,2.79,否,0.88,2.265,3.268,7.119,9.343,否,373333278,254327781,2770132922.76,1887112135.02,19.336212,1.095921,3.044062,6.29,6.19,5.96,5.9,5.86,5.86,6.93,2015-06-26,-
2019-02-28,2772,众兴菌业,农牧饲渔,6.31,6.41,6.29,6.35,6.29,3841402,28650029.74,1.510414,0.539,1.75,否,0.66,-0.936,3.084,6.723,10.243,否,373336351,255762434,2785089178.46,1907987757.64,24.426764,1.101829,3.006228,6.33,6.23,5.98,5.93,5.86,5.86,6.93,2015-06-26,-
2019-03-01,2772,众兴菌业,农牧饲渔,6.36,6.49,6.35,6.46,6.35,6029620,45503424.65,2.370807,1.743,2.14,否,1.08,0.78,5.556,7.488,11.379,否,373336351,255762434,2833622904.09,1941236874.06,24.852431,1.12103,3.058616,6.39,6.27,6.02,5.95,5.87,5.86,6.92,2015-06-26,-
2019-03-04,2772,众兴菌业,农牧饲渔,6.49,6.6,6.43,6.46,6.43,8844627,67523415.89,3.477649,-0.132,2.64,否,1.47,2.215,4.531,4.531,11.379,否,373336351,255762434,2829889540.58,1938679249.72,24.819687,1.119553,3.054586,6.4,6.3,6.06,5.97,5.88,5.86,6.92,2015-06-26,-
2019-03-05,2772,众兴菌业,农牧饲渔,6.43,6.54,6.4,6.53,6.4,6656975,50574079.66,2.617479,1.187,2.24,否,1.07,2.835,1.872,6.699,13.172,否,373336351,255762434,2863489812.17,1961697868.78,25.11438,1.132846,3.090854,6.42,6.34,6.1,5.99,5.89,5.86,6.91,2015-06-26,-
2019-03-06,2772,众兴菌业,农牧饲渔,6.57,6.75,6.51,6.67,6.51,10047195,78065128.53,3.950491,2.086,3.65,否,1.64,3.251,4.056,8.279,13.823,否,373336351,255762434,2923223628.33,2002619858.22,25.638279,1.156477,3.155331,6.49,6.39,6.15,6.02,5.89,5.87,6.91,2015-06-26,-
2019-03-07,2772,众兴菌业,农牧饲渔,6.67,6.84,6.6,6.74,6.6,9865595,77569325.92,3.879087,1.022,3.58,否,1.39,4.334,6.646,10.131,13.851,否,373336351,255762434,2953090536.41,2023080852.94,25.900228,1.168293,3.187569,6.57,6.45,6.21,6.06,5.91,5.87,6.9,2015-06-26,-
2019-03-08,2772,众兴菌业,农牧饲渔,6.62,6.68,6.35,6.37,6.35,8824452,67855189.19,3.469716,-5.436,4.93,否,1.06,-2.45,0.315,3.074,9.828,否,373336351,255762434,2792555905.48,1913103006.32,24.492251,1.104783,3.014288,6.55,6.47,6.25,6.08,5.91,5.87,6.89,2015-06-26,-
2019-03-11,2772,众兴菌业,农牧饲渔,6.42,6.75,6.42,6.74,6.42,8955764,69826701.51,3.521347,5.749,5.21,否,1.01,1.049,4.334,5.148,18.871,否,373336351,255762434,2953090536.41,2023080852.94,25.900228,1.168293,3.187569,6.61,6.51,6.3,6.11,5.92,5.88,6.89,2015-06-26,-
2019-03-12,2772,众兴菌业,农牧饲渔,6.76,6.97,6.7,6.81,6.7,11122884,88977226.03,4.373444,1.138,3.92,否,1.25,1.039,5.418,6.24,19.056,否,373336351,255762434,2986690808.0,2046099472.0,26.194921,1.181586,3.223837,6.67,6.55,6.34,6.14,5.93,5.89,6.88,2015-06-26,-
2019-03-13,2772,众兴菌业,农牧饲渔,6.9,6.95,6.65,6.67,6.65,9287530,74198215.56,3.651795,-2.125,4.38,否,0.95,4.71,2.144,5.538,19.32,否,373336351,255762434,2923223628.33,2002619858.22,25.638279,1.156477,3.155331,6.67,6.58,6.38,6.17,5.94,5.89,6.88,2015-06-26,-
2019-03-14,2772,众兴菌业,农牧饲渔,6.6,6.7,6.38,6.48,6.38,6704299,51395140.21,2.636086,-2.81,4.85,否,0.7,-3.858,-2.849,2.047,17.604,否,373336351,255762434,2841089631.11,1946352122.74,24.917918,1.123984,3.066675,6.61,6.59,6.41,6.19,5.95,5.9,6.87,2015-06-26,-
2019-03-15,2772,众兴菌业,农牧饲渔,6.48,6.59,6.45,6.54,6.45,5508329,42259717.26,2.165839,0.92,2.23,否,0.61,-3.965,-2.967,1.238,15.957,否,373336351,255762434,2867223175.68,1964255493.12,25.147124,1.134323,3.094884,6.65,6.6,6.44,6.21,5.96,5.9,6.86,2015-06-26,-
2019-03-18,2772,众兴菌业,农牧饲渔,6.52,6.68,6.52,6.67,6.52,6185886,48031191.74,2.432249,1.953,2.47,否,0.74,0.0,4.71,3.251,15.199,否,373336351,255762434,2923223628.33,2002619858.22,25.638279,1.156477,3.155331,6.63,6.62,6.46,6.24,5.97,5.91,6.86,2015-06-26,-
2019-03-19,2772,众兴菌业,农牧饲渔,6.68,6.75,6.64,6.69,6.64,5056055,39647160.84,1.988007,0.383,1.66,否,0.65,3.241,-0.742,2.45,14.555,否,373336351,255762434,2934423718.86,2010292731.24,25.73651,1.160908,3.16742,6.61,6.64,6.49,6.28,5.99,5.92,6.85,2015-06-26,-
2019-03-20,2772,众兴菌业,农牧饲渔,6.67,6.78,6.63,6.73,6.63,7167782,56465835.12,2.818324,0.509,2.29,否,1.09,2.905,-1.175,0.9,14.068,否,373336351,255762434,2949357172.9,2020523228.6,25.867484,1.166816,3.183539,6.62,6.64,6.52,6.32,6.0,5.92,6.84,2015-06-26,-
2019-03-21,2772,众兴菌业,农牧饲渔,6.73,6.87,6.69,6.84,6.69,8434877,67307706.38,3.316538,1.646,2.66,否,1.38,2.549,2.549,1.484,14.958,否,373336351,255762434,2997890898.53,2053772345.02,26.293152,1.186017,3.235927,6.69,6.65,6.55,6.36,6.02,5.93,6.84,2015-06-26,-
2019-03-22,2772,众兴菌业,农牧饲渔,6.82,6.86,6.69,6.81,6.69,6765700,53738207.92,2.660228,-0.498,2.49,否,1.05,1.794,5.093,6.907,13.311,否,373336351,255762434,2982957444.49,2043541847.66,26.162177,1.180109,3.219808,6.75,6.7,6.59,6.4,6.04,5.94,6.83,2015-06-26,-
2019-03-25,2772,众兴菌业,农牧饲渔,6.76,6.9,6.69,6.76,6.69,6439953,51381448.5,2.532147,-0.626,3.13,否,0.96,0.446,3.364,0.297,9.385,否,373336351,255762434,2964290626.94,2030753725.96,25.998459,1.172724,3.199659,6.77,6.7,6.6,6.43,6.06,5.94,6.82,2015-06-26,-
2019-03-26,2772,众兴菌业,农牧饲渔,6.76,6.84,6.61,6.64,6.61,5653327,44579348.87,2.222851,-1.889,3.4,否,0.83,-2.924,-0.45,-2.496,8.497,否,367683682,255762434,2864255882.78,1992389360.86,25.507304,1.150569,3.139212,6.76,6.68,6.61,6.46,6.08,5.95,6.82,2015-06-26,-
2019-03-27,2772,众兴菌业,农牧饲渔,6.66,6.7,6.54,6.64,6.54,3754907,29131063.52,1.468123,0.0,2.44,否,0.54,-2.496,-0.747,-0.45,7.792,否,367683682,255762434,2864255882.78,1992389360.86,25.121306,1.133158,3.091706,6.74,6.68,6.63,6.48,6.1,5.95,6.81,2015-06-26,-
2019-03-28,2772,众兴菌业,农牧饲渔,6.69,7.05,6.67,6.88,6.67,13106101,106221708.25,5.124326,3.723,5.78,否,2.11,1.775,2.229,6.173,12.418,否,367683682,255762434,2970884150.56,2066560466.72,26.056502,1.175342,3.206802,6.75,6.72,6.66,6.51,6.12,5.96,6.8,2015-06-26,-
2019-03-29,2772,众兴菌业,农牧饲渔,6.77,6.79,6.47,6.76,6.47,13329057,104197429.92,5.211499,-1.733,4.58,否,1.87,1.807,-1.17,3.364,9.385,否,367683682,255762434,2919408435.08,2030753725.96,26.080345,1.199828,3.151239,6.74,6.74,6.67,6.54,6.13,5.97,6.8,2015-06-26,-
2019-04-01,2772,众兴菌业,农牧饲渔,6.73,7.04,6.7,7.03,6.7,14532000,117821248.48,5.681799,3.904,5.04,否,1.72,5.873,3.231,5.397,9.672,否,367685300,255764052,3033403725.0,2110053429.0,27.098715,1.246678,3.274286,6.79,6.78,6.7,6.57,6.16,5.98,6.79,2015-06-26,-
2019-04-02,2772,众兴菌业,农牧饲渔,7.1,7.55,6.94,7.3,6.94,19993285,168876405.43,7.817082,3.879,8.61,否,1.98,6.105,7.988,9.118,13.885,否,367685300,255764052,3151063021.0,2191897925.64,28.149817,1.295034,3.401289,6.92,6.84,6.74,6.61,6.19,5.99,6.79,2015-06-26,-
2019-04-03,2772,众兴菌业,农牧饲渔,7.2,7.35,7.11,7.33,7.11,12900181,109350927.31,5.043782,0.467,3.27,否,1.0,8.432,10.392,8.915,15.981,否,367685300,255764052,3165770433.0,2202128487.72,28.281204,1.301079,3.417164,7.06,6.9,6.77,6.64,6.22,6.0,6.78,2015-06-26,-
2019-04-04,2772,众兴菌业,农牧饲渔,7.3,7.33,7.15,7.2,7.15,9458935,80187804.52,3.698305,-1.858,2.56,否,0.64,2.418,8.434,5.263,13.386,否,367685300,255764052,3106940785.0,2161206239.4,27.755653,1.276901,3.353663,7.12,6.94,6.79,6.68,6.25,6.01,6.78,2015-06-26,-
2019-04-08,2772,众兴菌业,农牧饲渔,7.22,7.27,6.99,7.1,6.99,8376659,70199799.84,3.275151,-1.42,3.91,否,0.6,-2.74,3.198,4.258,9.907,否,367685300,255764052,3062818549.0,2130514553.16,27.36149,1.258767,3.306037,7.19,6.96,6.83,6.71,6.27,6.02,6.77,2015-06-26,-
2019-04-09,2772,众兴菌业,农牧饲渔,7.03,7.18,6.98,7.1,6.98,6384808,52990559.08,2.496366,0.12,2.88,否,0.49,-3.138,5.03,5.03,9.907,否,367685300,255764052,3066495402.0,2133072193.68,33.692511,1.22632,3.171754,7.21,7.0,6.85,6.73,6.3,6.03,6.76,2015-06-26,-
2019-04-10,2772,众兴菌业,农牧饲渔,7.04,7.13,6.98,7.07,6.98,5460252,45217087.65,2.134879,-0.48,2.04,否,0.48,-1.806,0.569,6.476,8.27,否,367685300,255764052,3051787990.0,2122841631.6,33.530916,1.220438,3.156541,7.16,7.04,6.86,6.76,6.32,6.04,6.75,2015-06-26,-
2019-04-11,2772,众兴菌业,农牧饲渔,7.09,7.15,7.04,7.04,7.04,5491407,45680237.36,2.14706,-0.482,1.69,否,0.64,-0.845,-3.562,6.024,5.547,否,367685300,255764052,3037080578.0,2112611069.52,33.369321,1.214557,3.141329,7.1,7.08,6.88,6.78,6.34,6.06,6.75,2015-06-26,-
2019-04-12,2772,众兴菌业,农牧饲渔,7.02,7.08,6.95,7.03,6.95,4058490,33348749.06,1.58681,-0.121,1.82,否,0.58,-0.986,-4.093,2.18,4.303,否,367685300,255764052,3033403725.0,2110053429.0,33.328923,1.213086,3.137526,7.07,7.1,6.91,6.8,6.36,6.07,6.74,2015-06-26,-
2019-04-15,2772,众兴菌业,农牧饲渔,7.07,7.14,7.04,7.07,7.04,6462271,53788247.1,2.526653,0.606,1.45,否,1.09,0.0,-1.806,4.586,10.989,否,367685300,255764052,3051787990.0,2122841631.6,33.530916,1.220438,3.156541,7.06,7.13,6.93,6.82,6.39,6.09,6.73,2015-06-26,-
2019-04-16,2772,众兴菌业,农牧饲渔,7.05,7.27,6.96,7.27,6.96,12027389,101376972.71,4.702533,2.892,4.46,否,2.16,3.267,2.394,3.414,7.864,否,367685300,255764052,3140032462.0,2184225004.08,34.500485,1.255728,3.247815,7.1,7.15,6.96,6.85,6.41,6.1,6.72,2015-06-26,-
2019-04-17,2772,众兴菌业,农牧饲渔,7.26,7.32,7.18,7.22,7.18,8328859,70846650.25,3.256462,-0.703,1.87,否,1.24,2.703,1.69,-1.096,6.021,否,367685300,255764052,3117971344.0,2168879160.96,34.258093,1.246906,3.224996,7.13,7.14,6.99,6.87,6.43,6.12,6.71,2015-06-26,-
2019-04-18,2772,众兴菌业,农牧饲渔,7.23,7.27,7.1,7.11,7.1,5658184,47615915.47,2.212267,-1.533,2.36,否,0.78,0.566,0.566,-3.001,6.597,否,367685300,255764052,3070172255.0,2135629834.2,33.73291,1.227791,3.175557,7.14,7.12,7.01,6.89,6.46,6.13,6.7,2015-06-26,-
2019-04-19,2772,众兴菌业,农牧饲渔,7.14,7.22,7.08,7.21,7.08,5138347,43174336.58,2.009018,1.437,2.04,否,0.7,-0.825,2.415,0.139,11.265,否,367685300,255764052,3114294491.0,2166321520.44,34.217694,1.245435,3.221193,7.18,7.12,7.03,6.9,6.48,6.14,6.7,2015-06-26,-
2019-04-22,2772,众兴菌业,农牧饲渔,7.21,7.28,7.13,7.14,7.13,6350663,53706344.15,2.483016,-1.063,2.13,否,0.84,-1.108,1.565,0.563,9.174,否,367685300,255764052,3081202814.0,2143302755.76,33.854106,1.232202,3.186966,7.19,7.13,7.05,6.93,6.5,6.16,6.69,2015-06-26,-
2019-04-23,2772,众兴菌业,农牧饲渔,7.15,7.21,6.98,6.98,6.98,5827978,48350270.47,2.278654,-2.267,3.22,否,0.78,-1.828,-1.273,-1.69,4.648,否,367685300,255764052,3011342607.0,2094707585.88,33.086531,1.204264,3.114708,7.13,7.11,7.06,6.94,6.52,6.17,6.68,2015-06-26,-
2019-04-24,2772,众兴菌业,农牧饲渔,6.98,7.16,6.94,7.16,6.94,6011621,49887149.64,2.350456,2.686,3.17,否,0.96,-0.693,-1.513,1.273,7.025,否,367685300,255764052,3092233373.0,2150975677.32,33.975302,1.236613,3.198375,7.12,7.12,7.08,6.95,6.55,6.18,6.68,2015-06-26,-
2019-04-25,2772,众兴菌业,农牧饲渔,7.12,7.23,6.76,6.81,6.76,8834810,72760694.04,3.454281,-4.875,6.54,否,1.52,-4.622,-5.679,-3.267,1.189,否,367685300,255764052,2941482400.0,2046112416.0,32.318955,1.176326,3.042449,7.06,7.1,7.09,6.95,6.56,6.19,6.67,2015-06-26,-
2019-04-26,2772,众兴菌业,农牧饲渔,6.75,6.87,6.7,6.82,6.7,4933196,39312754.32,1.928807,0.125,2.38,否,0.77,-2.292,-4.079,-2.987,-0.292,否,367685300,255764052,2945159253.0,2048670056.52,32.359354,1.177797,3.046252,6.98,7.08,7.09,6.97,6.58,6.2,6.67,2015-06-26,-
2019-04-29,2772,众兴菌业,农牧饲渔,6.81,6.81,6.48,6.5,6.48,6636008,51505198.69,2.594582,-4.744,4.87,否,1.04,-9.218,-9.847,-8.062,-4.552,否,367685300,255764052,2805438839.0,1951479716.76,30.824204,1.121921,2.901736,6.85,7.02,7.07,6.96,6.59,6.21,6.66,2015-06-26,-
2019-04-30,2772,众兴菌业,农牧饲渔,6.5,6.64,6.49,6.55,6.49,3592964,27694567.45,1.404796,0.786,2.23,否,0.56,-3.818,-8.263,-9.904,-3.107,否,367685300,255764052,2827499957.0,1966825559.88,31.066596,1.130744,2.924554,6.77,6.95,7.05,6.96,6.6,6.22,6.65,2015-06-26,-
2019-05-06,2772,众兴菌业,农牧饲渔,6.37,6.47,6.07,6.23,6.07,6385448,47011683.88,2.496617,-4.811,6.11,否,1.06,-8.651,-10.745,-13.712,-6.175,否,367685300,255764052,2691456396.0,1872192860.64,29.571844,1.076339,2.783841,6.58,6.85,7.0,6.94,6.61,6.22,6.64,2015-06-26,-
2019-05-07,2772,众兴菌业,农牧饲渔,6.26,6.5,6.24,6.49,6.24,6142762,46023515.8,2.40173,4.098,4.1,否,1.01,-0.154,-9.358,-8.72,-2.259,否,367685300,255764052,2801761986.0,1948922076.24,30.783805,1.120451,2.897933,6.52,6.79,6.96,6.94,6.63,6.23,6.64,2015-06-26,-
2019-05-08,2772,众兴菌业,农牧饲渔,6.37,7.14,6.32,7.14,6.32,11884054,98167948.56,4.646491,9.974,12.6,否,2.15,9.008,4.846,-0.971,3.779,是,367685300,255764052,3081202814.0,2143302755.76,33.854106,1.232202,3.186966,6.58,6.78,6.95,6.95,6.65,6.24,6.63,2015-06-26,-
2019-05-09,2772,众兴菌业,农牧饲渔,7.13,7.22,6.73,7.15,6.73,22400194,183851613.73,8.758148,0.119,6.92,否,3.23,14.767,4.839,0.14,5.769,否,367685300,255764052,3084879667.0,2145860396.28,33.894504,1.233672,3.190769,6.71,6.78,6.95,6.96,6.68,6.25,6.63,2015-06-26,-
2019-05-10,2772,众兴菌业,农牧饲渔,6.99,7.32,6.94,7.27,6.94,20832383,175479538.04,8.145157,1.669,5.36,否,2.07,12.018,11.846,4.155,3.414,否,367685300,255764052,3136355609.0,2181667363.56,34.460086,1.254258,3.244012,6.86,6.81,6.96,6.97,6.7,6.26,6.63,2015-06-26,-
2019-05-13,2772,众兴菌业,农牧饲渔,7.27,7.65,7.17,7.35,7.17,22237694,193043386.29,8.694546,1.172,6.57,否,1.64,2.941,12.214,2.654,0.685,否,367687257,255766009,3173141027.91,2207260657.67,34.864259,1.268969,3.28206,7.08,6.83,6.98,7.0,6.73,6.28,6.62,2015-06-26,-
2019-05-14,2772,众兴菌业,农牧饲渔,7.23,7.28,7.03,7.04,7.03,13383534,112315525.73,5.232726,-4.287,3.48,否,0.8,-1.538,13.002,3.377,-3.956,否,367687257,255766009,3037096742.82,2112627234.34,33.369499,1.214563,3.141346,7.19,6.85,6.98,7.01,6.75,6.29,6.62,2015-06-26,-
2019-05-15,2772,众兴菌业,农牧饲渔,7.09,7.65,7.09,7.51,7.09,25620180,222948765.92,10.017039,6.78,7.99,否,1.41,3.301,15.716,10.117,4.306,否,367687257,255766009,3243001606.74,2255856199.38,35.631838,1.296907,3.354318,7.26,6.92,7.0,7.03,6.77,6.3,6.61,2015-06-26,-
2019-05-16,2772,众兴菌业,农牧饲渔,7.43,7.8,7.39,7.51,7.39,23212582,206988712.54,9.07571,0.0,5.44,否,1.11,2.177,5.182,15.538,5.775,否,367687257,255766009,3243001606.74,2255856199.38,35.631838,1.296907,3.354318,7.34,7.02,7.02,7.06,6.8,6.31,6.61,2015-06-26,-
2019-05-17,2772,众兴菌业,农牧饲渔,7.55,8.08,7.45,7.79,7.45,31495770,287058687.25,12.314291,3.741,8.39,否,1.5,10.653,8.951,18.931,9.718,否,367687257,255766009,3364338401.55,2340258982.35,36.965002,1.34543,3.47982,7.44,7.15,7.05,7.08,6.82,6.33,6.61,2015-06-26,-
2019-05-20,2772,众兴菌业,农牧饲渔,7.67,7.73,7.09,7.4,7.09,18569878,160005781.84,7.260495,-5.027,8.31,否,0.8,-1.465,1.788,18.78,4.668,否,367687257,255766009,3195202263.33,2222606618.21,35.106652,1.277791,3.304878,7.45,7.27,7.06,7.09,6.85,6.34,6.6,2015-06-26,-
2019-05-21,2772,众兴菌业,农牧饲渔,7.32,7.96,7.28,7.84,7.28,21742973,197509907.75,8.501119,5.869,9.21,否,0.97,4.394,6.667,20.801,11.364,否,367687257,255766009,3382722764.4,2353047282.8,37.166996,1.352782,3.498835,7.61,7.4,7.09,7.1,6.87,6.35,6.6,2015-06-26,-
2019-05-22,2772,众兴菌业,农牧饲渔,7.77,7.9,7.5,7.66,7.5,16628923,148170358.61,6.501616,-2.308,5.05,否,0.69,-1.669,8.807,7.283,8.962,否,367687257,255766009,3268739714.73,2273759820.01,35.91463,1.3072,3.38094,7.64,7.45,7.12,7.12,6.9,6.36,6.59,2015-06-26,-
2019-05-23,2772,众兴菌业,农牧饲渔,7.52,7.52,6.89,7.08,6.89,18701081,156379747.42,7.311793,-7.537,8.21,否,0.84,-4.324,-5.726,-0.979,0.141,否,367687257,255766009,3022389252.54,2102396593.98,33.207903,1.208682,3.126133,7.55,7.45,7.11,7.12,6.91,6.37,6.59,2015-06-26,-
2019-05-24,2772,众兴菌业,农牧饲渔,6.97,7.15,6.8,6.84,6.8,9255681,74433222.05,3.618808,-3.406,4.87,否,0.43,-12.755,-8.921,-5.915,-5.915,否,367687257,255766009,2919436820.58,2030782111.46,32.076734,1.16751,3.019647,7.36,7.4,7.11,7.11,6.92,6.38,6.58,2015-06-26,-
2019-05-27,2772,众兴菌业,农牧饲渔,6.87,7.05,6.8,7.04,6.8,7431136,59830045.77,2.905443,2.897,3.65,否,0.44,-8.094,-9.628,-4.218,-2.493,否,367687257,255766009,3004004889.69,2089608293.53,33.005909,1.20133,3.107118,7.29,7.37,7.1,7.11,6.93,6.39,6.57,2015-06-26,-
2019-05-28,2772,众兴菌业,农牧饲渔,7.02,7.22,6.98,7.04,6.98,9333705,76978675.36,3.649314,0.0,3.43,否,0.63,-0.565,-4.865,0.0,-0.985,否,367687257,255766009,3004004889.69,2089608293.53,33.005909,1.20133,3.107118,7.13,7.37,7.11,7.11,6.94,6.4,6.57,2015-06-26,-
2019-05-29,2772,众兴菌业,农牧饲渔,6.98,7.2,6.97,7.19,6.97,9144127,75567430.64,3.575192,2.203,3.3,否,0.75,5.117,-8.291,-4.261,-0.277,否,367687257,255766009,3070188595.95,2135646175.15,33.733089,1.227797,3.175573,7.04,7.34,7.13,7.11,6.96,6.41,6.56,2015-06-26,-
2019-05-30,2772,众兴菌业,农牧饲渔,7.15,7.65,7.11,7.56,7.11,18060063,154845360.07,7.061166,5.15,7.43,否,1.68,7.386,-1.305,0.666,5.882,否,367687257,255766009,3228294116.46,2245625559.02,35.470242,1.291025,3.339106,7.13,7.34,7.18,7.13,6.98,6.42,6.55,2015-06-26,-
2019-05-31,2772,众兴菌业,农牧饲渔,7.47,7.53,7.29,7.36,7.29,11858106,102000006.09,4.63631,-2.62,3.19,否,1.11,4.545,3.955,-5.52,5.444,否,367687257,255766009,3143726047.35,2186799376.95,34.541067,1.257205,3.251635,7.24,7.3,7.22,7.13,6.99,6.43,6.54,2015-06-26,-
2019-06-03,2772,众兴菌业,农牧饲渔,7.36,7.72,7.28,7.66,7.28,19205800,169114950.11,7.509129,4.094,6.08,否,1.72,6.537,11.988,3.514,6.983,否,367687257,255766009,3272416587.3,2276317480.1,35.955029,1.30867,3.384743,7.36,7.33,7.3,7.15,7.01,6.45,6.54,2015-06-26,-
2019-06-04,2772,众兴菌业,农牧饲渔,7.51,7.58,6.97,7.04,6.97,15773221,132527199.81,6.167051,-8.09,7.87,否,1.17,-6.878,0.0,-10.204,3.377,否,367687257,255766009,3007681762.26,2092165953.62,33.046308,1.2028,3.110921,7.36,7.25,7.32,7.15,7.02,6.46,6.53,2015-06-26,-
2019-06-05,2772,众兴菌业,农牧饲渔,7.1,7.75,7.02,7.75,7.02,31398019,275964782.27,12.276072,10.024,10.39,否,2.12,5.299,10.085,1.175,13.636,是,367687257,255766009,3309185313.0,2301894081.0,36.359018,1.323374,3.422774,7.47,7.26,7.35,7.16,7.03,6.47,6.53,2015-06-26,-
2019-06-06,2772,众兴菌业,农牧饲渔,7.66,7.88,7.33,7.48,7.33,23565248,207320245.01,9.213596,-3.444,7.11,否,1.22,-2.35,4.033,5.65,15.077,否,367687257,255766009,3195202263.33,2222606618.21,35.106652,1.277791,3.304878,7.46,7.3,7.37,7.17,7.05,6.48,6.52,2015-06-26,-
2019-06-10,2772,众兴菌业,农牧饲渔,7.59,8.16,7.49,7.91,7.49,28359933,257717882.51,11.088234,5.754,8.98,否,1.39,12.358,4.63,15.643,20.763,否,367687257,255766009,3379045891.83,2350489622.71,37.126598,1.351312,3.495032,7.57,7.4,7.4,7.21,7.07,6.5,6.52,2015-06-26,-
2019-06-11,2772,众兴菌业,农牧饲渔,7.84,8.28,7.79,8.05,7.79,30745191,285403644.82,12.020828,1.741,6.09,否,1.3,3.871,9.375,14.347,29.213,否,367687257,255766009,3437875852.95,2391412184.15,37.77298,1.374839,3.555882,7.65,7.5,7.44,7.24,7.09,6.51,6.51,2015-06-26,-
2019-06-12,2772,众兴菌业,农牧饲渔,7.89,8.43,7.83,8.28,7.83,31866581,299844359.52,12.459271,2.888,7.49,否,1.23,10.695,8.094,17.614,27.581,否,367687257,255766009,3537151412.34,2460469006.58,38.863751,1.41454,3.658565,7.89,7.63,7.5,7.28,7.12,6.53,6.51,2015-06-26,-
2019-06-13,2772,众兴菌业,农牧饲渔,8.15,8.22,7.97,8.08,7.97,18826293,176410659.65,7.360749,-2.495,3.12,否,0.65,2.149,14.773,12.378,13.165,否,367687257,255766009,3448906470.66,2399085164.42,37.894177,1.37925,3.567291,7.96,7.72,7.53,7.33,7.15,6.55,6.5,2015-06-26,-
2019-06-14,2772,众兴菌业,农牧饲渔,8.07,8.13,7.78,7.82,7.78,14300702,131039099.2,5.591322,-3.198,4.37,否,0.54,-2.857,0.903,3.439,9.371,否,367687257,255766009,3338600293.56,2322355361.72,36.68221,1.335137,3.453198,8.03,7.74,7.54,7.37,7.17,6.56,6.5,2015-06-26,-
2019-06-17,2772,众兴菌业,农牧饲渔,7.86,7.95,7.59,7.9,7.59,9663331,87474141.76,3.778192,1.101,4.52,否,0.39,-4.589,5.615,7.337,8.666,否,367687257,255766009,3375369019.26,2347931962.62,37.086199,1.349842,3.491229,8.03,7.8,7.55,7.42,7.19,6.58,6.49,2015-06-26,-
2019-06-18,2772,众兴菌业,农牧饲渔,7.84,7.9,7.64,7.69,7.64,7821246,70457176.25,3.057969,-2.723,3.38,否,0.37,-4.827,-2.781,0.392,4.626,否,367687257,255766009,3283447205.01,2283990460.37,36.076226,1.313081,3.396152,7.95,7.8,7.56,7.46,7.2,6.59,6.48,2015-06-26,-
2019-06-19,2772,众兴菌业,农牧饲渔,7.78,7.88,7.7,7.73,7.7,9041148,81741966.38,3.534929,0.56,2.35,否,0.55,-1.151,-3.975,9.801,9.801,否,367687257,255766009,3301831567.86,2296778760.82,36.27822,1.320433,3.415168,7.84,7.87,7.56,7.51,7.22,6.61,6.48,2015-06-26,-
2019-06-20,2772,众兴菌业,农牧饲渔,7.75,7.79,7.54,7.72,7.54,9972874,88898524.88,3.899218,-0.111,3.23,否,0.84,-2.278,-6.763,-0.387,2.796,否,367687257,255766009,3298154695.29,2294221100.73,36.237822,1.318963,3.411365,7.77,7.87,7.56,7.52,7.24,6.63,6.47,2015-06-26,-
2019-06-21,2772,众兴菌业,农牧饲渔,7.76,8.02,7.71,7.95,7.71,13905511,127202711.52,5.43681,2.899,4.01,否,1.37,3.381,-1.609,6.283,5.859,否,367687257,255766009,3393753382.11,2360720263.07,37.288193,1.357194,3.510245,7.8,7.91,7.6,7.55,7.25,6.65,6.47,2015-06-26,-
2019-06-24,2772,众兴菌业,农牧饲渔,7.93,8.05,7.77,8.0,7.77,12382078,113585517.74,4.841174,0.65,3.58,否,1.23,3.493,2.302,1.138,2.696,否,367687257,255766009,3415814617.53,2376066223.61,37.530587,1.366016,3.533063,7.82,7.92,7.66,7.58,7.28,6.67,6.46,2015-06-26,-
2019-06-25,2772,众兴菌业,农牧饲渔,7.97,7.97,7.7,7.71,7.7,9926542,89862629.08,3.881103,-3.66,3.44,否,0.93,-0.13,-2.405,-4.224,4.189,否,367687257,255766009,3290800950.15,2289105780.55,36.157024,1.316022,3.403758,7.82,7.89,7.7,7.59,7.29,6.69,6.46,2015-06-26,-
2019-06-26,2772,众兴菌业,农牧饲渔,7.6,7.62,7.41,7.42,7.41,10267402,89217625.44,4.014373,-3.687,2.79,否,0.93,-6.667,-3.511,-10.386,-5.357,否,367687257,255766009,3169464155.34,2204702997.58,34.82386,1.267498,3.278257,7.76,7.8,7.72,7.6,7.31,6.7,6.45,2015-06-26,-
2019-06-27,2772,众兴菌业,农牧饲渔,7.43,7.53,7.41,7.44,7.41,6039261,52338929.88,2.361245,0.232,1.74,否,0.53,-7.0,-3.752,-7.921,-2.872,否,367687257,255766009,3176817900.48,2209818317.76,34.904658,1.270439,3.285863,7.7,7.74,7.73,7.6,7.32,6.72,6.45,2015-06-26,-
2019-06-28,2772,众兴菌业,农牧饲渔,7.46,7.48,7.32,7.35,7.32,5023877,43071822.99,1.964247,-1.157,2.2,否,0.48,-4.669,-4.793,-6.01,3.814,否,367688204,255766956,3140057262.16,2184249804.24,34.500668,1.255735,3.247832,7.58,7.69,7.72,7.59,7.33,6.73,6.45,2015-06-26,-
2019-07-01,2772,众兴菌业,农牧饲渔,7.48,7.58,7.38,7.58,7.38,7230901,62920796.84,2.827155,3.044,2.69,否,0.83,2.156,-4.654,-4.051,10.819,否,367688204,255766956,3235656195.2,2250749212.8,35.55104,1.293966,3.346712,7.5,7.66,7.73,7.59,7.33,6.75,6.45,2015-06-26,-
2019-07-02,2772,众兴菌业,农牧饲渔,7.54,7.64,7.5,7.53,7.5,4913350,43148180.06,1.921026,-0.682,1.82,否,0.64,1.21,-5.875,-2.081,6.96,否,367688204,255766956,3213594902.96,2235403195.44,35.308738,1.285147,3.323902,7.46,7.64,7.72,7.59,7.34,6.76,6.45,2015-06-26,-
2019-07-03,2772,众兴菌业,农牧饲渔,7.53,7.69,7.37,7.66,7.37,8380162,73343498.09,3.276483,1.831,4.23,否,1.25,4.218,-0.649,-0.906,8.807,否,367688204,255766956,3272425015.6,2276325908.4,35.955122,1.308673,3.384752,7.51,7.64,7.75,7.58,7.34,6.78,6.46,2015-06-26,-
2019-07-04,2772,众兴菌业,农牧饲渔,7.62,7.64,7.47,7.53,7.47,4305709,37737419.85,1.68345,-1.798,2.13,否,0.68,-0.66,1.482,-2.461,4.729,否,367688204,255766956,3213594902.96,2235403195.44,35.308738,1.285147,3.323902,7.53,7.62,7.74,7.58,7.35,6.8,6.46,2015-06-26,-
2019-07-05,2772,众兴菌业,农牧饲渔,7.53,7.53,7.41,7.43,7.41,3583523,31026287.26,1.401089,-1.259,1.6,否,0.6,-1.328,-0.134,-6.541,-1.72,否,367688204,255766956,3173149200.52,2207268830.28,34.864348,1.268972,3.282068,7.55,7.57,7.74,7.59,7.35,6.81,6.47,2015-06-26,-
2019-07-08,2772,众兴菌业,农牧饲渔,7.42,7.43,6.95,7.05,6.95,8218459,68014293.04,3.213261,-5.099,6.49,否,1.45,-7.963,-4.082,-11.875,-4.212,否,367688204,255766956,3011366390.76,2094731369.64,33.086792,1.204274,3.114732,7.44,7.47,7.7,7.6,7.35,6.83,6.47,2015-06-26,-
2019-07-09,2772,众兴菌业,农牧饲渔,7.05,7.1,6.97,7.05,6.97,3394745,27799001.4,1.327281,0.0,1.83,否,0.58,-6.375,-6.992,-8.56,-7.963,否,367688204,255766956,3011366390.76,2094731369.64,33.086792,1.204274,3.114732,7.34,7.4,7.65,7.6,7.35,6.84,6.47,2015-06-26,-
2019-07-10,2772,众兴菌业,农牧饲渔,7.04,7.11,6.91,6.94,6.91,3217716,26210602.12,1.258066,-1.587,2.81,否,0.58,-6.595,-7.835,-6.469,-1.42,否,367688204,255766956,2963566924.24,2061481665.36,32.561605,1.185158,3.065292,7.2,7.36,7.58,7.6,7.35,6.85,6.47,2015-06-26,-
2019-07-11,2772,众兴菌业,农牧饲渔,6.97,7.05,6.89,6.91,6.89,2972926,24048366.4,1.162357,-0.496,2.36,否,0.65,-1.986,-9.791,-7.124,-10.839,否,367688204,255766956,2948859396.08,2051250987.12,32.400009,1.179276,3.05008,7.08,7.3,7.52,7.59,7.35,6.86,6.47,2015-06-26,-
2019-07-12,2772,众兴菌业,农牧饲渔,6.96,7.01,6.9,6.98,6.9,2777131,22487719.11,1.085805,1.122,1.62,否,0.65,-0.993,-7.304,-5.034,-6.684,否,367688204,255766956,2981951334.44,2074270013.16,32.7636,1.19251,3.084307,6.99,7.27,7.48,7.57,7.35,6.87,6.47,2015-06-26,-
2019-07-15,2772,众兴菌业,农牧饲渔,7.04,7.11,6.92,7.06,6.92,3653995,29778641.85,1.428642,1.11,2.71,否,0.89,1.729,-4.98,-6.86,-10.746,否,367688204,255766956,3015043272.8,2097289039.2,33.127191,1.205744,3.118535,6.99,7.21,7.44,7.56,7.34,6.88,6.47,2015-06-26,-
2019-07-16,2772,众兴菌业,农牧饲渔,7.07,7.1,7.01,7.04,7.01,2342519,19181881.38,0.91588,-0.366,1.34,否,0.73,1.881,-0.142,-6.507,-12.547,否,367688204,255766956,3004012626.68,2089616030.52,33.005994,1.201333,3.107126,6.99,7.17,7.4,7.54,7.34,6.89,6.47,2015-06-26,-
2019-07-17,2772,众兴菌业,农牧饲渔,7.02,7.22,7.02,7.13,7.02,4374291,36251794.34,1.710264,1.346,2.82,否,1.46,2.149,1.135,-6.919,-13.889,否,367688204,255766956,3044458329.12,2117750395.68,33.450383,1.217507,3.14896,7.02,7.11,7.37,7.54,7.34,6.9,6.47,2015-06-26,-
2019-07-18,2772,众兴菌业,农牧饲渔,7.11,7.21,7.06,7.08,7.06,3374264,27941283.64,1.319273,-0.725,2.05,否,1.05,0.283,2.017,-5.976,-12.376,否,367688204,255766956,3022397036.88,2102404378.32,33.207989,1.208685,3.126141,7.06,7.07,7.34,7.52,7.34,6.91,6.47,2015-06-26,-
2019-07-19,2772,众兴菌业,农牧饲渔,7.06,7.13,6.96,6.99,6.96,3494937,28645237.9,1.366454,-1.217,2.43,否,1.06,-0.71,1.158,-5.922,-10.614,否,367688204,255766956,2985628216.48,2076827682.72,32.803999,1.193981,3.088111,7.06,7.02,7.29,7.5,7.34,6.92,6.47,2015-06-26,-
2019-07-22,2772,众兴菌业,农牧饲渔,6.99,7.02,6.62,6.68,6.62,4760526,37329596.32,1.861275,-4.433,5.67,否,1.38,-6.311,-4.298,-5.248,-15.443,否,367688204,255766956,2853260463.04,1984751578.56,31.349634,1.141045,2.951199,6.98,6.99,7.23,7.46,7.33,6.93,6.47,2015-06-26,-
2019-07-23,2772,众兴菌业,农牧饲渔,6.76,6.79,6.65,6.77,6.65,2092442,16382997.02,0.818105,1.289,2.19,否,0.57,-4.379,-4.108,-3.972,-11.964,否,367688204,255766956,2890029283.44,2010328274.16,31.753624,1.15575,2.98923,6.93,6.96,7.18,7.42,7.33,6.94,6.46,2015-06-26,-
2019-07-24,2772,众兴菌业,农牧饲渔,6.8,6.89,6.72,6.8,6.72,2843559,22554260.96,1.111777,0.509,2.54,否,0.79,-2.718,-3.409,-2.017,-12.031,否,367688204,255766956,2904736811.6,2020558952.4,31.91522,1.161631,3.004443,6.86,6.94,7.15,7.37,7.33,6.94,6.46,2015-06-26,-
2019-07-25,2772,众兴菌业,农牧饲渔,6.8,6.87,6.78,6.85,6.78,2213411,17553396.12,0.865401,0.633,1.39,否,0.67,2.545,-3.927,-0.868,-11.269,否,367688204,255766956,2923121221.8,2033347300.2,32.117216,1.168983,3.023458,6.82,6.94,7.12,7.33,7.33,6.95,6.46,2015-06-26,-
2019-07-26,2772,众兴菌业,农牧饲渔,6.81,6.85,6.73,6.79,6.73,2037880,16043531.95,0.7968,-0.755,1.76,否,0.66,0.295,-4.096,-2.722,-14.591,否,367688204,255766956,2901059929.56,2018001282.84,31.874821,1.160161,3.000639,6.78,6.92,7.09,7.29,7.33,6.96,6.46,2015-06-26,-
2019-07-29,2772,众兴菌业,农牧饲渔,6.86,6.86,6.75,6.79,6.75,1806031,14249748.35,0.706124,-0.127,1.65,否,0.65,-0.147,-2.861,-3.824,-15.125,否,367688204,255766956,2897383047.52,2015443613.28,31.834422,1.158691,2.996836,6.8,6.89,7.05,7.26,7.34,6.97,6.46,2015-06-26,-
2019-07-30,2772,众兴菌业,农牧饲渔,6.76,6.85,6.76,6.81,6.76,2094233,16554389.55,0.8188,0.381,1.27,否,0.95,-0.584,1.946,-3.267,-11.673,否,367688204,255766956,2908413693.64,2023116621.96,31.955619,1.163102,3.008246,6.81,6.87,7.02,7.23,7.34,6.98,6.46,2015-06-26,-
2019-07-31,2772,众兴菌业,农牧饲渔,6.81,6.83,6.73,6.79,6.73,1646490,12947596.55,0.6437,-0.379,1.52,否,0.75,0.0,0.295,-4.769,-8.491,否,367688204,255766956,2897383047.52,2015443613.28,31.834422,1.158691,2.996836,6.81,6.84,6.97,7.19,7.35,6.99,6.46,2015-06-26,-
2019-08-01,2772,众兴菌业,农牧饲渔,6.69,6.84,6.69,6.72,6.69,1955052,15330907.9,0.7644,-1.015,2.16,否,1.0,-1.031,-1.176,-5.085,-9.677,否,367688204,255766956,2867967991.2,1994982256.8,31.51123,1.146927,2.966412,6.78,6.8,6.93,7.16,7.34,7.0,6.46,2015-06-26,-
2019-08-02,2772,众兴菌业,农牧饲渔,6.66,6.87,6.61,6.85,6.61,4726660,37300218.76,1.848,2.051,3.85,否,2.48,0.587,0.0,-2.003,-6.803,否,367688204,255766956,2926798103.84,2035904969.76,32.157615,1.170454,3.027261,6.79,6.79,6.9,7.12,7.34,7.01,6.46,2015-06-26,-
2019-08-05,2772,众兴菌业,农牧饲渔,6.85,6.85,6.68,6.73,6.68,3373266,26488660.16,1.3189,-1.884,2.51,否,1.38,-0.884,-0.884,0.749,-11.214,否,367688204,255766956,2871644873.24,1997539926.36,31.551629,1.148398,2.970215,6.78,6.79,6.89,7.08,7.33,7.02,6.46,2015-06-26,-
2019-08-06,2772,众兴菌业,农牧饲渔,6.58,6.7,6.21,6.42,6.21,5396949,40526243.59,2.1101,-4.481,7.3,否,1.96,-4.464,-5.449,-5.17,-14.741,否,367688204,255766956,2742954001.84,1908021491.76,30.137664,1.096933,2.837106,6.7,6.76,6.86,7.04,7.31,7.02,6.46,2015-06-26,-
2019-08-07,2772,众兴菌业,农牧饲渔,6.42,6.53,6.35,6.42,6.35,3691621,27684854.9,1.4434,-0.134,2.68,否,1.08,-6.277,-5.727,-5.588,-16.188,否,367688204,255766956,2739277119.8,1905463822.2,30.097265,1.095462,2.833303,6.63,6.72,6.83,7.01,7.3,7.02,6.45,2015-06-26,-
2019-08-08,2772,众兴菌业,农牧饲渔,6.43,6.48,6.38,6.4,6.38,2239392,16705647.73,0.8756,-0.269,1.61,否,0.58,-4.903,-5.744,-6.569,-15.007,否,367688204,255766956,2731923355.72,1900348483.08,30.016467,1.092522,2.825697,6.56,6.67,6.81,6.97,7.28,7.03,6.45,2015-06-26,-
2019-08-09,2772,众兴菌业,农牧饲渔,6.41,6.44,6.11,6.22,6.11,4677715,34000052.75,1.8289,-2.826,5.11,否,1.2,-3.115,-7.44,-8.395,-16.285,否,367688204,255766956,2654708832.88,1846637422.32,29.168088,1.061643,2.745832,6.44,6.62,6.77,6.93,7.26,7.03,6.45,2015-06-26,-
2019-08-12,2772,众兴菌业,农牧饲渔,6.29,6.37,6.18,6.36,6.18,2729274,19978730.03,1.0671,2.355,3.05,否,0.7,-0.935,-7.153,-6.333,-9.787,否,367688204,255766956,2717215827.56,1890117804.84,29.854871,1.08664,2.810485,6.36,6.57,6.73,6.89,7.24,7.03,6.45,2015-06-26,-
2019-08-13,2772,众兴菌业,农牧饲渔,6.33,6.4,6.29,6.29,6.29,2039190,14966611.7,0.7973,-1.083,1.76,否,0.54,-1.719,-6.538,-7.636,-10.78,否,367688204,255766956,2687800771.24,1869656448.36,29.531679,1.074877,2.78006,6.34,6.52,6.69,6.85,7.22,7.03,6.45,2015-06-26,-
2019-08-14,2772,众兴菌业,农牧饲渔,6.34,6.42,6.29,6.33,6.29,2096865,15489662.39,0.8198,0.547,1.92,否,0.68,1.768,-1.402,-6.775,-8.79,否,367688204,255766956,2702508299.4,1879887126.6,29.693275,1.080758,2.795272,6.32,6.47,6.65,6.81,7.2,7.03,6.45,2015-06-26,-
2019-08-15,2772,众兴菌业,农牧饲渔,6.19,6.34,6.1,6.34,6.1,2792882,20217835.12,1.092,0.136,3.81,否,1.01,-0.314,-1.246,-5.655,-8.249,否,367688204,255766956,2706185181.44,1882444796.16,29.733674,1.082229,2.799076,6.31,6.44,6.62,6.77,7.17,7.04,6.45,2015-06-26,-
2019-08-16,2772,众兴菌业,农牧饲渔,6.35,6.44,6.31,6.36,6.31,2716145,20118421.43,1.062,0.408,2.04,否,0.95,1.113,-0.625,-7.153,-8.883,否,367688204,255766956,2717215827.56,1890117804.84,29.854871,1.08664,2.810485,6.34,6.39,6.59,6.73,7.16,7.04,6.45,2015-06-26,-
2019-08-19,2772,众兴菌业,农牧饲渔,6.41,6.5,6.39,6.5,6.39,3912926,29351848.1,1.5299,2.165,1.76,否,1.58,2.686,4.502,-3.418,-7.932,否,367688204,255766956,2776045940.2,1931040517.8,22.307243,1.139242,2.719423,6.36,6.36,6.58,6.71,7.16,7.04,6.45,2015-06-26,-
2019-08-20,2772,众兴菌业,农牧饲渔,6.5,6.72,6.47,6.7,6.47,5674531,43431484.39,2.2186,3.046,3.84,否,2.09,5.678,5.346,4.361,-4.83,否,367688204,255766956,2860614227.12,1989866917.68,22.986801,1.173947,2.802266,6.45,6.39,6.57,6.7,7.15,7.04,6.45,2015-06-26,-
2019-08-21,2772,众兴菌业,农牧饲渔,6.64,6.66,6.54,6.56,6.54,3928871,30025102.42,1.5361,-2.057,1.8,否,1.14,3.145,4.293,2.181,-7.994,否,367688204,255766956,2801784114.48,1948944204.72,22.514065,1.149805,2.744636,6.49,6.41,6.56,6.69,7.14,7.04,6.45,2015-06-26,-
2019-08-22,2772,众兴菌业,农牧饲渔,6.59,6.59,6.48,6.53,6.48,2415233,18279460.27,0.9443,-0.525,1.57,否,0.63,0.462,3.16,2.031,-7.768,否,367688204,255766956,2787076586.32,1938713526.48,22.395881,1.143769,2.730228,6.53,6.42,6.55,6.68,7.13,7.04,6.45,2015-06-26,-
2019-08-23,2772,众兴菌业,农牧饲渔,6.56,6.57,6.46,6.48,6.46,2232100,16872786.9,0.8727,-0.792,1.72,否,0.6,-3.284,2.208,4.18,-7.296,否,367688204,255766956,2765015294.08,1923367509.12,22.218605,1.134715,2.708617,6.55,6.45,6.53,6.66,7.11,7.04,6.45,2015-06-26,-
2019-08-26,2772,众兴菌业,农牧饲渔,6.4,6.44,6.31,6.41,6.31,2334247,17327634.96,0.9126,-1.064,1.99,否,0.64,-2.287,0.786,0.786,-4.042,否,367688204,255766956,2735600237.76,1902906152.64,21.982237,1.122644,2.679802,6.54,6.45,6.51,6.64,7.1,7.04,6.45,2015-06-26,-
2019-08-27,2772,众兴菌业,农牧饲渔,6.43,6.55,6.42,6.54,6.42,2844869,21502682.43,1.1123,2.151,2.02,否,0.86,0.153,0.615,3.975,-3.397,否,367688204,255766956,2794430350.4,1943828865.6,22.454973,1.146787,2.737432,6.5,6.48,6.5,6.62,7.08,7.04,6.45,2015-06-26,-
2019-08-28,2772,众兴菌业,农牧饲渔,6.54,6.72,6.53,6.64,6.53,3983286,30628471.85,1.5574,1.447,2.89,否,1.45,2.469,-0.896,4.897,-2.353,否,367688204,255766956,2834876052.84,1971963230.76,22.779979,1.163385,2.777053,6.52,6.51,6.49,6.61,7.07,7.04,6.45,2015-06-26,-
2019-08-29,2772,众兴菌业,农牧饲渔,6.66,6.66,6.54,6.55,6.54,2534303,19407575.49,0.9909,-1.297,1.95,否,0.92,2.184,-0.152,3.312,-4.38,否,367688204,255766956,2798107232.44,1946386535.16,22.484519,1.148296,2.741034,6.52,6.53,6.48,6.59,7.05,7.04,6.45,2015-06-26,-
2019-08-30,2772,众兴菌业,农牧饲渔,6.61,6.61,6.42,6.45,6.42,2895337,21839663.25,1.132,-1.577,3.02,否,1.04,-1.376,-1.225,1.415,-5.007,否,367688204,255766956,2753984647.96,1915694500.44,22.129967,1.130188,2.697811,6.52,6.54,6.46,6.57,7.03,7.04,6.45,2015-06-26,-
2019-09-02,2772,众兴菌业,农牧饲渔,6.45,6.58,6.35,6.55,6.35,2961982,22383868.59,1.1581,1.602,3.6,否,1.01,-1.355,1.08,0.769,-3.535,否,367688204,255766956,2798107232.44,1946386535.16,22.484519,1.148296,2.741034,6.55,6.54,6.45,6.57,7.01,7.04,6.45,2015-06-26,-
2019-09-03,2772,众兴菌业,农牧饲渔,6.56,6.6,6.5,6.59,6.5,2773091,21123155.21,1.0842,0.526,1.45,否,0.91,0.611,2.808,-1.642,-3.231,否,367688204,255766956,2812814760.6,1956617213.4,22.602703,1.154331,2.755442,6.56,6.53,6.46,6.56,6.99,7.04,6.45,2015-06-26,-
2019-09-04,2772,众兴菌业,农牧饲渔,6.61,6.68,6.56,6.63,6.56,3857000,29645399.34,1.508,0.654,1.83,否,1.27,2.791,1.376,1.067,-2.356,否,367688204,255766956,2831199170.8,1969405561.2,22.750433,1.161876,2.773451,6.55,6.54,6.47,6.55,6.96,7.04,6.46,2015-06-26,-
2019-09-05,2772,众兴菌业,农牧饲渔,6.66,6.73,6.62,6.66,6.62,5691047,44140795.15,2.2251,0.39,1.69,否,1.89,1.679,0.301,1.991,-0.893,否,367688204,255766956,2842229816.92,1977078569.88,22.839071,1.166403,2.784257,6.58,6.55,6.48,6.55,6.94,7.04,6.46,2015-06-26,-
2019-09-06,2772,众兴菌业,农牧饲渔,6.66,6.68,6.57,6.65,6.57,3324466,25567028.54,1.2998,-0.129,1.68,否,0.91,0.91,1.527,2.623,-2.92,否,367688204,255766956,2838552934.88,1974520900.32,22.809525,1.164894,2.780655,6.62,6.57,6.51,6.54,6.92,7.04,6.46,2015-06-26,-
2019-09-09,2772,众兴菌业,农牧饲渔,6.69,6.71,6.62,6.71,6.62,4039852,31298742.33,1.5795,0.907,1.3,否,1.09,1.207,4.031,4.68,-0.297,否,367688204,255766956,2864291109.16,1992424587.24,23.016347,1.175456,2.805868,6.65,6.6,6.52,6.54,6.9,7.04,6.46,2015-06-26,-
2019-09-10,2772,众兴菌业,农牧饲渔,6.72,6.84,6.72,6.76,6.72,5429679,42690216.04,2.1229,0.77,1.8,否,1.38,1.502,3.206,3.364,5.296,否,367688204,255766956,2886352401.4,2007770604.6,23.193624,1.18451,2.827479,6.68,6.62,6.55,6.54,6.88,7.04,6.46,2015-06-26,-
2019-09-11,2772,众兴菌业,农牧饲渔,6.77,6.79,6.73,6.78,6.73,3476895,27282001.0,1.3594,0.255,0.76,否,0.78,1.955,2.883,2.108,5.607,否,367688204,255766956,2893706165.48,2012885943.72,23.252716,1.187528,2.834683,6.71,6.63,6.57,6.54,6.87,7.04,6.46,2015-06-26,-
2019-09-12,2772,众兴菌业,农牧饲渔,6.75,6.79,6.7,6.77,6.7,3077099,24100366.15,1.2031,-0.127,1.27,否,0.7,0.894,2.112,3.359,5.781,否,367688204,255766956,2890029283.44,2010328274.16,23.22317,1.186019,2.831081,6.73,6.66,6.59,6.54,6.85,7.04,6.47,2015-06-26,-
2019-09-16,2772,众兴菌业,农牧饲渔,6.78,6.82,6.72,6.74,6.72,3177049,24939661.48,1.2422,-0.382,1.53,否,0.82,-0.296,1.201,4.496,8.36,否,367688204,255766956,2878998637.32,2002655265.48,23.134532,1.181492,2.820275,6.75,6.68,6.61,6.54,6.83,7.04,6.47,2015-06-26,-
2019-09-17,2772,众兴菌业,农牧饲渔,6.72,6.74,6.54,6.56,6.54,3516200,27044468.0,1.3748,-2.682,2.94,否,0.92,-3.245,-1.353,0.153,3.145,否,367688204,255766956,2801784114.48,1948944204.72,22.514065,1.149805,2.744636,6.72,6.69,6.61,6.53,6.81,7.04,6.47,2015-06-26,-
2019-09-18,2772,众兴菌业,农牧饲渔,6.56,6.59,6.48,6.5,6.48,2660567,20186097.18,1.0402,-0.919,1.57,否,0.71,-3.988,-3.13,-1.366,3.339,否,367688204,255766956,2776045940.2,1931040517.8,22.307243,1.139242,2.719423,6.67,6.68,6.6,6.53,6.79,7.04,6.47,2015-06-26,-
2019-09-19,2772,众兴菌业,农牧饲渔,6.54,6.54,6.48,6.53,6.48,1741284,13164898.37,0.6808,0.397,0.93,否,0.55,-3.116,-3.402,-1.508,3.16,否,367688204,255766956,2787076586.32,1938713526.48,22.395881,1.143769,2.730228,6.62,6.67,6.6,6.54,6.77,7.04,6.47,2015-06-26,-
2019-09-20,2772,众兴菌业,农牧饲渔,6.53,6.61,6.47,6.55,6.47,2490015,18980866.72,0.9735,0.396,2.24,否,0.88,-0.152,-3.392,-1.652,3.312,否,367688204,255766956,2798107232.44,1946386535.16,22.484519,1.148296,2.741034,6.58,6.66,6.6,6.54,6.76,7.04,6.48,2015-06-26,-
2019-09-23,2772,众兴菌业,农牧饲渔,6.24,6.29,6.04,6.14,6.04,11069315,78721173.58,4.3279,-6.308,3.68,否,4.07,-5.538,-9.306,-7.669,-3.459,否,367688204,255766956,2621616894.52,1823618396.28,21.06631,1.075867,2.568144,6.46,6.6,6.59,6.54,6.74,7.03,6.48,2015-06-26,-
2019-09-24,2772,众兴菌业,农牧饲渔,6.06,6.18,6.05,6.1,6.05,4815916,34190606.02,1.8829,-0.701,2.1,否,1.12,-6.585,-9.496,-9.091,-6.154,否,367688204,255766956,2603232484.32,1810830048.48,20.91858,1.068322,2.550134,6.36,6.54,6.57,6.53,6.71,7.02,6.48,2015-06-26,-
2019-09-25,2772,众兴菌业,农牧饲渔,6.1,6.12,5.99,6.02,5.99,4243268,29716447.1,1.659,-1.271,2.12,否,0.93,-8.092,-8.232,-10.947,-10.149,否,367688204,255766956,2570140545.96,1787811022.44,20.652666,1.054742,2.517717,6.27,6.47,6.54,6.52,6.69,7.01,6.48,2015-06-26,-
2019-09-26,2772,众兴菌业,农牧饲渔,5.99,6.05,5.86,5.9,5.86,3319418,22946851.52,1.2978,-2.003,3.15,否,0.68,-3.909,-9.231,-12.979,-10.061,否,367688204,255766956,2518664197.4,1752003648.6,20.239022,1.033617,2.467291,6.14,6.38,6.51,6.51,6.66,7.0,6.48,2015-06-26,-
2019-09-27,2772,众兴菌业,农牧饲渔,5.89,5.96,5.88,5.93,5.88,2243147,15425502.62,0.877,0.584,1.31,否,0.43,-2.787,-9.188,-12.408,-9.188,否,367688204,255766956,2533371725.56,1762234326.84,20.357206,1.039653,2.481698,6.02,6.3,6.48,6.49,6.63,6.99,6.48,2015-06-26,-
2019-09-30,2772,众兴菌业,农牧饲渔,5.96,5.96,5.87,5.88,5.87,1199300,8230283.48,0.4689,-0.871,1.45,否,0.23,-2.326,-10.229,-12.76,-9.259,否,367691044,255769796,2511329830.52,1746907706.68,20.17993,1.030599,2.460087,5.97,6.21,6.45,6.48,6.6,6.98,6.48,2015-06-26,-
2019-10-08,2772,众兴菌业,农牧饲渔,5.91,5.95,5.87,5.92,5.87,1402821,9629093.42,0.5485,0.586,1.32,否,0.44,0.339,-3.583,-9.756,-7.644,否,367691044,255769796,2526037472.28,1757138498.52,20.298114,1.036635,2.474495,5.93,6.15,6.42,6.46,6.59,6.97,6.48,2015-06-26,-
2019-10-09,2772,众兴菌业,农牧饲渔,5.87,5.94,5.86,5.94,5.86,1158492,7950001.74,0.4529,0.437,1.31,否,0.47,0.169,-2.623,-8.615,-9.174,否,367691044,255769796,2537068203.6,1764811592.4,20.386909,1.04117,2.485319,5.91,6.09,6.38,6.43,6.57,6.96,6.48,2015-06-26,-
2019-10-10,2772,众兴菌业,农牧饲渔,5.95,6.0,5.93,5.98,5.93,1586132,10994169.08,0.6201,0.58,1.16,否,0.85,1.701,-0.664,-8.423,-9.94,否,367691044,255769796,2551775845.36,1775042384.24,20.505094,1.047205,2.499727,5.93,6.04,6.35,6.41,6.55,6.95,6.48,2015-06-26,-
2019-10-11,2772,众兴菌业,农牧饲渔,5.98,6.0,5.93,5.99,5.93,1785307,12387781.48,0.698,0.288,1.15,否,1.18,1.182,1.525,-8.55,-8.55,否,367691044,255769796,2559129666.24,1780157780.16,20.564187,1.050223,2.506931,5.94,5.98,6.32,6.4,6.54,6.94,6.48,2015-06-26,-
2019-10-14,2772,众兴菌业,农牧饲渔,6.01,6.07,6.01,6.04,6.01,2585016,18133408.36,1.0107,0.718,1.01,否,1.81,1.684,1.855,-1.629,-6.357,否,367691044,255769796,2577514218.44,1792946269.96,20.711918,1.057768,2.52494,5.97,5.97,6.29,6.38,6.52,6.93,6.48,2015-06-26,-
2019-10-15,2772,众兴菌业,农牧饲渔,6.01,6.03,5.95,5.97,5.95,1659201,11512169.92,0.6487,-1.141,1.28,否,0.97,-0.167,1.531,-2.131,-8.855,否,367691044,255769796,2548098934.92,1772484686.28,20.475548,1.045696,2.496125,5.98,5.96,6.25,6.37,6.5,6.92,6.48,2015-06-26,-
2019-10-16,2772,众兴菌业,农牧饲渔,5.96,6.0,5.9,5.92,5.9,1564190,10804916.1,0.6116,-0.866,1.73,否,0.89,-1.169,0.0,-1.661,-10.167,否,367691044,255769796,2526037472.28,1757138498.52,20.298271,1.036643,2.474514,5.98,5.95,6.21,6.35,6.48,6.91,6.48,2015-06-26,-
2019-10-17,2772,众兴菌业,农牧饲渔,5.92,5.96,5.89,5.91,5.89,1167581,8033237.89,0.4565,-0.146,1.16,否,0.64,-2.152,-0.505,0.169,-10.86,否,367691044,255769796,2522360561.84,1754580800.56,20.268724,1.035134,2.470912,5.97,5.95,6.16,6.32,6.46,6.9,6.48,2015-06-26,-
2019-10-18,2772,众兴菌业,农牧饲渔,5.92,5.94,5.78,5.82,5.78,1999182,13622684.14,0.7816,-1.458,2.77,否,1.14,-2.513,-2.676,-1.855,-12.613,否,367691044,255769796,2485591457.44,1729003820.96,19.973262,1.020044,2.434893,5.93,5.94,6.12,6.3,6.44,6.89,6.48,2015-06-26,-
2019-10-21,2772,众兴菌业,农牧饲渔,5.82,5.86,5.74,5.86,5.74,1332931,8969753.89,0.5211,0.592,2.07,否,0.74,-1.014,-2.17,-0.34,-11.88,否,367691044,255769796,2500299099.2,1739234612.8,20.091447,1.02608,2.4493,5.9,5.94,6.07,6.28,6.42,6.88,6.48,2015-06-26,-
2019-10-22,2772,众兴菌业,农牧饲渔,5.86,5.96,5.86,5.96,5.86,1914330,13148171.84,0.7485,1.765,1.62,否,1.24,0.846,-1.325,0.676,-11.177,否,367691044,255769796,2544422024.48,1769926988.32,20.446002,1.044188,2.492523,5.89,5.94,6.04,6.26,6.41,6.87,6.48,2015-06-26,-
2019-10-23,2772,众兴菌业,农牧饲渔,5.96,5.99,5.91,5.93,5.91,1621127,11208039.3,0.6338,-0.434,1.45,否,1.02,1.89,-0.67,-0.168,-12.278,否,367691044,255769796,2533391293.16,1762253894.44,20.357363,1.039661,2.481718,5.9,5.94,6.01,6.24,6.4,6.86,6.48,2015-06-26,-
2019-10-24,2772,众兴菌业,农牧饲渔,5.94,6.01,5.87,6.0,5.87,2542165,17625932.63,0.9939,1.161,2.32,否,1.58,2.389,1.351,0.334,-11.504,否,367691044,255769796,2562806576.68,1782715478.12,20.593733,1.051732,2.510533,5.91,5.94,5.99,6.21,6.38,6.85,6.48,2015-06-26,-
2019-10-25,2772,众兴菌业,农牧饲渔,5.99,6.11,5.94,6.08,5.94,2989535,20980316.99,1.1688,1.291,2.73,否,1.59,2.013,2.876,1.503,-10.192,否,367691044,255769796,2595898770.64,1805734759.76,20.859649,1.065313,2.54295,5.97,5.95,5.96,6.19,6.37,6.85,6.49,2015-06-26,-
2019-10-28,2772,众兴菌业,农牧饲渔,5.99,6.05,5.96,6.03,5.96,2874583,20080520.93,1.1239,-0.85,1.56,否,1.38,1.686,3.608,-0.166,-10.534,否,367691044,255769796,2573837308.0,1790388572.0,56.599344,1.064614,2.548545,6.0,5.95,5.96,6.17,6.36,6.84,6.49,2015-06-26,-
2019-10-29,2772,众兴菌业,农牧饲渔,6.03,6.03,5.88,5.88,5.88,3142941,21677205.31,1.2288,-2.429,2.43,否,1.32,-2.0,0.341,-1.508,-10.366,否,367691044,255769796,2511329830.52,1746907706.68,55.224789,1.03876,2.486652,5.98,5.94,5.95,6.15,6.34,6.84,6.49,2015-06-26,-
2019-10-30,2772,众兴菌业,农牧饲渔,5.88,5.89,5.8,5.82,5.8,2178623,14763267.68,0.8518,-1.025,1.61,否,0.83,-4.276,-2.349,-1.689,-10.462,否,367691044,255769796,2485591457.44,1729003820.96,54.658795,1.028113,2.461167,5.96,5.93,5.94,6.12,6.33,6.84,6.49,2015-06-26,-
2019-10-31,2772,众兴菌业,农牧饲渔,5.82,5.87,5.75,5.76,5.75,2001738,13475744.69,0.7826,-1.036,2.07,否,0.73,-4.478,-2.867,-2.538,-11.792,否,367691044,255769796,2459853084.36,1711099935.24,54.092802,1.017467,2.435681,5.91,5.91,5.93,6.08,6.31,6.83,6.49,2015-06-26,-
2019-11-01,2772,众兴菌业,农牧饲渔,5.76,5.78,5.69,5.76,5.69,1809666,12061257.03,0.7075,0.0,1.49,否,0.69,-2.041,-4.0,-1.031,-12.061,否,367691044,255769796,2459853084.36,1711099935.24,54.092802,1.017467,2.435681,5.85,5.91,5.92,6.05,6.29,6.82,6.49,2015-06-26,-
2019-11-04,2772,众兴菌业,农牧饲渔,5.78,5.78,5.71,5.71,5.71,1743905,11639227.15,0.6818,-0.897,1.2,否,0.73,-1.89,-6.086,-2.56,-7.003,否,367691044,255769796,2437791621.72,1695753747.48,53.607665,1.008342,2.413837,5.79,5.89,5.91,6.01,6.27,6.81,6.49,2015-06-26,-
2019-11-05,2772,众兴菌业,农牧饲渔,5.71,5.79,5.71,5.73,5.71,1278187,8511944.28,0.4997,0.453,1.36,否,0.59,-0.521,-4.975,-3.859,-6.066,否,367691044,255769796,2448822353.04,1703426841.36,53.850233,1.012905,2.424759,5.76,5.87,5.9,5.99,6.26,6.79,6.49,2015-06-26,-
2019-11-06,2772,众兴菌业,农牧饲渔,5.72,5.73,5.61,5.64,5.61,2200174,14525448.9,0.8602,-1.652,2.1,否,1.22,-2.083,-4.082,-4.89,-6.312,否,367691044,255769796,2408376338.2,1675292163.8,52.960815,0.996175,2.38471,5.72,5.84,5.89,5.96,6.24,6.78,6.5,2015-06-26,-
2019-11-07,2772,众兴菌业,农牧饲渔,5.61,5.69,5.61,5.69,5.61,1448957,9549772.66,0.5665,0.916,1.53,否,0.8,-0.35,-2.234,-5.167,-3.559,否,367691044,255769796,2430437800.84,1690638351.56,53.445952,1.0053,2.406555,5.71,5.81,5.88,5.93,6.23,6.77,6.5,2015-06-26,-
2019-11-08,2772,众兴菌业,农牧饲渔,5.69,5.74,5.67,5.67,5.67,931946,6172542.52,0.3644,-0.303,1.21,否,0.55,-1.047,-1.563,-6.743,-4.384,否,367691044,255769796,2423083979.96,1685522955.64,53.28424,1.002258,2.399273,5.69,5.77,5.86,5.9,6.22,6.75,6.5,2015-06-26,-
2019-11-11,2772,众兴菌业,农牧饲渔,5.65,5.69,5.52,5.53,5.52,1785285,11542714.1,0.698,-2.58,3.03,否,1.17,-1.95,-3.993,-8.292,-5.952,否,367691044,255769796,2360576502.48,1642042090.32,51.909684,0.976404,2.33738,5.65,5.72,5.83,5.88,6.21,6.74,6.5,2015-06-26,-
2019-11-12,2772,众兴菌业,农牧饲渔,5.56,5.72,5.51,5.72,5.51,1511380,9834513.89,0.5909,3.427,3.74,否,0.99,0.527,0.175,-2.721,-3.378,否,367691044,255769796,2441468532.16,1698311445.44,53.688521,1.009863,2.417477,5.65,5.7,5.82,5.87,6.2,6.72,6.5,2015-06-26,-
2019-11-13,2772,众兴菌业,农牧饲渔,5.68,5.73,5.63,5.66,5.63,983461,6468094.43,0.3845,-1.054,1.66,否,0.62,-0.176,-1.222,-2.749,-4.714,否,367691044,255769796,2415730159.08,1680407559.72,53.122527,0.999217,2.391992,5.65,5.69,5.81,5.85,6.19,6.7,6.5,2015-06-26,-
2019-11-14,2772,众兴菌业,农牧饲渔,5.64,5.67,5.59,5.6,5.59,981787,6400535.39,0.3839,-1.066,1.52,否,0.74,1.266,-0.709,-2.778,-6.355,否,367691044,255769796,2389991786.0,1662503674.0,52.556534,0.988571,2.366506,5.64,5.67,5.79,5.84,6.18,6.69,6.49,2015-06-26,-
2019-11-15,2772,众兴菌业,农牧饲渔,5.58,5.61,5.55,5.55,5.55,1061026,6875089.69,0.4148,-0.769,1.08,否,0.86,-2.972,-2.46,-3.646,-7.346,否,367691044,255769796,2371607233.8,1649715184.2,52.152253,0.980966,2.348302,5.61,5.65,5.78,5.83,6.16,6.67,6.49,2015-06-26,-
2019-11-18,2772,众兴菌业,农牧饲渔,5.55,5.67,5.54,5.65,5.54,1306574,8536565.45,0.5108,1.705,2.33,否,1.03,-0.177,-0.353,-1.051,-6.457,否,367691044,255769796,2412053248.64,1677849861.76,53.041671,0.997696,2.388351,5.64,5.64,5.77,5.82,6.15,6.66,6.49,2015-06-26,-
2019-11-19,2772,众兴菌业,农牧饲渔,5.65,5.71,5.65,5.68,5.65,971737,6406337.72,0.3799,0.61,1.07,否,0.83,1.429,2.712,-0.873,-4.858,否,367691044,255769796,2426760890.4,1688080653.6,53.365096,1.003779,2.402914,5.63,5.64,5.75,5.82,6.14,6.65,6.49,2015-06-26,-
2019-11-20,2772,众兴菌业,农牧饲渔,5.66,5.74,5.65,5.71,5.65,1386497,9175852.11,0.5421,0.455,1.67,否,1.31,2.883,-0.175,1.241,-3.547,否,367691044,255769796,2437791621.72,1695753747.48,53.607665,1.008342,2.413837,5.64,5.65,5.74,5.81,6.12,6.64,6.49,2015-06-26,-
2019-11-21,2772,众兴菌业,农牧饲渔,5.71,5.71,5.64,5.65,5.64,835841,5504943.96,0.3268,-1.056,1.21,否,0.73,0.0,-0.177,-0.703,-4.399,否,367691044,255769796,2412053248.64,1677849861.76,53.041671,0.997696,2.388351,5.65,5.64,5.73,5.8,6.11,6.62,6.49,2015-06-26,-
2019-11-22,2772,众兴菌业,农牧饲渔,5.65,5.72,5.58,5.6,5.58,1289488,8467620.83,0.5042,-0.915,2.44,否,1.16,-1.408,0.0,-1.235,-3.78,否,367691044,255769796,2389991786.0,1662503674.0,52.556534,0.988571,2.366506,5.66,5.64,5.7,5.78,6.09,6.61,6.49,2015-06-26,-
2019-11-25,2772,众兴菌业,农牧饲渔,5.61,5.67,5.58,5.67,5.58,787005,5142348.7,0.3077,1.231,1.69,否,0.68,-0.701,2.162,2.532,-3.242,否,367691044,255769796,2419407069.52,1682965257.68,53.203384,1.000738,2.395633,5.66,5.65,5.68,5.77,6.08,6.59,6.49,2015-06-26,-
2019-11-26,2772,众兴菌业,农牧饲渔,5.68,5.7,5.62,5.67,5.62,849215,5580356.0,0.332,0.152,1.37,否,0.81,0.354,0.354,-0.874,-4.866,否,367691044,255769796,2423083979.96,1685522955.64,53.28424,1.002258,2.399273,5.66,5.64,5.67,5.76,6.06,6.58,6.49,2015-06-26,-
2019-11-27,2772,众兴菌业,农牧饲渔,5.7,5.8,5.68,5.72,5.68,1407461,9382289.85,0.5503,0.759,1.97,否,1.37,2.143,0.704,1.06,-3.541,否,367691044,255769796,2441468532.16,1698311445.44,53.688521,1.009863,2.417477,5.66,5.65,5.67,5.76,6.05,6.56,6.49,2015-06-26,-
2019-11-28,2772,众兴菌业,农牧饲渔,5.67,5.77,5.67,5.73,5.67,1506800,10028180.0,0.5891,0.151,1.66,否,1.46,1.058,0.35,2.321,-4.5,否,367691044,255769796,2445145442.6,1700869143.4,53.769377,1.011384,2.421118,5.68,5.66,5.67,5.75,6.04,6.55,6.48,2015-06-26,-
2019-11-29,2772,众兴菌业,农牧饲渔,5.73,5.8,5.72,5.77,5.72,1551830,10383275.62,0.6067,0.752,1.35,否,1.33,1.764,2.124,3.964,-5.099,否,367691044,255769796,2463529994.8,1713657633.2,54.173658,1.018988,2.439322,5.71,5.69,5.67,5.75,6.02,6.54,6.48,2015-06-26,-
2019-12-02,2772,众兴菌业,农牧饲渔,5.78,5.8,5.72,5.74,5.72,854776,5701259.43,0.3342,-0.448,1.49,否,0.7,0.35,2.5,1.593,-4.809,否,367691044,255769796,2452499263.48,1705984539.32,53.93109,1.014425,2.4284,5.73,5.69,5.67,5.74,6.01,6.52,6.48,2015-06-26,-
2019-12-03,2772,众兴菌业,农牧饲渔,5.73,5.79,5.71,5.78,5.71,823528,5505116.48,0.322,0.6,1.35,否,0.67,0.873,1.94,1.761,-1.701,否,367691044,255769796,2467206905.24,1716215331.16,54.254514,1.020509,2.442963,5.75,5.7,5.67,5.74,6.0,6.5,6.48,2015-06-26,-
2019-12-04,2772,众兴菌业,农牧饲渔,5.79,5.79,5.73,5.77,5.73,1281226,8565409.68,0.5009,-0.149,1.04,否,1.04,0.0,1.764,1.051,-0.859,否,367691044,255769796,2463529994.8,1713657633.2,54.173658,1.018988,2.439322,5.76,5.71,5.68,5.73,5.98,6.49,6.48,2015-06-26,-
2019-12-05,2772,众兴菌业,农牧饲渔,5.76,5.8,5.73,5.76,5.73,1413229,9465270.94,0.5525,-0.149,1.19,否,1.17,0.348,0.699,1.947,0.0,否,367691044,255769796,2459853084.36,1711099935.24,54.092802,1.017467,2.435681,5.76,5.72,5.68,5.72,5.97,6.46,6.48,2015-06-26,-
2019-12-06,2772,众兴菌业,农牧饲渔,5.74,5.77,5.69,5.74,5.69,1320615,8780331.32,0.5163,-0.299,1.35,否,1.11,-0.692,0.175,2.5,-0.347,否,367691044,255769796,2452499263.48,1705984539.32,53.93109,1.014425,2.4284,5.76,5.74,5.69,5.71,5.95,6.45,6.48,2015-06-26,-
2019-12-09,2772,众兴菌业,农牧饲渔,5.75,5.76,5.71,5.72,5.71,1147248,7631098.4,0.4485,-0.45,0.9,否,1.01,-0.867,-0.867,0.882,0.175,否,367691044,255769796,2441468532.16,1698311445.44,53.688521,1.009863,2.417477,5.75,5.74,5.69,5.7,5.94,6.43,6.48,2015-06-26,-
2019-12-10,2772,众兴菌业,农牧饲渔,5.73,5.73,5.68,5.71,5.68,1058347,7010610.52,0.4138,-0.151,0.9,否,0.88,-0.868,-0.523,0.705,-0.349,否,367691044,255769796,2437791621.72,1695753747.48,53.607665,1.008342,2.413837,5.74,5.74,5.69,5.7,5.92,6.41,6.48,2015-06-26,-
2019-12-11,2772,众兴菌业,农牧饲渔,5.75,5.86,5.73,5.85,5.73,4029949,27209989.27,1.5756,2.413,2.11,否,3.24,1.916,1.211,2.273,3.723,否,367691044,255769796,2496622188.76,1736676914.84,54.901364,1.032676,2.472089,5.76,5.76,5.7,5.7,5.91,6.39,6.48,2015-06-26,-
2019-12-12,2772,众兴菌业,农牧饲渔,5.83,5.86,5.74,5.74,5.74,2295900,15437230.0,0.8976,-1.767,1.91,否,1.28,0.35,-0.52,0.175,0.879,否,367691044,255769796,2452499263.48,1705984539.32,53.93109,1.014425,2.4284,5.75,5.76,5.71,5.7,5.89,6.38,6.47,2015-06-26,-
2019-12-13,2772,众兴菌业,农牧饲渔,5.75,5.8,5.73,5.78,5.73,1607724,10772918.75,0.6286,0.6,1.05,否,0.82,1.226,0.347,0.173,1.94,否,367691044,255769796,2467206905.24,1716215331.16,54.254514,1.020509,2.442963,5.76,5.76,5.72,5.7,5.87,6.36,6.47,2015-06-26,-
2019-12-16,2772,众兴菌业,农牧饲渔,5.8,5.82,5.73,5.82,5.73,2433354,16318628.32,0.9514,0.745,1.64,否,1.2,-0.513,1.394,1.394,5.244,否,367691044,255769796,2485591457.44,1729003820.96,54.658795,1.028113,2.461167,5.78,5.77,5.73,5.7,5.86,6.34,6.47,2015-06-26,-
2019-12-17,2772,众兴菌业,农牧饲渔,5.82,5.88,5.8,5.87,5.8,2887156,19622137.37,1.1288,0.888,1.48,否,1.26,2.265,2.622,1.557,2.622,否,367691044,255769796,2507652920.08,1744350008.72,55.143933,1.037239,2.483011,5.81,5.78,5.74,5.71,5.85,6.33,6.47,2015-06-26,-
2019-12-18,2772,众兴菌业,农牧饲渔,5.87,5.94,5.85,5.92,5.85,3347740,22914712.29,1.3089,0.733,1.61,否,1.26,2.422,3.678,2.6,4.594,否,367691044,255769796,2526037472.28,1757138498.52,55.548214,1.044843,2.501215,5.83,5.79,5.75,5.72,5.84,6.31,6.47,2015-06-26,-
2019-12-19,2772,众兴菌业,农牧饲渔,5.89,5.92,5.88,5.92,5.88,2281383,15635067.82,0.892,0.0,0.73,否,0.91,1.718,1.197,2.778,5.714,否,367691044,255769796,2526037472.28,1757138498.52,55.548214,1.044843,2.501215,5.86,5.81,5.76,5.72,5.83,6.3,6.47,2015-06-26,-
2019-12-20,2772,众兴菌业,农牧饲渔,5.92,5.97,5.9,5.91,5.9,3261218,22444406.81,1.2751,-0.146,1.16,否,1.3,0.681,2.962,2.962,6.486,否,367691044,255769796,2522360561.84,1754580800.56,55.467357,1.043322,2.497574,5.89,5.82,5.78,5.73,5.82,6.29,6.47,2015-06-26,-
2019-12-23,2772,众兴菌业,农牧饲渔,5.92,5.95,5.75,5.75,5.75,2840200,19288834.85,1.1105,-2.624,3.35,否,1.0,-2.872,-0.519,0.524,1.77,否,367691044,255769796,2456176173.92,1708542237.28,54.011946,1.015946,2.43204,5.87,5.83,5.78,5.74,5.81,6.27,6.47,2015-06-26,-
2019-12-24,2772,众兴菌业,农牧饲渔,5.8,5.9,5.77,5.89,5.77,2235508,15172137.74,0.874,2.395,2.25,否,0.76,-0.507,1.203,3.152,3.697,否,367691044,255769796,2515006740.96,1749465404.64,55.305645,1.04028,2.490293,5.88,5.85,5.79,5.74,5.81,6.26,6.47,2015-06-26,-
2019-12-25,2772,众兴菌业,农牧饲渔,5.86,5.89,5.84,5.86,5.84,1217887,8292712.73,0.4762,-0.585,0.88,否,0.44,-0.846,-0.17,0.171,2.627,否,367691044,255769796,2500299099.2,1739234612.8,54.98222,1.034197,2.47573,5.87,5.85,5.8,5.75,5.8,6.24,6.47,2015-06-26,-
2019-12-26,2772,众兴菌业,农牧饲渔,5.86,5.99,5.85,5.98,5.85,2901205,20022409.5,1.1343,2.059,2.5,否,1.23,4.0,1.014,4.181,5.841,否,367691044,255769796,2551775845.36,1775042384.24,56.114207,1.055489,2.526701,5.88,5.87,5.81,5.76,5.8,6.23,6.47,2015-06-26,-
2019-12-27,2772,众兴菌业,农牧饲渔,5.98,5.98,5.91,5.92,5.91,1783236,12322247.35,0.6972,-1.009,1.3,否,0.72,0.509,0.0,2.422,5.714,否,367691044,255769796,2526037472.28,1757138498.52,55.548214,1.044843,2.501215,5.88,5.88,5.82,5.78,5.8,6.22,6.47,2015-06-26,-
2019-12-30,2772,众兴菌业,农牧饲渔,5.9,5.97,5.82,5.95,5.82,1726379,11838527.36,0.675,0.582,2.47,否,0.79,1.536,0.677,2.234,4.938,否,367691044,255769796,2540745114.04,1767369290.36,55.871638,1.050927,2.515778,5.92,5.9,5.83,5.79,5.81,6.2,6.47,2015-06-26,-
2019-12-31,2772,众兴菌业,农牧饲渔,5.96,6.01,5.92,5.95,5.92,2046307,14150275.56,0.8,0.0,1.59,否,1.04,-0.502,3.478,1.363,4.938,否,367698409,255777161,2540796006.19,1767420182.51,55.872758,1.050948,2.515829,5.93,5.91,5.84,5.8,5.81,6.2,6.47,2015-06-26,-
2020-01-02,2772,众兴菌业,农牧饲渔,5.97,6.06,5.95,6.04,5.95,3033252,21180887.08,1.1859,1.447,1.88,否,1.57,2.027,2.547,2.027,5.594,否,367698409,255777161,2577565847.09,1792997898.61,56.681336,1.066157,2.552237,5.97,5.92,5.85,5.81,5.81,6.19,6.48,2015-06-26,-
2020-01-03,2772,众兴菌业,农牧饲渔,6.03,6.33,6.03,6.27,6.03,8930280,64722114.77,3.4914,3.852,4.99,否,3.89,5.378,6.997,5.912,9.424,否,367698409,255777161,2676844417.52,1862057732.08,58.864497,1.107221,2.65054,6.03,5.95,5.88,5.83,5.81,6.18,6.48,2015-06-26,-
2020-01-06,2772,众兴菌业,农牧饲渔,6.19,6.29,6.12,6.27,6.12,5412906,39177915.5,2.1163,0.0,2.75,否,1.54,5.378,4.849,6.091,8.666,否,367698409,255777161,2676844417.52,1862057732.08,58.864497,1.107221,2.65054,6.1,5.99,5.91,5.85,5.82,6.18,6.48,2015-06-26,-
2020-01-07,2772,众兴菌业,农牧饲渔,6.24,6.38,6.19,6.33,6.19,4129592,30193094.52,1.6145,0.962,3.02,否,0.98,4.801,6.926,10.087,10.279,否,367698409,255777161,2702583306.15,1879962133.35,59.430502,1.117868,2.676026,6.17,6.05,5.94,5.87,5.82,6.17,6.48,2015-06-26,-
2020-01-08,2772,众兴菌业,农牧饲渔,6.33,6.33,6.11,6.11,6.11,3728631,26776930.1,1.4578,-3.401,3.4,否,0.79,-2.552,2.689,3.735,5.709,否,367698409,255777161,2610658703.9,1816017843.1,57.409056,1.079845,2.585005,6.2,6.07,5.96,5.89,5.82,6.16,6.49,2015-06-26,-
2020-01-09,2772,众兴菌业,农牧饲渔,6.14,6.19,6.12,6.16,6.12,2393785,17106494.3,0.9359,0.704,1.13,否,0.47,-1.754,3.529,5.119,6.759,否,367698409,255777161,2629043624.35,1828806701.15,57.813345,1.087449,2.603209,6.23,6.1,5.97,5.9,5.83,6.16,6.49,2015-06-26,-
2020-01-10,2772,众兴菌业,农牧饲渔,6.16,6.17,6.06,6.12,6.06,2418205,17131277.25,0.9454,-0.559,1.82,否,0.49,-3.318,1.325,2.341,6.25,否,367698409,255777161,2614335687.99,1818575614.71,57.489914,1.081366,2.588646,6.2,6.11,5.99,5.91,5.83,6.15,6.49,2015-06-26,-
2020-01-13,2772,众兴菌业,农牧饲渔,6.11,6.15,6.09,6.13,6.09,2051166,14570052.14,0.8019,0.141,0.98,否,0.57,0.327,-2.233,3.547,6.794,否,367698409,255777161,2618012672.08,1821133386.32,57.570772,1.082887,2.592287,6.17,6.13,6.01,5.93,5.84,6.14,6.49,2015-06-26,-
2020-01-14,2772,众兴菌业,农牧饲渔,6.32,6.46,6.26,6.38,6.26,11259062,83209265.92,4.4019,4.073,3.23,否,3.82,3.571,1.754,7.227,11.538,否,367698409,255777161,2724645210.69,1895308763.01,59.915649,1.126993,2.697871,6.18,6.18,6.04,5.95,5.85,6.13,6.5,2015-06-26,-
2020-01-15,2772,众兴菌业,农牧饲渔,6.33,6.37,6.23,6.27,6.23,4879297,35657653.61,1.9076,-1.754,2.29,否,1.12,2.451,-0.948,5.378,9.807,否,367698409,255777161,2676844417.52,1862057732.08,58.864497,1.107221,2.65054,6.21,6.21,6.06,5.96,5.85,6.13,6.5,2015-06-26,-
2020-01-16,2772,众兴菌业,农牧饲渔,6.29,6.29,6.2,6.2,6.2,2672351,19362252.54,1.0448,-1.099,1.51,否,0.58,1.142,1.473,2.649,5.983,否,367698409,255777161,2647428544.8,1841595559.2,58.217635,1.095054,2.621413,6.22,6.22,6.07,5.98,5.85,6.13,6.5,2015-06-26,-
2020-01-17,2772,众兴菌业,农牧饲渔,6.22,6.23,6.09,6.11,6.09,2731849,19525982.03,1.0681,-1.528,2.22,否,0.59,-4.232,-0.812,-2.552,6.446,否,367698409,255777161,2606981719.81,1813460071.49,57.328198,1.078324,2.581364,6.22,6.21,6.08,5.99,5.86,6.12,6.5,2015-06-26,-
2020-01-20,2772,众兴菌业,农牧饲渔,6.11,6.17,6.08,6.17,6.08,1876967,13361808.96,0.7338,1.128,1.55,否,0.4,-1.595,0.817,-1.595,6.747,否,367698409,255777161,2636397592.53,1833922244.37,57.975061,1.090491,2.610491,6.23,6.2,6.09,6.0,5.86,6.11,6.5,2015-06-26,-
2020-01-21,2772,众兴菌业,农牧饲渔,6.18,6.18,6.08,6.11,6.08,2118151,15053501.87,0.8281,-0.976,1.67,否,0.45,-1.452,-0.326,-3.476,4.983,否,367698409,255777161,2610658703.9,1816017843.1,57.409056,1.079845,2.585005,6.17,6.18,6.11,6.02,5.86,6.11,6.51,2015-06-26,-
2020-01-22,2772,众兴菌业,农牧饲渔,6.11,6.11,5.96,6.06,5.96,1713286,12029505.16,0.6698,-0.845,2.54,否,0.6,-0.818,-5.016,-0.818,3.237,否,367698409,255777161,2588596799.36,1800671213.44,56.923909,1.070719,2.56316,6.13,6.17,6.12,6.03,5.86,6.1,6.51,2015-06-26,-
2020-01-23,2772,众兴菌业,农牧饲渔,5.99,6.04,5.82,5.86,5.82,2483020,17059532.8,0.9708,-3.267,3.55,否,1.12,-5.024,-6.539,-4.87,-1.014,否,367698409,255777161,2504026165.29,1741842466.41,55.064179,1.035739,2.47942,6.06,6.14,6.12,6.03,5.86,6.09,6.51,2015-06-26,-
2020-02-03,2772,众兴菌业,农牧饲渔,5.28,5.37,5.28,5.28,5.28,4853902,29792272.26,1.8977,-9.985,1.62,否,2.22,-13.584,-14.839,-13.725,-10.811,否,367698409,255777161,2253991247.17,1567913996.93,49.565847,0.932317,2.231842,5.9,6.06,6.08,6.01,5.86,6.08,6.5,2015-06-26,-
2020-02-04,2772,众兴菌业,农牧饲渔,5.11,5.36,5.11,5.34,5.11,4641540,28341367.51,1.8147,1.142,4.73,否,1.78,-11.881,-12.602,-12.887,-9.645,否,367698409,255777161,2279730135.8,1585818398.2,50.131852,0.942963,2.257328,5.73,5.98,6.06,6.0,5.85,6.07,6.5,2015-06-26,-
2020-02-05,2772,众兴菌业,农牧饲渔,5.33,5.55,5.3,5.4,5.3,3967760,25040670.3,1.5513,1.129,4.68,否,1.25,-7.85,-12.48,-15.361,-6.087,否,367698409,255777161,2305469024.43,1603722799.47,50.697857,0.953609,2.282814,5.59,5.88,6.03,5.98,5.84,6.06,6.5,2015-06-26,-
2020-02-06,2772,众兴菌业,农牧饲渔,5.45,5.56,5.41,5.54,5.41,3700031,23625845.78,1.4466,2.552,2.87,否,1.05,4.924,-9.329,-11.643,-5.942,否,367698409,255777161,2364300769.87,1644647145.23,51.991582,0.977944,2.341068,5.48,5.81,6.01,5.97,5.84,6.05,6.5,2015-06-26,-
2020-02-07,2772,众兴菌业,农牧饲渔,5.54,5.63,5.44,5.56,5.44,3689631,23707722.26,1.4425,0.467,3.42,否,0.94,4.12,-8.251,-10.323,-5.119,否,367698409,255777161,2375331722.14,1652320460.06,52.234155,0.982507,2.35199,5.42,5.74,5.98,5.96,5.84,6.04,6.5,2015-06-26,-
2020-02-10,2772,众兴菌业,农牧饲渔,5.55,6.12,5.49,6.12,5.49,11746163,81055296.03,4.5923,10.062,11.46,否,2.82,13.333,4.437,0.164,2.341,是,367698409,255777161,2614335687.99,1818575614.71,57.489914,1.081366,2.588646,5.59,5.74,5.98,5.97,5.85,6.04,6.5,2015-06-26,-
2020-02-11,2772,众兴菌业,农牧饲渔,6.04,6.11,5.84,5.86,5.84,8199877,56263878.01,3.2059,-4.219,4.36,否,1.48,5.776,10.985,-5.024,-1.014,否,367698409,255777161,2504026165.29,1741842466.41,55.064179,1.035739,2.47942,5.7,5.71,5.96,5.97,5.85,6.03,6.5,2015-06-26,-
2020-02-12,2772,众兴菌业,农牧饲渔,5.82,6.01,5.8,5.91,5.8,4978495,34285513.22,1.9464,0.734,3.67,否,0.8,6.295,10.674,-3.273,-0.672,否,367698409,255777161,2522411085.74,1754631324.46,55.468468,1.043343,2.497624,5.8,5.69,5.93,5.97,5.86,6.03,6.5,2015-06-26,-
2020-02-13,2772,众兴菌业,农牧饲渔,5.9,6.1,5.79,6.04,5.79,7890810,54725796.2,3.085,2.332,5.25,否,1.22,-1.307,11.852,-0.33,1.513,否,367698409,255777161,2581242831.18,1795555670.22,56.762194,1.067678,2.555878,5.9,5.69,5.93,5.98,5.86,6.03,6.5,2015-06-26,-
2020-02-14,2772,众兴菌业,农牧饲渔,5.98,6.06,5.88,5.94,5.88,5038225,34797606.14,1.9698,-1.709,2.99,否,0.69,1.365,7.22,1.365,-1.656,否,367698409,255777161,2537119022.1,1764862410.9,55.7919,1.049427,2.512188,5.97,5.7,5.92,5.98,5.87,6.03,6.5,2015-06-26,-
2020-02-17,2772,众兴菌业,农牧饲渔,5.93,6.25,5.91,6.12,5.91,7603356,53795042.93,2.9726,3.044,5.8,否,1.0,3.553,10.072,15.909,-2.392,否,367698409,255777161,2614335687.99,1818575614.71,57.489914,1.081366,2.588646,5.97,5.78,5.92,5.98,5.87,6.02,6.5,2015-06-26,-
2020-02-18,2772,众兴菌业,农牧饲渔,6.08,6.11,5.98,6.08,5.98,5756037,40423294.84,2.2504,-0.703,2.11,否,0.85,0.662,-0.654,13.858,-3.03,否,367698409,255777161,2595950767.54,1805786756.66,57.085625,1.073761,2.570442,6.02,5.86,5.92,5.99,5.88,6.02,6.51,2015-06-26,-
2020-02-19,2772,众兴菌业,农牧饲渔,6.04,6.14,6.01,6.01,6.01,4031393,28432938.77,1.5761,-1.133,2.12,否,0.64,1.178,2.56,11.296,-5.055,否,367698409,255777161,2566534894.82,1785324583.78,57.085625,1.073761,2.570442,6.04,5.92,5.9,5.99,5.89,6.02,6.51,2015-06-26,-
2020-02-20,2772,众兴菌业,农牧饲渔,6.03,6.11,5.95,6.06,5.95,4775715,33359661.37,1.8671,0.86,2.58,否,0.79,-0.98,2.538,9.386,-0.818,否,367698409,255777161,2588596799.36,1800671213.44,56.923909,1.070719,2.56316,6.04,5.97,5.89,6.0,5.9,6.02,6.51,2015-06-26,-
2020-02-21,2772,众兴菌业,农牧饲渔,6.06,6.09,5.99,6.01,5.99,4464101,31269978.02,1.7453,-0.852,1.56,否,0.82,-1.151,-0.497,8.094,-2.435,否,367698409,255777161,2566534894.82,1785324583.78,56.438762,1.061594,2.541315,6.06,6.02,5.88,5.99,5.9,6.01,6.51,2015-06-26,-
2020-02-24,2772,众兴菌业,农牧饲渔,6.0,6.1,5.88,6.04,5.88,5829611,40439224.54,2.2792,0.43,3.58,否,1.09,0.499,1.684,-1.307,-1.307,否,367698409,255777161,2577565847.09,1792997898.61,56.681336,1.066157,2.552237,6.04,6.01,5.88,5.99,5.91,6.01,6.51,2015-06-26,-
2020-02-25,2772,众兴菌业,农牧饲渔,5.93,5.95,5.74,5.87,5.74,4740804,32314890.89,1.8535,-2.71,3.42,否,0.95,-3.135,-4.085,0.171,-4.241,否,367698409,255777161,2507703149.38,1744400238.02,55.145037,1.037259,2.483061,6.0,6.01,5.86,5.97,5.91,6.0,6.51,2015-06-26,-
2020-02-26,2772,众兴菌业,农牧饲渔,5.89,6.03,5.89,5.92,5.89,5885567,40764031.44,2.3011,0.733,2.35,否,1.23,-1.498,-2.632,0.169,-7.21,否,367698409,255777161,2526088069.83,1757189096.07,55.549326,1.044864,2.501265,5.98,6.01,5.85,5.96,5.92,6.0,6.51,2015-06-26,-
2020-02-27,2772,众兴菌业,农牧饲渔,5.92,6.02,5.87,5.95,5.87,5568351,38530011.39,2.177,0.582,2.47,否,1.08,-1.49,-0.998,-1.49,-5.104,否,367698409,255777161,2540796006.19,1767420182.51,55.872758,1.050948,2.515829,5.96,6.0,5.85,5.95,5.92,5.99,6.51,2015-06-26,-
2020-02-28,2772,众兴菌业,农牧饲渔,5.84,5.92,5.61,5.67,5.61,4453225,29938324.86,1.7411,-4.776,5.21,否,0.84,-3.407,-6.436,-4.545,-8.548,否,367698409,255777161,2419455531.22,1683013719.38,53.204449,1.000758,2.395681,5.89,5.97,5.84,5.94,5.92,5.98,6.51,2015-06-26,-
2020-03-02,2772,众兴菌业,农牧饲渔,5.7,5.87,5.68,5.83,5.68,2570620,17346672.51,1.005,2.888,3.34,否,0.49,-1.52,-2.995,-4.739,-4.583,否,367698409,255777161,2489318228.93,1731611379.97,35.92799,1.029655,2.153702,5.85,5.94,5.86,5.93,5.92,5.98,6.51,2015-06-26,-
2020-03-03,2772,众兴菌业,农牧饲渔,5.89,5.98,5.85,5.94,5.85,3596259,24724797.11,1.406,1.92,2.36,否,0.77,-0.168,-1.656,-2.303,-3.728,否,367698409,255777161,2537119022.1,1764862410.9,36.617892,1.049427,2.195058,5.86,5.93,5.89,5.92,5.92,5.97,6.51,2015-06-26,-
2020-03-04,2772,众兴菌业,农牧饲渔,5.89,5.98,5.87,5.98,5.87,4362919,30120422.85,1.7058,0.58,1.74,否,0.99,5.467,1.874,-0.499,-2.128,否,367698409,255777161,2551826958.46,1775093497.34,36.83017,1.05551,2.207783,5.87,5.93,5.92,5.91,5.93,5.97,6.5,2015-06-26,-
2020-03-05,2772,众兴菌业,农牧饲渔,6.01,6.24,5.97,6.16,5.97,9426460,66869832.41,3.6854,3.026,4.61,否,2.29,5.66,4.054,1.65,1.65,否,367698409,255777161,2629043624.35,1828806701.15,37.944627,1.087449,2.274589,5.92,5.94,5.95,5.9,5.93,5.97,6.5,2015-06-26,-
2020-03-06,2772,众兴菌业,农牧饲渔,6.04,6.22,6.04,6.15,6.04,6171150,43939296.8,2.4127,-0.14,2.94,否,1.26,3.535,3.361,2.329,4.949,否,367698409,255777161,2625366640.26,1826248929.54,37.891558,1.085929,2.271408,6.01,5.95,5.98,5.9,5.94,5.96,6.5,2015-06-26,-
2020-03-09,2772,众兴菌业,农牧饲渔,6.08,6.1,5.89,5.91,5.89,4708842,32746313.48,1.841,-3.922,3.36,否,0.9,-1.171,4.233,-2.152,11.932,否,367698409,255777161,2522411085.74,1754631324.46,36.405614,1.043343,2.182333,6.03,5.94,5.97,5.9,5.94,5.96,6.5,2015-06-26,-
2020-03-10,2772,众兴菌业,农牧饲渔,5.82,6.09,5.79,6.08,5.79,6303965,43650250.63,2.4646,2.915,5.1,否,1.12,-1.299,4.288,3.578,13.858,否,367698409,255777161,2595950767.54,1805786756.66,37.467003,1.073761,2.245958,6.06,5.96,5.98,5.89,5.95,5.95,6.5,2015-06-26,-
2020-03-11,2772,众兴菌业,农牧饲渔,6.11,6.33,6.04,6.11,6.04,11359412,81444923.65,4.4411,0.567,4.82,否,1.83,-0.65,2.862,3.209,13.148,否,367698409,255777161,2610658703.9,1816017843.1,37.67928,1.079845,2.258683,6.08,5.98,5.99,5.89,5.95,5.95,6.5,2015-06-26,-
2020-03-12,2772,众兴菌业,农牧饲渔,6.04,6.17,6.0,6.04,6.0,5032968,35458916.07,1.9677,-1.127,2.82,否,0.66,2.2,1.003,1.513,9.025,否,367698409,255777161,2581242831.18,1795555670.22,37.254725,1.067678,2.233233,6.06,5.99,5.99,5.89,5.96,5.94,6.5,2015-06-26,-
2020-03-13,2772,众兴菌业,农牧饲渔,5.81,6.19,5.7,6.18,5.7,9841306,68520139.2,3.8476,2.279,8.12,否,1.47,1.645,0.325,8.995,11.151,否,367698409,255777161,2640074576.62,1836480015.98,38.103835,1.092012,2.284133,6.06,6.04,6.01,5.9,5.97,5.94,6.5,2015-06-26,-
2020-03-16,2772,众兴菌业,农牧饲渔,6.21,6.35,6.03,6.03,6.03,10174973,73270837.14,3.9781,-2.507,5.29,否,1.37,-1.309,-1.951,3.431,-1.471,否,367698409,255777161,2573888863.0,1790440127.0,37.148586,1.064636,2.22687,6.09,6.06,6.0,5.93,5.97,5.93,6.49,2015-06-26,-
2020-03-17,2772,众兴菌业,农牧饲渔,6.05,6.38,5.79,6.32,5.79,14606835,104304034.65,5.7108,4.857,9.86,否,1.71,4.636,6.937,6.397,7.85,否,367698409,255777161,2698906322.06,1877404361.74,38.952946,1.116347,2.335032,6.14,6.1,6.01,5.96,5.98,5.93,6.49,2015-06-26,-
2020-03-18,2772,众兴菌业,农牧饲渔,6.36,6.63,6.24,6.5,6.24,21619808,161890528.73,8.4526,2.861,6.13,否,2.12,5.178,6.908,8.696,9.983,否,367698409,255777161,2776122987.95,1931117565.55,40.067404,1.148286,2.401839,6.21,6.15,6.04,6.0,5.99,5.92,6.49,2015-06-26,-
2020-03-19,2772,众兴菌业,农牧饲渔,6.42,6.65,6.34,6.65,6.34,17628671,133146359.43,6.8922,2.252,4.77,否,1.44,10.282,8.838,7.955,10.099,否,367698409,255777161,2838631717.48,1974599682.92,40.969583,1.174141,2.45592,6.34,6.2,6.07,6.03,6.0,5.92,6.49,2015-06-26,-
2020-03-20,2772,众兴菌业,农牧饲渔,6.63,7.01,6.5,6.51,6.5,19685574,152862516.62,7.6964,-2.073,7.64,否,1.33,3.006,7.781,5.854,9.596,否,367698409,255777161,2779799972.04,1933675337.16,40.120473,1.149807,2.40502,6.4,6.23,6.09,6.07,6.01,5.93,6.49,2015-06-26,-
2020-03-23,2772,众兴菌业,农牧饲渔,6.2,6.51,6.14,6.14,6.14,12712961,93466258.0,4.9703,-5.688,5.69,否,0.76,-5.538,-0.647,3.892,0.327,否,367698409,255777161,2621689656.17,1823691157.93,37.838488,1.084408,2.268226,6.42,6.26,6.1,6.07,6.02,5.92,6.49,2015-06-26,-
2020-03-24,2772,众兴菌业,农牧饲渔,6.24,6.32,6.05,6.23,6.05,8863901,63865182.71,3.4655,1.543,4.35,否,0.51,-6.316,3.317,2.467,2.467,否,367698409,255777161,2662136481.16,1851826645.64,38.422252,1.101138,2.30322,6.41,6.27,6.12,6.08,6.02,5.92,6.49,2015-06-26,-
2020-03-25,2772,众兴菌业,农牧饲渔,6.32,6.45,6.2,6.42,6.2,10016841,73736317.22,3.9162,3.039,4.01,否,0.62,-1.382,1.582,5.074,6.822,否,367698409,255777161,2743030131.14,1908097621.06,39.589779,1.134598,2.373207,6.39,6.3,6.14,6.1,6.03,5.92,6.49,2015-06-26,-
2020-03-26,2772,众兴菌业,农牧饲渔,6.35,7.07,6.35,7.07,6.35,22252444,175787754.24,8.6999,10.054,11.26,否,1.61,15.147,8.769,17.053,16.667,是,367698409,255777161,3018803937.89,2099930491.81,43.569984,1.248666,2.611801,6.47,6.41,6.2,6.13,6.05,5.93,6.49,2015-06-26,-
2020-03-27,2772,众兴菌业,农牧饲渔,7.04,7.04,6.6,6.63,6.6,28193869,222624856.06,11.0228,-6.212,6.21,否,1.92,6.421,-0.301,7.282,10.316,否,367698409,255777161,2831277749.3,1969484139.7,40.863445,1.171099,2.449557,6.5,6.45,6.24,6.15,6.07,5.93,6.49,2015-06-26,-
2020-03-30,2772,众兴菌业,农牧饲渔,6.67,7.06,6.67,6.73,6.67,22780922,180608988.13,8.9066,1.558,5.84,否,1.39,4.829,3.379,11.609,11.424,否,367698409,255777161,2875401558.38,2000177399.02,41.500278,1.18935,2.487732,6.62,6.52,6.29,6.17,6.08,5.94,6.49,2015-06-26,-
2020-03-31,2772,众兴菌业,农牧饲渔,6.56,7.23,6.38,7.12,6.38,29387705,233251715.27,11.4896,5.755,12.66,否,1.6,0.707,15.961,12.658,21.295,否,367703499,254867371,3040907936.73,2107753158.17,43.888401,1.257791,2.630888,6.79,6.6,6.35,6.21,6.1,5.95,6.49,2015-06-26,-
2020-04-01,2772,众兴菌业,农牧饲渔,6.92,6.98,6.67,6.7,6.67,20564035,162541428.69,8.0398,-5.925,4.35,否,0.91,1.056,7.544,3.077,13.176,否,367703499,254867371,2860733222.22,1982868146.38,41.288,1.183267,2.475007,6.85,6.62,6.38,6.23,6.11,5.96,6.49,2015-06-26,-
2020-04-02,2772,众兴菌业,农牧饲渔,6.61,6.67,6.43,6.6,6.43,11654038,88489491.09,4.5726,-1.542,3.6,否,0.47,-1.932,2.804,-0.752,10.924,否,367703499,254867371,2816608802.34,1952284061.86,40.65173,1.165032,2.436866,6.76,6.62,6.41,6.25,6.12,5.96,6.49,2015-06-26,-
2020-04-03,2772,众兴菌业,农牧饲渔,6.56,6.8,6.54,6.69,6.54,11006367,85504681.81,4.3185,1.436,3.92,否,0.49,-6.039,-5.375,2.765,17.989,否,367703499,254867371,2857056187.23,1980319472.67,41.235501,1.181762,2.47186,6.77,6.63,6.43,6.27,6.13,5.97,6.49,2015-06-26,-
2020-04-07,2772,众兴菌业,农牧饲渔,6.63,7.1,6.6,6.99,6.6,18479029,148474602.19,7.2504,4.505,7.59,否,0.97,4.328,5.43,13.844,19.897,否,367703499,254867371,2985752411.88,2069523052.52,43.092956,1.234995,2.583205,6.82,6.72,6.49,6.3,6.15,5.98,6.49,2015-06-26,-
2020-04-08,2772,众兴菌业,农牧饲渔,6.94,6.94,6.68,6.74,6.68,14285477,112569810.32,5.6051,-3.571,3.69,否,0.78,2.121,0.149,8.186,13.468,否,367703499,254867371,2879118397.17,1995611514.93,41.553922,1.190888,2.490948,6.74,6.77,6.52,6.33,6.15,5.98,6.49,2015-06-26,-
2020-04-09,2772,众兴菌业,农牧饲渔,6.75,6.86,6.6,6.81,6.6,12332372,96643488.51,4.8387,1.022,3.96,否,0.81,1.794,-4.354,6.075,13.88,否,367703499,254867371,2908534677.09,2016000904.61,41.978483,1.203055,2.516398,6.77,6.81,6.56,6.36,6.16,5.99,6.49,2015-06-26,-
2020-04-10,2772,众兴菌业,农牧饲渔,6.73,6.81,6.37,6.38,6.37,13234606,100687885.06,5.1927,-6.321,6.45,否,0.98,-8.727,-4.776,-9.76,3.571,否,367703499,254867371,2724682927.59,1888567219.11,39.324976,1.127009,2.357334,6.72,6.74,6.57,6.38,6.17,5.99,6.49,2015-06-26,-
2020-04-13,2772,众兴菌业,农牧饲渔,6.29,6.33,6.17,6.21,6.17,6554847,47422802.96,2.5719,-2.699,2.56,否,0.47,-7.864,-5.909,-6.335,0.976,否,367703499,254867371,2651142227.79,1837593744.91,38.263573,1.09659,2.293708,6.63,6.7,6.57,6.4,6.17,6.0,6.48,2015-06-26,-
2020-04-14,2772,众兴菌业,农牧饲渔,6.23,6.29,6.19,6.29,6.19,4997931,36251303.47,1.961,1.248,1.53,否,0.39,-7.636,-5.979,-6.538,6.43,否,367703499,254867371,2684235542.7,1860531808.3,38.741205,1.110278,2.32234,6.49,6.65,6.59,6.41,6.17,6.0,6.48,2015-06-26,-
2020-04-15,2772,众兴菌业,农牧饲渔,6.28,6.37,6.13,6.2,6.13,6657126,48162396.76,2.612,-1.37,3.84,否,0.65,-2.821,-11.302,-12.921,1.974,否,367703499,254867371,2647465192.8,1835045071.2,38.210503,1.095069,2.290527,6.38,6.56,6.58,6.42,6.17,6.0,6.47,2015-06-26,-
2020-04-16,2772,众兴菌业,农牧饲渔,6.18,6.23,6.11,6.17,6.11,4327761,30973283.86,1.698,-0.556,1.81,否,0.49,-0.644,-8.457,-7.91,0.982,否,367703499,254867371,2632757052.84,1824850376.36,37.998223,1.088985,2.277802,6.25,6.51,6.56,6.43,6.17,6.01,6.47,2015-06-26,-
2020-04-17,2772,众兴菌业,农牧饲渔,6.23,6.32,6.17,6.18,6.17,5052010,36557913.3,1.9822,0.279,2.37,否,0.71,-1.749,-9.251,-6.364,2.318,否,367703499,254867371,2640111122.82,1829947723.78,38.104363,1.092027,2.284164,6.21,6.47,6.54,6.43,6.17,6.01,6.47,2015-06-26,-
2020-04-20,2772,众兴菌业,农牧饲渔,6.12,6.23,6.11,6.18,6.11,4405766,31598669.26,1.7287,0.0,1.81,否,0.8,-0.323,-3.135,-7.623,0.0,否,367703499,254867371,2640111122.82,1829947723.78,38.104363,1.092027,2.284164,6.2,6.42,6.52,6.43,6.17,6.01,6.46,2015-06-26,-
2020-04-21,2772,众兴菌业,农牧饲渔,6.17,6.17,6.03,6.07,6.03,5749227,40590531.62,2.2558,-1.811,2.37,否,1.13,-1.621,-2.254,-13.162,0.663,否,367703499,254867371,2592309667.95,1796814965.55,37.414451,1.072255,2.242807,6.16,6.32,6.52,6.43,6.16,6.01,6.46,2015-06-26,-
2020-04-22,2772,众兴菌业,农牧饲渔,6.03,6.3,5.98,6.29,5.98,8309578,59737890.47,3.2604,3.546,5.39,否,1.59,1.78,0.0,-6.677,-0.475,否,367703499,254867371,2684235542.7,1860531808.3,38.741205,1.110278,2.32234,6.18,6.28,6.52,6.44,6.17,6.01,6.46,2015-06-26,-
2020-04-23,2772,众兴菌业,农牧饲渔,6.31,6.45,6.21,6.28,6.21,9922003,72818585.47,3.893,-0.137,3.84,否,1.78,1.618,1.29,-7.783,-3.385,否,367703499,254867371,2680558507.71,1857983134.59,38.688134,1.108757,2.319158,6.2,6.23,6.52,6.45,6.17,6.01,6.45,2015-06-26,-
2020-04-24,2772,众兴菌业,农牧饲渔,6.26,6.3,6.05,6.17,6.05,6591249,47361087.32,2.5861,-1.783,3.98,否,0.99,1.647,0.0,-3.292,-7.218,否,367703499,254867371,2632757052.84,1824850376.36,37.998223,1.088985,2.277802,6.2,6.2,6.47,6.45,6.17,6.02,6.45,2015-06-26,-
2020-04-27,2772,众兴菌业,农牧饲渔,6.15,6.53,6.08,6.35,6.08,12294089,90585670.7,4.8237,3.073,7.26,否,1.76,0.954,2.751,2.254,-2.458,否,367703499,254867371,2713651822.62,1880921197.98,39.165766,1.122446,2.34779,6.23,6.22,6.46,6.46,6.18,6.02,6.45,2015-06-26,-
2020-04-28,2772,众兴菌业,农牧饲渔,6.31,6.71,6.08,6.67,6.08,19368855,146611735.26,7.5996,5.014,9.89,否,2.26,6.21,7.929,6.041,8.632,否,367703499,254867371,2849702117.25,1975222125.25,41.129361,1.17872,2.465498,6.35,6.26,6.45,6.48,6.2,6.03,6.44,2015-06-26,-
2020-04-29,2772,众兴菌业,农牧饲渔,6.57,6.66,6.46,6.6,6.46,13759748,104747569.32,5.3988,-1.032,2.97,否,1.22,6.969,8.731,6.452,5.939,否,367703499,254867371,2820285837.33,1954832735.57,37.239721,1.151209,2.321464,6.41,6.3,6.43,6.49,6.22,6.04,6.44,2015-06-26,-
2020-04-30,2772,众兴菌业,农牧饲渔,6.54,6.74,6.53,6.61,6.53,10924309,84050864.6,4.2863,0.13,3.26,否,0.88,4.094,5.087,7.131,2.96,否,367703499,254867371,2823962872.32,1957381409.28,37.288274,1.152709,2.324491,6.48,6.34,6.42,6.49,6.24,6.04,6.44,2015-06-26,-
2020-05-06,2772,众兴菌业,农牧饲渔,6.54,6.84,6.5,6.79,6.5,12492474,97695110.27,4.9016,2.604,5.08,否,0.99,1.799,8.121,9.871,-3.96,否,367703499,254867371,2897503572.12,2008354883.48,38.259322,1.182728,2.385025,6.6,6.4,6.43,6.49,6.26,6.05,6.44,2015-06-26,-
2020-05-07,2772,众兴菌业,农牧饲渔,6.75,7.04,6.73,6.86,6.73,14935352,119811880.25,5.86,1.142,4.7,否,1.08,3.939,11.183,11.003,3.469,否,367703499,254867371,2930596887.03,2031292946.87,38.696294,1.196236,2.412265,6.71,6.47,6.44,6.51,6.29,6.06,6.44,2015-06-26,-
2020-05-08,2772,众兴菌业,农牧饲渔,6.88,6.92,6.78,6.82,6.78,11207106,89009324.34,4.3972,-0.627,2.13,否,0.78,3.177,7.402,12.356,1.337,否,367703499,254867371,2912211712.08,2018549578.32,38.453532,1.188732,2.397131,6.74,6.54,6.43,6.53,6.3,6.07,6.44,2015-06-26,-
2020-05-11,2772,众兴菌业,农牧饲渔,6.81,6.95,6.67,6.77,6.67,9657892,76307813.74,3.7894,-0.758,4.04,否,0.76,-0.295,1.499,7.631,-4.916,否,367703758,254867630,2890151537.88,2003259571.8,38.162217,1.179726,2.378971,6.77,6.59,6.44,6.55,6.31,6.08,6.44,2015-06-26,-
2020-05-12,2772,众兴菌业,农牧饲渔,6.74,7.02,6.71,6.97,6.71,13820159,110931826.51,5.4225,3.053,4.58,否,1.17,1.603,5.606,10.987,4.03,否,367703758,254867630,2978400439.8,2064427803.0,39.327504,1.215749,2.451613,6.84,6.66,6.44,6.56,6.33,6.09,6.44,2015-06-26,-
2020-05-13,2772,众兴菌业,农牧饲渔,6.91,6.97,6.8,6.96,6.8,8627767,69113178.56,3.3852,-0.247,2.35,否,0.69,2.053,5.295,12.804,5.455,否,367703758,254867630,2971046364.64,2059330450.4,39.230399,1.212747,2.44556,6.88,6.74,6.47,6.56,6.35,6.1,6.44,2015-06-26,-
2020-05-14,2772,众兴菌业,农牧饲渔,6.89,6.91,6.63,6.67,6.63,10425226,81622265.16,4.0904,-4.084,3.96,否,0.89,-1.477,-1.767,5.039,-0.299,否,367703758,254867630,2849704124.5,1975224132.5,37.628167,1.163217,2.345679,6.84,6.77,6.5,6.56,6.36,6.11,6.44,2015-06-26,-
2020-05-15,2772,众兴菌业,农牧饲渔,6.68,7.35,6.66,7.12,6.66,25608419,212853706.96,10.0477,6.71,10.32,否,2.38,2.152,3.79,6.747,1.86,否,367703758,254867630,3040910078.66,2107755300.1,40.152896,1.241265,2.503067,6.9,6.82,6.54,6.58,6.37,6.12,6.44,2015-06-26,-
2020-05-18,2772,众兴菌业,农牧饲渔,7.33,7.84,7.16,7.84,7.16,37665589,328694778.27,14.7785,10.036,9.43,否,2.76,12.644,14.956,18.788,16.32,是,367703758,254867630,3346104197.8,2319295433.0,44.182751,1.365842,2.754282,7.11,6.94,6.62,6.6,6.4,6.14,6.45,2015-06-26,-
2020-05-19,2772,众兴菌业,农牧饲渔,7.72,8.03,7.49,7.66,7.49,34778618,311450063.93,13.6458,-2.308,6.81,否,1.81,14.843,13.146,15.885,12.482,否,367703758,254867630,3268886408.62,2265773230.7,43.163149,1.334322,2.690721,7.25,7.05,6.69,6.63,6.43,6.16,6.45,2015-06-26,-
2020-05-20,2772,众兴菌业,农牧饲渔,7.76,8.08,7.58,7.68,7.58,28473790,258443626.64,11.172,0.338,6.52,否,1.22,7.865,10.187,13.108,20.376,否,367703758,254867630,3279917521.36,2273419259.6,43.308807,1.338825,2.699801,7.39,7.14,6.77,6.67,6.46,6.18,6.45,2015-06-26,-
2020-05-21,2772,众兴菌业,农牧饲渔,7.68,7.84,7.38,7.41,7.38,20512733,180616424.22,8.0484,-3.475,5.94,否,0.75,-5.485,6.466,8.017,19.324,否,367703758,254867630,3165929356.38,2194410294.3,41.80368,1.292296,2.605974,7.54,7.19,6.83,6.69,6.48,6.19,6.45,2015-06-26,-
2020-05-22,2772,众兴菌业,农牧饲渔,7.37,7.77,7.36,7.48,7.36,17140081,150423451.07,6.7251,0.929,5.46,否,0.58,-2.35,12.144,9.677,18.919,否,367703758,254867630,3195345657.02,2214799704.7,42.1921,1.304304,2.630188,7.61,7.26,6.9,6.71,6.51,6.21,6.45,2015-06-26,-
2020-05-25,2772,众兴菌业,农牧饲渔,7.53,7.81,7.32,7.69,7.32,18835533,166754041.44,7.3903,2.762,6.56,否,0.68,0.13,8.006,13.589,24.032,否,367703758,254867630,3283594558.94,2275967935.9,43.357359,1.340326,2.702828,7.58,7.35,6.97,6.74,6.54,6.22,6.45,2015-06-26,-
2020-05-26,2772,众兴菌业,农牧饲渔,7.67,7.74,7.47,7.7,7.47,14769262,130663446.34,5.7949,0.112,3.47,否,0.62,3.914,-1.786,10.473,24.797,否,367703758,254867630,3287271596.52,2278516612.2,43.405912,1.341827,2.705855,7.59,7.42,7.04,6.77,6.57,6.24,6.45,2015-06-26,-
2020-05-27,2772,众兴菌业,农牧饲渔,7.62,8.06,7.49,7.88,7.49,24812898,225173285.14,9.7356,2.349,7.38,否,1.24,5.348,2.872,13.218,27.508,否,367704016,254867888,3364491746.4,2332041175.2,44.425513,1.373346,2.769415,7.63,7.51,7.13,6.82,6.6,6.26,6.46,2015-06-26,-
2020-05-28,2772,众兴菌业,农牧饲渔,7.82,7.86,7.41,7.5,7.41,16999799,150366046.63,6.6701,-4.809,5.79,否,0.88,-2.471,-2.344,12.444,21.359,否,367704016,254867888,3202701979.36,2219899304.48,42.289205,1.307306,2.636241,7.65,7.6,7.18,6.86,6.63,6.27,6.46,2015-06-26,-
2020-05-29,2772,众兴菌业,农牧饲渔,7.42,7.63,7.32,7.41,7.32,11823584,102726914.63,4.6391,-1.148,4.13,否,0.64,-3.766,0.0,4.073,22.076,否,367704016,254867888,3165931577.76,2194412515.68,41.803709,1.292297,2.605976,7.64,7.63,7.22,6.9,6.65,6.29,6.45,2015-06-26,-
2020-06-01,2772,众兴菌业,农牧饲渔,7.47,7.69,7.44,7.65,7.44,13743736,121024666.56,5.3925,3.136,3.37,否,0.79,-2.919,2.273,-2.423,21.622,否,367704016,254867888,3265211662.08,2263226845.44,43.114627,1.332822,2.687696,7.63,7.61,7.27,6.95,6.68,6.3,6.45,2015-06-26,-
2020-06-02,2772,众兴菌业,农牧饲渔,7.66,7.97,7.51,7.64,7.51,16778014,150914064.78,6.583,-0.113,5.97,否,1.02,1.867,-0.65,-0.261,21.656,否,367704016,254867888,3261534621.92,2260678166.56,43.066074,1.331321,2.68467,7.62,7.6,7.33,7.0,6.71,6.32,6.46,2015-06-26,-
2020-06-03,2772,众兴菌业,农牧饲渔,7.67,7.79,7.47,7.78,7.47,14529399,129318759.34,5.7008,1.917,4.28,否,0.86,4.993,1.039,1.302,26.094,否,367704016,254867888,3324044304.64,2304005707.52,43.891467,1.356837,2.736123,7.6,7.61,7.37,7.05,6.74,6.34,6.46,2015-06-26,-
2020-06-04,2772,众兴菌业,农牧饲渔,7.78,8.4,7.69,8.24,7.69,26628450,250738786.1,10.4479,5.863,9.18,否,1.8,7.712,4.569,11.201,29.764,否,367704016,254867888,3518927433.12,2439085688.16,46.46475,1.436386,2.896538,7.74,7.7,7.44,7.12,6.77,6.36,6.46,2015-06-26,-
2020-06-05,2772,众兴菌业,农牧饲渔,8.12,8.15,7.78,7.88,7.78,19068049,174306028.72,7.4815,-4.43,4.43,否,1.14,3.141,5.067,5.348,18.141,否,367704016,254867888,3331398384.96,2309103065.28,43.988572,1.359839,2.742177,7.84,7.74,7.5,7.18,6.81,6.37,6.47,2015-06-26,-
2020-06-08,2772,众兴菌业,农牧饲渔,7.89,7.95,7.61,7.66,7.61,11958065,105633351.46,4.6919,-2.759,4.3,否,0.66,-1.542,3.374,-0.39,16.061,否,367704016,254867888,3239472380.96,2245386093.28,42.774759,1.322316,2.66651,7.84,7.73,7.54,7.22,6.83,6.39,6.47,2015-06-26,-
2020-06-09,2772,众兴菌业,农牧饲渔,7.63,7.81,7.49,7.71,7.49,9338613,82326779.38,3.6641,0.681,4.09,否,0.52,-6.432,0.784,0.13,16.641,否,367704016,254867888,3261534621.92,2260678166.56,43.066074,1.331321,2.68467,7.85,7.74,7.58,7.27,6.86,6.41,6.47,2015-06-26,-
2020-06-10,2772,众兴菌业,农牧饲渔,7.68,7.85,7.61,7.68,7.61,8178311,72864422.1,3.2088,-0.338,3.04,否,0.5,-2.538,0.524,-2.538,13.108,否,367704016,254867888,3250503501.44,2253032129.92,42.920417,1.326818,2.67559,7.83,7.72,7.61,7.32,6.89,6.42,6.47,2015-06-26,-
2020-06-11,2772,众兴菌业,农牧饲渔,7.65,7.65,7.3,7.32,7.3,13426989,115114590.27,5.2682,-4.751,4.52,否,0.89,-4.439,-5.913,-2.4,6.706,否,367704016,254867888,3096067814.72,2145987616.96,40.881212,1.26378,2.548469,7.65,7.7,7.65,7.36,6.91,6.44,6.47,2015-06-26,-
2020-06-12,2772,众兴菌业,农牧饲渔,7.12,7.26,7.06,7.17,7.06,8173626,67526168.33,3.207,-2.019,2.73,否,0.66,-7.004,-12.985,-3.239,5.132,否,367704016,254867888,3033558132.0,2102660076.0,40.055819,1.238264,2.497015,7.51,7.67,7.65,7.37,6.92,6.45,6.47,2015-06-26,-
2020-06-15,2772,众兴菌业,农牧饲渔,7.17,7.38,7.16,7.21,7.16,7352152,61687508.12,2.8847,0.485,3.03,否,0.72,-6.12,-8.503,-5.752,6.499,否,367704016,254867888,3048266292.64,2112854791.52,40.250029,1.244268,2.509122,7.42,7.63,7.62,7.39,6.94,6.46,6.47,2015-06-26,-
2020-06-16,2772,众兴菌业,农牧饲渔,7.22,7.3,7.2,7.26,7.2,5423186,45238316.94,2.1278,0.724,1.45,否,0.58,-0.82,-5.222,-4.974,4.161,否,367704016,254867888,3070328533.6,2128146864.8,40.541344,1.253273,2.527282,7.33,7.59,7.6,7.41,6.95,6.47,6.47,2015-06-26,-
2020-06-17,2772,众兴菌业,农牧饲渔,7.28,7.35,7.15,7.31,7.15,7166772,59735938.17,2.812,0.719,2.87,否,0.84,1.953,-5.188,-6.041,5.029,否,367704016,254867888,3092390774.56,2143438938.08,40.832659,1.262279,2.545442,7.25,7.54,7.58,7.43,6.96,6.48,6.47,2015-06-26,-
2020-06-18,2772,众兴菌业,农牧饲渔,7.26,7.36,7.21,7.25,7.21,4485824,37535294.92,1.7601,-0.832,2.02,否,0.54,0.555,-5.599,-12.015,8.696,否,367704016,254867888,3066651493.44,2125598185.92,40.492792,1.251772,2.524255,7.24,7.45,7.57,7.44,6.97,6.49,6.46,2015-06-26,-
2020-06-19,2772,众兴菌业,农牧饲渔,7.28,7.31,7.2,7.28,7.2,5385072,45006816.92,2.1129,0.36,1.56,否,0.83,0.275,-0.546,-7.614,2.247,否,367704016,254867888,3077682613.92,2133244222.56,40.638449,1.256275,2.533335,7.26,7.39,7.56,7.46,6.99,6.51,6.46,2015-06-26,-
2020-06-22,2772,众兴菌业,农牧饲渔,7.3,7.39,7.17,7.36,7.17,7595338,63681229.41,2.9801,1.195,2.99,否,1.27,0.684,2.65,-3.916,-6.122,否,367704016,254867888,3114453015.52,2158731011.36,41.123974,1.271284,2.563602,7.29,7.36,7.54,7.48,7.01,6.52,6.46,2015-06-26,-
2020-06-23,2772,众兴菌业,农牧饲渔,7.35,7.35,7.22,7.24,7.22,4891239,40964279.55,1.9191,-1.653,1.77,否,0.81,-0.138,0.416,-6.096,-5.483,否,367704016,254867888,3062974453.28,2123049507.04,40.444239,1.250271,2.521229,7.29,7.31,7.52,7.49,7.03,6.53,6.45,2015-06-26,-
2020-06-24,2772,众兴菌业,农牧饲渔,7.21,7.21,6.96,6.97,6.96,9039922,73231482.52,3.5469,-3.722,3.36,否,1.53,-4.258,-3.994,-9.245,-9.245,否,367704016,254867888,2948986208.32,2044040461.76,38.939111,1.203743,2.427401,7.22,7.24,7.48,7.49,7.02,6.54,6.45,2015-06-26,-
2020-06-29,2772,众兴菌业,农牧饲渔,6.93,7.39,6.88,7.27,6.88,10225878,84621199.41,4.0122,4.239,7.23,否,1.63,-1.223,-0.547,-0.683,-1.889,否,367704016,254867888,3074005573.76,2130695543.68,40.589897,1.254774,2.530309,7.22,7.23,7.46,7.51,7.04,6.55,6.45,2015-06-26,-
2020-06-30,2772,众兴菌业,农牧饲渔,7.26,7.41,7.18,7.36,7.18,9975047,83982217.69,3.9138,1.316,3.23,否,1.34,1.657,1.517,2.65,-1.604,否,367704538,254868410,3114457436.86,2158735432.7,41.123974,1.271284,2.563602,7.24,7.25,7.46,7.52,7.05,6.56,6.45,2015-06-26,-
2020-07-01,2772,众兴菌业,农牧饲渔,7.39,7.59,7.38,7.43,7.38,11259089,96789296.79,4.4176,0.945,2.83,否,1.35,6.6,2.06,3.051,-3.381,否,367704538,254868410,3143873799.9,2179124905.5,41.512394,1.283292,2.587816,7.25,7.27,7.45,7.5,7.05,6.58,6.44,2015-06-26,-
2020-07-02,2772,众兴菌业,农牧饲渔,7.43,7.54,7.35,7.53,7.35,8810082,75705054.91,3.4567,1.287,2.57,否,0.97,3.576,2.31,3.719,-2.208,否,367704538,254868410,3184321299.08,2207160430.6,42.046531,1.299804,2.621113,7.31,7.3,7.45,7.5,7.06,6.59,6.44,2015-06-26,-
2020-07-03,2772,众兴菌业,农牧饲渔,7.54,7.72,7.48,7.62,7.48,9918150,86771582.29,3.8915,1.27,3.23,否,1.01,3.533,5.249,4.241,-3.299,否,367704538,254868410,3224768798.26,2235195955.7,42.58061,1.316314,2.654407,7.44,7.33,7.44,7.5,7.08,6.6,6.44,2015-06-26,-
2020-07-06,2772,众兴菌业,农牧饲渔,7.66,7.89,7.57,7.86,7.57,14001666,124950063.24,5.4937,3.079,4.22,否,1.39,5.787,12.769,8.414,4.8,否,367704538,254868410,3324049023.52,2304010426.4,43.891529,1.356839,2.736127,7.56,7.39,7.42,7.51,7.1,6.62,6.44,2015-06-26,-
2020-07-07,2772,众兴菌业,农牧饲渔,7.87,8.21,7.67,7.96,7.67,19059233,174450963.32,7.4781,1.327,6.86,否,1.77,5.71,9.491,9.341,7.422,否,367704538,254868410,3368173568.08,2334594635.6,44.47416,1.37485,2.772448,7.68,7.46,7.42,7.53,7.12,6.63,6.44,2015-06-26,-
2020-07-08,2772,众兴菌业,农牧饲渔,7.95,8.15,7.93,8.04,7.93,13849198,127613474.26,5.4339,0.983,2.73,否,1.1,5.512,9.239,9.239,5.098,否,367704538,254868410,3401266976.5,2357532792.5,44.911133,1.388358,2.799688,7.8,7.53,7.44,7.54,7.14,6.65,6.45,2015-06-26,-
2020-07-09,2772,众兴菌业,农牧饲渔,8.04,8.39,8.01,8.36,8.01,15560302,146856315.87,6.1052,4.0,4.65,否,1.19,6.361,12.517,15.47,9.424,否,367704538,254868410,3537317655.56,2451834104.2,46.707579,1.443893,2.911675,7.97,7.64,7.47,7.56,7.17,6.66,6.45,2015-06-26,-
2020-07-10,2772,众兴菌业,农牧饲渔,8.34,8.4,8.04,8.07,8.04,13857176,130481286.21,5.437,-3.534,4.26,否,0.96,1.382,7.171,15.782,3.728,否,367704538,254868410,3412298112.64,2365178844.8,45.056791,1.392861,2.808768,8.06,7.75,7.49,7.57,7.19,6.68,6.45,2015-06-26,-
2020-07-13,2772,众兴菌业,农牧饲渔,8.13,8.88,8.12,8.88,8.12,24031682,239350589.63,9.4291,10.022,9.38,否,1.57,10.448,16.535,22.146,7.767,是,367704538,254868410,3754263332.98,2602206466.1,49.572181,1.532447,3.09025,8.26,7.91,7.57,7.61,7.24,6.7,6.46,2015-06-26,-
2020-07-14,2772,众兴菌业,农牧饲渔,9.05,9.38,8.46,9.06,8.46,29490063,298872407.34,11.5707,2.057,10.38,否,1.71,8.373,15.267,23.098,14.975,否,367704538,254868410,3831481285.96,2655728832.2,50.591785,1.563967,3.15381,8.48,8.08,7.67,7.67,7.28,6.73,6.46,2015-06-26,-
2020-07-15,2772,众兴菌业,农牧饲渔,9.06,9.14,8.61,8.72,8.61,18895085,191599451.22,7.4137,-3.743,5.85,否,0.98,8.055,9.548,17.362,13.838,否,367704538,254868410,3688076516.14,2556330152.3,48.698234,1.505431,3.035769,8.62,8.21,7.74,7.7,7.33,6.75,6.47,2015-06-26,-
2020-07-16,2772,众兴菌业,农牧饲渔,8.61,8.69,8.15,8.19,8.15,16365931,158581487.56,6.4213,-6.082,6.28,否,0.8,-7.77,1.866,8.765,6.226,否,367704538,254868410,3463776747.96,2400860422.2,45.736527,1.413874,2.851141,8.58,8.28,7.79,7.72,7.36,6.76,6.47,2015-06-26,-
2020-07-17,2772,众兴菌业,农牧饲渔,8.24,8.43,8.16,8.3,8.16,10906793,104215642.53,4.2794,1.38,3.29,否,0.53,-8.389,-0.718,8.924,8.073,否,367704538,254868410,3511578337.9,2433993315.5,46.367711,1.433386,2.890488,8.63,8.34,7.84,7.74,7.39,6.78,6.48,2015-06-26,-
2020-07-20,2772,众兴菌业,农牧饲渔,8.38,8.87,8.38,8.87,8.38,14942365,148750804.38,5.8628,6.806,5.86,否,0.75,1.72,9.913,12.85,21.175,否,367704538,254868410,3750586287.6,2599657782.0,49.523628,1.530947,3.087223,8.63,8.45,7.92,7.76,7.44,6.8,6.48,2015-06-26,-
2020-07-21,2772,众兴菌业,农牧饲渔,8.86,8.94,8.71,8.76,8.71,10001280,101228281.13,3.9241,-1.177,2.65,否,0.55,6.96,-1.351,10.05,22.176,否,367704538,254868410,3706461743.04,2569073572.8,48.940997,1.512935,3.050903,8.57,8.53,7.99,7.79,7.48,6.82,6.49,2015-06-26,-
2020-07-22,2772,众兴菌业,农牧饲渔,8.72,9.28,8.68,9.09,8.68,16827628,173686241.22,6.6025,3.77,6.94,否,1.18,9.518,0.331,13.06,26.075,否,367704538,254868410,3846189467.48,2665923568.6,50.785995,1.569971,3.165917,8.64,8.63,8.08,7.84,7.53,6.85,6.5,2015-06-26,-
2020-07-23,2772,众兴菌业,农牧饲渔,8.95,9.99,8.92,9.7,8.92,26714021,290727085.65,10.4815,6.692,11.76,否,1.93,9.357,11.239,16.029,33.609,否,367704538,254868410,4103582644.08,2844331455.6,54.184676,1.675036,3.377785,8.94,8.76,8.2,7.9,7.59,6.88,6.51,2015-06-26,-
2020-07-24,2772,众兴菌业,农牧饲渔,9.72,10.06,9.17,9.39,9.17,25982900,287529257.02,10.1946,-3.226,9.14,否,1.64,7.192,14.652,16.357,28.454,否,367704538,254868410,3971209010.4,2752578828.0,52.436783,1.621002,3.268825,9.16,8.9,8.32,7.96,7.64,6.91,6.52,2015-06-26,-
2020-07-27,2772,众兴菌业,农牧饲渔,9.13,9.54,8.67,8.82,8.67,22312647,232020363.72,8.7546,-6.019,9.35,否,1.18,-2.97,6.265,-0.676,21.655,否,367704538,254868410,3732201060.7,2586914361.5,49.769288,1.563254,2.915526,9.15,8.89,8.4,8.01,7.68,6.93,6.53,2015-06-26,-
2020-07-28,2772,众兴菌业,农牧饲渔,8.76,8.94,8.67,8.92,8.67,13737452,139381675.42,5.39,1.084,3.05,否,0.67,-8.041,0.564,-1.545,22.527,否,367704538,254868410,3772648559.88,2614949886.6,50.30866,1.580195,2.947123,9.18,8.88,8.48,8.07,7.72,6.96,6.53,2015-06-26,-
2020-07-29,2772,众兴菌业,农牧饲渔,8.76,8.99,8.6,8.91,8.6,12766942,129253861.69,5.0092,-0.098,4.39,否,0.6,-5.112,1.712,2.179,21.06,否,367704538,254868410,3768971514.5,2612401202.5,50.259626,1.578655,2.944251,9.15,8.9,8.55,8.13,7.76,6.99,6.54,2015-06-26,-
2020-07-30,2772,众兴菌业,农牧饲渔,8.84,9.19,8.81,9.07,8.81,15623014,162534700.81,6.1298,1.756,4.29,否,0.77,2.834,-0.22,10.745,25.276,否,367704538,254868410,3835158331.34,2658277516.3,51.142234,1.606378,2.995955,9.02,8.98,8.63,8.19,7.8,7.02,6.55,2015-06-26,-
2020-07-31,2772,众兴菌业,农牧饲渔,8.99,9.02,8.78,8.89,8.78,13437709,137441368.22,5.2724,-1.918,2.68,否,0.74,-0.336,-8.351,7.108,27.547,否,367704538,254868410,3761617423.74,2607303834.3,50.161558,1.575575,2.938506,8.92,9.04,8.69,8.24,7.84,7.05,6.56,2015-06-26,-
2020-08-03,2772,众兴菌业,农牧饲渔,8.9,9.3,8.88,9.2,8.88,13709726,144163165.73,5.3791,3.421,4.79,否,0.88,3.255,-2.023,3.72,26.547,否,367704538,254868410,3890314012.04,2696507777.8,51.877741,1.62948,3.039041,9.0,9.08,8.76,8.3,7.87,7.08,6.57,2015-06-26,-
2020-08-04,2772,众兴菌业,农牧饲渔,9.29,9.54,9.04,9.15,9.04,17730571,190795247.16,6.9568,-0.473,5.39,否,1.28,0.882,3.741,4.452,24.321,否,367704538,254868410,3871928785.14,2683764357.3,51.632572,1.621779,3.024679,9.04,9.11,8.82,8.37,7.91,7.11,6.58,2015-06-26,-
2020-08-05,2772,众兴菌业,农牧饲渔,9.02,9.37,8.87,9.37,8.87,13366929,140126318.76,5.2446,2.374,5.51,否,0.91,5.399,5.045,3.08,26.11,否,367704538,254868410,3963854919.64,2747481459.8,52.858416,1.660283,3.09649,9.14,9.14,8.89,8.43,7.96,7.13,6.59,2015-06-26,-
2020-08-06,2772,众兴菌业,农牧饲渔,9.26,9.34,8.95,9.11,8.95,11062441,115985104.01,4.3405,-2.783,4.17,否,0.75,-0.978,2.245,-6.082,20.983,否,367704538,254868410,3853543558.24,2671020936.8,51.387403,1.614079,3.010317,9.14,9.08,8.92,8.5,7.99,7.16,6.6,2015-06-26,-
2020-08-07,2772,众兴菌业,农牧饲渔,9.08,9.14,8.58,8.77,8.58,11942696,121292562.56,4.6858,-3.721,6.2,否,0.86,-4.153,-3.308,-6.603,15.092,否,367704538,254868410,3710138788.42,2571622256.9,49.475085,1.554013,2.898292,9.12,9.02,8.96,8.56,8.02,7.18,6.61,2015-06-26,-
2020-08-10,2772,众兴菌业,农牧饲渔,8.69,8.81,8.61,8.74,8.61,5974311,59894574.12,2.3441,-0.297,2.28,否,0.44,-6.724,-1.687,-0.907,11.196,否,367704538,254868410,3699107652.28,2563976204.6,49.327984,1.549392,2.889674,9.03,9.01,8.95,8.6,8.06,7.21,6.61,2015-06-26,-
2020-08-11,2772,众兴菌业,农牧饲渔,8.77,8.91,8.59,8.61,8.59,7289157,73510726.31,2.86,-1.491,3.68,否,0.61,-5.488,-6.413,-3.475,8.166,否,367704538,254868410,3643951971.58,2525745943.1,48.592477,1.52629,2.846588,8.92,8.98,8.93,8.65,8.08,7.23,6.62,2015-06-26,-
2020-08-12,2772,众兴菌业,农牧饲渔,8.6,8.78,8.3,8.44,8.3,8077799,78887265.05,3.1694,-2.018,5.55,否,0.81,-3.763,-7.76,-5.275,4.975,否,367704538,254868410,3570411063.98,2474772261.1,47.611802,1.495487,2.789139,8.73,8.94,8.92,8.68,8.09,7.25,6.63,2015-06-26,-
2020-08-13,2772,众兴菌业,农牧饲渔,8.49,8.9,8.43,8.83,8.43,12281499,123982772.17,4.8188,4.634,5.56,否,1.38,1.03,-5.763,-2.646,5.622,否,367704538,254868410,3735878106.08,2589463045.6,49.818322,1.564794,2.918399,8.68,8.91,8.95,8.72,8.11,7.27,6.64,2015-06-26,-
2020-08-14,2772,众兴菌业,农牧饲渔,8.9,8.9,8.54,8.75,8.54,8260441,82320543.1,3.2411,-0.886,4.04,否,0.91,1.626,-3.952,-1.575,8.426,否,367704538,254868410,3702784697.66,2566524888.7,49.377018,1.550932,2.892547,8.67,8.9,8.97,8.76,8.13,7.29,6.64,2015-06-26,-
2020-08-17,2772,众兴菌业,农牧饲渔,8.69,9.01,8.64,9.0,8.64,11641624,118678870.53,4.5677,2.781,4.27,否,1.39,6.635,2.623,-2.174,1.351,否,367704538,254868410,3805741968.3,2637888043.5,50.749964,1.594057,2.972975,8.73,8.88,8.98,8.8,8.16,7.32,6.65,2015-06-26,-
2020-08-18,2772,众兴菌业,农牧饲渔,8.95,9.3,8.94,9.16,8.94,14120787,148865468.63,5.5404,1.836,3.96,否,1.48,3.737,4.805,0.109,1.104,否,367704538,254868410,3875605830.52,2686313041.4,51.681605,1.62332,3.027551,8.84,8.88,9.0,8.84,8.18,7.34,6.66,2015-06-26,-
2020-08-19,2772,众兴菌业,农牧饲渔,9.08,9.5,9.03,9.24,9.03,18153444,194661967.33,7.1227,0.854,5.12,否,1.67,5.6,7.317,-1.387,5.963,否,367704538,254868410,3908699238.94,2709251198.3,52.122909,1.637181,3.053403,9.0,8.87,9.0,8.88,8.21,7.37,6.68,2015-06-26,-
2020-08-20,2772,众兴菌业,农牧饲渔,9.13,9.5,8.88,9.06,8.88,13319270,140921345.37,5.2259,-1.976,6.68,否,1.03,0.667,7.346,-0.549,10.623,否,367704538,254868410,3831481285.96,2655728832.2,51.0932,1.604838,2.993082,9.04,8.86,8.97,8.9,8.23,7.4,6.69,2015-06-26,-
2020-08-21,2772,众兴菌业,农牧饲渔,9.15,9.56,9.14,9.34,9.14,15155499,163389091.5,5.9464,3.167,4.61,否,1.16,1.965,5.776,6.499,12.53,否,367704538,254868410,3952823783.5,2739835407.5,52.711315,1.655663,3.087873,9.16,8.92,8.97,8.94,8.26,7.43,6.7,2015-06-26,-
2020-08-24,2772,众兴菌业,农牧饲渔,9.35,9.56,9.08,9.47,9.08,14397521,154824734.99,5.649,1.302,5.12,否,0.99,2.489,8.229,8.352,6.764,否,367704538,254868410,4004302418.82,2775516984.9,53.397788,1.677225,3.128087,9.25,8.99,9.0,8.96,8.29,7.46,6.71,2015-06-26,-
2020-08-25,2772,众兴菌业,农牧饲渔,9.66,9.7,9.11,9.14,9.11,12341933,132877066.05,4.8425,-3.398,6.24,否,0.82,0.883,1.556,6.156,4.338,否,367704538,254868410,3868251739.76,2681215673.2,51.583538,1.620239,3.021807,9.25,9.04,9.01,8.97,8.32,7.49,6.72,2015-06-26,-
2020-08-26,2772,众兴菌业,农牧饲渔,9.1,9.35,8.66,8.72,8.66,13417812,138234050.63,5.2646,-4.658,7.6,否,0.91,-6.638,-4.803,3.318,-4.07,否,367704538,254868410,3688076516.14,2556330152.3,49.180883,1.544772,2.881057,9.15,9.07,9.0,8.97,8.34,7.51,6.73,2015-06-26,-
2020-08-27,2772,众兴菌业,农牧饲渔,8.77,8.8,8.6,8.68,8.6,6554579,65517387.78,2.5718,-0.399,2.29,否,0.48,-8.342,-6.061,-1.699,-10.515,否,367704538,254868410,3673368334.62,2546135415.9,48.984747,1.538611,2.869567,9.07,9.06,8.98,8.98,8.35,7.53,6.74,2015-06-26,-
2020-08-28,2772,众兴菌业,农牧饲渔,8.73,8.8,8.51,8.74,8.51,7466732,74398534.88,2.9296,0.601,3.3,否,0.6,-4.376,-3.532,-0.114,-6.922,否,367704538,254868410,3695430606.9,2561427520.5,49.27895,1.547852,2.886802,8.95,9.06,8.98,9.0,8.37,7.55,6.75,2015-06-26,-
2020-08-31,2772,众兴菌业,农牧饲渔,8.74,8.83,8.69,8.77,8.69,5868723,59198369.83,2.3026,0.398,1.59,否,0.54,0.573,-6.103,-2.556,-0.567,否,367704538,254868410,3710138788.42,2571622256.9,49.475085,1.554013,2.898292,8.81,9.03,8.95,8.99,8.38,7.58,6.76,2015-06-26,-
2020-09-01,2772,众兴菌业,农牧饲渔,8.76,8.77,8.61,8.73,8.61,4558435,45462304.77,1.7885,-0.496,1.88,否,0.5,0.576,-7.814,-4.694,-2.13,否,367704538,254868410,3691753561.52,2558878836.4,49.229916,1.546312,2.883929,8.73,8.99,8.93,8.99,8.39,7.6,6.77,2015-06-26,-
2020-09-02,2772,众兴菌业,农牧饲渔,8.68,8.89,8.63,8.67,8.63,5453285,54687175.88,2.1396,-0.697,2.99,否,0.72,-0.801,-5.142,-6.169,-2.694,否,367704538,254868410,3666014243.86,2541038047.7,48.88668,1.535531,2.863822,8.72,8.93,8.9,8.98,8.41,7.62,6.78,2015-06-26,-
2020-09-03,2772,众兴菌业,农牧饲渔,8.61,8.64,8.43,8.48,8.43,6376051,62331270.32,2.5017,-2.207,2.41,否,1.07,-3.307,-2.752,-6.402,-6.505,否,367704538,254868410,3585119245.5,2484966997.5,47.807937,1.501648,2.800629,8.68,8.87,8.87,8.94,8.42,7.64,6.78,2015-06-26,-
2020-09-04,2772,众兴菌业,农牧饲渔,8.39,8.39,8.08,8.21,8.08,8594664,81103187.64,3.3722,-3.18,3.59,否,1.45,-5.956,-5.415,-12.099,-7.649,否,367704538,254868410,3471130838.72,2405957790.4,46.287889,1.453903,2.711583,8.57,8.76,8.84,8.9,8.43,7.66,6.79,2015-06-26,-
2020-09-07,2772,众兴菌业,农牧饲渔,8.2,8.25,7.9,7.94,7.9,6886457,63957332.06,2.702,-3.284,4.24,否,1.12,-8.42,-9.153,-16.156,-13.696,否,367704538,254868410,3357142431.94,2326948583.3,44.767842,1.406158,2.622537,8.41,8.61,8.8,8.87,8.44,7.67,6.8,2015-06-26,-
2020-09-08,2772,众兴菌业,农牧饲渔,7.94,8.08,7.83,8.03,7.83,4807479,44069338.8,1.8863,1.205,3.18,否,0.75,-5.307,-8.438,-12.144,-12.24,否,367704538,254868410,3397589931.12,2354984108.4,45.307214,1.4231,2.654134,8.27,8.5,8.77,8.84,8.46,7.69,6.8,2015-06-26,-
2020-09-09,2772,众兴菌业,农牧饲渔,7.95,8.12,7.84,7.86,7.84,4463132,40766016.23,1.7512,-2.165,3.46,否,0.69,-4.263,-9.966,-9.862,-16.115,否,367704538,254868410,3324049023.52,2304010426.4,44.326538,1.392297,2.596685,8.1,8.41,8.74,8.81,8.47,7.7,6.81,2015-06-26,-
2020-09-10,2772,众兴菌业,农牧饲渔,7.87,7.93,7.61,7.64,7.61,5521405,49165798.36,2.1664,-2.766,4.09,否,0.89,-3.778,-11.88,-11.982,-16.136,否,367704538,254868410,3232122889.02,2240293323.9,43.100694,1.353793,2.524875,7.94,8.31,8.68,8.76,8.47,7.71,6.81,2015-06-26,-
2020-09-11,2772,众兴菌业,农牧饲渔,7.56,7.76,7.54,7.75,7.54,3244760,28625517.03,1.2731,1.365,2.96,否,0.54,-3.487,-8.608,-11.327,-11.631,否,367704538,254868410,3276247433.58,2270877533.1,43.689099,1.372275,2.559344,7.84,8.21,8.63,8.72,8.48,7.72,6.82,2015-06-26,-
2020-09-14,2772,众兴菌业,农牧饲渔,7.73,7.86,7.72,7.83,7.72,3044614,27290950.88,1.1946,1.122,1.8,否,0.61,-0.382,-4.629,-10.718,-10.412,否,367704538,254868410,3313017887.38,2296364374.1,44.179437,1.387676,2.588068,7.82,8.11,8.57,8.67,8.49,7.73,6.82,2015-06-26,-
2020-09-15,2772,众兴菌业,农牧饲渔,7.85,7.85,7.71,7.76,7.71,2185152,19498568.32,0.8574,-0.888,1.78,否,0.52,1.571,-2.267,-11.111,-9.872,否,367704538,254868410,3283601524.34,2275974901.3,43.787167,1.375355,2.565089,7.77,8.02,8.5,8.63,8.5,7.75,6.83,2015-06-26,-
2020-09-16,2772,众兴菌业,农牧饲渔,7.71,7.79,7.61,7.67,7.61,2365262,20925572.7,0.928,-1.232,2.24,否,0.64,-1.032,-4.483,-11.534,-9.123,否,367704538,254868410,3243154025.16,2247939376.2,43.247795,1.358413,2.533492,7.73,7.92,8.42,8.57,8.5,7.76,6.83,2015-06-26,-
2020-09-17,2772,众兴菌业,农牧饲渔,7.67,7.67,7.47,7.6,7.47,3570705,31046621.6,1.401,-0.907,2.61,否,1.09,-2.937,-3.308,-10.377,-13.93,否,367704538,254868410,3213737662.12,2227549903.4,42.855525,1.346092,2.510512,7.72,7.83,8.35,8.52,8.51,7.77,6.83,2015-06-26,-
2020-09-18,2772,众兴菌业,农牧饲渔,7.6,7.72,7.53,7.72,7.53,3184180,27968484.39,1.2493,1.602,2.52,否,1.1,-0.515,1.047,-5.968,-11.771,否,367704538,254868410,3265216297.44,2263231480.8,43.541998,1.367654,2.550726,7.72,7.78,8.27,8.49,8.52,7.77,6.84,2015-06-26,-
2020-09-21,2772,众兴菌业,农牧饲渔,7.68,7.86,7.67,7.81,7.67,3074666,27517997.72,1.2064,1.239,2.48,否,1.07,1.825,0.774,-1.637,-13.222,否,367704538,254868410,3305663796.62,2291267005.9,44.081369,1.384596,2.582323,7.71,7.77,8.19,8.46,8.53,7.78,6.84,2015-06-26,-
2020-09-22,2772,众兴菌业,农牧饲渔,7.72,7.87,7.66,7.7,7.66,2348410,20932873.1,0.9214,-1.446,2.67,否,0.82,1.316,-1.66,-4.11,-15.939,否,367704538,254868410,3257862206.68,2258134112.6,43.44393,1.364574,2.544982,7.7,7.73,8.12,8.42,8.54,7.79,6.85,2015-06-26,-
2020-09-23,2772,众兴菌业,农牧饲渔,7.7,7.73,7.61,7.62,7.61,2144326,18886684.76,0.8413,-1.016,1.47,否,0.74,-1.295,-1.804,-3.053,-17.532,否,367704538,254868410,3224768798.26,2235195955.7,43.002626,1.350713,2.51913,7.69,7.71,8.06,8.4,8.54,7.79,6.85,2015-06-26,-
2020-09-24,2772,众兴菌业,农牧饲渔,7.56,7.75,7.5,7.51,7.5,3258338,28600164.26,1.2784,-1.482,3.31,否,1.14,-3.841,-2.086,-1.702,-17.108,否,367704538,254868410,3176967208.32,2202063062.4,42.365187,1.330691,2.481788,7.67,7.7,8.0,8.35,8.54,7.8,6.85,2015-06-26,-
2020-09-25,2772,众兴菌业,农牧饲渔,8.26,8.26,8.26,8.26,8.26,4442423,42203018.5,1.743,9.954,0.0,否,1.59,7.273,8.684,6.581,-11.563,是,367704538,254868410,3493193111.0,2421249895.0,46.582092,1.463144,2.728818,7.78,7.75,7.98,8.34,8.55,7.82,6.86,2015-06-26,-
2020-09-28,2772,众兴菌业,农牧饲渔,8.68,8.68,8.11,8.27,8.11,16614363,160108474.2,6.5188,0.105,6.84,否,5.44,8.53,7.124,5.619,-12.672,否,367704538,254868410,3496870156.38,2423798579.1,46.631126,1.464684,2.73169,7.87,7.79,7.95,8.31,8.56,7.83,6.87,2015-06-26,-
2020-09-29,2772,众兴菌业,农牧饲渔,8.18,8.24,7.96,8.09,7.96,8132165,75615901.89,3.1907,-2.103,3.36,否,1.41,7.723,3.585,4.253,-11.488,否,367704538,254868410,3423329248.78,2372824897.1,45.65045,1.433881,2.674241,7.95,7.83,7.92,8.28,8.56,7.84,6.87,2015-06-26,-
2020-09-30,2772,众兴菌业,农牧饲渔,8.07,8.21,7.91,7.91,7.91,6081944,56280771.74,2.3863,-2.256,3.76,否,0.88,-4.237,2.727,3.129,-9.289,否,367714207,254878079,3346199283.7,2319390518.9,44.620741,1.401538,2.61392,8.01,7.85,7.88,8.23,8.56,7.85,6.88,2015-06-26,-
2020-10-09,2772,众兴菌业,农牧饲渔,8.0,8.23,7.98,8.15,7.98,6820371,63747015.46,2.676,3.077,3.19,否,0.89,-1.451,6.955,7.237,-6.106,否,367714207,254878079,3449159261.66,2390756381.02,45.993687,1.444662,2.694348,8.14,7.9,7.87,8.2,8.55,7.86,6.89,2015-06-26,-
2020-10-12,2772,众兴菌业,农牧饲渔,8.2,8.35,8.14,8.35,8.14,6552178,62387306.36,2.5707,2.345,2.56,否,0.78,3.214,11.185,8.161,-4.462,否,367714207,254878079,3530056387.2,2446829558.4,47.073668,1.478584,2.757615,8.15,7.97,7.87,8.17,8.56,7.88,6.9,2015-06-26,-
2020-10-13,2772,众兴菌业,农牧饲渔,8.43,8.46,8.24,8.33,8.24,5805874,55523403.34,2.2779,-0.208,2.6,否,0.66,5.31,0.847,6.658,-5.017,否,367714207,254878079,3522702103.06,2441731996.82,46.975598,1.475504,2.75187,8.17,8.02,7.89,8.13,8.55,7.89,6.91,2015-06-26,-
2020-10-14,2772,众兴菌业,农牧饲渔,8.33,8.37,8.17,8.2,8.17,4091100,38851029.0,1.6051,-1.566,2.4,否,0.61,0.613,-0.846,6.494,-6.071,否,367714207,254878079,3467544972.01,2403500284.97,46.240072,1.452401,2.708782,8.19,8.07,7.9,8.1,8.53,7.91,6.91,2015-06-26,-
2020-10-15,2772,众兴菌业,农牧饲渔,8.2,8.23,8.1,8.18,8.1,2826062,26541255.72,1.1088,-0.212,1.59,否,0.48,-2.036,1.112,7.349,-5.652,否,367714207,254878079,3460190687.87,2398402723.39,46.142001,1.449321,2.703037,8.24,8.13,7.92,8.08,8.52,7.93,6.92,2015-06-26,-
2020-10-16,2772,众兴菌业,农牧饲渔,8.18,8.26,8.13,8.19,8.13,2710221,25486329.04,1.0633,0.106,1.59,否,0.52,-1.681,3.54,9.055,-3.42,否,367714207,254878079,3463867829.94,2400951504.18,46.191037,1.450861,2.705909,8.25,8.19,7.95,8.07,8.52,7.94,6.93,2015-06-26,-
2020-10-19,2772,众兴菌业,农牧饲渔,8.24,8.39,8.11,8.15,8.11,3623736,34341029.26,1.4218,-0.425,3.4,否,0.82,-0.61,0.0,-1.332,-0.731,否,367714207,254878079,3449159261.66,2390756381.02,45.994896,1.4447,2.694419,8.21,8.18,7.97,8.05,8.52,7.96,6.94,2015-06-26,-
2020-10-20,2772,众兴菌业,农牧饲渔,8.08,8.35,8.0,8.33,8.0,4571401,43165352.45,1.7936,2.132,4.26,否,1.2,1.834,-0.24,0.726,4.912,否,367714207,254878079,3522702103.06,2441731996.82,46.975598,1.475504,2.75187,8.21,8.19,7.99,8.03,8.51,7.98,6.95,2015-06-26,-
2020-10-21,2772,众兴菌业,农牧饲渔,8.33,8.41,8.15,8.21,8.15,3441185,32653481.55,1.3501,-1.461,3.13,否,0.97,0.244,-1.441,1.483,2.242,否,367714207,254878079,3471222114.08,2406049065.76,46.289107,1.453941,2.711654,8.21,8.2,8.01,8.01,8.5,7.99,6.96,2015-06-26,-
2020-10-22,2772,众兴菌业,农牧饲渔,8.3,8.6,8.22,8.52,8.22,13373999,129976653.05,5.2472,3.814,4.56,否,3.89,4.54,3.902,7.712,8.397,否,367714207,254878079,3603599228.6,2497805174.2,24.084031,1.468209,2.534245,8.28,8.26,8.06,8.01,8.49,8.01,6.97,2015-06-26,-
2020-10-23,2772,众兴菌业,农牧饲渔,8.47,8.54,8.29,8.38,8.29,7109005,68709180.96,2.7892,-1.633,2.96,否,1.28,0.6,2.445,2.822,9.686,否,367714207,254878079,3544764955.48,2457024681.56,23.690822,1.444239,2.492869,8.32,8.28,8.09,8.01,8.47,8.03,6.98,2015-06-26,-
2020-10-26,2772,众兴菌业,农牧饲渔,8.32,8.45,8.17,8.25,8.17,5282357,50252079.03,2.0725,-1.556,3.32,否,0.82,0.487,0.733,-1.198,6.452,否,367714207,254878079,3489607824.43,2418792969.71,23.322189,1.421766,2.45408,8.34,8.27,8.12,8.01,8.45,8.05,6.99,2015-06-26,-
2020-10-27,2772,众兴菌业,农牧饲渔,8.15,8.33,8.12,8.24,8.12,3430957,32487267.61,1.3461,-0.105,2.53,否,0.51,-3.286,1.104,-1.08,5.236,否,367714207,254878079,3485930682.36,2416244188.92,23.297613,1.420268,2.451494,8.32,8.27,8.14,8.02,8.44,8.06,7.0,2015-06-26,-
2020-10-28,2772,众兴菌业,农牧饲渔,8.24,8.25,7.87,8.05,7.87,5902949,54404879.01,2.316,-2.321,4.64,否,0.9,-3.938,-3.361,-1.829,3.737,否,367714207,254878079,3405033556.82,2360171011.54,22.756952,1.387308,2.394602,8.29,8.25,8.16,8.02,8.43,8.07,7.01,2015-06-26,-
2020-10-29,2772,众兴菌业,农牧饲渔,7.89,8.04,7.89,8.0,7.89,3278215,30040817.4,1.2862,-0.648,1.84,否,0.47,-3.03,-2.558,-2.2,4.302,否,367714207,254878079,3382970704.4,2344878326.8,22.609498,1.378319,2.379087,8.18,8.23,8.18,8.02,8.41,8.09,7.02,2015-06-26,-
2020-10-30,2772,众兴菌业,农牧饲渔,8.01,8.15,7.74,7.79,7.74,5088357,46748539.87,1.9964,-2.609,5.11,否,1.02,-5.461,-8.568,-4.884,2.5,否,367714207,254878079,3294719294.72,2283707587.84,22.019685,1.342363,2.317024,8.07,8.19,8.19,8.03,8.39,8.1,7.02,2015-06-26,-
2020-11-02,2772,众兴菌业,农牧饲渔,7.75,7.85,7.67,7.76,7.67,4088848,36383419.11,1.6042,-0.335,2.34,否,0.89,-3.602,-7.399,-4.785,0.518,否,367714207,254878079,3283687868.51,2276061245.47,21.945959,1.337868,2.309266,7.97,8.15,8.17,8.03,8.37,8.1,7.03,2015-06-26,-
2020-11-03,2772,众兴菌业,农牧饲渔,7.81,7.97,7.7,7.91,7.7,3179168,28704467.24,1.2473,1.904,3.47,否,0.73,-1.125,-4.121,-5.042,1.28,否,367714207,254878079,3346199283.7,2319390518.9,22.363743,1.363337,2.353227,7.9,8.11,8.15,8.03,8.35,8.11,7.04,2015-06-26,-
2020-11-04,2772,众兴菌业,农牧饲渔,7.93,7.95,7.72,7.81,7.72,2593010,23339656.32,1.0174,-1.209,2.97,否,0.6,0.257,-5.218,-4.872,1.429,否,367714207,254878079,3305750720.93,2291353930.21,22.093412,1.346857,2.324781,7.85,8.07,8.14,8.03,8.33,8.12,7.05,2015-06-26,-
2020-11-05,2772,众兴菌业,农牧饲渔,7.87,7.99,7.83,7.97,7.83,3175121,28877898.95,1.2457,2.002,2.0,否,0.87,2.706,-0.994,-6.455,4.593,否,367714207,254878079,3371939278.19,2337231984.43,22.535772,1.373824,2.371329,7.85,8.02,8.14,8.04,8.31,8.13,7.05,2015-06-26,-
2020-11-06,2772,众兴菌业,农牧饲渔,7.98,7.98,7.87,7.93,7.87,1909678,17381037.4,0.7493,-0.545,1.42,否,0.53,0.253,-0.875,-5.37,5.593,否,367714207,254878079,3353553567.84,2324488080.48,22.412894,1.366334,2.358399,7.88,7.97,8.13,8.05,8.29,8.14,7.06,2015-06-26,-
2020-11-09,2772,众兴菌业,农牧饲渔,7.96,8.03,7.92,8.01,7.92,3988727,36637256.51,1.565,0.987,1.43,否,1.33,2.561,2.824,-2.909,-3.027,否,367714207,254878079,3386647846.47,2347427107.59,22.634074,1.379817,2.381673,7.93,7.95,8.11,8.06,8.27,8.15,7.07,2015-06-26,-
2020-11-10,2772,众兴菌业,农牧饲渔,8.05,8.05,7.87,7.91,7.87,3022280,27647135.44,1.1858,-1.194,2.28,否,1.02,-0.753,1.933,-4.005,-4.353,否,367714207,254878079,3346199283.7,2319390518.9,22.363743,1.363337,2.353227,7.93,7.91,8.09,8.07,8.26,8.16,7.08,2015-06-26,-
2020-11-11,2772,众兴菌业,农牧饲渔,7.92,8.11,7.85,7.95,7.85,3614529,33298709.89,1.4181,0.44,3.3,否,1.23,0.252,0.506,-1.242,-1.731,否,367714207,254878079,3360907851.98,2329585642.06,22.462045,1.36933,2.363571,7.95,7.9,8.08,8.07,8.25,8.17,7.09,2015-06-26,-
2020-11-12,2772,众兴菌业,农牧饲渔,7.91,7.96,7.88,7.95,7.88,2100206,19144772.88,0.824,0.0,1.09,否,0.67,-0.749,1.793,-0.625,0.506,否,367714207,254878079,3360907851.98,2329585642.06,22.462045,1.36933,2.363571,7.95,7.9,8.07,8.09,8.24,8.17,7.09,2015-06-26,-
2020-11-13,2772,众兴菌业,农牧饲渔,7.91,7.91,7.75,7.8,7.75,2988013,26813078.69,1.1723,-1.86,1.97,否,1.02,-1.391,-2.133,0.128,-4.294,否,367714207,254878079,3298396436.79,2286256368.63,22.044261,1.343861,2.31961,7.92,7.9,8.05,8.1,8.22,8.17,7.1,2015-06-26,-
2020-11-16,2772,众兴菌业,农牧饲渔,7.82,7.97,7.79,7.93,7.79,2910697,26409652.83,1.142,1.672,2.34,否,0.93,-0.252,0.0,2.191,-5.03,否,367714207,254878079,3353553567.84,2324488080.48,22.412894,1.366334,2.358399,7.91,7.92,8.04,8.08,8.21,8.17,7.11,2015-06-26,-
2020-11-17,2772,众兴菌业,农牧饲渔,7.93,7.99,7.89,7.95,7.89,2651800,24194006.0,1.0404,0.329,1.21,否,0.91,0.0,-0.749,0.506,-4.562,否,367714207,254878079,3364584994.05,2332134422.85,22.486621,1.370828,2.366157,7.92,7.92,8.02,8.07,8.19,8.17,7.12,2015-06-26,-
2020-11-18,2772,众兴菌业,农牧饲渔,7.92,8.01,7.91,7.95,7.91,2630057,24093801.7,1.0319,0.0,1.31,否,0.92,1.923,0.506,1.793,-3.049,否,367714207,254878079,3364584994.05,2332134422.85,22.486621,1.370828,2.366157,7.92,7.94,8.0,8.07,8.17,8.18,7.13,2015-06-26,-
2020-11-19,2772,众兴菌业,农牧饲渔,7.95,7.97,7.88,7.96,7.88,1912700,17462320.0,0.7504,0.109,1.09,否,0.72,0.378,0.126,-0.125,-2.689,否,367714207,254878079,3368262136.12,2334683203.64,22.511196,1.372326,2.368743,7.92,7.93,7.98,8.07,8.15,8.18,7.14,2015-06-26,-
2020-11-20,2772,众兴菌业,农牧饲渔,7.95,8.11,7.93,8.07,7.93,4058754,37502217.02,1.5924,1.31,2.29,否,1.55,1.509,1.509,1.765,-1.465,否,367714207,254878079,3412387840.96,2365268573.12,22.806103,1.390304,2.399774,7.97,7.95,7.96,8.07,8.14,8.18,7.15,2015-06-26,-
2020-11-23,2772,众兴菌业,农牧饲渔,8.07,8.23,8.04,8.16,8.04,4630082,43450522.86,1.8166,1.185,2.37,否,1.63,2.642,4.615,1.873,0.123,否,367714207,254878079,3452836403.73,2393305161.81,23.076434,1.406784,2.42822,8.02,7.96,7.96,8.06,8.12,8.19,7.16,2015-06-26,-
2020-11-24,2772,众兴菌业,农牧饲渔,8.15,8.22,8.09,8.1,8.09,2779503,26015942.38,1.0905,-0.746,1.6,否,0.87,1.759,2.144,2.402,-2.761,否,367714207,254878079,3427096409.24,2375463696.28,22.904405,1.396297,2.410118,8.05,7.98,7.95,8.05,8.09,8.19,7.17,2015-06-26,-
2020-11-25,2772,众兴菌业,农牧饲渔,8.15,8.15,7.95,7.96,7.95,3376026,31248642.69,1.3246,-1.717,2.36,否,1.05,-1.363,0.126,0.126,-3.045,否,367714207,254878079,3368262136.12,2334683203.64,22.511196,1.372326,2.368743,8.05,7.98,7.94,8.05,8.07,8.2,7.18,2015-06-26,-
2020-11-26,2772,众兴菌业,农牧饲渔,7.97,8.03,7.91,7.92,7.91,2189467,20032904.75,0.859,-0.546,1.53,否,0.65,-2.941,-0.377,-0.377,-7.042,否,367714207,254878079,3349876425.77,2321939299.69,22.388318,1.364835,2.355813,8.04,7.98,7.94,8.04,8.06,8.2,7.19,2015-06-26,-
2020-11-27,2772,众兴菌业,农牧饲渔,7.91,8.01,7.88,8.0,7.88,2933443,26846373.77,1.1509,0.988,1.65,否,0.86,-1.235,0.503,2.564,-4.535,否,367714207,254878079,3382970704.4,2344878326.8,22.609498,1.378319,2.379087,8.03,8.0,7.95,8.03,8.05,8.2,7.2,2015-06-26,-
2020-11-30,2772,众兴菌业,农牧饲渔,8.01,8.18,8.0,8.12,8.0,4180222,38959949.72,1.6401,1.522,2.28,否,1.31,2.01,0.62,2.396,-1.576,否,367714207,254878079,3434450693.38,2380561257.86,22.953556,1.399293,2.41529,8.02,8.02,7.97,8.03,8.04,8.2,7.21,2015-06-26,-
2020-12-01,2772,众兴菌业,农牧饲渔,8.08,8.2,8.05,8.19,8.05,4052133,38042254.85,1.5898,0.857,1.82,否,1.31,3.409,0.368,3.019,-0.607,否,367714207,254878079,3463867829.94,2400951504.18,23.15016,1.411279,2.435978,8.04,8.04,7.98,8.03,8.03,8.2,7.22,2015-06-26,-
2020-12-02,2772,众兴菌业,农牧饲渔,8.19,8.28,8.14,8.15,8.14,3551748,33447990.0,1.3935,-0.425,1.7,否,1.06,1.875,0.617,2.516,1.242,否,367714207,254878079,3449159261.66,2390756381.02,23.051858,1.405286,2.425634,8.08,8.06,8.0,8.02,8.02,8.21,7.23,2015-06-26,-
2020-12-03,2772,众兴菌业,农牧饲渔,8.14,8.37,8.09,8.32,8.09,6643088,63055045.09,2.6064,2.026,3.41,否,1.96,2.463,4.523,4.523,4.0,否,367714207,254878079,3519024960.99,2439183216.03,23.518793,1.433751,2.474767,8.16,8.1,8.02,8.02,8.01,8.21,7.24,2015-06-26,-
2020-12-04,2772,众兴菌业,农牧饲渔,8.34,8.48,8.21,8.43,8.21,7408211,71339213.78,2.9066,1.358,3.24,否,1.73,2.93,6.439,4.461,8.216,否,367714207,254878079,3566827807.9,2472317366.3,23.838275,1.453228,2.508385,8.24,8.14,8.04,8.02,8.01,8.22,7.25,2015-06-26,-
2020-12-07,2772,众兴菌业,农牧饲渔,8.41,8.82,8.33,8.67,8.33,13690898,136288265.52,5.3715,2.784,5.88,否,2.65,6.38,8.375,6.25,11.727,否,367714207,254878079,3666110643.79,2541134447.63,24.501815,1.493678,2.578206,8.35,8.19,8.07,8.03,8.02,8.22,7.26,2015-06-26,-
2020-12-08,2772,众兴菌业,农牧饲渔,8.61,8.71,8.46,8.54,8.46,7730696,76151629.18,3.0331,-1.505,2.91,否,1.09,2.644,5.172,5.432,7.965,否,367714207,254878079,3610953512.74,2502902735.78,24.133182,1.471206,2.539416,8.42,8.23,8.11,8.04,8.03,8.24,7.27,2015-06-26,-
2020-12-09,2772,众兴菌业,农牧饲渔,8.49,8.68,8.31,8.36,8.31,7646793,74868314.6,3.0002,-2.037,4.38,否,0.98,-0.83,2.076,5.025,7.042,否,367714207,254878079,3537410671.34,2451927119.98,23.641671,1.441242,2.487697,8.46,8.27,8.13,8.05,8.04,8.25,7.28,2015-06-26,-
2020-12-10,2772,众兴菌业,农牧饲渔,8.35,8.64,8.32,8.47,8.32,7819640,76567243.3,3.068,1.247,3.85,否,0.91,-2.307,3.926,6.944,6.274,否,367714207,254878079,3581536376.18,2482512489.46,23.936578,1.45922,2.518729,8.49,8.33,8.15,8.07,8.05,8.26,7.29,2015-06-26,-
2020-12-11,2772,众兴菌业,农牧饲渔,8.43,8.82,8.32,8.76,8.32,13727422,136253415.24,5.3859,3.491,5.95,否,1.55,2.576,5.288,9.5,10.467,否,367714207,254878079,3706559206.56,2569171036.32,24.772146,1.510158,2.606651,8.56,8.4,8.2,8.1,8.06,8.27,7.31,2015-06-26,-
2020-12-14,2772,众兴菌业,农牧饲渔,8.81,9.18,8.71,9.01,8.71,20803407,215801502.92,8.1621,2.877,5.36,否,2.06,7.775,6.88,10.961,12.484,否,367714207,254878079,3813196326.59,2643085679.23,25.484837,1.553605,2.681644,8.63,8.49,8.25,8.14,8.08,8.28,7.32,2015-06-26,-
2020-12-15,2772,众兴菌业,农牧饲渔,8.94,8.98,8.68,8.79,8.68,11026597,111544721.18,4.3262,-2.507,3.28,否,0.96,3.778,1.384,7.326,11.125,否,367714207,254878079,3717590632.77,2576817378.69,24.845873,1.514653,2.614409,8.68,8.55,8.3,8.17,8.1,8.3,7.33,2015-06-26,-
2020-12-16,2772,众兴菌业,农牧饲渔,8.76,9.08,8.72,9.08,8.72,12634768,129925489.26,4.9572,3.363,4.15,否,1.04,3.653,6.323,11.411,14.214,否,367714207,254878079,3842613463.15,2663475925.55,25.681441,1.565591,2.702332,8.82,8.64,8.35,8.21,8.12,8.31,7.34,2015-06-26,-
2020-12-17,2772,众兴菌业,农牧饲渔,9.04,9.12,8.81,8.95,8.81,9814674,100671711.74,3.8507,-1.435,3.35,否,0.74,-0.666,7.057,7.572,12.579,否,367714207,254878079,3787456332.1,2625244213.7,25.312808,1.543118,2.663543,8.92,8.71,8.4,8.25,8.14,8.32,7.36,2015-06-26,-
2020-12-18,2772,众兴菌业,农牧饲渔,8.88,8.94,8.71,8.77,8.71,8959075,90682096.35,3.515,-2.039,2.52,否,0.66,-0.228,3.542,4.033,12.436,否,367714207,254878079,3710236348.63,2571719817.11,24.796722,1.511656,2.609237,8.92,8.74,8.44,8.27,8.16,8.34,7.37,2015-06-26,-
2020-12-21,2772,众兴菌业,农牧饲渔,8.86,9.14,8.82,9.01,8.82,12287963,127281352.43,4.8211,2.775,3.67,否,0.97,-0.771,2.854,3.922,13.619,否,367714207,254878079,3813196326.59,2643085679.23,25.484837,1.553605,2.681644,8.92,8.77,8.48,8.31,8.19,8.35,7.38,2015-06-26,-
2020-12-22,2772,众兴菌业,农牧饲渔,8.91,9.03,8.56,8.62,8.56,11488765,115746183.08,4.5076,-4.339,5.21,否,1.05,-3.687,-4.329,0.937,8.428,否,367714207,254878079,3647724933.44,2528390543.68,24.378937,1.486187,2.565276,8.89,8.78,8.51,8.33,8.2,8.36,7.39,2015-06-26,-
2020-12-23,2772,众兴菌业,农牧饲渔,8.55,8.82,8.48,8.73,8.48,8851044,88172486.42,3.4727,1.21,3.93,否,0.8,-0.456,-0.683,4.426,9.811,否,367714207,254878079,3691850638.28,2558975913.16,24.673844,1.504165,2.596308,8.82,8.82,8.54,8.36,8.22,8.38,7.41,2015-06-26,-
2020-12-24,2772,众兴菌业,农牧饲渔,8.68,8.79,8.21,8.26,8.21,9917436,96972140.15,3.8911,-5.379,6.57,否,0.96,-8.324,-9.031,-2.479,3.769,否,367714207,254878079,3493284966.5,2421341750.5,23.346765,1.423264,2.456666,8.68,8.8,8.56,8.37,8.23,8.38,7.42,2015-06-26,-
2020-12-25,2772,众兴菌业,农牧饲渔,8.26,8.31,7.91,7.93,7.91,8997307,83424480.44,3.53,-4.0,4.84,否,0.87,-8.005,-11.397,-9.475,-1.735,否,367714207,254878079,3353553567.84,2324488080.48,22.412894,1.366334,2.358399,8.51,8.72,8.56,8.37,8.23,8.39,7.42,2015-06-26,-
2020-12-28,2772,众兴菌业,农牧饲渔,8.39,8.72,8.25,8.72,8.25,7419101,72859776.94,2.9108,9.978,5.92,否,0.72,-0.115,-0.57,-3.219,6.863,是,367714207,254878079,3688173496.21,2556427132.37,24.649268,1.502667,2.593722,8.45,8.69,8.59,8.4,8.24,8.4,7.43,2015-06-26,-
2020-12-29,2772,众兴菌业,农牧饲渔,9.21,9.56,8.87,8.93,8.87,34477375,363749055.48,13.527,2.393,7.98,否,3.69,8.111,-0.888,1.593,10.247,否,367714207,254878079,3776424905.89,2617597871.33,25.239081,1.538623,2.655785,8.51,8.7,8.63,8.43,8.25,8.4,7.45,2015-06-26,-
2020-12-30,2772,众兴菌业,农牧饲渔,9.07,9.82,9.03,9.82,9.03,38557166,426566202.48,15.1277,10.029,8.86,否,2.77,23.834,13.921,8.15,23.367,是,367714207,254878079,4155170539.1,2880122292.7,27.770362,1.692935,2.922139,8.73,8.77,8.71,8.49,8.28,8.42,7.46,2015-06-26,-
2020-12-31,2772,众兴菌业,农牧饲渔,10.2,10.5,9.42,10.04,9.42,48732378,563172405.34,19.1199,2.212,10.97,否,2.45,15.138,15.006,12.179,26.768,否,367717112,254880984,4247132643.6,2943875365.2,28.384751,1.73039,2.986788,9.09,8.88,8.79,8.56,8.32,8.44,7.48,2015-06-26,-
2021-01-04,2772,众兴菌业,农牧饲渔,9.75,10.26,9.68,9.99,9.68,33153932,378947127.83,13.0076,-0.52,5.8,否,1.2,11.87,20.944,13.911,24.875,否,367717112,254880984,4225069616.88,2928582506.16,28.23752,1.721414,2.971296,9.5,9.01,8.87,8.63,8.35,8.45,7.5,2015-06-26,-
2021-01-05,2772,众兴菌业,农牧饲渔,9.66,9.81,9.37,9.6,9.37,29308692,323020775.12,11.499,-3.916,4.35,否,0.9,-2.24,21.059,6.548,18.227,否,367717112,254880984,4059596916.48,2813886063.36,27.131612,1.653996,2.854927,9.68,9.06,8.92,8.67,8.37,8.46,7.51,2015-06-26,-
2021-01-06,2772,众兴菌业,农牧饲渔,9.52,9.74,9.24,9.32,9.24,20413353,221713206.63,8.009,-2.899,5.16,否,0.55,-7.171,6.881,8.121,13.797,否,367717112,254880984,3941927440.64,2732324148.48,26.345189,1.606054,2.772175,9.75,9.13,8.96,8.72,8.38,8.47,7.52,2015-06-26,-
2021-01-07,2772,众兴菌业,农牧饲渔,9.28,9.6,9.21,9.36,9.21,17259677,187071533.49,6.7717,0.466,4.1,否,0.51,-6.306,4.815,7.216,14.847,否,367717112,254880984,3960313296.24,2745068197.68,26.468067,1.613545,2.785105,9.66,9.2,9.01,8.76,8.4,8.47,7.54,2015-06-26,-
2021-01-08,2772,众兴菌业,农牧饲渔,9.11,9.13,8.78,8.88,8.78,16422673,168278098.95,6.4433,-5.107,3.71,否,0.55,-7.5,-9.572,7.506,6.731,否,367717112,254880984,3758068884.64,2604883656.48,25.116402,1.531145,2.642876,9.43,9.26,9.03,8.79,8.42,8.47,7.55,2015-06-26,-
2021-01-11,2772,众兴菌业,农牧饲渔,8.88,8.89,8.39,8.45,8.39,12836407,126589831.09,5.0362,-4.892,5.68,否,0.55,-9.335,-15.837,6.557,0.237,否,367717112,254880984,3574210328.64,2477443164.48,23.887615,1.456235,2.513577,9.12,9.31,9.01,8.81,8.42,8.47,7.56,2015-06-26,-
2021-01-12,2772,众兴菌业,农牧饲渔,8.42,8.81,8.41,8.54,8.41,11268339,110845271.62,4.421,1.132,4.73,否,0.59,-8.761,-14.515,-2.064,-1.499,否,367717112,254880984,3614659210.96,2505480072.72,24.157948,1.472715,2.542022,8.91,9.29,8.99,8.82,8.43,8.47,7.57,2015-06-26,-
2021-01-13,2772,众兴菌业,农牧饲渔,8.51,8.54,8.03,8.17,8.03,12096241,114452530.66,4.7458,-4.374,6.0,否,0.77,-7.995,-14.896,-8.511,-4.333,否,367717112,254880984,3456540852.8,2395881249.6,23.101192,1.408294,2.430825,8.68,9.22,8.96,8.82,8.42,8.47,7.58,2015-06-26,-
2021-01-14,2772,众兴菌业,农牧饲渔,8.05,8.15,7.82,7.85,7.82,9969485,90771426.7,3.9114,-3.936,4.04,否,0.71,-7.101,-15.773,-20.061,-6.1,否,367717112,254880984,3320485521.36,2301575285.52,22.191889,1.352861,2.335144,8.38,9.02,8.9,8.81,8.42,8.46,7.59,2015-06-26,-
2021-01-15,2772,众兴菌业,农牧饲渔,7.85,7.99,7.84,7.94,7.84,7049679,64168324.66,2.7659,1.107,1.88,否,0.56,-7.026,-15.171,-20.916,-6.257,否,367717112,254880984,3357257232.56,2327063383.92,22.437647,1.367843,2.361004,8.19,8.81,8.85,8.8,8.41,8.45,7.59,2015-06-26,-
2021-01-18,2772,众兴菌业,农牧饲渔,7.95,8.15,7.92,8.15,7.92,7783037,72247617.55,3.0536,2.629,2.96,否,0.73,-0.245,-8.221,-18.418,-6.963,否,367717112,254880984,3445509339.44,2388234820.08,23.027464,1.403799,2.423067,8.13,8.63,8.82,8.79,8.4,8.44,7.6,2015-06-26,-
2021-01-19,2772,众兴菌业,农牧饲渔,8.08,8.08,7.94,8.0,7.94,6725484,62065072.97,2.6387,-1.814,1.81,否,0.7,1.911,-5.325,-16.667,-11.21,否,367717112,254880984,3382997430.4,2344905052.8,22.609677,1.37833,2.379105,8.02,8.47,8.77,8.77,8.4,8.43,7.61,2015-06-26,-
2021-01-20,2772,众兴菌业,农牧饲渔,7.98,8.06,7.9,8.02,7.9,4726239,43392305.01,1.8543,0.326,1.96,否,0.54,1.008,-6.089,-13.948,-8.76,否,367717112,254880984,3394028943.76,2352551482.32,22.683404,1.382824,2.386863,7.99,8.34,8.74,8.75,8.4,8.42,7.61,2015-06-26,-
2021-01-21,2772,众兴菌业,农牧饲渔,8.01,8.11,7.95,8.07,7.95,6029379,55833559.3,2.3656,0.542,1.95,否,0.83,-0.982,-1.224,-13.782,-11.123,否,367717112,254880984,3412414799.36,2365295531.52,22.806283,1.390315,2.399793,8.04,8.21,8.7,8.74,8.4,8.41,7.62,2015-06-26,-
2021-01-22,2772,众兴菌业,农牧饲渔,8.07,8.08,7.83,7.85,7.83,8003915,72635670.64,3.1403,-2.694,3.13,否,1.24,-1.875,0.0,-11.599,-12.291,否,367717112,254880984,3320485521.36,2301575285.52,22.191889,1.352861,2.335144,8.02,8.1,8.68,8.72,8.39,8.4,7.63,2015-06-26,-
2021-01-25,2772,众兴菌业,农牧饲渔,7.78,7.78,7.48,7.76,7.48,10465299,91765216.68,4.106,-1.107,3.88,否,1.57,-3.242,-2.267,-8.166,-11.517,否,367717112,254880984,3283713810.16,2276087187.12,21.946132,1.337879,2.309284,7.94,8.04,8.67,8.69,8.39,8.39,7.63,2015-06-26,-
2021-01-26,2772,众兴菌业,农牧饲渔,7.71,7.92,7.61,7.82,7.61,7081252,63309155.43,2.7783,0.784,4.03,否,0.98,-3.098,-4.049,-8.431,-13.208,否,367717112,254880984,3309454008.0,2293928856.0,22.118162,1.348366,2.327386,7.9,7.96,8.63,8.65,8.39,8.38,7.64,2015-06-26,-
2021-01-27,2772,众兴菌业,农牧饲渔,7.85,7.85,7.65,7.7,7.65,4917997,43670921.0,1.9295,-1.556,2.56,否,0.68,-1.911,-3.75,-5.753,-10.673,否,367717112,254880984,3257973612.32,2258245518.24,21.774102,1.327392,2.291182,7.84,7.92,8.57,8.61,8.39,8.37,7.65,2015-06-26,-
2021-01-28,2772,众兴菌业,农牧饲渔,7.65,7.86,7.56,7.65,7.56,6036075,53710332.02,2.3682,-0.677,3.84,否,0.83,-1.418,-4.613,-2.548,-12.371,否,367717112,254880984,3235910585.6,2242952659.2,21.626647,1.318402,2.275666,7.76,7.9,8.46,8.56,8.39,8.36,7.65,2015-06-26,-
2021-01-29,2772,众兴菌业,农牧饲渔,7.63,7.67,7.28,7.35,7.28,7121775,61141718.64,2.7942,-3.864,5.0,否,0.98,-6.01,-8.922,-7.431,-11.017,否,367717112,254880984,3110886767.52,2156293124.64,20.791072,1.267464,2.187743,7.66,7.84,8.32,8.51,8.38,8.34,7.66,2015-06-26,-
2021-02-01,2772,众兴菌业,农牧饲渔,7.31,7.37,7.19,7.33,7.19,4248212,35572269.18,1.6667,-0.355,2.48,否,0.6,-4.805,-6.624,-10.061,-7.566,否,367717112,254880984,3099855254.16,2148646695.12,20.717345,1.26297,2.179985,7.57,7.76,8.19,8.46,8.37,8.33,7.66,2015-06-26,-
2021-02-02,2772,众兴菌业,农牧饲渔,7.34,7.35,7.23,7.3,7.23,2842767,23824521.46,1.1153,-0.356,1.66,否,0.48,-4.575,-5.928,-8.75,-16.284,否,367717112,254880984,3088823740.8,2141000265.6,20.643618,1.258475,2.172227,7.47,7.69,8.08,8.41,8.36,8.32,7.67,2015-06-26,-
2021-02-03,2772,众兴菌业,农牧饲渔,7.39,7.46,7.33,7.35,7.33,4489508,38214142.6,1.7614,0.714,1.79,否,0.89,0.0,-6.01,-8.354,-17.693,否,367717112,254880984,3110886767.52,2156293124.64,20.791072,1.267464,2.187743,7.4,7.62,7.98,8.36,8.35,8.3,7.67,2015-06-26,-
2021-02-04,2772,众兴菌业,农牧饲渔,7.35,7.35,7.02,7.07,7.02,5045900,41328275.0,1.9797,-3.901,4.49,否,1.02,-3.547,-8.182,-12.392,-28.004,否,367717112,254880984,2989540120.56,2072182399.92,19.980073,1.218024,2.102405,7.28,7.52,7.86,8.31,8.33,8.29,7.68,2015-06-26,-
2021-02-05,2772,众兴菌业,农牧饲渔,7.05,7.18,6.82,6.84,6.82,4789885,38544204.39,1.8793,-3.198,5.04,否,1.01,-6.301,-10.588,-12.866,-31.873,否,367717112,254880984,2893933671.44,2005913344.08,19.341104,1.179071,2.03517,7.18,7.42,7.76,8.26,8.31,8.28,7.69,2015-06-26,-
2021-02-08,2772,众兴菌业,农牧饲渔,6.89,6.93,6.74,6.81,6.74,2686877,21121782.45,1.0542,-0.508,2.8,否,0.63,-7.347,-7.347,-12.242,-31.832,否,367717112,254880984,2879224986.96,1995718104.72,19.242801,1.173079,2.024826,7.07,7.32,7.68,8.22,8.3,8.26,7.69,2015-06-26,-
2021-02-09,2772,众兴菌业,农牧饲渔,6.85,7.08,6.79,7.03,6.79,3856003,30838016.3,1.5129,3.321,4.21,否,0.97,-0.566,-4.093,-10.102,-26.771,否,367717112,254880984,2974831436.08,2061987160.56,19.88177,1.212031,2.092061,7.02,7.24,7.6,8.17,8.28,8.25,7.7,2015-06-26,-
2021-02-10,2772,众兴菌业,农牧饲渔,7.03,7.14,7.01,7.06,7.01,2548715,20672096.17,1.0,0.371,1.85,否,0.61,3.216,-3.288,-8.312,-24.249,否,367717112,254880984,2985862949.44,2069633590.08,19.955497,1.216526,2.099819,6.96,7.18,7.55,8.1,8.27,8.23,7.7,2015-06-26,-
2021-02-18,2772,众兴菌业,农牧饲渔,7.15,7.28,7.15,7.23,7.15,3736145,31007518.49,1.4658,2.463,1.85,否,0.99,6.167,-1.633,-5.49,-22.756,否,367717112,254880984,3059406371.84,2120609786.88,20.447012,1.24649,2.151539,6.99,7.14,7.52,8.02,8.26,8.21,7.71,2015-06-26,-
2021-02-19,2772,众兴菌业,农牧饲渔,7.25,7.66,7.21,7.65,7.21,6951573,59978706.01,2.7274,5.769,6.13,否,1.97,8.819,8.204,4.082,-13.851,否,367717112,254880984,3235910585.6,2242952659.2,21.626647,1.318402,2.275666,7.16,7.17,7.5,7.94,8.25,8.2,7.72,2015-06-26,-
2021-02-22,2772,众兴菌业,农牧饲渔,7.74,7.93,7.66,7.74,7.66,8907031,79843973.78,3.4946,1.136,3.52,否,2.25,9.632,13.158,5.593,-8.402,否,367717112,254880984,3272682296.8,2268440757.6,21.872405,1.333384,2.301526,7.34,7.21,7.48,7.86,8.24,8.19,7.72,2015-06-26,-
2021-02-23,2772,众兴菌业,农牧饲渔,7.69,7.69,7.48,7.52,7.48,5038612,43865161.4,1.9768,-2.809,2.7,否,0.97,4.011,10.426,3.014,-11.944,否,367717112,254880984,3180753018.8,2204720511.6,21.258011,1.29593,2.236876,7.44,7.23,7.46,7.79,8.23,8.17,7.73,2015-06-26,-
2021-02-24,2772,众兴菌业,农牧饲渔,7.55,7.64,7.43,7.56,7.43,3535872,30787512.45,1.3873,0.578,2.77,否,0.65,-1.176,7.539,2.857,-7.466,否,367717112,254880984,3199138874.4,2217464560.8,21.38089,1.303421,2.249806,7.54,7.25,7.43,7.74,8.23,8.16,7.74,2015-06-26,-
2021-02-25,2772,众兴菌业,农牧饲渔,7.57,7.61,7.43,7.52,7.43,3108200,26787492.0,1.2195,-0.575,2.3,否,0.55,-2.842,6.516,6.365,-4.204,否,367717112,254880984,3180753018.8,2204720511.6,21.258011,1.29593,2.236876,7.6,7.3,7.41,7.67,8.22,8.15,7.74,2015-06-26,-
2021-02-26,2772,众兴菌业,农牧饲渔,7.47,7.72,7.4,7.69,7.4,5227288,45814258.5,2.0509,2.312,4.28,否,0.95,2.261,6.362,12.427,-3.149,否,367717112,254880984,3254296441.2,2255696708.4,21.749526,1.325893,2.288596,7.61,7.38,7.4,7.63,8.21,8.14,7.75,2015-06-26,-
2021-03-01,2772,众兴菌业,农牧饲渔,7.7,7.78,7.61,7.76,7.61,4798913,42588106.56,1.8828,0.904,2.26,否,0.93,2.646,1.438,13.95,-4.785,否,367717112,254880984,3283713810.16,2276087187.12,21.946132,1.337879,2.309284,7.61,7.48,7.4,7.61,8.21,8.13,7.75,2015-06-26,-
2021-03-02,2772,众兴菌业,农牧饲渔,7.81,7.82,7.6,7.61,7.6,3196513,28148080.4,1.2541,-2.016,2.91,否,0.74,1.197,-1.68,8.25,-4.875,否,367717112,254880984,3217524730.0,2230208610.0,21.503769,1.310912,2.262736,7.63,7.53,7.39,7.58,8.2,8.12,7.76,2015-06-26,-
2021-03-03,2772,众兴菌业,农牧饲渔,7.59,7.81,7.57,7.68,7.57,3310500,29312996.28,1.2988,1.029,3.2,否,0.83,-0.13,2.128,8.782,-4.239,否,367717112,254880984,3250619270.08,2253147898.56,21.72495,1.324395,2.28601,7.65,7.6,7.39,7.56,8.19,8.11,7.77,2015-06-26,-
2021-03-04,2772,众兴菌业,农牧饲渔,7.68,7.68,7.53,7.58,7.53,3359231,29368714.22,1.318,-1.358,2.04,否,0.86,-2.32,0.265,4.841,-6.072,否,367717112,254880984,3206493216.64,2222562180.48,21.430042,1.306417,2.254978,7.66,7.63,7.38,7.55,8.18,8.1,7.77,2015-06-26,-
2021-03-05,2772,众兴菌业,农牧饲渔,7.56,7.67,7.5,7.65,7.5,2766215,24229063.4,1.0853,0.917,2.18,否,0.7,0.526,1.729,0.0,-2.548,否,367717112,254880984,3235910585.6,2242952659.2,21.626647,1.318402,2.275666,7.66,7.63,7.4,7.55,8.17,8.09,7.78,2015-06-26,-
2021-03-08,2772,众兴菌业,农牧饲渔,7.69,7.73,7.53,7.55,7.53,2920015,25606728.05,1.1456,-1.364,2.61,否,0.84,-1.693,-1.821,-2.455,-2.706,否,367717112,254880984,3191784532.16,2212366941.12,21.331739,1.300424,2.244634,7.61,7.61,7.41,7.53,8.16,8.08,7.79,2015-06-26,-
2021-03-09,2772,众兴菌业,农牧饲渔,7.56,7.61,7.32,7.44,7.32,3787638,32505523.33,1.486,-1.383,3.92,否,1.22,-1.847,-4.124,-1.064,-4.859,否,367717112,254880984,3147658478.72,2181781223.04,21.03683,1.282446,2.213602,7.58,7.6,7.42,7.51,8.14,8.08,7.79,2015-06-26,-
2021-03-10,2772,众兴菌业,农牧饲渔,7.48,7.49,7.16,7.21,7.16,3472100,29173514.0,1.3622,-3.154,4.44,否,1.08,-5.752,-5.256,-4.63,-6.364,否,367717112,254880984,3048374858.48,2112963357.36,20.373285,1.241995,2.143781,7.49,7.57,7.41,7.48,8.12,8.07,7.8,2015-06-26,-
2021-03-11,2772,众兴菌业,农牧饲渔,7.22,7.38,7.18,7.37,7.18,2300747,19346971.4,0.9027,2.292,2.77,否,0.71,-2.384,-4.036,-1.995,-3.66,否,367717112,254880984,3118241109.76,2161390744.32,20.840224,1.270461,2.192915,7.44,7.55,7.43,7.46,8.1,8.07,7.81,2015-06-26,-
2021-03-12,2772,众兴菌业,农牧饲渔,7.36,7.45,7.25,7.44,7.25,2378913,20121253.14,0.9333,0.943,2.71,否,0.78,0.0,-1.847,-3.251,1.224,否,367717112,254880984,3147658478.72,2181781223.04,21.03683,1.282446,2.213602,7.4,7.53,7.46,7.44,8.08,8.06,7.81,2015-06-26,-
2021-03-15,2772,众兴菌业,农牧饲渔,7.43,7.48,7.35,7.47,7.35,2225413,19025792.55,0.8731,0.351,1.75,否,0.75,3.606,-2.353,-3.737,1.91,否,367717112,254880984,3158689992.08,2189427652.56,21.110557,1.286941,2.22136,7.39,7.5,7.49,7.43,8.06,8.06,7.82,2015-06-26,-
2021-03-16,2772,众兴菌业,农牧饲渔,7.49,7.56,7.44,7.55,7.44,2488461,21457416.41,0.9763,1.164,1.63,否,0.88,2.442,0.0,-0.788,3.425,否,367717112,254880984,3195461703.28,2214915750.96,21.356314,1.301922,2.24722,7.41,7.49,7.51,7.42,8.04,8.06,7.82,2015-06-26,-
2021-03-17,2772,众兴菌业,农牧饲渔,7.58,7.98,7.57,7.95,7.57,11019064,99417556.32,4.3232,5.178,5.41,否,4.28,6.855,6.855,3.516,8.163,否,367717112,254880984,3360934403.68,2329612193.76,22.462222,1.369341,2.36359,7.56,7.52,7.56,7.43,8.02,8.06,7.83,2015-06-26,-
2021-03-18,2772,众兴菌业,农牧饲渔,7.82,7.87,7.7,7.83,7.7,6464519,57802735.43,2.5363,-1.422,2.08,否,1.58,4.819,8.599,3.298,10.75,否,367717112,254880984,3313131179.12,2296477665.84,22.142738,1.349864,2.329972,7.65,7.55,7.59,7.44,8.0,8.06,7.84,2015-06-26,-
2021-03-19,2772,众兴菌业,农牧饲渔,7.74,7.93,7.73,7.87,7.73,5032366,45367341.55,1.9744,0.444,2.55,否,1.02,4.238,6.784,2.876,15.058,否,367717112,254880984,3327839863.6,2306672905.2,22.241041,1.355857,2.340316,7.73,7.57,7.6,7.46,7.98,8.06,7.84,2015-06-26,-
2021-03-22,2772,众兴菌业,农牧饲渔,7.87,7.93,7.8,7.91,7.8,4596800,41645761.0,1.8035,0.553,1.66,否,0.84,-0.503,6.317,4.768,16.153,否,367717112,254880984,3346225719.2,2319416954.4,22.36392,1.363348,2.353246,7.82,7.6,7.61,7.47,7.97,8.07,7.85,2015-06-26,-
2021-03-23,2772,众兴菌业,农牧饲渔,7.91,7.95,7.78,7.93,7.78,4817152,43575773.42,1.89,0.22,2.2,否,0.81,1.277,6.158,6.586,12.802,否,367717112,254880984,3353580061.44,2324514574.08,22.413071,1.366344,2.358418,7.9,7.65,7.63,7.5,7.95,8.07,7.86,2015-06-26,-
2021-03-24,2772,众兴菌业,农牧饲渔,7.92,8.19,7.91,8.09,7.91,7276188,67578947.59,2.8547,2.083,3.51,否,1.14,2.795,7.152,12.205,14.589,否,367717112,254880984,3423446312.72,2372941961.04,22.88001,1.39481,2.407551,7.93,7.74,7.66,7.52,7.94,8.07,7.87,2015-06-26,-
2021-03-25,2772,众兴菌业,农牧饲渔,8.13,8.6,8.08,8.19,8.08,11079586,105937709.01,4.347,1.182,6.34,否,1.97,3.54,3.019,11.126,13.278,否,367717112,254880984,3463895195.04,2400978869.28,23.150343,1.41129,2.435997,8.0,7.82,7.69,7.56,7.93,8.07,7.88,2015-06-26,-
2021-03-26,2772,众兴菌业,农牧饲渔,8.01,8.01,7.75,7.94,7.75,10304768,93441683.3,4.043,-3.079,3.29,否,1.57,0.126,1.405,6.72,3.791,否,367717112,254880984,3357257232.56,2327063383.92,17.767092,1.325999,2.263556,8.01,7.87,7.7,7.59,7.93,8.08,7.88,2015-06-26,-
2021-03-29,2772,众兴菌业,农牧饲渔,7.87,7.98,7.81,7.85,7.81,5043701,45796694.12,1.9788,-1.095,2.08,否,0.66,-2.967,-0.254,5.087,1.421,否,367717112,254880984,3320485521.36,2301575285.52,17.572491,1.311476,2.238763,8.0,7.91,7.71,7.63,7.93,8.08,7.89,2015-06-26,-
2021-03-30,2772,众兴菌业,农牧饲渔,7.83,7.88,7.75,7.76,7.75,4241910,38035740.3,1.6643,-1.107,1.77,否,0.55,-5.25,-1.896,2.781,3.191,否,367717112,254880984,3283713810.16,2276087187.12,17.37789,1.296952,2.213971,7.97,7.93,7.71,7.65,7.91,8.08,7.89,2015-06-26,-
2021-03-31,2772,众兴菌业,农牧饲渔,7.77,7.84,7.67,7.81,7.67,3398128,30366737.54,1.3332,0.56,2.24,否,0.45,-1.637,-1.513,-1.761,3.307,否,367719205,256666177,3302118460.9,2304862269.46,17.475191,1.304214,2.226367,7.91,7.92,7.72,7.68,7.89,8.07,7.9,2015-06-26,-
2021-04-01,2772,众兴菌业,农牧饲渔,7.8,7.85,7.69,7.71,7.69,3443260,30708199.4,1.3415,-1.225,2.0,否,0.51,-1.783,-4.697,-1.533,2.527,否,367719205,256666177,3261669348.35,2276628989.99,17.261228,1.288245,2.199108,7.81,7.91,7.73,7.69,7.86,8.07,7.9,2015-06-26,-
2021-04-02,2772,众兴菌业,农牧饲渔,7.67,7.69,7.5,7.6,7.5,3878949,33847678.24,1.5113,-1.466,2.48,否,0.73,-2.062,-7.204,-3.431,-1.17,否,367719205,256666177,3213865851.7,2243262386.98,17.008244,1.269364,2.166877,7.75,7.88,7.72,7.69,7.82,8.07,7.91,2015-06-26,-
2021-04-06,2772,众兴菌业,农牧饲渔,7.61,7.66,7.6,7.62,7.6,2329475,20443621.52,0.9076,0.343,0.8,否,0.58,-2.433,-4.03,-3.666,-1.804,否,367719205,256666177,3224897427.85,2250962372.29,17.066625,1.273722,2.174315,7.7,7.85,7.73,7.69,7.78,8.06,7.91,2015-06-26,-
2021-04-07,2772,众兴菌业,农牧饲渔,7.63,7.88,7.62,7.86,7.62,5327481,47720535.11,2.0756,3.079,3.31,否,1.54,1.946,0.127,-0.883,3.285,否,367719205,256666177,3324181613.2,2320262240.08,17.592051,1.312935,2.241255,7.72,7.84,7.75,7.7,7.75,8.06,7.92,2015-06-26,-
2021-04-08,2772,众兴菌业,农牧饲渔,7.82,7.86,7.75,7.8,7.75,2838905,25501441.0,1.1061,-0.774,1.44,否,0.77,2.632,0.515,-3.585,1.563,否,367719205,256666177,3298441268.85,2302295607.69,17.45583,1.302769,2.2239,7.72,7.81,7.78,7.71,7.72,8.05,7.92,2015-06-26,-
2021-04-09,2772,众兴菌业,农牧饲渔,7.85,7.89,7.81,7.88,7.81,2863305,25879302.25,1.1156,1.115,1.11,否,0.8,3.412,0.896,-3.785,3.958,否,367719205,256666177,3335213189.35,2327962225.39,17.650432,1.317292,2.248693,7.75,7.78,7.8,7.72,7.7,8.05,7.93,2015-06-26,-
2021-04-12,2772,众兴菌业,农牧饲渔,7.91,8.03,7.75,7.75,7.75,3679668,33270583.03,1.4336,-1.654,3.64,否,1.07,-1.399,0.519,-2.393,1.307,否,367719205,256666177,3280055308.6,2289462298.84,17.358529,1.295507,2.211504,7.78,7.76,7.82,7.72,7.68,8.05,7.93,2015-06-26,-
2021-04-13,2772,众兴菌业,农牧饲渔,7.68,8.52,7.67,8.2,7.67,13320514,124112552.5,5.1898,5.718,10.99,否,3.91,5.128,7.895,4.459,8.609,否,367719205,256666177,3467592103.15,2420362049.11,18.351001,1.369577,2.337947,7.9,7.8,7.86,7.74,7.67,8.05,7.93,2015-06-26,-
2021-04-14,2772,众兴菌业,农牧饲渔,8.18,8.19,7.95,8.04,7.95,9949635,91774992.44,3.8765,-1.909,2.97,否,1.77,2.03,5.512,3.608,8.065,否,367719205,256666177,3401402646.25,2374162137.25,18.000716,1.343435,2.29332,7.93,7.83,7.88,7.75,7.67,8.05,7.94,2015-06-26,-
2021-04-15,2772,众兴菌业,农牧饲渔,7.99,8.09,7.88,7.89,7.88,5123999,46829351.32,1.9964,-1.838,2.7,否,0.78,1.806,0.382,1.024,9.431,否,367719205,256666177,3338890381.4,2330528887.16,17.669892,1.318745,2.251172,7.95,7.84,7.88,7.76,7.66,8.04,7.95,2015-06-26,-
2021-04-16,2772,众兴菌业,农牧饲渔,7.88,7.95,7.81,7.94,7.81,4463313,40541544.32,1.739,0.551,1.87,否,0.64,-3.171,1.795,2.983,7.734,否,367719205,256666177,3357276341.65,2343362196.01,17.767194,1.326007,2.263569,7.96,7.86,7.88,7.77,7.66,8.04,7.95,2015-06-26,-
2021-04-19,2772,众兴菌业,农牧饲渔,7.94,7.99,7.88,7.98,7.88,4754105,43465458.8,1.8523,0.548,1.42,否,0.65,-0.746,1.269,5.0,7.258,否,367719205,256666177,3375662301.9,2356195504.86,17.864495,1.333268,2.275965,8.01,7.9,7.89,7.78,7.66,8.04,7.95,2015-06-26,-
2021-04-20,2772,众兴菌业,农牧饲渔,7.97,8.04,7.88,7.88,7.88,5061540,46312488.41,1.972,-1.307,2.07,否,0.67,-0.127,1.677,3.412,5.489,否,367719205,256666177,3331535997.3,2325395563.62,17.630972,1.31584,2.246214,7.95,7.92,7.89,7.79,7.66,8.03,7.96,2015-06-26,-
2021-04-21,2772,众兴菌业,农牧饲渔,7.63,7.63,7.15,7.17,7.15,14268950,119853087.4,5.5593,-8.94,6.18,否,2.43,-9.698,-12.561,-8.779,-5.033,否,367719205,256666177,3033683441.25,2117495960.25,19.2332,1.177982,2.005918,7.77,7.85,7.85,7.78,7.64,8.02,7.96,2015-06-26,-
2021-04-22,2772,众兴菌业,农牧饲渔,7.21,7.26,7.11,7.12,7.11,5495362,45359018.28,2.1411,-0.727,2.06,否,0.82,-10.777,-11.443,-8.718,-10.44,否,367719205,256666177,3011620288.95,2102095989.63,19.093322,1.169415,1.99133,7.62,7.79,7.8,7.78,7.63,8.01,7.97,2015-06-26,-
2021-04-23,2772,众兴菌业,农牧饲渔,7.09,7.13,6.91,7.02,6.91,6303224,50755712.77,2.4558,-1.465,3.05,否,0.93,-10.914,-11.027,-10.914,-10.345,否,367719205,256666177,2967493984.35,2071296048.39,18.813567,1.152281,1.962153,7.43,7.7,7.74,7.77,7.61,8.0,7.97,2015-06-26,-
2021-04-26,2772,众兴菌业,农牧饲渔,6.99,7.02,6.89,6.91,6.89,3466267,27704160.01,1.3505,-1.487,1.86,否,0.48,-3.626,-12.972,-10.839,-12.198,否,367719205,256666177,2923367679.75,2040496107.15,18.533811,1.135146,1.932976,7.22,7.62,7.69,7.75,7.6,8.0,7.97,2015-06-26,-
2021-04-27,2772,众兴菌业,农牧饲渔,6.93,6.95,6.77,6.82,6.77,3323650,26187704.37,1.2949,-1.384,2.64,否,0.48,-4.213,-14.536,-16.829,-13.78,否,367719205,256666177,2882918567.2,2012262827.68,18.277368,1.11944,1.90623,7.01,7.48,7.64,7.73,7.58,7.99,7.97,2015-06-26,-
2021-04-28,2772,众兴菌业,农牧饲渔,6.81,6.9,6.78,6.88,6.78,2428952,19159537.27,0.9463,0.893,1.79,否,0.37,-1.994,-12.69,-14.428,-13.241,否,367719205,256666177,2908658911.55,2030229460.07,18.440559,1.129435,1.92325,6.95,7.36,7.59,7.71,7.57,7.98,7.98,2015-06-26,-
2021-04-29,2772,众兴菌业,农牧饲渔,6.83,6.89,6.83,6.86,6.83,1881160,14861054.98,0.7329,-0.253,0.88,否,0.45,-0.724,-4.324,-13.054,-15.204,否,367719205,256666177,2901304527.45,2025096136.53,18.393933,1.126579,1.918387,6.9,7.26,7.55,7.67,7.55,7.97,7.98,2015-06-26,-
2021-04-30,2772,众兴菌业,农牧饲渔,6.88,6.88,6.75,6.78,6.75,2634928,20626561.41,1.0266,-1.141,2.03,否,0.76,-0.587,-4.775,-14.61,-17.216,否,367719205,256666177,2868209799.0,2001996180.6,18.184117,1.113729,1.896504,6.85,7.14,7.5,7.64,7.54,7.96,7.98,2015-06-26,-
2021-05-06,2772,众兴菌业,农牧饲渔,6.81,6.89,6.78,6.88,6.78,2401746,18932081.79,0.9357,1.41,1.67,否,0.87,0.0,-1.994,-13.784,-13.35,否,367719205,256666177,2908658911.55,2030229460.07,18.440559,1.129435,1.92325,6.84,7.03,7.46,7.6,7.53,7.95,7.98,2015-06-26,-
2021-05-07,2772,众兴菌业,农牧饲渔,6.88,6.89,6.83,6.87,6.83,2201298,17365688.87,0.8577,-0.126,0.88,否,0.87,0.146,-0.579,-12.817,-12.484,否,367719205,256666177,2904981719.5,2027662798.3,18.417246,1.128007,1.920819,6.85,6.93,7.43,7.57,7.52,7.94,7.99,2015-06-26,-
2021-05-10,2772,众兴菌业,农牧饲渔,6.87,6.88,6.81,6.88,6.81,1994931,15714783.68,0.7772,0.127,1.14,否,0.86,1.475,0.88,-4.045,-11.34,否,367719205,256666177,2908658911.55,2030229460.07,18.440559,1.129435,1.92325,6.85,6.9,7.38,7.53,7.51,7.94,7.99,2015-06-26,-
2021-05-11,2772,众兴菌业,农牧饲渔,6.87,7.04,6.83,7.02,6.83,3590455,28828152.83,1.3989,2.149,3.03,否,1.62,2.035,2.035,-1.404,-10.115,否,367719205,256666177,2971171176.4,2073862710.16,18.83688,1.153709,1.964584,6.89,6.89,7.34,7.5,7.51,7.93,7.99,2015-06-26,-
2021-05-12,2772,众兴菌业,农牧饲渔,7.02,7.11,6.94,7.08,6.94,3378207,27363894.69,1.3162,0.866,2.48,否,1.32,3.057,3.207,0.855,-8.171,否,367719466,256666438,2996913647.9,2091831469.7,19.000071,1.163704,1.981604,6.95,6.9,7.3,7.46,7.51,7.92,7.99,2015-06-26,-
2021-05-13,2772,众兴菌业,农牧饲渔,7.03,7.03,6.97,7.0,6.97,2168671,17460968.55,0.8449,-1.227,0.86,否,0.8,1.744,3.245,1.302,-7.895,否,367719466,256666438,2960141701.3,2066164825.9,18.766954,1.149426,1.957291,6.97,6.91,7.26,7.43,7.51,7.91,8.0,2015-06-26,-
2021-05-14,2772,众兴菌业,农牧饲渔,6.99,7.06,6.98,7.04,6.98,2378706,19250906.05,0.9268,0.621,1.12,否,0.89,0.285,2.326,3.226,-7.612,否,367719466,256666438,2978527674.6,2078998147.8,18.883519,1.156565,1.969448,7.0,6.93,7.2,7.4,7.52,7.91,8.0,2015-06-26,-
2021-05-17,2772,众兴菌业,农牧饲渔,7.04,7.05,6.95,6.95,6.95,2264393,18136550.31,0.8822,-1.235,1.48,否,0.84,-1.836,1.164,1.017,-11.578,否,367719466,256666438,2941755728.0,2053331504.0,18.650389,1.142287,1.945134,7.02,6.94,7.15,7.37,7.51,7.9,8.0,2015-06-26,-
2021-05-18,2772,众兴菌业,农牧饲渔,6.96,6.96,6.85,6.87,6.85,2472499,19592550.35,0.9633,-1.25,1.63,否,0.9,-1.857,-0.145,0.146,-11.923,否,367719466,256666438,2904983781.4,2027664860.2,18.417259,1.128008,1.92082,6.99,6.94,7.1,7.34,7.51,7.89,8.0,2015-06-26,-
2021-05-19,2772,众兴菌业,农牧饲渔,6.87,6.9,6.83,6.87,6.83,1614613,12737030.1,0.6291,0.0,1.01,否,0.64,-2.415,-2.137,1.327,-12.817,否,367719466,256666438,2904983781.4,2027664860.2,18.417259,1.128008,1.92082,6.95,6.95,7.04,7.32,7.5,7.88,8.0,2015-06-26,-
2021-05-20,2772,众兴菌业,农牧饲渔,6.91,6.91,6.81,6.81,6.81,1846275,14359332.71,0.7193,-0.768,1.41,否,0.85,-2.014,-3.814,-1.017,-12.129,否,367719466,256666438,2849825861.5,1989164894.5,18.067565,1.10659,1.884349,6.91,6.94,6.99,7.29,7.49,7.87,8.0,2015-06-26,-
2021-05-21,2772,众兴菌业,农牧饲渔,6.84,6.98,6.81,6.9,6.81,2154654,16950722.4,0.8395,1.29,2.45,否,1.02,0.437,-1.429,0.437,-15.854,否,367719466,256666438,2886597808.1,2014831538.3,18.300694,1.120869,1.908663,6.88,6.94,6.94,7.27,7.48,7.86,8.0,2015-06-26,-
2021-05-24,2772,众兴菌业,农牧饲渔,6.94,6.98,6.88,6.95,6.88,1827788,14379287.56,0.7121,0.637,1.4,否,0.88,1.164,-1.278,1.017,-13.557,否,367719466,256666438,2904983781.4,2027664860.2,18.417259,1.128008,1.92082,6.88,6.95,6.93,7.23,7.47,7.85,8.0,2015-06-26,-
2021-05-25,2772,众兴菌业,农牧饲渔,6.95,6.97,6.9,6.96,6.9,2176200,17185159.74,0.8479,0.127,1.01,否,1.1,2.203,0.144,-0.855,-11.787,否,367719466,256666438,2908660976.06,2030231524.58,18.440572,1.129436,1.923251,6.9,6.94,6.92,7.21,7.46,7.84,8.0,2015-06-26,-
2021-05-26,2772,众兴菌业,农牧饲渔,6.98,6.99,6.93,6.97,6.93,2035776,16132952.5,0.7932,0.253,0.88,否,1.06,1.014,1.456,-1.554,-12.217,否,367719466,256666438,2916015365.38,2035364853.34,18.487198,1.132292,1.928114,6.92,6.93,6.92,7.18,7.45,7.83,8.0,2015-06-26,-
2021-05-27,2772,众兴菌业,农牧饲渔,6.97,7.02,6.95,7.01,6.95,2145900,17048053.0,0.8361,0.504,1.01,否,1.07,0.863,2.038,0.143,-12.155,否,367719466,256666438,2930724144.02,2045631510.86,18.58045,1.138003,1.93784,6.96,6.93,6.92,7.15,7.44,7.83,8.0,2015-06-26,-
2021-05-28,2772,众兴菌业,农牧饲渔,6.99,7.01,6.94,6.95,6.94,1980232,15674186.92,0.7715,-0.878,1.0,否,0.96,-0.144,2.056,-1.278,-11.802,否,367719466,256666438,2904983781.4,2027664860.2,18.417259,1.128008,1.92082,6.97,6.92,6.93,7.11,7.42,7.82,7.99,2015-06-26,-
2021-05-31,2772,众兴菌业,农牧饲渔,6.95,6.95,6.88,6.92,6.88,1758472,13823186.2,0.6851,-0.38,0.89,否,0.86,-0.717,0.29,-0.432,-3.487,否,367719466,256666438,2893952197.42,2019964867.06,18.34732,1.123724,1.913526,6.96,6.92,6.93,7.07,7.41,7.81,7.99,2015-06-26,-
2021-06-01,2772,众兴菌业,农牧饲渔,6.94,7.0,6.92,6.99,6.92,2461895,19529468.5,0.9592,1.017,1.14,否,1.22,-0.285,0.576,1.747,-1.826,否,367719466,256666438,2923369754.7,2040498182.1,18.533824,1.135147,1.932977,6.97,6.93,6.94,7.04,7.4,7.8,7.99,2015-06-26,-
2021-06-02,2772,众兴菌业,农牧饲渔,6.99,7.02,6.93,6.95,6.93,2406662,19065405.57,0.9377,-0.629,1.26,否,1.16,0.0,-0.144,1.164,-0.997,否,367719466,256666438,2904983781.4,2027664860.2,18.417259,1.128008,1.92082,6.96,6.94,6.94,7.01,7.39,7.79,7.99,2015-06-26,-
2021-06-03,2772,众兴菌业,农牧饲渔,6.99,7.0,6.94,6.94,6.94,1976726,15663225.92,0.7702,-0.127,0.89,否,0.92,0.289,-0.43,1.909,0.434,否,367719466,256666438,2901306586.74,2025098195.82,18.393946,1.12658,1.918388,6.95,6.95,6.95,6.98,7.38,7.78,7.98,2015-06-26,-
2021-06-04,2772,众兴菌业,农牧饲渔,6.96,7.07,6.93,6.99,6.93,2511264,19978982.2,0.9784,0.761,2.03,否,1.19,0.0,-0.285,1.304,2.493,否,367719466,256666438,2923369754.7,2040498182.1,18.533824,1.135147,1.932977,6.96,6.96,6.95,6.95,7.37,7.76,7.98,2015-06-26,-
2021-06-07,2772,众兴菌业,农牧饲渔,6.99,7.01,6.9,6.91,6.9,2160963,17042668.76,0.8419,-1.132,1.51,否,0.97,-0.576,-0.576,-0.576,0.436,否,367719466,256666438,2890275002.76,2017398202.68,18.324007,1.122297,1.911094,6.96,6.96,6.95,6.94,7.36,7.75,7.98,2015-06-26,-
2021-06-08,2772,众兴菌业,农牧饲渔,6.92,6.97,6.88,6.94,6.88,1555526,12246110.1,0.606,0.382,1.27,否,0.68,0.0,0.289,-0.287,1.166,否,367719466,256666438,2901306586.74,2025098195.82,18.393946,1.12658,1.918388,6.95,6.96,6.95,6.93,7.36,7.74,7.97,2015-06-26,-
2021-06-09,2772,众兴菌业,农牧饲渔,6.95,6.96,6.92,6.94,6.92,1211429,9555277.49,0.472,0.0,0.51,否,0.57,-0.715,-0.715,-0.43,2.36,否,367719466,256666438,2901306586.74,2025098195.82,18.393946,1.12658,1.918388,6.94,6.95,6.94,6.93,7.35,7.72,7.97,2015-06-26,-
2021-06-10,2772,众兴菌业,农牧饲渔,6.96,6.96,6.88,6.88,6.88,2573912,20206312.84,1.0028,-0.761,1.14,否,1.37,-0.434,-1.007,-1.854,0.0,否,367719466,256666438,2879243418.78,2009698209.54,18.254068,1.118013,1.9038,6.93,6.94,6.94,6.93,7.34,7.71,7.97,2015-06-26,-
2021-06-11,2772,众兴菌业,农牧饲渔,6.88,6.91,6.84,6.87,6.84,1723815,13481678.19,0.6716,-0.255,1.02,否,0.86,-1.009,-1.009,-1.151,0.0,否,367719466,256666438,2871889029.46,2004564880.78,18.207442,1.115157,1.898937,6.91,6.93,6.93,6.93,7.33,7.69,7.97,2015-06-26,-
2021-06-15,2772,众兴菌业,农牧饲渔,6.86,7.18,6.84,7.16,6.84,9759332,78296961.69,3.8023,4.225,4.99,否,5.29,3.17,2.432,3.468,4.07,否,367719466,256666438,2993236453.24,2089264805.32,18.976771,1.162277,1.979174,6.96,6.96,6.94,6.94,7.32,7.68,7.96,2015-06-26,-
2021-06-16,2772,众兴菌业,农牧饲渔,7.18,7.81,7.18,7.47,7.18,16526280,140499586.9,6.4388,4.3,8.72,否,4.91,8.576,8.104,6.867,6.41,否,367719466,256666438,3121938266.34,2179098058.62,19.792726,1.212252,2.064274,7.06,7.01,6.97,6.96,7.31,7.67,7.96,2015-06-26,-
2021-06-17,2772,众兴菌业,农牧饲渔,7.29,7.61,7.26,7.47,7.26,8271384,70105799.23,3.2226,0.118,4.59,否,1.3,8.734,7.637,7.482,5.508,否,367719466,256666438,3125615461.0,2181664723.0,19.816039,1.213679,2.066705,7.17,7.06,7.0,6.98,7.31,7.65,7.96,2015-06-26,-
2021-06-18,2772,众兴菌业,农牧饲渔,7.39,7.81,7.25,7.7,7.25,10461766,89364377.56,4.076,3.059,7.41,否,1.35,7.542,10.951,10.951,10.0,否,367719466,256666438,3221222522.16,2248397996.88,20.422176,1.250804,2.129922,7.33,7.13,7.04,7.01,7.31,7.64,7.96,2015-06-26,-
2021-06-21,2772,众兴菌业,农牧饲渔,8.48,8.48,8.48,8.48,8.48,3214236,30985235.04,1.2523,10.046,0.0,否,0.34,13.521,23.256,21.316,20.455,是,367719466,256666438,3544815652.24,2474264462.32,22.473719,1.376455,2.343887,7.66,7.28,7.12,7.06,7.32,7.64,7.96,2015-06-26,-
2021-06-22,2772,众兴菌业,农牧饲渔,9.32,9.32,9.32,9.32,9.32,1700566,18025999.6,0.6626,9.959,0.0,否,0.18,24.766,35.662,34.877,34.101,是,367719466,256666438,3897826339.6,2720664242.8,24.711766,1.51353,2.577303,8.09,7.52,7.24,7.14,7.34,7.64,7.97,2015-06-26,-
2021-06-23,2772,众兴菌业,农牧饲渔,10.25,10.25,10.25,10.25,10.25,3060130,35681115.8,1.1923,10.0,0.0,否,0.38,33.117,43.156,47.695,49.199,是,367719466,256666438,4287608973.56,2992730667.08,27.182942,1.664883,2.835033,8.64,7.85,7.41,7.25,7.37,7.66,7.98,2015-06-26,-
2021-06-24,2772,众兴菌业,农牧饲渔,11.28,11.28,11.28,11.28,11.28,5809864,74540555.12,2.2636,10.034,0.0,否,1.09,33.019,51.004,62.536,64.192,是,367719466,256666438,4717840748.78,3293030399.54,29.910562,1.831942,3.119509,9.41,8.29,7.62,7.39,7.43,7.68,8.0,2015-06-26,-
2021-06-25,2772,众兴菌业,农牧饲渔,12.41,12.41,12.41,12.41,12.41,39342963,555129207.93,15.3284,9.977,0.0,否,8.11,33.155,66.131,80.378,82.232,是,367719466,256666438,5188521665.26,3621563440.18,32.894624,2.014708,3.43073,10.35,8.84,7.89,7.57,7.5,7.71,8.02,2015-06-26,-
2021-06-28,2772,众兴菌业,农牧饲渔,13.44,13.65,13.16,13.65,13.16,76221818,1172117350.2,29.6968,9.993,3.9,否,7.17,33.171,77.273,98.69,97.826,是,367719466,256666438,5707006112.32,3983463117.76,36.181755,2.216036,3.77356,11.38,9.52,8.23,7.79,7.6,7.76,8.04,2015-06-26,-
2021-06-29,2772,众兴菌业,农牧饲渔,13.38,15.01,13.21,14.44,13.21,80268064,1299030258.67,31.2733,5.799,13.21,否,3.18,28.014,70.283,101.676,107.77,否,367719466,256666438,6037953631.72,4214462911.96,38.279924,2.344543,3.992388,12.41,10.25,8.6,8.04,7.71,7.81,8.07,2015-06-26,-
2021-06-30,2772,众兴菌业,农牧饲渔,15.0,15.16,13.19,13.98,13.19,88684917,1427751744.77,34.5526,-3.167,13.64,否,2.17,12.651,50.0,87.149,100.862,否,405988522,259540664,6455217499.8,4126696557.6,37.067649,2.270295,3.865954,13.15,10.9,8.95,8.28,7.81,7.85,8.1,2015-06-26,-
2021-07-01,2772,众兴菌业,农牧饲渔,13.56,15.01,13.45,14.14,13.45,75168101,1226181500.47,29.2863,1.132,11.13,否,1.29,3.59,37.951,89.29,102.869,否,405988522,259540664,6528295433.76,4173413877.12,37.487282,2.295996,3.909719,13.72,11.57,9.31,8.52,7.92,7.89,8.13,2015-06-26,-
2021-07-02,2772,众兴菌业,农牧饲渔,14.14,14.81,13.37,14.11,13.37,66371061,1070327952.17,25.5725,-0.187,10.2,否,0.92,-2.285,25.089,83.247,101.284,否,405988522,259540664,6516115778.1,4165627657.2,41.311416,2.530214,4.308556,14.06,12.21,9.67,8.76,8.03,7.92,8.15,2015-06-26,-
2021-07-05,2772,众兴菌业,农牧饲渔,13.78,13.87,12.71,12.93,12.71,53883030,805896795.89,20.7609,-8.411,8.22,否,0.7,-7.511,4.19,52.476,86.043,否,405988522,259540664,5968031273.4,3815247760.8,37.836624,2.317392,3.946154,13.92,12.65,9.97,8.97,8.12,7.95,8.18,2015-06-26,-
2021-07-06,2772,众兴菌业,农牧饲渔,13.03,13.59,12.39,13.41,12.39,55421025,823493531.62,21.3535,3.742,9.25,否,0.76,-5.163,-1.758,43.884,93.786,否,405988522,259540664,6191324960.5,3957995126.0,39.25228,2.404097,4.093799,13.71,13.06,10.29,9.18,8.21,7.98,8.2,2015-06-26,-
2021-07-07,2772,众兴菌业,农牧饲渔,13.15,13.94,12.77,13.15,12.77,47737179,718092065.73,18.3929,-1.967,8.72,否,0.7,-6.804,-8.934,28.293,88.126,否,405988522,259540664,6069528403.9,3880132926.8,38.480104,2.356804,4.013265,13.55,13.35,10.6,9.39,8.3,8.01,8.22,2015-06-26,-
2021-07-08,2772,众兴菌业,农牧饲渔,12.83,13.05,12.32,12.38,12.32,38463587,553723162.17,14.8199,-5.819,5.55,否,0.64,-4.254,-11.445,9.752,78.129,否,405988522,259540664,5716318389.76,3654332549.12,36.240794,2.219652,3.779718,13.2,13.46,10.87,9.57,8.37,8.03,8.24,2015-06-26,-
2021-07-09,2772,众兴菌业,农牧饲渔,12.15,12.26,11.57,11.82,11.57,37477533,505098727.52,14.4399,-4.546,5.54,否,0.72,-11.857,-16.407,-4.754,70.317,否,405988522,259540664,5456485735.68,3488226524.16,34.593485,2.118759,3.607912,12.74,13.4,11.12,9.73,8.44,8.06,8.26,2015-06-26,-
2021-07-12,2772,众兴菌业,农牧饲渔,11.81,12.35,11.54,12.13,11.54,36463321,499301089.56,14.0492,2.679,6.92,否,0.78,-7.757,-14.033,-11.136,73.534,否,405988522,259540664,5602641603.6,3581661163.2,35.520096,2.175511,3.704553,12.58,13.25,11.38,9.9,8.51,8.09,8.28,2015-06-26,-
2021-07-13,2772,众兴菌业,农牧饲渔,11.75,12.82,11.66,12.42,11.66,44198423,616339449.51,17.0295,2.319,9.57,否,1.03,0.323,-3.944,-13.989,79.74,否,405988522,259540664,5732557930.64,3664714175.68,36.343751,2.225958,3.790455,12.38,13.05,11.65,10.08,8.58,8.12,8.3,2015-06-26,-
2021-07-14,2772,众兴菌业,农牧饲渔,12.03,13.27,11.74,12.87,11.74,55651913,803153955.03,21.4425,3.683,12.32,否,1.36,8.883,-4.027,-7.94,85.447,否,405988522,259540664,5943671962.08,3799675320.96,37.682189,2.307934,3.930047,12.32,12.94,11.92,10.28,8.66,8.16,8.32,2015-06-26,-
2021-07-15,2772,众兴菌业,农牧饲渔,12.54,12.96,11.7,12.22,11.7,43576917,613258468.05,16.79,-5.055,9.77,否,1.03,0.742,-7.072,-13.579,76.081,否,405988522,259540664,5643240455.8,3607615229.6,35.777488,2.191276,3.731397,12.29,12.74,12.15,10.46,8.73,8.2,8.34,2015-06-26,-
2021-07-16,2772,众兴菌业,农牧饲渔,11.95,12.75,11.69,12.35,11.69,41203728,569171465.65,15.8756,1.007,8.63,否,0.95,-0.564,-0.242,-12.473,79.506,否,405988522,259540664,5700078848.88,3643950922.56,36.137837,2.213346,3.76898,12.4,12.57,12.39,10.64,8.81,8.23,8.35,2015-06-26,-
2021-07-19,2772,众兴菌业,农牧饲渔,12.24,13.0,11.94,12.93,11.94,40639354,575732305.97,15.6582,4.772,8.55,否,0.92,0.466,9.391,0.0,88.21,否,405988522,259540664,5972091158.62,3817843167.44,37.862363,2.318969,3.948838,12.56,12.57,12.61,10.83,8.89,8.27,8.37,2015-06-26,-
2021-07-20,2772,众兴菌业,农牧饲渔,12.59,14.23,12.59,13.49,12.59,64269153,999336115.13,24.7627,4.283,12.64,否,1.43,10.393,11.212,0.597,88.408,否,405988522,259540664,6227863927.48,3981353785.76,39.483933,2.418286,4.117959,12.77,12.58,12.82,11.05,8.99,8.32,8.39,2015-06-26,-
2021-07-21,2772,众兴菌业,农牧饲渔,13.49,14.15,13.12,13.98,13.12,52089157,801940616.61,20.0697,3.651,7.63,否,1.06,13.198,12.56,6.312,87.149,否,405988522,259540664,6455217499.8,4126696557.6,40.925328,2.506567,4.268289,12.99,12.66,13.0,11.29,9.11,8.37,8.41,2015-06-26,-
2021-07-22,2772,众兴菌业,农牧饲渔,13.73,14.02,12.85,12.93,12.85,41372160,631938669.93,15.9405,-7.484,8.36,否,0.86,0.0,0.466,4.443,73.092,否,405988522,259540664,5972091158.62,3817843167.44,37.862363,2.318969,3.948838,13.14,12.71,13.09,11.49,9.21,8.41,8.43,2015-06-26,-
2021-07-23,2772,众兴菌业,农牧饲渔,12.84,12.95,12.22,12.23,12.22,30372833,433831569.42,11.7025,-5.439,5.64,否,0.63,-9.34,0.082,3.469,58.831,否,405988522,259540664,5647300341.02,3610210636.24,35.803227,2.192852,3.734082,13.11,12.76,13.08,11.67,9.3,8.45,8.44,2015-06-26,-
2021-07-26,2772,众兴菌业,农牧饲渔,11.91,12.05,11.01,11.29,11.01,33532043,437492361.03,12.9198,-7.692,8.48,否,0.73,-19.242,-8.583,-6.925,33.137,否,405988522,259540664,5212892622.48,3332502125.76,33.049133,2.024171,3.446845,12.78,12.67,12.96,11.81,9.37,8.48,8.46,2015-06-26,-
2021-07-27,2772,众兴菌业,农牧饲渔,11.25,11.63,10.9,11.06,10.9,24026710,308598053.65,9.2574,-2.025,6.46,否,0.54,-14.462,-14.462,-10.95,18.67,否,405988522,259540664,5107335606.76,3265021553.12,32.379914,1.983183,3.377049,12.3,12.54,12.79,11.94,9.44,8.5,8.47,2015-06-26,-
2021-07-28,2772,众兴菌业,农牧饲渔,11.08,11.41,10.68,11.25,10.68,21507179,268951038.99,8.2866,1.669,6.6,否,0.59,-8.013,-16.605,-12.587,9.756,否,405988522,259540664,5192593196.38,3319525092.56,32.920437,2.016289,3.433422,11.75,12.37,12.65,12.07,9.51,8.53,8.48,2015-06-26,-
2021-07-29,2772,众兴菌业,农牧饲渔,11.17,11.34,10.74,10.79,10.74,22570195,282083095.5,8.6962,-4.066,5.39,否,0.75,-4.429,-22.818,-11.702,-4.344,否,405988522,259540664,4981479164.94,3184563947.28,31.581999,1.934313,3.293831,11.32,12.23,12.49,12.18,9.58,8.56,8.49,2015-06-26,-
2021-07-30,2772,众兴菌业,农牧饲渔,10.67,10.67,9.71,9.71,9.71,37827733,430209359.29,14.5749,-10.024,8.88,否,1.43,-12.206,-24.903,-21.377,-21.757,否,405988522,259540664,4482113282.88,2865328930.56,28.416077,1.740409,2.963642,10.82,11.97,12.27,12.25,9.63,8.58,8.49,2015-06-26,-
2021-08-02,2772,众兴菌业,农牧饲渔,9.38,10.55,9.38,10.38,9.38,36785793,421803783.09,14.1734,6.884,12.05,否,1.32,-7.733,-15.127,-19.722,-23.956,否,405988522,259540664,4790664559.6,3062579835.2,30.372256,1.86022,3.167661,10.64,11.71,12.14,12.31,9.69,8.6,8.49,2015-06-26,-
2021-08-03,2772,众兴菌业,农牧饲渔,10.33,10.48,10.02,10.09,10.02,24658736,286307833.34,9.5009,-2.797,4.41,否,0.86,-6.487,-10.629,-25.204,-30.125,否,405988522,259540664,4656688347.34,2976931416.08,29.522863,1.808197,3.079074,10.44,11.37,11.97,12.34,9.74,8.63,8.49,2015-06-26,-
2021-08-04,2772,众兴菌业,农牧饲渔,10.12,10.23,9.92,10.05,9.92,17751694,202819273.4,6.8397,-0.349,3.05,否,0.62,3.502,-9.132,-28.112,-28.112,否,405988522,259540664,4640448806.46,2966549789.52,29.419906,1.801891,3.068336,10.2,10.98,11.82,12.33,9.79,8.65,8.5,2015-06-26,-
2021-08-05,2772,众兴菌业,农牧饲渔,9.96,10.19,9.65,9.69,9.65,21388695,239276933.17,8.241,-3.587,5.42,否,0.77,-6.647,-13.867,-25.058,-31.471,否,405988522,259540664,4473993512.44,2860138117.28,28.364599,1.737256,2.958273,9.98,10.65,11.68,12.28,9.83,8.67,8.5,2015-06-26,-
2021-08-06,2772,众兴菌业,农牧饲渔,9.65,9.89,9.48,9.55,9.48,21792556,238072033.41,8.3966,-1.452,4.26,否,0.79,-5.352,-11.492,-21.913,-32.318,否,405988522,259540664,4409035348.92,2818611611.04,27.952771,1.712033,2.915322,9.95,10.39,11.57,12.18,9.88,8.69,8.5,2015-06-26,-
2021-08-09,2772,众兴菌业,农牧饲渔,9.48,9.97,9.45,9.82,9.45,21502072,239562144.39,8.2847,2.855,5.43,否,0.88,-2.289,1.133,-13.02,-24.053,否,405988522,259540664,4534891790.74,2899069216.88,28.750687,1.760903,2.99854,9.84,10.24,11.46,12.05,9.92,8.72,8.51,2015-06-26,-
2021-08-10,2772,众兴菌业,农牧饲渔,9.88,10.36,9.66,10.16,9.66,32581255,371988406.32,12.5534,3.402,7.07,否,1.52,4.85,-2.119,-8.137,-24.236,否,405988522,259540664,4689167429.1,2997694669.2,32.268146,1.559134,3.017067,9.85,10.15,11.34,11.91,9.98,8.75,8.51,2015-06-26,-
2021-08-11,2772,众兴菌业,农牧饲渔,10.02,10.09,9.77,9.89,9.77,23551191,264675947.34,9.0742,-2.597,3.2,否,1.02,3.56,-1.982,-12.089,-24.791,否,405988522,259540664,4567370872.5,2919832470.0,31.430012,1.518637,2.938701,9.82,10.01,11.19,11.77,10.03,8.77,8.51,2015-06-26,-
2021-08-12,2772,众兴菌业,农牧饲渔,10.02,10.42,9.85,10.02,9.85,24610298,282192174.46,9.4823,1.244,5.78,否,1.02,2.037,-0.299,-7.136,-19.063,否,405988522,259540664,4624209265.58,2956168162.96,31.821141,1.537535,2.975272,9.89,9.94,11.08,11.64,10.08,8.79,8.52,2015-06-26,-
2021-08-13,2772,众兴菌业,农牧饲渔,10.22,11.02,10.04,11.02,10.04,36507660,432393204.19,14.0663,10.009,9.75,否,1.47,8.465,13.725,13.491,-6.768,是,405988522,259540664,5087036180.66,3252044519.92,35.006049,1.691424,3.27306,10.18,10.07,11.02,11.53,10.15,8.82,8.52,2015-06-26,-
2021-08-16,2772,众兴菌业,农牧饲渔,11.33,12.12,11.25,12.12,11.25,24865359,333926641.48,9.5805,9.976,7.9,否,0.9,22.548,26.911,16.763,-0.082,是,405988522,259540664,5594521833.16,3576470349.92,38.498272,1.860161,3.599583,10.64,10.24,10.98,11.51,10.24,8.86,8.54,2015-06-26,-
2021-08-17,2772,众兴菌业,农牧饲渔,12.45,12.93,11.39,11.43,11.39,45697561,621691439.46,17.6071,-5.66,12.7,否,1.61,14.072,16.395,13.28,-7.971,否,405988522,259540664,5277850786.0,3374028632.0,36.319125,1.754869,3.395833,10.9,10.38,10.87,11.44,10.31,8.89,8.55,2015-06-26,-
2021-08-18,2772,众兴菌业,农牧饲渔,11.47,12.08,11.43,11.78,11.43,27897754,373298917.62,10.7489,3.077,5.69,否,0.9,6.897,15.945,17.214,-8.469,否,405988522,259540664,5440246194.8,3477844897.6,37.436636,1.808865,3.50032,11.27,10.55,10.76,11.4,10.39,8.92,8.56,2015-06-26,-
2021-08-19,2772,众兴菌业,农牧饲渔,11.55,11.65,11.12,11.21,11.12,25211675,323932247.46,9.714,-4.851,4.48,否,0.79,-7.508,13.347,15.686,-8.265,否,405988522,259540664,5176353655.5,3309143466.0,35.62068,1.721122,3.330528,11.51,10.7,10.68,11.36,10.46,8.95,8.57,2015-06-26,-
2021-08-20,2772,众兴菌业,农牧饲渔,11.0,11.33,10.82,11.11,10.82,20154820,253972060.97,7.7656,-0.941,4.47,否,0.63,-2.8,10.878,16.335,-10.04,否,405988522,259540664,5127635032.86,3277998586.32,35.285427,1.704923,3.299182,11.53,10.86,10.62,11.33,10.53,8.98,8.58,2015-06-26,-
2021-08-23,2772,众兴菌业,农牧饲渔,10.82,11.25,10.74,10.91,10.74,15390194,191579636.84,5.9298,-1.742,4.67,否,0.54,-7.385,-0.998,11.1,-15.623,否,405988522,259540664,5038317558.02,3220899640.24,34.670795,1.675225,3.241714,11.29,10.97,10.6,11.29,10.6,9.01,8.59,2015-06-26,-
2021-08-24,2772,众兴菌业,农牧饲渔,10.82,11.85,10.74,11.29,10.74,25040835,320574831.8,9.6481,3.465,10.15,否,0.93,0.714,-6.848,11.122,-16.308,否,405988522,259540664,5212892622.48,3332502125.76,35.87212,1.733271,3.354038,11.26,11.08,10.61,11.25,10.67,9.04,8.6,2015-06-26,-
2021-08-25,2772,众兴菌业,农牧饲渔,11.17,11.53,10.96,11.04,10.96,19792685,252691785.87,7.626,-2.259,4.98,否,0.87,-0.63,-3.412,11.628,-21.03,否,405988522,259540664,5095155951.1,3257235333.2,35.061924,1.694124,3.278285,11.11,11.19,10.6,11.19,10.74,9.07,8.61,2015-06-26,-
2021-08-26,2772,众兴菌业,农牧饲渔,10.85,10.96,10.59,10.6,10.59,16797878,205795729.92,6.4722,-3.984,3.43,否,0.8,-2.841,-10.017,5.788,-18.02,否,405988522,259540664,4892161690.1,3127465001.2,33.665035,1.626629,3.147676,10.99,11.25,10.59,11.14,10.8,9.09,8.61,2015-06-26,-
2021-08-27,2772,众兴菌业,农牧饲渔,10.23,10.57,10.15,10.44,10.15,20448719,240150234.65,7.8788,-1.494,3.98,否,1.05,-7.529,-6.869,-5.263,-14.636,否,405988522,259540664,4819083756.14,3080747681.68,33.162155,1.602331,3.100656,10.86,11.19,10.63,11.08,10.86,9.12,8.62,2015-06-26,-
2021-08-30,2772,众兴菌业,农牧饲渔,10.22,10.47,10.09,10.09,10.09,14523632,168700912.31,5.5959,-3.286,3.62,否,0.75,-8.605,-9.181,-16.749,-10.629,否,405988522,259540664,4660748232.56,2979526822.72,32.072581,1.549685,2.998781,10.69,10.99,10.62,10.98,10.91,9.14,8.62,2015-06-26,-
2021-08-31,2772,众兴菌业,农牧饲渔,10.04,10.09,9.75,9.97,9.75,10932385,123252318.83,4.2122,-1.22,3.31,否,0.57,-5.943,-8.616,-12.773,-9.855,否,405988522,259540664,4603909839.48,2943191129.76,31.681452,1.530786,2.962211,10.43,10.84,10.61,10.86,10.96,9.16,8.62,2015-06-26,-
2021-09-01,2772,众兴菌业,农牧饲渔,9.9,10.63,9.84,10.4,9.84,19734609,231293374.11,7.6037,4.321,7.94,否,1.2,-0.383,-7.883,-11.715,-7.556,否,405988522,259540664,4802844215.26,3070366055.12,33.050404,1.596931,3.090208,10.3,10.71,10.63,10.74,11.02,9.19,8.63,2015-06-26,-
2021-09-02,2772,众兴菌业,农牧饲渔,10.36,10.36,10.03,10.11,10.03,12664398,146144834.4,4.8795,-2.79,3.13,否,0.77,0.198,-8.424,-9.813,-6.302,否,405988522,259540664,4668868003.0,2984717636.0,32.128457,1.552384,3.004006,10.2,10.6,10.65,10.65,11.07,9.21,8.63,2015-06-26,-
2021-09-03,2772,众兴菌业,农牧饲渔,9.98,10.63,9.89,10.51,9.89,18557322,219363529.48,7.1501,3.913,7.3,否,1.18,5.416,-0.849,-5.401,8.239,否,405988522,259540664,4851562837.9,3101510934.8,33.385657,1.61313,3.121554,10.22,10.54,10.7,10.59,11.13,9.23,8.64,2015-06-26,-
2021-09-06,2772,众兴菌业,农牧饲渔,10.45,10.99,10.27,10.71,10.27,19859145,241682252.03,7.6517,1.925,6.86,否,1.3,2.981,2.586,-1.833,3.179,否,405988522,259540664,4944940197.96,3161205287.52,34.028226,1.644178,3.181634,10.34,10.52,10.74,10.57,11.19,9.26,8.65,2015-06-26,-
2021-09-07,2772,众兴菌业,农牧饲渔,10.57,10.83,10.49,10.73,10.49,14351436,174180059.34,5.5296,0.164,3.2,否,0.88,6.133,6.343,-4.96,6.343,否,405988522,259540664,4953059968.4,3166396100.8,34.084102,1.646877,3.186858,10.49,10.46,10.77,10.56,11.25,9.29,8.66,2015-06-26,-
2021-09-08,2772,众兴菌业,农牧饲渔,10.72,11.15,10.54,10.91,10.54,21161378,260654267.08,8.1534,1.721,5.66,否,1.24,3.806,9.428,-1.178,8.557,否,405988522,259540664,5038317558.02,3220899640.24,34.670795,1.675225,3.241714,10.59,10.45,10.82,10.55,11.31,9.31,8.66,2015-06-26,-
2021-09-09,2772,众兴菌业,农牧饲渔,10.79,11.11,10.65,10.69,10.65,14438418,177754013.37,5.5631,-2.015,4.19,否,0.83,-0.187,2.788,0.849,10.32,否,405988522,259540664,4936820427.52,3156014474.24,33.972351,1.641478,3.17641,10.71,10.46,10.85,10.55,11.36,9.34,8.67,2015-06-26,-
2021-09-10,2772,众兴菌业,农牧饲渔,10.6,11.05,10.51,10.91,10.51,14711231,181319938.89,5.6682,2.056,5.1,否,0.83,1.678,7.913,4.502,14.241,否,405988522,259540664,5038317558.02,3220899640.24,34.670795,1.675225,3.241714,10.79,10.5,10.85,10.59,11.42,9.36,8.68,2015-06-26,-
2021-09-13,2772,众兴菌业,农牧饲渔,10.82,10.88,10.42,10.46,10.42,13921009,167741479.3,5.3637,-4.11,4.19,否,0.82,-4.125,-0.476,3.667,6.517,否,405988522,259540664,4831263411.8,3088533901.6,33.245968,1.60638,3.108493,10.74,10.54,10.77,10.59,11.45,9.38,8.69,2015-06-26,-
2021-09-14,2772,众兴菌业,农牧饲渔,10.4,10.71,10.36,10.49,10.36,9929501,119011546.34,3.8258,0.252,3.36,否,0.63,-1.871,-2.054,5.216,3.248,否,405988522,259540664,4843443067.46,3096320121.52,33.329782,1.61043,3.11633,10.69,10.59,10.72,10.6,11.47,9.4,8.7,2015-06-26,-
2021-09-15,2772,众兴菌业,农牧饲渔,10.35,10.38,10.12,10.21,10.12,10520220,122375818.36,4.0534,-2.682,2.43,否,0.71,-6.416,-4.846,-1.827,3.236,否,405988522,259540664,4713526740.42,3013267109.04,32.435772,1.567233,3.03274,10.55,10.57,10.64,10.61,11.47,9.42,8.71,2015-06-26,-
2021-09-16,2772,众兴菌业,农牧饲渔,10.22,10.76,10.21,10.43,10.21,15106375,180447417.97,5.8204,2.153,5.43,否,1.19,-0.287,-4.4,3.165,4.092,否,405988522,259540664,4815023870.92,3078152275.04,33.134217,1.600981,3.098044,10.5,10.61,10.6,10.63,11.45,9.44,8.72,2015-06-26,-
2021-09-17,2772,众兴菌业,农牧饲渔,10.43,10.52,9.94,10.24,9.94,12614840,146274047.54,4.8604,-1.771,5.48,否,0.98,-2.383,-4.21,-2.569,-7.078,否,405988522,259540664,4729766281.3,3023648735.6,32.547523,1.572633,3.043189,10.37,10.58,10.56,10.66,11.42,9.46,8.73,2015-06-26,-
2021-09-22,2772,众兴菌业,农牧饲渔,10.16,10.16,9.79,9.82,9.79,10172895,114090581.01,3.9196,-4.12,3.69,否,0.82,-3.82,-9.991,-8.31,-18.977,否,405988522,259540664,4534891790.74,2899069216.88,31.20651,1.507838,2.917804,10.24,10.49,10.5,10.66,11.35,9.48,8.73,2015-06-26,-
2021-09-23,2772,众兴菌业,农牧饲渔,9.83,10.05,9.83,9.87,9.83,7720278,87180964.69,2.9746,0.448,2.24,否,0.66,-5.369,-5.641,-8.015,-13.648,否,405988522,259540664,4555191216.84,2912046250.08,31.346199,1.514587,2.930865,10.11,10.4,10.43,10.65,11.28,9.49,8.74,2015-06-26,-
2021-09-24,2772,众兴菌业,农牧饲渔,9.87,10.11,9.74,9.99,9.74,8882233,100385473.33,3.4223,1.248,3.74,否,0.79,-2.441,-4.766,-8.433,-15.195,否,405988522,259540664,4612029609.92,2948381943.04,31.737328,1.533486,2.967435,10.07,10.31,10.38,10.65,11.21,9.51,8.75,2015-06-26,-
2021-09-27,2772,众兴菌业,农牧饲渔,9.9,10.95,9.9,10.57,9.9,19763387,235986392.27,7.6148,5.81,10.48,否,1.81,7.637,3.526,-1.123,-5.709,否,405988522,259540664,4879982034.44,3119678781.28,33.581222,1.622579,3.139839,10.1,10.3,10.38,10.67,11.15,9.54,8.76,2015-06-26,-
2021-09-28,2772,众兴菌业,农牧饲渔,10.38,10.38,9.74,9.89,9.74,13136462,148203258.98,5.0614,-6.406,6.07,否,1.11,0.203,-5.177,-9.349,-10.981,否,405988522,259540664,4567370872.5,2919832470.0,31.430012,1.518637,2.938701,10.03,10.2,10.35,10.63,11.08,9.55,8.77,2015-06-26,-
2021-09-29,2772,众兴菌业,农牧饲渔,9.85,10.05,9.61,9.61,9.61,9609110,106797193.6,3.7024,-2.844,4.44,否,0.81,-3.804,-6.152,-8.126,-11.916,否,405988522,259540664,4437454545.46,2836779457.52,30.536003,1.47544,2.855112,9.99,10.11,10.33,10.55,11.03,9.57,8.78,2015-06-26,-
2021-09-30,2772,众兴菌业,农牧饲渔,9.07,9.24,8.65,8.9,8.65,19425167,194327969.61,7.4844,-7.411,6.13,否,1.64,-15.799,-9.369,-15.157,-21.169,否,412644082,266196224,4175958109.84,2693905786.88,28.273042,1.366098,2.643525,9.79,9.95,10.27,10.46,10.95,9.58,8.78,2015-06-26,-
2021-10-08,2772,众兴菌业,农牧饲渔,8.78,9.52,8.71,9.48,8.71,17871215,188239174.01,6.8857,6.522,9.09,否,1.26,-4.146,-3.951,-7.15,-14.13,否,412644082,266196224,4448303203.96,2869595294.72,30.116936,1.455192,2.815929,9.69,9.88,10.23,10.39,10.89,9.59,8.79,2015-06-26,-
2021-10-11,2772,众兴菌业,农牧饲渔,9.38,9.82,9.25,9.33,9.25,12337980,133266286.06,4.6349,-1.577,6.03,否,0.77,-2.914,-6.607,-10.547,-11.981,否,412644082,266196224,4378153710.02,2824341936.64,30.127929,1.455723,2.816957,9.44,9.77,10.19,10.32,10.84,9.61,8.8,2015-06-26,-
2021-10-12,2772,众兴菌业,农牧饲渔,9.45,9.45,8.9,9.0,8.9,9746205,100713693.32,3.6613,-3.487,5.94,否,0.67,1.124,-14.853,-12.109,-13.793,否,412644082,266196224,4225475399.68,2725849333.76,29.077284,1.404958,2.718722,9.26,9.65,10.11,10.25,10.79,9.62,8.8,2015-06-26,-
2021-10-13,2772,众兴菌业,农牧饲渔,9.17,9.2,8.77,9.12,8.77,9119451,93167767.37,3.4258,1.27,4.79,否,0.66,-3.797,-7.786,-7.128,-9.613,否,412644082,266196224,4279119130.34,2760454842.88,29.44643,1.422794,2.753237,9.17,9.58,10.03,10.19,10.74,9.62,8.81,2015-06-26,-
2021-10-14,2772,众兴菌业,农牧饲渔,9.06,9.23,8.95,9.07,8.95,6812100,70059748.0,2.5591,-0.579,3.09,否,0.5,-2.787,-5.619,-8.105,-9.027,否,412644082,266196224,4254360485.42,2744483069.44,29.276055,1.414562,2.737307,9.2,9.5,9.95,10.12,10.69,9.63,8.81,2015-06-26,-
2021-10-15,2772,众兴菌业,农牧饲渔,9.05,9.36,8.93,8.94,8.93,9408649,97295439.86,3.5345,-1.358,4.75,否,0.84,-0.667,0.449,-10.511,-14.038,否,412644082,266196224,4196590313.94,2707215598.08,28.878514,1.395353,2.700137,9.09,9.39,9.85,10.05,10.62,9.64,8.82,2015-06-26,-
2021-10-18,2772,众兴菌业,农牧饲渔,8.05,8.05,8.05,8.05,8.05,1846300,16893645.0,0.6936,-10.03,0.0,否,0.19,-11.732,-15.084,-23.841,-20.376,否,412644082,266196224,3775693350.3,2435695449.6,25.982144,1.255407,2.429327,8.84,9.14,9.72,9.96,10.55,9.64,8.82,2015-06-26,-
2021-10-19,2772,众兴菌业,农牧饲渔,7.25,7.25,7.25,7.25,7.25,3172800,26143872.0,1.1919,-9.945,0.0,否,0.43,-20.066,-22.294,-26.694,-31.018,否,412644082,266196224,3400187235.68,2193456885.76,23.398127,1.130552,2.187721,8.49,8.88,9.54,9.86,10.47,9.64,8.81,2015-06-26,-
2021-10-20,2772,众兴菌业,农牧饲渔,7.06,7.68,7.06,7.34,7.06,53488280,442737876.72,20.0936,1.335,8.5,否,8.81,-17.897,-18.444,-23.621,-31.466,否,412644082,266196224,3445578084.7,2222738470.4,23.710481,1.145644,2.216926,8.13,8.65,9.38,9.77,10.37,9.63,8.81,2015-06-26,-
2021-10-21,2772,众兴菌业,农牧饲渔,7.0,7.18,6.88,6.99,6.88,37194604,297776389.83,13.9726,-4.79,4.07,否,2.49,-13.168,-23.355,-21.461,-34.856,否,412644082,266196224,3280520451.9,2116259980.8,22.57465,1.090763,2.110726,7.71,8.46,9.21,9.67,10.27,9.63,8.8,2015-06-26,-
2021-10-22,2772,众兴菌业,农牧饲渔,6.98,7.03,6.74,6.79,6.74,25665972,199881926.66,9.6417,-2.893,4.15,否,1.22,-6.345,-25.138,-28.376,-37.764,否,412644082,266196224,3185612313.04,2055034849.28,21.921547,1.059206,2.049661,7.28,8.19,9.03,9.55,10.15,9.63,8.8,2015-06-26,-
2021-10-25,2772,众兴菌业,农牧饲渔,6.83,6.96,6.8,6.88,6.8,19837196,155200263.59,7.4521,1.295,2.46,否,0.82,-6.267,-23.043,-26.259,-35.641,否,412644082,266196224,3226876721.24,2081654471.68,22.205504,1.072927,2.076211,7.05,7.94,8.86,9.44,10.04,9.63,8.79,2015-06-26,-
2021-10-26,2772,众兴菌业,农牧饲渔,6.82,7.01,6.74,6.92,6.74,19257255,151007736.82,7.2342,0.639,3.96,否,0.69,-1.001,-14.037,-23.111,-36.572,否,412644082,266196224,3247508925.34,2094964282.88,168.366083,1.067125,2.152898,6.98,7.74,8.69,9.32,9.96,9.63,8.79,2015-06-26,-
2021-10-27,2772,众兴菌业,农牧饲渔,6.91,6.91,6.59,6.85,6.59,18945296,145066664.19,7.117,-1.017,4.57,否,0.61,0.884,-5.517,-24.89,-34.512,否,412644082,266196224,3214497398.78,2073668584.96,166.65461,1.056278,2.131014,6.89,7.51,8.54,9.19,9.88,9.63,8.78,2015-06-26,-
2021-10-28,2772,众兴菌业,农牧饲渔,6.74,6.81,6.52,6.54,6.52,14749253,110900475.22,5.5407,-4.493,4.24,否,0.61,-4.942,-10.899,-27.894,-37.655,否,412644082,266196224,3070071970.08,1980499906.56,159.166919,1.00882,2.035269,6.8,7.26,8.38,9.05,9.81,9.62,8.78,2015-06-26,-
2021-10-29,2772,众兴菌业,农牧饲渔,6.54,6.74,6.54,6.7,6.54,15731545,119265098.82,5.9098,2.419,2.96,否,0.8,-3.179,-4.149,-25.056,-34.378,否,412644082,266196224,3144347904.84,2028415226.88,163.017732,1.033227,2.084509,6.78,7.03,8.21,8.91,9.73,9.62,8.77,2015-06-26,-
2021-11-01,2772,众兴菌业,农牧饲渔,6.73,6.96,6.66,6.88,6.66,17317725,134713495.03,6.5056,2.625,4.46,否,0.98,0.438,1.325,-14.534,-34.036,否,412644082,266196224,3226876721.24,2081654471.68,167.296412,1.060346,2.139221,6.78,6.91,8.03,8.78,9.67,9.62,8.76,2015-06-26,-
2021-11-02,2772,众兴菌业,农牧饲渔,6.86,7.03,6.77,6.82,6.77,25423576,199594271.4,9.5507,-0.767,3.84,否,1.48,4.281,-0.872,-5.931,-33.398,否,412644082,266196224,3202118076.32,2065682698.24,166.012808,1.05221,2.122807,6.76,6.87,7.87,8.65,9.62,9.62,8.76,2015-06-26,-
2021-11-03,2772,众兴菌业,农牧饲渔,6.78,6.98,6.74,6.97,6.74,20851230,163042231.34,7.833,2.191,3.48,否,1.13,4.03,0.723,-5.041,-29.022,否,412644082,266196224,3272267570.26,2110936056.32,169.649687,1.075261,2.169312,6.78,6.83,7.74,8.53,9.56,9.62,8.75,2015-06-26,-
2021-11-04,2772,众兴菌业,农牧饲渔,6.91,7.2,6.9,7.15,6.9,23174303,187300423.78,8.7057,2.522,4.29,否,1.23,3.924,4.38,2.289,-27.558,否,412644082,266196224,3354796386.66,2164175301.12,173.928367,1.10238,2.224023,6.9,6.85,7.65,8.42,9.51,9.63,8.75,2015-06-26,-
2021-11-05,2772,众兴菌业,农牧饲渔,7.15,7.25,6.9,6.93,6.9,17762000,142117821.53,6.6725,-3.075,4.92,否,0.87,1.613,5.963,2.062,-30.631,否,412644082,266196224,3251635366.16,2097626245.12,168.580017,1.068481,2.155634,6.95,6.86,7.53,8.31,9.46,9.63,8.74,2015-06-26,-
2021-11-08,2772,众兴菌业,农牧饲渔,6.86,6.95,6.78,6.82,6.78,10753640,83552654.41,4.0397,-1.523,2.41,否,0.51,-2.152,1.791,-0.872,-35.478,否,412644082,266196224,3202118076.32,2065682698.24,166.012808,1.05221,2.122807,6.94,6.86,7.4,8.19,9.41,9.62,8.74,2015-06-26,-
2021-11-09,2772,众兴菌业,农牧饲渔,6.83,6.97,6.77,6.89,6.77,13248225,103339900.6,4.9769,1.031,2.96,否,0.68,-3.636,0.145,-0.434,-30.334,否,412644082,266196224,3235129602.88,2086978396.16,167.72428,1.063057,2.144692,6.95,6.86,7.3,8.08,9.37,9.62,8.73,2015-06-26,-
2021-11-10,2772,众兴菌业,农牧饲渔,6.86,7.0,6.74,6.92,6.74,13056645,101705929.91,4.9049,0.383,3.7,否,0.76,-0.144,1.466,1.022,-27.992,否,412644082,266196224,3247508925.34,2094964282.88,168.366083,1.067125,2.152898,6.94,6.86,7.19,7.98,9.32,9.62,8.73,2015-06-26,-
2021-11-11,2772,众兴菌业,农牧饲渔,6.91,7.08,6.88,6.96,6.88,13562137,107725384.5,5.0948,0.635,2.8,否,0.87,2.053,-0.143,6.422,-21.798,否,412644082,266196224,3268141129.44,2108274094.08,169.435753,1.073905,2.166576,6.9,6.9,7.08,7.89,9.27,9.62,8.73,2015-06-26,-
2021-11-12,2772,众兴菌业,农牧饲渔,6.97,7.16,6.92,7.06,6.92,15491657,124151024.67,5.8196,1.389,3.41,否,1.13,2.467,-1.259,5.373,-25.527,否,412644082,266196224,3313531978.46,2137555678.72,171.789027,1.08882,2.196668,6.93,6.94,6.99,7.79,9.22,9.62,8.72,2015-06-26,-
2021-11-15,2772,众兴菌业,农牧饲渔,7.06,7.24,6.9,7.21,6.9,18784095,151785437.2,7.0565,2.117,4.73,否,1.42,4.191,4.04,4.797,-22.722,否,412644082,266196224,3383681472.4,2182809036.8,175.425906,1.111871,2.243172,7.01,6.97,6.94,7.68,9.17,9.63,8.72,2015-06-26,-
2021-11-16,2772,众兴菌业,农牧饲渔,7.2,7.25,6.95,7.03,6.95,15927716,128537705.3,5.9834,-2.439,4.15,否,1.07,1.006,3.079,3.079,-21.889,否,412644082,266196224,3301152656.0,2129569792.0,171.147225,1.084753,2.188461,7.04,6.99,6.93,7.58,9.11,9.63,8.72,2015-06-26,-
2021-11-17,2772,众兴菌业,农牧饲渔,7.0,7.07,6.92,7.06,6.92,9242581,73489873.83,3.4721,0.375,2.13,否,0.6,0.0,2.467,1.291,-22.588,否,412644082,266196224,3313531978.46,2137555678.72,171.789027,1.08882,2.196668,7.06,7.0,6.92,7.5,9.02,9.63,8.71,2015-06-26,-
2021-11-18,2772,众兴菌业,农牧饲渔,7.08,7.09,6.84,6.86,6.84,14495215,114235280.5,5.4453,-2.864,3.49,否,0.99,-4.854,-0.867,-4.056,-24.366,否,412644082,266196224,3218623839.6,2076330547.2,166.868544,1.057634,2.133749,7.04,6.97,6.91,7.43,8.95,9.63,8.71,2015-06-26,-
2021-11-19,2772,众兴菌业,农牧饲渔,6.86,7.24,6.77,7.04,6.77,20770428,165329130.26,7.8027,2.692,6.79,否,1.4,0.142,1.149,1.587,-21.253,否,412644082,266196224,3305279096.82,2132231754.24,171.361159,1.086108,2.191196,7.04,6.99,6.92,7.35,8.87,9.63,8.7,2015-06-26,-
2021-11-22,2772,众兴菌业,农牧饲渔,7.15,7.17,6.88,6.94,6.88,17271485,136201209.55,6.4883,-1.498,4.12,否,1.09,-1.7,-1.7,1.76,-13.789,否,412644082,266196224,3255761806.98,2100288207.36,168.793951,1.069837,2.15837,6.99,7.0,6.93,7.27,8.79,9.63,8.7,2015-06-26,-
2021-11-23,2772,众兴菌业,农牧饲渔,6.95,7.0,6.89,6.9,6.89,11492298,90608298.9,4.3172,-0.507,1.52,否,0.74,0.583,-4.3,0.145,-4.828,否,412644082,266196224,3239256043.7,2089640358.4,167.938214,1.064413,2.147427,6.96,7.0,6.93,7.2,8.72,9.63,8.7,2015-06-26,-
2021-11-24,2772,众兴菌业,农牧饲渔,6.9,6.98,6.81,6.93,6.81,11125183,87138197.98,4.1793,0.382,2.42,否,0.76,-1.563,-1.422,0.145,-5.586,否,412644082,266196224,3251635366.16,2097626245.12,168.580017,1.068481,2.155634,6.93,7.0,6.93,7.12,8.66,9.63,8.69,2015-06-26,-
2021-11-25,2772,众兴菌业,农牧饲渔,6.9,6.99,6.88,6.91,6.88,9181111,72272030.87,3.449,-0.254,1.65,否,0.61,-0.432,-2.125,-0.718,-1.144,否,412644082,266196224,3243382484.52,2092302320.64,168.152149,1.065769,2.150163,6.94,6.99,6.95,7.05,8.59,9.63,8.69,2015-06-26,-
2021-11-26,2772,众兴菌业,农牧饲渔,6.91,6.91,6.82,6.82,6.82,9264700,72133791.72,3.4804,-1.272,1.27,否,0.66,-1.159,-0.583,-3.399,0.442,否,412644082,266196224,3202118076.32,2065682698.24,166.012808,1.05221,2.122807,6.9,6.97,6.96,6.98,8.52,9.63,8.68,2015-06-26,-
2021-11-29,2772,众兴菌业,农牧饲渔,6.76,6.79,6.68,6.73,6.68,9574693,73372172.09,3.5969,-1.418,1.55,否,0.82,-2.886,-4.403,-6.657,-2.18,否,412644082,266196224,3156727227.3,2036401113.6,163.659534,1.037295,2.092716,6.86,6.92,6.95,6.94,8.45,9.62,8.68,2015-06-26,-
2021-11-30,2772,众兴菌业,农牧饲渔,6.74,6.97,6.73,6.96,6.73,18185514,142695173.36,6.8316,3.399,3.66,否,1.8,0.724,0.288,-0.996,0.578,否,412644082,266196224,3264014688.62,2105612131.84,169.221819,1.072549,2.163841,6.87,6.92,6.95,6.93,8.39,9.62,8.68,2015-06-26,-
2021-12-01,2772,众兴菌业,农牧饲渔,6.96,7.06,6.91,6.96,6.91,17991077,142734294.33,6.7586,0.0,2.15,否,1.57,2.053,0.87,-1.416,1.606,否,412644082,266196224,3264014688.62,2105612131.84,169.221819,1.072549,2.163841,6.88,6.91,6.95,6.91,8.34,9.62,8.67,2015-06-26,-
2021-12-02,2772,众兴菌业,农牧饲渔,6.98,7.43,6.96,7.14,6.96,37203604,303870445.09,13.976,2.655,6.83,否,2.9,6.092,3.03,4.082,9.174,否,412644082,266196224,3350669945.84,2161513338.88,173.714433,1.101024,2.221288,6.92,6.93,6.95,6.92,8.29,9.63,8.67,2015-06-26,-
2021-12-03,2772,众兴菌业,农牧饲渔,7.12,7.17,6.96,7.06,6.96,21132517,169155342.78,7.9387,-1.108,2.96,否,1.15,1.437,2.171,0.284,5.373,否,412644082,266196224,3313531978.46,2137555678.72,171.789027,1.08882,2.196668,6.97,6.94,6.96,6.93,8.24,9.63,8.66,2015-06-26,-
2021-12-06,2772,众兴菌业,农牧饲渔,7.08,7.11,6.87,6.88,6.87,15848215,125223030.83,5.9536,-2.615,3.49,否,0.76,-1.149,0.88,-0.865,0.0,否,412644082,266196224,3226876721.24,2081654471.68,167.296412,1.060346,2.139221,7.0,6.93,6.96,6.93,8.18,9.63,8.66,2015-06-26,-
2021-12-07,2772,众兴菌业,农牧饲渔,6.87,6.95,6.86,6.94,6.86,9374594,73615817.48,3.5217,0.895,1.28,否,0.42,-2.801,3.12,0.58,1.76,否,412644786,407566246,3255767361.54,3215697680.94,168.793951,1.069837,2.15837,7.0,6.93,6.97,6.93,8.12,9.63,8.65,2015-06-26,-
2021-12-08,2772,众兴菌业,农牧饲渔,6.94,7.11,6.87,7.07,6.87,14597837,116122751.77,5.4839,1.901,3.55,否,0.72,0.142,1.58,2.02,1.435,否,407414311,402335771,3275611060.44,3234779598.84,172.002961,1.090176,2.199403,7.02,6.95,6.97,6.94,8.06,9.63,8.65,2015-06-26,-
2021-12-09,2772,众兴菌业,农牧饲渔,7.07,7.56,7.04,7.27,7.04,31646828,262911420.44,11.8885,2.861,7.34,否,1.61,5.669,4.454,5.21,1.678,否,407414311,402335771,3369316351.97,3327316826.17,176.923444,1.121363,2.262321,7.04,6.98,6.99,6.96,8.01,9.63,8.65,2015-06-26,-
2021-12-10,2772,众兴菌业,农牧饲渔,7.35,8.0,7.26,8.0,7.26,40079761,355450716.19,9.9618,10.036,10.16,否,2.16,15.274,12.045,17.302,15.44,是,407414311,402335771,3707470230.1,3661255516.1,192.212632,1.218268,2.457824,7.23,7.1,7.04,7.0,7.96,9.63,8.65,2015-06-26,-
2021-12-13,2772,众兴菌业,农牧饲渔,8.29,8.53,7.83,7.99,7.83,71438892,661542933.48,17.756,-0.11,8.79,否,3.2,13.013,13.173,18.722,17.155,否,407414311,402335771,3703396086.99,3657232158.39,192.00141,1.216929,2.455124,7.45,7.23,7.07,7.04,7.91,9.64,8.65,2015-06-26,-
2021-12-14,2772,众兴菌业,农牧饲渔,7.89,7.91,7.64,7.69,7.64,40852331,359273755.22,10.1538,-3.85,3.41,否,1.22,5.777,11.773,10.489,11.611,否,407414311,402335771,3560801078.14,3516414638.54,184.608616,1.170073,2.360592,7.6,7.3,7.11,7.07,7.86,9.64,8.64,2015-06-26,-
2021-12-15,2772,众兴菌业,农牧饲渔,7.61,7.73,7.52,7.63,7.52,22520347,195275427.16,5.5974,-0.687,2.75,否,0.57,-4.625,9.942,9.626,10.26,否,407414311,402335771,3536356219.48,3492274492.28,183.34128,1.16204,2.344386,7.72,7.37,7.14,7.09,7.81,9.63,8.64,2015-06-26,-
2021-12-16,2772,众兴菌业,农牧饲渔,7.59,7.75,7.52,7.71,7.52,26933301,233905314.3,6.6942,1.037,3.0,否,0.65,-3.504,9.052,7.983,10.776,否,407414311,402335771,3573023507.47,3528484711.67,185.242284,1.174089,2.368695,7.8,7.42,7.18,7.11,7.77,9.62,8.64,2015-06-26,-
2021-12-17,2772,众兴菌业,农牧饲渔,7.61,8.4,7.53,8.03,7.53,45900098,412366682.49,11.4084,4.105,11.29,否,1.14,4.421,10.454,13.739,13.739,否,407414311,402335771,3719692659.43,3673325589.23,192.8463,1.222284,2.465927,7.81,7.52,7.23,7.15,7.73,9.6,8.63,2015-06-26,-
2021-12-20,2772,众兴菌业,农牧饲渔,8.01,8.2,7.83,7.83,7.83,36114124,329581362.45,8.9761,-2.519,4.6,否,0.87,2.621,-2.125,13.808,8.599,否,407414311,402335771,3625987367.9,3580788361.9,187.988179,1.191493,2.403806,7.78,7.62,7.27,7.18,7.69,9.57,8.63,2015-06-26,-
2021-12-21,2772,众兴菌业,农牧饲渔,7.77,7.91,7.67,7.85,7.67,22306603,197412579.28,5.5443,0.337,3.15,否,0.65,1.816,-1.752,13.112,11.664,否,407414311,402335771,3638209797.23,3592858435.03,188.621847,1.195509,2.411909,7.81,7.71,7.32,7.21,7.65,9.53,8.63,2015-06-26,-
2021-12-22,2772,众兴菌业,农牧饲渔,7.81,7.85,7.61,7.63,7.61,20154500,176493231.0,5.0094,-2.8,3.14,否,0.66,-4.981,-0.78,7.921,8.074,否,407414311,402335771,3536356219.48,3492274492.28,183.34128,1.16204,2.344386,7.81,7.76,7.36,7.24,7.61,9.48,8.63,2015-06-26,-
2021-12-23,2772,众兴菌业,农牧饲渔,7.64,7.72,7.5,7.66,7.5,15888610,137598793.1,3.9491,0.346,2.88,否,0.52,-2.171,0.393,5.365,11.662,否,407414311,402335771,3548578648.81,3504344565.41,183.974948,1.166056,2.352489,7.8,7.8,7.39,7.26,7.57,9.43,8.62,2015-06-26,-
2021-12-24,2772,众兴菌业,农牧饲渔,7.66,7.67,7.39,7.39,7.39,14706936,125206427.11,3.6554,-3.444,3.67,否,0.52,-5.86,-4.15,-7.625,4.972,否,407414311,402335771,3426354355.51,3383643834.11,177.638268,1.125894,2.271462,7.67,7.74,7.42,7.27,7.53,9.37,8.61,2015-06-26,-
2021-12-27,2772,众兴菌业,农牧饲渔,7.35,7.68,7.34,7.54,7.34,13237750,113610926.56,3.2902,2.021,4.52,否,0.61,-1.18,-6.102,-5.632,8.646,否,407414311,402335771,3495614788.38,3452040915.18,181.229053,1.148652,2.317377,7.61,7.7,7.46,7.28,7.48,9.32,8.61,2015-06-26,-
2021-12-28,2772,众兴菌业,农牧饲渔,7.54,7.67,7.44,7.47,7.44,11135364,95374816.12,2.7677,-0.932,3.03,否,0.65,-2.48,-4.598,-2.861,8.261,否,407414311,402335771,3463021643.5,3419854053.5,179.539272,1.137942,2.29577,7.54,7.67,7.49,7.3,7.44,9.26,8.6,2015-06-26,-
2021-12-29,2772,众兴菌业,农牧饲渔,7.47,7.47,7.21,7.25,7.21,13082566,108326018.68,3.2517,-3.059,3.53,否,0.87,-1.894,-7.643,-4.98,4.618,否,407414311,402335771,3357093922.64,3315246753.04,174.047482,1.103135,2.225547,7.46,7.64,7.5,7.3,7.4,9.21,8.6,2015-06-26,-
2021-12-30,2772,众兴菌业,农牧饲渔,7.21,7.34,7.2,7.26,7.2,8621541,71346553.29,2.1429,0.243,1.94,否,0.63,-3.714,-4.849,-5.837,5.065,否,407414311,402335771,3365242208.86,3323293468.46,174.469928,1.105812,2.230948,7.38,7.59,7.51,7.32,7.37,9.16,8.59,2015-06-26,-
2021-12-31,2772,众兴菌业,农牧饲渔,7.25,7.41,7.25,7.35,7.25,8487965,70807458.84,2.1097,1.211,2.3,否,0.7,-1.606,-4.047,-8.468,7.771,否,407421801,402343261,3406046256.36,3363589661.96,176.582154,1.1192,2.257957,7.37,7.52,7.52,7.33,7.34,9.11,8.58,2015-06-26,-
2022-01-04,2772,众兴菌业,农牧饲渔,7.33,7.7,7.32,7.68,7.32,24337699,209956658.39,6.0491,4.426,5.26,否,2.23,5.931,3.924,-1.916,14.116,否,407421801,402343261,3556792322.73,3512456668.53,184.397393,1.168734,2.357891,7.4,7.51,7.56,7.35,7.31,9.07,8.58,2015-06-26,-
2022-01-05,2772,众兴菌业,农牧饲渔,7.61,7.73,7.48,7.61,7.48,17132147,148057520.16,4.2581,-0.802,3.21,否,1.3,4.821,0.928,-3.057,9.339,否,407421801,402343261,3528272796.66,3484292640.26,182.922197,1.159384,2.339028,7.43,7.48,7.6,7.37,7.29,9.04,8.58,2015-06-26,-
2022-01-06,2772,众兴菌业,农牧饲渔,7.63,7.68,7.53,7.62,7.53,12367726,106896985.99,3.0739,0.116,1.96,否,0.86,3.673,2.008,-0.131,9.483,否,407421801,402343261,3532347014.67,3488316072.87,183.133424,1.160723,2.341728,7.5,7.48,7.62,7.4,7.26,9.0,8.58,2015-06-26,-
2022-01-07,2772,众兴菌业,农牧饲渔,7.65,7.65,7.31,7.32,7.31,17497383,148070914.04,4.3489,-3.922,4.5,否,1.23,-4.688,0.966,-4.439,2.521,否,407421801,402343261,3393823602.33,3351519364.13,175.951721,1.115204,2.249896,7.52,7.45,7.63,7.41,7.23,8.96,8.57,2015-06-26,-
2022-01-10,2772,众兴菌业,农牧饲渔,7.33,7.44,7.15,7.4,7.15,10564182,88066441.39,2.6257,1.08,3.96,否,0.66,-2.76,1.928,0.135,4.816,否,407421801,402343261,3430491564.42,3387730257.62,177.85276,1.127253,2.274205,7.53,7.45,7.6,7.43,7.21,8.91,8.56,2015-06-26,-
2022-01-11,2772,众兴菌业,农牧饲渔,7.35,7.61,7.33,7.38,7.33,10044914,84987515.18,2.4966,-0.356,3.68,否,0.61,-3.15,0.408,-2.122,7.267,否,407421801,402343261,3418268910.39,3375659959.79,177.21908,1.123237,2.266102,7.47,7.43,7.57,7.45,7.19,8.87,8.55,2015-06-26,-
2022-01-12,2772,众兴菌业,农牧饲渔,7.4,7.7,7.31,7.62,7.31,19472056,166820249.2,4.8397,3.337,5.36,否,1.44,4.098,-0.781,2.008,9.798,否,407421801,402343261,3532347014.67,3488316072.87,183.133424,1.160723,2.341728,7.47,7.45,7.56,7.47,7.2,8.83,8.54,2015-06-26,-
2022-01-13,2772,众兴菌业,农牧饲渔,7.81,7.89,7.58,7.68,7.58,25354172,221863675.13,6.3016,0.692,4.04,否,1.81,3.784,0.92,5.931,8.628,否,407421801,402343261,3556792322.73,3512456668.53,184.400783,1.168755,2.357934,7.48,7.49,7.56,7.5,7.21,8.79,8.54,2015-06-26,-
2022-01-14,2772,众兴菌业,农牧饲渔,7.57,7.83,7.38,7.39,7.38,25547700,221506650.17,6.3497,-3.666,5.84,否,1.54,0.136,-3.018,1.791,1.651,否,407421801,402343261,3426417346.41,3383706825.01,177.641534,1.125914,2.271504,7.49,7.51,7.55,7.51,7.21,8.74,8.53,2015-06-26,-
2022-01-17,2772,众兴菌业,农牧饲渔,7.41,7.56,7.27,7.54,7.27,20424102,173356681.59,5.0763,2.021,3.92,否,1.12,-1.05,3.005,2.585,-5.75,否,407421801,402343261,3495679052.58,3452105179.38,181.232385,1.148674,2.31742,7.52,7.52,7.52,7.52,7.23,8.69,8.52,2015-06-26,-
2022-01-18,2772,众兴菌业,农牧饲渔,7.52,7.61,7.27,7.29,7.27,20108119,167885647.67,4.9978,-3.38,4.43,否,1.0,-5.078,-1.486,-5.078,-8.761,否,407421801,402343261,3377526730.29,3335425633.69,175.106815,1.109849,2.239092,7.5,7.49,7.5,7.54,7.23,8.64,8.51,2015-06-26,-
2022-01-19,2772,众兴菌业,农牧饲渔,7.34,7.66,7.3,7.53,7.3,23232328,197673918.39,5.7743,3.257,4.95,否,1.05,1.894,2.033,-1.051,-2.081,否,407421801,402343261,3487530616.56,3444058314.16,180.809932,1.145996,2.312018,7.49,7.48,7.48,7.56,7.24,8.6,8.51,2015-06-26,-
2022-01-20,2772,众兴菌业,农牧饲渔,7.47,7.56,7.28,7.28,7.28,18037492,151152583.49,4.4831,-3.271,3.74,否,0.79,-3.448,-4.462,-4.462,-4.587,否,407421801,402343261,3373452512.28,3331402201.08,174.895588,1.10851,2.236391,7.41,7.44,7.46,7.56,7.25,8.57,8.5,2015-06-26,-
2022-01-21,2772,众兴菌业,农牧饲渔,7.21,7.21,6.77,6.94,6.77,16425488,130030818.08,4.0825,-4.71,6.04,否,0.77,-4.801,-9.635,-5.191,-9.987,否,407421801,402343261,3214558009.89,3174488329.29,166.657753,1.056298,2.131054,7.32,7.41,7.43,7.55,7.26,8.53,8.5,2015-06-26,-
2022-01-24,2772,众兴菌业,农牧饲渔,6.88,6.97,6.87,6.93,6.87,6337357,49919681.9,1.5751,-0.127,1.52,否,0.32,-7.968,-6.225,-6.351,-13.699,否,407421801,402343261,3210483791.88,3170464896.68,166.446526,1.054959,2.128353,7.19,7.36,7.4,7.52,7.26,8.5,8.49,2015-06-26,-
2022-01-25,2772,众兴菌业,农牧饲渔,6.88,6.96,6.59,6.59,6.59,10998510,84283434.07,2.7336,-4.822,5.46,否,0.65,-9.478,-12.599,-10.705,-15.837,否,407421801,402343261,3055663507.5,3017574457.5,158.419917,1.004085,2.025717,7.05,7.28,7.36,7.47,7.26,8.46,8.49,2015-06-26,-
2022-01-26,2772,众兴菌业,农牧饲渔,6.59,6.67,6.55,6.66,6.55,6066171,45694797.34,1.5077,0.933,1.87,否,0.4,-4.035,-8.642,-12.598,-15.159,否,407421801,402343261,3084183033.57,3045738485.77,159.898503,1.013457,2.044623,6.88,7.18,7.32,7.44,7.25,8.44,8.48,2015-06-26,-
2022-01-27,2772,众兴菌业,农牧饲渔,6.65,6.69,6.51,6.51,6.51,6532041,48821819.4,1.6235,-2.246,2.77,否,0.56,-6.061,-13.546,-15.234,-14.679,否,407421801,402343261,3014921327.4,2977340131.4,156.307651,0.990697,1.998707,6.73,7.07,7.28,7.4,7.24,8.4,8.47,2015-06-26,-
2022-01-28,2772,众兴菌业,农牧饲渔,6.52,6.71,6.46,6.64,6.46,7193160,53913728.8,1.7878,2.027,3.78,否,0.78,0.759,-8.791,-10.149,-13.316,否,407421801,402343261,3076034597.55,3037691620.55,159.47605,1.010779,2.039221,6.67,6.99,7.25,7.36,7.24,8.37,8.47,2015-06-26,-
2022-02-07,2772,众兴菌业,农牧饲渔,6.73,6.81,6.64,6.81,6.64,5722300,43768917.0,1.4222,2.517,2.52,否,0.77,2.252,-1.873,-9.682,-7.848,否,407421801,402343261,3153444739.74,3114136840.14,163.489354,1.036216,2.09054,6.64,6.92,7.22,7.32,7.23,8.35,8.46,2015-06-26,-
2022-02-08,2772,众兴菌业,农牧饲渔,6.79,6.96,6.7,6.94,6.7,6409576,50095450.76,1.5931,1.938,3.75,否,0.88,6.605,0.144,-4.801,-7.958,否,407421801,402343261,3214558009.89,3174488329.29,166.657753,1.056298,2.131054,6.71,6.88,7.18,7.29,7.24,8.32,8.46,2015-06-26,-
2022-02-09,2772,众兴菌业,农牧饲渔,6.93,7.03,6.88,6.99,6.88,5747100,45591685.25,1.4284,0.761,2.03,否,0.9,5.271,6.07,-7.171,-6.426,否,407421801,402343261,3239003317.95,3198628924.95,167.925112,1.06433,2.14726,6.78,6.83,7.15,7.26,7.24,8.3,8.46,2015-06-26,-
2022-02-10,2772,众兴菌业,农牧饲渔,7.0,7.03,6.88,6.97,6.88,9772146,77180622.56,2.4288,-0.252,2.01,否,1.55,2.349,4.655,-4.258,-3.862,否,407421801,402343261,3230854881.93,3190582059.73,167.502659,1.061653,2.141858,6.87,6.8,7.12,7.24,7.24,8.28,8.45,2015-06-26,-
2022-02-11,2772,众兴菌业,农牧饲渔,6.9,6.94,6.77,6.79,6.77,6521829,50611523.9,1.621,-2.648,2.4,否,0.94,-2.161,4.301,-2.161,-6.474,否,407421801,402343261,3145296303.72,3106089974.92,163.066901,1.033538,2.085138,6.9,6.78,7.09,7.21,7.24,8.25,8.45,2015-06-26,-
2022-02-14,2772,众兴菌业,农牧饲渔,6.76,6.86,6.75,6.8,6.75,4048905,31349738.78,1.0063,0.13,1.55,否,0.59,-2.718,2.41,-1.876,-7.483,否,407421801,402343261,3149370521.73,3110113407.53,163.278128,1.034877,2.087839,6.9,6.77,7.06,7.19,7.23,8.23,8.44,2015-06-26,-
2022-02-15,2772,众兴菌业,农牧饲渔,6.8,6.84,6.7,6.73,6.7,4848435,37272204.26,1.205,-1.035,2.07,否,0.75,-3.443,-1.175,2.124,-12.37,否,407421801,402343261,3116776777.65,3077925946.65,161.588315,1.024167,2.066231,6.86,6.78,7.03,7.17,7.22,8.2,8.44,2015-06-26,-
2022-02-16,2772,众兴菌业,农牧饲渔,6.74,6.8,6.71,6.8,6.71,4281405,32936442.71,1.0641,1.046,1.31,否,0.69,0.147,-2.017,2.102,-10.644,否,407421801,402343261,3149370521.73,3110113407.53,163.278128,1.034877,2.087839,6.82,6.8,6.99,7.14,7.22,8.16,8.44,2015-06-26,-
2022-02-17,2772,众兴菌业,农牧饲渔,6.8,6.85,6.68,6.7,6.68,6457890,49637019.35,1.6051,-1.423,2.46,否,1.1,-1.471,-4.149,2.919,-12.073,否,407421801,402343261,3104554123.62,3065855648.82,160.954636,1.020151,2.058128,6.76,6.82,6.94,7.13,7.21,8.12,8.44,2015-06-26,-
2022-02-18,2772,众兴菌业,农牧饲渔,6.67,6.77,6.64,6.76,6.64,4982447,38119996.54,1.2384,0.919,1.97,否,0.95,0.446,-3.013,1.807,-7.65,否,407421801,402343261,3133073649.69,3094019677.09,162.433222,1.029522,2.077035,6.76,6.83,6.91,7.11,7.21,8.08,8.43,2015-06-26,-
2022-02-21,2772,众兴菌业,农牧饲渔,6.78,6.94,6.77,6.94,6.77,7753294,60772368.57,1.927,2.601,2.47,否,1.57,2.059,2.209,1.909,-6.216,否,407421801,402343261,3214558009.89,3174488329.29,166.657753,1.056298,2.131054,6.79,6.84,6.88,7.09,7.21,8.04,8.43,2015-06-26,-
2022-02-22,2772,众兴菌业,农牧饲渔,6.9,6.98,6.81,6.88,6.81,6851245,53599875.45,1.7028,-0.887,2.53,否,1.21,2.687,1.176,-0.865,-6.775,否,407421801,402343261,3186038483.82,3146324301.02,165.179167,1.046926,2.112147,6.82,6.84,6.86,7.07,7.21,8.0,8.43,2015-06-26,-
2022-02-23,2772,众兴菌业,农牧饲渔,6.97,7.08,6.84,6.9,6.84,8476025,66621160.06,2.1067,0.384,3.45,否,1.4,2.071,2.526,-1.288,-9.449,否,407421801,402343261,3198261137.85,3158394598.85,165.812846,1.050943,2.12025,6.84,6.83,6.83,7.04,7.21,7.97,8.43,2015-06-26,-
2022-02-24,2772,众兴菌业,农牧饲渔,6.84,6.95,6.59,6.67,6.59,10677038,82326406.11,2.6537,-3.44,5.22,否,1.55,-3.89,-1.912,-4.304,-13.151,否,407421801,402343261,3088257251.58,3049761918.38,160.109729,1.014796,2.047324,6.83,6.8,6.8,7.01,7.21,7.93,8.43,2015-06-26,-
2022-02-25,2772,众兴菌业,农牧饲渔,6.69,6.8,6.68,6.74,6.68,5376817,41220961.42,1.3364,1.055,1.72,否,0.69,-2.035,0.597,-0.736,-8.796,否,407421801,402343261,3120850995.66,3081949379.26,161.799542,1.025506,2.068932,6.83,6.79,6.79,6.99,7.2,7.89,8.43,2015-06-26,-
2022-02-28,2772,众兴菌业,农牧饲渔,6.74,6.77,6.62,6.73,6.62,5262620,40067344.0,1.308,-0.131,2.22,否,0.67,-2.464,-0.444,-1.029,-10.743,否,407421801,402343261,3116776777.65,3077925946.65,161.588315,1.024167,2.066231,6.78,6.79,6.78,6.97,7.2,7.86,8.43,2015-06-26,-
2022-03-01,2772,众兴菌业,农牧饲渔,6.74,6.86,6.71,6.85,6.71,6280701,48566372.0,1.561,1.83,2.22,否,0.86,2.699,-1.297,1.783,-6.036,否,407421801,402343261,3173815829.79,3134254003.19,164.545487,1.04291,2.104044,6.78,6.8,6.79,6.95,7.2,7.83,8.43,2015-06-26,-
2022-03-02,2772,众兴菌业,农牧饲渔,6.86,7.02,6.81,6.96,6.81,10172917,80340070.0,2.5284,1.669,2.95,否,1.41,3.264,1.163,2.353,-7.57,否,407421801,402343261,3226780663.92,3186558627.12,167.291432,1.060314,2.139157,6.79,6.81,6.81,6.93,7.2,7.8,8.42,2015-06-26,-
2022-03-03,2772,众兴菌业,农牧饲渔,6.93,7.0,6.9,6.96,6.9,7411009,58578130.0,1.842,0.0,1.39,否,0.98,3.418,0.87,3.881,-4.396,否,407421801,402343261,3226780663.92,3186558627.12,167.291432,1.060314,2.139157,6.85,6.84,6.83,6.91,7.2,7.77,8.42,2015-06-26,-
2022-03-04,2772,众兴菌业,农牧饲渔,6.98,6.98,6.88,6.91,6.88,5226185,41123058.0,1.2989,-0.758,1.52,否,0.76,0.876,3.598,2.219,-0.432,否,407421801,402343261,3202335355.86,3162418031.46,166.024073,1.052281,2.122951,6.88,6.85,6.84,6.89,7.2,7.75,8.42,2015-06-26,-
2022-03-07,2772,众兴菌业,农牧饲渔,6.96,6.99,6.85,6.91,6.85,6474600,50877311.0,1.6092,0.0,2.04,否,0.94,-0.718,2.522,-0.432,-0.289,否,407421801,402343261,3202335355.86,3162418031.46,166.024073,1.052281,2.122951,6.92,6.85,6.85,6.87,7.2,7.72,8.42,2015-06-26,-
2022-03-08,2772,众兴菌业,农牧饲渔,6.87,6.88,6.62,6.63,6.62,6917946,53034057.0,1.7194,-4.071,3.69,否,0.97,-4.741,-1.486,-3.634,0.607,否,407421801,402343261,3071960379.54,3033668187.94,159.264823,1.00944,2.036521,6.87,6.83,6.83,6.85,7.19,7.69,8.41,2015-06-26,-
2022-03-09,2772,众兴菌业,农牧饲渔,6.72,6.72,6.14,6.44,6.14,9269280,68135046.0,2.3038,-2.918,8.75,否,1.28,-6.802,-5.985,-6.667,-3.303,否,407421801,402343261,2982327583.32,2945152670.52,154.617839,0.979987,1.9771,6.77,6.78,6.8,6.81,7.18,7.65,8.41,2015-06-26,-
2022-03-10,2772,众兴菌业,农牧饲渔,6.52,6.62,6.45,6.54,6.45,6789883,50537151.0,1.6876,1.639,2.6,否,0.96,-5.355,-6.034,-1.949,0.461,否,407421801,402343261,3031218199.44,2993433861.84,157.152558,0.996053,2.009511,6.69,6.77,6.78,6.79,7.18,7.62,8.4,2015-06-26,-
2022-03-11,2772,众兴菌业,农牧饲渔,6.47,6.68,6.33,6.68,6.33,6984076,51902451.0,1.7359,2.151,5.38,否,1.01,0.754,-4.023,-0.89,0.602,否,407421801,402343261,3096405687.6,3057808783.6,160.532183,1.017473,2.052726,6.64,6.76,6.78,6.78,7.17,7.59,8.4,2015-06-26,-
2022-03-14,2772,众兴菌业,农牧饲渔,6.6,6.87,6.58,6.6,6.58,8534800,65384874.0,2.1213,-1.184,4.34,否,1.17,2.484,-4.486,-1.932,-3.084,否,407421801,402343261,3059737725.51,3021597890.11,158.631144,1.005424,2.028418,6.58,6.75,6.77,6.77,7.14,7.55,8.39,2015-06-26,-
2022-03-15,2772,众兴菌业,农牧饲渔,6.56,6.66,6.17,6.18,6.17,9075420,66329353.0,2.2556,-6.392,7.32,否,1.18,-5.505,-10.564,-9.781,-10.951,否,407421801,402343261,2864175261.03,2828473124.83,148.492269,0.941163,1.898772,6.49,6.68,6.74,6.75,7.11,7.51,8.39,2015-06-26,-
2022-03-16,2772,众兴菌业,农牧饲渔,6.29,6.37,6.04,6.33,6.04,7195105,50916077.0,1.7883,2.418,5.26,否,0.88,-5.24,-4.525,-9.052,-9.442,否,407421801,402343261,2933436967.2,2896871479.2,152.08312,0.963922,1.944688,6.47,6.62,6.72,6.74,7.09,7.47,8.38,2015-06-26,-
2022-03-17,2772,众兴菌业,农牧饲渔,6.37,6.57,6.34,6.47,6.34,6181526,45648119.0,1.5364,2.222,3.61,否,0.8,-1.97,0.466,-7.04,-7.174,否,407421801,402343261,2998624455.36,2961246400.96,155.462745,0.985342,1.987903,6.45,6.57,6.7,6.74,7.07,7.44,8.38,2015-06-26,-
2022-03-18,2772,众兴菌业,农牧饲渔,6.44,6.67,6.42,6.6,6.42,6329808,47261555.26,1.5732,2.038,3.8,否,0.83,6.796,0.917,-4.486,-2.798,否,407421801,402343261,3059737725.51,3021597890.11,158.631144,1.005424,2.028418,6.44,6.54,6.7,6.74,7.05,7.41,8.38,2015-06-26,-
2022-03-21,2772,众兴菌业,农牧饲渔,6.65,6.93,6.59,6.91,6.59,12489800,97124225.7,3.1043,4.661,5.19,否,1.67,9.163,3.443,0.0,1.618,否,407421801,402343261,3202335355.86,3162418031.46,166.024073,1.052281,2.122951,6.5,6.54,6.69,6.74,7.03,7.38,8.37,2015-06-26,-
2022-03-22,2772,众兴菌业,农牧饲渔,6.89,7.03,6.79,6.88,6.79,7221615,56402606.56,1.7949,-0.509,3.44,否,0.87,6.337,4.242,3.771,2.229,否,407421801,402343261,3186038483.82,3146324301.02,165.179167,1.046926,2.112147,6.64,6.56,6.69,6.74,7.02,7.35,8.37,2015-06-26,-
2022-03-23,2772,众兴菌业,农牧饲渔,6.86,6.99,6.81,6.91,6.81,6321170,49627358.68,1.5711,0.512,2.56,否,0.8,4.697,11.812,7.298,1.618,否,407421801,402343261,3202335355.86,3162418031.46,166.024073,1.052281,2.122951,6.75,6.61,6.7,6.74,7.0,7.32,8.37,2015-06-26,-
2022-03-24,2772,众兴菌业,农牧饲渔,6.97,7.03,6.89,6.91,6.89,10984515,86897712.6,2.7301,0.0,1.91,否,1.42,0.0,9.163,5.657,3.134,否,407421801,402343261,3202335355.86,3162418031.46,58.258169,1.013115,2.057862,6.84,6.65,6.71,6.74,6.99,7.3,8.37,2015-06-26,-
2022-03-25,2772,众兴菌业,农牧饲渔,6.89,7.21,6.88,7.15,6.88,15208475,123478884.15,3.78,3.435,4.71,否,1.75,3.924,10.51,7.036,5.769,否,407421801,402343261,3312339242.13,3271050711.93,60.259404,1.047917,2.128552,6.95,6.69,6.73,6.75,6.98,7.28,8.37,2015-06-26,-
2022-03-28,2772,众兴菌业,农牧饲渔,7.19,7.25,6.99,7.03,6.99,17215691,138886863.61,4.2789,-1.599,3.57,否,1.65,1.737,6.515,6.515,1.297,否,407421801,402343261,3259374408.0,3218746088.0,59.295847,1.031161,2.094516,6.98,6.74,6.74,6.76,6.97,7.25,8.36,2015-06-26,-
2022-03-29,2772,众兴菌业,农牧饲渔,7.0,7.21,6.96,7.18,6.96,16747761,135981840.28,4.1626,2.125,3.63,否,1.47,3.907,3.907,16.181,4.36,否,407421801,402343261,3328636114.17,3287144442.37,60.555884,1.053073,2.139025,7.04,6.84,6.76,6.77,6.97,7.22,8.36,2015-06-26,-
2022-03-30,2772,众兴菌业,农牧饲渔,7.06,7.11,6.98,7.04,6.98,12425514,99372035.58,3.0883,-1.958,1.84,否,0.93,-1.538,2.326,11.216,2.029,否,407421801,402343261,3263448626.01,3222769520.61,59.369967,1.03245,2.097134,7.06,6.91,6.76,6.78,6.96,7.2,8.36,2015-06-26,-
2022-03-31,2772,众兴菌业,农牧饲渔,6.96,7.09,6.94,6.96,6.94,8575620,68339298.32,2.1314,-1.124,2.12,否,0.59,-0.996,0.724,7.573,4.348,否,407428449,402843484,3226833316.08,3190520393.28,58.702888,1.020849,2.073571,7.07,6.96,6.76,6.79,6.96,7.18,8.35,2015-06-26,-
2022-04-01,2772,众兴菌业,农牧饲渔,7.0,7.17,6.94,7.02,6.94,9298705,74309264.03,2.3111,0.758,3.28,否,0.66,-2.228,1.592,6.364,4.154,否,407428449,402843484,3251279023.02,3214691002.32,59.147607,1.028583,2.08928,7.05,7.0,6.77,6.8,6.95,7.16,8.35,2015-06-26,-
2022-04-06,2772,众兴菌业,农牧饲渔,6.87,7.18,6.82,7.15,6.82,12287919,99091070.45,3.0503,1.88,5.14,否,0.96,1.563,0.0,3.473,6.241,否,407428449,402843484,3312393290.37,3275117524.92,60.260388,1.047934,2.128587,7.07,7.02,6.78,6.8,6.95,7.14,8.35,2015-06-26,-
2022-04-07,2772,众兴菌业,农牧饲渔,7.08,7.14,6.89,6.91,6.89,9099916,72080929.92,2.2589,-3.321,3.44,否,0.77,-0.718,-1.707,0.436,0.876,否,407428449,402843484,3202387609.14,3166349784.24,58.25912,1.013132,2.057896,7.02,7.03,6.79,6.81,6.94,7.12,8.34,2015-06-26,-
2022-04-08,2772,众兴菌业,农牧饲渔,6.93,6.97,6.67,6.73,6.67,7164541,55006409.86,1.7785,-2.672,4.33,否,0.69,-4.131,-6.267,-2.605,-3.305,否,407428449,402843484,3116827634.85,3081752652.6,56.702579,0.986063,2.002914,6.95,7.01,6.81,6.8,6.92,7.1,8.34,2015-06-26,-
2022-04-11,2772,众兴菌业,农牧饲渔,6.67,7.03,6.67,6.83,6.67,15993035,125016856.68,3.97,1.569,5.23,否,1.72,-4.476,-2.983,-1.158,-1.868,否,407428449,402843484,3165719048.73,3130093870.68,57.592031,1.001531,2.034332,6.93,7.0,6.82,6.8,6.91,7.08,8.33,2015-06-26,-
2022-04-12,2772,众兴菌业,农牧饲渔,6.59,6.86,6.51,6.8,6.51,16584610,125519161.48,4.1169,-0.515,5.15,否,1.54,-1.592,-2.299,-4.895,-1.592,否,407428449,402843484,3149421910.77,3113980131.32,122.51729,0.990845,1.910401,6.88,6.97,6.83,6.81,6.9,7.07,8.33,2015-06-26,-
2022-04-13,2772,众兴菌业,农牧饲渔,6.9,7.06,6.67,6.81,6.67,13511001,104899565.84,3.3539,0.259,5.69,否,1.11,1.189,-2.991,-3.129,-1.447,否,407428449,402843484,3157570479.75,3122037001.0,122.834282,0.993408,1.915344,6.82,6.94,6.84,6.81,6.89,7.05,8.32,2015-06-26,-
2022-04-14,2772,众兴菌业,农牧饲渔,6.78,6.86,6.68,6.83,6.68,9113483,70472719.8,2.2623,0.258,2.58,否,0.73,0.0,-4.476,-4.875,3.017,否,407428449,402843484,3165719048.73,3130093870.68,123.151273,0.995972,1.920287,6.8,6.91,6.87,6.81,6.88,7.04,8.32,2015-06-26,-
2022-04-15,2772,众兴菌业,农牧饲渔,6.8,7.01,6.76,6.77,6.76,10561410,82250256.1,2.6217,-0.901,3.6,否,0.85,-0.441,-2.026,-3.835,5.124,否,407428449,402843484,3137199057.3,3101894826.8,122.041803,0.986999,1.902987,6.81,6.88,6.89,6.8,6.87,7.03,8.32,2015-06-26,-
2022-04-18,2772,众兴菌业,农牧饲渔,6.75,7.29,6.71,7.29,6.71,28711426,231739571.98,7.1272,7.662,8.57,否,2.18,7.048,8.321,4.741,11.468,否,407428449,402843484,3377581842.21,3339572482.36,131.393057,1.062626,2.048801,6.9,6.91,6.94,6.81,6.86,7.03,8.32,2015-06-26,-
2022-04-19,2772,众兴菌业,农牧饲渔,7.25,7.31,7.09,7.18,7.09,24247788,198169196.84,6.0192,-1.568,3.02,否,1.54,5.124,5.124,2.279,7.485,否,407428449,402843484,3324616143.84,3287202829.44,129.332611,1.045963,2.016672,6.98,6.93,6.96,6.82,6.86,7.03,8.31,2015-06-26,-
2022-04-20,2772,众兴菌业,农牧饲渔,7.24,7.43,7.13,7.32,7.13,27566168,228307386.24,6.8429,1.961,4.17,否,1.6,8.124,7.647,2.378,10.909,否,407428449,402843484,3389804695.68,3351657786.88,131.868545,1.066472,2.056215,7.08,6.95,6.99,6.84,6.85,7.04,8.31,2015-06-26,-
2022-04-21,2772,众兴菌业,农牧饲渔,7.22,7.33,6.86,6.91,6.86,21330216,171415952.66,5.2949,-5.529,6.49,否,1.06,-5.213,1.468,0.0,11.812,否,407428449,402843484,3202387609.14,3166349784.24,124.577736,1.007508,1.94253,7.09,6.95,6.99,6.85,6.85,7.04,8.31,2015-06-26,-
2022-04-22,2772,众兴菌业,农牧饲渔,6.77,6.87,6.37,6.43,6.37,20067805,148083421.9,4.9815,-6.998,7.25,否,0.89,-10.446,-5.857,-4.458,1.58,否,407428449,402843484,2978301962.19,2944785868.04,115.860464,0.937008,1.806602,7.03,6.92,6.96,6.85,6.83,7.04,8.3,2015-06-26,-
2022-04-25,2772,众兴菌业,农牧饲渔,6.29,6.33,5.79,5.79,5.79,17045409,116693338.4,4.2313,-9.986,8.48,否,0.7,-20.902,-14.476,-15.227,-10.51,否,407428449,402843484,2680879194.42,2650710124.72,104.290268,0.843436,1.626189,6.73,6.81,6.91,6.82,6.8,7.03,8.29,2015-06-26,-
2022-04-26,2772,众兴菌业,农牧饲渔,5.78,5.93,5.51,5.56,5.51,12107105,78668694.9,3.0054,-3.951,7.14,否,0.55,-19.537,-23.731,-18.235,-15.758,否,407428449,402843484,2574947797.68,2545970818.88,100.169376,0.810108,1.561932,6.4,6.69,6.83,6.78,6.78,7.02,8.28,2015-06-26,-
2022-04-27,2772,众兴菌业,农牧饲渔,5.54,5.66,5.36,5.65,5.36,10614010,66477497.95,2.6348,1.582,5.38,否,0.54,-12.131,-21.309,-17.034,-18.234,否,407428449,402843484,2615690642.58,2586255167.28,101.754334,0.822926,1.586647,6.07,6.57,6.76,6.75,6.76,7.01,8.27,2015-06-26,-
2022-04-28,2772,众兴菌业,农牧饲渔,5.57,5.62,5.34,5.5,5.34,9913001,61685386.27,2.4608,-2.492,4.98,否,0.61,-5.009,-24.863,-19.473,-20.058,否,407428449,402843484,2550502090.74,2521800209.84,99.2184,0.802417,1.547104,5.79,6.44,6.67,6.73,6.74,7.0,8.26,2015-06-26,-
2022-04-29,2772,众兴菌业,农牧饲渔,5.47,5.75,5.47,5.7,5.47,9177957,59051855.36,2.2783,3.514,5.11,否,0.66,2.518,-17.511,-15.805,-17.511,否,407428449,402843484,2640136349.52,2610425776.32,102.705309,0.830617,1.601475,5.64,6.33,6.61,6.71,6.73,6.99,8.25,2015-06-26,-
2022-05-05,2772,众兴菌业,农牧饲渔,5.68,5.88,5.58,5.8,5.58,8437792,55668450.6,2.0946,1.852,5.25,否,0.72,2.655,-9.798,-20.439,-16.064,否,407428449,402843484,2689027763.4,2658766994.4,104.607259,0.845999,1.631132,5.64,6.18,6.55,6.69,6.71,6.98,8.25,2015-06-26,-
2022-05-06,2772,众兴菌业,农牧饲渔,5.69,5.8,5.59,5.67,5.59,7102709,46040270.96,1.7631,-2.273,3.64,否,0.71,3.091,-2.073,-21.031,-20.699,否,407428449,402843484,2627913496.05,2598340471.8,102.229822,0.826772,1.594061,5.66,6.03,6.48,6.65,6.7,6.97,8.24,2015-06-26,-
2022-05-09,2772,众兴菌业,农牧饲渔,5.7,5.85,5.7,5.81,5.7,5583804,36833629.0,1.3861,2.481,2.64,否,0.62,1.93,4.496,-20.628,-17.354,否,407428449,402843484,2693102047.89,2662795429.24,104.765755,0.847281,1.633603,5.7,5.88,6.41,6.62,6.68,6.96,8.24,2015-06-26,-
2022-05-10,2772,众兴菌业,农牧饲渔,5.81,5.87,5.72,5.87,5.72,6798704,44831195.24,1.6877,1.059,2.72,否,0.85,1.207,3.894,-15.051,-18.245,否,407428449,402843484,2721622039.32,2690994473.12,105.875226,0.856254,1.650903,5.77,5.78,6.36,6.58,6.66,6.95,8.23,2015-06-26,-
2022-05-11,2772,众兴菌业,农牧饲渔,5.85,5.94,5.8,5.8,5.8,7806900,52133046.0,1.9379,-1.198,2.25,否,1.05,2.293,5.455,-9.798,-17.614,否,407430385,402845420,2689040541.0,2658779772.0,104.607259,0.845999,1.631132,5.79,5.72,6.32,6.55,6.64,6.94,8.23,2015-06-26,-
2022-05-12,2772,众兴菌业,农牧饲渔,5.77,5.88,5.72,5.81,5.72,6184543,40746345.43,1.5352,0.152,2.88,否,0.87,0.0,1.93,0.345,-16.523,否,407430385,402845420,2693114844.85,2662808226.2,104.766253,0.847285,1.633611,5.79,5.72,6.27,6.51,6.62,6.93,8.22,2015-06-26,-
2022-05-13,2772,众兴菌业,农牧饲渔,5.79,5.91,5.76,5.85,5.76,5603940,37141014.8,1.3911,0.605,2.57,否,0.84,-0.341,0.862,5.216,-16.667,否,407430385,402845420,2709412060.25,2678922043.0,105.400239,0.852412,1.643497,5.83,5.75,6.22,6.47,6.61,6.92,8.22,2015-06-26,-
2022-05-16,2772,众兴菌业,农牧饲渔,5.87,6.1,5.86,5.97,5.86,13539469,92288170.91,3.361,2.105,4.06,否,2.12,2.931,5.291,5.664,-16.503,否,407430385,402845420,2766452314.15,2735320401.8,107.619192,0.870358,1.678097,5.86,5.78,6.18,6.43,6.59,6.91,8.21,2015-06-26,-
2022-05-17,2772,众兴菌业,农牧饲渔,5.96,5.97,5.79,5.86,5.79,8692210,57878196.5,2.1577,-1.767,2.95,否,1.09,0.861,0.861,6.545,-15.195,否,407430385,402845420,2717560667.95,2686978951.4,105.717233,0.854976,1.64844,5.86,5.81,6.13,6.39,6.58,6.9,8.21,2015-06-26,-
2022-05-18,2772,众兴菌业,农牧饲渔,5.86,5.94,5.81,5.93,5.81,6447930,43204816.6,1.6006,1.05,2.1,否,0.77,1.368,1.022,4.035,-11.887,否,407430385,402845420,2746080794.9,2715178130.8,106.826709,0.863949,1.66574,5.88,5.84,6.09,6.35,6.57,6.89,8.21,2015-06-26,-
2022-05-19,2772,众兴菌业,农牧饲渔,5.86,6.02,5.81,5.97,5.81,7572830,50399371.6,1.8798,0.753,3.61,否,0.94,0.0,2.931,2.931,-12.592,否,407430385,402845420,2725709275.65,2695035859.8,106.034226,0.85754,1.653382,5.92,5.85,6.02,6.32,6.55,6.88,8.2,2015-06-26,-
2022-05-20,2772,众兴菌业,农牧饲渔,5.94,6.02,5.94,6.02,5.94,7818623,52443558.78,1.9408,0.747,1.49,否,0.93,2.73,3.614,6.173,-11.471,否,407430385,402845420,2746080794.9,2715178130.8,106.826709,0.863949,1.66574,5.95,5.89,5.96,6.28,6.54,6.88,8.2,2015-06-26,-
2022-05-23,2772,众兴菌业,农牧饲渔,6.02,6.19,5.99,6.15,5.99,9690665,66378570.4,2.4056,2.226,3.41,否,1.1,3.71,5.128,5.852,-9.692,否,407430385,402845420,2807195352.65,2775604943.8,109.204158,0.883176,1.702811,5.99,5.92,5.9,6.25,6.53,6.87,8.2,2015-06-26,-
2022-05-24,2772,众兴菌业,农牧饲渔,6.15,6.2,5.86,5.88,5.86,8666520,58384092.2,2.1513,-4.354,5.52,否,1.08,-1.508,-1.508,0.17,-13.909,否,407430385,402845420,2684966237.15,2654751317.8,104.44926,0.844721,1.628668,5.99,5.92,5.85,6.22,6.51,6.86,8.19,2015-06-26,-
2022-05-25,2772,众兴菌业,农牧饲渔,5.89,6.08,5.88,6.06,5.88,6477348,43487539.1,1.6079,3.035,3.34,否,0.81,0.664,3.413,4.483,-10.487,否,407430385,402845420,2766452314.15,2735320401.8,107.619192,0.870358,1.678097,6.02,5.95,5.83,6.19,6.5,6.85,8.19,2015-06-26,-
2022-05-26,2772,众兴菌业,农牧饲渔,6.11,6.11,5.93,6.05,5.93,5406405,36389124.3,1.3421,-0.147,3.09,否,0.67,-1.626,2.024,4.131,-17.01,否,407430385,402845420,2762378010.3,2731291947.6,107.460695,0.869076,1.675625,6.03,5.97,5.85,6.17,6.49,6.85,8.18,2015-06-26,-
2022-05-27,2772,众兴菌业,农牧饲渔,6.06,6.07,5.96,6.05,5.96,5600188,37788934.24,1.3902,0.0,1.77,否,0.74,2.891,1.34,3.419,-15.738,否,407430385,402845420,2762378010.3,2731291947.6,107.460695,0.869076,1.675625,6.04,5.99,5.87,6.14,6.47,6.84,8.18,2015-06-26,-
2022-05-30,2772,众兴菌业,农牧饲渔,6.09,6.16,6.02,6.06,6.02,7544100,51314934.0,1.8727,0.148,2.36,否,1.05,0.0,0.664,1.508,-17.213,否,407430385,402845420,2766452314.15,2735320401.8,107.619192,0.870358,1.678097,6.02,6.0,5.89,6.12,6.46,6.83,8.18,2015-06-26,-
2022-05-31,2772,众兴菌业,农牧饲渔,6.05,6.28,6.01,6.2,6.01,14571455,101076139.9,3.6171,2.356,4.57,否,2.16,2.479,0.813,5.802,-10.275,否,407430385,402845420,2831641175.75,2799775669.0,110.155137,0.890867,1.717639,6.08,6.04,5.93,6.1,6.45,6.83,8.17,2015-06-26,-
2022-06-01,2772,众兴菌业,农牧饲渔,6.21,6.23,6.1,6.18,6.1,8343145,57728866.29,2.0711,-0.432,2.01,否,1.05,2.149,5.102,4.216,-3.888,否,407430385,402845420,2819418264.2,2787690306.4,109.679648,0.887022,1.710225,6.11,6.06,5.95,6.08,6.44,6.82,8.17,2015-06-26,-
2022-06-02,2772,众兴菌业,农牧饲渔,6.13,6.21,6.06,6.2,6.06,6340460,43685390.04,1.5739,0.434,2.46,否,0.76,2.31,2.31,3.853,7.081,否,407430385,402845420,2831641175.75,2799775669.0,110.155137,0.890867,1.717639,6.14,6.09,5.97,6.04,6.43,6.82,8.17,2015-06-26,-
2022-06-06,2772,众兴菌业,农牧饲渔,6.19,6.29,6.12,6.28,6.12,8867015,61871523.25,2.2011,1.295,2.73,否,1.05,1.29,3.802,4.319,12.95,否,407430385,402845420,2868309910.4,2836031756.8,111.581607,0.902403,1.739882,6.18,6.11,6.0,6.01,6.42,6.81,8.17,2015-06-26,-
2022-06-07,2772,众兴菌业,农牧饲渔,6.3,6.3,6.16,6.19,6.16,7317000,50885135.0,1.8163,-1.421,2.27,否,0.8,0.162,2.314,0.65,9.558,否,407430385,402845420,2827566871.9,2795747214.8,109.996641,0.889585,1.715168,6.21,6.12,6.02,5.97,6.4,6.8,8.16,2015-06-26,-
2022-06-08,2772,众兴菌业,农牧饲渔,6.19,6.22,6.05,6.18,6.05,7002000,48215712.0,1.7381,-0.288,2.74,否,0.77,-0.323,1.98,5.102,12.364,否,407430385,402845420,2819418264.2,2787690306.4,109.679648,0.887022,1.710225,6.21,6.15,6.03,5.95,6.4,6.79,8.16,2015-06-26,-
2022-06-09,2772,众兴菌业,农牧饲渔,6.19,6.24,6.03,6.08,6.03,6110110,41881099.4,1.5167,-1.59,3.32,否,0.81,-3.185,-1.935,0.33,6.667,否,407430385,402845420,2774600921.85,2743377310.2,107.936185,0.872921,1.68304,6.19,6.15,6.05,5.94,6.39,6.79,8.16,2015-06-26,-
2022-06-10,2772,众兴菌业,农牧饲渔,6.11,6.12,6.0,6.1,6.0,4962200,33825702.0,1.2318,0.441,2.06,否,0.7,-1.454,-1.294,0.826,5.172,否,407430385,402845420,2786823833.4,2755462672.8,108.411675,0.876767,1.690454,6.17,6.15,6.06,5.95,6.38,6.78,8.15,2015-06-26,-
2022-06-13,2772,众兴菌业,农牧饲渔,6.1,6.16,6.04,6.1,6.04,5421205,37049496.2,1.3457,0.0,1.9,否,0.79,-1.294,-1.613,0.826,7.584,否,407430385,402845420,2786823833.4,2755462672.8,108.411675,0.876767,1.690454,6.13,6.16,6.08,5.97,6.37,6.77,8.15,2015-06-26,-
2022-06-14,2772,众兴菌业,农牧饲渔,6.1,6.19,6.01,6.17,6.01,7786400,53250548.0,1.9329,1.023,2.92,否,1.26,1.48,-1.752,1.815,6.196,否,407430385,402845420,2815343960.35,2783661852.2,109.521151,0.88574,1.707754,6.13,6.17,6.09,5.98,6.37,6.75,8.15,2015-06-26,-
2022-06-15,2772,众兴菌业,农牧饲渔,6.19,6.24,6.15,6.17,6.15,7497151,51994762.33,1.861,0.0,1.45,否,1.2,1.148,-0.323,-0.484,5.111,否,407430385,402845420,2815343960.35,2783661852.2,109.521151,0.88574,1.707754,6.12,6.17,6.1,6.01,6.37,6.74,8.14,2015-06-26,-
2022-06-16,2772,众兴菌业,农牧饲渔,6.17,6.29,6.15,6.23,6.15,7240655,50533958.5,1.7974,1.013,2.32,否,1.14,2.131,0.809,0.809,7.414,否,407430385,402845420,2843864087.3,2811861031.6,110.630627,0.894712,1.725054,6.15,6.17,6.12,6.02,6.37,6.73,8.14,2015-06-26,-
2022-06-17,2772,众兴菌业,农牧饲渔,6.21,6.26,6.06,6.19,6.06,6431500,44333928.0,1.5965,-0.716,3.15,否,0.98,0.324,1.809,-0.161,6.54,否,407430385,402845420,2823492568.05,2791718760.6,109.838144,0.888303,1.712697,6.17,6.17,6.13,6.04,6.36,6.72,8.14,2015-06-26,-
2022-06-20,2772,众兴菌业,农牧饲渔,6.16,6.31,6.15,6.28,6.15,8775105,61419022.9,2.1783,1.587,2.6,否,1.28,1.783,2.951,0.0,7.35,否,407430385,402845420,2868309910.4,2836031756.8,111.581607,0.902403,1.739882,6.21,6.17,6.14,6.06,6.36,6.7,8.13,2015-06-26,-
2022-06-21,2772,众兴菌业,农牧饲渔,6.29,6.31,6.2,6.27,6.2,5689437,39905068.37,1.4123,-0.142,1.7,否,0.75,0.642,2.787,1.292,5.025,否,407430385,402845420,2864235606.55,2832003302.6,111.42311,0.901122,1.737411,6.23,6.18,6.15,6.07,6.34,6.69,8.13,2015-06-26,-
2022-06-22,2772,众兴菌业,农牧饲渔,6.32,6.32,6.19,6.19,6.19,9988800,69920170.0,2.4796,-1.28,2.13,否,1.4,0.0,0.324,0.162,5.631,否,407430385,402845420,2827566871.9,2795747214.8,109.996641,0.889585,1.715168,6.23,6.18,6.16,6.08,6.33,6.67,8.13,2015-06-26,-
2022-06-23,2772,众兴菌业,农牧饲渔,6.14,6.22,6.1,6.22,6.1,6151000,42467880.0,1.5269,0.432,2.02,否,0.81,-0.955,0.81,2.303,4.89,否,407430385,402845420,2839789783.45,2807832577.4,110.472131,0.893431,1.722582,6.23,6.19,6.17,6.1,6.32,6.66,8.13,2015-06-26,-
2022-06-24,2772,众兴菌业,农牧饲渔,6.22,6.24,6.17,6.24,6.17,5005000,34856300.0,1.2424,0.287,1.15,否,0.68,-0.478,0.161,2.295,4.523,否,407430385,402845420,2847938391.15,2815889485.8,110.789124,0.895994,1.727525,6.24,6.21,6.18,6.11,6.31,6.65,8.12,2015-06-26,-
2022-06-27,2772,众兴菌业,农牧饲渔,6.3,6.33,6.22,6.24,6.22,4856774,34016025.82,1.2056,0.0,1.72,否,0.68,0.808,0.808,2.295,3.654,否,407430385,402845420,2847938391.15,2815889485.8,110.789124,0.895994,1.727525,6.23,6.22,6.19,6.12,6.3,6.64,8.12,2015-06-26,-
2022-06-28,2772,众兴菌业,农牧饲渔,6.23,6.35,6.22,6.33,6.22,8561436,60443429.7,2.1252,1.431,2.0,否,1.35,1.768,0.796,2.593,2.927,否,407430385,402845420,2888681429.65,2856174027.8,112.37409,0.908813,1.752239,6.24,6.24,6.2,6.14,6.28,6.63,8.12,2015-06-26,-
2022-06-29,2772,众兴菌业,农牧饲渔,6.33,6.34,6.2,6.2,6.2,7280313,51147670.31,1.8072,-1.975,2.12,否,1.05,-0.641,-1.116,0.486,5.442,否,407430385,402845420,2831641175.75,2799775669.0,110.155137,0.890867,1.717639,6.25,6.24,6.2,6.15,6.27,6.62,8.11,2015-06-26,-
2022-06-30,2772,众兴菌业,农牧饲渔,6.21,6.35,6.21,6.27,6.21,8458004,59457952.88,2.0996,1.007,2.3,否,1.33,0.481,1.292,0.642,3.465,否,407430569,402845604,2860162594.38,2827976140.08,111.264614,0.89984,1.734939,6.26,6.24,6.21,6.16,6.25,6.61,8.1,2015-06-26,-
2022-07-01,2772,众兴菌业,农牧饲渔,6.27,6.32,6.19,6.26,6.19,5940300,41614862.0,1.4746,-0.143,1.99,否,0.87,-1.106,0.643,1.131,3.471,否,407430569,402845604,2856088288.69,2823947684.04,111.106117,0.898558,1.732468,6.26,6.25,6.21,6.17,6.24,6.6,8.1,2015-06-26,-
2022-07-04,2772,众兴菌业,农牧饲渔,6.27,6.3,6.16,6.26,6.16,9553457,66796232.7,2.3715,0.0,2.28,否,1.36,0.968,0.321,-0.318,3.471,否,407430569,402845604,2856088288.69,2823947684.04,111.106167,0.898558,1.732469,6.26,6.25,6.21,6.18,6.23,6.59,8.08,2015-06-26,-
2022-07-05,2772,众兴菌业,农牧饲渔,6.27,6.27,6.05,6.15,6.05,10205002,70246543.9,2.5332,-1.712,3.57,否,1.28,-1.914,-1.442,-1.914,1.485,否,407430569,402845604,2807196620.41,2775606211.56,109.204207,0.883176,1.702812,6.23,6.24,6.21,6.18,6.21,6.58,8.07,2015-06-26,-
2022-07-06,2772,众兴菌业,农牧饲渔,6.12,6.12,5.94,5.97,5.94,6486797,43763169.38,1.6102,-2.903,3.05,否,0.78,-4.633,-5.687,-3.554,-3.71,否,407430569,402845604,2725710506.61,2695037090.76,106.034274,0.85754,1.653383,6.18,6.21,6.2,6.18,6.2,6.57,8.05,2015-06-26,-
2022-07-07,2772,众兴菌业,农牧饲渔,5.97,6.03,5.96,5.99,5.96,5144555,34585068.15,1.2771,0.299,1.2,否,0.63,-4.313,-3.387,-3.698,-3.074,否,407430569,402845604,2733859117.99,2703094002.84,106.351267,0.860104,1.658326,6.13,6.19,6.19,6.18,6.19,6.55,8.02,2015-06-26,-
2022-07-08,2772,众兴菌业,农牧饲渔,6.0,6.14,5.96,6.09,5.96,6003346,40904609.46,1.4902,1.639,2.98,否,0.8,-0.976,-2.871,-2.404,-1.774,否,407430569,402845604,2778676480.58,2747407019.28,108.09473,0.874204,1.685512,6.09,6.18,6.19,6.18,6.17,6.54,7.99,2015-06-26,-
2022-07-11,2772,众兴菌业,农牧饲渔,6.09,6.21,6.07,6.2,6.07,8878353,61323990.69,2.2039,1.906,2.35,否,1.19,3.853,-0.958,-0.641,-1.274,否,407430569,402845604,2831642454.55,2799776947.8,110.155187,0.890867,1.71764,6.08,6.17,6.2,6.18,6.16,6.53,7.96,2015-06-26,-
2022-07-12,2772,众兴菌业,农牧饲渔,6.15,6.25,6.03,6.04,6.03,6504728,44576530.92,1.6147,-2.59,3.45,否,0.89,0.835,-3.514,-4.581,-2.423,否,407430569,402845604,2758304952.13,2727264739.08,107.302247,0.867795,1.673155,6.06,6.14,6.19,6.18,6.15,6.52,7.93,2015-06-26,-
2022-07-13,2772,众兴菌业,农牧饲渔,6.04,6.28,6.02,6.28,6.02,10148407,70588352.04,2.5192,3.988,4.43,否,1.54,3.12,2.114,1.29,1.618,否,407430569,402845604,2868311205.76,2836033052.16,111.581657,0.902404,1.739883,6.12,6.15,6.2,6.19,6.14,6.51,7.89,2015-06-26,-
2022-07-14,2772,众兴菌业,农牧饲渔,6.19,6.23,6.11,6.17,6.11,10627298,73387308.93,2.6381,-1.847,1.85,否,1.45,-0.484,3.35,-1.595,1.48,否,407430569,402845604,2815345231.79,2783663123.64,109.5212,0.88574,1.707755,6.16,6.14,6.19,6.18,6.13,6.5,7.86,2015-06-26,-
2022-07-15,2772,众兴菌业,农牧饲渔,6.19,6.2,5.89,5.9,5.89,10366610,69773166.4,2.5733,-4.342,5.07,否,1.23,-2.318,-1.503,-5.751,-3.279,否,407430569,402845604,2693116061.09,2662809442.44,104.7663,0.847285,1.633612,6.12,6.11,6.18,6.17,6.11,6.48,7.83,2015-06-26,-
2022-07-18,2772,众兴菌业,农牧饲渔,5.86,6.19,5.86,6.15,5.86,8826518,60343245.5,2.191,4.236,5.75,否,0.95,-2.07,0.985,-1.757,0.82,否,407430569,402845604,2807196620.41,2775606211.56,109.204207,0.883176,1.702812,6.11,6.09,6.17,6.17,6.09,6.47,7.81,2015-06-26,-
2022-07-19,2772,众兴菌业,农牧饲渔,6.18,6.27,6.15,6.22,6.15,6377026,44369786.96,1.583,1.161,2.03,否,0.69,0.81,0.323,1.138,0.81,否,407430569,402845604,2839791065.93,2807833859.88,110.47218,0.893431,1.722583,6.14,6.1,6.17,6.17,6.07,6.46,7.78,2015-06-26,-
2022-07-20,2772,众兴菌业,农牧饲渔,6.22,6.27,6.19,6.2,6.19,4422454,30771033.74,1.0978,-0.287,1.43,否,0.48,5.085,2.649,3.853,0.486,否,407430569,402845604,2831642454.55,2799776947.8,110.155187,0.890867,1.71764,6.13,6.12,6.17,6.17,6.06,6.45,7.75,2015-06-26,-
2022-07-21,2772,众兴菌业,农牧饲渔,6.14,6.21,6.12,6.13,6.12,3802300,26262857.0,0.9439,-1.151,1.44,否,0.47,-0.325,-2.389,2.337,-1.605,否,407430569,402845604,2799048009.03,2767549299.48,108.887214,0.880613,1.697869,6.12,6.14,6.16,6.17,6.06,6.44,7.73,2015-06-26,-
2022-07-22,2772,众兴菌业,农牧饲渔,6.12,6.19,6.09,6.15,6.09,3770709,25967515.81,0.936,0.291,1.75,否,0.56,-1.125,-0.324,0.985,-0.646,否,407430569,402845604,2807196620.41,2775606211.56,109.204207,0.883176,1.702812,6.17,6.14,6.16,6.18,6.06,6.43,7.71,2015-06-26,-
2022-07-25,2772,众兴菌业,农牧饲渔,6.15,6.21,6.08,6.1,6.08,3743200,25734244.0,0.9292,-0.726,2.18,否,0.69,-1.613,3.39,-1.613,-2.866,否,407430569,402845604,2786825091.96,2755463931.36,108.411724,0.876767,1.690455,6.16,6.13,6.15,6.18,6.07,6.43,7.68,2015-06-26,-
2022-07-26,2772,众兴菌业,农牧饲渔,6.1,6.22,6.06,6.2,6.06,4838605,33338539.0,1.2011,1.608,2.63,否,1.09,1.142,0.813,2.649,-1.116,否,407430569,402845604,2831642454.55,2799776947.8,110.155187,0.890867,1.71764,6.16,6.15,6.15,6.18,6.08,6.42,7.65,2015-06-26,-
2022-07-27,2772,众兴菌业,农牧饲渔,6.19,6.38,6.18,6.38,6.18,9859836,69765896.87,2.4475,2.878,3.31,否,2.4,3.74,2.572,1.592,3.069,否,407430569,402845604,2913128568.35,2880346068.6,113.325121,0.916504,1.767069,6.19,6.16,6.16,6.18,6.09,6.42,7.63,2015-06-26,-
2022-07-28,2772,众兴菌业,农牧饲渔,6.4,6.92,6.35,6.62,6.35,17274140,128541610.5,4.288,3.776,8.95,否,3.32,8.525,6.774,7.293,6.431,否,407430569,402845604,3023134821.98,2989114381.68,117.604531,0.951113,1.833797,6.29,6.21,6.17,6.2,6.11,6.42,7.61,2015-06-26,-
2022-07-29,2772,众兴菌业,农牧饲渔,6.67,6.69,6.5,6.52,6.5,8301207,60876245.1,2.0606,-1.617,2.83,否,1.05,5.161,6.362,10.508,4.487,否,407430569,402845604,2974243153.7,2940772909.2,115.702571,0.935731,1.80414,6.36,6.27,6.19,6.21,6.12,6.42,7.58,2015-06-26,-
2022-08-01,2772,众兴菌业,农牧饲渔,6.48,6.54,6.37,6.4,6.37,5782100,41516581.0,1.4353,-1.781,2.6,否,0.66,0.313,4.065,4.065,2.564,否,407430569,402845604,2921277179.73,2888402980.68,113.642114,0.919068,1.772012,6.42,6.29,6.19,6.21,6.13,6.42,7.55,2015-06-26,-
2022-08-02,2772,众兴菌业,农牧饲渔,6.39,6.39,6.01,6.13,6.01,9385410,64450227.13,2.3298,-4.184,6.0,否,1.02,-7.402,0.492,-1.447,-3.16,否,407430569,402845604,2799048009.03,2767549299.48,108.887214,0.880613,1.697869,6.41,6.28,6.19,6.21,6.14,6.41,7.52,2015-06-26,-
2022-08-03,2772,众兴菌业,农牧饲渔,6.12,6.35,6.11,6.18,6.11,7941667,55469812.01,1.9714,0.728,3.78,否,0.78,-5.215,-0.323,-0.323,-0.323,否,407430569,402845604,2819419537.48,2787691579.68,109.679697,0.887022,1.710226,6.37,6.28,6.2,6.21,6.14,6.4,7.5,2015-06-26,-
2022-08-04,2772,众兴菌业,农牧饲渔,6.22,6.26,6.13,6.24,6.13,4653667,32344491.17,1.1552,1.012,2.02,否,0.48,-2.5,-2.194,1.794,-0.478,否,407430569,402845604,2847939677.31,2815890771.96,110.789174,0.895995,1.727526,6.29,6.29,6.22,6.21,6.15,6.4,7.47,2015-06-26,-
2022-08-05,2772,众兴菌业,农牧饲渔,6.28,6.33,6.19,6.3,6.19,4261520,29833585.2,1.0579,1.001,2.29,否,0.59,2.773,-4.834,2.439,0.639,否,407430569,402845604,2876459817.14,2844089964.24,111.898651,0.904967,1.744826,6.25,6.31,6.23,6.21,6.16,6.39,7.45,2015-06-26,-
2022-08-08,2772,众兴菌业,农牧饲渔,6.3,6.35,6.23,6.27,6.23,4885553,34319672.34,1.2128,-0.425,1.98,否,0.76,1.456,-3.834,2.787,0.16,否,407430569,402845604,2864236900.07,2832004596.12,111.42316,0.901122,1.737412,6.22,6.32,6.23,6.21,6.17,6.39,7.43,2015-06-26,-
2022-08-09,2772,众兴菌业,农牧饲渔,6.27,6.33,6.18,6.32,6.18,5816614,40800093.02,1.4439,0.711,2.42,否,0.93,1.282,-1.25,1.935,2.764,否,407430569,402845604,2884608428.52,2852146876.32,112.215644,0.907531,1.749769,6.26,6.34,6.24,6.21,6.17,6.38,7.41,2015-06-26,-
2022-08-10,2772,众兴菌业,农牧饲渔,6.29,6.31,6.23,6.25,6.23,4593000,32185314.0,1.1401,-1.13,1.27,否,0.83,-0.794,1.958,-2.038,4.69,否,407430569,402845604,2852013983.0,2819919228.0,110.94767,0.897277,1.729997,6.28,6.32,6.24,6.21,6.18,6.38,7.39,2015-06-26,-
2022-08-11,2772,众兴菌业,农牧饲渔,6.27,6.7,6.27,6.62,6.27,13039211,95061173.33,3.2368,6.0,7.0,否,2.69,5.582,7.12,0.0,10.518,否,407430569,402845604,3023134821.98,2989114381.68,117.604531,0.951113,1.833797,6.35,6.32,6.26,6.22,6.19,6.38,7.38,2015-06-26,-
2022-08-12,2772,众兴菌业,农牧饲渔,6.69,6.76,6.57,6.63,6.57,9438328,70439685.68,2.3429,0.135,2.83,否,1.45,4.905,6.25,1.687,8.867,否,407430569,402845604,3027209127.67,2993142837.72,117.763027,0.952395,1.836269,6.42,6.33,6.3,6.24,6.2,6.38,7.37,2015-06-26,-
2022-08-15,2772,众兴菌业,农牧饲渔,6.66,6.73,6.58,6.67,6.58,5335733,39759716.54,1.3245,0.538,2.29,否,0.71,6.72,5.873,4.219,7.581,否,407430569,402845604,3043506350.43,3009256661.88,118.397014,0.957522,1.846154,6.5,6.36,6.33,6.25,6.21,6.38,7.35,2015-06-26,-
2022-08-16,2772,众兴菌业,农牧饲渔,6.76,6.78,6.67,6.73,6.67,6497782,49006036.89,1.613,0.937,1.74,否,0.85,1.662,7.337,9.788,11.424,否,407430569,402845604,3072026490.26,3037455854.16,119.506491,0.966495,1.863454,6.58,6.42,6.35,6.27,6.22,6.37,7.34,2015-06-26,-
2022-08-17,2772,众兴菌业,农牧饲渔,6.8,6.84,6.66,6.68,6.66,5901510,44343520.74,1.465,-0.796,2.65,否,0.76,0.754,5.696,8.091,6.369,否,407430569,402845604,3047580656.12,3013285117.92,118.555511,0.958804,1.848626,6.67,6.47,6.38,6.29,6.24,6.37,7.33,2015-06-26,-
2022-08-18,2772,众兴菌业,农牧饲渔,6.58,6.73,6.48,6.49,6.48,5604933,40997713.88,1.3913,-2.808,3.74,否,0.7,-2.699,3.84,4.006,5.186,否,407430569,402845604,2962020236.63,2928687541.08,115.227081,0.931886,1.796726,6.64,6.5,6.39,6.31,6.24,6.37,7.32,2015-06-26,-
2022-08-19,2772,众兴菌业,农牧饲渔,6.51,6.6,6.47,6.52,6.47,5209661,38214521.31,1.2932,0.55,2.06,否,0.79,-3.12,-1.511,3.492,10.508,否,407430569,402845604,2978317459.39,2944801365.24,115.861067,0.937013,1.806612,6.62,6.52,6.41,6.32,6.25,6.37,7.3,2015-06-26,-
2022-08-22,2772,众兴菌业,农牧饲渔,6.52,6.67,6.44,6.57,6.44,5489635,40482343.55,1.3627,0.684,3.56,否,0.96,-1.647,-0.905,4.785,6.829,否,407430569,402845604,2998688987.84,2964943645.44,133.843098,0.964687,1.753041,6.6,6.55,6.44,6.34,6.26,6.37,7.29,2015-06-26,-
2022-08-23,2772,众兴菌业,农牧饲渔,6.58,6.74,6.51,6.69,6.51,5226700,38918206.0,1.2974,1.902,3.53,否,0.91,3.082,0.3,5.854,7.556,否,407430569,402845604,3055729267.5,3021342030.0,136.389027,0.983038,1.786387,6.59,6.59,6.46,6.36,6.27,6.37,7.28,2015-06-26,-
2022-08-24,2772,众兴菌业,农牧饲渔,6.69,6.79,6.61,6.67,6.61,9254415,69379811.9,2.2973,-0.4,2.67,否,1.69,2.301,-0.892,6.72,7.581,否,407430569,402845604,3043506350.43,3009256661.88,135.843471,0.979105,1.779241,6.59,6.63,6.48,6.37,6.28,6.37,7.26,2015-06-26,-
2022-08-25,2772,众兴菌业,农牧饲渔,6.67,6.76,6.62,6.68,6.62,6420243,48065551.49,1.5937,0.134,2.01,否,1.04,1.674,0.0,0.906,8.972,否,407430569,402845604,3047580656.12,3013285117.92,136.025323,0.980416,1.781623,6.63,6.63,6.48,6.39,6.29,6.36,7.24,2015-06-26,-
2022-08-26,2772,众兴菌业,农牧饲渔,6.7,6.88,6.63,6.87,6.63,8636600,65877608.7,2.1439,2.941,3.74,否,1.37,2.691,5.855,3.62,11.707,否,407430569,402845604,3137215381.3,3101911150.8,140.026067,1.009252,1.834024,6.7,6.66,6.5,6.42,6.3,6.36,7.22,2015-06-26,-
2022-08-29,2772,众兴菌业,农牧饲渔,6.78,6.89,6.72,6.89,6.72,7984414,61028267.87,1.982,0.26,2.47,否,1.14,3.298,5.675,3.298,12.951,否,407430569,402845604,3145363992.68,3109968062.88,140.389771,1.011873,1.838787,6.76,6.68,6.52,6.44,6.31,6.36,7.21,2015-06-26,-
2022-08-30,2772,众兴菌业,农牧饲渔,6.83,7.1,6.76,6.93,6.76,11161592,86327518.64,2.7707,0.518,4.92,否,1.49,3.743,5.479,2.972,11.774,否,407430569,402845604,3161661215.44,3126081887.04,141.11718,1.017116,1.848315,6.81,6.7,6.56,6.47,6.32,6.36,7.19,2015-06-26,-
2022-08-31,2772,众兴菌业,农牧饲渔,6.88,7.1,6.71,6.83,6.71,14088549,108991359.43,3.4973,-1.418,5.54,否,1.62,-0.582,2.093,2.246,7.053,否,407430569,402845604,3116843852.85,3081768870.6,139.116807,1.002698,1.822114,6.84,6.71,6.59,6.49,6.33,6.36,7.17,2015-06-26,-
2022-09-01,2772,众兴菌业,农牧饲渔,6.78,6.99,6.72,6.77,6.72,9359419,71657886.62,2.3233,-0.915,3.92,否,0.97,-1.742,1.499,4.314,2.266,否,407430569,402845604,3088323713.02,3053569678.32,137.843843,0.993523,1.805442,6.86,6.74,6.62,6.51,6.34,6.37,7.15,2015-06-26,-
2022-09-02,2772,众兴菌业,农牧饲渔,6.77,6.88,6.72,6.83,6.72,5958099,45302416.71,1.479,0.924,2.37,否,0.58,-1.443,2.246,4.755,4.755,否,407430569,402845604,3116843852.85,3081768870.6,139.116807,1.002698,1.822114,6.85,6.77,6.65,6.53,6.35,6.37,7.14,2015-06-26,-
2022-09-05,2772,众兴菌业,农牧饲渔,6.81,6.88,6.71,6.82,6.71,5014900,38090264.0,1.2449,-0.131,2.48,否,0.52,-0.146,-0.728,3.805,6.563,否,407430569,402845604,3112769547.16,3077740414.56,138.934955,1.001388,1.819733,6.84,6.8,6.67,6.56,6.37,6.37,7.12,2015-06-26,-
2022-09-06,2772,众兴菌业,农牧饲渔,6.84,6.96,6.74,6.96,6.74,6182514,47604028.7,1.5347,2.094,3.27,否,0.68,2.806,1.016,4.036,13.54,否,407430569,402845604,3177958438.2,3142195711.2,141.844588,1.022359,1.857842,6.84,6.83,6.71,6.58,6.38,6.37,7.1,2015-06-26,-
2022-09-07,2772,众兴菌业,农牧饲渔,6.93,6.94,6.81,6.85,6.81,6437400,49372338.0,1.598,-1.539,1.92,否,0.79,0.293,-1.154,2.699,10.841,否,407430569,402845604,3129066769.92,3093854238.72,139.662363,1.00663,1.82926,6.85,6.84,6.74,6.6,6.39,6.38,7.09,2015-06-26,-
2022-09-08,2772,众兴菌业,农牧饲渔,6.86,6.9,6.52,6.53,6.52,7062610,52641656.5,1.7532,-4.688,5.47,否,1.07,-4.252,-4.392,-2.246,4.647,否,407430569,402845604,2982391765.08,2948829821.28,133.11569,0.959445,1.743513,6.8,6.83,6.73,6.59,6.4,6.38,7.07,2015-06-26,-
2022-09-09,2772,众兴菌业,农牧饲渔,6.61,6.62,6.47,6.55,6.47,4560300,33410765.99,1.132,0.273,2.32,否,0.74,-5.891,-3.25,-4.658,3.968,否,407430569,402845604,2990540376.46,2956886733.36,133.479394,0.962066,1.748277,6.74,6.8,6.73,6.6,6.4,6.38,7.06,2015-06-26,-
2022-09-13,2772,众兴菌业,农牧饲渔,6.69,6.94,6.62,6.83,6.62,10291633,78298472.86,2.5547,4.223,4.9,否,1.76,-0.292,0.0,-0.871,8.931,否,407430569,402845604,3116843852.85,3081768870.6,139.116807,1.002698,1.822114,6.74,6.79,6.73,6.61,6.41,6.38,7.04,2015-06-26,-
2022-09-14,2772,众兴菌业,农牧饲渔,6.72,6.85,6.63,6.64,6.63,7253800,54707040.0,1.8006,-2.745,3.14,否,1.05,1.685,-2.639,-4.185,5.063,否,407430569,402845604,3031283433.36,2997171293.76,135.297914,0.975173,1.772096,6.68,6.76,6.73,6.63,6.42,6.38,7.03,2015-06-26,-
2022-09-15,2772,众兴菌业,农牧饲渔,6.69,6.77,6.43,6.52,6.43,6216777,45699785.48,1.5432,-1.747,5.11,否,0.87,-0.458,-6.322,-4.539,4.32,否,407430569,402845604,2978317459.39,2944801365.24,132.933838,0.958134,1.741132,6.61,6.73,6.72,6.64,6.42,6.38,7.01,2015-06-26,-
2022-09-16,2772,众兴菌业,农牧饲渔,6.54,6.63,6.32,6.32,6.32,5859066,42473980.46,1.4544,-3.146,4.79,否,0.83,-7.467,-7.737,-6.647,-4.532,否,407430569,402845604,2884608428.52,2852146876.32,128.751241,0.927987,1.686349,6.57,6.69,6.71,6.64,6.42,6.37,7.0,2015-06-26,-
2022-09-19,2772,众兴菌业,农牧饲渔,6.28,6.35,6.16,6.21,6.16,5249731,36698046.72,1.3032,-1.695,3.11,否,0.77,-6.476,-4.9,-9.078,-6.335,否,407430569,402845604,2835716760.24,2803805403.84,126.569017,0.912259,1.657767,6.5,6.62,6.7,6.64,6.42,6.37,6.98,2015-06-26,-
2022-09-20,2772,众兴菌业,农牧饲渔,6.31,6.55,6.29,6.48,6.29,7157552,51661750.92,1.7767,4.31,4.17,否,1.03,-0.613,-1.069,-4.985,-2.849,否,407430569,402845604,2957945930.94,2924659085.04,132.024578,0.95158,1.729222,6.43,6.59,6.69,6.65,6.43,6.36,6.96,2015-06-26,-
2022-09-21,2772,众兴菌业,农牧饲渔,6.54,6.6,6.35,6.58,6.35,5595752,40714994.44,1.3891,1.515,3.72,否,0.88,4.114,-3.66,-5.46,-2.229,否,407430569,402845604,3002763293.53,2968972101.48,134.02495,0.965998,1.755423,6.42,6.55,6.69,6.65,6.43,6.36,6.94,2015-06-26,-
2022-09-22,2772,众兴菌业,农牧饲渔,6.54,6.84,6.52,6.72,6.52,7282687,54646160.95,1.8078,2.171,4.88,否,1.21,8.213,1.205,-1.898,0.599,否,407430569,402845604,3067952184.57,3033427398.12,136.934583,0.98697,1.793532,6.46,6.54,6.69,6.67,6.44,6.35,6.93,2015-06-26,-
2022-09-23,2772,众兴菌业,农牧饲渔,6.77,6.79,6.56,6.58,6.56,5673734,42118045.58,1.4084,-2.125,3.45,否,0.91,1.543,0.92,0.766,1.387,否,407430569,402845604,3002763293.53,2968972101.48,134.02495,0.965998,1.755423,6.51,6.54,6.69,6.67,6.45,6.35,6.91,2015-06-26,-
2022-09-26,2772,众兴菌业,农牧饲渔,6.54,6.54,6.23,6.29,6.23,6413066,45545198.0,1.5919,-4.342,4.75,否,1.04,-4.407,-0.475,-3.969,-3.528,否,407430569,402845604,2872385511.45,2840061508.2,128.205685,0.924055,1.679204,6.53,6.52,6.66,6.66,6.45,6.34,6.9,2015-06-26,-
2022-09-27,2772,众兴菌业,农牧饲渔,6.29,6.43,6.16,6.4,6.16,5344100,37701887.0,1.3266,1.702,4.26,否,0.83,-4.762,3.06,-6.296,-2.588,否,407430569,402845604,2921277179.73,2888402980.68,130.38791,0.939784,1.707786,6.51,6.47,6.63,6.65,6.45,6.34,6.88,2015-06-26,-
2022-09-28,2772,众兴菌业,农牧饲渔,6.35,6.62,6.32,6.43,6.32,6210219,45150886.25,1.5416,0.418,4.74,否,1.02,-2.28,-0.772,-3.163,-3.886,否,407430569,402845604,2933500096.8,2900488348.8,130.933466,0.943716,1.714931,6.48,6.45,6.61,6.64,6.45,6.33,6.86,2015-06-26,-
2022-09-29,2772,众兴菌业,农牧饲渔,6.43,6.52,6.31,6.35,6.31,6400007,46090704.83,1.5887,-1.25,3.33,否,1.03,0.954,-3.495,-2.607,-4.798,否,407430569,402845604,2896831345.59,2864232244.44,129.296797,0.93192,1.693495,6.41,6.44,6.58,6.63,6.46,6.33,6.85,2015-06-26,-
2022-09-30,2772,众兴菌业,农牧饲渔,6.29,6.35,6.09,6.17,6.09,5683988,39573167.4,1.411,-2.813,4.08,否,0.95,-3.594,-8.185,-2.373,-7.635,否,407449864,402864899,2815478560.24,2783796452.09,125.659757,0.905705,1.645858,6.33,6.42,6.55,6.62,6.46,6.32,6.83,2015-06-26,-
2022-10-10,2772,众兴菌业,农牧饲渔,6.21,6.35,6.14,6.23,6.14,4958436,34748358.25,1.2309,1.013,3.33,否,0.82,-3.11,-5.319,0.322,-9.316,否,407449864,402864899,2844000050.72,2811996995.02,126.932721,0.91488,1.662531,6.32,6.42,6.52,6.61,6.46,6.32,6.82,2015-06-26,-
2022-10-11,2772,众兴菌业,农牧饲渔,6.23,6.35,6.08,6.35,6.08,5194400,36103093.0,1.2894,1.863,4.3,否,0.91,0.0,0.954,-2.006,-7.837,否,407449864,402864899,2896968533.04,2864369431.89,129.296797,0.93192,1.693495,6.31,6.41,6.5,6.6,6.47,6.32,6.8,2015-06-26,-
2022-10-12,2772,众兴菌业,农牧饲渔,6.98,6.98,6.98,6.98,6.98,2779834,21738301.88,0.69,9.986,0.0,否,0.49,13.128,9.063,6.079,0.722,是,407449864,402864899,3186257936.48,3150403510.18,14.33002,0.979623,1.640766,6.42,6.45,6.5,6.61,6.48,6.32,6.79,2015-06-26,-
2022-10-13,2772,众兴菌业,农牧饲渔,7.68,7.68,7.62,7.68,7.62,16899667,145325504.2,4.1949,9.974,0.77,否,3.38,23.274,19.44,14.286,12.445,是,407449864,402864899,3504068830.4,3464638131.4,15.759357,1.077335,1.804422,6.68,6.55,6.54,6.64,6.51,6.32,6.78,2015-06-26,-
2022-10-14,2772,众兴菌业,农牧饲渔,7.68,8.35,7.59,8.01,7.59,66387022,593861712.62,16.4787,4.419,9.88,否,9.35,26.142,26.142,21.733,18.316,否,407449864,402864899,3658899778.72,3617726793.02,16.455701,1.124938,1.884153,7.05,6.69,6.62,6.69,6.54,6.33,6.77,2015-06-26,-
2022-10-17,2772,众兴菌业,农牧饲渔,7.93,8.1,7.61,7.91,7.61,37449860,329298585.91,9.2959,-1.336,6.12,否,1.95,13.324,28.201,25.755,15.813,否,407449864,402864899,3610005795.04,3569383005.14,16.235803,1.109905,1.858975,7.39,6.85,6.68,6.72,6.57,6.34,6.76,2015-06-26,-
2022-10-18,2772,众兴菌业,农牧饲渔,7.85,8.01,7.74,7.91,7.74,26009513,229120573.24,6.4561,0.0,3.5,否,1.01,2.995,26.966,23.594,15.982,否,407449864,402864899,3610005795.04,3569383005.14,16.235803,1.109905,1.858975,7.7,7.0,6.74,6.76,6.6,6.35,6.76,2015-06-26,-
2022-10-19,2772,众兴菌业,农牧饲渔,7.92,8.05,7.6,7.77,7.6,26288430,229144722.49,6.5254,-1.806,5.76,否,0.88,-2.996,22.362,20.84,11.638,否,407449864,402864899,3544813816.8,3504924621.3,15.942606,1.089862,1.825404,7.86,7.14,6.79,6.78,6.63,6.35,6.75,2015-06-26,-
2022-10-20,2772,众兴菌业,农牧饲渔,7.68,7.84,7.37,7.42,7.37,26116054,221329209.01,6.4826,-4.483,5.98,否,0.75,-6.195,6.304,16.85,8.321,否,407449864,402864899,3385908369.84,3347807310.69,15.227937,1.041006,1.743576,7.8,7.24,6.84,6.8,6.65,6.35,6.75,2015-06-26,-
2022-10-21,2772,众兴菌业,农牧饲渔,7.43,7.53,7.32,7.44,7.32,15741306,131212947.14,3.9073,0.361,2.89,否,0.43,-5.942,-3.125,20.583,13.936,否,407449864,402864899,3398131865.76,3359893257.66,15.282912,1.044764,1.74987,7.69,7.37,6.9,6.83,6.67,6.36,6.74,2015-06-26,-
2022-10-24,2772,众兴菌业,农牧饲渔,7.43,7.67,7.34,7.43,7.34,16999825,143170384.28,4.2197,-0.12,4.44,否,0.65,-4.376,-7.241,19.262,13.435,否,407449864,402864899,3394057367.12,3355864608.67,15.264587,1.043511,1.747772,7.59,7.49,6.96,6.85,6.69,6.38,6.73,2015-06-26,-
2022-10-25,2772,众兴菌业,农牧饲渔,7.43,7.6,7.16,7.53,7.16,16550058,136505615.67,4.1081,1.321,5.88,否,0.74,1.482,-4.804,18.583,10.249,否,407449864,402864899,3438876852.16,3400179747.56,15.46616,1.057291,1.770852,7.52,7.61,7.01,6.87,6.71,6.39,6.73,2015-06-26,-
2022-10-26,2772,众兴菌业,农牧饲渔,7.43,7.5,7.27,7.41,7.27,13869519,114667027.73,3.4427,-1.659,3.08,否,0.68,-0.403,-6.321,6.16,11.596,否,407449864,402864899,3381833871.2,3343778661.7,15.209612,1.039753,1.741477,7.45,7.65,7.05,6.88,6.73,6.41,6.72,2015-06-26,-
2022-10-27,2772,众兴菌业,农牧饲渔,7.39,7.44,7.27,7.35,7.27,11812400,97363625.0,2.9321,-0.723,2.29,否,0.66,-1.077,-5.405,-4.297,12.73,否,407449864,402864899,3357386879.36,3319606767.76,15.099663,1.032237,1.728888,7.43,7.62,7.08,6.9,6.75,6.42,6.72,2015-06-26,-
2022-10-28,2772,众兴菌业,农牧饲渔,7.27,7.33,7.0,7.06,7.0,14911893,119466850.0,3.7015,-4.005,4.49,否,0.99,-6.242,-4.852,-11.86,11.709,否,407449864,402864899,3222928424.24,3186661351.09,14.494944,0.990897,1.659649,7.36,7.52,7.11,6.92,6.76,6.43,6.72,2015-06-26,-
2022-10-31,2772,众兴菌业,农牧饲渔,6.94,7.23,6.94,7.17,6.94,11147271,89412497.13,2.767,1.517,4.17,否,0.75,-3.239,-3.629,-9.355,15.459,否,407449864,402864899,3271822407.92,3235005138.97,14.714842,1.00593,1.684827,7.3,7.45,7.15,6.94,6.77,6.44,6.72,2015-06-26,-
2022-11-01,2772,众兴菌业,农牧饲渔,7.18,7.43,7.18,7.34,7.18,13221343,108306860.66,3.2818,2.366,3.36,否,0.97,-0.136,-1.211,-7.206,13.272,否,407449864,402864899,3349237882.08,3311549469.78,15.063014,1.029731,1.724692,7.27,7.39,7.2,6.96,6.78,6.46,6.72,2015-06-26,-
2022-11-02,2772,众兴菌业,农牧饲渔,7.31,7.43,7.27,7.33,7.27,10875447,89512505.34,2.6995,-0.122,2.19,否,0.84,3.824,-2.656,-5.663,11.398,否,407449864,402864899,3345163383.44,3307520820.79,15.044689,1.028479,1.722594,7.25,7.35,7.24,6.98,6.8,6.47,6.72,2015-06-26,-
2022-11-03,2772,众兴菌业,农牧饲渔,7.3,7.39,7.25,7.36,7.25,8779205,72099703.05,2.1792,0.487,1.95,否,0.71,2.65,-0.675,-0.809,9.524,否,407449864,402864899,3361461378.0,3323635416.75,15.117988,1.03349,1.730987,7.25,7.34,7.29,7.01,6.82,6.48,6.72,2015-06-26,-
2022-11-04,2772,众兴菌业,农牧饲渔,7.36,7.43,7.3,7.39,7.3,12279326,101442521.24,3.048,0.364,1.82,否,1.04,0.681,0.544,-0.672,12.31,否,407449864,402864899,3373684873.92,3335721363.72,15.172963,1.037248,1.737281,7.32,7.34,7.35,7.04,6.84,6.5,6.72,2015-06-26,-
2022-11-07,2772,众兴菌业,农牧饲渔,7.35,7.39,7.27,7.32,7.27,9229765,75705497.7,2.291,-0.966,1.57,否,0.82,-0.136,3.683,-1.48,16.375,否,407449864,402864899,3341088884.8,3303492171.8,15.026364,1.027226,1.720496,7.35,7.33,7.41,7.08,6.86,6.51,6.73,2015-06-26,-
2022-11-08,2772,众兴菌业,农牧饲渔,7.29,7.37,7.14,7.2,7.14,8570400,69251983.0,2.1274,-1.585,3.17,否,0.79,-2.174,0.418,-4.382,12.5,否,407449864,402864899,3288120402.48,3251119734.93,14.788141,1.010941,1.69322,7.32,7.29,7.45,7.1,6.87,6.52,6.73,2015-06-26,-
2022-11-09,2772,众兴菌业,农牧饲渔,7.19,7.35,7.17,7.33,7.17,7569606,61752161.52,1.8789,1.735,2.48,否,0.76,-0.812,-0.136,-1.08,13.997,否,407449864,402864899,3345163383.44,3307520820.79,15.044689,1.028479,1.722594,7.32,7.29,7.47,7.13,6.89,6.53,6.73,2015-06-26,-
2022-11-10,2772,众兴菌业,农牧饲渔,7.3,7.32,7.21,7.27,7.21,5989306,48635588.38,1.4867,-0.853,1.46,否,0.65,-0.683,-0.819,-1.088,14.488,否,407449864,402864899,3316641892.96,3279320277.86,14.916415,1.01971,1.707907,7.3,7.28,7.45,7.15,6.91,6.54,6.73,2015-06-26,-
2022-11-11,2772,众兴菌业,农牧饲渔,7.3,7.51,7.29,7.39,7.29,13980693,115891964.46,3.4703,1.72,2.95,否,1.6,2.639,0.408,4.674,19.773,否,407449864,402864899,3373684873.92,3335721363.72,15.172963,1.037248,1.737281,7.3,7.31,7.42,7.17,6.92,6.56,6.73,2015-06-26,-
2022-11-14,2772,众兴菌业,农牧饲渔,7.39,7.61,7.34,7.49,7.34,13187748,110812859.56,3.2735,1.329,3.74,否,1.45,2.183,1.353,4.463,20.225,否,407449864,402864899,3418504358.96,3380036502.61,15.374536,1.051028,1.760361,7.34,7.34,7.4,7.21,6.94,6.57,6.74,2015-06-26,-
2022-11-15,2772,众兴菌业,农牧饲渔,7.5,7.54,7.27,7.35,7.27,13443300,110700790.0,3.3369,-1.788,3.58,否,1.36,1.1,0.41,0.136,15.748,否,407449864,402864899,3357386879.36,3319606767.76,15.099663,1.032237,1.728888,7.37,7.34,7.37,7.25,6.95,6.58,6.74,2015-06-26,-
2022-11-16,2772,众兴菌业,农牧饲渔,7.33,7.35,7.23,7.31,7.23,7660860,62648320.0,1.9016,-0.607,1.7,否,0.71,-1.083,1.528,-0.273,4.728,否,407449864,402864899,3337014386.16,3299463522.81,15.008039,1.025973,1.718398,7.36,7.34,7.34,7.28,6.96,6.59,6.74,2015-06-26,-
2022-11-17,2772,众兴菌业,农牧饲渔,7.3,7.38,7.27,7.33,7.27,6661572,54638910.52,1.6535,0.244,1.59,否,0.61,-2.136,0.0,-0.408,-4.557,否,407449864,402864899,3345163383.44,3307520820.79,15.044689,1.028479,1.722594,7.37,7.34,7.34,7.31,6.97,6.6,6.74,2015-06-26,-
2022-11-18,2772,众兴菌业,农牧饲渔,7.31,7.44,7.27,7.28,7.27,10614031,87669496.36,2.6346,-0.609,2.31,否,0.97,-0.952,0.138,-1.488,-9.114,否,407449864,402864899,3324790890.24,3287377575.84,14.953065,1.022215,1.712103,7.35,7.33,7.33,7.34,6.98,6.61,6.74,2015-06-26,-
2022-11-21,2772,众兴菌业,农牧饲渔,7.18,7.32,6.97,7.27,6.97,9856877,79024662.7,2.4467,-0.123,4.78,否,0.96,-0.547,-1.624,-0.683,-8.091,否,407449864,402864899,3320716391.6,3283348926.85,14.93474,1.020962,1.710005,7.31,7.32,7.32,7.38,6.99,6.62,6.74,2015-06-26,-
2022-11-22,2772,众兴菌业,农牧饲渔,7.3,7.44,7.18,7.19,7.18,9384665,76942723.61,2.3295,-1.104,3.68,否,0.97,-1.91,-4.005,-0.139,-9.102,否,407449864,402864899,3284045903.84,3247091085.94,14.769816,1.009688,1.691122,7.28,7.32,7.31,7.41,7.0,6.63,6.75,2015-06-26,-
2022-11-23,2772,众兴菌业,农牧饲渔,7.23,7.3,7.09,7.1,7.09,6442686,51648538.79,1.5992,-1.241,2.98,否,0.73,-2.473,-3.401,-3.138,-8.623,否,407449864,402864899,3243300917.44,3206804596.04,14.586568,0.997161,1.67014,7.23,7.3,7.29,7.41,7.01,6.64,6.75,2015-06-26,-
2022-11-24,2772,众兴菌业,农牧饲渔,7.1,7.22,7.07,7.11,7.07,5476400,43868823.0,1.3594,0.126,2.14,否,0.64,-2.201,-2.736,-2.201,-4.178,否,407449864,402864899,3247375416.08,3210833245.03,14.604893,0.998414,1.672238,7.19,7.28,7.28,7.39,7.02,6.65,6.75,2015-06-26,-
2022-11-25,2772,众兴菌业,农牧饲渔,7.09,7.18,7.06,7.13,7.06,4278737,34121942.61,1.0621,0.251,1.63,否,0.51,-0.834,-2.729,-3.518,-4.167,否,407449864,402864899,3255524413.36,3218890543.01,14.641542,1.000919,1.676434,7.16,7.26,7.28,7.36,7.02,6.66,6.75,2015-06-26,-
2022-11-28,2772,众兴菌业,农牧饲渔,7.04,7.16,6.84,7.15,6.84,9281300,72728178.0,2.3038,0.25,4.51,否,1.31,0.704,-1.786,-4.539,-3.769,否,407449864,402864899,3263673410.64,3226947840.99,14.678192,1.003424,1.680631,7.14,7.22,7.28,7.34,7.03,6.66,6.75,2015-06-26,-
2022-11-29,2772,众兴菌业,农牧饲渔,7.14,7.24,7.1,7.22,7.1,5431700,43783293.0,1.3483,0.999,2.0,否,0.78,1.547,-0.688,-1.769,-4.117,否,407449864,402864899,3296269399.76,3259177032.91,14.824791,1.013446,1.697416,7.14,7.21,7.28,7.31,7.04,6.67,6.75,2015-06-26,-
2022-11-30,2772,众兴菌业,农牧饲渔,7.21,7.4,7.19,7.26,7.19,7653208,62735701.74,1.8997,0.494,2.84,否,1.24,1.823,0.974,-0.684,-2.024,否,407449864,402864899,3312567394.32,3275291628.87,14.89809,1.018457,1.705809,7.17,7.2,7.27,7.3,7.04,6.68,6.75,2015-06-26,-
2022-12-01,2772,众兴菌业,农牧饲渔,7.28,7.48,7.28,7.42,7.28,9823074,81556170.0,2.4383,2.214,2.71,否,1.53,3.776,4.507,1.228,0.952,否,407449864,402864899,3385908369.84,3347807310.69,15.227937,1.041006,1.743576,7.24,7.21,7.28,7.3,7.05,6.69,6.75,2015-06-26,-
2022-12-02,2772,众兴菌业,农牧饲渔,7.35,7.74,7.32,7.69,7.32,17993098,153188787.24,4.4663,3.73,5.66,否,2.47,6.51,8.158,5.632,8.924,否,407449864,402864899,3512217827.68,3472695429.38,15.796007,1.07984,1.808619,7.35,7.25,7.29,7.31,7.07,6.7,6.75,2015-06-26,-
2022-12-05,2772,众兴菌业,农牧饲渔,7.75,8.43,7.73,7.84,7.73,19443091,171414930.2,4.8262,1.856,9.16,否,1.94,7.989,9.958,7.84,9.344,否,407449864,402864899,3577409805.92,3537153813.22,16.089204,1.099883,1.842189,7.49,7.31,7.32,7.32,7.08,6.72,6.76,2015-06-26,-
2022-12-06,2772,众兴菌业,农牧饲渔,7.8,8.01,7.73,7.78,7.73,12092103,106189175.28,3.0015,-0.683,3.64,否,1.0,4.852,8.811,8.206,5.995,否,407449864,402864899,3552962814.08,3512981919.28,15.979255,1.092367,1.8296,7.6,7.37,7.35,7.33,7.1,6.73,6.76,2015-06-26,-
2022-12-07,2772,众兴菌业,农牧饲渔,7.79,7.9,7.72,7.82,7.72,8411003,73565655.22,2.0878,0.459,2.29,否,0.63,1.691,8.31,10.141,6.685,否,407449864,402864899,3569260808.64,3529096515.24,16.052555,1.097378,1.837993,7.71,7.44,7.37,7.34,7.11,6.75,6.76,2015-06-26,-
2022-12-08,2772,众兴菌业,农牧饲渔,7.79,7.84,7.54,7.6,7.54,8345378,71427702.9,2.0715,-2.74,3.77,否,0.62,-3.061,4.683,6.892,3.261,否,407449864,402864899,3471472841.28,3432408939.48,15.612759,1.067313,1.787637,7.75,7.49,7.39,7.35,7.13,6.76,6.77,2015-06-26,-
2022-12-09,2772,众兴菌业,农牧饲渔,7.65,7.69,7.43,7.6,7.43,7519400,63599429.54,1.8665,-0.117,3.4,否,0.57,-2.314,2.426,6.592,2.842,否,407449864,402864899,3467398342.64,3428380290.49,15.594434,1.06606,1.785539,7.73,7.54,7.4,7.37,7.14,6.77,6.77,2015-06-26,-
2022-12-12,2772,众兴菌业,农牧饲渔,7.61,7.67,7.42,7.44,7.42,7228300,60722804.26,1.7942,-1.998,3.29,否,0.65,-4.859,-3.251,4.056,1.639,否,407449864,402864899,3398131865.76,3359893257.66,15.282912,1.044764,1.74987,7.65,7.57,7.39,7.38,7.16,6.78,6.77,2015-06-26,-
2022-12-13,2772,众兴菌业,农牧饲渔,7.5,7.72,7.47,7.71,7.47,10069346,86197484.06,2.4994,3.597,3.36,否,1.15,1.447,-1.658,6.787,7.083,否,407449864,402864899,3520366824.96,3480752727.36,15.832657,1.082345,1.812815,7.63,7.62,7.41,7.39,7.17,6.79,6.77,2015-06-26,-
2022-12-14,2772,众兴菌业,农牧饲渔,7.6,7.66,7.5,7.64,7.5,7018900,59698392.95,1.7422,-0.926,2.08,否,0.84,0.526,-1.799,5.234,4.229,否,407449864,402864899,3487770835.84,3448523535.44,15.686058,1.072324,1.79603,7.6,7.65,7.43,7.4,7.19,6.8,6.78,2015-06-26,-
2022-12-15,2772,众兴菌业,农牧饲渔,7.68,8.03,7.6,7.78,7.6,12744018,111357297.55,3.1633,1.869,5.72,否,1.59,4.57,-0.512,4.852,7.015,否,407449864,402864899,3552962814.08,3512981919.28,15.979255,1.092367,1.8296,7.63,7.69,7.45,7.41,7.21,6.82,6.78,2015-06-26,-
2022-12-16,2772,众兴菌业,农牧饲渔,7.72,7.85,7.65,7.83,7.65,8087846,70138108.96,2.0076,0.573,2.52,否,0.91,1.556,3.026,1.821,5.954,否,407449864,402864899,3573335307.28,3533125164.23,16.07088,1.098631,1.840091,7.68,7.7,7.48,7.43,7.24,6.83,6.78,2015-06-26,-
2022-12-19,2772,众兴菌业,农牧饲渔,7.83,7.85,7.48,7.53,7.48,10865800,92004754.0,2.6971,-3.763,4.79,否,1.2,-1.44,-0.921,-3.954,0.534,否,407449864,402864899,3438876852.16,3400179747.56,15.46616,1.057291,1.770852,7.7,7.67,7.49,7.44,7.26,6.84,6.79,2015-06-26,-
2022-12-20,2772,众兴菌业,农牧饲渔,7.53,7.67,7.32,7.35,7.32,7363903,61380177.9,1.8279,-2.37,4.62,否,0.75,-5.527,-1.21,-5.527,0.0,否,407449864,402864899,3357386879.36,3319606767.76,15.099663,1.032237,1.728888,7.63,7.63,7.5,7.44,7.27,6.85,6.79,2015-06-26,-
2022-12-21,2772,众兴菌业,农牧饲渔,7.36,7.51,7.24,7.4,7.24,6636303,55032669.81,1.6473,0.607,3.64,否,0.72,-5.492,-4.021,-5.371,1.231,否,407449864,402864899,3377759372.56,3339750012.71,15.191288,1.0385,1.739379,7.58,7.59,7.52,7.44,7.29,6.86,6.78,2015-06-26,-
2022-12-22,2772,众兴菌业,农牧饲渔,7.45,7.68,7.45,7.5,7.45,8388130,70923133.4,2.0821,1.327,3.02,否,0.92,-0.398,-1.832,-1.316,2.319,否,407449864,402864899,3422578857.6,3384065151.6,15.392861,1.05228,1.762459,7.52,7.58,7.53,7.45,7.3,6.87,6.78,2015-06-26,-
2022-12-23,2772,众兴菌业,农牧饲渔,7.37,7.62,7.22,7.29,7.22,8386310,69214743.2,2.0817,-2.738,5.36,否,1.01,-0.816,-6.298,-4.079,0.137,否,407449864,402864899,3328865388.88,3291406224.83,14.97139,1.023468,1.714201,7.41,7.55,7.54,7.45,7.31,6.88,6.78,2015-06-26,-
2022-12-26,2772,众兴菌业,农牧饲渔,7.4,7.61,7.27,7.33,7.27,10238400,84822842.0,2.5414,0.49,4.65,否,1.23,-0.946,-6.386,-1.478,0.825,否,407449864,402864899,3345163383.44,3307520820.79,15.044689,1.028479,1.722594,7.37,7.54,7.55,7.44,7.33,6.89,6.78,2015-06-26,-
2022-12-27,2772,众兴菌业,农牧饲渔,7.37,7.55,7.21,7.55,7.21,12604196,104693502.85,3.1286,3.045,4.63,否,1.54,0.667,0.266,-2.075,5.007,否,407449864,402864899,3447025849.44,3408237045.54,15.50281,1.059797,1.775048,7.41,7.52,7.57,7.45,7.35,6.9,6.78,2015-06-26,-
2022-12-28,2772,众兴菌业,农牧饲渔,7.43,7.47,7.15,7.2,7.15,13921500,113684823.07,3.4556,-4.61,4.26,否,1.5,-1.235,-2.041,-5.759,1.408,否,407449864,402864899,3288120402.48,3251119734.93,14.788141,1.010941,1.69322,7.37,7.48,7.57,7.44,7.36,6.91,6.78,2015-06-26,-
2022-12-29,2772,众兴菌业,农牧饲渔,7.2,7.32,7.13,7.23,7.13,7752354,62734754.67,1.9243,0.372,2.6,否,0.72,-1.364,-2.297,-7.069,1.688,否,407449864,402864899,3300343898.4,3263205681.9,14.843116,1.014699,1.699514,7.32,7.42,7.56,7.44,7.37,6.92,6.77,2015-06-26,-
2022-12-30,2772,众兴菌业,农牧饲渔,7.2,7.44,7.05,7.43,7.05,12627228,102727544.63,3.1344,2.716,5.43,否,1.19,-1.589,-0.933,-5.109,4.208,否,407457329,402872364,3390044977.28,3351898068.48,15.246262,1.042259,1.745674,7.35,7.38,7.54,7.45,7.4,6.93,6.77,2015-06-26,-
2023-01-03,2772,众兴菌业,农牧饲渔,7.39,7.43,7.25,7.43,7.25,8730300,72008521.0,2.1671,0.0,2.52,否,0.76,3.194,1.92,-1.328,3.916,否,407457329,402872364,3390044977.28,3351898068.48,15.246262,1.042259,1.745674,7.37,7.37,7.52,7.45,7.42,6.94,6.77,2015-06-26,-
2023-01-04,2772,众兴菌业,农牧饲渔,7.41,7.75,7.35,7.65,7.35,14048013,119556969.8,3.487,3.005,5.41,否,1.26,5.809,4.366,4.082,5.956,否,407457329,402872364,3491909309.53,3452616159.48,15.704383,1.073576,1.798128,7.39,7.4,7.52,7.47,7.44,6.95,6.77,2015-06-26,-
2023-01-05,2772,众兴菌业,农牧饲渔,7.72,7.73,7.45,7.61,7.45,10913200,92651454.0,2.7088,-0.467,3.62,否,0.96,2.423,0.795,2.838,4.821,否,407457329,402872364,3475611016.37,3436501264.92,15.63137,1.068585,1.789768,7.47,7.42,7.51,7.48,7.45,6.97,6.77,2015-06-26,-
2023-01-06,2772,众兴菌业,农牧饲渔,7.65,7.68,7.45,7.46,7.45,7744400,65263023.74,1.9223,-1.993,2.93,否,0.72,0.404,3.611,-0.533,0.539,否,407457329,402872364,3406343270.44,3368012963.04,15.319842,1.047289,1.754099,7.52,7.42,7.5,7.5,7.44,6.98,6.77,2015-06-26,-
2023-01-09,2772,众兴菌业,农牧饲渔,7.47,7.82,7.42,7.73,7.42,12333610,105849089.06,3.0614,3.589,5.38,否,1.14,1.046,6.916,6.036,0.52,否,407457329,402872364,3528580469.14,3488874672.24,15.869597,1.084871,1.817045,7.58,7.46,7.5,7.52,7.44,6.99,6.77,2015-06-26,-
2023-01-10,2772,众兴菌业,农牧饲渔,7.68,7.77,7.61,7.76,7.61,9194026,79276043.46,2.2821,0.346,1.96,否,0.85,1.971,4.441,5.866,-1.02,否,407457329,402872364,3540804189.01,3500960843.16,15.924573,1.088629,1.823339,7.64,7.51,7.52,7.54,7.44,7.0,6.77,2015-06-26,-
2023-01-11,2772,众兴菌业,农牧饲渔,7.75,7.89,7.53,7.64,7.53,19502266,168238918.96,4.8408,-1.496,4.6,否,1.8,2.413,2.826,1.192,-1.799,否,407457329,402872364,3487834736.24,3448587435.84,15.686345,1.072343,1.796063,7.64,7.51,7.52,7.55,7.43,7.02,6.78,2015-06-26,-
2023-01-12,2772,众兴菌业,农牧饲渔,7.6,7.62,7.2,7.23,7.2,22711226,187931998.2,5.6373,-5.374,5.49,否,1.9,-6.468,-5.49,0.417,-7.545,否,407457329,402872364,3300404364.9,3263266148.4,14.843388,1.014717,1.699545,7.56,7.52,7.5,7.55,7.42,7.02,6.77,2015-06-26,-
2023-01-13,2772,众兴菌业,农牧饲渔,7.22,7.35,7.19,7.25,7.19,13509500,110018976.0,3.3533,0.247,2.22,否,0.94,-6.572,-4.731,0.277,-4.605,否,407457329,402872364,3308553511.48,3271323595.68,14.880038,1.017223,1.703742,7.52,7.52,7.47,7.54,7.42,7.03,6.77,2015-06-26,-
2023-01-16,2772,众兴菌业,农牧饲渔,7.31,7.93,7.29,7.6,7.29,22779267,193804042.14,5.6542,4.803,8.74,否,1.47,-0.524,1.877,2.288,0.0,否,407457329,402872364,3467461869.79,3428443817.64,15.59472,1.06608,1.785572,7.5,7.54,7.46,7.54,7.42,7.05,6.77,2015-06-26,-
2023-01-17,2772,众兴菌业,农牧饲渔,7.63,7.73,7.31,7.36,7.31,14869215,123821417.52,3.6908,-3.055,5.52,否,0.85,1.798,-4.787,-0.942,-1.075,否,407457329,402872364,3361522964.25,3323697003.0,15.118265,1.033509,1.731018,7.42,7.53,7.45,7.52,7.42,7.06,6.77,2015-06-26,-
2023-01-18,2772,众兴菌业,农牧饲渔,7.35,7.37,7.28,7.3,7.28,9466108,77616121.44,2.3497,-0.849,1.21,否,0.51,0.69,-5.928,-4.575,-5.318,否,407457329,402872364,3333000951.22,3295495937.52,14.989989,1.024739,1.716331,7.35,7.49,7.45,7.51,7.42,7.07,6.77,2015-06-26,-
2023-01-19,2772,众兴菌业,农牧饲渔,7.27,7.35,7.23,7.3,7.23,9807281,79887573.89,2.4343,0.0,1.71,否,0.59,-3.947,-4.45,-4.074,-4.45,否,407457329,402872364,3333000951.22,3295495937.52,14.989989,1.024739,1.716331,7.36,7.46,7.44,7.49,7.42,7.07,6.77,2015-06-26,-
2023-01-20,2772,众兴菌业,农牧饲渔,7.3,7.43,7.3,7.41,7.3,9092780,75133586.38,2.257,1.467,1.71,否,0.65,0.679,2.49,-0.67,-4.756,否,407457329,402872364,3381895830.7,3343840621.2,15.209891,1.039772,1.741509,7.39,7.46,7.44,7.48,7.42,7.08,6.77,2015-06-26,-
2023-01-30,2772,众兴菌业,农牧饲渔,7.46,8.15,7.45,8.15,7.45,26370629,232934465.61,6.5457,10.0,9.4,否,2.0,11.644,12.414,5.433,4.087,是,407457329,402872364,3720085413.77,3678224683.32,16.73088,1.143749,1.91566,7.5,7.5,7.48,7.5,7.44,7.1,6.77,2015-06-26,-
2023-01-31,2772,众兴菌业,农牧饲渔,8.16,8.19,7.93,8.1,7.93,34344460,310239340.35,8.5249,-0.657,3.18,否,2.47,10.959,6.579,4.381,7.57,否,407457329,402872364,3695637974.03,3654052341.48,16.620929,1.136233,1.903071,7.65,7.53,7.52,7.53,7.45,7.11,6.78,2015-06-26,-
2023-02-01,2772,众兴菌业,农牧饲渔,8.1,8.28,8.01,8.19,8.01,26114843,238911851.71,6.4822,1.213,3.42,否,1.47,10.526,11.277,7.199,11.429,否,407457329,402872364,3740458280.22,3698368301.52,16.822506,1.150013,1.926151,7.83,7.59,7.55,7.54,7.47,7.12,6.78,2015-06-26,-
2023-02-02,2772,众兴菌业,农牧饲渔,8.18,8.34,8.06,8.27,8.06,24131042,221460677.68,5.9897,0.98,3.38,否,1.14,1.472,13.288,14.385,11.757,否,407457329,402872364,3777129439.83,3734626814.28,16.987432,1.161288,1.945035,8.02,7.69,7.61,7.56,7.48,7.14,6.78,2015-06-26,-
2023-02-03,2772,众兴菌业,农牧饲渔,8.26,8.38,8.1,8.18,8.1,18040825,166159937.55,4.478,-1.187,3.34,否,0.75,0.988,12.055,12.828,9.067,否,407457329,402872364,3732309133.64,3690310854.24,16.785856,1.147508,1.921955,8.18,7.79,7.65,7.58,7.49,7.16,6.79,2015-06-26,-
2023-02-06,2772,众兴菌业,农牧饲渔,8.16,8.42,8.11,8.41,8.11,19211642,178067835.58,4.7687,2.838,3.71,否,0.74,2.686,13.495,10.658,15.364,否,407457329,402872364,3838248039.18,3795057668.88,17.26231,1.180079,1.976508,8.23,7.87,7.7,7.59,7.51,7.18,6.79,2015-06-26,-
2023-02-07,2772,众兴菌业,农牧饲渔,8.32,8.41,8.15,8.4,8.15,17637226,163612313.16,4.3779,-0.106,3.08,否,0.72,1.572,3.067,14.13,14.598,否,407457329,402872364,3834173465.89,3791028945.24,17.243985,1.178826,1.97441,8.29,7.97,7.75,7.62,7.53,7.19,6.79,2015-06-26,-
2023-02-08,2772,众兴菌业,农牧饲渔,8.32,8.35,8.18,8.24,8.18,11913220,109910550.98,2.9571,-1.913,2.02,否,0.57,0.733,1.728,12.877,9.139,否,407457329,402872364,3760831146.67,3718511919.72,16.914132,1.156277,1.936642,8.3,8.07,7.78,7.65,7.55,7.21,6.8,2015-06-26,-
2023-02-09,2772,众兴菌业,农牧饲渔,8.25,8.54,8.2,8.35,8.2,16173652,151497173.96,4.0146,1.3,4.12,否,0.89,-0.713,1.954,14.384,15.972,否,407457329,402872364,3809726026.15,3766856603.4,17.134034,1.17131,1.961821,8.32,8.17,7.82,7.69,7.56,7.23,6.8,2015-06-26,-
2023-02-10,2772,众兴菌业,农牧饲渔,8.4,8.62,8.31,8.57,8.31,20579450,196533544.53,5.1082,2.674,3.74,否,1.24,2.024,3.628,15.655,18.534,否,407457329,402872364,3911590358.4,3867574694.4,17.592163,1.202628,2.014276,8.39,8.29,7.87,7.72,7.59,7.25,6.81,2015-06-26,-
2023-02-13,2772,众兴菌业,农牧饲渔,8.64,8.73,8.44,8.51,8.44,17817171,170681383.64,4.4225,-0.625,3.33,否,1.04,3.277,4.034,4.417,14.536,否,407457329,402872364,3887142918.66,3843402352.56,17.482212,1.195112,2.001687,8.41,8.32,7.91,7.76,7.6,7.26,6.82,2015-06-26,-
2023-02-14,2772,众兴菌业,农牧饲渔,8.65,8.68,8.3,8.33,8.3,17187580,162034271.17,4.2663,-2.201,4.51,否,1.02,-0.24,-0.951,2.84,12.113,否,407457329,402872364,3801576879.57,3758799156.12,17.097383,1.168804,1.957624,8.4,8.35,7.94,7.79,7.62,7.28,6.83,2015-06-26,-
2023-02-15,2772,众兴菌业,农牧饲渔,8.42,8.42,8.22,8.27,8.22,12374600,114842466.0,3.0716,-0.643,2.36,否,0.74,-3.501,-1.548,0.977,8.105,否,407457329,402872364,3777129439.83,3734626814.28,16.987432,1.161288,1.945035,8.41,8.35,7.97,7.82,7.63,7.29,6.83,2015-06-26,-
2023-02-16,2772,众兴菌业,农牧饲渔,8.24,8.27,7.97,8.02,7.97,12637807,115415491.61,3.1369,-3.021,3.67,否,0.75,-5.758,-2.67,-3.023,5.388,否,407457329,402872364,3663041387.71,3621822552.36,16.474328,1.126211,1.886285,8.34,8.33,8.01,7.85,7.65,7.3,6.84,2015-06-26,-
2023-02-17,2772,众兴菌业,农牧饲渔,8.07,8.18,8.02,8.03,8.02,8345013,75604385.45,2.0714,0.111,1.89,否,0.52,-3.601,-3.832,-1.834,7.641,否,407457329,402872364,3667115961.0,3625851276.0,16.492653,1.127464,1.888384,8.23,8.31,8.05,7.87,7.66,7.31,6.84,2015-06-26,-
2023-02-20,2772,众兴菌业,农牧饲渔,8.09,8.11,7.93,8.1,7.93,7922300,71212645.9,1.9665,0.889,2.22,否,0.58,-2.056,-5.484,-3.686,4.787,否,407457329,402872364,3699712547.32,3658081065.12,16.639254,1.137486,1.905169,8.15,8.28,8.07,7.9,7.67,7.33,6.85,2015-06-26,-
2023-02-21,2772,众兴菌业,农牧饲渔,8.12,8.22,8.04,8.12,8.04,8635733,78622749.67,2.1435,0.22,2.2,否,0.74,1.247,-4.583,-3.333,4.639,否,407457329,402872364,3707861693.9,3666138512.4,16.675905,1.139991,1.909366,8.11,8.25,8.11,7.92,7.68,7.34,6.85,2015-06-26,-
2023-02-22,2772,众兴菌业,农牧饲渔,8.05,8.21,8.04,8.13,8.04,7467847,68069968.91,1.8537,0.11,2.09,否,0.75,1.245,-2.401,-1.335,6.414,否,407457329,402872364,3711936267.19,3670167236.04,16.69423,1.141244,1.911464,8.08,8.24,8.15,7.93,7.7,7.35,6.86,2015-06-26,-
2023-02-23,2772,众兴菌业,农牧饲渔,8.12,8.34,8.09,8.29,8.09,13630614,125974007.16,3.3834,1.976,3.07,否,1.51,2.346,0.242,-0.719,14.661,否,407457329,402872364,3785278586.41,3742684261.56,17.024083,1.163793,1.949232,8.13,8.24,8.2,7.96,7.72,7.37,6.86,2015-06-26,-
2023-02-24,2772,众兴菌业,农牧饲渔,8.19,8.26,8.08,8.1,8.08,10767149,98116218.87,2.6726,-2.261,2.15,否,1.17,-0.246,0.998,-5.484,11.724,否,407457329,402872364,3699712547.32,3658081065.12,16.639254,1.137486,1.905169,8.15,8.19,8.24,7.98,7.74,7.38,6.87,2015-06-26,-
2023-02-27,2772,众兴菌业,农牧饲渔,8.08,8.37,8.05,8.26,8.05,15328526,142209277.22,3.8048,1.872,3.96,否,1.58,1.599,2.864,-2.938,8.684,否,407457329,402872364,3768980293.25,3726569367.0,16.950782,1.158782,1.940839,8.18,8.17,8.24,8.0,7.76,7.39,6.87,2015-06-26,-
2023-02-28,2772,众兴菌业,农牧饲渔,8.26,8.33,8.17,8.3,8.17,7896800,72926796.0,1.9601,0.541,1.95,否,0.71,0.121,2.469,-0.36,12.772,否,407457329,402872364,3789353159.7,3746712985.2,17.042408,1.165046,1.95133,8.22,8.16,8.25,8.01,7.77,7.4,6.88,2015-06-26,-
2023-03-01,2772,众兴菌业,农牧饲渔,8.26,8.37,8.22,8.35,8.22,9666753,90027932.57,2.3995,0.645,1.83,否,0.88,3.086,2.833,0.967,14.384,否,407457329,402872364,3813800599.44,3770885327.04,17.152359,1.172562,1.963919,8.26,8.17,8.26,8.04,7.79,7.41,6.89,2015-06-26,-
2023-03-02,2772,众兴菌业,农牧饲渔,8.38,8.43,8.26,8.27,8.26,8608240,80259125.6,2.1367,-0.962,2.14,否,0.75,0.121,1.722,3.117,13.288,否,407457329,402872364,3777129439.83,3734626814.28,16.987432,1.161288,1.945035,8.26,8.2,8.26,8.07,7.81,7.43,6.89,2015-06-26,-
2023-03-03,2772,众兴菌业,农牧饲渔,8.33,8.51,8.26,8.29,8.26,12667025,118604058.25,3.1442,0.216,3.02,否,1.21,-0.12,0.0,3.238,11.876,否,407457329,402872364,3785278586.41,3742684261.56,17.024083,1.163793,1.949232,8.29,8.22,8.27,8.11,7.83,7.44,6.9,2015-06-26,-
2023-03-06,2772,众兴菌业,农牧饲渔,8.26,8.61,8.26,8.53,8.26,16374369,155350135.7,4.0644,2.906,4.31,否,1.51,2.156,5.309,5.309,4.663,否,407457329,402872364,3895292065.24,3851459799.84,17.518862,1.197617,2.005883,8.35,8.26,8.27,8.14,7.84,7.45,6.9,2015-06-26,-
2023-03-07,2772,众兴菌业,农牧饲渔,8.56,8.75,8.33,8.35,8.33,13566333,129145466.22,3.3674,-2.092,4.92,否,1.23,0.967,1.09,2.833,3.086,否,407457329,402872364,3813800599.44,3770885327.04,17.152359,1.172562,1.963919,8.36,8.29,8.27,8.17,7.85,7.47,6.91,2015-06-26,-
2023-03-08,2772,众兴菌业,农牧饲渔,8.32,8.42,8.25,8.32,8.25,8210013,76391751.67,2.0379,-0.427,2.03,否,0.67,0.362,0.241,2.337,1.587,否,407457329,402872364,3797502306.28,3754770432.48,17.079058,1.167551,1.955526,8.35,8.31,8.27,8.2,7.86,7.48,6.92,2015-06-26,-
2023-03-09,2772,众兴菌业,农牧饲渔,8.3,8.34,8.18,8.21,8.18,7056587,65153248.14,1.7516,-1.288,1.93,否,0.59,-3.751,-1.677,-0.965,-0.726,否,407457329,402872364,3748607426.8,3706425748.8,16.859156,1.152519,1.930348,8.34,8.3,8.27,8.24,7.86,7.49,6.92,2015-06-26,-
2023-03-10,2772,众兴菌业,农牧饲渔,8.17,8.21,8.09,8.12,8.09,6615900,60314399.0,1.6422,-1.087,1.52,否,0.57,-2.754,-1.814,0.247,-0.733,否,407457329,402872364,3707861693.9,3666138512.4,16.675905,1.139991,1.909366,8.31,8.3,8.25,8.26,7.87,7.5,6.93,2015-06-26,-
2023-03-13,2772,众兴菌业,农牧饲渔,8.12,8.16,8.01,8.12,8.01,7847634,71029841.09,1.9479,0.0,1.87,否,0.76,-2.404,-2.051,-1.695,-3.448,否,407457329,402872364,3707861693.9,3666138512.4,16.675905,1.139991,1.909366,8.22,8.29,8.23,8.26,7.88,7.51,6.93,2015-06-26,-
2023-03-14,2772,众兴菌业,农牧饲渔,8.1,8.2,7.77,7.88,7.77,11101314,98736464.92,2.7555,-2.967,5.38,否,1.28,-4.019,-7.62,-5.06,-6.19,否,407457329,402872364,3597848215.07,3557362974.12,16.181125,1.106167,1.852714,8.13,8.24,8.2,8.25,7.89,7.52,6.94,2015-06-26,-
2023-03-15,2772,众兴菌业,农牧饲渔,7.96,8.06,7.91,8.01,7.91,5553400,49704548.0,1.3785,1.699,1.93,否,0.68,-1.355,-4.072,-4.072,-2.791,否,407457329,402872364,3658966814.42,3617793828.72,16.456003,1.124958,1.884187,8.07,8.21,8.19,8.24,7.89,7.53,6.94,2015-06-26,-
2023-03-16,2772,众兴菌业,农牧饲渔,8.0,8.49,7.97,8.3,7.97,20508875,190262644.11,5.0907,3.564,6.46,否,2.69,2.217,-0.24,0.363,-0.599,否,407457329,402872364,3789353159.7,3746712985.2,17.042408,1.165046,1.95133,8.09,8.21,8.2,8.25,7.9,7.55,6.95,2015-06-26,-
2023-03-17,2772,众兴菌业,农牧饲渔,8.3,8.33,8.13,8.19,8.13,13700539,125894110.29,3.4007,-1.29,2.37,否,1.33,3.934,-0.244,-1.206,-4.434,否,407457329,402872364,3740458280.22,3698368301.52,16.822506,1.150013,1.926151,8.1,8.2,8.21,8.25,7.91,7.56,6.95,2015-06-26,-
2023-03-20,2772,众兴菌业,农牧饲渔,8.19,8.19,7.93,8.09,7.93,10316645,92877385.6,2.5608,-1.307,3.16,否,0.88,0.999,-0.369,-5.158,-4.935,否,407457329,402872364,3691563400.74,3650023617.84,16.602604,1.13498,1.900973,8.09,8.16,8.21,8.24,7.91,7.58,6.96,2015-06-26,-
2023-03-21,2772,众兴菌业,农牧饲渔,8.04,8.08,7.94,8.0,7.94,11065096,98924060.64,2.7466,-1.104,1.66,否,0.9,-3.614,-1.478,-4.192,-3.962,否,407457329,402872364,3650817667.84,3609736381.44,23.055098,1.108334,1.852949,8.12,8.12,8.21,8.22,7.92,7.59,6.97,2015-06-26,-
2023-03-22,2772,众兴菌业,农牧饲渔,8.02,8.2,7.96,7.99,7.96,11905645,107599197.99,2.9552,-0.112,3.01,否,0.97,-2.442,1.396,-3.966,-3.386,否,407457329,402872364,3646743094.55,3605707657.8,23.029367,1.107097,1.850881,8.11,8.09,8.2,8.21,7.93,7.6,6.97,2015-06-26,-
2023-03-23,2772,众兴菌业,农牧饲渔,8.01,8.01,7.78,7.81,7.78,11371708,99976957.84,2.8227,-2.235,2.91,否,0.84,-3.461,-2.497,-4.872,-2.618,否,407457329,402872364,3565251628.75,3525133185.0,22.514744,1.082358,1.80952,8.02,8.05,8.17,8.2,7.94,7.61,6.98,2015-06-26,-
2023-03-24,2772,众兴菌业,农牧饲渔,7.81,7.93,7.78,7.85,7.78,7221408,63449895.0,1.7925,0.457,1.83,否,0.62,-1.875,-5.422,-3.325,-2.242,否,407457329,402872364,3581549921.91,3541248079.56,22.617669,1.087305,1.817792,7.95,8.02,8.16,8.17,7.95,7.62,6.98,2015-06-26,-
2023-03-27,2772,众兴菌业,农牧饲渔,7.85,7.85,7.55,7.61,7.55,10924700,93496718.0,2.7117,-2.958,3.75,否,1.05,-4.756,-7.082,-6.281,-6.049,否,407457329,402872364,3475611016.37,3436501264.92,21.948659,1.055144,1.764024,7.85,7.97,8.13,8.14,7.95,7.63,6.99,2015-06-26,-
2023-03-28,2772,众兴菌业,农牧饲渔,7.63,7.71,7.59,7.63,7.59,5152902,44040405.04,1.279,0.235,1.64,否,0.49,-2.305,-5.686,-3.173,-6.034,否,407457329,402872364,3483760162.95,3444558712.2,22.000121,1.057618,1.76816,7.78,7.95,8.1,8.12,7.96,7.64,6.99,2015-06-26,-
2023-03-29,2772,众兴菌业,农牧饲渔,7.66,7.87,7.6,7.65,7.6,8070321,69619736.5,2.0032,0.234,3.51,否,0.87,-2.548,-4.375,-4.494,-5.904,否,407457329,402872364,3491909309.53,3452616159.48,22.051584,1.060092,1.772296,7.71,7.91,8.06,8.1,7.96,7.65,7.0,2015-06-26,-
2023-03-30,2772,众兴菌业,农牧饲渔,7.64,7.64,7.44,7.52,7.44,7109902,59768246.68,1.7648,-1.634,2.57,否,0.83,-1.183,-5.882,-9.398,-9.288,否,407457329,402872364,3434865283.47,3396214028.52,21.691348,1.042774,1.743344,7.65,7.83,8.02,8.08,7.96,7.66,7.0,2015-06-26,-
2023-03-31,2772,众兴菌业,农牧饲渔,7.56,7.69,7.56,7.64,7.56,7456749,63798833.36,1.8509,1.542,1.78,否,0.97,0.131,-2.177,-6.716,-5.679,否,407457506,402872541,3487836251.36,3448588950.96,22.025853,1.058855,1.770228,7.61,7.78,7.99,8.07,7.97,7.67,7.0,2015-06-26,-
2023-04-03,2772,众兴菌业,农牧饲渔,7.75,8.1,7.69,7.91,7.69,15906461,141484286.51,3.9483,3.505,5.26,否,2.05,3.399,0.764,-2.225,-4.237,否,407457506,402872541,3610073503.16,3569450713.26,22.797787,1.095964,1.832269,7.67,7.76,7.96,8.06,7.98,7.69,7.01,2015-06-26,-
2023-04-04,2772,众兴菌业,农牧饲渔,7.9,8.14,7.9,8.08,7.9,14516421,130908349.82,3.6032,2.145,3.05,否,1.66,7.447,6.176,1.0,-2.651,否,407457506,402872541,3687490429.3,3645996496.05,23.286688,1.119467,1.871562,7.76,7.77,7.95,8.06,7.99,7.7,7.01,2015-06-26,-
2023-04-06,2772,众兴菌业,农牧饲渔,8.08,8.18,7.94,7.99,7.94,7717608,69331671.6,1.9156,-1.105,2.98,否,0.73,4.581,4.718,0.0,-4.311,否,407457506,402872541,3646744678.7,3605709241.95,23.029377,1.107098,1.850882,7.83,7.77,7.93,8.06,7.99,7.72,7.01,2015-06-26,-
2023-04-07,2772,众兴菌业,农牧饲渔,8.09,8.52,8.04,8.46,8.04,24455851,229412589.66,6.0704,5.922,6.03,否,2.32,6.953,10.588,8.323,2.297,否,407457506,402872541,3862697156.88,3819231688.68,24.393128,1.172658,1.960487,8.02,7.83,7.94,8.06,8.01,7.73,7.02,2015-06-26,-
2023-04-10,2772,众兴菌业,农牧饲渔,8.54,8.68,8.32,8.59,8.32,21001410,200391295.48,5.2129,1.477,4.22,否,1.5,6.312,14.229,9.427,3.619,否,407457506,402872541,3919741207.72,3875633844.42,24.753364,1.189975,1.989439,8.21,7.91,7.97,8.08,8.03,7.74,7.02,2015-06-26,-
2023-04-11,2772,众兴菌业,农牧饲渔,9.44,9.44,9.44,9.44,9.44,5464904,57818684.32,1.3565,9.979,0.0,否,0.33,18.148,23.56,24.047,10.668,是,407457506,402872541,4310900413.48,4262391483.78,12.594192,1.234002,2.047941,8.51,8.09,8.03,8.12,8.06,7.75,7.03,2015-06-26,-
2023-04-12,2772,众兴菌业,农牧饲渔,10.35,10.39,10.02,10.39,10.02,65049839,751608233.12,16.1465,10.019,3.88,否,4.45,22.813,31.353,36.173,24.431,是,407457506,402872541,4742805369.84,4689436377.24,13.855992,1.357635,2.253122,8.97,8.37,8.16,8.19,8.1,7.77,7.05,2015-06-26,-
2023-04-13,2772,众兴菌业,农牧饲渔,10.58,10.65,9.99,10.05,9.99,66500780,767486156.2,16.5067,-3.265,6.36,否,2.69,16.997,24.381,31.373,20.793,否,407457506,402872541,4587971517.56,4536344811.66,13.403649,1.313314,2.179567,9.39,8.61,8.26,8.24,8.14,7.79,7.06,2015-06-26,-
2023-04-14,2772,众兴菌业,农牧饲渔,10.05,10.16,9.68,9.84,9.68,37957140,420288019.82,9.4216,-2.043,4.71,否,1.04,4.237,23.154,30.851,19.854,否,407457506,402872541,4494256291.18,4443684127.23,13.129862,1.286488,2.135046,9.66,8.84,8.34,8.3,8.18,7.8,7.07,2015-06-26,-
2023-04-17,2772,众兴菌业,农牧饲渔,9.82,9.96,9.75,9.83,9.75,23515353,259987582.09,5.8369,-0.181,2.18,否,0.6,-5.39,16.194,28.665,21.059,否,407457506,402872541,4486107141.06,4435626676.41,13.106055,1.284155,2.131175,9.91,9.06,8.42,8.35,8.23,7.82,7.08,2015-06-26,-
2023-04-18,2772,众兴菌业,农牧饲渔,9.77,9.82,9.52,9.7,9.52,24672195,266923601.82,6.1241,-1.272,3.0,否,0.62,-3.483,12.922,22.63,19.458,否,407457506,402872541,4429063090.22,4379224520.67,12.939402,1.267826,2.104075,9.96,9.24,8.5,8.39,8.26,7.84,7.09,2015-06-26,-
2023-04-19,2772,众兴菌业,农牧饲渔,9.77,10.12,9.75,9.92,9.75,28062457,312104135.63,6.9656,2.208,3.86,否,0.64,0.813,5.085,22.772,25.888,否,407457506,402872541,4526852891.66,4475913930.51,13.225092,1.295818,2.150532,9.87,9.42,8.6,8.44,8.3,7.86,7.11,2015-06-26,-
2023-04-20,2772,众兴菌业,农牧饲渔,9.8,10.02,9.69,9.97,9.69,19966139,221293302.26,4.9559,0.54,3.33,否,0.55,1.424,-4.042,24.781,24.469,否,407457506,402872541,4551300342.02,4500086282.97,13.296515,1.302817,2.162146,9.85,9.62,8.69,8.49,8.35,7.88,7.12,2015-06-26,-
2023-04-21,2772,众兴菌业,农牧饲渔,10.0,10.32,9.86,10.03,9.86,30306934,342310431.14,7.5227,0.627,4.57,否,1.13,3.402,-0.199,18.558,20.843,否,407469313,402884348,4579955078.12,4528420071.52,13.379841,1.310981,2.175695,9.89,9.78,8.81,8.55,8.39,7.91,7.13,2015-06-26,-
2023-04-24,2772,众兴菌业,农牧饲渔,10.22,10.34,9.8,9.97,9.8,22286505,249147943.16,5.7388,-0.623,5.34,否,0.88,0.504,1.321,16.065,21.734,否,392932797,388347832,4389059342.49,4337845283.44,12.822532,1.256375,2.085071,9.92,9.91,8.91,8.62,8.44,7.93,7.15,2015-06-26,-
2023-04-25,2772,众兴菌业,农牧饲渔,9.81,10.21,9.81,10.09,9.81,20543955,231008952.09,5.2901,1.253,4.03,否,0.82,1.204,2.645,6.886,24.722,否,392932797,388347832,4444069934.07,4392213979.92,12.983244,1.272122,2.111205,10.0,9.98,9.04,8.68,8.47,7.95,7.16,2015-06-26,-
2023-04-26,2772,众兴菌业,农牧饲渔,9.93,10.05,9.68,9.8,9.68,18412830,202930291.41,4.7413,-2.918,3.63,否,0.76,-2.293,1.031,-5.679,22.5,否,392932797,388347832,4314402111.06,4264059195.36,12.604422,1.235004,2.049604,9.97,9.92,9.14,8.75,8.5,7.97,7.17,2015-06-26,-
2023-04-27,2772,众兴菌业,农牧饲渔,9.71,9.88,9.65,9.69,9.65,12433353,135622404.14,3.2016,-1.093,2.37,否,0.56,-2.808,-2.319,-3.582,21.277,否,392932797,388347832,4267250175.42,4217457455.52,12.466669,1.221507,2.027204,9.92,9.88,9.25,8.8,8.52,7.99,7.18,2015-06-26,-
2023-04-28,2772,众兴菌业,农牧饲渔,9.68,9.85,9.67,9.73,9.67,10115000,110453598.95,2.6046,0.368,1.93,否,0.49,-3.568,-2.407,-1.118,24.584,否,392932797,388347832,4282967487.3,4232991368.8,12.512587,1.226006,2.034671,9.86,9.87,9.36,8.85,8.55,8.01,7.19,2015-06-26,-
2023-05-04,2772,众兴菌业,农牧饲渔,9.73,9.93,9.6,9.92,9.6,13437013,147839302.43,3.46,1.927,3.39,否,0.8,1.224,-1.097,0.916,26.369,否,392932797,388347832,4365483374.67,4314544413.52,12.753655,1.249626,2.073871,9.85,9.88,9.47,8.91,8.58,8.04,7.2,2015-06-26,-
2023-05-05,2772,众兴菌业,农牧饲渔,9.84,9.84,9.56,9.76,9.56,11718988,126953001.84,3.0177,-1.62,2.88,否,0.78,0.722,-2.106,0.619,28.252,否,392932797,388347832,4294755471.21,4244641803.76,12.547025,1.22938,2.040271,9.78,9.89,9.56,8.96,8.6,8.06,7.21,2015-06-26,-
2023-05-08,2772,众兴菌业,农牧饲渔,9.71,9.84,9.55,9.6,9.55,11939217,128914388.28,3.0744,-1.555,2.93,否,0.9,-1.336,-4.856,-3.226,25.819,否,392932797,388347832,4227956895.72,4178622672.32,12.351875,1.210259,2.008538,9.74,9.86,9.64,9.02,8.62,8.07,7.23,2015-06-26,-
2023-05-09,2772,众兴菌业,农牧饲渔,9.6,9.66,9.43,9.47,9.43,9477746,98364907.31,2.4405,-1.434,2.39,否,0.79,-4.536,-3.367,-5.015,23.791,否,392932797,388347832,4051137137.07,4003866147.92,11.8353,1.159644,1.924538,9.7,9.81,9.71,9.06,8.64,8.09,7.24,2015-06-26,-
2023-05-10,2772,众兴菌业,农牧饲渔,9.37,9.43,9.28,9.34,9.28,7332577,74571577.09,1.8881,-1.358,1.55,否,0.65,-4.303,-3.612,-6.879,24.202,否,392932797,388347832,3996126545.49,3949497451.44,11.674588,1.143897,1.898404,9.62,9.74,9.76,9.12,8.66,8.11,7.26,2015-06-26,-
2023-05-11,2772,众兴菌业,农牧饲渔,9.4,9.49,9.26,9.35,9.26,7172800,73236664.0,1.847,0.098,2.46,否,0.67,-2.604,-3.905,-6.219,22.382,否,392932797,388347832,4000055873.46,3953380929.76,11.686067,1.145022,1.900271,9.5,9.68,9.79,9.17,8.67,8.13,7.27,2015-06-26,-
2023-05-12,2772,众兴菌业,农牧饲渔,9.27,9.59,9.27,9.41,9.27,8995096,92739538.28,2.3162,0.688,3.44,否,0.94,-0.634,-5.141,-6.739,18.963,否,392932797,388347832,4027561169.25,3980565278.0,11.766423,1.152895,1.913338,9.43,9.61,9.79,9.23,8.68,8.14,7.29,2015-06-26,-
2023-05-15,2772,众兴菌业,农牧饲渔,9.45,9.54,9.28,9.53,9.28,6962700,71478657.0,1.7929,1.268,2.73,否,0.78,2.034,-2.357,-2.755,17.946,否,392932797,388347832,4078642432.86,4031050496.16,11.915656,1.167518,1.937604,9.42,9.58,9.75,9.29,8.7,8.16,7.3,2015-06-26,-
2023-05-16,2772,众兴菌业,农牧饲渔,9.52,9.52,9.36,9.42,9.36,4768342,48886811.33,1.2279,-1.156,1.73,否,0.6,0.749,-1.875,-2.786,17.897,否,392932797,388347832,4031490497.22,3984448756.32,11.777903,1.15402,1.915204,9.41,9.55,9.72,9.35,8.72,8.18,7.32,2015-06-26,-
2023-05-17,2772,众兴菌业,农牧饲渔,9.36,9.63,9.33,9.59,9.33,7885680,81692151.98,2.0306,1.754,3.22,否,1.12,1.913,1.267,-1.439,13.357,否,392932797,388347832,4102218400.68,4054351366.08,11.984533,1.174266,1.948804,9.46,9.54,9.71,9.42,8.75,8.2,7.33,2015-06-26,-
2023-05-18,2772,众兴菌业,农牧饲渔,9.56,9.8,9.46,9.48,9.46,8700878,90979225.88,2.2405,-1.149,3.54,否,1.22,-0.525,1.499,-4.435,10.361,否,392932797,388347832,4055066465.04,4007749626.24,11.84678,1.160769,1.926404,9.49,9.5,9.69,9.48,8.77,8.22,7.35,2015-06-26,-
2023-05-19,2772,众兴菌业,农牧饲渔,9.48,9.78,9.36,9.65,9.36,9808100,102434546.0,2.5256,1.841,4.46,否,1.31,2.442,3.209,-1.127,2.225,否,392932797,388347832,4129723696.47,4081535714.32,12.064889,1.18214,1.961871,9.53,9.48,9.69,9.54,8.8,8.23,7.36,2015-06-26,-
2023-05-22,2772,众兴菌业,农牧饲渔,9.6,10.0,9.59,9.84,9.59,12469933,133612766.84,3.211,1.998,4.19,否,1.64,2.607,4.57,2.5,-5.294,否,392932797,388347832,4212239583.84,4163088759.04,12.305957,1.20576,2.001071,9.6,9.51,9.68,9.6,8.83,8.26,7.38,2015-06-26,-
2023-05-23,2772,众兴菌业,农牧饲渔,9.84,9.87,9.51,9.52,9.51,7942281,83577469.78,2.0451,-3.265,3.64,否,0.91,0.422,-0.105,0.528,-5.274,否,392932797,388347832,4074713104.89,4027167017.84,11.904177,1.166393,1.935738,9.62,9.51,9.66,9.65,8.85,8.28,7.4,2015-06-26,-
2023-05-24,2772,众兴菌业,农牧饲渔,9.55,9.61,9.44,9.53,9.44,6036500,62647167.0,1.5544,0.096,1.83,否,0.64,-1.244,1.168,2.034,-3.15,否,392932797,388347832,4078642432.86,4031050496.16,11.915656,1.167518,1.937604,9.6,9.53,9.63,9.68,8.87,8.3,7.41,2015-06-26,-
2023-05-25,2772,众兴菌业,农牧饲渔,9.48,9.59,9.33,9.46,9.33,5670131,58371405.91,1.4601,-0.771,2.79,否,0.63,-3.862,-1.356,1.176,-3.764,否,392932797,388347832,4047207809.1,3999982669.6,11.823821,1.158519,1.922671,9.6,9.54,9.61,9.71,8.89,8.32,7.42,2015-06-26,-
2023-05-26,2772,众兴菌业,农牧饲渔,9.44,9.48,9.33,9.43,9.33,4258269,43561700.68,1.0965,-0.291,1.65,否,0.51,-0.945,-0.527,0.213,-2.784,否,392932797,388347832,4035419825.19,3988332234.64,11.789382,1.155145,1.917071,9.56,9.55,9.58,9.71,8.91,8.33,7.44,2015-06-26,-
2023-05-29,2772,众兴菌业,农牧饲渔,9.46,9.61,9.36,9.4,9.36,7045300,72697619.0,1.8142,-0.292,2.63,否,0.97,-1.364,-2.591,-1.364,-5.242,否,392932797,388347832,4023631841.28,3976681799.68,11.754944,1.151771,1.911471,9.47,9.53,9.56,9.68,8.93,8.35,7.45,2015-06-26,-
2023-05-30,2772,众兴菌业,农牧饲渔,9.4,9.43,9.29,9.43,9.29,5415420,55207788.15,1.3945,0.293,1.46,否,0.87,-0.317,-4.167,0.106,-5.416,否,392932797,388347832,4035419825.19,3988332234.64,11.789382,1.155145,1.917071,9.45,9.53,9.54,9.66,8.95,8.37,7.47,2015-06-26,-
2023-05-31,2772,众兴菌业,农牧饲渔,9.43,9.71,9.41,9.5,9.41,5689522,59222137.9,1.4651,0.779,3.21,否,1.0,0.742,-0.21,-0.938,-5.284,否,392932797,388347832,4066854448.95,4019400061.2,11.881218,1.164143,1.932004,9.44,9.52,9.53,9.65,8.97,8.39,7.48,2015-06-26,-
2023-06-01,2772,众兴菌业,农牧饲渔,9.48,9.83,9.42,9.78,9.42,9122284,96632127.92,2.349,2.899,4.35,否,1.62,4.043,2.623,3.165,-1.906,否,392932797,388347832,4184734288.05,4135904410.8,12.225601,1.197887,1.988004,9.51,9.55,9.52,9.64,9.0,8.41,7.49,2015-06-26,-
2023-06-02,2772,众兴菌业,农牧饲渔,9.77,9.81,9.62,9.65,9.62,6301400,66500883.47,1.6226,-1.315,1.97,否,1.0,2.333,2.008,0.0,-4.361,否,392932797,388347832,4129723696.47,4081535714.32,12.064889,1.18214,1.961871,9.55,9.55,9.52,9.64,9.01,8.43,7.51,2015-06-26,-
2023-06-05,2772,众兴菌业,农牧饲渔,9.73,9.76,9.62,9.73,9.62,5145388,54316275.88,1.3249,0.856,1.43,否,0.77,2.421,3.181,-1.118,-0.714,否,392932797,388347832,4165087648.2,4116487019.2,12.168204,1.192263,1.978671,9.62,9.54,9.53,9.64,9.04,8.44,7.52,2015-06-26,-
2023-06-06,2772,众兴菌业,农牧饲渔,9.68,9.84,9.6,9.64,9.6,6780100,71786831.0,1.7459,-0.943,2.45,否,1.07,-1.431,2.553,1.261,-0.516,否,392932797,388347832,4125794368.5,4077652236.0,12.053409,1.181015,1.960004,9.66,9.56,9.53,9.62,9.06,8.46,7.54,2015-06-26,-
2023-06-07,2772,众兴菌业,农牧饲渔,9.57,9.72,9.48,9.68,9.48,4536100,47613622.0,1.1681,0.381,2.57,否,0.69,0.311,2.651,1.574,-0.514,否,392932797,388347832,4141511680.38,4093186149.28,12.099327,1.185514,1.967471,9.7,9.57,9.55,9.61,9.08,8.47,7.55,2015-06-26,-
2023-06-08,2772,众兴菌业,农牧饲渔,9.63,10.01,9.59,9.9,9.59,10779652,115899545.06,2.7758,2.277,4.27,否,1.69,1.747,4.211,4.651,-0.202,否,392932797,388347832,4235815551.66,4186389628.96,12.374834,1.212509,2.012271,9.72,9.61,9.58,9.61,9.11,8.49,7.57,2015-06-26,-
2023-06-09,2772,众兴菌业,农牧饲渔,9.92,9.95,9.68,9.8,9.68,7220084,77002158.54,1.8592,-1.02,2.78,否,1.08,1.66,0.204,3.924,0.41,否,392932797,388347832,4192592943.99,4143671367.44,12.24856,1.200136,1.991738,9.75,9.65,9.6,9.6,9.14,8.51,7.58,2015-06-26,-
2023-06-12,2772,众兴菌业,农牧饲渔,9.82,9.89,9.64,9.8,9.64,7738326,82258515.35,1.9926,0.0,2.53,否,1.12,1.24,1.554,4.255,2.083,否,392932797,388347832,4192592943.99,4143671367.44,12.24856,1.200136,1.991738,9.76,9.69,9.61,9.6,9.17,8.53,7.6,2015-06-26,-
2023-06-13,2772,众兴菌业,农牧饲渔,9.77,9.86,9.7,9.74,9.7,5232225,55577924.24,1.3473,-0.562,1.59,否,0.71,-1.616,0.103,3.287,2.851,否,392932797,388347832,4169016976.17,4120370497.52,12.179683,1.193387,1.980538,9.78,9.72,9.63,9.6,9.2,8.55,7.61,2015-06-26,-
2023-06-14,2772,众兴菌业,农牧饲渔,9.74,9.87,9.66,9.73,9.66,6132696,65207793.84,1.5792,-0.094,2.17,否,0.86,-0.714,0.934,2.421,4.176,否,392932797,388347832,4165087648.2,4116487019.2,12.168204,1.192263,1.978671,9.79,9.75,9.63,9.6,9.23,8.56,7.62,2015-06-26,-
2023-06-15,2772,众兴菌业,农牧饲渔,9.73,9.74,9.5,9.56,9.5,7074611,73881899.51,1.8217,-1.793,2.45,否,0.95,-2.449,-1.24,-2.249,2.246,否,392932797,388347832,4090430416.77,4042700931.12,11.950094,1.170892,1.943204,9.73,9.72,9.64,9.59,9.25,8.58,7.64,2015-06-26,-
2023-06-16,2772,众兴菌业,农牧饲渔,9.59,9.73,9.57,9.62,9.57,6757600,71124615.0,1.7401,0.672,1.73,否,1.01,-1.232,-2.828,-0.311,2.232,否,392932797,388347832,4117935712.56,4069885279.36,12.030451,1.178765,1.956271,9.69,9.72,9.64,9.59,9.27,8.59,7.65,2015-06-26,-
2023-06-19,2772,众兴菌业,农牧饲渔,9.67,9.72,9.46,9.47,9.46,5393512,56210388.26,1.3888,-1.622,2.77,否,0.82,-2.672,-3.367,-2.672,-0.63,否,392932797,388347832,4051137137.07,4003866147.92,11.8353,1.159644,1.924538,9.62,9.69,9.62,9.58,9.3,8.61,7.66,2015-06-26,-
2023-06-20,2772,众兴菌业,农牧饲渔,9.47,9.53,9.33,9.34,9.33,4728700,48441855.0,1.2176,-1.358,2.13,否,0.77,-2.301,-4.694,-3.112,-0.849,否,392932797,388347832,3996126545.49,3949497451.44,11.674588,1.143897,1.898404,9.54,9.66,9.61,9.58,9.32,8.63,7.68,2015-06-26,-
2023-06-21,2772,众兴菌业,农牧饲渔,9.38,9.38,9.15,9.2,9.15,5842329,58800445.61,1.5044,-1.475,2.46,否,0.97,-4.366,-5.544,-4.959,-4.067,否,392932797,388347832,3937186625.94,3891245276.64,11.502396,1.127026,1.870404,9.44,9.62,9.59,9.57,9.34,8.64,7.69,2015-06-26,-
2023-06-26,2772,众兴菌业,农牧饲渔,9.18,9.25,9.07,9.07,9.07,6495400,64798760.0,1.6726,-1.397,1.9,否,1.09,-4.224,-6.783,-8.384,-4.325,否,392932797,388347832,3882176034.36,3836876580.16,11.341684,1.111279,1.844271,9.34,9.53,9.57,9.56,9.36,8.66,7.7,2015-06-26,-
2023-06-27,2772,众兴菌业,农牧饲渔,9.06,9.24,9.03,9.21,9.03,4662500,46696372.0,1.2006,1.518,2.33,否,0.8,-1.392,-3.661,-6.02,-4.56,否,392932797,388347832,3941115953.91,3895128754.96,11.513876,1.12815,1.872271,9.26,9.47,9.56,9.56,9.39,8.67,7.71,2015-06-26,-
2023-06-28,2772,众兴菌业,农牧饲渔,9.18,9.3,9.05,9.28,9.05,4535602,45365916.76,1.1679,0.798,2.69,否,0.84,0.87,-3.534,-5.306,-5.691,否,392932797,388347832,3972550577.67,3926196581.52,11.605711,1.137149,1.887204,9.22,9.42,9.56,9.55,9.42,8.69,7.73,2015-06-26,-
2023-06-29,2772,众兴菌业,农牧饲渔,9.27,9.86,9.23,9.66,9.23,14439240,152109504.72,3.7181,4.055,6.82,否,2.75,6.505,2.006,-0.821,1.471,否,392932797,388347832,4133653024.44,4085419192.64,12.076368,1.183264,1.963738,9.28,9.41,9.57,9.56,9.45,8.71,7.74,2015-06-26,-
2023-06-30,2772,众兴菌业,农牧饲渔,9.65,10.45,9.65,10.37,9.65,27012449,298040863.66,6.9557,7.414,8.27,否,3.75,12.595,11.028,6.578,8.814,否,392933155,388348190,4440144651.5,4388334547.0,12.971776,1.270998,2.10934,9.52,9.48,9.61,9.58,9.5,8.73,7.76,2015-06-26,-
2023-07-03,2772,众兴菌业,农牧饲渔,10.3,10.3,9.48,9.58,9.48,31644700,335218975.81,8.1485,-7.699,7.96,否,2.77,3.233,4.13,0.209,1.268,否,392933155,388348190,4098292806.65,4050471621.7,11.973053,1.173141,1.946938,9.62,9.48,9.6,9.59,9.53,8.75,7.77,2015-06-26,-
2023-07-04,2772,众兴菌业,农牧饲渔,9.47,9.5,9.15,9.41,9.15,19137187,194111415.54,4.9278,-1.726,3.64,否,1.16,-2.588,3.749,-2.183,-0.212,否,392933155,388348190,4027564838.75,3980568947.5,11.766434,1.152897,1.913339,9.66,9.46,9.59,9.58,9.56,8.77,7.78,2015-06-26,-
2023-07-05,2772,众兴菌业,农牧饲渔,9.42,9.44,9.26,9.29,9.26,10148853,102918346.13,2.6133,-1.268,1.85,否,0.52,-10.415,0.869,-1.901,-1.17,否,392933155,388348190,3976483528.6,3930083682.8,11.617201,1.138274,1.889073,9.66,9.44,9.57,9.56,9.58,8.78,7.79,2015-06-26,-
2023-07-06,2772,众兴菌业,农牧饲渔,9.28,9.36,9.2,9.34,9.2,8353627,84530163.86,2.1511,0.494,1.68,否,0.41,-2.505,0.647,0.0,-0.954,否,392933155,388348190,3996130186.35,3949501092.3,11.674599,1.143898,1.898406,9.6,9.44,9.55,9.55,9.6,8.8,7.81,2015-06-26,-
2023-07-07,2772,众兴菌业,农牧饲渔,9.3,9.81,9.25,9.57,9.25,16143177,167801697.57,4.1569,2.458,5.9,否,0.84,1.7,-0.932,4.022,0.737,否,392933155,388348190,4094363475.1,4046588139.8,11.961585,1.172018,1.945073,9.44,9.48,9.55,9.55,9.62,8.81,7.82,2015-06-26,-
2023-07-10,2772,众兴菌业,农牧饲渔,9.65,9.81,9.39,9.55,9.39,10809800,112588106.0,2.7835,-0.192,4.41,否,0.63,2.799,-7.907,5.292,-2.352,否,392933155,388348190,4086504812.0,4038821176.0,11.938626,1.169768,1.941339,9.43,9.53,9.53,9.56,9.63,8.83,7.83,2015-06-26,-
2023-07-11,2772,众兴菌业,农牧饲渔,9.55,9.63,9.41,9.45,9.41,6938815,71699356.5,1.7868,-1.058,2.31,否,0.54,1.178,-1.357,2.606,-2.073,否,392933155,388348190,4043282164.95,3996102875.1,11.812352,1.157396,1.920806,9.44,9.55,9.51,9.56,9.63,8.85,7.85,2015-06-26,-
2023-07-12,2772,众兴菌业,农牧饲渔,9.42,9.57,9.28,9.29,9.28,12429500,126930103.0,3.2006,-1.652,3.01,否,1.19,-2.926,-1.275,0.108,-4.522,否,392933155,388348190,3976483528.6,3930083682.8,11.617201,1.138274,1.889073,9.44,9.55,9.49,9.55,9.62,8.86,7.86,2015-06-26,-
2023-07-13,2772,众兴菌业,农牧饲渔,9.32,9.36,9.16,9.3,9.16,10164600,102417328.0,2.6174,0.099,2.17,否,0.93,-2.618,0.108,-3.727,-3.527,否,392933155,388348190,3980412860.15,3933967164.7,11.628681,1.139399,1.890939,9.43,9.52,9.46,9.55,9.6,8.87,7.87,2015-06-26,-
2023-07-14,2772,众兴菌业,农牧饲渔,9.27,9.33,9.21,9.25,9.21,6653265,67135823.95,1.7132,-0.592,1.28,否,0.59,-2.116,-0.964,-10.8,-4.442,否,392933155,388348190,3956836870.85,3910666273.3,11.559804,1.132651,1.879739,9.37,9.4,9.44,9.54,9.59,8.89,7.88,2015-06-26,-
2023-07-17,2772,众兴菌业,农牧饲渔,9.21,9.21,9.03,9.08,9.03,10161100,100714536.0,2.6165,-1.788,1.89,否,1.08,-2.26,-5.12,-5.219,-8.283,否,392933155,388348190,3886108902.95,3840763599.1,11.353174,1.112405,1.846139,9.27,9.35,9.42,9.52,9.58,8.9,7.89,2015-06-26,-
2023-07-18,2772,众兴菌业,农牧饲渔,9.08,9.13,8.96,9.0,8.96,9416637,92437787.31,2.4248,-0.91,1.82,否,1.02,-3.226,-5.759,-4.357,-8.163,否,392933155,388348190,3850744919.0,3805812262.0,11.249859,1.102282,1.829339,9.18,9.31,9.39,9.5,9.57,8.92,7.91,2015-06-26,-
2023-07-19,2772,众兴菌业,农牧饲渔,8.98,9.06,8.84,8.91,8.84,9462326,92045587.16,2.4366,-1.02,2.45,否,0.97,-3.676,-5.714,-4.09,-9.082,否,392933155,388348190,3811451603.5,3766977443.0,11.135065,1.091034,1.810672,9.11,9.27,9.36,9.47,9.55,8.93,7.92,2015-06-26,-
2023-07-20,2772,众兴菌业,农牧饲渔,8.91,8.96,8.69,8.72,8.69,8904607,85177237.71,2.2929,-2.062,3.09,否,0.97,-3.965,-6.136,-6.638,-10.472,否,392933155,388348190,3732864972.5,3689307805.0,10.905476,1.068538,1.773339,8.99,9.21,9.33,9.44,9.53,8.94,7.93,2015-06-26,-
2023-07-21,2772,众兴菌业,农牧饲渔,8.69,8.87,8.69,8.8,8.69,7492586,71885420.2,1.9293,0.947,2.11,否,0.84,-2.222,-5.376,-8.046,-9.558,否,392933155,388348190,3768228956.45,3724259142.1,11.008791,1.078661,1.790139,8.9,9.14,9.31,9.41,9.51,8.95,7.94,2015-06-26,-
2023-07-24,2772,众兴菌业,农牧饲渔,8.8,8.83,8.74,8.77,8.74,5326397,50989129.77,1.3716,-0.417,1.04,否,0.59,-1.571,-5.189,-8.168,-8.264,否,392933155,388348190,3752511630.25,3708725214.5,10.962873,1.074162,1.782672,8.84,9.06,9.29,9.37,9.49,8.96,7.95,2015-06-26,-
2023-07-25,2772,众兴菌业,农牧饲渔,8.82,8.85,8.77,8.85,8.77,6095107,58521654.92,1.5695,0.942,0.94,否,0.75,1.491,-2.533,-6.349,-8.004,否,392933155,388348190,3787875614.2,3743676551.6,11.066188,1.084285,1.799472,8.81,9.0,9.27,9.34,9.47,8.97,7.96,2015-06-26,-
2023-07-26,2772,众兴菌业,农牧饲渔,8.81,8.85,8.71,8.74,8.71,7464900,71268680.0,1.9222,-1.245,1.56,否,1.0,-0.682,-2.889,-5.92,-7.709,否,392933155,388348190,3740723635.6,3697074768.8,10.928434,1.070788,1.777072,8.78,8.94,9.25,9.31,9.45,8.98,7.97,2015-06-26,-
2023-07-27,2772,众兴菌业,农牧饲渔,8.78,8.8,8.67,8.69,8.67,5128400,48714288.0,1.3206,-0.525,1.47,否,0.73,-0.912,-2.469,-6.559,-6.959,否,392933155,388348190,3721076977.85,3677657359.3,10.871037,1.065164,1.767739,8.77,8.88,9.2,9.27,9.44,8.98,7.98,2015-06-26,-
2023-07-28,2772,众兴菌业,农牧饲渔,8.66,8.77,8.59,8.75,8.59,6082097,57574096.9,1.5661,0.634,2.01,否,0.97,-1.13,0.344,-5.405,-4.891,否,392933155,388348190,3744652967.15,3700958250.7,10.939914,1.071913,1.778939,8.76,8.83,9.12,9.24,9.42,8.98,7.99,2015-06-26,-
2023-07-31,2772,众兴菌业,农牧饲渔,8.8,8.99,8.76,8.97,8.76,11579452,112409299.36,2.9817,2.518,2.62,否,1.92,2.632,1.932,-1.211,-1.103,否,392933155,388348190,3838956924.35,3794161816.3,11.215421,1.098907,1.823739,8.8,8.82,9.09,9.22,9.4,8.99,8.0,2015-06-26,-
2023-08-01,2772,众兴菌业,农牧饲渔,8.94,9.0,8.89,8.94,8.89,7012600,68195784.0,1.8058,-0.307,1.23,否,0.96,2.877,1.938,-0.667,-2.932,否,392933155,388348190,3827168929.7,3782511370.6,11.180982,1.095533,1.818139,8.82,8.81,9.06,9.2,9.39,8.99,8.01,2015-06-26,-
2023-08-02,2772,众兴菌业,农牧饲渔,8.93,9.03,8.88,8.98,8.88,6958286,68080444.22,1.7918,0.411,1.75,否,0.93,2.629,1.469,0.786,-3.233,否,392933155,388348190,3842886255.9,3798045298.2,11.2269,1.100032,1.825606,8.87,8.82,9.05,9.18,9.38,9.0,8.03,2015-06-26,-
2023-08-03,2772,众兴菌业,农牧饲渔,8.93,8.99,8.9,8.95,8.9,4634087,45155500.52,1.1933,-0.307,1.02,否,0.63,-0.223,2.403,2.638,-7.35,否,392933155,388348190,3831098261.25,3786394852.5,11.192462,1.096658,1.820006,8.92,8.84,9.03,9.17,9.37,9.01,8.04,2015-06-26,-
2023-08-04,2772,众兴菌业,农牧饲渔,8.99,9.03,8.92,8.93,8.92,5159500,50325883.0,1.3286,-0.205,1.23,否,0.71,-0.112,2.762,1.477,-13.886,否,392933155,388348190,3823239598.15,3778627888.7,11.169503,1.094408,1.816272,8.95,8.86,9.0,9.16,9.36,9.01,8.05,2015-06-26,-
2023-08-07,2772,众兴菌业,农牧饲渔,8.97,9.07,8.91,9.0,8.91,7464700,73106218.0,1.9222,0.719,1.85,否,1.06,0.223,2.857,2.623,-6.054,否,392933155,388348190,3850744919.0,3805812262.0,11.249859,1.102282,1.829339,8.96,8.88,8.97,9.15,9.36,9.01,8.06,2015-06-26,-
2023-08-08,2772,众兴菌业,农牧饲渔,8.98,9.03,8.87,8.93,8.87,4944886,48061529.62,1.2733,-0.714,1.84,否,0.79,-0.223,-0.446,0.904,-5.101,否,392933155,388348190,3823239598.15,3778627888.7,11.169503,1.094408,1.816272,8.96,8.89,8.94,9.15,9.35,9.02,8.07,2015-06-26,-
2023-08-09,2772,众兴菌业,农牧饲渔,8.91,8.93,8.84,8.85,8.84,4893400,47340044.0,1.2601,-0.925,1.03,否,0.84,-0.896,-1.007,1.259,-4.736,否,392933155,388348190,3787875614.2,3743676551.6,11.066188,1.084285,1.799472,8.93,8.9,8.92,9.13,9.34,9.02,8.08,2015-06-26,-
2023-08-10,2772,众兴菌业,农牧饲渔,8.86,8.92,8.81,8.86,8.81,3908071,37758487.36,1.0063,0.104,1.24,否,0.72,-1.556,-1.336,1.956,-5.139,否,392933155,388348190,3791804945.75,3747560033.5,11.077667,1.08541,1.801339,8.91,8.92,8.9,9.1,9.33,9.03,8.09,2015-06-26,-
2023-08-11,2772,众兴菌业,农牧饲渔,8.9,8.91,8.69,8.69,8.69,4257475,40734972.25,1.0963,-1.969,2.49,否,0.81,-2.688,-2.905,-0.686,-9.195,否,392933155,388348190,3717147646.3,3673773877.4,10.859558,1.064039,1.765872,8.87,8.91,8.87,9.05,9.32,9.03,8.1,2015-06-26,-
2023-08-14,2772,众兴菌业,农牧饲渔,8.64,8.66,8.49,8.58,8.49,4614300,42971161.0,1.1882,-1.269,1.9,否,0.91,-3.051,-3.919,-4.348,-10.157,否,392933155,388348190,3669995667.7,3627172094.6,10.721804,1.050542,1.743472,8.78,8.87,8.85,9.01,9.3,9.04,8.11,2015-06-26,-
2023-08-15,2772,众兴菌业,农牧饲渔,8.55,8.67,8.51,8.53,8.51,4280100,40026892.0,1.1021,-0.535,1.82,否,0.95,-3.725,-5.222,-4.586,-9.735,否,392933155,388348190,3650349009.95,3607754685.1,10.664407,1.044918,1.734139,8.7,8.83,8.82,8.99,9.28,9.04,8.12,2015-06-26,-
2023-08-16,2772,众兴菌业,农牧饲渔,8.53,8.69,8.5,8.55,8.5,4671374,43701775.26,1.2029,0.215,2.26,否,1.06,-1.611,-4.255,-4.788,-7.966,否,392933155,388348190,3658207673.05,3615521648.9,10.687366,1.047167,1.737872,8.64,8.79,8.8,8.96,9.26,9.04,8.12,2015-06-26,-
2023-08-17,2772,众兴菌业,农牧饲渔,8.51,8.63,8.39,8.63,8.39,4322772,40089671.24,1.1131,0.967,2.79,否,0.99,0.583,-2.486,-3.575,-7.204,否,392933155,388348190,3693571657.0,3650472986.0,10.790681,1.05729,1.754672,8.6,8.76,8.8,8.94,9.25,9.05,8.13,2015-06-26,-
2023-08-18,2772,众兴菌业,农牧饲渔,8.58,8.64,8.43,8.45,8.43,4071198,37826906.14,1.0483,-2.128,2.45,否,0.92,-0.938,-4.628,-5.375,-8.649,否,392933155,388348190,3614985026.0,3572803348.0,10.561092,1.034795,1.717339,8.55,8.71,8.78,8.9,9.23,9.05,8.14,2015-06-26,-
2023-08-21,2772,众兴菌业,农牧饲渔,8.36,8.44,8.04,8.05,8.04,14594843,129395598.86,3.7582,-4.674,4.67,否,3.32,-5.848,-7.365,-10.556,-11.344,否,392933155,388348190,3446023769.35,3405813626.3,9.168398,1.020607,1.617583,8.44,8.61,8.75,8.85,9.2,9.05,8.15,2015-06-26,-
2023-08-22,2772,众兴菌业,农牧饲渔,8.13,8.21,7.95,8.1,7.95,7669192,67118133.17,1.9748,0.57,3.19,否,1.2,-6.141,-5.594,-9.295,-10.0,否,392933155,388348190,3465670427.1,3425231035.8,9.22067,1.026426,1.626805,8.36,8.53,8.71,8.8,9.18,9.05,8.16,2015-06-26,-
2023-08-23,2772,众兴菌业,农牧饲渔,8.1,8.16,8.02,8.07,8.02,5073643,44760790.94,1.3065,-0.34,1.81,否,0.72,-4.497,-5.393,-8.814,-9.428,否,392933155,388348190,3453882432.45,3413580590.1,9.189307,1.022935,1.621272,8.26,8.45,8.68,8.76,9.16,9.05,8.16,2015-06-26,-
2023-08-24,2772,众兴菌业,农牧饲渔,8.13,8.29,8.02,8.27,8.02,7762969,69133578.78,1.999,2.503,3.3,否,1.09,2.733,-3.275,-6.659,-5.161,否,392933155,388348190,3540327726.55,3499017191.9,9.419301,1.048537,1.66185,8.19,8.39,8.65,8.73,9.14,9.04,8.17,2015-06-26,-
2023-08-25,2772,众兴菌业,农牧饲渔,8.27,8.41,8.17,8.19,8.17,8429200,76096167.0,2.1705,-0.999,2.89,否,1.08,1.111,-5.098,-5.754,-6.932,否,392933155,388348190,3504963742.6,3464065854.8,9.325212,1.038063,1.64525,8.14,8.34,8.63,8.69,9.12,9.04,8.17,2015-06-26,-
2023-08-28,2772,众兴菌业,农牧饲渔,8.49,8.56,8.28,8.35,8.28,10048591,92406379.49,2.5875,1.906,3.36,否,1.15,3.47,-1.183,-2.681,-4.789,否,392933155,388348190,3571762378.95,3530085047.1,9.502935,1.057847,1.676605,8.2,8.32,8.6,8.67,9.09,9.04,8.18,2015-06-26,-
2023-08-29,2772,众兴菌业,农牧饲渔,8.32,8.45,8.24,8.43,8.24,6633000,60428781.0,1.708,0.99,2.53,否,0.85,1.935,4.72,-1.172,-4.746,否,392933155,388348190,3607126362.9,3565036384.2,9.597024,1.068321,1.693205,8.26,8.31,8.57,8.65,9.07,9.04,8.19,2015-06-26,-
2023-08-30,2772,众兴菌业,农牧饲渔,8.41,8.48,8.36,8.41,8.36,5425600,49719879.0,1.3971,-0.218,1.42,否,0.71,2.686,3.827,-1.637,-3.776,否,392933155,388348190,3599267699.8,3557269420.4,9.576115,1.065993,1.689516,8.33,8.3,8.54,8.63,9.05,9.04,8.2,2015-06-26,-
2023-08-31,2772,众兴菌业,农牧饲渔,8.37,8.44,8.34,8.41,8.34,4006358,36625804.63,1.0316,0.0,1.2,否,0.52,0.719,4.213,-2.549,-3.222,否,392933155,388348190,3599267699.8,3557269420.4,9.576115,1.065993,1.689516,8.36,8.27,8.51,8.62,9.03,9.05,8.2,2015-06-26,-
2023-09-01,2772,众兴菌业,农牧饲渔,8.39,8.49,8.36,8.39,8.36,5899005,54095374.75,1.519,-0.218,1.64,否,0.85,-0.474,1.451,-0.71,-4.114,否,392933155,388348190,3591409036.7,3549502456.6,9.555207,1.063666,1.685828,8.4,8.27,8.49,8.61,9.01,9.05,8.21,2015-06-26,-
2023-09-04,2772,众兴菌业,农牧饲渔,8.4,8.48,8.33,8.43,8.33,7722826,70558308.59,1.9886,0.438,1.86,否,1.21,0.238,2.93,4.72,-6.02,否,392933155,388348190,3607126362.9,3565036384.2,9.597024,1.068321,1.693205,8.41,8.31,8.46,8.6,8.99,9.05,8.22,2015-06-26,-
2023-09-05,2772,众兴菌业,农牧饲渔,8.4,8.43,8.32,8.37,8.32,5325574,48490974.85,1.3713,-0.654,1.31,否,0.9,-0.476,0.24,3.333,-6.376,否,392933155,388348190,3583550373.6,3541735492.8,9.534298,1.061338,1.682139,8.4,8.33,8.43,8.58,8.96,9.05,8.22,2015-06-26,-
2023-09-06,2772,众兴菌业,农牧饲渔,8.33,8.37,8.29,8.32,8.29,3180703,28830047.18,0.819,-0.658,0.99,否,0.56,-0.834,-1.305,3.098,-7.35,否,392933155,388348190,3559974384.3,3518434601.4,9.471572,1.054356,1.671072,8.38,8.36,8.4,8.57,8.94,9.06,8.23,2015-06-26,-
2023-09-07,2772,众兴菌业,农牧饲渔,8.32,8.33,8.15,8.15,8.15,3922200,35168355.0,1.01,-1.987,2.1,否,0.75,-3.321,-3.092,-1.451,-8.939,否,392933155,388348190,3489246416.4,3448531927.2,9.283395,1.033408,1.637872,8.33,8.35,8.37,8.55,8.91,9.06,8.23,2015-06-26,-
2023-09-08,2772,众兴菌业,农牧饲渔,8.18,8.19,8.08,8.1,8.08,3517500,31106371.0,0.9058,-0.676,1.35,否,0.68,-3.226,-3.686,-1.099,-9.295,否,392933155,388348190,3465670427.1,3425231035.8,9.22067,1.026426,1.626805,8.27,8.34,8.34,8.53,8.88,9.05,8.24,2015-06-26,-
2023-09-11,2772,众兴菌业,农牧饲渔,8.08,8.18,8.07,8.17,8.07,4337326,38438027.4,1.1169,0.907,1.36,否,0.92,-1.803,-2.622,-2.156,-9.222,否,392933155,388348190,3497105079.5,3456298891.0,9.304304,1.035736,1.641561,8.22,8.32,8.32,8.5,8.86,9.05,8.24,2015-06-26,-
2023-09-12,2772,众兴菌业,农牧饲渔,8.15,8.27,8.13,8.22,8.13,3466605,31050837.5,0.8927,0.562,1.8,否,0.85,0.859,-2.491,-2.491,-7.951,否,392933155,388348190,3516751737.25,3475716300.5,9.356575,1.041555,1.650783,8.19,8.3,8.3,8.48,8.84,9.06,8.25,2015-06-26,-
2023-09-13,2772,众兴菌业,农牧饲渔,8.18,8.24,8.05,8.13,8.05,4298905,38122966.55,1.107,-1.117,2.35,否,1.17,0.37,-2.867,-3.329,-8.136,否,392933155,388348190,3477458421.75,3436881481.5,9.252033,1.029917,1.632339,8.15,8.27,8.28,8.45,8.81,9.06,8.26,2015-06-26,-
2023-09-14,2772,众兴菌业,农牧饲渔,8.13,8.13,7.97,8.03,7.97,3907000,34136768.0,1.0061,-1.13,1.92,否,1.0,-1.714,-3.486,-4.518,-9.368,否,392933155,388348190,3438165106.25,3398046662.5,9.14749,1.01828,1.613894,8.13,8.23,8.25,8.42,8.79,9.06,8.26,2015-06-26,-
2023-09-15,2772,众兴菌业,农牧饲渔,8.05,8.13,8.01,8.05,8.01,3202900,28126268.0,0.8247,0.229,1.49,否,0.82,-2.068,-1.227,-4.052,-7.365,否,392933155,388348190,3446023769.35,3405813626.3,9.168398,1.020607,1.617583,8.12,8.2,8.23,8.39,8.77,9.06,8.26,2015-06-26,-
2023-09-18,2772,众兴菌业,农牧饲渔,8.03,8.2,7.98,8.19,7.98,4192800,37101206.0,1.0796,1.71,2.74,否,1.09,0.738,1.111,-2.847,-4.545,否,392933155,388348190,3504963742.6,3464065854.8,9.325212,1.038063,1.64525,8.12,8.17,8.24,8.36,8.76,9.06,8.27,2015-06-26,-
2023-09-19,2772,众兴菌业,农牧饲渔,8.18,8.2,8.05,8.08,8.05,4177034,36862908.22,1.0756,-1.345,1.79,否,1.1,0.623,-1.102,-3.465,-5.275,否,392933155,388348190,3457811764.0,3417464072.0,9.199761,1.024098,1.623116,8.1,8.14,8.24,8.34,8.74,9.07,8.28,2015-06-26,-
2023-09-20,2772,众兴菌业,农牧饲渔,8.07,8.13,8.02,8.03,8.02,2608800,22954702.0,0.6718,-0.568,1.36,否,0.66,-0.248,-2.311,-3.486,-6.082,否,392933155,388348190,3438165106.25,3398046662.5,9.14749,1.01828,1.613894,8.08,8.12,8.24,8.31,8.72,9.07,8.28,2015-06-26,-
2023-09-21,2772,众兴菌业,农牧饲渔,8.03,8.05,7.91,7.92,7.91,3753500,32548047.0,0.9665,-1.371,1.83,否,1.04,-3.297,-2.583,-2.822,-8.227,否,392933155,388348190,3391013127.65,3351444879.7,9.022039,1.004315,1.591761,8.05,8.09,8.22,8.28,8.69,9.07,8.29,2015-06-26,-
2023-09-22,2772,众兴菌业,农牧饲渔,7.9,8.09,7.9,8.08,7.9,3914500,34177087.0,1.008,1.97,2.43,否,1.09,0.0,0.623,-0.247,-4.379,否,392933155,388348190,3457811764.0,3417464072.0,9.199761,1.024098,1.623116,8.06,8.09,8.21,8.26,8.65,9.08,8.29,2015-06-26,-
2023-09-25,2772,众兴菌业,农牧饲渔,8.08,8.17,8.06,8.09,8.06,3166400,27976196.34,0.8154,0.114,1.36,否,0.85,0.747,0.497,-0.979,0.497,否,392933155,388348190,3461741095.55,3421347553.9,9.210215,1.025262,1.624961,8.04,8.08,8.2,8.24,8.63,9.08,8.3,2015-06-26,-
2023-09-26,2772,众兴菌业,农牧饲渔,8.11,8.13,8.03,8.05,8.03,2926475,25742054.0,0.7536,-0.454,1.25,否,0.83,1.641,-1.709,-2.068,-0.617,否,392933155,388348190,3446023769.35,3405813626.3,9.168398,1.020607,1.617583,8.03,8.07,8.18,8.22,8.6,9.08,8.31,2015-06-26,-
2023-09-27,2772,众兴菌业,农牧饲渔,8.0,8.1,7.95,8.05,7.95,2917200,25598294.0,0.7512,0.0,1.82,否,0.89,-0.371,-0.371,-0.984,-0.248,否,392933155,388348190,3446023769.35,3405813626.3,9.168398,1.020607,1.617583,8.04,8.06,8.16,8.21,8.58,9.08,8.31,2015-06-26,-
2023-09-28,2772,众兴菌业,农牧饲渔,8.09,8.12,8.03,8.11,8.03,2969800,26168192.95,0.7647,0.684,1.03,否,0.89,0.247,0.996,0.996,-1.935,否,392933692,388348727,3469604500.36,3429119259.41,9.231124,1.02759,1.62865,8.08,8.07,8.15,8.19,8.56,9.08,8.32,2015-06-26,-
2023-10-09,2772,众兴菌业,农牧饲渔,8.13,8.13,7.88,7.91,7.88,6467000,55856065.0,1.6653,-2.492,3.17,否,2.03,-1.739,-0.126,-1.739,-3.419,否,392933692,388348727,3383159088.12,3343682539.47,9.00113,1.001987,1.588072,8.04,8.05,8.12,8.17,8.54,9.08,8.32,2015-06-26,-
2023-10-10,2772,众兴菌业,农牧饲渔,7.9,8.04,7.84,7.85,7.84,4337600,37311397.0,1.1169,-0.697,2.56,否,1.18,-2.484,-2.847,-4.151,-5.988,否,392933692,388348727,3359583066.6,3320381615.85,8.938417,0.995006,1.577007,7.99,8.02,8.1,8.17,8.51,9.07,8.33,2015-06-26,-
2023-10-11,2772,众兴菌业,农牧饲渔,7.9,7.95,7.83,7.86,7.83,3905500,33560713.0,1.0057,0.117,1.52,否,1.0,-3.083,-2.843,-2.723,-6.762,否,392933692,388348727,3363512403.52,3324265103.12,8.948871,0.99617,1.578852,7.96,8.0,8.07,8.16,8.48,9.06,8.33,2015-06-26,-
2023-10-12,2772,众兴菌业,农牧饲渔,7.91,7.92,7.83,7.88,7.83,3498100,29991731.0,0.9008,0.234,1.17,否,0.85,-0.379,-2.112,-1.868,-6.302,否,392933692,388348727,3371371077.36,3332032077.66,8.969779,0.998497,1.582541,7.92,7.98,8.05,8.15,8.46,9.04,8.34,2015-06-26,-
2023-10-13,2772,众兴菌业,农牧饲渔,7.86,7.86,7.67,7.68,7.67,5622500,47244561.0,1.4478,-2.448,2.45,否,1.33,-2.166,-4.596,-3.03,-8.68,否,392933692,388348727,3288855002.04,3250478844.99,8.750239,0.974059,1.543807,7.84,7.96,8.02,8.13,8.43,9.02,8.35,2015-06-26,-
2023-10-16,2772,众兴菌业,农牧饲渔,7.68,7.74,7.6,7.66,7.6,4704900,39285647.0,1.2115,-0.358,1.79,否,0.99,-2.545,-5.549,-5.198,-8.701,否,392933692,388348727,3277066991.28,3238828383.18,8.718877,0.970567,1.538274,7.79,7.91,8.0,8.11,8.4,9.0,8.35,2015-06-26,-
2023-10-17,2772,众兴菌业,农牧饲渔,7.7,7.7,7.57,7.6,7.57,3915610,32448962.2,1.0083,-0.719,1.68,否,0.89,-3.553,-3.919,-6.057,-9.846,否,392933692,388348727,3253490969.76,3215527459.56,8.656151,0.963585,1.527207,7.74,7.87,7.97,8.09,8.38,8.98,8.36,2015-06-26,-
2023-10-18,2772,众兴菌业,农牧饲渔,7.6,7.66,7.51,7.51,7.51,4399024,36280112.75,1.1328,-1.208,1.93,否,1.02,-2.214,-4.331,-6.708,-10.275,否,392933692,388348727,3214197600.56,3176692586.86,8.551608,0.951947,1.508762,7.67,7.81,7.94,8.06,8.35,8.96,8.36,2015-06-26,-
2023-10-19,2772,众兴菌业,农牧饲渔,7.53,7.58,7.44,7.47,7.44,3186054,26047237.56,0.8204,-0.489,1.96,否,0.72,-2.48,-4.962,-7.205,-10.216,否,392933692,388348727,3198480252.88,3161158637.78,8.509791,0.947292,1.501385,7.58,7.75,7.91,8.03,8.33,8.94,8.37,2015-06-26,-
2023-10-20,2772,众兴菌业,农牧饲渔,7.45,7.54,7.39,7.4,7.39,3884850,31550327.0,1.0004,-0.983,1.97,否,0.89,-2.632,-6.091,-8.755,-9.202,否,392933692,388348727,3167045557.52,3130090739.62,8.426156,0.937982,1.486629,7.53,7.68,7.87,7.99,8.31,8.92,8.37,2015-06-26,-
2023-10-23,2772,众兴菌业,农牧饲渔,7.39,7.46,7.2,7.23,7.2,4771700,37955110.0,1.2287,-2.357,3.47,否,1.19,-3.728,-5.859,-8.597,-10.741,否,392933692,388348727,3092388156.04,3056304481.49,8.227525,0.915871,1.451584,7.44,7.61,7.83,7.95,8.28,8.9,8.37,2015-06-26,-
2023-10-24,2772,众兴菌业,农牧饲渔,7.29,7.46,7.27,7.44,7.27,5988900,48298460.0,1.5421,2.923,2.67,否,1.49,-0.402,-2.872,-5.223,-8.935,否,392933692,388348727,3182762905.2,3145624688.7,8.467974,0.942637,1.494007,7.41,7.57,7.8,7.92,8.26,8.88,8.37,2015-06-26,-
2023-10-25,2772,众兴菌业,农牧饲渔,7.4,7.54,7.39,7.49,7.39,4341394,35428831.08,1.1179,0.741,1.98,否,0.98,1.216,-1.447,-4.707,-8.881,否,392933692,388348727,3206338926.72,3168925612.32,8.530699,0.94962,1.505074,7.41,7.54,7.77,7.89,8.24,8.85,8.37,2015-06-26,-
2023-10-26,2772,众兴菌业,农牧饲渔,7.48,7.52,7.4,7.5,7.4,4273147,34705211.29,1.1003,0.123,1.59,否,0.96,3.734,-0.133,-4.822,-7.749,否,392933692,388348727,3210268263.64,3172809099.59,8.541154,0.950784,1.506918,7.41,7.5,7.74,7.86,8.22,8.83,8.37,2015-06-26,-
2023-10-27,2772,众兴菌业,农牧饲渔,7.48,7.73,7.43,7.7,7.43,6259026,51961115.28,1.6117,2.693,4.04,否,1.35,3.495,3.079,0.26,-4.11,否,392933692,388348727,3296713675.88,3258245819.53,8.771148,0.976386,1.547496,7.47,7.5,7.73,7.85,8.2,8.82,8.37,2015-06-26,-
2023-10-30,2772,众兴菌业,农牧饲渔,7.56,7.7,7.48,7.49,7.48,11972237,98140603.81,3.0829,-2.741,2.86,否,2.34,0.0,1.216,-2.219,-6.957,否,392933692,388348727,3206338926.72,3168925612.32,14.87846,0.954805,1.621115,7.52,7.48,7.7,7.83,8.18,8.8,8.36,2015-06-26,-
2023-10-31,2772,众兴菌业,农牧饲渔,7.49,7.51,7.36,7.39,7.36,6649111,53728439.07,1.7121,-1.348,1.96,否,1.01,-1.467,2.213,-2.763,-9.768,否,392933692,388348727,3163116220.6,3126207252.35,14.677892,0.941934,1.599262,7.51,7.46,7.66,7.8,8.15,8.78,8.36,2015-06-26,-
2023-11-01,2772,众兴菌业,农牧饲渔,7.41,7.51,7.41,7.51,7.41,5350400,43551195.0,1.3777,1.615,1.37,否,0.8,-2.468,0.941,0.0,-7.054,否,392933692,388348727,3214197600.56,3176692586.86,14.914927,0.957146,1.625088,7.52,7.46,7.64,7.78,8.13,8.76,8.36,2015-06-26,-
2023-11-02,2772,众兴菌业,农牧饲渔,7.48,7.53,7.44,7.44,7.44,4170700,33926319.0,1.074,-0.978,1.22,否,0.6,-0.668,-0.668,-0.402,-7.347,否,392933692,388348727,3182762905.2,3145624688.7,14.769059,0.947785,1.609195,7.51,7.46,7.61,7.76,8.1,8.74,8.36,2015-06-26,-
2023-11-03,2772,众兴菌业,农牧饲渔,7.44,7.53,7.43,7.47,7.43,3468926,28270220.79,0.8933,0.494,1.36,否,0.5,1.083,-0.4,0.946,-5.682,否,392933692,388348727,3198480252.88,3161158637.78,14.841993,0.952465,1.617142,7.46,7.47,7.57,7.74,8.08,8.73,8.36,2015-06-26,-
2023-11-06,2772,众兴菌业,农牧饲渔,7.52,7.53,7.46,7.52,7.46,6289800,51347373.35,1.6196,0.614,0.86,否,0.99,0.133,-2.338,4.011,-6.931,否,392933692,388348727,3218126937.48,3180576074.13,14.93316,0.958316,1.627075,7.47,7.5,7.55,7.72,8.06,8.71,8.36,2015-06-26,-
2023-11-07,2772,众兴菌业,农牧饲渔,7.52,7.61,7.42,7.59,7.42,8660308,70934307.64,2.23,0.977,2.56,否,1.67,2.016,1.335,2.016,-6.18,否,392933692,388348727,3249561632.84,3211643972.29,15.079027,0.967676,1.642968,7.51,7.51,7.54,7.7,8.03,8.7,8.37,2015-06-26,-
2023-11-08,2772,众兴菌业,农牧饲渔,7.54,7.59,7.5,7.57,7.5,5480900,45041612.0,1.4113,-0.363,1.21,否,0.98,1.339,2.436,1.068,-5.963,否,392933692,388348727,3237773622.08,3199993510.48,15.024327,0.964166,1.637008,7.52,7.52,7.53,7.68,8.01,8.68,8.37,2015-06-26,-
2023-11-09,2772,众兴菌业,农牧饲渔,7.56,7.61,7.53,7.58,7.53,6263327,51695823.91,1.6128,0.243,1.09,否,1.12,0.798,0.932,1.067,-5.839,否,392933692,388348727,3245632295.92,3207760485.02,15.060794,0.966506,1.640982,7.55,7.53,7.51,7.67,7.99,8.66,8.37,2015-06-26,-
2023-11-10,2772,众兴菌业,农牧饲渔,7.57,7.6,7.5,7.57,7.5,3891000,31996455.04,1.0019,-0.121,1.33,否,0.64,-0.264,1.747,-1.688,-6.658,否,392933692,388348727,3241702959.0,3203876997.75,15.04256,0.965336,1.638995,7.57,7.51,7.51,7.66,7.97,8.65,8.37,2015-06-26,-
2023-11-13,2772,众兴菌业,农牧饲渔,7.58,7.6,7.53,7.59,7.53,4191994,34550860.67,1.0794,0.242,0.97,否,0.69,0.264,1.606,1.335,-4.046,否,392933692,388348727,3249561632.84,3211643972.29,15.079027,0.967676,1.642968,7.58,7.52,7.5,7.64,7.95,8.63,8.37,2015-06-26,-
2023-11-14,2772,众兴菌业,农牧饲渔,7.57,7.62,7.55,7.58,7.55,4048227,33399621.02,1.0424,-0.121,0.97,否,0.71,0.0,0.798,2.571,-3.439,否,392933692,388348727,3245632295.92,3207760485.02,15.060794,0.966506,1.640982,7.58,7.54,7.5,7.62,7.93,8.62,8.37,2015-06-26,-
2023-11-15,2772,众兴菌业,农牧饲渔,7.6,7.67,7.56,7.66,7.56,7662547,63564984.97,1.9731,0.969,1.45,否,1.6,1.189,0.922,1.997,-2.545,否,392933692,388348727,3277066991.28,3238828383.18,15.206661,0.975867,1.656875,7.6,7.56,7.51,7.61,7.92,8.6,8.37,2015-06-26,-
2023-11-16,2772,众兴菌业,农牧饲渔,7.64,7.68,7.59,7.6,7.59,4551600,37840782.0,1.172,-0.719,1.2,否,0.87,0.132,0.396,2.151,-3.553,否,392933692,388348727,3253490969.76,3215527459.56,15.097261,0.968847,1.644955,7.6,7.57,7.52,7.6,7.9,8.58,8.37,2015-06-26,-
2023-11-17,2772,众兴菌业,农牧饲渔,7.58,7.62,7.56,7.6,7.56,2715858,22449800.66,0.6993,0.0,0.85,否,0.56,0.264,0.264,1.74,-1.042,否,392933692,388348727,3253490969.76,3215527459.56,15.097261,0.968847,1.644955,7.61,7.59,7.53,7.58,7.88,8.56,8.38,2015-06-26,-
2023-11-20,2772,众兴菌业,农牧饲渔,7.6,7.68,7.58,7.66,7.58,4932958,41067372.56,1.2702,0.725,1.21,否,1.06,0.0,1.189,1.862,0.0,否,392933692,388348727,3277066991.28,3238828383.18,15.206661,0.975867,1.656875,7.62,7.6,7.55,7.57,7.87,8.55,8.38,2015-06-26,-
2023-11-21,2772,众兴菌业,农牧饲渔,7.67,7.69,7.59,7.62,7.59,5270700,43945347.0,1.3572,-0.48,1.32,否,1.1,0.263,0.395,0.395,0.263,否,392933692,388348727,3261349643.6,3223294434.1,15.133728,0.971187,1.648928,7.63,7.6,7.56,7.56,7.86,8.53,8.38,2015-06-26,-
2023-11-22,2772,众兴菌业,农牧饲渔,7.61,7.68,7.58,7.62,7.58,5003142,41663100.44,1.2883,0.0,1.33,否,1.0,0.263,0.528,0.661,1.465,否,392933692,388348727,3261349643.6,3223294434.1,15.133728,0.971187,1.648928,7.62,7.61,7.56,7.55,7.86,8.52,8.38,2015-06-26,-
2023-11-23,2772,众兴菌业,农牧饲渔,7.61,7.69,7.6,7.68,7.6,4068349,33901145.87,1.0476,0.843,1.2,否,0.91,0.261,0.261,1.319,2.811,否,392933692,388348727,3288855002.04,3250478844.99,15.261361,0.979378,1.662835,7.64,7.62,7.57,7.55,7.85,8.5,8.38,2015-06-26,-
2023-11-24,2772,众兴菌业,农牧饲渔,7.68,7.79,7.67,7.74,7.67,6666405,56086996.85,1.7166,0.717,1.55,否,1.52,1.575,1.842,2.246,4.595,否,392933692,388348727,3312431023.56,3273779768.61,15.370762,0.986398,1.674755,7.66,7.64,7.57,7.55,7.84,8.49,8.38,2015-06-26,-
2023-11-27,2772,众兴菌业,农牧饲渔,7.77,7.79,7.7,7.79,7.7,6377503,53852323.63,1.6422,0.712,1.19,否,1.23,2.231,2.5,2.635,7.746,否,392933692,388348727,3336007045.08,3297080692.23,15.480162,0.993419,1.686675,7.69,7.66,7.59,7.55,7.83,8.48,8.38,2015-06-26,-
2023-11-28,2772,众兴菌业,农牧饲渔,7.79,7.93,7.71,7.91,7.71,8945833,76531348.69,2.3036,1.413,2.83,否,1.63,2.995,3.264,4.354,6.317,否,392933692,388348727,3383159088.12,3343682539.47,15.698963,1.00746,1.710515,7.75,7.69,7.62,7.56,7.83,8.46,8.39,2015-06-26,-
2023-11-29,2772,众兴菌业,农牧饲渔,7.91,7.91,7.83,7.85,7.83,6349019,54332909.88,1.6349,-0.697,0.93,否,1.02,1.421,3.018,2.48,4.806,否,392933692,388348727,3359583066.6,3320381615.85,15.589563,1.000439,1.698595,7.79,7.71,7.63,7.58,7.82,8.45,8.39,2015-06-26,-
2023-11-30,2772,众兴菌业,农牧饲渔,7.87,7.89,7.76,7.82,7.76,5339140,45483031.22,1.3748,-0.351,1.64,否,0.82,0.385,2.625,2.895,4.267,否,392933692,388348727,3347795055.84,3308731154.04,15.534862,0.996929,1.692635,7.82,7.73,7.65,7.59,7.81,8.43,8.39,2015-06-26,-
2023-12-01,2772,众兴菌业,农牧饲渔,7.82,7.93,7.79,7.89,7.79,6498281,55720066.95,1.6733,0.822,1.76,否,0.96,-0.253,2.734,3.816,2.468,否,392933692,388348727,3375300414.28,3335915564.93,15.662496,1.00512,1.706541,7.85,7.76,7.67,7.6,7.8,8.41,8.39,2015-06-26,-
2023-12-04,2772,众兴菌业,农牧饲渔,7.89,7.9,7.78,7.82,7.78,5630816,47967213.39,1.4499,-0.815,1.51,否,0.84,-0.382,1.034,2.089,4.406,否,392933692,388348727,3347795055.84,3308731154.04,15.534862,0.996929,1.692635,7.86,7.77,7.69,7.62,7.79,8.4,8.4,2015-06-26,-
2023-12-05,2772,众兴菌业,农牧饲渔,7.8,7.85,7.75,7.75,7.75,5002165,42561580.54,1.2881,-0.939,1.29,否,0.76,-0.895,-0.513,1.706,4.871,否,392933692,388348727,3316360360.48,3277663255.88,15.388995,0.987568,1.676742,7.83,7.79,7.7,7.63,7.78,8.38,8.4,2015-06-26,-
2023-12-06,2772,众兴菌业,农牧饲渔,7.74,7.89,7.72,7.85,7.72,6305042,53740303.52,1.6236,1.303,2.13,否,1.09,-0.507,-0.759,3.018,4.527,否,392933692,388348727,3359583066.6,3320381615.85,15.589563,1.000439,1.698595,7.83,7.81,7.71,7.65,7.77,8.37,8.4,2015-06-26,-
2023-12-07,2772,众兴菌业,农牧饲渔,7.84,7.84,7.66,7.79,7.66,5135805,43295690.4,1.3225,-0.819,2.34,否,0.89,-0.384,-0.764,1.432,4.704,否,392933692,388348727,3332077708.16,3293197204.96,15.461929,0.992249,1.684688,7.82,7.82,7.72,7.66,7.76,8.35,8.4,2015-06-26,-
2023-12-08,2772,众兴菌业,农牧饲渔,7.78,7.79,7.49,7.5,7.49,8206315,67981296.05,2.1131,-3.656,3.89,否,1.44,-3.226,-4.092,-3.101,0.402,否,392933692,388348727,3210268263.64,3172809099.59,14.896693,0.955975,1.623102,7.74,7.8,7.72,7.65,7.75,8.33,8.41,2015-06-26,-
2023-12-11,2772,众兴菌业,农牧饲渔,7.49,7.5,7.33,7.37,7.33,9395800,75460679.0,2.4194,-1.714,2.33,否,1.55,-6.115,-6.591,-5.392,-1.995,否,392933692,388348727,3155257546.76,3118440277.81,14.641426,0.939594,1.595288,7.65,7.76,7.71,7.64,7.74,8.31,8.41,2015-06-26,-
2023-12-12,2772,众兴菌业,农牧饲渔,7.36,7.38,7.25,7.35,7.25,5954119,47361777.85,1.5332,-0.374,1.74,否,0.87,-5.648,-6.01,-7.08,-3.162,否,392933692,388348727,3143469536.0,3106789816.0,14.586725,0.936084,1.589328,7.57,7.7,7.69,7.64,7.72,8.29,8.41,2015-06-26,-
2023-12-13,2772,众兴菌业,农牧饲渔,7.31,7.36,7.26,7.26,7.26,4799077,38229440.23,1.2358,-1.125,1.38,否,0.69,-3.2,-6.323,-7.516,-4.095,否,393241359,388656394,3110539149.69,3074272076.54,14.422625,0.925553,1.571449,7.45,7.64,7.67,7.63,7.71,8.27,8.4,2015-06-26,-
2023-12-14,2772,众兴菌业,农牧饲渔,7.27,7.34,7.26,7.28,7.26,4587061,36450251.46,1.1812,0.253,1.01,否,0.68,-1.221,-7.261,-6.905,-3.958,否,393241359,388656394,3118403976.87,3082045204.42,14.459091,0.927893,1.575422,7.35,7.59,7.66,7.63,7.69,8.25,8.4,2015-06-26,-
2023-12-15,2772,众兴菌业,农牧饲渔,7.27,7.32,7.24,7.31,7.24,3922200,31133412.0,1.0092,0.378,1.01,否,0.6,-0.544,-6.162,-7.351,-3.435,否,393241359,388656394,3130201217.64,3093704896.24,14.525156,0.932133,1.58262,7.31,7.53,7.64,7.62,7.68,8.24,8.4,2015-06-26,-
2023-12-18,2772,众兴菌业,农牧饲渔,7.3,7.3,7.16,7.19,7.16,4292000,33786087.0,1.1043,-1.633,1.88,否,0.75,-0.964,-4.133,-8.056,-5.27,否,393241359,388656394,3079079840.97,3043179565.02,14.287936,0.916909,1.556773,7.28,7.47,7.62,7.61,7.67,8.22,8.4,2015-06-26,-
2023-12-19,2772,众兴菌业,农牧饲渔,7.2,7.46,7.16,7.3,7.16,7790465,62096467.86,2.0045,1.533,4.09,否,1.65,0.275,-0.95,-5.806,-3.694,否,393241359,388656394,3126268804.05,3089818332.3,14.506908,0.930961,1.580632,7.27,7.42,7.6,7.6,7.65,8.21,8.4,2015-06-26,-
2023-12-20,2772,众兴菌业,农牧饲渔,7.31,7.36,7.19,7.2,7.19,4022007,31821028.46,1.0348,-1.384,2.39,否,0.79,-1.505,-2.041,-8.28,-6.005,否,393241359,388656394,3083012254.56,3047066128.96,14.306184,0.91808,1.558761,7.26,7.36,7.58,7.59,7.64,8.19,8.39,2015-06-26,-
2023-12-21,2772,众兴菌业,农牧饲渔,7.18,7.23,7.07,7.22,7.07,4351343,33890514.4,1.1196,0.255,2.17,否,0.88,0.417,-0.551,-7.317,-5.0,否,393241359,388656394,3090877081.74,3054839256.84,14.342679,0.920422,1.562738,7.24,7.3,7.56,7.58,7.62,8.17,8.39,2015-06-26,-
2023-12-22,2772,众兴菌业,农牧饲渔,7.23,7.29,7.12,7.18,7.12,5805404,45432062.46,1.4937,-0.509,2.29,否,1.19,-1.644,-1.374,-4.267,-5.526,否,393241359,388656394,3075147427.38,3039293001.08,14.269688,0.915738,1.554785,7.22,7.27,7.53,7.57,7.61,8.15,8.39,2015-06-26,-
2023-12-25,2772,众兴菌业,农牧饲渔,7.16,7.16,7.02,7.07,7.02,3774557,29054694.19,0.9712,-1.535,1.92,否,0.72,-1.806,-3.283,-4.071,-7.702,否,393241359,388656394,3027958464.3,2992654233.8,14.050716,0.901686,1.530926,7.19,7.24,7.5,7.55,7.59,8.12,8.39,2015-06-26,-
2023-12-26,2772,众兴菌业,农牧饲渔,7.04,7.07,6.94,6.95,6.94,3058000,23292146.0,0.7868,-1.688,1.82,否,0.59,-3.74,-3.338,-5.442,-8.793,否,393241359,388656394,2976837087.63,2942128902.58,13.813496,0.886463,1.50508,7.12,7.2,7.45,7.53,7.58,8.1,8.39,2015-06-26,-
2023-12-27,2772,众兴菌业,农牧饲渔,6.93,7.11,6.93,7.11,6.93,3439079,26417105.79,0.8849,2.246,2.51,否,0.82,-0.975,-2.603,-2.066,-6.693,否,393241359,388656394,3043688118.66,3008200489.56,14.123707,0.90637,1.538879,7.11,7.18,7.41,7.51,7.56,8.08,8.38,2015-06-26,-
2023-12-28,2772,众兴菌业,农牧饲渔,7.1,7.21,7.04,7.2,7.04,3342195,26016185.18,0.8599,1.292,2.33,否,0.82,1.839,0.0,-1.099,-6.25,否,393241359,388656394,3083012254.56,3047066128.96,14.306184,0.91808,1.558761,7.1,7.17,7.38,7.5,7.55,8.06,8.38,2015-06-26,-
2023-12-29,2772,众兴菌业,农牧饲渔,7.2,7.24,7.16,7.24,7.16,3263800,25609878.0,0.8398,0.638,1.15,否,0.84,4.173,0.277,-0.958,-6.46,否,393241359,388656394,3102674322.51,3066498948.66,14.397422,0.923935,1.568703,7.11,7.17,7.35,7.48,7.53,8.05,8.38,2015-06-26,-
2024-01-02,2772,众兴菌业,农牧饲渔,7.23,7.46,7.2,7.38,7.2,6590603,52858278.94,1.6957,1.901,3.68,否,1.95,3.797,2.786,2.643,-5.263,否,393241359,388656394,3161660526.36,3124797407.76,14.671137,0.941501,1.598526,7.18,7.19,7.33,7.47,7.52,8.03,8.38,2015-06-26,-
2024-01-03,2772,众兴菌业,农牧饲渔,7.35,7.45,7.34,7.39,7.34,2966199,23875589.4,0.7632,0.124,1.49,否,0.75,2.639,4.526,1.233,-6.574,否,393241359,388656394,3165592939.95,3128683971.7,14.689385,0.942672,1.600514,7.26,7.19,7.31,7.47,7.51,8.01,8.38,2015-06-26,-
2024-01-04,2772,众兴菌业,农牧饲渔,7.39,7.42,7.35,7.4,7.35,2204300,17739383.0,0.5672,0.124,0.87,否,0.56,2.21,6.475,2.778,-5.732,否,393241359,388656394,3169525353.54,3132570535.64,14.707633,0.943843,1.602502,7.32,7.21,7.28,7.46,7.51,7.99,8.38,2015-06-26,-
2024-01-05,2772,众兴菌业,农牧饲渔,7.4,7.41,7.23,7.28,7.23,3051100,24336608.0,0.785,-1.613,2.36,否,0.83,-1.355,2.391,0.831,-6.905,否,393241359,388656394,3118403976.87,3082045204.42,14.470413,0.928619,1.576655,7.34,7.22,7.26,7.45,7.5,7.98,8.38,2015-06-26,-
2024-01-08,2772,众兴菌业,农牧饲渔,7.24,7.26,7.07,7.07,7.07,3019526,23568760.4,0.7769,-2.9,2.65,否,0.84,-4.33,-1.806,-1.532,-10.393,否,393241359,388656394,3027958464.3,2992654233.8,14.050716,0.901686,1.530926,7.3,7.21,7.24,7.42,7.49,7.96,8.38,2015-06-26,-
2024-01-09,2772,众兴菌业,农牧饲渔,7.11,7.24,7.09,7.19,7.09,3283300,25686405.0,0.8448,1.688,2.21,否,0.92,-2.838,-0.691,1.697,-8.056,否,393241359,388656394,3079079840.97,3043179565.02,14.287936,0.916909,1.556773,7.27,7.22,7.23,7.4,7.48,7.94,8.38,2015-06-26,-
2024-01-10,2772,众兴菌业,农牧饲渔,7.24,7.24,7.13,7.21,7.13,2645507,20761023.95,0.6807,0.255,1.53,否,0.91,-0.962,-2.304,3.741,-6.968,否,393241359,388656394,3086944668.15,3050952692.9,14.324431,0.919251,1.56075,7.23,7.25,7.22,7.38,7.47,7.93,8.38,2015-06-26,-
2024-01-11,2772,众兴菌业,农牧饲渔,7.21,7.3,7.17,7.28,7.17,2634121,20828788.48,0.6778,1.019,1.78,否,0.93,2.97,-1.488,2.391,-7.261,否,393241359,388656394,3118403976.87,3082045204.42,14.470413,0.928619,1.576655,7.21,7.26,7.22,7.36,7.47,7.91,8.38,2015-06-26,-
2024-01-12,2772,众兴菌业,农牧饲渔,7.3,7.4,7.23,7.34,7.23,2941661,23542084.22,0.7569,0.757,2.27,否,1.01,2.086,-0.811,1.944,-5.777,否,393241359,388656394,3141998458.41,3105364588.06,14.579899,0.935646,1.588585,7.22,7.28,7.23,7.35,7.47,7.9,8.38,2015-06-26,-
2024-01-15,2772,众兴菌业,农牧饲渔,7.27,7.35,7.23,7.3,7.23,2667500,21165671.0,0.6863,-0.501,1.63,否,0.92,1.248,0.275,0.829,-2.667,否,393241359,388656394,3126268804.05,3089818332.3,14.506908,0.930961,1.580632,7.26,7.28,7.23,7.33,7.46,7.89,8.38,2015-06-26,-
2024-01-16,2772,众兴菌业,农牧饲渔,7.3,7.35,7.19,7.3,7.19,2979500,23596695.0,0.7666,0.0,2.26,否,1.05,0.275,3.253,-1.084,-0.95,否,393241359,388656394,3126268804.05,3089818332.3,14.506908,0.930961,1.580632,7.29,7.28,7.23,7.31,7.47,7.87,8.38,2015-06-26,-
2024-01-17,2772,众兴菌业,农牧饲渔,7.29,7.29,7.12,7.12,7.12,2426000,19072206.0,0.6242,-2.39,2.39,否,0.87,-2.997,-0.974,-3.654,-3.129,否,393241359,388656394,3051552945.84,3015973617.44,14.160202,0.908712,1.542856,7.27,7.25,7.22,7.29,7.46,7.86,8.37,2015-06-26,-
2024-01-18,2772,众兴菌业,农牧饲渔,7.09,7.1,6.74,6.97,6.74,5808942,43583132.36,1.4946,-2.191,5.03,否,2.13,-4.521,-3.329,-5.811,-3.994,否,393241359,388656394,2984701914.81,2949902030.46,13.849992,0.888805,1.509056,7.21,7.21,7.21,7.26,7.45,7.84,8.37,2015-06-26,-
2024-01-19,2772,众兴菌业,农牧饲渔,6.94,6.99,6.82,6.83,6.82,2715300,20379507.0,0.6986,-1.976,2.37,否,0.81,-6.438,-6.181,-6.181,-6.181,否,393241359,388656394,2925715710.96,2891603571.36,13.576276,0.871239,1.479233,7.1,7.16,7.19,7.23,7.44,7.83,8.37,2015-06-26,-
2024-01-22,2772,众兴菌业,农牧饲渔,6.83,6.86,6.34,6.43,6.34,5318062,38344765.71,1.3683,-5.914,7.53,否,1.6,-9.691,-12.398,-9.052,-12.038,否,393241359,388656394,2752689513.0,2720594758.0,12.773378,0.819715,1.391751,6.93,7.1,7.15,7.19,7.42,7.81,8.36,2015-06-26,-
2024-01-23,2772,众兴菌业,农牧饲渔,6.43,6.43,6.24,6.36,6.24,4000514,27573718.02,1.0293,-1.0,2.86,否,1.04,-8.752,-12.877,-11.544,-11.544,否,393241359,388656394,2725162617.87,2693388810.42,12.645645,0.811517,1.377834,6.74,7.01,7.12,7.16,7.4,7.79,8.36,2015-06-26,-
2024-01-24,2772,众兴菌业,农牧饲渔,6.37,6.53,6.2,6.5,6.2,4197885,29181497.97,1.0801,2.165,5.19,否,1.04,-4.832,-10.959,-9.847,-10.959,否,393241359,388656394,2784148821.72,2751687269.52,12.91936,0.829083,1.407657,6.62,6.94,7.1,7.13,7.39,7.77,8.36,2015-06-26,-
2024-01-25,2772,众兴菌业,农牧饲渔,6.49,6.79,6.49,6.79,6.49,4672285,34024156.49,1.2022,4.379,4.66,否,1.06,5.599,-4.635,-6.731,-5.694,否,393241359,388656394,2906053643.01,2872170751.66,13.485038,0.865384,1.469292,6.58,6.89,7.08,7.11,7.37,7.75,8.35,2015-06-26,-
2024-01-26,2772,众兴菌业,农牧饲渔,6.8,7.0,6.79,6.91,6.79,4579024,34490181.1,1.1782,1.895,3.11,否,1.1,8.648,-0.861,-5.858,-4.294,否,393241359,388656394,2961107433.27,2926582646.82,13.740506,0.881779,1.497127,6.6,6.85,7.06,7.1,7.37,7.73,8.35,2015-06-26,-
2024-01-29,2772,众兴菌业,农牧饲渔,6.91,6.95,6.75,6.78,6.75,3844700,28650410.0,0.9892,-1.992,2.92,否,0.84,4.308,-0.732,-7.123,-5.571,否,393241359,388656394,2902121229.42,2868284187.72,13.46679,0.864213,1.467304,6.67,6.8,7.04,7.08,7.35,7.72,8.35,2015-06-26,-
2024-01-30,2772,众兴菌业,农牧饲渔,6.7,6.8,6.56,6.57,6.56,3305035,24054730.59,0.8504,-2.981,3.66,否,0.78,-3.24,2.177,-10.0,-7.072,否,393241359,388656394,2815608130.44,2782779781.04,13.065341,0.838451,1.423563,6.71,6.73,7.0,7.06,7.34,7.7,8.35,2015-06-26,-
2024-01-31,2772,众兴菌业,农牧饲渔,6.61,6.61,6.24,6.25,6.24,4771900,33247177.0,1.2278,-4.888,5.59,否,1.16,-9.551,-1.73,-12.219,-10.072,否,393241359,388656394,2677973654.79,2646750043.14,12.426672,0.797465,1.353975,6.66,6.64,6.94,7.03,7.32,7.67,8.34,2015-06-26,-
2024-02-01,2772,众兴菌业,农牧饲渔,6.22,6.27,6.0,6.11,6.0,4751245,31722743.71,1.2225,-2.203,4.26,否,1.12,-9.882,-6.0,-12.339,-14.065,否,393241359,388656394,2618987450.94,2588451584.04,12.152957,0.7799,1.324152,6.52,6.55,6.88,6.99,7.29,7.65,8.33,2015-06-26,-
2024-02-02,2772,众兴菌业,农牧饲渔,6.11,6.23,5.68,5.87,5.68,6184391,40132025.58,1.5912,-4.054,9.01,否,1.46,-10.654,-13.549,-14.056,-18.472,否,393241359,388656394,2512812284.01,2483514357.66,11.66027,0.748282,1.27047,6.32,6.46,6.81,6.95,7.26,7.63,8.32,2015-06-26,-
2024-02-05,2772,众兴菌业,农牧饲渔,5.78,5.82,5.29,5.44,5.29,8936863,53189017.74,2.2994,-7.199,9.08,否,1.95,-12.96,-21.274,-15.397,-24.862,否,393241359,388656394,2331921258.87,2304732416.42,10.820876,0.694415,1.179012,6.05,6.36,6.73,6.89,7.23,7.6,8.31,2015-06-26,-
2024-02-06,2772,众兴菌业,农牧饲渔,5.29,5.69,5.02,5.54,5.02,8738286,50507071.75,2.2483,1.686,12.31,否,1.56,-9.329,-18.289,-12.893,-24.932,否,393241359,388656394,2371245394.77,2343598055.82,11.003353,0.706126,1.198894,5.84,6.28,6.65,6.84,7.19,7.57,8.3,2015-06-26,-
2024-02-07,2772,众兴菌业,农牧饲渔,5.53,5.68,5.28,5.49,5.28,10116108,60221481.65,2.6028,-0.829,7.3,否,1.52,-6.474,-16.438,-15.538,-25.71,否,393241359,388656394,2351583326.82,2324165236.12,10.912115,0.70027,1.188953,5.69,6.18,6.56,6.79,7.16,7.54,8.29,2015-06-26,-
2024-02-08,2772,众兴菌业,农牧饲渔,5.6,5.9,5.44,5.88,5.44,9523716,59102180.05,2.4504,7.023,8.36,否,1.23,8.088,-5.92,-13.402,-20.541,否,393241359,388656394,2516744697.6,2487400921.6,11.678517,0.749453,1.272458,5.64,6.08,6.49,6.75,7.13,7.52,8.28,2015-06-26,-
2024-02-19,2772,众兴菌业,农牧饲渔,5.89,6.11,5.89,5.94,5.89,7967117,51801570.17,2.0499,1.094,3.59,否,0.92,7.22,-2.782,-14.038,-18.407,否,393241359,388656394,2544271592.73,2514606869.18,11.806251,0.75765,1.286376,5.66,5.99,6.42,6.71,7.1,7.5,8.27,2015-06-26,-
2024-02-20,2772,众兴菌业,农牧饲渔,5.89,5.95,5.78,5.93,5.78,4263951,27361026.42,1.0971,-0.155,2.78,否,0.47,8.015,1.022,-12.537,-16.124,否,393241359,388656394,2540339179.14,2510720305.24,11.788003,0.756479,1.284388,5.76,5.9,6.35,6.66,7.07,7.48,8.26,2015-06-26,-
2024-02-21,2772,众兴菌业,农牧饲渔,5.89,6.14,5.84,6.0,5.84,7049014,46361273.36,1.8137,1.238,5.11,否,0.87,2.041,10.294,-8.676,-16.551,否,393241359,388656394,2571798487.86,2541812816.76,11.933985,0.765848,1.300293,5.85,5.85,6.29,6.62,7.05,7.46,8.25,2015-06-26,-
2024-02-22,2772,众兴菌业,农牧饲渔,6.01,6.1,5.97,6.1,5.97,6359916,41827189.0,1.6364,1.529,2.14,否,0.82,2.694,10.108,-2.4,-15.395,否,393241359,388656394,2611122623.76,2580678456.16,12.116462,0.777558,1.320176,5.97,5.83,6.23,6.57,7.02,7.44,8.24,2015-06-26,-
2024-02-23,2772,众兴菌业,农牧饲渔,6.11,6.22,6.06,6.22,6.06,6847715,45755637.36,1.7619,1.958,2.56,否,0.97,4.89,13.297,1.8,-14.56,否,393241359,388656394,2662244000.43,2631203787.38,12.353682,0.792781,1.346022,6.04,5.84,6.2,6.53,7.0,7.43,8.23,2015-06-26,-
2024-02-26,2772,众兴菌业,农牧饲渔,6.22,6.4,6.16,6.25,6.16,6742475,45949024.75,1.7348,0.591,3.84,否,1.04,4.167,6.293,6.474,-14.85,否,393241359,388656394,2677973654.79,2646750043.14,12.426672,0.797465,1.353975,6.1,5.88,6.17,6.5,6.97,7.41,8.23,2015-06-26,-
2024-02-27,2772,众兴菌业,农牧饲渔,6.24,6.42,6.16,6.42,6.16,6142126,42405147.44,1.5803,2.643,4.11,否,0.98,5.246,8.081,18.015,-12.055,否,393241359,388656394,2748757099.41,2716708194.06,12.755131,0.818543,1.389763,6.2,5.98,6.17,6.48,6.95,7.4,8.22,2015-06-26,-
2024-02-28,2772,众兴菌业,农牧饲渔,6.42,6.64,6.13,6.15,6.13,10124253,70459216.92,2.6049,-4.149,7.87,否,1.53,-1.125,3.71,11.011,-15.753,否,393241359,388656394,2634717105.3,2603997839.8,12.225948,0.784584,1.332105,6.23,6.04,6.16,6.44,6.92,7.38,8.21,2015-06-26,-
2024-02-29,2772,众兴菌业,农牧饲渔,6.15,6.3,6.11,6.29,6.11,6643002,45170605.62,1.7092,2.239,3.13,否,0.92,0.64,4.833,14.572,-11.657,否,393241359,388656394,2693703309.15,2662296298.9,12.499663,0.802149,1.361928,6.27,6.12,6.15,6.41,6.9,7.36,8.2,2015-06-26,-
2024-03-01,2772,众兴菌业,农牧饲渔,6.3,6.35,6.22,6.27,6.22,5424124,37057363.7,1.3956,-0.292,2.04,否,0.74,-2.336,2.787,6.633,-10.043,否,393241359,388656394,2685838481.97,2654523171.02,12.463168,0.799807,1.357952,6.28,6.16,6.12,6.38,6.87,7.34,8.2,2015-06-26,-
2024-03-04,2772,众兴菌业,农牧饲渔,6.27,6.3,6.13,6.2,6.13,4408315,29717471.65,1.1342,-1.171,2.64,否,0.63,0.813,-0.322,4.377,-9.224,否,393241359,388656394,2654379173.25,2623430659.5,12.317186,0.790439,1.342046,6.27,6.18,6.09,6.34,6.84,7.32,8.19,2015-06-26,-
2024-03-05,2772,众兴菌业,农牧饲渔,6.18,6.2,6.07,6.09,6.07,3782600,25186217.0,0.9733,-1.778,2.07,否,0.58,-3.18,-2.56,2.698,-5.288,否,393241359,388656394,2607190210.17,2576791892.22,12.098214,0.776387,1.318187,6.2,6.2,6.05,6.3,6.81,7.31,8.18,2015-06-26,-
2024-03-06,2772,众兴菌业,农牧饲渔,6.09,6.17,6.06,6.13,6.06,3756926,25003081.6,0.9666,0.754,1.81,否,0.62,-2.233,-4.517,2.167,-3.616,否,393241359,388656394,2626852278.12,2596224711.92,12.189453,0.782242,1.328128,6.2,6.21,6.03,6.26,6.78,7.29,8.17,2015-06-26,-
2024-03-07,2772,众兴菌业,农牧饲渔,6.13,6.22,6.1,6.15,6.1,4303997,28881148.86,1.1074,0.299,2.1,否,0.9,-0.806,0.0,0.82,-5.385,否,393241359,388656394,2634717105.3,2603997839.8,12.225948,0.784584,1.332105,6.17,6.22,6.02,6.23,6.76,7.27,8.16,2015-06-26,-
2024-03-08,2772,众兴菌业,农牧饲渔,6.15,6.18,6.06,6.18,6.06,3228734,21552624.42,0.8307,0.448,1.94,否,0.74,1.478,-1.749,-0.643,-8.984,否,393241359,388656394,2646514346.07,2615657531.62,12.280691,0.788097,1.338069,6.15,6.21,6.03,6.2,6.73,7.25,8.16,2015-06-26,-
2024-03-11,2772,众兴菌业,农牧饲渔,6.18,6.3,6.15,6.3,6.15,4837864,32830888.72,1.2448,1.932,2.38,否,1.24,2.773,0.478,0.8,-8.828,否,393241359,388656394,2697635722.74,2666182862.84,12.517911,0.80332,1.363916,6.17,6.22,6.05,6.18,6.71,7.23,8.15,2015-06-26,-
2024-03-12,2772,众兴菌业,农牧饲渔,6.31,6.38,6.26,6.37,6.26,5431842,37455086.2,1.3976,1.166,1.9,否,1.36,3.577,2.742,-0.779,-6.047,否,393241359,388656394,2729095031.46,2697275374.36,12.663892,0.812688,1.379822,6.23,6.21,6.1,6.18,6.69,7.22,8.14,2015-06-26,-
2024-03-13,2772,众兴菌业,农牧饲渔,6.42,7.01,6.31,7.01,6.31,19258593,141556045.73,4.9552,9.942,10.95,否,4.47,13.43,15.107,13.984,6.697,是,393241359,388656394,3000431569.17,2965448286.22,13.922982,0.893489,1.517009,6.4,6.3,6.17,6.2,6.68,7.21,8.13,2015-06-26,-
2024-03-14,2772,众兴菌业,农牧饲渔,7.46,7.7,7.27,7.3,7.27,52117576,428009196.41,13.4097,4.194,6.16,否,7.03,15.873,19.086,16.057,16.8,否,393241359,388656394,3126268804.05,3089818332.3,14.506908,0.930961,1.580632,6.63,6.4,6.26,6.23,6.68,7.2,8.13,2015-06-26,-
2024-03-15,2772,众兴菌业,农牧饲渔,7.47,8.03,7.47,8.03,7.47,46766804,403934949.61,12.0329,10.063,7.67,否,2.76,26.06,30.569,28.07,31.424,是,393241359,388656394,3440861891.25,3400743447.5,15.966723,1.024643,1.739689,7.0,6.58,6.37,6.27,6.69,7.2,8.13,2015-06-26,-
2024-03-18,2772,众兴菌业,农牧饲渔,8.26,8.84,8.03,8.43,8.03,82514621,754173448.36,21.2307,4.914,10.06,否,3.21,20.257,36.408,35.968,43.612,否,393241359,388656394,3609955675.62,3567865696.92,16.751373,1.074997,1.825182,7.43,6.8,6.49,6.32,6.71,7.2,8.13,2015-06-26,-
2024-03-19,2772,众兴菌业,农牧饲渔,7.93,8.21,7.86,7.92,7.86,44819316,390067358.78,11.5319,-5.991,4.14,否,1.09,8.493,25.714,30.049,45.588,否,393241359,388656394,3393672928.17,3354104680.22,15.747751,1.010591,1.715831,7.74,6.98,6.59,6.36,6.72,7.2,8.13,2015-06-26,-
2024-03-20,2772,众兴菌业,农牧饲渔,7.83,7.92,7.56,7.66,7.56,36534681,304904424.9,9.4003,-3.36,4.63,否,0.74,-4.608,20.251,24.959,38.267,否,393241359,388656394,3279632934.06,3241394325.96,15.218568,0.976631,1.658172,7.87,7.14,6.67,6.4,6.73,7.2,8.13,2015-06-26,-
2024-03-21,2772,众兴菌业,农牧饲渔,7.66,7.95,7.57,7.82,7.57,36682986,309704286.72,9.4384,2.158,5.04,否,0.7,-7.236,11.555,27.154,42.441,否,393241359,388656394,3350416378.68,3311352476.88,15.547026,0.99771,1.69396,7.97,7.3,6.76,6.45,6.74,7.2,8.12,2015-06-26,-
2024-03-22,2772,众兴菌业,农牧饲渔,7.74,8.22,7.58,7.74,7.58,32500753,277987587.52,8.3623,-1.056,8.1,否,0.66,-2.273,6.027,25.243,31.633,否,393241359,388656394,3315024656.37,3276373401.42,15.382797,0.98717,1.676066,7.91,7.46,6.84,6.5,6.75,7.19,8.12,2015-06-26,-
2024-03-25,2772,众兴菌业,农牧饲渔,7.65,7.67,7.3,7.3,7.3,24040790,195130769.82,6.1856,-5.694,4.74,否,0.52,-4.7,-9.091,15.873,22.896,否,393241359,388656394,3126268804.05,3089818332.3,14.506908,0.930961,1.580632,7.69,7.56,6.89,6.55,6.75,7.19,8.12,2015-06-26,-
2024-03-26,2772,众兴菌业,农牧饲渔,7.35,7.35,7.02,7.12,7.02,19849241,154680347.41,5.1071,-2.39,4.4,否,0.57,-8.951,-15.54,11.774,20.067,否,393241359,388656394,3051552945.84,3015973617.44,19.122242,0.88902,1.580233,7.53,7.63,6.92,6.61,6.75,7.18,8.12,2015-06-26,-
2024-03-27,2772,众兴菌业,农牧饲渔,7.15,7.29,6.97,6.97,6.97,16038777,124565787.8,4.1267,-2.191,4.51,否,0.54,-9.948,-11.995,-0.571,16.167,否,393241359,388656394,2984701914.81,2949902030.46,18.703326,0.869545,1.545615,7.39,7.63,6.96,6.66,6.75,7.17,8.11,2015-06-26,-
2024-03-28,2772,众兴菌业,农牧饲渔,6.9,7.11,6.9,7.03,6.9,14981500,114572954.6,3.8547,0.922,3.03,否,0.58,-3.699,-8.225,-3.699,15.246,否,393241359,388656394,3012228809.94,2977107978.04,18.875821,0.877564,1.559869,7.23,7.6,7.0,6.71,6.75,7.16,8.11,2015-06-26,-
2024-03-29,2772,众兴菌业,农牧饲渔,7.01,7.12,6.95,7.12,6.95,13346715,102342912.99,3.4341,1.175,2.48,否,0.62,0.0,-8.951,-11.333,14.469,否,393241359,388656394,3047620532.25,3012087053.5,19.097599,0.887875,1.578197,7.11,7.51,7.04,6.75,6.75,7.15,8.1,2015-06-26,-
2024-04-01,2772,众兴菌业,农牧饲渔,7.11,7.2,7.09,7.18,7.09,13304757,103485731.68,3.4233,0.903,1.55,否,0.75,3.013,-7.235,-14.828,14.88,否,393241359,388656394,3075147427.38,3039293001.08,19.270094,0.895894,1.592451,7.08,7.39,7.09,6.79,6.75,7.15,8.1,2015-06-26,-
2024-04-02,2772,众兴菌业,农牧饲渔,7.13,7.14,6.99,7.01,6.99,12731282,97846297.02,3.2757,-2.302,2.17,否,0.82,-0.284,-3.973,-11.49,9.19,否,393241359,388656394,3004363982.76,2969334850.16,18.826537,0.875273,1.555797,7.06,7.3,7.14,6.83,6.74,7.14,8.1,2015-06-26,-
2024-04-03,2772,众兴菌业,农牧饲渔,6.97,7.12,6.92,7.1,6.92,12193438,93383182.88,3.1373,1.178,2.75,否,0.87,-0.281,-0.281,-7.311,15.447,否,393241359,388656394,3039755705.07,3004313925.62,19.048315,0.885584,1.574124,7.09,7.24,7.19,6.86,6.74,7.13,8.09,2015-06-26,-
2024-04-08,2772,众兴菌业,农牧饲渔,7.1,7.11,6.9,6.9,6.9,11616200,88690311.0,2.9888,-2.717,2.85,否,0.87,-3.9,-1.004,-11.765,9.698,否,393241359,388656394,2957175019.68,2922696082.88,18.530832,0.861525,1.53136,7.06,7.15,7.22,6.89,6.73,7.12,8.09,2015-06-26,-
2024-04-09,2772,众兴菌业,农牧饲渔,6.8,6.9,6.69,6.88,6.69,12494381,92496729.07,3.2148,-0.399,3.06,否,0.99,-1.854,-2.134,-11.111,9.729,否,393241359,388656394,2945377778.91,2911036391.06,18.456906,0.858088,1.525251,7.01,7.06,7.26,6.91,6.72,7.11,8.09,2015-06-26,-
2024-04-10,2772,众兴菌业,农牧饲渔,6.88,6.9,6.59,6.67,6.59,9714336,71171940.32,2.4995,-2.937,4.54,否,0.78,-6.056,-6.32,-8.63,7.581,否,393241359,388656394,2858864679.93,2825531984.38,17.91478,0.832884,1.48045,6.91,7.0,7.28,6.92,6.71,7.1,8.08,2015-06-26,-
2024-04-11,2772,众兴菌业,农牧饲渔,6.66,6.73,6.6,6.67,6.6,6443499,46931506.45,1.6579,0.0,1.93,否,0.55,-3.333,-7.103,-6.32,9.524,否,393241359,388656394,2858864679.93,2825531984.38,17.91478,0.832884,1.48045,6.84,6.95,7.29,6.93,6.71,7.1,8.08,2015-06-26,-
2024-04-12,2772,众兴菌业,农牧饲渔,6.66,6.7,6.54,6.55,6.54,7315877,52627057.09,1.8824,-1.926,2.48,否,0.7,-4.797,-6.562,-6.026,6.852,否,393241359,388656394,2803810889.67,2771120089.22,17.569792,0.816845,1.451941,6.73,6.91,7.27,6.95,6.69,7.09,8.07,2015-06-26,-
2024-04-15,2772,众兴菌业,农牧饲渔,6.51,6.58,6.22,6.32,6.22,10839926,74947672.14,2.7891,-3.506,5.61,否,1.14,-5.247,-10.986,-10.1,2.764,否,393241359,388656394,2705500549.92,2673955990.72,16.95374,0.788204,1.401031,6.62,6.84,7.22,6.95,6.68,7.08,8.07,2015-06-26,-
2024-04-16,2772,众兴菌业,农牧饲渔,6.26,6.29,5.93,5.95,5.93,9890505,65479243.8,2.5448,-5.814,5.67,否,1.06,-10.795,-13.768,-16.433,-3.722,否,393241359,388656394,2548204006.32,2518493433.12,15.968057,0.742378,1.319576,6.43,6.72,7.12,6.94,6.66,7.06,8.06,2015-06-26,-
2024-04-17,2772,众兴菌业,农牧饲渔,6.02,6.32,6.02,6.32,6.02,9290000,63125700.0,2.3903,6.173,4.94,否,1.05,-3.511,-8.14,-11.978,0.317,否,393241359,388656394,2705500549.92,2673955990.72,16.95374,0.788204,1.401031,6.36,6.64,7.01,6.94,6.64,7.05,8.05,2015-06-26,-
2024-04-18,2772,众兴菌业,农牧饲渔,6.34,6.41,6.25,6.36,6.25,7350061,50834856.73,1.8911,0.727,2.47,否,0.84,0.633,-4.648,-9.272,-0.157,否,393241359,388656394,2725162617.87,2693388810.42,17.07695,0.793932,1.411213,6.3,6.57,6.93,6.95,6.62,7.04,8.05,2015-06-26,-
2024-04-19,2772,众兴菌业,农牧饲渔,6.28,6.41,6.26,6.32,6.26,5310002,36597016.67,1.3662,-0.722,2.31,否,0.59,6.218,-5.247,-10.986,-9.843,否,393241359,388656394,2705500549.92,2673955990.72,16.95374,0.788204,1.401031,6.25,6.49,6.87,6.96,6.61,7.04,8.04,2015-06-26,-
2024-04-22,2772,众兴菌业,农牧饲渔,6.29,6.39,6.2,6.38,6.2,7007869,48302349.99,1.8031,1.017,3.05,否,0.82,0.949,-2.595,-7.536,-12.603,否,393241359,388656394,2733027445.05,2701161938.3,17.126234,0.796223,1.415286,6.27,6.44,6.79,6.96,6.6,7.03,8.03,2015-06-26,-
2024-04-23,2772,众兴菌业,农牧饲渔,6.34,6.48,6.31,6.45,6.31,7001472,48838015.4,1.8015,1.007,2.73,否,0.9,1.415,2.057,-6.25,-19.676,否,393241359,388656394,2760554340.18,2728367885.88,17.298729,0.804243,1.429541,6.37,6.4,6.73,6.97,6.59,7.02,8.02,2015-06-26,-
2024-04-24,2772,众兴菌业,农牧饲渔,6.46,6.47,6.4,6.45,6.4,5603028,39275155.44,1.4416,0.0,1.14,否,0.78,2.057,8.403,-3.298,-23.488,否,393241359,388656394,2760554340.18,2728367885.88,17.298729,0.804243,1.429541,6.39,6.38,6.69,6.98,6.58,7.01,8.0,2015-06-26,-
2024-04-25,2772,众兴菌业,农牧饲渔,6.45,6.62,6.42,6.61,6.42,7971197,56540454.52,2.051,2.564,3.13,否,1.23,3.605,4.589,-0.9,-16.54,否,393241359,388656394,2831337784.8,2798326036.8,17.742286,0.824864,1.466196,6.44,6.37,6.66,6.99,6.58,7.0,7.99,2015-06-26,-
2024-04-26,2772,众兴菌业,农牧饲渔,6.43,6.43,6.22,6.36,6.22,13515197,93027955.21,3.4774,-3.75,3.06,否,2.05,-1.395,0.0,-2.901,-16.971,否,393241359,388656394,2725162617.87,2693388810.42,-721.797369,0.785976,1.518305,6.45,6.35,6.63,6.96,6.58,6.99,7.98,2015-06-26,-
2024-04-29,2772,众兴菌业,农牧饲渔,6.33,6.52,6.31,6.5,6.31,9104314,63837749.12,2.3425,2.165,3.32,否,1.11,0.775,2.848,2.848,-16.88,否,393241359,388656394,2784148821.72,2751687269.52,-737.420688,0.802988,1.551169,6.47,6.37,6.61,6.94,6.58,6.99,7.96,2015-06-26,-
2024-04-30,2772,众兴菌业,农牧饲渔,6.5,6.56,6.43,6.5,6.43,6290854,44526396.7,1.6186,0.0,2.12,否,0.73,-1.664,1.881,9.244,-16.021,否,393241359,388656394,2784148821.72,2751687269.52,-737.420688,0.802988,1.551169,6.48,6.43,6.57,6.89,6.58,6.98,7.95,2015-06-26,-
2024-05-06,2772,众兴菌业,农牧饲渔,6.54,6.67,6.54,6.67,6.54,7235849,52187261.56,1.8618,2.684,2.12,否,0.85,4.874,3.411,5.538,-8.63,否,393241359,388656394,2858864679.93,2825531984.38,-757.210227,0.824537,1.592796,6.53,6.46,6.55,6.83,6.58,6.97,7.94,2015-06-26,-
2024-05-07,2772,众兴菌业,农牧饲渔,6.66,6.68,6.58,6.67,6.58,5612643,40584569.74,1.4441,0.0,1.51,否,0.64,2.615,3.411,4.874,-6.32,否,393241359,388656394,2858864679.93,2825531984.38,-757.210227,0.824537,1.592796,6.54,6.49,6.53,6.79,6.57,6.96,7.92,2015-06-26,-
2024-05-08,2772,众兴菌业,农牧饲渔,6.68,6.75,6.6,6.65,6.6,7524742,54626290.6,1.9361,-0.413,2.2,否,0.9,2.308,0.605,5.222,-4.591,否,393241359,388656394,2847067439.16,2813872292.56,-754.085563,0.821135,1.586224,6.6,6.52,6.51,6.75,6.57,6.96,7.91,2015-06-26,-
2024-05-09,2772,众兴菌业,农牧饲渔,6.68,6.77,6.66,6.74,6.66,8054852,59008511.87,2.0725,1.381,1.66,否,1.13,1.049,5.975,5.643,-4.125,否,393241359,388656394,2886391575.06,2852737931.96,-764.501109,0.832476,1.608133,6.65,6.56,6.5,6.72,6.58,6.95,7.9,2015-06-26,-
2024-05-10,2772,众兴菌业,农牧饲渔,6.74,7.04,6.74,6.9,6.74,18502030,139497957.4,4.7605,2.452,4.5,否,2.66,3.448,6.154,6.977,-3.09,否,393241359,388656394,2957175019.68,2922696082.88,-783.249093,0.852891,1.647569,6.73,6.61,6.5,6.69,6.6,6.94,7.88,2015-06-26,-
2024-05-13,2772,众兴菌业,农牧饲渔,6.78,6.79,6.64,6.65,6.64,11779852,85762632.75,3.0309,-3.723,2.13,否,1.26,0.0,2.308,3.101,-7.382,否,393241359,388656394,2847067439.16,2813872292.56,-754.085563,0.821135,1.586224,6.72,6.63,6.5,6.67,6.61,6.94,7.87,2015-06-26,-
2024-05-14,2772,众兴菌业,农牧饲渔,6.61,6.7,6.61,6.68,6.61,6471156,47010623.68,1.665,0.553,1.38,否,0.63,-0.89,0.15,1.059,-4.708,否,393241359,388656394,2862797093.52,2829418548.32,-758.251781,0.825671,1.594987,6.72,6.63,6.5,6.65,6.63,6.93,7.86,2015-06-26,-
2024-05-15,2772,众兴菌业,农牧饲渔,6.66,6.75,6.6,6.67,6.6,6252608,45497810.28,1.6088,-0.137,2.2,否,0.6,-3.333,0.0,4.874,-6.056,否,393241359,388656394,2858864679.93,2825531984.38,-757.210227,0.824537,1.592796,6.73,6.66,6.51,6.64,6.65,6.92,7.85,2015-06-26,-
2024-05-16,2772,众兴菌业,农牧饲渔,6.74,6.8,6.67,6.69,6.67,6358985,44712651.25,1.6361,0.287,1.87,否,0.62,0.602,0.602,2.923,-3.043,否,393241359,388656394,2748757099.41,2716708194.06,-728.046697,0.792781,1.531451,6.72,6.68,6.53,6.63,6.67,6.91,7.83,2015-06-26,-
2024-05-17,2772,众兴菌业,农牧饲渔,6.68,6.74,6.59,6.71,6.59,5437682,37864414.54,1.3991,0.286,2.29,否,0.55,0.449,-0.445,3.231,-2.471,否,393241359,388656394,2756621926.59,2724481321.94,-730.129806,0.795049,1.535833,6.68,6.7,6.56,6.62,6.68,6.91,7.82,2015-06-26,-
2024-05-20,2772,众兴菌业,农牧饲渔,6.73,6.88,6.71,6.75,6.71,6961000,49432074.0,1.791,0.571,2.43,否,0.96,1.199,-2.174,1.199,1.199,否,393241359,388656394,2772351580.95,2740027577.7,-734.296025,0.799586,1.544596,6.7,6.71,6.59,6.6,6.7,6.9,7.81,2015-06-26,-
2024-05-21,2772,众兴菌业,农牧饲渔,6.73,6.8,6.68,6.7,6.68,5216714,36628294.0,1.3422,-0.709,1.7,否,0.83,0.149,0.752,0.45,0.45,否,393241359,388656394,2752689513.0,2720594758.0,-729.088251,0.793915,1.533642,6.7,6.71,6.6,6.59,6.71,6.89,7.8,2015-06-26,-
2024-05-22,2772,众兴菌业,农牧饲渔,6.69,6.75,6.63,6.67,6.63,4772900,33240240.95,1.2281,-0.571,1.86,否,0.79,-0.596,-0.15,0.301,1.832,否,393241359,388656394,2736959858.64,2705048502.24,-724.922033,0.789378,1.524878,6.7,6.72,6.62,6.58,6.72,6.88,7.79,2015-06-26,-
2024-05-23,2772,众兴菌业,农牧饲渔,6.67,6.68,6.46,6.48,6.46,5955300,40688008.0,1.5323,-2.73,3.3,否,1.04,-4.0,-2.849,-3.858,2.532,否,393241359,388656394,2662244000.43,2631203787.38,-705.132495,0.767829,1.483251,6.66,6.69,6.63,6.56,6.73,6.87,7.78,2015-06-26,-
2024-05-24,2772,众兴菌业,农牧饲渔,6.46,6.59,6.46,6.5,6.46,4801982,32818700.78,1.2355,0.295,1.92,否,0.85,-2.985,-2.84,-5.797,9.244,否,393241359,388656394,2670108827.61,2638976915.26,-707.215604,0.770097,1.487632,6.62,6.65,6.63,6.55,6.73,6.86,7.77,2015-06-26,-
2024-05-27,2772,众兴菌业,农牧饲渔,6.52,6.53,6.38,6.49,6.38,4184546,28094829.84,1.0767,-0.147,2.36,否,0.76,-2.699,-3.279,-2.406,2.69,否,393241359,388656394,2666176414.02,2635090351.32,-706.174049,0.768963,1.485442,6.57,6.63,6.63,6.55,6.74,6.85,7.75,2015-06-26,-
2024-05-28,2772,众兴菌业,农牧饲渔,6.45,6.5,6.37,6.39,6.37,3091900,20720678.0,0.7955,-1.622,2.06,否,0.62,-1.389,-5.333,-4.341,0.472,否,393241359,388656394,2622919864.53,2592338147.98,-694.716948,0.756487,1.461341,6.51,6.61,6.62,6.54,6.73,6.84,7.74,2015-06-26,-
2024-05-29,2772,众兴菌业,农牧饲渔,6.33,6.45,6.32,6.41,6.32,2679305,17907509.3,0.6894,0.3,2.1,否,0.59,-1.385,-4.328,-3.898,1.424,否,393241359,388656394,2630784691.71,2600111275.86,-696.800057,0.758756,1.465723,6.45,6.58,6.62,6.53,6.74,6.83,7.73,2015-06-26,-
2024-05-30,2772,众兴菌业,农牧饲渔,6.41,6.43,6.33,6.38,6.33,2547451,16940088.86,0.6555,-0.448,1.49,否,0.61,-1.695,-4.348,-4.634,0.0,否,393241359,388656394,2618987450.94,2588451584.04,-693.675393,0.755353,1.459151,6.43,6.55,6.62,6.53,6.74,6.82,7.72,2015-06-26,-
2024-05-31,2772,众兴菌业,农牧饲渔,6.4,6.41,6.34,6.37,6.34,2283472,15171230.2,0.5875,-0.15,1.05,否,0.66,-0.313,-1.698,-5.067,-1.24,否,393241359,388656394,2615055037.35,2584565020.1,-692.633839,0.754219,1.45696,6.41,6.51,6.61,6.55,6.74,6.81,7.7,2015-06-26,-
2024-06-03,2772,众兴菌业,农牧饲渔,6.39,6.39,6.15,6.22,6.15,4727400,30831868.0,1.2163,-2.406,3.76,否,1.6,-2.964,-4.308,-7.852,-3.566,否,393241359,388656394,2552136419.91,2522379997.06,-675.968964,0.736072,1.421905,6.35,6.46,6.59,6.54,6.74,6.79,7.69,2015-06-26,-
2024-06-04,2772,众兴菌业,农牧饲渔,6.2,6.2,6.07,6.15,6.07,3217216,20593457.62,0.8278,-1.079,2.0,否,1.05,-3.605,-5.239,-8.209,-6.959,否,393241359,388656394,2524609524.78,2495174049.48,-668.678082,0.728133,1.406569,6.31,6.41,6.56,6.54,6.74,6.78,7.67,2015-06-26,-
2024-06-05,2772,众兴菌业,农牧饲渔,6.11,6.17,5.97,5.97,5.97,3855200,24302782.0,0.9919,-2.96,3.27,否,1.25,-6.279,-6.573,-10.495,-6.132,否,393241359,388656394,2449893666.57,2421329334.62,-648.888544,0.706584,1.364941,6.22,6.34,6.53,6.53,6.74,6.76,7.66,2015-06-26,-
2024-06-06,2772,众兴菌业,农牧饲渔,5.97,6.02,5.65,5.73,5.65,7615864,45953535.18,1.9595,-4.013,6.26,否,2.29,-7.878,-10.608,-11.574,-11.846,否,393241359,388656394,2351583326.82,2324165236.12,-622.849678,0.67823,1.310168,6.09,6.26,6.48,6.5,6.73,6.75,7.65,2015-06-26,-
2024-06-07,2772,众兴菌业,农牧饲渔,5.75,5.97,5.75,5.95,5.75,4933621,30353895.99,1.2694,3.846,3.85,否,1.14,-3.252,-6.74,-8.462,-8.462,否,393241359,388656394,2442028839.39,2413556206.74,-646.805434,0.704316,1.360559,6.0,6.21,6.43,6.49,6.73,6.73,7.63,2015-06-26,-
2024-06-11,2772,众兴菌业,农牧饲渔,5.94,5.96,5.82,5.9,5.82,2569901,15764881.25,0.6612,-0.805,2.25,否,0.53,-1.173,-7.378,-9.091,-11.544,否,393241359,388656394,2422366771.44,2394123387.04,-641.597661,0.698645,1.349605,5.94,6.15,6.39,6.47,6.72,6.71,7.62,2015-06-26,-
2024-06-12,2772,众兴菌业,农牧饲渔,5.92,6.0,5.85,5.98,5.85,3711178,23042422.39,0.9549,1.299,2.6,否,0.84,4.363,-3.859,-6.416,-10.345,否,393241359,388656394,2453826080.16,2425215898.56,-649.930098,0.707718,1.367132,5.91,6.11,6.36,6.45,6.72,6.7,7.6,2015-06-26,-
2024-06-13,2772,众兴菌业,农牧饲渔,5.98,5.99,5.88,5.9,5.88,2892057,17910140.54,0.7441,-1.282,1.92,否,0.64,-0.84,-4.065,-7.956,-11.278,否,393241359,388656394,2422366771.44,2394123387.04,-641.597661,0.698645,1.349605,5.89,6.06,6.32,6.43,6.7,6.69,7.59,2015-06-26,-
2024-06-14,2772,众兴菌业,农牧饲渔,5.88,5.98,5.84,5.94,5.84,3389700,21011255.0,0.8722,0.649,2.27,否,0.78,0.678,-0.503,-6.897,-11.869,否,393241359,388656394,2438096425.8,2409669642.8,-645.76388,0.703182,1.358368,5.93,6.01,6.28,6.41,6.68,6.68,7.57,2015-06-26,-
2024-06-17,2772,众兴菌业,农牧饲渔,5.92,5.97,5.89,5.91,5.89,2083500,12889608.0,0.5361,-0.484,1.29,否,0.6,-1.171,3.141,-7.221,-14.348,否,393241359,388656394,2426299185.03,2398009950.98,-642.639216,0.699779,1.351796,5.93,5.97,6.24,6.39,6.64,6.67,7.56,2015-06-26,-
2024-06-18,2772,众兴菌业,农牧饲渔,5.91,5.97,5.9,5.92,5.9,2337428,14474939.8,0.6014,0.162,1.13,否,0.8,0.339,-0.504,-4.823,-10.977,否,393241359,388656394,2430231598.62,2401896514.92,-643.68077,0.700913,1.353987,5.93,5.94,6.2,6.37,6.6,6.66,7.54,2015-06-26,-
2024-06-19,2772,众兴菌业,农牧饲渔,5.94,5.95,5.86,5.9,5.86,2270890,13992381.5,0.5843,-0.324,1.46,否,0.79,-0.673,0.0,-4.065,-11.677,否,393241359,388656394,2422366771.44,2394123387.04,-641.597661,0.698645,1.349605,5.91,5.91,6.16,6.34,6.56,6.64,7.53,2015-06-26,-
2024-06-20,2772,众兴菌业,农牧饲渔,5.92,5.92,5.77,5.77,5.77,2432226,14792253.82,0.6258,-2.11,2.44,否,0.94,-2.369,-3.512,-3.35,-13.493,否,393241359,388656394,2371245394.77,2343598055.82,-628.057451,0.683901,1.321123,5.89,5.89,6.11,6.31,6.53,6.63,7.51,2015-06-26,-
2024-06-21,2772,众兴菌业,农牧饲渔,5.76,5.85,5.73,5.77,5.73,1871600,11322125.0,0.4816,0.0,2.16,否,0.75,-2.534,-2.203,0.698,-13.752,否,393241359,388656394,2371245394.77,2343598055.82,-628.057451,0.683901,1.321123,5.85,5.89,6.08,6.28,6.5,6.62,7.5,2015-06-26,-
2024-06-24,2772,众兴菌业,农牧饲渔,5.74,5.77,5.53,5.58,5.53,3443600,20183240.0,0.886,-3.317,4.15,否,1.57,-5.424,-6.061,-6.218,-16.841,否,393241359,388656394,2292597122.97,2265866777.02,-607.226358,0.661218,1.277304,5.79,5.86,6.03,6.24,6.46,6.61,7.48,2015-06-26,-
2024-06-25,2772,众兴菌业,农牧饲渔,5.57,5.71,5.57,5.66,5.57,2853314,16871223.46,0.7341,1.372,2.4,否,1.15,-1.906,-4.23,-4.068,-16.148,否,393241359,388656394,2324056431.69,2296959288.54,-615.558795,0.670291,1.294832,5.74,5.83,5.99,6.2,6.44,6.59,7.46,2015-06-26,-
2024-06-26,2772,众兴菌业,农牧饲渔,5.66,5.83,5.6,5.82,5.6,2819600,16860244.0,0.7255,2.877,4.06,否,1.1,0.867,-1.689,-2.676,-13.134,否,393241359,388656394,2390907462.72,2363030875.52,-633.265224,0.689572,1.332077,5.72,5.82,5.96,6.18,6.41,6.58,7.45,2015-06-26,-
2024-06-27,2772,众兴菌业,农牧饲渔,5.82,5.84,5.72,5.74,5.72,2056468,12413528.12,0.5291,-1.48,2.14,否,0.77,2.867,-2.712,-2.712,-13.943,否,393241359,388656394,2355515740.41,2328051800.06,-623.891232,0.679364,1.312359,5.71,5.8,5.93,6.15,6.39,6.57,7.43,2015-06-26,-
2024-06-28,2772,众兴菌业,农牧饲渔,5.75,5.81,5.72,5.74,5.72,1928910,11610863.3,0.4963,0.0,1.67,否,0.74,1.413,-0.52,-3.367,-11.42,否,393241359,388656394,2355515740.41,2328051800.06,-623.891232,0.679364,1.312359,5.71,5.78,5.9,6.11,6.37,6.56,7.42,2015-06-26,-
2024-07-01,2772,众兴菌业,农牧饲渔,5.73,5.82,5.69,5.82,5.69,2604305,15738975.1,0.6701,1.503,2.34,否,0.99,0.0,0.867,-1.523,-10.462,否,393241359,388090486,2390907462.72,2359590154.88,-633.265224,0.689572,1.332077,5.76,5.77,5.87,6.08,6.35,6.55,7.4,2015-06-26,-
2024-07-02,2772,众兴菌业,农牧饲渔,5.84,5.91,5.8,5.89,5.8,2826100,17348485.0,0.7271,1.151,1.81,否,1.15,2.613,5.556,-0.507,-9.245,否,393241359,388090486,2418434357.85,2386756488.9,-640.556107,0.697511,1.347414,5.8,5.77,5.85,6.06,6.33,6.54,7.39,2015-06-26,-
2024-07-03,2772,众兴菌业,农牧饲渔,5.87,5.95,5.85,5.88,5.85,2269700,13971745.0,0.584,-0.163,1.63,否,0.93,2.439,3.887,-0.339,-7.981,否,393241359,388090486,2414501944.26,2382875584.04,-639.514552,0.696377,1.345223,5.81,5.77,5.84,6.03,6.31,6.53,7.37,2015-06-26,-
2024-07-04,2772,众兴菌业,农牧饲渔,5.88,5.88,5.73,5.75,5.73,2780800,16792102.0,0.7155,-2.28,2.61,否,1.19,-1.203,-1.203,-0.347,-10.296,否,393241359,388090486,2359448154.0,2328542916.0,-624.932787,0.680498,1.31455,5.82,5.77,5.83,6.0,6.29,6.51,7.36,2015-06-26,-
2024-07-05,2772,众兴菌业,农牧饲渔,5.74,5.81,5.68,5.8,5.68,1583169,9516735.37,0.4073,1.0,2.33,否,0.64,-1.528,1.045,0.52,-9.091,否,393241359,388090486,2383042635.54,2351828345.16,-631.182115,0.687303,1.327696,5.83,5.77,5.83,5.97,6.27,6.5,7.35,2015-06-26,-
2024-07-08,2772,众兴菌业,农牧饲渔,5.76,5.78,5.63,5.64,5.63,2134782,12645553.26,0.5493,-2.805,2.64,否,0.88,-4.082,-1.742,1.075,-11.46,否,393241359,388090486,2316191604.51,2285852962.54,-613.475686,0.668023,1.29045,5.79,5.77,5.82,5.95,6.25,6.49,7.33,2015-06-26,-
2024-07-09,2772,众兴菌业,农牧饲渔,5.66,5.69,5.47,5.69,5.47,3098100,18096591.0,0.7971,0.849,3.9,否,1.34,-1.043,-2.234,0.53,-8.521,否,393241359,388090486,2335853672.46,2305257486.84,-618.683459,0.673693,1.301405,5.75,5.78,5.81,5.92,6.23,6.47,7.32,2015-06-26,-
2024-07-10,2772,众兴菌业,农牧饲渔,5.53,5.55,5.45,5.48,5.45,4690050,26922006.77,1.2067,-3.704,1.85,否,1.98,-5.517,-6.961,-5.842,-10.894,否,393241359,388090486,2249340573.48,2219877579.92,-595.769257,0.648742,1.253204,5.67,5.74,5.78,5.89,6.21,6.46,7.3,2015-06-26,-
2024-07-11,2772,众兴菌业,农牧饲渔,5.55,5.73,5.55,5.66,5.55,4262605,25104611.45,1.0968,3.322,3.15,否,1.49,0.355,-3.741,-1.394,-5.193,否,393241359,388090486,2324056431.69,2293614772.26,-615.558795,0.670291,1.294832,5.65,5.74,5.77,5.86,6.2,6.45,7.28,2015-06-26,-
2024-07-12,2772,众兴菌业,农牧饲渔,5.67,5.71,5.6,5.62,5.6,2260172,13324531.68,0.5815,-0.677,1.86,否,0.72,-1.23,-2.261,-2.091,-1.92,否,393241359,388090486,2308326777.33,2278091152.82,-611.392576,0.665754,1.286068,5.62,5.72,5.75,5.84,6.19,6.43,7.27,2015-06-26,-
2024-07-15,2772,众兴菌业,农牧饲渔,5.62,5.64,5.49,5.54,5.49,2123000,12262240.0,0.5462,-1.533,2.73,否,0.65,1.095,-4.483,-4.811,-6.891,否,393241359,388090486,2272935055.02,2243163009.08,-602.018585,0.655547,1.26635,5.6,5.7,5.73,5.81,6.18,6.42,7.25,2015-06-26,-
2024-07-16,2772,众兴菌业,农牧饲渔,5.53,5.59,5.49,5.55,5.49,1812100,10485470.0,0.4662,0.346,1.9,否,0.55,-1.943,-1.596,-5.772,-5.932,否,393241359,388090486,2280799882.2,2250924818.8,-604.101694,0.657815,1.270732,5.57,5.66,5.72,5.79,6.17,6.4,7.24,2015-06-26,-
2024-07-17,2772,众兴菌业,农牧饲渔,5.55,5.65,5.53,5.56,5.53,2185326,12736348.32,0.5623,0.172,2.24,否,0.72,-1.068,-2.285,-5.442,-7.023,否,393241359,388090486,2284732295.79,2254805723.66,-605.143249,0.658949,1.272923,5.59,5.63,5.7,5.77,6.15,6.39,7.22,2015-06-26,-
2024-07-18,2772,众兴菌业,农牧饲渔,5.54,5.56,5.45,5.54,5.45,2587326,14871052.98,0.6657,-0.344,2.07,否,1.02,0.0,1.095,-3.652,-6.102,否,393241359,388090486,2276867468.61,2247043913.94,-603.060139,0.656681,1.268541,5.56,5.61,5.69,5.75,6.14,6.37,7.2,2015-06-26,-
2024-07-19,2772,众兴菌业,农牧饲渔,5.5,5.59,5.48,5.54,5.48,2425222,13995977.5,0.624,-0.173,2.07,否,1.11,-0.18,-2.12,-4.483,-6.734,否,393241359,388090486,2272935055.02,2243163009.08,-602.018585,0.655547,1.26635,5.55,5.58,5.68,5.75,6.13,6.36,7.19,2015-06-26,-
2024-07-22,2772,众兴菌业,农牧饲渔,5.52,5.54,5.46,5.49,5.46,2007939,11521840.3,0.5166,-0.865,1.56,否,0.9,-1.259,-2.313,-2.66,-7.107,否,393241359,388090486,2253272987.07,2223758484.78,-596.810811,0.649876,1.255395,5.54,5.57,5.67,5.73,6.11,6.35,7.17,2015-06-26,-
2024-07-23,2772,众兴菌业,农牧饲渔,5.47,5.54,5.43,5.43,5.43,2659685,15256320.6,0.6843,-1.047,2.09,否,1.21,-1.986,-1.986,-4.569,-8.277,否,393241359,388090486,2229678505.53,2200473055.62,-590.561484,0.643071,1.24225,5.51,5.54,5.66,5.72,6.09,6.34,7.16,2015-06-26,-
2024-07-24,2772,众兴菌业,农牧饲渔,5.41,5.43,5.31,5.33,5.31,3037585,17001464.6,0.7816,-1.764,2.12,否,1.28,-3.791,-3.964,-2.737,-9.661,否,393241359,388090486,2190354369.63,2161664007.02,-580.145937,0.631729,1.220341,5.47,5.53,5.63,5.7,6.07,6.33,7.14,2015-06-26,-
2024-07-25,2772,众兴菌业,农牧饲渔,5.32,5.42,5.29,5.37,5.29,2000200,11194225.0,0.5146,0.718,2.51,否,0.79,-2.186,-3.417,-5.124,-6.932,否,393241359,388090486,2206084023.99,2177187626.46,-584.312156,0.636266,1.229104,5.43,5.5,5.62,5.68,6.06,6.32,7.13,2015-06-26,-
2024-07-26,2772,众兴菌业,农牧饲渔,5.41,5.46,5.38,5.45,5.38,2159185,12250566.65,0.5556,1.426,1.43,否,0.89,0.368,-1.625,-3.025,-5.546,否,393241359,388090486,2237543332.71,2208234865.34,-592.644593,0.645339,1.246632,5.41,5.48,5.6,5.66,6.04,6.31,7.11,2015-06-26,-
2024-07-29,2772,众兴菌业,农牧饲渔,5.54,5.54,5.43,5.44,5.43,1720785,9812933.95,0.4428,-0.176,1.93,否,0.73,2.064,-1.805,-1.805,-2.509,否,393241359,388090486,2233610919.12,2204353960.48,-591.603038,0.644205,1.244441,5.4,5.47,5.58,5.65,6.02,6.3,7.1,2015-06-26,-
2024-07-30,2772,众兴菌业,农牧饲渔,5.45,5.54,5.42,5.52,5.42,1872614,10755149.46,0.4818,1.409,2.11,否,0.81,2.793,0.546,-0.541,-2.473,否,393241359,388090486,2265070227.84,2235401199.36,-599.935475,0.653278,1.261968,5.42,5.47,5.56,5.63,6.0,6.29,7.08,2015-06-26,-
2024-07-31,2772,众兴菌业,农牧饲渔,5.51,5.64,5.51,5.63,5.51,3690888,21567498.32,0.9497,2.083,2.43,否,1.71,3.303,3.683,1.259,-3.265,否,393241359,388090486,2312259190.92,2281972057.68,-612.434131,0.666888,1.288259,5.48,5.47,5.55,5.62,5.98,6.28,7.07,2015-06-26,-
2024-08-01,2772,众兴菌业,农牧饲渔,5.65,5.73,5.64,5.69,5.64,3872239,23000570.99,0.9963,1.02,1.53,否,1.69,4.596,6.754,2.708,-0.871,否,393241359,388090486,2335853672.46,2305257486.84,-618.683459,0.673693,1.301405,5.55,5.49,5.55,5.62,5.97,6.27,7.06,2015-06-26,-
2024-08-02,2772,众兴菌业,农牧饲渔,5.68,5.77,5.65,5.67,5.65,2729600,16278496.0,0.7023,-0.337,2.02,否,1.02,2.717,5.587,2.347,-1.22,否,393241359,388090486,2327988845.28,2297495677.12,-616.60035,0.671425,1.297023,5.59,5.5,5.54,5.62,5.95,6.27,7.05,2015-06-26,-
2024-08-05,2772,众兴菌业,农牧饲渔,5.57,5.77,5.57,5.6,5.57,3409398,20258226.7,0.8772,-1.182,3.38,否,1.23,-0.533,2.752,2.004,-3.78,否,393241359,388090486,2300461950.15,2270329343.1,-609.309467,0.663486,1.281686,5.62,5.51,5.54,5.62,5.93,6.26,7.03,2015-06-26,-
2024-08-06,2772,众兴菌业,农牧饲渔,5.73,5.74,5.65,5.71,5.65,2741393,16286585.42,0.7054,1.88,1.54,否,0.88,0.351,4.963,5.157,-3.056,否,393241359,388090486,2343718499.64,2313019296.56,-620.766568,0.675962,1.305786,5.66,5.54,5.54,5.62,5.91,6.26,7.02,2015-06-26,-
2024-08-07,2772,众兴菌业,农牧饲渔,5.69,5.73,5.67,5.68,5.67,1852810,11005619.2,0.4767,-0.503,1.01,否,0.56,0.176,2.899,6.567,-3.401,否,393241359,388090486,2331921258.87,2301376581.98,-617.641904,0.672559,1.299214,5.67,5.58,5.55,5.62,5.9,6.26,7.01,2015-06-26,-
2024-08-08,2772,众兴菌业,农牧饲渔,5.69,5.82,5.65,5.81,5.65,3662914,22030405.44,0.9425,2.361,3.04,否,1.25,3.75,3.197,8.194,1.043,否,393241359,388090486,2386975049.13,2355709250.02,-632.223669,0.688437,1.329886,5.69,5.62,5.56,5.62,5.88,6.26,7.0,2015-06-26,-
2024-08-09,2772,众兴菌业,农牧饲渔,5.84,5.85,5.76,5.77,5.76,2378300,14373705.0,0.6119,-0.824,1.65,否,0.83,1.051,1.406,5.872,-0.517,否,393241359,388090486,2367312981.18,2336304725.72,-627.015896,0.682767,1.318932,5.71,5.65,5.57,5.62,5.87,6.27,6.98,2015-06-26,-
2024-08-12,2772,众兴菌业,农牧饲渔,5.77,5.82,5.72,5.77,5.72,1915523,11533649.28,0.4929,0.0,1.83,否,0.68,1.585,1.764,6.066,2.305,否,393241359,388090486,2367312981.18,2336304725.72,-627.015896,0.682767,1.318932,5.75,5.69,5.58,5.62,5.85,6.27,6.97,2015-06-26,-
2024-08-13,2772,众兴菌业,农牧饲渔,5.77,5.77,5.69,5.74,5.69,1748500,10454937.0,0.4499,-0.498,1.5,否,0.7,-1.205,2.5,3.986,0.879,否,393241359,388090486,2355515740.41,2324662011.14,-623.891232,0.679364,1.312359,5.75,5.71,5.59,5.61,5.83,6.26,6.96,2015-06-26,-
2024-08-14,2772,众兴菌业,农牧饲渔,5.77,5.77,5.71,5.73,5.71,1789200,10723831.0,0.4604,-0.167,1.17,否,0.77,-0.693,0.35,1.776,4.562,否,393241359,388090486,2351583326.82,2320781106.28,-622.849678,0.67823,1.310168,5.76,5.72,5.6,5.61,5.82,6.26,6.95,2015-06-26,-
2024-08-15,2772,众兴菌业,农牧饲渔,5.7,5.81,5.7,5.77,5.7,2493100,15046869.99,0.6415,0.836,2.01,否,1.08,0.0,1.585,1.406,1.943,否,393241359,388090486,2371245394.77,2340185630.58,-628.057451,0.683901,1.321123,5.76,5.73,5.61,5.61,5.8,6.26,6.93,2015-06-26,-
2024-08-16,2772,众兴菌业,农牧饲渔,5.76,5.82,5.73,5.75,5.73,2635426,15839749.78,0.6791,-0.498,1.66,否,1.28,0.174,-1.033,1.411,2.313,否,393241359,388090486,2359448154.0,2328542916.0,-280.391895,0.705578,1.291503,5.75,5.73,5.62,5.61,5.79,6.26,6.92,2015-06-26,-
2024-08-19,2772,众兴菌业,农牧饲渔,5.73,6.32,5.73,5.99,5.73,14842868,93157797.48,3.8246,4.167,10.33,否,7.01,4.538,3.813,6.964,8.123,否,393241359,388090486,2457758493.75,2425565537.5,-292.074891,0.734977,1.345316,5.8,5.77,5.64,5.62,5.78,6.26,6.91,2015-06-26,-
2024-08-20,2772,众兴菌业,农牧饲渔,5.91,6.1,5.78,5.82,5.78,12294347,75760150.55,3.1679,-2.72,5.28,否,2.61,0.867,0.867,1.926,4.865,否,393241359,388090486,2390907462.72,2359590154.88,-284.130454,0.714985,1.308723,5.81,5.78,5.66,5.62,5.77,6.25,6.9,2015-06-26,-
2024-08-21,2772,众兴菌业,农牧饲渔,5.8,5.84,5.7,5.72,5.7,5845500,35066976.0,1.5062,-1.809,2.47,否,0.86,-0.522,-0.348,0.704,2.878,否,393241359,388090486,2347650913.23,2316900201.42,-278.989936,0.70205,1.285046,5.81,5.79,5.68,5.63,5.76,6.25,6.88,2015-06-26,-
2024-08-22,2772,众兴菌业,农牧饲渔,5.74,5.77,5.55,5.55,5.55,4370000,25688798.0,1.126,-2.848,3.69,否,0.57,-7.346,-3.141,-4.475,0.181,否,393241359,388090486,2280799882.2,2250924818.8,-271.045499,0.682058,1.248453,5.77,5.76,5.69,5.63,5.74,6.24,6.87,2015-06-26,-
2024-08-23,2772,众兴菌业,农牧饲渔,5.56,5.59,5.48,5.53,5.48,2864705,16520233.75,0.7382,-0.517,2.07,否,0.36,-4.983,-4.159,-4.159,-0.181,否,393241359,388090486,2269002641.43,2239282104.22,-269.643539,0.67853,1.241996,5.72,5.74,5.69,5.62,5.73,6.24,6.86,2015-06-26,-
2024-08-26,2772,众兴菌业,农牧饲渔,5.53,5.7,5.51,5.69,5.51,3464293,20428383.56,0.8927,2.946,3.47,否,0.43,-0.524,-1.043,-1.386,3.643,否,393241359,388090486,2335853672.46,2305257486.84,-277.587976,0.698522,1.278588,5.66,5.73,5.71,5.63,5.72,6.23,6.85,2015-06-26,-
2024-08-27,2772,众兴菌业,农牧饲渔,5.69,5.82,5.61,5.63,5.61,3225614,19236927.18,0.8311,-1.01,3.7,否,0.56,1.441,-6.01,-1.916,3.683,否,393241359,388090486,2312259190.92,2281972057.68,-274.784058,0.691466,1.265673,5.62,5.72,5.71,5.63,5.71,6.23,6.84,2015-06-26,-
2024-08-28,2772,众兴菌业,农牧饲渔,5.57,5.75,5.55,5.67,5.55,2492800,14737790.0,0.6423,0.68,3.4,否,0.63,2.532,-2.577,-1.047,6.379,否,393241359,388090486,2327988845.28,2297495677.12,-276.653337,0.69617,1.274283,5.61,5.71,5.71,5.63,5.7,6.22,6.82,2015-06-26,-
2024-08-29,2772,众兴菌业,农牧饲渔,5.66,5.7,5.6,5.68,5.6,2179233,12883022.37,0.5615,0.169,1.69,否,0.66,-0.176,-0.699,-1.56,5.773,否,393241359,388090486,2331921258.87,2301376581.98,-277.120657,0.697346,1.276436,5.64,5.7,5.71,5.64,5.7,6.22,6.81,2015-06-26,-
2024-08-30,2772,众兴菌业,农牧饲渔,5.69,5.8,5.64,5.73,5.64,4241300,25462649.0,1.0929,0.843,2.87,否,1.49,1.776,3.243,-0.348,5.138,否,393241359,388090486,2351583326.82,2320781106.28,-279.457256,0.703226,1.287198,5.68,5.7,5.72,5.65,5.7,6.22,6.8,2015-06-26,-
2024-09-02,2772,众兴菌业,农牧饲渔,5.73,5.78,5.68,5.69,5.68,2862700,17151219.0,0.7376,-0.669,1.84,否,0.92,0.353,2.893,-5.008,4.596,否,393241359,388090486,2335853672.46,2305257486.84,-277.587976,0.698522,1.278588,5.68,5.67,5.72,5.65,5.69,6.21,6.79,2015-06-26,-
2024-09-03,2772,众兴菌业,农牧饲渔,5.67,5.76,5.66,5.75,5.66,2581500,15435940.0,0.6652,1.01,1.68,否,0.86,1.232,1.054,-1.203,4.167,否,393241359,388090486,2359448154.0,2328542916.0,-280.391895,0.705578,1.291503,5.7,5.66,5.72,5.66,5.69,6.21,6.79,2015-06-26,-
2024-09-04,2772,众兴菌业,农牧饲渔,5.72,5.79,5.7,5.71,5.7,2971300,17811768.0,0.7656,-0.667,1.67,否,1.03,-0.349,1.421,-0.175,1.421,否,393241359,388090486,2343718499.64,2313019296.56,-278.522616,0.700874,1.282893,5.71,5.66,5.73,5.68,5.69,6.2,6.77,2015-06-26,-
2024-09-05,2772,众兴菌业,农牧饲渔,5.7,5.77,5.7,5.77,5.7,2959105,17768128.1,0.7625,1.007,1.34,否,1.0,1.406,1.764,3.964,1.406,否,393241359,388090486,2367312981.18,2336304725.72,-281.326535,0.707929,1.295808,5.73,5.69,5.72,5.69,5.68,6.19,6.77,2015-06-26,-
2024-09-06,2772,众兴菌业,农牧饲渔,5.79,5.8,5.69,5.72,5.69,2899901,17424272.0,0.7472,-0.831,1.99,否,0.93,-0.522,0.704,3.436,0.882,否,393241359,388090486,2347650913.23,2316900201.42,-278.989936,0.70205,1.285046,5.73,5.7,5.72,5.7,5.68,6.18,6.75,2015-06-26,-
2024-09-09,2772,众兴菌业,农牧饲渔,5.72,5.77,5.64,5.73,5.64,2460501,14698325.97,0.634,0.168,2.18,否,0.86,0.35,0.0,0.703,2.321,否,393241359,388090486,2351583326.82,2320781106.28,-279.457256,0.703226,1.287198,5.74,5.71,5.72,5.71,5.68,6.16,6.74,2015-06-26,-
2024-09-10,2772,众兴菌业,农牧饲渔,5.76,5.78,5.65,5.73,5.65,2511500,14986494.0,0.6471,0.0,2.34,否,0.91,-0.693,0.703,1.776,0.35,否,393241359,388090486,2351583326.82,2320781106.28,-279.457256,0.703226,1.287198,5.73,5.72,5.72,5.71,5.67,6.14,6.73,2015-06-26,-
2024-09-11,2772,众兴菌业,农牧饲渔,5.7,5.74,5.66,5.68,5.66,2191600,13034198.0,0.5647,-0.836,1.34,否,0.79,-0.699,-1.217,0.176,0.0,否,393241359,388090486,2331921258.87,2301376581.98,-277.120657,0.697346,1.276436,5.73,5.72,5.72,5.72,5.67,6.12,6.72,2015-06-26,-
2024-09-12,2772,众兴菌业,农牧饲渔,5.71,5.77,5.69,5.72,5.69,2382400,14272745.0,0.6139,0.675,1.52,否,0.91,-0.175,0.175,0.704,-1.549,否,393241359,388090486,2347650913.23,2316900201.42,-278.989936,0.70205,1.285046,5.72,5.72,5.71,5.72,5.67,6.1,6.71,2015-06-26,-
2024-09-13,2772,众兴菌业,农牧饲渔,5.76,5.77,5.7,5.73,5.7,2207989,13224594.37,0.5689,0.168,1.34,否,0.89,0.0,-0.693,0.0,-0.693,否,393241359,388090486,2351583326.82,2320781106.28,-279.457256,0.703226,1.287198,5.72,5.72,5.71,5.72,5.67,6.08,6.7,2015-06-26,-
2024-09-18,2772,众兴菌业,农牧饲渔,5.72,5.76,5.54,5.59,5.54,3200685,18753657.55,0.8247,-2.341,3.68,否,1.36,-1.585,-2.273,-1.757,-3.12,否,393241359,388090486,2296529536.56,2266448438.24,-272.914778,0.686762,1.257063,5.69,5.71,5.69,5.72,5.67,6.07,6.69,2015-06-26,-
2024-09-19,2772,众兴菌业,农牧饲渔,5.63,5.79,5.62,5.77,5.62,4899926,29385670.04,1.2626,3.253,3.08,否,1.96,0.874,0.698,0.348,0.523,否,393241359,388090486,2371245394.77,2340185630.58,-281.793855,0.709105,1.297961,5.7,5.72,5.69,5.72,5.67,6.05,6.68,2015-06-26,-
2024-09-20,2772,众兴菌业,农牧饲渔,5.77,5.8,5.72,5.77,5.72,2494600,15014830.0,0.6428,-0.166,1.49,否,0.84,0.698,0.698,1.051,0.698,否,393241359,388090486,2367312981.18,2336304725.72,-281.326535,0.707929,1.295808,5.72,5.72,5.69,5.72,5.67,6.04,6.67,2015-06-26,-
2024-09-23,2772,众兴菌业,农牧饲渔,5.77,5.78,5.73,5.74,5.73,2441700,14659099.0,0.6292,-0.498,1.0,否,0.8,2.683,1.056,-0.52,-0.52,否,393241359,388090486,2355515740.41,2324662011.14,-279.924576,0.704402,1.289351,5.72,5.72,5.7,5.72,5.67,6.03,6.66,2015-06-26,-
2024-09-24,2772,众兴菌业,农牧饲渔,5.74,5.87,5.73,5.86,5.73,5093299,30919816.52,1.3124,2.17,2.5,否,1.67,1.56,2.448,2.448,1.913,否,393241359,388090486,2406637117.08,2375113774.32,-285.999733,0.719689,1.317333,5.75,5.73,5.72,5.72,5.67,6.02,6.65,2015-06-26,-
2024-09-25,2772,众兴菌业,农牧饲渔,5.9,5.99,5.88,5.89,5.88,6485414,40244834.52,1.6711,0.49,1.96,否,1.79,2.08,2.792,2.792,-1.669,否,393241359,388090486,2418434357.85,2386756488.9,-287.401693,0.723217,1.323791,5.81,5.75,5.73,5.73,5.67,6.01,6.64,2015-06-26,-
2024-09-26,2772,众兴菌业,农牧饲渔,5.88,6.15,5.86,6.15,5.86,8381700,52839269.0,2.1597,4.39,4.88,否,1.96,7.143,10.018,7.33,5.67,否,393241359,388090486,2524609524.78,2491540920.12,-300.019328,0.754968,1.381908,5.88,5.79,5.75,5.74,5.68,6.0,6.63,2015-06-26,-
2024-09-27,2772,众兴菌业,农牧饲渔,6.22,6.37,6.13,6.31,6.13,15084926,98300592.04,3.887,2.648,3.89,否,3.03,7.679,9.359,11.092,10.315,否,393241359,388090486,2591460555.81,2557516302.74,-307.963765,0.774959,1.418501,5.99,5.85,5.79,5.76,5.68,6.0,6.63,2015-06-26,-
2024-09-30,2772,众兴菌业,农牧饲渔,6.42,6.82,6.32,6.77,6.32,22826105,156926311.65,5.8816,7.284,7.89,否,3.04,14.941,17.331,18.357,21.982,否,393241359,388090486,2780216408.13,2743799736.02,-330.395117,0.831406,1.521821,6.2,5.96,5.84,5.79,5.7,5.99,6.62,2015-06-26,-
2024-10-08,2772,众兴菌业,农牧饲渔,7.37,7.43,6.67,6.93,6.67,25661443,187726199.29,6.6122,2.405,11.32,否,2.22,12.683,20.732,20.942,25.316,否,393241359,388090486,2847067439.16,2809775118.64,-338.339554,0.851397,1.558414,6.41,6.08,5.9,5.83,5.72,5.99,6.62,2015-06-26,-
2024-10-09,2772,众兴菌业,农牧饲渔,6.75,6.78,6.28,6.28,6.28,14431977,97934040.46,3.7187,-9.392,7.18,否,0.92,-0.475,7.167,12.343,10.369,否,393241359,388090486,2579663315.04,2545873588.16,-306.561806,0.771431,1.412044,6.49,6.15,5.93,5.84,5.73,5.99,6.61,2015-06-26,-
2024-10-10,2772,众兴菌业,农牧饲渔,6.32,6.46,6.25,6.4,6.25,9642902,64405577.18,2.4847,1.829,3.35,否,0.56,-5.465,8.659,10.919,13.677,否,393241359,388090486,2626852278.12,2592444446.48,-312.169644,0.785543,1.437874,6.54,6.21,5.96,5.86,5.74,5.99,6.6,2015-06-26,-
2024-10-11,2772,众兴菌业,农牧饲渔,6.4,6.43,6.2,6.23,6.2,7232324,47559825.96,1.8636,-2.545,3.59,否,0.41,-10.101,1.301,7.972,9.877,否,393241359,388090486,2560001247.09,2526469063.86,-304.225207,0.765552,1.401281,6.52,6.26,5.99,5.88,5.75,5.98,6.6,2015-06-26,-
2024-10-14,2772,众兴菌业,农牧饲渔,6.28,6.35,6.22,6.29,6.22,6721385,44134020.5,1.7319,0.922,2.15,否,0.42,0.159,-0.317,9.582,10.739,否,393241359,388090486,2583595728.63,2549754493.02,-307.029126,0.772607,1.414196,6.43,6.31,6.01,5.9,5.77,5.98,6.59,2015-06-26,-
2024-10-15,2772,众兴菌业,农牧饲渔,6.26,6.28,6.19,6.22,6.19,6115789,39858783.59,1.5759,-1.065,1.52,否,0.48,-2.813,-8.124,6.143,8.551,否,393241359,388090486,2556068833.5,2522588159.0,-303.757887,0.764376,1.399128,6.28,6.35,6.04,5.93,5.78,5.98,6.58,2015-06-26,-
2024-10-16,2772,众兴菌业,农牧饲渔,6.18,6.28,6.16,6.26,6.16,4771682,31096039.9,1.2295,0.615,2.0,否,0.54,0.482,-9.668,6.282,10.018,否,393241359,390135165,2571798487.86,2551483979.1,-305.627166,0.76908,1.407738,6.28,6.38,6.07,5.95,5.79,5.98,6.57,2015-06-26,-
2024-10-17,2772,众兴菌业,农牧饲渔,6.26,6.31,6.18,6.19,6.18,4979600,32469075.0,1.2764,-1.223,2.14,否,0.72,-1.59,-1.433,0.65,7.652,否,393241359,390135165,2540339179.14,2520273165.9,-301.888607,0.759672,1.390518,6.24,6.39,6.09,5.97,5.8,5.98,6.57,2015-06-26,-
2024-10-18,2772,众兴菌业,农牧饲渔,6.19,6.31,6.13,6.25,6.13,8378101,54400313.44,2.1475,1.084,2.94,否,1.4,0.482,-2.344,-0.951,9.457,否,393241359,390135165,2567866074.27,2547582627.45,-305.159846,0.767904,1.405586,6.24,6.38,6.12,5.98,5.81,5.98,6.56,2015-06-26,-
2024-10-21,2772,众兴菌业,农牧饲渔,6.36,6.36,6.26,6.29,6.26,8584776,56606062.08,2.2005,0.613,1.53,否,1.39,0.479,0.963,-7.09,9.012,否,393241359,390135165,2583595728.63,2563188034.05,-307.029126,0.772607,1.414196,6.24,6.33,6.15,6.01,5.82,5.98,6.55,2015-06-26,-
2024-10-22,2772,众兴菌业,农牧饲渔,6.29,6.45,6.27,6.45,6.27,10412171,69647619.99,2.6689,2.435,2.89,否,1.59,4.2,2.544,-6.926,12.762,否,393241359,390135165,2646514346.07,2625609660.45,-314.506243,0.791423,1.448636,6.29,6.29,6.18,6.03,5.84,5.98,6.55,2015-06-26,-
2024-10-23,2772,众兴菌业,农牧饲渔,6.45,6.46,6.36,6.41,6.36,7278500,48657191.0,1.8656,-0.594,1.63,否,0.98,2.56,3.055,2.07,11.867,否,393241359,390135165,2630784691.71,2610004253.85,-312.636963,0.786719,1.440026,6.32,6.3,6.22,6.05,5.85,5.98,6.54,2015-06-26,-
2024-10-24,2772,众兴菌业,农牧饲渔,6.4,6.45,6.36,6.43,6.36,5324700,35623576.0,1.3648,0.299,1.35,否,0.67,2.226,2.716,0.469,12.216,否,393241359,390135165,2638649518.89,2617806957.15,-313.571603,0.789071,1.444331,6.37,6.3,6.26,6.08,5.87,5.98,6.54,2015-06-26,-
2024-10-25,2772,众兴菌业,农牧饲渔,6.41,6.48,6.41,6.46,6.41,10407183,70113949.08,2.6676,0.596,1.19,否,1.3,0.155,4.362,3.692,13.732,否,393241359,390135165,2654379173.25,2633412363.75,-315.440882,0.793775,1.452941,6.41,6.33,6.29,6.1,5.89,5.98,6.53,2015-06-26,-
2024-10-28,2772,众兴菌业,农牧饲渔,6.56,6.84,6.56,6.82,6.56,22896551,161013084.57,5.8689,5.482,4.3,否,2.73,6.396,9.12,8.426,19.231,否,393241359,390135165,2799878476.08,2777762374.8,38.509686,0.822727,1.477443,6.51,6.38,6.34,6.14,5.91,5.98,6.53,2015-06-26,-
2024-10-29,2772,众兴菌业,农牧饲渔,6.85,6.85,6.61,6.64,6.61,11662872,81442912.64,2.9894,-2.669,3.51,否,1.04,3.266,5.564,6.752,15.881,否,393241359,390135165,2725162617.87,2703636693.45,37.48204,0.800772,1.438017,6.55,6.42,6.38,6.17,5.93,5.98,6.52,2015-06-26,-
2024-10-30,2772,众兴菌业,农牧饲渔,6.6,6.7,6.55,6.64,6.55,8713548,60261343.19,2.2335,0.0,2.31,否,0.76,2.786,2.946,6.07,18.784,否,393241359,390135165,2725162617.87,2703636693.45,37.48204,0.800772,1.438017,6.6,6.46,6.42,6.2,5.95,5.99,6.52,2015-06-26,-
2024-10-31,2772,众兴菌业,农牧饲渔,6.64,6.67,6.6,6.66,6.6,9703341,67301466.09,2.4872,0.289,1.15,否,0.82,-2.346,3.9,7.593,15.425,否,393241359,390135165,2733027445.05,2711439396.75,37.590213,0.803083,1.442167,6.64,6.51,6.45,6.23,5.97,5.99,6.52,2015-06-26,-
2024-11-01,2772,众兴菌业,农牧饲渔,6.65,6.7,6.54,6.58,6.54,8895428,61488585.8,2.2801,-1.151,2.45,否,0.7,-0.904,2.333,5.28,14.038,否,393241359,390135165,2701568136.33,2680228583.55,37.15752,0.793839,1.425566,6.67,6.54,6.46,6.26,5.99,5.99,6.51,2015-06-26,-
2024-11-04,2772,众兴菌业,农牧饲渔,6.57,6.62,6.5,6.61,6.5,7881120,54106292.58,2.0201,0.437,1.75,否,0.64,-0.452,2.322,5.087,15.157,否,393241359,390135165,2713365377.1,2691932638.5,37.31978,0.797306,1.431791,6.63,6.57,6.45,6.29,6.0,5.98,6.51,2015-06-26,-
2024-11-05,2772,众兴菌业,农牧饲渔,6.6,6.69,6.6,6.67,6.6,11246247,78212790.59,2.8827,1.015,1.45,否,1.2,0.15,-2.199,3.411,13.823,否,393241359,390135165,2740892272.23,2719242100.05,37.698386,0.805395,1.446317,6.63,6.59,6.44,6.32,6.02,5.98,6.51,2015-06-26,-
2024-11-06,2772,众兴菌业,农牧饲渔,6.67,6.8,6.61,6.8,6.61,17798435,125070060.55,4.5621,1.865,2.87,否,1.92,3.343,2.41,6.084,15.45,否,393241359,390135165,2792013648.9,2769959671.5,38.401513,0.820416,1.473293,6.66,6.63,6.47,6.36,6.04,5.98,6.51,2015-06-26,-
2024-11-07,2772,众兴菌业,农牧饲渔,6.84,6.97,6.74,6.94,6.74,19661543,141881898.12,5.0397,2.113,3.38,否,1.77,4.992,4.518,7.932,12.846,否,393241359,390135165,2850999852.75,2828479946.25,39.212812,0.837749,1.504418,6.72,6.68,6.49,6.4,6.06,5.99,6.5,2015-06-26,-
2024-11-08,2772,众兴菌业,农牧饲渔,7.03,7.03,6.83,6.85,6.83,17277310,124336894.16,4.4285,-1.379,2.9,否,1.32,2.699,2.853,6.037,8.558,否,393241359,390135165,2811675716.85,2789466429.75,38.671946,0.826194,1.483668,6.77,6.72,6.52,6.43,6.08,5.99,6.5,2015-06-26,-
2024-11-11,2772,众兴菌业,农牧饲渔,6.85,6.86,6.76,6.86,6.76,9567357,68041555.7,2.4523,0.14,1.4,否,0.65,0.882,4.255,0.587,1.329,否,393241359,390135165,2815608130.44,2793367781.4,38.726033,0.827349,1.485743,6.82,6.73,6.55,6.47,6.1,5.99,6.5,2015-06-26,-
2024-11-12,2772,众兴菌业,农牧饲渔,6.87,6.95,6.84,6.89,6.84,12259599,88237482.8,3.1424,0.419,1.68,否,0.81,-0.72,4.236,3.765,-0.577,否,393241359,390135165,2827405371.21,2805071836.35,38.888293,0.830816,1.491968,6.87,6.75,6.59,6.51,6.12,5.99,6.5,2015-06-26,-
2024-11-13,2772,众兴菌业,农牧饲渔,6.89,6.91,6.71,6.81,6.71,8158831,57921249.01,2.0913,-1.113,2.92,否,0.53,-0.584,2.099,2.56,8.439,否,393241359,390135165,2795946062.49,2773861023.15,38.455599,0.821572,1.475368,6.87,6.77,6.61,6.54,6.13,5.99,6.49,2015-06-26,-
2024-11-14,2772,众兴菌业,农牧饲渔,6.79,6.87,6.71,6.72,6.71,7717568,54635089.24,1.9782,-1.266,2.25,否,0.58,-2.041,-1.176,0.901,5.0,否,393241359,390135165,2760554340.18,2738748858.3,37.96882,0.811172,1.456692,6.83,6.77,6.64,6.56,6.15,5.99,6.49,2015-06-26,-
2024-11-15,2772,众兴菌业,农牧饲渔,6.9,6.97,6.74,6.75,6.74,14515500,103918149.36,3.7206,0.427,3.42,否,1.32,-2.032,-2.738,2.584,8.347,否,393241359,390135165,2772351580.95,2750452913.25,38.13108,0.814639,1.462917,6.81,6.79,6.66,6.57,6.17,5.99,6.49,2015-06-26,-
2024-11-18,2772,众兴菌业,农牧饲渔,6.88,6.99,6.77,6.8,6.77,16081105,115291741.81,4.1219,0.709,3.26,否,1.54,-0.147,-0.73,2.874,8.108,否,393241359,390135165,2792013648.9,2769959671.5,38.401513,0.820416,1.473293,6.79,6.81,6.69,6.57,6.18,5.99,6.48,2015-06-26,-
2024-11-19,2772,众兴菌业,农牧饲渔,6.81,6.82,6.65,6.79,6.65,10669886,75160740.81,2.7349,-0.141,2.54,否,0.91,1.042,-1.02,1.799,9.164,否,393241359,390135165,2788081235.31,2766058319.85,38.347426,0.819261,1.471218,6.77,6.82,6.71,6.57,6.2,6.0,6.48,2015-06-26,-
2024-11-20,2772,众兴菌业,农牧饲渔,6.79,6.91,6.79,6.91,6.79,11516384,82580589.25,2.9519,1.834,1.83,否,1.01,2.37,0.29,1.618,10.383,否,393241359,390135165,2839202611.98,2816775891.3,39.050552,0.834282,1.498193,6.79,6.83,6.73,6.59,6.22,6.0,6.48,2015-06-26,-
2024-11-21,2772,众兴菌业,农牧饲渔,6.9,6.93,6.84,6.91,6.84,8493500,61134469.0,2.1771,0.0,1.39,否,0.7,1.618,1.468,-0.432,11.632,否,393241359,390135165,2839202611.98,2816775891.3,39.050552,0.834282,1.498193,6.83,6.83,6.76,6.6,6.23,6.0,6.48,2015-06-26,-
2024-11-22,2772,众兴菌业,农牧饲渔,6.91,6.92,6.67,6.68,6.67,9190299,65467246.79,2.3557,-3.324,3.74,否,0.75,-1.62,-0.595,-2.482,6.88,否,393241359,390135165,2744824685.82,2723143451.7,37.752473,0.80655,1.448392,6.82,6.81,6.77,6.62,6.25,6.0,6.47,2015-06-26,-
2024-11-25,2772,众兴菌业,农牧饲渔,6.72,6.87,6.67,6.85,6.67,9145137,64935796.81,2.3441,2.436,3.01,否,0.82,-0.868,1.481,-0.146,8.903,否,393241359,390135165,2811675716.85,2789466429.75,38.671946,0.826194,1.483668,6.83,6.81,6.77,6.64,6.27,6.01,6.47,2015-06-26,-
2024-11-26,2772,众兴菌业,农牧饲渔,6.86,6.97,6.85,6.91,6.85,9475378,68470007.46,2.4287,0.979,1.82,否,0.97,0.0,1.618,0.29,7.132,否,393241359,390135165,2839202611.98,2816775891.3,39.050552,0.834282,1.498193,6.85,6.81,6.78,6.66,6.29,6.01,6.47,2015-06-26,-
2024-11-27,2772,众兴菌业,农牧饲渔,6.95,6.96,6.73,6.91,6.73,9629236,68717056.38,2.4682,0.0,3.32,否,1.01,3.443,1.767,1.468,7.8,否,393241359,390135165,2839202611.98,2816775891.3,39.050552,0.834282,1.498193,6.85,6.82,6.8,6.68,6.31,6.02,6.46,2015-06-26,-
2024-11-28,2772,众兴菌业,农牧饲渔,6.9,7.2,6.88,7.13,6.88,21794907,160979034.49,5.5865,3.186,4.71,否,2.37,4.088,3.184,6.101,10.886,否,393241359,390135165,2929648124.55,2906506979.25,40.294545,0.860859,1.54592,6.9,6.86,6.82,6.71,6.34,6.02,6.46,2015-06-26,-
2024-11-29,2772,众兴菌业,农牧饲渔,7.14,7.23,7.08,7.18,7.08,14422711,107814636.38,3.6968,0.671,2.15,否,1.22,3.907,3.907,6.37,11.146,否,393241359,390135165,2949310192.5,2926013737.5,40.564978,0.866637,1.556295,7.0,6.91,6.85,6.75,6.36,6.03,6.46,2015-06-26,-
2024-12-02,2772,众兴菌业,农牧饲渔,7.18,7.32,7.16,7.3,7.16,14873961,112492594.39,3.8125,1.6,2.13,否,1.15,5.644,9.281,7.353,7.038,否,393241359,390135165,2996499155.58,2972829957.3,41.214018,0.880503,1.581196,7.09,6.96,6.88,6.78,6.39,6.04,6.46,2015-06-26,-
2024-12-03,2772,众兴菌业,农牧饲渔,7.3,7.35,7.22,7.27,7.22,10443236,79435087.24,2.6768,-0.394,1.84,否,0.74,1.964,6.131,7.069,9.488,否,393241359,390135165,2984701914.81,2961125902.35,41.051758,0.877037,1.574971,7.16,7.01,6.91,6.81,6.42,6.06,6.46,2015-06-26,-
2024-12-04,2772,众兴菌业,农牧饲渔,7.25,7.33,7.11,7.15,7.11,10255422,77191442.66,2.6287,-1.581,3.03,否,0.72,-0.418,3.473,3.473,7.681,否,393241359,390135165,2937512951.73,2914309682.55,40.402718,0.86317,1.55007,7.21,7.03,6.93,6.83,6.44,6.07,6.46,2015-06-26,-
2024-12-05,2772,众兴菌业,农牧饲渔,7.14,7.21,7.1,7.18,7.1,8247900,61658595.1,2.1141,0.402,1.61,否,0.57,-1.644,3.907,3.907,7.808,否,393241359,390135165,2949310192.5,2926013737.5,40.564978,0.866637,1.556295,7.22,7.06,6.94,6.86,6.47,6.08,6.45,2015-06-26,-
2024-12-06,2772,众兴菌业,农牧饲渔,7.18,7.3,7.17,7.28,7.17,8342322,63110394.35,2.1383,1.333,1.73,否,0.72,0.138,2.104,8.982,10.638,否,393241359,390135165,2988634328.4,2965027254.0,41.105845,0.878192,1.577046,7.24,7.12,6.96,6.88,6.49,6.09,6.45,2015-06-26,-
2024-12-09,2772,众兴菌业,农牧饲渔,7.29,7.34,7.19,7.27,7.19,6895401,52302335.59,1.7674,-0.132,1.97,否,0.66,1.678,1.253,6.131,9.985,否,393241359,390135165,2984701914.81,2961125902.35,41.051758,0.877037,1.574971,7.23,7.16,6.98,6.9,6.52,6.1,6.45,2015-06-26,-
2024-12-10,2772,众兴菌业,农牧饲渔,7.42,7.47,7.25,7.28,7.25,9216500,70596875.0,2.3624,0.132,3.03,否,1.04,1.393,-0.274,5.355,9.145,否,393241359,390135165,2988634328.4,2965027254.0,41.105845,0.878192,1.577046,7.23,7.2,7.0,6.92,6.54,6.11,6.45,2015-06-26,-
2024-12-11,2772,众兴菌业,农牧饲渔,7.28,7.43,7.26,7.41,7.26,8118007,62514446.31,2.0808,1.842,2.37,否,0.94,1.786,1.926,7.236,8.971,否,393241359,390135165,3043688118.66,3019646177.1,41.863058,0.894369,1.606096,7.28,7.25,7.03,6.95,6.57,6.12,6.44,2015-06-26,-
2024-12-12,2772,众兴菌业,农牧饲渔,7.44,7.7,7.38,7.68,7.38,15431549,122237717.28,3.9554,3.618,4.26,否,1.89,5.64,7.413,7.714,10.663,否,393241359,390135165,3153795699.18,3128884023.3,43.377483,0.926724,1.664198,7.38,7.3,7.08,6.98,6.6,6.14,6.44,2015-06-26,-
2024-12-13,2772,众兴菌业,农牧饲渔,7.63,7.68,7.49,7.57,7.49,12968774,102691534.48,3.3242,-1.496,2.49,否,1.35,3.984,5.432,5.432,10.511,否,393241359,390135165,3106606736.1,3082067803.5,42.728444,0.912857,1.639297,7.44,7.34,7.12,7.01,6.63,6.15,6.44,2015-06-26,-
2024-12-16,2772,众兴菌业,农牧饲渔,7.61,7.72,7.57,7.66,7.57,12016800,96043362.0,3.0802,1.266,2.03,否,1.14,3.374,5.22,4.932,11.662,否,393241359,390135165,3145930872.0,3121081320.0,43.26931,0.924413,1.660048,7.52,7.38,7.17,7.05,6.67,6.17,6.44,2015-06-26,-
2024-12-17,2772,众兴菌业,农牧饲渔,7.66,8.43,7.5,7.54,7.5,37843884,309524652.95,9.7002,-1.625,12.13,否,3.28,-1.823,3.714,3.714,9.434,否,393241359,390135165,3094809495.33,3070363748.55,42.566184,0.909391,1.633072,7.57,7.4,7.2,7.08,6.7,6.18,6.44,2015-06-26,-
2024-12-18,2772,众兴菌业,农牧饲渔,7.38,7.75,7.38,7.48,7.38,29333175,231198804.12,7.5187,-0.762,4.83,否,1.7,-1.189,2.747,4.615,9.838,否,393241359,390135165,3071215013.79,3046955638.65,42.241664,0.902458,1.620622,7.59,7.44,7.23,7.1,6.73,6.2,6.44,2015-06-26,-
2024-12-19,2772,众兴菌业,农牧饲渔,7.44,7.7,7.36,7.47,7.36,23319949,183771407.59,5.9774,-0.128,4.48,否,1.08,-2.48,0.81,4.039,11.161,否,393241359,390135165,3067282600.2,3043054287.0,42.187577,0.901302,1.618547,7.54,7.46,7.26,7.12,6.76,6.21,6.44,2015-06-26,-
2024-12-20,2772,众兴菌业,农牧饲渔,7.47,7.73,7.47,7.64,7.47,21360500,169411387.02,5.4752,2.308,3.46,否,0.92,1.326,-0.521,4.945,13.185,否,393241359,390135165,3138066044.82,3113278616.7,43.161137,0.922102,1.655898,7.56,7.5,7.31,7.14,6.79,6.23,6.44,2015-06-26,-
2024-12-23,2772,众兴菌业,农牧饲渔,7.61,7.91,7.37,7.61,7.37,27500596,219429715.12,7.049,-0.376,7.02,否,1.11,1.738,0.528,4.677,11.912,否,393241359,390135165,3126268804.05,3101574561.75,42.998877,0.918635,1.649673,7.55,7.53,7.35,7.17,6.82,6.24,6.44,2015-06-26,-
2024-12-24,2772,众兴菌业,农牧饲渔,7.57,7.71,7.23,7.36,7.23,22194014,172182185.03,5.6888,-3.27,6.29,否,0.8,-1.473,-3.916,1.099,8.395,否,393241359,390135165,3024026050.71,3000139418.85,41.592624,0.888592,1.595721,7.51,7.54,7.37,7.18,6.84,6.26,6.44,2015-06-26,-
2024-12-25,2772,众兴菌业,农牧饲渔,7.36,7.39,6.99,7.11,6.99,17528387,130228382.87,4.4929,-3.511,5.46,否,0.71,-6.937,-5.703,-4.049,2.894,否,393241359,390135165,2917850883.78,2894802924.3,40.132285,0.857393,1.539695,7.44,7.51,7.38,7.19,6.86,6.27,6.44,2015-06-26,-
2024-12-26,2772,众兴菌业,农牧饲渔,7.14,7.28,7.1,7.13,7.1,9658139,72394415.22,2.4756,0.404,2.56,否,0.43,-6.307,-4.679,-7.161,3.184,否,393241359,390135165,2929648124.55,2906506979.25,40.294545,0.860859,1.54592,7.37,7.46,7.38,7.21,6.88,6.28,6.44,2015-06-26,-
2024-12-27,2772,众兴菌业,农牧饲渔,7.14,7.44,7.11,7.37,7.11,14943140,114353442.34,3.8302,3.356,4.7,否,0.76,0.136,-1.339,-2.642,10.329,否,393241359,390135165,3027958464.3,3004040770.5,41.646711,0.889747,1.597796,7.32,7.44,7.39,7.23,6.9,6.29,6.44,2015-06-26,-
2024-12-30,2772,众兴菌业,农牧饲渔,7.29,7.37,7.09,7.11,7.09,10959900,81798763.0,2.8093,-3.636,3.9,否,0.6,0.0,-6.937,-7.18,3.796,否,393241359,390135165,2917850883.78,2894802924.3,40.132285,0.857393,1.539695,7.22,7.38,7.38,7.24,6.9,6.3,6.44,2015-06-26,-
2024-12-31,2772,众兴菌业,农牧饲渔,7.12,7.3,7.03,7.06,7.03,10253781,76665570.54,2.6283,-0.674,3.77,否,0.68,-0.982,-7.227,-6.366,2.171,否,393241359,390135165,2898188815.83,2875296166.05,39.861852,0.851615,1.529319,7.16,7.33,7.37,7.25,6.91,6.31,6.44,2015-06-26,-
2025-01-02,2772,众兴菌业,农牧饲渔,7.05,7.25,6.99,7.06,6.99,9507888,70754234.24,2.4371,0.0,3.66,否,0.75,-4.206,-4.076,-5.615,2.171,否,393241359,390135165,2898188815.83,2875296166.05,39.861852,0.851615,1.529319,7.15,7.29,7.36,7.25,6.92,6.33,6.44,2015-06-26,-
2025-01-03,2772,众兴菌业,农牧饲渔,7.09,7.11,6.78,6.83,6.78,10901966,78862412.82,2.7944,-3.256,4.61,否,0.99,-3.938,-3.938,-8.568,-4.208,否,393241359,390135165,2803810889.67,2781663726.45,38.563773,0.823883,1.479518,7.09,7.23,7.35,7.25,6.93,6.33,6.44,2015-06-26,-
2025-01-06,2772,众兴菌业,农牧饲渔,6.8,6.88,6.63,6.75,6.63,7471229,52713914.45,1.915,-1.122,3.65,否,0.66,-4.391,-5.33,-11.649,-5.989,否,393241359,390135165,2772351580.95,2750452913.25,38.13108,0.814639,1.462917,6.96,7.14,7.32,7.25,6.94,6.35,6.43,2015-06-26,-
2025-01-07,2772,众兴菌业,农牧饲渔,6.76,6.87,6.68,6.87,6.68,6772400,47918376.55,1.7359,1.702,2.7,否,0.69,-2.691,-6.784,-9.724,-5.89,否,393241359,390135165,2819540544.03,2797269133.05,38.780119,0.828505,1.487818,6.91,7.07,7.3,7.25,6.95,6.36,6.43,2015-06-26,-
2025-01-08,2772,众兴菌业,农牧饲渔,6.83,6.88,6.67,6.81,6.67,6798635,48060765.28,1.7426,-0.837,3.07,否,0.76,-0.293,-4.219,-7.473,-6.327,否,393241359,390135165,2795946062.49,2773861023.15,38.455599,0.821572,1.475368,6.86,7.01,7.28,7.25,6.96,6.37,6.43,2015-06-26,-
2025-01-09,2772,众兴菌业,农牧饲渔,6.79,6.84,6.73,6.77,6.73,4144400,29372713.1,1.0623,-0.563,1.55,否,0.5,0.296,-4.108,-4.782,-5.315,否,393241359,390135165,2780216408.13,2758255616.55,38.239253,0.81695,1.467067,6.81,6.98,7.24,7.24,6.96,6.38,6.43,2015-06-26,-
2025-01-10,2772,众兴菌业,农牧饲渔,6.79,6.8,6.54,6.54,6.54,5658873,39280444.0,1.4505,-3.395,3.82,否,0.78,-4.803,-7.365,-8.275,-8.914,否,393241359,390135165,2685838481.97,2664623176.95,36.941174,0.789217,1.417266,6.75,6.92,7.19,7.22,6.97,6.38,6.43,2015-06-26,-
2025-01-13,2772,众兴菌业,农牧饲渔,6.52,6.55,6.32,6.52,6.32,5649914,38163368.2,1.4482,-0.293,3.51,否,0.92,-4.258,-4.539,-11.533,-10.44,否,393241359,390135165,2677973654.79,2656820473.65,36.833,0.786906,1.413116,6.7,6.83,7.13,7.2,6.97,6.39,6.43,2015-06-26,-
2025-01-14,2772,众兴菌业,农牧饲渔,6.56,6.73,6.56,6.73,6.56,6597900,45954723.0,1.6912,3.231,2.64,否,1.14,-0.591,-0.296,-5.345,-7.428,否,393241359,390135165,2764486753.77,2742650209.95,38.022906,0.812328,1.458767,6.67,6.79,7.09,7.18,6.98,6.4,6.42,2015-06-26,-
2025-01-15,2772,众兴菌业,农牧饲渔,6.73,6.78,6.66,6.72,6.66,4525362,31794176.62,1.1599,-0.142,1.85,否,0.78,2.752,-2.183,-4.816,-7.692,否,393241359,390135165,2760554340.18,2738748858.3,37.96882,0.811172,1.456692,6.66,6.76,7.05,7.17,6.99,6.41,6.42,2015-06-26,-
2025-01-16,2772,众兴菌业,农牧饲渔,6.77,6.88,6.73,6.88,6.73,7065200,50362053.0,1.811,2.279,2.14,否,1.33,5.521,1.028,-2.55,-7.152,否,393241359,390135165,2823472957.62,2801170484.7,38.834206,0.82966,1.489893,6.68,6.74,7.02,7.16,6.99,6.42,6.42,2015-06-26,-
2025-01-17,2772,众兴菌业,农牧饲渔,6.94,6.97,6.78,6.92,6.78,5687600,40859911.14,1.4579,0.696,2.79,否,0.96,2.823,2.216,1.318,-9.896,否,393241359,390135165,2843135025.57,2820677242.95,39.104639,0.835438,1.500268,6.75,6.75,6.99,7.15,7.0,6.44,6.42,2015-06-26,-
2025-01-20,2772,众兴菌业,农牧饲渔,6.95,6.99,6.85,6.92,6.85,5416077,39246462.72,1.3883,0.0,2.07,否,0.92,2.976,5.81,2.519,-8.587,否,393241359,390135165,2843135025.57,2820677242.95,39.104639,0.835438,1.500268,6.83,6.77,6.95,7.14,7.01,6.45,6.42,2015-06-26,-
2025-01-21,2772,众兴菌业,农牧饲渔,6.95,7.01,6.76,6.82,6.76,5333200,38081022.0,1.367,-1.521,3.6,否,0.91,-0.872,4.601,-0.728,-10.966,否,393241359,390135165,2799878476.08,2777762374.8,38.509686,0.822727,1.477443,6.85,6.76,6.91,7.12,7.01,6.46,6.42,2015-06-26,-
2025-01-22,2772,众兴菌业,农牧饲渔,6.79,6.92,6.73,6.77,6.73,4018600,28458326.0,1.0301,-0.702,2.81,否,0.72,-2.168,0.594,-0.587,-10.212,否,393241359,390135165,2780216408.13,2758255616.55,38.239253,0.81695,1.467067,6.86,6.76,6.88,7.1,7.01,6.47,6.41,2015-06-26,-
2025-01-23,2772,众兴菌业,农牧饲渔,6.82,6.93,6.76,6.81,6.76,6135400,44122823.0,1.5726,0.566,2.55,否,1.11,-1.59,1.339,0.591,-8.957,否,393241359,390135165,2795946062.49,2773861023.15,38.455599,0.821572,1.475368,6.85,6.76,6.87,7.08,7.01,6.48,6.41,2015-06-26,-
2025-01-24,2772,众兴菌业,农牧饲渔,6.81,6.89,6.76,6.8,6.76,6379100,45372059.0,1.6351,-0.141,1.83,否,1.2,-0.293,-1.163,3.976,-8.969,否,393241359,390135165,2792013648.9,2769959671.5,38.401513,0.820416,1.473293,6.82,6.79,6.85,7.05,7.02,6.49,6.41,2015-06-26,-
2025-01-27,2772,众兴菌业,农牧饲渔,6.85,7.02,6.85,6.9,6.85,6095300,44250692.0,1.5624,1.549,2.54,否,1.12,1.92,-0.289,5.828,-9.686,否,393241359,390135165,2835270198.39,2812874539.65,38.996466,0.833127,1.496118,6.82,6.83,6.83,7.03,7.02,6.5,6.41,2015-06-26,-
2025-02-05,2772,众兴菌业,农牧饲渔,6.95,6.98,6.79,6.83,6.79,6600600,47413081.85,1.6919,-1.11,2.77,否,1.18,0.294,-1.301,1.486,-10.25,否,393241359,390135165,2803810889.67,2781663726.45,38.563773,0.823883,1.479518,6.82,6.84,6.82,7.0,7.03,6.51,6.41,2015-06-26,-
2025-02-06,2772,众兴菌业,农牧饲渔,6.83,6.86,6.74,6.86,6.74,5375807,38259469.15,1.3779,0.421,1.68,否,0.92,0.882,0.587,2.083,-6.793,否,393241359,390135165,2815608130.44,2793367781.4,38.726033,0.827349,1.485743,6.84,6.85,6.81,6.98,7.03,6.52,6.4,2015-06-26,-
2025-02-07,2772,众兴菌业,农牧饲渔,6.86,6.98,6.84,6.94,6.84,6187400,44746375.0,1.586,1.257,2.09,否,1.01,0.58,2.511,0.872,-2.391,否,393241359,390135165,2850999852.75,2828479946.25,39.212812,0.837749,1.504418,6.87,6.86,6.8,6.96,7.03,6.54,6.4,2015-06-26,-
2025-02-10,2772,众兴菌业,农牧饲渔,6.94,7.01,6.92,7.0,6.92,5567982,40459580.96,1.4272,0.828,1.24,否,0.91,2.489,2.79,1.156,-1.823,否,393241359,390135165,2874594334.29,2851888056.15,39.537332,0.844682,1.516869,6.91,6.87,6.81,6.95,7.03,6.55,6.41,2015-06-26,-
2025-02-11,2772,众兴菌业,农牧饲渔,6.99,7.02,6.92,7.0,6.92,4481926,32626523.76,1.1488,0.0,1.37,否,0.75,2.041,2.941,1.156,-5.02,否,393241359,390135165,2874594334.29,2851888056.15,39.537332,0.844682,1.516869,6.93,6.87,6.82,6.93,7.03,6.56,6.41,2015-06-26,-
2025-02-12,2772,众兴菌业,农牧饲渔,6.99,7.03,6.9,6.99,6.9,5075450,36831255.29,1.3009,-0.137,1.78,否,0.9,0.72,1.304,2.493,-1.688,否,393241359,390135165,2870661920.7,2847986704.5,39.483246,0.843527,1.514794,6.96,6.89,6.83,6.91,7.04,6.57,6.41,2015-06-26,-
2025-02-13,2772,众兴菌业,农牧饲渔,6.97,7.01,6.91,6.92,6.91,4716800,34304500.0,1.209,-0.959,1.37,否,0.88,-1.143,1.318,2.216,-1.983,否,393241359,390135165,2843135025.57,2820677242.95,39.104639,0.835438,1.500268,6.97,6.91,6.83,6.89,7.04,6.58,6.41,2015-06-26,-
2025-02-14,2772,众兴菌业,农牧饲渔,6.94,6.95,6.87,6.89,6.87,4662200,33623758.0,1.195,-0.553,1.24,否,0.9,-1.571,0.437,1.175,-2.408,否,393241359,390135165,2827405371.21,2805071836.35,38.888293,0.830816,1.491968,6.96,6.91,6.84,6.88,7.04,6.59,6.41,2015-06-26,-
2025-02-17,2772,众兴菌业,农牧饲渔,6.89,6.99,6.88,6.97,6.88,5675462,41195882.22,1.4547,1.252,1.67,否,1.16,-0.286,0.432,2.5,2.05,否,393241359,390135165,2862797093.52,2840184001.2,39.375072,0.841216,1.510644,6.95,6.93,6.86,6.88,7.04,6.6,6.41,2015-06-26,-
2025-02-18,2772,众兴菌业,农牧饲渔,6.96,6.97,6.77,6.77,6.77,6589583,47278132.89,1.6891,-2.885,2.88,否,1.34,-2.168,-3.286,-1.884,0.296,否,393241359,390135165,2780216408.13,2758255616.55,38.239253,0.81695,1.467067,6.91,6.92,6.87,6.86,7.04,6.6,6.41,2015-06-26,-
2025-02-19,2772,众兴菌业,农牧饲渔,6.83,6.85,6.79,6.82,6.79,4769226,33941540.6,1.2225,0.707,0.85,否,0.89,-1.016,-2.571,-0.146,-0.728,否,393241359,390135165,2799878476.08,2777762374.8,38.509686,0.822727,1.477443,6.87,6.92,6.88,6.85,7.04,6.61,6.41,2015-06-26,-
2025-02-20,2772,众兴菌业,农牧饲渔,6.8,6.87,6.77,6.83,6.77,4939687,35231482.2,1.2661,0.14,1.4,否,0.94,-2.009,-2.289,-0.437,0.294,否,393241359,390135165,2803810889.67,2781663726.45,38.563773,0.823883,1.479518,6.86,6.91,6.88,6.84,7.04,6.62,6.42,2015-06-26,-
2025-02-21,2772,众兴菌业,农牧饲渔,6.82,6.86,6.75,6.8,6.75,5169250,36674959.2,1.325,-0.421,1.54,否,0.97,0.443,-1.734,-2.017,0.443,否,393241359,390135165,2792013648.9,2769959671.5,38.401513,0.820416,1.473293,6.84,6.9,6.88,6.83,7.04,6.63,6.42,2015-06-26,-
2025-02-24,2772,众兴菌业,农牧饲渔,6.96,7.23,6.95,7.05,6.95,21820835,161152444.94,5.5931,3.662,4.08,否,4.02,3.372,2.322,0.714,7.798,否,393241359,390135165,2894256402.24,2871394814.4,39.807765,0.85046,1.527244,6.85,6.9,6.88,6.84,7.04,6.64,6.42,2015-06-26,-
2025-02-25,2772,众兴菌业,农牧饲渔,6.97,6.98,6.8,6.84,6.8,13036437,93463190.2,3.3415,-2.989,2.58,否,1.51,0.146,-1.865,-2.286,4.908,否,393241359,390135165,2807743303.26,2785565078.1,38.617859,0.825038,1.481593,6.87,6.89,6.88,6.84,7.05,6.65,6.43,2015-06-26,-
2025-02-26,2772,众兴菌业,农牧饲渔,6.82,6.88,6.82,6.88,6.82,6905652,49370264.46,1.7701,0.56,0.84,否,0.69,1.176,1.625,-1.574,2.229,否,393241359,390135165,2823472957.62,2801170484.7,38.834206,0.82966,1.489893,6.88,6.88,6.88,6.84,7.05,6.66,6.43,2015-06-26,-
2025-02-27,2772,众兴菌业,农牧饲渔,6.87,6.98,6.86,6.96,6.86,9257547,66930864.8,2.3729,1.254,1.81,否,0.89,-1.277,2.053,0.578,3.571,否,393241359,390135165,2858864679.93,2836282649.55,39.320986,0.84006,1.508569,6.91,6.88,6.89,6.85,7.05,6.67,6.44,2015-06-26,-
2025-02-28,2772,众兴菌业,农牧饲渔,6.93,6.98,6.77,6.78,6.77,7635773,54703566.11,1.9572,-2.614,3.03,否,0.68,-0.877,-0.732,-1.597,-1.453,否,393241359,390135165,2784148821.72,2762156968.2,38.29334,0.818105,1.469142,6.9,6.87,6.89,6.85,7.05,6.68,6.44,2015-06-26,-
2025-03-03,2772,众兴菌业,农牧饲渔,6.8,6.91,6.8,6.84,6.8,5538173,39635077.49,1.4196,0.848,1.69,否,0.47,-0.581,0.588,-1.865,-1.156,否,393241359,390135165,2807743303.26,2785565078.1,38.617859,0.825038,1.481593,6.86,6.86,6.89,6.86,7.04,6.69,6.45,2015-06-26,-
2025-03-04,2772,众兴菌业,农牧饲渔,6.83,6.9,6.78,6.89,6.78,6724187,47946113.7,1.7236,0.7,1.82,否,0.79,-1.006,-2.27,1.773,-0.434,否,393241359,390135165,2827405371.21,2805071836.35,38.888293,0.830816,1.491968,6.87,6.87,6.89,6.87,7.04,6.7,6.45,2015-06-26,-
2025-03-05,2772,众兴菌业,农牧饲渔,6.91,6.91,6.78,6.84,6.78,5984349,42613836.07,1.5339,-0.695,1.95,否,0.83,0.885,0.0,0.293,0.293,否,393241359,390135165,2807743303.26,2785565078.1,38.617859,0.825038,1.481593,6.86,6.87,6.89,6.87,7.03,6.71,6.45,2015-06-26,-
2025-03-06,2772,众兴菌业,农牧饲渔,6.85,6.86,6.8,6.86,6.8,4744761,33874943.15,1.2162,0.28,0.84,否,0.68,0.292,-0.291,0.439,1.329,否,393241359,390135165,2815608130.44,2793367781.4,38.726033,0.827349,1.485743,6.84,6.87,6.89,6.88,7.02,6.72,6.46,2015-06-26,-
2025-03-07,2772,众兴菌业,农牧饲渔,6.85,6.88,6.82,6.84,6.82,4074199,29108158.88,1.0443,-0.279,0.84,否,0.67,-0.726,-1.724,0.588,0.441,否,393241359,390135165,2807743303.26,2785565078.1,38.617859,0.825038,1.481593,6.85,6.88,6.89,6.88,7.02,6.73,6.46,2015-06-26,-
2025-03-10,2772,众兴菌业,农牧饲渔,6.86,6.9,6.83,6.89,6.83,4793738,34380508.22,1.2287,0.7,1.12,否,0.89,0.731,1.622,-2.27,1.324,否,393241359,390135165,2827405371.21,2805071836.35,38.888293,0.830816,1.491968,6.86,6.86,6.88,6.88,7.01,6.74,6.46,2015-06-26,-
2025-03-11,2772,众兴菌业,农牧饲渔,6.86,6.91,6.82,6.9,6.82,4996700,35863457.0,1.2808,0.278,1.39,否,0.95,0.583,0.877,0.877,0.0,否,393241359,390135165,2835270198.39,2812874539.65,38.996466,0.833127,1.496118,6.87,6.87,6.88,6.88,7.01,6.75,6.46,2015-06-26,-
2025-03-12,2772,众兴菌业,农牧饲渔,6.9,6.92,6.86,6.9,6.86,3767300,27105381.0,0.9656,0.0,0.97,否,0.77,0.877,0.145,0.291,1.025,否,393241359,390135165,2835270198.39,2812874539.65,38.996466,0.833127,1.496118,6.88,6.87,6.87,6.88,7.0,6.76,6.47,2015-06-26,-
2025-03-13,2772,众兴菌业,农牧饲渔,6.91,7.11,6.9,7.1,6.9,14210431,103755072.3,3.6424,2.774,3.05,否,3.18,3.048,3.801,2.011,3.499,否,393241359,390135165,2913918470.19,2890901572.65,40.078199,0.856237,1.537619,6.93,6.88,6.88,6.89,7.0,6.77,6.47,2015-06-26,-
2025-03-14,2772,众兴菌业,农牧饲渔,7.07,7.12,7.03,7.12,7.03,10637195,78769178.19,2.7265,0.405,1.35,否,1.67,3.188,3.79,5.015,2.594,否,393241359,390135165,2925715710.96,2902605627.6,40.240458,0.859704,1.543845,6.98,6.92,6.89,6.9,6.99,6.78,6.47,2015-06-26,-
2025-03-17,2772,众兴菌业,农牧饲渔,7.16,7.32,7.14,7.27,7.14,12667621,95749119.51,3.247,2.016,2.42,否,1.65,5.362,6.287,6.287,3.857,否,393241359,390135165,2984701914.81,2961125902.35,41.051758,0.877037,1.574971,7.06,6.96,6.91,6.92,6.99,6.79,6.48,2015-06-26,-
2025-03-18,2772,众兴菌业,农牧饲渔,7.27,7.32,7.16,7.22,7.16,7397178,55634517.42,1.8961,-0.659,2.11,否,0.8,1.69,4.79,4.79,3.143,否,393241359,390135165,2965039846.86,2941619144.1,40.781325,0.871259,1.564595,7.12,6.99,6.93,6.93,6.98,6.81,6.48,2015-06-26,-
2025-03-19,2772,众兴菌业,农牧饲渔,7.22,7.23,7.1,7.14,7.1,10159252,75885199.0,2.604,-1.061,1.86,否,1.04,0.281,3.478,4.386,2.146,否,393241359,390135165,2933580538.14,2910408330.9,40.348632,0.862015,1.547995,7.17,7.02,6.95,6.94,6.97,6.82,6.49,2015-06-26,-
2025-03-20,2772,众兴菌业,农牧饲渔,7.14,7.21,7.11,7.21,7.11,6377826,47795579.0,1.6348,0.938,1.47,否,0.58,-0.825,4.493,5.102,4.191,否,393241359,390135165,2961107433.27,2937717792.45,40.727238,0.870103,1.56252,7.19,7.06,6.97,6.95,6.97,6.83,6.49,2015-06-26,-
2025-03-21,2772,众兴菌业,农牧饲渔,7.23,7.31,7.15,7.27,7.15,11228800,84684276.0,2.8782,0.797,2.12,否,1.19,0.693,2.394,6.287,5.515,否,393241359,390135165,2984701914.81,2961125902.35,41.051758,0.877037,1.574971,7.22,7.1,6.99,6.96,6.96,6.85,6.5,2015-06-26,-
2025-03-24,2772,众兴菌业,农牧饲渔,7.28,7.31,6.99,7.07,6.99,11648682,86670878.97,2.9858,-2.767,4.35,否,1.22,-0.98,-0.702,2.612,1.435,否,393241359,390135165,2902121229.42,2879197517.7,22.667606,0.87489,1.499628,7.18,7.12,6.99,6.96,6.96,6.86,6.5,2015-06-26,-
2025-03-25,2772,众兴菌业,农牧饲渔,7.12,7.12,6.91,7.05,6.91,9270292,67950752.97,2.3762,-0.271,2.85,否,0.99,-2.219,-3.026,2.174,4.136,否,393241359,390135165,2894256402.24,2871394814.4,22.606177,0.872519,1.495564,7.15,7.14,7.0,6.96,6.95,6.87,6.5,2015-06-26,-
2025-03-26,2772,众兴菌业,农牧饲渔,7.05,7.22,7.0,7.2,7.0,8457676,63139326.96,2.1679,2.174,3.13,否,0.87,-0.963,-0.277,4.348,5.572,否,393241359,390135165,2957175019.68,2933816440.8,23.097615,0.891487,1.528076,7.16,7.17,7.02,6.97,6.94,6.88,6.5,2015-06-26,-
2025-03-27,2772,众兴菌业,农牧饲渔,7.19,7.19,7.07,7.12,7.07,4828800,35933203.0,1.2377,-1.197,1.73,否,0.51,0.707,-0.28,0.282,4.246,否,393241359,390135165,2921783297.37,2898704275.95,22.821181,0.880818,1.509788,7.14,7.17,7.03,6.98,6.93,6.89,6.5,2015-06-26,-
2025-03-28,2772,众兴菌业,农牧饲渔,7.11,7.12,6.94,6.98,6.94,6981210,51080462.5,1.7894,-1.884,2.42,否,0.77,-0.993,-3.19,-1.966,2.647,否,393241359,390135165,2866729507.11,2844085352.85,22.391172,0.864221,1.48134,7.08,7.15,7.04,6.98,6.93,6.9,6.5,2015-06-26,-
2025-03-31,2772,众兴菌业,农牧饲渔,6.97,7.0,6.83,6.88,6.83,6633600,47766539.95,1.7003,-1.509,2.47,否,0.81,-4.444,-5.365,-5.365,-2.411,否,393241359,390135165,2823472957.62,2801170484.7,22.053308,0.85118,1.458988,7.05,7.11,7.04,6.98,6.93,6.9,6.49,2015-06-26,-
2025-04-01,2772,众兴菌业,农牧饲渔,6.9,7.09,6.89,7.03,6.89,6612701,48523668.78,1.695,2.228,2.92,否,0.91,-1.264,-0.566,-2.632,2.778,否,393241359,390135165,2886391575.06,2863592111.1,22.544747,0.870148,1.4915,7.04,7.1,7.04,6.99,6.92,6.91,6.49,2015-06-26,-
2025-04-02,2772,众兴菌业,农牧饲渔,7.05,7.08,7.0,7.07,7.0,4521526,33253370.62,1.159,0.545,1.09,否,0.67,1.289,0.284,-0.98,2.762,否,393241359,390135165,2902121229.42,2879197517.7,22.667606,0.87489,1.499628,7.02,7.09,7.06,6.99,6.92,6.91,6.49,2015-06-26,-
2025-04-03,2772,众兴菌业,农牧饲渔,7.06,7.19,7.02,7.16,7.02,6540439,48716870.11,1.6765,1.355,2.44,否,1.11,4.07,-0.556,-0.693,2.874,否,393241359,390135165,2941445365.32,2918211034.2,22.974755,0.886745,1.519948,7.02,7.08,7.07,7.01,6.92,6.92,6.48,2015-06-26,-
2025-04-07,2772,众兴菌业,农牧饲渔,6.97,7.52,6.77,6.91,6.77,28806453,214628265.7,7.3837,-3.476,10.43,否,4.6,-1.707,-2.949,-4.952,1.917,否,393241359,390135165,2839202611.98,2816775891.3,22.176168,0.855922,1.467116,7.01,7.05,7.07,7.01,6.92,6.92,6.48,2015-06-26,-
2025-04-08,2772,众兴菌业,农牧饲渔,6.95,7.6,6.95,7.6,6.95,40536003,312805944.87,10.3902,9.972,9.42,否,3.82,7.496,8.883,7.496,11.111,是,393241359,390135165,3122336390.46,3097673210.1,24.387642,0.941278,1.613421,7.15,7.1,7.11,7.03,6.93,6.93,6.48,2015-06-26,-
2025-04-09,2772,众兴菌业,农牧饲渔,7.66,8.03,7.29,7.6,7.29,55971214,447590358.7,14.3466,0.0,9.7,否,3.22,6.145,10.465,7.801,10.305,否,393241359,390135165,3122336390.46,3097673210.1,24.387642,0.941278,1.613421,7.27,7.16,7.15,7.05,6.95,6.94,6.48,2015-06-26,-
2025-04-10,2772,众兴菌业,农牧饲渔,7.37,7.8,7.37,7.8,7.37,48637813,386926043.88,12.4669,2.645,5.67,否,1.78,12.88,10.953,8.333,14.035,否,393241359,390135165,3204917075.85,3179601594.75,25.032655,0.966173,1.656093,7.41,7.22,7.19,7.08,6.96,6.95,6.49,2015-06-26,-
2025-04-11,2772,众兴菌业,农牧饲渔,7.66,7.66,7.3,7.33,7.3,34927427,270342545.83,8.9526,-6.135,4.66,否,0.97,-3.553,3.678,2.949,6.851,否,393241359,390135165,3008296396.35,2984534012.25,23.496909,0.906898,1.554492,7.45,7.24,7.2,7.1,6.97,6.96,6.49,2015-06-26,-
2025-04-14,2772,众兴菌业,农牧饲渔,7.33,7.62,7.33,7.52,7.33,25769949,200571461.91,6.6054,2.614,4.05,否,0.62,-1.053,5.028,7.736,9.942,否,393241359,390135165,3086944668.15,3062561045.25,24.111207,0.930608,1.595133,7.57,7.29,7.22,7.12,6.98,6.97,6.49,2015-06-26,-
2025-04-15,2772,众兴菌业,农牧饲渔,7.5,7.54,7.37,7.46,7.37,18254127,142202149.09,4.6789,-0.764,2.17,否,0.44,-4.359,7.959,8.43,8.273,否,393241359,390135165,3063350186.61,3039152935.35,23.926918,0.923495,1.582941,7.54,7.35,7.23,7.14,7.0,6.98,6.49,2015-06-26,-
2025-04-16,2772,众兴菌业,农牧饲渔,7.44,7.46,7.19,7.34,7.19,16955097,129616533.71,4.346,-1.669,3.59,否,0.46,0.136,-3.421,4.41,6.377,否,393241359,390135165,3012228809.94,2988435363.9,23.527624,0.908084,1.556525,7.49,7.38,7.24,7.16,7.01,6.99,6.49,2015-06-26,-
2025-04-17,2772,众兴菌业,农牧饲渔,7.34,7.5,7.28,7.47,7.28,17797600,137994213.0,4.5619,1.828,3.0,否,0.62,-0.665,-1.711,5.658,8.261,否,393241359,390135165,3067282600.2,3043054287.0,23.957633,0.924681,1.584973,7.42,7.42,7.25,7.18,7.03,7.0,6.49,2015-06-26,-
2025-04-18,2772,众兴菌业,农牧饲渔,7.45,7.48,7.29,7.37,7.29,12953396,99570661.33,3.3202,-1.282,2.56,否,0.57,-1.206,-5.513,2.933,3.803,否,393241359,390135165,3027958464.3,3004040770.5,23.650484,0.912826,1.564653,7.43,7.44,7.26,7.19,7.04,7.01,6.49,2015-06-26,-
2025-04-21,2772,众兴菌业,农牧饲渔,7.47,7.6,7.35,7.58,7.35,23133232,181197848.36,5.9295,2.857,3.38,否,1.26,3.27,3.411,9.696,6.461,否,393241359,390135165,3114471563.28,3089870506.8,22.01308,0.930314,1.621138,7.44,7.51,7.28,7.22,7.05,7.02,6.5,2015-06-26,-
2025-04-22,2772,众兴菌业,农牧饲渔,7.62,7.71,7.51,7.6,7.51,21972552,174090334.44,5.632,0.253,2.65,否,1.23,1.74,1.064,0.0,4.539,否,393241359,390135165,3122336390.46,3097673210.1,22.068669,0.932663,1.625232,7.47,7.51,7.3,7.24,7.06,7.03,6.5,2015-06-26,-
2025-04-23,2772,众兴菌业,农牧饲渔,7.57,7.58,7.4,7.43,7.4,16363010,127673844.25,4.1942,-2.267,2.39,否,0.88,0.814,-0.402,-2.237,2.909,否,393241359,390135165,3051552945.84,3027448880.4,21.568372,0.91152,1.588388,7.49,7.49,7.32,7.26,7.07,7.04,6.5,2015-06-26,-
2025-04-24,2772,众兴菌业,农牧饲渔,7.43,7.55,7.39,7.45,7.39,11655501,90872316.24,2.9876,0.258,2.06,否,0.63,-1.715,1.499,-4.487,4.342,否,393241359,390135165,3059417773.02,3035251583.7,21.62396,0.913869,1.592481,7.49,7.46,7.34,7.28,7.08,7.04,6.51,2015-06-26,-
2025-04-25,2772,众兴菌业,农牧饲渔,7.47,7.48,7.38,7.44,7.38,9505824,73785769.92,2.4365,-0.129,1.29,否,0.55,-2.105,-0.402,1.501,3.19,否,393241359,390135165,3055485359.43,3031350232.05,21.596166,0.912695,1.590435,7.5,7.47,7.35,7.29,7.09,7.05,6.51,2015-06-26,-
2025-04-28,2772,众兴菌业,农牧饲渔,7.47,7.58,7.34,7.39,7.34,13225900,102797015.9,3.3901,-0.644,3.35,否,0.8,-0.538,0.271,-1.729,1.651,否,393241359,390135165,3035823291.48,3011843473.8,21.457194,0.906821,1.5802,7.46,7.45,7.37,7.3,7.1,7.06,6.52,2015-06-26,-
2025-04-29,2772,众兴菌业,农牧饲渔,7.42,7.58,7.36,7.57,7.36,17023562,133740424.42,4.3635,2.332,2.85,否,1.17,1.611,-0.132,1.475,7.072,否,393241359,390135165,3106606736.1,3082067803.5,21.957492,0.927965,1.617044,7.46,7.46,7.41,7.31,7.11,7.06,6.52,2015-06-26,-
2025-04-30,2772,众兴菌业,农牧饲渔,7.53,7.58,7.4,7.4,7.4,14909514,116507901.71,3.8216,-2.152,2.41,否,1.1,-0.538,-2.632,0.817,4.965,否,393241359,390135165,3039755705.07,3015744825.45,21.484989,0.907996,1.582247,7.45,7.47,7.42,7.31,7.12,7.07,6.53,2015-06-26,-
2025-05-06,2772,众兴菌业,农牧饲渔,7.43,7.48,7.39,7.48,7.39,11646528,90400306.0,2.9853,1.035,1.16,否,0.88,1.218,0.673,0.134,3.889,否,393241359,390135165,3071215013.79,3046955638.65,21.707343,0.917393,1.598622,7.46,7.47,7.45,7.33,7.13,7.08,6.53,2015-06-26,-
2025-05-07,2772,众兴菌业,农牧饲渔,7.5,7.67,7.5,7.66,7.5,21795538,172860252.22,5.5867,2.433,2.3,否,1.64,1.189,2.819,3.935,7.584,否,393241359,390135165,3145930872.0,3121081320.0,22.235435,0.939711,1.637513,7.5,7.5,7.47,7.34,7.14,7.09,6.54,2015-06-26,-
2025-05-08,2772,众兴菌业,农牧饲渔,7.57,7.67,7.54,7.62,7.54,11987133,95286284.69,3.0726,-0.5,1.75,否,0.76,2.973,2.419,0.528,9.169,否,393241359,390135165,3130201217.64,3105475913.4,22.124258,0.935013,1.629326,7.55,7.5,7.51,7.35,7.16,7.09,6.54,2015-06-26,-
2025-05-09,2772,众兴菌业,农牧饲渔,7.65,7.69,7.56,7.69,7.56,14201253,113278150.79,3.6401,0.879,1.76,否,0.92,2.807,4.06,1.184,11.773,否,393241359,390135165,3157728112.77,3132785374.95,22.318818,0.943235,1.643654,7.57,7.51,7.51,7.37,7.17,7.1,6.55,2015-06-26,-
2025-05-12,2772,众兴菌业,农牧饲渔,7.72,7.73,7.53,7.58,7.53,14052425,111180570.17,3.6019,-1.37,2.62,否,0.94,-1.044,0.132,2.019,7.824,否,393241359,390135165,3114471563.28,3089870506.8,22.01308,0.930314,1.621138,7.61,7.53,7.51,7.39,7.18,7.11,6.55,2015-06-26,-
2025-05-13,2772,众兴菌业,农牧饲渔,7.58,7.6,7.52,7.56,7.52,8223138,64856944.87,2.1078,-0.379,1.14,否,0.56,-0.787,2.162,1.477,6.931,否,393241359,390135165,3102674322.51,3078166451.85,21.929697,0.92679,1.614997,7.62,7.54,7.5,7.4,7.19,7.11,6.55,2015-06-26,-
2025-05-14,2772,众兴菌业,农牧饲渔,7.54,7.58,7.49,7.57,7.49,8147578,64132664.87,2.0884,0.127,1.14,否,0.58,-1.56,1.203,1.747,5.726,否,393241359,390135165,3106606736.1,3082067803.5,21.957492,0.927965,1.617044,7.6,7.55,7.51,7.42,7.2,7.12,6.56,2015-06-26,-
2025-05-15,2772,众兴菌业,农牧饲渔,7.54,8.32,7.52,8.32,7.52,46339587,388509025.05,11.8778,10.0,10.63,否,4.09,9.763,8.616,12.585,20.405,是,393241359,390135165,3417267409.71,3390274583.85,24.153241,1.020761,1.778749,7.74,7.65,7.55,7.46,7.22,7.13,6.57,2015-06-26,-
2025-05-16,2772,众兴菌业,农牧饲渔,8.5,8.59,7.97,8.06,7.97,53061652,450041726.76,13.6008,-3.107,7.48,否,2.92,6.614,5.774,6.473,6.053,否,393241359,390135165,3311092242.78,3284938089.3,23.402795,0.989046,1.723483,7.82,7.69,7.58,7.5,7.24,7.14,6.57,2015-06-26,-
2025-05-19,2772,众兴菌业,农牧饲渔,8.03,8.04,7.82,7.95,7.82,28972248,231605145.96,7.4262,-1.353,2.83,否,1.12,5.02,3.381,7.432,4.605,否,393241359,390135165,3153795699.18,3128884023.3,22.291023,0.942061,1.641607,7.89,7.75,7.61,7.53,7.26,7.15,6.58,2015-06-26,-
2025-05-20,2772,众兴菌业,农牧饲渔,8.0,8.28,7.92,8.15,7.92,36883959,302205571.35,9.4541,2.494,4.49,否,1.27,-2.043,7.52,8.957,4.487,否,393241359,390135165,3232443970.98,3206911056.3,22.846909,0.965553,1.682545,8.01,7.82,7.64,7.57,7.28,7.16,6.58,2015-06-26,-
2025-05-21,2772,众兴菌业,农牧饲渔,8.03,8.12,7.91,7.97,7.91,23419906,188222417.32,6.003,-2.19,2.55,否,0.68,-1.117,5.423,4.047,8.731,否,393241359,390135165,3161660526.36,3136686726.6,22.346612,0.94441,1.645701,8.09,7.85,7.67,7.6,7.3,7.17,6.59,2015-06-26,-
2025-05-22,2772,众兴菌业,农牧饲渔,7.94,7.97,7.75,7.77,7.75,17743871,140234619.9,4.5481,-2.612,2.86,否,0.47,-2.264,2.642,1.969,3.324,否,393241359,390135165,3079079840.97,3054758341.95,21.762932,0.919742,1.602716,7.98,7.86,7.68,7.62,7.32,7.18,6.59,2015-06-26,-
2025-05-23,2772,众兴菌业,农牧饲渔,7.74,7.83,7.64,7.64,7.64,12586993,98068014.4,3.2263,-1.66,2.43,否,0.39,-6.258,-8.173,-0.65,2.413,否,393241359,390135165,3027958464.3,3004040770.5,21.401606,0.904472,1.576106,7.9,7.86,7.69,7.63,7.33,7.19,6.6,2015-06-26,-
2025-05-26,2772,众兴菌业,农牧饲渔,7.64,7.74,7.61,7.69,7.61,9700430,74942406.22,2.4864,0.649,1.69,否,0.41,-3.513,-4.591,1.451,4.768,否,393241359,390135165,3047620532.25,3023547528.75,21.540577,0.910345,1.586341,7.84,7.87,7.7,7.63,7.34,7.19,6.6,2015-06-26,-
2025-05-27,2772,众兴菌业,农牧饲渔,7.69,7.83,7.66,7.8,7.66,12284600,96096092.0,3.1488,1.419,2.19,否,0.61,0.386,-1.887,3.175,4.418,否,393241359,390135165,3090877081.74,3066462396.9,21.846315,0.923266,1.608857,7.77,7.89,7.72,7.63,7.36,7.2,6.6,2015-06-26,-
2025-05-28,2772,众兴菌业,农牧饲渔,7.78,7.82,7.69,7.77,7.69,8341800,65107918.0,2.1382,-0.382,1.65,否,0.55,1.702,-4.663,2.642,5.427,否,393241359,390135165,3079079840.97,3054758341.95,21.762932,0.919742,1.602716,7.73,7.91,7.73,7.64,7.37,7.21,6.61,2015-06-26,-
2025-05-29,2772,众兴菌业,农牧饲渔,7.74,7.82,7.68,7.8,7.68,9607442,75246947.3,2.4626,0.383,1.79,否,0.79,1.43,-2.133,-6.25,2.902,否,393241359,390135165,3090877081.74,3066462396.9,21.846315,0.923266,1.608857,7.74,7.86,7.75,7.65,7.39,7.22,6.61,2015-06-26,-
2025-05-30,2772,众兴菌业,农牧饲渔,7.77,7.87,7.71,7.76,7.71,10919100,85611673.0,2.7988,-0.509,2.04,否,1.04,-0.513,-0.129,-3.722,2.105,否,393241359,390135165,3075147427.38,3050856990.3,21.735137,0.918568,1.600669,7.76,7.83,7.76,7.66,7.4,7.22,6.62,2015-06-26,-
2025-06-03,2772,众兴菌业,农牧饲渔,7.69,7.8,7.67,7.8,7.67,7867896,61453612.03,2.0167,0.512,1.66,否,0.77,0.386,2.094,-1.887,4.98,否,393241359,390135165,3090877081.74,3066462396.9,21.846315,0.923266,1.608857,7.79,7.82,7.78,7.68,7.42,7.23,6.62,2015-06-26,-
2025-06-04,2772,众兴菌业,农牧饲渔,7.82,7.88,7.74,7.87,7.74,9828331,77474978.52,2.5192,1.018,1.91,否,1.0,0.897,2.341,-3.436,5.638,否,393241359,390135165,3122336390.46,3097673210.1,22.068669,0.932663,1.625232,7.8,7.79,7.8,7.69,7.43,7.23,6.63,2015-06-26,-
2025-06-05,2772,众兴菌业,农牧饲渔,7.87,7.88,7.76,7.83,7.76,8327770,65637819.04,2.1346,-0.63,1.64,否,0.89,0.902,0.385,-1.757,5.242,否,393241359,390135165,3102674322.51,3078166451.85,21.929697,0.92679,1.614997,7.81,7.77,7.81,7.71,7.45,7.24,6.63,2015-06-26,-
2025-06-06,2772,众兴菌业,农牧饲渔,7.8,7.87,7.78,7.83,7.78,6859500,54071891.0,1.7582,0.0,1.14,否,0.74,0.385,0.772,0.772,5.954,否,393241359,390135165,3102674322.51,3078166451.85,21.929697,0.92679,1.614997,7.82,7.78,7.82,7.72,7.47,7.24,6.64,2015-06-26,-
2025-06-09,2772,众兴菌业,农牧饲渔,7.88,8.2,7.88,7.98,7.88,18342947,148368384.27,4.7017,2.028,4.06,否,2.09,1.398,2.308,4.45,5.416,否,393241359,390135165,3165592939.95,3140588078.25,22.374406,0.945585,1.647748,7.86,7.81,7.84,7.73,7.49,7.25,6.64,2015-06-26,-
2025-06-10,2772,众兴菌业,农牧饲渔,8.09,8.27,7.97,8.11,7.97,22958921,187180452.21,5.8849,1.615,3.73,否,2.24,3.576,4.51,5.462,9.595,否,393241359,390135165,3216714316.62,3191305649.7,22.735732,0.960855,1.674357,7.92,7.86,7.86,7.75,7.51,7.26,6.65,2015-06-26,-
2025-06-11,2772,众兴菌业,农牧饲渔,8.11,8.13,8.01,8.05,8.01,12100453,98488121.11,3.1016,-0.734,1.47,否,0.91,2.81,3.205,3.205,7.62,否,393241359,390135165,3193119835.08,3167897539.8,22.568966,0.953807,1.662076,7.96,7.88,7.89,7.77,7.52,7.26,6.66,2015-06-26,-
2025-06-12,2772,众兴菌业,农牧饲渔,8.11,8.15,8.04,8.12,8.04,11454000,93552967.0,2.9359,0.862,1.35,否,0.83,1.754,3.177,4.505,6.005,否,393241359,390135165,3220646730.21,3195207001.35,22.763526,0.962029,1.676404,8.02,7.92,7.91,7.79,7.54,7.27,6.66,2015-06-26,-
2025-06-13,2772,众兴菌业,农牧饲渔,8.06,8.22,7.96,7.98,7.96,11830826,96169464.38,3.0325,-1.709,3.17,否,0.82,-1.603,1.916,2.308,4.724,否,393241359,390135165,3165592939.95,3140588078.25,22.374406,0.945585,1.647748,8.05,7.93,7.9,7.81,7.56,7.27,6.67,2015-06-26,-
2025-06-16,2772,众兴菌业,农牧饲渔,7.93,7.98,7.89,7.95,7.89,8699652,69549745.49,2.2299,-0.373,1.12,否,0.57,-1.242,1.533,2.448,3.381,否,393241359,390135165,3153795699.18,3128884023.3,22.291023,0.942061,1.641607,8.04,7.95,7.89,7.83,7.57,7.28,6.68,2015-06-26,-
2025-06-17,2772,众兴菌业,农牧饲渔,7.97,8.07,7.94,7.99,7.94,8656852,69840208.55,2.2189,0.499,1.62,否,0.65,-1.601,0.125,2.436,5.409,否,393241359,390135165,3169525353.54,3144489429.9,22.4022,0.946759,1.649794,8.02,7.97,7.89,7.85,7.58,7.28,6.68,2015-06-26,-
2025-06-18,2772,众兴菌业,农牧饲渔,7.99,8.02,7.87,7.9,7.87,7588562,60602138.32,1.9451,-1.117,1.86,否,0.72,-1.003,-2.589,0.381,4.497,否,393241359,390135165,3134133631.23,3109377265.05,22.152052,0.936187,1.631372,7.99,7.97,7.88,7.86,7.59,7.28,6.69,2015-06-26,-
2025-06-19,2772,众兴菌业,农牧饲渔,7.87,7.91,7.6,7.62,7.6,14137596,109685351.66,3.6238,-3.639,4.02,否,1.47,-4.151,-5.342,-2.682,0.661,否,393241359,390135165,3020093637.12,2996238067.2,21.346017,0.902123,1.572013,7.89,7.95,7.86,7.86,7.6,7.28,6.7,2015-06-26,-
2025-06-20,2772,众兴菌业,农牧饲渔,7.62,7.67,7.51,7.53,7.51,6619800,50519224.74,1.6968,-1.172,2.08,否,0.65,-5.757,-7.266,-3.831,-9.495,否,393241359,390135165,2984701914.81,2961125902.35,21.095869,0.891551,1.553591,7.8,7.92,7.85,7.85,7.6,7.28,6.71,2015-06-26,-
2025-06-23,2772,众兴菌业,农牧饲渔,7.49,7.65,7.41,7.63,7.41,6321526,48150443.0,1.6203,1.318,3.16,否,0.69,-3.418,-4.386,-4.386,-5.335,否,393241359,390135165,3024026050.71,3000139418.85,21.373812,0.903298,1.574059,7.73,7.89,7.85,7.85,7.61,7.28,6.71,2015-06-26,-
2025-06-24,2772,众兴菌业,农牧饲渔,7.62,7.82,7.6,7.78,7.6,7328726,57295236.72,1.8785,1.951,2.86,否,0.85,2.1,-2.138,-4.069,-2.138,否,393241359,390135165,3083012254.56,3058659693.6,21.790726,0.920917,1.604763,7.69,7.86,7.86,7.86,7.63,7.29,6.72,2015-06-26,-
2025-06-25,2772,众兴菌业,农牧饲渔,7.81,7.92,7.76,7.81,7.76,7878705,62083572.3,2.0195,0.383,2.17,否,0.94,3.718,-2.253,-2.981,-4.172,否,393241359,390135165,3094809495.33,3070363748.55,21.874109,0.924441,1.610904,7.67,7.83,7.86,7.87,7.64,7.29,6.73,2015-06-26,-
2025-06-26,2772,众兴菌业,农牧饲渔,7.82,7.82,7.72,7.73,7.72,5491771,42938969.67,1.4077,-1.017,1.27,否,0.65,1.311,-2.152,-4.803,-3.011,否,393241359,390135165,3063350186.61,3039152935.35,21.651755,0.915044,1.594528,7.7,7.79,7.85,7.87,7.65,7.29,6.73,2015-06-26,-
2025-06-27,2772,众兴菌业,农牧饲渔,7.74,7.79,7.69,7.73,7.69,5205552,40561694.04,1.3343,0.0,1.28,否,0.77,-0.643,1.444,-3.133,-0.515,否,393241359,390135165,3063350186.61,3039152935.35,21.651755,0.915044,1.594528,7.74,7.77,7.85,7.85,7.66,7.3,6.74,2015-06-26,-
2025-06-30,2772,众兴菌业,农牧饲渔,7.73,7.79,7.69,7.75,7.69,6464471,50375232.8,1.657,0.257,1.28,否,1.0,-0.768,2.922,-2.516,1.44,否,393241359,390135453,3071215013.79,3046957887.93,21.707343,0.917393,1.598622,7.76,7.75,7.85,7.84,7.67,7.3,6.75,2015-06-26,-
2025-07-01,2772,众兴菌业,农牧饲渔,7.74,7.85,7.74,7.85,7.74,8188488,64435789.82,2.0989,1.28,1.41,否,1.26,1.552,2.883,-1.752,2.081,否,393241359,390135453,3110539149.69,3085971433.23,21.985286,0.92914,1.619091,7.77,7.73,7.85,7.84,7.69,7.3,6.76,2015-06-26,-
2025-07-02,2772,众兴菌业,农牧饲渔,7.85,7.89,7.82,7.88,7.82,6127726,48566049.92,1.5707,0.506,1.01,否,0.92,1.94,1.285,-0.253,1.026,否,393241359,390135453,3126268804.05,3101576851.35,22.096463,0.933838,1.627279,7.79,7.73,7.85,7.83,7.7,7.31,6.77,2015-06-26,-
2025-07-03,2772,众兴菌业,农牧饲渔,7.87,7.92,7.85,7.88,7.85,6333305,50326635.65,1.6234,0.0,1.01,否,1.01,1.677,0.896,3.412,1.416,否,393241359,390135453,3126268804.05,3101576851.35,22.096463,0.933838,1.627279,7.82,7.76,7.86,7.83,7.71,7.32,6.77,2015-06-26,-
2025-07-04,2772,众兴菌业,农牧饲渔,7.88,7.92,7.86,7.87,7.86,6651540,52878892.12,1.7049,-0.126,0.88,否,1.03,0.255,1.811,4.515,0.897,否,393241359,390135453,3122336390.46,3097675496.82,22.068669,0.932663,1.625232,7.85,7.79,7.86,7.83,7.73,7.32,6.78,2015-06-26,-
2025-07-07,2772,众兴菌业,农牧饲渔,7.87,8.01,7.8,8.0,7.8,7963121,63733554.32,2.0411,1.637,2.77,否,1.18,1.523,3.493,4.849,3.093,否,393241359,390135453,3173457767.13,3148393105.71,22.429995,0.947934,1.651841,7.9,7.83,7.86,7.84,7.73,7.33,6.79,2015-06-26,-
2025-07-08,2772,众兴菌业,农牧饲渔,7.98,7.99,7.9,7.98,7.9,7119021,57071090.79,1.8248,-0.248,1.12,否,1.01,1.269,2.968,2.571,2.308,否,393241359,390135453,3165592939.95,3140590396.65,22.374406,0.945585,1.647748,7.92,7.85,7.85,7.85,7.74,7.34,6.8,2015-06-26,-
2025-07-09,2772,众兴菌业,农牧饲渔,7.98,8.01,7.92,7.96,7.92,6236010,50101723.5,1.5984,-0.248,1.12,否,0.91,1.144,1.401,1.921,1.144,否,393241359,390135453,3157728112.77,3132787687.59,22.318818,0.943235,1.643654,7.94,7.86,7.85,7.86,7.74,7.35,6.81,2015-06-26,-
2025-07-10,2772,众兴菌业,农牧饲渔,7.95,7.98,7.88,7.97,7.88,6060276,48500002.73,1.5534,0.125,1.25,否,0.88,-0.375,1.142,3.105,1.788,否,393241359,390135453,3161660526.36,3136689042.12,22.346612,0.94441,1.645701,7.96,7.89,7.84,7.86,7.75,7.36,6.82,2015-06-26,-
2025-07-11,2772,众兴菌业,农牧饲渔,7.99,8.0,7.93,7.99,7.93,7221820,58106361.55,1.8511,0.249,0.87,否,1.06,0.125,1.396,3.364,2.043,否,393241359,390135453,3169525353.54,3144491751.18,22.4022,0.946759,1.649794,7.98,7.91,7.84,7.87,7.76,7.37,6.83,2015-06-26,-
2025-07-14,2772,众兴菌业,农牧饲渔,8.0,8.1,7.98,8.05,7.98,6910858,56109553.82,1.7714,0.744,1.49,否,1.0,1.131,2.287,3.871,0.877,否,393241359,390135453,3193119835.08,3167899878.36,22.568966,0.953807,1.662076,7.99,7.94,7.85,7.88,7.77,7.39,6.84,2015-06-26,-
2025-07-15,2772,众兴菌业,农牧饲渔,8.37,8.43,8.06,8.12,8.06,17153183,141382702.14,4.3967,0.862,4.56,否,2.56,1.882,1.5,3.439,0.123,否,393241359,390135453,3220646730.21,3195209360.07,22.763526,0.962029,1.676404,8.02,7.97,7.85,7.89,7.78,7.4,6.84,2015-06-26,-
2025-07-16,2772,众兴菌业,农牧饲渔,8.08,8.25,8.08,8.23,8.08,12290247,101418052.66,3.1503,1.343,2.08,否,1.41,3.004,3.133,4.442,2.236,否,393241359,390135453,3263903279.7,3238124259.9,23.069264,0.97495,1.69892,8.07,8.01,7.87,7.9,7.8,7.41,6.85,2015-06-26,-
2025-07-17,2772,众兴菌业,农牧饲渔,8.18,8.31,8.17,8.19,8.17,7587873,62926152.42,1.9449,-0.482,1.69,否,0.76,1.739,2.889,3.934,0.862,否,393241359,390135453,3248173625.34,3222518841.78,22.958086,0.970252,1.690732,8.12,8.04,7.9,7.92,7.81,7.42,6.86,2015-06-26,-
2025-07-18,2772,众兴菌业,农牧饲渔,8.2,8.24,8.15,8.18,8.15,5987221,49362203.14,1.5347,-0.121,1.09,否,0.59,0.739,2.635,3.939,2.506,否,393241359,390135453,3244241211.75,3218617487.25,22.930292,0.969077,1.688685,8.15,8.07,7.93,7.93,7.82,7.43,6.87,2015-06-26,-
2025-07-21,2772,众兴菌业,农牧饲渔,8.18,8.27,8.16,8.24,8.16,6699026,55603299.32,1.7171,0.727,1.33,否,0.67,0.122,3.129,3.0,3.648,否,393241359,390135453,3267835693.29,3242025614.43,23.097058,0.976125,1.700967,8.19,8.09,7.96,7.94,7.83,7.45,6.88,2015-06-26,-
2025-07-22,2772,众兴菌业,农牧饲渔,8.22,8.25,8.12,8.2,8.12,8216800,67795657.0,2.1061,-0.481,1.56,否,0.83,0.122,1.863,2.757,2.628,否,393241359,390135453,3252106038.93,3226420196.31,22.985881,0.971427,1.692779,8.21,8.11,7.98,7.94,7.84,7.46,6.9,2015-06-26,-
2025-07-23,2772,众兴菌业,农牧饲渔,8.22,8.28,8.14,8.15,8.14,7099877,58678832.98,1.8199,-0.605,1.69,否,0.87,-0.367,0.369,2.387,3.165,否,393241359,390135453,3232443970.98,3206913423.66,22.846909,0.965553,1.682545,8.19,8.13,8.0,7.94,7.86,7.47,6.91,2015-06-26,-
2025-07-24,2772,众兴菌业,农牧饲渔,8.14,8.2,8.14,8.18,8.14,6292478,51901598.5,1.6129,0.365,0.73,否,0.88,-0.728,-0.608,2.635,7.349,否,393241359,390135453,3244241211.75,3218617487.25,22.930292,0.969077,1.688685,8.19,8.15,8.02,7.94,7.87,7.48,6.92,2015-06-26,-
2025-07-25,2772,众兴菌业,农牧饲渔,8.21,8.25,8.15,8.18,8.15,6321900,52253694.0,1.6204,0.0,1.21,否,0.92,-0.244,-0.122,2.378,8.632,否,393241359,390135453,3244241211.75,3218617487.25,22.930292,0.969077,1.688685,8.19,8.17,8.04,7.95,7.88,7.49,6.93,2015-06-26,-
2025-07-28,2772,众兴菌业,农牧饲渔,8.23,8.27,8.19,8.22,8.19,5825668,48296231.78,1.4932,0.485,0.97,否,0.84,0.859,0.489,2.112,7.733,否,393241359,390135453,3259970866.11,3234222905.37,23.041469,0.973776,1.696873,8.19,8.19,8.07,7.96,7.89,7.5,6.94,2015-06-26,-
2025-07-29,2772,众兴菌业,农牧饲渔,8.21,8.21,8.05,8.13,8.05,7367026,60235571.68,1.8883,-1.086,1.93,否,1.09,-0.611,-1.335,0.123,4.499,否,393241359,390135453,3224579143.8,3199110714.6,22.791321,0.963204,1.678451,8.17,8.19,8.08,7.96,7.9,7.51,6.95,2015-06-26,-
2025-07-30,2772,众兴菌业,农牧饲渔,8.13,8.18,8.08,8.15,8.08,6543441,53703749.84,1.6772,0.244,1.22,否,0.99,-0.367,-0.61,-0.972,4.353,否,393241359,390135453,3232443970.98,3206913423.66,22.846909,0.965553,1.682545,8.17,8.18,8.09,7.97,7.92,7.52,6.96,2015-06-26,-
2025-07-31,2772,众兴菌业,农牧饲渔,8.23,8.25,8.06,8.08,8.06,7478100,61302148.0,1.9168,-0.852,2.31,否,1.16,-1.703,-0.859,-1.343,4.528,否,393241359,390135453,3204917075.85,3179603941.95,22.652349,0.957331,1.668216,8.15,8.17,8.1,7.99,7.92,7.53,6.97,2015-06-26,-
2025-08-01,2772,众兴菌业,农牧饲渔,8.06,8.21,8.06,8.13,8.06,7126210,58496326.1,1.8266,0.614,1.84,否,1.06,0.0,-0.611,-0.611,5.175,否,393241359,390135453,3224579143.8,3199110714.6,22.791321,0.963204,1.678451,8.14,8.17,8.12,8.01,7.93,7.54,6.98,2015-06-26,-
2025-08-04,2772,众兴菌业,农牧饲渔,8.09,8.19,8.06,8.13,8.06,4479700,36761150.0,1.1482,0.0,1.59,否,0.65,-0.245,-0.611,-1.335,4.903,否,393241359,390135453,3224579143.8,3199110714.6,22.791321,0.963204,1.678451,8.12,8.16,8.12,8.02,7.94,7.55,6.99,2015-06-26,-
2025-08-05,2772,众兴菌业,农牧饲渔,8.15,8.26,8.15,8.24,8.15,7648826,63485616.07,1.9606,1.342,1.34,否,1.16,1.98,0.243,0.488,4.968,否,393241359,390135453,3267835693.29,3242025614.43,23.097058,0.976125,1.700967,8.15,8.16,8.14,8.04,7.95,7.56,7.0,2015-06-26,-
2025-08-06,2772,众兴菌业,农牧饲渔,8.26,8.27,8.18,8.22,8.18,5203700,43088674.0,1.3338,-0.241,1.08,否,0.78,1.107,1.107,0.859,4.315,否,393241359,390135453,3259970866.11,3234222905.37,23.041469,0.973776,1.696873,8.16,8.17,8.15,8.05,7.96,7.57,7.01,2015-06-26,-
2025-08-07,2772,众兴菌业,农牧饲渔,8.22,8.29,8.22,8.25,8.22,6629914,55199728.34,1.6994,0.362,0.84,否,1.04,1.476,1.227,0.856,4.695,否,393241359,390135453,3271768106.88,3245926968.96,23.124852,0.9773,1.703014,8.19,8.17,8.16,8.07,7.97,7.58,7.02,2015-06-26,-
2025-08-08,2772,众兴菌业,农牧饲渔,8.26,8.33,8.2,8.32,8.2,7027300,58673527.0,1.8012,0.841,1.56,否,1.13,0.971,2.97,1.711,5.718,否,393241359,390135453,3299295002.01,3273236450.67,23.319412,0.985522,1.717342,8.23,8.19,8.18,8.09,7.97,7.6,7.03,2015-06-26,-
2025-08-11,2772,众兴菌业,农牧饲渔,8.34,8.45,8.31,8.36,8.31,9058431,76391441.13,2.3219,0.477,1.67,否,1.46,1.703,2.829,1.703,4.5,否,393241359,390135453,3315024656.37,3288841868.79,23.430589,0.990221,1.725529,8.28,8.2,8.2,8.11,7.98,7.61,7.05,2015-06-26,-
2025-08-12,2772,众兴菌业,农牧饲渔,8.36,8.42,8.29,8.32,8.29,6956428,58489401.64,1.7831,-0.475,1.54,否,0.98,0.848,2.337,2.337,4.261,否,393241359,390135453,3299295002.01,3273236450.67,23.319412,0.985522,1.717342,8.29,8.22,8.21,8.13,7.98,7.62,7.06,2015-06-26,-
2025-08-13,2772,众兴菌业,农牧饲渔,8.36,8.4,8.26,8.34,8.26,6893000,57731202.0,1.7668,0.238,1.67,否,0.99,0.24,1.214,2.331,4.774,否,393241359,390135453,3307159829.19,3281039159.73,23.375001,0.987872,1.721436,8.32,8.24,8.21,8.14,7.99,7.63,7.07,2015-06-26,-
2025-08-14,2772,众兴菌业,农牧饲渔,8.36,8.37,8.16,8.16,8.16,7952215,66154128.4,2.0383,-2.14,2.5,否,1.09,-2.392,-0.73,0.99,2.384,否,393241359,390135453,3236376384.57,3210814778.19,22.874703,0.966728,1.684592,8.3,8.25,8.21,8.15,7.99,7.65,7.08,2015-06-26,-
2025-08-15,2772,众兴菌业,农牧饲渔,8.16,8.26,8.16,8.2,8.16,9254172,76499188.3,2.372,0.486,1.22,否,1.22,-1.442,-0.606,0.861,2.628,否,393241359,390135453,3252106038.93,3226420196.31,22.985881,0.971427,1.692779,8.28,8.25,8.21,8.16,8.0,7.66,7.09,2015-06-26,-
2025-08-18,2772,众兴菌业,农牧饲渔,8.36,8.4,8.15,8.17,8.15,15453015,128713375.45,3.9609,-0.363,3.02,否,1.93,-2.038,-1.803,0.492,1.491,否,393241359,390135453,3240308798.16,3214716132.72,19.336984,0.995132,1.680315,8.24,8.26,8.21,8.17,8.01,7.67,7.1,2015-06-26,-
2025-08-19,2772,众兴菌业,农牧饲渔,8.21,8.21,8.12,8.13,8.12,8979245,73808598.83,2.3016,-0.485,1.09,否,0.97,-0.368,-2.751,-1.335,0.123,否,393241359,390135453,3224579143.8,3199110714.6,19.243116,0.990301,1.672158,8.2,8.25,8.2,8.17,8.01,7.68,7.11,2015-06-26,-
2025-08-20,2772,众兴菌业,农牧饲渔,8.12,8.19,8.11,8.18,8.11,6811311,56000910.42,1.7459,0.61,0.98,否,0.7,-0.244,-1.683,-0.487,-0.608,否,393241359,390135453,3244241211.75,3218617487.25,19.360452,0.99634,1.682354,8.17,8.24,8.2,8.18,8.02,7.69,7.12,2015-06-26,-
2025-08-21,2772,众兴菌业,农牧饲渔,8.2,8.27,8.18,8.21,8.18,8127929,67383943.03,2.0834,0.364,1.09,否,0.84,0.49,-1.559,-0.485,0.244,否,393241359,390135453,3256038452.52,3230321550.84,19.430853,0.999963,1.688472,8.18,8.24,8.21,8.19,8.03,7.7,7.13,2015-06-26,-
2025-08-22,2772,众兴菌业,农牧饲渔,8.21,8.23,8.07,8.16,8.07,10289571,84288144.47,2.6374,-0.604,1.93,否,1.06,0.369,0.0,-1.923,-0.244,否,393241359,390135453,3236376384.57,3210814778.19,19.313517,0.993924,1.678276,8.17,8.22,8.21,8.19,8.03,7.71,7.14,2015-06-26,-
2025-08-25,2772,众兴菌业,农牧饲渔,8.15,8.2,8.12,8.18,8.12,8184274,67414565.22,2.0978,0.243,0.97,否,0.82,0.0,-0.244,-2.153,-0.728,否,393241359,390135453,3244241211.75,3218617487.25,19.360452,0.99634,1.682354,8.17,8.21,8.2,8.2,8.04,7.72,7.15,2015-06-26,-
2025-08-26,2772,众兴菌业,农牧饲渔,8.18,8.28,8.14,8.25,8.14,8588665,71319908.24,2.2015,0.849,1.7,否,1.01,0.487,0.979,-0.841,0.61,否,393241359,390135453,3271768106.88,3245926968.96,19.524722,1.004793,1.696629,8.2,8.2,8.21,8.2,8.05,7.73,7.16,2015-06-26,-
2025-08-27,2772,众兴菌业,农牧饲渔,8.25,8.27,8.04,8.05,8.04,10404920,85467177.21,2.667,-2.404,2.76,否,1.24,-1.348,-0.984,-3.477,-1.227,否,393241359,390135453,3193119835.08,3167899878.36,19.055378,0.98064,1.655844,8.17,8.17,8.2,8.2,8.05,7.74,7.17,2015-06-26,-
2025-08-28,2772,众兴菌业,农牧饲渔,8.03,8.1,7.76,7.96,7.76,10020078,80175762.0,2.5684,-1.108,4.31,否,1.1,-2.689,-2.689,-2.451,-2.689,否,393241359,390135453,3157728112.77,3132787687.59,18.844173,0.969771,1.637491,8.12,8.15,8.2,8.19,8.05,7.75,7.17,2015-06-26,-
2025-08-29,2772,众兴菌业,农牧饲渔,7.95,8.02,7.91,7.92,7.91,5757261,46263281.64,1.4757,-0.498,1.37,否,0.61,-4.0,-3.532,-3.415,-3.178,否,393241359,390135453,3141998458.41,3117182269.47,18.750304,0.96494,1.629334,8.07,8.12,8.19,8.18,8.05,7.76,7.18,2015-06-26,-
2025-09-01,2772,众兴菌业,农牧饲渔,7.93,7.99,7.77,7.99,7.77,6658570,53344562.55,1.7067,0.876,2.88,否,0.78,-0.745,-2.083,-2.203,-2.798,否,393241359,390135453,3169525353.54,3144491751.18,18.914575,0.973394,1.643609,8.03,8.1,8.18,8.17,8.05,7.77,7.19,2015-06-26,-
2025-09-02,2772,众兴菌业,农牧饲渔,7.95,7.98,7.85,7.95,7.85,5676100,45329432.0,1.4549,-0.496,1.74,否,0.69,-0.126,-2.812,-2.214,-2.214,否,393241359,390135453,3153795699.18,3128886333.06,18.820706,0.968563,1.635452,7.97,8.09,8.17,8.16,8.05,7.78,7.2,2015-06-26,-
2025-09-03,2772,众兴菌业,农牧饲渔,7.97,7.97,7.75,7.77,7.75,5932069,46878686.62,1.5205,-2.369,2.87,否,0.77,-1.894,-5.818,-5.012,-4.663,否,393241359,390135453,3079079840.97,3054760596.99,18.374829,0.945617,1.596707,7.92,8.04,8.14,8.15,8.05,7.79,7.21,2015-06-26,-
2025-09-04,2772,众兴菌业,农牧饲渔,7.79,7.93,7.74,7.91,7.74,7253339,57494184.59,1.8592,1.916,2.55,否,1.07,-1.001,-1.739,-3.654,-2.104,否,393241359,390135453,3138066044.82,3113280914.94,18.726837,0.963732,1.627295,7.91,8.01,8.13,8.14,8.04,7.79,7.22,2015-06-26,-
2025-09-05,2772,众兴菌业,农牧饲渔,7.93,7.93,7.76,7.87,7.76,5475105,43256730.79,1.4034,-0.627,2.26,否,0.88,-1.006,-1.131,-3.554,-3.198,否,393241359,390135453,3118403976.87,3093774142.29,18.609501,0.957694,1.617099,7.9,7.99,8.1,8.13,8.04,7.8,7.23,2015-06-26,-
2025-09-08,2772,众兴菌业,农牧饲渔,7.87,7.99,7.85,7.97,7.85,6011487,48208185.2,1.5409,1.387,1.89,否,0.97,2.574,0.631,-2.567,-1.968,否,393241359,390135453,3161660526.36,3136689042.12,18.86764,0.970978,1.63953,7.89,7.96,8.08,8.12,8.04,7.8,7.24,2015-06-26,-
2025-09-09,2772,众兴菌业,农牧饲渔,8.0,8.0,7.88,7.92,7.88,4708700,37672544.0,1.2069,-0.622,1.49,否,0.78,0.126,-0.876,-4.0,-3.883,否,393241359,390135453,3141998458.41,3117182269.47,18.750304,0.96494,1.629334,7.89,7.93,8.06,8.12,8.04,7.81,7.25,2015-06-26,-
2025-09-10,2772,众兴菌业,农牧饲渔,7.93,8.31,7.91,8.27,7.91,22076727,181347563.59,5.6587,4.381,5.01,否,3.76,5.083,4.025,2.733,0.608,否,393241359,390135453,3279632934.06,3253729678.02,19.571657,1.007209,1.700707,7.99,7.95,8.06,8.12,8.05,7.82,7.26,2015-06-26,-
2025-09-11,2772,众兴菌业,农牧饲渔,8.43,9.09,8.36,9.09,8.36,32832411,294173850.79,8.4156,9.952,8.87,否,3.61,14.053,16.988,14.196,10.182,是,393241359,390135453,3606023262.03,3577542104.01,21.519435,1.107447,1.869962,8.22,8.07,8.11,8.15,8.07,7.84,7.27,2015-06-26,-
2025-09-12,2772,众兴菌业,农牧饲渔,9.25,10.01,9.22,10.01,9.22,71253988,703860336.48,18.2639,10.033,8.62,否,5.01,26.389,26.549,26.389,20.313,是,393241359,390135453,3967805312.31,3936466720.77,23.678419,1.218554,2.05757,8.65,8.28,8.2,8.22,8.11,7.86,7.29,2015-06-26,-
2025-09-15,2772,众兴菌业,农牧饲渔,9.93,10.59,9.57,9.87,9.57,78585077,790895949.85,20.143,-1.388,10.21,否,2.87,19.347,25.413,23.529,18.062,否,393241359,390135453,3912751522.05,3881847757.35,23.349878,1.201646,2.029021,9.03,8.46,8.28,8.27,8.15,7.88,7.3,2015-06-26,-
2025-09-16,2772,众兴菌业,农牧饲渔,9.87,10.42,9.65,10.21,9.65,54670808,558634770.98,14.0133,3.417,7.84,否,1.31,12.321,28.105,28.428,22.716,否,393241359,390135453,4046453584.11,4014493811.37,24.147763,1.242707,2.098354,9.49,8.69,8.39,8.34,8.19,7.91,7.32,2015-06-26,-
2025-09-17,2772,众兴菌业,农牧饲渔,10.11,10.56,9.94,10.45,9.94,43774962,452723003.19,11.2205,2.43,6.12,否,0.84,4.396,31.944,34.492,25.3,否,393241359,390135453,4144763923.86,4112027674.62,24.734444,1.272899,2.149335,9.93,8.96,8.5,8.41,8.23,7.93,7.34,2015-06-26,-
2025-09-18,2772,众兴菌业,农牧饲渔,10.46,10.77,9.83,9.96,9.83,39305483,405284111.52,10.0748,-4.744,9.01,否,0.7,0.912,20.435,25.917,22.059,否,393241359,390135453,3948143244.36,3916959948.12,23.561083,1.212515,2.047374,10.1,9.16,8.59,8.47,8.27,7.96,7.36,2015-06-26,-
2025-09-19,2772,众兴菌业,农牧饲渔,10.11,10.45,9.93,9.98,9.93,28282966,289507808.56,7.2495,0.199,5.28,否,0.49,-2.253,9.791,26.811,21.707,否,393241359,390135453,3956008071.54,3924762657.18,23.608017,1.21493,2.051452,10.09,9.37,8.68,8.53,8.31,7.98,7.37,2015-06-26,-
2025-09-22,2772,众兴菌业,农牧饲渔,9.95,10.02,9.46,9.67,9.46,22059466,216337550.24,5.6543,-3.082,5.57,否,0.45,-7.464,-3.397,21.33,18.36,否,393241359,390135453,3834103250.25,3803820666.75,22.880534,1.177492,1.988237,10.05,9.54,8.75,8.57,8.34,8.01,7.39,2015-06-26,-
2025-09-23,2772,众兴菌业,农牧饲渔,9.66,10.01,9.41,9.53,9.41,19199068,186177218.82,4.9211,-1.436,6.15,否,0.51,-4.317,-3.445,20.328,17.22,否,393241359,390135453,3779049459.99,3749201703.33,22.551993,1.160585,1.959688,9.92,9.7,8.82,8.61,8.37,8.03,7.4,2015-06-26,-
2025-09-24,2772,众兴菌业,农牧饲渔,9.49,9.56,9.25,9.32,9.25,17464900,164904114.0,4.4766,-2.185,3.23,否,0.57,-6.613,-8.717,12.696,13.936,否,393241359,390135453,3696468774.6,3667273258.2,22.059181,1.135223,1.916864,9.69,9.81,8.88,8.64,8.39,8.05,7.42,2015-06-26,-
2025-09-25,2772,众兴菌业,农牧饲渔,9.35,9.37,8.89,9.14,8.89,25653675,234880840.15,6.5756,-1.915,5.21,否,1.02,-5.481,-12.536,0.55,11.328,否,393241359,390135453,3625685329.98,3597048876.66,21.636771,1.113485,1.880158,9.53,9.81,8.94,8.68,8.41,8.06,7.43,2015-06-26,-
2025-09-26,2772,众兴菌业,农牧饲渔,9.59,10.06,9.34,10.06,9.34,44676072,436803007.76,11.4514,9.978,7.81,否,1.98,5.561,1.004,0.5,23.284,是,393241359,390135453,3987467380.26,3955973493.42,23.795755,1.224592,2.067766,9.54,9.82,9.05,8.74,8.45,8.09,7.45,2015-06-26,-
2025-09-29,2772,众兴菌业,农牧饲渔,10.06,10.64,9.95,10.35,9.95,48191513,503628174.49,12.3525,2.959,6.9,否,1.87,11.052,3.707,4.863,26.528,否,393241359,390135453,4105439787.96,4073014129.32,24.499772,1.260822,2.128943,9.68,9.87,9.17,8.81,8.49,8.11,7.47,2015-06-26,-
2025-09-30,2772,众兴菌业,农牧饲渔,10.32,10.52,10.08,10.29,10.08,28831756,299957407.92,7.3902,-0.671,4.31,否,0.93,12.582,6.412,0.784,24.727,否,393241359,390135453,4077912892.83,4045704647.61,24.335501,1.252369,2.114668,9.83,9.88,9.28,8.88,8.53,8.13,7.49,2015-06-26,-
2025-10-09,2772,众兴菌业,农牧饲渔,10.29,10.3,9.93,10.26,9.93,19818255,202949029.16,5.0798,-0.289,3.66,否,0.6,1.988,7.66,-1.818,27.453,否,393241359,390135453,4066115652.06,4034000584.02,24.265099,1.248746,2.10855,10.02,9.86,9.41,8.95,8.57,8.15,7.5,2015-06-26,-
2025-10-10,2772,众兴菌业,农牧饲渔,10.28,10.55,10.08,10.39,10.08,17075315,177490546.1,4.3768,1.354,4.64,否,0.51,0.386,11.481,4.317,30.528,否,393241359,390135453,4121169442.32,4088619547.44,24.59364,1.265653,2.137099,10.27,9.9,9.53,9.03,8.61,8.18,7.52,2015-06-26,-
2025-10-13,2772,众兴菌业,农牧饲渔,10.2,10.71,9.96,10.18,9.96,25687901,263016873.5,6.5844,-2.099,7.25,否,0.81,-1.069,11.379,2.004,28.535,否,393241359,390135453,4034656343.34,4002789747.78,24.077362,1.239084,2.092237,10.29,9.92,9.65,9.09,8.64,8.2,7.54,2015-06-26,-
2025-10-14,2772,众兴菌业,农牧饲渔,10.22,10.94,10.08,10.38,10.08,32578907,347440803.58,8.3507,2.047,8.48,否,1.17,1.17,3.181,7.342,29.912,否,393241359,390135453,4117237028.73,4084718192.91,24.570173,1.264446,2.13506,10.3,9.99,9.77,9.17,8.68,8.23,7.56,2015-06-26,-
2025-10-15,2772,众兴菌业,农牧饲渔,10.32,10.74,10.16,10.23,10.16,29078787,303889081.43,7.4535,-1.528,5.64,否,1.17,-1.54,-1.159,7.345,28.679,否,393241359,390135453,4054318411.29,4022296520.43,24.194698,1.245123,2.102433,10.29,10.06,9.88,9.23,8.72,8.25,7.57,2015-06-26,-
2025-10-16,2772,众兴菌业,农牧饲渔,10.42,10.47,9.97,9.98,9.97,21423905,218579492.9,5.4914,-2.425,4.95,否,0.86,-1.965,-3.013,7.082,28.443,否,393241359,390135453,3956008071.54,3924762657.18,23.608017,1.21493,2.051452,10.23,10.13,9.97,9.3,8.75,8.27,7.59,2015-06-26,-
2025-10-17,2772,众兴菌业,农牧饲渔,9.98,10.07,9.64,9.92,9.64,18970498,188767578.62,4.8625,-0.596,4.27,否,0.75,-4.432,-3.314,8.534,25.411,否,393241359,390135453,3932413590.0,3901354530.0,23.467214,1.207684,2.039217,10.14,10.2,10.01,9.36,8.78,8.29,7.6,2015-06-26,-
2025-10-20,2772,众兴菌业,农牧饲渔,9.98,10.76,9.98,10.07,9.98,19726126,203096025.02,5.0562,1.5,7.9,否,0.77,-1.564,-3.08,0.099,27.954,否,393241359,390135453,3991399793.85,3959874847.95,23.819222,1.2258,2.069805,10.12,10.21,10.01,9.43,8.81,8.31,7.61,2015-06-26,-
2025-10-21,2772,众兴菌业,农牧饲渔,10.17,11.08,10.17,11.08,10.17,10923243,119332379.46,2.7999,10.049,9.06,否,0.45,11.022,8.841,7.053,39.021,是,393241359,390135453,4392505980.03,4357813010.01,26.212878,1.348983,2.277805,10.26,10.28,10.07,9.54,8.85,8.34,7.63,2015-06-26,-
2025-10-22,2772,众兴菌业,农牧饲渔,11.41,11.6,10.87,10.91,10.87,40330849,449555533.56,10.3377,-1.522,6.62,否,2.01,9.98,5.106,6.025,37.753,否,393241359,390135453,4325654949.0,4291489983.0,25.813936,1.328453,2.243139,10.39,10.34,10.11,9.63,8.9,8.37,7.65,2015-06-26,-
2025-10-23,2772,众兴菌业,农牧饲渔,10.85,10.89,10.56,10.75,10.56,23572200,254594703.49,6.0421,-1.455,3.0,否,1.06,6.753,5.083,4.776,29.988,否,393241359,390135453,4262736331.56,4229068310.52,25.43846,1.30913,2.210511,10.55,10.39,10.12,9.73,8.94,8.4,7.67,2015-06-26,-
2025-10-24,2772,众兴菌业,农牧饲渔,10.79,11.16,10.62,10.83,10.62,21760100,238714539.48,5.5776,0.738,4.98,否,0.96,-2.256,8.517,4.235,19.142,否,393241359,390135453,4294195640.28,4260279146.76,25.626198,1.318791,2.226825,10.73,10.43,10.17,9.83,8.99,8.43,7.69,2015-06-26,-
2025-10-27,2772,众兴菌业,农牧饲渔,11.01,11.91,10.79,11.91,10.79,26310328,306476525.83,6.7439,9.982,10.35,否,1.13,9.166,20.06,16.994,18.981,是,393241359,390135453,4722828721.59,4685526790.53,28.184124,1.450429,2.4491,11.1,10.61,10.26,9.97,9.05,8.47,7.71,2015-06-26,-
2025-10-28,2772,众兴菌业,农牧饲渔,12.1,13.04,12.05,12.7,12.05,61867873,782132240.85,15.858,6.578,8.33,否,2.52,18.14,26.117,22.351,28.673,否,393241359,390135453,5033489395.2,4993733798.4,20.652135,1.484153,2.524145,11.42,10.84,10.41,10.12,9.12,8.51,7.74,2015-06-26,-
2025-10-29,2772,众兴菌业,农牧饲渔,12.57,13.01,12.46,12.72,12.46,37675521,482811427.88,9.657,0.234,4.38,否,1.08,17.452,14.801,24.34,24.584,否,393241359,390135453,5045286635.97,5005437861.99,20.700538,1.487632,2.530061,11.78,11.09,10.57,10.28,9.2,8.55,7.76,2015-06-26,-
2025-10-30,2772,众兴菌业,农牧饲渔,12.73,12.88,12.5,12.5,12.5,19640331,249982693.48,5.0342,-1.793,3.04,否,0.57,4.954,14.574,25.251,19.617,否,393241359,390135453,4954841123.4,4915706707.8,20.329445,1.460964,2.484706,12.13,11.34,10.73,10.42,9.27,8.59,7.79,2015-06-26,-
2025-10-31,2772,众兴菌业,农牧饲渔,12.51,13.31,12.48,12.95,12.48,27093751,352395013.59,6.9447,3.651,6.67,否,0.81,1.969,20.465,30.544,30.02,否,393241359,390135453,5135732148.54,5095169016.18,21.071631,1.5143,2.575417,12.56,11.64,10.92,10.55,9.35,8.64,7.81,2015-06-26,-
2025-11-03,2772,众兴菌业,农牧饲渔,13.0,14.25,12.99,14.25,12.99,17413358,240309470.02,4.4634,10.031,9.72,否,0.5,12.028,31.579,41.509,42.786,是,393241359,390135453,5650878328.83,5606246459.61,23.185248,1.666194,2.833748,13.02,12.06,11.13,10.69,9.46,8.69,7.84,2015-06-26,-
2025-11-04,2772,众兴菌业,农牧饲渔,14.47,14.68,13.41,14.05,13.41,39543031,555412695.91,10.1357,-1.392,8.91,否,1.21,12.4,17.968,26.805,45.295,否,393241359,390135453,5572230057.03,5528219369.01,22.862559,1.643004,2.794308,13.29,12.36,11.32,10.83,9.55,8.75,7.87,2015-06-26,-
2025-11-05,2772,众兴菌业,农牧饲渔,13.9,14.94,13.69,14.48,13.69,31458915,457710457.51,8.0636,3.035,8.89,否,1.11,11.815,14.016,32.722,51.941,否,393241359,390135453,5741323841.4,5695977613.8,23.556341,1.692862,2.879103,13.65,12.71,11.53,10.98,9.66,8.8,7.91,2015-06-26,-
2025-11-06,2772,众兴菌业,农牧饲渔,14.2,14.41,13.76,14.12,13.76,22520214,319241848.65,5.7724,-2.466,4.52,否,0.83,-0.912,11.006,31.349,51.502,否,393241359,390135453,5599756952.16,5555528850.72,22.9755,1.651121,2.808112,13.97,13.05,11.72,11.1,9.76,8.86,7.93,2015-06-26,-
2025-11-07,2772,众兴菌业,农牧饲渔,14.09,14.24,13.29,13.39,13.29,26276751,360308867.71,6.7353,-5.197,6.74,否,0.95,-4.698,7.12,23.638,46.499,否,393241359,390135453,5308758346.5,5266828615.5,21.781548,1.565318,2.662185,14.06,13.31,11.87,11.21,9.84,8.91,7.96,2015-06-26,-
2025-11-10,2772,众兴菌业,农牧饲渔,13.36,13.4,12.92,13.24,12.92,18354043,242952900.89,4.7045,-1.111,3.56,否,0.67,-8.564,2.239,11.167,31.61,否,393241359,390135453,5249772142.65,5208308297.55,21.539531,1.547926,2.632605,13.86,13.44,12.02,11.32,9.92,8.95,7.99,2015-06-26,-
2025-11-11,2772,众兴菌业,农牧饲渔,13.35,13.6,13.01,13.28,13.01,16507414,220611046.14,4.2312,0.3,4.42,否,0.6,-5.949,-6.807,4.567,28.309,否,393241359,390135453,5265501797.01,5223913715.67,21.604069,1.552564,2.640493,13.7,13.5,12.17,11.44,10.01,8.99,8.01,2015-06-26,-
2025-11-12,2772,众兴菌业,农牧饲渔,13.59,13.63,13.07,13.29,13.07,11261531,150107404.07,2.8866,0.075,4.18,否,0.49,-0.747,-5.409,4.481,29.155,否,393241359,390135453,5269434210.6,5227815070.2,21.620204,1.553723,2.642465,13.46,13.56,12.32,11.57,10.09,9.04,8.04,2015-06-26,-
2025-11-13,2772,众兴菌业,农牧饲渔,13.34,13.48,13.01,13.34,13.01,11701426,156670868.64,2.9993,0.373,3.51,否,0.62,0.755,-7.873,6.72,30.019,否,393241359,390135453,5289096278.55,5247321842.85,21.700876,1.559521,2.652325,13.31,13.64,12.49,11.7,10.17,9.08,8.07,2015-06-26,-
2025-11-14,2772,众兴菌业,农牧饲渔,13.37,13.57,13.21,13.26,13.21,10993057,148270768.57,2.8178,-0.595,2.68,否,0.65,-0.151,-6.091,2.394,27.623,否,393241359,390135453,5257636969.83,5216111006.61,21.5718,1.550245,2.636549,13.28,13.67,12.66,11.84,10.26,9.12,8.09,2015-06-26,-
2025-11-17,2772,众兴菌业,农牧饲渔,13.07,13.21,12.78,12.86,12.78,14554726,190359937.42,3.7307,-2.992,3.22,否,1.06,-3.236,-3.958,-9.754,26.326,否,393241359,390135453,5100340426.23,5060056825.41,20.926421,1.503865,2.557669,13.21,13.53,12.8,11.93,10.34,9.17,8.12,2015-06-26,-
2025-11-18,2772,众兴菌业,农牧饲渔,12.79,12.85,12.3,12.6,12.3,12461053,158144331.77,3.194,-2.082,4.32,否,0.96,-5.547,-4.834,-10.32,21.387,否,393241359,390135453,4994165259.3,4954720253.1,20.49079,1.472558,2.504426,13.07,13.39,12.87,12.01,10.41,9.21,8.14,2015-06-26,-
2025-11-19,2772,众兴菌业,农牧饲渔,12.57,12.65,12.4,12.5,12.4,7074922,89135096.2,1.8135,-0.787,1.97,否,0.58,-5.732,-5.873,-13.674,22.19,否,393241359,390135453,4954841123.4,4915706707.8,20.329445,1.460964,2.484706,12.91,13.19,12.95,12.08,10.48,9.25,8.16,2015-06-26,-
2025-11-20,2772,众兴菌业,农牧饲渔,12.52,12.62,12.41,12.49,12.41,6585470,82870629.01,1.688,-0.079,1.67,否,0.58,-2.877,-6.02,-11.544,25.15,否,393241359,390135453,4950908709.81,4911805353.27,20.313311,1.459804,2.482734,12.74,13.03,13.04,12.16,10.55,9.29,8.19,2015-06-26,-
2025-11-21,2772,众兴菌业,农牧饲渔,12.48,12.57,11.82,11.87,11.82,15942045,194318755.7,4.0863,-4.925,5.96,否,1.54,-5.794,-11.019,-11.352,19.657,否,393241359,390135453,4707099067.23,4669921372.41,19.312973,1.387915,2.36047,12.46,12.87,13.09,12.2,10.61,9.32,8.21,2015-06-26,-
2025-11-24,2772,众兴菌业,农牧饲渔,11.89,12.22,11.79,11.98,11.79,14084531,170214054.53,3.6102,0.919,3.59,否,1.24,-4.16,-9.653,-9.517,18.967,否,393241359,390135453,4750355616.72,4712836272.24,19.490452,1.40067,2.382162,12.29,12.75,13.09,12.26,10.68,9.36,8.23,2015-06-26,-
2025-11-25,2772,众兴菌业,农牧饲渔,12.07,12.22,11.95,11.98,11.95,9223777,112183415.17,2.3642,0.0,2.24,否,0.82,-4.083,-6.843,-9.789,8.123,否,393241359,390135453,4750355616.72,4712836272.24,19.490452,1.40067,2.382162,12.16,12.62,13.06,12.32,10.74,9.39,8.25,2015-06-26,-
2025-11-26,2772,众兴菌业,农牧饲渔,11.91,12.13,11.91,11.96,11.91,6714562,81195736.2,1.7211,-0.166,1.82,否,0.63,0.758,-5.079,-10.008,9.624,否,393241359,390135453,4742490789.54,4705033563.18,19.458183,1.398351,2.378218,12.06,12.48,13.02,12.38,10.8,9.43,8.27,2015-06-26,-
2025-11-27,2772,众兴菌业,农牧饲渔,11.83,12.29,11.83,12.12,11.83,9113840,111278377.6,2.3361,1.327,3.81,否,0.87,1.169,-3.04,-9.145,12.744,否,393241359,390135453,4805409406.98,4767455235.66,19.716335,1.416903,2.40977,11.98,12.36,13.0,12.45,10.87,9.46,8.29,2015-06-26,-
2025-11-28,2772,众兴菌业,农牧饲渔,12.16,12.57,12.06,12.51,12.06,12158684,151752464.9,3.1165,3.192,4.17,否,1.1,4.424,0.16,-5.656,15.512,否,393241359,390135453,4958773536.99,4919608062.33,20.34558,1.462123,2.486678,12.11,12.29,12.98,12.53,10.95,9.5,8.31,2015-06-26,-
2025-12-01,2772,众兴菌业,农牧饲渔,12.59,13.49,12.51,13.02,12.51,26113052,346654022.13,6.6933,4.124,7.85,否,2.55,8.863,9.688,1.244,9.32,否,393241359,390135453,5163259043.67,5122478497.89,21.184573,1.522417,2.589221,12.32,12.3,12.92,12.63,11.03,9.54,8.34,2015-06-26,-
2025-12-02,2772,众兴菌业,农牧饲渔,13.06,13.17,12.53,13.1,12.53,15560873,201660109.79,3.9886,0.609,4.95,否,1.23,8.086,9.349,3.968,3.15,否,393241359,390135453,5194718352.39,5153689334.13,21.313648,1.531693,2.604997,12.54,12.35,12.87,12.7,11.12,9.59,8.36,2015-06-26,-
2025-12-03,2772,众兴菌业,农牧饲渔,13.25,13.69,12.92,12.97,12.92,17416730,233463622.05,4.4643,-0.984,5.83,否,1.25,3.677,8.264,3.76,1.965,否,393241359,390135453,5143596975.72,5102971725.24,21.1039,1.516619,2.579361,12.74,12.4,12.79,12.77,11.2,9.63,8.39,2015-06-26,-
2025-12-04,2772,众兴菌业,农牧饲渔,12.91,13.04,12.71,12.88,12.71,9586800,124633809.0,2.4573,-0.688,2.6,否,0.6,-1.075,7.692,3.122,3.04,否,393241359,390135453,5108205253.41,5067859534.47,20.95869,1.506184,2.561613,12.9,12.44,12.73,12.84,11.29,9.67,8.41,2015-06-26,-
2025-12-05,2772,众兴菌业,农牧饲渔,12.86,13.02,12.55,12.6,12.55,9904000,126607231.0,2.5386,-2.233,3.7,否,0.61,-3.817,3.96,6.15,-2.703,否,393241359,390135453,4994165259.3,4954720253.1,20.49079,1.472558,2.504426,12.91,12.51,12.69,12.9,11.36,9.7,8.43,2015-06-26,-
2025-12-08,2772,众兴菌业,农牧饲渔,12.6,12.7,12.41,12.63,12.41,7505279,94857042.93,1.9238,0.236,2.28,否,0.48,-2.621,0.959,5.426,-11.368,否,393241359,390135453,5005962500.07,4966424316.69,20.539193,1.476037,2.510342,12.84,12.58,12.66,12.92,11.44,9.74,8.46,2015-06-26,-
2025-12-09,2772,众兴菌业,农牧饲渔,12.57,13.08,12.47,12.81,12.47,10569165,136474251.05,2.7091,1.493,4.87,否,0.88,-0.543,-1.613,6.928,-8.826,否,393241359,390135453,5080678358.28,5040550052.76,20.845749,1.498067,2.547809,12.78,12.66,12.64,12.93,11.52,9.78,8.48,2015-06-26,-
2025-12-10,2772,众兴菌业,农牧饲渔,12.72,12.96,12.72,12.82,12.72,6015487,77900474.84,1.5419,0.077,1.93,否,0.55,1.746,-2.137,7.191,-11.464,否,393241359,390135453,5084610771.87,5044451407.29,20.861883,1.499227,2.549781,12.75,12.75,12.62,12.93,11.61,9.82,8.5,2015-06-26,-
2025-12-11,2772,众兴菌业,农牧饲渔,12.83,13.0,12.28,12.33,12.28,9660700,122410246.0,2.4762,-3.867,5.65,否,1.11,-2.375,-4.934,1.733,-12.677,否,393241359,390135453,4887990092.37,4849383680.79,20.055159,1.441252,2.451182,12.64,12.77,12.56,12.92,11.67,9.86,8.52,2015-06-26,-
2025-12-12,2772,众兴菌业,农牧饲渔,12.32,12.42,12.2,12.28,12.2,7425400,92133351.0,1.9033,-0.402,1.77,否,0.85,-4.137,-4.658,-1.839,-8.29,否,393241359,390135453,4868328024.42,4829876908.14,19.974487,1.435455,2.441322,12.57,12.74,12.52,12.9,11.73,9.9,8.54,2015-06-26,-
2025-12-15,2772,众兴菌业,农牧饲渔,12.23,12.46,12.2,12.37,12.2,6466900,80357536.0,1.6576,0.727,2.1,否,0.79,-3.51,-1.825,-4.992,-6.571,否,393241359,390135453,4903719746.73,4864989098.91,20.119697,1.44589,2.45907,12.52,12.68,12.49,12.84,11.77,9.94,8.56,2015-06-26,-
2025-12-16,2772,众兴菌业,农牧饲渔,12.3,12.37,11.88,12.04,11.88,8506472,103530406.92,2.1804,-2.646,3.93,否,1.06,-2.352,-4.671,-8.092,-9.337,否,393241359,390135453,4773950098.26,4736244399.42,19.587259,1.407627,2.393994,12.37,12.57,12.46,12.77,11.8,9.98,8.58,2015-06-26,-
2025-12-17,2772,众兴菌业,农牧饲渔,12.14,12.98,12.01,12.88,12.01,19701819,250534139.1,5.05,7.002,8.07,否,2.59,4.886,0.546,-0.694,-3.085,否,393241359,390135453,5108205253.41,5067859534.47,20.95869,1.506184,2.561613,12.38,12.56,12.48,12.72,11.85,10.02,8.61,2015-06-26,-
2025-12-18,2772,众兴菌业,农牧饲渔,12.75,14.17,12.75,14.17,12.75,18425346,254708972.69,4.7228,10.008,11.01,否,1.78,14.551,10.53,10.016,6.222,是,393241359,390135453,5619419020.11,5575035623.37,23.056172,1.656918,2.817972,12.75,12.69,12.57,12.72,11.91,10.07,8.63,2015-06-26,-
2025-12-19,2772,众兴菌业,农牧饲渔,13.93,14.58,13.72,14.54,13.72,34599845,493724733.64,8.8687,2.589,6.09,否,2.86,20.764,17.924,15.397,9.653,否,393241359,390135453,5764918322.94,5719385740.98,23.653148,1.699819,2.890935,13.2,12.89,12.7,12.76,11.99,10.13,8.66,2015-06-26,-
2025-12-22,2772,众兴菌业,农牧饲渔,14.47,15.09,14.33,14.57,14.33,21174559,314167173.23,5.4275,0.205,5.18,否,1.21,13.121,18.648,15.36,13.297,否,393241359,390135453,5776715563.71,5731089804.57,23.701552,1.703298,2.896851,13.64,13.08,12.83,12.8,12.06,10.19,8.69,2015-06-26,-
2025-12-23,2772,众兴菌业,农牧饲渔,14.66,14.84,13.95,14.28,13.95,17682769,254429755.84,4.5325,-1.974,6.06,否,0.86,0.776,15.441,11.475,13.333,否,393241359,390135453,5662675569.6,5617950523.2,23.233652,1.669673,2.839664,14.09,13.23,12.94,12.84,12.14,10.24,8.72,2015-06-26,-
2025-12-24,2772,众兴菌业,农牧饲渔,14.27,14.87,13.91,14.68,13.91,17227991,250952278.07,4.4159,2.778,6.74,否,0.77,0.963,21.927,14.509,17.44,否,393241359,390135453,5819972113.2,5774004704.4,23.879031,1.716052,2.918543,14.45,13.41,13.08,12.88,12.22,10.3,8.75,2015-06-26,-
2025-12-25,2772,众兴菌业,农牧饲渔,14.66,15.14,14.53,14.88,14.53,20083251,300455523.36,5.1478,1.351,4.12,否,0.92,2.128,15.528,20.681,19.135,否,393241359,390135453,5898620385.0,5852031795.0,24.20172,1.739242,2.957983,14.59,13.67,13.22,12.93,12.32,10.35,8.77,2015-06-26,-
2025-12-26,2772,众兴菌业,农牧饲渔,14.84,15.08,14.66,14.83,14.66,12303926,184248603.78,3.1538,-0.333,2.8,否,0.56,3.852,4.658,20.765,24.937,否,393241359,390135453,5878958317.05,5832525022.35,24.121048,1.733445,2.948123,14.65,13.92,13.33,12.99,12.41,10.41,8.8,2015-06-26,-
2025-12-29,2772,众兴菌业,农牧饲渔,14.76,15.09,14.42,14.71,14.42,14808533,220768522.49,3.7957,-0.803,4.48,否,0.84,0.204,1.169,18.917,22.788,否,393241359,390135453,5831769353.97,5785708767.99,23.927434,1.719531,2.924459,14.68,14.16,13.42,13.05,12.49,10.47,8.83,2015-06-26,-
2025-12-30,2772,众兴菌业,农牧饲渔,14.72,14.76,14.1,14.41,14.1,12562320,183260396.8,3.22,-2.023,4.45,否,0.77,-3.159,-1.098,19.684,20.284,否,393241359,390135453,5713796946.27,5668668132.09,23.4434,1.684746,2.865299,14.7,14.4,13.48,13.11,12.56,10.52,8.86,2015-06-26,-
2025-12-31,2772,众兴菌业,农牧饲渔,14.58,14.68,14.11,14.47,14.11,9790000,141698088.0,2.51,0.41,3.92,否,0.64,-2.428,1.331,12.345,20.987,否,393241359,390135453,5737391427.81,5692076259.27,23.540207,1.691703,2.877131,14.66,14.55,13.56,13.17,12.63,10.58,8.89,2015-06-26,-
2026-01-05,2772,众兴菌业,农牧饲渔,14.62,14.98,14.11,14.21,14.11,11227700,161730720.0,2.88,-1.78,5.96,否,0.81,-3.399,-3.202,0.282,17.244,否,393241359,390118153,5635148674.47,5590393132.49,23.12071,1.661556,2.82586,14.53,14.56,13.63,13.23,12.69,10.63,8.91,2015-06-26,-
2026-01-06,2772,众兴菌业,农牧饲渔,14.18,14.82,14.13,14.54,14.13,10193800,148998705.0,2.61,2.3,4.82,否,0.84,0.902,-2.285,0.0,16.227,否,393241359,390118153,5764918322.94,5719132122.98,23.653148,1.699819,2.890935,14.47,14.56,13.72,13.32,12.76,10.68,8.94,2015-06-26,-
2026-01-07,2772,众兴菌业,农牧饲渔,14.5,15.16,14.43,14.89,14.43,12636600,189381277.0,3.24,2.39,5.05,否,1.08,2.903,0.405,2.196,14.363,否,393241359,390118153,5902552798.59,5855673476.53,24.217855,1.740402,2.959955,14.5,14.59,13.84,13.42,12.84,10.74,8.97,2015-06-26,-
2026-01-08,2772,众兴菌业,农牧饲渔,14.88,16.21,14.63,15.97,14.63,22254900,348687470.0,5.7,7.26,10.59,否,1.97,12.386,8.566,11.835,21.908,否,393241359,390118153,6331185879.9,6280902263.3,25.976513,1.866787,3.174902,14.82,14.76,13.99,13.55,12.93,10.81,9.01,2015-06-26,-
2026-01-09,2772,众兴菌业,农牧饲渔,15.97,16.64,15.72,16.35,15.72,17310000,281284696.0,4.44,2.36,5.78,否,1.31,12.448,13.463,11.376,26.06,否,393241359,390118153,6480617596.32,6429147161.44,26.589624,1.910848,3.249837,15.19,14.93,14.17,13.7,13.04,10.88,9.05,2015-06-26,-
2026-01-12,2772,众兴菌业,农牧饲渔,15.95,16.19,14.71,14.71,14.71,33766100,511677171.0,8.66,-10.01,9.04,否,2.29,-1.209,1.659,-1.142,14.208,否,393241359,390118153,5831769353.97,5785452208.99,23.927434,1.719531,2.924459,15.29,14.91,14.29,13.78,13.11,10.93,9.08,2015-06-26,-
2026-01-13,2772,众兴菌业,农牧饲渔,14.76,15.85,14.56,15.49,14.56,27947200,429483577.0,7.16,5.33,8.77,否,1.45,-3.006,9.008,4.45,22.937,否,393241359,390118153,6142430027.58,6093645549.86,25.202058,1.811131,3.080246,15.48,14.98,14.45,13.88,13.21,10.99,9.11,2015-06-26,-
2026-01-14,2772,众兴菌业,农牧饲渔,15.38,15.69,14.86,15.12,14.86,16388100,252043492.0,4.2,-2.43,5.38,否,0.72,-7.523,3.989,2.787,19.715,否,393241359,390118153,5992998311.16,5945400651.72,24.588948,1.76707,3.005311,15.53,15.02,14.59,13.95,13.29,11.05,9.14,2015-06-26,-
2026-01-15,2772,众兴菌业,农牧饲渔,15.12,15.38,14.79,14.89,14.79,8559800,129731941.0,2.19,-1.51,3.94,否,0.36,1.224,0.0,3.331,16.237,否,393241359,390118153,5902552798.59,5855673476.53,24.217855,1.740402,2.959955,15.31,15.06,14.73,14.01,13.35,11.1,9.17,2015-06-26,-
2026-01-16,2772,众兴菌业,农牧饲渔,15.09,15.32,14.61,14.71,14.61,10551400,158043031.0,2.7,-1.2,4.8,否,0.51,-5.036,-7.89,1.659,14.743,否,393241359,390118153,5831769353.97,5785452208.99,23.927434,1.719531,2.924459,14.98,15.09,14.82,14.07,13.42,11.16,9.21,2015-06-26,-
2026-01-19,2772,众兴菌业,农牧饲渔,14.73,15.08,14.61,15.08,14.61,9724600,146064556.0,2.49,2.49,3.17,否,0.5,-0.265,-7.768,6.122,22.303,否,393241359,390118153,5977268656.8,5929795925.6,24.52441,1.762432,2.997423,15.06,15.18,14.87,14.14,13.49,11.22,9.24,2015-06-26,-
2026-01-20,2772,众兴菌业,农牧饲渔,15.03,15.32,14.77,15.31,14.77,9935800,150952863.0,2.55,1.58,3.68,否,0.68,2.821,4.079,5.296,24.674,否,393241359,390118153,6071646582.96,6023424282.32,24.911638,1.79026,3.04475,15.02,15.25,14.91,14.23,13.56,11.28,9.27,2015-06-26,-
2026-01-21,2772,众兴菌业,农牧饲渔,15.29,15.45,14.82,15.05,14.82,9399500,142240444.0,2.41,-1.75,4.15,否,0.85,2.311,-2.841,1.075,21.665,否,393241359,390118153,5965471416.03,5918092381.01,24.476007,1.758954,2.991507,15.01,15.27,14.93,14.31,13.62,11.33,9.31,2015-06-26,-
2026-01-22,2772,众兴菌业,农牧饲渔,15.08,16.07,14.96,15.84,14.96,16703700,261997510.0,4.28,5.27,7.38,否,1.73,5.04,4.762,-0.814,31.561,否,393241359,390118153,6280064503.23,6230186903.41,25.766765,1.851713,3.149266,15.2,15.26,15.01,14.41,13.67,11.4,9.34,2015-06-26,-
2026-01-23,2772,众兴菌业,农牧饲渔,15.83,15.83,15.17,15.52,15.17,14982400,233687499.0,3.84,-2.0,4.13,否,1.33,1.372,4.231,-5.076,20.497,否,393241359,390118153,6154227268.35,6105349094.45,25.250462,1.814609,3.086162,15.36,15.17,15.05,14.5,13.72,11.46,9.38,2015-06-26,-
2026-01-26,2772,众兴菌业,农牧饲渔,15.48,15.8,15.35,15.6,15.35,10339700,162318909.0,2.65,0.51,2.88,否,0.85,3.654,6.05,6.05,10.092,否,393241359,390118153,6185686577.07,6136558546.69,25.379538,1.823885,3.101938,15.46,15.26,15.09,14.61,13.77,11.52,9.41,2015-06-26,-
2026-01-27,2772,众兴菌业,农牧饲渔,15.37,16.96,14.18,16.04,14.18,33763800,543469023.0,8.65,2.8,17.8,否,2.75,1.263,6.366,3.551,10.316,否,393241359,390118153,6358712775.03,6308210534.01,26.089455,1.874903,3.188706,15.61,15.32,15.15,14.74,13.82,11.59,9.45,2015-06-26,-
2026-01-28,2772,众兴菌业,农牧饲渔,16.03,16.67,15.14,16.45,15.14,27717700,449289159.0,7.1,2.6,9.52,否,1.63,5.992,7.446,8.796,12.903,否,393241359,390118153,6523874145.81,6472060158.27,26.767103,1.923602,3.271529,15.89,15.45,15.23,14.87,13.86,11.66,9.49,2015-06-26,-
2026-01-29,2772,众兴菌业,农牧饲渔,16.35,16.52,15.56,15.61,15.56,16554100,264601911.0,4.24,-5.12,5.85,否,0.8,0.064,3.721,4.835,9.314,否,393241359,390118153,6189618990.66,6140459728.22,25.395672,1.825045,3.10391,15.84,15.52,15.29,14.99,13.88,11.72,9.52,2015-06-26,-
2026-01-30,2772,众兴菌业,农牧饲渔,15.83,16.63,15.65,16.28,15.65,23871400,391127940.0,6.12,4.26,6.29,否,1.15,1.496,2.778,10.673,10.899,否,393241359,390118153,6453090701.19,6401838890.73,26.476682,1.902731,3.236033,16.0,15.68,15.38,15.11,13.91,11.79,9.56,2015-06-26,-
2026-02-02,2772,众兴菌业,农牧饲渔,16.08,17.45,15.67,16.96,15.67,32899000,556752363.0,8.43,4.2,10.91,否,1.47,3.1,9.278,12.467,13.978,否,393241359,390118153,6724427238.9,6671020416.3,27.589961,1.982736,3.372101,16.27,15.87,15.52,15.2,13.96,11.86,9.6,2015-06-26,-
2026-02-03,2772,众兴菌业,农牧饲渔,16.96,17.12,16.48,16.98,16.48,21283600,357126745.0,5.46,0.12,3.77,否,0.79,8.776,8.846,10.908,14.498,否,393241359,390118153,6677238275.82,6624206237.94,27.396348,1.968822,3.348437,16.46,16.03,15.64,15.28,14.02,11.93,9.64,2015-06-26,-
2026-02-04,2772,众兴菌业,农牧饲渔,16.98,17.59,16.82,16.98,16.82,16344700,279900477.0,4.19,0.0,4.53,否,0.67,4.3,5.86,12.824,15.432,否,393241359,390118153,6677238275.82,6624206237.94,27.396348,1.968822,3.348437,16.56,16.23,15.75,15.36,14.08,12.0,9.68,2015-06-26,-
2026-02-05,2772,众兴菌业,农牧饲渔,16.85,17.29,16.4,16.72,16.4,11919800,199880518.0,3.06,-1.53,5.24,否,0.54,-1.415,1.641,5.556,16.031,否,393241359,390118153,6574995522.48,6522775518.16,26.976851,1.938675,3.297165,16.78,16.31,15.78,15.44,14.14,12.07,9.72,2015-06-26,-
2026-02-06,2772,众兴菌业,农牧饲渔,16.61,18.39,16.52,18.39,16.52,23593500,421445863.0,6.05,9.99,11.18,否,1.11,8.304,17.809,18.492,27.091,是,393241359,390118153,7231708592.01,7174272833.67,29.671309,2.132311,3.626487,17.21,16.6,15.89,15.57,14.22,12.16,9.77,2015-06-26,-
2026-02-09,2772,众兴菌业,农牧饲渔,18.2,18.53,17.76,18.0,17.76,27271300,490026815.0,6.99,-2.12,4.19,否,1.29,6.007,10.565,15.385,26.671,否,393241359,390118153,7078344462.0,7022126754.0,29.042065,2.087091,3.54958,17.41,16.84,16.05,15.67,14.3,12.24,9.81,2015-06-26,-
2026-02-10,2772,众兴菌业,农牧饲渔,18.04,18.3,17.32,17.6,17.32,20205900,356131033.0,5.18,-2.22,5.44,否,1.01,5.263,3.774,9.726,21.045,否,393241359,390118153,6921047918.4,6866079492.8,28.396685,2.040711,3.4707,17.54,17.0,16.16,15.76,14.37,12.32,9.86,2015-06-26,-
2026-02-11,2772,众兴菌业,农牧饲渔,17.8,18.08,17.08,17.28,17.08,16541900,289193589.0,4.24,-1.82,5.68,否,0.83,-6.036,1.767,5.046,16.051,否,393241359,390118153,6795210683.52,6741241683.84,27.880382,2.003607,3.407596,17.6,17.08,16.26,15.85,14.45,12.39,9.9,2015-06-26,-
2026-02-12,2772,众兴菌业,农牧饲渔,17.28,17.36,16.58,16.71,16.58,16716200,279910103.0,4.28,-3.3,4.51,否,0.84,-7.167,-1.59,7.047,4.634,否,393241359,390118153,6571063108.89,6518874336.63,26.960717,1.937516,3.295193,17.6,17.19,16.36,15.93,14.52,12.46,9.94,2015-06-26,-
2026-02-13,2772,众兴菌业,农牧饲渔,16.71,16.98,16.36,16.36,16.36,10590900,175314076.0,2.71,-2.09,3.71,否,0.51,-7.045,-2.153,0.491,0.061,否,393241359,390118153,6433428633.24,6382332983.08,26.39601,1.896934,3.226173,17.19,17.2,16.44,15.99,14.58,12.53,9.98,2015-06-26,-
2026-02-24,2772,众兴菌业,农牧饲渔,16.46,17.93,16.45,17.56,16.45,19512800,337093512.0,5.0,7.33,9.05,否,1.07,1.62,-4.513,3.538,19.375,否,393241359,390118153,6905318264.04,6850474766.68,28.332147,2.036073,3.462812,17.1,17.26,16.56,16.1,14.66,12.61,10.02,2015-06-26,-
2026-02-25,2772,众兴菌业,农牧饲渔,17.51,18.38,17.45,17.87,17.45,13805200,248364588.0,3.54,1.77,5.3,否,0.83,6.942,-0.722,5.241,15.365,否,393241359,390118153,7027223085.33,6971411394.11,28.832316,2.072017,3.523944,17.16,17.35,16.69,16.21,14.76,12.69,10.06,2015-06-26,-
2026-02-26,2772,众兴菌业,农牧饲渔,17.7,18.04,17.26,17.78,17.26,13614200,239489815.0,3.49,-0.5,4.36,否,0.88,8.68,1.023,4.711,17.593,否,393241359,390118153,6991831363.02,6936300760.34,28.687106,2.061582,3.506196,17.26,17.43,16.83,16.31,14.86,12.77,10.1,2015-06-26,-
2026-02-27,2772,众兴菌业,农牧饲渔,17.64,18.59,17.44,18.37,17.44,13182900,239089700.0,3.38,3.32,6.47,否,0.89,4.613,6.308,9.868,23.371,否,393241359,390118153,7223843764.83,7166470470.61,29.63904,2.129992,3.622543,17.59,17.59,16.95,16.39,14.97,12.85,10.15,2015-06-26,-
2026-03-02,2772,众兴菌业,农牧饲渔,17.88,18.68,17.88,18.11,17.88,12344600,225083990.0,3.16,-1.42,4.35,否,0.87,1.343,8.378,-1.523,23.114,否,393241359,390118153,7121601011.49,7065039750.83,29.219544,2.099845,3.571271,17.94,17.56,17.08,16.45,15.07,12.94,10.2,2015-06-26,-
2026-03-03,2772,众兴菌业,农牧饲渔,18.28,18.9,18.05,18.14,18.05,18402700,340413384.0,4.72,0.17,4.69,否,1.27,2.025,10.88,0.778,20.292,否,393241359,390118153,7133398252.26,7076743295.42,29.267947,2.103324,3.577187,18.05,17.58,17.21,16.56,15.17,13.02,10.24,2015-06-26,-
2026-03-04,2772,众兴菌业,农牧饲渔,17.89,18.47,17.8,18.12,17.8,12023900,218498267.0,3.08,-0.11,3.69,否,0.84,-1.361,3.189,2.955,18.354,否,393241359,390118153,7125533425.08,7068940932.36,29.235678,2.101005,3.573243,18.1,17.63,17.31,16.65,15.26,13.11,10.29,2015-06-26,-
2026-03-05,2772,众兴菌业,农牧饲渔,18.4,18.54,17.68,17.92,17.68,11274000,203247422.0,2.89,-1.1,4.75,否,0.81,-1.049,0.28,3.704,19.07,否,393241359,390118153,7046885153.28,6990917301.76,28.912989,2.077815,3.533804,18.13,17.69,17.39,16.74,15.35,13.19,10.33,2015-06-26,-
2026-03-06,2772,众兴菌业,农牧饲渔,17.92,18.58,17.77,18.23,17.77,11672100,213576948.0,2.99,1.73,4.52,否,0.87,0.496,2.531,9.096,15.088,否,393241359,390118153,7168789974.57,7111853929.19,29.413158,2.113759,3.594935,18.1,17.85,17.52,16.85,15.43,13.27,10.38,2015-06-26,-
2026-03-09,2772,众兴菌业,农牧饲渔,18.23,18.23,16.67,17.62,16.67,19777000,343573657.0,5.07,-3.35,8.56,否,1.5,-2.759,-4.083,7.702,13.531,否,393241359,390118153,6928912745.58,6873881855.86,28.428954,2.04303,3.474644,18.01,17.97,17.59,16.95,15.51,13.36,10.42,2015-06-26,-
2026-03-10,2772,众兴菌业,农牧饲渔,17.66,18.26,17.5,18.04,17.5,12325800,221921494.0,3.16,2.38,4.31,否,0.84,0.67,-0.387,2.733,15.641,否,393241359,390118153,7094074116.36,7037731480.12,29.106602,2.091729,3.557468,17.99,18.02,17.64,17.05,15.6,13.44,10.46,2015-06-26,-
2026-03-11,2772,众兴菌业,农牧饲渔,18.03,18.55,17.98,18.53,17.98,10941600,199637766.0,2.8,2.72,3.16,否,0.82,1.646,2.15,3.693,15.524,否,393241359,390118153,7286762382.27,7228889375.09,29.897192,2.148544,3.654095,18.07,18.09,17.72,17.16,15.69,13.53,10.51,2015-06-26,-
2026-03-12,2772,众兴菌业,农牧饲渔,18.48,19.73,18.21,19.57,18.21,16250200,311320823.0,4.17,5.61,8.2,否,1.23,11.067,8.002,10.067,18.967,否,393241359,390118153,7695733395.63,7634612254.21,31.575178,2.269131,3.859182,18.4,18.27,17.85,17.31,15.81,13.63,10.56,2015-06-26,-
2026-03-13,2772,众兴菌业,农牧饲渔,19.56,19.66,18.36,18.42,18.36,14685200,277175632.0,3.76,-5.88,6.64,否,1.03,2.106,2.79,0.272,18.001,否,393241359,390118153,7243505832.78,7185976378.26,29.719713,2.135789,3.632403,18.44,18.27,17.93,17.39,15.9,13.71,10.61,2015-06-26,-
2026-03-16,2772,众兴菌业,农牧饲渔,18.42,18.72,18.05,18.32,18.05,12780600,235153035.0,3.28,-0.54,3.64,否,0.86,-1.133,0.494,1.16,12.531,否,393241359,390118153,7204181696.88,7146964562.96,29.558368,2.124195,3.612683,18.58,18.29,17.93,17.49,15.99,13.8,10.65,2015-06-26,-
2026-03-17,2772,众兴菌业,农牧饲渔,18.35,18.8,17.89,17.95,17.89,9206800,167074405.0,2.36,-2.02,4.97,否,0.69,-8.278,1.873,-1.047,5.837,否,393241359,390118153,7058682394.05,7002620846.35,28.961392,2.081293,3.53972,18.56,18.27,17.93,17.56,16.09,13.88,10.7,2015-06-26,-
2026-03-18,2772,众兴菌业,农牧饲渔,17.9,18.49,17.61,18.35,17.61,10122500,183625242.0,2.59,2.23,4.9,否,0.79,-0.38,1.718,1.269,8.068,否,393241359,390118153,7215978937.65,7158668107.55,29.606771,2.127673,3.618599,18.52,18.3,17.96,17.64,16.19,13.96,10.74,2015-06-26,-
2026-03-19,2772,众兴菌业,农牧饲渔,18.32,18.78,18.05,18.28,18.05,11162800,205314472.0,2.86,-0.38,3.98,否,0.89,-0.218,-1.349,2.009,7.656,否,393241359,390118153,7188452042.52,7131359836.84,29.49383,2.119557,3.604795,18.26,18.33,18.01,17.7,16.29,14.03,10.79,2015-06-26,-
2026-03-20,2772,众兴菌业,农牧饲渔,18.47,19.5,18.46,19.25,18.46,20830300,398462497.0,5.34,5.31,5.69,否,1.8,7.242,-1.635,5.595,15.132,否,393241359,390118153,7569896160.75,7509774445.25,31.058875,2.232028,3.796078,18.43,18.43,18.14,17.82,16.41,14.11,10.84,2015-06-26,-
2026-03-23,2772,众兴菌业,农牧饲渔,18.33,18.45,17.33,17.33,17.33,25905400,458354148.0,6.64,-9.97,5.82,否,2.02,-5.559,-5.917,-1.646,-5.764,否,393241359,390118153,6814872751.47,6760747591.49,20.345118,1.932862,3.247709,18.23,18.4,18.19,17.86,16.48,14.16,10.88,2015-06-26,-
2026-03-24,2772,众兴菌业,农牧饲渔,17.68,17.72,16.0,16.7,16.0,22854200,376489721.0,5.86,-3.64,9.92,否,1.48,-8.643,-8.843,-7.428,-7.222,否,393241359,390118153,6567130695.3,6514973155.1,19.605509,1.862597,3.129644,17.98,18.27,18.15,17.85,16.52,14.22,10.92,2015-06-26,-
2026-03-25,2772,众兴菌业,农牧饲渔,16.7,17.27,16.45,16.57,16.45,17191800,289448220.0,4.41,-0.78,4.91,否,0.95,-13.922,-7.688,-10.577,-5.852,否,393241359,390118153,6516009318.63,6464257795.21,19.452891,1.848097,3.105282,17.63,18.07,18.08,17.84,16.56,14.27,10.96,2015-06-26,-
2026-03-26,2772,众兴菌业,农牧饲渔,16.6,16.74,15.68,15.81,15.68,16049200,257711354.0,4.11,-4.59,6.4,否,0.82,-8.771,-13.842,-19.213,-8.507,否,393241359,390118153,6217145885.79,6167767998.93,18.560664,1.763333,2.962855,17.13,17.7,17.98,17.8,16.58,14.32,10.99,2015-06-26,-
2026-03-27,2772,众兴菌业,农牧饲渔,15.66,15.93,15.54,15.72,15.54,11030000,173163068.0,2.83,-0.57,2.47,否,0.54,-5.868,-14.004,-14.658,-5.925,否,393241359,390118153,6181754163.48,6132657365.16,18.455006,1.753295,2.945989,16.43,17.43,17.85,17.76,16.6,14.37,11.03,2015-06-26,-
2026-03-30,2772,众兴菌业,农牧饲渔,15.74,16.42,15.48,16.34,15.48,14235200,229366879.0,3.65,3.94,5.98,否,0.77,-1.388,-15.117,-10.808,-0.122,否,393241359,390118153,6425563806.06,6374530620.02,19.182875,1.822445,3.062179,16.23,17.23,17.76,17.7,16.63,14.43,11.06,2015-06-26,-
2026-03-31,2772,众兴菌业,农牧饲渔,16.44,17.02,15.83,15.94,15.83,9856400,160140208.0,2.53,-2.45,7.28,否,0.61,0.822,-8.021,-11.198,-9.226,否,393241359,390118153,6268267262.46,6218483358.82,18.713282,1.777832,2.987218,16.08,17.03,17.65,17.63,16.65,14.48,11.1,2015-06-26,-
2026-04-01,2772,众兴菌业,农牧饲渔,16.2,16.52,15.88,16.5,15.88,10197900,165358070.0,2.74,3.51,4.02,否,0.75,4.962,-1.198,-10.082,-7.666,否,374742533,371636627,6183251794.5,6132004345.5,18.459477,1.753719,2.946702,16.06,16.84,17.57,17.59,16.68,14.54,11.13,2015-06-26,-
2026-04-02,2772,众兴菌业,农牧饲渔,16.32,17.06,16.32,16.75,16.32,9613900,160903298.0,2.59,1.52,4.48,否,0.78,2.509,1.086,-8.37,-5.793,否,374742533,371636627,6276937427.75,6224913502.25,18.739166,1.780291,2.991349,16.25,16.69,17.51,17.57,16.71,14.6,11.17,2015-06-26,-
2026-04-03,2772,众兴菌业,农牧饲渔,16.75,17.29,16.47,16.64,16.47,10727800,180600939.0,2.89,-0.66,4.9,否,0.98,4.391,5.25,-13.558,-9.418,否,374742533,371636627,6235715749.12,6184033473.28,18.616103,1.768599,2.971705,16.43,16.43,17.43,17.57,16.75,14.65,11.21,2015-06-26,-
2026-04-07,2772,众兴菌业,农牧饲渔,16.64,16.86,16.4,16.5,16.4,8518600,141191670.0,2.29,-0.84,2.76,否,0.78,0.0,4.962,-4.789,-8.89,否,374742533,371636627,6183251794.5,6132004345.5,18.459477,1.753719,2.946702,16.47,16.35,17.38,17.57,16.78,14.7,11.25,2015-06-26,-
2026-04-08,2772,众兴菌业,农牧饲渔,16.68,17.49,16.67,17.34,16.67,11849200,204165561.0,3.19,5.09,4.97,否,1.21,3.522,6.12,3.832,-4.41,否,374742533,371636627,6498035522.22,6444179112.18,19.399232,1.843,3.096716,16.75,16.41,17.34,17.57,16.83,14.76,11.29,2015-06-26,-
2026-04-09,2772,众兴菌业,农牧饲渔,17.25,17.8,17.09,17.54,17.09,9949600,174930333.0,2.68,1.15,4.09,否,0.98,5.409,10.038,5.854,-3.201,否,374742533,371636627,6572984028.82,6518506437.58,19.622983,1.864257,3.132434,16.95,16.51,17.29,17.56,16.88,14.82,11.33,2015-06-26,-
2026-04-10,2772,众兴菌业,农牧饲渔,17.71,17.73,17.0,17.36,17.0,11079700,192568342.0,2.98,-1.03,4.16,否,1.09,5.212,5.212,9.804,-3.125,否,374742533,371636627,6505530372.88,6451611844.72,19.421607,1.845125,3.100288,17.08,16.66,17.18,17.54,16.92,14.88,11.37,2015-06-26,-
2026-04-13,2772,众兴菌业,农牧饲渔,17.05,17.3,16.24,16.32,16.32,11680300,190622496.0,3.1429,,,否,,,,,,否,374742533,371636627,6115798138.56,6065109752.64,,,,17.012,16.723,17.075499999999998,17.473666666666666,16.930333333333333,14.931833333333334,11.41008,2015-06-26,-
2026-04-14,2772,众兴菌业,农牧饲渔,16.32,16.65,15.5,16.58,16.58,15356100,254604138.0,4.132,,,否,,,,,,否,374742533,371636627,6213231197.14,6161735275.66,,,,17.028,16.747,16.988500000000002,17.422666666666668,16.934166666666666,14.98475,11.44828,2015-06-26,-
2026-04-15,2772,众兴菌业,农牧饲渔,16.55,17.68,16.21,17.63,17.63,17396300,306696769.0,4.681,,,否,,,,,,否,374742533,371636627,6606710856.79,6551953734.01,,,,17.086,16.916,16.9725,17.40566666666667,16.982833333333335,15.0485,11.49052,2015-06-26,-
2026-04-16,2772,众兴菌业,农牧饲渔,17.55,18.12,17.44,17.88,17.88,12615900,225572292.0,3.3947,,,否,,,,,,否,374742533,371636627,6700396490.04,6644862890.76,,,,17.154,17.054,16.949,17.39766666666667,17.022666666666666,15.114833333333335,11.5334,2015-06-26,-
2026-04-17,2772,众兴菌业,农牧饲渔,17.86,18.6,17.43,18.19,18.19,11630300,211555157.0,3.1295,,,否,,,,,,否,374742533,371636627,6816566675.27,6760070245.13,,,,17.32,17.198,16.944499999999998,17.40666666666667,17.073833333333333,15.1825,11.57852,2015-06-26,-
2026-04-20,2772,众兴菌业,农牧饲渔,18.7,19.02,18.43,18.7,18.7,15498600,289823820.0,4.1704,,,否,,,,,,否,374742533,371636627,7007685367.1,6949604924.9,,,,17.796,17.404,16.916999999999998,17.42233333333333,17.137333333333334,15.246,11.62292,2015-06-26,-
2026-04-21,2772,众兴菌业,农牧饲渔,19.0,19.0,18.15,18.49,18.49,9016500,166715085.0,2.4262,,,否,,,,,,否,374742533,371636627,6928989435.17,6871561233.23,,,,18.178,17.603,16.975,17.45133333333333,17.200333333333333,15.309166666666666,11.66648,2015-06-26,-
2026-04-22,2772,众兴菌业,农牧饲渔,18.32,18.32,17.0,17.76,17.76,25406900,451226544.0,6.8365,,,否,,,,,,否,374742533,371636627,6655427386.08,6600266495.52,,,,18.204,17.645,17.028,17.442,17.245,15.367583333333332,11.706320000000002,2015-06-26,-
2026-04-23,2772,众兴菌业,农牧饲渔,17.58,18.9,17.5,18.17,18.17,19254900,349861533.0,5.1811,,,否,,,,,,否,374742533,371636627,6809071824.61,6752637512.59,,,,18.262,17.708000000000002,17.108,17.43,17.292666666666666,15.42875,11.749679999999998,2015-06-26,-
2026-04-24,2772,众兴菌业,农牧饲渔,17.92,18.49,17.42,17.45,17.45,12968500,226300325.0,3.4896,,,否,,,,,,否,374742533,371636627,6539257200.85,6485059141.15,,,,18.114,17.717,17.19,17.359333333333332,17.332666666666668,15.474916666666669,11.7894,2015-06-26,-
2026-04-27,2772,众兴菌业,农牧饲渔,17.51,17.54,16.7,17.19,17.19,12240700,210417633.0,3.2937,,,否,,,,,,否,374742533,371636627,6441824142.27,6388433618.13,,,,17.812,17.804,17.2635,17.31833333333333,17.35516666666667,15.512333333333334,11.82832,2015-06-26,-
2026-04-28,2772,众兴菌业,农牧饲渔,17.01,17.12,16.65,17.08,17.08,9424200,160965336.0,2.5359,,,否,,,,,,否,374742533,371636627,6400602463.64,6347553589.16,,,,17.529999999999998,17.854,17.3005,17.276999999999997,17.381166666666665,15.548666666666668,11.86728,2015-06-26,-
2026-04-29,2772,众兴菌业,农牧饲渔,17.02,17.67,16.9,17.03,17.03,10501200,178835436.0,2.8257,,,否,,,,,,否,374742533,371636627,6381865336.99,6328971757.81,,,,17.384,17.794,17.355,17.246333333333332,17.404999999999998,15.586416666666668,11.90552,2015-06-26,-
2026-04-30,2772,众兴菌业,农牧饲渔,16.88,17.15,16.65,16.94,16.94,8132500,137764550.0,2.1883,,,否,,,,,,否,374742533,371636627,6348138509.02,6295524461.38,,,,17.137999999999998,17.7,17.377000000000002,17.199333333333335,17.42,15.619666666666667,11.9438,2015-06-26,-
2026-05-06,2772,众兴菌业,农牧饲渔,16.97,16.97,16.19,16.26,16.26,17703300,287855658.0,4.7636,,,否,,,,,,否,374742533,371636627,6093313586.58,6042811555.02,,,,16.9,17.506999999999998,17.3525,17.132,17.416833333333333,15.636416666666667,11.97852,2015-06-26,-
2026-05-07,2772,众兴菌业,农牧饲渔,16.26,16.43,15.88,16.11,16.11,12608600,203124546.0,3.3927,,,否,,,,,,否,374742533,371636627,6037102206.63,5987066060.97,,,,16.684,17.248,17.326,17.027333333333335,17.425166666666666,15.653583333333334,12.01256,2015-06-26,-
2026-05-08,2772,众兴菌业,农牧饲渔,16.08,16.8,16.08,16.74,16.74,12868500,215418690.0,3.4627,,,否,,,,,,否,374742533,371636627,6273190002.42,6221197135.98,,,,16.616000000000003,17.073,17.338,17.00766666666667,17.432833333333335,15.672416666666669,12.0498,2015-06-26,-
2026-05-11,2772,众兴菌业,农牧饲渔,16.65,16.68,16.04,16.12,16.12,12842800,207025936.0,3.4557,,,否,,,,,,否,374742533,371636627,6040849631.96,5990782427.24,,,,16.434,16.909,17.277,16.988333333333333,17.418833333333335,15.689083333333334,12.08448,2015-06-26,-
2026-05-12,2772,众兴菌业,农牧饲渔,16.12,16.28,15.68,15.71,15.71,9589400,150649474.0,2.5803,,,否,,,,,,否,374742533,371636627,5887205193.43,5838411410.17,,,,16.188,16.663,17.185499999999998,16.959666666666667,17.39766666666667,15.708416666666666,12.11756,2015-06-26,-
2026-05-13,2772,众兴菌业,农牧饲渔,15.63,16.01,15.6,15.8,15.8,8996300,142141540.0,2.4207,,,否,,,,,,否,374742533,371636627,5920932021.4,5871858706.6,,,,16.096,16.498,17.1075,16.959333333333333,17.378,15.72975,12.1512,2015-06-26,-
2026-05-14,2772,众兴菌业,农牧饲渔,15.7,15.79,15.3,15.36,15.36,7876200,120978432.0,2.1193,,,否,,,,,,否,374742533,371636627,5756045306.88,5708338590.72,,,,15.946000000000002,16.315,17.059500000000003,16.947333333333333,17.35533333333333,15.747083333333334,12.18236,2015-06-26,-
2026-05-15,2772,众兴菌业,农牧饲渔,15.35,15.52,15.16,15.33,15.33,6226700,95455311.0,1.6755,,,否,,,,,,否,374742533,371636627,5744803030.89,5697189491.91,,,,15.664,16.14,16.997,16.913666666666664,17.304333333333332,15.764083333333332,12.21408,2015-06-26,-
2026-05-18,2772,众兴菌业,农牧饲渔,15.36,15.38,14.82,15.06,15.06,8006700,120580902.0,2.1544,,,否,,,,,,否,374742533,371636627,5643622546.98,5596847602.62,,,,15.451999999999998,15.943,16.8685,16.884333333333334,17.255333333333333,15.778416666666669,12.2444,2015-06-26,-
2026-05-19,2772,众兴菌业,农牧饲渔,15.22,15.25,14.96,15.16,15.16,5142400,77958784.0,1.3837,,,否,,,,,,否,374742533,371636627,5681096800.28,5634011265.32,,,,15.342000000000002,15.765,16.732499999999998,16.839666666666666,17.21466666666667,15.79425,12.2744,2015-06-26,-
2026-05-20,2772,众兴菌业,农牧饲渔,15.05,15.1,14.66,14.95,14.95,7097700,106110615.0,1.9098,,,否,,,,,,否,374742533,371636627,5602400868.35,5555967573.65,,,,15.172,15.634,16.5705,16.779666666666667,17.175833333333333,15.811666666666667,12.303720000000002,2015-06-26,-
2026-05-21,2772,众兴菌业,农牧饲渔,14.95,15.21,14.6,14.64,14.64,7766400,113700096.0,2.0898,,,否,,,,,,否,374742533,371636627,5486230683.12,5440760219.28,,,,15.028,15.487,16.3675,16.713,17.141333333333332,15.828666666666669,12.33152,2015-06-26,-
2026-05-22,2772,众兴菌业,农牧饲渔,14.87,14.87,14.51,14.63,14.63,5733900,83886957.0,1.5429,,,否,,,,,,否,374742533,371636627,5482483257.79,5437043853.01,,,,14.888,15.276,16.174500000000002,16.650666666666666,17.1125,15.846416666666666,12.35972,2015-06-26,-
2026-05-25,2772,众兴菌业,农牧饲渔,14.7,14.86,14.34,14.38,14.38,7491500,107727770.0,2.0158,,,否,,,,,,否,374742533,371636627,5388797624.54,5344134696.26,,,,14.752,15.102,16.0055,16.552,17.0595,15.862166666666669,12.387,2015-06-26,-
2026-05-26,2772,众兴菌业,农牧饲渔,14.35,14.38,13.66,14.07,14.07,10079900,141824193.0,2.7123,,,否,,,,,,否,374742533,371636627,5272627439.31,5228927341.89,,,,14.534,14.938,15.8005,16.436333333333334,16.996166666666667,15.8805,12.413,2015-06-26,-
2026-05-27,2772,众兴菌业,农牧饲渔,14.06,14.09,13.69,13.83,13.83,5678500,78533655.0,1.528,,,否,,,,,,否,374742533,371636627,5182689231.39,5139734551.41,,,,14.31,14.741,15.6195,16.318666666666665,16.930333333333333,15.895916666666666,12.43504,2015-06-26,-
2026-05-28,2772,众兴菌业,农牧饲渔,13.82,13.98,13.59,13.75,13.75,5980600,82233250.0,1.6093,,,否,,,,,,否,374742533,371636627,5152709828.75,5110003621.25,,,,14.132,14.580000000000002,15.4475,16.233,16.853333333333335,15.910666666666666,12.4578,2015-06-26,-
2026-05-29,2772,众兴菌业,农牧饲渔,13.75,13.93,13.39,13.44,13.44,8661600,116411904.0,2.3307,,,否,,,,,,否,374742533,371636627,5036539643.52,4994796266.88,,,,13.894,14.391,15.2655,16.128333333333334,16.7755,15.923,12.47976,2015-06-26,-
2026-06-01,2772,众兴菌业,农牧饲渔,13.42,13.73,13.35,13.66,13.66,10950900,149589294.0,2.9467,,,否,,,,,,否,374742533,371636627,5118983000.78,5076556324.82,,,,13.75,14.251,15.097,15.996,16.700833333333335,15.935833333333337,12.5018,2015-06-26,-
2026-06-02,2772,众兴菌业,农牧饲渔,13.68,13.76,13.04,13.11,13.11,10332400,135457764.0,2.7802,,,否,,,,,,否,374742533,371636627,4912874607.63,4872156179.97,,,,13.557999999999998,14.046,14.9055,15.837,16.617333333333335,15.940833333333334,12.52236,2015-06-26,-
2026-06-03,2772,众兴菌业,农牧饲渔,13.13,13.17,12.76,12.9,12.9,10480200,135194580.0,2.82,,,否,,,,,,否,374742533,371636627,4834178675.7,4794112488.3,,,,13.372,13.841,14.7375,15.660666666666666,16.533666666666665,15.939833333333333,12.54288,2015-06-26,-
2026-06-04,2772,众兴菌业,农牧饲渔,12.86,12.92,12.4,12.61,12.61,6521400,82234854.0,1.7548,,,否,,,,,,否,374742533,371636627,4725503341.13,4686337866.47,,,,13.144,13.638,14.5625,15.457666666666666,16.44,15.93575,12.56276,2015-06-26,-
2026-06-05,2772,众兴菌业,农牧饲渔,12.68,12.86,12.41,12.6,12.6,8186200,103146120.0,2.2027,,,否,,,,,,否,374742533,371636627,4721755915.8,4682621500.2,,,,12.976,13.435,14.355499999999996,15.261333333333337,16.356333333333332,15.932666666666668,12.5824,2015-06-26,-
2026-06-08,2772,众兴菌业,农牧饲渔,12.38,12.7,11.96,12.16,12.16,9543700,116051392.0,2.568,,,否,,,,,,否,374742533,371636627,4556869201.28,4519101384.32,,,,12.676,13.213,14.1575,15.074666666666667,16.258333333333333,15.926666666666668,12.59984,2015-06-26,-
2026-06-09,2772,众兴菌业,农牧饲渔,12.29,13.09,12.19,12.99,12.99,16797600,218200824.0,4.5199,,,否,,,,,,否,374742533,371636627,4867905503.67,4827559784.73,,,,12.652,13.105,14.0215,14.902,16.166,15.929916666666664,12.62072,2015-06-26,-
2026-06-10,2772,众兴菌业,农牧饲渔,12.9,13.56,12.8,13.19,13.19,13991800,184551842.0,3.7649,,,否,,,,,,否,374742533,371636627,4942854010.27,4901887110.13,,,,12.71,13.041,13.891,14.76,16.059666666666665,15.934583333333334,12.64228,2015-06-26,-
2026-06-11,2772,众兴菌业,农牧饲渔,13.04,13.22,12.54,12.74,12.74,9243600,117763464.0,2.4873,,,否,,,,,,否,374742533,371636627,4774219870.42,4734650627.98,,,,12.736,12.94,13.760000000000002,14.611666666666668,15.965,15.934,12.6622,2015-06-26,-
2026-06-12,2772,众兴菌业,农牧饲渔,12.82,12.98,12.46,12.97,12.97,8360300,108433091.0,2.2496,,,否,,,,,,否,374742533,371636627,4860410653.01,4820127052.19,,,,12.81,12.893,13.642,14.474666666666668,15.875833333333333,15.93525,12.68288,2015-06-26,-
2026-06-15,2772,众兴菌业,农牧饲渔,13.08,13.23,12.92,13.15,13.15,8062000,106015300.0,2.1693,,,否,,,,,,否,374742533,371636627,4927864308.95,4887021645.05,,,,13.008,12.842000000000002,13.5465,14.345333333333334,15.795833333333333,15.942083333333333,12.704,2015-06-26,-
2026-06-16,2772,众兴菌业,农牧饲渔,13.0,13.1,12.85,12.96,12.96,6494800,84172608.0,1.7476,,,否,,,,,,否,374742533,371636627,4856663227.68,4816410685.92,,,,13.002,12.827000000000002,13.4365,14.212666666666667,15.706,15.94775,12.72452,2015-06-26,-
2026-06-17,2772,众兴菌业,农牧饲渔,12.88,12.91,12.59,12.69,12.96,6410605,81350577.45,1.725,,,否,,,,,,否,374742533,371636627,4755482743.77,4716068796.63,,,,12.9,12.81,13.32,14.09,15.61,15.95,12.74,2015-06-26,-
2026-06-22,2772,众兴菌业,农牧饲渔,12.48,12.56,11.98,12.44,12.48,9562045,118951839.8,2.573,,,否,,,,,,否,374742533,371636627,4661797110.52,4623159639.88,,,,12.74,12.78,13.11,13.83,15.42,15.95,12.78,2015-06-26,-
2026-06-23,2772,众兴菌业,农牧饲渔,12.39,12.68,12.32,12.48,12.44,6743714,84161550.72,1.8146,,,否,,,,,,否,374742533,371636627,4676786811.84,4638025104.96,,,,12.74,12.78,13.11,13.83,15.42,15.95,12.78,2015-06-26,-
2026-06-24,2772,众兴菌业,农牧饲渔,12.4,12.46,12.18,12.27,12.48,5343862,65569186.74,1.4379,,,否,,,,,,否,374742533,371636627,4598090879.91,4559981413.29,,,,12.57,12.79,13.0,13.7,15.34,15.93,12.8,2015-06-26,-
2026-06-25,2772,众兴菌业,农牧饲渔,12.37,12.37,11.87,11.97,12.27,6022913,72094268.61,1.6206,,,否,,,,,,否,374742533,371636627,4485668120.01,4448490425.19,,,,12.37,12.69,12.9,13.58,15.27,15.91,12.81,2015-06-26,-
2026-06-26,2772,众兴菌业,农牧饲渔,11.98,12.05,11.53,11.6,11.97,7557200,87663520.0,2.0335,,,否,,,,,,否,374742533,371636627,4347013382.8,4310984873.2,,,,12.15,12.53,12.78,13.44,15.2,15.89,12.83,2015-06-26,-
2026-06-29,2772,众兴菌业,农牧饲渔,11.45,11.97,11.1,11.84,11.6,10750000,127280000.0,2.8926,,,否,,,,,,否,374742533,371636627,4436951590.72,4400177663.68,,,,12.03,12.44,12.69,13.32,15.13,15.87,12.84,2015-06-26,-
2026-06-30,2772,众兴菌业,农牧饲渔,11.4,12.17,11.31,11.98,11.98,11740300,140648794.0,3.1591,,,否,,,,,,否,374742533,371636627,4489415545.34,4452206791.46,,,,11.87,12.22,12.53,13.1,14.99,15.82,12.87,2015-06-26,-
2026-07-01,002772,众兴菌业,农牧饲渔,11.4,12.17,11.31,11.98,11.98,11740300,140648794.00,3.1591,,,否,,,,,,否,374742533,371636627,4489415545.34,4452206791.46,,,,11.87,12.22,12.53,13.10,14.99,15.82,12.87,2015-06-26,-
2026-07-02,002772,众兴菌业,农牧饲渔,11.91,13.07,11.91,12.8,11.98,19547900,250213120.00,5.2599,,,否,,,,,,否,374742533,371636627,4796704422.40,4756948825.60,,,,12.04,12.21,12.52,13.03,14.93,15.80,12.89,2015-06-26,-
2026-07-03,002772,众兴菌业,农牧饲渔,12.61,14.06,12.47,13.88,12.8,33326600,462573208.00,8.9675,,,否,,,,,,否,374742533,371636627,5201426358.04,5158316382.76,,,,12.50,12.32,12.57,12.99,14.88,15.80,12.92,2015-06-26,-
2026-07-06,002772,众兴菌业,农牧饲渔,13.58,13.8,12.73,13.11,13.88,26015900,341068449.00,7.0004,,,否,,,,,,否,374742533,371636627,4912874607.63,4872156179.97,,,,12.75,12.39,12.59,12.94,14.83,15.79,12.94,2015-06-26,-
2026-07-07,002772,众兴菌业,农牧饲渔,13.1,13.44,12.59,12.64,13.11,13549600,171266944.00,3.6459,,,否,,,,,,否,374742533,371636627,4736745617.12,4697486965.28,,,,12.88,12.41,12.59,12.87,14.76,15.77,12.96,2015-06-26,-
2026-07-08,002772,众兴菌业,农牧饲渔,12.6,13.31,12.28,12.99,12.64,17919800,232778202.00,4.8219,,,否,,,,,,否,374742533,371636627,4867905503.67,4827559784.73,,,,13.08,12.48,12.63,12.83,14.69,15.76,12.98,2015-06-26,-
2026-07-09,002772,众兴菌业,农牧饲渔,12.8,12.85,12.17,12.6,12.99,14971800,188644680.00,4.0286,,,否,,,,,,否,374742533,371636627,4721755915.80,4682621500.20,,,,13.04,12.54,12.61,12.78,14.61,15.75,13.00,2015-06-26,-
2026-07-10,002772,众兴菌业,农牧饲渔,12.45,13.05,12.2,12.72,12.6,11595300,147492216.00,3.1201,,,否,,,,,,否,374742533,371636627,4766725019.76,4727217895.44,,,,12.81,12.65,12.59,12.74,14.53,15.73,13.02,2015-06-26,-
2026-07-13,002772,众兴菌业,农牧饲渔,12.8,13.18,12.62,13.13,12.72,14302600,187793138.00,3.8485,,,否,,,,,,否,374742533,371636627,4920369458.29,4879588912.51,,,,12.82,12.78,12.61,12.72,14.48,15.70,13.04,2015-06-26,-
2026-07-14,002772,众兴菌业,农牧饲渔,12.86,13.19,12.56,13.09,13.13,14251000,186545590.00,3.8347,,,否,,,,,,否,374742533,371636627,4905379756.97,4864723447.43,,,,12.91,12.89,12.62,12.71,14.42,15.68,13.06,2015-06-26,-
2026-07-15,002772,众兴菌业,农牧饲渔,11.89,12.3,11.78,11.78,13.09,18310600,215698868.00,4.9270,,,否,,,,,,否,374742533,371636627,4414467038.74,4377879466.06,,,,12.66,12.87,12.55,12.65,14.32,15.65,13.08,2015-06-26,-
2026-07-16,002772,众兴菌业,农牧饲渔,11.2,11.25,10.6,10.6,11.78,27727000,293906200.00,7.4608,,,否,,,,,,否,374742533,371636627,3972270849.80,3939348246.20,,,,12.26,12.65,12.43,12.56,14.20,15.61,13.09,2015-06-26,-
2026-07-17,002772,众兴菌业,农牧饲渔,10.42,10.74,10.05,10.19,10.6,20497700,208871563.00,5.5155,,,否,,,,,,否,374742533,371636627,3818626411.27,3786977229.13,,,,11.76,12.29,12.30,12.47,14.07,15.57,13.10,2015-06-26,-
