日期,代码,名称,所属行业,开盘价,最高价,最低价,收盘价,前收盘价,成交量（股）,成交额（元）,换手率,涨幅%,振幅%,是否ST,量比,3日涨幅%,6日涨幅%,10日涨幅%,25日涨幅%,是否涨停,总股本（股）,流通股本（股）,总市值（元）,流通市值（元）,滚动市盈率,市净率,滚动市销率,5日线,10日线,20日线,30日线,60日线,120日线,250日线,上市时间,退市时间
2020-09-25,3009,中天火箭,航天航空,16.94,18.48,16.94,18.48,16.94,144716,2695269.08,0.3725,43.972,11.98,否,,,,,,否,155392313,38848100,2894958791.19,723740103.0,26.380054,3.881467,3.403147,3.7,1.85,0.92,0.62,0.31,0.15,0.07,2020-09-25,-
2020-09-28,3009,中天火箭,航天航空,20.33,20.33,20.33,20.33,20.33,33627,689017.23,0.0866,9.984,0.0,否,0.23,,,,,是,155392313,38848100,3183988493.37,795997569.0,29.013811,4.268989,3.742914,7.76,3.88,1.94,1.29,0.65,0.32,0.16,2020-09-25,-
2020-09-29,3009,中天火箭,航天航空,22.36,22.36,22.36,22.36,22.36,33589,757096.06,0.0865,10.005,0.0,否,0.09,,,,,是,155392313,38848100,3502542735.02,875636174.0,31.916608,4.696096,4.117388,12.23,6.12,3.06,2.04,1.02,0.51,0.24,2020-09-25,-
2020-09-30,3009,中天火箭,航天航空,24.59,24.59,24.59,24.59,24.59,143307,3552580.53,0.3689,9.982,0.0,否,0.23,33.063,,,,是,155392313,38848100,3852175439.27,963044399.0,35.102605,5.164873,4.528396,17.15,8.58,4.29,2.86,1.43,0.71,0.34,2020-09-25,-
2020-10-09,3009,中天火箭,航天航空,27.05,27.05,27.05,27.05,27.05,76726,2092318.02,0.1975,10.004,0.0,否,0.05,33.055,,,,是,155392313,38848100,4237548375.51,1059387687.0,38.614282,5.681568,4.981418,22.56,11.28,5.64,3.76,1.88,0.94,0.45,2020-09-25,-
2020-10-12,3009,中天火箭,航天航空,29.76,29.76,29.76,29.76,29.76,211928,6357840.0,0.5455,10.011,0.0,否,2.45,33.095,,,,是,155392313,38848100,4661769390.0,1165443000.0,42.479958,6.25035,5.480108,24.82,14.26,7.13,4.75,2.38,1.19,0.57,2020-09-25,-
2020-10-13,3009,中天火箭,航天航空,32.74,32.74,32.74,32.74,32.74,77597,2560701.0,0.1997,10.0,0.0,否,0.78,33.144,77.165,,,是,155392313,38848100,5127946329.0,1281987300.0,46.727954,6.875385,6.028119,27.3,17.53,8.77,5.84,2.92,1.46,0.7,2020-09-25,-
2020-10-14,3009,中天火箭,航天航空,36.01,36.01,36.01,36.01,36.01,195118,7082783.4,0.5023,10.0,0.0,否,1.8,33.124,77.127,,,是,155392313,38848100,5640740961.9,1410186030.0,51.400749,7.562924,6.630931,30.03,21.13,10.57,7.04,3.52,1.76,0.85,2020-09-25,-
2020-10-15,3009,中天火箭,航天航空,39.61,39.61,39.61,39.61,39.61,78106,3118772.58,0.2011,10.0,0.0,否,0.55,33.098,77.147,,,是,155392313,38848100,6204815058.09,1551204633.0,56.540824,8.319216,7.294024,33.03,25.09,12.55,8.36,4.18,2.09,1.0,2020-09-25,-
2020-10-16,3009,中天火箭,航天航空,43.57,43.57,43.57,43.57,43.57,116892,5133896.64,0.3009,9.993,0.0,否,0.91,33.079,77.186,,,是,155392313,38848100,6824830386.96,1706208552.0,62.190658,9.150513,8.022878,36.34,29.45,14.73,9.82,4.91,2.45,1.18,2020-09-25,-
2020-10-19,3009,中天火箭,航天航空,47.93,47.93,47.93,47.93,47.93,246859,11925758.29,0.6354,9.995,0.0,否,1.82,33.102,77.19,159.361,,是,155392313,38848100,7507002641.03,1876751711.0,68.406892,10.065147,8.824801,39.97,32.4,17.12,11.41,5.71,2.85,1.37,2020-09-25,-
2020-10-20,3009,中天火箭,航天航空,52.72,52.72,52.72,52.72,52.72,187758,9977460.12,0.4833,9.998,0.0,否,1.31,33.098,77.151,159.321,,是,155392313,38848100,8257547512.82,2064388034.0,75.246165,11.071454,9.707098,43.97,35.63,19.76,13.17,6.59,3.29,1.58,2020-09-25,-
2020-10-21,3009,中天火箭,航天航空,57.99,57.99,57.99,57.99,57.99,148962,8706828.9,0.3834,9.993,0.0,否,0.9,33.096,77.123,159.347,,是,155392313,38848100,9082680694.85,2270671445.0,82.765118,12.177765,10.677077,48.36,39.2,22.66,15.1,7.55,3.78,1.81,2020-09-25,-
2020-10-22,3009,中天火箭,航天航空,63.79,63.79,63.79,63.79,63.79,103827,6676076.1,0.2673,10.009,0.0,否,0.67,33.09,77.145,159.414,,是,155392313,38848100,9991725725.9,2497932830.0,91.04871,13.396584,11.745698,53.2,43.12,25.85,17.23,8.62,4.31,2.07,2020-09-25,-
2020-10-23,3009,中天火箭,航天航空,70.17,70.17,70.17,70.17,70.17,115816,8191665.68,0.2981,10.0,0.0,否,0.72,33.099,77.152,159.409,,是,155392313,38848100,10990898298.49,2747726113.0,100.153581,14.736242,12.920268,58.52,47.43,29.36,19.57,9.79,4.89,2.35,2020-09-25,-
2020-10-26,3009,中天火箭,航天航空,77.18,77.18,77.18,77.18,77.18,154957,12055654.6,0.3989,9.996,0.0,否,0.96,33.092,77.14,159.341,,是,155392313,38848100,12089521951.4,3022382180.0,107.092182,10.043264,13.25473,64.37,52.17,33.21,22.14,11.07,5.54,2.66,2020-09-25,-
2020-10-27,3009,中天火箭,航天航空,84.9,84.9,84.9,84.9,84.9,91937,7867968.46,0.2367,10.0,0.0,否,0.65,33.093,77.133,159.316,,是,155392313,38848100,13298474146.54,3324620398.0,117.8014,11.047591,14.580203,70.81,57.39,37.46,24.97,12.49,6.24,3.0,2020-09-25,-
2020-10-28,3009,中天火箭,航天航空,93.39,93.39,76.41,76.41,76.41,9797755,851099692.66,25.2207,-10.002,20.0,否,79.59,8.893,44.936,112.191,,否,155392313,38848100,11968315947.26,2992080662.0,106.018507,9.942574,13.121842,74.49,61.43,41.28,27.52,13.76,6.88,3.3,2020-09-25,-
2020-10-29,3009,中天火箭,航天航空,68.77,68.77,68.77,68.77,68.77,1090500,75593460.0,2.8071,-9.997,0.0,否,0.53,-10.897,18.589,73.618,,否,155392313,38848100,10771795137.16,2692950292.0,95.419409,8.948574,11.809999,75.49,64.34,44.72,29.81,14.91,7.45,3.58,2020-09-25,-
2020-10-30,3009,中天火箭,航天航空,62.5,72.42,62.5,68.99,62.5,21348755,1442226812.26,54.9544,0.317,14.43,否,9.49,-18.74,8.152,58.343,,否,155392313,38848100,10805981446.02,2701496874.0,95.722241,8.976974,11.84748,75.25,66.89,48.17,32.11,16.06,8.03,3.85,2020-09-25,-
2020-11-02,3009,中天火箭,航天航空,64.68,65.28,62.09,62.09,62.09,7869625,500482953.07,20.2574,-9.994,4.62,否,1.21,-18.741,-11.515,29.543,,否,155392313,38848100,9726004870.67,2431502579.0,86.155523,8.079793,10.663414,72.23,68.3,50.35,34.18,17.09,8.55,4.1,2020-09-25,-
2020-11-03,3009,中天火箭,航天航空,59.52,64.21,58.43,63.57,58.43,14136237,871548964.0,36.3885,2.381,9.3,否,1.76,-7.561,-17.634,20.58,,否,155392313,38848100,9957539417.04,2489386248.0,88.206517,8.272139,10.917264,67.97,69.39,52.51,36.3,18.15,9.08,4.36,2020-09-25,-
2020-11-04,3009,中天火箭,航天航空,62.5,64.82,60.84,62.48,60.84,12022601,762314752.56,30.9477,-1.717,6.26,否,1.11,-9.436,-26.408,7.743,,否,155392313,38848100,9786607872.74,2446653338.0,86.69236,8.130139,10.729858,65.18,69.84,54.52,38.38,19.19,9.6,4.61,2020-09-25,-
2020-11-05,3009,中天火箭,航天航空,61.01,63.93,61.01,63.49,61.01,10254383,647237465.0,26.3961,1.62,4.67,否,0.91,2.255,-16.909,-0.47,,否,155392313,38848100,9945108032.0,2486278400.0,88.096396,8.261811,10.903634,64.12,69.81,56.46,40.5,20.25,10.12,4.86,2020-09-25,-
2020-11-06,3009,中天火箭,航天航空,63.49,68.21,63.05,64.38,63.05,13153968,868570697.04,33.86,1.391,8.13,否,1.0,1.274,-6.384,-8.251,,否,155392313,38848100,10083407190.57,2520853209.0,89.321487,8.376702,11.055263,63.2,69.23,58.33,42.65,21.32,10.66,5.12,2020-09-25,-
2020-11-09,3009,中天火箭,航天航空,63.19,70.81,61.96,70.81,61.96,13454334,898701923.03,34.6332,10.002,13.75,否,1.17,13.332,2.638,-8.253,283.171,是,155392313,38848100,11091903301.94,2772977378.0,98.255012,9.214501,12.16096,64.95,68.59,60.38,45.01,22.5,11.25,5.4,2020-09-25,-
2020-11-10,3009,中天火箭,航天航空,71.18,76.15,68.26,68.45,68.26,18127419,1323899057.18,46.6623,-3.334,11.14,否,1.44,7.812,10.243,-19.376,236.695,否,155392313,38848100,10722069597.0,2680518900.0,94.978927,8.907265,11.755481,65.92,66.94,62.17,47.29,23.64,11.82,5.67,2020-09-25,-
2020-11-11,3009,中天火箭,航天航空,66.09,71.28,65.58,70.14,65.58,11511197,797636275.33,29.6313,2.464,8.33,否,0.86,8.947,10.335,-8.206,213.685,否,155392313,38848100,10986236529.1,2746560670.0,97.318988,9.12672,12.045108,67.45,66.32,63.87,49.63,24.81,12.41,5.96,2020-09-25,-
2020-11-12,3009,中天火箭,航天航空,69.17,70.87,65.77,66.17,65.77,9495740,644818575.04,24.4433,-5.658,7.27,否,0.71,-6.553,5.906,-3.781,169.093,否,155392313,38848100,10364667277.1,2591168270.0,91.812963,8.610357,11.363631,67.99,66.06,65.2,51.83,25.92,12.96,6.22,2020-09-25,-
2020-11-13,3009,中天火箭,航天航空,64.55,67.42,62.01,65.47,62.01,9236702,603188273.49,23.7765,-1.065,8.17,否,0.7,-4.354,3.119,-5.102,142.033,否,155392313,38848100,10254338734.87,2563586119.0,90.835644,8.518702,11.242669,68.21,65.71,66.3,54.01,27.01,13.5,6.48,2020-09-25,-
2020-11-16,3009,中天火箭,航天航空,63.99,65.1,63.0,63.73,63.0,6664969,429807213.9,17.1565,-2.652,3.21,否,0.54,-9.139,-1.01,2.641,114.147,否,155392313,38848100,9982402187.12,2495601944.0,88.426758,8.292793,10.944523,66.79,65.87,67.09,55.52,28.07,14.03,6.74,2020-09-25,-
2020-11-17,3009,中天火箭,航天航空,64.08,67.12,63.03,66.47,63.03,8141303,532511293.82,20.9568,4.296,6.43,否,0.74,0.453,-6.129,4.562,103.024,否,155392313,38848100,10411284971.0,2602822700.0,92.225915,8.649084,11.414742,66.4,66.16,67.77,57.06,29.18,14.59,7.0,2020-09-25,-
2020-11-18,3009,中天火箭,航天航空,65.67,72.92,64.99,70.04,64.99,11570993,797568436.8,29.7852,5.373,11.93,否,1.28,6.98,2.323,12.1,94.502,否,155392313,38848100,10970697297.8,2742675860.0,97.181337,9.113811,12.028071,66.38,66.92,68.38,58.65,30.34,15.17,7.28,2020-09-25,-
2020-11-19,3009,中天火箭,航天航空,68.63,75.4,68.26,72.11,68.26,14031203,1018282106.62,36.1181,2.96,10.18,否,1.56,13.149,2.809,13.577,82.05,否,155392313,38848100,11295467231.97,2823868389.0,100.058235,9.38361,12.384143,67.56,67.78,68.79,60.23,31.55,15.77,7.57,2020-09-25,-
2020-11-20,3009,中天火箭,航天航空,70.64,72.08,68.17,68.22,68.17,10947933,767660867.43,28.1814,-5.393,5.43,否,1.1,2.633,3.098,5.965,56.576,否,155392313,38848100,10686329365.01,2671583837.0,94.662331,8.877574,11.716296,68.11,68.16,68.69,61.61,32.68,16.34,7.84,2020-09-25,-
2020-11-23,3009,中天火箭,航天航空,68.44,69.92,66.13,68.83,66.13,7725930,531150157.99,19.8875,0.887,5.55,否,0.75,-1.728,5.132,-2.796,43.605,否,155392313,38848100,10781118675.94,2695281178.0,95.502,8.95632,11.820221,69.13,67.96,68.28,62.91,33.83,16.92,8.12,2020-09-25,-
2020-11-24,3009,中天火箭,航天航空,67.48,69.71,67.48,68.0,67.48,6305782,435539739.01,16.2319,-1.211,3.24,否,0.6,-5.7,6.7,-0.657,28.983,否,155392313,38848100,10650589133.02,2662648774.0,94.345734,8.847884,11.677111,69.44,67.92,67.43,64.08,34.96,17.48,8.39,2020-09-25,-
2020-11-25,3009,中天火箭,航天航空,67.96,68.43,64.48,64.48,64.48,7312491,486098236.08,18.8233,-5.165,5.81,否,0.72,-5.482,-2.994,-8.07,11.192,否,155392313,38848100,10100500345.0,2525126500.0,89.472902,8.390902,11.074003,68.33,67.35,66.83,65.03,36.04,18.02,8.65,2020-09-25,-
2020-11-26,3009,中天火箭,航天航空,64.48,67.21,64.15,65.72,64.15,6290615,417309844.64,16.1929,1.923,4.75,否,0.68,-4.518,-6.168,-0.68,3.026,否,155392313,38848100,10294740736.25,2573686625.0,91.193535,8.552266,11.286965,67.05,67.31,66.68,65.9,37.13,18.57,8.91,2020-09-25,-
2020-11-27,3009,中天火箭,航天航空,65.21,66.93,63.48,64.22,63.48,6711948,440164956.93,17.2774,-2.294,5.24,否,0.87,-5.559,-10.942,-1.909,-8.479,否,155392313,38848100,10058544420.49,2514637513.0,89.101246,8.356048,11.028004,66.25,67.18,66.44,66.59,38.2,19.1,9.17,2020-09-25,-
2020-11-30,3009,中天火箭,航天航空,63.54,64.72,62.88,63.35,62.88,4748610,305423893.63,12.2235,-1.344,2.87,否,0.69,-1.752,-7.139,-0.596,-17.919,否,155392313,38848100,9923353108.18,2480839666.0,87.903685,8.243739,10.879783,65.15,67.14,66.51,67.1,39.26,19.63,9.42,2020-09-25,-
2020-12-01,3009,中天火箭,航天航空,63.34,64.9,63.15,64.51,63.15,4845798,314411795.51,12.4737,1.832,2.77,否,0.77,-1.841,-6.276,-2.949,-24.016,否,155392313,38848100,10105162114.39,2526291943.0,89.514198,8.394775,11.079115,64.46,66.95,66.55,67.5,40.33,20.17,9.68,2020-09-25,-
2020-12-02,3009,中天火箭,航天航空,64.51,65.06,63.72,65.05,63.72,5184709,337527451.33,13.3461,0.83,2.08,否,0.87,1.292,-4.338,-7.125,-14.867,否,155392313,38848100,10189073963.41,2547269917.0,90.257511,8.464484,11.171114,64.57,66.45,66.68,67.73,41.42,20.71,9.94,2020-09-25,-
2020-12-03,3009,中天火箭,航天航空,65.05,65.47,63.03,63.12,63.03,5772275,370961390.34,14.8586,-2.974,3.75,否,1.04,-0.363,-2.109,-12.467,-8.216,否,155392313,38848100,9886058953.06,2471516122.0,87.573324,8.212757,10.838894,64.05,65.55,66.66,67.71,42.47,21.24,10.19,2020-09-25,-
2020-12-04,3009,中天火箭,航天航空,62.58,64.43,62.58,63.74,62.58,4123744,264761701.85,10.615,0.99,2.92,否,0.76,-1.194,-3.013,-6.567,-7.61,否,155392313,38848100,9983956110.25,2495990425.0,88.440523,8.294084,10.946227,63.95,65.1,66.63,67.5,43.53,21.77,10.45,2020-09-25,-
2020-12-07,3009,中天火箭,航天航空,63.37,63.78,62.6,62.69,62.6,4065864,258336829.01,10.4661,-1.65,1.85,否,0.82,-3.628,-2.382,-8.921,0.966,否,155392313,38848100,9819240258.47,2454811439.0,86.981426,8.157248,10.765635,63.82,64.49,66.23,67.01,44.58,22.29,10.7,2020-09-25,-
2020-12-08,3009,中天火箭,航天航空,62.7,63.59,62.01,62.08,62.01,3797938,240498308.99,9.7764,-0.965,2.52,否,0.79,-1.648,-2.005,-8.706,-2.344,否,155392313,38848100,9724450947.54,2431114098.0,86.141757,8.078502,10.66171,63.34,63.9,65.91,66.25,45.61,22.81,10.95,2020-09-25,-
2020-12-09,3009,中天火箭,航天航空,61.71,61.71,58.54,58.74,58.54,6527724,392932540.08,16.8032,-5.385,5.1,否,1.42,-7.844,-8.944,-8.902,-5.986,否,155392313,38848100,9200778852.73,2300196001.0,81.502932,7.643466,10.087565,62.07,63.32,65.34,65.66,46.59,23.3,11.18,2020-09-25,-
2020-12-10,3009,中天火箭,航天航空,58.41,58.41,55.56,55.8,55.56,5694545,324378394.71,14.6585,-4.999,4.86,否,1.17,-10.991,-14.22,-15.094,-12.112,否,155392313,38848100,8740817606.25,2185205625.0,77.428473,7.261358,9.583272,60.61,62.33,64.82,65.23,47.52,23.76,11.41,2020-09-25,-
2020-12-11,3009,中天火箭,航天航空,55.26,56.32,53.32,53.86,53.32,4410851,242820027.15,11.3541,-3.484,5.37,否,0.91,-13.241,-14.67,-16.132,-16.34,否,155392313,38848100,8436248672.77,2109063349.0,74.730521,7.00834,9.249348,58.63,61.29,64.24,64.73,48.42,24.21,11.62,2020-09-25,-
2020-12-14,3009,中天火箭,航天航空,54.02,55.04,53.23,54.63,53.23,2993267,164212032.3,7.7051,1.437,3.35,否,0.61,-6.997,-14.292,-13.765,-22.85,否,155392313,38848100,8557454676.91,2139364867.0,75.804196,7.109031,9.382237,57.02,60.42,63.78,64.48,49.33,24.66,11.84,2020-09-25,-
2020-12-15,3009,中天火箭,航天航空,54.09,56.52,53.71,55.75,53.71,4414220,247342546.59,11.3628,2.052,5.14,否,0.94,-0.09,-11.07,-13.579,-18.554,否,155392313,38848100,8733047990.6,2183263220.0,77.359648,7.254903,9.574754,55.76,59.55,63.25,64.22,50.26,25.13,12.06,2020-09-25,-
2020-12-16,3009,中天火箭,航天航空,55.58,56.49,54.64,55.01,54.64,3489914,194648510.55,8.9835,-1.335,3.31,否,0.73,2.135,-11.389,-15.434,-21.571,否,155392313,38848100,8616503755.85,2154127145.0,76.327268,7.158085,9.446977,55.01,58.54,62.5,63.97,51.18,25.59,12.28,2020-09-25,-
2020-12-17,3009,中天火箭,航天航空,54.57,54.57,52.81,54.22,52.81,3919912,212465189.87,10.0904,-1.443,3.21,否,0.93,-0.751,-7.695,-14.1,-18.06,否,155392313,38848100,8492189905.45,2123048665.0,75.226063,7.054812,9.310681,54.69,57.65,61.6,63.66,52.08,26.04,12.5,2020-09-25,-
2020-12-18,3009,中天火箭,航天航空,54.24,55.33,53.78,54.39,53.78,2541953,139820354.68,6.5433,0.311,2.85,否,0.66,-2.439,-2.527,-14.669,-16.924,否,155392313,38848100,8518606598.66,2129652842.0,75.460069,7.076758,9.339644,54.8,56.72,60.91,63.33,52.99,26.49,12.72,2020-09-25,-
2020-12-21,3009,中天火箭,航天航空,54.32,55.83,53.23,55.15,53.23,3316734,183391542.28,8.5377,1.405,4.78,否,0.96,0.254,2.395,-12.027,-13.463,否,155392313,38848100,8638258679.67,2159565879.0,76.519979,7.176158,9.470829,54.9,55.96,60.23,62.8,53.91,26.95,12.94,2020-09-25,-
2020-12-22,3009,中天火箭,航天航空,54.76,54.76,52.6,52.63,52.6,4020432,217737917.62,10.3491,-4.569,3.92,否,1.14,-2.932,-3.661,-15.222,-20.821,否,155392313,38848100,8243562204.65,2060891705.0,73.023653,6.848267,9.038091,54.28,55.02,59.46,62.28,54.78,27.39,13.15,2020-09-25,-
2020-12-23,3009,中天火箭,航天航空,52.58,54.45,51.31,54.39,51.31,5222121,278991878.06,13.4424,3.337,5.96,否,1.51,0.0,-2.439,-7.406,-22.344,否,155392313,38848100,8518606598.66,2129652842.0,75.460069,7.076758,9.339644,54.16,54.58,58.95,61.75,55.69,27.84,13.37,2020-09-25,-
2020-12-24,3009,中天火箭,航天航空,54.65,59.82,54.65,59.82,54.65,4298533,253755136.52,11.065,9.996,9.5,否,1.13,8.468,8.744,7.204,-17.043,是,155392313,38848100,9370156473.9,2342540430.0,83.003323,7.784175,10.273268,55.28,54.99,58.66,61.54,56.69,28.34,13.6,2020-09-25,-
2020-12-25,3009,中天火箭,航天航空,61.34,65.8,60.68,65.8,60.68,15430154,998682560.73,39.7192,10.0,8.57,否,3.98,25.024,21.357,22.169,-3.547,是,155392313,38848100,10307172121.29,2576794473.0,91.303656,8.562593,11.300595,57.56,56.18,58.74,61.55,57.78,28.89,13.87,2020-09-25,-
2020-12-28,3009,中天火箭,航天航空,67.46,71.93,62.86,69.69,62.86,17876666,1223968423.31,46.0168,5.91,13.78,否,2.77,28.13,28.13,27.567,1.249,否,155392313,38848100,10916309988.25,2729079025.0,96.69956,9.068629,11.968442,60.47,57.69,59.05,61.75,58.64,29.47,14.15,2020-09-25,-
2020-12-29,3009,中天火箭,航天航空,66.2,67.94,63.2,63.21,63.2,10516054,695451173.86,27.0697,-9.31,6.8,否,1.12,5.667,14.615,13.381,-7.044,否,155392313,38848100,9900044261.23,2475012451.0,87.697209,8.224375,10.854227,62.58,58.43,58.99,61.64,59.35,30.0,14.4,2020-09-25,-
2020-12-30,3009,中天火箭,航天航空,62.72,69.45,62.72,67.68,62.72,12159560,812080040.29,31.3003,7.079,10.64,否,1.14,2.857,28.596,23.032,4.963,否,155392313,38848100,10600863592.86,2650217382.0,93.905252,8.806575,11.622593,65.24,59.7,59.12,61.56,60.11,30.56,14.67,2020-09-25,-
2020-12-31,3009,中天火箭,航天航空,66.97,73.64,66.62,72.32,66.62,13074229,931460197.78,33.6547,6.86,10.38,否,1.08,3.774,32.966,33.383,10.043,否,155392313,38848100,11328099617.7,2832026490.0,100.347301,9.41072,12.419921,67.74,61.51,59.58,61.57,60.9,31.17,14.96,2020-09-25,-
2021-01-04,3009,中天火箭,航天航空,73.37,75.09,68.54,71.83,68.54,13843673,1011402831.21,35.6354,-0.686,9.05,否,1.0,13.637,20.077,32.065,11.85,否,155392313,38848100,11250403461.2,2812602440.0,99.659048,9.346174,12.334736,68.95,63.25,59.98,61.69,61.65,31.76,15.25,2020-09-25,-
2021-01-05,3009,中天火箭,航天航空,70.89,72.1,67.82,68.6,67.82,10802992,757939504.68,27.8083,-4.489,5.97,否,0.8,1.359,4.255,24.388,8.287,否,155392313,38848100,10745378443.95,2686346115.0,95.185403,8.926629,11.781036,68.73,64.6,60.28,61.68,62.3,32.34,15.52,2020-09-25,-
2021-01-06,3009,中天火箭,航天航空,67.96,73.47,67.88,70.83,67.88,11762948,843596853.03,30.2793,3.254,8.16,否,0.97,-2.06,1.636,34.581,9.797,否,155392313,38848100,11095011148.2,2773754340.0,98.282542,9.217083,12.164367,70.25,66.42,60.72,61.78,62.93,32.93,15.8,2020-09-25,-
2021-01-07,3009,中天火箭,航天航空,69.29,69.31,65.18,66.68,65.18,9558449,646648258.01,24.6047,-5.868,5.83,否,0.78,-7.17,5.49,22.596,2.506,否,155392313,38848100,10443917356.73,2610980801.0,92.514981,8.676193,11.45052,70.05,67.65,61.11,61.85,63.44,33.48,16.07,2020-09-25,-
2021-01-08,3009,中天火箭,航天航空,66.21,66.92,62.78,64.08,62.78,6209601,400767584.7,15.9843,-3.898,6.2,否,0.53,-6.589,-5.319,7.121,1.521,否,155392313,38848100,10036789496.67,2509198779.0,88.908535,8.337975,11.004152,68.4,68.07,61.53,61.8,63.85,34.02,16.33,2020-09-25,-
2021-01-11,3009,中天火箭,航天航空,63.0,65.8,63.0,63.28,63.0,4965449,321654189.76,12.7817,-1.239,4.38,否,0.48,-10.659,-12.5,-3.83,-0.722,否,155392313,38848100,9912475646.27,2478120299.0,87.80733,8.234702,10.867857,66.69,67.82,62.0,61.76,64.18,34.54,16.58,2020-09-25,-
2021-01-12,3009,中天火箭,航天航空,63.19,69.61,62.46,69.61,62.46,10445192,711269029.59,26.8873,10.002,11.3,否,1.21,4.394,-3.091,-0.115,11.038,是,155392313,38848100,10903878603.21,2725971177.0,96.589439,9.058302,11.954813,66.9,67.81,62.75,61.97,64.54,35.12,16.86,2020-09-25,-
2021-01-13,3009,中天火箭,航天航空,69.75,71.22,66.17,68.38,66.17,9650287,670299904.23,24.8411,-1.767,7.25,否,1.12,6.71,-0.321,8.179,10.148,否,155392313,38848100,10711192135.09,2677799533.0,94.882572,8.898229,11.743555,66.41,68.33,63.38,62.1,64.8,35.69,17.13,2020-09-25,-
2021-01-14,3009,中天火箭,航天航空,67.21,67.36,61.61,61.97,61.61,8532572,546810700.55,21.9639,-9.372,8.41,否,1.04,-2.07,-12.509,-8.437,5.499,否,155392313,38848100,9707357793.11,2426840807.0,85.990342,8.064302,10.642969,65.46,67.76,63.73,62.0,64.87,36.21,17.38,2020-09-25,-
2021-01-15,3009,中天火箭,航天航空,60.52,62.0,57.85,60.71,57.85,6042206,366288769.76,15.5534,-2.033,6.71,否,0.76,-12.786,-8.953,-16.054,8.799,否,155392313,38848100,9510009555.6,2377503720.0,84.242179,7.900357,10.4266,64.79,66.6,64.05,61.92,64.81,36.72,17.62,2020-09-25,-
2021-01-18,3009,中天火箭,航天航空,60.3,62.25,60.02,61.15,60.02,3783986,234010594.65,9.7405,0.719,3.68,否,0.48,-10.573,-4.572,-14.868,13.535,否,155392313,38848100,9578382173.32,2394596884.0,84.847842,7.957157,10.501563,64.36,65.53,64.39,61.83,64.66,37.22,17.87,2020-09-25,-
2021-01-19,3009,中天火箭,航天航空,60.82,61.01,58.84,58.85,58.84,4375591,262363242.41,11.2633,-3.764,3.55,否,0.57,-5.035,-7.001,-14.213,7.725,否,155392313,38848100,9217872007.16,2304469292.0,81.654347,7.657666,10.106306,62.21,64.55,64.58,61.7,64.36,37.72,18.1,2020-09-25,-
2021-01-20,3009,中天火箭,航天航空,58.86,59.72,57.65,59.51,57.65,3271927,194524552.42,8.4224,1.13,3.52,否,0.51,-1.977,-14.509,-15.982,6.744,否,155392313,38848100,9321984856.87,2330497519.0,82.576606,7.744157,10.220453,60.44,63.42,64.92,61.62,63.94,38.21,18.34,2020-09-25,-
2021-01-21,3009,中天火箭,航天航空,59.19,62.16,58.59,60.71,58.59,4664116,285491596.17,12.006,2.017,6.0,否,0.9,-0.72,-11.217,-8.953,10.362,否,155392313,38848100,9510009555.6,2377503720.0,84.242179,7.900357,10.4266,60.19,62.83,65.24,61.68,63.67,38.72,18.58,2020-09-25,-
2021-01-22,3009,中天火箭,航天航空,60.52,62.0,58.64,61.5,58.64,5014161,305233166.93,12.9071,1.291,5.54,否,1.13,4.503,-0.758,-4.026,13.427,否,155392313,38848100,9632769482.87,2408193719.0,85.329619,8.002339,10.561192,60.34,62.57,65.32,61.87,63.55,39.23,18.83,2020-09-25,-
2021-01-25,3009,中天火箭,航天航空,61.41,64.74,61.31,63.62,61.31,6487723,412325121.01,16.7002,3.452,5.58,否,1.54,6.906,4.793,0.537,16.97,否,155392313,38848100,9965309032.69,2491328653.0,88.275342,8.278593,10.925782,60.84,62.6,65.21,62.2,63.46,39.76,19.08,2020-09-25,-
2021-01-26,3009,中天火箭,航天航空,62.52,63.38,59.03,59.03,59.03,4648712,284264173.57,11.9664,-7.22,6.85,否,0.98,-2.767,-3.467,-15.199,7.035,否,155392313,38848100,9245842623.5,2311461950.0,81.902118,7.680903,10.136972,60.87,61.54,64.68,62.35,63.41,40.25,19.32,2020-09-25,-
2021-01-27,3009,中天火箭,航天航空,58.53,59.03,56.27,56.57,56.27,3529843,203094314.95,9.0863,-4.168,4.67,否,0.73,-8.016,-3.874,-17.271,7.486,否,155392313,38848100,8860469687.26,2215118662.0,78.488383,7.360758,9.714457,60.29,60.36,64.35,62.37,63.3,40.72,19.55,2020-09-25,-
2021-01-28,3009,中天火箭,航天航空,55.56,57.7,55.36,55.86,55.36,2248936,128151631.61,5.7891,-1.245,4.14,否,0.46,-12.197,-6.133,-9.86,2.703,否,155392313,38848100,8750141145.03,2187536511.0,77.511064,7.269103,9.593494,59.32,59.75,63.75,62.4,63.19,41.19,19.77,2020-09-25,-
2021-01-29,3009,中天火箭,航天航空,56.8,56.92,53.03,53.92,53.03,2947366,162123511.98,7.5869,-3.481,6.96,否,0.67,-8.657,-11.184,-11.184,-9.863,否,155392313,38848100,8445572211.55,2111394235.0,74.813111,7.016085,9.259571,57.8,59.07,62.83,62.39,63.03,41.64,19.99,2020-09-25,-
2021-02-01,3009,中天火箭,航天航空,53.98,55.04,53.7,54.91,53.7,1984096,109075713.18,5.1073,1.84,2.48,否,0.5,-2.934,-10.715,-10.204,-16.55,否,155392313,38848100,8600964524.55,2150242335.0,76.189618,7.145176,9.42994,56.06,58.45,61.99,62.41,62.87,42.1,20.21,2020-09-25,-
2021-02-02,3009,中天火箭,航天航空,55.01,56.38,53.68,55.73,53.68,2360727,131181960.28,6.0768,1.5,4.91,否,0.77,-0.233,-12.402,-5.302,-20.032,否,155392313,38848100,8729940144.34,2182486258.0,77.332118,7.252321,9.571346,55.4,58.14,61.35,62.43,62.62,42.56,20.43,2020-09-25,-
2021-02-03,3009,中天火箭,航天航空,55.72,55.72,53.43,53.54,53.43,2653572,145258492.91,6.8306,-3.934,4.11,否,1.02,-0.705,-9.3,-10.032,-15.298,否,155392313,38848100,8386523132.61,2096631957.0,81.076639,6.967031,9.714781,54.79,57.54,60.48,62.46,62.37,43.01,20.64,2020-09-25,-
2021-02-04,3009,中天火箭,航天航空,52.63,54.17,51.39,52.58,51.39,2424539,128528550.9,6.2411,-1.797,5.19,否,0.99,-4.243,-7.053,-13.392,-22.311,否,155392313,38848100,8235792589.0,2058949300.0,79.619452,6.841813,9.540178,54.14,56.73,59.78,62.4,62.08,43.44,20.85,2020-09-25,-
2021-02-05,3009,中天火箭,航天航空,53.12,55.36,53.12,53.33,53.12,2456359,133382760.0,6.323,1.434,4.26,否,0.99,-4.306,-4.529,-13.285,-26.258,否,155392313,38848100,8353890746.88,2088473856.0,80.761165,6.939922,9.676981,54.02,55.91,59.24,62.18,61.86,43.89,21.07,2020-09-25,-
2021-02-08,3009,中天火箭,航天航空,52.93,54.4,52.28,52.46,52.28,1962854,105203086.32,5.0526,-1.637,3.96,否,0.83,-2.017,-2.708,-17.542,-26.966,否,155392313,38848100,8217145511.44,2054287528.0,79.439182,6.826322,9.518578,53.53,54.79,58.7,61.74,61.64,44.33,21.28,2020-09-25,-
2021-02-09,3009,中天火箭,航天航空,51.87,56.07,51.29,54.17,51.29,3005969,162244889.17,7.7378,3.253,9.11,否,1.27,3.024,-1.348,-8.233,-21.035,否,155392313,38848100,8484420289.8,2121106260.0,82.023059,7.048358,9.828183,53.22,54.31,57.93,61.22,61.49,44.78,21.49,2020-09-25,-
2021-02-10,3009,中天火箭,航天航空,53.97,54.55,52.35,53.35,52.35,2420965,129584338.52,6.2319,-1.502,4.07,否,0.97,0.038,-4.271,-5.692,-24.679,否,155392313,38848100,8356998593.14,2089250818.0,80.79121,6.942503,9.680581,53.18,53.99,57.17,60.89,61.27,45.22,21.71,2020-09-25,-
2021-02-18,3009,中天火箭,航天航空,53.72,55.85,53.67,54.76,53.67,2548645,140401090.17,6.5605,2.64,4.09,否,1.04,4.384,2.279,-1.969,-17.876,否,155392313,38848100,8577655677.6,2144415120.0,82.924411,7.125812,9.936185,53.61,53.88,56.81,60.46,61.01,45.68,21.93,2020-09-25,-
2021-02-19,3009,中天火箭,航天航空,54.89,57.04,54.11,56.96,54.11,3336487,188274248.39,8.5885,4.022,5.36,否,1.35,5.15,8.33,5.638,-11.111,否,155392313,38848100,8922626612.46,2230657902.0,86.259414,7.412394,10.335793,54.34,54.18,56.63,59.95,60.76,46.15,22.15,2020-09-25,-
2021-02-22,3009,中天火箭,航天航空,57.54,58.12,55.75,55.86,55.75,3456904,197543202.53,8.8985,-1.933,4.14,否,1.3,4.705,4.744,1.73,-11.726,否,155392313,38848100,8750141145.03,2187536511.0,84.591913,7.269103,10.135989,55.02,54.27,56.36,59.42,60.55,46.62,22.38,2020-09-25,-
2021-02-23,3009,中天火箭,航天航空,54.56,58.15,53.18,56.95,53.18,4236677,239559873.81,10.9058,1.954,8.9,否,1.43,3.999,8.559,2.189,-18.187,否,155392313,38848100,8921072689.33,2230269421.0,86.244392,7.411103,10.333993,55.58,54.4,56.27,59.03,60.36,47.09,22.6,2020-09-25,-
2021-02-24,3009,中天火箭,航天航空,56.56,57.49,54.64,55.54,54.64,2761806,155953347.39,7.1092,-2.491,5.0,否,0.86,-2.493,2.529,3.736,-18.777,否,155392313,38848100,8698861681.74,2174716638.0,84.096169,7.226503,10.076588,56.01,54.6,56.07,58.52,60.15,47.56,22.83,2020-09-25,-
2021-02-25,3009,中天火箭,航天航空,55.64,56.54,54.95,55.34,54.95,2100787,117897579.89,5.4077,-0.357,2.86,否,0.64,-0.931,3.73,5.249,-10.699,否,155392313,38848100,8667783219.14,2166947018.0,83.795718,7.200685,10.040587,56.13,54.87,55.8,58.14,60.0,48.02,23.05,2020-09-25,-
2021-02-26,3009,中天火箭,航天航空,54.06,54.88,53.56,53.91,53.56,1854374,101168512.19,4.7734,-2.582,2.38,否,0.58,-5.338,-1.552,1.088,-11.201,否,155392313,38848100,8444018288.42,2111005754.0,81.632473,7.014794,9.781382,55.52,54.93,55.42,57.8,59.8,48.47,23.26,2020-09-25,-
2021-03-01,3009,中天火箭,航天航空,53.62,55.82,53.62,55.65,53.62,2012137,111583877.94,5.1795,3.221,4.09,否,0.7,0.198,-2.3,6.081,-8.994,否,155392313,38848100,8715954836.17,2178989929.0,84.261417,7.240703,10.096388,55.48,55.25,55.02,57.55,59.66,48.93,23.49,2020-09-25,-
2021-03-02,3009,中天火箭,航天航空,55.86,56.68,55.11,56.65,55.11,2612309,147204226.52,6.7244,1.801,2.82,否,1.01,2.367,1.414,4.578,-3.738,否,155392313,38848100,8872901072.3,2218226510.0,85.778693,7.371085,10.278192,55.42,55.5,54.9,57.12,59.54,49.4,23.71,2020-09-25,-
2021-03-03,3009,中天火箭,航天航空,56.54,57.06,55.68,56.67,55.68,2261625,128591549.82,5.8217,0.035,2.45,否,1.0,5.12,-0.492,6.223,-4.772,否,155392313,38848100,8876008918.56,2219003472.0,85.808738,7.373667,10.281792,55.64,55.83,54.91,56.73,59.41,49.87,23.94,2020-09-25,-
2021-03-04,3009,中天火箭,航天航空,56.67,58.23,56.25,56.83,56.25,4104372,238074975.41,10.5652,0.28,3.5,否,1.89,2.12,2.323,3.78,-6.391,否,155392313,38848100,8900871688.64,2225219168.0,86.049099,7.394321,10.310592,55.94,56.04,54.96,56.55,59.28,50.35,24.17,2020-09-25,-
2021-03-05,3009,中天火箭,航天航空,54.07,54.56,51.17,52.94,51.17,4156176,222079772.91,10.6985,-6.844,5.97,否,1.62,-6.549,-4.337,-7.058,-13.919,否,155392313,38848100,8291733821.68,2072934616.0,80.160264,6.720823,9.604979,55.75,55.63,54.91,56.3,59.11,50.79,24.38,2020-09-25,-
2021-03-08,3009,中天火箭,航天航空,52.59,53.27,50.77,50.77,50.77,3264863,170509664.65,8.4042,-4.086,4.72,否,1.08,-10.411,-5.825,-9.112,-20.198,否,155392313,38848100,7952978579.34,1988245758.0,76.88535,6.446247,9.212572,54.77,55.13,54.7,55.95,58.89,51.21,24.58,2020-09-25,-
2021-03-09,3009,中天火箭,航天航空,51.08,51.08,46.49,46.71,46.49,3481248,167342274.77,8.9612,-8.011,9.05,否,1.06,-17.807,-16.065,-17.981,-20.871,否,155392313,38848100,7315870096.04,1828968548.0,70.72611,5.929842,8.474558,52.78,54.1,54.25,55.54,58.62,51.6,24.77,2020-09-25,-
2021-03-10,3009,中天火箭,航天航空,46.93,47.22,45.27,45.63,45.27,2122406,98182980.79,5.4633,-2.315,4.18,否,0.61,-13.808,-19.453,-17.843,-19.339,否,155392313,38848100,7146492474.87,1786624119.0,69.088653,5.792553,8.278354,50.58,53.11,53.85,55.08,58.35,51.98,24.95,2020-09-25,-
2021-03-11,3009,中天火箭,航天航空,45.65,46.44,44.82,46.23,44.82,1800211,83279337.06,4.634,1.326,3.54,否,0.53,-8.942,-18.422,-16.462,-17.24,否,155392313,38848100,7241281785.8,1810321460.0,70.005028,5.869384,8.388156,48.46,52.2,53.54,54.6,58.14,52.37,25.14,2020-09-25,-
2021-03-12,3009,中天火箭,航天航空,46.25,46.36,45.24,45.53,45.24,1482725,68023607.73,3.8167,-1.524,2.42,否,0.5,-2.526,-19.884,-15.544,-15.56,否,155392313,38848100,7130953243.57,1782739309.0,68.938428,5.779958,8.260354,46.97,51.36,53.15,54.07,57.97,52.75,25.32,2020-09-25,-
2021-03-15,3009,中天火箭,航天航空,45.17,45.79,44.69,45.17,44.69,1200735,54775990.01,3.0908,-0.785,2.42,否,0.49,-1.008,-14.677,-18.832,-17.738,否,155392313,38848100,7075012010.89,1768753993.0,68.397616,5.734615,8.195553,45.85,50.31,52.78,53.45,57.83,53.12,25.5,2020-09-25,-
2021-03-16,3009,中天火箭,航天航空,45.25,45.83,44.79,45.32,44.79,1121232,51172846.56,2.8862,0.33,2.31,否,0.56,-1.968,-10.735,-20.0,-18.679,否,155392313,38848100,7098320857.84,1774581208.0,68.622954,5.753508,8.222553,45.58,49.18,52.34,52.99,57.67,53.5,25.68,2020-09-25,-
2021-03-17,3009,中天火箭,航天航空,45.3,47.58,44.94,47.28,44.94,2712712,127597157.07,6.9829,4.335,5.82,否,1.76,3.844,1.22,-16.57,-11.692,否,155392313,38848100,7405997637.58,1851500446.0,71.597417,6.002894,8.57896,45.91,48.24,52.04,52.69,57.53,53.89,25.87,2020-09-25,-
2021-03-18,3009,中天火箭,航天航空,47.12,48.12,46.78,47.08,46.78,2021540,96388126.97,5.2037,-0.42,2.83,否,1.22,4.228,3.178,-17.156,-10.46,否,155392313,38848100,7374919174.98,1843730826.0,71.296966,5.977703,8.542959,46.08,47.27,51.65,52.39,57.4,54.29,26.06,2020-09-25,-
2021-03-19,3009,中天火箭,航天航空,46.48,51.8,46.13,51.8,46.13,3509472,176070077.05,9.0338,10.008,12.03,否,2.05,14.298,12.048,-2.153,-2.869,是,155392313,38848100,8113032661.73,2028259301.0,78.432672,6.575978,9.397975,47.33,47.15,51.39,52.32,57.36,54.72,26.26,2020-09-25,-
2021-03-22,3009,中天火箭,航天航空,52.58,54.98,52.23,52.89,52.23,7376265,398094116.98,18.9875,2.107,5.31,否,3.49,11.865,16.165,4.176,0.82,否,155392313,38848100,8283964206.03,2070992211.0,80.085151,6.714525,9.595979,48.87,47.36,51.24,52.25,57.33,55.16,26.48,2020-09-25,-
2021-03-23,3009,中天火箭,航天航空,52.4,52.78,50.33,50.73,50.33,4627616,240335510.53,11.9121,-4.071,4.63,否,1.38,7.753,12.309,8.606,-6.35,否,155392313,38848100,7946762886.82,1986691834.0,76.82526,6.441208,9.205372,49.96,47.77,50.93,52.09,57.26,55.58,26.68,2020-09-25,-
2021-03-24,3009,中天火箭,航天航空,50.21,51.57,48.81,50.1,48.81,3696717,185794519.37,9.5158,-1.252,5.44,否,0.91,-3.282,10.547,9.796,-6.092,否,155392313,38848100,7847311806.5,1961829050.0,75.863818,6.360599,9.09017,50.52,48.21,50.66,51.97,57.22,56.0,26.88,2020-09-25,-
2021-03-25,3009,中天火箭,航天航空,49.81,51.77,49.17,51.2,49.17,3671775,188192352.88,9.4516,2.198,5.19,否,0.86,-3.195,8.291,10.751,-6.501,否,155392313,38848100,8019797273.93,2004950441.0,77.53132,6.500406,9.289973,51.34,48.71,50.45,51.93,57.16,56.43,27.08,2020-09-25,-
2021-03-26,3009,中天火箭,航天航空,50.53,51.28,49.83,50.99,49.83,2772752,141698802.0,7.1374,-0.407,2.83,否,0.61,0.513,8.305,11.992,-10.481,否,155392313,38848100,7987164888.2,1996792340.0,77.215846,6.473956,9.252173,51.18,49.26,50.31,51.85,57.02,56.85,27.29,2020-09-25,-
2021-03-29,3009,中天火箭,航天航空,50.97,52.68,49.19,50.09,49.19,4085220,209537588.14,10.5159,-1.77,6.85,否,0.92,-0.02,-3.301,10.892,-10.329,否,155392313,38848100,7845757883.37,1961440569.0,75.848795,6.359339,9.08837,50.62,49.75,50.03,51.77,56.75,57.27,27.49,2020-09-25,-
2021-03-30,3009,中天火箭,航天航空,48.55,52.48,48.41,50.06,48.41,4497022,230414646.77,11.5759,-0.059,8.12,否,1.19,-2.227,-5.351,10.459,-12.098,否,155392313,38848100,7841096113.98,1960275126.0,75.803728,6.355561,9.082969,50.49,50.22,49.7,51.63,56.43,57.53,27.69,2020-09-25,-
2021-03-31,3009,中天火箭,航天航空,48.61,49.0,47.13,48.45,47.13,3538577,171198338.7,9.1088,-3.211,3.73,否,0.94,-4.981,-4.494,2.475,-12.766,否,155392313,38848100,7589360566.92,1897341204.0,73.370077,6.151518,8.791364,50.16,50.34,49.29,51.47,56.18,57.77,27.88,2020-09-25,-
2021-04-01,3009,中天火箭,航天航空,48.55,48.73,47.62,48.37,47.62,2067105,100275316.13,5.321,-0.164,2.29,否,0.56,-3.434,-3.453,2.74,-12.595,否,155392313,38848100,7576929181.88,1894233356.0,73.249896,6.141442,8.776964,49.59,50.47,48.87,51.26,55.86,57.98,28.08,2020-09-25,-
2021-04-02,3009,中天火箭,航天航空,48.73,49.38,48.17,48.67,48.17,2228157,109567042.71,5.7356,0.615,2.5,否,0.66,-2.777,-4.941,-6.042,-9.72,否,155392313,38848100,7623546875.78,1905887786.0,73.700572,6.179227,8.830965,49.13,50.16,48.65,50.98,55.46,58.18,28.27,2020-09-25,-
2021-04-06,3009,中天火箭,航天航空,49.3,53.54,49.16,53.54,49.16,4933859,263143515.59,12.7004,10.008,9.01,否,1.5,10.506,5.001,1.229,-3.792,是,155392313,38848100,8386523132.61,2096631957.0,81.076639,6.797654,9.714781,49.82,50.22,48.79,50.9,55.16,58.4,28.49,2020-09-25,-
2021-04-07,3009,中天火箭,航天航空,52.45,53.49,51.71,52.84,51.71,6845431,363811648.06,17.621,-1.316,3.34,否,1.98,9.241,5.49,4.159,-6.726,否,155392313,38848100,8276194590.38,2069049806.0,80.010038,6.708228,9.586979,50.37,50.43,49.1,50.77,54.9,58.6,28.7,2020-09-25,-
2021-04-08,3009,中天火箭,航天航空,52.74,57.37,51.71,52.98,51.71,8448432,461789794.69,21.7473,0.263,10.72,否,2.15,8.856,5.833,5.749,-6.511,否,155392313,38848100,8297949514.2,2074488540.0,80.220354,6.725861,9.612179,51.28,50.72,49.47,50.68,54.6,58.76,28.91,2020-09-25,-
2021-04-09,3009,中天火箭,航天航空,52.82,55.49,52.82,53.82,52.82,5809682,317341456.01,14.9549,1.592,5.04,否,1.18,0.523,11.084,5.117,-5.296,否,155392313,38848100,8430032980.25,2107509425.0,81.49727,6.832921,9.765182,52.37,50.98,49.85,50.63,54.39,58.91,29.12,2020-09-25,-
2021-04-12,3009,中天火箭,航天航空,52.83,55.06,51.98,54.81,51.98,5213031,282501857.91,13.419,1.843,5.71,否,0.92,3.728,13.314,7.492,3.532,否,155392313,38848100,8585425293.25,2146357525.0,82.999524,6.958873,9.945186,53.6,51.36,50.31,50.66,54.23,59.04,29.34,2020-09-25,-
2021-04-13,3009,中天火箭,航天航空,55.16,55.54,52.17,54.11,52.17,4242989,230175931.82,10.922,-1.285,6.14,否,0.68,2.133,11.177,8.026,6.579,否,155392313,38848100,8475096751.02,2118775374.0,81.932923,6.869447,9.817383,53.71,51.77,50.76,50.61,54.08,59.13,29.56,2020-09-25,-
2021-04-14,3009,中天火箭,航天航空,53.51,57.05,53.0,56.54,53.0,6873341,384912330.06,17.6929,4.492,7.5,否,1.12,5.054,5.603,12.944,21.045,否,155392313,38848100,8855807917.87,2213953219.0,85.613445,7.17803,10.258391,54.45,52.41,51.32,50.61,53.86,59.2,29.79,2020-09-25,-
2021-04-15,3009,中天火箭,航天航空,55.84,58.03,54.96,55.75,54.96,6442072,365979536.74,16.5827,-1.386,5.42,否,1.05,1.715,5.507,15.067,22.178,否,155392313,38848100,8733047990.6,2183263220.0,84.426665,7.078528,10.116189,55.01,53.14,51.74,50.57,53.65,59.22,30.01,2020-09-25,-
2021-04-16,3009,中天火箭,航天航空,55.14,56.11,53.89,55.61,53.89,4497960,249077579.4,11.5783,-0.267,3.99,否,0.79,2.772,4.964,14.968,20.29,否,155392313,38848100,8709739143.65,2177436005.0,84.201327,7.059635,10.089188,55.36,53.87,52.17,50.53,53.54,59.21,30.23,2020-09-25,-
2021-04-19,3009,中天火箭,航天航空,55.47,55.7,54.37,55.08,54.37,3915774,217616005.38,10.0797,-0.946,2.41,否,0.72,-2.582,2.341,13.17,20.975,否,155392313,38848100,8627381217.76,2156846512.0,83.405132,6.99288,9.993786,55.42,54.51,52.33,50.61,53.45,59.13,30.45,2020-09-25,-
2021-04-20,3009,中天火箭,航天航空,54.86,56.12,54.51,55.93,54.51,4750960,265656565.14,12.2296,1.549,2.92,否,0.91,0.323,2.043,4.464,23.821,否,155392313,38848100,8761018606.94,2190255878.0,84.69707,7.101199,10.148589,55.78,54.75,52.48,50.78,53.36,59.01,30.68,2020-09-25,-
2021-04-21,3009,中天火箭,航天航空,55.36,55.56,53.77,53.87,53.77,4136447,227352950.85,10.6477,-3.689,3.19,否,0.78,-3.129,-0.444,1.949,18.866,否,155392313,38848100,8437802595.9,2109451830.0,81.572382,6.839218,9.774182,55.25,54.85,52.64,51.02,53.28,58.82,30.89,2020-09-25,-
2021-04-22,3009,中天火箭,航天航空,54.08,54.86,53.45,54.49,53.45,2811888,153735169.56,7.2382,1.16,2.62,否,0.59,-1.071,-3.626,2.85,15.25,否,155392313,38848100,8535699753.09,2133926133.0,82.518802,6.918568,9.887584,55.0,55.0,52.86,51.31,53.2,58.57,31.11,2020-09-25,-
2021-04-23,3009,中天火箭,航天航空,53.98,56.35,53.67,55.54,53.67,4449425,248281606.59,11.4534,1.912,4.92,否,1.11,-0.697,-0.377,3.196,17.969,否,155392313,38848100,8698861681.74,2174716638.0,84.096169,7.050818,10.076588,54.98,55.17,53.08,51.62,53.11,58.39,31.33,2020-09-25,-
2021-04-26,3009,中天火箭,航天航空,55.56,56.55,53.77,53.77,53.77,3837153,211969386.36,9.8773,-3.18,5.0,否,0.96,-0.186,-3.309,-1.897,3.803,否,155392313,38848100,8422263364.6,2105567020.0,81.422157,6.826623,9.756182,54.72,55.07,53.22,51.9,52.98,58.27,31.55,2020-09-25,-
2021-04-27,3009,中天火箭,航天航空,52.93,52.93,48.39,48.61,48.39,4836128,242119149.42,12.4488,-9.594,8.43,否,1.21,-10.791,-11.747,-10.164,-8.092,否,155392313,38848100,7614223337.0,1903556900.0,73.610437,6.17167,8.820165,53.26,54.52,53.14,52.01,52.73,58.1,31.74,2020-09-25,-
2021-04-28,3009,中天火箭,航天航空,49.21,49.44,48.49,48.87,48.49,1978277,97630718.66,5.0923,0.531,1.94,否,0.49,-12.009,-12.623,-13.566,-3.666,否,155392313,38848100,7654625338.38,1913657406.0,74.001023,6.204418,8.866965,52.26,53.75,53.08,52.13,52.56,57.99,31.94,2020-09-25,-
2021-04-29,3009,中天火箭,航天航空,49.04,52.18,49.03,50.23,49.03,3283743,166979885.24,8.4528,2.781,6.46,否,0.92,-6.584,-6.757,-9.901,0.259,否,155392313,38848100,7867512807.19,1966879303.0,76.059111,6.376973,9.11357,51.4,53.2,53.17,52.23,52.46,57.88,32.14,2020-09-25,-
2021-04-30,3009,中天火箭,航天航空,50.2,50.2,49.0,49.43,49.0,2183032,108867549.6,5.6194,-1.6,2.39,否,0.59,1.687,-9.286,-11.113,-3.457,否,155392313,38848100,7741645033.66,1935412342.0,57.9637,6.033839,8.043076,50.18,52.58,53.22,52.31,52.35,57.77,32.33,2020-09-25,-
2021-05-06,3009,中天火箭,航天航空,49.41,51.04,49.05,50.5,49.05,2029592,102619791.99,5.2244,2.168,4.03,否,0.63,3.335,-9.075,-8.315,-0.961,否,155392313,38848100,7909468731.7,1977368290.0,59.22024,6.164641,8.217434,49.53,52.12,53.32,52.26,52.29,57.66,32.54,2020-09-25,-
2021-05-07,3009,中天火箭,航天航空,50.03,50.1,48.41,48.97,48.41,2179425,108259228.92,5.6101,-3.026,3.34,否,0.76,-2.508,-8.927,-12.444,-2.236,否,155392313,38848100,7670164569.68,1917542216.0,57.428507,5.978128,7.968812,49.6,51.43,53.09,52.13,52.19,57.53,32.73,2020-09-25,-
2021-05-10,3009,中天火箭,航天航空,49.0,49.21,47.64,47.86,47.64,1855878,89767117.12,4.7773,-2.269,3.2,否,0.8,-3.176,-1.543,-11.156,-4.395,否,155392313,38848100,7496125179.12,1874032344.0,56.12543,5.842481,7.787997,49.4,50.83,52.84,52.04,52.06,57.34,32.92,2020-09-25,-
2021-05-11,3009,中天火箭,航天航空,47.35,50.08,47.12,49.64,47.12,2499974,123556141.22,6.4353,3.731,6.18,否,1.08,-1.703,1.576,-8.901,2.456,否,155392313,38848100,7775831342.52,1943958924.0,58.219662,6.060484,8.078594,49.28,50.34,52.67,52.02,52.0,57.18,33.12,2020-09-25,-
2021-05-12,3009,中天火箭,航天航空,49.14,49.52,48.59,49.0,48.59,1671325,82286978.03,4.3022,-1.299,1.88,否,0.78,0.061,-2.449,-11.775,1.302,否,155392313,38848100,7674826339.07,1918707659.0,57.463411,5.981761,7.973656,49.19,49.69,52.43,51.95,51.94,57.01,33.32,2020-09-25,-
2021-05-13,3009,中天火箭,航天航空,48.62,50.66,48.49,49.19,48.49,2108716,105830751.3,5.4281,0.385,4.41,否,1.03,2.779,-0.486,-8.518,1.068,否,155392313,38848100,7704350878.54,1926088798.0,57.684469,6.004772,8.00433,48.93,49.23,52.15,51.89,51.87,56.86,33.51,2020-09-25,-
2021-05-14,3009,中天火箭,航天航空,49.19,51.28,48.98,50.79,48.98,3181150,161864730.21,8.1887,3.267,4.68,否,1.54,2.317,0.574,4.485,-5.136,否,155392313,38848100,7956086425.6,1989022720.0,59.569278,6.200975,8.265867,49.3,49.45,51.98,51.91,51.84,56.74,33.72,2020-09-25,-
2021-05-17,3009,中天火箭,航天航空,52.76,55.75,51.39,51.68,51.39,5045808,271656558.93,12.9886,1.738,8.59,否,2.23,5.469,5.534,5.75,-2.195,否,155392313,38848100,8094385584.17,2023597529.0,60.60476,6.308765,8.409551,50.06,49.73,51.74,51.96,51.8,56.64,33.92,2020-09-25,-
2021-05-18,3009,中天火箭,航天航空,49.95,53.33,49.95,52.16,49.95,3758863,196391293.59,9.6758,0.941,6.55,否,1.3,6.038,8.985,3.842,-1.548,否,155392313,38848100,8170527817.54,2042633098.0,61.174857,6.368111,8.488658,50.56,49.92,51.56,52.09,51.78,56.52,34.13,2020-09-25,-
2021-05-19,3009,中天火箭,航天航空,51.95,53.01,51.17,51.8,51.17,2552836,134018050.56,6.5713,-0.705,3.52,否,0.81,1.989,4.351,4.795,-3.753,否,155392313,38848100,8102155199.82,2025539934.0,60.662933,6.314821,8.417623,51.12,50.16,51.37,52.2,51.73,56.37,34.34,2020-09-25,-
2021-05-20,3009,中天火箭,航天航空,51.84,53.18,51.07,52.37,51.07,2566304,135205943.43,6.606,1.112,4.07,否,0.77,1.335,6.878,3.703,-4.452,否,155392313,38848100,8192282741.36,2048071832.0,61.337741,6.385067,8.51126,51.76,50.35,51.24,52.33,51.65,56.21,34.55,2020-09-25,-
2021-05-21,3009,中天火箭,航天航空,52.05,52.34,50.51,50.65,50.51,2582043,133008035.44,6.6465,-3.282,3.49,否,0.75,-2.895,2.968,3.431,-6.394,否,155392313,38848100,7923454039.87,1980864619.0,59.324951,6.175541,8.231964,51.73,50.51,50.97,52.23,51.57,56.06,34.75,2020-09-25,-
2021-05-24,3009,中天火箭,航天航空,50.2,51.34,49.67,50.62,49.67,1472661,75144540.79,3.7908,-0.059,3.29,否,0.45,-2.278,-0.335,5.767,-10.47,否,155392313,38848100,7918792270.48,1979699176.0,59.290047,6.171908,8.227121,51.52,50.79,50.81,52.16,51.46,55.91,34.96,2020-09-25,-
2021-05-25,3009,中天火箭,航天航空,50.62,52.75,50.21,51.95,50.21,3382738,176005150.83,8.7076,2.63,5.02,否,1.31,-0.802,0.522,4.654,-6.816,否,155392313,38848100,8127017969.9,2031755630.0,60.849087,6.334199,8.443454,51.48,51.02,50.68,52.12,51.4,55.77,35.16,2020-09-25,-
2021-05-26,3009,中天火箭,航天航空,51.85,52.94,51.66,51.98,51.66,2760322,145216050.58,7.1054,0.057,2.47,否,1.1,2.626,-0.345,6.082,-6.528,否,155392313,38848100,8131679739.29,2032921073.0,60.883991,6.337833,8.448297,51.51,51.32,50.5,52.06,51.35,55.67,35.37,2020-09-25,-
2021-05-27,3009,中天火箭,航天航空,52.21,53.12,51.46,52.65,51.46,3013902,159098038.99,7.7582,1.28,3.19,否,1.18,4.01,1.641,7.034,-4.412,否,155392313,38848100,8235792589.0,2058949300.0,61.663511,6.418978,8.556464,51.57,51.67,50.45,51.99,51.32,55.56,35.58,2020-09-25,-
2021-05-28,3009,中天火箭,航天航空,53.2,53.83,52.27,52.88,52.27,3054975,162907900.69,7.8639,0.434,2.96,否,1.16,1.79,0.974,4.115,-5.453,否,155392313,38848100,8271532820.99,2067884363.0,61.931107,6.446834,8.593596,52.02,51.87,50.66,51.95,51.28,55.47,35.79,2020-09-25,-
2021-05-31,3009,中天火箭,航天航空,53.53,54.22,52.4,53.75,52.4,3568390,192030841.11,9.1855,1.653,3.44,否,1.3,3.405,6.12,4.005,-0.223,否,155392313,38848100,8408278056.43,2102070691.0,62.954954,6.553413,8.735665,52.64,52.08,50.91,51.85,51.23,55.39,36.01,2020-09-25,-
2021-06-01,3009,中天火箭,航天航空,53.38,54.09,52.8,53.06,52.8,2697360,144804467.09,6.9434,-1.294,2.4,否,0.85,0.779,4.82,1.725,-2.624,否,155392313,38848100,8299503437.33,2074877021.0,62.14053,6.468634,8.622655,52.86,52.17,51.05,51.76,51.17,55.29,36.22,2020-09-25,-
2021-06-02,3009,中天火箭,航天航空,53.35,53.35,51.51,51.69,51.51,2535823,133592864.87,6.5275,-2.584,3.46,否,0.84,-2.25,-0.5,-0.212,-6.932,否,155392313,38848100,8085062045.39,2021266643.0,60.534952,6.301499,8.399865,52.81,52.16,51.16,51.63,51.08,55.18,36.43,2020-09-25,-
2021-06-03,3009,中天火箭,航天航空,51.66,52.15,51.19,51.49,51.19,1621071,84330463.11,4.1728,-0.384,1.86,否,0.55,-4.205,-0.943,-1.68,-4.24,否,155392313,38848100,8053983582.79,2013497023.0,60.30226,6.277276,8.367576,52.57,52.07,51.21,51.51,51.06,55.08,36.63,2020-09-25,-
2021-06-04,3009,中天火箭,航天航空,51.18,52.17,51.08,51.52,51.08,1473295,76679669.69,3.7925,0.058,2.12,否,0.55,-2.902,-2.146,1.718,5.986,否,155392313,38848100,8058645352.18,2014662466.0,60.337164,6.28091,8.372419,52.3,52.16,51.34,51.37,51.07,54.98,36.84,2020-09-25,-
2021-06-07,3009,中天火箭,航天航空,51.67,53.4,51.53,53.22,51.53,3162298,168065859.46,8.1402,3.297,3.63,否,1.33,2.96,0.643,5.136,8.901,否,155392313,38848100,8324366207.41,2081092717.0,62.326684,6.488012,8.648486,52.2,52.42,51.6,51.35,51.18,54.9,37.05,2020-09-25,-
2021-06-08,3009,中天火箭,航天航空,53.07,58.21,52.55,56.53,52.55,7369768,407326983.98,18.9707,6.235,10.64,否,3.21,9.788,5.172,8.816,12.542,否,155392313,38848100,8843376532.83,2210845371.0,66.212649,6.892529,9.187705,52.89,52.88,51.95,51.41,51.36,54.86,37.28,2020-09-25,-
2021-06-09,3009,中天火箭,航天航空,56.52,57.12,54.92,55.46,54.92,5319105,298069196.57,13.6921,-1.898,3.88,否,1.65,7.648,4.523,6.695,12.199,否,155392313,38848100,8675552834.79,2168889423.0,64.95611,6.761727,9.013347,53.64,53.23,52.27,51.41,51.52,54.83,37.5,2020-09-25,-
2021-06-10,3009,中天火箭,航天航空,55.41,57.61,54.99,57.14,54.99,5500102,312588404.01,14.158,3.027,4.71,否,1.45,7.366,10.544,8.528,13.149,否,155392313,38848100,8938165843.76,2234542712.0,66.922361,6.966408,9.286185,54.77,53.67,52.67,51.52,51.71,54.84,37.73,2020-09-25,-
2021-06-11,3009,中天火箭,航天航空,56.83,59.95,56.04,58.87,56.04,7867375,461867441.66,20.2516,3.025,6.85,否,1.72,4.139,14.333,11.328,20.216,否,155392313,38848100,9208548468.38,2302138406.0,68.946786,7.177144,9.567095,56.24,54.27,53.07,51.87,51.94,54.88,37.96,2020-09-25,-
2021-06-15,3009,中天火箭,航天航空,58.86,61.58,57.28,58.79,57.28,6566416,393891689.26,16.9028,-0.135,7.31,否,1.12,6.004,14.111,9.377,22.837,否,155392313,38848100,9196117083.34,2299030558.0,68.853709,7.167455,9.55418,57.36,54.78,53.43,52.2,52.16,54.92,38.2,2020-09-25,-
2021-06-16,3009,中天火箭,航天航空,58.27,58.61,56.62,57.7,56.62,3991056,231584961.21,10.2735,-1.859,3.38,否,0.61,0.98,8.418,8.745,16.237,否,155392313,38848100,9025185539.04,2256297648.0,67.5739,7.034231,9.376593,57.59,55.24,53.71,52.44,52.34,54.93,38.43,2020-09-25,-
2021-06-17,3009,中天火箭,航天航空,58.36,61.09,55.41,56.54,55.41,5881476,339649415.06,15.1397,-1.997,9.85,否,1.01,-3.958,0.018,9.383,15.388,否,155392313,38848100,8844930455.96,2211233852.0,66.224284,6.89374,9.189319,57.81,55.73,53.94,52.68,52.49,54.95,38.66,2020-09-25,-
2021-06-18,3009,中天火箭,航天航空,55.95,57.92,55.33,56.62,55.33,4501355,256830068.68,11.5871,0.141,4.59,否,0.76,-3.691,2.092,9.963,15.105,否,155392313,38848100,8857361841.0,2214341700.0,66.317361,6.903429,9.202235,57.7,56.24,54.16,52.89,52.57,54.97,38.88,2020-09-25,-
2021-06-21,3009,中天火箭,航天航空,55.64,58.49,55.24,58.3,55.24,4896532,281584573.63,12.6043,2.965,5.74,否,0.85,1.04,2.03,13.16,14.786,否,155392313,38848100,9119974849.97,2279994989.0,68.283612,7.10811,9.475073,57.59,56.92,54.54,53.2,52.66,55.0,39.12,2020-09-25,-
2021-06-22,3009,中天火箭,航天航空,58.21,58.41,56.43,57.2,56.43,3902348,225219038.94,10.0451,-1.891,3.39,否,0.76,1.167,-2.837,7.478,10.681,否,155392313,38848100,8947489382.54,2236873598.0,66.992169,6.973675,9.295872,57.27,57.32,54.87,53.51,52.77,55.02,39.34,2020-09-25,-
2021-06-23,3009,中天火箭,航天航空,56.78,57.73,56.16,57.41,56.16,3598025,206534170.45,9.2618,0.365,2.74,否,0.78,1.395,-2.347,1.557,10.065,否,155392313,38848100,8980121768.27,2245031699.0,67.236496,6.999108,9.329775,57.21,57.4,55.14,53.77,52.89,55.06,39.57,2020-09-25,-
2021-06-24,3009,中天火箭,航天航空,57.12,59.01,55.68,55.68,55.68,4073402,235167709.81,10.4855,-3.011,5.8,否,0.89,-4.494,-3.501,0.397,7.49,否,155392313,38848100,8709739143.65,2177436005.0,65.212071,6.788372,9.048864,57.04,57.43,55.33,53.99,52.97,55.07,39.8,2020-09-25,-
2021-06-25,3009,中天火箭,航天航空,55.53,55.91,54.24,54.79,54.24,3041134,167557817.2,7.8283,-1.606,3.0,否,0.73,-4.213,-3.095,-4.113,4.621,否,155392313,38848100,8569886061.95,2142472715.0,64.164955,6.679371,8.903566,56.68,57.19,55.43,54.18,53.03,55.02,40.02,2020-09-25,-
2021-06-28,3009,中天火箭,航天航空,54.81,56.91,54.64,56.67,54.64,3411264,192437541.55,8.781,3.445,4.15,否,0.87,-1.289,0.088,-3.737,11.885,否,155392313,38848100,8865131456.65,2216284105.0,66.375534,6.909485,9.210307,56.35,56.97,55.62,54.37,53.14,54.95,40.24,2020-09-25,-
2021-06-29,3009,中天火箭,航天航空,56.5,58.28,56.23,57.59,56.23,5184338,300200411.72,13.3452,1.613,3.63,否,1.44,3.43,-1.218,-2.041,13.769,否,155392313,38848100,9008092384.61,2252024357.0,67.445919,7.020909,9.358834,56.43,56.85,55.81,54.57,53.27,54.85,40.47,2020-09-25,-
2021-06-30,3009,中天火箭,航天航空,57.32,57.89,56.82,57.7,56.82,2421478,139959550.22,6.2332,0.19,1.85,否,0.63,5.311,0.874,0.0,11.068,否,155392313,38848100,9025185539.04,2256297648.0,67.5739,7.034231,9.376593,56.49,56.85,56.05,54.75,53.42,54.8,40.7,2020-09-25,-
2021-07-01,3009,中天火箭,航天航空,58.08,58.49,53.94,54.04,53.94,3946109,221255310.82,10.1578,-6.336,7.89,否,1.09,-4.641,-5.87,-4.422,3.963,否,155392313,38848100,8453341827.2,2113336640.0,63.292358,6.588536,8.782484,56.16,56.6,56.16,54.83,53.52,54.69,40.92,2020-09-25,-
2021-07-02,3009,中天火箭,航天航空,53.79,54.48,51.97,52.12,51.97,2517289,134225520.72,6.4798,-3.548,4.63,否,0.7,-9.498,-6.394,-7.948,-1.007,否,155392313,38848100,8153434663.11,2038359807.0,61.046876,6.354788,8.470899,55.62,56.15,56.19,54.82,53.57,54.52,41.13,2020-09-25,-
2021-07-05,3009,中天火箭,航天航空,51.75,52.8,51.71,52.11,51.71,1573034,82514345.84,4.0492,-0.019,2.1,否,0.45,-9.688,-4.891,-10.617,-1.456,否,155392313,38848100,8151880739.98,2037971326.0,61.035241,6.353577,8.469285,54.71,55.53,56.22,54.87,53.55,54.35,41.34,2020-09-25,-
2021-07-06,3009,中天火箭,航天航空,52.3,52.45,51.46,52.22,51.46,1411751,73891184.07,3.634,0.21,1.91,否,0.45,-3.368,-7.852,-8.706,-2.847,否,155392313,38848100,8168973894.41,2042244617.0,61.163222,6.3669,8.487044,53.64,55.03,56.17,54.92,53.54,54.22,41.55,2020-09-25,-
2021-07-07,3009,中天火箭,航天航空,52.05,53.46,51.54,52.88,51.54,1605200,85109141.0,4.132,1.256,3.69,否,0.68,1.458,-8.179,-7.891,-0.339,否,155392313,38848100,8271532820.99,2067884363.0,61.931107,6.446834,8.593596,52.67,54.58,55.99,54.95,53.54,54.07,41.76,2020-09-25,-
2021-07-08,3009,中天火箭,航天航空,52.51,54.52,52.5,53.9,52.5,2256134,122154913.92,5.8076,1.935,3.81,否,1.02,3.435,-6.586,-3.197,4.275,否,155392313,38848100,8431586903.38,2107897906.0,63.129474,6.57158,8.759882,52.65,54.4,55.91,55.02,53.54,53.96,41.97,2020-09-25,-
2021-07-09,3009,中天火箭,航天航空,53.35,53.87,52.35,52.59,52.35,1938202,102936312.26,4.9892,-2.433,2.82,否,1.03,0.709,-2.683,-4.015,2.136,否,155392313,38848100,8226469050.22,2056618414.0,61.593703,6.411711,8.546777,52.74,54.18,55.69,55.02,53.5,53.87,42.18,2020-09-25,-
2021-07-12,3009,中天火箭,航天航空,52.63,53.47,52.15,53.08,52.15,1590582,84663316.87,4.0944,0.926,2.51,否,0.91,0.378,1.842,-6.335,3.028,否,155392313,38848100,8302611283.59,2075653983.0,62.1638,6.471057,8.625884,52.93,53.82,55.4,55.02,53.48,53.78,42.4,2020-09-25,-
2021-07-13,3009,中天火箭,航天航空,53.21,53.84,52.86,53.83,52.86,1826732,98072595.88,4.7022,1.422,1.85,否,1.04,-0.13,3.301,-6.529,1.146,否,155392313,38848100,8420709441.47,2105178539.0,63.048031,6.563102,8.748581,53.26,53.45,55.15,55.02,53.44,53.65,42.61,2020-09-25,-
2021-07-14,3009,中天火箭,航天航空,53.44,53.54,51.88,51.9,51.88,2118400,111746427.38,5.453,-3.58,3.1,否,1.15,-1.312,-0.613,-10.052,-8.19,否,155392313,38848100,8119248354.25,2029813225.0,60.790914,6.328144,8.435382,53.06,52.87,54.86,54.99,53.38,53.51,42.82,2020-09-25,-
2021-07-15,3009,中天火箭,航天航空,51.87,52.5,50.61,50.78,50.61,2349820,121674456.77,6.0487,-2.163,3.64,否,1.21,-4.333,-3.971,-6.033,-8.439,否,155392313,38848100,7943655040.56,1985914872.0,59.476201,6.191286,8.252952,52.44,52.54,54.57,54.96,53.29,53.42,43.02,2020-09-25,-
2021-07-16,3009,中天火箭,航天航空,50.84,53.11,50.71,52.28,50.71,2932751,153648041.96,7.5493,2.954,4.71,否,1.49,-2.879,-3.006,0.307,-8.505,否,155392313,38848100,8178297433.19,2044575503.0,61.23303,6.374166,8.49673,52.37,52.56,54.35,54.98,53.25,53.35,43.23,2020-09-25,-
2021-07-19,3009,中天火箭,航天航空,52.6,53.47,52.05,52.62,52.05,2042451,108217525.74,5.2575,0.646,2.72,否,0.94,1.387,0.057,0.979,-10.617,否,155392313,38848100,8231130819.61,2057783857.0,61.628607,6.415345,8.551621,52.28,52.61,54.07,55.02,53.19,53.28,43.44,2020-09-25,-
2021-07-20,3009,中天火箭,航天航空,52.13,53.1,51.71,52.63,51.71,1669000,88182482.0,4.2962,0.019,2.64,否,0.74,3.643,-0.848,0.785,-10.478,否,155392313,38848100,8232684742.74,2058172338.0,61.640242,6.416556,8.553235,52.04,52.65,53.84,55.0,53.17,53.23,43.65,2020-09-25,-
2021-07-21,3009,中天火箭,航天航空,52.65,53.64,52.36,53.64,52.36,2775408,148859014.04,7.1443,1.925,2.43,否,1.25,2.601,-0.353,1.437,-7.036,否,155392313,38848100,8391184902.0,2097797400.0,62.826973,6.540091,8.717907,52.39,52.73,53.65,54.9,53.16,53.18,43.87,2020-09-25,-
2021-07-22,3009,中天火箭,航天航空,53.65,53.74,52.65,53.51,52.65,2245339,120315121.85,5.7798,-0.241,2.04,否,0.95,1.691,3.102,-0.724,-5.359,否,155392313,38848100,8370983901.31,2092747147.0,62.675723,6.524346,8.696919,52.94,52.69,53.54,54.84,53.12,53.12,44.08,2020-09-25,-
2021-07-23,3009,中天火箭,航天航空,53.41,57.48,53.18,56.09,53.18,5635942,312950136.68,14.5076,4.808,8.04,否,2.42,6.574,10.457,6.655,-0.936,否,155392313,38848100,8773449991.98,2193363726.0,65.689091,6.838028,9.115056,53.7,53.04,53.61,54.8,53.16,53.07,44.3,2020-09-25,-
2021-07-26,3009,中天火箭,航天航空,55.88,59.6,55.24,58.02,55.24,8643330,504065873.34,22.249,3.454,7.78,否,3.01,8.166,10.979,9.307,-0.48,否,155392313,38848100,9076465002.33,2269117521.0,67.957843,7.074198,9.429869,54.78,53.53,53.68,54.77,53.32,53.03,44.54,2020-09-25,-
2021-07-27,3009,中天火箭,航天航空,58.16,59.45,56.7,56.86,56.7,6364341,372114646.32,16.3826,-2.003,4.74,否,1.52,6.261,8.058,5.629,-0.594,否,155392313,38848100,8894655996.12,2223665244.0,66.596592,6.932496,9.240981,55.62,53.83,53.64,54.71,53.45,53.01,44.76,2020-09-25,-
2021-07-28,3009,中天火箭,航天航空,56.42,59.59,53.84,57.63,53.84,6209187,359126084.25,15.9832,1.345,10.12,否,1.21,2.746,9.5,11.04,0.383,否,155392313,38848100,9014308077.13,2253578281.0,67.492458,7.025753,9.365292,56.42,54.41,53.64,54.71,53.58,53.02,44.99,2020-09-25,-
2021-07-29,3009,中天火箭,航天航空,57.63,60.93,57.27,60.81,57.27,7450679,444902246.32,19.179,5.516,6.36,否,1.28,4.809,13.367,19.752,9.213,否,155392313,38848100,9511563478.73,2377892201.0,71.215538,7.413314,9.881909,57.88,55.41,53.98,54.85,53.77,53.06,45.24,2020-09-25,-
2021-07-30,3009,中天火箭,航天航空,59.9,60.65,58.96,59.95,58.96,4926902,296342337.89,12.6825,-1.405,2.78,否,0.72,5.434,12.035,14.671,9.418,否,155392313,38848100,9377926089.55,2344482835.0,70.21496,7.309157,9.743068,58.65,56.18,54.37,54.96,53.92,53.11,45.48,2020-09-25,-
2021-08-02,3009,中天火箭,航天航空,59.8,62.58,59.1,61.62,59.1,5811231,359018945.92,14.9589,2.784,5.82,否,0.86,6.923,9.859,17.104,8.735,否,155392313,38848100,9638985175.39,2409747643.0,72.169577,7.512627,10.014292,59.37,57.08,54.84,55.07,54.13,53.16,45.72,2020-09-25,-
2021-08-03,3009,中天火箭,航天航空,61.09,62.73,57.82,57.99,57.82,5658592,341547686.84,14.5659,-5.884,7.98,否,0.92,-4.637,-0.052,10.184,0.695,否,155392313,38848100,9071803232.94,2267952078.0,67.922939,7.070565,9.425026,59.6,57.61,55.13,55.1,54.3,53.18,45.96,2020-09-25,-
2021-08-04,3009,中天火箭,航天航空,57.94,60.36,57.88,59.13,57.88,4214817,252049402.38,10.8495,1.953,4.28,否,0.7,-1.368,3.992,10.235,2.478,否,155392313,38848100,9248950469.76,2312238912.0,69.249286,7.208634,9.60907,59.9,58.16,55.44,55.16,54.46,53.23,46.19,2020-09-25,-
2021-08-05,3009,中天火箭,航天航空,59.0,64.07,58.61,62.03,58.61,7467546,462974353.4,19.2224,4.906,9.24,否,1.33,0.665,7.635,15.922,14.785,否,155392313,38848100,9702696023.72,2425675364.0,72.646597,7.562283,10.080483,60.14,59.01,55.85,55.37,54.68,53.31,46.44,2020-09-25,-
2021-08-06,3009,中天火箭,航天航空,61.89,68.05,60.81,66.56,60.81,9322594,607195378.44,23.9976,7.303,11.68,否,1.66,14.778,9.456,18.666,27.705,否,155392313,38848100,10411284971.0,2602822700.0,77.951985,8.114557,10.816662,61.47,60.06,56.55,55.76,54.97,53.42,46.71,2020-09-25,-
2021-08-09,3009,中天火箭,航天航空,66.36,69.75,64.57,67.55,64.57,9184151,626999205.93,23.6412,1.493,7.78,否,1.41,14.24,12.677,16.425,29.63,否,155392313,38848100,10566677284.0,2641670800.0,79.115448,8.23567,10.978105,62.65,61.01,57.27,56.12,55.25,53.54,46.98,2020-09-25,-
2021-08-10,3009,中天火箭,航天航空,70.53,74.31,70.53,74.31,70.53,6002777,439309650.97,15.4519,10.0,5.59,否,0.84,19.797,20.594,30.689,42.302,是,155392313,38848100,11623345012.4,2905837880.0,87.026993,9.059237,12.075915,65.92,62.76,58.3,56.68,55.62,53.71,47.27,2020-09-25,-
2021-08-11,3009,中天火箭,航天航空,75.1,77.97,72.21,72.52,72.21,11544715,866559467.62,29.7176,-2.406,7.75,否,1.59,8.954,25.056,25.837,37.141,否,155392313,38848100,11343638849.0,2835911300.0,84.93276,8.841234,11.785318,68.59,64.25,59.33,57.17,55.96,53.87,47.56,2020-09-25,-
2021-08-12,3009,中天火箭,航天航空,73.42,74.31,69.73,73.14,69.73,7751917,560502346.87,19.9544,0.863,6.32,否,0.89,8.275,23.694,20.276,35.696,否,155392313,38848100,11441536006.19,2860385603.0,85.665742,8.917535,11.887027,70.82,65.48,60.44,57.81,56.32,54.02,47.86,2020-09-25,-
2021-08-13,3009,中天火箭,航天航空,71.65,73.51,67.92,69.53,67.92,7601553,541165537.09,19.5674,-4.944,7.65,否,0.87,-6.433,12.091,15.98,32.211,否,155392313,38848100,10875907986.87,2718978519.0,81.430738,8.476685,11.299376,71.41,66.44,61.31,58.39,56.61,54.13,48.14,2020-09-25,-
2021-08-16,3009,中天火箭,航天航空,69.41,70.22,66.95,67.58,66.95,5077245,347815171.0,13.0695,-2.8,4.7,否,0.6,-6.812,1.532,9.672,27.317,否,155392313,38848100,10571339053.39,2642836243.0,79.150352,8.239303,10.982948,71.42,67.03,62.06,58.91,56.89,54.23,48.41,2020-09-25,-
2021-08-17,3009,中天火箭,航天航空,67.95,68.72,64.05,64.77,64.05,6667393,442458526.06,17.1627,-4.16,6.91,否,0.88,-11.444,-4.115,11.692,20.323,否,155392313,38848100,10131578807.6,2532896120.0,75.857753,7.896554,10.526065,69.51,67.71,62.66,59.32,57.12,54.29,48.66,2020-09-25,-
2021-08-18,3009,中天火箭,航天航空,64.09,65.94,63.41,64.87,63.41,4921554,321382898.07,12.6687,0.153,3.91,否,0.64,-6.702,-12.704,9.707,24.99,否,155392313,38848100,10147118038.9,2536780930.0,75.974099,7.908665,10.542209,67.98,68.29,63.22,59.72,57.34,54.37,48.92,2020-09-25,-
2021-08-19,3009,中天火箭,航天航空,63.92,66.52,62.09,65.74,62.09,5348451,348704720.35,13.7676,1.348,6.83,否,0.84,-2.723,-9.349,5.981,29.46,否,155392313,38848100,10283863274.34,2570967258.0,76.997946,8.015245,10.684279,66.5,68.66,63.84,60.12,57.57,54.46,49.19,2020-09-25,-
2021-08-20,3009,中天火箭,航天航空,64.77,65.92,63.01,65.59,63.01,4165404,270323372.74,10.7223,-0.227,4.43,否,0.7,1.266,-10.323,-1.457,25.459,否,155392313,38848100,10260554427.39,2565140043.0,76.823427,7.997078,10.660063,65.71,68.56,64.31,60.55,57.78,54.55,49.45,2020-09-25,-
2021-08-23,3009,中天火箭,航天航空,65.9,68.54,65.9,67.55,65.9,5155264,351669033.61,13.2703,2.984,4.03,否,0.98,4.131,-2.848,0.0,28.373,否,155392313,38848100,10566677284.0,2641670800.0,79.115448,8.23567,10.978105,65.7,68.56,64.79,61.03,58.03,54.65,49.72,2020-09-25,-
2021-08-24,3009,中天火箭,航天航空,65.98,67.55,62.81,66.86,62.81,5711866,374892162.75,14.7031,-1.029,7.01,否,1.09,1.704,-1.065,-10.026,27.038,否,155392313,38848100,10457902664.9,2614477130.0,78.301024,8.150891,10.865095,66.12,67.82,65.29,61.47,58.25,54.74,49.99,2020-09-25,-
2021-08-25,3009,中天火箭,航天航空,68.94,73.54,66.73,73.54,66.73,9570094,679313819.93,24.6347,10.0,10.19,否,1.89,12.121,13.54,1.407,37.099,是,155392313,38848100,11503692931.39,2875924843.0,85.302235,8.741614,11.568605,67.86,67.92,66.08,62.19,58.59,54.88,50.28,2020-09-25,-
2021-08-26,3009,中天火箭,航天航空,74.7,79.36,71.37,72.64,71.37,12184478,920996050.6,31.3644,-1.229,10.87,否,2.03,7.535,11.978,-0.684,35.75,否,155392313,38848100,11362285926.56,2840573072.0,84.253674,8.634159,11.4264,69.24,67.87,66.67,62.92,58.94,55.01,50.57,2020-09-25,-
2021-08-27,3009,中天火箭,航天航空,73.61,79.16,72.52,76.99,72.52,8569485,650647013.32,22.059,5.99,9.15,否,1.16,15.151,17.113,10.729,37.262,否,155392313,38848100,12042904257.5,3010727750.0,89.300598,9.151358,12.110859,71.52,68.61,67.53,63.74,59.36,55.21,50.88,2020-09-25,-
2021-08-30,3009,中天火箭,航天航空,75.45,82.37,75.35,78.8,75.35,8243616,654486322.02,21.2201,2.348,9.12,否,1.0,7.153,20.14,16.603,35.815,否,155392313,38848100,12325718267.16,3081431292.0,91.397721,9.366268,12.395269,73.77,69.74,68.38,64.62,59.82,55.44,51.2,2020-09-25,-
2021-08-31,3009,中天火箭,航天航空,78.66,79.06,70.92,73.67,70.92,8998400,663888275.77,23.163,-6.505,10.34,否,1.02,1.418,9.06,13.741,29.564,否,155392313,38848100,11523893932.08,2880975096.0,85.45203,8.756964,11.58892,75.13,70.63,69.17,65.32,60.16,55.67,51.49,2020-09-25,-
2021-09-01,3009,中天火箭,航天航空,72.83,73.51,67.68,68.82,67.68,6102345,429645709.88,15.7082,-6.58,7.92,否,0.64,-10.612,2.931,6.089,19.417,否,155392313,38848100,10765579444.64,2691396368.0,79.828973,8.180724,10.826327,74.18,71.02,69.65,65.82,60.36,55.86,51.77,2020-09-25,-
2021-09-02,3009,中天火箭,航天航空,68.41,70.03,66.94,69.6,66.94,4185477,290249819.35,10.774,1.126,4.5,否,0.47,-11.675,-5.358,5.872,14.455,否,155392313,38848100,10886785448.78,2721697886.0,80.72774,8.272828,10.948216,73.58,71.41,70.03,66.36,60.6,56.06,52.04,2020-09-25,-
2021-09-03,3009,中天火箭,航天航空,68.54,70.03,65.43,66.56,65.43,4497712,305620237.06,11.5777,-4.368,6.62,否,0.62,-9.651,-8.37,1.479,11.026,否,155392313,38848100,10411284971.0,2602822700.0,77.201807,7.911497,10.470033,71.49,71.5,70.03,66.71,60.76,56.23,52.31,2020-09-25,-
2021-09-06,3009,中天火箭,航天航空,66.56,67.16,61.59,64.58,61.59,5649811,361636289.68,14.5433,-2.97,8.37,否,0.88,-6.161,-16.119,-4.397,4.804,否,155392313,38848100,10102054268.13,2525514981.0,74.908798,7.676514,10.159057,68.65,71.21,69.88,66.93,60.85,56.39,52.57,2020-09-25,-
2021-09-07,3009,中天火箭,航天航空,64.66,66.36,63.78,66.06,63.78,3967235,262054937.14,10.2122,2.292,4.0,否,0.67,-5.086,-16.168,-1.197,13.916,否,155392313,38848100,10333588814.5,2583398650.0,76.625674,7.852456,10.391898,67.12,71.13,69.47,67.23,60.97,56.57,52.83,2020-09-25,-
2021-09-08,3009,中天火箭,航天航空,65.56,66.25,64.18,65.2,64.18,2941813,192717061.63,7.5726,-1.308,3.13,否,0.6,-2.043,-11.497,-11.341,10.266,否,155392313,38848100,10198397502.19,2549600803.0,75.623203,7.749724,10.255944,66.4,70.29,69.1,67.49,61.1,56.72,53.09,2020-09-25,-
2021-09-09,3009,中天火箭,航天航空,64.59,66.63,63.08,66.53,63.08,4295867,281757984.5,11.0581,2.042,5.44,否,1.01,3.02,-3.328,-8.411,7.255,否,155392313,38848100,10406623201.61,2601657257.0,77.167239,7.907954,10.465345,65.79,69.68,68.77,67.68,61.26,56.88,53.36,2020-09-25,-
2021-09-10,3009,中天火箭,航天航空,66.52,66.53,64.47,65.8,64.47,3663255,241648962.14,9.4297,-1.09,3.09,否,0.86,-0.394,-5.46,-14.534,-1.142,否,155392313,38848100,10293186813.12,2573298144.0,76.326085,7.821754,10.351268,65.63,68.56,68.59,67.87,61.42,57.0,53.62,2020-09-25,-
2021-09-13,3009,中天火箭,航天航空,65.86,66.06,63.48,63.49,63.48,2963774,191850075.91,7.6291,-3.518,3.93,否,0.72,-2.623,-4.612,-19.429,-6.01,否,155392313,38848100,9931122723.83,2482782071.0,73.641306,7.546623,9.987161,65.42,67.03,68.38,67.93,61.5,57.08,53.88,2020-09-25,-
2021-09-14,3009,中天火箭,航天航空,62.98,64.06,62.04,63.65,62.04,3422338,216687478.46,8.8095,0.25,3.19,否,0.96,-4.329,-1.44,-13.601,-14.345,否,155392313,38848100,9955985493.91,2488997767.0,73.825668,7.565516,10.012164,64.93,66.03,68.33,68.12,61.61,57.19,54.13,2020-09-25,-
2021-09-15,3009,中天火箭,航天航空,63.28,63.28,62.04,62.75,62.04,2242722,141242233.2,5.7731,-1.405,1.95,否,0.65,-4.635,-5.011,-8.82,-13.472,否,155392313,38848100,9816132412.21,2454034477.0,72.788629,7.459243,9.871522,64.44,65.42,68.22,68.24,61.7,57.3,54.38,2020-09-25,-
2021-09-16,3009,中天火箭,航天航空,62.29,63.26,59.27,59.42,59.27,2985507,183818604.23,7.6851,-5.303,6.36,否,0.9,-6.41,-8.865,-14.626,-18.759,否,155392313,38848100,9295568163.66,2323893342.0,68.928539,7.063668,9.34802,63.02,64.4,67.91,68.16,61.76,57.36,54.62,2020-09-25,-
2021-09-17,3009,中天火箭,航天航空,59.6,61.03,57.25,59.32,57.25,2114854,125968210.48,5.4439,-0.184,6.37,否,0.69,-6.803,-10.837,-10.877,-14.684,否,155392313,38848100,9278475009.23,2319620051.0,68.801789,7.050679,9.330831,61.73,63.68,67.59,67.91,61.84,57.43,54.86,2020-09-25,-
2021-09-22,3009,中天火箭,航天航空,57.85,60.45,57.62,59.65,57.62,1530100,91665026.0,3.9387,0.569,4.77,否,0.56,-4.94,-9.347,-7.634,-11.734,否,155392313,38848100,9331308395.65,2332828405.0,69.19356,7.090827,9.383962,60.96,63.19,67.2,67.65,61.89,57.51,55.1,2020-09-25,-
2021-09-23,3009,中天火箭,航天航空,59.26,60.43,59.18,60.17,59.18,1625900,97913519.0,4.1853,0.866,2.1,否,0.66,1.262,-5.229,-8.916,-7.102,否,155392313,38848100,9412112398.41,2353029417.0,69.792738,7.152229,9.465222,60.26,62.6,66.86,67.18,61.93,57.6,55.34,2020-09-25,-
2021-09-24,3009,中天火箭,航天航空,60.09,60.3,58.19,59.01,58.19,2161700,128972367.46,5.5645,-1.932,3.5,否,1.03,-0.523,-7.29,-9.494,-9.033,否,155392313,38848100,9230303392.2,2307577140.0,68.444587,7.014073,9.282387,59.51,61.98,66.14,66.73,61.95,57.69,55.57,2020-09-25,-
2021-09-27,3009,中天火箭,航天航空,58.46,58.46,55.91,56.59,55.91,2447407,140333682.65,6.3003,-4.091,4.33,否,1.17,-5.13,-9.817,-14.941,-13.918,否,155392313,38845600,8852700071.61,2213033832.0,65.644581,6.727134,8.902653,58.95,60.99,65.33,66.18,61.99,57.75,55.8,2020-09-25,-
2021-09-28,3009,中天火箭,航天航空,56.31,57.12,54.73,54.93,54.73,1644951,92446377.95,4.2346,-2.931,4.23,否,0.83,-8.709,-7.556,-16.52,-16.252,否,155392313,38845600,8593194908.9,2148161680.0,63.720297,6.529937,8.641684,58.07,59.9,64.23,65.69,62.04,57.81,56.02,2020-09-25,-
2021-09-29,3009,中天火箭,航天航空,54.99,55.03,53.24,53.54,53.24,1466500,79834780.0,3.7752,-2.532,3.27,否,0.78,-9.27,-9.744,-15.672,-20.74,否,155392313,38845600,8375645670.7,2093777840.0,62.107125,6.364622,8.422907,56.85,58.9,62.97,65.22,62.06,57.81,56.23,2020-09-25,-
2021-09-30,3009,中天火箭,航天航空,53.81,55.42,53.54,54.36,53.54,1384200,75843219.0,3.1451,1.521,3.51,否,0.74,-3.941,-8.868,-14.595,-18.696,否,155392313,44011573,8503067367.36,2408313274.56,63.051983,6.461449,8.551048,55.69,57.97,62.0,64.88,62.1,57.82,56.45,2020-09-25,-
2021-10-08,3009,中天火箭,航天航空,54.69,55.33,54.24,54.85,54.24,1232900,67976748.0,2.8013,0.896,2.01,否,0.68,-0.146,-8.842,-12.59,-25.415,否,155392313,44011573,8579209600.73,2429878945.33,63.616594,6.51931,8.62762,54.85,57.18,61.3,64.54,62.13,57.84,56.67,2020-09-25,-
2021-10-11,3009,中天火箭,航天航空,55.33,57.51,54.99,57.42,54.99,3012925,171840889.4,6.8458,4.691,4.58,否,1.84,7.247,-2.694,-3.366,-20.953,否,155392313,44011573,8981675691.4,2543868919.4,66.600962,6.825142,9.032357,55.02,56.98,60.69,64.26,62.19,57.87,56.9,2020-09-25,-
2021-10-12,3009,中天火箭,航天航空,56.53,56.99,54.93,55.32,54.93,1845925,103598702.99,4.1942,-3.651,3.58,否,1.06,1.766,-2.244,-6.743,-28.147,否,155392313,44011573,8653797910.97,2451004500.37,64.169681,6.575989,8.702629,55.1,56.58,60.13,63.92,62.24,57.87,57.12,2020-09-25,-
2021-10-13,3009,中天火箭,航天航空,54.84,56.25,53.64,56.08,53.64,1693800,93346951.98,3.8485,1.365,4.7,否,0.95,2.242,2.094,-5.985,-28.832,否,155392313,44011573,8771896068.85,2484453295.85,65.045403,6.665731,8.821393,55.61,56.23,59.71,63.54,62.29,57.89,57.34,2020-09-25,-
2021-10-14,3009,中天火箭,航天航空,56.62,59.0,56.13,58.45,56.13,2854348,167204937.18,6.4854,4.234,5.12,否,1.56,1.794,9.171,-2.859,-20.66,否,155392313,44011573,9143283696.92,2589640955.32,67.799318,6.947947,9.194877,56.42,56.06,59.33,63.26,62.36,57.9,57.5,2020-09-25,-
2021-10-15,3009,中天火箭,航天航空,58.61,61.55,57.78,60.22,57.78,3385911,205425732.72,7.6932,3.025,6.46,否,1.59,8.858,10.78,2.05,-12.496,否,155392313,44011573,9419882014.06,2667981555.26,69.850351,7.158133,9.473036,57.5,56.18,59.08,62.82,62.5,57.94,57.66,2020-09-25,-
2021-10-18,3009,中天火箭,航天航空,60.06,60.1,58.61,59.89,58.61,2333385,139624253.74,5.3018,-0.544,2.47,否,0.91,6.794,9.189,5.831,-13.951,否,155392313,44011573,9368602550.77,2653457736.17,69.470104,7.119166,9.421467,57.99,56.51,58.75,62.39,62.65,57.97,57.81,2020-09-25,-
2021-10-19,3009,中天火箭,航天航空,59.77,59.77,57.12,58.68,57.12,2269327,133341623.26,5.1562,-2.024,4.43,否,0.94,0.393,2.194,6.827,-11.839,否,155392313,44011573,9179023928.91,2599763617.11,68.064339,6.975106,9.230819,58.66,56.88,58.39,61.78,62.76,58.0,57.95,2020-09-25,-
2021-10-20,3009,中天火箭,航天航空,57.82,60.09,57.82,59.13,57.82,1983885,118420772.81,4.5076,0.762,3.88,否,0.79,-1.81,6.887,10.441,-8.439,否,155392313,44011573,9248950469.76,2619568824.96,68.582859,7.028243,9.30114,59.27,57.44,58.17,61.12,62.87,58.03,58.08,2020-09-25,-
2021-10-21,3009,中天火箭,航天航空,59.01,59.01,57.19,57.55,57.19,2036732,118529502.02,4.6277,-2.671,3.07,否,0.79,-3.907,2.621,5.868,-12.882,否,155392313,44011573,9001876692.09,2549590423.89,66.750756,6.840493,9.052672,59.09,57.76,57.87,60.59,62.95,58.06,58.19,2020-09-25,-
2021-10-22,3009,中天火箭,航天航空,57.51,57.89,56.52,56.63,56.52,1538023,88449167.88,3.4946,-1.588,2.36,否,0.64,-3.494,-3.114,3.245,-13.144,否,155392313,44011573,8858915764.13,2509099776.73,65.690672,6.731857,8.908904,58.38,57.94,57.56,60.18,63.0,58.08,58.29,2020-09-25,-
2021-10-25,3009,中天火箭,航天航空,56.62,58.09,56.13,57.6,56.13,1477800,85148238.0,3.3578,1.702,3.47,否,0.73,-2.588,-4.351,0.313,-13.423,否,155392313,44011573,9009646307.74,2551791002.54,60.01983,6.707331,8.717991,57.92,57.96,57.47,59.78,63.07,58.1,58.37,2020-09-25,-
2021-10-26,3009,中天火箭,航天航空,57.61,58.16,57.02,57.63,57.02,1283700,74351678.0,2.9167,0.052,1.98,否,0.69,0.139,-3.774,4.176,-12.416,否,155392313,44011573,9014308077.13,2553111349.73,60.050886,6.710801,8.722502,57.71,58.19,57.39,59.48,63.1,58.13,58.44,2020-09-25,-
2021-10-27,3009,中天火箭,航天航空,58.58,60.6,58.58,60.45,58.58,4360001,262609545.32,9.9065,4.896,3.5,否,2.62,6.746,3.016,7.792,-4.788,否,155392313,44011573,9455622246.05,2678104217.05,62.990802,7.039342,9.14953,57.97,58.62,57.43,59.35,63.14,58.23,58.51,2020-09-25,-
2021-10-28,3009,中天火箭,航天航空,59.78,60.36,58.29,58.37,58.29,2559351,152735292.92,5.8152,-3.435,3.42,否,1.2,1.337,-1.285,-0.137,-8.295,否,155392313,44011573,9130852311.88,2586120029.48,60.827272,6.797564,8.835273,58.14,58.62,57.34,59.09,63.16,58.31,58.55,2020-09-25,-
2021-10-29,3009,中天火箭,航天航空,57.99,61.03,57.48,60.29,57.48,2848145,170675459.12,6.4714,3.285,6.09,否,1.27,4.616,4.761,0.116,-3.92,否,155392313,44011573,9430759475.97,2671062365.37,62.825173,7.020833,9.125472,58.87,58.62,57.4,58.93,63.21,58.39,58.58,2020-09-25,-
2021-11-01,3009,中天火箭,航天航空,60.28,63.05,60.12,62.93,60.12,4211596,262754443.37,9.5693,4.383,4.86,否,1.68,4.103,11.125,5.076,5.907,否,155392313,44011573,9844103028.55,2788133149.55,65.578756,7.328551,9.525435,59.93,58.93,57.72,58.81,63.24,58.5,58.6,2020-09-25,-
2021-11-02,3009,中天火箭,航天航空,62.96,66.26,62.1,65.12,62.1,6000280,387027128.8,13.6334,3.473,6.61,否,1.97,11.564,13.056,10.975,9.777,否,155392313,44011573,10185966117.15,2884958610.15,67.856155,7.583055,9.856232,61.43,59.57,58.23,58.78,63.33,58.63,58.61,2020-09-25,-
2021-11-03,3009,中天火箭,航天航空,64.37,64.37,62.21,62.84,62.21,3482307,221015610.25,7.9123,-3.494,3.33,否,0.87,4.23,9.04,6.274,5.348,否,155392313,44011573,9830117720.38,2784172107.98,65.485589,7.31814,9.511903,61.91,59.94,58.69,58.76,63.35,58.74,58.58,2020-09-25,-
2021-11-04,3009,中天火箭,航天航空,62.58,63.34,61.92,62.51,61.92,2693125,169813623.53,6.1191,-0.522,2.26,否,0.7,-0.667,3.408,8.619,3.889,否,155392313,44011573,9778838257.09,2769648288.89,65.143979,7.279964,9.462283,62.74,60.44,59.1,58.72,63.42,58.86,58.52,2020-09-25,-
2021-11-05,3009,中天火箭,航天航空,62.66,63.08,61.02,61.1,61.02,2681974,166801784.47,6.0938,-2.257,3.29,否,0.7,-6.173,4.677,7.893,3.542,否,155392313,44011573,9558181172.63,2707151855.23,63.674021,7.115693,9.248769,62.9,60.88,59.41,58.67,63.46,58.96,58.43,2020-09-25,-
2021-11-08,3009,中天火箭,航天航空,60.82,62.39,59.62,62.39,59.62,2310325,142559757.25,5.2494,2.097,4.52,否,0.61,-0.716,3.483,8.316,10.249,否,155392313,44011573,9758637256.4,2763926784.4,65.009406,7.264925,9.442736,62.79,61.36,59.66,58.77,63.46,59.07,58.37,2020-09-25,-
2021-11-09,3009,中天火箭,航天航空,62.39,64.17,62.0,63.64,62.0,2963730,188540849.75,6.734,2.006,3.49,否,0.86,1.808,1.128,10.429,15.857,否,155392313,44011573,9954431570.78,2819381366.38,66.313735,7.410686,9.632192,62.5,61.96,60.08,58.91,63.41,59.19,58.35,2020-09-25,-
2021-11-10,3009,中天火箭,航天航空,63.62,64.17,62.38,63.21,62.38,2344092,148787322.52,5.3261,-0.671,2.83,否,0.83,3.453,-2.933,4.566,18.061,否,155392313,44011573,9887612876.19,2800456389.99,65.868606,7.360942,9.567536,62.57,62.24,60.43,59.03,63.34,59.29,58.33,2020-09-25,-
2021-11-11,3009,中天火箭,航天航空,62.68,63.05,61.04,62.35,61.04,1945815,122114142.82,4.4211,-1.367,3.17,否,0.75,-0.064,-0.78,6.819,14.698,否,155392313,44011573,9752421563.88,2762166321.48,64.967998,7.260298,9.436721,62.54,62.64,60.63,59.1,63.14,59.38,58.33,2020-09-25,-
2021-11-12,3009,中天火箭,航天航空,62.35,65.34,62.13,64.9,62.13,4185943,269553064.92,9.511,4.095,5.15,否,1.71,1.98,3.823,7.646,18.323,否,155392313,44011573,10151779808.29,2875276064.09,67.628415,7.557604,9.823152,63.3,63.1,60.86,59.3,63.01,59.49,58.33,2020-09-25,-
2021-11-15,3009,中天火箭,航天航空,64.9,65.89,63.85,64.23,63.85,3244483,211491490.98,7.3719,-1.026,3.15,否,1.18,1.614,5.123,2.066,11.86,否,155392313,44011573,10047666958.58,2845788310.18,66.934844,7.480096,9.722409,63.67,63.23,61.08,59.55,62.87,59.59,58.34,2020-09-25,-
2021-11-16,3009,中天火箭,航天航空,63.58,65.26,62.29,62.3,62.29,2923900,187623540.63,6.6435,-3.016,4.62,否,1.0,-0.08,-0.144,-4.33,12.617,否,155392313,44011573,9744651948.23,2759965742.83,64.916239,7.254514,9.429203,63.4,62.95,61.26,59.8,62.75,59.68,58.33,2020-09-25,-
2021-11-17,3009,中天火箭,航天航空,62.1,63.17,61.4,62.61,61.4,2524532,158361770.26,5.7361,0.51,2.84,否,0.86,-3.529,-1.618,-0.366,11.644,否,155392313,44011573,9794377488.39,2774049446.19,65.247497,7.291532,9.477319,63.28,62.92,61.43,60.1,62.66,59.77,58.33,2020-09-25,-
2021-11-18,3009,中天火箭,航天航空,62.48,64.96,62.09,64.27,62.09,4038219,259883893.03,9.1754,2.65,4.59,否,1.36,0.062,1.677,2.816,9.957,否,155392313,44011573,10053882651.1,2847548773.1,66.976251,7.484724,9.728424,63.66,63.1,61.77,60.43,62.65,59.89,58.3,2020-09-25,-
2021-11-19,3009,中天火箭,航天航空,64.32,65.22,63.57,64.56,63.57,3608667,234704941.43,8.1994,0.448,2.57,否,1.07,3.628,3.545,5.663,7.207,否,155392313,44011573,10098946421.87,2860312129.27,67.276453,7.518272,9.772029,63.59,63.45,62.17,60.76,62.65,59.99,58.29,2020-09-25,-
2021-11-22,3009,中天火箭,航天航空,64.73,65.07,64.07,64.57,64.07,2643268,171572500.36,6.0058,0.015,1.54,否,0.81,3.13,-0.508,3.494,7.814,否,155392313,44011573,10100500345.0,2860752245.0,67.286805,7.519429,9.773532,63.66,63.66,62.51,60.99,62.63,60.1,58.26,2020-09-25,-
2021-11-23,3009,中天火箭,航天航空,64.57,64.85,63.34,64.07,63.34,2276900,146661340.68,5.1734,-0.769,2.34,否,0.72,-0.311,-0.249,0.676,9.185,否,155392313,44011573,10022804188.5,2838746458.5,66.769214,7.461587,9.698351,64.02,63.71,62.84,61.29,62.6,60.19,58.25,2020-09-25,-
2021-11-24,3009,中天火箭,航天航空,64.5,65.62,63.18,63.38,63.18,2686525,173599062.37,6.1041,-1.085,3.81,否,0.89,-1.828,1.734,0.269,7.188,否,155392313,44011573,9914029569.4,2807938357.4,66.044587,7.380609,9.593098,64.17,63.72,62.98,61.53,62.53,60.28,58.25,2020-09-25,-
2021-11-25,3009,中天火箭,航天航空,62.89,63.18,60.8,60.85,60.8,3362667,209179496.59,7.6404,-3.997,3.76,否,1.1,-5.761,-2.811,-2.406,5.734,否,155392313,44011573,9517779171.25,2695708846.25,63.404874,7.085616,9.209675,63.49,63.57,63.11,61.61,62.43,60.34,58.23,2020-09-25,-
2021-11-26,3009,中天火箭,航天航空,60.2,61.68,60.12,60.9,60.12,1789251,109702957.2,4.0654,0.082,2.56,否,0.61,-4.948,-5.244,-6.163,7.54,否,155392313,44011573,9525548786.9,2697909424.9,63.456633,7.0914,9.217193,62.75,63.17,63.14,61.63,62.22,60.41,58.21,2020-09-25,-
2021-11-29,3009,中天火箭,航天航空,60.3,62.4,60.1,62.04,60.1,2165967,134573288.15,4.9214,1.876,3.77,否,0.85,-2.114,-3.903,-3.41,7.708,否,155392313,44011573,9704249946.85,2748522733.85,64.647092,7.224436,9.390109,62.25,62.96,63.09,61.7,62.05,60.49,58.18,2020-09-25,-
2021-11-30,3009,中天火箭,航天航空,61.89,66.06,61.69,65.07,61.69,6684274,435831254.54,15.1875,4.884,7.05,否,2.72,6.935,0.774,4.446,12.91,否,155392313,44011573,10178196501.5,2882758031.5,67.804396,7.577271,9.848713,62.45,63.23,63.09,61.92,61.85,60.61,58.15,2020-09-25,-
2021-12-01,3009,中天火箭,航天航空,64.87,65.32,63.46,64.15,63.46,3216867,208258867.67,7.3091,-1.405,2.85,否,0.96,5.337,0.125,2.46,6.121,否,155392313,44011573,10035235573.54,2842267384.34,66.852029,7.470842,9.71038,62.6,63.39,63.16,62.08,61.6,60.71,58.14,2020-09-25,-
2021-12-02,3009,中天火箭,航天航空,64.04,64.05,62.32,62.72,62.32,2768074,175486395.0,6.2894,-2.23,2.71,否,0.8,1.096,-1.041,-2.412,7.452,否,155392313,44011573,9811470642.82,2778890719.22,65.361367,7.304257,9.493859,62.98,63.23,63.17,62.26,61.42,60.79,58.11,2020-09-25,-
2021-12-03,3009,中天火箭,航天航空,62.48,64.7,62.48,64.63,62.48,3427800,221348748.0,7.7884,3.041,3.53,否,1.03,-0.676,6.212,0.108,7.199,否,155392313,44011573,10109823883.78,2863392939.38,67.348916,7.52637,9.782554,63.72,63.24,63.34,62.52,61.35,60.86,58.1,2020-09-25,-
2021-12-06,3009,中天火箭,航天航空,64.58,65.72,63.92,64.82,63.92,3924478,256305122.18,8.9169,0.292,2.8,否,1.07,1.044,6.437,0.387,3.003,否,155392313,44011573,10139348423.25,2871755138.25,67.545601,7.54835,9.811123,64.28,63.26,63.46,62.76,61.27,60.94,58.1,2020-09-25,-
2021-12-07,3009,中天火箭,航天航空,64.89,65.25,61.79,62.22,61.79,3481169,220631410.78,7.9097,-4.015,5.33,否,0.87,-0.797,0.29,-2.887,-4.453,否,155392313,44011573,9732220563.19,2756444816.99,64.833425,7.245259,9.417174,63.71,63.08,63.39,62.92,61.2,60.98,58.09,2020-09-25,-
2021-12-08,3009,中天火箭,航天航空,62.3,64.95,61.86,63.52,61.86,2797500,179865320.0,6.3563,2.092,4.97,否,0.83,-1.717,-2.382,0.221,1.082,否,155392313,44011573,9935784493.22,2814099977.62,66.189513,7.396804,9.614149,63.58,63.09,63.41,63.02,61.18,61.02,58.08,2020-09-25,-
2021-12-09,3009,中天火箭,航天航空,63.67,65.28,62.78,65.08,62.78,3352800,216306967.43,7.618,2.455,3.93,否,1.02,0.401,1.45,6.952,4.111,否,155392313,44011573,10179750424.63,2883198147.23,67.814748,7.578427,9.850217,64.05,63.52,63.54,63.24,61.17,61.07,58.09,2020-09-25,-
2021-12-10,3009,中天火箭,航天航空,65.16,68.51,64.07,67.56,64.07,6727634,453049925.27,15.2861,3.816,6.82,否,1.98,8.582,7.717,10.936,10.573,否,155392313,44011573,10568231207.13,2993227079.73,70.402702,7.867636,10.226122,64.64,64.18,63.68,63.48,61.21,61.15,58.1,2020-09-25,-
2021-12-13,3009,中天火箭,航天航空,67.7,68.1,66.4,67.06,66.4,4750302,320627396.78,10.7933,-0.735,2.51,否,1.17,5.573,3.76,8.092,7.485,否,155392313,44011573,10490535050.63,2971221293.23,69.885111,7.809794,10.150941,65.09,64.68,63.82,63.62,61.21,61.24,58.11,2020-09-25,-
2021-12-14,3009,中天火箭,航天航空,66.76,67.73,66.07,67.15,66.07,3037621,204727492.31,6.9019,0.133,2.47,否,0.72,3.181,3.595,3.197,5.515,否,155392313,44011573,10504520358.8,2975182334.8,69.978278,7.820206,10.164474,66.07,64.89,64.06,63.69,61.24,61.33,58.13,2020-09-25,-
2021-12-15,3009,中天火箭,航天航空,66.94,67.7,66.38,67.45,66.38,3036178,204879018.53,6.8986,0.444,1.97,否,0.73,-0.163,8.406,5.144,6.708,否,155392313,44011573,10551138052.7,2988385806.7,70.288832,7.854911,10.209582,66.86,65.22,64.3,63.84,61.3,61.4,58.14,2020-09-25,-
2021-12-16,3009,中天火箭,航天航空,67.3,68.03,66.76,67.1,66.76,2342383,158530656.31,5.3222,-0.516,1.89,否,0.56,0.06,5.636,6.983,7.618,否,155392313,44011573,10496750743.15,2972981756.15,69.926518,7.814422,10.156956,67.26,65.66,64.45,64.0,61.36,61.49,58.16,2020-09-25,-
2021-12-17,3009,中天火箭,航天航空,66.87,67.5,65.17,65.49,65.17,2801438,186765822.36,6.3652,-2.398,3.48,否,0.7,-2.472,0.63,1.331,0.909,否,155392313,44011573,10245015196.09,2901683007.89,68.249524,7.627014,9.913369,66.85,65.75,64.49,64.14,61.41,61.55,58.17,2020-09-25,-
2021-12-20,3009,中天火箭,航天航空,64.56,64.57,61.08,61.1,61.08,3185273,200627871.92,7.2374,-6.704,5.32,否,1.0,-9.414,-9.562,-5.739,-4.873,否,155392313,44011573,9558181172.63,2707151855.23,63.674021,7.115693,9.248769,65.66,65.37,64.32,64.1,61.43,61.6,58.18,2020-09-25,-
2021-12-21,3009,中天火箭,航天航空,61.01,61.49,59.34,60.85,59.34,2371818,143693542.07,5.3891,-0.423,3.53,否,0.82,-9.314,-9.26,-2.202,-2.327,否,155392313,44011573,9517779171.25,2695708846.25,63.404874,7.085616,9.209675,64.4,65.24,64.16,64.01,61.46,61.65,58.2,2020-09-25,-
2021-12-22,3009,中天火箭,航天航空,60.39,61.03,60.0,60.2,60.0,1455819,88627216.7,3.3078,-1.061,1.7,否,0.53,-8.078,-10.35,-5.227,-3.849,否,155392313,44011573,9416774167.8,2667101323.8,62.732006,7.010421,9.111939,62.95,64.9,64.0,63.91,61.47,61.68,58.23,2020-09-25,-
2021-12-23,3009,中天火箭,航天航空,60.44,60.78,59.66,60.56,59.66,1346375,81665399.52,3.0591,0.594,1.85,否,0.55,-0.884,-10.215,-6.945,-5.773,否,155392313,44011573,9472715400.48,2682945490.08,63.104672,7.052067,9.16607,61.64,64.45,63.98,63.85,61.47,61.7,58.25,2020-09-25,-
2021-12-24,3009,中天火箭,航天航空,60.5,60.76,58.38,58.39,58.38,1828015,109062849.19,4.1535,-3.576,3.92,否,0.82,-4.043,-12.981,-13.573,-9.557,否,155392313,44011573,9133960158.14,2587000260.94,60.847976,6.799877,8.838281,60.22,63.54,63.86,63.63,61.46,61.71,58.26,2020-09-25,-
2021-12-27,3009,中天火箭,航天航空,58.39,59.79,57.03,59.79,57.03,1512223,89087910.78,3.436,2.399,4.73,否,0.74,-0.681,-8.704,-10.841,-7.403,否,155392313,44011573,9353063319.47,2649056578.87,62.307582,6.962991,9.050291,59.96,62.81,63.75,63.48,61.52,61.76,58.28,2020-09-25,-
2021-12-28,3009,中天火箭,航天航空,60.09,60.43,59.36,60.07,59.36,1030778,62172847.34,2.3421,0.465,1.79,否,0.61,-0.809,-1.686,-10.544,-6.243,否,155392313,44011573,9396573167.11,2661379819.31,62.597433,6.995382,9.092392,59.8,62.1,63.5,63.41,61.6,61.82,58.3,2020-09-25,-
2021-12-29,3009,中天火箭,航天航空,59.87,60.9,59.79,60.39,59.79,1303378,79424632.1,2.9614,0.529,1.84,否,0.91,3.425,-0.756,-10.467,-4.718,否,155392313,44011573,9446298707.27,2675463522.67,62.928691,7.032401,9.140508,59.84,61.39,63.31,63.33,61.72,61.89,58.33,2020-09-25,-
2021-12-30,3009,中天火箭,航天航空,60.38,61.09,59.65,60.68,59.65,1457395,88813581.04,3.3114,0.477,2.39,否,1.04,1.489,0.797,-9.568,-0.279,否,155392313,44011573,9491362478.04,2688226878.84,63.228893,7.065949,9.184113,59.86,60.75,63.21,63.21,61.82,61.96,58.35,2020-09-25,-
2021-12-31,3009,中天火箭,航天航空,60.74,61.86,60.4,61.36,60.4,1385968,85445326.14,3.1491,1.13,2.41,否,0.97,2.147,1.321,-6.306,0.755,否,155392313,44012198,9598583174.01,2718633470.46,63.943169,7.145771,9.287863,60.46,60.34,63.04,63.11,61.93,62.03,58.39,2020-09-25,-
2022-01-04,3009,中天火箭,航天航空,61.39,61.46,59.66,60.51,59.66,1424381,86698879.75,3.2364,-1.392,2.93,否,1.06,0.199,3.631,-0.966,-2.466,否,155392313,44012198,9464945784.83,2680782980.18,63.052912,7.046283,9.158552,60.6,60.28,62.83,62.97,61.98,62.09,58.41,2020-09-25,-
2022-01-05,3009,中天火箭,航天航空,60.45,60.8,58.11,58.82,58.11,1694800,100783119.0,3.8508,-2.791,4.43,否,1.28,-3.065,-1.622,-3.336,-9.605,否,155392313,44012198,9200778852.73,2605962243.58,61.293104,6.849621,8.902936,60.35,60.08,62.66,62.8,62.04,62.14,58.41,2020-09-25,-
2022-01-06,3009,中天火箭,航天航空,58.61,59.5,58.2,59.07,58.2,999200,59330198.0,2.2703,0.422,2.21,否,0.69,-3.732,-1.665,-1.877,-7.919,否,155392313,44012198,9239626930.98,2616965293.08,61.551899,6.878542,8.940527,60.09,59.96,62.43,62.65,62.09,62.19,58.38,2020-09-25,-
2022-01-07,3009,中天火箭,航天航空,59.06,59.38,57.62,57.64,57.62,1247029,73332918.53,2.8334,-2.422,2.98,否,0.9,-4.743,-4.554,-4.822,-8.099,否,155392313,44012198,9015862000.26,2553587727.96,60.061238,6.711958,8.724005,59.48,59.67,62.06,62.55,62.08,62.22,58.33,2020-09-25,-
2022-01-10,3009,中天火箭,航天航空,56.82,57.42,53.64,57.26,53.64,1369332,77839534.35,3.1113,-0.655,6.55,否,1.01,-2.652,-5.636,-1.935,-11.403,否,155392313,44012198,8956812921.32,2536863092.72,59.667869,6.667998,8.666868,58.66,59.56,61.55,62.43,62.03,62.27,58.31,2020-09-25,-
2022-01-11,3009,中天火箭,航天航空,57.24,57.71,56.23,56.23,56.23,780074,44746402.62,1.7724,-1.804,2.59,否,0.58,-4.808,-8.36,-5.954,-13.252,否,155392313,44012198,8795204915.8,2491090406.8,58.59128,6.547687,8.510491,57.8,59.2,61.01,62.23,61.97,62.31,58.26,2020-09-25,-
2022-01-12,3009,中天火箭,航天航空,56.28,56.99,56.23,56.75,56.23,857023,48799015.55,1.9473,0.936,1.36,否,0.7,-1.544,-6.214,-5.527,-8.791,否,155392313,44012198,8877562841.69,2514416871.74,59.139926,6.609,8.590183,57.39,58.87,60.49,61.95,61.94,62.35,58.2,2020-09-25,-
2022-01-13,3009,中天火箭,航天航空,56.82,56.97,55.83,55.83,55.83,863802,48949241.04,1.9627,-1.628,2.01,否,0.82,-2.497,-5.083,-7.551,-12.106,否,155392313,44012198,8733047990.6,2473485527.6,58.177207,6.501414,8.450347,56.74,58.42,59.9,61.68,61.88,62.38,58.13,2020-09-25,-
2022-01-14,3009,中天火箭,航天航空,55.63,56.62,55.35,55.85,55.35,775400,43823161.0,1.7618,0.036,2.28,否,0.76,-0.676,-5.451,-7.96,-14.183,否,155392313,44012198,8736155836.86,2474365771.56,58.197911,6.503728,8.453354,56.38,57.93,59.34,61.45,61.85,62.4,58.08,2020-09-25,-
2022-01-17,3009,中天火箭,航天航空,55.66,56.94,55.66,56.77,55.66,809200,46096982.0,1.8386,1.654,2.29,否,0.87,0.035,-1.509,-7.48,-15.971,否,155392313,44012198,8880670687.95,2515297115.7,59.16063,6.611313,8.59319,56.29,57.47,58.91,61.19,61.85,62.43,58.03,2020-09-25,-
2022-01-18,3009,中天火箭,航天航空,56.76,57.47,56.38,56.66,56.38,789504,45107905.11,1.7939,-0.193,1.92,否,0.97,1.487,-1.048,-6.363,-15.508,否,155392313,44012198,8863577533.52,2510455773.92,59.04676,6.598588,8.576651,56.37,57.09,58.68,60.91,61.84,62.45,57.99,2020-09-25,-
2022-01-19,3009,中天火箭,航天航空,56.31,56.68,55.59,55.9,55.59,761751,42921247.96,1.7308,-1.35,1.93,否,0.93,0.09,-0.587,-4.964,-16.754,否,155392313,44012198,8743925452.51,2476566381.46,58.24967,6.509512,8.460872,56.2,56.8,58.44,60.7,61.81,62.45,57.95,2020-09-25,-
2022-01-20,3009,中天火箭,航天航空,55.85,56.22,54.17,54.49,54.17,1101145,60847285.6,2.5019,-2.524,3.66,否,1.38,-4.016,-3.982,-7.754,-19.214,否,155392313,44012198,8523268368.05,2414069060.3,56.779712,6.345241,8.247358,55.93,56.34,58.15,60.4,61.71,62.42,57.92,2020-09-25,-
2022-01-21,3009,中天火箭,航天航空,53.94,54.04,51.66,52.05,51.66,1503714,79620599.13,3.4166,-4.467,4.38,否,1.77,-8.136,-6.771,-9.698,-22.429,否,155392313,44012198,8142557201.2,2306239175.2,54.243517,6.061816,7.878971,55.17,55.78,57.73,59.97,61.61,62.38,57.85,2020-09-25,-
2022-01-24,3009,中天火箭,航天航空,51.95,53.17,51.81,52.64,51.81,654600,34690485.0,1.4873,1.126,2.61,否,0.66,-5.832,-5.748,-8.068,-19.621,否,155392313,44012198,8234238665.87,2332206372.02,54.854274,6.13007,7.967684,54.35,55.32,57.44,59.47,61.48,62.34,57.79,2020-09-25,-
2022-01-25,3009,中天火箭,航天航空,53.15,56.76,53.15,53.73,53.15,1904800,105289681.03,4.328,2.076,6.87,否,1.98,-1.395,-5.355,-4.446,-12.062,否,155392313,44012198,8405170210.17,2380619789.82,55.992974,6.257322,8.133083,53.76,55.07,57.14,59.03,61.32,62.28,57.75,2020-09-25,-
2022-01-26,3009,中天火箭,航天航空,52.16,53.4,51.94,52.77,51.94,1186600,62784566.0,2.6961,-1.793,2.7,否,1.0,1.383,-6.866,-7.013,-13.279,否,155392313,44012198,8254439666.56,2337927957.76,54.988848,6.145109,7.987231,53.14,54.67,56.77,58.55,61.12,62.22,57.72,2020-09-25,-
2022-01-27,3009,中天火箭,航天航空,52.75,53.0,49.87,49.97,49.87,1420100,73084550.0,3.2267,-5.309,5.93,否,1.12,-5.072,-10.608,-10.496,-16.993,否,155392313,44012198,7816233343.9,2213813559.4,52.069635,5.818881,7.563211,52.23,54.08,56.25,57.96,60.9,62.13,57.68,2020-09-25,-
2022-01-28,3009,中天火箭,航天航空,50.42,51.26,49.51,50.37,49.51,1170200,59486931.0,2.6588,0.795,3.5,否,0.88,-6.253,-7.561,-9.812,-16.826,否,155392313,44012198,7878390269.1,2231418438.6,52.483708,5.865154,7.623355,51.9,53.54,55.73,57.41,60.7,62.06,57.64,2020-09-25,-
2022-02-07,3009,中天火箭,航天航空,50.93,51.41,50.51,51.17,50.51,756400,38852912.0,1.7186,1.598,1.78,否,0.6,-3.032,-1.691,-9.864,-12.365,否,155392313,44012198,8004258042.63,2267068318.98,53.322205,5.958858,7.745149,51.6,52.98,55.22,56.93,60.54,62.0,57.61,2020-09-25,-
2022-02-08,3009,中天火箭,航天航空,50.89,51.62,50.27,51.55,50.27,787949,40529128.54,1.7903,0.738,2.64,否,0.61,3.162,-2.071,-9.019,-13.782,否,155392313,44012198,8063307121.57,2283792954.22,53.715574,6.002818,7.802286,51.17,52.46,54.78,56.61,60.36,61.91,57.57,2020-09-25,-
2022-02-09,3009,中天火箭,航天航空,51.15,52.86,51.06,52.76,51.06,1031477,54221243.94,2.3436,2.351,3.49,否,0.97,4.745,-1.805,-5.617,-12.169,否,155392313,44012198,8252885743.43,2337487835.78,67.451511,6.143952,8.130376,51.16,52.15,54.47,56.34,60.17,61.79,57.54,2020-09-25,-
2022-02-10,3009,中天火箭,航天航空,52.83,53.01,52.03,52.45,52.03,580051,30615614.18,1.318,-0.584,1.85,否,0.56,2.501,-0.606,-3.744,-13.148,否,155392313,44012198,8204714126.4,2323844054.4,67.057801,6.10809,8.08292,51.66,51.95,54.14,56.08,59.99,61.67,57.49,2020-09-25,-
2022-02-11,3009,中天火箭,航天航空,52.23,52.34,51.16,51.2,51.16,649600,33724076.0,1.476,-2.386,2.25,否,0.75,-0.679,2.461,-1.633,-15.623,否,155392313,44012198,8008919812.02,2268388684.92,65.457558,5.962329,7.890032,51.83,51.86,53.82,55.77,59.81,61.48,57.46,2020-09-25,-
2022-02-14,3009,中天火箭,航天航空,51.66,52.51,51.21,51.77,51.21,849661,44452805.83,1.9305,1.106,2.54,否,1.12,-1.876,2.779,-1.653,-15.629,否,155392313,44012198,8097493430.43,2293475637.78,66.181477,6.028268,7.977291,51.95,51.77,53.55,55.55,59.59,61.3,57.44,2020-09-25,-
2022-02-15,3009,中天火箭,航天航空,51.61,52.44,51.45,52.3,51.45,827645,43331370.23,1.8805,1.036,1.92,否,1.06,-0.286,2.208,-2.661,-13.568,否,155392313,44012198,8181405279.45,2317242224.7,66.867296,6.090737,8.059957,52.1,51.63,53.35,55.3,59.39,61.13,57.43,2020-09-25,-
2022-02-16,3009,中天火箭,航天航空,51.9,51.95,51.29,51.68,51.29,736984,38266821.32,1.6745,-1.197,1.27,否,0.94,0.938,0.252,-2.066,-12.139,否,155392313,44012198,8083508122.26,2289514539.96,66.067174,6.017857,7.963513,51.88,51.52,53.1,55.02,59.21,60.98,57.42,2020-09-25,-
2022-02-17,3009,中天火箭,航天航空,52.35,54.69,51.71,53.84,51.71,2267841,122021249.03,5.1528,4.191,5.77,否,3.11,3.998,2.047,7.745,-8.854,否,155392313,44012198,8422263364.6,2385461131.6,68.835849,6.270047,8.29724,52.16,51.91,53.0,54.8,59.07,60.87,57.42,2020-09-25,-
2022-02-18,3009,中天火箭,航天航空,53.05,53.05,51.69,52.43,51.69,1553053,81588517.77,3.5287,-2.62,2.53,否,1.46,0.249,-0.038,4.09,-9.039,否,155392313,44012198,8201606280.14,2322963810.44,67.0324,6.105776,8.079858,52.4,52.12,52.83,54.53,58.87,60.76,57.4,2020-09-25,-
2022-02-21,3009,中天火箭,航天航空,52.15,52.53,51.91,52.41,51.91,1001111,52622645.46,2.2747,-0.038,1.17,否,0.8,1.413,2.363,2.423,-8.47,否,155392313,44012198,8198498433.88,2322083566.48,67.006999,6.103463,8.076796,52.53,52.24,52.61,54.23,58.67,60.66,57.4,2020-09-25,-
2022-02-22,3009,中天火箭,航天航空,52.95,53.64,52.31,53.35,52.31,1684623,89862765.44,3.8277,1.782,2.54,否,1.32,-0.91,3.052,3.492,-5.122,否,155392313,44012198,8344567208.1,2363455032.6,68.200832,6.212205,8.220697,52.74,52.42,52.44,53.99,58.48,60.56,57.4,2020-09-25,-
2022-02-23,3009,中天火箭,航天航空,52.78,53.84,52.46,53.72,52.46,1713586,91921858.26,3.8935,0.708,2.59,否,1.18,2.46,2.715,1.82,-5.339,否,155392313,44012198,8403616287.04,2380179667.84,68.683445,6.256165,8.278869,53.15,52.52,52.33,53.82,58.31,60.46,57.4,2020-09-25,-
2022-02-24,3009,中天火箭,航天航空,53.33,57.57,52.96,56.68,52.96,5493718,309221583.38,12.4824,5.51,8.58,否,3.34,8.147,9.675,8.065,1.522,否,155392313,44012198,8866685379.78,2511336017.88,72.468146,6.600902,8.735064,53.72,52.94,52.44,53.74,58.2,60.37,57.42,2020-09-25,-
2022-02-25,3009,中天火箭,航天航空,54.9,55.92,54.27,55.35,54.27,2691044,149566528.68,6.1144,-2.348,2.91,否,1.18,3.749,2.805,8.105,-0.895,否,155392313,44012198,8658459680.36,2452359672.56,70.7663,6.445886,8.52993,54.3,53.35,52.61,53.66,58.11,60.27,57.42,2020-09-25,-
2022-02-28,3009,中天火箭,航天航空,55.95,56.31,54.84,55.18,54.84,1719583,96076551.0,3.9071,-0.305,2.66,否,0.68,2.718,5.245,6.587,-2.801,否,155392313,44012198,8632042987.15,2444877598.9,70.550395,6.42622,8.503905,54.86,53.69,52.73,53.6,58.01,60.12,57.43,2020-09-25,-
2022-03-01,3009,中天火箭,航天航空,55.17,55.73,53.64,55.55,53.64,1781002,98940756.0,4.0467,0.666,3.78,否,0.67,-1.994,5.991,6.214,-1.959,否,155392313,44012198,8689538142.96,2461162112.16,71.020307,6.469022,8.560547,55.3,54.02,52.83,53.57,57.9,59.97,57.43,2020-09-25,-
2022-03-02,3009,中天火箭,航天航空,55.18,55.42,54.14,54.34,54.14,1476949,81019911.0,3.3558,-2.182,2.31,否,0.55,-1.825,1.856,5.147,-2.791,否,155392313,44012198,8499959521.1,2407467230.6,69.470866,6.327889,8.373782,55.42,54.29,52.9,53.49,57.72,59.79,57.42,2020-09-25,-
2022-03-03,3009,中天火箭,航天航空,54.14,54.32,52.73,52.81,52.73,1648786,88456175.0,3.7463,-2.815,2.93,否,0.63,-4.295,-1.694,-1.913,-3.083,否,155392313,44012198,8260655359.08,2339688445.68,67.515013,6.149736,8.138031,54.65,54.18,53.05,53.39,57.53,59.57,57.41,2020-09-25,-
2022-03-04,3009,中天火箭,航天航空,52.64,53.34,51.86,51.86,51.86,1123100,59424584.0,2.5518,-1.806,2.8,否,0.6,-6.643,-8.504,-1.087,-0.365,否,155392313,44012198,8111478738.6,2297436735.6,66.29578,6.03868,7.991068,53.95,54.13,53.12,53.26,57.35,59.39,57.39,2020-09-25,-
2022-03-07,3009,中天火箭,航天航空,51.9,52.59,50.17,50.48,50.17,1414474,73174265.0,3.2139,-2.644,4.67,否,0.91,-7.103,-8.799,-3.683,-4.103,否,155392313,44012198,7897037346.66,2236699902.36,64.543133,5.879036,7.77981,53.01,53.93,53.09,53.05,57.12,59.23,57.37,2020-09-25,-
2022-03-08,3009,中天火箭,航天航空,50.48,50.91,47.88,47.96,47.88,1929254,95128460.0,4.3835,-4.998,6.0,否,1.3,-9.184,-13.084,-10.103,-10.739,否,155392313,44012198,7502340871.64,2124908919.44,61.317247,5.5852,7.390973,51.49,53.39,52.91,52.76,56.84,59.05,57.34,2020-09-25,-
2022-03-09,3009,中天火箭,航天航空,47.97,48.31,43.89,45.8,43.89,2052500,94871269.0,4.6635,-4.515,9.22,否,1.35,-11.685,-17.552,-14.743,-13.208,否,155392313,44012198,7163585629.3,2028962327.8,58.548572,5.33301,7.057246,49.78,52.6,52.56,52.42,56.56,58.88,57.31,2020-09-25,-
2022-03-10,3009,中天火箭,航天航空,46.47,46.73,45.8,45.9,45.8,1201200,55972746.0,2.7293,0.239,2.04,否,0.74,-9.073,-15.532,-19.019,-8.145,否,155392313,44012198,7180678783.73,2033803669.58,58.688276,5.345735,7.074086,48.4,51.52,52.23,52.14,56.27,58.73,57.27,2020-09-25,-
2022-03-11,3009,中天火箭,航天航空,45.5,46.61,44.4,46.49,44.4,1068300,49012525.0,2.4273,1.277,4.8,否,0.69,-3.065,-11.967,-16.007,-7.703,否,155392313,44012198,7272360248.4,2059770866.4,59.437596,5.413989,7.164406,47.33,50.64,52.0,51.95,55.96,58.56,57.23,2020-09-25,-
2022-03-14,3009,中天火箭,航天航空,46.04,47.87,45.88,46.34,45.88,1358874,64162328.0,3.0875,-0.321,4.29,否,0.89,1.179,-10.644,-16.02,-9.439,否,155392313,44012198,7249051401.45,2053169036.7,59.247091,5.396636,7.141443,46.5,49.75,51.72,51.74,55.61,58.41,57.19,2020-09-25,-
2022-03-15,3009,中天火箭,航天航空,45.68,46.12,44.02,44.02,44.02,1146900,52049908.0,2.6059,-5.016,4.54,否,0.75,-4.096,-12.797,-20.756,-14.607,否,155392313,44012198,6885433389.03,1950180493.38,56.275211,5.125937,6.783223,45.71,48.6,51.31,51.42,55.22,58.22,57.14,2020-09-25,-
2022-03-16,3009,中天火箭,航天航空,44.59,45.1,42.28,44.8,42.28,1463696,64590079.0,3.3257,1.783,6.41,否,1.07,-3.635,-6.589,-17.556,-15.087,否,155392313,44012198,7008193316.3,1984950129.8,57.278538,5.217327,6.904161,45.51,47.65,50.97,51.15,54.85,58.04,57.1,2020-09-25,-
2022-03-17,3009,中天火箭,航天航空,45.08,46.38,44.9,45.4,44.9,1325104,60975983.0,3.0108,1.33,3.3,否,1.06,-2.028,-0.873,-14.031,-13.441,否,155392313,44012198,7101428704.1,2011357448.6,58.040559,5.286737,6.996012,45.41,46.91,50.54,51.0,54.48,57.89,57.08,2020-09-25,-
2022-03-18,3009,中天火箭,航天航空,45.48,45.79,44.81,45.4,44.81,817500,37262345.0,1.8575,0.0,2.14,否,0.64,3.135,-1.089,-12.457,-11.328,否,155392313,44012198,7101428704.1,2011357448.6,58.040559,5.286737,6.996012,45.19,46.26,50.19,50.83,54.12,57.74,57.08,2020-09-25,-
2022-03-21,3009,中天火箭,航天航空,45.66,46.3,45.4,45.86,45.4,961500,44409272.0,2.1847,1.007,1.99,否,0.79,2.366,-1.355,-9.152,-11.416,否,155392313,44012198,7172909168.08,2031603059.68,58.624774,5.339951,7.066431,45.1,45.8,49.86,50.66,53.79,57.6,57.08,2020-09-25,-
2022-03-22,3009,中天火箭,航天航空,45.82,46.37,45.46,45.66,45.46,786550,36264642.54,1.7871,-0.433,1.99,否,0.69,0.573,-1.467,-4.796,-12.696,否,155392313,44012198,7141830705.48,2022800620.08,58.370768,5.316815,7.035814,45.42,45.57,49.48,50.46,53.54,57.48,57.08,2020-09-25,-
2022-03-23,3009,中天火箭,航天航空,45.8,46.99,45.29,46.11,45.29,1066140,49521008.53,2.4224,1.001,3.72,否,1.0,1.564,4.748,0.677,-10.778,否,155392313,44012198,7213311169.46,2043046231.16,58.954983,5.370029,7.106234,45.69,45.6,49.1,50.24,53.29,57.37,57.08,2020-09-25,-
2022-03-24,3009,中天火箭,航天航空,45.8,45.8,45.0,45.17,45.0,740824,33810053.08,1.6832,-2.047,1.72,否,0.75,-1.505,0.826,-1.59,-16.103,否,155392313,44012198,7065688472.11,2001234643.06,57.748451,5.26013,6.960802,45.64,45.53,48.52,50.0,53.04,57.25,57.08,2020-09-25,-
2022-03-25,3009,中天火箭,航天航空,45.36,46.19,44.91,44.94,44.91,862200,39558772.0,1.959,-0.506,2.84,否,0.99,-1.577,-1.013,-3.334,-14.286,否,155392313,44012198,7029948240.12,1991111837.52,57.456343,5.233522,6.925593,45.55,45.37,48.0,49.79,52.78,57.13,57.08,2020-09-25,-
2022-03-28,3009,中天火箭,航天航空,44.88,44.88,43.51,44.07,43.51,758500,33686630.0,1.7234,-1.945,3.05,否,0.86,-4.424,-2.93,-4.899,-15.913,否,155392313,44012198,6893203004.68,1952381103.28,56.338713,5.131721,6.790877,45.19,45.14,47.45,49.53,52.54,57.0,57.06,2020-09-25,-
2022-03-29,3009,中天火箭,航天航空,44.6,45.01,43.71,43.88,43.71,760500,33985357.0,1.728,-0.428,2.95,否,0.9,-2.856,-4.317,-0.318,-17.751,否,155392313,44012198,6863678465.21,1944018785.66,56.097407,5.109741,6.761791,44.83,45.13,46.86,49.25,52.27,56.9,57.05,2020-09-25,-
2022-03-30,3009,中天火箭,航天航空,43.84,44.49,43.66,44.4,43.66,780700,34658402.0,1.7739,1.2,1.9,否,0.93,-1.202,-2.76,-0.893,-17.349,否,155392313,44012198,6946036391.1,1967345250.6,56.770525,5.171053,6.842926,44.49,45.09,46.37,49.01,52.01,56.81,57.02,2020-09-25,-
2022-03-31,3009,中天火箭,航天航空,44.21,44.27,43.34,43.5,43.34,852400,37532157.0,1.9368,-2.036,2.08,否,1.09,-1.293,-5.66,-4.185,-23.253,否,155392313,44012198,6804629386.27,1927294150.42,55.614794,5.065781,6.703618,44.16,44.9,45.9,48.66,51.73,56.72,56.98,2020-09-25,-
2022-04-01,3009,中天火箭,航天航空,43.31,43.76,42.95,43.67,42.95,535500,23412061.0,1.2167,0.388,1.85,否,0.67,-0.479,-3.321,-3.811,-21.102,否,155392313,44012198,6831046079.48,1934776224.08,55.830699,5.085448,6.729643,43.9,44.73,45.49,48.37,51.45,56.64,56.96,2020-09-25,-
2022-04-06,3009,中天火箭,航天航空,43.46,43.66,43.01,43.37,43.01,518100,22592582.0,1.1772,-0.682,1.48,否,0.7,-2.32,-3.494,-5.43,-21.403,否,155392313,44012198,6784428385.58,1921572564.68,55.449689,5.050743,6.683717,43.76,44.48,45.14,48.07,51.15,56.54,56.93,2020-09-25,-
2022-04-07,3009,中天火箭,航天航空,43.12,43.98,42.15,42.18,42.15,837900,36207527.0,1.9038,-2.749,4.21,否,1.22,-3.034,-4.289,-7.622,-24.068,否,155392313,44012198,6597957609.98,1868757927.08,53.925648,4.911922,6.500015,43.42,44.13,44.85,47.7,50.84,56.41,56.89,2020-09-25,-
2022-04-08,3009,中天火箭,航天航空,42.32,42.57,40.58,41.2,40.58,855702,35526959.97,1.9443,-2.332,4.71,否,1.21,-5.656,-6.108,-10.648,-24.181,否,155392313,44012198,6444119220.11,1825185851.06,52.668314,4.797396,6.34846,42.78,43.64,44.62,47.28,50.55,56.3,56.85,2020-09-25,-
2022-04-11,3009,中天火箭,航天航空,40.7,40.73,39.06,39.22,39.06,894000,35681130.0,2.0313,-4.799,4.05,否,1.24,-9.569,-11.667,-13.172,-25.734,否,155392313,44012198,6134888517.24,1737601577.04,50.140947,4.567185,6.04382,41.93,43.04,44.28,46.7,50.22,56.16,56.81,2020-09-25,-
2022-04-12,3009,中天火箭,航天航空,38.93,40.38,38.89,40.23,38.89,783200,31336404.0,1.7795,2.584,3.8,否,1.08,-4.623,-7.517,-10.481,-22.426,否,155392313,44012198,6293388676.5,1782494019.0,51.436381,4.685183,6.199967,41.24,42.57,43.97,46.19,49.93,56.0,56.77,2020-09-25,-
2022-04-13,3009,中天火箭,航天航空,40.11,40.21,39.5,39.55,39.5,635325,25444760.75,1.4435,-1.704,1.78,否,0.82,-4.005,-9.434,-10.256,-21.652,否,155392313,44012198,6186167980.53,1752125602.38,50.560058,4.605361,6.094338,40.48,42.12,43.63,45.67,49.63,55.83,56.74,2020-09-25,-
2022-04-14,3009,中天火箭,航天航空,39.94,41.29,39.52,40.44,39.52,997600,40528664.02,2.2667,2.261,4.47,否,1.25,3.111,-6.756,-7.84,-15.68,否,155392313,44012198,6326021062.23,1791736580.58,51.703088,4.709476,6.232115,40.13,41.78,43.45,45.17,49.37,55.67,56.7,2020-09-25,-
2022-04-15,3009,中天火箭,航天航空,40.83,43.55,40.24,42.79,40.24,2746632,116593659.32,6.2407,5.797,8.18,否,3.3,6.363,1.446,-3.626,-6.572,否,155392313,44012198,6692746920.91,1895605367.86,54.700369,4.982489,6.593397,40.45,41.62,43.35,44.78,49.14,55.54,56.68,2020-09-25,-
2022-04-18,3009,中天火箭,航天航空,42.82,42.82,40.99,42.22,40.99,1834519,77185472.87,4.1683,-1.323,4.27,否,1.51,6.751,2.476,-2.943,-8.017,否,155392313,44012198,6604173302.5,1870518415.0,53.97645,4.91655,6.506138,41.05,41.49,43.19,44.43,48.91,55.4,56.63,2020-09-25,-
2022-04-19,3009,中天火箭,航天航空,41.58,42.4,41.39,41.78,41.39,1142473,47999714.13,2.5958,-1.035,2.38,否,0.82,3.314,6.527,-4.328,-10.131,否,155392313,44012198,6535800684.78,1851153047.88,53.417635,4.865649,6.43878,41.36,41.3,43.01,44.09,48.68,55.26,56.59,2020-09-25,-
2022-04-20,3009,中天火箭,航天航空,41.52,42.03,40.81,40.88,40.81,1007000,42073030.0,2.288,-2.164,2.92,否,0.68,-4.464,1.616,-5.741,-11.782,否,155392313,44012198,6394393679.95,1811101947.7,52.261904,4.760377,6.299472,41.62,41.05,42.76,43.77,48.41,55.13,56.54,2020-09-25,-
2022-04-21,3009,中天火箭,航天航空,40.76,41.43,38.84,38.99,38.84,1272100,51034699.0,2.8903,-4.617,6.34,否,0.82,-7.65,-1.416,-7.563,-11.427,否,155392313,44012198,6099148285.25,1727478771.5,49.848839,4.524974,6.00861,41.33,40.73,42.43,43.48,48.12,54.98,56.48,2020-09-25,-
2022-04-22,3009,中天火箭,航天航空,38.24,38.5,36.96,37.04,36.96,1507735,56964176.62,3.4257,-4.994,3.95,否,0.94,-11.345,-8.408,-10.097,-17.321,否,155392313,44012198,5794579351.77,1641214863.42,47.359572,4.299013,5.708562,40.18,40.31,41.98,43.18,47.8,54.81,56.41,2020-09-25,-
2022-04-25,3009,中天火箭,航天航空,36.46,36.46,33.59,33.63,33.59,1454800,50630789.09,3.3054,-9.225,7.75,否,1.08,-17.735,-21.407,-14.253,-25.925,否,155392313,44012198,5260029795.05,1489812902.3,42.990655,3.90243,5.181948,38.46,39.76,41.4,42.77,47.46,54.58,56.33,2020-09-25,-
2022-04-26,3009,中天火箭,航天航空,33.63,33.94,32.0,32.0,32.0,1067913,35500019.76,2.4264,-4.845,5.79,否,0.84,-17.928,-24.207,-20.457,-29.515,否,155392313,44012198,5005186401.73,1417632897.58,40.907799,3.713361,4.930887,36.51,38.93,40.75,42.29,47.12,54.36,56.23,2020-09-25,-
2022-04-27,3009,中天火箭,航天航空,31.99,33.67,30.98,33.34,30.98,1298451,42341395.8,2.9502,4.191,8.38,否,1.03,-9.989,-20.201,-15.702,-27.3,否,155392313,44012198,5214966024.28,1477049364.88,42.622345,3.868997,5.137553,35.0,38.31,40.22,41.86,46.8,54.14,56.14,2020-09-25,-
2022-04-28,3009,中天火箭,航天航空,32.9,34.1,32.68,32.84,32.68,1102951,36937003.49,2.506,-1.49,4.26,否,0.84,-2.349,-19.667,-18.793,-28.077,否,155392313,44012198,5137269867.78,1455043265.88,41.987328,3.811354,5.06101,33.77,37.55,39.66,41.49,46.45,53.89,56.05,2020-09-25,-
2022-04-29,3009,中天火箭,航天航空,33.11,34.62,33.04,34.45,33.04,1545500,53028908.0,3.5115,4.9,4.81,否,1.2,7.656,-11.644,-19.491,-25.287,否,155392313,44012198,5389005414.84,1526343026.64,48.133868,3.885308,5.333007,33.25,36.72,39.17,41.14,46.15,53.63,55.97,2020-09-25,-
2022-05-05,3009,中天火箭,航天航空,34.76,36.36,34.52,35.82,34.52,1373446,49331489.6,3.1206,3.979,5.33,否,1.06,7.439,-3.294,-15.159,-20.7,否,155392313,44012198,5603446806.78,1587079859.88,50.04923,4.039914,5.54522,33.69,36.08,38.78,40.82,45.91,53.41,55.89,2020-09-25,-
2022-05-06,3009,中天火箭,航天航空,35.07,37.09,34.77,36.3,34.77,1447500,52732459.8,3.2889,1.331,6.49,否,1.13,10.536,7.939,-13.116,-19.226,否,155392313,44012198,5678035117.02,1608205714.92,50.715443,4.09369,5.619033,34.55,35.53,38.41,40.52,45.68,53.19,55.82,2020-09-25,-
2022-05-09,3009,中天火箭,航天航空,36.26,37.57,35.94,37.12,35.94,1128100,41968145.0,2.5632,2.272,4.49,否,0.83,7.75,16.0,-9.198,-15.77,否,155392313,44012198,5807010736.81,1644735839.26,51.867435,4.186678,5.746669,35.31,35.15,38.1,40.23,45.44,52.99,55.75,2020-09-25,-
2022-05-10,3009,中天火箭,航天航空,37.27,39.42,37.21,38.27,37.21,1836057,70890765.89,4.1717,3.077,5.94,否,1.39,6.84,14.787,-1.847,-12.785,否,155392313,44012198,5985711896.76,1695349866.96,53.46357,4.315516,5.923513,36.39,35.08,37.91,39.98,45.22,52.79,55.68,2020-09-25,-
2022-05-11,3009,中天火箭,航天航空,37.84,39.17,37.38,37.42,37.38,1687702,64837436.27,3.8346,-2.207,4.67,否,1.15,3.085,13.946,1.026,-15.721,否,155392313,44012198,5853628430.71,1657939498.66,52.283818,4.220288,5.792802,36.99,35.12,37.72,39.69,44.96,52.57,55.61,2020-09-25,-
2022-05-12,3009,中天火箭,航天航空,37.25,38.22,37.02,38.03,37.02,1181613,44962134.67,2.6847,1.619,3.19,否,0.79,2.452,10.392,13.084,-12.575,否,155392313,44012198,5948417741.64,1684786939.44,53.130464,4.288628,5.886606,37.43,35.56,37.66,39.45,44.72,52.36,55.57,2020-09-25,-
2022-05-13,3009,中天火箭,航天航空,38.11,38.35,37.63,37.88,37.63,748700,28629063.0,1.7011,-0.392,1.88,否,0.51,-1.019,5.751,18.375,-13.259,否,155392313,44012198,5925108894.69,1678185109.74,52.922272,4.271823,5.86354,37.74,36.15,37.54,39.22,44.5,52.16,55.53,2020-09-25,-
2022-05-16,3009,中天火箭,航天航空,38.35,38.44,37.35,37.48,37.35,803400,30635653.0,1.8254,-1.049,2.88,否,0.61,0.16,3.251,12.418,-13.581,否,155392313,44012198,5862951969.49,1660580230.54,52.367095,4.22701,5.802029,37.82,36.56,37.44,39.0,44.26,51.93,55.48,2020-09-25,-
2022-05-17,3009,中天火箭,航天航空,37.49,37.57,36.71,37.3,36.71,727900,27236536.0,1.6539,-0.477,2.31,否,0.58,-1.92,0.485,13.581,-11.569,否,155392313,44012198,5834981353.15,1652658034.9,52.117265,4.206844,5.774349,37.62,37.01,37.28,38.78,44.01,51.7,55.43,2020-09-25,-
2022-05-18,3009,中天火箭,航天航空,37.74,39.17,37.31,38.52,37.31,1373704,53029719.92,3.1212,3.276,4.98,否,1.33,1.69,0.653,11.814,-6.505,否,155392313,44012198,6026113898.14,1706793038.44,53.824435,4.344644,5.963495,37.84,37.41,37.07,38.58,43.79,51.5,55.38,2020-09-25,-
2022-05-19,3009,中天火箭,航天航空,38.05,38.38,37.29,37.83,37.29,938300,35631425.0,2.1319,-1.805,2.84,否,0.97,0.934,1.096,5.611,-3.544,否,155392313,44012198,5917339279.04,1675984499.84,52.852875,4.266221,5.855851,37.8,37.62,36.85,38.39,43.53,51.3,55.34,2020-09-25,-
2022-05-20,3009,中天火箭,航天航空,37.94,38.36,37.62,37.97,37.62,837951,32050236.93,1.9039,0.368,1.97,否,0.91,1.796,-0.158,4.601,-5.618,否,155392313,44012198,5939094202.86,1682146207.56,53.047187,4.281906,5.87738,37.82,37.78,36.66,38.2,43.29,51.08,55.3,2020-09-25,-
2022-05-23,3009,中天火箭,航天航空,38.24,38.51,37.86,38.44,37.86,846800,32577517.0,1.924,1.256,1.73,否,0.9,-0.208,1.478,3.556,-2.807,否,155392313,44012198,6013682513.1,1703272062.6,53.7134,4.335682,5.951193,38.01,37.91,36.53,38.04,43.05,50.86,55.25,2020-09-25,-
2022-05-24,3009,中天火箭,航天航空,38.44,39.49,36.58,36.58,36.58,1697900,65471252.0,3.8578,-4.858,7.57,否,1.8,-3.304,-2.401,-4.416,-9.545,否,155392313,44012198,5721544964.66,1620529130.36,51.104067,4.125059,5.662091,37.87,37.75,36.41,37.85,42.77,50.63,55.2,2020-09-25,-
2022-05-25,3009,中天火箭,航天航空,36.55,37.68,36.34,37.37,36.34,1116100,41799962.0,2.5359,2.173,3.67,否,0.98,-1.58,0.188,-0.134,-12.667,否,155392313,44012198,5845858815.06,1655738888.76,52.214421,4.214686,5.785113,37.64,37.74,36.43,37.72,42.5,50.41,55.15,2020-09-25,-
2022-05-26,3009,中天火箭,航天航空,37.36,41.11,37.1,41.11,37.1,1635880,65795854.49,3.7169,9.995,10.71,否,1.5,6.946,6.724,8.099,-2.629,是,155392313,44012198,6430133911.94,1821224753.24,57.433087,4.63593,6.363317,38.29,38.05,36.8,37.79,42.24,50.22,55.12,2020-09-25,-
2022-05-27,3009,中天火箭,航天航空,44.13,45.22,43.55,45.22,43.55,1969905,88574789.85,4.4758,10.005,4.06,否,1.61,23.619,19.535,19.377,8.234,是,155392313,44012198,7073458087.76,2003435252.96,63.179172,5.099747,6.999956,39.74,38.78,37.46,37.95,42.07,50.09,55.09,2020-09-25,-
2022-05-30,3009,中天火箭,航天航空,49.54,49.74,46.38,49.74,46.38,9211193,452082106.95,20.9287,9.996,7.43,否,6.34,33.101,30.998,32.711,21.673,是,155392313,44012198,7780493111.91,2203690753.86,69.494313,5.609498,7.699644,42.0,40.01,38.28,38.29,41.98,50.0,55.08,2020-09-25,-
2022-05-31,3009,中天火箭,航天航空,52.15,54.72,48.59,48.97,48.59,15330578,804758236.99,34.8326,-1.538,12.32,否,4.9,19.119,27.393,31.287,25.596,否,155392313,44012198,7660841030.9,2169801361.4,68.425597,5.523233,7.581235,44.48,41.18,39.09,38.58,41.87,49.89,55.07,2020-09-25,-
2022-06-01,3009,中天火箭,航天航空,44.77,50.11,44.77,47.05,44.77,9401792,446056674.69,21.3618,-3.935,10.89,否,1.61,4.047,28.622,22.144,27.025,否,155392313,44012198,7359379943.68,2084417697.28,65.732987,5.305888,7.282907,46.42,42.03,39.72,38.72,41.75,49.74,55.05,2020-09-25,-
2022-06-02,3009,中天火箭,航天航空,46.61,49.42,45.4,48.57,45.4,8815348,418018314.93,20.0293,3.231,8.55,否,1.17,-2.352,29.971,28.39,44.425,否,155392313,44012198,7597130182.57,2151756360.22,67.85654,5.477299,7.518186,47.91,43.1,40.36,38.93,41.68,49.61,55.04,2020-09-25,-
2022-06-06,3009,中天火箭,航天航空,48.18,48.18,46.28,47.68,46.28,6673343,316153366.21,15.1625,-1.82,3.91,否,0.75,-2.634,15.982,25.573,49.0,否,155392313,44012198,7458831024.0,2112585504.0,66.621271,5.37759,7.381324,48.4,44.07,40.93,39.13,41.61,49.48,55.03,2020-09-25,-
2022-06-07,3009,中天火箭,航天航空,47.48,49.57,46.39,49.08,46.39,7937293,388492693.91,18.0343,2.938,6.67,否,0.8,4.315,8.536,27.68,47.211,否,155392313,44012198,7677934185.33,2174642703.18,68.578271,5.535556,7.598151,48.27,45.14,41.53,39.4,41.59,49.35,55.02,2020-09-25,-
2022-06-08,3009,中天火箭,航天航空,47.94,47.98,45.39,45.89,45.39,7082684,331893724.33,16.0925,-6.497,5.28,否,0.74,-5.518,-7.74,25.451,39.738,否,155392313,44012198,7179124860.6,2033363547.6,64.122973,5.17593,7.104525,47.65,46.07,41.91,39.63,41.55,49.19,54.99,2020-09-25,-
2022-06-09,3009,中天火箭,航天航空,45.92,45.92,43.81,43.84,43.81,4431126,197632899.93,10.0679,-4.481,4.61,否,0.56,-8.054,-10.476,17.313,27.257,否,155392313,44012198,6857462772.69,1942258297.74,61.249931,4.944021,6.786205,47.01,46.72,42.23,39.86,41.52,49.04,54.96,2020-09-25,-
2022-06-10,3009,中天火箭,航天航空,44.31,45.75,44.26,44.97,44.26,4045475,183176936.25,9.1917,2.583,3.4,否,0.58,-8.374,-4.421,9.389,25.544,否,155392313,44012198,7034610009.51,1992432203.46,62.832186,5.071739,6.961512,46.29,47.1,42.57,40.24,41.51,48.89,54.92,2020-09-25,-
2022-06-13,3009,中天火箭,航天航空,44.7,46.31,44.7,45.08,44.7,4031004,184254323.62,9.1588,0.243,3.58,否,0.67,-1.765,-7.186,-0.31,24.187,否,155392313,44012198,7051703163.94,1997273545.24,62.98486,5.084063,6.978427,45.77,47.09,42.93,40.67,41.48,48.72,54.89,2020-09-25,-
2022-06-14,3009,中天火箭,航天航空,45.28,45.28,43.73,44.87,43.73,2717608,121527193.46,6.1747,-0.463,3.44,否,0.49,2.349,-5.893,-9.791,20.878,否,155392313,44012198,7019070778.21,1988030983.66,62.693392,5.060536,6.946134,44.93,46.6,43.3,41.06,41.46,48.53,54.86,2020-09-25,-
2022-06-15,3009,中天火箭,航天航空,44.72,45.81,44.21,44.72,44.21,3935623,178939476.31,8.9421,-0.332,3.56,否,0.88,-0.556,-8.883,-8.679,16.854,否,155392313,44012198,6995761931.26,1981429153.96,62.4852,5.043731,6.923067,44.7,46.18,43.68,41.45,41.47,48.35,54.83,2020-09-25,-
2022-06-16,3009,中天火箭,航天航空,44.21,49.17,44.16,47.89,44.16,7580789,356562136.97,17.2243,7.086,11.22,否,1.98,6.233,4.358,1.785,27.98,否,155392313,44012198,7491463409.73,2121828065.58,66.912739,5.401117,7.413618,45.51,46.26,44.14,41.9,41.52,48.18,54.81,2020-09-25,-
2022-06-17,3009,中天火箭,航天航空,47.45,49.05,46.45,46.58,46.45,6275206,300860394.86,14.2579,-2.738,5.43,否,1.41,3.811,6.25,-4.097,22.482,否,155392313,44012198,7286345556.57,2063731964.22,65.080654,5.253233,7.210631,45.83,46.06,44.58,42.26,41.54,48.01,54.8,2020-09-25,-
2022-06-20,3009,中天火箭,航天航空,46.37,47.05,45.46,46.87,45.46,4576338,212915496.66,10.3979,0.62,3.42,否,0.93,4.808,4.225,-1.699,23.733,否,155392313,44012198,7318977942.3,2072974525.8,65.372122,5.27676,7.242925,46.19,45.98,45.03,42.61,41.56,47.84,54.77,2020-09-25,-
2022-06-21,3009,中天火箭,航天航空,46.37,46.39,44.48,45.07,44.48,3673238,167964105.94,8.346,-3.843,4.08,否,0.73,-5.888,-0.022,-8.17,20.251,否,155392313,44012198,7037717855.77,1993312447.42,62.859945,5.07398,6.964587,46.23,45.58,45.36,42.88,41.55,47.67,54.72,2020-09-25,-
2022-06-22,3009,中天火箭,航天航空,44.83,45.33,43.78,43.91,43.78,2603954,116317034.58,5.9164,-2.561,3.42,否,0.5,-5.732,-2.14,-4.315,17.721,否,155392313,44012198,6857462772.69,1942258297.74,61.249931,4.944021,6.786205,46.06,45.38,45.72,43.06,41.52,47.53,54.68,2020-09-25,-
2022-06-23,3009,中天火箭,航天航空,43.84,45.57,43.63,45.21,43.63,3293411,148265907.02,7.483,2.946,4.4,否,0.67,-3.542,1.096,3.125,17.368,否,155392313,44012198,7059472779.59,1999474155.14,63.054257,5.089665,6.986116,45.53,45.52,46.12,43.32,41.51,47.4,54.63,2020-09-25,-
2022-06-24,3009,中天火箭,航天航空,45.81,46.27,44.78,45.26,44.78,3246800,148868727.0,7.377,0.11,3.3,否,0.79,0.422,-5.492,0.645,19.64,否,155392313,44012198,7067242395.24,2001674765.04,63.123654,5.095266,6.993805,45.26,45.55,46.32,43.57,41.51,47.27,54.58,2020-09-25,-
2022-06-27,3009,中天火箭,航天航空,45.38,47.35,44.78,46.4,44.78,4221569,195629346.06,9.5918,2.529,5.67,否,1.21,5.671,-0.386,2.928,22.202,否,155392313,44012198,7245943555.19,2052288792.74,64.719789,5.224104,7.170649,45.17,45.68,46.38,43.85,41.53,47.16,54.53,2020-09-25,-
2022-06-28,3009,中天火箭,航天航空,46.22,48.16,45.94,47.1,45.94,4987095,236944871.0,11.3312,1.501,4.78,否,1.46,4.18,0.491,4.97,22.529,否,155392313,44012198,7354718174.29,2083097331.34,65.691349,5.302527,7.278293,45.58,45.9,46.25,44.17,41.58,47.06,54.48,2020-09-25,-
2022-06-29,3009,中天火箭,航天航空,46.8,46.85,44.88,44.97,44.88,3454200,158705716.0,7.8483,-4.521,4.18,否,0.94,-0.641,-0.222,0.559,22.936,否,155392313,44012198,7022178624.47,1988911227.62,62.721151,5.062777,6.949209,45.79,45.93,46.05,44.43,41.6,46.94,54.44,2020-09-25,-
2022-06-30,3009,中天火箭,航天航空,45.28,46.56,44.67,46.56,44.67,2885100,132620948.0,6.5552,3.541,4.2,否,0.75,0.345,6.035,-2.777,24.592,否,155392313,44012667,7270806325.27,2059352688.93,64.94186,5.24203,7.195254,46.06,45.79,46.03,44.69,41.64,46.83,54.4,2020-09-25,-
2022-07-01,3009,中天火箭,航天航空,46.94,48.13,45.82,46.42,45.82,3314646,156193157.34,7.5312,-0.299,4.96,否,0.88,-1.444,2.676,-0.343,12.917,否,155392313,44012667,7249051401.45,2053190915.55,64.747548,5.226345,7.173725,46.29,45.78,45.92,44.98,41.69,46.71,54.35,2020-09-25,-
2022-07-04,3009,中天火箭,航天航空,45.54,48.64,45.52,47.76,45.52,4639694,222834998.29,10.5418,2.894,6.73,否,1.23,6.204,5.524,1.899,5.617,否,155392313,44012667,7458831024.0,2112608016.0,66.621271,5.37759,7.381324,46.56,45.87,45.92,45.31,41.75,46.6,54.31,2020-09-25,-
2022-07-05,3009,中天火箭,航天航空,47.74,47.74,46.43,47.42,46.43,2965792,140165123.75,6.7386,-0.729,2.75,否,0.77,1.847,2.198,5.214,-4.664,否,155392313,44012667,7404443714.45,2097203582.55,66.135491,5.338378,7.327502,46.63,46.1,45.84,45.61,41.82,46.49,54.27,2020-09-25,-
2022-07-06,3009,中天火箭,航天航空,46.82,47.96,46.77,47.13,46.77,2355000,112002243.0,5.3508,-0.609,2.52,否,0.68,1.53,0.064,7.333,-3.757,否,155392313,44012667,7359379943.68,2084439909.12,65.732987,5.305888,7.282907,47.06,46.42,45.9,45.96,41.9,46.37,54.24,2020-09-25,-
2022-07-07,3009,中天火箭,航天航空,47.8,50.43,47.37,49.11,47.37,5474653,267691915.34,12.4389,4.202,6.5,否,1.69,2.827,9.206,8.626,4.378,否,155392313,44012667,7668610646.55,2172025116.45,68.494994,5.528834,7.588924,47.57,46.81,46.17,46.35,42.04,46.29,54.21,2020-09-25,-
2022-07-08,3009,中天火箭,航天航空,48.86,49.05,47.64,47.97,47.64,3281353,158627906.41,7.4556,-2.31,2.88,否,0.88,1.16,3.028,5.988,-1.235,否,155392313,44012667,7491463409.73,2121850676.07,66.912739,5.401117,7.413618,47.88,47.08,46.32,46.58,42.18,46.2,54.18,2020-09-25,-
2022-07-11,3009,中天火箭,航天航空,48.0,48.01,45.78,46.1,45.78,2356104,109729868.24,5.3533,-3.9,4.65,否,0.63,-2.185,-0.689,-0.647,-3.314,否,155392313,44012667,7199325861.29,2039106862.11,64.303406,5.190494,7.124516,47.55,47.05,46.37,46.61,42.28,46.1,54.13,2020-09-25,-
2022-07-12,3009,中天火箭,航天航空,45.8,46.65,44.48,44.5,44.48,2192300,100075048.0,4.9811,-3.475,4.71,否,0.67,-9.387,-6.826,-5.52,-9.332,否,155392313,44012667,6949144237.36,1968246468.24,62.068817,5.010121,6.876934,46.96,46.79,46.35,46.43,42.36,46.0,54.08,2020-09-25,-
2022-07-13,3009,中天火箭,航天航空,44.76,45.57,44.4,45.44,44.4,1440700,65150495.0,3.2734,2.102,2.62,否,0.46,-5.274,-4.175,1.045,-0.981,否,155392313,44012667,7095213011.58,2009618375.22,63.373484,5.115432,7.021485,46.62,46.84,46.38,46.31,42.45,45.91,54.05,2020-09-25,-
2022-07-14,3009,中天火箭,航天航空,45.55,46.07,45.1,45.79,45.1,1576951,72389525.41,3.583,0.788,2.15,否,0.53,-0.672,-2.843,-1.654,4.448,否,155392313,44012667,7151154244.26,2025462935.34,63.873144,5.155764,7.076845,45.96,46.76,46.28,46.27,42.5,45.82,54.02,2020-09-25,-
2022-07-15,3009,中天火箭,航天航空,45.2,45.89,44.93,44.97,44.93,1470700,67005696.0,3.3416,-1.804,2.11,否,0.68,1.056,-8.43,-3.124,0.0,否,155392313,44012667,7022178624.47,1988932421.73,62.721151,5.062777,6.949209,45.36,46.62,46.2,46.15,42.54,45.73,53.99,2020-09-25,-
2022-07-18,3009,中天火箭,航天航空,44.96,45.97,44.67,45.97,44.67,1667300,76098674.0,3.7883,2.235,2.9,否,0.92,1.166,-4.169,-3.748,1.974,否,155392313,44012667,7179124860.6,2033385215.4,64.122973,5.17593,7.104525,45.33,46.44,46.15,46.1,42.61,45.64,53.97,2020-09-25,-
2022-07-19,3009,中天火箭,航天航空,45.95,47.33,45.77,47.02,45.77,2302600,108120594.0,5.2317,2.273,3.38,否,1.38,2.686,1.996,-0.844,4.792,否,155392313,44012667,7342286789.25,2079598515.75,65.580314,5.293565,7.265991,45.84,46.4,46.25,46.03,42.71,45.56,53.94,2020-09-25,-
2022-07-20,3009,中天火箭,航天航空,47.63,49.8,46.81,49.06,46.81,5347951,260954417.33,12.1511,4.339,6.37,否,3.16,9.095,10.247,4.095,9.705,否,155392313,44012667,7660841030.9,2169824483.1,68.425597,5.523233,7.581235,46.56,46.59,46.51,46.13,42.88,45.5,53.93,2020-09-25,-
2022-07-21,3009,中天火箭,航天航空,48.42,48.64,47.37,47.47,47.37,3743451,179687959.23,8.5055,-3.245,2.6,否,1.51,3.263,4.467,-3.339,-0.877,否,155392313,44012667,7412213330.1,2099404215.9,66.204888,5.34398,7.335191,46.9,46.43,46.62,46.25,43.06,45.43,53.9,2020-09-25,-
2022-07-22,3009,中天火箭,航天航空,48.26,48.26,46.08,47.23,46.08,2592900,122558281.0,5.8913,-0.503,4.59,否,0.89,0.447,3.145,-1.543,1.395,否,155392313,44012667,7374919174.98,2088841175.82,65.871782,5.317092,7.298285,47.35,46.36,46.72,46.33,43.28,45.37,53.88,2020-09-25,-
2022-07-25,3009,中天火箭,航天航空,47.75,47.96,46.35,46.44,46.35,1622300,76683897.0,3.686,-1.665,3.41,否,0.52,-5.34,3.269,0.738,-0.917,否,155392313,44012667,7252159247.71,2054071168.89,64.775307,5.228586,7.1768,47.44,46.39,46.72,46.37,43.52,45.32,53.85,2020-09-25,-
2022-07-26,3009,中天火箭,航天航空,46.43,46.97,45.69,46.63,45.69,1512100,70560578.0,3.4356,0.407,2.74,否,0.48,-1.77,1.436,4.787,3.461,否,155392313,44012667,7281683787.18,2062433575.62,65.039016,5.249872,7.206018,47.37,46.6,46.7,46.43,43.74,45.27,53.83,2020-09-25,-
2022-07-27,3009,中天火箭,航天航空,46.95,48.26,46.69,48.11,46.69,3281719,157068642.46,7.4564,3.18,3.37,否,1.11,1.863,2.318,5.876,9.565,否,155392313,44012667,7513218333.55,2128012449.45,67.107051,5.416801,7.435147,47.18,46.87,46.86,46.55,44.0,45.22,53.82,2020-09-25,-
2022-07-28,3009,中天火箭,航天航空,48.02,48.94,47.46,48.73,47.46,3144970,152905593.74,7.1457,1.282,3.08,否,1.23,4.931,-0.673,6.421,7.786,否,155392313,44012667,7609561567.61,2155300302.99,67.967576,5.486262,7.530489,47.43,47.16,46.96,46.57,44.24,45.19,53.81,2020-09-25,-
2022-07-29,3009,中天火箭,航天航空,48.26,50.55,48.23,49.01,48.23,5241970,259291660.37,11.9103,0.572,4.76,否,2.16,5.104,3.244,8.984,8.285,否,155392313,44012667,7653071415.25,2167623849.75,68.3562,5.517631,7.573546,47.78,47.57,47.09,46.65,44.46,45.18,53.79,2020-09-25,-
2022-08-01,3009,中天火箭,航天航空,49.79,50.23,47.56,47.9,47.56,3743270,182595223.23,8.5051,-2.254,5.46,否,1.26,-0.436,1.419,4.198,3.233,否,155392313,44012667,7480585947.82,2118769789.38,66.815583,5.393274,7.402853,48.08,47.76,47.1,46.69,44.65,45.16,53.77,2020-09-25,-
2022-08-02,3009,中天火箭,航天航空,49.36,52.69,48.96,52.69,48.96,11565432,591221495.08,26.2778,9.992,7.79,否,3.42,8.126,13.458,12.059,11.868,是,155392313,44012667,8228022973.35,2330470717.65,73.49159,5.932154,8.142523,49.29,48.33,47.36,46.94,44.91,45.18,53.77,2020-09-25,-
2022-08-03,3009,中天火箭,航天航空,53.74,57.96,50.25,57.96,50.25,13705830,770374664.21,31.141,10.009,14.64,否,2.54,18.262,24.298,18.141,28.886,是,155392313,44012667,9051602232.25,2563737852.75,80.847688,6.525929,8.957545,51.26,49.22,47.91,47.41,45.24,45.23,53.79,2020-09-25,-
2022-08-04,3009,中天火箭,航天航空,59.11,59.27,54.09,54.55,54.09,13354625,757483386.92,30.343,-5.888,8.93,否,1.79,13.883,13.386,14.915,17.161,否,155392313,44012667,8518606598.66,2412774404.94,76.087043,6.141655,8.430088,52.42,49.93,48.18,47.72,45.52,45.24,53.78,2020-09-25,-
2022-08-05,3009,中天火箭,航天航空,54.27,54.41,51.26,52.28,51.26,9144326,483511616.73,20.7768,-4.159,5.78,否,0.96,-0.778,7.285,10.692,12.624,否,155392313,44012667,8164312125.02,2312425524.18,72.922533,5.88622,8.079475,53.08,50.43,48.39,47.96,45.76,45.24,53.76,2020-09-25,-
2022-08-08,3009,中天火箭,航天航空,51.77,54.82,51.25,53.18,51.25,7939926,425562045.93,18.0403,1.713,6.83,否,0.77,-8.247,8.508,14.513,11.348,否,155392313,44012667,8304165206.72,2352036924.48,74.171682,5.98705,8.217875,54.13,51.1,48.75,48.18,46.02,45.26,53.74,2020-09-25,-
2022-08-09,3009,中天火箭,航天航空,52.17,54.31,51.36,53.87,51.36,7298823,388911130.94,16.5836,1.31,5.56,否,0.66,-1.247,12.463,15.526,13.602,否,155392313,44012667,8412939825.82,2382845791.38,75.143242,6.065473,8.325519,54.37,51.83,49.22,48.41,46.29,45.28,53.73,2020-09-25,-
2022-08-10,3009,中天火箭,航天航空,53.49,54.72,52.52,53.1,52.52,5804077,312239998.75,13.1874,-1.441,4.08,否,0.56,1.568,0.778,10.372,12.667,否,155392313,44012667,8291733821.68,2348515911.12,74.060646,5.978087,8.205572,53.4,52.33,49.6,48.68,46.55,45.28,53.7,2020-09-25,-
2022-08-11,3009,中天火箭,航天航空,52.84,52.84,51.63,51.79,51.63,5259249,275198964.58,11.9495,-2.455,2.29,否,0.6,-2.614,-10.645,6.279,5.457,否,155392313,44012667,8088169891.65,2290859317.35,72.242441,5.831324,8.004124,52.84,52.63,49.9,48.85,46.77,45.28,53.66,2020-09-25,-
2022-08-12,3009,中天火箭,航天航空,51.8,52.04,50.46,50.7,50.46,3935913,201358955.89,8.9428,-2.113,3.05,否,0.56,-5.885,-7.058,3.448,5.691,否,155392313,44012667,7917238347.35,2242445383.65,70.715703,5.708087,7.834968,52.53,52.8,50.18,49.0,46.99,45.26,53.62,2020-09-25,-
2022-08-15,3009,中天火箭,航天航空,50.96,51.72,50.76,51.72,50.76,3738464,192822743.59,8.4942,2.002,1.88,否,0.62,-2.599,-1.071,7.975,12.191,否,155392313,44012667,8075738506.61,2287338303.99,72.131405,5.822361,7.991821,52.24,53.18,50.47,49.13,47.22,45.25,53.6,2020-09-25,-
2022-08-16,3009,中天火箭,航天航空,51.72,52.73,51.0,52.73,51.0,4646008,243002125.41,10.5562,1.963,3.35,否,0.89,1.815,-0.846,0.076,18.494,否,155392313,44012667,8234238665.87,2332231224.33,73.547107,5.936635,8.148675,52.01,53.19,50.76,49.31,47.46,45.25,53.57,2020-09-25,-
2022-08-17,3009,中天火箭,航天航空,52.54,53.62,51.84,53.36,51.84,4444637,236047608.75,10.0986,1.189,3.36,否,0.95,5.247,-0.947,-7.937,17.43,否,155392313,44012667,8332135823.06,2359959204.54,74.421511,6.007216,8.245554,52.06,52.73,50.97,49.51,47.73,45.25,53.53,2020-09-25,-
2022-08-18,3009,中天火箭,航天航空,53.74,54.65,52.95,53.02,52.95,5888099,317950935.2,13.3783,-0.634,3.19,否,1.34,2.514,-0.151,-2.805,15.789,否,155392313,44012667,8279302436.64,2344994897.76,73.949611,5.969124,8.19327,52.31,52.58,51.25,49.64,48.0,45.25,53.48,2020-09-25,-
2022-08-19,3009,中天火箭,航天航空,52.76,52.76,51.06,51.96,51.06,4542248,236230388.68,10.3204,-1.99,3.21,否,1.0,-1.46,0.328,-0.612,15.544,否,155392313,44012667,8114586584.86,2298341470.74,72.478391,5.850369,8.030266,52.56,52.54,51.49,49.78,48.18,45.21,53.42,2020-09-25,-
2022-08-22,3009,中天火箭,航天航空,50.24,51.13,50.15,50.85,50.15,2438425,124335913.08,5.5403,-2.145,1.88,否,0.52,-4.704,0.296,-4.381,10.616,否,155392313,44012667,7940547194.3,2249047283.7,70.923895,5.724892,7.858035,52.38,52.31,51.71,49.93,48.27,45.17,53.32,2020-09-25,-
2022-08-23,3009,中天火箭,航天航空,50.55,50.73,48.85,49.06,48.85,3340160,165674644.89,7.5892,-3.523,3.7,否,0.76,-7.469,-5.143,-8.929,4.339,否,155392313,44012667,7660841030.9,2169824483.1,68.425597,5.523233,7.581235,51.65,51.83,51.83,50.09,48.26,45.12,53.23,2020-09-25,-
2022-08-24,3009,中天火箭,航天航空,49.68,49.97,47.92,48.02,47.92,2785831,137045230.62,6.3297,-2.11,4.18,否,0.67,-7.583,-8.932,-9.567,-2.12,否,155392313,44012667,7499233025.38,2124051309.42,66.982136,5.406718,7.421307,50.58,51.32,51.82,50.17,48.24,45.06,53.13,2020-09-25,-
2022-08-25,3009,中天火箭,航天航空,48.12,48.44,45.67,46.08,45.67,2861551,133318271.91,6.5017,-4.041,5.76,否,0.75,-9.381,-13.643,-11.025,-2.928,否,155392313,44012667,7196218015.03,2038226608.77,64.275647,5.188254,7.12144,49.19,50.75,51.69,50.18,48.23,44.99,53.04,2020-09-25,-
2022-08-26,3009,中天火箭,航天航空,46.27,46.41,45.5,45.84,45.5,1730974,79837031.16,3.9329,-0.518,1.99,否,0.54,-6.563,-13.542,-9.586,-2.943,否,155392313,44012667,7158923859.91,2027663568.69,63.942541,5.161366,7.084534,47.97,50.26,51.53,50.21,48.18,44.93,52.95,2020-09-25,-
2022-08-29,3009,中天火箭,航天航空,45.55,46.21,44.83,46.06,44.83,1367451,63042028.22,3.107,0.478,3.02,否,0.52,-4.082,-11.355,-10.944,-0.818,否,155392313,44012667,7193110168.77,2037346355.43,64.247888,5.186013,7.118365,47.01,49.7,51.44,50.21,48.15,44.88,52.87,2020-09-25,-
2022-08-30,3009,中天火箭,航天航空,45.96,46.08,45.1,45.46,45.1,1227823,56152458.5,2.7897,-1.318,2.14,否,0.51,-1.345,-10.6,-13.787,-2.509,否,155392313,44012667,7098320857.84,2010498628.56,63.401243,5.117673,7.02456,46.29,48.97,51.08,50.16,48.09,44.84,52.8,2020-09-25,-
2022-08-31,3009,中天火箭,航天航空,45.58,45.92,43.55,43.56,43.55,1809800,80706614.1,4.112,-4.181,5.23,否,0.91,-4.974,-11.211,-18.366,-9.457,否,155392313,44012667,6801521540.01,1926434434.59,58.317616,4.783118,6.322655,45.4,47.99,50.36,49.98,48.06,44.8,52.71,2020-09-25,-
2022-09-01,3009,中天火箭,航天航空,43.72,44.32,43.29,43.71,43.29,1346542,59219459.78,3.0594,0.366,2.38,否,0.75,-5.102,-8.975,-17.559,-10.302,否,155392313,44012667,6826384310.09,1933476461.31,58.530795,4.800602,6.345768,44.93,47.06,49.82,49.85,48.05,44.79,52.62,2020-09-25,-
2022-09-02,3009,中天火箭,航天航空,43.89,44.73,43.39,44.5,43.39,1451700,64507628.0,3.2984,1.798,3.07,否,0.97,-2.112,-3.429,-14.357,-9.202,否,155392313,44012667,6949144237.36,1968246468.24,59.583363,4.886932,6.459884,44.66,46.31,49.43,49.76,48.05,44.78,52.53,2020-09-25,-
2022-09-05,3009,中天火箭,航天航空,44.29,44.97,43.79,44.63,43.79,1206351,53976288.8,2.7409,0.291,2.64,否,0.84,2.456,-2.64,-12.232,-6.827,否,155392313,44012667,6969345238.05,1973968114.95,59.756571,4.901139,6.478663,44.37,45.69,49.0,49.7,48.04,44.76,52.44,2020-09-25,-
2022-09-06,3009,中天火箭,航天航空,44.72,45.65,44.33,45.35,44.33,1579174,71711164.1,3.588,1.605,2.97,否,1.12,3.752,-1.541,-7.562,-13.931,否,155392313,44012667,7081227703.41,2005657235.19,60.715873,4.979819,6.582669,44.35,45.32,48.58,49.66,48.05,44.75,52.33,2020-09-25,-
2022-09-07,3009,中天火箭,航天航空,45.18,45.6,44.83,45.35,44.83,1352000,61491836.49,3.0718,0.0,1.69,否,0.91,1.91,-0.242,-5.56,-21.756,否,155392313,44012667,7081227703.41,2005657235.19,60.715873,4.979819,6.582669,44.71,45.05,48.19,49.57,48.06,44.76,52.22,2020-09-25,-
2022-09-08,3009,中天火箭,航天航空,45.38,46.59,45.18,46.08,45.18,2101251,96873658.81,4.7742,1.624,3.12,否,1.51,3.249,5.785,0.0,-15.527,否,155392313,44012667,7196218015.03,2038226608.77,61.701824,5.060685,6.689563,45.18,45.05,47.9,49.48,48.03,44.77,52.09,2020-09-25,-
2022-09-09,3009,中天火箭,航天航空,46.08,46.15,44.78,45.48,44.78,1546700,70443717.0,3.5142,-1.317,2.98,否,1.01,0.287,4.049,-0.785,-13.007,否,155392313,44012667,7101428704.1,2011378881.9,60.889081,4.994025,6.601447,45.38,45.02,47.64,49.36,48.01,44.77,51.96,2020-09-25,-
2022-09-13,3009,中天火箭,航天航空,45.45,46.03,45.3,45.75,45.3,1138500,52297156.0,2.5868,0.613,1.62,否,0.73,0.882,2.809,-0.673,-13.971,否,155392313,44012667,7144938551.74,2023702428.66,61.262143,5.024623,6.641894,45.6,44.99,47.34,49.29,47.99,44.78,51.85,2020-09-25,-
2022-09-14,3009,中天火箭,航天航空,44.86,46.05,44.74,45.69,44.74,1502579,68747979.87,3.414,-0.131,2.87,否,0.97,-0.846,2.375,0.506,-15.185,否,155392313,44012667,7135615012.96,2021061668.64,61.182201,5.018066,6.633227,45.67,45.01,46.99,49.06,48.0,44.78,51.76,2020-09-25,-
2022-09-15,3009,中天火箭,航天航空,45.59,45.77,43.78,44.1,43.78,1663323,74558302.79,3.7792,-3.484,4.36,否,1.09,-3.034,-2.756,1.24,-16.949,否,155392313,44012667,6886987312.16,1950641401.44,59.050417,4.843221,6.402104,45.42,45.06,46.53,48.59,48.0,44.76,51.65,2020-09-25,-
2022-09-16,3009,中天火箭,航天航空,44.07,45.18,43.92,43.98,43.92,1618004,72538051.0,3.6762,-0.271,2.84,否,1.02,-3.869,-3.021,0.618,-15.08,否,155392313,44012667,6868340234.6,1945359881.4,58.890533,4.830108,6.38477,45.0,45.09,46.08,48.24,47.98,44.74,51.56,2020-09-25,-
2022-09-19,3009,中天火箭,航天航空,44.22,45.06,41.55,42.05,41.55,2074000,89746548.01,4.7123,-4.389,7.99,否,1.39,-7.967,-8.746,-5.506,-17.061,否,155392313,44012667,6566879147.38,1859975307.42,56.305745,4.618107,6.104533,44.31,44.85,45.58,47.9,47.93,44.72,51.47,2020-09-25,-
2022-09-20,3009,中天火箭,航天航空,42.21,43.2,41.89,42.46,41.89,1368900,58482152.0,3.1102,0.97,3.1,否,0.86,-3.719,-6.64,-4.862,-17.904,否,155392313,44012667,6630589995.71,1878020500.89,56.852015,4.662912,6.163758,43.66,44.63,45.16,47.54,47.86,44.7,51.38,2020-09-25,-
2022-09-21,3009,中天火箭,航天航空,42.25,42.88,41.33,42.77,41.33,1215523,51396818.36,2.7618,0.727,3.66,否,0.74,-2.751,-6.514,-5.689,-18.889,否,155392313,44012667,6678761612.74,1891664427.66,57.265048,4.696788,6.208538,43.07,44.37,44.85,47.17,47.79,44.69,51.29,2020-09-25,-
2022-09-22,3009,中天火箭,航天航空,42.57,45.17,42.19,45.07,42.19,2918452,129571927.2,6.6309,5.375,6.96,否,1.84,7.182,-1.357,-0.617,-15.536,否,155392313,44012667,7037717855.77,1993333688.43,60.342811,4.949221,6.542222,43.27,44.34,44.7,46.91,47.79,44.7,51.2,2020-09-25,-
2022-09-23,3009,中天火箭,航天航空,44.78,45.66,43.18,43.88,43.18,2130724,94577824.44,4.8412,-2.628,5.52,否,1.16,3.344,-0.499,-4.774,-17.239,否,155392313,44012667,6852801003.3,1940958614.7,58.757297,4.81918,6.370324,43.25,44.12,44.59,46.64,47.75,44.69,51.12,2020-09-25,-
2022-09-26,3009,中天火箭,航天航空,43.15,43.51,41.39,41.79,41.39,1549401,65651068.93,3.5204,-4.762,4.83,否,0.8,-2.291,-4.98,-8.113,-19.573,否,155392313,44012667,6526477146.0,1848532014.0,55.95933,4.589695,6.066976,43.19,43.75,44.39,46.35,47.67,44.68,51.03,2020-09-25,-
2022-09-27,3009,中天火箭,航天航空,41.59,42.5,41.55,42.15,41.55,1063699,44816702.83,2.4168,0.857,2.29,否,0.58,-6.479,0.238,-7.869,-17.109,否,155392313,44012667,6582418378.68,1864376574.12,56.438982,4.629035,6.118978,43.13,43.39,44.19,46.03,47.58,44.67,50.94,2020-09-25,-
2022-09-28,3009,中天火箭,航天航空,41.94,42.38,39.9,39.9,39.9,1807175,74293757.48,4.106,-5.335,5.88,否,1.02,-9.07,-6.029,-12.672,-18.671,否,155392313,44012667,6231231751.3,1764907946.7,53.427837,4.382066,5.792517,42.56,42.82,43.91,45.6,47.45,44.64,50.85,2020-09-25,-
2022-09-29,3009,中天火箭,航天航空,40.34,40.83,39.53,40.04,39.53,1103842,44581086.52,2.508,0.349,3.27,否,0.58,-4.188,-6.383,-9.206,-16.618,否,155392313,44012667,6252986675.12,1771069720.08,53.614368,4.397365,5.81274,41.55,42.41,43.74,45.15,47.33,44.62,50.77,2020-09-25,-
2022-09-30,3009,中天火箭,航天航空,40.13,40.16,38.81,39.13,38.81,901000,35661985.0,2.0471,-2.286,3.38,否,0.59,-7.165,-13.179,-11.028,-15.082,否,155392313,44012667,6110025747.16,1730578066.44,52.388592,4.296829,5.679845,40.6,41.92,43.51,44.69,47.17,44.6,50.69,2020-09-25,-
2022-10-10,3009,中天火箭,航天航空,39.13,39.49,37.77,38.12,37.77,948400,36612061.0,2.1548,-2.569,4.37,否,0.74,-4.461,-13.127,-9.346,-16.841,否,155392313,44012667,5953079511.03,1686125272.77,51.042903,4.186457,5.533948,39.87,41.53,43.19,44.23,47.0,44.59,50.61,2020-09-25,-
2022-10-11,3009,中天火箭,航天航空,39.01,39.09,37.81,38.47,37.81,722850,27739021.34,1.6424,0.914,3.34,否,0.62,-3.921,-7.944,-9.397,-16.479,否,155392313,44012667,6007466820.58,1701529706.22,51.509231,4.224705,5.584507,39.13,41.13,42.88,43.82,46.88,44.58,50.52,2020-09-25,-
2022-10-12,3009,中天火箭,航天航空,38.72,39.24,37.21,39.1,37.21,1296902,49688649.1,2.9467,1.63,5.28,否,1.18,-0.077,-7.236,-8.581,-13.99,否,155392313,44012667,6105363977.77,1729257686.43,52.348621,4.29355,5.675511,38.97,40.77,42.57,43.49,46.79,44.57,50.44,2020-09-25,-
2022-10-13,3009,中天火箭,航天航空,38.81,39.85,38.62,39.4,38.62,1184050,46815772.5,2.6902,0.764,3.16,否,1.19,3.358,-1.253,-12.58,-9.55,否,155392313,44012667,6151981671.67,1742461486.53,52.748331,4.326334,5.718847,38.84,40.2,42.27,43.2,46.69,44.57,50.37,2020-09-25,-
2022-10-14,3009,中天火箭,航天航空,39.58,40.59,39.32,40.48,39.32,1481018,59571039.85,3.365,2.753,3.23,否,1.47,5.225,1.099,-7.748,-7.39,否,155392313,44012667,6321359292.84,1790435293.56,54.200609,4.445447,5.876299,39.11,39.86,41.99,43.01,46.6,44.55,50.31,2020-09-25,-
2022-10-17,3009,中天火箭,航天航空,40.48,42.75,40.17,42.33,40.17,2653051,111634077.0,6.0279,4.572,6.37,否,2.35,8.261,8.178,1.292,-4.876,否,155392313,44012667,6610388995.02,1872298854.18,56.678807,4.648705,6.14498,39.96,39.91,41.83,42.89,46.55,44.55,50.27,2020-09-25,-
2022-10-18,3009,中天火箭,航天航空,41.79,41.96,40.98,41.48,40.98,1904500,79200646.0,4.3272,-2.022,2.33,否,1.3,5.279,8.814,-1.59,-7.058,否,155392313,44012667,6476751605.84,1834447960.56,55.532974,4.554726,6.020751,40.56,39.85,41.62,42.74,46.48,44.54,50.22,2020-09-25,-
2022-10-19,3009,中天火箭,航天航空,41.13,41.53,40.68,40.89,40.68,1172267,48414130.24,2.6635,-1.416,2.04,否,0.69,1.013,6.291,2.481,-9.835,否,155392313,44012667,6385070141.17,1808480487.03,54.746878,4.490252,5.935524,40.92,39.94,41.38,42.59,46.38,44.54,50.16,2020-09-25,-
2022-10-20,3009,中天火箭,航天航空,40.89,41.77,40.13,41.25,40.13,1355668,55907048.83,3.0802,0.876,4.02,否,0.81,-2.551,5.499,3.022,-9.041,否,155392313,44012667,6441011373.85,1824325047.15,55.22653,4.529592,5.987527,41.29,40.07,41.24,42.51,46.25,44.56,50.1,2020-09-25,-
2022-10-21,3009,中天火箭,航天航空,41.2,41.68,40.62,41.03,40.62,961200,39721863.47,2.1839,-0.531,2.58,否,0.56,-1.085,4.137,4.856,-10.959,否,155392313,44012667,6406825064.99,1814642260.41,54.933409,4.505551,5.955748,41.4,40.26,41.09,42.42,46.14,44.6,50.04,2020-09-25,-
2022-10-24,3009,中天火箭,航天航空,41.5,43.75,41.2,42.17,41.2,3115102,132489816.97,7.0777,2.789,6.23,否,1.94,3.13,4.175,10.624,-7.278,否,155392313,44012667,6585526224.94,1865256827.46,56.465629,4.631221,6.121867,41.36,40.66,41.1,42.35,46.05,44.67,49.99,2020-09-25,-
2022-10-25,3009,中天火箭,航天航空,41.74,42.6,41.06,41.73,41.06,2032651,85317197.88,4.6183,-1.038,3.66,否,1.19,1.164,-1.417,8.474,-8.787,否,155392313,44012667,6517153607.22,1845891253.98,55.879388,4.583138,6.058308,41.41,40.99,41.06,42.25,45.98,44.75,49.92,2020-09-25,-
2022-10-26,3009,中天火箭,航天航空,41.67,42.75,41.11,42.68,41.11,2067651,87712680.3,4.6979,2.265,3.93,否,1.2,4.021,2.893,9.156,-6.588,否,155392313,44012667,6664776304.57,1887703287.63,57.145135,4.686953,6.195538,41.77,41.34,41.05,42.16,45.91,44.83,49.85,2020-09-25,-
2022-10-27,3009,中天火箭,航天航空,42.19,42.47,41.69,41.93,41.69,2017400,85148492.0,4.5837,-1.749,1.82,否,1.06,-0.569,2.543,6.421,-4.921,否,155392313,44012667,6548232069.82,1854693787.38,58.929253,4.530264,5.776632,41.91,41.6,40.9,42.05,45.81,44.9,49.78,2020-09-25,-
2022-10-28,3009,中天火箭,航天航空,41.59,41.93,39.81,40.04,39.81,1742892,71396775.0,3.96,-4.509,5.05,否,0.85,-4.05,-2.933,-1.087,-8.959,否,155392313,44012667,6252986675.12,1771069720.08,56.272263,4.326005,5.516176,41.71,41.55,40.71,41.84,45.66,44.95,49.7,2020-09-25,-
2022-10-31,3009,中天火箭,航天航空,39.4,41.92,39.4,41.45,39.4,1824051,75561338.94,4.1444,3.504,6.31,否,0.83,-2.882,1.024,-2.079,-1.427,否,155392313,44012667,6472089836.45,1833127580.55,58.244029,4.477587,5.709462,41.57,41.47,40.69,41.71,45.54,45.0,49.63,2020-09-25,-
2022-11-01,3009,中天火箭,航天航空,41.87,42.25,41.46,42.19,41.46,1383200,58328717.0,3.1427,1.801,1.92,否,0.71,0.62,0.047,1.712,-0.636,否,155392313,44012667,6588634071.2,1866137080.8,59.292842,4.558216,5.812273,41.66,41.54,40.69,41.59,45.44,45.05,49.57,2020-09-25,-
2022-11-02,3009,中天火箭,航天航空,42.17,42.72,41.85,42.64,41.85,1553400,66200312.0,3.5294,1.061,2.05,否,0.86,6.494,2.181,4.28,-0.304,否,155392313,44012667,6658560612.05,1885942780.95,59.922129,4.606593,5.87396,41.65,41.71,40.83,41.49,45.27,45.09,49.51,2020-09-25,-
2022-11-03,3009,中天火箭,航天航空,42.32,43.43,41.9,43.29,41.9,2072851,89235761.79,4.7097,1.517,3.57,否,1.22,4.439,1.429,4.945,-3.949,否,155392313,44012667,6759565615.5,1914551014.5,60.831099,4.676471,5.963063,41.92,41.92,40.99,41.46,45.03,45.13,49.46,2020-09-25,-
2022-11-04,3009,中天火箭,航天航空,42.96,43.68,42.74,43.56,42.74,2044951,88996820.55,4.6463,0.621,2.18,否,1.19,3.247,3.887,6.166,-0.729,否,155392313,44012667,6801521540.01,1926434434.59,61.208672,4.705498,6.000075,42.63,42.17,41.21,41.45,44.85,45.18,49.4,2020-09-25,-
2022-11-07,3009,中天火箭,航天航空,43.61,44.06,43.09,43.32,43.09,1557600,67988467.0,3.539,-0.548,2.24,否,0.88,1.595,8.192,2.727,3.661,否,155392313,44012667,6764227384.89,1915871394.51,60.873052,4.679697,5.967175,43.0,42.28,41.47,41.49,44.7,45.23,49.33,2020-09-25,-
2022-11-08,3009,中天火箭,航天航空,43.48,43.78,42.95,43.19,42.95,1272351,55266169.91,2.8909,-0.299,1.93,否,0.74,-0.231,4.198,3.499,2.467,否,155392313,44012667,6744026384.2,1910149747.8,60.691258,4.665721,5.949355,43.2,42.43,41.71,41.52,44.53,45.27,49.27,2020-09-25,-
2022-11-09,3009,中天火箭,航天航空,43.52,43.71,42.79,42.88,42.79,1102200,47777740.96,2.5043,-0.714,2.14,否,0.65,-1.561,1.635,0.469,7.469,否,155392313,44012667,6695854767.17,1896505821.03,60.257749,4.632394,5.906859,43.25,42.45,41.9,41.52,44.35,45.32,49.2,2020-09-25,-
2022-11-10,3009,中天火箭,航天航空,42.84,42.84,41.57,41.86,41.57,1292200,54696985.0,2.936,-2.367,2.97,否,0.8,-3.37,-1.829,-0.167,4.545,否,155392313,44012667,6537354607.91,1851612900.69,58.831364,4.522739,5.767036,42.96,42.44,42.02,41.41,44.16,45.36,49.12,2020-09-25,-
2022-11-11,3009,中天火箭,航天航空,42.52,42.88,41.92,42.47,41.92,1361900,58176785.0,3.0943,1.45,2.28,否,0.94,-1.667,-1.894,6.069,8.536,否,155392313,44012667,6632143918.84,1878460627.56,59.684398,4.588317,5.850656,42.74,42.69,42.12,41.37,44.0,45.39,49.03,2020-09-25,-
2022-11-14,3009,中天火箭,航天航空,42.25,42.58,41.58,41.77,41.58,1095300,46256193.0,2.4886,-1.64,2.34,否,0.83,-2.589,-4.109,0.772,9.575,否,155392313,44012667,6523369299.74,1847651760.66,58.705507,4.513064,5.754699,42.43,42.72,42.09,41.36,43.86,45.42,48.94,2020-09-25,-
2022-11-15,3009,中天火箭,航天航空,41.43,42.66,41.31,42.64,41.31,1134400,48126329.0,2.5774,2.072,3.24,否,0.93,1.863,-1.57,1.067,10.84,否,155392313,44012667,6658560612.05,1885942780.95,59.922129,4.606593,5.87396,42.32,42.76,42.15,41.38,43.7,45.46,48.86,2020-09-25,-
2022-11-16,3009,中天火箭,航天航空,42.62,43.7,42.46,42.97,42.46,1566400,67840517.48,3.559,0.77,2.92,否,1.31,1.177,-0.509,0.774,9.898,否,155392313,44012667,6709840075.34,1900466961.06,60.383606,4.64207,5.919197,42.34,42.8,42.25,41.48,43.54,45.5,48.79,2020-09-25,-
2022-11-17,3009,中天火箭,航天航空,42.72,42.72,41.81,42.67,41.81,1172211,49701780.43,2.6633,-0.695,2.11,否,0.91,2.155,-0.49,-1.432,8.299,否,155392313,44012667,6663222381.44,1887263160.96,59.964081,4.609818,5.878072,42.5,42.73,42.32,41.57,43.36,45.55,48.71,2020-09-25,-
2022-11-18,3009,中天火箭,航天航空,42.59,43.09,41.89,41.99,41.89,1049500,44779235.0,2.3845,-1.586,2.8,否,0.83,-1.524,0.311,-3.604,3.73,否,155392313,44012667,6557555608.6,1857334547.4,59.013158,4.536715,5.784857,42.41,42.58,42.37,41.67,43.18,45.59,48.62,2020-09-25,-
2022-11-21,3009,中天火箭,航天航空,41.78,42.42,41.3,41.96,41.3,812600,34236971.0,1.8463,-0.071,2.68,否,0.68,-2.35,-1.201,-3.139,-0.874,否,155392313,44012667,6552893839.21,1856014167.39,58.971206,4.53349,5.780744,42.45,42.44,42.36,41.79,43.01,45.59,48.54,2020-09-25,-
2022-11-22,3009,中天火箭,航天航空,41.96,43.47,41.59,42.67,41.59,1738192,74323738.08,3.9493,1.684,4.46,否,1.52,0.0,2.155,-1.204,2.869,否,155392313,44012667,6663222381.44,1887263160.96,59.964081,4.609818,5.878072,42.45,42.39,42.41,41.93,42.88,45.57,48.46,2020-09-25,-
2022-11-23,3009,中天火箭,航天航空,43.19,46.94,42.65,46.24,42.65,7236274,331511918.06,16.4413,8.372,10.05,否,5.71,10.121,8.443,7.836,13.084,否,155392313,44012667,7221080785.11,2045268635.49,64.984395,4.995761,6.370196,43.11,42.72,42.59,42.17,42.83,45.54,48.39,2020-09-25,-
2022-11-24,3009,中天火箭,航天航空,44.79,45.24,43.46,44.03,43.46,5193949,229943006.75,11.801,-4.777,3.85,否,2.16,4.933,2.467,5.184,6.739,否,155392313,44012667,6876109850.25,1947560514.75,61.879911,4.7571,6.065874,43.38,42.94,42.69,42.33,42.76,45.5,48.31,2020-09-25,-
2022-11-25,3009,中天火箭,航天航空,43.59,44.05,42.96,43.49,42.96,2301551,100564869.08,5.2293,-1.243,2.49,否,0.72,1.922,1.922,2.402,5.996,否,155392313,44012667,6790644078.1,1923353547.9,61.110782,4.697972,5.990479,43.68,43.04,42.86,42.43,42.72,45.47,48.23,2020-09-25,-
2022-11-28,3009,中天火箭,航天航空,42.87,44.75,41.79,44.57,41.79,3585235,156784368.56,8.1459,2.494,6.8,否,1.04,-3.612,6.144,6.703,5.691,否,155392313,44012667,6960021699.27,1971327354.93,62.635056,4.815153,6.139899,44.2,43.32,43.02,42.5,42.7,45.44,48.16,2020-09-25,-
2022-11-29,3009,中天火箭,航天航空,43.99,44.66,43.81,44.46,43.81,2354966,104664899.58,5.3507,-0.246,1.9,否,0.59,0.977,5.958,4.268,6.542,否,155392313,44012667,6942928544.84,1966485961.56,62.48123,4.803327,6.12482,44.56,43.51,43.13,42.6,42.67,45.41,48.08,2020-09-25,-
2022-11-30,3009,中天火箭,航天航空,44.38,45.11,43.64,44.72,43.64,3278234,146200099.48,7.4484,0.582,3.29,否,0.79,2.828,4.804,4.073,4.78,否,155392313,44012667,6983330546.22,1977929254.98,62.844818,4.831279,6.160461,44.25,43.68,43.24,42.73,42.66,45.38,48.0,2020-09-25,-
2022-12-01,3009,中天火箭,航天航空,44.3,44.95,44.12,44.37,44.12,2188500,97950675.0,4.9724,-0.779,1.85,否,0.65,-0.449,-4.044,3.984,5.819,否,155392313,44012667,6928943236.67,1962524821.53,62.355373,4.793652,6.112482,44.32,43.85,43.29,42.83,42.67,45.36,47.92,2020-09-25,-
2022-12-02,3009,中天火箭,航天航空,44.33,44.56,43.43,43.51,43.43,1794200,79298264.0,4.0766,-1.951,2.56,否,0.65,-2.137,-1.181,3.62,8.666,否,155392313,44012667,6793751924.36,1924233801.24,61.138751,4.700122,5.993221,44.33,44.0,43.29,42.92,42.67,45.36,47.84,2020-09-25,-
2022-12-05,3009,中天火箭,航天航空,43.09,44.38,43.09,44.37,43.09,2322384,102326171.68,5.2766,1.99,2.97,否,0.88,-0.783,2.023,5.744,7.045,否,155392313,44012667,6928943236.67,1962524821.53,62.355373,4.793652,6.112482,44.29,44.24,43.34,42.99,42.67,45.36,47.76,2020-09-25,-
2022-12-06,3009,中天火箭,航天航空,44.11,44.24,43.68,43.86,43.68,1650540,72822200.6,3.7501,-1.144,1.26,否,0.69,-1.149,-1.593,2.789,3.958,否,155392313,44012667,6849693157.04,1940078361.36,61.642181,4.738824,6.042571,44.17,44.36,43.38,43.06,42.65,45.35,47.69,2020-09-25,-
2022-12-07,3009,中天火箭,航天航空,43.6,43.88,43.38,43.72,43.38,1129700,49510041.0,2.5668,-0.318,1.16,否,0.5,0.483,-1.664,-5.45,2.533,否,155392313,44012667,6827938233.22,1933916587.98,61.446402,4.723774,6.023379,43.97,44.11,43.42,43.09,42.63,45.34,47.62,2020-09-25,-
2022-12-08,3009,中天火箭,航天航空,43.72,43.87,42.76,42.78,42.76,1453800,62987182.0,3.3031,-2.162,2.55,否,0.8,-3.584,-4.338,-2.839,-1.178,否,155392313,44012667,6680315535.87,1892104554.33,60.117907,4.621644,5.893151,43.65,43.99,43.46,43.12,42.58,45.32,47.55,2020-09-25,-
2022-12-09,3009,中天火箭,航天航空,42.55,42.99,41.79,41.94,41.79,1722000,73014948.0,3.9125,-1.954,2.79,否,1.03,-4.378,-5.477,-3.564,-3.719,否,155392313,44012667,6549785992.95,1855133914.05,58.943237,4.531339,5.778002,43.33,43.83,43.44,43.19,42.52,45.27,47.45,2020-09-25,-
2022-12-12,3009,中天火箭,航天航空,42.08,42.45,41.58,42.13,41.58,1002165,42365030.15,2.277,0.451,2.09,否,0.61,-3.637,-3.172,-5.475,-2.747,否,155392313,44012667,6579310532.42,1863496320.78,59.208937,4.551765,5.804048,42.89,43.59,43.45,43.21,42.46,45.23,47.37,2020-09-25,-
2022-12-13,3009,中天火箭,航天航空,42.11,42.28,41.2,41.3,41.2,1058700,44290576.01,2.4054,-1.984,2.57,否,0.76,-3.46,-6.919,-7.108,-4.376,否,155392313,44012667,6448780989.5,1826525680.5,58.034267,4.461461,5.688899,42.37,43.27,43.39,43.18,42.39,45.19,47.28,2020-09-25,-
2022-12-14,3009,中天火箭,航天航空,41.37,41.69,41.35,41.5,41.35,664900,27732192.0,1.5107,0.482,0.84,否,0.52,-1.049,-5.381,-7.2,-3.218,否,155392313,44012667,6479859452.1,1835328213.9,58.31395,4.482962,5.716316,41.93,42.95,43.31,43.14,42.32,45.16,47.19,2020-09-25,-
2022-12-15,3009,中天火箭,航天航空,41.4,41.67,41.1,41.63,41.1,559865,23345317.3,1.2721,0.336,1.39,否,0.47,-1.187,-4.78,-6.175,-0.549,否,155392313,44012667,6501614375.92,1841489987.28,58.509729,4.498013,5.735507,41.7,42.67,43.26,43.09,42.27,45.14,47.1,2020-09-25,-
2022-12-16,3009,中天火箭,航天航空,41.3,41.4,40.1,40.25,40.1,1268000,51575834.4,2.881,-3.322,3.11,否,1.27,-2.542,-5.914,-7.493,-5.227,否,155392313,44012667,6285619060.85,1780312380.15,56.56593,4.348581,5.544963,41.36,42.35,43.18,42.98,42.21,45.1,47.01,2020-09-25,-
2022-12-19,3009,中天火箭,航天航空,40.2,40.22,39.19,39.33,39.19,810700,32285096.0,1.842,-2.299,2.57,否,0.89,-5.229,-6.223,-11.359,-5.842,否,155392313,44012667,6141104209.76,1739380599.84,55.265403,4.248601,5.417477,40.8,41.84,43.04,42.84,42.17,45.05,46.91,2020-09-25,-
2022-12-20,3009,中天火箭,航天航空,39.32,39.89,39.32,39.6,39.32,482900,19226702.0,1.0972,0.709,1.47,否,0.55,-4.876,-6.005,-9.713,-7.129,否,155392313,44012667,6184614057.4,1751704146.6,55.65696,4.278703,5.45586,40.46,41.42,42.89,42.72,42.12,44.99,46.81,2020-09-25,-
2022-12-21,3009,中天火箭,航天航空,39.54,39.65,38.64,38.88,38.64,613900,24131955.0,1.3948,-1.834,2.56,否,0.81,-3.404,-5.86,-11.07,-9.518,否,155392313,44012667,6071177668.91,1719574899.69,54.636116,4.200224,5.35579,39.94,40.93,42.52,42.59,42.05,44.92,46.69,2020-09-25,-
2022-12-22,3009,中天火箭,航天航空,39.17,39.48,38.49,38.57,38.49,660100,25799552.0,1.4998,-0.793,2.53,否,0.88,-1.932,-7.06,-9.841,-9.609,否,155392313,44012667,6023006051.88,1705930972.92,54.202607,4.166897,5.313295,39.33,40.51,42.25,42.48,41.95,44.87,46.58,2020-09-25,-
2022-12-23,3009,中天火箭,航天航空,38.62,38.7,38.2,38.4,38.2,465600,17989887.0,1.0579,-0.439,1.29,否,0.61,-3.03,-7.759,-8.441,-8.55,否,155392313,44012667,5996589358.67,1698448819.53,53.964876,4.148621,5.289991,38.96,40.16,41.99,42.34,41.85,44.8,46.46,2020-09-25,-
2022-12-26,3009,中天火箭,航天航空,38.47,39.53,38.47,39.49,38.47,647300,25535383.0,1.4707,2.825,2.75,否,1.07,1.569,-1.888,-6.266,-5.887,否,155392313,44012667,6165966979.84,1746422626.56,55.48915,4.265802,5.43941,38.99,39.9,41.74,42.27,41.82,44.74,46.35,2020-09-25,-
2022-12-27,3009,中天火箭,航天航空,39.44,39.78,39.19,39.65,39.19,580600,23088650.0,1.3192,0.428,1.51,否,1.01,2.8,0.814,-3.995,-7.078,否,155392313,44012667,6192383673.05,1753904779.95,55.726881,4.284078,5.462714,39.0,39.73,41.5,42.17,41.77,44.68,46.24,2020-09-25,-
2022-12-28,3009,中天火箭,航天航空,39.65,40.36,39.29,39.49,39.29,692151,27671370.6,1.5726,-0.427,2.71,否,1.17,2.839,-0.278,-4.843,-14.598,否,155392313,44012667,6165966979.84,1746422626.56,55.48915,4.265802,5.43941,39.12,39.53,41.24,42.05,41.77,44.61,46.14,2020-09-25,-
2022-12-29,3009,中天火箭,航天航空,39.18,39.9,39.09,39.49,39.09,581451,23063116.07,1.3211,0.0,2.07,否,0.95,0.0,1.569,-5.141,-10.311,否,155392313,44012667,6165966979.84,1746422626.56,55.48915,4.265802,5.43941,39.3,39.32,40.99,41.95,41.76,44.55,46.05,2020-09-25,-
2022-12-30,3009,中天火箭,航天航空,39.49,39.79,39.13,39.26,39.13,460900,18245400.0,1.0472,-0.58,1.69,否,0.78,-0.984,1.789,-2.46,-9.726,否,155392313,44012667,6130226747.85,1736299713.15,55.167514,4.241076,5.407881,39.48,39.22,40.78,41.86,41.76,44.46,45.97,2020-09-25,-
2023-01-03,3009,中天火箭,航天航空,39.27,41.47,39.27,40.79,39.27,1536500,62598293.0,3.491,3.904,5.6,否,2.59,3.292,6.224,3.712,-8.481,否,155392313,44012217,6369530909.87,1804060774.83,57.321075,4.406634,5.618987,39.74,39.36,40.6,41.82,41.81,44.4,45.89,2020-09-25,-
2023-01-04,3009,中天火箭,航天航空,40.78,41.0,40.35,40.59,40.35,666411,27215445.0,1.5141,-0.488,1.59,否,0.87,2.786,2.786,2.5,-8.704,否,155392313,44012217,6338452447.27,1795258331.43,57.041392,4.385133,5.591571,39.92,39.46,40.44,41.75,41.84,44.36,45.81,2020-09-25,-
2023-01-05,3009,中天火箭,航天航空,40.58,40.7,40.32,40.6,40.32,613451,24983220.27,1.3938,0.025,0.93,否,0.78,3.413,2.396,4.424,-9.213,否,155392313,44012217,6340006370.4,1795698453.6,57.055376,4.386208,5.592942,40.15,39.63,40.28,41.56,41.87,44.33,45.74,2020-09-25,-
2023-01-06,3009,中天火箭,航天航空,40.35,40.97,40.35,40.55,40.35,632502,25838930.87,1.4371,-0.123,1.52,否,0.82,-0.588,2.684,5.134,-8.609,否,155392313,44012217,6332236754.75,1793497842.75,56.985455,4.380832,5.586088,40.36,39.83,40.17,41.44,41.88,44.29,45.66,2020-09-25,-
2023-01-09,3009,中天火箭,航天航空,40.61,40.85,40.16,40.29,40.16,650500,26423152.0,1.478,-0.638,1.69,否,0.83,-0.739,2.026,4.922,-7.401,否,155392313,44012217,6291834753.37,1782054666.33,56.621867,4.352881,5.550446,40.56,40.02,40.09,41.34,41.88,44.24,45.58,2020-09-25,-
2023-01-10,3009,中天火箭,航天航空,40.2,40.4,39.72,39.9,39.72,678400,27235208.49,1.5414,-0.963,1.68,否,0.83,-1.724,1.63,1.038,-10.074,否,155392313,44012217,6231231751.3,1764889901.7,56.076485,4.310954,5.496985,40.39,40.06,39.98,41.18,41.84,44.2,45.5,2020-09-25,-
2023-01-11,3009,中天火箭,航天航空,39.85,40.22,39.63,39.79,39.63,621600,24904854.96,1.4123,-0.274,1.47,否,0.96,-1.874,-2.452,0.353,-9.28,否,155392313,44012217,6214138596.87,1760048557.83,55.922659,4.299129,5.481906,40.23,40.08,39.9,41.03,41.81,44.15,45.42,2020-09-25,-
2023-01-12,3009,中天火箭,航天航空,40.79,41.89,40.5,40.57,40.5,1484600,61221546.0,3.3731,1.951,3.5,否,2.32,0.695,-0.049,2.735,-7.205,否,155392313,44012217,6335344601.01,1794378087.09,57.013423,4.382982,5.588829,40.22,40.18,39.86,40.89,41.81,44.09,45.33,2020-09-25,-
2023-01-13,3009,中天火箭,航天航空,39.95,40.79,39.93,40.65,39.93,841353,34108692.73,1.9116,0.196,2.11,否,1.03,1.88,0.123,2.937,-4.979,否,155392313,44012217,6347775986.05,1797899064.45,57.125297,4.391583,5.599796,40.24,40.3,39.81,40.76,41.8,44.02,45.25,2020-09-25,-
2023-01-16,3009,中天火箭,航天航空,40.63,41.23,40.48,41.16,40.48,1091151,44952561.67,2.4792,1.249,1.84,否,1.28,3.443,1.504,4.84,-1.86,否,155392313,44012217,6427026065.68,1820345295.12,57.838489,4.44641,5.669708,40.41,40.49,39.85,40.68,41.8,43.97,45.18,2020-09-25,-
2023-01-17,3009,中天火箭,航天航空,41.16,41.53,40.68,40.75,40.68,875151,36073517.92,1.9884,-0.991,2.06,否,0.93,0.444,1.142,-0.098,-3.276,否,155392313,44012217,6363315217.35,1802300286.15,57.265138,4.402333,5.613504,40.58,40.49,39.92,40.56,41.78,43.92,45.11,2020-09-25,-
2023-01-18,3009,中天火箭,航天航空,41.4,41.79,41.11,41.5,41.11,1529600,63841015.48,3.4754,1.832,1.68,否,1.56,2.091,4.01,2.242,0.484,否,155392313,44012217,6479859452.1,1835309448.9,44.909061,4.482962,5.243709,40.93,40.58,40.02,40.49,41.77,43.87,45.05,2020-09-25,-
2023-01-19,3009,中天火箭,航天航空,41.13,42.06,41.13,42.02,41.13,1307000,54834813.0,2.9696,1.271,2.25,否,1.12,2.089,5.604,3.498,1.253,否,155392313,44012217,6562217377.99,1858635923.91,45.479848,4.53994,5.310356,41.22,40.72,40.18,40.43,41.76,43.84,44.98,2020-09-25,-
2023-01-20,3009,中天火箭,航天航空,41.98,42.59,41.92,42.34,41.92,1197851,50857176.54,2.7216,0.758,1.59,否,1.06,3.902,4.363,4.414,1.706,否,155392313,44012217,6611942918.15,1872719833.35,45.824474,4.574342,5.350596,41.55,40.9,40.36,40.41,41.77,43.79,44.93,2020-09-25,-
2023-01-30,3009,中天火箭,航天航空,42.81,44.07,42.34,43.59,42.34,2681251,117040438.42,6.092,2.938,4.09,否,2.23,5.036,7.232,8.191,8.298,否,155392313,44012217,6806183309.4,1927735104.6,47.170669,4.708723,5.507781,42.04,41.23,40.62,40.47,41.83,43.74,44.88,2020-09-25,-
2023-01-31,3009,中天火箭,航天航空,43.29,44.13,43.17,43.86,43.17,1825800,80253852.0,4.1484,0.639,2.21,否,1.2,4.379,6.56,9.925,11.518,否,155392313,44012217,6849693157.04,1940058525.36,47.472216,4.738824,5.542991,42.66,41.62,40.84,40.53,41.87,43.7,44.83,2020-09-25,-
2023-02-01,3009,中天火箭,航天航空,43.77,44.35,43.5,44.27,43.5,1989592,87858784.44,4.5205,0.93,1.95,否,1.16,4.558,8.638,11.259,11.793,否,155392313,44012217,6913404005.37,1958103534.33,47.913768,4.782901,5.594548,43.22,42.07,41.07,40.63,41.9,43.67,44.78,2020-09-25,-
2023-02-02,3009,中天火箭,航天航空,44.08,44.62,43.54,43.61,43.54,1815900,79967826.0,4.1259,-1.506,2.45,否,1.01,0.046,5.084,7.493,12.166,否,155392313,44012217,6809291155.66,1928615348.94,47.192208,4.710873,5.510296,43.53,42.38,41.28,40.7,41.92,43.6,44.73,2020-09-25,-
2023-02-03,3009,中天火箭,航天航空,43.57,43.97,43.3,43.88,43.3,1385084,60837856.88,3.147,0.639,1.55,否,0.73,0.046,4.426,7.946,13.767,否,155392313,44012217,6852801003.3,1940938769.7,47.493755,4.740974,5.545506,43.84,42.7,41.5,40.77,41.93,43.48,44.68,2020-09-25,-
2023-02-06,3009,中天火箭,航天航空,43.86,45.72,43.69,44.78,43.69,3738100,168989797.0,8.4932,2.041,4.63,否,1.93,1.152,5.763,8.795,16.615,否,155392313,44012217,6992654085.0,1980549765.0,48.463016,4.837729,5.658679,44.08,43.06,41.77,40.92,41.95,43.4,44.63,2020-09-25,-
2023-02-07,3009,中天火箭,航天航空,44.67,45.48,44.36,44.68,44.36,1887400,84848743.0,4.2883,-0.222,2.49,否,0.88,2.454,2.501,9.644,13.143,否,155392313,44012217,6977114853.7,1976148543.3,48.35532,4.826979,5.646104,44.24,43.45,41.97,41.1,41.97,43.33,44.59,2020-09-25,-
2023-02-08,3009,中天火箭,航天航空,44.68,44.68,43.94,44.12,43.94,1280100,56895421.0,2.9085,-1.247,1.65,否,0.59,0.547,0.593,6.313,11.274,否,155392313,44012217,6890095158.42,1951501701.78,47.752225,4.766776,5.575685,44.21,43.72,42.15,41.25,41.99,43.26,44.56,2020-09-25,-
2023-02-09,3009,中天火箭,航天航空,44.13,45.06,43.93,45.01,43.93,1766100,79472721.0,4.0127,2.007,2.55,否,0.87,0.514,1.672,7.116,13.978,否,155392313,44012217,7028394316.99,1990672574.91,48.710716,4.862455,5.687601,44.49,44.01,42.37,41.46,42.02,43.18,44.53,2020-09-25,-
2023-02-10,3009,中天火箭,航天航空,44.9,45.38,44.76,45.08,44.76,1401200,63381443.0,3.1836,0.155,1.37,否,0.7,0.895,3.371,6.471,14.155,否,155392313,44012217,7039271778.9,1993753430.1,48.786102,4.869981,5.696404,44.73,44.29,42.59,41.67,42.08,43.12,44.5,2020-09-25,-
2023-02-13,3009,中天火箭,航天航空,45.48,46.32,44.96,45.44,44.96,1905900,87317976.0,4.3303,0.795,3.02,否,0.95,2.992,3.555,4.244,15.741,否,155392313,44012217,7095213011.58,2009597828.22,49.173807,4.908682,5.741673,44.87,44.47,42.85,41.91,42.13,43.06,44.47,2020-09-25,-
2023-02-14,3009,中天火箭,航天航空,45.38,45.45,44.78,45.26,44.78,1274797,57720448.25,2.8964,-0.394,1.47,否,0.77,0.555,1.072,3.192,10.959,否,155392313,44012217,7067242395.24,2001675629.16,48.979955,4.889331,5.719038,44.98,44.61,43.12,42.1,42.18,43.02,44.45,2020-09-25,-
2023-02-15,3009,中天火箭,航天航空,45.27,45.87,44.96,45.72,44.96,1539500,70311160.0,3.4979,1.033,2.02,否,1.01,1.42,2.328,3.275,12.639,否,155392313,44012217,7140276782.35,2022361371.15,49.486124,4.939859,5.77814,45.3,44.76,43.41,42.3,42.23,42.97,44.43,2020-09-25,-
2023-02-16,3009,中天火箭,航天航空,45.58,45.58,43.84,44.48,43.84,1863235,84000108.8,4.2334,-2.72,3.79,否,1.18,-2.113,0.816,1.995,9.557,否,155392313,44012217,6946036391.1,1967346099.9,48.139929,4.805477,5.620955,45.2,44.85,43.61,42.47,42.26,42.9,44.4,2020-09-25,-
2023-02-17,3009,中天火箭,航天航空,44.48,48.24,43.68,46.46,43.68,4359228,201420853.88,9.9045,4.452,10.25,否,2.73,2.651,3.222,5.88,14.575,否,155392313,44012217,7255267093.97,2054930411.73,50.283071,5.019413,5.871194,45.47,45.1,43.9,42.7,42.32,42.84,44.38,2020-09-25,-
2023-02-20,3009,中天火箭,航天航空,45.77,45.77,44.06,45.09,44.06,4263600,190860309.03,9.6872,-2.956,3.68,否,1.95,-1.378,0.022,0.692,11.914,否,155392313,44012217,7040825702.03,1994193552.27,48.796872,4.871056,5.697661,45.4,45.13,44.1,42.89,42.37,42.78,44.35,2020-09-25,-
2023-02-21,3009,中天火箭,航天航空,44.88,48.09,44.51,47.66,44.51,6516698,304502672.27,14.8064,5.694,7.95,否,2.45,7.149,4.886,6.67,19.449,否,155392313,44012217,7441737869.57,2107745072.13,51.575418,5.148419,6.022092,45.88,45.43,44.44,43.12,42.47,42.74,44.33,2020-09-25,-
2023-02-22,3009,中天火箭,航天航空,46.83,50.5,46.79,49.62,46.79,7772232,380417380.08,17.6591,4.114,7.79,否,2.1,6.802,9.633,12.466,24.705,否,155392313,44012217,7747860726.18,2194449139.62,53.697021,5.360204,6.269817,46.66,45.98,44.85,43.42,42.59,42.73,44.33,2020-09-25,-
2023-02-23,3009,中天火箭,航天航空,49.06,50.01,48.04,49.99,48.04,5250908,257376895.83,11.9304,0.762,3.97,否,1.06,10.867,9.339,11.064,23.219,否,155392313,44012217,7806909805.12,2211173782.08,54.106265,5.401056,6.317601,47.76,46.48,45.25,43.74,42.65,42.74,44.32,2020-09-25,-
2023-02-24,3009,中天火箭,航天航空,49.44,51.28,48.56,49.56,48.56,5074639,253969482.28,11.53,-0.876,5.43,否,0.9,3.987,11.421,9.938,21.919,否,155392313,44012217,7738537187.4,2191808406.6,53.632404,5.353753,6.262272,48.38,46.93,45.61,44.04,42.74,42.75,44.31,2020-09-25,-
2023-02-27,3009,中天火箭,航天航空,49.1,50.63,47.94,49.11,47.94,4589622,226907658.84,10.428,-0.904,5.42,否,0.79,-1.028,5.704,8.077,19.315,否,155392313,44012217,7668610646.55,2172002908.95,53.147774,5.305376,6.205685,49.19,47.3,45.88,44.33,42.83,42.78,44.3,2020-09-25,-
2023-02-28,3009,中天火箭,航天航空,48.44,49.11,48.13,48.77,48.13,2443967,119105486.21,5.5529,-0.689,1.99,否,0.42,-2.44,8.161,7.755,19.681,否,155392313,44012217,7615777260.13,2157038755.17,52.781609,5.268824,6.16293,49.41,47.65,46.13,44.63,42.9,42.8,44.28,2020-09-25,-
2023-03-01,3009,中天火箭,航天航空,48.66,49.26,48.04,49.18,48.04,3097716,151677350.1,7.0382,0.837,2.49,否,0.62,-0.767,3.189,7.568,18.506,否,155392313,44012217,7679488108.46,2175083764.14,53.223161,5.312901,6.214487,49.32,47.99,46.38,44.94,42.98,42.83,44.27,2020-09-25,-
2023-03-02,3009,中天火箭,航天航空,49.13,50.22,48.26,48.3,48.26,3144401,155262621.79,7.1443,-1.781,3.99,否,0.77,-1.649,-2.66,8.588,14.945,否,155392313,44012217,7542742873.02,2136353013.18,52.27544,5.218297,6.103829,48.98,48.37,46.61,45.2,43.04,42.85,44.25,2020-09-25,-
2023-03-03,3009,中天火箭,航天航空,48.26,53.04,47.28,51.15,47.28,6469194,328133667.13,14.6985,5.892,11.93,否,1.76,4.88,2.32,10.095,20.808,否,155392313,44012217,7987164888.2,2262227953.8,55.355533,5.525762,6.463469,49.3,48.84,46.97,45.55,43.16,42.91,44.24,2020-09-25,-
2023-03-06,3009,中天火箭,航天航空,51.23,53.09,50.86,52.03,50.86,6925752,362395251.93,15.7358,1.732,4.36,否,1.75,5.795,4.984,15.391,19.362,否,155392313,44012217,8125464046.77,2301398826.93,56.314024,5.621441,6.575385,49.89,49.54,47.34,45.91,43.3,42.98,44.23,2020-09-25,-
2023-03-07,3009,中天火箭,航天航空,51.35,51.36,49.61,49.67,49.61,4325841,219210721.17,9.8286,-4.552,3.37,否,0.98,2.836,1.14,4.217,13.247,否,155392313,44012217,7755630341.83,2196649750.47,53.750869,5.365579,6.276104,50.07,49.74,47.59,46.21,43.39,43.03,44.21,2020-09-25,-
2023-03-08,3009,中天火箭,航天航空,49.98,50.73,48.77,50.53,48.77,3360602,168945548.87,7.6355,1.743,3.95,否,0.7,-1.212,3.609,1.834,14.141,否,155392313,44012217,7890821654.14,2234940379.26,54.687821,5.459108,6.385505,50.34,49.83,47.91,46.51,43.5,43.08,44.19,2020-09-25,-
2023-03-09,3009,中天火箭,航天航空,50.64,50.67,48.64,49.29,48.64,2903617,144223614.1,6.5972,-2.462,4.02,否,0.6,-5.266,0.224,-1.4,13.025,否,155392313,44012217,7696581262.89,2179925108.01,53.341626,5.324727,6.22832,50.53,49.76,48.12,46.75,43.59,43.11,44.16,2020-09-25,-
2023-03-10,3009,中天火箭,航天航空,49.46,51.09,48.81,49.68,48.81,4067108,205742303.23,9.2408,0.787,4.62,否,0.85,0.02,2.857,0.242,13.218,否,155392313,44012217,7757184264.96,2197089872.64,53.761639,5.366654,6.277361,50.24,49.77,48.35,47.0,43.7,43.14,44.14,2020-09-25,-
2023-03-13,3009,中天火箭,航天航空,48.73,50.03,48.26,50.0,48.26,2755302,136070121.16,6.2602,0.661,3.57,否,0.64,-1.049,-2.248,1.812,11.657,否,155392313,44012217,7808463728.25,2211613904.25,54.117034,5.402131,6.318858,49.83,49.86,48.58,47.21,43.84,43.18,44.12,2020-09-25,-
2023-03-14,3009,中天火箭,航天航空,49.9,52.74,49.08,51.69,49.08,5860543,301906011.01,13.3156,3.363,7.32,否,1.68,4.869,-0.653,5.987,15.689,否,155392313,44012217,8071076737.22,2285994550.98,55.93709,5.583814,6.531373,50.24,50.15,48.9,47.47,44.0,43.23,44.12,2020-09-25,-
2023-03-15,3009,中天火箭,航天航空,50.82,51.49,50.26,50.93,50.26,3944086,201230859.44,8.9613,-1.463,2.37,否,1.04,2.516,2.537,3.558,15.435,否,155392313,44012217,7952978579.34,2252545266.06,55.118603,5.50211,6.435804,50.32,50.33,49.16,47.69,44.16,43.27,44.11,2020-09-25,-
2023-03-16,3009,中天火箭,航天航空,50.39,50.74,49.35,50.62,49.35,3303952,166139701.74,7.5068,-0.606,2.74,否,0.85,1.24,0.178,4.803,12.464,否,155392313,44012217,7904806962.31,2238901478.79,54.784747,5.468784,6.396822,50.58,50.56,49.47,47.93,44.31,43.31,44.11,2020-09-25,-
2023-03-17,3009,中天火箭,航天航空,50.92,51.1,50.06,51.01,50.06,3400800,173558085.75,7.7269,0.767,2.04,否,0.85,-1.316,3.49,-0.274,13.154,否,155392313,44012217,7965409964.38,2256066243.42,55.20476,5.510711,6.445864,50.85,50.55,49.69,48.16,44.47,43.37,44.13,2020-09-25,-
2023-03-20,3009,中天火箭,航天航空,50.93,51.07,50.07,51.03,50.07,3391215,172598055.18,7.7051,0.039,1.95,否,0.88,0.196,2.717,-1.922,12.302,否,155392313,44012217,7968517810.64,2256946487.76,55.226299,5.512861,6.448379,51.06,50.45,49.99,48.37,44.65,43.43,44.15,2020-09-25,-
2023-03-21,3009,中天火箭,航天航空,52.24,54.73,51.11,51.92,51.11,6878451,363174537.54,15.6283,1.755,7.1,否,1.73,2.568,3.84,4.53,14.715,否,155392313,44012217,8108370892.34,2296557483.06,56.195559,5.609616,6.561553,51.1,50.67,50.2,48.61,44.86,43.51,44.17,2020-09-25,-
2023-03-22,3009,中天火箭,航天航空,51.49,51.61,50.05,51.44,50.05,4715602,240412768.98,10.7142,-0.939,2.99,否,1.13,0.843,-0.484,1.801,12.511,否,155392313,44012217,8032228658.97,2274991496.73,55.667851,5.556938,6.499936,51.2,50.76,50.3,48.86,45.05,43.59,44.19,2020-09-25,-
2023-03-23,3009,中天火箭,航天航空,50.75,51.72,50.55,51.71,50.55,4392551,226083799.72,9.9802,0.522,2.28,否,1.01,1.333,1.532,4.91,16.254,否,155392313,44012217,8074184583.48,2286874795.32,55.958629,5.585964,6.533888,51.42,51.0,50.38,49.08,45.27,43.66,44.21,2020-09-25,-
2023-03-24,3009,中天火箭,航天航空,51.67,51.73,50.4,50.95,50.4,3165081,162173953.52,7.1913,-1.463,2.58,否,0.69,-1.868,0.652,2.556,9.664,否,155392313,44012217,7956086425.6,2253425510.4,55.140142,5.504261,6.438319,51.41,51.13,50.45,49.28,45.47,43.71,44.24,2020-09-25,-
2023-03-27,3009,中天火箭,航天航空,50.47,51.1,48.26,48.26,48.26,3531870,175533629.81,8.0247,-5.273,5.57,否,0.78,-6.182,-5.391,-3.48,7.03,否,155392313,44012217,7536527180.5,2134592524.5,52.232361,5.213997,6.098799,50.86,50.96,50.41,49.37,45.64,43.75,44.25,2020-09-25,-
2023-03-28,3009,中天火箭,航天航空,48.72,48.72,46.95,47.27,46.95,2779814,133297442.85,6.3159,-2.062,3.67,否,0.61,-8.586,-7.368,-8.551,-0.818,否,155392313,44012217,7381134867.5,2090580307.5,51.155405,5.106492,5.97305,49.93,50.51,50.33,49.44,45.77,43.79,44.26,2020-09-25,-
2023-03-29,3009,中天火箭,航天航空,47.34,47.51,46.48,46.55,46.48,1690523,79384125.61,3.841,-1.516,2.17,否,0.45,-8.636,-10.343,-8.6,-6.187,否,155392313,44012217,7269252402.14,2058891511.26,50.379997,5.029088,5.882511,48.95,50.08,50.2,49.47,45.88,43.83,44.27,2020-09-25,-
2023-03-30,3009,中天火箭,航天航空,46.68,47.89,46.52,47.52,46.52,2626651,124515868.28,5.9679,2.074,2.95,否,0.84,-1.533,-7.621,-6.124,-4.941,否,155392313,44012217,7419982945.75,2101583361.75,51.424644,5.133368,6.004487,48.11,49.77,50.16,49.57,46.02,43.89,44.27,2020-09-25,-
2023-03-31,3009,中天火箭,航天航空,47.35,47.42,46.87,47.18,46.87,1259281,59622983.98,2.8612,-0.712,1.15,否,0.46,-0.19,-8.76,-7.508,-4.802,否,155392977,44013683,7367181039.57,2086688711.03,51.058479,5.096816,5.961733,47.36,49.38,49.96,49.59,46.15,43.95,44.28,2020-09-25,-
2023-04-03,3009,中天火箭,航天航空,47.15,48.56,47.12,47.99,47.12,2201200,105638346.0,5.0013,1.73,3.06,否,0.93,3.093,-5.81,-5.957,-2.281,否,155392977,44013683,7494603280.71,2122779931.09,51.941583,5.18497,6.064847,47.3,49.08,49.76,49.69,46.29,44.03,44.29,2020-09-25,-
2023-04-04,3009,中天火箭,航天航空,47.82,48.14,46.65,46.93,46.65,2087373,98815643.52,4.7426,-2.219,3.11,否,0.99,-1.242,-2.756,-9.611,-3.773,否,155392977,44013683,7328332795.32,2075685290.28,50.789457,5.069962,5.930321,47.23,48.58,49.63,49.66,46.39,44.1,44.29,2020-09-25,-
2023-04-06,3009,中天火箭,航天航空,46.74,48.34,46.05,47.67,46.05,2450500,116733203.0,5.5676,1.569,4.88,否,1.24,1.039,0.846,-7.329,-3.07,否,155392977,44013683,7443323598.3,2108255415.7,51.586408,5.149516,6.023375,47.46,48.2,49.48,49.6,46.51,44.18,44.3,2020-09-25,-
2023-04-07,3009,中天火箭,航天航空,47.76,48.75,47.38,47.97,47.38,1740800,83925092.0,3.9551,0.647,2.88,否,0.82,-0.042,3.05,-7.233,-0.683,否,155392977,44013683,7491495421.17,2121899657.43,51.920266,5.182842,6.062358,47.55,47.83,49.42,49.53,46.63,44.25,44.32,2020-09-25,-
2023-04-10,3009,中天火箭,航天航空,48.14,48.54,47.07,47.17,47.07,1495800,71976823.0,3.3985,-1.68,3.07,否,0.77,0.511,-0.737,-7.419,-7.781,否,155392977,44013683,7365627109.8,2086248574.2,51.047928,5.095763,5.960501,47.55,47.45,49.29,49.45,46.74,44.31,44.33,2020-09-25,-
2023-04-11,3009,中天火箭,航天航空,46.92,47.26,45.99,46.77,45.99,2469700,115588658.36,5.6112,-0.844,2.68,否,1.24,-1.888,-0.869,-3.087,-10.11,否,155392977,44013683,7303469919.0,2068643101.0,50.617144,5.052761,5.910201,47.3,47.3,49.13,49.37,46.85,44.37,44.34,2020-09-25,-
2023-04-12,3009,中天火箭,航天航空,46.57,46.95,46.11,46.76,46.11,1201392,56171031.18,2.7296,-0.021,1.79,否,0.59,-2.522,-2.563,-1.079,-5.859,否,155392977,44013683,7301915989.23,2068202964.17,50.606374,5.051686,5.908944,47.27,47.25,48.88,49.31,46.97,44.4,44.36,2020-09-25,-
2023-04-13,3009,中天火箭,航天航空,46.62,47.01,46.27,46.3,46.27,1076251,50425931.72,2.4453,-0.979,1.57,否,0.58,-1.844,-1.342,-0.537,-8.371,否,155392977,44013683,7230435219.81,2047956669.99,50.110972,5.002233,5.851099,46.99,47.23,48.65,49.21,47.08,44.44,44.37,2020-09-25,-
2023-04-14,3009,中天火箭,航天航空,46.25,46.83,46.25,46.66,46.25,1223600,57214482.0,2.78,0.774,1.25,否,0.77,-0.235,-2.119,-1.81,-5.336,否,155392977,44013683,7286376691.53,2063801595.87,50.498737,4.918745,5.896369,46.73,47.14,48.45,49.16,47.18,44.49,44.38,2020-09-25,-
2023-04-17,3009,中天火箭,航天航空,47.25,47.91,46.67,47.43,46.67,1682308,79927059.24,3.8222,1.642,2.67,否,1.13,1.433,-1.126,0.53,-4.529,否,155392977,44013683,7406029283.82,2097692131.78,51.327998,4.999518,5.993196,46.78,47.17,48.27,49.03,47.29,44.54,44.4,2020-09-25,-
2023-04-18,3009,中天火箭,航天航空,47.43,47.47,46.45,46.95,46.45,1208051,56912654.78,2.7447,-1.007,2.14,否,0.79,1.404,-0.466,-2.167,-6.1,否,155392977,44013683,7331440654.86,2076565563.94,50.811056,4.949166,5.932836,46.82,47.06,48.07,48.86,47.39,44.59,44.42,2020-09-25,-
2023-04-19,3009,中天火箭,航天航空,46.49,47.3,46.47,46.53,46.47,1373464,64485768.29,3.1205,-0.89,1.76,否,1.07,-0.279,-0.513,-0.852,-9.983,否,155392977,44013683,7266175604.52,2058079817.08,50.358732,4.905108,5.880022,46.77,47.02,47.8,48.76,47.48,44.63,44.45,2020-09-25,-
2023-04-20,3009,中天火箭,航天航空,46.29,47.06,45.71,46.54,45.71,1869524,87004834.25,4.2476,0.021,2.89,否,1.42,-1.876,-0.47,-2.37,-8.62,否,155392977,44013683,7267729534.29,2058519953.91,50.369502,4.906157,5.881279,46.82,46.91,47.56,48.62,47.57,44.67,44.48,2020-09-25,-
2023-04-21,3009,中天火箭,航天航空,46.3,48.57,46.27,48.56,46.27,5174728,249951182.54,11.7571,4.34,4.94,否,3.52,3.429,4.881,1.23,-4.07,否,155392977,44013683,7583177277.6,2147867730.4,52.555734,5.119103,6.136549,47.2,46.97,47.4,48.6,47.68,44.72,44.51,2020-09-25,-
2023-04-24,3009,中天火箭,航天航空,48.11,50.35,45.77,49.99,45.77,5924937,290126115.15,13.4616,2.951,9.43,否,2.62,7.436,7.137,5.978,-2.0,否,155392977,44013683,7806943164.48,2211247433.92,54.106559,5.270159,6.317628,47.71,47.25,47.35,48.61,47.8,44.79,44.55,2020-09-25,-
2023-04-25,3009,中天火箭,航天航空,49.71,49.74,47.36,49.69,47.36,4085838,199825026.27,9.2831,-0.617,4.78,否,1.31,6.768,4.765,6.243,-2.626,否,155392977,44013683,7758771341.61,2197603192.19,53.772701,5.23764,6.278646,48.26,47.54,47.42,48.6,47.9,44.87,44.58,2020-09-25,-
2023-04-26,3009,中天火箭,航天航空,49.21,50.25,48.81,49.91,48.81,3662061,182868148.32,8.3203,0.461,2.9,否,0.99,2.78,6.305,6.737,-3.871,否,155392977,44013683,7794511726.32,2207726339.28,54.020402,5.261767,6.307568,48.94,47.86,47.55,48.54,48.01,44.94,44.61,2020-09-25,-
2023-04-27,3009,中天火箭,航天航空,47.78,49.06,47.28,48.56,47.28,3287000,159399018.9,7.4681,-2.711,3.57,否,0.79,-2.861,4.363,4.881,-5.599,否,155392977,44013683,7583177277.6,2147867730.4,56.837823,5.020277,6.283887,49.34,48.08,47.65,48.46,48.08,44.99,44.64,2020-09-25,-
2023-04-28,3009,中天火箭,航天航空,48.67,49.23,47.96,48.87,47.96,2538238,123868057.89,5.7669,0.635,2.6,否,0.57,-1.65,5.006,4.736,-5.492,否,155392977,44013683,7631349100.47,2161511972.13,57.198883,5.052168,6.323805,49.4,48.3,47.72,48.4,48.16,45.04,44.67,2020-09-25,-
2023-05-04,3009,中天火箭,航天航空,48.76,49.28,47.88,47.92,47.88,2371833,116072575.89,5.3889,-1.934,2.85,否,0.61,-3.987,-1.318,1.033,-5.947,否,155392977,44013683,7483725772.32,2119698973.28,56.092409,4.954437,6.201476,48.99,48.35,47.76,48.3,48.23,45.08,44.71,2020-09-25,-
2023-05-05,3009,中天火箭,航天航空,47.98,48.09,44.19,44.21,44.19,3937102,180152881.96,8.9452,-7.745,8.14,否,1.23,-8.958,-11.562,-5.836,-8.392,否,155392977,44013683,6904109968.11,1955527935.69,51.748043,4.570715,5.72117,47.89,48.08,47.57,48.07,48.22,45.09,44.73,2020-09-25,-
2023-05-08,3009,中天火箭,航天航空,44.17,45.42,43.96,45.08,43.96,1902400,85777332.0,4.3223,1.958,3.29,否,0.6,-7.755,-9.278,-3.116,-4.633,否,155392977,44013683,7039301858.1,1993819839.9,52.76134,4.660216,5.833199,46.93,47.93,47.48,47.84,48.23,45.1,44.78,2020-09-25,-
2023-05-09,3009,中天火箭,航天航空,45.08,49.59,44.57,49.59,44.57,7988743,392048623.15,18.1506,10.0,11.13,否,2.85,3.485,-0.641,6.554,6.531,是,155392977,44013683,7743232043.91,2193201823.89,58.037474,5.126238,6.416519,47.13,48.24,47.57,47.78,48.32,45.15,44.85,2020-09-25,-
2023-05-10,3009,中天火箭,航天航空,49.16,50.18,48.21,48.61,48.21,5836292,286463056.1,13.2602,-1.967,3.97,否,1.56,9.952,0.103,0.103,2.294,否,155392977,44013683,7590946926.45,2150068414.55,56.896059,5.025421,6.290326,47.08,48.24,47.61,47.68,48.38,45.2,44.91,2020-09-25,-
2023-05-11,3009,中天火箭,航天航空,48.41,49.06,47.33,48.62,47.33,3137419,152056744.05,7.1283,0.021,3.56,否,0.71,7.853,-0.512,-2.741,3.052,否,155392977,44013683,7592500856.22,2150508551.38,56.907706,5.026449,6.291613,47.22,48.11,47.68,47.6,48.44,45.26,44.97,2020-09-25,-
2023-05-12,3009,中天火箭,航天航空,48.63,48.83,45.93,46.0,45.93,3311718,155982309.14,7.5243,-5.383,5.96,否,0.73,-7.239,-4.007,-7.426,-4.147,否,155392977,44013683,7183817326.71,2034752565.09,53.84452,4.755889,5.952953,47.58,47.74,47.64,47.53,48.45,45.29,45.02,2020-09-25,-
2023-05-15,3009,中天火箭,航天航空,45.71,46.92,44.78,46.75,44.78,2613865,120540067.75,5.9388,1.622,4.65,否,0.59,-3.826,5.745,-6.331,-0.384,否,155392977,44013683,7300362059.46,2067762827.34,54.718052,4.833045,6.049529,47.91,47.42,47.64,47.51,48.47,45.33,45.06,2020-09-25,-
2023-05-16,3009,中天火箭,航天航空,46.68,47.16,45.72,45.92,45.72,1995783,92958163.52,4.5345,-1.767,3.07,否,0.44,-5.553,1.863,-5.437,-3.671,否,155392977,44013683,7171385888.55,2031231470.45,53.751343,4.747659,5.942652,47.18,47.16,47.62,47.49,48.48,45.36,45.1,2020-09-25,-
2023-05-17,3009,中天火箭,航天航空,45.66,50.52,45.54,50.52,45.54,4785975,237029071.87,10.8738,10.011,10.86,否,1.42,9.826,1.875,3.376,5.316,是,155392977,44013683,7889301442.29,2234574685.91,59.132301,5.22294,6.537561,47.56,47.32,47.81,47.59,48.58,45.42,45.16,2020-09-25,-
2023-05-18,3009,中天火箭,航天航空,51.94,55.5,51.74,53.56,51.74,11893139,637090805.97,27.0215,6.008,7.43,否,3.75,14.567,10.183,11.77,13.547,否,155392977,44013683,8363250022.14,2368816419.06,62.684665,5.536707,6.930304,48.55,47.89,48.12,47.8,48.7,45.51,45.22,2020-09-25,-
2023-05-19,3009,中天火箭,航天航空,52.79,53.67,51.51,52.71,51.51,6625902,350160329.49,15.0542,-1.579,4.03,否,1.35,14.787,8.412,19.226,12.7,否,155392977,44013683,8231165991.69,2331404788.51,61.694662,5.449264,6.820851,49.89,48.74,48.41,47.96,48.82,45.6,45.28,2020-09-25,-
2023-05-22,3009,中天火箭,航天航空,52.24,53.24,51.73,52.62,51.73,4875279,257794228.0,11.0767,-0.17,2.85,否,0.87,4.157,14.391,16.726,12.532,否,155392977,44013683,8217180623.76,2327443557.04,61.589838,5.440005,6.809262,51.07,49.49,48.71,48.15,48.91,45.69,45.34,2020-09-25,-
2023-05-23,3009,中天火箭,航天航空,52.23,53.0,50.68,50.76,50.68,4841725,251043677.06,11.0005,-3.536,4.41,否,0.8,-5.228,8.578,2.359,9.633,否,155392977,44013683,7926595756.77,2245137969.83,59.411831,5.24763,6.568465,52.03,49.61,48.92,48.25,48.92,45.76,45.39,2020-09-25,-
2023-05-24,3009,中天火箭,航天航空,51.01,51.86,50.65,51.34,50.65,4208218,216905675.05,9.5612,1.137,2.39,否,0.64,-2.599,11.803,5.616,10.03,否,155392977,44013683,8016723683.43,2270665905.97,60.087363,5.307297,6.643151,52.2,49.88,49.06,48.36,48.95,45.8,45.44,2020-09-25,-
2023-05-25,3009,中天火箭,航天航空,50.97,51.92,50.53,51.65,50.53,3632092,186903308.12,8.2522,0.601,2.71,否,0.56,-1.843,2.237,6.232,8.897,否,155392977,44013683,8064895506.3,2284310147.7,60.448423,5.339188,6.683069,51.82,50.18,49.14,48.51,48.98,45.86,45.5,2020-09-25,-
2023-05-26,3009,中天火箭,航天航空,50.8,51.14,48.33,49.49,48.33,4319202,213797914.42,9.8133,-4.181,5.43,否,0.89,-2.502,-7.599,7.587,5.41,否,155392977,44013683,7727692746.21,2188800455.59,57.921003,5.11595,6.403642,51.17,50.53,49.13,48.6,48.99,45.91,45.55,2020-09-25,-
2023-05-29,3009,中天火箭,航天航空,49.96,50.93,48.62,49.91,48.62,2696818,134681612.5,6.1272,0.865,4.67,否,0.62,-2.785,-5.312,6.759,7.264,否,155392977,44013683,7794511726.32,2207726339.28,58.421828,5.160186,6.459012,50.63,50.85,49.13,48.71,49.01,45.96,45.59,2020-09-25,-
2023-05-30,3009,中天火箭,航天航空,49.69,50.25,47.98,49.39,47.98,3212791,158346085.07,7.2995,-1.057,4.55,否,0.82,-4.376,-6.138,7.557,6.124,否,155392977,44013683,7712153448.51,2184399087.29,57.804532,5.105663,6.390765,50.36,51.2,49.18,48.81,49.01,46.0,45.64,2020-09-25,-
2023-05-31,3009,中天火箭,航天航空,49.24,50.22,48.83,49.98,48.83,3033218,151825882.58,6.8915,1.209,2.82,否,0.84,0.99,-1.537,-1.069,2.924,否,155392977,44013683,7805389234.71,2210807297.09,58.503358,5.167387,6.468026,50.08,51.14,49.23,48.92,49.04,46.04,45.69,2020-09-25,-
2023-06-01,3009,中天火箭,航天航空,49.66,50.23,48.62,50.07,48.62,2686823,134016569.96,6.1045,0.179,3.23,否,0.8,0.321,-2.474,-6.516,0.16,否,155392977,44013683,7819374602.64,2214768528.56,58.608182,5.176646,6.479615,49.77,50.79,49.34,49.01,49.02,46.09,45.74,2020-09-25,-
2023-06-02,3009,中天火箭,航天航空,50.15,51.05,49.49,51.05,49.49,3452187,174535334.72,7.8434,1.948,3.12,否,1.08,3.361,-1.162,-3.149,2.737,否,155392977,44013683,7971659720.1,2257901937.9,59.749597,5.277463,6.605808,50.08,50.63,49.68,49.15,49.0,46.15,45.79,2020-09-25,-
2023-06-05,3009,中天火箭,航天航空,51.48,51.54,50.61,51.3,50.61,2941696,150928913.0,6.6836,0.487,1.81,否,0.98,2.641,3.657,-2.509,2.785,否,155392977,44013683,8010507964.35,2268905358.65,60.040774,5.303182,6.638,50.36,50.49,49.99,49.31,49.03,46.21,45.84,2020-09-25,-
2023-06-06,3009,中天火箭,航天航空,51.04,51.04,49.59,50.94,49.59,2820400,143054997.0,6.408,-0.698,2.83,否,0.92,1.738,2.064,0.355,4.901,否,155392977,44013683,7954566492.63,2253060432.77,59.621479,5.266147,6.591643,50.67,50.51,50.06,49.45,49.04,46.27,45.86,2020-09-25,-
2023-06-07,3009,中天火箭,航天航空,50.54,52.6,50.14,52.56,50.14,4455365,232366453.0,10.1227,3.184,4.83,否,1.49,2.958,6.418,2.376,7.551,否,155392977,44013683,8207857045.14,2324802736.06,61.519956,5.433832,6.801535,51.18,50.63,50.26,49.59,49.09,46.34,45.87,2020-09-25,-
2023-06-08,3009,中天火箭,航天航空,52.5,53.24,51.65,52.04,51.65,3821984,201600338.5,8.6836,-0.985,3.03,否,1.17,1.442,4.122,0.755,8.598,否,155392977,44013683,8127052697.1,2301915620.9,60.914307,5.380338,6.734576,51.58,50.67,50.43,49.65,49.13,46.42,45.88,2020-09-25,-
2023-06-09,3009,中天火箭,航天航空,51.55,53.21,51.3,52.97,51.3,3550400,185976388.0,8.0666,1.778,3.67,否,1.01,3.985,5.792,7.032,19.815,否,155392977,44013683,8271568165.71,2342848346.09,61.997486,5.476011,6.85433,51.96,51.02,50.78,49.76,49.18,46.51,45.91,2020-09-25,-
2023-06-12,3009,中天火箭,航天航空,52.74,53.64,52.18,52.68,52.18,3017891,160287947.28,6.8567,-0.545,2.74,否,0.86,0.228,3.193,5.55,16.859,否,155392977,44013683,8226504202.38,2330084378.02,61.659721,5.446177,6.816988,52.24,51.3,51.07,49.86,49.2,46.6,45.92,2020-09-25,-
2023-06-13,3009,中天火箭,航天航空,52.28,52.59,50.46,50.62,50.46,3319914,171677890.43,7.5429,-3.91,4.04,否,0.94,-2.729,-1.326,2.49,2.077,否,155392977,44013683,7904840739.99,2238976054.21,59.248772,5.233227,6.550437,52.17,51.42,51.31,49.92,49.19,46.68,45.93,2020-09-25,-
2023-06-14,3009,中天火箭,航天航空,50.35,51.31,49.96,50.88,49.96,2283552,116521723.49,5.1883,0.511,2.65,否,0.63,-3.946,-0.118,1.801,4.67,否,155392977,44013683,7945242914.01,2250419611.79,59.551596,5.259974,6.583917,51.84,51.51,51.33,49.99,49.2,46.75,45.94,2020-09-25,-
2023-06-15,3009,中天火箭,航天航空,50.65,51.68,50.21,51.27,50.21,1800899,92626046.2,4.0917,0.763,2.88,否,0.56,-2.677,-2.454,2.397,5.45,否,155393068,44013774,8005850863.36,2267589636.48,60.005833,5.300096,6.634137,51.68,51.63,51.21,50.1,49.2,46.83,45.96,2020-09-25,-
2023-06-16,3009,中天火箭,航天航空,51.27,55.23,51.21,52.52,51.21,3889252,208138057.5,8.8365,2.446,7.84,否,1.39,3.753,0.922,2.88,14.174,否,155393068,44013774,8201646129.04,2323046991.72,61.473367,5.429717,6.796385,51.59,51.78,51.2,50.38,49.23,46.94,46.0,2020-09-25,-
2023-06-19,3009,中天火箭,航天航空,51.79,53.54,51.79,52.84,51.79,3121617,166002457.19,7.0924,0.606,3.32,否,1.09,3.852,-0.245,3.002,13.027,否,155393068,44013774,8251371910.8,2337131399.4,61.846074,5.462637,6.837591,51.63,51.93,51.21,50.64,49.24,47.05,46.03,2020-09-25,-
2023-06-20,3009,中天火箭,航天航空,52.54,54.22,52.05,53.45,52.05,3166464,170138560.61,7.1943,1.149,4.11,否,1.1,4.252,1.462,4.927,16.398,否,155393068,44013774,8346161682.28,2363979801.54,62.556584,5.525394,6.916143,52.19,52.18,51.35,50.77,49.28,47.16,46.06,2020-09-25,-
2023-06-21,3009,中天火箭,航天航空,53.14,53.64,52.54,52.83,52.54,2079342,110770689.71,4.7243,-1.154,2.05,否,0.73,0.59,4.366,0.514,4.572,否,155393068,44013774,8249817980.12,2336691261.66,61.834463,5.461612,6.836307,52.58,52.21,51.42,50.91,49.29,47.28,46.09,2020-09-25,-
2023-06-26,3009,中天火箭,航天航空,52.34,54.88,51.74,54.73,51.74,4740620,255810165.47,10.7708,3.598,5.93,否,1.69,3.577,7.567,5.169,2.184,否,155393068,44013774,8546618740.0,2420757570.0,64.05906,5.658102,7.082254,53.27,52.48,51.58,51.11,49.36,47.42,46.13,2020-09-25,-
2023-06-27,3009,中天火箭,航天航空,54.23,58.43,53.74,56.35,53.74,5632651,313503457.88,12.7975,2.964,8.58,否,1.66,5.426,9.908,6.381,6.906,否,155393068,44013774,8799909440.84,2492500021.62,65.957537,5.825788,7.292146,54.04,52.82,51.92,51.46,49.49,47.57,46.17,2020-09-25,-
2023-06-28,3009,中天火箭,航天航空,55.67,59.7,55.03,58.71,55.03,7295817,424819867.49,16.5762,4.185,8.28,否,1.95,11.13,11.786,11.446,11.574,否,155393068,44013774,9168191012.0,2596812666.0,68.7179,6.069601,7.597327,55.21,53.42,52.36,51.86,49.68,47.73,46.22,2020-09-25,-
2023-06-29,3009,中天火箭,航天航空,58.14,59.03,57.17,57.87,57.17,4577801,267288396.18,10.4008,-1.424,3.17,否,1.0,5.737,9.519,14.322,14.007,否,155393068,44013774,9037660834.88,2559841095.84,67.739544,5.983186,7.489162,56.1,54.15,52.78,52.25,49.87,47.88,46.26,2020-09-25,-
2023-06-30,3009,中天火箭,航天航空,58.32,60.47,57.8,60.05,57.8,6121352,364974158.7,13.9078,3.754,4.6,否,1.26,6.566,12.348,18.023,16.965,否,155393123,44013829,9362435660.75,2651833197.25,70.173813,6.198196,7.75829,57.54,55.06,53.29,52.57,50.08,48.05,46.32,2020-09-25,-
2023-07-03,3009,中天火箭,航天航空,59.11,59.68,56.41,56.82,56.41,6152352,354718247.52,13.9782,-5.378,5.44,否,1.08,-3.219,7.553,10.825,10.01,否,155393123,44013829,8858961942.23,2509228391.29,66.400127,5.86488,7.341078,57.96,55.62,53.62,52.68,50.24,48.19,46.37,2020-09-25,-
2023-07-04,3009,中天火箭,航天航空,56.85,57.08,54.81,56.19,54.81,3892400,217840786.0,8.8436,-1.105,3.98,否,0.65,-2.903,2.668,6.988,13.538,否,155393123,44013829,8761064274.74,2481499679.02,65.666383,5.800071,7.259957,57.93,55.98,53.88,52.8,50.38,48.33,46.42,2020-09-25,-
2023-07-05,3009,中天火箭,航天航空,55.79,55.99,54.22,54.45,54.22,3912351,216257602.08,8.8889,-3.104,3.16,否,0.7,-9.326,-3.372,3.047,9.096,否,155393123,44013829,8489126309.49,2404475478.27,63.628139,5.620041,7.034612,57.08,56.15,54.04,52.86,50.5,48.45,46.45,2020-09-25,-
2023-07-06,3009,中天火箭,航天航空,54.33,55.23,53.02,53.12,53.02,4086565,221442916.16,9.2847,-2.435,4.06,否,0.83,-6.512,-9.521,-0.617,7.552,否,155393123,44013829,8282453455.9,2345937085.7,62.079074,5.483217,6.863351,56.13,56.11,54.15,52.94,50.59,48.55,46.48,2020-09-25,-
2023-07-07,3009,中天火箭,航天航空,53.12,53.39,52.12,52.77,52.12,2357900,124463849.0,5.3572,-0.657,2.38,否,0.49,-6.086,-8.813,-0.114,5.582,否,155393123,44013829,8228065862.85,2330532245.55,61.671426,5.447211,6.818282,54.67,56.11,54.16,52.98,50.67,48.65,46.5,2020-09-25,-
2023-07-10,3009,中天火箭,航天航空,53.07,53.62,52.49,53.23,52.49,2055500,109612004.0,4.6701,0.869,2.13,否,0.5,-2.241,-11.357,-2.741,6.311,否,155393123,44013829,8299546699.43,2350778606.89,62.207193,5.494534,6.877515,53.95,55.96,54.22,53.04,50.77,48.76,46.53,2020-09-25,-
2023-07-11,3009,中天火箭,航天航空,53.02,54.02,53.01,53.27,53.01,1886800,101280955.0,4.2868,0.075,1.89,否,0.58,0.282,-6.248,-5.466,4.349,否,155393123,44013829,8305762424.35,2352539160.05,62.253781,5.498649,6.882666,53.37,55.65,54.23,53.16,50.88,48.87,46.56,2020-09-25,-
2023-07-12,3009,中天火箭,航天航空,53.31,53.41,50.49,50.93,50.49,3528900,182429560.83,8.0177,-4.397,5.48,否,1.23,-3.487,-9.361,-13.252,-0.721,否,155393123,44013829,7940588585.3,2249106661.9,59.516711,5.256893,6.58006,52.66,54.87,54.15,53.2,50.95,48.96,46.58,2020-09-25,-
2023-07-13,3009,中天火箭,航天航空,49.15,50.43,48.34,50.05,48.34,3188700,158477783.95,7.2448,-1.722,4.11,否,1.15,-5.974,-8.081,-13.513,-1.747,否,155393123,44013829,7803842637.06,2210374492.38,58.491766,5.166364,6.466744,52.05,54.09,54.12,53.22,51.01,49.04,46.59,2020-09-25,-
2023-07-14,3009,中天火箭,航天航空,49.83,51.2,49.68,50.99,49.68,2439700,123812126.0,5.543,1.872,3.03,否,0.94,-4.28,-4.01,-15.087,-2.987,否,155393123,44013829,7949912172.68,2251747491.64,59.586594,5.263066,6.587786,51.69,53.18,54.12,53.25,51.09,49.13,46.6,2020-09-25,-
2023-07-17,3009,中天火箭,航天航空,50.99,51.38,50.4,51.2,50.4,1250500,64023119.0,2.8412,0.411,1.92,否,0.48,0.53,-2.975,-9.891,-1.614,否,155393123,44013829,7982544728.51,2260990395.73,59.831183,5.284669,6.614828,51.29,52.62,54.12,53.29,51.15,49.22,46.62,2020-09-25,-
2023-07-18,3009,中天火箭,航天航空,51.2,51.51,49.91,51.42,49.91,1194400,60857463.45,2.7137,0.428,3.11,否,0.49,2.737,-3.4,-8.489,-2.926,否,155393123,44013829,8016731215.57,2270673438.11,60.087419,5.307302,6.643157,50.92,52.14,54.06,53.3,51.22,49.31,46.63,2020-09-25,-
2023-07-19,3009,中天火箭,航天航空,51.33,51.33,50.44,50.82,50.44,970700,49483322.0,2.2054,-1.163,1.73,否,0.42,-0.333,-4.599,-6.667,-3.531,否,155393123,44013829,7923495341.77,2244265140.71,59.388593,5.245577,6.565896,50.9,51.78,53.96,53.29,51.3,49.39,46.64,2020-09-25,-
2023-07-20,3009,中天火箭,航天航空,50.63,50.89,49.91,50.34,49.91,978500,49406132.0,2.2232,-0.941,1.92,否,0.54,-1.68,-1.158,-5.233,-0.553,否,155393123,44013829,7848906642.73,2223138502.79,58.829532,5.196197,6.504087,50.95,51.5,53.81,53.27,51.36,49.46,46.66,2020-09-25,-
2023-07-21,3009,中天火箭,航天航空,50.31,50.81,50.13,50.48,50.13,703100,35614416.0,1.5975,0.277,1.35,否,0.51,-1.828,0.859,-4.34,-0.786,否,155393123,44013829,7870661679.95,2229300438.85,58.992591,5.2106,6.522115,50.85,51.27,53.69,53.2,51.39,49.53,46.68,2020-09-25,-
2023-07-24,3009,中天火箭,航天航空,50.33,51.81,50.01,51.12,50.01,1037500,53209930.42,2.3572,1.264,3.55,否,1.02,0.59,0.255,-3.964,-0.293,否,155393123,44013829,7970113278.67,2257469289.41,59.738006,5.276439,6.604526,50.84,51.06,53.51,53.17,51.41,49.61,46.7,2020-09-25,-
2023-07-25,3009,中天火箭,航天航空,51.05,52.16,50.73,51.88,50.73,1450100,75018553.34,3.2946,1.501,2.81,否,1.48,3.059,1.328,-2.609,-1.219,否,155393123,44013829,8089765983.38,2291359937.74,60.634833,5.355653,6.703678,50.93,50.92,53.29,53.13,51.45,49.68,46.73,2020-09-25,-
2023-07-26,3009,中天火箭,航天航空,51.65,52.12,50.43,50.58,50.43,1092600,56181239.0,2.4824,-2.516,3.27,否,1.06,0.198,-1.634,-0.687,-4.277,否,155393123,44013829,7886200992.25,2233701821.75,59.109062,5.220887,6.534991,50.88,50.89,52.88,53.06,51.46,49.73,46.75,2020-09-25,-
2023-07-27,3009,中天火箭,航天航空,50.38,51.43,50.15,50.6,50.15,1382309,70386982.75,3.1406,0.039,2.52,否,1.31,-1.017,-0.433,1.099,-5.332,否,155393123,44013829,7889308854.71,2234582098.33,59.132357,5.222945,6.537567,50.93,50.94,52.52,53.06,51.49,49.78,46.77,2020-09-25,-
2023-07-28,3009,中天火箭,航天航空,50.16,50.27,48.84,49.38,48.84,1781400,88182594.0,4.0474,-2.403,2.84,否,1.57,-4.819,-1.907,-3.157,-6.53,否,155393123,44013829,7699729244.65,2180885226.95,57.71141,5.097438,6.380469,50.71,50.78,51.98,53.01,51.5,49.83,46.78,2020-09-25,-
2023-07-31,3009,中天火箭,航天航空,49.04,49.71,49.04,49.71,49.04,1123300,55717910.0,2.5522,0.666,1.35,否,0.83,-1.72,-1.525,-2.91,-9.172,否,155393123,44013829,7751008975.24,2195409790.52,58.095764,5.131386,6.422963,50.43,50.63,51.63,52.96,51.53,49.88,46.78,2020-09-25,-
2023-08-01,3009,中天火箭,航天航空,49.63,49.71,48.47,48.61,48.47,1414567,69425409.33,3.2139,-2.225,2.51,否,1.04,-3.933,-4.91,-5.465,-13.736,否,155393123,44013829,7578522608.71,2146554440.33,56.802935,5.017195,6.28003,49.78,50.35,51.25,52.83,51.6,49.91,46.79,2020-09-25,-
2023-08-02,3009,中天火箭,航天航空,48.79,48.81,47.92,48.14,47.92,1055701,51068620.5,2.3986,-0.964,1.82,否,0.78,-2.511,-7.209,-5.274,-18.004,否,155393123,44013829,7505487840.9,2125867940.7,56.255521,4.968844,6.219509,49.29,50.08,50.93,52.67,51.65,49.94,46.79,2020-09-25,-
2023-08-03,3009,中天火箭,航天航空,48.14,48.27,47.54,48.08,47.54,748475,35981936.78,1.7005,-0.124,1.51,否,0.55,-3.279,-4.943,-4.489,-16.917,否,155393123,44013829,7496164253.52,2123227110.96,56.185639,4.962672,6.211783,48.78,49.86,50.68,52.49,51.63,49.97,46.8,2020-09-25,-
2023-08-04,3009,中天火箭,航天航空,48.19,48.53,48.05,48.4,48.05,805900,39102663.0,1.831,0.663,1.0,否,0.66,-0.432,-4.348,-4.12,-19.4,否,155393123,44013829,7545890052.88,2137311536.24,56.558346,4.995592,6.252989,48.59,49.65,50.46,52.34,51.63,50.0,46.8,2020-09-25,-
2023-08-07,3009,中天火箭,航天航空,48.35,48.83,47.62,47.78,47.62,1019400,49209101.0,2.3161,-1.277,2.49,否,0.99,-0.748,-3.24,-6.534,-15.91,否,155393123,44013829,7449546316.62,2110022962.26,55.836226,4.931809,6.173152,48.2,49.32,50.19,52.11,51.61,50.03,46.8,2020-09-25,-
2023-08-08,3009,中天火箭,航天航空,47.78,47.86,46.75,46.81,46.75,1247900,58798937.0,2.8352,-2.023,2.32,否,1.24,-2.641,-5.834,-9.773,-16.693,否,155393123,44013829,7298814987.31,2067329548.13,54.706456,4.832021,6.048247,47.84,48.81,49.87,51.79,51.63,50.04,46.79,2020-09-25,-
2023-08-09,3009,中天火箭,航天航空,46.76,47.28,46.63,47.17,46.63,832500,39256870.0,1.8915,0.766,1.38,否,0.85,-2.541,-2.962,-6.742,-13.37,否,155393123,44013829,7354756511.59,2083174526.57,55.125752,4.869056,6.094604,47.65,48.47,49.68,51.41,51.63,50.05,46.79,2020-09-25,-
2023-08-10,3009,中天火箭,航天航空,47.17,47.62,46.95,47.24,46.95,787400,37329154.0,1.789,0.148,1.42,否,0.85,-1.13,-1.87,-6.64,-11.069,否,155393123,44013829,7365634030.2,2086255494.6,55.207282,4.876257,6.103618,47.48,48.13,49.54,51.05,51.65,50.07,46.78,2020-09-25,-
2023-08-11,3009,中天火箭,航天航空,47.17,47.49,46.37,46.46,46.37,742400,34788188.0,1.6867,-1.646,2.36,否,0.79,-0.748,-3.369,-5.913,-11.958,否,155393123,44013829,7244427394.26,2051924707.98,54.298808,4.796015,6.003178,47.09,47.84,49.31,50.6,51.59,50.08,46.76,2020-09-25,-
2023-08-14,3009,中天火箭,航天航空,46.2,47.24,45.68,47.22,45.68,839151,39358626.35,1.9066,1.63,3.37,否,0.91,0.106,-2.438,-5.009,-11.291,否,155393123,44013829,7362526167.74,2085375218.02,55.183988,4.8742,6.101042,46.98,47.59,49.11,50.28,51.48,50.09,46.72,2020-09-25,-
2023-08-15,3009,中天火箭,航天航空,47.22,47.44,46.85,47.12,46.85,542400,25648920.0,1.2323,-0.211,1.25,否,0.61,-0.254,-1.381,-3.065,-11.545,否,155393123,44013829,7346986855.44,2080973835.12,55.067517,4.863912,6.088165,47.04,47.44,48.9,49.98,51.39,50.11,46.69,2020-09-25,-
2023-08-16,3009,中天火箭,航天航空,46.72,47.39,46.09,46.14,46.09,719514,33727576.76,1.6347,-2.073,2.75,否,0.96,-0.689,-1.431,-4.155,-9.405,否,155393123,44013829,7194701594.9,2037840282.7,53.9261,4.763095,5.961972,46.84,47.24,48.66,49.7,51.28,50.09,46.66,2020-09-25,-
2023-08-17,3009,中天火箭,航天航空,46.14,50.76,45.55,50.0,45.55,4268135,210415455.2,9.6973,8.359,11.3,否,5.88,5.887,6.0,3.993,-0.1,否,155393123,44013829,7796072980.91,2208173800.93,58.43353,5.16122,6.460306,47.39,47.43,48.65,49.6,51.27,50.1,46.65,2020-09-25,-
2023-08-18,3009,中天火箭,航天航空,49.33,49.85,47.87,48.02,47.87,3146700,154511652.0,7.1493,-3.967,3.97,否,2.21,1.91,1.651,-0.785,-5.825,否,155393123,44013829,7486840666.14,2120586281.22,56.115756,4.956499,6.204057,47.7,47.4,48.52,49.44,51.21,50.08,46.63,2020-09-25,-
2023-08-21,3009,中天火箭,航天航空,48.02,49.31,46.44,46.69,46.44,2253400,107753750.0,5.1198,-2.761,5.98,否,1.18,1.192,0.495,-2.281,-8.809,否,155393123,44013829,7280167812.55,2062047888.65,54.566691,4.819676,6.032795,47.59,47.29,48.3,49.22,51.13,50.06,46.6,2020-09-25,-
2023-08-22,3009,中天火箭,航天航空,46.55,51.37,46.55,50.53,46.55,6018341,302075431.08,13.6738,8.218,10.31,否,2.75,1.06,7.01,7.947,-1.731,否,155393123,44013829,7878431336.1,2231501130.3,59.050827,5.215743,6.528553,48.28,47.66,48.23,49.13,51.15,50.07,46.6,2020-09-25,-
2023-08-23,3009,中天火箭,航天航空,49.58,50.02,48.32,48.57,48.32,4230655,209054712.78,9.6121,-3.886,3.37,否,1.29,1.145,3.077,2.968,-4.427,否,155393123,44013829,7572306883.79,2144793887.17,56.756347,5.01308,6.274879,48.76,47.8,48.13,49.05,51.12,50.07,46.59,2020-09-25,-
2023-08-24,3009,中天火箭,航天航空,47.99,48.98,47.04,48.34,47.04,4037651,193398878.84,9.1736,-0.472,4.0,否,1.01,3.534,4.768,2.329,-3.973,否,155393123,44013829,7536566465.5,2134670706.5,82.964225,5.018459,6.713438,48.43,47.91,48.02,48.99,51.11,50.06,46.57,2020-09-25,-
2023-08-25,3009,中天火箭,航天航空,48.24,48.24,46.62,47.28,46.62,2506600,118472867.33,5.695,-2.186,3.34,否,0.64,-6.432,-5.44,1.765,-6.339,否,155393123,44013829,7371849755.12,2088016047.76,81.150987,4.908777,6.566711,48.28,47.99,47.92,48.87,51.06,50.05,46.55,2020-09-25,-
2023-08-28,3009,中天火箭,航天航空,50.31,50.33,45.57,46.76,45.57,3085307,147534362.93,7.0099,-1.096,10.08,否,0.81,-3.727,-2.624,-0.974,-8.529,否,155393123,44013829,7291045331.16,2065128856.68,80.261473,4.854971,6.494732,48.3,47.95,47.77,48.72,51.01,50.01,46.52,2020-09-25,-
2023-08-29,3009,中天火箭,航天航空,46.34,48.03,45.73,47.51,45.73,2845500,134636799.49,6.465,1.599,4.92,否,0.72,-1.717,1.756,0.828,-8.423,否,155393123,44013829,7407590173.41,2098139228.43,81.544425,4.932576,6.598548,47.69,47.98,47.71,48.59,50.95,49.98,46.5,2020-09-25,-
2023-08-30,3009,中天火箭,航天航空,47.24,48.23,46.54,47.22,46.54,2600407,123604074.0,5.9082,-0.608,3.55,否,0.78,-0.127,-6.551,2.341,-6.643,否,155393123,44013829,7362526167.74,2085375218.02,81.04835,4.902569,6.558406,47.42,48.09,47.67,48.47,50.88,49.96,46.48,2020-09-25,-
2023-08-31,3009,中天火箭,航天航空,47.22,47.22,46.23,46.5,46.23,1484700,69415075.0,3.3733,-1.52,2.09,否,0.49,-0.556,-4.262,-7.0,-8.103,否,155393123,44013829,7250643119.18,2053685261.14,79.816717,4.828068,6.458743,47.05,47.74,47.59,48.34,50.81,49.92,46.47,2020-09-25,-
2023-09-01,3009,中天火箭,航天航空,46.56,47.98,46.22,47.52,46.22,2107200,99764479.82,4.7876,2.186,3.77,否,0.84,0.021,-1.696,-1.041,-3.767,否,155393123,44013829,7409144104.64,2098579366.72,81.561531,4.933611,6.599932,47.1,47.69,47.54,48.25,50.72,49.91,46.46,2020-09-25,-
2023-09-04,3009,中天火箭,航天航空,47.14,47.84,47.09,47.67,47.09,1743800,83200157.0,3.9619,0.315,1.57,否,0.72,0.953,0.825,2.099,-4.104,否,155393123,44013829,7432453073.09,2105181441.07,81.818122,4.949132,6.620696,47.28,47.79,47.54,48.13,50.65,49.89,46.46,2020-09-25,-
2023-09-05,3009,中天火箭,航天航空,47.65,47.98,47.23,47.28,47.23,1391800,66299202.0,3.1622,-0.815,1.57,否,0.65,1.677,1.112,-6.432,-2.736,否,155393123,44013829,7371849755.12,2088016047.76,81.150987,4.908777,6.566711,47.24,47.47,47.56,47.98,50.55,49.87,46.46,2020-09-25,-
2023-09-06,3009,中天火箭,航天航空,47.24,47.84,46.58,47.76,46.58,2012100,95915010.0,4.5715,1.012,2.66,否,1.08,0.505,0.526,-1.668,-0.789,否,155393123,44013829,7446438454.16,2109142685.68,81.972076,4.958444,6.633154,47.35,47.38,47.59,47.88,50.47,49.83,46.47,2020-09-25,-
2023-09-07,3009,中天火箭,航天航空,47.32,47.76,46.16,46.32,46.16,1886200,88575399.0,4.2855,-3.005,3.34,否,1.08,-2.832,-1.906,-4.179,-3.661,否,155393123,44013829,7222672357.04,2045762771.92,79.508808,4.809443,6.433827,47.31,47.18,47.55,47.74,50.4,49.8,46.47,2020-09-25,-
2023-09-08,3009,中天火箭,航天航空,46.16,48.42,46.04,47.67,46.04,2640100,125723604.0,5.9983,2.905,5.12,否,1.44,0.825,2.516,0.825,-1.508,否,155393123,44013829,7432453073.09,2105181441.07,81.818122,4.949132,6.620696,47.34,47.22,47.61,47.68,50.35,49.77,46.48,2020-09-25,-
2023-09-11,3009,中天火箭,航天航空,47.29,47.42,46.72,47.29,46.72,1450800,68503263.0,3.2962,-0.795,1.46,否,0.75,-0.984,-0.484,1.133,-1.026,否,155393123,44013829,7373403686.35,2088456186.05,81.168093,4.909812,6.568096,47.26,47.27,47.61,47.6,50.28,49.74,46.5,2020-09-25,-
2023-09-12,3009,中天火箭,航天航空,47.24,47.24,46.74,46.84,46.74,940600,44253759.0,2.1371,-0.948,1.05,否,0.5,1.123,-1.741,-1.41,0.064,否,155393123,44013829,7303476781.0,2068649963.0,80.398321,4.863249,6.505806,47.18,47.21,47.6,47.54,50.19,49.71,46.51,2020-09-25,-
2023-09-13,3009,中天火箭,航天航空,46.79,46.83,44.4,44.97,44.4,2171334,99012626.03,4.9333,-4.0,5.19,否,1.22,-5.664,-4.886,-4.765,-4.664,否,155393123,44013829,7011337709.76,1985903964.48,77.182389,4.668719,6.245574,46.62,46.98,47.54,47.44,50.05,49.65,46.51,2020-09-25,-
2023-09-14,3009,中天火箭,航天航空,44.99,45.13,42.77,43.04,42.77,2317009,101159675.8,5.2643,-4.278,5.25,否,1.27,-8.987,-9.883,-7.441,-8.891,否,155393123,44013829,6711428982.37,1900957274.51,73.880926,4.469015,5.97842,45.96,46.64,47.19,47.27,49.88,49.58,46.5,2020-09-25,-
2023-09-15,3009,中天火箭,航天航空,43.06,43.26,42.56,42.75,42.56,1062318,45635346.6,2.4136,-0.695,1.64,否,0.56,-8.732,-7.707,-10.038,-7.985,否,155393123,44013829,6664811045.47,1887753125.81,73.367745,4.437973,5.936894,44.98,46.16,46.93,47.08,49.71,49.5,46.49,2020-09-25,-
2023-09-18,3009,中天火箭,航天航空,42.67,42.77,41.89,42.63,41.89,771400,32845739.0,1.7526,-0.28,2.05,否,0.49,-5.203,-10.573,-10.573,-9.72,否,155393123,44013829,6646163870.71,1882471466.33,73.162472,4.425556,5.920283,44.05,45.66,46.72,46.91,49.51,49.43,46.48,2020-09-25,-
2023-09-19,3009,中天火箭,航天航空,42.63,42.7,41.68,41.7,41.68,897851,37808963.52,2.0399,-2.174,2.38,否,0.62,-3.113,-11.821,-11.802,-11.503,否,155393123,44013829,6501648266.32,1841538605.36,71.571612,4.329326,5.791551,43.02,45.1,46.28,46.74,49.27,49.38,46.47,2020-09-25,-
2023-09-20,3009,中天火箭,航天航空,41.68,41.84,40.74,40.82,40.74,1030500,42598250.0,2.3413,-2.103,2.63,否,0.71,-4.515,-12.852,-14.531,-11.53,否,155393123,44013829,6364902318.08,1802806435.84,70.066282,4.23827,5.669741,42.19,44.4,45.89,46.53,48.97,49.33,46.45,2020-09-25,-
2023-09-21,3009,中天火箭,航天航空,40.86,41.47,40.66,40.87,40.66,792800,32634800.0,1.8013,0.122,1.98,否,0.65,-4.129,-9.117,-11.766,-18.26,否,155393123,44013829,6372671974.23,1805007127.29,70.151812,4.243443,5.676662,41.75,43.86,45.52,46.32,48.69,49.28,46.43,2020-09-25,-
2023-09-22,3009,中天火箭,航天航空,40.86,41.36,40.52,41.34,40.52,901751,37127859.32,2.0488,1.146,2.05,否,0.99,-0.863,-3.95,-13.279,-13.911,否,155393123,44013829,6445706742.04,1825693626.92,70.955795,4.292076,5.74172,41.47,43.23,45.22,46.15,48.37,49.23,46.41,2020-09-25,-
2023-09-25,3009,中天火箭,航天航空,41.33,41.33,40.89,41.22,40.89,531551,21906899.61,1.2077,-0.289,1.06,否,0.6,0.98,-3.579,-12.836,-11.716,否,155393123,44013829,6427059567.28,1820411967.44,70.750523,4.279659,5.725109,41.19,42.62,44.95,45.95,48.11,49.18,46.4,2020-09-25,-
2023-09-26,3009,中天火箭,航天航空,41.17,41.64,40.97,41.57,40.97,611400,25405989.68,1.3891,0.846,1.62,否,0.74,1.713,-2.487,-11.251,-17.732,否,155393123,44013829,6481447160.33,1835816807.59,71.349234,4.315875,5.773557,41.16,42.09,44.65,45.76,47.87,49.12,46.39,2020-09-25,-
2023-09-27,3009,中天火箭,航天航空,41.57,42.08,41.46,42.08,41.46,835591,35077774.38,1.8985,1.223,1.49,否,1.08,1.79,0.911,-6.427,-13.362,否,155393123,44013829,6560697653.06,1858263860.38,72.221641,4.368646,5.844152,41.42,41.8,44.39,45.63,47.66,49.08,46.39,2020-09-25,-
2023-09-28,3009,中天火箭,航天航空,42.07,42.64,42.06,42.33,42.06,819818,34794498.93,1.8626,0.592,1.37,否,1.12,2.693,3.699,-1.65,-12.433,否,155393160,44013866,6599547505.2,1869268889.02,72.649292,4.394514,5.878757,41.71,41.73,44.18,45.37,47.48,49.04,46.39,2020-09-25,-
2023-10-09,3009,中天火箭,航天航空,42.78,43.43,42.78,43.29,42.78,1483399,64188871.52,3.3703,2.284,1.55,否,2.0,4.138,5.921,1.263,-8.439,否,155393160,44013866,6750278870.4,1911962339.04,74.308576,4.494883,6.013026,42.1,41.79,43.97,45.21,47.33,49.0,46.39,2020-09-25,-
2023-10-10,3009,中天火箭,航天航空,43.4,43.55,42.16,42.3,42.16,1282900,54890824.0,2.9148,-2.302,3.22,否,1.5,0.523,2.322,-0.774,-9.538,否,155393160,44013866,6594885710.4,1867948473.04,72.597991,4.391411,5.874606,42.31,41.75,43.7,45.07,47.14,48.96,46.38,2020-09-25,-
2023-10-11,3009,中天火箭,航天航空,42.3,42.74,41.86,42.23,41.86,935399,39678467.52,2.1252,-0.165,2.07,否,0.93,-0.236,2.45,1.271,-11.113,否,155393160,44013866,6584008189.2,1864867502.42,72.478249,4.384168,5.864916,42.45,41.81,43.45,44.79,46.96,48.92,46.37,2020-09-25,-
2023-10-12,3009,中天火箭,航天航空,42.44,42.44,41.82,42.03,41.82,823551,34660835.02,1.8711,-0.472,1.46,否,0.77,-2.911,1.107,2.964,-10.991,否,155393160,44013866,6552929557.2,1856064729.22,72.136128,4.363473,5.837232,42.44,41.93,43.16,44.57,46.81,48.88,46.37,2020-09-25,-
2023-10-13,3009,中天火箭,航天航空,41.94,41.94,41.31,41.38,41.31,671600,27960586.0,1.5259,-1.541,1.49,否,0.63,-2.175,-1.663,1.248,-11.011,否,155393160,44013866,6451924003.2,1827455716.32,71.024236,4.296216,5.747258,42.25,41.98,42.92,44.34,46.67,48.84,46.37,2020-09-25,-
2023-10-16,3009,中天火箭,航天航空,41.32,45.52,41.32,45.52,41.32,5645071,255356145.48,12.8257,9.995,10.14,否,5.43,7.791,7.536,10.111,-4.209,是,155393160,44013866,7096805617.2,2010113260.22,78.123239,4.72563,6.321707,42.69,42.4,42.81,44.28,46.58,48.83,46.39,2020-09-25,-
2023-10-17,3009,中天火箭,航天航空,44.85,50.07,44.15,47.25,44.15,8238008,383172671.36,18.7168,3.81,13.01,否,4.4,12.42,9.148,14.629,-0.881,否,155393160,44013866,7367189715.6,2086697387.06,81.099688,4.905674,6.56256,43.68,43.0,42.81,44.3,46.51,48.83,46.42,2020-09-25,-
2023-10-18,3009,中天火箭,航天航空,46.14,46.31,44.88,45.03,44.88,4309664,196098088.08,9.7916,-4.704,3.04,否,1.32,8.821,6.454,8.323,-4.759,否,155393160,44013866,7020662968.8,1988546465.88,77.285043,4.674928,6.25388,44.24,43.34,42.72,44.21,46.4,48.81,46.45,2020-09-25,-
2023-10-19,3009,中天火箭,航天航空,44.5,48.1,44.36,46.49,44.36,5949272,275346843.62,13.5168,3.254,8.3,否,1.51,2.131,10.088,10.48,-2.659,否,155393160,44013866,7249090914.0,2053246848.9,79.799629,4.827034,6.45736,45.13,43.79,42.79,44.19,46.33,48.81,46.48,2020-09-25,-
2023-10-20,3009,中天火箭,航天航空,45.35,48.22,44.64,47.38,44.64,5136423,239211324.44,11.67,1.908,7.7,否,1.04,0.275,12.729,11.93,2.288,否,155393160,44013866,7387390826.4,2092419189.64,81.322066,4.919125,6.580555,46.33,44.29,43.01,44.22,46.28,48.82,46.51,2020-09-25,-
2023-10-23,3009,中天火箭,航天航空,46.41,48.51,45.4,47.58,45.4,5797023,275070002.06,13.1709,0.421,6.56,否,0.99,5.663,14.983,9.91,-0.189,否,155393160,44013866,7418469458.4,2101221962.84,81.664187,4.93982,6.608239,46.75,44.72,43.25,44.22,46.23,48.81,46.55,2020-09-25,-
2023-10-24,3009,中天火箭,航天航空,46.8,47.34,45.21,46.33,45.21,3921123,182108173.51,2.5234,-2.618,4.48,否,0.67,-0.344,1.779,9.527,-2.03,否,155393160,155392106,7224228008.4,7224179007.94,79.525933,4.810478,6.435213,46.56,45.12,43.44,44.18,46.15,48.78,46.58,2020-09-25,-
2023-10-25,3009,中天火箭,航天航空,46.29,48.54,45.62,47.45,45.62,4381274,208134576.14,2.8195,2.409,6.3,否,0.87,0.148,0.423,12.361,1.302,否,155393160,155392106,7398268347.6,7398218166.66,81.441808,4.926369,6.590245,47.05,45.64,43.72,44.18,46.08,48.76,46.6,2020-09-25,-
2023-10-26,3009,中天火箭,航天航空,47.43,47.94,46.34,46.77,46.34,3253374,153370334.05,2.0937,-1.428,3.36,否,0.65,-1.702,3.864,11.278,4.003,否,155393160,155392106,7292600998.8,7292551534.58,80.278598,4.856007,6.496118,47.1,46.12,44.02,44.15,46.02,48.74,46.62,2020-09-25,-
2023-10-27,3009,中天火箭,航天航空,45.85,46.37,44.35,46.04,44.35,3532751,160697991.66,2.2734,-1.556,4.33,否,0.79,-0.626,-0.968,11.261,6.97,否,155393160,155392106,7179163992.0,7179115297.2,94.843061,4.758612,6.679374,46.83,46.58,44.28,44.14,45.94,48.72,46.64,2020-09-25,-
2023-10-30,3009,中天火箭,航天航空,45.15,46.17,45.03,45.98,45.03,2099600,96344606.0,1.3512,-0.13,2.49,否,0.5,-3.098,-2.955,1.011,7.556,否,155393160,155392106,7169840402.4,7169791770.84,94.719888,4.752432,6.670699,46.51,46.63,44.51,44.08,45.88,48.69,46.66,2020-09-25,-
2023-10-31,3009,中天火箭,航天航空,45.98,48.04,45.73,46.91,45.73,3656923,172837761.42,2.3534,2.016,5.03,否,1.06,0.299,-1.408,-0.72,10.04,否,155393160,155392106,7314356041.2,7314306429.42,96.629067,4.848222,6.805154,46.63,46.6,44.8,44.07,45.84,48.68,46.68,2020-09-25,-
2023-11-01,3009,中天火箭,航天航空,46.32,48.28,45.45,47.0,45.45,3054174,143163513.35,1.9655,0.191,6.03,否,0.9,2.085,1.446,4.375,12.71,否,155393160,155392106,7328341425.6,7328291718.96,96.813826,4.857492,6.818166,46.54,46.79,45.07,44.08,45.81,48.71,46.71,2020-09-25,-
2023-11-02,3009,中天火箭,航天航空,46.71,46.83,45.66,45.82,45.66,1878400,86974031.0,1.2088,-2.523,2.5,否,0.6,-0.348,-3.435,-1.441,12.249,否,155393160,155392106,7143423565.2,7143375112.82,94.370898,4.734922,6.646122,46.35,46.73,45.26,44.1,45.77,48.71,46.72,2020-09-25,-
2023-11-03,3009,中天火箭,航天航空,45.68,46.8,45.65,46.17,45.65,1918823,89140088.88,1.2348,0.783,2.52,否,0.67,-1.577,-1.283,-2.554,12.968,否,155393160,155392106,7199365102.8,7199316270.98,95.109935,4.772002,6.698169,46.38,46.61,45.45,44.21,45.74,48.68,46.74,2020-09-25,-
2023-11-06,3009,中天火箭,航天航空,46.14,47.51,45.86,47.43,45.86,2500842,117540536.3,1.6094,2.72,3.58,否,0.99,0.915,3.019,-0.315,14.731,否,155393160,155392106,7395160484.4,7395110324.54,97.696564,4.901782,6.880333,46.67,46.59,45.65,44.36,45.72,48.67,46.76,2020-09-25,-
2023-11-07,3009,中天火箭,航天航空,47.04,47.94,46.74,47.21,46.74,1872716,88511469.83,1.2052,-0.462,2.52,否,0.72,3.034,2.675,1.899,14.532,否,155393160,155392106,7360973989.2,7360924061.22,97.244931,4.879122,6.848527,46.73,46.68,45.9,44.52,45.71,48.66,46.78,2020-09-25,-
2023-11-08,3009,中天火箭,航天航空,46.85,47.32,46.34,47.08,46.34,2082800,97794719.0,1.3404,-0.274,2.07,否,0.93,1.971,0.362,-0.78,13.255,否,155393160,155392106,7340772878.4,7340723087.44,96.978056,4.865732,6.829732,46.74,46.64,46.14,44.7,45.72,48.67,46.81,2020-09-25,-
2023-11-09,3009,中天火箭,航天航空,46.84,47.3,46.54,47.01,46.54,1566093,73630821.75,1.0078,-0.148,1.61,否,0.76,-0.886,0.021,0.513,11.716,否,155393160,155392106,7329895357.2,7329845640.02,96.834355,4.858522,6.819612,46.98,46.67,46.39,44.9,45.72,48.67,46.83,2020-09-25,-
2023-11-10,3009,中天火箭,航天航空,46.84,49.34,46.67,49.11,46.67,6090310,295644305.8,3.9193,4.473,5.68,否,3.06,4.025,7.18,6.668,16.017,否,155393160,155392106,7657774924.8,7657722983.68,101.165932,5.075852,7.124666,47.57,46.97,46.78,45.18,45.75,48.7,46.86,2020-09-25,-
2023-11-13,3009,中天火箭,航天航空,49.11,49.73,48.12,49.66,48.12,4204400,206101949.0,2.7057,1.116,3.29,否,1.49,5.48,7.559,8.003,14.715,否,155393160,155392106,7743241162.8,7743188641.98,102.295016,5.132502,7.204182,48.01,47.34,46.99,45.46,45.8,48.69,46.89,2020-09-25,-
2023-11-14,3009,中天火箭,航天航空,49.18,49.67,48.35,48.89,48.35,3251700,159508506.7,2.0926,-1.545,2.67,否,1.03,3.999,3.078,4.221,15.579,否,155393160,155392106,7623588429.6,7623536720.36,100.714298,5.053192,7.092859,48.35,47.54,47.07,45.71,45.83,48.65,46.91,2020-09-25,-
2023-11-15,3009,中天火箭,航天航空,48.9,48.92,48.04,48.5,48.04,2592400,125684832.0,1.6683,-0.815,1.81,否,0.75,-1.242,2.732,3.191,14.847,否,155393160,155392106,7561431165.6,7561379877.96,99.893146,5.011992,7.035029,48.63,47.69,47.24,45.94,45.85,48.62,46.93,2020-09-25,-
2023-11-16,3009,中天火箭,航天航空,48.14,48.86,47.94,48.04,47.94,1830288,88814617.0,1.1779,-0.945,1.89,否,0.52,-3.262,2.039,4.845,14.299,否,155393160,155392106,7489950312.0,7489899509.2,98.948821,4.964612,6.968524,48.84,47.91,47.32,46.14,45.88,48.58,46.95,2020-09-25,-
2023-11-17,3009,中天火箭,航天航空,48.29,48.91,47.29,48.89,47.29,3406100,164994293.0,2.1919,1.764,3.38,否,0.95,0.0,3.999,5.891,18.149,否,155393160,155392106,7622034498.0,7621982799.3,100.693769,5.052162,7.091413,48.8,48.18,47.39,46.36,45.86,48.57,46.97,2020-09-25,-
2023-11-20,3009,中天火箭,航天航空,48.43,49.1,48.22,48.93,48.22,2238500,109248310.0,1.4405,0.102,1.81,否,0.73,0.887,-0.367,3.163,7.491,否,155393160,155392106,7629804156.0,7629752404.6,100.796413,5.057312,7.098642,48.65,48.33,47.46,46.55,45.88,48.55,46.99,2020-09-25,-
2023-11-21,3009,中天火箭,航天航空,48.66,50.98,47.5,47.69,47.5,4950235,245804018.25,3.1856,-2.546,7.11,否,1.86,-0.729,-3.967,1.017,0.931,否,155393160,155392106,7435562706.0,7435512272.1,98.230313,4.928562,6.917923,48.41,48.38,47.53,46.73,45.9,48.51,47.02,2020-09-25,-
2023-11-22,3009,中天火箭,航天航空,46.84,47.6,46.05,46.09,46.05,3133935,146671631.5,2.0168,-3.344,3.24,否,1.04,-5.727,-5.727,-2.103,2.354,否,155393160,155392106,7186933650.0,7186884902.5,94.945705,4.763762,6.686603,47.93,48.28,47.46,46.86,45.82,48.48,47.03,2020-09-25,-
2023-11-23,3009,中天火箭,航天航空,45.53,46.6,45.51,46.08,45.51,1515917,70229649.74,0.9755,-0.022,2.38,否,0.49,-5.825,-4.99,-1.978,-0.882,否,155393160,155392106,7185379718.4,7185330981.44,94.925176,4.762732,6.685157,47.54,48.19,47.43,46.99,45.78,48.45,47.05,2020-09-25,-
2023-11-24,3009,中天火箭,航天航空,45.86,46.07,44.48,44.54,44.48,2005000,90721500.0,1.2903,-3.352,3.46,否,0.66,-6.605,-7.286,-9.306,-5.994,否,155393160,155392106,6944520320.4,6944473217.14,91.743212,4.603081,6.461065,46.67,47.73,47.35,47.1,45.72,48.41,47.06,2020-09-25,-
2023-11-27,3009,中天火箭,航天航空,44.55,44.83,43.45,44.12,43.45,1408200,62222407.0,0.9062,-0.94,3.09,否,0.51,-4.274,-9.757,-11.156,-7.272,否,155393160,155392106,6879255193.2,6879208532.62,90.881002,4.559821,6.400344,45.7,47.18,47.26,47.05,45.66,48.36,47.06,2020-09-25,-
2023-11-28,3009,中天火箭,航天航空,43.9,44.43,43.87,44.3,43.87,950318,42172716.56,0.6116,0.407,1.26,否,0.37,-3.863,-9.462,-9.388,-4.382,否,155393160,155392106,6907225962.0,6907179111.7,91.250521,4.578361,6.426367,45.03,46.72,47.13,46.95,45.62,48.31,47.07,2020-09-25,-
2023-11-29,3009,中天火箭,航天航空,44.33,44.61,43.97,44.25,43.97,951900,42344692.0,0.6126,-0.113,1.44,否,0.53,-0.651,-7.213,-8.763,-6.744,否,155393160,155392106,6899456304.0,6899409506.4,91.147877,4.573211,6.419139,44.66,46.29,46.99,46.92,45.57,48.26,47.08,2020-09-25,-
2023-11-30,3009,中天火箭,航天航空,44.24,44.41,43.47,43.79,43.47,971097,42710160.11,0.6249,-1.036,2.12,否,0.71,-0.748,-4.99,-8.847,-6.372,否,155393160,155392106,6827975450.4,6827929137.64,90.203552,4.525831,6.352634,44.2,45.87,46.89,46.83,45.51,48.2,47.08,2020-09-25,-
2023-12-01,3009,中天火箭,航天航空,43.73,44.43,43.59,44.27,43.59,802800,35481684.0,0.5166,1.092,1.91,否,0.64,-0.068,-3.928,-9.45,-3.844,否,155393160,155392106,6902564167.2,6902517348.52,91.188934,4.575271,6.42203,44.15,45.41,46.79,46.73,45.48,48.14,47.09,2020-09-25,-
2023-12-04,3009,中天火箭,航天航空,44.27,44.99,44.16,44.73,44.16,1251500,56134420.0,0.8054,1.036,1.87,否,1.23,1.085,0.427,-8.584,-2.719,否,155393160,155392106,6974045020.8,6973997717.28,92.133259,4.622651,6.488535,44.27,44.99,46.66,46.64,45.43,48.07,47.08,2020-09-25,-
2023-12-05,3009,中天火箭,航天航空,44.94,44.99,43.57,43.59,43.57,996500,44046742.0,0.6413,-2.54,3.16,否,1.01,-0.457,-1.201,-8.597,-7.077,否,155393160,155392106,6796896818.4,6796850716.44,89.792976,4.505231,6.323719,44.13,44.58,46.48,46.54,45.36,48.0,47.08,2020-09-25,-
2023-12-06,3009,中天火箭,航天航空,43.43,44.04,43.29,43.46,43.29,655700,28759503.0,0.422,-0.297,1.71,否,0.66,-1.83,-1.896,-5.706,-7.532,否,155393160,155392106,6776695707.6,6776649742.66,89.526101,4.491841,6.304924,43.97,44.31,46.3,46.41,45.3,47.93,47.08,2020-09-25,-
2023-12-07,3009,中天火箭,航天航空,43.77,43.77,42.89,43.21,42.89,924200,40011381.0,0.5948,-0.573,2.04,否,0.99,-3.398,-2.35,-6.228,-5.696,否,155393160,155392106,6737847417.6,6737801716.16,89.012881,4.466091,6.26878,43.85,44.03,46.11,46.29,45.22,47.85,47.08,2020-09-25,-
2023-12-08,3009,中天火箭,航天航空,43.22,43.51,42.76,42.76,42.76,843700,36499903.0,0.5429,-1.061,1.75,否,0.91,-1.904,-2.352,-3.996,-7.386,否,155393160,155392106,6666366564.0,6666321347.4,88.068557,4.418711,6.202276,43.55,43.85,45.79,46.18,45.16,47.78,47.07,2020-09-25,-
2023-12-11,3009,中天火箭,航天航空,42.36,43.74,42.3,43.61,42.3,952779,41379557.06,0.6131,2.005,3.38,否,1.02,0.345,-1.491,-1.156,-8.054,否,155393160,155392106,6800004681.6,6799958558.56,89.834033,4.507291,6.32661,43.33,43.8,45.49,46.1,45.09,47.72,47.07,2020-09-25,-
2023-12-12,3009,中天火箭,航天航空,43.46,44.31,43.46,43.75,43.46,801600,35323813.0,0.5159,0.32,1.94,否,0.92,1.25,-2.191,-1.242,-7.329,否,155393160,155392106,6821759724.0,6821713453.4,90.121437,4.521711,6.346851,43.36,43.74,45.23,46.0,45.04,47.66,47.06,2020-09-25,-
2023-12-13,3009,中天火箭,航天航空,43.85,44.53,43.55,43.65,43.55,891300,39433038.0,0.5736,-0.228,2.23,否,1.07,2.081,0.138,-1.356,-7.285,否,155393160,155392106,6806220408.0,6806174242.8,89.916149,4.511411,6.332393,43.4,43.68,44.99,45.89,44.98,47.58,47.06,2020-09-25,-
2023-12-14,3009,中天火箭,航天航空,43.6,44.26,43.54,43.71,43.54,788079,34682761.32,0.5072,0.137,1.64,否,0.89,0.229,0.575,-0.183,-7.02,否,155393160,155392106,6815543997.6,6815497769.16,90.039321,4.517591,6.341068,43.5,43.67,44.77,45.82,44.96,47.51,47.06,2020-09-25,-
2023-12-15,3009,中天火箭,航天航空,43.7,43.94,42.89,43.1,42.89,745118,32434102.14,0.4795,-1.391,2.42,否,0.87,-1.486,-0.255,-2.643,-12.238,否,155393160,155392106,6720754170.0,6720708584.5,88.787065,4.454761,6.252877,43.56,43.56,44.48,45.72,44.96,47.42,47.06,2020-09-25,-
2023-12-18,3009,中天火箭,航天航空,43.06,43.06,42.32,42.49,42.32,769218,32837472.82,0.495,-1.434,1.73,否,0.92,-2.658,-0.631,-5.008,-14.438,否,155393160,155392106,6624410410.8,6624365478.78,87.514279,4.390901,6.16324,43.34,43.33,44.16,45.55,44.96,47.34,47.05,2020-09-25,-
2023-12-19,3009,中天火箭,航天航空,42.46,42.97,42.28,42.78,42.28,546600,23396787.0,0.3518,0.68,1.64,否,0.68,-2.128,-1.903,-1.858,-12.497,否,155393160,155392106,6669474427.2,6669429189.52,88.109614,4.420771,6.205167,43.15,43.25,43.91,45.4,44.96,47.24,47.05,2020-09-25,-
2023-12-20,3009,中天火箭,航天航空,42.8,42.95,41.65,41.71,41.65,799100,33818398.0,0.5142,-2.493,3.03,否,1.07,-3.225,-4.663,-4.027,-14.0,否,155393160,155392106,6503203746.0,6503159636.1,85.913032,4.31056,6.050472,42.76,43.08,43.7,45.22,44.96,47.11,47.05,2020-09-25,-
2023-12-21,3009,中天火箭,航天航空,41.64,42.21,41.19,42.15,41.19,752658,31541532.78,0.4844,1.051,2.44,否,1.03,-0.8,-3.436,-2.453,-12.261,否,155393160,155392106,6571576736.4,6571532162.74,86.8163,4.355881,6.114085,42.45,42.97,43.5,45.06,44.98,46.98,47.05,2020-09-25,-
2023-12-22,3009,中天火箭,航天航空,42.36,43.71,42.15,42.96,42.15,1548100,66752665.0,0.9963,1.915,3.71,否,2.14,0.421,-1.716,0.468,-12.129,否,155393160,155392106,6697445196.0,6697399768.6,88.479133,4.439311,6.231191,42.42,42.99,43.42,44.86,45.02,46.85,47.06,2020-09-25,-
2023-12-25,3009,中天火箭,航天航空,42.86,43.8,42.78,43.26,42.78,1054658,45880530.2,0.6787,0.719,2.39,否,1.19,3.716,0.371,-0.803,-11.588,否,155393160,155392106,6745617075.6,6745571321.46,89.115525,4.471241,6.276009,42.57,42.96,43.38,44.64,45.05,46.71,47.07,2020-09-25,-
2023-12-26,3009,中天火箭,航天航空,43.25,45.7,43.25,45.0,43.25,3946236,178117059.47,2.5395,4.008,5.64,否,4.2,6.762,5.907,2.857,-5.641,否,155393160,155392106,7016001174.0,7015953585.9,92.687537,4.650461,6.52757,43.02,43.08,43.41,44.51,45.11,46.61,47.08,2020-09-25,-
2023-12-27,3009,中天火箭,航天航空,44.9,45.02,44.27,44.95,44.27,1621700,72582889.4,1.0436,-0.111,1.66,否,1.0,4.632,5.072,2.978,-2.473,否,155393160,155392106,7008231516.0,7008183980.6,92.584893,4.645311,6.520341,43.66,43.21,43.45,44.4,45.17,46.52,47.1,2020-09-25,-
2023-12-28,3009,中天火箭,航天航空,44.63,45.8,44.5,45.31,44.5,1878781,85404495.67,1.2091,0.798,2.88,否,1.05,4.739,8.631,3.66,-1.671,否,155393160,155392106,7064173053.6,7064125138.76,93.32393,4.682391,6.572388,44.3,43.37,43.52,44.3,45.22,46.44,47.12,2020-09-25,-
2023-12-29,3009,中天火箭,航天航空,45.43,46.4,45.07,45.95,45.07,2084638,95814836.28,1.3415,1.43,2.95,否,1.04,2.111,9.015,6.613,3.166,否,155393420,155392366,7165190596.2,7165141996.26,94.658302,4.749342,6.666362,44.89,43.66,43.61,44.21,45.28,46.38,47.15,2020-09-25,-
2024-01-02,3009,中天火箭,航天航空,46.71,46.72,45.8,45.8,45.8,1644918,76233058.09,1.0586,-0.347,2.02,否,0.78,1.891,6.611,7.79,3.808,否,155393420,155392366,7140327649.0,7140279217.7,94.329841,4.732862,6.64323,45.4,43.99,43.66,44.1,45.32,46.33,47.18,2020-09-25,-
2024-01-03,3009,中天火箭,航天航空,45.65,45.8,44.85,45.53,44.85,1051300,47860400.0,0.6765,-0.588,2.07,否,0.47,0.486,5.247,6.428,2.777,否,155393420,155392366,7098371425.6,7098323278.88,93.77572,4.705059,6.604206,45.51,44.26,43.76,44.03,45.38,46.26,47.2,2020-09-25,-
2024-01-04,3009,中天火箭,航天航空,45.65,45.76,44.96,45.44,44.96,709400,32292520.0,0.4565,-0.197,1.75,否,0.43,-1.11,0.978,8.943,2.689,否,155393420,155392366,7084386017.8,7084337965.94,93.590961,4.695789,6.591194,45.61,44.64,43.86,44.01,45.43,46.2,47.23,2020-09-25,-
2024-01-05,3009,中天火箭,航天航空,45.4,45.4,44.05,44.28,44.05,914523,40930584.7,0.5885,-2.544,2.96,否,0.62,-3.319,-1.491,5.053,1.119,否,155393420,155392366,6904129650.6,6904082821.38,91.209616,4.576309,6.423487,45.4,44.85,43.91,43.95,45.47,46.14,47.25,2020-09-25,-
2024-01-08,3009,中天火箭,航天航空,44.28,46.21,44.0,45.27,44.0,2600123,118681386.17,1.6733,2.228,5.0,否,2.03,-0.571,-0.088,5.377,2.259,否,155393420,155392366,7057969136.4,7057921263.72,93.24197,4.678279,6.566616,45.26,45.08,44.04,43.97,45.53,46.1,47.27,2020-09-25,-
2024-01-09,3009,中天火箭,航天航空,45.06,46.17,44.38,45.71,44.38,1999500,91267155.0,1.2867,0.969,3.96,否,1.44,0.594,-0.522,5.663,2.191,否,155393420,155392366,7126342241.2,7126293904.76,94.145239,4.723599,6.630229,45.25,45.32,44.14,44.03,45.54,46.06,47.3,2020-09-25,-
2024-01-10,3009,中天火箭,航天航空,45.45,46.16,44.65,44.83,44.65,1068600,48589974.0,0.6877,-1.919,3.31,否,0.73,1.242,-2.118,-0.378,2.845,否,155393420,155392366,6989596031.6,6989548622.68,92.338702,4.632959,6.503003,45.11,45.31,44.19,44.04,45.5,46.0,47.32,2020-09-25,-
2024-01-11,3009,中天火箭,航天航空,44.75,45.8,44.27,45.75,44.27,1250500,56942987.0,0.8047,2.045,3.4,否,0.86,1.06,0.483,1.78,5.269,否,155393420,155392366,7132557978.0,7132509599.4,94.227354,4.727719,6.636012,45.17,45.39,44.3,44.09,45.51,45.96,47.34,2020-09-25,-
2024-01-12,3009,中天火箭,航天航空,46.0,46.61,45.53,46.54,45.53,2164100,100316634.0,1.3927,1.743,2.37,否,1.38,1.816,2.421,2.715,7.707,否,155393420,155392366,7256872714.0,7256823492.2,95.869661,4.81012,6.751673,45.62,45.51,44.44,44.19,45.51,45.92,47.37,2020-09-25,-
2024-01-15,3009,中天火箭,航天航空,46.14,46.14,44.45,44.55,44.45,2299600,103487351.0,1.4799,-4.283,3.64,否,1.27,-0.625,0.61,-3.047,4.186,否,155393420,155392366,6946085874.0,6946038760.2,91.763894,4.604119,6.462522,45.48,45.37,44.51,44.19,45.46,45.87,47.38,2020-09-25,-
2024-01-16,3009,中天火箭,航天航空,44.55,44.76,42.46,43.26,42.46,1802300,78412539.0,1.1598,-2.886,5.17,否,1.03,-5.443,-4.44,-5.546,-0.803,否,155393420,155392366,6745628362.2,6745582608.06,89.115674,4.471248,6.27602,44.99,45.12,44.55,44.15,45.39,45.81,47.39,2020-09-25,-
2024-01-17,3009,中天火箭,航天航空,43.13,43.16,41.93,41.96,41.93,776400,33094108.0,0.4996,-3.018,2.86,否,0.45,-9.841,-8.204,-7.841,-4.091,否,155393420,155392366,6542062982.0,6542018608.6,86.426397,4.336318,6.086626,44.41,44.76,44.51,44.09,45.32,45.74,47.4,2020-09-25,-
2024-01-18,3009,中天火箭,航天航空,42.45,43.61,41.93,43.49,41.93,1683500,72190575.0,1.0834,3.658,4.01,否,1.02,-2.379,-2.989,-4.291,-0.367,否,155393420,155392366,6781368848.8,6781322852.24,89.587838,4.494938,6.309272,43.96,44.56,44.6,44.09,45.25,45.67,47.41,2020-09-25,-
2024-01-19,3009,中天火箭,航天航空,43.12,44.2,42.86,43.7,42.86,1136200,49669295.0,0.7312,0.481,3.09,否,0.65,1.017,-4.481,-1.31,-0.023,否,155393420,155392366,6814001467.0,6813955249.1,90.018943,4.516569,6.339633,43.39,44.51,44.68,44.11,45.2,45.61,47.43,2020-09-25,-
2024-01-22,3009,中天火箭,航天航空,43.74,43.84,41.67,41.71,41.67,961999,41089710.0,0.6191,-4.561,4.97,否,0.62,-0.596,-10.378,-7.864,-3.225,否,155393420,155392366,6503214627.0,6503170517.1,85.913176,4.310568,6.050482,42.82,44.15,44.61,44.07,45.13,45.53,47.44,2020-09-25,-
2024-01-23,3009,中天火箭,航天航空,41.66,42.36,40.87,42.16,40.87,624700,26289512.0,0.402,1.075,3.56,否,0.49,-3.058,-5.365,-7.766,-0.777,否,155393420,155392366,6573141666.0,6573097081.8,86.836974,4.356918,6.115541,42.6,43.8,44.56,44.03,45.06,45.47,47.44,2020-09-25,-
2024-01-24,3009,中天火箭,航天航空,42.36,43.03,41.12,42.9,41.12,858668,36262492.52,0.5526,1.749,4.54,否,0.83,-1.831,-0.832,-4.305,0.281,否,155393420,155392366,6688132796.8,6688087432.64,88.356108,4.433138,6.222527,42.79,43.6,44.45,44.0,45.0,45.42,47.45,2020-09-25,-
2024-01-25,3009,中天火箭,航天航空,42.76,45.3,42.42,44.75,42.42,1888672,83691922.6,1.2154,4.322,6.71,否,1.79,7.288,6.649,-2.186,7.288,否,155393420,155392366,6977164558.0,6977117233.4,92.174471,4.624719,6.491437,43.04,43.5,44.44,44.03,44.96,45.39,47.47,2020-09-25,-
2024-01-26,3009,中天火箭,航天航空,44.73,44.73,43.51,44.1,43.51,1469462,64808453.55,0.9456,-1.448,2.72,否,1.34,4.602,1.403,-5.243,4.626,否,155393420,155392366,6876158835.0,6876112195.5,90.840097,4.557769,6.397463,43.12,43.26,44.38,44.05,44.93,45.35,47.48,2020-09-25,-
2024-01-29,3009,中天火箭,航天航空,43.85,44.61,43.66,43.85,43.66,1036474,45884080.0,0.667,-0.565,2.15,否,0.89,2.214,0.343,-1.571,2.072,否,155393420,155392366,6837310480.0,6837264104.0,90.326876,4.532019,6.361319,43.55,43.19,44.28,44.07,44.89,45.32,47.49,2020-09-25,-
2024-01-30,3009,中天火箭,航天航空,43.35,43.4,42.04,42.36,42.04,867300,37197633.79,0.5581,-3.409,3.11,否,0.74,-5.341,1.558,-2.08,-2.08,否,155393420,155392366,6604220350.0,6604175555.0,87.24755,4.377518,6.144456,43.59,43.1,44.11,44.07,44.81,45.27,47.49,2020-09-25,-
2024-01-31,3009,中天火箭,航天航空,42.33,42.76,40.33,40.44,40.33,1052200,43697656.0,0.6771,-4.518,5.72,否,0.86,-8.299,-4.08,-3.622,-10.133,否,155393420,155392366,6305864983.6,6305822212.28,83.306014,4.179757,5.866871,43.1,42.95,43.85,43.99,44.7,45.2,47.48,2020-09-25,-
2024-02-01,3009,中天火箭,航天航空,39.87,41.91,39.37,41.46,39.37,1177900,48439090.39,0.758,2.514,6.28,否,0.93,-5.45,-3.357,-4.668,-7.764,否,155393420,155392366,6464366272.0,6464322425.6,85.399955,4.284818,6.014338,42.44,42.74,43.65,43.98,44.6,45.16,47.47,2020-09-25,-
2024-02-02,3009,中天火箭,航天航空,41.54,41.72,39.36,40.06,39.36,1061600,43057584.0,0.6832,-3.365,5.7,否,0.95,-5.43,-10.48,-8.33,-11.587,否,155393420,155392366,6246815484.0,6246773113.2,65.062359,4.140617,5.29351,41.63,42.38,43.44,43.91,44.49,45.1,47.46,2020-09-25,-
2024-02-05,3009,中天火箭,航天航空,39.53,40.0,36.17,37.57,36.17,1222600,46677383.0,0.7868,-6.219,9.55,否,1.18,-7.097,-14.807,-9.926,-18.237,否,155393420,155392366,5858331934.0,5858292198.2,61.016192,3.883116,4.964312,40.38,41.97,43.06,43.73,44.29,45.02,47.43,2020-09-25,-
2024-02-06,3009,中天火箭,航天航空,37.65,40.01,36.38,39.6,36.38,1133449,43797431.66,0.7294,5.385,9.68,否,1.05,-4.486,-9.692,-6.072,-13.537,否,155393420,155392366,6173780576.6,6173738701.18,64.30168,4.092207,5.231621,39.83,41.71,42.75,43.61,44.13,44.96,47.42,2020-09-25,-
2024-02-07,3009,中天火箭,航天航空,39.77,41.35,39.77,40.66,39.77,1246470,51048671.51,0.8021,2.693,4.0,否,1.1,1.498,-4.013,-5.221,-10.696,否,155393420,155392366,6340051536.0,6340008532.8,66.033439,4.202417,5.372518,39.87,41.49,42.54,43.46,43.99,44.91,47.4,2020-09-25,-
2024-02-08,3009,中天火箭,航天航空,40.72,42.45,40.72,42.01,40.72,1330330,56152758.24,0.8561,3.309,4.24,否,1.14,11.818,3.882,-6.123,-7.548,否,155393420,155392366,6549832653.0,6549788226.9,68.218369,4.341468,5.550285,39.98,41.21,42.36,43.37,43.88,44.87,47.39,2020-09-25,-
2024-02-19,3009,中天火箭,航天航空,42.01,42.66,41.74,42.15,41.74,962343,40703447.58,0.6193,0.332,2.18,否,0.8,6.439,1.664,-4.422,-4.81,否,155393420,155392366,6571587731.8,6571543158.14,68.444954,4.355888,5.56872,40.4,41.02,42.14,43.26,43.78,44.83,47.38,2020-09-25,-
2024-02-20,3009,中天火箭,航天航空,42.15,42.15,41.46,41.87,41.46,603900,25343782.0,0.3886,-0.662,1.63,否,0.51,2.976,4.518,-4.515,-7.51,否,155393420,155392366,6528077574.2,6528033295.66,67.991783,4.327048,5.53185,41.26,40.82,42.0,43.13,43.67,44.77,47.37,2020-09-25,-
2024-02-21,3009,中天火箭,航天航空,41.71,42.79,41.54,42.3,41.54,1120000,47652594.0,0.7208,1.024,2.98,否,1.06,0.69,12.59,-0.142,-7.46,否,155393420,155392366,6594896744.8,6594852013.04,68.687724,4.371338,5.588472,41.8,40.81,41.96,43.01,43.56,44.72,47.36,2020-09-25,-
2024-02-22,3009,中天火箭,航天航空,42.32,42.65,41.96,42.35,41.96,847100,36002716.76,0.5451,0.118,1.63,否,0.8,0.474,6.944,4.723,-5.532,否,155393420,155392366,6602666415.8,6602621631.34,68.768647,4.376488,5.595056,42.14,41.0,41.97,42.9,43.47,44.68,47.35,2020-09-25,-
2024-02-23,3009,中天火箭,航天航空,42.25,43.11,42.25,42.94,42.25,982212,42078183.0,0.6321,1.389,2.05,否,1.01,2.556,5.607,3.57,-6.142,否,155393420,155392366,6694348533.6,6694303127.28,69.723543,4.437258,5.672747,42.32,41.15,41.95,42.82,43.41,44.62,47.34,2020-09-25,-
2024-02-26,3009,中天火箭,航天航空,43.51,43.65,42.76,42.96,42.76,1096320,47597561.64,0.7055,0.046,2.09,否,1.21,1.56,2.261,7.239,-7.692,否,155393420,155392366,6697456402.0,6697410974.6,69.755912,4.439318,5.67538,42.48,41.44,41.91,42.78,43.36,44.57,47.33,2020-09-25,-
2024-02-27,3009,中天火箭,航天航空,42.8,43.99,42.77,43.85,42.77,1139326,49755896.63,0.7332,2.088,2.85,否,1.23,3.542,4.033,16.715,-1.571,否,155393420,155392366,6837310480.0,6837264104.0,71.212532,4.532019,5.793892,42.88,42.07,42.02,42.73,43.35,44.53,47.32,2020-09-25,-
2024-02-28,3009,中天火箭,航天航空,43.82,44.18,42.01,42.01,42.01,1494126,65066732.88,0.9615,-4.205,4.95,否,1.44,-2.166,0.334,6.086,-2.89,否,155393420,155392366,6549832653.0,6549788226.9,68.218369,4.341468,5.550285,42.82,42.31,42.01,42.6,43.32,44.49,47.31,2020-09-25,-
2024-02-29,3009,中天火箭,航天航空,42.01,43.07,42.01,43.05,42.01,917500,39219748.0,0.5904,2.491,2.54,否,0.83,0.209,1.773,5.878,2.598,否,155393420,155392366,6712995744.0,6712950211.2,69.917759,4.449618,5.688548,42.96,42.55,42.02,42.55,43.29,44.46,47.3,2020-09-25,-
2024-03-01,3009,中天火箭,航天航空,42.86,44.57,42.83,44.53,42.83,2121100,93800506.0,1.365,3.426,4.05,否,1.88,1.551,5.148,5.999,2.391,否,155393420,155392366,6942978005.6,6942930912.88,72.313089,4.602059,5.883434,43.28,42.8,42.01,42.5,43.3,44.43,47.3,2020-09-25,-
2024-03-04,3009,中天火箭,航天航空,44.15,44.35,43.23,44.02,43.23,1278800,56197467.0,0.8229,-1.142,2.51,否,0.94,4.785,2.515,4.437,0.732,否,155393420,155392366,6863727361.4,6863680806.22,71.487671,4.549529,5.816277,43.49,42.99,42.0,42.42,43.3,44.41,47.28,2020-09-25,-
2024-03-05,3009,中天火箭,航天航空,43.75,45.59,43.45,44.23,43.45,2013400,90509865.22,1.2957,0.475,4.84,否,1.45,2.741,2.956,5.636,6.042,否,155393420,155392366,6896359979.6,6896313203.08,71.827549,4.571159,5.84393,43.57,43.22,42.02,42.41,43.3,44.39,47.26,2020-09-25,-
2024-03-06,3009,中天火箭,航天航空,43.83,44.02,43.36,43.84,43.36,1062950,46627991.5,0.684,-0.879,1.49,否,0.68,-1.55,-0.023,3.641,3.985,否,155393420,155392366,6835756545.8,6835710180.34,71.196347,4.530989,5.792575,43.93,43.38,42.1,42.43,43.29,44.36,47.24,2020-09-25,-
2024-03-07,3009,中天火箭,航天航空,43.84,44.19,42.97,42.97,42.97,977700,42698415.0,0.6292,-1.978,2.77,否,0.66,-2.385,2.285,1.464,0.163,否,155393420,155392366,6700564270.4,6700518821.92,69.788281,4.441378,5.678014,43.92,43.44,42.22,42.46,43.28,44.32,47.21,2020-09-25,-
2024-03-08,3009,中天火箭,航天航空,42.96,43.72,42.89,43.55,42.89,701400,30555221.0,0.4514,1.345,1.95,否,0.47,-1.537,1.161,1.421,-2.682,否,155393420,155392366,6790692454.0,6790646394.2,70.726992,4.501118,5.754388,43.72,43.5,42.33,42.47,43.28,44.29,47.19,2020-09-25,-
2024-03-11,3009,中天火箭,航天航空,43.54,44.35,43.44,44.34,43.44,1036800,45840611.0,0.6672,1.808,2.08,否,0.86,1.141,-0.427,3.212,0.544,否,155393420,155392366,6913453255.8,6913406363.34,72.005581,4.582489,5.858415,43.79,43.64,42.54,42.49,43.3,44.26,47.17,2020-09-25,-
2024-03-12,3009,中天火箭,航天航空,44.35,45.17,44.35,44.84,44.35,1034450,46445636.0,0.6657,1.124,1.84,否,0.89,4.352,1.863,2.258,2.258,否,155393420,155392366,6991149965.8,6991102546.34,72.814814,4.633989,5.924254,43.91,43.74,42.9,42.59,43.33,44.25,47.15,2020-09-25,-
2024-03-13,3009,中天火箭,航天航空,45.1,45.65,44.55,45.16,44.55,1337400,60637713.0,0.8607,0.711,2.44,否,1.39,3.697,2.103,7.498,6.61,否,155393420,155392366,7040875860.2,7040828103.46,73.332723,4.666949,5.966392,44.17,44.05,43.18,42.69,43.36,44.23,47.14,2020-09-25,-
2024-03-14,3009,中天火箭,航天航空,45.07,45.47,43.98,44.56,43.98,953700,42731536.0,0.6137,-1.324,3.29,否,0.94,0.496,1.642,3.508,10.188,否,155393420,155392366,6947639808.2,6947592683.86,72.361643,4.605149,5.887384,44.49,44.2,43.38,42.75,43.37,44.2,47.11,2020-09-25,-
2024-03-15,3009,中天火箭,航天航空,45.45,45.64,44.29,44.91,44.29,1137350,51240039.0,0.7319,0.783,3.02,否,1.12,0.156,4.515,0.853,8.321,否,155393420,155392366,7002027505.2,7001980011.96,72.928107,4.641199,5.933472,44.76,44.24,43.52,42.75,43.39,44.19,47.09,2020-09-25,-
2024-03-18,3009,中天火箭,航天航空,44.79,45.22,44.67,45.0,44.67,1556800,70151325.0,1.0019,0.2,1.22,否,1.42,-0.354,3.33,2.226,12.332,否,155393420,155392366,7016012913.0,7015965324.9,73.073769,4.650469,5.945323,44.89,44.34,43.66,42.78,43.41,44.19,47.07,2020-09-25,-
2024-03-19,3009,中天火箭,航天航空,44.85,45.05,44.33,44.35,44.33,951500,42684452.0,0.6123,-1.44,1.59,否,0.79,-0.471,0.023,0.271,18.046,否,155393420,155392366,6915007190.0,6914960287.0,72.021765,4.583519,5.859731,44.8,44.35,43.79,42.8,43.43,44.2,47.04,2020-09-25,-
2024-03-20,3009,中天火箭,航天航空,44.17,44.72,44.17,44.66,44.17,776900,34691406.0,0.5,0.697,1.24,否,0.65,-0.557,-0.401,1.87,12.778,否,155393420,155392366,6963179150.2,6963131920.46,72.52349,4.615449,5.900552,44.7,44.43,43.91,42.87,43.47,44.21,47.02,2020-09-25,-
2024-03-21,3009,中天火箭,航天航空,44.51,45.08,44.05,44.9,44.05,1050800,47039087.0,0.6762,0.536,2.3,否,0.98,-0.222,-0.576,4.492,10.428,否,155393420,155392366,7000473571.0,7000426088.3,72.911922,4.640169,5.932155,44.76,44.63,44.03,43.02,43.51,44.23,47.01,2020-09-25,-
2024-03-22,3009,中天火箭,航天航空,44.53,44.74,44.1,44.33,44.1,825000,36761668.0,0.5309,-1.265,1.42,否,0.75,-0.045,-0.516,1.791,5.522,否,155393420,155392366,6911899321.6,6911852439.68,71.989396,4.581459,5.857098,44.65,44.71,44.1,43.12,43.55,44.26,46.98,2020-09-25,-
2024-03-25,3009,中天火箭,航天航空,44.21,44.76,43.45,43.49,43.45,1018800,45205830.0,0.6556,-1.889,2.95,否,0.99,-2.62,-3.162,-1.917,3.179,否,155393420,155392366,6781368848.8,6781322852.24,70.629884,4.494938,5.746487,44.35,44.62,44.13,43.23,43.57,44.28,46.95,2020-09-25,-
2024-03-26,3009,中天火箭,航天航空,43.06,43.6,42.86,43.28,42.86,941900,40776418.77,0.6061,-0.481,1.72,否,1.02,-3.608,-3.822,-3.479,3.368,否,155393420,155392366,6748736230.6,6748690455.38,70.290006,4.473308,5.718835,44.13,44.46,44.1,43.42,43.58,44.3,46.92,2020-09-25,-
2024-03-27,3009,中天火箭,航天航空,43.05,43.35,42.04,42.22,42.04,872500,37428982.0,0.5615,-2.464,3.04,否,0.95,-4.76,-4.803,-6.51,-0.189,否,155393420,155392366,6582465271.2,6582420623.76,68.558247,4.363098,5.577938,43.64,44.17,44.11,43.51,43.56,44.3,46.89,2020-09-25,-
2024-03-28,3009,中天火箭,航天航空,42.07,43.98,42.06,43.33,42.06,1004200,43558811.0,0.6462,2.644,4.56,否,1.07,-0.368,-2.978,-2.76,2.314,否,155393420,155392366,6756505901.6,6756460073.68,70.370929,4.478458,5.725419,43.33,44.05,44.13,43.6,43.53,44.32,46.85,2020-09-25,-
2024-03-29,3009,中天火箭,航天航空,43.35,44.07,42.87,43.96,42.87,979518,43006677.62,0.6304,1.449,2.78,否,1.05,1.571,-2.094,-2.115,2.375,否,155393456,155392666,6854405344.16,6854370497.26,71.390563,4.543349,5.808377,43.26,43.95,44.1,43.67,43.52,44.34,46.83,2020-09-25,-
2024-04-01,3009,中天火箭,航天航空,44.58,46.64,43.96,45.4,43.96,2060000,93448815.0,1.3257,3.265,6.1,否,2.14,7.532,2.414,0.889,5.68,否,155393456,155392666,7078171920.8,7078135936.3,73.721155,4.691669,5.997995,43.64,43.99,44.17,43.77,43.52,44.37,46.8,2020-09-25,-
2024-04-02,3009,中天火箭,航天航空,44.95,45.3,44.28,44.58,44.28,1244300,55794820.0,0.8007,-1.8,2.24,否,1.06,2.885,2.506,0.519,1.665,否,155393456,155392666,6950749286.88,6950713950.18,72.394029,4.60721,5.890019,43.9,44.02,44.18,43.86,43.49,44.39,46.77,2020-09-25,-
2024-04-03,3009,中天火箭,航天航空,44.15,44.55,43.34,43.46,43.34,931600,40848535.0,0.5995,-2.504,2.71,否,0.76,-1.137,0.416,-2.687,3.452,否,155393456,155392666,6776708616.16,6776674164.26,70.581346,4.491849,5.742538,44.15,43.9,44.16,43.9,43.46,44.39,46.74,2020-09-25,-
2024-04-08,3009,中天火箭,航天航空,43.46,43.74,42.34,42.38,42.34,858980,36946260.0,0.5528,-2.499,3.23,否,0.69,-6.652,0.379,-5.612,-1.556,否,155393456,155392666,6607329749.12,6607296158.32,68.817217,4.379579,5.599008,43.96,43.64,44.14,43.9,43.4,44.39,46.71,2020-09-25,-
2024-04-09,3009,中天火箭,航天航空,42.41,42.86,41.77,42.76,41.77,764400,32560897.0,0.4919,0.894,2.56,否,0.63,-4.083,-1.315,-3.542,-3.975,否,155393456,155392666,6666379262.4,6666345371.4,69.432235,4.418719,5.649046,43.72,43.49,44.1,43.9,43.36,44.4,46.68,2020-09-25,-
2024-04-10,3009,中天火箭,航天航空,42.46,42.66,41.56,42.16,41.56,739800,31143774.0,0.4761,-1.399,2.56,否,0.63,-2.991,-4.095,-3.058,-4.225,否,155393456,155392666,6573143188.8,6573109771.8,68.461155,4.356919,5.570038,43.07,43.35,43.99,43.87,43.32,44.4,46.66,2020-09-25,-
2024-04-11,3009,中天火箭,航天航空,42.0,42.51,41.62,41.94,41.62,484600,20458607.0,0.3119,-0.52,2.1,否,0.53,-1.038,-7.621,-3.096,-5.177,否,155393456,155392666,6538956628.48,6538923385.28,68.105092,4.334259,5.541069,42.54,43.22,43.84,43.81,43.27,44.4,46.65,2020-09-25,-
2024-04-12,3009,中天火箭,航天航空,41.84,42.23,41.69,41.75,41.69,532800,22411749.0,0.3429,-0.452,1.28,否,0.7,-2.362,-6.348,-1.113,-4.767,否,155393456,155392666,6509431871.84,6509398778.74,67.797583,4.314689,5.51605,42.2,43.17,43.67,43.8,43.2,44.37,46.62,2020-09-25,-
2024-04-15,3009,中天火箭,航天航空,42.23,43.4,41.59,42.05,41.59,1243800,52922709.0,0.8004,0.716,4.34,否,1.84,-0.261,-3.244,-2.954,-2.141,否,155393456,155392666,6556049908.64,6556016578.54,68.283123,4.345589,5.555553,42.13,43.04,43.55,43.77,43.16,44.33,46.6,2020-09-25,-
2024-04-16,3009,中天火箭,航天航空,41.37,41.43,39.77,39.77,39.77,1374200,55525145.0,0.8843,-5.428,3.96,否,1.82,-5.174,-6.159,-9.531,-8.68,否,155393456,155392666,6200198894.4,6200167373.4,64.576834,4.109718,5.254008,41.53,42.63,43.29,43.61,43.06,44.28,46.57,2020-09-25,-
2024-04-17,3009,中天火箭,航天航空,40.08,42.06,39.86,42.02,39.86,1312000,54453253.0,0.8443,5.664,5.54,否,1.5,0.647,-1.731,-7.445,-5.232,否,155393456,155392666,6551388104.96,6551354798.56,68.234569,4.189984,5.551603,41.51,42.29,43.14,43.54,42.98,44.25,46.55,2020-09-25,-
2024-04-18,3009,中天火箭,航天航空,42.38,43.26,41.88,42.34,41.88,1280300,54972314.0,0.8239,0.759,3.3,否,1.29,0.69,0.427,-5.025,-5.575,否,155393456,155392666,6601114010.88,6601080451.68,68.752479,4.221787,5.59374,41.59,42.06,43.04,43.48,42.94,44.2,46.53,2020-09-25,-
2024-04-19,3009,中天火箭,航天航空,42.16,44.44,41.86,43.93,41.86,1992950,87212236.5,1.2825,3.767,6.1,否,1.74,10.46,4.745,1.081,-2.724,否,155393456,155392666,6849743540.48,6849708717.28,71.342026,4.3808,5.804428,42.02,42.11,43.0,43.48,42.95,44.17,46.51,2020-09-25,-
2024-04-22,3009,中天火箭,航天航空,42.95,44.33,42.86,43.84,42.86,1570500,68951366.52,1.0107,-0.204,3.36,否,1.09,4.331,5.006,3.445,-1.616,否,155393456,155392666,6835758129.44,6835723377.34,71.196364,4.371855,5.792576,42.38,42.26,42.95,43.51,42.99,44.15,46.5,2020-09-25,-
2024-04-23,3009,中天火箭,航天航空,44.15,44.29,43.14,43.81,43.14,1744000,76585675.0,1.1223,-0.068,2.61,否,1.16,3.472,4.185,2.456,-2.449,否,155393456,155392666,6831096325.76,6831061597.36,71.14781,4.368874,5.788626,43.19,42.36,42.92,43.52,42.99,44.12,46.49,2020-09-25,-
2024-04-24,3009,中天火箭,航天航空,43.75,44.85,43.63,44.47,43.63,1937014,86217278.46,1.2465,1.501,2.78,否,1.23,1.229,11.818,5.479,-1.178,否,155393456,155392666,6933656006.72,6933620756.92,72.215998,4.434466,5.875534,43.68,42.59,42.97,43.52,43.0,44.1,46.48,2020-09-25,-
2024-04-25,3009,中天火箭,航天航空,44.14,44.73,44.04,44.42,44.04,1114272,49698183.2,0.7171,-0.112,1.55,否,0.65,1.323,5.712,5.913,0.158,否,155393456,155392666,6925886333.92,6925851123.62,72.135075,4.429497,5.86895,44.09,42.84,43.03,43.51,43.05,44.09,46.47,2020-09-25,-
2024-04-26,3009,中天火箭,航天航空,44.2,44.96,43.65,44.38,43.65,1395074,62425359.52,0.8978,-0.09,2.94,否,0.83,1.301,4.818,6.299,-0.627,否,155393456,155392666,6919670595.68,6919635416.98,72.070336,4.425522,5.863683,44.18,43.1,43.14,43.48,43.09,44.08,46.46,2020-09-25,-
2024-04-29,3009,中天火箭,航天航空,43.15,43.75,42.96,43.55,42.96,2146960,93493483.4,1.3816,-1.864,1.77,否,1.38,-2.069,-0.865,3.567,-3.007,否,155393456,155392666,6790694027.2,6790659504.2,89.089452,4.318684,5.605971,44.13,43.25,43.15,43.45,43.1,44.05,46.44,2020-09-25,-
2024-04-30,3009,中天火箭,航天航空,43.28,43.45,42.02,42.16,42.02,1526300,65037340.0,0.9822,-3.204,3.3,否,0.92,-5.088,-3.832,6.01,-4.895,否,155393456,155392666,6573143188.8,6573109771.8,86.235328,4.180328,5.426374,43.8,43.49,43.06,43.36,43.05,44.01,46.43,2020-09-25,-
2024-05-06,3009,中天火箭,航天航空,42.39,42.55,42.04,42.06,42.04,1383500,58624546.0,0.8903,-0.236,1.21,否,0.85,-5.228,-3.995,0.095,-3.288,否,155393456,155392666,6557603843.2,6557570505.2,86.031462,4.170445,5.413546,43.31,43.5,42.89,43.26,43.02,43.98,46.41,2020-09-25,-
2024-05-07,3009,中天火箭,航天航空,42.12,44.62,41.87,43.9,41.87,3039177,132443280.25,1.9558,4.384,6.54,否,2.01,0.804,-1.282,3.684,1.433,否,155393456,155392666,6845081736.8,6845046937.3,89.802983,4.353273,5.65087,43.21,43.65,42.86,43.24,43.02,43.96,46.4,2020-09-25,-
2024-05-08,3009,中天火箭,航天航空,43.73,43.81,42.66,42.8,42.66,1666000,72011954.0,1.0721,-2.52,2.63,否,0.88,1.518,-3.647,-2.572,1.374,否,155393456,155392666,6672595000.64,6672561078.04,87.540071,4.243576,5.508476,42.89,43.54,42.82,43.18,43.03,43.92,46.37,2020-09-25,-
2024-05-09,3009,中天火箭,航天航空,42.82,43.58,42.46,43.49,42.46,1680569,72681812.88,1.0815,1.63,2.63,否,0.86,3.4,-2.005,-0.798,0.369,否,155393456,155392666,6781370419.84,6781335944.24,88.967133,4.312754,5.598274,42.88,43.5,42.88,43.13,43.08,43.89,46.35,2020-09-25,-
2024-05-10,3009,中天火箭,航天航空,43.54,43.78,42.61,42.71,42.61,1252700,54110334.0,0.8062,-1.81,2.7,否,0.67,-2.711,-1.929,-2.511,-2.843,否,155393456,155392666,6658609589.6,6658575738.1,87.356591,4.234682,5.49693,42.99,43.39,42.88,43.08,43.1,43.85,46.32,2020-09-25,-
2024-05-13,3009,中天火箭,航天航空,42.36,42.36,41.56,41.96,41.56,1038074,43648022.44,0.668,-1.75,1.87,否,0.58,-1.963,-0.474,-5.644,-7.577,否,155393456,155392666,6542064497.6,6542031238.6,85.827596,4.160562,5.400718,42.97,43.14,42.87,43.03,43.13,43.81,46.29,2020-09-25,-
2024-05-14,3009,中天火箭,航天航空,41.94,42.19,41.44,41.73,41.44,889400,37225604.0,0.5724,-0.546,1.78,否,0.51,-4.047,-0.785,-6.056,-6.393,否,155393456,155392666,6506324002.72,6506290925.42,85.358704,4.137833,5.371213,42.54,42.87,42.86,42.98,43.2,43.75,46.26,2020-09-25,-
2024-05-15,3009,中天火箭,航天航空,41.66,42.11,41.34,41.65,41.34,795000,33351397.0,0.5116,-0.191,1.84,否,0.61,-2.482,-5.125,-6.151,-4.165,否,155393456,155392666,6493892526.24,6493859512.14,85.195611,4.129926,5.36095,42.31,42.6,42.85,42.96,43.23,43.68,46.23,2020-09-25,-
2024-05-16,3009,中天火箭,航天航空,41.66,42.03,41.15,41.45,41.15,1013350,42153856.0,0.6521,-0.479,2.11,否,0.9,-1.215,-3.154,-4.822,-2.194,否,155393456,155392666,6462813835.04,6462780978.94,84.787879,4.110161,5.335293,41.9,42.39,42.82,42.9,43.25,43.62,46.21,2020-09-25,-
2024-05-17,3009,中天火箭,航天航空,41.47,42.02,41.22,42.01,41.22,864700,36213515.0,0.5565,1.347,1.92,否,0.87,0.671,-3.403,-0.356,-1.754,否,155393456,155392666,6549834170.4,6549800871.9,85.929529,4.165504,5.407132,41.76,42.38,42.93,42.83,43.25,43.56,46.2,2020-09-25,-
2024-05-20,3009,中天火箭,航天航空,41.99,42.86,41.67,42.59,41.67,1361352,57887377.84,0.8761,1.376,2.82,否,1.48,2.257,-0.281,1.26,1.02,否,155393456,155392666,6639962374.88,6639928618.18,87.111952,4.222823,5.481536,41.89,42.43,42.96,42.74,43.26,43.52,46.19,2020-09-25,-
2024-05-21,3009,中天火箭,航天航空,42.4,42.4,41.51,41.56,41.51,956250,40060589.5,0.6154,-2.411,2.08,否,0.97,0.265,-0.953,-5.33,-0.906,否,155393456,155392666,6479907115.2,6479874172.2,85.012132,4.121032,5.349405,41.85,42.2,42.92,42.64,43.25,43.46,46.16,2020-09-25,-
2024-05-22,3009,中天火箭,航天航空,41.54,41.8,41.17,41.71,41.17,717350,29853105.0,0.4616,0.36,1.51,否,0.72,-0.714,-0.048,-2.547,-0.096,否,155393456,155392666,6503216133.6,6503183072.1,85.317931,4.135856,5.368647,41.86,42.09,42.81,42.58,43.24,43.4,46.13,2020-09-25,-
2024-05-23,3009,中天火箭,航天航空,41.74,43.73,41.48,42.45,41.48,2763800,118099617.0,1.7786,1.768,5.4,否,2.81,-0.329,1.921,-2.391,0.951,否,155393456,155392666,6618207291.04,6618173644.94,86.82654,4.208987,5.463576,42.06,41.98,42.74,42.58,43.24,43.35,46.1,2020-09-25,-
2024-05-24,3009,中天火箭,航天航空,41.82,41.82,40.66,40.76,40.66,2205712,90814984.4,1.4194,-3.968,2.72,否,1.66,-1.925,-1.665,-4.566,2.489,否,155393456,155392666,6355592350.4,6355560039.4,83.381204,4.041972,5.246778,41.81,41.79,42.59,42.51,43.21,43.31,46.08,2020-09-25,-
2024-05-27,3009,中天火箭,航天航空,40.79,40.81,39.58,40.29,39.58,1469500,58939333.0,0.9457,-1.149,3.03,否,0.92,-3.404,-4.094,-3.98,-4.117,否,155393456,155392666,6282557426.08,6282525486.38,82.423033,3.995523,5.186485,41.35,41.62,42.38,42.45,43.16,43.26,46.06,2020-09-25,-
2024-05-28,3009,中天火箭,航天航空,40.21,40.7,39.79,40.19,39.79,754900,30550607.0,0.4858,-0.247,2.28,否,0.47,-5.324,-5.635,-3.69,-5.078,否,155393456,155392666,6267018080.48,6266986219.78,82.219167,3.985641,5.173657,41.08,41.47,42.17,42.39,43.1,43.23,46.03,2020-09-25,-
2024-05-29,3009,中天火箭,航天航空,42.99,44.13,40.43,40.96,40.43,2355368,98461728.35,1.5158,1.909,9.2,否,1.49,0.491,-1.444,-1.657,-6.761,否,155393456,155392666,6386671041.6,6386638572.6,83.788936,4.061737,5.272435,40.93,41.4,42.0,42.37,43.08,43.2,46.0,2020-09-25,-
2024-05-30,3009,中天火箭,航天航空,40.16,42.06,39.75,41.36,39.75,2322951,96036794.79,1.4949,0.973,5.64,否,1.22,2.656,-0.839,-0.217,-5.657,否,155393456,155392666,6448828424.0,6448795639.0,84.6044,4.101267,5.323748,40.71,41.39,41.89,42.34,43.05,43.17,45.95,2020-09-25,-
2024-05-31,3009,中天火箭,航天航空,41.09,42.25,40.78,41.89,40.78,2230000,93064744.98,1.4351,1.277,3.54,否,1.22,4.23,-1.319,-0.286,-4.383,否,155393456,155392666,6531186955.68,6531153751.98,85.68489,4.153645,5.391738,40.94,41.38,41.88,42.41,43.01,43.15,45.9,2020-09-25,-
2024-06-03,3009,中天火箭,航天航空,41.76,43.35,41.18,41.88,41.18,2539751,107337181.41,1.6344,-0.024,5.19,否,1.39,2.246,2.748,-1.667,-5.824,否,155393456,155392666,6529633021.12,6529599825.32,85.664503,4.152656,5.390455,41.26,41.31,41.87,42.41,42.97,43.14,45.86,2020-09-25,-
2024-06-04,3009,中天火箭,航天航空,41.75,42.1,40.76,41.31,40.76,1527951,63228779.65,0.9833,-1.357,3.19,否,0.75,-0.121,2.532,-0.602,-7.001,否,155393456,155392666,6441058751.2,6441026005.7,84.502467,4.096326,5.317334,41.48,41.28,41.74,42.38,42.93,43.11,45.82,2020-09-25,-
2024-06-05,3009,中天火箭,航天航空,41.02,42.23,40.91,41.18,40.91,1685379,70395518.22,1.0846,-0.314,3.18,否,0.77,-1.695,2.463,-1.271,-7.21,否,155393456,155392666,6420857601.92,6420824959.12,84.237441,4.083478,5.300657,41.52,41.23,41.66,42.28,42.88,43.08,45.78,2020-09-25,-
2024-06-06,3009,中天火箭,航天航空,40.96,41.11,39.17,39.5,39.17,2630800,105122011.95,1.693,-4.09,4.72,否,1.28,-5.683,-3.564,-6.949,-9.3,否,155393456,155392666,6158242661.28,6158211353.58,80.792105,3.916463,5.083859,41.15,40.93,41.46,42.14,42.82,43.05,45.73,2020-09-25,-
2024-06-07,3009,中天火箭,航天航空,39.52,39.77,38.47,39.19,38.47,1163100,45697059.0,0.7485,-0.782,3.28,否,0.55,-5.132,-5.247,-3.852,-7.045,否,155393456,155392666,6110070689.92,6110039627.12,80.160121,3.885827,5.044091,40.61,40.78,41.28,41.99,42.75,43.01,45.69,2020-09-25,-
2024-06-11,3009,中天火箭,航天航空,39.08,39.57,38.55,39.46,38.55,804500,31514160.0,0.5177,0.687,2.59,否,0.42,-4.177,-5.801,-2.06,-6.182,否,155393456,155392666,6152026923.04,6151995646.94,80.710559,3.91251,5.078727,40.13,40.69,41.16,41.82,42.67,42.98,45.65,2020-09-25,-
2024-06-12,3009,中天火箭,航天航空,39.37,40.0,39.07,39.77,39.07,986100,39302008.0,0.6346,0.783,2.35,否,0.63,0.684,-5.038,-1.045,-9.408,否,155393456,155392666,6200198894.4,6200167373.4,81.342543,3.943146,5.118495,39.82,40.65,41.06,41.66,42.59,42.96,45.61,2020-09-25,-
2024-06-13,3009,中天火箭,航天航空,39.53,40.03,39.2,39.68,39.2,877700,34919564.0,0.5648,-0.226,2.11,否,0.6,1.25,-3.946,-3.125,-7.29,否,155393456,155392666,6186213483.36,6186182033.46,81.159064,3.934252,5.106949,39.52,40.52,40.96,41.51,42.49,42.93,45.57,2020-09-25,-
2024-06-14,3009,中天火箭,航天航空,39.56,40.01,39.38,40.0,39.38,1141290,45606351.6,0.7345,0.829,1.61,否,0.88,1.368,-2.865,-3.288,-8.025,否,155393456,155392666,6237493323.84,6237461613.24,81.831822,3.966864,5.149283,39.62,40.39,40.89,41.39,42.42,42.89,45.53,2020-09-25,-
2024-06-17,3009,中天火箭,航天航空,39.87,40.36,39.61,39.69,39.61,791100,31667447.0,0.5091,-0.797,1.89,否,0.8,-0.201,0.481,-5.252,-7.071,否,155393456,155392666,6187767417.92,6187735960.12,81.179451,3.93524,5.108232,39.72,40.17,40.77,41.31,42.33,42.86,45.48,2020-09-25,-
2024-06-18,3009,中天火箭,航天航空,39.64,39.99,39.58,39.88,39.58,579900,23170407.0,0.3732,0.477,1.03,否,0.63,0.504,1.761,-4.776,-4.957,否,155393456,155392666,6217292174.56,6217260566.66,81.566796,3.954017,5.132606,39.8,39.97,40.64,41.23,42.25,42.83,45.44,2020-09-25,-
2024-06-19,3009,中天火箭,航天航空,40.07,40.07,39.62,39.75,39.62,534400,21316108.0,0.3439,-0.325,1.15,否,0.61,-0.625,0.735,-3.776,-4.745,否,155393456,155392666,6197091025.28,6197059520.08,81.30177,3.941169,5.115929,39.8,39.81,40.55,41.1,42.17,42.8,45.39,2020-09-25,-
2024-06-20,3009,中天火箭,航天航空,39.75,39.75,38.71,38.77,38.71,755148,29596164.8,0.486,-2.457,2.61,否,0.96,-2.318,-2.514,-5.852,-6.915,否,155393534,155392744,6044808472.6,6044777741.6,79.303883,3.84432,4.990212,39.62,39.57,40.4,40.96,42.07,42.77,45.34,2020-09-25,-
2024-06-21,3009,中天火箭,航天航空,38.7,39.03,38.53,38.82,38.53,374600,14579762.0,0.2411,0.129,1.29,否,0.49,-2.658,-2.167,-1.722,-6.345,否,155393534,155392744,6052578149.3,6052547378.8,79.405816,3.849261,4.996626,39.38,39.5,40.22,40.81,41.97,42.74,45.29,2020-09-25,-
2024-06-24,3009,中天火箭,航天航空,38.97,39.66,38.26,38.26,38.26,854600,33373633.0,0.55,-1.438,3.59,否,1.41,-3.748,-4.35,-2.373,-8.926,否,155393534,155392744,5965557770.26,5965527442.16,78.264167,3.793919,4.924788,39.1,39.41,40.09,40.66,41.87,42.71,45.23,2020-09-25,-
2024-06-25,3009,中天火箭,航天航空,37.99,38.62,37.56,37.63,37.56,720223,27336565.48,0.4635,-1.641,2.76,否,1.16,-2.94,-5.19,-4.638,-11.646,否,155393534,155392744,5867659843.84,5867630013.44,76.979811,3.731659,4.843969,38.65,39.23,39.96,40.51,41.77,42.67,45.17,2020-09-25,-
2024-06-26,3009,中天火箭,航天航空,37.37,38.39,37.17,38.36,37.17,755423,28752169.12,0.4861,1.933,3.23,否,1.17,-1.185,-3.811,-3.545,-7.7,否,155393534,155392744,5981097123.66,5981066716.56,78.468072,3.803804,4.937618,38.37,39.08,39.87,40.4,41.69,42.63,45.12,2020-09-25,-
2024-06-27,3009,中天火箭,航天航空,38.34,38.47,37.98,38.19,37.98,539300,20690725.0,0.3471,-0.442,1.27,否,0.78,-0.183,-3.925,-3.755,-8.439,否,155393534,155392744,5954680222.88,5954649950.08,78.1215,3.787003,4.91581,38.25,38.94,39.73,40.28,41.62,42.59,45.07,2020-09-25,-
2024-06-28,3009,中天火箭,航天航空,38.23,38.99,38.02,38.55,38.02,845251,32840234.43,0.5439,0.94,2.53,否,1.3,2.445,-0.567,-3.625,-9.187,否,155393534,155392744,6010621895.12,6010591337.92,78.855418,3.82258,4.961992,38.2,38.79,39.59,40.19,41.54,42.54,45.02,2020-09-25,-
2024-07-01,3009,中天火箭,航天航空,38.47,38.56,37.77,38.41,37.77,565451,21651840.54,0.3639,-0.362,2.04,否,0.76,0.13,-1.056,-3.225,-5.765,否,155393534,155392744,5988866800.36,5988836353.76,78.570005,3.808745,4.944032,38.23,38.66,39.41,40.07,41.45,42.48,44.96,2020-09-25,-
2024-07-02,3009,中天火箭,航天航空,38.47,38.76,38.21,38.41,38.21,582000,22454674.0,0.3745,0.0,1.43,否,0.85,0.576,0.392,-3.686,-4.666,否,155393534,155392744,5979543188.32,5979512789.12,78.447685,3.802815,4.936335,38.38,38.52,39.24,39.93,41.33,42.43,44.9,2020-09-25,-
2024-07-03,3009,中天火箭,航天航空,38.41,38.41,37.93,38.02,37.93,404418,15431762.78,0.2603,-1.014,1.25,否,0.62,-1.375,1.036,-4.352,-5.399,否,155393534,155392744,5918939710.06,5918909618.96,77.652607,3.764273,4.886305,38.32,38.34,39.08,39.81,41.22,42.36,44.84,2020-09-25,-
2024-07-04,3009,中天火箭,航天航空,38.0,38.28,37.55,37.6,37.55,508900,19276287.0,0.3275,-1.103,1.92,否,0.87,-2.109,-1.981,-3.018,-8.203,否,155393534,155392744,5853674425.78,5853644666.48,76.79637,3.722766,4.832426,38.2,38.23,38.9,39.67,41.13,42.29,44.78,2020-09-25,-
2024-07-05,3009,中天火箭,航天航空,37.6,37.85,37.23,37.72,37.23,403000,15173964.0,0.2593,0.319,1.65,否,0.69,-1.796,-1.231,-2.834,-8.801,否,155393534,155392744,5872321649.86,5872291795.76,77.041009,3.734625,4.84782,38.03,38.12,38.81,39.52,41.05,42.23,44.71,2020-09-25,-
2024-07-08,3009,中天火箭,航天航空,37.73,37.78,36.64,36.72,36.64,517000,19175988.0,0.3327,-2.646,3.02,否,1.05,-3.419,-4.747,-4.025,-12.342,否,155393534,155392744,5716928115.86,5716899051.76,75.002348,3.6358,4.719537,37.69,37.96,38.68,39.38,40.95,42.15,44.63,2020-09-25,-
2024-07-09,3009,中天火箭,航天航空,36.71,37.23,36.21,36.97,36.21,601200,22181850.0,0.3869,0.68,2.77,否,1.24,-1.676,-3.749,-1.754,-11.724,否,155393534,155392744,5755776499.36,5755747237.76,75.512013,3.660506,4.751608,37.41,37.9,38.56,39.27,40.86,42.09,44.55,2020-09-25,-
2024-07-10,3009,中天火箭,航天航空,36.83,37.3,36.75,37.03,36.75,465606,17316190.92,0.2996,0.162,1.48,否,0.96,-1.829,-3.593,-3.467,-10.361,否,155393534,155392744,5765100111.4,5765070802.4,75.634333,3.666436,4.759305,37.21,37.76,38.42,39.17,40.78,42.02,44.46,2020-09-25,-
2024-07-11,3009,中天火箭,航天航空,37.51,37.73,37.19,37.67,37.19,559000,21054068.0,0.3597,1.725,1.46,否,1.12,2.587,-0.921,-1.362,-8.524,否,155393534,155392744,5864551973.16,5864522158.56,76.939076,3.729684,4.841406,37.22,37.71,38.32,39.06,40.71,41.96,44.37,2020-09-25,-
2024-07-12,3009,中天火箭,航天航空,37.45,37.78,37.34,37.46,37.34,395445,14880185.3,0.2545,-0.556,1.17,否,0.78,1.325,-0.372,-2.827,-5.165,否,155393534,155392744,5831919331.02,5831889682.32,76.510957,3.708931,4.814466,37.17,37.6,38.2,38.93,40.63,41.9,44.3,2020-09-25,-
2024-07-15,3009,中天火箭,航天航空,37.64,38.02,37.09,37.24,37.09,482100,18101333.0,0.3102,-0.586,2.48,否,0.95,0.567,-1.273,-3.046,-4.976,否,155393534,155392744,5797732753.54,5797703278.64,76.062452,3.687189,4.786244,37.27,37.48,38.07,38.77,40.59,41.82,44.22,2020-09-25,-
2024-07-16,3009,中天火箭,航天航空,37.23,37.34,36.93,37.24,36.93,392530,14595063.1,0.2526,0.0,1.1,否,0.78,-1.141,1.416,-3.046,-5.626,否,155393534,155392744,5797732753.54,5797703278.64,76.062452,3.687189,4.786244,37.33,37.37,37.94,38.62,40.51,41.75,44.15,2020-09-25,-
2024-07-17,3009,中天火箭,航天航空,37.26,37.38,36.9,37.31,36.9,486300,18094742.0,0.3129,0.188,1.29,否,1.06,-0.4,0.92,-1.867,-6.186,否,155393534,155392744,5808610300.92,5808580770.72,76.205158,3.694107,4.795224,37.38,37.3,37.82,38.48,40.43,41.69,44.09,2020-09-25,-
2024-07-18,3009,中天火箭,航天航空,37.14,37.83,36.86,37.73,36.86,753400,28256875.0,0.4848,1.124,2.59,否,1.63,1.316,1.89,0.346,-4.914,否,155393534,155392744,5873875585.2,5873845723.2,77.061396,3.735614,4.849103,37.4,37.31,37.77,38.37,40.33,41.64,44.03,2020-09-25,-
2024-07-19,3009,中天火箭,航天航空,37.72,38.1,37.47,37.99,37.47,581500,22064306.0,0.3742,0.688,1.67,否,1.16,2.014,0.849,0.716,-5.025,否,155393534,155392744,5914277904.04,5914247836.64,77.591448,3.761308,4.882457,37.5,37.34,37.73,38.32,40.23,41.61,43.97,2020-09-25,-
2024-07-22,3009,中天火箭,航天航空,38.0,38.44,37.97,38.16,37.97,593400,22723174.0,0.3819,0.447,1.23,否,1.1,2.278,1.869,3.922,-3.855,否,155393534,155392744,5940694804.82,5940664603.12,77.93802,3.778109,4.904265,37.69,37.48,37.72,38.28,40.13,41.56,43.91,2020-09-25,-
2024-07-23,3009,中天火箭,航天航空,38.03,38.29,37.36,37.39,37.36,461900,17518227.0,0.2972,-2.014,2.43,否,0.82,-0.901,0.403,1.136,-6.244,否,155393534,155392744,5821041783.64,5821012190.24,76.368251,3.702013,4.805487,37.72,37.52,37.71,38.21,40.02,41.51,43.85,2020-09-25,-
2024-07-24,3009,中天火箭,航天航空,37.2,38.0,37.09,37.36,37.09,483100,18196340.06,0.3109,-0.08,2.43,否,0.84,-1.658,0.322,0.891,-6.013,否,155393534,155392744,5816379977.62,5816350407.92,76.307091,3.699048,4.801638,37.73,37.56,37.66,38.13,39.9,41.47,43.8,2020-09-25,-
2024-07-25,3009,中天火箭,航天航空,37.38,37.96,37.0,37.9,37.0,556100,20964465.0,0.3579,1.443,2.56,否,0.97,-0.681,1.581,0.611,-2.244,否,155393534,155392744,5900292485.98,5900262489.68,77.407968,3.752414,4.870911,37.76,37.58,37.64,38.07,39.79,41.44,43.75,2020-09-25,-
2024-07-26,3009,中天火箭,航天航空,38.95,39.15,38.13,38.84,38.13,1420700,55174887.0,0.9143,2.476,2.69,否,2.65,3.878,2.942,3.684,0.052,否,155393534,155392744,6046362407.94,6046331669.04,79.32431,3.84531,4.991497,37.93,37.72,37.66,38.04,39.71,41.4,43.7,2020-09-25,-
2024-07-29,3009,中天火箭,航天航空,38.56,39.73,38.56,39.33,38.56,1284200,50525351.0,0.8264,1.259,3.01,否,1.83,5.273,3.527,5.612,2.797,否,155393534,155392744,6122505239.6,6122474113.6,80.323254,3.893735,5.054356,38.16,37.93,37.7,38.02,39.66,41.36,43.65,2020-09-25,-
2024-07-30,3009,中天火箭,航天航空,39.19,39.83,38.58,39.81,38.58,1438100,56755079.0,0.9255,1.218,3.17,否,1.71,5.04,4.324,6.901,5.793,否,155393534,155392744,6197094135.92,6197062630.72,81.301811,3.941171,5.115932,38.65,38.18,37.77,38.02,39.63,41.32,43.61,2020-09-25,-
2024-07-31,3009,中天火箭,航天航空,39.81,40.32,39.33,40.17,39.33,1772130,70892257.97,1.1404,0.903,2.48,否,1.71,3.424,7.435,7.666,4.718,否,155393534,155392744,6253035808.16,6253004018.56,82.035729,3.976749,5.162114,39.21,38.47,37.88,38.04,39.57,41.29,43.57,2020-09-25,-
2024-08-01,3009,中天火箭,航天航空,40.13,41.52,39.93,40.86,39.93,2436300,99896858.0,1.5678,1.715,3.98,否,1.88,3.89,9.368,8.296,6.991,否,155393534,155392744,6360257346.62,6360225011.92,83.442405,4.044938,5.250629,39.8,38.78,38.05,38.11,39.53,41.28,43.53,2020-09-25,-
2024-08-02,3009,中天火箭,航天航空,41.7,44.94,41.03,43.6,41.03,7915469,347849457.38,5.0938,6.719,9.58,否,4.74,9.52,15.04,14.767,13.1,否,155393534,155392744,6787589565.12,6787555057.92,89.048724,4.316709,5.603408,40.75,39.34,38.34,38.26,39.53,41.31,43.5,2020-09-25,-
2024-08-05,3009,中天火箭,航天航空,41.85,42.88,39.56,39.68,39.56,5973097,246583876.06,3.8439,-8.997,7.62,否,2.01,-1.22,2.163,3.983,3.306,否,155393534,155392744,6176892976.5,6176861574.0,81.036785,3.928324,5.099255,40.82,39.49,38.49,38.31,39.48,41.29,43.45,2020-09-25,-
2024-08-06,3009,中天火箭,航天航空,39.68,41.26,39.21,40.62,39.21,3766772,152111219.68,2.424,2.365,5.16,否,0.96,-0.587,3.28,8.639,5.754,否,155393534,155392744,6322962898.46,6322930753.36,82.953127,4.02122,5.219841,40.99,39.82,38.67,38.41,39.46,41.3,43.41,2020-09-25,-
2024-08-07,3009,中天火箭,航天航空,41.06,41.92,40.43,41.38,40.43,3389100,140109890.0,2.181,1.892,3.69,否,0.78,-5.092,3.944,10.76,8.837,否,155393534,155392744,6442615919.64,6442583166.24,84.522896,4.097316,5.318619,41.23,40.22,38.89,38.51,39.46,41.33,43.37,2020-09-25,-
2024-08-08,3009,中天火箭,航天航空,41.2,41.23,39.74,40.03,39.74,2448200,98777687.0,1.5755,-3.28,3.59,否,0.52,0.882,-0.349,5.62,6.463,否,155393534,155392744,6231280713.4,6231249034.4,81.750317,3.962913,5.144154,41.06,40.43,39.01,38.57,39.43,41.33,43.34,2020-09-25,-
2024-08-09,3009,中天火箭,航天航空,40.05,40.29,39.53,39.92,39.53,1379400,55128563.0,0.8877,-0.274,1.9,否,0.29,-1.723,-2.301,2.781,5.832,否,155393534,155392744,6214187424.66,6214155832.56,81.526064,3.952042,5.130043,40.33,40.54,39.13,38.62,39.4,41.33,43.3,2020-09-25,-
2024-08-12,3009,中天火箭,航天航空,39.71,39.71,38.24,38.9,38.24,1361330,52835835.5,0.8761,-2.551,3.68,否,0.4,-5.993,-10.78,-1.093,5.937,否,155393534,155392744,6055686019.98,6055655233.68,79.446629,3.85124,4.999194,40.17,40.5,39.21,38.64,39.35,41.3,43.26,2020-09-25,-
2024-08-13,3009,中天火箭,航天航空,38.63,39.64,38.63,39.41,38.63,1118700,43919072.0,0.7199,1.309,2.59,否,0.45,-1.549,-0.68,-1.005,6.6,否,155393534,155392744,6134936722.32,6134905533.12,80.486347,3.901641,5.064619,39.93,40.46,39.32,38.67,39.3,41.28,43.22,2020-09-25,-
2024-08-14,3009,中天火箭,航天航空,39.28,39.48,38.93,39.01,38.93,756300,29652664.0,0.4867,-1.013,1.39,否,0.39,-2.28,-3.964,-2.888,5.347,否,155393534,155392744,6072779308.72,6072748435.52,79.670882,3.862111,5.013305,39.45,40.34,39.4,38.7,39.26,41.25,43.19,2020-09-25,-
2024-08-15,3009,中天火箭,航天航空,38.81,39.53,38.67,39.06,38.67,883600,34642801.0,0.5686,0.128,2.2,否,0.63,0.411,-5.607,-4.405,3.69,否,155393534,155392744,6080548985.42,6080518072.72,79.772815,3.867052,5.01972,39.26,40.16,39.47,38.75,39.21,41.23,43.15,2020-09-25,-
2024-08-16,3009,中天火箭,航天航空,38.8,39.33,38.64,38.74,38.64,722600,28105632.0,0.465,-0.818,1.76,否,0.66,-1.7,-3.223,-11.147,3.417,否,155393534,155392744,6030823054.54,6030792394.64,79.120444,3.835428,4.978669,39.02,39.68,39.51,38.78,39.15,41.2,43.11,2020-09-25,-
2024-08-19,3009,中天火箭,航天航空,38.59,38.95,38.37,38.49,38.37,722500,27982969.0,0.465,-0.644,1.49,否,0.75,-1.333,-3.582,-2.999,3.357,否,155393534,155392744,5991974671.04,5991944208.64,78.610778,3.810721,4.946598,38.94,39.56,39.53,38.84,39.11,41.16,43.08,2020-09-25,-
2024-08-20,3009,中天火箭,航天航空,38.49,38.58,38.04,38.28,38.04,762351,29197863.71,0.4906,-0.545,1.4,否,0.91,-1.997,-1.594,-5.761,2.793,否,155393534,155392744,5959342028.9,5959311732.4,78.182659,3.789968,4.919659,38.72,39.32,39.57,38.89,39.08,41.12,43.04,2020-09-25,-
2024-08-21,3009,中天火箭,航天航空,38.09,38.25,37.69,37.74,37.69,625800,23810120.0,0.4027,-1.408,1.46,否,0.81,-2.581,-4.238,-8.797,1.153,否,155393534,155392744,5875429520.54,5875399650.64,77.081782,3.736602,4.850386,38.46,38.96,39.59,38.91,39.04,41.07,43.01,2020-09-25,-
2024-08-22,3009,中天火箭,航天航空,37.74,38.55,37.64,37.82,37.64,828800,31494212.0,0.5334,0.212,2.41,否,1.11,-1.741,-3.05,-5.521,0.239,否,155393534,155392744,5887861003.26,5887831070.16,77.244875,3.744508,4.860648,38.21,38.74,39.58,38.92,38.99,41.03,42.97,2020-09-25,-
2024-08-23,3009,中天火箭,航天航空,37.7,37.86,36.99,37.12,36.99,683400,25490231.0,0.4398,-1.848,2.3,否,0.93,-3.03,-4.967,-7.014,-2.29,否,155393534,155392744,5779085529.46,5779056149.36,75.817812,3.67533,4.77085,37.89,38.46,39.5,38.9,38.92,40.98,42.93,2020-09-25,-
2024-08-26,3009,中天火箭,航天航空,36.93,37.3,36.61,37.12,36.61,534569,19815439.44,0.344,0.0,1.86,否,0.74,-1.643,-4.182,-4.576,-2.725,否,155393534,155392744,5779085529.46,5779056149.36,75.817812,3.67533,4.77085,37.62,38.28,39.39,38.9,38.84,40.92,42.89,2020-09-25,-
2024-08-27,3009,中天火箭,航天航空,36.9,37.39,36.68,36.89,36.68,723800,26826889.0,0.4658,-0.618,1.91,否,1.05,-2.459,-4.157,-6.394,-1.337,否,155393534,155392744,5743345016.64,5743315818.24,68.871714,3.6445,4.902151,37.34,38.03,39.24,38.89,38.75,40.86,42.85,2020-09-25,-
2024-08-28,3009,中天火箭,航天航空,36.73,37.19,36.59,36.81,36.59,556900,20583794.82,0.3584,-0.217,1.62,否,0.82,-0.835,-3.84,-5.64,-1.472,否,155393534,155392744,5730913533.92,5730884398.72,68.722641,3.636611,4.89154,37.15,37.81,39.07,38.87,38.68,40.8,42.8,2020-09-25,-
2024-08-29,3009,中天火箭,航天航空,36.81,37.5,36.71,37.26,36.71,711000,26533664.0,0.4576,1.22,2.14,否,1.07,0.377,-1.272,-4.608,-1.689,否,155393534,155392744,5800840624.22,5800811133.52,69.561176,3.680984,4.951225,37.04,37.63,38.89,38.86,38.61,40.75,42.76,2020-09-25,-
2024-08-30,3009,中天火箭,航天航空,37.26,38.05,37.08,37.51,37.08,1056200,39932626.0,0.6797,0.67,2.6,否,1.65,1.681,-0.82,-3.175,-3.424,否,155393534,155392744,5839689007.72,5839659319.52,70.027029,3.705636,4.984384,37.12,37.5,38.59,38.84,38.58,40.7,42.72,2020-09-25,-
2024-09-02,3009,中天火箭,航天航空,37.53,37.6,36.63,36.68,36.63,929200,34477316.0,0.598,-2.209,2.58,否,1.3,-0.353,-1.185,-4.703,-6.738,否,155393534,155392744,5710712374.5,5710683342.0,68.480397,3.623792,4.874298,37.03,37.32,38.44,38.79,38.54,40.64,42.67,2020-09-25,-
2024-09-03,3009,中天火箭,航天航空,36.62,37.1,36.62,36.86,36.62,616700,22795315.0,0.3969,0.49,1.31,否,0.78,-1.074,-0.7,-3.71,-7.41,否,155393534,155392744,5738683210.62,5738654035.92,68.815811,3.641542,4.898172,37.02,37.18,38.25,38.77,38.49,40.58,42.62,2020-09-25,-
2024-09-04,3009,中天火箭,航天航空,36.8,37.02,36.63,36.9,36.63,494700,18282359.0,0.3184,0.108,1.06,否,0.64,-1.626,0.027,-2.226,-8.14,否,155393534,155392744,5744898951.98,5744869745.68,68.890348,3.645486,4.903477,37.04,37.1,38.03,38.76,38.45,40.52,42.57,2020-09-25,-
2024-09-05,3009,中天火箭,航天航空,36.83,37.22,36.63,36.97,36.63,797900,29502834.0,0.5135,0.189,1.6,否,1.05,0.791,0.435,-2.247,-9.52,否,155393534,155392744,5755776499.36,5755747237.76,69.020787,3.652388,4.912762,36.98,37.01,37.87,38.73,38.4,40.45,42.53,2020-09-25,-
2024-09-06,3009,中天火箭,航天航空,36.93,37.02,35.94,36.12,35.94,1088200,39624653.81,0.7003,-2.295,2.92,否,1.4,-2.008,-3.06,-2.694,-17.156,否,155393534,155392744,5623691995.46,5623663405.36,67.436886,3.568573,4.800023,36.71,36.91,37.68,38.64,38.34,40.38,42.49,2020-09-25,-
2024-09-09,3009,中天火箭,航天航空,35.93,36.2,35.52,35.8,35.52,768500,27583752.0,0.4946,-0.912,1.91,否,0.98,-2.981,-4.559,-3.556,-9.778,否,155393534,155392744,5572412129.24,5572383799.84,66.82196,3.536033,4.756253,36.53,36.78,37.53,38.52,38.27,40.3,42.44,2020-09-25,-
2024-09-10,3009,中天火箭,航天航空,35.94,36.18,34.94,36.02,34.94,848600,30225812.0,0.5461,0.641,3.49,否,1.13,-2.57,-1.799,-2.358,-11.324,否,155393534,155392744,5608152642.06,5608124130.96,67.250545,3.558712,4.786759,36.36,36.69,37.36,38.39,38.21,40.23,42.4,2020-09-25,-
2024-09-11,3009,中天火箭,航天航空,36.03,36.1,35.49,35.82,35.49,658600,23592057.0,0.4238,-0.582,1.72,否,0.82,-0.831,-2.821,-2.689,-13.436,否,155393534,155392744,5575519999.92,5575491654.72,66.859229,3.538005,4.758906,36.15,36.59,37.2,38.25,38.14,40.16,42.36,2020-09-25,-
2024-09-12,3009,中天火箭,航天航空,35.81,36.21,35.54,35.58,35.54,607600,21847765.0,0.391,-0.669,1.9,否,0.73,-0.615,-3.577,-4.509,-11.117,否,155393534,155392744,5538225551.76,5538197396.16,66.41201,3.514339,4.727074,35.87,36.43,37.03,38.07,38.09,40.08,42.31,2020-09-25,-
2024-09-13,3009,中天火箭,航天航空,35.81,35.81,35.23,35.42,35.23,547700,19449251.0,0.3525,-0.449,1.63,否,0.69,-1.666,-4.193,-5.572,-11.273,否,155393534,155392744,5513362586.32,5513334557.12,66.113864,3.498562,4.705853,35.73,36.22,36.86,37.8,38.03,40.0,42.26,2020-09-25,-
2024-09-18,3009,中天火箭,航天航空,35.42,35.58,34.3,34.98,34.3,887400,30985791.0,0.5711,-1.24,3.61,否,1.29,-2.345,-3.156,-4.635,-10.077,否,155393534,155392744,5444989431.36,5444961749.76,65.293962,3.455175,4.647494,35.56,36.05,36.69,37.64,37.98,39.92,42.21,2020-09-25,-
2024-09-19,3009,中天火箭,航天航空,34.96,35.35,34.4,35.0,34.4,1117600,39172887.0,0.7192,0.057,2.71,否,1.57,-1.63,-2.235,-5.046,-11.19,否,155393552,155392762,5448097933.12,5448070235.72,65.331231,3.457147,4.650146,35.36,35.86,36.52,37.45,37.93,39.85,42.16,2020-09-25,-
2024-09-20,3009,中天火箭,航天航空,34.93,35.04,34.29,34.54,34.29,851600,29519449.0,0.548,-1.312,2.14,否,1.11,-2.484,-4.109,-6.396,-11.459,否,155393552,155392762,5376616899.2,5376589565.2,64.474061,3.411788,4.589135,35.1,35.63,36.36,37.23,37.87,39.78,42.11,2020-09-25,-
2024-09-23,3009,中天火箭,航天航空,34.72,35.2,34.51,34.8,34.51,959400,33560126.0,0.6174,0.751,1.99,否,1.2,-0.515,-2.848,-5.87,-10.906,否,155393552,155392762,5417019222.72,5416991683.32,64.958556,3.437426,4.62362,34.95,35.41,36.21,37.05,37.81,39.72,42.06,2020-09-25,-
2024-09-24,3009,中天火箭,航天航空,35.05,35.8,34.62,35.74,34.62,1368000,48381633.0,0.8803,2.697,3.38,否,1.57,2.114,0.45,-1.052,-7.744,否,155393552,155392762,5563089161.6,5563060879.6,66.710163,3.530117,4.748296,35.01,35.37,36.14,36.91,37.77,39.65,42.01,2020-09-25,-
2024-09-25,3009,中天火箭,航天航空,35.98,37.12,35.97,36.71,35.97,1931300,70816095.0,1.2429,2.737,3.21,否,1.86,6.283,3.642,2.542,-4.625,否,155393552,155392762,5715374842.56,5715345786.36,68.536307,3.626751,4.878277,35.36,35.46,36.12,36.84,37.74,39.59,41.97,2020-09-25,-
2024-09-26,3009,中天火箭,航天航空,36.73,37.63,36.23,37.61,36.23,1896500,70063676.0,1.2205,2.447,3.81,否,1.52,8.075,7.519,4.414,-1.75,否,155393552,155392762,5855229039.36,5855199272.16,70.213379,3.715497,4.997648,35.88,35.62,36.16,36.78,37.72,39.53,41.94,2020-09-25,-
2024-09-27,3009,中天火箭,航天航空,38.32,39.58,37.93,39.38,37.93,2406000,93553104.0,1.5483,4.698,4.38,否,1.72,10.185,12.514,9.939,4.346,否,155393552,155392762,6130275626.4,6130244460.9,73.511618,3.890031,5.23241,36.85,35.98,36.29,36.79,37.75,39.49,41.93,2020-09-25,-
2024-09-30,3009,中天火箭,航天航空,40.25,42.7,39.44,42.44,39.44,5184975,214545920.53,3.3367,7.786,8.29,否,3.03,15.609,22.872,19.28,12.216,否,155393598,155392808,6604227915.0,6604194340.0,79.195026,4.190781,5.636944,38.38,36.66,36.54,36.91,37.83,39.48,41.93,2020-09-25,-
2024-10-08,3009,中天火箭,航天航空,46.64,46.64,42.19,44.82,42.19,5443689,242271044.95,3.5032,5.6,10.47,否,2.13,19.17,28.793,26.539,20.744,否,155393598,155392808,6974064678.24,6974029223.04,83.629948,4.425465,5.952612,40.19,37.6,36.91,37.11,37.95,39.5,41.94,2020-09-25,-
2024-10-09,3009,中天火箭,航天航空,43.74,43.93,41.45,41.55,41.45,3432572,146323608.42,2.209,-7.308,5.55,否,1.02,5.51,16.256,18.782,11.934,否,155393598,155392808,6464373676.8,6464340812.8,77.517978,4.102036,5.517575,41.16,38.26,37.15,37.21,38.03,39.49,41.94,2020-09-25,-
2024-10-10,3009,中天火箭,航天航空,41.32,43.44,40.75,42.12,40.75,2893203,122342906.9,1.8619,1.37,6.49,否,0.79,-0.754,14.737,20.343,14.177,否,155393598,155392808,6552948027.66,6552914713.36,78.580123,4.158242,5.593176,42.06,38.97,37.42,37.34,38.11,39.49,41.94,2020-09-25,-
2024-10-11,3009,中天火箭,航天航空,41.51,41.55,39.1,39.39,39.1,2697404,108044487.16,1.7359,-6.474,5.81,否,0.7,-12.115,4.733,14.042,7.009,否,155393598,155392808,6128723505.12,6128692347.52,73.493006,3.889046,5.231085,42.06,39.46,37.54,37.39,38.15,39.47,41.93,2020-09-25,-
2024-10-14,3009,中天火箭,航天航空,40.23,42.82,40.1,42.49,40.1,4855551,204372165.12,3.1247,7.885,6.92,否,1.24,2.262,7.897,22.098,14.037,否,155393598,155392808,6611997594.9,6611963980.4,79.28822,4.195712,5.643577,42.07,40.23,37.82,37.55,38.23,39.47,41.94,2020-09-25,-
2024-10-15,3009,中天火箭,航天航空,41.65,44.26,40.93,43.75,40.93,6125026,262311779.11,3.9416,2.961,7.85,否,1.58,3.87,3.087,22.412,16.636,否,155393598,155392808,6807793528.38,6807758918.48,81.636121,4.319957,5.810696,41.86,41.03,38.2,37.77,38.34,39.49,41.95,2020-09-25,-
2024-10-16,3009,中天火箭,航天航空,42.01,42.55,41.36,41.84,41.36,3748600,157645489.49,2.4123,-4.383,2.74,否,0.94,6.22,-6.649,13.974,14.068,否,155393598,155392808,6509437820.22,6509404727.12,78.058368,4.130632,5.556038,41.92,41.54,38.5,37.93,38.41,39.5,41.95,2020-09-25,-
2024-10-17,3009,中天火箭,航天航空,41.9,42.29,41.16,41.29,41.16,2715452,113445104.12,1.7475,-1.313,2.72,否,0.67,-2.824,-0.626,9.785,12.018,否,155393598,155392808,6423971341.32,6423938682.72,77.033491,4.076398,5.48309,41.75,41.91,38.76,38.07,38.48,39.5,41.95,2020-09-25,-
2024-10-18,3009,中天火箭,航天航空,41.3,43.05,40.74,42.44,40.74,3433010,144893452.0,2.2092,2.806,5.61,否,0.85,-2.994,0.76,7.77,15.014,否,155393598,155392808,6604227915.0,6604194340.0,79.19505,4.190782,5.636945,42.36,42.21,39.09,38.26,38.57,39.5,41.95,2020-09-25,-
2024-10-21,3009,中天火箭,航天航空,43.47,45.12,43.12,44.16,43.12,5407351,239342989.3,3.4798,4.047,4.71,否,1.3,5.545,12.11,4.053,19.448,否,155393598,155392808,6871504903.56,6871469969.76,82.40012,4.360385,5.865076,42.7,42.39,39.52,38.49,38.67,39.5,41.95,2020-09-25,-
2024-10-22,3009,中天火箭,航天航空,43.73,43.89,42.66,43.24,42.66,3200100,138282407.0,2.0594,-2.081,2.78,否,0.75,4.723,1.765,-3.525,19.712,否,155393598,155392808,6728542793.4,6728508586.4,80.68578,4.269667,5.743052,42.59,42.23,39.91,38.68,38.76,39.49,41.96,2020-09-25,-
2024-10-23,3009,中天火箭,航天航空,43.21,46.08,42.85,44.93,42.85,5726690,256629137.9,3.6853,3.903,7.46,否,1.55,5.867,2.697,8.135,25.503,否,155393598,155392808,6991157974.02,6991122431.92,83.834948,4.436313,5.967204,43.21,42.57,40.41,38.96,38.87,39.5,41.97,2020-09-25,-
2024-10-24,3009,中天火箭,航天航空,45.04,45.04,43.27,43.5,43.27,2945109,129008635.84,1.8953,-3.179,3.93,否,0.72,-1.495,3.967,3.276,20.766,否,155393598,155392808,6768945128.88,6768910716.48,81.170267,4.295305,5.777537,43.65,42.7,40.84,39.18,38.98,39.5,41.97,2020-09-25,-
2024-10-25,3009,中天火箭,航天航空,42.96,43.55,42.94,43.29,42.94,2531074,109409103.92,1.6288,-0.482,1.4,否,0.61,0.116,4.844,9.901,20.854,否,155393598,155392808,6736312473.3,6736278226.8,91.717534,4.291583,5.857965,43.82,43.09,41.27,39.39,39.07,39.49,41.98,2020-09-25,-
2024-10-28,3009,中天火箭,航天航空,43.39,44.94,42.97,44.08,42.97,3216190,141632919.36,2.0697,1.822,4.54,否,0.81,-1.892,3.864,3.742,23.89,否,155393598,155392808,6859073415.72,6859038545.12,93.388972,4.369792,5.96472,43.81,43.25,41.74,39.63,39.18,39.48,41.97,2020-09-25,-
2024-10-29,3009,中天火箭,航天航空,43.77,44.85,42.89,42.98,42.89,3322500,145119092.0,2.1381,-2.492,4.44,否,0.94,-1.195,-2.672,-1.76,21.344,否,155393598,155392808,6688140457.92,6688106456.32,91.061653,4.260893,5.816075,43.76,43.18,42.1,39.86,39.25,39.48,41.96,2020-09-25,-
2024-10-30,3009,中天火箭,航天航空,42.98,43.19,41.7,42.24,41.7,2183209,92755483.66,1.405,-1.719,3.49,否,0.62,-2.426,-2.313,0.956,20.755,否,155393598,155392808,6573149195.4,6573115778.4,89.496002,4.187634,5.716077,43.22,43.22,42.38,40.07,39.3,39.48,41.95,2020-09-25,-
2024-10-31,3009,中天火箭,航天航空,42.02,42.44,41.59,42.25,41.59,2449100,103134219.0,1.5761,0.024,2.03,否,0.86,-4.152,-5.965,2.325,20.714,否,155393598,155392808,6574703131.38,6574669706.48,89.517159,4.188624,5.717428,42.97,43.31,42.61,40.28,39.34,39.48,41.93,2020-09-25,-
2024-11-01,3009,中天火箭,航天航空,42.14,42.18,40.45,40.63,40.45,2847200,116869745.98,1.8323,-3.853,4.11,否,1.04,-5.468,-6.598,-4.265,17.632,否,155393598,155392808,6321411566.64,6321379429.44,86.068495,4.027257,5.497163,42.44,43.13,42.67,40.44,39.34,39.45,41.9,2020-09-25,-
2024-11-04,3009,中天火箭,航天航空,40.57,41.45,40.52,41.36,40.52,1621977,66863061.77,1.0438,1.795,2.29,否,0.58,-2.083,-4.458,-6.341,18.851,否,155393598,155392808,6434848893.18,6434816179.28,87.612989,4.099526,5.59581,41.89,42.85,42.62,40.63,39.35,39.44,41.88,2020-09-25,-
2024-11-05,3009,中天火箭,航天航空,41.37,43.33,41.27,42.99,41.27,3558800,151957811.0,2.2902,3.96,5.0,否,1.43,1.751,-2.473,-0.578,20.285,否,155393598,155392808,6689694393.9,6689660384.4,91.08281,4.261883,5.817426,41.89,42.83,42.53,40.88,39.34,39.44,41.86,2020-09-25,-
2024-11-06,3009,中天火箭,航天航空,43.37,45.29,42.94,44.35,42.94,5423090,239314728.3,3.4899,3.159,5.46,否,2.14,9.156,3.188,-1.291,20.812,否,155393598,155392808,6901029687.18,6900994603.28,93.960223,4.396521,6.001205,42.32,42.77,42.67,41.2,39.42,39.45,41.85,2020-09-25,-
2024-11-07,3009,中天火箭,航天航空,44.14,44.14,42.79,43.87,42.79,2974818,129486310.82,1.9144,-1.081,3.04,否,0.94,6.069,3.859,0.851,16.645,否,155393598,155392808,6826440760.14,6826406055.44,92.944666,4.349002,5.936342,42.64,42.8,42.75,41.49,39.47,39.47,41.84,2020-09-25,-
2024-11-08,3009,中天火箭,航天航空,43.82,45.13,43.82,44.93,43.82,4749251,212230888.48,3.0563,2.413,2.98,否,1.45,4.513,6.343,3.788,14.093,否,155393598,155392808,6991157974.02,6991122431.92,95.187355,4.45394,6.079582,43.5,42.97,43.03,41.84,39.53,39.49,41.83,2020-09-25,-
2024-11-11,3009,中天火箭,航天航空,44.94,46.14,43.82,45.99,43.82,5308109,240487568.11,3.4159,2.356,5.16,否,1.45,3.698,13.192,4.333,8.365,否,155393598,155392808,7155875187.9,7155838808.4,97.430044,4.558879,6.222821,44.43,43.16,43.21,42.21,39.63,39.53,41.83,2020-09-25,-
2024-11-12,3009,中天火箭,航天航空,45.99,47.64,45.0,45.36,45.0,5690809,263226789.17,3.6622,-1.368,5.73,否,1.29,3.396,9.671,5.537,1.205,否,155393727,155392937,7057983080.34,7057947198.54,96.097125,4.49651,6.137688,44.9,43.4,43.29,42.53,39.72,39.56,41.83,2020-09-25,-
2024-11-13,3009,中天火箭,航天航空,44.89,45.61,44.07,44.92,44.07,2901500,129749020.0,1.8672,-0.969,3.39,否,0.6,-0.022,4.489,6.345,8.111,否,155393727,155392937,6989609840.46,6989574306.26,95.166277,4.452954,6.078235,45.01,43.67,43.44,42.81,39.82,39.59,41.82,2020-09-25,-
2024-11-14,3009,中天火箭,航天航空,44.75,44.76,42.94,43.15,42.94,2332400,102090155.0,1.501,-3.935,4.05,否,0.54,-6.175,-2.706,2.13,2.445,否,155393727,155392937,6714562943.67,6714528807.77,91.421405,4.277726,5.839052,44.87,43.76,43.53,42.99,39.89,39.59,41.81,2020-09-25,-
2024-11-15,3009,中天火箭,航天航空,43.15,45.39,42.69,44.57,42.69,4948200,219435538.73,3.1843,3.286,6.25,否,1.18,-1.742,1.596,9.697,13.151,否,155393727,155392937,6935222036.01,6935186778.31,94.425765,4.418304,6.030939,44.8,44.15,43.64,43.16,39.98,39.62,41.8,2020-09-25,-
2024-11-18,3009,中天火箭,航天航空,44.74,44.88,41.9,42.08,41.9,3454700,148110639.0,2.2232,-5.602,6.7,否,0.82,-6.322,-6.343,1.741,-0.965,否,155393727,155392937,6546737718.51,6546704435.81,89.136399,4.170808,5.693109,44.02,44.22,43.54,43.15,40.03,39.62,41.78,2020-09-25,-
2024-11-19,3009,中天火箭,航天航空,42.12,43.08,41.85,42.71,41.85,1877051,79784019.89,1.2079,1.519,2.94,否,0.49,-1.02,-7.132,-0.651,-2.377,否,155393727,155392937,6646189703.79,6646155915.49,90.490477,4.234167,5.779594,43.49,44.19,43.51,43.08,40.09,39.62,41.76,2020-09-25,-
2024-11-20,3009,中天火箭,航天航空,42.67,43.72,42.22,43.6,42.22,2235500,96413583.0,1.4386,2.081,3.51,否,0.72,-2.176,-3.88,-1.691,4.207,否,155393727,155392937,6784490120.82,6784455629.42,92.373491,4.322276,5.899861,43.22,44.12,43.44,43.15,40.18,39.65,41.75,2020-09-25,-
2024-11-21,3009,中天火箭,航天航空,43.64,45.34,43.45,44.68,43.45,3120409,139201954.39,2.0081,2.474,4.33,否,1.05,6.179,-0.534,1.846,8.21,否,155393727,155392937,6952315345.98,6952280001.38,94.658497,4.429194,6.045804,43.53,44.2,43.5,43.24,40.29,39.68,41.74,2020-09-25,-
2024-11-22,3009,中天火箭,航天航空,44.51,44.9,42.97,43.02,42.97,2666300,117279720.0,1.7158,-3.71,4.31,否,0.85,0.726,-0.301,-4.251,1.367,否,155393727,155392937,6694361759.16,6694327725.96,91.146358,4.264857,5.821485,43.22,44.01,43.49,43.36,40.37,39.71,41.72,2020-09-25,-
2024-11-25,3009,中天火箭,航天航空,42.63,43.13,41.33,41.95,41.33,2378400,100160544.0,1.5306,-2.507,4.2,否,0.89,-3.784,-5.878,-8.785,-5.005,否,155393727,155392937,6526536534.0,6526503354.0,88.861352,4.157938,5.675542,43.19,43.6,43.38,43.34,40.44,39.71,41.69,2020-09-25,-
2024-11-26,3009,中天火箭,航天航空,41.78,42.14,41.28,41.35,41.28,1455202,60680368.38,0.9365,-1.429,2.07,否,0.59,-7.453,-1.735,-8.84,-4.371,否,155393727,155392937,6433300297.8,6433267591.8,87.591904,4.098539,5.594463,42.92,43.2,43.3,43.26,40.51,39.71,41.66,2020-09-25,-
2024-11-27,3009,中天火箭,航天航空,41.26,42.42,40.37,42.32,40.37,2333000,96725515.0,1.5014,2.367,4.98,否,0.98,-1.627,-0.913,-5.788,-5.809,否,155393727,155392937,6585586150.26,6585552670.06,89.665336,4.195558,5.726892,42.66,42.94,43.3,43.27,40.6,39.72,41.63,2020-09-25,-
2024-11-28,3009,中天火箭,航天航空,42.12,42.78,41.63,41.77,41.63,1767451,74653796.82,1.1374,-1.321,2.74,否,0.74,-0.429,-4.197,-3.198,-3.977,否,155393727,155392937,6498565663.14,6498532625.34,88.480518,4.140119,5.651218,42.08,42.81,43.28,43.29,40.68,39.72,41.61,2020-09-25,-
2024-11-29,3009,中天火箭,航天航空,41.74,42.52,41.1,42.09,41.1,1738902,73017839.89,1.119,0.765,3.42,否,0.82,1.79,-5.797,-5.564,-2.772,否,155393727,155392937,6548291655.78,6548258365.18,89.157557,4.171798,5.694461,41.9,42.56,43.35,43.28,40.77,39.72,41.58,2020-09-25,-
2024-12-02,3009,中天火箭,航天航空,42.06,42.43,41.85,42.3,41.85,1799000,75935236.0,1.1577,0.522,1.4,否,0.93,-0.047,-1.674,0.523,-4.038,否,155393727,155392937,6582478275.72,6582444811.32,89.623021,4.193578,5.72419,41.97,42.58,43.4,43.22,40.85,39.73,41.55,2020-09-25,-
2024-12-03,3009,中天火箭,航天航空,42.29,42.29,41.35,41.83,41.35,1818393,75904551.98,1.1702,-1.133,2.24,否,1.0,0.144,-0.286,-2.06,-2.676,否,155393727,155392937,6507889286.76,6507856201.56,88.607462,4.146058,5.659326,42.06,42.49,43.34,43.17,40.93,39.75,41.53,2020-09-25,-
2024-12-04,3009,中天火箭,航天航空,41.79,41.83,41.0,41.13,41.0,1543300,63935442.0,0.9932,-1.671,1.98,否,0.82,-2.281,-0.532,-5.665,-2.628,否,155393727,155392937,6399113677.86,6399081145.66,87.12644,4.076759,5.564734,41.82,42.24,43.18,43.04,41.0,39.77,41.51,2020-09-25,-
2024-12-05,3009,中天火箭,航天航空,41.23,41.82,40.86,41.28,40.86,1307100,54124888.0,0.8412,0.364,2.33,否,0.75,-2.411,-2.457,-7.61,-2.296,否,155393727,155392937,6422422736.91,6422390086.21,87.443802,4.091609,5.585004,41.73,41.9,43.05,42.97,41.07,39.78,41.49,2020-09-25,-
2024-12-06,3009,中天火箭,航天航空,41.46,41.72,40.7,41.58,40.7,1726400,71139195.0,1.111,0.726,2.47,否,1.05,-0.598,-0.455,-3.347,2.338,否,155393727,155392937,6469040855.01,6469007967.31,88.078526,4.121309,5.625543,41.62,41.76,42.88,42.91,41.15,39.8,41.48,2020-09-25,-
2024-12-09,3009,中天火箭,航天航空,41.56,41.72,40.93,41.36,40.93,1490743,61654576.63,0.9593,-0.529,1.9,否,0.91,0.559,-1.734,-1.406,0.0,否,155393727,155392937,6434854235.07,6434821521.17,87.613062,4.099529,5.595814,41.44,41.7,42.65,42.82,41.22,39.81,41.47,2020-09-25,-
2024-12-10,3009,中天火箭,航天航空,41.98,42.44,41.75,41.95,41.75,2926802,123349647.98,1.8835,1.425,1.69,否,1.86,1.623,-0.827,1.451,-2.419,否,155393727,155392937,6526536534.0,6526503354.0,88.861352,4.157938,5.675542,41.46,41.76,42.48,42.79,41.32,39.83,41.46,2020-09-25,-
2024-12-11,3009,中天火箭,航天航空,41.92,42.21,41.53,42.07,41.53,1515692,63693349.72,0.9754,0.286,1.64,否,0.84,1.178,0.574,-0.591,-5.141,否,155393727,155392937,6545183781.24,6545150506.44,89.115242,4.169818,5.691758,41.65,41.74,42.34,42.78,41.43,39.85,41.45,2020-09-25,-
2024-12-12,3009,中天火箭,航天航空,42.08,42.58,41.93,42.27,41.93,1787343,75668783.61,1.1502,0.499,1.57,否,1.0,2.2,2.772,1.197,-3.647,否,155393727,155392937,6577816463.91,6577783023.21,89.559548,4.190608,5.720136,41.85,41.79,42.3,42.78,41.53,39.87,41.44,2020-09-25,-
2024-12-13,3009,中天火箭,航天航空,42.33,42.33,40.65,40.77,40.65,3187800,131723241.9,2.0514,-3.567,3.99,否,1.69,-2.813,-1.235,-3.136,-9.259,否,155393727,155392937,6343171936.14,6343139688.34,86.364771,4.04112,5.516086,41.68,41.65,42.11,42.79,41.61,39.88,41.43,2020-09-25,-
2024-12-16,3009,中天火箭,航天航空,40.83,41.14,40.55,40.89,40.55,1277700,52250750.3,0.8222,0.294,1.45,否,0.59,-2.805,-1.659,-3.333,-11.089,否,155393727,155392937,6361819183.38,6361786840.78,86.618661,4.053,5.532302,41.59,41.51,42.05,42.77,41.7,39.89,41.41,2020-09-25,-
2024-12-17,3009,中天火箭,航天航空,40.84,41.07,40.03,40.14,40.03,1470800,59412705.0,0.9465,-1.832,2.54,否,0.69,-5.039,-2.95,-4.04,-11.508,否,155393727,155392937,6245273888.13,6245242138.03,85.031851,3.978751,5.430953,41.23,41.34,41.92,42.68,41.78,39.91,41.4,2020-09-25,-
2024-12-18,3009,中天火箭,航天航空,40.39,40.53,40.06,40.1,40.06,984890,39706892.4,0.6338,-0.1,1.17,否,0.53,-1.643,-4.41,-2.504,-10.73,否,155393727,155392937,6239058139.05,6239026420.55,84.947221,3.974791,5.425548,40.83,41.24,41.74,42.53,41.87,39.92,41.39,2020-09-25,-
2024-12-19,3009,中天火箭,航天航空,39.85,40.43,39.46,40.39,39.46,1167347,46707960.25,0.7512,0.722,2.42,否,0.67,-1.223,-3.993,-2.156,-6.396,否,155393727,155392937,6284122319.88,6284090372.28,85.560788,4.003501,5.464736,40.46,41.15,41.53,42.42,41.96,39.94,41.37,2020-09-25,-
2024-12-20,3009,中天火箭,航天航空,40.32,40.82,40.25,40.5,40.25,1137000,46210157.0,0.7317,0.272,1.41,否,0.7,0.897,-4.187,-2.597,-9.132,否,155393727,155392937,6301215629.85,6301183595.35,85.79352,4.01439,5.479601,40.4,41.04,41.4,42.27,42.05,39.96,41.37,2020-09-25,-
2024-12-23,3009,中天火箭,航天航空,40.44,40.57,39.56,39.61,39.56,1011500,40428588.0,0.6509,-2.195,2.49,否,0.84,-1.222,-2.845,-4.231,-5.87,否,155393727,155392937,6162915212.82,6162883881.42,83.910505,3.926282,5.359333,40.15,40.87,41.29,42.06,42.14,39.97,41.35,2020-09-25,-
2024-12-24,3009,中天火箭,航天航空,39.76,39.93,39.3,39.7,39.3,789900,31333159.0,0.5083,0.227,1.59,否,0.68,-1.708,-2.91,-5.364,-7.048,否,155393727,155392937,6176900648.25,6176869245.75,84.100922,3.935192,5.371495,40.06,40.64,41.2,41.87,42.2,39.98,41.33,2020-09-25,-
2024-12-25,3009,中天火箭,航天航空,39.71,39.74,38.85,39.14,38.85,1127800,44178436.0,0.7258,-1.409,2.24,否,1.11,-3.358,-2.491,-6.965,-10.229,否,155393727,155392937,6089880161.13,6089849201.03,82.916104,3.879752,5.295821,39.87,40.35,41.04,41.68,42.24,39.99,41.32,2020-09-25,-
2024-12-26,3009,中天火箭,航天航空,39.17,39.7,39.05,39.24,39.05,879033,34708077.94,0.5657,0.255,1.66,否,0.84,-0.934,-2.145,-7.168,-12.175,否,155393727,155392937,6105419533.83,6105388494.73,83.127679,3.889652,5.309335,39.64,40.05,40.92,41.55,42.27,40.0,41.3,2020-09-25,-
2024-12-27,3009,中天火箭,航天航空,39.57,40.37,39.57,39.93,39.57,1515990,60758018.7,0.9756,1.756,2.04,否,1.53,0.579,-1.139,-2.06,-7.183,否,155393727,155392937,6212641205.46,6212609621.26,84.587544,3.957961,5.402576,39.52,39.96,40.81,41.39,42.28,40.01,41.28,2020-09-25,-
2024-12-30,3009,中天火箭,航天航空,39.94,40.44,39.64,39.93,39.64,996523,39897561.86,0.6413,0.0,2.0,否,0.94,2.018,-1.407,-2.348,-4.815,否,155393727,155392937,6212641205.46,6212609621.26,84.587544,3.957961,5.402576,39.59,39.87,40.69,41.32,42.24,40.03,41.27,2020-09-25,-
2024-12-31,3009,中天火箭,航天航空,39.82,39.92,38.94,38.95,38.94,1141290,44850452.4,0.7345,-2.451,2.45,否,1.07,-0.739,-1.666,-2.965,-5.804,否,155393727,155392937,6060355353.0,6060324543.0,82.514113,3.860943,5.270146,39.44,39.75,40.55,41.19,42.14,40.04,41.26,2020-09-25,-
2025-01-02,3009,中天火箭,航天航空,38.85,39.24,37.45,37.7,37.45,1406999,53827575.42,0.9054,-3.205,4.59,否,1.24,-5.585,-5.038,-5.985,-10.917,否,155393727,155392937,5866113194.25,5866083371.75,79.86943,3.737195,5.101231,39.15,39.51,40.38,41.0,42.07,40.05,41.24,2020-09-25,-
2025-01-03,3009,中天火箭,航天航空,37.83,38.15,37.48,37.7,37.48,1018200,38508476.0,0.6552,0.0,1.77,否,0.86,-5.585,-3.679,-6.66,-9.744,否,155393727,155392937,5866113194.25,5866083371.75,79.86943,3.737195,5.101231,38.84,39.24,40.2,40.77,42.0,40.06,41.23,2020-09-25,-
2025-01-06,3009,中天火箭,航天航空,37.46,37.8,36.86,37.12,36.86,1020700,37984359.0,0.6569,-1.536,2.49,否,0.84,-4.698,-5.403,-8.346,-11.808,否,155393727,155392937,5775984832.59,5775955468.29,78.642297,3.679775,5.022855,38.28,38.9,39.97,40.57,41.96,40.06,41.2,2020-09-25,-
2025-01-07,3009,中天火箭,航天航空,36.94,37.3,36.76,37.3,36.76,731009,27131703.81,0.4704,0.484,1.45,否,0.65,-1.061,-6.587,-5.832,-11.82,否,155393727,155392937,5803955703.45,5803926196.95,79.023131,3.697595,5.047179,37.75,38.67,39.77,40.41,41.88,40.05,41.18,2020-09-25,-
2025-01-08,3009,中天火箭,航天航空,37.05,37.3,35.85,36.75,35.85,1057900,38700561.0,0.6808,-1.473,3.88,否,0.99,-2.52,-7.964,-7.431,-12.144,否,155393727,155392937,5718489153.6,5718460081.6,77.85947,3.643146,4.972856,37.31,38.38,39.51,40.26,41.76,40.05,41.14,2020-09-25,-
2025-01-09,3009,中天火箭,航天航空,36.48,37.55,36.31,36.93,36.31,935300,34731860.0,0.6019,0.489,3.37,否,0.89,-0.512,-5.186,-5.646,-10.212,否,155393727,155392937,5746460024.46,5746430810.26,78.240305,3.660966,4.99718,37.16,38.16,39.25,40.08,41.68,40.05,41.11,2020-09-25,-
2025-01-10,3009,中天火箭,航天航空,36.93,37.36,36.32,36.35,36.32,761500,28100206.0,0.49,-1.568,2.81,否,0.8,-2.547,-3.581,-7.365,-11.943,否,155393727,155392937,5656331662.8,5656302906.8,77.013172,3.603547,4.918803,36.89,37.87,38.96,39.9,41.6,40.04,41.08,2020-09-25,-
2025-01-13,3009,中天火箭,航天航空,36.13,36.83,35.91,36.61,35.91,695900,25393226.0,0.4478,0.714,2.53,否,0.77,-0.381,-2.891,-8.315,-11.953,否,155393727,155392937,5696734031.82,5696705070.42,77.563266,3.629286,4.953938,36.79,37.53,38.75,39.72,41.5,40.03,41.04,2020-09-25,-
2025-01-14,3009,中天火箭,航天航空,36.63,38.13,36.6,37.99,36.6,1399100,52712828.0,0.9004,3.764,4.17,否,1.67,2.87,2.344,-4.859,-8.148,否,155393727,155392937,5911177375.08,5911147323.48,80.482996,3.765904,5.14042,36.93,37.34,38.6,39.57,41.4,40.03,41.01,2020-09-25,-
2025-01-15,3009,中天火箭,航天航空,37.98,39.1,37.85,38.32,37.85,1388800,53419559.95,0.8937,0.868,3.29,否,1.43,5.42,2.735,-1.617,-8.653,否,155393727,155392937,5962457304.99,5962426992.69,81.181192,3.798574,5.185013,37.24,37.28,38.51,39.46,41.31,40.04,40.98,2020-09-25,-
2025-01-16,3009,中天火箭,航天航空,38.32,38.7,37.75,37.99,37.75,867400,33171243.0,0.5582,-0.86,2.48,否,0.84,3.769,3.374,0.769,-9.698,否,155393727,155392937,5911177375.08,5911147323.48,80.482996,3.765904,5.14042,37.45,37.31,38.41,39.35,41.2,40.04,40.95,2020-09-25,-
2025-01-17,3009,中天火箭,航天航空,37.99,38.25,37.54,38.2,37.54,568171,21597995.31,0.3656,0.552,1.87,否,0.56,0.553,3.439,1.326,-9.629,否,155393727,155392937,5943810057.75,5943779840.25,80.927303,3.786694,5.168797,37.82,37.36,38.3,39.25,41.11,40.04,40.93,2020-09-25,-
2025-01-20,3009,中天火箭,航天航空,38.31,38.55,38.08,38.13,38.08,540800,20727593.0,0.348,-0.183,1.23,否,0.55,-0.496,4.897,2.721,-6.475,否,155393727,155392937,5932932496.86,5932902334.66,80.779201,3.779764,5.159338,38.13,37.46,38.18,39.13,41.02,40.05,40.9,2020-09-25,-
2025-01-21,3009,中天火箭,航天航空,38.45,38.45,37.63,38.0,37.63,585781,22211244.48,0.377,-0.341,2.15,否,0.61,0.026,3.797,1.877,-7.068,否,155393727,155392937,5912731312.35,5912701252.85,80.504153,3.766894,5.141771,38.13,37.53,38.1,39.02,40.92,40.05,40.87,2020-09-25,-
2025-01-22,3009,中天火箭,航天航空,37.8,37.95,37.37,37.67,37.37,530400,19985372.0,0.3413,-0.867,1.52,否,0.67,-1.387,-0.842,2.503,-6.153,否,155393727,155392937,5861451382.44,5861421583.64,79.805957,3.734225,5.097177,38.0,37.62,38.0,38.88,40.83,40.04,40.84,2020-09-25,-
2025-01-23,3009,中天火箭,航天航空,37.85,38.33,37.47,37.52,37.47,803600,30489167.29,0.5171,-0.398,2.28,否,1.3,-1.6,-2.088,1.598,-6.434,否,155393727,155392937,5838142323.39,5838112643.09,79.488595,3.719375,5.076908,37.9,37.68,37.92,38.73,40.75,40.02,40.8,2020-09-25,-
2025-01-24,3009,中天火箭,航天航空,37.52,37.84,37.23,37.82,37.23,673300,25384142.0,0.4333,0.799,1.62,否,1.11,-0.474,-0.447,4.044,-6.363,否,155393727,155392937,5884760441.49,5884730524.19,80.123319,3.749074,5.117447,37.83,37.83,37.85,38.58,40.68,40.01,40.77,2020-09-25,-
2025-01-27,3009,中天火箭,航天航空,37.75,38.15,37.48,37.55,37.48,515505,19516551.0,0.3317,-0.713,1.77,否,0.82,-0.319,-1.702,2.568,-7.284,否,155393727,155392937,5842804135.2,5842774431.2,79.552068,3.722345,5.080962,37.71,37.92,37.73,38.47,40.63,39.99,40.74,2020-09-25,-
2025-02-05,3009,中天火箭,航天航空,37.85,38.12,37.55,37.77,37.55,546400,20713214.0,0.3516,0.585,1.52,否,0.88,0.666,-0.944,-0.579,-4.645,否,155393727,155392937,5876990755.14,5876960877.34,80.017532,3.744124,5.110691,37.67,37.9,37.62,38.37,40.57,39.96,40.72,2020-09-25,-
2025-02-06,3009,中天火箭,航天航空,37.77,38.65,37.61,38.62,37.61,971000,37187732.0,0.6249,2.248,2.75,否,1.58,2.115,1.632,0.783,-2.72,否,155393727,155392937,6009075423.09,6009044873.79,81.815916,3.828273,5.225553,37.86,37.93,37.6,38.32,40.5,39.92,40.71,2020-09-25,-
2025-02-07,3009,中天火箭,航天航空,38.44,39.87,38.44,39.48,38.44,1959823,76805484.85,1.2612,2.224,3.7,否,2.79,5.14,4.805,3.922,0.869,否,155393727,155392937,6142714028.31,6142682799.61,83.635458,3.913412,5.341766,38.25,38.08,37.69,38.3,40.42,39.92,40.69,2020-09-25,-
2025-02-10,3009,中天火箭,航天航空,39.45,39.7,38.95,39.09,38.95,1515000,59414879.0,0.9749,-0.987,1.9,否,1.62,3.495,4.184,2.33,-0.382,否,155393727,155392937,6082110474.78,6082079554.18,82.810317,3.874802,5.289065,38.5,38.17,37.76,38.25,40.34,39.9,40.67,2020-09-25,-
2025-02-11,3009,中天火箭,航天航空,39.07,40.52,38.46,39.97,38.46,2895723,115625183.3,1.8635,2.248,5.26,否,2.63,3.496,5.685,4.826,0.1,否,155393727,155392937,6218856954.54,6218825338.74,84.672174,3.961921,5.407981,38.99,38.35,37.9,38.24,40.25,39.89,40.66,2020-09-25,-
2025-02-12,3009,中天火箭,航天航空,39.7,40.02,39.45,39.76,39.45,1251469,49750305.23,0.8054,-0.525,1.42,否,0.79,0.709,5.885,4.632,-0.426,否,155393727,155392937,6186224271.87,6186192821.97,84.227867,3.941132,5.379603,39.38,38.53,38.03,38.24,40.15,39.89,40.66,2020-09-25,-
2025-02-13,3009,中天火箭,航天航空,39.78,39.89,38.65,38.72,38.65,1792400,70069203.0,1.1535,-2.612,3.11,否,1.04,-0.947,2.515,2.787,-0.591,否,155393727,155392937,6024614795.79,6024584167.49,82.027491,3.838173,5.239066,39.4,38.63,38.12,38.21,40.04,39.88,40.64,2020-09-25,-
2025-02-14,3009,中天火箭,航天航空,38.61,38.83,38.47,38.82,38.47,826169,31972524.71,0.5317,0.258,0.93,否,0.44,-2.877,0.518,3.465,2.971,否,155393727,155392937,6040154168.49,6040123461.19,82.239066,3.848073,5.252579,39.27,38.76,38.22,38.2,39.94,39.88,40.61,2020-09-25,-
2025-02-17,3009,中天火箭,航天航空,38.83,39.01,38.44,38.58,38.44,1128900,43746141.0,0.7265,-0.617,1.47,否,0.68,-2.968,-2.28,2.01,2.334,否,155393727,155392937,6002859674.01,6002829156.31,81.731286,3.824313,5.220148,39.17,38.84,38.33,38.18,39.86,39.87,40.59,2020-09-25,-
2025-02-18,3009,中天火箭,航天航空,38.56,39.32,38.25,38.37,38.25,1541800,59870041.0,0.9922,-0.544,2.77,否,0.98,-0.904,-1.842,2.184,3.367,否,155393727,155392937,5970226991.34,5970196639.54,81.28698,3.803524,5.19177,38.85,38.92,38.42,38.12,39.76,39.87,40.57,2020-09-25,-
2025-02-19,3009,中天火箭,航天航空,38.25,39.14,38.22,38.82,38.22,1094000,42436233.68,0.704,1.171,2.39,否,0.84,0.0,-2.877,2.78,4.075,否,155393727,155392937,6040154168.49,6040123461.19,82.239066,3.848073,5.252579,38.66,39.02,38.46,38.09,39.7,39.87,40.56,2020-09-25,-
2025-02-20,3009,中天火箭,航天航空,38.65,39.46,38.51,39.44,38.51,1851812,72714020.48,1.1917,1.595,2.44,否,1.45,2.229,-0.805,2.123,7.32,否,155393727,155392937,6136498279.23,6136467082.13,83.550828,3.909452,5.336361,38.81,39.11,38.52,38.1,39.65,39.87,40.55,2020-09-25,-
2025-02-21,3009,中天火箭,航天航空,39.43,39.43,38.93,39.16,38.93,1138751,44703538.87,0.7328,-0.709,1.27,否,0.88,2.059,1.136,-0.811,6.038,否,155393727,155392937,6092988035.67,6092957059.77,82.958419,3.881732,5.298524,38.87,39.07,38.57,38.15,39.57,39.88,40.54,2020-09-25,-
2025-02-24,3009,中天火箭,航天航空,38.95,39.79,38.94,39.34,38.94,1094400,43137472.0,0.7043,0.459,2.17,否,0.81,1.34,1.34,0.64,8.226,否,155393727,155392937,6120958906.53,6120927788.43,83.339254,3.899552,5.322848,39.03,39.1,38.63,38.21,39.49,39.89,40.54,2020-09-25,-
2025-02-25,3009,中天火箭,航天航空,39.25,39.53,38.83,38.99,38.83,1004400,39403125.0,0.6464,-0.889,1.78,否,0.75,-1.141,1.063,-2.452,6.501,否,155393727,155392937,6066571102.08,6066540260.48,82.598742,3.864903,5.275552,39.15,39.0,38.67,38.27,39.42,39.9,40.55,2020-09-25,-
2025-02-26,3009,中天火箭,航天航空,39.0,39.33,38.99,39.06,38.99,1018793,39899779.65,0.6556,0.179,0.87,否,0.82,-0.255,1.798,-1.761,2.817,否,155393727,155392937,6077448662.97,6077417766.07,82.746845,3.871833,5.285011,39.2,38.93,38.73,38.33,39.37,39.91,40.54,2020-09-25,-
2025-02-27,3009,中天火箭,航天航空,39.05,39.13,37.96,38.43,37.96,1534800,59176244.0,0.9877,-1.611,2.99,否,1.26,-2.313,-1.005,-0.749,0.287,否,155393727,155392937,5979550614.96,5979520215.76,81.413924,3.809463,5.199878,39.0,38.9,38.77,38.38,39.32,39.92,40.54,2020-09-25,-
2025-02-28,3009,中天火箭,航天航空,38.43,38.43,37.45,37.71,37.45,1174153,44541040.27,0.7556,-1.871,2.55,否,1.01,-3.283,-4.386,-2.859,-0.737,否,155393727,155392937,5867667131.52,5867637301.12,79.890587,3.738185,5.102583,38.71,38.79,38.78,38.41,39.25,39.92,40.52,2020-09-25,-
2025-03-03,3009,中天火箭,航天航空,37.75,38.35,37.65,37.8,37.65,837194,31873617.14,0.5388,0.238,1.85,否,0.72,-3.226,-3.473,-2.022,-1.047,否,155393727,155392937,5881652566.95,5881622665.45,80.081004,3.747094,5.114745,38.4,38.71,38.77,38.46,39.18,39.93,40.5,2020-09-25,-
2025-03-04,3009,中天火箭,航天航空,37.91,38.82,37.91,38.65,37.91,1578593,60827408.55,1.0159,2.246,2.4,否,1.42,0.572,-1.754,0.73,1.364,否,155393727,155392937,6013737234.9,6013706661.9,81.879389,3.831243,5.229607,38.33,38.74,38.83,38.53,39.12,39.95,40.49,2020-09-25,-
2025-03-05,3009,中天火箭,航天航空,38.64,39.11,38.35,38.81,38.35,1165690,45225061.6,0.7502,0.413,1.96,否,0.95,2.917,-0.462,-0.026,2.132,否,155393727,155392937,6038600231.22,6038569531.82,82.217908,3.847083,5.251228,38.28,38.74,38.88,38.55,39.06,39.96,40.47,2020-09-25,-
2025-03-06,3009,中天火箭,航天航空,38.87,39.85,38.81,39.64,38.81,2240400,88305893.85,1.4418,2.136,2.68,否,1.78,4.868,1.485,0.507,5.23,否,155393727,155392937,6167577024.63,6167545669.53,83.973978,3.929252,5.363387,38.52,38.76,38.93,38.6,39.03,39.98,40.46,2020-09-25,-
2025-03-07,3009,中天火箭,航天航空,39.62,40.37,39.36,39.53,39.36,2650200,105876141.0,1.7055,-0.277,2.54,否,1.89,2.277,2.862,0.945,5.357,否,155393727,155392937,6150483714.66,6150452446.46,83.741246,3.918362,5.348523,38.89,38.8,38.93,38.65,39.0,40.0,40.45,2020-09-25,-
2025-03-10,3009,中天火箭,航天航空,39.45,40.13,39.4,39.87,39.4,1688900,67346217.0,1.0869,0.859,1.84,否,1.0,2.731,5.728,1.347,5.42,否,155393727,155392937,6203317581.84,6203286045.04,84.460599,3.952021,5.394468,39.3,38.85,38.97,38.7,38.98,40.03,40.44,2020-09-25,-
2025-03-11,3009,中天火箭,航天航空,39.45,40.37,39.35,40.26,39.35,1856678,74516170.4,1.1948,0.977,2.56,否,1.0,1.564,6.508,3.257,7.217,否,155393727,155392937,6263921135.37,6263889290.47,85.285741,3.990631,5.447169,39.62,38.98,38.99,38.78,38.95,40.05,40.42,2020-09-25,-
2025-03-12,3009,中天火箭,航天航空,40.15,40.61,39.74,39.76,39.74,1391718,55833394.58,0.8956,-1.24,2.16,否,0.72,0.582,2.872,1.792,5.269,否,155393727,155392937,6186224271.87,6186192821.97,84.227867,3.941132,5.379603,39.81,39.05,38.99,38.83,38.93,40.08,40.41,2020-09-25,-
2025-03-13,3009,中天火箭,航天航空,39.75,40.55,39.5,40.17,39.5,1389300,55591841.0,0.8941,1.03,2.64,否,0.71,0.752,3.504,4.528,4.013,否,155393727,155392937,6249935699.94,6249903926.14,85.095323,3.981721,5.435007,39.92,39.22,39.06,38.92,38.9,40.11,40.4,2020-09-25,-
2025-03-14,3009,中天火箭,航天航空,39.94,40.0,39.43,39.88,39.43,1382600,55005771.0,0.8897,-0.721,1.42,否,0.77,-0.944,0.605,5.754,1.013,否,155393727,155392937,6204871519.11,6204839974.41,84.481757,3.953011,5.395819,39.99,39.44,39.11,39.0,38.86,40.14,40.38,2020-09-25,-
2025-03-17,3009,中天火箭,航天航空,39.99,40.24,39.76,39.97,39.76,1162300,46584704.0,0.748,0.225,1.2,否,0.75,0.528,1.113,5.741,2.251,否,155393727,155392937,6218856954.54,6218825338.74,84.672174,3.961921,5.407981,40.01,39.65,39.18,39.07,38.82,40.18,40.37,2020-09-25,-
2025-03-18,3009,中天火箭,航天航空,39.95,40.25,39.78,39.97,39.78,941751,37699682.17,0.606,0.0,1.17,否,0.66,-0.498,0.251,3.415,0.0,否,155393727,155392937,6218856954.54,6218825338.74,84.672174,3.961921,5.407981,39.95,39.79,39.26,39.15,38.81,40.21,40.35,2020-09-25,-
2025-03-19,3009,中天火箭,航天航空,39.98,40.14,39.54,39.75,39.54,1016018,40417421.04,0.6538,-0.55,1.5,否,0.81,-0.326,-1.267,2.422,-0.025,否,155393727,155392937,6184670334.6,6184638892.6,84.20671,3.940142,5.378252,39.95,39.88,39.31,39.21,38.79,40.25,40.33,2020-09-25,-
2025-03-20,3009,中天火箭,航天航空,39.85,40.6,39.46,40.13,39.46,1997800,80322041.0,1.2856,0.955,2.86,否,1.7,0.4,0.931,1.236,3.642,否,155393727,155392937,6243719950.86,6243688208.66,85.010693,3.977761,5.429602,39.94,39.93,39.34,39.26,38.79,40.29,40.32,2020-09-25,-
2025-03-21,3009,中天火箭,航天航空,40.1,40.89,39.95,40.51,39.95,2418951,98127751.87,1.5567,0.946,2.34,否,1.86,1.351,0.846,2.479,4.353,否,155393727,155392937,6302769567.12,6302737524.72,85.814677,4.01538,5.480952,40.07,40.03,39.41,39.3,38.8,40.33,40.31,2020-09-25,-
2025-03-24,3009,中天火箭,航天航空,40.54,40.55,38.45,39.29,38.45,2117600,83404816.0,1.3627,-3.008,5.18,否,1.4,-1.157,-1.479,-1.455,1.84,否,155393727,155392937,6113189220.18,6113158141.58,83.233466,3.894602,5.316091,39.93,39.97,39.41,39.31,38.78,40.37,40.29,2020-09-25,-
2025-03-25,3009,中天火箭,航天航空,39.28,39.88,38.56,38.85,38.56,1795600,70445946.0,1.1555,-1.119,3.36,否,1.06,-3.19,-2.802,-3.502,1.251,否,155393727,155392937,6044815980.3,6044785249.3,308.942419,3.841978,6.537079,39.71,39.83,39.4,39.27,38.75,40.4,40.27,2020-09-25,-
2025-03-26,3009,中天火箭,航天航空,38.84,39.11,38.61,38.91,38.61,874000,34024418.0,0.5624,0.154,1.29,否,0.47,-3.95,-2.652,-2.138,0.232,否,155393727,155392937,6054139603.92,6054108825.52,309.418936,3.847904,6.547162,39.54,39.74,39.39,39.24,38.74,40.44,40.24,2020-09-25,-
2025-03-27,3009,中天火箭,航天航空,38.88,38.88,37.86,38.26,37.86,988969,37905984.68,0.6364,-1.668,2.62,否,0.54,-2.622,-3.748,-4.755,-2.992,否,155393727,155392937,5953133681.37,5953103416.47,304.25666,3.783706,6.437931,39.16,39.55,39.39,39.22,38.72,40.46,40.22,2020-09-25,-
2025-03-28,3009,中天火箭,航天航空,38.22,38.46,37.53,37.61,37.53,1210500,45919532.0,0.779,-1.697,2.43,否,0.74,-3.192,-6.28,-5.692,-3.958,否,155393727,155392937,5852127758.82,5852098007.42,299.094383,3.719508,6.328699,38.58,39.33,39.38,39.18,38.69,40.47,40.19,2020-09-25,-
2025-03-31,3009,中天火箭,航天航空,37.62,37.62,36.65,37.0,36.65,1157700,42914722.0,0.745,-1.62,2.58,否,0.83,-4.909,-8.665,-7.431,-5.948,否,155393727,155392937,5757337585.35,5757308315.85,294.249784,3.659261,6.22619,38.13,39.03,39.34,39.13,38.65,40.46,40.15,2020-09-25,-
2025-04-01,3009,中天火箭,航天航空,37.14,38.18,37.06,37.68,37.06,1243400,46967759.0,0.8002,1.835,3.02,否,1.03,-1.516,-4.098,-5.729,-3.36,否,155393727,155392937,5863005319.71,5862975513.01,299.65032,3.726422,6.340463,37.89,38.8,39.29,39.11,38.62,40.45,40.13,2020-09-25,-
2025-04-02,3009,中天火箭,航天航空,37.6,37.69,37.17,37.26,37.17,921303,34373628.72,0.5929,-1.113,1.38,否,0.84,-0.931,-4.093,-6.264,-4.608,否,155393727,155392937,5797739954.37,5797710479.47,296.314695,3.68494,6.269883,37.56,38.55,39.22,39.06,38.57,40.4,40.1,2020-09-25,-
2025-04-03,3009,中天火箭,航天航空,36.95,37.37,36.9,37.02,36.9,955297,35466707.85,0.6148,-0.643,1.26,否,0.87,0.054,-4.857,-7.75,-3.669,否,155393727,155392937,5760445459.89,5760416174.59,294.408624,3.661237,6.229551,37.31,38.24,39.08,38.98,38.54,40.34,40.07,2020-09-25,-
2025-04-07,3009,中天火箭,航天航空,35.83,35.83,33.32,33.32,33.32,2519600,85739495.0,1.6214,-10.008,6.8,否,2.3,-11.571,-12.912,-17.749,-11.641,否,155393727,155392937,5183934732.72,5183908378.32,264.943935,3.294817,5.606092,36.46,37.52,38.77,38.78,38.47,40.27,40.02,2020-09-25,-
2025-04-08,3009,中天火箭,航天航空,33.56,34.03,33.14,33.91,33.14,2244000,75476513.0,1.4441,1.769,2.67,否,1.65,-8.991,-9.838,-13.693,-10.291,否,155393727,155392937,5275617031.65,5275590211.15,269.629694,3.353088,5.70524,35.84,36.98,38.48,38.6,38.4,40.2,39.98,2020-09-25,-
2025-04-09,3009,中天火箭,航天航空,33.48,36.95,33.26,36.48,33.26,3520634,125923389.67,2.2656,7.599,10.9,否,2.23,-1.459,-1.405,-6.1,-5.614,否,155393727,155392937,5676532847.31,5676503988.61,290.119963,3.607903,6.138805,35.6,36.75,38.29,38.52,38.39,40.18,39.96,2020-09-25,-
2025-04-10,3009,中天火箭,航天航空,35.99,36.88,35.55,36.29,35.55,2827800,102742053.0,1.8198,-0.52,3.64,否,1.39,8.914,-3.689,-6.733,-6.493,否,155393727,155392937,5647008039.18,5646979330.58,288.61099,3.589138,6.106876,35.4,36.48,38.11,38.42,38.38,40.13,39.93,2020-09-25,-
2025-04-11,3009,中天火箭,航天航空,35.75,36.98,35.65,36.88,35.65,2274600,82962811.0,1.4638,1.624,3.66,否,0.94,8.758,-1.02,-3.607,-6.963,否,155393727,155392937,5738690338.11,5738661163.41,293.296749,3.64741,6.206024,35.38,36.35,37.95,38.37,38.38,40.07,39.91,2020-09-25,-
2025-04-14,3009,中天火箭,航天航空,36.87,36.87,36.39,36.68,36.39,1415900,51924846.66,0.9112,-0.542,1.3,否,0.53,0.548,-0.918,-2.473,-7.21,否,155393727,155392937,5707611592.71,5707582576.01,291.708356,3.627657,6.172415,36.05,36.25,37.79,38.34,38.37,40.03,39.88,2020-09-25,-
2025-04-15,3009,中天火箭,航天航空,36.68,36.68,36.11,36.27,36.11,937500,34074763.0,0.6033,-1.116,1.55,否,0.38,-0.055,8.854,-1.973,-9.029,否,155393727,155392937,5643900164.64,5643871471.84,288.45215,3.587163,6.103515,36.52,36.18,37.6,38.29,38.37,39.98,39.84,2020-09-25,-
2025-04-16,3009,中天火箭,航天航空,36.24,36.65,35.63,35.93,35.63,963600,34834939.0,0.6201,-0.936,2.81,否,0.44,-2.576,5.957,-4.644,-10.755,否,155393727,155392937,5591066297.46,5591037873.26,285.751882,3.553582,6.046378,36.41,36.0,37.4,38.2,38.36,39.93,39.81,2020-09-25,-
2025-04-17,3009,中天火箭,航天航空,35.75,36.36,35.65,36.06,35.65,850800,30766286.0,0.5475,0.361,1.97,否,0.51,-1.69,-1.151,-3.221,-9.306,否,155393727,155392937,5611267481.97,5611238955.07,286.784338,3.566422,6.068225,36.36,35.88,37.22,38.1,38.33,39.86,39.78,2020-09-25,-
2025-04-18,3009,中天火箭,航天航空,35.85,36.06,35.52,35.73,35.52,677225,24238320.75,0.4358,-0.914,1.5,否,0.53,-1.489,-1.543,-3.485,-11.053,否,155393727,155392937,5559987552.06,5559959285.86,284.163489,3.533829,6.012769,36.13,35.76,37.0,37.97,38.29,39.8,39.75,2020-09-25,-
2025-04-21,3009,中天火箭,航天航空,35.72,36.35,35.63,36.2,35.63,929400,33629800.0,0.5981,1.314,2.01,否,0.96,0.751,-1.844,8.643,-9.228,否,155393727,155392937,5633022603.75,5632993966.25,287.896213,3.580249,6.091751,36.04,36.04,36.78,37.86,38.26,39.73,39.73,2020-09-25,-
2025-04-22,3009,中天火箭,航天航空,36.4,36.4,35.95,36.03,35.95,784900,28383576.0,0.5051,-0.469,1.24,否,0.9,-0.083,-1.772,6.252,-9.857,否,155393727,155392937,5606605670.16,5606577166.96,286.546079,3.563459,6.063183,35.99,36.26,36.62,37.74,38.22,39.66,39.7,2020-09-25,-
2025-04-23,3009,中天火箭,航天航空,36.06,36.55,35.96,36.35,35.96,1163700,42167857.0,0.7489,0.887,1.64,否,1.38,1.735,0.221,-0.356,-9.057,否,155393727,155392937,5656331662.8,5656302906.8,289.087507,3.595064,6.116959,36.07,36.24,36.49,37.61,38.19,39.61,39.68,2020-09-25,-
2025-04-24,3009,中天火箭,航天航空,35.47,35.93,34.6,34.95,34.6,2045600,71961802.0,1.3164,-3.846,3.65,否,2.32,-3.453,-2.728,-3.692,-12.075,否,155393727,155392937,5438780445.0,5438752795.0,-953.127748,3.492945,6.81004,35.85,36.11,36.3,37.44,38.14,39.53,39.65,2020-09-25,-
2025-04-25,3009,中天火箭,航天航空,34.93,35.22,34.7,34.83,34.7,893400,31285366.0,0.5749,-0.343,1.49,否,0.8,-3.331,-3.411,-5.559,-13.207,否,155393727,155392937,5420133197.76,5420105642.56,-949.859881,3.480969,6.786691,35.67,35.9,36.12,37.27,38.09,39.46,39.62,2020-09-25,-
2025-04-28,3009,中天火箭,航天航空,34.83,34.9,34.44,34.74,34.44,691400,24014604.0,0.4449,-0.258,1.35,否,0.59,-4.429,-2.771,-5.289,-14.243,否,155393727,155392937,5406147762.33,5406120278.23,-947.408981,3.471987,6.769179,35.38,35.71,35.98,37.1,38.05,39.4,39.6,2020-09-25,-
2025-04-29,3009,中天火箭,航天航空,34.74,35.08,34.53,34.95,34.53,645700,22567882.0,0.4155,0.604,1.58,否,0.58,0.0,-3.453,-3.639,-11.046,否,155393727,155392937,5438780445.0,5438752795.0,-953.127748,3.492945,6.81004,35.16,35.58,35.88,36.93,38.0,39.34,39.57,2020-09-25,-
2025-04-30,3009,中天火箭,航天航空,34.96,35.2,34.89,35.14,34.89,628800,22105443.0,0.4047,0.543,0.89,否,0.58,0.89,-2.47,-2.199,-9.55,否,155393727,155392937,5468305253.13,5468277453.03,-958.30187,3.511907,6.847008,34.92,35.5,35.75,36.77,37.96,39.29,39.55,2020-09-25,-
2025-05-06,3009,中天火箭,航天航空,35.16,35.63,35.16,35.62,35.16,922500,32718050.0,0.5937,1.364,1.34,否,0.94,2.533,-2.008,-1.22,-8.455,否,155393727,155392937,5542894242.09,5542866062.79,-971.373336,3.55981,6.940403,35.06,35.45,35.67,36.63,37.92,39.25,39.51,2020-09-25,-
2025-05-07,3009,中天火箭,航天航空,35.88,37.7,35.88,37.4,35.88,3774800,139449252.0,2.4292,4.99,5.1,否,4.99,7.01,7.01,4.674,-2.248,否,155393727,155392937,5819495076.15,5819465490.65,-1019.84669,3.737451,7.286742,35.57,35.62,35.69,36.54,37.9,39.2,39.49,2020-09-25,-
2025-05-08,3009,中天火箭,航天航空,37.05,38.23,36.7,38.18,36.7,3948366,148327360.02,2.5409,2.083,4.09,否,2.96,8.651,9.618,5.47,1.516,否,155393727,155392937,5940702183.21,5940671981.51,-1041.087823,3.815294,7.438509,36.26,35.82,35.93,36.46,37.88,39.15,39.46,2020-09-25,-
2025-05-09,3009,中天火箭,航天航空,38.17,39.3,37.24,38.48,37.24,4176600,160137449.0,2.6878,0.785,5.39,否,2.11,8.029,10.766,6.8,4.0,否,155393727,155392937,5987320301.31,5987289862.61,-1049.257489,3.845233,7.496881,36.96,36.06,36.16,36.43,37.87,39.1,39.44,2020-09-25,-
2025-05-12,3009,中天火箭,航天航空,38.1,39.68,37.48,39.59,37.48,5392500,211642701.0,3.4702,2.881,5.71,否,2.0,5.856,13.276,8.913,5.069,否,155393727,155392937,6159807338.28,6159776022.68,-1079.485255,3.95601,7.712856,37.85,36.39,36.32,36.46,37.86,39.06,39.42,2020-09-25,-
2025-05-13,3009,中天火箭,航天航空,39.19,39.19,38.04,38.15,38.04,3266800,125995833.0,2.1023,-3.633,2.9,否,0.9,-0.079,8.566,9.156,2.389,否,155393727,155392937,5936040371.4,5936010193.4,-1040.270856,3.8123,7.432672,38.36,36.71,36.41,36.43,37.84,38.99,39.4,2020-09-25,-
2025-05-14,3009,中天火箭,航天航空,38.15,38.43,37.35,37.53,37.35,1948000,73457122.0,1.2536,-1.623,2.83,否,0.47,-2.469,5.362,7.752,1.378,否,155393727,155392937,5839696260.66,5839666572.46,-1023.386879,3.750425,7.312037,38.39,36.98,36.44,36.41,37.82,38.93,39.37,2020-09-25,-
2025-05-15,3009,中天火箭,航天航空,37.59,38.34,37.25,37.27,37.25,1639200,61733694.0,1.0549,-0.692,2.9,否,0.44,-5.86,-0.348,7.283,11.855,否,155393727,155392937,5799293891.64,5799264408.84,-1016.306501,3.724477,7.261448,38.2,37.23,36.47,36.4,37.79,38.86,39.35,2020-09-25,-
2025-05-16,3009,中天火箭,航天航空,37.15,37.72,36.96,37.0,36.96,1243205,46309612.0,0.8,-0.724,2.04,否,0.38,-3.014,-3.091,5.866,9.112,否,155393727,155392937,5757337585.35,5757308315.85,-1008.953802,3.697532,7.208913,37.91,37.44,36.51,36.4,37.76,38.81,39.33,2020-09-25,-
2025-05-19,3009,中天火箭,航天航空,37.04,37.59,36.94,37.54,36.94,1427105,53370790.7,0.9184,1.458,1.75,否,0.53,0.027,-2.443,6.83,2.906,否,155393727,155392937,5841250197.93,5841220501.83,-1023.659201,3.751423,7.313983,37.5,37.68,36.59,36.39,37.75,38.75,39.31,2020-09-25,-
2025-05-20,3009,中天火箭,航天航空,37.21,40.42,36.98,39.55,36.98,7180746,280784869.62,4.621,5.347,9.15,否,3.77,6.118,-0.101,11.033,8.983,否,155393727,155392937,6153591589.2,6153560305.2,-1078.395966,3.952018,7.705073,37.78,38.07,36.76,36.47,37.76,38.73,39.29,2020-09-25,-
2025-05-21,3009,中天火箭,航天航空,38.95,39.16,37.82,37.82,37.82,3918353,149859421.67,2.5216,-4.369,3.38,否,1.46,2.216,-0.865,1.123,2.549,否,155393727,155392937,5884760441.49,5884730524.19,-1031.284223,3.779366,7.368463,37.84,38.11,36.87,36.5,37.74,38.69,39.27,2020-09-25,-
2025-05-22,3009,中天火箭,航天航空,37.85,38.38,37.25,37.25,37.25,2478500,93630739.0,1.595,-1.505,2.98,否,0.8,-0.773,-0.746,-2.436,1.554,否,155393727,155392937,5796186017.1,5796156550.1,-1015.761857,3.722481,7.257557,37.83,38.02,36.92,36.63,37.7,38.64,39.25,2020-09-25,-
2025-05-23,3009,中天火箭,航天航空,36.98,37.44,36.83,36.91,36.83,1821400,67655668.0,1.1721,-0.912,1.64,否,0.56,-6.675,-0.966,-4.08,1.765,否,155393727,155392937,5743352149.92,5743322951.52,-1006.502902,3.68855,7.191402,37.81,37.86,36.96,36.73,37.66,38.57,39.23,2020-09-25,-
2025-05-26,3009,中天火箭,航天航空,36.83,37.83,36.7,37.39,36.7,1373600,51195136.0,0.884,1.299,3.06,否,0.41,-1.137,1.054,-5.557,4.063,否,155393727,155392937,5817941138.88,5817911561.28,-1019.574368,3.736453,7.284797,37.78,37.64,37.01,36.76,37.64,38.53,39.21,2020-09-25,-
2025-05-27,3009,中天火箭,航天航空,37.25,37.75,36.92,37.61,36.92,1469700,54924060.0,0.9458,0.588,2.22,否,0.44,0.966,0.186,-1.415,4.298,否,155393727,155392937,5852127758.82,5852098007.42,-1025.565457,3.758409,7.327603,37.4,37.59,37.15,36.8,37.61,38.49,39.19,2020-09-25,-
2025-05-28,3009,中天火箭,航天航空,37.55,37.55,36.65,36.65,36.65,1480874,54896539.86,0.953,-2.549,2.39,否,0.67,-0.704,-7.332,-2.345,2.575,否,155393727,155392937,5702949780.9,5702920787.9,-999.422524,3.662602,7.140813,37.16,37.5,37.24,36.79,37.58,38.45,39.18,2020-09-25,-
2025-05-29,3009,中天火箭,航天航空,36.59,37.32,36.59,37.26,36.59,1138312,42247003.36,0.7325,1.662,1.99,否,0.66,-0.348,-1.481,-0.027,2.928,否,155393727,155392937,5797739954.37,5797710479.47,-1016.034179,3.723479,7.259502,37.16,37.5,37.36,36.81,37.58,38.41,39.16,2020-09-25,-
2025-05-30,3009,中天火箭,航天航空,37.28,40.99,37.25,40.99,37.25,10860904,441228884.0,6.9893,9.997,10.02,否,7.46,8.987,10.04,10.784,13.766,是,155393727,155392937,6377358556.08,6377326134.48,-1117.610365,4.095727,7.985258,37.98,37.9,37.67,36.97,37.63,38.4,39.15,2020-09-25,-
2025-06-03,3009,中天火箭,航天航空,43.56,45.08,42.97,45.08,42.97,14562258,647540990.64,9.3712,9.99,5.14,否,4.46,23.001,22.135,20.085,24.017,是,155393727,155392937,7014472836.78,7014437176.18,-1229.262472,4.504901,8.783005,39.52,38.65,38.16,37.28,37.74,38.43,39.16,2020-09-25,-
2025-06-04,3009,中天火箭,航天航空,45.44,46.84,43.24,43.25,43.24,16515661,737835666.5,10.6283,-4.054,7.98,否,2.8,16.076,15.673,9.355,23.748,否,155393727,155392937,6730102316.37,6730068101.47,-1179.427507,4.32227,8.426938,40.65,39.02,38.55,37.51,37.81,38.44,39.17,2020-09-25,-
2025-06-05,3009,中天火箭,航天航空,43.82,44.94,42.23,43.45,42.23,12617316,549446381.55,8.1196,0.462,6.26,否,1.42,6.001,15.528,14.886,24.749,否,155393727,155392937,6761181061.77,6761146688.87,-1184.873952,4.34223,8.465852,42.01,39.58,38.85,37.77,37.87,38.45,39.17,2020-09-25,-
2025-06-06,3009,中天火箭,航天航空,44.02,46.59,43.3,44.03,43.3,13454076,599822889.42,8.6581,1.333,7.56,否,1.21,-2.329,20.136,18.201,26.742,否,155393727,155392937,6851309423.43,6851274592.33,-1200.66864,4.400113,8.578704,43.36,40.26,39.14,38.03,37.95,38.47,39.19,2020-09-25,-
2025-06-09,3009,中天火箭,航天航空,43.74,43.83,42.36,42.82,42.36,10225939,439283740.31,6.5807,-2.744,3.33,否,0.75,-0.994,14.922,16.012,22.518,否,155393727,155392937,6663283013.76,6663249138.56,-1167.717652,4.279356,8.343271,43.73,40.85,39.36,38.26,38.0,38.49,39.2,2020-09-25,-
2025-06-10,3009,中天火箭,航天航空,42.54,42.74,41.06,41.43,41.06,7558959,315918678.51,4.8644,-3.265,3.94,否,0.56,-4.649,1.073,10.805,17.9,否,155393727,155392937,6445731795.96,6445699026.76,-1129.592542,4.139639,8.07087,43.0,41.26,39.45,38.43,38.02,38.49,39.2,2020-09-25,-
2025-06-11,3009,中天火箭,航天航空,41.31,41.43,40.8,41.0,40.8,4601600,188904687.0,2.9613,-1.037,1.52,否,0.38,-6.882,-9.051,9.014,15.104,否,155393727,155392937,6378912493.35,6378880063.85,-1117.882687,4.096725,7.987204,42.55,41.6,39.59,38.63,38.04,38.48,39.2,2020-09-25,-
2025-06-12,3009,中天火箭,航天航空,40.69,41.07,40.31,40.83,40.31,3324053,135549968.5,2.1391,-0.414,1.85,否,0.34,-4.647,-5.595,11.405,9.171,否,155393727,155392937,6352495559.76,6352463264.56,-1113.253209,4.07976,7.954126,42.02,42.01,39.76,38.83,38.05,38.47,39.2,2020-09-25,-
2025-06-13,3009,中天火箭,航天航空,41.41,43.69,40.75,43.27,40.75,13348653,564323230.08,8.5903,5.993,7.22,否,1.7,4.441,-0.414,16.13,13.332,否,155393727,155392937,6733210190.91,6733175960.21,-1179.972152,4.324266,8.430829,41.87,42.62,40.06,39.11,38.11,38.48,39.21,2020-09-25,-
2025-06-16,3009,中天火箭,航天航空,41.95,42.93,41.62,42.42,41.62,7845749,332024960.4,5.049,-1.962,3.05,否,1.0,3.463,-3.657,3.489,10.239,否,155393745,155392955,6601126287.6,6601092728.4,-1156.824764,4.239437,8.265442,41.79,42.76,40.33,39.36,38.15,38.48,39.21,2020-09-25,-
2025-06-17,3009,中天火箭,航天航空,42.01,43.79,41.05,43.2,41.05,8431294,356963666.53,5.4258,1.836,6.47,否,1.15,5.805,0.887,-4.17,9.118,否,155393745,155392955,6722333408.7,6722299233.3,-1178.065896,4.31728,8.417209,42.14,42.57,40.61,39.63,38.2,38.5,39.22,2020-09-25,-
2025-06-18,3009,中天火箭,航天航空,42.88,44.53,42.28,42.61,42.28,8026353,347877764.99,5.1652,-1.364,5.2,否,1.07,-1.525,2.848,-1.48,11.691,否,155393745,155392955,6630651099.15,6630617389.85,-1161.998886,4.258399,8.302411,42.47,42.51,40.76,39.87,38.25,38.52,39.22,2020-09-25,-
2025-06-19,3009,中天火箭,航天航空,41.95,44.87,40.53,43.24,40.53,8862798,374042192.03,5.7035,1.476,10.19,否,1.08,1.933,5.463,-0.483,15.214,否,155393745,155392955,6728549158.5,6728514951.5,-1179.155322,4.321272,8.424993,42.95,42.49,41.03,40.06,38.3,38.55,39.24,2020-09-25,-
2025-06-20,3009,中天火箭,航天航空,42.44,43.72,41.78,42.79,41.78,5856798,251174047.66,3.769,-1.039,4.5,否,0.63,-0.949,4.8,-2.816,14.811,否,155393745,155392955,6658621973.25,6658588121.75,-1166.900821,4.276363,8.337435,42.85,42.36,41.31,40.21,38.34,38.57,39.25,2020-09-25,-
2025-06-23,3009,中天火箭,航天航空,42.74,44.92,42.72,44.32,42.72,8174962,358567648.98,5.2608,3.571,5.13,否,1.05,4.013,2.427,3.503,19.784,否,155393745,155392955,6896374403.1,6896339342.9,-1208.566124,4.429055,8.635131,43.23,42.51,41.68,40.41,38.42,38.6,39.27,2020-09-25,-
2025-06-24,3009,中天火箭,航天航空,42.89,43.14,41.95,42.55,41.95,8188757,348201818.91,5.2697,-3.988,2.7,否,1.04,-1.596,0.306,2.703,13.346,否,155393745,155392955,6621327474.45,6621293812.55,-1160.365087,4.252411,8.290738,43.1,42.62,41.94,40.51,38.48,38.62,39.28,2020-09-25,-
2025-06-25,3009,中天火箭,航天航空,42.16,46.81,41.83,46.81,41.83,11960444,540648902.39,7.6969,10.007,11.7,否,1.53,9.395,8.356,14.171,18.357,是,155393745,155392955,7277089078.35,7277052082.65,-1275.285074,4.673561,9.111834,43.94,43.2,42.4,40.8,38.61,38.68,39.31,2020-09-25,-
2025-06-26,3009,中天火箭,航天航空,47.65,50.8,47.03,47.64,47.03,19723730,964909763.19,12.6928,1.772,8.05,否,2.29,7.491,11.805,16.679,25.965,否,155393745,155392955,7406065886.7,7406028235.3,-1297.887821,4.756394,9.273329,44.82,43.89,42.95,41.13,38.77,38.74,39.34,2020-09-25,-
2025-06-27,3009,中天火箭,航天航空,46.33,49.85,46.33,48.39,46.33,13961359,669048895.63,8.9846,1.574,7.39,否,1.3,13.725,11.91,11.833,29.906,否,155393745,155392955,7522611195.45,7522572951.55,-1318.311989,4.831242,9.419259,45.94,44.4,43.51,41.5,38.95,38.82,39.38,2020-09-25,-
2025-06-30,3009,中天火箭,航天航空,47.79,51.35,47.33,50.57,47.33,14360827,714392912.15,9.2416,4.503,8.3,否,1.16,8.032,18.182,19.213,37.009,否,155393819,155393029,7861373303.21,7861333337.11,-1377.678238,5.048803,9.843427,47.19,45.21,43.99,41.96,39.18,38.92,39.42,2020-09-25,-
2025-07-01,3009,中天火箭,航天航空,50.53,50.53,48.68,48.92,48.68,10147033,499372382.73,6.5299,-3.262,3.66,否,0.74,2.687,10.379,13.241,30.837,否,155393819,155393029,7604973501.86,7604934839.26,-1332.745068,4.884136,9.522382,48.47,45.78,44.18,42.34,39.36,38.99,39.45,2020-09-25,-
2025-07-02,3009,中天火箭,航天航空,48.32,48.32,46.18,46.54,46.18,7460776,350029264.67,4.8012,-4.863,4.37,否,0.53,-3.823,9.377,9.223,23.744,否,155393819,155393029,7235136212.64,7235099430.24,-1267.932977,4.646617,9.059304,48.41,46.18,44.34,42.57,39.52,39.05,39.49,2020-09-25,-
2025-07-03,3009,中天火箭,航天航空,46.24,47.35,45.98,46.21,45.98,4515700,210071707.0,2.906,-0.709,2.94,否,0.34,-8.622,-1.282,6.869,26.085,否,155393819,155393029,7183856252.37,7183819730.67,-1258.946339,4.613684,8.995095,48.13,46.47,44.48,42.85,39.67,39.11,39.52,2020-09-25,-
2025-07-04,3009,中天火箭,航天航空,46.23,46.96,45.47,46.07,45.47,4849556,223337863.68,3.1208,-0.303,3.22,否,0.48,-5.826,-3.296,7.665,23.645,否,155393819,155393029,7162101117.71,7162064706.61,-1255.133826,4.599712,8.967855,47.66,46.8,44.58,43.14,39.88,39.18,39.55,2020-09-25,-
2025-07-07,3009,中天火箭,航天航空,46.04,47.09,45.09,47.09,45.09,5481356,255013669.48,3.5274,2.213,4.34,否,0.66,1.182,-2.687,6.25,14.882,否,155393819,155393029,7320602813.09,7320565596.19,-1282.910708,4.701507,9.166319,46.97,47.08,44.8,43.48,40.1,39.25,39.58,2020-09-25,-
2025-07-08,3009,中天火箭,航天航空,46.63,47.47,46.53,47.1,46.53,3855956,181235459.44,2.4814,0.021,2.0,否,0.59,1.926,-6.862,10.693,4.481,否,155393819,155393029,7322156751.28,7322119526.48,-1283.18303,4.702505,9.168265,46.6,47.53,45.08,43.8,40.28,39.34,39.62,2020-09-25,-
2025-07-09,3009,中天火箭,航天航空,47.33,48.28,46.79,46.86,46.79,5351300,254463134.0,3.4437,-0.509,3.16,否,1.02,1.715,-4.211,0.107,8.347,否,155393819,155393029,7284862234.72,7284825199.52,-1276.647293,4.678553,9.121567,46.67,47.54,45.37,44.11,40.46,39.42,39.65,2020-09-25,-
2025-07-10,3009,中天火箭,航天航空,46.4,48.1,45.62,47.6,45.62,5854300,274945941.0,3.7674,1.579,5.29,否,1.22,1.083,2.278,-0.084,9.551,否,155393819,155393029,7399853660.78,7399816040.98,-1296.799149,4.752404,9.265551,46.94,47.54,45.71,44.48,40.64,39.51,39.69,2020-09-25,-
2025-07-11,3009,中天火箭,航天航空,47.29,47.58,46.78,47.2,46.78,3846500,181419252.0,2.4753,-0.84,1.68,否,0.76,0.212,2.142,-2.459,7.2,否,155393819,155393029,7337696133.18,7337658829.38,-1285.906254,4.712484,9.187722,47.17,47.42,45.91,44.81,40.81,39.59,39.73,2020-09-25,-
2025-07-14,3009,中天火箭,航天航空,46.44,47.36,46.44,47.01,46.44,2526203,118679828.1,1.6257,-0.402,1.95,否,0.52,0.32,2.04,-7.04,9.785,否,155393819,155393029,7308171307.57,7308134153.87,-1280.732129,4.693523,9.150753,47.15,47.06,46.14,45.01,40.99,39.68,39.76,2020-09-25,-
2025-07-15,3009,中天火箭,航天航空,46.79,48.24,45.69,45.89,45.69,3938990,183191133.1,2.5349,-2.382,5.42,否,0.92,-3.592,-2.548,-6.194,10.765,否,155393819,155393029,7134130230.29,7134093961.39,-1250.232023,4.581748,8.932832,46.91,46.76,46.27,45.04,41.16,39.76,39.79,2020-09-25,-
2025-07-16,3009,中天火箭,航天航空,45.53,47.31,44.11,46.66,44.11,4876051,222943763.04,3.1379,1.677,6.97,否,1.13,-1.144,-0.934,0.258,13.805,否,155393819,155393029,7253783470.92,7253746593.72,-1271.200846,4.658593,9.082653,46.87,46.77,46.47,45.15,41.33,39.83,39.83,2020-09-25,-
2025-07-17,3009,中天火箭,航天航空,46.34,47.72,46.07,47.32,46.07,5582200,262865482.0,3.5923,1.414,3.53,否,1.33,0.659,0.982,2.402,15.895,否,155393819,155393029,7356343391.46,7356305992.86,-1289.174123,4.72446,9.211071,46.82,46.88,46.68,45.28,41.53,39.91,39.87,2020-09-25,-
2025-07-18,3009,中天火箭,航天航空,47.14,47.87,46.98,47.54,46.98,4112290,195260753.3,2.6464,0.465,1.88,否,0.99,3.596,-0.126,3.191,9.868,否,155393819,155393029,7390530031.64,7390492459.24,-1295.165215,4.746416,9.253877,46.88,47.03,46.91,45.4,41.71,39.99,39.91,2020-09-25,-
2025-07-21,3009,中天火箭,航天航空,47.54,48.26,47.09,48.03,47.09,4700014,224849263.76,3.0246,1.03,2.46,否,1.12,2.936,1.758,1.996,13.225,否,155393819,155393029,7466673002.95,7466635043.45,-1308.509011,4.795317,9.349217,47.09,47.12,47.1,45.57,41.91,40.07,39.95,2020-09-25,-
2025-07-22,3009,中天火箭,航天航空,47.98,48.98,47.25,47.55,47.25,5505888,265052160.02,3.5432,-0.999,3.6,否,1.19,0.486,1.149,0.955,10.069,否,155393819,155393029,7392083969.83,7392046389.53,-1295.437537,4.747414,9.255822,47.42,47.17,47.35,45.77,42.1,40.15,40.0,2020-09-25,-
2025-07-23,3009,中天火箭,航天航空,47.28,47.28,45.87,45.96,45.87,4855449,225442814.95,3.1246,-3.342,2.96,否,0.98,-3.324,0.153,-1.921,7.862,否,155393819,155393029,7145007797.62,7144971473.42,-1252.13828,4.588734,8.946452,47.28,47.08,47.31,45.94,42.29,40.21,40.03,2020-09-25,-
2025-07-24,3009,中天火箭,航天航空,45.83,46.58,45.68,46.51,45.68,2722300,125783963.0,1.7519,1.196,1.96,否,0.55,-3.165,-0.321,-2.29,7.562,否,155393819,155393029,7230474398.07,7230437639.37,-1267.11601,4.643624,9.053467,47.12,46.97,47.25,46.13,42.48,40.29,40.07,2020-09-25,-
2025-07-25,3009,中天火箭,航天航空,46.27,46.75,45.96,46.33,45.96,2112400,97710006.0,1.3594,-0.387,1.7,否,0.48,-2.566,-2.092,-1.843,8.273,否,155393819,155393029,7202503510.65,7202466894.15,-1262.214208,4.62566,9.018444,46.88,46.88,47.15,46.23,42.67,40.36,40.1,2020-09-25,-
2025-07-28,3009,中天火箭,航天航空,46.46,47.46,46.19,47.33,46.19,4012919,188707989.65,2.5824,2.158,2.74,否,1.01,2.981,-0.442,0.681,6.792,否,155393819,155393029,7357897329.65,7357859923.15,-1289.446445,4.725458,9.213016,46.74,46.91,46.99,46.39,42.88,40.44,40.14,2020-09-25,-
2025-07-29,3009,中天火箭,航天航空,47.18,47.66,46.76,47.63,46.76,3574444,169122139.4,2.3003,0.634,1.9,否,0.93,2.408,-0.833,3.792,11.939,否,155393819,155393029,7404515475.35,7404477831.85,-1297.616116,4.755398,9.271388,46.75,47.09,46.92,46.54,43.09,40.52,40.18,2020-09-25,-
2025-07-30,3009,中天火箭,航天航空,47.43,47.88,46.13,46.71,46.13,3628109,171142694.94,2.3348,-1.931,3.67,否,1.05,0.82,-1.767,0.107,-0.214,否,155393819,155393029,7261553161.87,7261516245.17,-1272.562458,4.663583,9.092381,46.9,47.09,46.93,46.68,43.27,40.6,40.22,2020-09-25,-
2025-07-31,3009,中天火箭,航天航空,46.58,47.08,45.84,46.25,45.84,3029600,140565948.0,1.9496,-0.984,2.65,否,0.94,-2.282,0.631,-2.261,-2.918,否,155393819,155393029,7190072005.13,7190035451.83,-1260.035629,4.617676,9.002878,46.85,46.98,46.93,46.78,43.42,40.66,40.25,2020-09-25,-
2025-08-01,3009,中天火箭,航天航空,46.18,46.51,45.0,45.83,45.0,2464200,112976820.0,1.5858,-0.908,3.26,否,0.75,-3.779,-1.462,-3.597,-5.29,否,155393819,155393029,7124806601.15,7124770379.65,-1248.598089,4.575761,8.921157,46.75,46.81,46.92,46.88,43.55,40.71,40.28,2020-09-25,-
2025-08-04,3009,中天火箭,航天航空,45.33,47.68,45.33,47.48,45.33,5408551,254761996.18,3.4806,3.599,5.13,否,1.62,1.648,2.482,-1.145,-6.11,否,155393819,155393029,7381206402.5,7381168877.5,-1293.531281,4.740428,9.242202,46.78,46.76,46.94,46.99,43.7,40.78,40.32,2020-09-25,-
2025-08-05,3009,中天火箭,航天航空,47.88,48.0,47.23,47.6,47.23,4179500,198705797.0,2.6896,0.253,1.62,否,1.15,2.919,0.57,0.105,-2.698,否,155393819,155393029,7399853660.78,7399816040.98,-1296.799149,4.752404,9.265551,46.77,46.76,46.96,47.15,43.83,40.85,40.36,2020-09-25,-
2025-08-06,3009,中天火箭,航天航空,47.51,48.98,47.17,48.59,47.17,6738966,327283007.12,4.3367,2.079,3.8,否,1.8,6.022,2.016,5.722,4.405,否,155393819,155393029,7553693541.59,7553655139.69,-1323.759064,4.851204,9.458178,47.15,47.03,47.05,47.21,44.0,40.92,40.41,2020-09-25,-
2025-08-07,3009,中天火箭,航天航空,48.59,48.78,47.63,48.43,47.63,4233100,203423989.0,2.7241,-0.329,2.37,否,0.97,2.001,3.682,4.128,4.804,否,155393819,155393029,7528830530.55,7528792255.05,-1319.401906,4.835237,9.427046,47.59,47.22,47.09,47.24,44.19,41.0,40.45,2020-09-25,-
2025-08-08,3009,中天火箭,航天航空,47.98,49.16,47.9,47.93,47.9,4519400,219266413.0,2.9084,-1.032,2.6,否,0.98,0.693,3.632,3.453,4.037,否,155393819,155393029,7451133621.05,7451095740.55,-1305.785788,4.785337,9.32976,48.01,47.38,47.13,47.22,44.36,41.08,40.48,2020-09-25,-
2025-08-11,3009,中天火箭,航天航空,47.93,48.77,47.65,47.83,47.65,4718733,227271736.07,3.0366,-0.209,2.34,否,0.94,-1.564,4.364,1.056,1.571,否,155393819,155393029,7435594239.15,7435556437.65,-1303.062564,4.775358,9.310303,48.08,47.43,47.17,47.13,44.54,41.15,40.51,2020-09-25,-
2025-08-12,3009,中天火箭,航天航空,48.0,50.48,46.78,47.23,46.78,5930111,285187659.33,3.8162,-1.254,7.73,否,1.22,-2.478,-0.527,-0.84,0.276,否,155393819,155393029,7342357947.75,7342320620.25,-1286.723221,4.715478,9.193559,48.0,47.39,47.24,47.08,44.71,41.23,40.54,2020-09-25,-
2025-08-13,3009,中天火箭,航天航空,47.06,49.66,46.96,48.39,46.96,6636259,321608513.76,4.2706,2.455,5.71,否,1.27,0.96,1.66,3.597,3.265,否,155393819,155393029,7522614777.79,7522576533.89,-1318.312617,4.831245,9.419263,47.96,47.56,47.32,47.14,44.85,41.31,40.57,2020-09-25,-
2025-08-14,3009,中天火箭,航天航空,48.57,49.36,47.2,47.34,47.2,6179400,297438158.0,3.9766,-2.169,4.46,否,1.19,-1.024,-2.573,2.357,-0.546,否,155393819,155393029,7359451267.84,7359413853.44,-1289.718767,4.726456,9.214962,47.74,47.67,47.32,47.18,45.01,41.37,40.58,2020-09-25,-
2025-08-15,3009,中天火箭,航天航空,46.98,49.98,46.61,48.75,46.61,7194585,347374498.76,4.6299,2.977,7.12,否,1.29,3.218,0.661,6.371,3.284,否,155393819,155393029,7578556552.63,7578518024.33,-1328.116222,4.867172,9.489309,47.91,47.96,47.39,47.27,45.2,41.45,40.62,2020-09-25,-
2025-08-18,3009,中天火箭,航天航空,48.98,53.63,48.5,53.63,48.5,10578751,539129533.47,6.8077,10.006,10.52,否,1.73,10.829,11.892,12.953,14.082,是,155393819,155393029,8336878389.35,8336836005.85,-1461.009541,5.354189,10.438824,49.07,48.57,47.67,47.48,45.48,41.57,40.67,2020-09-25,-
2025-08-19,3009,中天火箭,航天航空,55.98,56.55,53.92,54.31,53.92,15534313,856630200.44,9.9968,1.268,4.9,否,2.13,14.723,13.548,14.097,18.348,否,155393819,155393029,8442546186.27,8442503265.57,-1479.527463,5.422052,10.571134,50.48,49.24,48.0,47.72,45.76,41.7,40.72,2020-09-25,-
2025-08-20,3009,中天火箭,航天航空,54.0,59.74,52.41,59.74,52.41,12166496,696268949.04,7.8295,9.995,13.49,否,1.32,22.544,26.487,22.947,28.033,是,155393819,155393029,9286334623.44,9286287413.04,-1627.398512,5.963957,11.627663,52.75,50.36,48.69,48.15,46.13,41.87,40.8,2020-09-25,-
2025-08-21,3009,中天火箭,航天航空,62.73,65.72,57.99,59.54,57.99,20738215,1305763464.28,13.3457,-0.335,12.94,否,2.01,11.02,23.042,22.94,25.824,否,155393819,155393029,9255255859.64,9255208807.24,-1621.952065,5.943998,11.588749,55.19,51.47,49.34,48.55,46.51,42.05,40.88,2020-09-25,-
2025-08-22,3009,中天火箭,航天航空,53.7,64.22,53.7,62.52,53.7,17121404,1026834652.25,11.0181,5.003,17.66,否,1.29,15.117,32.066,30.44,31.51,否,155393819,155393029,9718329440.26,9718280033.66,3208.113078,6.176778,12.502616,57.95,52.93,50.15,49.06,46.94,42.26,40.98,2020-09-25,-
2025-08-25,3009,中天火箭,航天航空,61.98,68.7,59.57,65.63,59.57,16858458,1055559258.6,10.8489,4.973,14.61,否,1.11,9.859,34.626,37.215,36.644,否,155393819,155393029,10201604217.35,10201552353.85,3367.646683,6.483938,13.124348,60.35,54.71,51.07,49.68,47.35,42.49,41.08,2020-09-25,-
2025-08-26,3009,中天火箭,航天航空,63.98,66.87,62.63,62.85,62.63,10322547,663890957.24,6.6429,-4.235,6.46,否,0.63,5.559,17.192,33.072,32.177,否,155393819,155393029,9769609400.53,9769559733.23,3225.041081,6.20937,12.568588,62.06,56.27,51.83,50.25,47.64,42.69,41.18,2020-09-25,-
2025-08-27,3009,中天火箭,航天航空,62.85,62.85,58.83,59.06,58.83,9867591,593293838.76,6.3501,-6.028,6.39,否,0.64,-5.534,8.746,22.05,28.503,否,155393819,155393029,9180666826.52,9180620153.32,3030.62553,5.83505,11.810914,61.92,57.34,52.45,50.66,47.91,42.86,41.26,2020-09-25,-
2025-08-28,3009,中天火箭,航天航空,59.66,60.79,57.26,59.47,57.26,6904590,405631091.5,4.4433,0.694,5.97,否,0.46,-9.386,-0.452,25.623,27.865,否,155393819,155393029,9244378292.31,9244331295.21,3051.657292,5.875544,11.892879,61.91,58.55,53.11,51.07,48.17,43.02,41.34,2020-09-25,-
2025-08-29,3009,中天火箭,航天航空,58.77,60.98,57.66,60.97,57.66,8674872,519151173.29,5.5825,2.521,5.58,否,0.71,-2.991,2.402,25.067,31.599,否,155393819,155393029,9477469020.81,9477420838.71,3128.60276,6.023692,12.192749,61.6,59.77,53.86,51.51,48.46,43.2,41.43,2020-09-25,-
2025-09-01,3009,中天火箭,航天航空,60.67,60.67,58.98,59.34,58.98,5504779,327135452.47,3.5425,-2.673,2.77,否,0.52,0.474,-5.086,10.647,25.375,否,155393819,155393029,9224177095.84,9224130201.44,3044.988684,5.862704,11.86689,60.34,60.34,54.46,51.89,48.73,43.36,41.51,2020-09-25,-
2025-09-02,3009,中天火箭,航天航空,58.64,59.19,56.23,58.55,56.23,5213851,300759228.19,3.3553,-1.331,4.99,否,0.63,-1.547,-10.788,7.807,22.927,否,155393819,155393029,9101415978.83,9101369708.53,3004.464071,5.78468,11.708958,59.48,60.77,55.01,52.26,49.02,43.52,41.6,2020-09-25,-
2025-09-03,3009,中天火箭,航天航空,59.07,59.18,52.69,52.69,52.69,6445348,353333562.08,4.1478,-10.005,11.08,否,0.89,-13.58,-16.165,-11.801,12.802,否,155393819,155393029,8190808199.49,8190766558.59,2703.863773,5.205915,10.537462,58.2,60.06,55.21,52.48,49.21,43.62,41.66,2020-09-25,-
2025-09-04,3009,中天火箭,航天航空,51.99,52.21,47.42,47.93,47.42,7651510,376325597.18,4.924,-9.031,9.09,否,1.17,-19.228,-18.845,-19.499,3.632,否,155393819,155393029,7451133621.05,7451095740.55,2459.690152,4.735793,9.585872,55.9,58.9,55.19,52.53,49.33,43.69,41.7,2020-09-25,-
2025-09-05,3009,中天火箭,航天航空,48.62,48.62,47.33,47.99,47.33,4439744,212802536.03,2.8571,0.125,2.69,否,0.66,-18.036,-19.304,-23.241,4.713,否,155393819,155393029,7460457250.19,7460419322.29,2462.767971,4.741719,9.597867,53.3,57.45,55.19,52.58,49.41,43.76,41.74,2020-09-25,-
2025-09-08,3009,中天火箭,航天航空,49.13,51.34,48.15,50.31,48.15,6692782,331254559.57,4.307,4.832,6.64,否,1.14,-4.517,-17.484,-23.343,5.96,否,155393819,155393029,7820970910.27,7820931149.57,2581.776962,4.970854,10.061667,51.49,55.92,55.31,52.68,49.54,43.84,41.8,2020-09-25,-
2025-09-09,3009,中天火箭,航天航空,49.81,49.81,48.05,48.14,48.05,4145121,202256525.62,2.6675,-4.312,3.5,否,0.68,0.438,-18.874,-23.405,1.134,否,155393819,155393029,7483766323.04,7483728276.64,2470.462517,4.756534,9.627854,49.41,54.45,55.36,52.7,49.62,43.91,41.84,2020-09-25,-
2025-09-10,3009,中天火箭,航天航空,47.98,48.67,47.88,47.98,47.88,2549032,122966289.16,1.6404,-0.332,1.64,否,0.43,-0.021,-18.053,-18.761,-1.255,否,155393819,155393029,7458903312.0,7458865392.0,2462.255001,4.740731,9.595868,48.47,53.34,55.34,52.74,49.71,43.98,41.89,2020-09-25,-
2025-09-11,3009,中天火箭,航天航空,47.69,48.76,47.52,48.6,47.52,3123202,150702773.62,2.0099,1.292,2.58,否,0.61,-3.399,-7.762,-18.278,0.351,否,155393819,155393029,7555247479.78,7555209069.98,2494.059128,4.801966,9.719814,48.6,52.25,55.4,52.82,49.8,44.05,41.93,2020-09-25,-
2025-09-12,3009,中天火箭,航天航空,49.11,49.82,48.85,49.6,48.85,4475834,220932547.4,2.8803,2.057,2.0,否,1.07,3.033,3.484,-18.649,3.484,否,155393819,155393029,7710641298.78,7710602098.98,2545.356107,4.900731,9.919728,48.93,51.11,55.44,52.95,49.91,44.13,41.98,2020-09-25,-
2025-09-15,3009,中天火箭,航天航空,49.63,49.76,48.78,48.79,48.78,2814900,138121294.0,1.8115,-1.632,1.98,否,0.67,1.688,1.667,-17.779,2.007,否,155393819,155393029,7584772305.39,7584733745.49,2503.805554,4.820731,9.757798,48.62,50.06,55.2,52.99,49.99,44.2,42.03,2020-09-25,-
2025-09-16,3009,中天火箭,航天航空,48.79,49.13,48.22,48.98,48.22,2613134,127407688.84,1.6816,0.389,1.86,否,0.76,0.782,-2.644,-16.345,3.705,否,155393819,155393029,7614297131.0,7614258421.0,2513.55198,4.839496,9.795782,48.79,49.1,54.93,53.04,50.1,44.29,42.08,2020-09-25,-
2025-09-17,3009,中天火箭,航天航空,48.98,49.41,48.58,49.23,48.58,2469800,121342037.82,1.5894,0.51,1.69,否,0.79,-0.746,2.264,-6.567,1.736,否,155393819,155393029,7653145585.75,7653106678.25,2526.376225,4.864188,9.84576,49.04,48.76,54.41,53.06,50.14,44.38,42.13,2020-09-25,-
2025-09-18,3009,中天火箭,航天航空,49.05,50.35,48.44,48.85,48.44,4143300,205266555.0,2.6663,-0.772,3.88,否,1.34,0.123,1.813,1.919,3.19,否,155393819,155393029,7594095934.53,7594057327.23,2506.883373,4.826657,9.769793,49.09,48.85,53.87,53.07,50.16,44.46,42.18,2020-09-25,-
2025-09-19,3009,中天火箭,航天航空,48.63,50.86,48.59,49.38,48.59,4172300,208394453.0,2.685,1.085,4.64,否,1.26,0.817,1.605,2.896,1.292,否,155393819,155393029,7676454658.6,7676415632.6,2534.070772,4.879003,9.875747,49.05,48.99,53.22,53.12,50.17,44.56,42.23,2020-09-25,-
2025-09-22,3009,中天火箭,航天航空,49.4,50.68,48.74,50.53,48.74,3946937,197417651.55,2.54,2.328,3.93,否,1.22,2.641,1.875,0.437,-5.78,否,155393819,155393029,7855157550.45,7855117615.95,2593.062298,4.992583,10.105648,49.39,49.01,52.46,53.21,50.17,44.67,42.29,2020-09-25,-
2025-09-23,3009,中天火箭,航天航空,50.53,50.79,48.05,49.24,48.05,3769145,184679287.25,2.4256,-2.552,5.42,否,1.09,0.798,0.922,2.285,-9.335,否,155393819,155393029,7654699523.94,7654660608.54,2526.889194,4.865175,9.847759,49.45,49.12,51.78,53.28,50.18,44.77,42.34,2020-09-25,-
2025-09-24,3009,中天火箭,航天航空,48.05,48.56,47.69,48.44,47.69,3293311,158768649.9,2.1193,-1.624,1.77,否,0.89,-1.904,-1.102,0.959,-18.915,否,155393819,155393029,7530384468.74,7530346185.34,2485.851611,4.786163,9.687828,49.29,49.16,51.25,53.28,50.21,44.86,42.39,2020-09-25,-
2025-09-25,3009,中天火箭,航天航空,48.06,49.5,47.96,48.21,47.96,2875800,140030354.0,1.8507,-0.475,3.18,否,0.74,-4.591,-2.072,-0.802,-19.029,否,155393819,155393029,7494643890.37,7494605788.67,2474.053306,4.763447,9.641848,49.16,49.13,50.69,53.31,50.24,44.96,42.45,2020-09-25,-
2025-09-26,3009,中天火箭,航天航空,48.09,49.28,47.72,48.06,47.72,3203417,155899646.51,2.0615,-0.311,3.23,否,0.89,-2.396,-1.617,-3.105,-23.129,否,155393819,155393029,7471334817.52,7471296834.32,2466.358759,4.748632,9.611861,48.9,48.97,50.04,53.29,50.28,45.08,42.5,2020-09-25,-
2025-09-29,3009,中天火箭,航天航空,48.1,48.28,46.98,48.11,46.98,2814637,134409996.81,1.8113,0.104,2.7,否,0.82,-0.681,-2.572,-1.394,-26.695,否,155393819,155393029,7479104508.47,7479066485.77,2468.923608,4.753571,9.621857,48.41,48.9,49.48,53.1,50.29,45.2,42.55,2020-09-25,-
2025-09-30,3009,中天火箭,航天航空,48.04,49.33,47.89,49.16,47.89,3327410,162477030.34,2.1413,2.182,2.99,否,1.04,1.971,-2.711,0.367,-21.782,否,155395424,155394634,7642346952.32,7642308100.12,2522.785436,4.857274,9.831766,48.4,48.92,49.01,52.93,50.33,45.3,42.61,2020-09-25,-
2025-10-09,3009,中天火箭,航天航空,49.16,50.33,48.65,50.14,48.65,3642551,181008350.07,2.3441,1.993,3.42,否,1.17,4.328,1.828,1.848,-15.103,否,155395424,155394634,7794634467.84,7794594841.44,2573.056476,4.954064,10.027682,48.74,49.01,48.88,52.61,50.38,45.42,42.67,2020-09-25,-
2025-10-10,3009,中天火箭,航天航空,50.72,51.26,49.78,50.24,49.78,4748018,239418454.36,3.0555,0.199,2.95,否,1.5,4.427,3.716,2.845,-15.52,否,155395424,155394634,7810174010.24,7810134304.84,2578.212803,4.963992,10.047777,49.14,49.15,49.0,52.3,50.43,45.53,42.73,2020-09-25,-
2025-10-13,3009,中天火箭,航天航空,48.24,51.04,48.18,50.75,48.18,3801048,191292713.7,2.4461,1.015,5.69,否,1.07,3.234,5.269,2.774,-16.762,否,155395424,155394634,7889425676.48,7889385568.18,2604.374532,5.014363,10.149734,49.68,49.29,49.14,51.91,50.48,45.65,42.78,2020-09-25,-
2025-10-14,3009,中天火箭,航天航空,50.73,51.48,50.2,50.39,50.2,3542411,179810314.26,2.2796,-0.709,2.52,否,0.97,0.499,4.848,-0.277,-15.083,否,155395424,155394634,7833483323.84,7833443499.94,2585.907429,4.978807,10.077764,50.14,49.27,49.14,51.4,50.54,45.77,42.84,2020-09-25,-
2025-10-15,3009,中天火箭,航天航空,50.39,50.66,49.18,50.54,49.18,2322792,116364422.68,1.4948,0.298,2.94,否,0.61,0.597,5.051,2.64,-13.681,否,155395424,155394634,7856792637.44,7856752695.04,2593.602055,4.993622,10.107752,50.41,49.4,49.26,50.99,50.62,45.89,42.88,2020-09-25,-
2025-10-16,3009,中天火箭,航天航空,50.53,50.88,49.03,49.2,49.03,2691000,133818852.0,1.7317,-2.65,3.66,否,0.75,-3.054,0.081,1.569,-6.624,否,155395424,155394634,7648562769.28,7648523885.48,2524.863393,4.861275,9.839864,50.22,49.48,49.32,50.66,50.66,46.0,42.91,2020-09-25,-
2025-10-17,3009,中天火箭,航天航空,49.05,49.93,47.86,48.09,47.86,2206751,107593130.57,1.4201,-2.255,4.21,否,0.65,-4.564,-4.089,-0.249,0.334,否,155395424,155394634,7476073848.64,7476035841.74,2467.923158,4.751644,9.617958,49.79,49.47,49.3,50.28,50.67,46.1,42.92,2020-09-25,-
2025-10-20,3009,中天火箭,航天航空,49.42,49.51,47.68,48.63,47.68,2497051,121599595.88,1.6069,1.122,3.8,否,0.86,-3.779,-3.205,1.186,1.334,否,155395424,155394634,7559987377.6,7559948944.1,2495.623813,4.804978,9.725912,49.37,49.53,49.25,49.87,50.69,46.2,42.95,2020-09-25,-
2025-10-21,3009,中天火箭,航天航空,48.42,49.51,48.42,48.65,48.42,1764237,86244949.59,1.1353,0.041,2.24,否,0.67,-1.118,-4.138,1.122,-3.3,否,155395424,155394634,7563095286.08,7563056836.78,2496.649763,4.806954,9.729911,49.02,49.58,49.24,49.51,50.7,46.31,42.98,2020-09-25,-
2025-10-22,3009,中天火箭,航天航空,48.68,50.73,48.23,48.77,48.23,4609202,227750419.14,2.9661,0.247,5.14,否,2.01,1.414,-3.215,-0.793,1.309,否,155396369,155395579,7581788843.51,7581750299.41,2502.805464,4.818806,9.7539,48.67,49.54,49.23,49.19,50.72,46.41,43.01,2020-09-25,-
2025-10-23,3009,中天火箭,航天航空,48.48,48.69,47.14,47.88,47.14,2777400,132087693.0,1.7873,-1.824,3.18,否,1.01,-1.542,-5.263,-4.507,-0.208,否,155396369,155395579,7443486075.1,7443448234.1,2457.150681,4.730904,9.575975,48.4,49.31,49.16,49.03,50.75,46.52,43.03,2020-09-25,-
2025-10-24,3009,中天火箭,航天航空,49.99,52.67,49.28,52.67,49.28,6040011,312632822.59,3.8869,10.0,7.08,否,2.18,8.263,7.053,4.837,8.374,是,155396369,155395579,8187834682.61,8187793057.51,2702.86575,5.203994,10.533573,49.32,49.56,49.35,49.19,50.86,46.67,43.07,2020-09-25,-
2025-10-27,3009,中天火箭,航天航空,52.61,55.67,52.01,54.9,52.01,14825565,800514117.68,9.5405,4.232,6.95,否,4.19,12.569,14.161,8.177,10.685,否,155396369,155395579,8534368585.48,8534325198.68,-316.058632,5.539424,11.762338,50.57,49.97,49.63,49.42,51.0,46.84,43.12,2020-09-25,-
2025-10-28,3009,中天火箭,航天航空,53.51,55.56,52.64,54.42,52.64,10775390,583881700.9,6.9342,-0.874,5.32,否,1.79,13.659,11.906,7.998,11.539,否,155396369,155395579,8459778328.36,8459735320.76,-313.296284,5.49101,11.659536,51.73,50.38,49.82,49.55,51.12,47.0,43.17,2020-09-25,-
2025-10-29,3009,中天火箭,航天航空,54.15,58.98,53.4,56.67,53.4,11745069,653693227.81,7.5582,4.133,10.25,否,1.5,7.594,16.485,12.129,15.7,否,155396369,155395579,8809420158.61,8809375373.51,-326.24479,5.717953,12.141423,53.31,50.99,50.2,49.84,51.27,47.18,43.23,2020-09-25,-
2025-10-30,3009,中天火箭,航天航空,55.71,56.33,54.52,54.77,54.52,7633163,420598347.72,4.9121,-3.352,3.19,否,0.83,-0.237,12.303,11.321,11.253,否,155396369,155395579,8514167057.51,8514123773.41,-315.310496,5.526312,11.734496,54.69,51.55,50.51,50.06,51.4,47.34,43.27,2020-09-25,-
2025-10-31,3009,中天火箭,航天航空,54.66,54.66,52.82,53.05,52.82,5219512,278878700.2,3.3589,-3.14,3.36,否,0.51,-2.517,10.798,10.314,8.598,否,155396369,155395579,8243777375.45,8243735465.95,-305.296985,5.35081,11.361836,54.76,52.04,50.75,50.21,51.52,47.47,43.31,2020-09-25,-
2025-11-03,3009,中天火箭,航天航空,52.91,55.05,52.37,54.89,52.37,6829900,368553787.68,4.3952,3.468,5.05,否,0.68,-3.141,4.215,12.873,11.158,否,155396369,155395579,8529706694.41,8529663331.31,-315.885985,5.536398,11.755913,54.76,52.67,51.1,50.39,51.67,47.61,43.35,2020-09-25,-
2025-11-04,3009,中天火箭,航天航空,54.35,54.58,53.37,53.71,53.37,3814100,205271138.0,2.4544,-2.15,2.2,否,0.45,-1.935,-2.168,10.401,6.293,否,155396369,155395579,8346338978.99,8346296548.09,-309.095214,5.417379,11.50319,54.62,53.17,51.38,50.55,51.77,47.73,43.39,2020-09-25,-
2025-11-05,3009,中天火箭,航天航空,52.83,53.81,52.67,53.08,52.67,3255900,173238423.0,2.0952,-1.173,2.12,否,0.46,0.057,-2.462,8.837,7.799,否,155396369,155395579,8248439266.52,8248397333.32,-305.469632,5.353835,11.368262,53.9,53.6,51.57,50.69,51.86,47.85,43.43,2020-09-25,-
2025-11-06,3009,中天火箭,航天航空,53.11,54.0,51.71,52.46,51.71,4636451,244289155.96,2.9836,-1.168,4.31,否,0.87,-4.427,-7.429,9.566,8.299,否,155396369,155395579,8152093517.74,8152052074.34,-301.901599,5.2913,11.235475,53.44,54.06,51.69,50.8,51.93,47.97,43.47,2020-09-25,-
2025-11-07,3009,中天火箭,航天航空,51.86,53.2,51.84,52.78,51.84,3578700,188554265.97,2.303,0.61,2.59,否,0.75,-1.732,-3.633,0.209,9.479,否,155396369,155395579,8201820355.82,8201778659.62,-303.743165,5.323576,11.30401,53.38,54.07,51.82,50.93,52.0,48.09,43.51,2020-09-25,-
2025-11-10,3009,中天火箭,航天航空,52.88,54.29,52.39,53.18,52.39,3668429,195452803.27,2.3607,0.758,3.6,否,0.83,0.188,0.245,-3.133,10.653,否,155396369,155395579,8263978903.42,8263936891.22,-306.045121,5.363922,11.389679,53.04,53.9,51.94,51.05,52.09,48.23,43.55,2020-09-25,-
2025-11-11,3009,中天火箭,航天航空,52.84,52.9,50.5,50.57,50.5,5189154,266263636.68,3.3393,-4.908,4.51,否,1.37,-3.603,-7.87,-7.075,5.113,否,155396369,155395579,7858394380.33,7858354430.03,-291.024855,5.100668,10.830689,52.41,53.52,51.95,51.06,52.13,48.34,43.58,2020-09-25,-
2025-11-12,3009,中天火箭,航天航空,50.31,51.18,48.79,50.57,48.79,3787207,188440910.77,2.4371,0.0,4.73,否,0.93,-4.187,-5.846,-10.764,2.868,否,155396369,155395579,7858394380.33,7858354430.03,-291.024855,5.100668,10.830689,51.91,52.91,51.95,51.1,52.19,48.45,43.62,2020-09-25,-
2025-11-13,3009,中天火箭,航天航空,50.05,52.15,50.05,51.09,50.05,3506984,179550102.18,2.2568,1.028,4.15,否,0.84,-3.93,-3.749,-6.719,1.895,否,155396369,155395579,7939200492.21,7939160131.11,-294.017398,5.153117,10.942059,51.64,52.54,52.04,51.19,52.23,48.54,43.66,2020-09-25,-
2025-11-14,3009,中天火箭,航天航空,50.85,51.2,50.1,50.1,50.1,2083060,105358969.2,1.3405,-1.938,2.15,否,0.53,-0.929,-4.499,-5.561,-0.279,否,155396369,155395579,7785358086.9,7785318507.9,-288.320056,5.053262,10.730028,51.1,52.24,52.14,51.25,52.28,48.65,43.69,2020-09-25,-
2025-11-17,3009,中天火箭,航天航空,52.03,52.52,50.57,50.68,50.57,4671360,240726694.6,3.0061,1.158,3.89,否,1.28,0.218,-3.979,-7.67,-0.138,否,155396369,155395579,7875487980.92,7875447943.72,-291.657893,5.111763,10.854248,50.6,51.82,52.24,51.34,52.31,48.76,43.72,2020-09-25,-
2025-11-18,3009,中天火箭,航天航空,49.82,50.44,48.83,48.88,48.83,3602300,177513030.0,2.3181,-3.552,3.18,否,0.94,-4.326,-8.086,-8.993,-2.997,否,155396369,155395579,7595774516.72,7595735901.52,-281.299088,4.930209,10.468738,50.26,51.34,52.26,51.36,52.23,48.86,43.74,2020-09-25,-
2025-11-19,3009,中天火箭,航天航空,48.88,49.56,48.35,49.09,48.35,2696624,132276303.8,1.7353,0.43,2.48,否,0.76,-2.016,-2.927,-7.517,-2.869,否,155396369,155395579,7628407754.21,7628368973.11,-282.507616,4.95139,10.513714,49.97,50.94,52.27,51.36,52.15,48.95,43.75,2020-09-25,-
2025-11-20,3009,中天火箭,航天航空,48.8,49.62,48.53,49.15,48.53,2271100,111478654.0,1.4615,0.122,2.22,否,0.69,-3.019,-2.808,-6.31,-0.102,否,155396369,155395579,7637731536.35,7637692707.85,-282.852909,4.957442,10.526565,49.58,50.61,52.34,51.33,51.97,49.05,43.76,2020-09-25,-
2025-11-21,3009,中天火箭,航天航空,48.58,52.53,47.44,50.09,47.44,5523500,275797040.0,3.5545,1.913,10.36,否,1.8,2.475,-1.957,-5.097,4.159,否,155396369,155395579,7783804123.21,7783764552.11,-288.262507,5.052254,10.727887,49.58,50.34,52.21,51.32,51.81,49.16,43.78,2020-09-25,-
2025-11-24,3009,中天火箭,航天航空,50.39,55.1,50.39,55.1,50.39,11485370,616994724.6,7.3911,10.002,9.4,否,3.06,12.243,9.98,3.61,13.305,是,155396369,155395579,8562339931.9,8562296402.9,-317.094513,5.55758,11.800889,50.46,50.53,52.22,51.47,51.69,49.31,43.82,2020-09-25,-
2025-11-25,3009,中天火箭,航天航空,55.19,56.96,55.1,55.45,55.1,14528460,809567964.1,9.3493,0.635,3.38,否,2.84,12.818,9.412,9.65,13.977,否,155396369,155395579,8616728661.05,8616684855.55,-319.108724,5.592882,11.87585,51.78,51.02,52.27,51.64,51.52,49.43,43.87,2020-09-25,-
2025-11-26,3009,中天火箭,航天航空,55.9,56.4,53.21,53.48,53.21,8795660,477169966.0,5.6602,-3.553,5.75,否,1.2,6.768,9.411,5.754,9.658,否,155396369,155395579,8310597814.12,8310555564.92,-307.771589,5.394181,11.45393,52.65,51.31,52.11,51.74,51.36,49.5,43.91,2020-09-25,-
2025-11-27,3009,中天火箭,航天航空,52.54,58.83,52.08,58.83,52.08,10906739,613895001.68,7.0187,10.004,12.62,否,1.28,6.77,19.841,15.15,22.87,是,155396369,155395579,9141968388.27,9141921912.57,-338.560257,5.933801,12.599752,54.59,52.09,52.31,52.06,51.36,49.63,43.98,2020-09-25,-
2025-11-28,3009,中天火箭,航天航空,60.38,63.0,58.13,60.91,58.13,21206788,1281089956.96,13.647,3.536,8.28,否,2.07,9.847,23.927,21.577,15.645,否,155396369,155395579,9465192835.79,9465144716.89,-350.530431,6.143597,13.04523,56.75,53.17,52.7,52.48,51.38,49.78,44.05,2020-09-25,-
2025-12-01,3009,中天火箭,航天航空,60.29,63.49,59.45,59.71,59.45,16739645,1026126992.58,10.7723,-1.97,6.63,否,1.25,11.649,19.205,17.818,8.761,否,155396369,155395579,9278717192.99,9278670022.09,-343.624562,6.022561,12.788223,57.68,54.07,52.95,52.85,51.36,49.91,44.11,2020-09-25,-
2025-12-02,3009,中天火箭,航天航空,58.33,63.2,57.67,60.01,57.67,15452210,928517312.38,9.9438,0.502,9.26,否,1.07,2.006,8.911,22.77,10.272,否,155396369,155395579,9325336103.69,9325288695.79,-345.351029,6.05282,12.852475,58.59,55.18,53.26,53.23,51.37,50.05,44.17,2020-09-25,-
2025-12-03,3009,中天火箭,航天航空,59.9,64.66,57.12,60.59,57.12,18649172,1126162930.87,12.0011,0.967,12.56,否,1.28,-0.525,9.27,23.426,6.917,否,155396369,155395579,9415465997.71,9415418131.61,-348.688866,6.11132,12.976695,60.01,56.33,53.64,53.63,51.41,50.21,44.24,2020-09-25,-
2025-12-04,3009,中天火箭,航天航空,58.0,61.44,57.6,59.46,57.6,13244591,791145151.04,8.5231,-1.865,6.34,否,0.8,-0.419,11.182,20.977,8.563,否,155396369,155395579,9239868100.74,9239821127.34,-342.185839,5.997345,12.73468,60.14,57.36,53.99,54.01,51.52,50.37,44.31,2020-09-25,-
2025-12-05,3009,中天火箭,航天航空,59.4,62.64,59.0,62.45,59.0,15062033,926359307.42,9.6927,5.029,6.12,否,0.88,4.066,6.153,24.676,17.719,否,155396369,155395579,9704503244.05,9704453908.55,-359.392964,6.298927,13.375055,60.44,58.6,54.47,54.34,51.76,50.55,44.4,2020-09-25,-
2025-12-08,3009,中天火箭,航天航空,64.0,65.44,61.37,61.67,61.37,19476953,1236998635.91,12.5338,-1.249,6.52,否,1.23,1.782,1.248,11.924,12.352,否,155396369,155395579,9583294076.23,9583245356.93,-354.904149,6.220253,13.208001,60.84,59.26,54.89,54.56,51.99,50.7,44.48,2020-09-25,-
2025-12-09,3009,中天火箭,航天航空,59.28,63.32,58.87,62.49,58.87,14432705,881207221.29,9.2877,1.33,7.22,否,0.88,5.096,4.656,12.696,16.347,否,155396369,155395579,9710719098.81,9710669731.71,-359.623159,6.302961,13.383622,61.33,59.96,55.49,54.83,52.19,50.87,44.56,2020-09-25,-
2025-12-10,3009,中天火箭,航天航空,62.5,65.6,61.63,61.66,61.63,12353364,780247355.15,7.9496,-1.328,6.35,否,0.76,-1.265,2.75,15.295,16.164,否,155396369,155395579,9581740112.54,9581691401.14,-354.8466,6.219244,13.205859,61.55,60.78,56.04,55.0,52.42,51.02,44.64,2020-09-25,-
2025-12-11,3009,中天火箭,航天航空,62.6,65.49,60.02,63.29,60.02,13591527,851597997.04,8.7464,2.644,8.87,否,0.91,2.627,4.456,7.581,20.644,否,155396369,155395579,9835036194.01,9834986194.91,-364.227073,6.383652,13.55496,62.31,61.22,56.65,55.28,52.67,51.19,44.72,2020-09-25,-
2025-12-12,3009,中天火箭,航天航空,62.03,63.6,61.0,61.08,61.0,11822253,730632783.73,7.6078,-3.492,4.11,否,0.79,-2.256,2.725,0.279,15.726,否,155396369,155395579,9491610218.52,9491561965.32,-351.508763,6.160744,13.081639,62.04,61.24,57.2,55.55,52.88,51.34,44.8,2020-09-25,-
2025-12-15,3009,中天火箭,航天航空,60.0,67.19,58.44,64.52,58.44,17384178,1099517067.37,11.187,5.632,14.33,否,1.21,4.638,3.315,8.056,21.324,否,155396369,155395579,10026173727.88,10026122757.08,-371.305589,6.507714,13.818392,62.61,61.72,57.9,55.87,53.13,51.52,44.89,2020-09-25,-
2025-12-16,3009,中天火箭,航天航空,63.4,63.59,59.8,61.57,59.8,13122205,802115342.09,8.4444,-4.572,5.87,否,0.94,-2.718,-0.162,2.6,21.752,否,155396369,155395579,9567754439.33,9567705799.03,-354.328659,6.210167,13.186584,62.42,61.88,58.53,56.13,53.34,51.67,44.97,2020-09-25,-
2025-12-17,3009,中天火箭,航天航空,60.96,61.49,57.01,58.13,57.01,8754091,515196399.65,5.6334,-5.587,7.28,否,0.64,-4.83,-6.977,-4.06,14.95,否,155396369,155395579,9033190929.97,9033145007.27,-334.531833,5.863196,12.449831,61.72,61.63,58.98,56.3,53.49,51.8,45.04,2020-09-25,-
2025-12-18,3009,中天火箭,航天航空,58.11,60.99,57.62,59.5,57.62,9200272,549511903.27,5.9205,2.357,5.8,否,0.71,-7.781,-3.503,0.067,16.461,否,155396369,155395579,9246083955.5,9246036950.5,-342.416034,6.001379,12.743247,60.96,61.64,59.5,56.54,53.67,51.9,45.11,2020-09-25,-
2025-12-19,3009,中天火箭,航天航空,59.0,65.4,58.68,62.51,58.68,13825334,867617565.85,8.8969,5.059,11.29,否,1.15,1.527,-1.232,0.096,24.77,否,155396369,155395579,9713827026.19,9713777643.29,-359.738257,6.304978,13.387906,61.25,61.64,60.12,56.86,53.89,52.02,45.19,2020-09-25,-
2025-12-22,3009,中天火箭,航天航空,62.54,64.12,61.0,62.42,61.0,9965024,624047424.18,6.4127,-0.144,4.99,否,0.8,7.38,2.194,1.216,23.165,否,155396369,155395579,9699841352.98,9699792041.18,-359.220317,6.295901,13.36863,60.83,61.72,60.49,57.17,54.11,52.14,45.28,2020-09-25,-
2025-12-23,3009,中天火箭,航天航空,62.5,66.75,59.5,59.98,59.5,16507162,1033978987.76,10.6227,-3.909,11.61,否,1.5,0.807,-7.037,-4.017,22.709,否,155396369,155395579,9320674212.62,9320626828.42,-345.178382,6.049794,12.84605,60.51,61.47,60.71,57.48,54.27,52.22,45.35,2020-09-25,-
2025-12-24,3009,中天火箭,航天航空,57.7,62.88,57.65,62.34,57.65,12831821,779030284.18,8.2575,3.935,8.72,否,1.1,-0.272,1.251,1.103,26.991,否,155396369,155395579,9687409643.46,9687360394.86,-358.759926,6.287832,13.351496,61.35,61.53,61.16,57.87,54.49,52.33,45.43,2020-09-25,-
2025-12-25,3009,中天火箭,航天航空,62.28,68.57,61.9,68.57,61.9,13279220,888408683.58,8.5454,9.994,10.7,否,1.07,9.853,17.96,8.343,39.512,是,155396369,155395579,10655529022.33,10655474852.03,-394.612899,6.916211,14.685789,63.16,62.06,61.64,58.46,54.82,52.52,45.54,2020-09-25,-
2025-12-26,3009,中天火箭,航天航空,68.57,73.33,68.57,70.83,68.57,25191629,1787071749.34,16.2113,3.296,6.94,否,1.9,18.089,19.042,15.963,41.405,否,155396369,155395579,11006724816.27,11006668860.57,-407.618953,7.144163,15.169818,64.83,63.04,62.14,59.15,55.2,52.72,45.67,2020-09-25,-
2025-12-29,3009,中天火箭,航天航空,68.71,70.83,68.5,69.12,68.5,14361243,998383881.32,9.2417,-2.414,3.29,否,0.92,10.876,10.574,7.13,25.445,否,155396369,155395579,10740997025.28,10740942420.48,-397.778089,6.971686,14.803584,66.17,63.5,62.61,59.76,55.55,52.91,45.78,2020-09-25,-
2025-12-30,3009,中天火箭,航天航空,69.0,75.9,67.21,71.4,67.21,21006799,1508222171.01,13.5183,3.299,12.57,否,1.28,4.127,14.386,15.966,28.765,否,155396369,155395579,11095300746.6,11095244340.6,-410.899241,7.201655,15.291897,68.45,64.48,63.18,60.51,55.94,53.12,45.91,2020-09-25,-
2025-12-31,3009,中天火箭,航天航空,70.98,78.54,70.6,78.54,70.6,18921300,1417949784.0,12.18,10.0,11.12,否,1.09,10.885,30.944,35.111,46.859,是,155396369,155395579,12204830821.26,12204768774.66,-451.998499,7.921984,16.821434,71.69,66.52,64.08,61.5,56.43,53.38,46.06,2020-09-25,-
2026-01-05,3009,中天火箭,航天航空,80.38,86.39,76.0,84.82,76.0,24356100,2014763945.0,15.67,8.0,13.23,否,1.31,22.714,36.06,42.555,44.178,否,155396369,155395579,13180720018.58,13180653010.78,-488.139963,8.55542,18.166463,74.94,69.05,65.34,62.68,57.01,53.69,46.24,2020-09-25,-
2026-01-06,3009,中天火箭,航天航空,80.95,93.3,78.58,91.65,78.58,24489500,2049947848.0,15.76,8.05,17.35,否,1.18,28.361,33.659,46.617,50.468,否,155396369,155369463,14242077218.85,14239611283.95,-527.446683,9.244332,19.629289,79.11,71.97,66.8,64.07,57.7,54.06,46.45,2020-09-25,-
2026-01-07,3009,中天火箭,航天航空,88.4,90.04,85.7,86.25,85.7,17585700,1539235334.0,11.32,-5.89,4.74,否,0.85,9.817,21.77,38.177,44.448,否,155396369,155369463,13402936826.25,13400616183.75,-496.369628,8.699658,18.472736,82.53,74.35,68.03,65.11,58.29,54.39,46.64,2020-09-25,-
2026-01-08,3009,中天火箭,航天航空,85.01,91.9,84.08,88.88,84.08,17683800,1566311404.0,11.38,3.05,9.07,否,0.83,4.787,28.588,48.183,48.109,否,155396369,155369463,13811629276.72,13809237871.44,-511.505304,8.964934,19.03602,86.03,77.24,69.35,66.22,58.93,54.74,46.83,2020-09-25,-
2026-01-09,3009,中天火箭,航天航空,89.81,95.19,87.03,91.45,87.03,18003400,1645858016.0,11.59,2.89,9.18,否,0.87,-0.218,28.081,46.696,50.932,否,155396369,155369463,14210997945.05,14208537391.35,-526.295681,9.224159,19.586454,88.61,80.15,70.84,67.49,59.61,55.11,47.04,2020-09-25,-
2026-01-12,3009,中天火箭,航天航空,92.01,100.6,92.01,98.7,92.01,17416100,1690058089.0,11.21,7.93,9.39,否,0.85,14.435,25.668,43.94,65.994,否,155396369,155369463,15337621620.3,15334965998.1,-568.019504,9.955435,21.139235,91.39,83.16,72.61,68.82,60.44,55.55,47.28,2020-09-25,-
2026-01-13,3009,中天火箭,航天航空,97.72,97.72,88.83,88.83,88.83,9384600,842204682.0,6.04,-10.0,9.01,否,0.49,-0.056,4.728,25.413,42.242,否,155396369,155369463,13803859458.27,13801469398.29,-511.217554,8.959891,19.025311,90.82,84.96,74.0,69.75,61.12,55.89,47.48,2020-09-25,-
2026-01-14,3009,中天火箭,航天航空,81.0,87.0,79.95,79.96,79.95,17915700,1472856593.0,11.53,-9.99,7.94,否,1.12,-12.564,-12.755,15.683,29.658,否,155396369,155369463,12425493665.24,12423342261.48,-460.170614,8.065213,17.125565,89.56,86.05,74.77,70.42,61.64,56.16,47.64,2020-09-25,-
2026-01-15,3009,中天火箭,航天航空,78.5,78.79,74.5,76.44,74.5,13577500,1038712747.0,8.74,-4.4,5.37,否,0.84,-22.553,-11.374,7.059,22.324,否,155396369,155369463,11878498446.36,11876441751.72,-439.912978,7.710166,16.371663,87.08,86.55,75.52,70.97,62.1,56.4,47.8,2020-09-25,-
2026-01-16,3009,中天火箭,航天航空,78.5,79.41,74.81,75.85,74.81,9342000,716042842.0,6.01,-0.77,6.02,否,0.61,-14.612,-14.66,-3.425,23.013,否,155396369,155369463,11786814588.65,11784773768.55,-436.517522,7.650656,16.245298,83.96,86.28,76.4,71.48,62.55,56.64,47.95,2020-09-25,-
2026-01-19,3009,中天火箭,航天航空,74.6,76.69,74.01,75.25,74.01,7653700,578767630.0,4.93,-0.79,3.53,否,0.57,-5.89,-17.715,-11.283,18.897,否,155396369,155369463,11693576767.25,11691552090.75,-433.064516,7.590136,16.116793,79.27,85.33,77.19,72.01,63.01,56.88,48.11,2020-09-25,-
2026-01-20,3009,中天火箭,航天航空,75.0,75.55,69.79,70.62,69.79,9757800,699100611.0,6.28,-6.15,7.65,否,0.84,-7.614,-28.45,-22.946,15.619,否,155396369,155369463,10974091578.78,10972191477.06,-406.418819,7.123129,15.125155,75.62,83.22,77.6,72.28,63.31,57.08,48.24,2020-09-25,-
2026-01-21,3009,中天火箭,航天航空,70.0,71.09,69.36,69.71,69.36,5931400,415070051.0,3.82,-1.29,2.45,否,0.51,-8.095,-21.524,-19.177,8.044,否,155396369,155369463,10832680882.99,10830805265.73,-401.181759,7.031341,14.930254,73.57,81.57,77.96,72.55,63.55,57.28,48.37,2020-09-25,-
2026-01-22,3009,中天火箭,航天航空,69.7,72.89,69.23,72.34,69.23,9051200,649651831.0,5.83,3.77,5.25,否,0.98,-3.867,-9.53,-18.609,17.492,否,155396369,155369463,11241373333.46,11239426953.42,-416.317436,7.296617,15.493538,72.75,79.92,78.58,72.87,63.85,57.49,48.52,2020-09-25,-
2026-01-23,3009,中天火箭,航天航空,72.38,77.97,71.3,76.68,71.3,13938100,1046958198.0,8.97,6.0,9.22,否,1.67,8.581,0.314,-16.151,31.911,否,155396369,155369463,11915793574.92,11913730422.84,-441.29418,7.734374,16.423065,72.92,78.44,79.29,73.37,64.19,57.73,48.68,2020-09-25,-
2026-01-26,3009,中天火箭,航天航空,75.92,75.92,69.01,69.94,69.01,9732700,691727120.0,6.26,-8.79,9.01,否,1.05,0.33,-7.792,-29.139,17.546,否,155396369,155369463,10868422047.86,10866540242.22,-402.505412,7.05454,14.979515,71.86,75.56,79.36,73.6,64.44,57.92,48.8,2020-09-25,-
2026-01-27,3009,中天火箭,航天航空,68.0,71.43,67.0,71.2,67.0,6664200,463414816.0,4.29,1.8,6.33,否,0.69,-1.576,-5.382,-19.847,13.902,否,155396369,155403153,11064221472.8,11064704493.6,-409.845558,7.183188,15.252683,71.97,73.8,79.38,73.93,64.74,58.13,48.94,2020-09-25,-
2026-01-28,3009,中天火箭,航天航空,70.5,71.0,69.01,69.39,69.01,4302700,299513371.0,2.77,-2.54,2.79,否,0.47,-9.507,-1.742,-13.219,11.166,否,155396369,155403153,10782954044.91,10783424786.67,-399.426731,7.000581,14.864939,71.91,72.74,79.4,74.1,64.98,58.33,49.06,2020-09-25,-
2026-01-29,3009,中天火箭,航天航空,68.01,70.49,67.75,68.87,67.75,4832600,335029304.0,3.11,-0.75,3.95,否,0.55,-1.53,-1.205,-9.903,14.822,否,155396369,155403153,10702147933.03,10702615147.11,-396.433477,6.94812,14.753543,71.22,71.99,79.27,74.34,65.24,58.5,49.18,2020-09-25,-
2026-01-30,3009,中天火箭,航天航空,68.29,69.58,66.87,68.2,66.87,4404400,300139286.0,2.83,-0.97,3.93,否,0.56,-4.213,-5.723,-10.086,9.4,否,155396369,155403153,10598032365.8,10598495034.6,-392.576785,6.880525,14.610014,69.52,71.22,78.75,74.67,65.49,58.68,49.3,2020-09-25,-
2026-02-02,3009,中天火箭,航天航空,67.52,69.88,67.28,67.34,67.28,3877200,265703980.0,2.49,-1.26,3.81,否,0.65,-2.954,-12.18,-10.512,-1.794,否,155396369,155403153,10464391488.46,10464848323.02,-387.626403,6.793762,14.425782,69.0,70.43,77.88,74.94,65.74,58.83,49.42,2020-09-25,-
2026-02-03,3009,中天火箭,航天航空,67.8,69.8,67.36,69.42,67.36,5176700,355865864.0,3.33,3.09,3.62,否,1.07,0.799,-0.743,-1.699,-1.991,否,155396369,155403153,10787615935.98,10788086881.26,-399.599419,7.003608,14.871366,68.64,70.31,76.77,75.17,66.01,59.01,49.55,2020-09-25,-
2026-02-04,3009,中天火箭,航天航空,68.91,70.41,68.18,69.45,68.18,4555300,315746691.0,2.93,0.04,3.21,否,1.01,1.833,-2.458,-0.373,0.477,否,155396369,155403153,10792277827.05,10792748975.85,-399.772107,7.006635,14.877793,68.66,70.28,75.93,75.4,66.28,59.19,49.68,2020-09-25,-
2026-02-05,3009,中天火箭,航天航空,68.76,70.59,67.85,69.25,67.85,4832900,335862126.0,3.11,-0.29,3.95,否,1.06,2.836,-0.202,-4.271,-3.011,否,155396369,155403153,10761198553.25,10761668345.25,-398.620855,6.986457,14.834948,68.73,69.97,74.94,75.71,66.6,59.36,49.8,2020-09-25,-
2026-02-06,3009,中天火箭,航天航空,68.85,70.39,68.21,68.51,68.21,4010800,277182682.0,2.58,-1.07,3.15,否,0.88,-1.311,-0.523,-10.655,-12.771,否,155396369,155403153,10646205240.19,10646670012.03,-394.361224,6.9118,14.676423,68.79,69.16,73.8,75.92,66.89,59.54,49.93,2020-09-25,-
2026-02-09,3009,中天火箭,航天航空,69.2,70.85,69.09,70.54,69.09,5874300,411359189.0,3.78,2.96,2.57,否,1.31,1.569,3.431,0.858,-16.836,否,155396369,155403153,10961659869.26,10962138412.62,-406.046428,7.116602,15.111296,69.43,69.22,72.39,75.98,67.22,59.73,50.06,2020-09-25,-
2026-02-10,3009,中天火箭,航天航空,70.55,70.99,67.88,69.38,67.88,4464700,310264852.0,2.87,-1.64,4.41,否,0.91,0.188,3.029,-2.556,-24.299,否,155396369,155403153,10781400081.22,10781870755.14,-399.369169,6.999572,14.862797,69.43,69.04,71.42,75.93,67.54,59.91,50.18,2020-09-25,-
2026-02-11,3009,中天火箭,航天航空,69.11,69.83,67.88,68.04,67.88,3693500,253385468.0,2.38,-1.93,2.81,否,0.78,-0.686,-1.988,-1.946,-21.113,否,155396369,155403153,10573168946.76,10573630530.12,-391.655783,6.864383,14.575738,69.14,68.9,70.82,75.9,67.83,60.07,50.29,2020-09-25,-
2026-02-12,3009,中天火箭,航天航空,67.78,67.78,66.45,66.59,66.45,3406200,227917846.0,2.19,-2.13,1.95,否,0.74,-5.6,-4.118,-3.311,-25.079,否,155396369,155403153,10347844211.71,10348295958.27,-383.309209,6.718096,14.265115,68.61,68.67,70.33,75.74,68.12,60.18,50.4,2020-09-25,-
2026-02-13,3009,中天火箭,航天航空,66.14,68.48,66.14,67.45,66.14,3619400,244698675.0,2.33,1.29,3.51,否,0.84,-2.782,-2.599,-1.1,-26.244,否,155396369,155403153,10481485089.05,10481942669.85,-388.259591,6.80486,14.449347,68.4,68.6,69.91,75.37,68.43,60.29,50.51,2020-09-25,-
2026-02-24,3009,中天火箭,航天航空,67.08,68.49,66.11,67.3,66.11,3339400,224845947.0,2.15,-0.22,3.53,否,0.79,-1.088,-1.766,-0.059,-31.814,否,155396369,155403153,10458175633.7,10458632196.9,-387.396153,6.789727,14.417213,67.75,68.59,69.51,74.78,68.73,60.35,50.62,2020-09-25,-
2026-02-25,3009,中天火箭,航天航空,66.85,68.5,66.35,68.26,66.35,3712300,251639021.0,2.39,1.43,3.19,否,1.0,2.508,-3.232,-1.671,-23.157,否,155396369,155403153,10607356147.94,10607819223.78,-392.92216,6.886578,14.622867,67.53,68.48,69.39,74.0,69.04,60.42,50.74,2020-09-25,-
2026-02-26,3009,中天火箭,航天航空,67.84,68.66,67.33,68.2,67.33,4176600,284798603.0,2.69,-0.09,1.95,否,1.18,1.112,-1.701,-1.8,-14.707,否,155396369,155403153,10598032365.8,10598495034.6,-392.576785,6.880525,14.610014,67.56,68.35,69.32,73.4,69.25,60.47,50.86,2020-09-25,-
2026-02-27,3009,中天火箭,航天航空,67.52,68.98,67.5,68.3,67.5,4165200,283971100.0,2.68,0.15,2.17,否,1.14,1.486,0.382,-1.372,-10.649,否,155396369,155403153,10613572002.7,10614035349.9,-393.15241,6.890614,14.631436,67.9,68.26,69.12,72.72,69.47,60.49,50.98,2020-09-25,-
2026-03-02,3009,中天火箭,航天航空,68.93,75.13,68.73,75.13,68.73,14330500,1051507987.0,9.22,10.0,9.37,否,3.77,10.064,12.825,9.663,-0.949,是,155396369,155403153,11674929202.97,11675438884.89,-432.467651,7.579675,16.09458,69.44,68.92,69.04,72.17,69.83,60.6,51.13,2020-09-25,-
2026-03-03,3009,中天火箭,航天航空,76.48,77.0,70.68,70.95,70.68,17688800,1287214556.0,11.38,-5.56,8.41,否,2.98,4.032,5.189,0.581,-5.714,否,155396369,155403153,11025372380.55,11025853705.35,-408.406494,7.157966,15.199127,70.17,68.96,69.09,71.25,70.03,60.69,51.25,2020-09-25,-
2026-03-04,3009,中天火箭,航天航空,68.0,76.1,66.09,75.07,66.09,16987000,1232429930.0,10.93,5.81,14.11,否,1.93,9.912,11.545,8.201,6.301,否,155396369,155403153,11665605420.83,11666114695.71,-432.122276,7.573622,16.081726,71.53,69.53,69.28,70.79,70.27,60.82,51.4,2020-09-25,-
2026-03-05,3009,中天火箭,航天航空,74.99,75.01,71.9,73.94,71.9,12528500,916166450.0,8.06,-1.51,4.14,否,1.09,-1.584,8.321,8.671,6.068,否,155396369,155403153,11490007523.86,11490509132.82,-425.617705,7.459619,15.839654,72.68,70.12,69.51,70.59,70.5,60.93,51.54,2020-09-25,-
2026-03-06,3009,中天火箭,航天航空,72.61,73.5,71.01,71.89,71.01,7928900,571244220.0,5.1,-2.77,3.37,否,0.6,1.325,5.411,7.959,-0.622,否,155396369,155403153,11171444967.41,11171932669.17,-413.817376,7.2528,15.400497,73.4,70.65,69.66,70.44,70.7,61.04,51.67,2020-09-25,-
2026-03-09,3009,中天火箭,航天航空,70.48,71.8,68.36,69.1,68.36,7063500,490374184.0,4.55,-3.88,4.79,否,0.51,-7.953,1.171,2.446,-9.885,否,155396369,155403153,10737889097.9,10738357872.3,-397.757417,6.971324,14.802815,72.19,70.81,69.71,70.21,70.84,61.13,51.79,2020-09-25,-
2026-03-10,3009,中天火箭,航天航空,68.99,70.12,68.4,69.35,68.4,5987300,414733656.0,3.85,0.36,2.49,否,0.48,-6.208,-7.693,3.046,-0.844,否,155396369,155403153,10776738190.15,10777208660.55,-399.196481,6.996546,14.85637,71.87,71.02,69.81,70.01,71.01,61.26,51.91,2020-09-25,-
2026-03-11,3009,中天火箭,航天航空,69.49,69.59,67.5,67.51,67.5,5977000,406430419.0,3.85,-2.65,3.01,否,0.59,-6.093,-4.848,-1.099,-5.183,否,155396369,155403153,10490808871.19,10491266859.03,-388.604967,6.810913,14.4622,70.36,70.94,69.71,69.91,71.09,61.43,52.02,2020-09-25,-
2026-03-12,3009,中天火箭,航天航空,67.12,67.5,64.09,64.31,64.09,6468900,423765227.0,4.16,-4.74,5.05,否,0.82,-6.932,-14.333,-5.704,-7.321,否,155396369,155403153,9993540490.39,9993976769.43,-370.184942,6.488073,13.776686,68.43,70.56,69.45,69.73,71.14,61.56,52.13,2020-09-25,-
2026-03-13,3009,中天火箭,航天航空,63.81,64.13,61.86,61.96,61.86,4532800,284432843.0,2.92,-3.65,3.53,否,0.68,-10.656,-16.202,-9.283,-10.033,否,155396369,155403153,9628359023.24,9628779359.88,-356.657736,6.250987,13.273262,66.45,69.92,69.09,69.38,71.13,61.66,52.23,2020-09-25,-
2026-03-16,3009,中天火箭,航天航空,62.0,62.47,60.38,61.62,60.38,3821400,234266333.0,2.32,-0.55,3.37,否,0.64,-8.725,-14.286,-17.982,-9.648,否,164717418,164687303,10149887297.16,10148031610.86,-375.887151,6.588013,13.988898,64.95,68.57,68.74,68.88,71.13,61.77,52.32,2020-09-25,-
2026-03-17,3009,中天火箭,航天航空,61.62,62.0,60.0,60.03,60.0,3311000,202357356.0,2.01,-2.58,3.25,否,0.62,-6.655,-13.126,-15.391,-10.855,否,164717418,164687303,9887986602.54,9886178799.09,-366.188018,6.418021,13.627938,63.09,67.48,68.22,68.55,71.07,61.87,52.4,2020-09-25,-
2026-03-18,3009,中天火箭,航天航空,60.09,61.65,59.31,61.61,59.31,3994800,242346413.0,2.43,2.63,3.9,否,0.83,-0.565,-11.161,-17.93,-11.25,否,164717418,164687303,10148240122.98,10146384737.83,-375.82615,6.586944,13.986628,61.91,66.13,67.83,68.23,71.08,61.98,52.49,2020-09-25,-
2026-03-19,3009,中天火箭,航天航空,60.61,61.21,59.85,60.12,59.85,2975100,179822394.0,1.81,-2.42,2.21,否,0.67,-2.434,-10.947,-18.691,-13.434,否,164717418,164687303,9902811170.16,9901000656.36,-366.737026,6.427643,13.64837,61.07,64.75,67.43,67.92,71.01,62.07,52.57,2020-09-25,-
2026-03-20,3009,中天火箭,航天航空,60.45,60.55,57.22,57.38,57.22,4301900,251752886.0,2.61,-4.56,5.54,否,1.15,-4.414,-10.776,-20.184,-17.141,否,164717418,164687303,9451485444.84,9449757446.14,-350.022797,6.1347,13.026338,60.15,63.3,66.97,67.54,70.94,62.14,52.64,2020-09-25,-
2026-03-23,3009,中天火箭,航天航空,56.04,57.0,53.87,54.2,53.87,4593900,255084059.0,2.79,-5.54,5.45,否,1.25,-12.027,-12.524,-21.563,-20.887,否,164717418,164687303,8927684055.6,8926051822.6,-330.624531,5.794715,12.304418,58.67,61.81,66.31,67.07,70.87,62.18,52.7,2020-09-25,-
2026-03-24,3009,中天火箭,航天航空,55.5,56.12,54.38,55.93,54.38,4037300,223112112.0,2.45,3.19,3.21,否,1.05,-6.969,-9.234,-19.351,-20.712,否,164717418,164687303,9212645188.74,9210960856.79,-341.177676,5.979675,12.697161,57.85,60.47,65.74,66.69,70.81,62.24,52.77,2020-09-25,-
2026-03-25,3009,中天火箭,航天航空,56.14,57.32,56.07,56.99,56.07,3562400,201719075.0,2.16,1.9,2.23,否,0.89,-0.68,-5.064,-15.583,-17.858,否,164717418,164687303,9387245651.82,9385529397.97,-347.643764,6.093003,12.937801,56.92,59.42,65.18,66.28,70.72,62.31,52.83,2020-09-25,-
2026-03-26,3009,中天火箭,航天航空,57.97,58.0,55.36,55.75,55.36,3402400,191726721.0,2.07,-2.18,4.63,否,0.87,2.86,-9.511,-13.311,-18.063,否,164717418,164687303,9182996053.5,9181317142.25,-340.07966,5.960431,12.656297,56.05,58.56,64.56,65.82,70.61,62.36,52.9,2020-09-25,-
2026-03-27,3009,中天火箭,航天航空,55.0,56.45,54.7,56.19,54.7,2440600,136114563.0,1.48,0.79,3.14,否,0.61,0.465,-6.537,-9.312,-15.618,否,164717418,164687303,9255471717.42,9253779555.57,-342.763697,6.007473,12.756186,55.81,57.98,63.95,65.39,70.55,62.41,52.96,2020-09-25,-
2026-03-30,3009,中天火箭,航天航空,55.33,58.0,55.33,57.55,55.33,4549800,259702415.0,2.76,2.42,4.75,否,1.26,0.983,0.296,-6.605,-14.678,否,164717418,164687303,9479487405.9,9477754287.65,-351.059811,6.152875,13.064931,56.48,57.58,63.07,65.02,70.47,62.48,53.03,2020-09-25,-
2026-03-31,3009,中天火箭,航天航空,57.6,59.64,57.49,57.74,57.49,5494900,322012669.0,3.34,0.33,3.74,否,1.53,3.57,6.531,-3.815,-14.205,否,164717418,164687303,9510783715.32,9509044875.22,-93.361672,6.490971,12.146402,56.84,57.35,62.41,64.59,70.29,62.56,53.1,2020-09-25,-
2026-04-01,3009,中天火箭,航天航空,58.53,58.62,56.5,57.37,56.5,3298200,188591423.0,2.0,-0.64,3.67,否,0.85,2.1,2.575,-6.882,-15.954,否,164717418,164687303,9449838270.66,9448110573.11,-92.763407,6.449376,12.068568,56.92,56.92,61.53,64.19,70.06,62.63,53.17,2020-09-25,-
2026-04-02,3009,中天火箭,航天航空,57.68,58.5,56.34,56.49,56.34,2862000,163874214.0,1.74,-1.53,3.77,否,0.75,-1.842,-0.877,-6.038,-17.17,否,164717418,164687303,9304886942.82,9303185746.47,-91.340506,6.350449,11.883448,57.07,56.56,60.65,63.81,69.85,62.7,53.24,2020-09-25,-
2026-04-03,3009,中天火箭,航天航空,56.81,56.94,55.2,55.28,55.2,2458700,137113453.0,1.49,-2.14,3.08,否,0.66,-4.26,-0.843,-3.66,-19.063,否,164717418,164687303,9105578867.04,9103914109.84,-89.384018,6.214424,11.628907,56.89,56.35,59.82,63.43,69.58,62.76,53.3,2020-09-25,-
2026-04-07,3009,中天火箭,航天航空,55.6,55.78,54.5,54.78,54.5,1770800,97331782.0,1.08,-0.9,2.32,否,0.47,-4.515,-2.509,1.07,-27.086,否,164717418,164687303,9023220158.04,9021570458.34,-88.575552,6.158216,11.523726,56.33,56.41,59.11,63.01,69.19,62.81,53.36,2020-09-25,-
2026-04-08,3009,中天火箭,航天航空,55.88,57.73,55.39,57.73,55.39,3632300,206430115.0,2.21,5.39,4.27,否,1.14,2.195,0.313,3.218,-18.633,否,164717418,164687303,9509136541.14,9507398002.19,-93.345502,6.489847,12.144299,56.33,56.59,58.53,62.69,68.74,62.87,53.44,2020-09-25,-
2026-04-09,3009,中天火箭,航天航空,56.93,57.64,56.66,57.08,56.66,2252100,128512683.0,1.37,-1.13,1.7,否,0.8,3.256,-1.143,0.158,-23.964,否,164717418,164687303,9402070219.44,9400351255.24,-92.294496,6.416775,12.007562,56.27,56.6,58.01,62.32,68.16,62.93,53.51,2020-09-25,-
2026-04-10,3009,中天火箭,航天航空,57.3,58.0,57.1,57.18,57.1,2196700,126404161.0,1.33,0.18,1.58,否,0.85,4.381,-0.331,2.565,-22.667,否,164717418,164687303,9418541961.24,9416819985.54,-92.456189,6.428017,12.028599,56.41,56.74,57.65,61.95,67.68,62.98,53.59,2020-09-25,-
2026-04-13,3009,中天火箭,航天航空,56.68,57.85,56.6,57.7,57.7,1998900,115336530.0,1.2138,,,否,,,,,,否,164717418,164687303,9504195018.6,9502457383.1,,,,56.89399999999999,56.89,57.43599999999999,61.59766666666667,67.1565,63.043,53.67524,2020-09-25,-
2026-04-14,3009,中天火箭,航天航空,57.9,58.94,57.56,58.89,58.89,3806900,224188341.0,2.3116,,,否,,,,,,否,164717418,164687303,9700208746.02,9698435273.67,,,,57.716,57.024,57.2995,61.056333333333335,66.61383333333333,63.11258333333333,53.76008,2020-09-25,-
2026-04-15,3009,中天火箭,航天航空,59.34,61.2,59.08,59.41,59.41,6675700,396603337.0,4.0536,,,否,,,,,,否,164717418,164687303,9785861803.38,9784072671.23,,,,58.052,57.191,57.2685,60.67166666666666,65.959,63.19766666666666,53.84868,2020-09-25,-
2026-04-16,3009,中天火箭,航天航空,59.26,59.39,58.38,58.92,58.92,3825200,225380784.0,2.3227,,,否,,,,,,否,164717418,164687303,9705150268.56,9703375892.76,,,,58.42,57.346,57.13399999999999,60.13333333333333,65.4605,63.28791666666667,53.93628,2020-09-25,-
2026-04-17,3009,中天火箭,航天航空,58.91,58.92,57.8,58.41,58.41,3032900,177151689.0,1.8416,,,否,,,,,,否,164717418,164687303,9621144385.38,9619385368.23,,,,58.666,57.538,57.0485,59.61566666666666,65.10133333333333,63.369416666666666,54.03664,2020-09-25,-
2026-04-20,3009,中天火箭,航天航空,58.68,63.0,58.47,62.21,62.21,8860600,551217926.0,5.3803,,,否,,,,,,否,164717418,164687303,10247070573.78,10245197119.63,,,,59.568,58.23100000000001,57.29,59.293,64.86416666666668,63.48241666666666,54.149840000000005,2020-09-25,-
2026-04-21,3009,中天火箭,航天航空,62.33,62.48,60.15,61.16,61.16,5926100,362440276.0,3.5984,,,否,,,,,,否,164717418,164687303,10074117284.88,10072275451.48,,,,60.022000000000006,58.86900000000001,57.638,59.02833333333333,64.61933333333333,63.58566666666666,54.248560000000005,2020-09-25,-
2026-04-22,3009,中天火箭,航天航空,60.61,60.61,59.6,60.38,60.38,4190000,252992200.0,2.5442,,,否,,,,,,否,164717418,164687303,9945637698.84,9943819355.14,,,,60.216,59.134,57.8605,58.72933333333333,64.3715,63.68983333333333,54.34492,2020-09-25,-
2026-04-23,3009,中天火箭,航天航空,60.39,61.23,59.01,59.2,59.2,4527400,268022080.0,2.7491,,,否,,,,,,否,164717418,164687303,9751271145.6,9749488337.6,,,,60.272000000000006,59.346,57.971,58.45233333333333,64.18116666666667,63.74425,54.4342,2020-09-25,-
2026-04-24,3009,中天火箭,航天航空,58.95,58.95,56.89,57.83,57.83,3516700,203370761.0,2.1354,,,否,,,,,,否,164717418,164687303,9525608282.94,9523866732.49,,,,60.15599999999999,59.411,58.075,58.23633333333334,63.98316666666666,63.76866666666668,54.518800000000006,2020-09-25,-
2026-04-27,3009,中天火箭,航天航空,58.55,60.55,58.03,60.16,60.16,4593800,276363008.0,2.7894,,,否,,,,,,否,164717418,164687303,9909399866.88,9907588148.48,,,,59.746,59.657,58.2735,58.17633333333333,63.78016666666667,63.816500000000005,54.61436,2020-09-25,-
2026-04-28,3009,中天火箭,航天航空,59.68,59.99,57.97,57.98,57.98,3287200,190591856.0,1.996,,,否,,,,,,否,164717418,164687303,9550315895.64,9548569827.94,,,,59.10999999999999,59.566,58.295,58.05499999999999,63.4685,63.82741666666666,54.70256,2020-09-25,-
2026-04-29,3009,中天火箭,航天航空,57.5,58.9,57.36,58.41,58.41,2247100,131253111.0,1.3645,,,否,,,,,,否,164717418,164687303,9621144385.38,9619385368.23,,,,58.716,59.46600000000001,58.3285,58.001,63.27633333333333,63.85775,54.79196,2020-09-25,-
2026-04-30,3009,中天火箭,航天航空,57.8,60.15,57.8,60.06,60.06,4369000,262402140.0,2.6529,,,否,,,,,,否,164717418,164687303,9892928125.08,9891119418.18,,,,58.888,59.58,58.46299999999999,57.949333333333335,63.09066666666667,63.91616666666666,54.88928,2020-09-25,-
2026-05-06,3009,中天火箭,航天航空,60.08,62.07,60.07,61.29,61.29,4988300,305732907.0,3.029,,,否,,,,,,否,164717418,164687303,10095530549.22,10093684800.87,,,,59.58,59.868,58.70300000000001,57.98833333333333,62.955666666666666,63.9695,54.98964,2020-09-25,-
2026-05-07,3009,中天火箭,航天航空,61.2,62.5,60.98,62.42,62.42,4881800,304721956.0,2.9643,,,否,,,,,,否,164717418,164687303,10281661231.56,10279781453.26,,,,60.032,59.889,59.05999999999999,58.156333333333336,62.84816666666666,64.04208333333334,55.0952,2020-09-25,-
2026-05-08,3009,中天火箭,航天航空,62.37,68.0,61.66,66.28,66.28,10736800,711635104.0,6.5195,,,否,,,,,,否,164717418,164687303,10917470465.04,10915474442.84,,,,61.69200000000001,60.401,59.63499999999999,58.559,62.81616666666667,64.15208333333334,55.214920000000006,2020-09-25,-
2026-05-11,3009,中天火箭,航天航空,66.96,69.38,66.73,67.92,67.92,10850400,736959168.0,6.5885,,,否,,,,,,否,164717418,164687303,11187607030.56,11185561619.76,,,,63.59400000000001,61.155,60.1445,58.958666666666666,62.82583333333333,64.28091666666667,55.3468,2020-09-25,-
2026-05-12,3009,中天火箭,航天航空,67.25,67.25,65.0,65.2,65.2,6847400,446450480.0,4.1578,,,否,,,,,,否,164717418,164687303,10739575653.6,10737612155.6,,,,64.622,61.755,60.5505,59.23233333333333,62.7555,64.38441666666667,55.46828,2020-09-25,-
2026-05-13,3009,中天火箭,航天航空,64.5,66.08,64.25,65.5,65.5,5017800,328665900.0,3.0469,,,否,,,,,,否,164717418,164687303,10788990879.0,10787018346.5,,,,65.464,62.522000000000006,60.9665,59.557333333333325,62.68966666666667,64.48708333333333,55.59132,2020-09-25,-
2026-05-14,3009,中天火箭,航天航空,65.37,65.39,62.34,62.39,62.39,5153000,321495670.0,3.129,,,否,,,,,,否,164717418,164687303,10276719709.02,10274840834.17,,,,65.458,62.745000000000005,61.20100000000001,59.764,62.57533333333333,64.58558333333333,55.701080000000005,2020-09-25,-
2026-05-15,3009,中天火箭,航天航空,61.97,62.87,60.36,60.97,60.97,4156400,253415708.0,2.5238,,,否,,,,,,否,164717418,164687303,10042820975.46,10040984863.91,,,,64.396,63.044,61.30499999999999,59.878,62.449666666666666,64.67225,55.8044,2020-09-25,-
2026-05-18,3009,中天火箭,航天航空,61.0,62.3,60.78,61.1,61.1,3543400,216501740.0,2.1516,,,否,,,,,,否,164717418,164687303,10064234239.8,10062394213.3,,,,63.032,63.313,61.3895,59.99,62.29233333333333,64.75566666666666,55.90632,2020-09-25,-
2026-05-19,3009,中天火箭,航天航空,61.09,61.16,58.88,60.37,60.37,3744800,226073576.0,2.2739,,,否,,,,,,否,164717418,164687303,9943990524.66,9942172482.11,,,,62.066,63.34400000000001,61.462,60.09,62.14216666666667,64.84125,55.9982,2020-09-25,-
2026-05-20,3009,中天火箭,航天航空,60.1,60.37,58.54,58.98,58.98,2843800,167727324.0,1.7268,,,否,,,,,,否,164717418,164687303,9715033313.64,9713257130.94,,,,60.762,63.113,61.4905,60.173,61.99116666666667,64.91041666666666,56.0814,2020-09-25,-
2026-05-21,3009,中天火箭,航天航空,59.4,59.8,56.0,56.25,56.25,3604400,202747500.0,2.1886,,,否,,,,,,否,164717418,164687303,9265354762.5,9263660793.75,,,,59.534000000000006,62.496,61.1925,60.205333333333336,61.81883333333334,64.97183333333334,56.15248,2020-09-25,-
2026-05-22,3009,中天火箭,航天航空,56.31,57.6,56.05,56.97,56.97,2789200,158900724.0,1.6936,,,否,,,,,,否,164717418,164687303,9383951303.46,9382235651.91,,,,58.734,61.565,60.983,60.278333333333336,61.64416666666666,65.0375,56.222,2020-09-25,-
2026-05-25,3009,中天火箭,航天航空,57.2,58.18,55.02,55.8,55.8,4350500,242757900.0,2.6417,,,否,,,,,,否,164717418,164687303,9191231924.4,9189551507.4,,,,57.674,60.35300000000001,60.754,60.214000000000006,61.4525,65.09291666666667,56.2926,2020-09-25,-
2026-05-26,3009,中天火箭,航天航空,55.5,55.5,52.93,53.8,53.8,3782800,203514640.0,2.297,,,否,,,,,,否,164717418,164687303,8861797088.4,8860176901.4,,,,56.35999999999999,59.213,60.484,60.10466666666667,61.2115,65.12383333333334,56.35768,2020-09-25,-
2026-05-27,3009,中天火箭,航天航空,53.98,54.8,51.73,52.35,52.35,3333400,174503490.0,2.0241,,,否,,,,,,否,164717418,164687303,8622956832.3,8621380312.05,,,,55.03399999999999,57.898,60.21,59.943666666666665,60.94733333333333,65.10091666666668,56.418,2020-09-25,-
2026-05-28,3009,中天火箭,航天航空,52.0,53.78,51.75,53.29,53.29,2933200,156310228.0,1.7811,,,否,,,,,,否,164717418,164687303,8777791205.22,8776186376.87,,,,54.44199999999999,56.988,59.8665,59.79666666666667,60.69716666666667,65.08291666666666,56.483160000000005,2020-09-25,-
2026-05-29,3009,中天火箭,航天航空,53.0,53.39,50.3,50.5,50.5,3237100,163473550.0,1.9656,,,否,,,,,,否,164717418,164687303,8318229609.0,8316708801.5,,,,53.148,55.941,59.49249999999999,59.517,60.28666666666667,65.05808333333333,56.535,2020-09-25,-
2026-06-01,3009,中天火箭,航天航空,50.45,51.34,49.88,50.83,50.83,2019400,102646102.0,1.2262,,,否,,,,,,否,164717418,164687303,8372586356.94,8371055611.49,,,,52.154,54.914,59.1135,59.231,59.95133333333333,64.99141666666667,56.58012,2020-09-25,-
2026-06-02,3009,中天火箭,航天航空,50.85,50.94,49.12,50.33,50.33,2326400,117087712.0,1.4126,,,否,,,,,,否,164717418,164687303,8290227647.94,8288711959.99,,,,51.46,53.91,58.62700000000001,58.94466666666666,59.539,64.90325,56.63016,2020-09-25,-
2026-06-03,3009,中天火箭,航天航空,50.32,52.4,50.01,51.3,51.3,3113900,159743070.0,1.8908,,,否,,,,,,否,164717418,164687303,8450003543.4,8448458643.9,,,,51.25,53.142,58.1275,58.70766666666667,59.16166666666667,64.83316666666667,56.68636,2020-09-25,-
2026-06-04,3009,中天火箭,航天航空,50.95,51.14,49.95,50.36,50.36,2015800,101515688.0,1.224,,,否,,,,,,否,164717418,164687303,8295169170.48,8293652579.08,,,,50.664,52.553,57.5245,58.31266666666667,58.802833333333325,64.75275,56.74016,2020-09-25,-
2026-06-05,3009,中天火箭,航天航空,50.79,55.4,50.39,55.4,55.4,6431300,356294020.0,3.9052,,,否,,,,,,否,164717418,164687303,9125344957.2,9123676586.2,,,,51.644000000000005,52.396,56.980500000000006,58.120666666666665,58.57449999999999,64.7095,56.8122,2020-09-25,-
2026-06-08,3009,中天火箭,航天航空,55.4,60.94,54.76,60.94,60.94,14146100,862063334.0,8.5897,,,否,,,,,,否,164717418,164687303,10037879452.92,10036044244.82,,,,53.666,52.91,56.6315,58.13933333333333,58.434333333333335,64.72183333333334,56.90552,2020-09-25,-
2026-06-09,3009,中天火箭,航天航空,62.0,62.0,57.51,59.13,59.13,11189100,661611483.0,6.7941,,,否,,,,,,否,164717418,164687303,9739740926.34,9737960226.39,,,,55.426,53.443,56.328,58.13700000000001,58.29466666666667,64.69416666666667,56.99544,2020-09-25,-
2026-06-10,3009,中天火箭,航天航空,57.25,60.7,55.0,56.87,56.87,10503000,597305610.0,6.3775,,,否,,,,,,否,164717418,164687303,9367479561.66,9365766921.61,,,,56.54,53.895,55.8965,58.105,58.17066666666666,64.65416666666667,57.07388,2020-09-25,-
2026-06-11,3009,中天火箭,航天航空,55.55,56.5,53.77,55.11,55.11,7178000,395579580.0,4.3586,,,否,,,,,,否,164717418,164687303,9077576905.98,9075917268.33,,,,57.49,54.077,55.53249999999999,57.93666666666668,58.0565,64.59266666666666,57.13036,2020-09-25,-
2026-06-12,3009,中天火箭,航天航空,55.56,60.62,55.51,60.62,60.62,5788800,350917056.0,3.515,,,否,,,,,,否,164717418,164687303,9985169879.16,9983344307.86,,,,58.534000000000006,55.089,55.51500000000001,58.02466666666667,58.03983333333333,64.584,57.19252,2020-09-25,-
2026-06-15,3009,中天火箭,航天航空,60.61,65.72,58.88,63.75,63.75,16920000,1078650000.0,10.274,,,否,,,,,,否,164717418,164687303,10500735397.5,10498815566.25,,,,59.096,56.38100000000001,55.6475,58.202666666666666,58.10183333333334,64.58783333333334,57.27452,2020-09-25,-
2026-06-16,3009,中天火箭,航天航空,62.61,62.61,60.85,60.88,60.88,10882700,662538776.0,6.6081,,,否,,,,,,否,164717418,164687303,10027996407.84,10026163006.64,,,,59.446000000000005,57.436,55.673,58.23,58.089666666666666,64.58616666666666,57.344240000000006,2020-09-25,-
2026-06-17,3009,中天火箭,航天航空,60.5,63.96,60.21,62.1,60.88,11220995,696823789.5,6.8135,,,否,,,,,,否,164717418,164687303,10228951657.8,10227081516.3,,,,60.49,58.52,55.83,58.26,58.12,64.57,57.42,2020-09-25,-
2026-06-18,3009,中天火箭,航天航空,61.0,61.5,58.16,60.28,62.1,8738000,526726640.0,5.3058,,,否,,,,,,否,164717418,164687303,9929165957.04,9927350624.84,,,,61.53,59.51,56.03,58.19,58.17,64.56,57.49,2020-09-25,-
2026-06-22,3009,中天火箭,航天航空,59.69,60.67,57.0,59.89,57.7,8709606,521618303.34,5.2886,,,否,,,,,,否,164717418,164687303,9864926164.02,9863122576.67,,,,60.17,59.63,56.27,57.63,58.3,64.55,57.63,2020-09-25,-
2026-06-23,3009,中天火箭,航天航空,58.41,59.6,57.33,57.7,59.89,5672092,327279708.4,3.4442,,,否,,,,,,否,164717418,164687303,9504195018.6,9502457383.1,,,,60.17,59.63,56.27,57.63,58.3,64.55,57.63,2020-09-25,-
2026-06-24,3009,中天火箭,航天航空,57.01,58.08,55.36,57.15,57.7,5732364,327604602.6,3.4808,,,否,,,,,,否,164717418,164687303,9413600438.7,9411879366.45,,,,59.42,59.44,56.44,57.36,58.3,64.51,57.69,2020-09-25,-
2026-06-25,3009,中天火箭,航天航空,56.58,56.7,53.43,53.82,57.15,7798439,419711986.98,4.7353,,,否,,,,,,否,164717418,164687303,8865091436.76,8863470647.46,,,,57.77,59.13,56.51,56.97,58.27,64.44,57.73,2020-09-25,-
2026-06-26,3009,中天火箭,航天航空,53.25,58.51,51.9,57.29,53.82,12002300,687611767.0,7.2879,,,否,,,,,,否,164717418,164687303,9436660877.22,9434935588.87,,,,57.17,59.35,56.71,56.8,58.28,64.42,57.79,2020-09-25,-
2026-06-29,3009,中天火箭,航天航空,56.2,56.2,53.5,54.51,57.29,7963400,434084934.0,4.8355,,,否,,,,,,否,164717418,164687303,8978746455.18,8977104886.53,,,,56.09,58.74,56.91,56.59,58.23,64.35,57.84,2020-09-25,-
2026-06-30,3009,中天火箭,航天航空,59.98,63.48,59.97,62.37,62.37,15592500,972504225.0,9.4679,,,否,,,,,,否,164717418,164687303,10273425360.66,10271547088.11,,,,58.07,58.75,58.09,56.7,58.39,64.23,57.99,2020-09-25,-
2026-07-01,003009,中天火箭,航天航空,59.98,63.48,59.97,62.37,62.37,15592500,972504225.00,9.4679,,,否,,,,,,否,164717418,164687303,10273425360.66,10271547088.11,,,,58.07,58.75,58.09,56.70,58.39,64.23,57.99,2020-09-25,-
2026-07-02,003009,中天火箭,航天航空,61.6,63.51,60.0,60.3,62.37,8886000,535825800.00,5.3957,,,否,,,,,,否,164717418,164687303,9932460305.40,9930644370.90,,,,59.37,58.57,58.54,56.74,58.46,64.16,58.06,2020-09-25,-
2026-07-03,003009,中天火箭,航天航空,61.29,63.79,60.6,62.52,60.3,10743700,671696124.00,6.5237,,,否,,,,,,否,164717418,164687303,10298132973.36,10296250183.56,,,,60.41,58.79,59.15,56.95,58.58,64.08,58.14,2020-09-25,-
2026-07-06,003009,中天火箭,航天航空,62.8,65.0,62.01,64.37,62.52,13899600,894717252.00,8.4400,,,否,,,,,,否,164717418,164687303,10602860196.66,10600921694.11,,,,62.39,59.24,59.60,57.20,58.74,63.96,58.22,2020-09-25,-
2026-07-07,003009,中天火箭,航天航空,62.0,62.0,57.93,57.93,64.37,9084600,526270878.00,5.5163,,,否,,,,,,否,164717418,164687303,9542080024.74,9540335462.79,,,,61.50,59.26,59.45,57.27,58.74,63.74,58.27,2020-09-25,-
2026-07-08,003009,中天火箭,航天航空,56.04,56.93,53.8,53.83,57.93,8642500,465225775.00,5.2478,,,否,,,,,,否,164717418,164687303,8866738610.94,8865117520.49,,,,59.79,58.93,59.18,57.27,58.69,63.42,58.29,2020-09-25,-
2026-07-09,003009,中天火箭,航天航空,53.88,55.54,52.35,55.13,53.83,7055200,388953176.00,4.2840,,,否,,,,,,否,164717418,164687303,9080871254.34,9079211014.39,,,,58.76,59.06,59.10,57.36,58.65,63.16,58.32,2020-09-25,-
2026-07-10,003009,中天火箭,航天航空,54.75,60.64,53.3,60.64,55.13,9765900,592204176.00,5.9300,,,否,,,,,,否,164717418,164687303,9988464227.52,9986638053.92,,,,58.38,59.40,59.37,57.61,58.70,62.93,58.36,2020-09-25,-
2026-07-13,003009,中天火箭,航天航空,61.62,63.86,55.55,60.85,60.64,17649000,1073941650.00,10.7167,,,否,,,,,,否,164717418,164687303,10023054885.30,10021222387.55,,,,57.68,60.03,59.38,57.95,58.73,62.67,58.41,2020-09-25,-
2026-07-14,003009,中天火箭,航天航空,59.55,59.9,54.77,56.5,60.85,10330400,583667600.00,6.2727,,,否,,,,,,否,164717418,164687303,9306534117.00,9304832619.50,,,,57.39,59.44,59.02,58.14,58.69,62.32,58.45,2020-09-25,-
2026-07-15,003009,中天火箭,航天航空,56.5,60.98,56.29,57.37,56.5,8746000,501758020.00,5.3107,,,否,,,,,,否,164717418,164687303,9449838270.66,9448110573.11,,,,58.10,58.94,58.85,58.38,58.66,62.06,58.49,2020-09-25,-
2026-07-16,003009,中天火箭,航天航空,54.5,57.59,54.01,55.45,57.37,6739900,373727455.00,4.0925,,,否,,,,,,否,164717418,164687303,9133580828.10,9131910951.35,,,,58.16,58.46,58.51,58.51,58.61,61.86,58.53,2020-09-25,-
2026-07-17,003009,中天火箭,航天航空,54.58,60.18,54.1,57.2,55.45,9944200,568808240.00,6.0382,,,否,,,,,,否,164717418,164687303,9421836309.60,9420113731.60,,,,57.47,57.93,58.36,58.74,58.53,61.70,58.57,2020-09-25,-
