日期,代码,名称,所属行业,开盘价,最高价,最低价,收盘价,前收盘价,成交量（股）,成交额（元）,换手率,涨幅%,振幅%,是否ST,量比,3日涨幅%,6日涨幅%,10日涨幅%,25日涨幅%,是否涨停,总股本（股）,流通股本（股）,总市值（元）,流通市值（元）,滚动市盈率,市净率,滚动市销率,5日线,10日线,20日线,30日线,60日线,120日线,250日线,上市时间,退市时间
2016-09-08,300543,朗科智能,消费电子,6.26,6.83,6.26,6.83,6.26,3500,112150.0,0.023333,44.005,12.03,否,,,,,,否,60000000,15000000,1945800000.0,486450000.0,28.411517,6.772469,2.364574,1.37,0.68,0.34,0.23,0.11,0.06,0.03,2016-09-08,-
2016-09-09,300543,朗科智能,消费电子,7.52,7.52,7.52,7.52,7.52,1000,35670.0,0.006667,9.991,0.0,否,0.29,,,,,是,60000000,15000000,2140200000.0,535050000.0,31.250041,7.449089,2.600813,2.87,1.44,0.72,0.48,0.24,0.12,0.06,2016-09-08,-
2016-09-12,300543,朗科智能,消费电子,8.27,8.27,8.27,8.27,8.27,1500,58860.0,0.01,10.008,0.0,否,0.17,,,,,是,60000000,15000000,2354400000.0,588600000.0,34.377673,8.194624,2.861113,4.52,2.26,1.13,0.75,0.38,0.19,0.09,2016-09-08,-
2016-09-13,300543,朗科智能,消费电子,9.09,9.09,9.09,9.09,9.09,1104,47648.0,0.00736,9.99,0.0,否,0.06,33.089,,,,是,60000000,15000000,2589600000.0,647400000.0,37.811936,9.013251,3.146932,6.34,3.17,1.59,1.06,0.53,0.26,0.13,2016-09-08,-
2016-09-14,300543,朗科智能,消费电子,10.01,10.01,10.01,10.01,10.01,1500,71220.0,0.01,10.009,0.0,否,0.05,33.112,,,,是,60000000,15000000,2848800000.0,712200000.0,41.596634,9.915412,3.461917,8.34,4.17,2.09,1.39,0.7,0.35,0.17,2016-09-08,-
2016-09-19,300543,朗科智能,消费电子,11.01,11.01,11.01,11.01,11.01,2000,104460.0,0.013333,10.004,0.0,否,1.16,33.132,,,,是,60000000,15000000,3133800000.0,783450000.0,45.75805,10.907371,3.808255,9.18,5.27,2.64,1.76,0.88,0.44,0.21,2016-09-08,-
2016-09-20,300543,朗科智能,消费电子,12.11,12.11,12.11,12.11,12.11,1500,86175.0,0.01,9.994,0.0,否,1.06,33.223,77.306,,,是,60000000,15000000,3447000000.0,861750000.0,50.331227,11.997481,4.188862,10.1,6.48,3.24,2.16,1.08,0.54,0.26,2016-09-08,-
2016-09-21,300543,朗科智能,消费电子,13.32,13.32,13.32,13.32,13.32,8700,549840.0,0.058,10.009,0.0,否,5.72,33.067,77.128,,,是,60000000,15000000,3792000000.0,948000000.0,55.36873,13.198274,4.608112,11.11,7.82,3.91,2.61,1.3,0.65,0.31,2016-09-08,-
2016-09-22,300543,朗科智能,消费电子,14.65,14.65,14.65,14.65,14.65,7000,486640.0,0.046667,10.0,0.0,否,2.36,33.061,77.146,,,是,60000000,15000000,4171200000.0,1042800000.0,60.905603,14.518101,5.068924,12.22,9.28,4.64,3.09,1.55,0.77,0.37,2016-09-08,-
2016-09-23,300543,朗科智能,消费电子,16.11,16.11,16.11,16.11,16.11,10500,802935.0,0.07,9.997,0.0,否,2.54,33.031,77.228,,,是,60000000,15000000,4588200000.0,1147050000.0,66.994411,15.969493,5.57567,13.44,10.89,5.45,3.63,1.82,0.91,0.44,2016-09-08,-
2016-09-26,300543,朗科智能,消费电子,17.73,17.73,17.73,17.73,17.73,35863,3016795.0,0.239087,10.004,0.0,否,6.04,33.108,77.123,159.59,,是,60000000,15000000,5047200000.0,1261800000.0,73.69648,17.567069,6.133456,14.78,11.98,6.33,4.22,2.11,1.06,0.51,2016-09-08,-
2016-09-27,300543,朗科智能,消费电子,19.5,19.5,19.5,19.5,19.5,97576,9028707.0,0.650507,9.998,0.0,否,7.68,33.106,77.112,159.309,,是,60000000,15000000,5551800000.0,1387950000.0,81.064376,19.323358,6.746656,16.26,13.18,7.31,4.87,2.44,1.22,0.58,2016-09-08,-
2016-09-28,300543,朗科智能,消费电子,21.45,21.45,21.45,21.45,21.45,408204,41547003.0,2.72136,9.997,0.0,否,12.79,33.147,77.126,159.371,,是,60000000,15000000,6106800000.0,1526700000.0,89.168185,21.255068,7.421102,17.89,14.5,8.38,5.59,2.79,1.4,0.67,2016-09-08,-
2016-09-29,300543,朗科智能,消费电子,23.15,23.58,21.83,22.97,21.83,9491798,1022494176.0,63.278653,7.084,8.15,否,84.88,29.554,72.447,152.695,,否,60000000,15000000,6539400000.0,1634850000.0,95.484776,22.760757,7.946806,19.55,15.89,9.53,6.35,3.18,1.59,0.76,2016-09-08,-
2016-09-30,300543,朗科智能,消费电子,22.34,24.58,22.34,23.71,22.34,6477240,721118000.0,43.1816,3.23,9.75,否,3.22,21.59,61.843,136.863,,否,60000000,15000000,6750600000.0,1687650000.0,98.568604,23.495851,8.203461,21.07,17.26,10.71,7.14,3.57,1.79,0.86,2016-09-08,-
2016-10-10,300543,朗科智能,消费电子,23.9,26.08,23.81,26.08,23.81,4662764,551928624.0,31.085093,9.999,9.55,否,1.41,21.585,61.887,136.876,,是,60000000,15000000,7425600000.0,1856400000.0,108.424588,25.845227,9.023734,22.74,18.76,12.02,8.01,4.01,2.0,0.96,2016-09-08,-
2016-10-11,300543,朗科智能,消费电子,26.86,28.17,26.34,27.39,26.34,6170135,796029168.0,41.134233,5.01,7.0,否,1.46,19.242,54.484,126.177,,否,60000000,15000000,7797600000.0,1949400000.0,113.856331,27.139994,9.475796,24.32,20.29,13.39,8.93,4.46,2.23,1.07,2016-09-08,-
2016-10-12,300543,朗科智能,消费电子,26.89,27.54,26.4,27.04,26.4,4603320,590074992.0,30.6888,-1.277,4.16,否,0.85,14.045,38.667,103.003,,否,60000000,15000000,7698000000.0,1924500000.0,112.402026,26.793331,9.35476,25.44,21.66,14.74,9.83,4.91,2.46,1.18,2016-09-08,-
2016-10-13,300543,朗科智能,消费电子,26.97,28.42,26.93,27.29,26.93,4741219,621207744.0,31.608127,0.935,5.52,否,0.75,4.64,27.226,86.28,,否,60000000,15000000,7770000000.0,1942500000.0,113.453331,27.043931,9.442255,26.3,22.93,16.1,10.74,5.37,2.68,1.29,2016-09-08,-
2016-10-14,300543,朗科智能,消费电子,26.76,28.15,26.37,28.05,26.37,4221308,549451328.0,28.142053,2.78,6.53,否,0.79,2.41,22.116,74.115,,否,60000000,15000000,7986000000.0,1996500000.0,116.607246,27.795731,9.704743,27.17,24.12,17.51,11.67,5.84,2.92,1.4,2016-09-08,-
2016-10-17,300543,朗科智能,消费电子,27.91,28.66,27.22,27.53,27.22,3312473,436507008.0,22.083153,-1.856,5.12,否,0.68,1.812,16.111,55.274,,否,60000000,15000000,7837800000.0,1959450000.0,114.44331,27.279913,9.524647,27.46,25.1,18.54,12.59,6.29,3.15,1.51,2016-09-08,-
2016-10-18,300543,朗科智能,消费电子,27.35,28.49,26.89,28.44,26.89,4239731,554464800.0,28.264873,3.33,5.8,否,0.92,4.214,9.049,45.846,,否,60000000,15000000,8098800000.0,2024700000.0,118.25429,28.188338,9.84182,27.67,26.0,19.59,13.54,6.77,3.38,1.62,2016-09-08,-
2016-10-19,300543,朗科智能,消费电子,28.31,29.49,28.26,28.65,28.26,4723128,645039680.0,31.48752,0.711,4.33,否,1.12,2.139,4.6,33.566,,否,60000000,15000000,8156400000.0,2039100000.0,119.095334,28.388818,9.911816,27.99,26.72,20.61,14.49,7.25,3.62,1.74,2016-09-08,-
2016-10-20,300543,朗科智能,消费电子,28.65,28.97,27.51,27.73,27.51,3530754,471265824.0,23.53836,-3.193,5.11,否,0.83,0.726,2.552,20.723,,否,60000000,15000000,7896000000.0,1974000000.0,115.293114,27.482481,9.595373,28.08,27.19,21.54,15.42,7.71,3.85,1.85,2016-09-08,-
2016-10-21,300543,朗科智能,消费电子,27.61,28.03,27.04,27.42,27.04,3199010,417633856.0,21.326733,-1.14,3.58,否,0.8,-3.586,0.476,15.647,,否,60000000,15000000,7806000000.0,1951500000.0,113.978983,27.169231,9.486003,27.95,27.56,22.41,16.33,8.17,4.08,1.96,2016-09-08,-
2016-10-24,300543,朗科智能,消费电子,27.16,27.58,26.59,27.28,26.59,2370032,304572224.0,15.800213,-0.477,3.61,否,0.62,-4.782,-2.745,4.601,299.414,否,60000000,15000000,7768800000.0,1942200000.0,113.435809,27.039754,9.440797,27.9,27.68,23.22,17.24,8.62,4.31,2.07,2016-09-08,-
2016-10-25,300543,朗科智能,消费电子,27.3,28.89,27.29,27.9,27.29,3213353,428697008.0,21.422353,2.255,5.87,否,0.89,0.613,1.344,1.862,271.011,否,60000000,15000000,7944000000.0,1986000000.0,115.993984,27.649548,9.653704,27.8,27.73,24.01,18.17,9.08,4.54,2.18,2016-09-08,-
2016-10-26,300543,朗科智能,消费电子,27.82,28.44,27.1,28.11,27.1,2500053,328675312.0,16.66702,0.74,4.8,否,0.73,2.516,-1.16,3.957,239.903,否,60000000,15000000,8002800000.0,2000700000.0,116.85255,27.854205,9.725159,27.69,27.84,24.75,19.11,9.55,4.78,2.29,2016-09-08,-
2016-10-27,300543,朗科智能,消费电子,27.84,29.74,27.84,29.52,27.84,3543568,483135328.0,23.623787,5.046,6.79,否,1.2,8.211,3.037,8.171,224.752,否,60000000,15000000,8406600000.0,2101650000.0,122.748619,29.259654,10.215864,28.05,28.06,25.5,20.09,10.05,5.02,2.41,2016-09-08,-
2016-10-28,300543,朗科智能,消费电子,29.01,29.49,27.93,28.0,27.93,3494185,478219520.0,23.294567,-5.16,5.28,否,1.18,0.358,0.974,-0.178,179.72,否,60000000,15000000,7972800000.0,1993200000.0,111.736418,13.375184,9.240311,28.16,28.06,26.09,21.02,10.51,5.26,2.52,2016-09-08,-
2016-10-31,300543,朗科智能,消费电子,27.5,28.18,27.18,27.79,27.18,2061354,270350576.0,13.74236,-0.745,3.56,否,0.68,-1.138,1.349,0.944,152.407,否,60000000,15000000,7913400000.0,1978350000.0,110.903944,13.275535,9.171468,28.26,28.08,26.59,21.72,10.98,5.49,2.63,2016-09-08,-
2016-11-01,300543,朗科智能,消费电子,27.94,28.99,27.94,28.76,27.94,2495055,337529536.0,16.6337,3.495,3.79,否,0.84,-2.575,5.425,1.125,137.49,否,60000000,15000000,8190000000.0,2047500000.0,114.780411,13.739559,9.492042,28.44,28.12,27.06,22.43,11.45,5.73,2.75,2016-09-08,-
2016-11-02,300543,朗科智能,消费电子,28.84,29.47,28.59,28.76,28.59,2648957,364004496.0,17.659713,0.0,3.08,否,0.94,2.714,3.082,0.384,115.916,否,60000000,15000000,8190000000.0,2047500000.0,114.780411,13.739559,9.492042,28.57,28.13,27.42,23.11,11.93,5.97,2.86,2016-09-08,-
2016-11-03,300543,朗科智能,消费电子,28.45,29.17,27.71,27.88,27.71,3417925,462930976.0,22.786167,-3.077,5.07,否,1.2,0.324,-0.818,0.541,90.307,否,60000000,15000000,7938000000.0,1984500000.0,111.248706,13.316804,9.199979,28.24,28.14,27.67,23.74,12.4,6.2,2.98,2016-09-08,-
2016-11-04,300543,朗科智能,消费电子,27.53,28.34,27.51,28.11,27.51,2051540,272140896.0,13.676933,0.816,3.0,否,0.73,-2.26,-4.776,2.516,74.488,否,60000000,15000000,8002800000.0,2000700000.0,112.156859,13.425512,9.275081,28.26,28.21,27.89,24.34,12.87,6.43,3.09,2016-09-08,-
2016-11-07,300543,朗科智能,消费电子,28.0,28.45,27.71,27.79,27.71,1376400,183104558.0,9.176,-1.132,2.62,否,0.54,-3.373,-0.75,1.87,56.74,否,60000000,15000000,7912200000.0,1978050000.0,110.887127,13.273522,9.170077,28.26,28.26,27.97,24.9,13.33,6.67,3.2,2016-09-08,-
2016-11-08,300543,朗科智能,消费电子,27.92,28.01,27.49,27.75,27.49,1106951,145511942.0,7.379673,-0.121,1.87,否,0.46,-0.466,-0.144,-0.538,42.308,否,60000000,15000000,7902600000.0,1975650000.0,110.752585,13.257417,9.158951,28.06,28.25,27.99,25.42,13.79,6.9,3.31,2016-09-08,-
2016-11-09,300543,朗科智能,消费电子,27.75,28.83,27.58,28.31,27.58,2704873,362373232.0,18.032487,2.004,4.49,否,1.28,0.711,-1.565,0.711,31.981,否,60000000,15000000,8061000000.0,2015250000.0,112.972514,13.523149,9.342533,27.97,28.27,28.05,25.92,14.26,7.13,3.42,2016-09-08,-
2016-11-10,300543,朗科智能,消费电子,28.66,31.12,28.27,30.95,28.27,3823286,537909648.0,25.488573,9.311,10.09,否,1.79,11.371,7.615,4.844,34.741,否,60000000,15000000,8811600000.0,2202900000.0,123.49195,14.782357,10.212463,28.58,28.41,28.24,26.47,14.78,7.39,3.55,2016-09-08,-
2016-11-11,300543,朗科智能,消费电子,30.45,31.04,29.85,30.4,29.85,2720635,392813824.0,18.137567,-1.764,3.86,否,1.23,9.55,9.039,8.571,28.216,否,60000000,15000000,8656200000.0,2164050000.0,121.314065,14.521657,10.032358,29.04,28.65,28.35,26.94,15.29,7.64,3.67,2016-09-08,-
2016-11-14,300543,朗科智能,消费电子,30.11,31.67,30.07,31.18,30.07,2545944,376300176.0,16.97296,2.572,5.27,否,1.09,10.138,10.921,12.199,19.555,否,60000000,15000000,8878800000.0,2219700000.0,124.433738,14.895092,10.290347,29.72,28.99,28.54,27.39,15.81,7.9,3.79,2016-09-08,-
2016-11-15,300543,朗科智能,消费电子,30.83,31.08,29.56,29.89,29.56,2203965,314239296.0,14.6931,-4.142,4.87,否,0.85,-3.425,7.557,3.929,9.127,否,60000000,15000000,8511000000.0,2127750000.0,119.27913,14.27807,9.864074,30.15,29.1,28.61,27.74,16.3,8.15,3.91,2016-09-08,-
2016-11-16,300543,朗科智能,消费电子,30.03,30.05,29.08,29.08,29.08,1398000,195422409.0,9.32,-2.714,3.24,否,0.5,-4.342,4.793,1.113,7.544,否,60000000,15000000,8280000000.0,2070000000.0,116.041734,13.890544,9.59635,30.3,29.13,28.63,27.99,16.79,8.39,4.03,2016-09-08,-
2016-11-17,300543,朗科智能,消费电子,28.72,29.41,28.22,28.24,28.22,1558501,213101295.0,10.390007,-2.899,4.12,否,0.61,-9.429,-0.247,1.291,3.481,否,60000000,15000000,8040000000.0,2010000000.0,112.678206,13.487919,9.318195,29.76,29.17,28.66,28.17,17.26,8.63,4.14,2016-09-08,-
2016-11-18,300543,朗科智能,消费电子,28.62,29.69,28.55,28.97,28.55,1903158,263688891.0,12.68772,2.59,4.03,否,0.91,-3.078,-6.397,3.059,3.28,否,60000000,15000000,8248200000.0,2062050000.0,115.596067,13.837196,9.559494,29.47,29.26,28.73,28.34,17.74,8.87,4.26,2016-09-08,-
2016-11-21,300543,朗科智能,消费电子,28.98,29.88,28.52,29.82,28.52,2163786,301036128.0,14.42524,2.932,4.68,否,1.13,2.545,-1.908,7.305,8.318,否,60000000,15000000,8490000000.0,2122500000.0,118.984822,14.24284,9.839736,29.2,29.46,28.86,28.47,18.24,9.12,4.38,2016-09-08,-
2016-11-22,300543,朗科智能,消费电子,30.66,32.8,30.66,31.5,30.66,4611848,700776160.0,30.745653,5.654,7.17,否,2.5,11.544,1.026,13.514,10.759,否,60000000,15000000,8970000000.0,2242500000.0,125.711879,15.048089,10.396046,29.52,29.83,29.04,28.6,18.76,9.38,4.5,2016-09-08,-
2016-11-23,300543,朗科智能,消费电子,31.18,33.48,30.88,32.53,30.88,3815420,583118352.0,25.436133,3.271,8.27,否,1.64,12.289,8.832,14.906,13.543,否,60000000,15000000,9263400000.0,2315850000.0,129.823792,15.540297,10.73609,30.21,30.26,29.26,28.79,19.31,9.65,4.63,2016-09-08,-
2016-11-24,300543,朗科智能,消费电子,32.12,32.53,31.33,31.65,31.33,2280550,344261200.0,15.203667,-2.707,3.7,否,0.81,6.137,8.838,2.262,14.136,否,60000000,15000000,9012600000.0,2253150000.0,126.308905,15.119555,10.445418,30.89,30.33,29.37,28.93,19.83,9.92,4.76,2016-09-08,-
2016-11-25,300543,朗科智能,消费电子,31.4,34.82,30.77,34.5,30.77,3501357,547838816.0,23.34238,8.981,12.8,否,1.18,9.524,22.167,13.487,25.821,否,60000000,15000000,9822000000.0,2455500000.0,137.652405,16.477406,11.383496,32.0,30.74,29.69,29.15,20.41,10.2,4.9,2016-09-08,-
2016-11-28,300543,朗科智能,消费电子,33.82,35.17,33.05,33.09,33.05,2865936,461855840.0,19.10624,-4.062,6.12,否,0.88,1.721,14.222,6.126,21.298,否,60000000,15000000,9423000000.0,2355750000.0,132.060539,15.808043,10.921063,32.65,30.93,29.96,29.33,20.96,10.48,5.03,2016-09-08,-
2016-11-29,300543,朗科智能,消费电子,33.29,34.24,32.71,32.84,32.71,2207576,351160016.0,14.717173,-0.77,4.63,否,0.65,3.76,10.127,9.87,17.706,否,60000000,15000000,9350400000.0,2337600000.0,131.043071,15.686249,10.836921,32.92,31.22,30.16,29.48,21.51,10.75,5.16,2016-09-08,-
2016-11-30,300543,朗科智能,消费电子,32.66,34.28,32.35,33.54,32.35,2173950,345407184.0,14.493,2.124,5.88,否,0.74,-2.783,6.476,15.337,19.317,否,60000000,15000000,9549000000.0,2387250000.0,133.826391,16.01942,11.067095,33.12,31.67,30.4,29.64,22.07,11.03,5.3,2016-09-08,-
2016-12-01,300543,朗科智能,消费电子,33.35,33.61,32.41,32.66,32.41,2177571,340764304.0,14.51714,-2.608,3.58,否,0.84,-1.299,0.4,15.652,10.637,否,60000000,15000000,9300000000.0,2325000000.0,130.33673,15.601697,10.778509,33.33,32.11,30.64,29.81,22.61,11.31,5.43,2016-09-08,-
2016-12-02,300543,朗科智能,消费电子,32.88,33.14,30.79,31.19,30.79,2066672,312059056.0,13.777813,-4.516,7.21,否,0.8,-5.024,-1.453,7.663,11.393,否,60000000,15000000,8880000000.0,2220000000.0,124.450555,14.897105,10.291738,32.66,32.33,30.79,29.93,23.13,11.57,5.55,2016-09-08,-
2016-12-05,300543,朗科智能,消费电子,30.56,31.6,30.03,30.87,30.03,1729256,252577881.0,11.528373,-1.02,5.03,否,0.75,-7.961,-10.522,3.521,11.083,否,60000000,15000000,8789400000.0,2197350000.0,123.180823,14.745114,10.186734,32.22,32.44,30.95,30.05,23.65,11.82,5.68,2016-09-08,-
2016-12-06,300543,朗科智能,消费电子,30.77,31.25,30.37,30.62,30.37,999100,146095448.0,6.660667,-0.799,2.85,否,0.48,-6.246,-7.464,-2.794,6.467,否,60000000,15000000,8719200000.0,2179800000.0,122.196991,14.627346,10.105374,31.78,32.35,31.09,30.14,24.16,12.08,5.8,2016-09-08,-
2016-12-07,300543,朗科智能,消费电子,30.56,30.76,29.5,30.72,29.5,1730124,247503134.0,11.53416,0.33,4.12,否,0.95,-1.507,-6.456,-5.564,6.815,否,60000000,15000000,8748000000.0,2187000000.0,122.600615,14.675661,10.138752,31.21,32.17,31.21,30.23,24.67,12.33,5.92,2016-09-08,-
2016-12-08,300543,朗科智能,消费电子,30.55,30.72,29.11,29.22,29.11,1552207,220245991.0,10.348047,-4.904,5.25,否,0.89,-5.345,-12.88,-7.678,4.806,否,60000000,15000000,8319000000.0,2079750000.0,116.588307,13.95597,9.64155,30.52,31.93,31.13,30.22,25.16,12.58,6.04,2016-09-08,-
2016-12-09,300543,朗科智能,消费电子,28.83,29.04,27.92,27.92,27.92,1603249,216929229.0,10.688327,-4.428,3.82,否,0.99,-8.818,-14.513,-19.072,-0.676,否,60000000,15000000,7950600000.0,1987650000.0,111.425291,13.337942,9.214582,29.87,31.27,31.0,30.22,25.62,12.81,6.15,2016-09-08,-
2016-12-12,300543,朗科智能,消费电子,27.95,27.95,25.13,25.13,25.13,2466396,305912496.0,16.44264,-9.999,10.1,否,1.62,-18.197,-19.429,-24.056,-9.572,否,60000000,15000000,7155600000.0,1788900000.0,100.283603,12.004248,8.293193,28.72,30.47,30.7,30.13,25.93,13.02,6.25,2016-09-08,-
2016-12-13,300543,朗科智能,消费电子,24.44,25.37,24.02,24.86,24.02,1610256,189255820.0,10.73504,-1.065,5.37,否,0.96,-14.921,-19.469,-24.3,-10.414,否,60000000,15000000,7079400000.0,1769850000.0,99.215683,11.876415,8.204879,27.57,29.67,30.45,30.0,26.21,13.23,6.35,2016-09-08,-
2016-12-14,300543,朗科智能,消费电子,24.72,24.99,24.21,24.34,24.21,1213200,141441391.0,8.088,-2.119,3.14,否,0.68,-12.822,-20.509,-27.43,-14.023,否,60000000,15000000,6929400000.0,1732350000.0,97.113477,11.624774,8.031032,26.29,28.75,30.21,29.85,26.48,13.43,6.45,2016-09-08,-
2016-12-15,300543,朗科智能,消费电子,24.31,26.02,24.21,25.29,24.21,1973748,237209376.0,13.15832,3.905,7.45,否,1.17,0.637,-17.676,-22.566,-18.288,否,60000000,15000000,7200000000.0,1800000000.0,100.905856,12.078734,8.344652,25.51,28.02,30.06,29.77,26.75,13.64,6.55,2016-09-08,-
2016-12-16,300543,朗科智能,消费电子,25.35,25.43,24.99,25.37,24.99,1068405,127804825.0,7.1227,0.325,1.74,否,0.6,2.051,-13.176,-18.66,-16.546,否,60000000,15000000,7223400000.0,1805850000.0,101.2338,12.117989,8.371772,25.0,27.43,29.88,29.67,27.01,13.85,6.65,2016-09-08,-
2016-12-19,300543,朗科智能,消费电子,25.27,25.27,24.44,24.72,24.44,808499,95369816.0,5.389993,-2.567,3.24,否,0.49,1.561,-11.461,-19.922,-20.718,否,60000000,15000000,7038000000.0,1759500000.0,98.635474,11.806962,8.156897,24.92,26.82,29.63,29.57,27.24,14.06,6.75,2016-09-08,-
2016-12-20,300543,朗科智能,消费电子,24.66,25.26,24.66,24.98,24.66,855148,101438858.0,5.700987,1.066,2.43,否,0.64,-1.226,-0.597,-18.419,-16.427,否,60000000,15000000,7113000000.0,1778250000.0,99.686577,11.932782,8.243821,24.94,26.26,29.3,29.48,27.45,14.27,6.85,2016-09-08,-
2016-12-21,300543,朗科智能,消费电子,24.93,25.25,24.44,25.1,24.44,1101907,130131470.0,7.346047,0.464,3.21,否,0.93,-1.064,0.965,-18.294,-13.686,否,60000000,15000000,7146000000.0,1786500000.0,100.149062,11.988143,8.282067,25.09,25.69,28.93,29.37,27.65,14.48,6.95,2016-09-08,-
2016-12-22,300543,朗科智能,消费电子,24.91,25.41,24.68,25.28,24.68,922508,109818834.0,6.150053,0.714,2.89,否,0.79,2.265,3.862,-13.484,-10.482,否,60000000,15000000,7197000000.0,1799250000.0,100.863812,12.073701,8.341175,25.09,25.3,28.61,29.18,27.83,14.69,7.05,2016-09-08,-
2016-12-23,300543,朗科智能,消费电子,25.28,25.28,23.74,23.79,23.74,1453500,168596384.0,9.69,-5.894,6.06,否,1.53,-4.764,-5.931,-14.792,-17.881,否,60000000,15000000,6772800000.0,1693200000.0,94.918775,11.362062,7.849536,24.77,24.89,28.08,28.96,27.95,14.88,7.14,2016-09-08,-
2016-12-26,300543,朗科智能,消费电子,23.52,24.0,22.83,23.88,22.83,898923,99916063.0,5.99282,0.372,4.93,否,0.87,-4.861,-5.873,-4.974,-19.92,否,60000000,15000000,6798000000.0,1699500000.0,95.271945,11.404338,7.878742,24.61,24.76,27.62,28.72,28.06,15.08,7.24,2016-09-08,-
2016-12-27,300543,朗科智能,消费电子,23.81,24.28,23.63,23.89,23.63,691499,78555860.0,4.609993,0.053,2.72,否,0.66,-5.498,-3.358,-3.902,-24.159,否,60000000,15000000,6801600000.0,1700400000.0,95.322398,11.410377,7.882915,24.39,24.66,27.17,28.52,28.13,15.28,7.34,2016-09-08,-
2016-12-28,300543,朗科智能,消费电子,24.84,26.28,24.46,24.9,24.46,2946768,354561984.0,19.64512,4.252,7.62,否,2.91,4.666,-0.32,2.301,-23.455,否,60000000,15000000,7090800000.0,1772700000.0,99.37545,11.895539,8.218091,24.35,24.72,26.74,28.38,28.19,15.49,7.44,2016-09-08,-
2016-12-29,300543,朗科智能,消费电子,24.87,24.87,24.15,24.22,24.15,1151314,133462010.0,7.675427,-2.733,2.88,否,0.83,1.424,-3.506,-4.231,-23.476,否,60000000,15000000,6897000000.0,1724250000.0,96.659401,11.57042,7.993481,24.14,24.61,26.31,28.25,28.21,15.69,7.53,2016-09-08,-
2016-12-30,300543,朗科智能,消费电子,24.05,24.4,23.56,23.65,23.56,972779,110694752.0,6.485193,-2.349,3.5,否,0.68,-1.005,-6.448,-6.78,-31.449,否,60000000,15000000,6735000000.0,1683750000.0,94.389019,11.298649,7.805727,24.11,24.44,25.94,28.07,28.21,15.89,7.63,2016-09-08,-
2017-01-03,300543,朗科智能,消费电子,23.81,24.19,23.67,24.12,23.67,754276,85869615.0,5.028507,1.96,2.22,否,0.57,-3.133,1.387,-2.427,-27.108,否,60000000,15000000,6867000000.0,1716750000.0,96.23896,11.520092,7.958712,24.16,24.38,25.6,27.88,28.17,16.09,7.72,2016-09-08,-
2017-01-04,300543,朗科智能,消费电子,24.09,24.62,24.02,24.46,24.02,1028970,119112692.0,6.8598,1.407,2.46,否,0.79,0.991,2.429,-2.082,-25.518,否,60000000,15000000,6963600000.0,1740900000.0,97.59278,11.682148,8.070669,24.27,24.33,25.29,27.64,28.12,16.29,7.82,2016-09-08,-
2017-01-05,300543,朗科智能,消费电子,24.57,24.74,23.6,23.66,23.6,1053015,121010832.0,7.0201,-3.24,4.65,否,0.77,0.042,-0.963,-5.737,-29.457,否,60000000,15000000,6738000000.0,1684500000.0,94.431063,11.303681,7.809204,24.02,24.19,24.94,27.35,28.07,16.49,7.92,2016-09-08,-
2017-01-06,300543,朗科智能,消费电子,23.18,23.58,21.64,21.7,21.64,1822117,194338579.0,12.147447,-8.281,8.19,否,1.84,-10.033,-12.851,-14.161,-33.558,否,60000000,15000000,6180000000.0,1545000000.0,86.610859,10.36758,7.162493,23.52,23.83,24.56,27.02,27.98,16.67,8.0,2016-09-08,-
2017-01-09,300543,朗科智能,消费电子,21.24,21.54,20.82,21.13,20.82,1113167,111447349.0,7.421113,-2.67,3.28,否,0.99,-13.614,-12.758,-11.181,-32.254,否,60000000,15000000,6015000000.0,1503750000.0,84.298434,10.090775,6.971261,23.01,23.56,24.22,26.57,27.86,16.85,8.09,2016-09-08,-
2017-01-10,300543,朗科智能,消费电子,21.18,21.62,20.9,20.96,20.9,828788,83658894.0,5.525253,-0.798,3.39,否,0.72,-11.412,-11.374,-12.228,-32.102,否,60000000,15000000,5967000000.0,1491750000.0,83.625728,10.01025,6.91563,22.38,23.27,24.02,26.17,27.75,17.02,8.17,2016-09-08,-
2017-01-11,300543,朗科智能,消费电子,20.89,20.97,20.41,20.41,20.41,991189,96608660.0,6.607927,-2.604,2.65,否,0.85,-5.945,-15.381,-14.567,-33.344,否,60000000,15000000,5811600000.0,1452900000.0,81.447843,9.749551,6.735525,21.57,22.92,23.79,25.75,27.62,17.19,8.25,2016-09-08,-
2017-01-12,300543,朗科智能,消费电子,20.42,21.02,20.42,20.5,20.42,959800,94067223.0,6.398667,0.454,2.95,否,0.83,-2.982,-16.19,-17.671,-33.268,否,60000000,15000000,5838000000.0,1459500000.0,81.817831,9.79384,6.766122,20.94,22.48,23.6,25.32,27.48,17.36,8.33,2016-09-08,-
2017-01-13,300543,朗科智能,消费电子,20.5,20.55,19.28,19.37,19.28,1190242,111601091.0,7.934947,-5.55,6.16,否,1.04,-7.586,-18.132,-20.025,-33.71,否,60000000,15000000,5514000000.0,1378500000.0,77.277068,9.250297,6.390613,20.47,22.0,23.3,24.88,27.34,17.52,8.41,2016-09-08,-
2017-01-16,300543,朗科智能,消费电子,19.05,19.05,17.45,18.01,17.45,1382730,120293501.0,9.2182,-6.986,8.26,否,1.36,-11.759,-17.005,-23.848,-35.494,否,60000000,15000000,5128800000.0,1282200000.0,71.878605,8.604085,5.944174,19.85,21.43,22.94,24.44,27.18,17.67,8.48,2016-09-08,-
2017-01-17,300543,朗科智能,消费电子,17.87,19.17,17.28,18.59,17.28,1614038,140116855.0,10.760253,3.182,10.48,否,1.51,-9.317,-12.021,-22.927,-26.025,否,60000000,15000000,5292000000.0,1323000000.0,74.165804,8.877869,6.133319,19.38,20.88,22.63,24.03,27.04,17.83,8.56,2016-09-08,-
2017-01-18,300543,朗科智能,消费电子,18.33,18.38,17.81,17.82,17.81,954000,81938108.0,6.36,-4.104,3.04,否,0.78,-8.002,-14.981,-27.146,-28.319,否,60000000,15000000,5074800000.0,1268700000.0,71.121811,8.513494,5.881589,18.86,20.22,22.27,23.6,26.87,17.98,8.63,2016-09-08,-
2017-01-19,300543,朗科智能,消费电子,17.68,18.65,17.28,18.25,17.28,1470220,126684487.0,9.801467,2.388,7.69,否,1.2,1.333,-10.583,-22.866,-25.021,否,60000000,15000000,5196000000.0,1299000000.0,72.820393,8.716819,6.022057,18.41,19.67,21.93,23.18,26.71,18.13,8.7,2016-09-08,-
2017-01-20,300543,朗科智能,消费电子,17.91,19.49,17.83,19.14,17.83,1636821,147260619.0,10.91214,4.873,9.15,否,1.24,2.959,-6.634,-11.797,-24.318,否,60000000,15000000,5449200000.0,1362300000.0,76.368915,9.141588,6.315511,18.36,19.42,21.62,22.85,26.53,18.29,8.78,2016-09-08,-
2017-01-23,300543,朗科智能,消费电子,18.97,19.77,18.97,19.45,18.97,1473406,135135847.0,9.822707,1.619,4.17,否,1.04,9.147,0.413,-7.951,-23.335,否,60000000,15000000,5537400000.0,1384350000.0,77.605012,9.289553,6.417733,18.65,19.25,21.41,22.57,26.39,18.45,8.86,2016-09-08,-
2017-01-24,300543,朗科智能,消费电子,19.37,19.45,18.82,18.88,18.82,946900,85642733.0,6.312667,-2.915,3.23,否,0.66,3.452,4.831,-9.924,-23.625,否,60000000,15000000,5376000000.0,1344000000.0,75.343039,9.018788,6.230674,18.71,19.04,21.16,22.36,26.24,18.61,8.93,2016-09-08,-
2017-01-25,300543,朗科智能,消费电子,18.81,20.56,18.75,20.04,18.75,1803436,169037259.0,12.022907,6.161,9.58,否,1.39,4.702,7.8,-1.813,-19.776,否,60000000,15000000,5707200000.0,1426800000.0,79.984708,9.574409,6.614528,19.15,19.01,20.96,22.2,26.1,18.78,9.01,2016-09-08,-
2017-01-26,300543,朗科智能,消费电子,19.96,20.23,19.61,19.98,19.61,1022000,96389497.0,6.813333,-0.315,3.09,否,0.7,2.725,12.121,-2.537,-20.398,否,60000000,15000000,5689200000.0,1422300000.0,79.732444,9.544213,6.593666,19.5,18.95,20.72,22.05,25.95,18.94,9.09,2016-09-08,-
2017-02-03,300543,朗科智能,消费电子,19.97,20.1,19.26,19.26,19.26,811400,75845406.0,5.409333,-3.596,4.22,否,0.59,2.013,5.534,-0.568,-23.813,否,60000000,15000000,5484600000.0,1371150000.0,76.865036,9.200975,6.356539,19.52,18.94,20.47,21.85,25.81,19.1,9.17,2016-09-08,-
2017-02-06,300543,朗科智能,消费电子,19.37,19.93,19.37,19.91,19.37,857001,79955427.0,5.71334,3.358,2.93,否,0.71,-0.649,4.023,10.55,-16.309,否,60000000,15000000,5668800000.0,1417200000.0,79.446544,9.50999,6.570023,19.61,19.13,20.28,21.67,25.67,19.27,9.25,2016-09-08,-
2017-02-07,300543,朗科智能,消费电子,19.82,19.88,19.39,19.57,19.39,825982,76718544.0,5.506547,-1.693,2.5,否,0.76,-2.052,0.617,5.272,-18.049,否,60000000,15000000,5572800000.0,1393200000.0,78.101132,9.34894,6.458761,19.75,19.23,20.05,21.5,25.53,19.43,9.33,2016-09-08,-
2017-02-08,300543,朗科智能,消费电子,19.55,19.91,19.26,19.85,19.26,902936,83980322.0,6.019573,1.421,3.34,否,0.85,3.063,5.138,11.392,-16.911,否,60000000,15000000,5652000000.0,1413000000.0,79.211097,9.481806,6.550552,19.71,19.43,19.82,21.33,25.4,19.6,9.41,2016-09-08,-
2017-02-09,300543,朗科智能,消费电子,19.77,20.48,19.75,20.03,19.75,1319037,125895887.0,8.79358,0.881,3.69,否,1.49,0.603,-0.05,9.753,-19.558,否,60000000,15000000,5701800000.0,1425450000.0,79.909029,9.56535,6.608269,19.72,19.61,19.64,21.16,25.26,19.76,9.49,2016-09-08,-
2017-02-10,300543,朗科智能,消费电子,19.96,20.05,19.2,19.24,19.2,1376850,127601248.0,9.179,-3.915,4.24,否,1.46,-1.686,-3.704,0.522,-20.562,否,60000000,15000000,5478600000.0,1369650000.0,76.780947,9.19091,6.349585,19.72,19.62,19.52,20.96,25.07,19.92,9.56,2016-09-08,-
2017-02-13,300543,朗科智能,消费电子,19.07,19.77,18.85,19.59,18.85,1012105,93367921.0,6.747367,1.796,4.74,否,0.96,-1.31,1.713,0.72,-17.167,否,60000000,15000000,5577000000.0,1394250000.0,78.159994,9.355986,6.463628,19.66,19.64,19.44,20.82,24.89,20.09,9.64,2016-09-08,-
2017-02-14,300543,朗科智能,消费电子,19.7,20.1,19.46,20.02,19.46,1372255,129377300.0,9.148367,2.216,3.3,否,1.26,-0.05,0.552,6.038,-16.998,否,60000000,15000000,5700600000.0,1425150000.0,79.892211,9.563337,6.606878,19.75,19.75,19.4,20.69,24.7,20.25,9.72,2016-09-08,-
2017-02-15,300543,朗科智能,消费电子,19.91,20.44,19.59,19.65,19.59,1357750,129055220.0,9.051667,-1.873,4.24,否,1.13,2.131,0.409,-1.946,-19.665,否,60000000,15000000,5593800000.0,1398450000.0,78.395441,9.384169,6.483099,19.71,19.71,19.36,20.55,24.53,20.42,9.8,2016-09-08,-
2017-02-16,300543,朗科智能,消费电子,19.62,19.81,19.42,19.62,19.42,731561,67965056.0,4.877073,-0.118,1.97,否,0.57,0.153,-1.159,-1.802,-17.075,否,60000000,15000000,5587200000.0,1396800000.0,78.302944,9.373097,6.47545,19.62,19.67,19.31,20.37,24.37,20.58,9.88,2016-09-08,-
2017-02-17,300543,朗科智能,消费电子,19.57,19.64,18.9,18.95,18.9,971534,88593166.0,6.476893,-3.447,3.78,否,0.83,-5.345,-5.392,-1.61,-12.673,否,60000000,15000000,5394600000.0,1348650000.0,75.603712,9.049991,6.252231,19.57,19.64,19.29,20.19,24.22,20.74,9.96,2016-09-08,-
2017-02-20,300543,朗科智能,消费电子,18.97,19.15,18.04,18.56,18.04,955342,83695221.0,6.368947,-2.058,5.88,否,0.88,-5.547,-3.534,-6.781,-12.163,否,60000000,15000000,5283600000.0,1320900000.0,74.04808,8.863777,6.123584,19.36,19.51,19.32,20.02,24.05,20.89,10.03,2016-09-08,-
2017-02-21,300543,朗科智能,消费电子,18.55,20.41,18.55,20.41,18.55,2693148,254642707.0,17.95432,10.005,10.03,否,2.5,4.027,4.186,4.292,-2.624,是,60000000,15000000,5812200000.0,1453050000.0,81.456252,9.750558,6.73622,19.44,19.59,19.41,19.9,23.89,21.06,10.11,2016-09-08,-
2017-02-22,300543,朗科智能,消费电子,20.38,20.62,19.91,20.42,19.91,1664356,159876908.0,11.095707,0.01,3.46,否,1.24,7.757,1.998,2.872,0.049,否,60000000,15000000,5812800000.0,1453200000.0,81.464661,9.751564,6.736916,19.59,19.65,19.54,19.77,23.71,21.23,10.19,2016-09-08,-
2017-02-23,300543,朗科智能,消费电子,20.23,21.55,20.23,20.92,20.23,2764676,275805216.0,18.431173,2.488,6.45,否,1.97,12.716,6.463,4.443,2.049,否,60000000,15000000,5957400000.0,1489350000.0,83.491187,9.994145,6.904504,19.85,19.74,19.67,19.67,23.51,21.41,10.28,2016-09-08,-
2017-02-24,300543,朗科智能,消费电子,20.76,21.49,20.55,21.24,20.55,1461758,145847323.0,9.745053,1.521,4.53,否,0.81,4.067,8.257,10.395,9.654,否,60000000,15000000,6048000000.0,1512000000.0,84.760919,10.146136,7.009508,20.31,19.94,19.78,19.66,23.34,21.59,10.36,2016-09-08,-
2017-02-27,300543,朗科智能,消费电子,21.21,21.63,20.55,20.67,20.55,1341398,133901570.0,8.942653,-2.688,5.12,否,0.7,1.224,9.077,5.513,14.77,否,60000000,15000000,5885400000.0,1471350000.0,82.482128,9.873358,6.821058,20.73,20.05,19.84,19.64,23.11,21.76,10.44,2016-09-08,-
2017-02-28,300543,朗科智能,消费电子,20.56,21.23,20.38,21.07,20.38,1055198,104143749.0,7.034653,1.917,4.14,否,0.53,0.717,13.524,5.245,13.341,否,60000000,15000000,5998200000.0,1499550000.0,78.460049,10.062592,6.408564,20.86,20.15,19.95,19.65,22.91,21.93,10.53,2016-09-08,-
2017-03-01,300543,朗科智能,消费电子,20.97,21.25,20.64,20.65,20.64,1060383,105515980.0,7.06922,-1.971,2.89,否,0.64,-2.778,1.176,5.089,15.881,否,60000000,15000000,5880000000.0,1470000000.0,76.913922,9.864299,6.282277,20.91,20.25,19.98,19.66,22.7,22.11,10.61,2016-09-08,-
2017-03-02,300543,朗科智能,消费电子,20.66,20.79,20.42,20.47,20.42,822180,80255296.0,5.4812,-0.878,1.8,否,0.54,-0.968,0.245,4.332,12.164,否,60000000,15000000,5828400000.0,1457100000.0,76.238964,9.777735,6.227147,20.82,20.34,20.01,19.65,22.49,22.28,10.69,2016-09-08,-
2017-03-03,300543,朗科智能,消费电子,20.43,21.39,20.35,21.08,20.35,1348201,133602173.0,8.988007,2.965,5.1,否,1.17,0.047,0.765,11.24,10.136,否,60000000,15000000,6001200000.0,1500300000.0,78.499291,10.067624,6.411769,20.79,20.55,20.1,19.71,22.29,22.45,10.78,2016-09-08,-
2017-03-06,300543,朗科智能,消费电子,21.25,21.7,21.15,21.56,21.15,1567579,159838068.0,10.450527,2.29,2.62,否,1.39,4.407,1.507,16.164,10.848,否,60000000,15000000,6138600000.0,1534650000.0,80.296565,10.298127,6.558569,20.97,20.85,20.18,19.83,22.13,22.63,10.86,2016-09-08,-
2017-03-07,300543,朗科智能,消费电子,21.58,21.62,21.23,21.47,21.23,998536,101523015.0,6.656907,-0.401,1.81,否,0.85,4.885,3.87,5.194,13.718,否,60000000,15000000,6114000000.0,1528500000.0,79.974783,10.256858,6.532286,21.05,20.96,20.27,19.93,21.98,22.81,10.95,2016-09-08,-
2017-03-08,300543,朗科智能,消费电子,21.45,22.06,21.33,21.52,21.33,1291600,132931444.0,8.610667,0.196,3.42,否,1.11,2.087,2.136,5.387,7.385,否,60000000,15000000,6126000000.0,1531500000.0,80.13175,10.276989,6.545107,21.22,21.07,20.36,20.05,21.82,22.99,11.04,2016-09-08,-
2017-03-09,300543,朗科智能,消费电子,21.6,21.6,21.08,21.45,21.08,906658,91992794.0,6.044387,-0.313,2.39,否,0.75,-0.51,3.874,2.533,7.357,否,60000000,15000000,6106800000.0,1526700000.0,79.880602,10.244779,6.524594,21.42,21.12,20.43,20.16,21.67,23.17,11.12,2016-09-08,-
2017-03-10,300543,朗科智能,消费电子,21.49,23.59,21.41,23.03,21.41,2999988,323724576.0,19.99992,7.388,10.2,否,2.45,7.266,12.506,8.427,19.574,否,60000000,15000000,6558000000.0,1639500000.0,85.782569,11.001713,7.006662,21.81,21.3,20.62,20.29,21.57,23.36,11.21,2016-09-08,-
2017-03-13,300543,朗科智能,消费电子,23.14,24.12,22.53,23.97,22.53,2752499,304080704.0,18.349993,4.071,6.92,否,1.77,11.385,13.71,15.965,20.392,否,60000000,15000000,6825000000.0,1706250000.0,89.275089,11.449633,7.291929,22.29,21.63,20.84,20.44,21.5,23.56,11.31,2016-09-08,-
2017-03-14,300543,朗科智能,消费电子,23.81,24.0,23.43,23.52,23.43,1691591,190119397.0,11.277273,-1.873,2.37,否,0.95,9.65,9.091,11.628,20.184,否,60000000,15000000,6697200000.0,1674300000.0,87.603388,11.235235,7.155386,22.7,21.87,21.01,20.59,21.47,23.7,11.4,2016-09-08,-
2017-03-15,300543,朗科智能,消费电子,23.44,23.77,23.07,23.47,23.07,1195211,132710166.0,7.968073,-0.215,2.96,否,0.62,1.911,9.315,13.656,18.237,否,60000000,15000000,6682800000.0,1670700000.0,87.415027,11.211078,7.14,23.09,22.15,21.2,20.71,21.45,23.83,11.5,2016-09-08,-
2017-03-16,300543,朗科智能,消费电子,23.6,23.8,23.2,23.7,23.2,1666276,185972054.0,11.108507,0.961,2.53,否,0.87,-1.126,10.13,15.779,18.323,否,60000000,15000000,6747000000.0,1686750000.0,88.254802,11.31878,7.208593,23.54,22.48,21.41,20.83,21.44,23.96,11.59,2016-09-08,-
2017-03-17,300543,朗科智能,消费电子,23.73,24.33,22.76,22.77,22.76,2207030,246995864.0,14.713533,-3.913,6.64,否,1.07,-3.189,6.154,8.017,18.347,否,60000000,15000000,6483000000.0,1620750000.0,84.801524,10.875893,6.926531,23.49,22.65,21.6,20.95,21.4,24.08,11.68,2016-09-08,-
2017-03-20,300543,朗科智能,消费电子,22.76,22.95,22.34,22.79,22.34,1649494,176689518.0,10.996627,0.111,2.68,否,0.87,-2.897,-1.042,5.705,16.335,否,60000000,15000000,6490200000.0,1622550000.0,84.895704,10.887972,6.934224,23.25,22.77,21.81,21.04,21.36,24.18,11.77,2016-09-08,-
2017-03-21,300543,朗科智能,消费电子,22.88,23.25,22.69,22.97,22.69,1065507,116209151.0,7.10338,0.767,2.44,否,0.63,-3.08,-4.172,6.986,14.735,否,60000000,15000000,6540000000.0,1635000000.0,85.547118,10.971516,6.987431,23.14,22.92,21.94,21.16,21.33,24.28,11.87,2016-09-08,-
2017-03-22,300543,朗科智能,消费电子,22.76,23.07,22.23,23.07,22.23,1548518,166578753.0,10.323453,0.44,3.69,否,0.99,1.318,-1.913,7.203,17.405,否,60000000,15000000,6568800000.0,1642200000.0,85.923839,11.019831,7.018201,23.06,23.07,22.07,21.26,21.29,24.37,11.96,2016-09-08,-
2017-03-23,300543,朗科智能,消费电子,23.08,25.29,23.08,24.36,23.08,3616425,414698640.0,24.1095,5.572,9.57,否,2.22,6.889,3.792,13.566,24.159,否,60000000,15000000,6934800000.0,1733700000.0,90.711338,11.633834,7.409241,23.19,23.37,22.24,21.41,21.28,24.46,12.06,2016-09-08,-
2017-03-24,300543,朗科智能,消费电子,24.23,24.23,23.62,23.87,23.62,1851123,210010484.0,12.34082,-1.99,2.5,否,0.92,3.918,0.717,3.647,25.963,否,60000000,15000000,6796800000.0,1699200000.0,88.906216,11.402324,7.2618,23.41,23.45,22.37,21.56,21.26,24.54,12.15,2016-09-08,-
2017-07-12,300543,朗科智能,消费电子,21.49,21.49,21.49,21.49,21.49,28800,1460160.0,0.096,-9.995,0.0,否,0.01,-6.849,-5.621,-10.346,15.787,否,120000000,30000000,6084000000.0,1521000000.0,79.313772,9.593668,6.248283,23.15,23.2,22.41,21.62,21.22,24.59,12.24,2016-09-08,-
2017-07-13,300543,朗科智能,消费电子,19.34,19.34,19.34,19.34,19.34,50500,2304315.0,0.168333,-10.0,0.0,否,0.03,-20.608,-15.138,-17.772,-5.243,否,120000000,30000000,5475600000.0,1368900000.0,71.382394,8.634301,5.623455,22.43,22.78,22.33,21.6,21.14,24.6,12.31,2016-09-08,-
2017-07-14,300543,朗科智能,消费电子,17.4,17.4,17.4,17.4,17.4,645000,26490150.0,2.15,-9.993,0.0,否,0.45,-27.105,-24.249,-25.863,-14.789,否,120000000,30000000,4928400000.0,1232100000.0,64.248848,7.771439,5.061479,21.29,22.18,22.17,21.53,21.04,24.58,12.38,2016-09-08,-
2017-07-17,300543,朗科智能,消费电子,15.67,16.32,15.66,15.66,15.66,5343024,198721864.0,17.81008,-10.007,3.75,否,4.31,-27.129,-32.12,-33.924,-25.143,否,120000000,30000000,4435200000.0,1108800000.0,57.81927,6.993727,4.554961,19.55,21.37,21.92,21.4,20.88,24.53,12.45,2016-09-08,-
2017-07-18,300543,朗科智能,消费电子,14.83,15.41,14.52,14.96,14.52,3643888,128857766.0,12.146293,-4.491,5.68,否,2.3,-22.647,-38.588,-34.3,-29.567,否,120000000,30000000,4236000000.0,1059000000.0,55.222409,6.679615,4.350383,17.77,20.59,21.62,21.26,20.73,24.47,12.51,2016-09-08,-
2017-07-19,300543,朗科智能,消费电子,14.98,15.03,14.25,14.75,14.25,2941062,101641163.0,9.80354,-1.416,5.24,否,1.51,-15.23,-38.207,-35.279,-28.641,否,120000000,30000000,4176000000.0,1044000000.0,54.440222,6.585003,4.288762,16.42,19.79,21.28,21.14,20.58,24.39,12.57,2016-09-08,-
2017-07-20,300543,朗科智能,消费电子,14.69,15.26,14.43,14.73,14.43,2596434,91468311.0,8.65478,-0.115,5.66,否,1.03,-5.939,-31.456,-35.873,-30.09,否,120000000,30000000,4171200000.0,1042800000.0,54.377647,6.577434,4.283833,15.5,18.96,20.94,20.95,20.42,24.3,12.62,2016-09-08,-
2017-07-21,300543,朗科智能,消费电子,14.62,14.95,13.92,14.01,13.92,2870482,97165611.0,9.568273,-4.919,6.99,否,0.95,-6.35,-27.559,-39.272,-32.155,否,120000000,30000000,3966000000.0,991500000.0,51.702567,6.253861,4.073092,14.82,18.06,20.57,20.73,20.25,24.19,12.68,2016-09-08,-
2017-07-24,300543,朗科智能,消费电子,13.85,13.98,13.18,13.87,13.18,2917732,93426261.0,9.725773,-0.968,5.75,否,0.84,-5.966,-20.287,-43.062,-32.242,否,120000000,30000000,3927600000.0,981900000.0,51.201967,6.193309,4.033655,14.46,17.01,20.19,20.5,20.09,24.08,12.74,2016-09-08,-
2017-07-25,300543,朗科智能,消费电子,13.87,14.16,13.69,13.93,13.69,1807522,59571002.0,6.025073,0.397,3.39,否,0.6,-5.431,-11.047,-41.642,-33.918,否,120000000,30000000,3943200000.0,985800000.0,51.405336,6.217908,4.049676,14.26,16.01,19.73,20.25,19.96,23.97,12.79,2016-09-08,-
2017-07-26,300543,朗科智能,消费电子,13.98,13.99,13.29,13.41,13.29,2119874,67882937.0,7.066247,-3.682,5.08,否,0.81,-4.283,-10.361,-37.599,-37.801,否,120000000,30000000,3798000000.0,949500000.0,49.512443,5.988947,3.900555,13.99,15.21,19.2,20.01,19.83,23.84,12.85,2016-09-08,-
2017-07-27,300543,朗科智能,消费电子,13.52,14.7,13.39,14.46,13.39,4021076,133728431.0,13.403587,7.836,9.73,否,1.63,4.254,-1.966,-25.233,-32.65,否,120000000,30000000,4095600000.0,1023900000.0,53.392091,6.458223,4.206191,13.94,14.72,18.75,19.79,19.72,23.73,12.9,2016-09-08,-
2017-07-28,300543,朗科智能,消费电子,14.28,14.51,13.99,14.08,13.99,2332702,78525440.0,7.775673,-2.666,3.63,否,0.85,1.077,-4.413,-19.08,-34.572,否,120000000,30000000,3986400000.0,996600000.0,51.968511,6.286029,4.094043,13.95,14.39,18.28,19.57,19.61,23.62,12.96,2016-09-08,-
2017-07-31,300543,朗科智能,消费电子,14.06,14.28,13.95,14.1,13.95,1493926,49735496.0,4.979753,0.181,2.32,否,0.57,5.145,0.642,-9.962,-34.266,否,120000000,30000000,3993600000.0,998400000.0,52.062373,6.297382,4.101437,14.0,14.23,17.8,19.36,19.51,23.49,13.02,2016-09-08,-
2017-08-01,300543,朗科智能,消费电子,14.13,15.19,14.12,14.7,14.12,3414304,118392780.0,11.381013,4.207,7.6,否,1.45,1.66,5.984,-1.738,-36.17,否,120000000,30000000,4161600000.0,1040400000.0,54.252497,6.562296,4.273974,14.15,14.2,17.4,19.15,19.43,23.39,13.07,2016-09-08,-
2017-08-02,300543,朗科智能,消费电子,14.45,14.65,14.11,14.11,14.11,2218372,75285314.0,7.394573,-3.979,3.69,否,0.83,0.213,1.292,-4.339,-41.135,否,120000000,30000000,3996000000.0,999000000.0,52.093661,6.301167,4.103902,14.29,14.14,16.96,18.9,19.36,23.27,13.13,2016-09-08,-
2017-08-03,300543,朗科智能,消费电子,14.03,14.92,13.9,14.34,13.9,2664382,91177221.0,8.881273,1.622,7.18,否,0.99,1.702,6.935,-2.648,-39.031,否,120000000,30000000,4060800000.0,1015200000.0,52.938423,6.403348,4.170452,14.27,14.1,16.53,18.66,19.29,23.17,13.19,2016-09-08,-
2017-08-04,300543,朗科智能,消费电子,14.45,14.75,13.86,13.87,13.86,2485650,83590010.0,8.2855,-3.28,6.18,否,1.03,-5.646,-4.08,-0.999,-40.903,否,120000000,30000000,3927600000.0,981900000.0,51.201967,6.193309,4.033655,14.22,14.09,16.07,18.41,19.23,23.05,13.24,2016-09-08,-
2017-08-07,300543,朗科智能,消费电子,13.81,13.98,13.57,13.64,13.57,1980549,64183681.0,6.60183,-1.68,2.96,否,0.81,-3.331,-3.125,-1.658,-42.447,否,120000000,30000000,3861600000.0,965400000.0,50.341562,6.089236,3.965873,14.13,14.06,15.54,18.15,19.15,22.93,13.3,2016-09-08,-
2017-08-08,300543,朗科智能,消费电子,13.64,13.8,13.33,13.71,13.33,1853322,59364498.0,6.17774,0.559,3.48,否,0.73,-4.393,-2.766,-1.579,-39.789,否,120000000,30000000,3883200000.0,970800000.0,50.623149,6.123296,3.988056,13.93,14.04,15.03,17.84,19.06,22.8,13.35,2016-09-08,-
2017-08-09,300543,朗科智能,消费电子,13.67,13.77,13.43,13.53,13.43,1186776,38074060.0,3.95592,-1.329,2.47,否,0.53,-2.451,-7.959,0.895,-40.632,否,120000000,30000000,3831600000.0,957900000.0,49.950468,6.04193,3.935063,13.82,14.05,14.63,17.49,18.96,22.68,13.41,2016-09-08,-
2017-08-10,300543,朗科智能,消费电子,13.48,13.65,13.19,13.2,13.19,1642472,51804988.0,5.474907,-2.412,3.38,否,0.81,-3.226,-6.449,-8.714,-42.534,否,120000000,30000000,3739200000.0,934800000.0,48.7459,5.896227,3.840168,13.59,13.93,14.32,17.14,18.87,22.56,13.46,2016-09-08,-
2017-08-11,300543,朗科智能,消费电子,13.14,13.43,12.76,13.05,12.76,1555900,47956694.0,5.186333,-1.155,5.04,否,0.85,-4.814,-8.996,-7.315,-43.433,否,120000000,30000000,3696000000.0,924000000.0,48.182725,5.828106,3.795801,13.43,13.83,14.11,16.8,18.75,22.42,13.51,2016-09-08,-
2017-08-14,300543,朗科智能,消费电子,13.05,13.42,13.05,13.31,13.05,1492300,46819800.0,4.974333,2.013,2.82,否,0.91,-1.626,-4.037,-5.603,-45.361,否,120000000,30000000,3770400000.0,942600000.0,49.152637,5.945425,3.87221,13.36,13.75,13.99,16.45,18.64,22.3,13.57,2016-09-08,-
2017-08-15,300543,朗科智能,消费电子,13.41,13.76,13.31,13.52,13.31,1838466,58679534.0,6.12822,1.528,3.31,否,1.19,2.424,-0.88,-8.027,-43.36,否,120000000,30000000,3828000000.0,957000000.0,49.903537,6.036253,3.931366,13.32,13.63,13.92,16.14,18.54,22.18,13.62,2016-09-08,-
2017-08-16,300543,朗科智能,消费电子,13.56,14.87,13.5,14.87,13.5,4451055,150299908.0,14.83685,10.0,10.16,否,2.88,13.946,8.461,5.386,-30.805,是,120000000,30000000,4210800000.0,1052700000.0,54.89389,6.639878,4.324502,13.59,13.7,13.92,15.88,18.46,22.07,13.68,2016-09-08,-
2017-08-17,300543,朗科智能,消费电子,15.25,16.36,15.15,16.36,15.15,8797398,331591280.0,29.32466,10.003,8.12,否,4.01,22.915,20.916,14.086,-15.408,是,120000000,30000000,4632000000.0,1158000000.0,60.384844,7.304055,4.757076,14.22,13.91,14.0,15.66,18.41,21.97,13.74,2016-09-08,-
2017-08-18,300543,朗科智能,消费电子,16.53,17.31,16.37,16.65,16.37,9719385,383559984.0,32.39795,1.813,5.75,否,2.68,23.151,26.136,20.043,-4.31,否,120000000,30000000,4716000000.0,1179000000.0,61.479906,7.436512,4.843344,14.94,14.18,14.14,15.44,18.35,21.88,13.81,2016-09-08,-
2017-08-21,300543,朗科智能,消费电子,16.68,16.68,16.1,16.52,16.1,5338445,206813879.0,17.794817,-0.789,3.49,否,1.01,11.096,26.59,21.114,5.492,否,120000000,30000000,4678800000.0,1169700000.0,60.99495,7.377853,4.805139,15.58,14.47,14.27,15.18,18.29,21.78,13.88,2016-09-08,-
2017-08-22,300543,朗科智能,消费电子,16.47,16.47,15.79,15.95,15.79,4840187,183318804.0,16.133957,-3.462,4.1,否,0.8,-2.506,19.835,16.338,6.618,否,120000000,30000000,4516800000.0,1129200000.0,58.883045,7.1224,4.638765,16.07,14.7,14.37,14.92,18.24,21.65,13.94,2016-09-08,-
2017-08-23,300543,朗科智能,消费电子,15.79,16.25,15.69,15.72,15.69,3348787,126303050.0,11.162623,-1.461,3.53,否,0.51,-5.586,16.272,16.186,6.576,否,120000000,30000000,4450800000.0,1112700000.0,58.022639,7.018327,4.570983,16.24,14.92,14.48,14.73,18.17,21.53,14.0,2016-09-08,-
2017-08-24,300543,朗科智能,消费电子,15.73,16.1,15.43,15.55,15.43,3330094,123897473.0,11.100313,-1.051,4.26,否,0.52,-5.872,4.573,17.803,5.567,否,120000000,30000000,4404000000.0,1101000000.0,57.412533,6.944529,4.522919,16.08,15.15,14.54,14.6,18.1,21.4,14.07,2016-09-08,-
2017-08-25,300543,朗科智能,消费电子,15.85,16.18,15.51,16.06,15.51,4324961,161698112.0,14.416537,3.243,4.31,否,0.81,0.69,-1.834,23.065,14.632,否,120000000,30000000,4546800000.0,1136700000.0,59.274138,7.169706,4.669575,15.96,15.45,14.64,14.55,18.04,21.29,14.13,2016-09-08,-
2017-08-28,300543,朗科智能,消费电子,16.06,16.94,16.03,16.54,16.03,6277246,243629998.0,20.924153,3.009,5.65,否,1.48,5.216,-0.661,24.267,19.25,否,120000000,30000000,4683600000.0,1170900000.0,61.057525,7.385422,4.810069,15.96,15.77,14.76,14.58,17.99,21.18,14.2,2016-09-08,-
2017-08-29,300543,朗科智能,消费电子,16.32,16.43,15.81,16.02,15.81,5048002,191037795.0,16.826673,-3.151,3.79,否,1.14,3.023,-3.027,18.491,15.004,否,120000000,30000000,4536000000.0,1134000000.0,55.47811,7.382807,4.454391,15.98,16.02,14.83,14.62,17.94,21.08,14.26,2016-09-08,-
2017-08-30,300543,朗科智能,消费电子,15.83,15.84,15.38,15.41,15.38,3629686,133552542.0,12.098953,-3.81,2.83,否,0.81,-4.047,-3.386,3.631,14.914,否,120000000,30000000,4363200000.0,1090800000.0,53.364658,7.101557,4.284699,15.92,16.08,14.89,14.64,17.89,20.97,14.32,2016-09-08,-
2017-08-31,300543,朗科智能,消费电子,15.43,15.89,15.43,15.79,15.43,3119300,115448197.0,10.397667,2.503,2.94,否,0.69,-4.534,0.445,-3.484,9.198,否,120000000,30000000,4472400000.0,1118100000.0,54.700242,7.279291,4.391935,15.96,16.02,14.96,14.68,17.81,20.85,14.39,2016-09-08,-
2017-09-01,300543,朗科智能,消费电子,15.78,16.32,15.7,16.01,15.7,4351652,164920681.0,14.505507,1.342,3.92,否,0.97,-0.062,2.958,-3.844,13.707,否,120000000,30000000,4532400000.0,1133100000.0,55.43408,7.376947,4.450855,15.95,15.96,15.07,14.74,17.74,20.72,14.45,2016-09-08,-
2017-09-04,300543,朗科智能,消费电子,15.84,16.77,15.47,16.77,15.47,6595478,252409536.0,21.984927,4.792,8.15,否,1.47,8.825,4.421,1.513,18.936,否,120000000,30000000,4749600000.0,1187400000.0,58.090571,7.730463,4.664148,16.0,15.98,15.23,14.84,17.67,20.59,14.52,2016-09-08,-
2017-09-05,300543,朗科智能,消费电子,16.3,16.44,15.89,15.95,15.89,5662885,215940432.0,18.876283,-4.927,3.26,否,1.24,1.013,-3.567,0.0,8.503,否,120000000,30000000,4515600000.0,1128900000.0,55.228605,7.349604,4.434358,15.99,15.98,15.34,14.91,17.58,20.46,14.58,2016-09-08,-
2017-09-06,300543,朗科智能,消费电子,15.59,15.96,15.47,15.96,15.47,3189588,118223379.0,10.63196,0.106,3.08,否,0.68,-0.312,-0.375,1.527,13.111,否,120000000,30000000,4520400000.0,1130100000.0,55.287312,7.357416,4.439071,16.1,16.01,15.46,14.99,17.5,20.3,14.64,2016-09-08,-
2017-09-07,300543,朗科智能,消费电子,15.95,17.56,15.87,17.56,15.87,5573106,227026310.0,18.57702,10.008,10.57,否,1.22,4.711,13.952,12.926,22.455,是,120000000,30000000,4972800000.0,1243200000.0,60.820446,8.093744,4.883332,16.45,16.21,15.68,15.1,17.44,20.18,14.71,2016-09-08,-
2017-09-08,300543,朗科智能,消费电子,17.85,18.96,17.85,18.45,17.85,12701743,551368976.0,29.816298,5.068,6.37,否,2.5,15.674,16.846,14.882,33.021,否,120000000,42600000,5224800000.0,1854804000.0,63.902563,8.5039,5.130798,16.94,16.45,15.95,15.24,17.41,20.06,14.79,2016-09-08,-
2017-09-11,300543,朗科智能,消费电子,17.8,18.37,17.59,18.29,17.59,6622120,281475824.0,15.544883,-0.85,4.23,否,0.98,14.599,14.241,10.58,34.091,否,120000000,42600000,5180400000.0,1839042000.0,63.359524,8.431634,5.087197,17.24,16.62,16.2,15.38,17.37,19.93,14.86,2016-09-08,-
2017-09-12,300543,朗科智能,消费电子,17.97,18.34,17.61,17.73,17.61,5440245,228948425.42,12.770528,-3.058,4.01,否,0.81,0.968,5.725,10.674,29.322,否,120000000,42600000,5022000000.0,1782810000.0,61.422193,8.173822,4.931647,17.6,16.79,16.41,15.48,17.31,19.8,14.93,2016-09-08,-
2017-09-13,300543,朗科智能,消费电子,17.53,17.91,17.53,17.81,17.53,3145300,131638283.0,7.383333,0.406,2.15,否,0.47,-3.469,11.661,15.574,31.633,否,120000000,42600000,5042400000.0,1790052000.0,61.671698,8.207025,4.95168,17.97,17.03,16.56,15.6,17.25,19.69,15.0,2016-09-08,-
2017-09-14,300543,朗科智能,消费电子,17.88,17.9,17.08,17.13,17.08,3340528,137460274.16,7.841615,-3.808,4.62,否,0.5,-6.342,7.331,8.486,29.773,否,120000000,42600000,4850400000.0,1721892000.0,59.323418,7.894525,4.763134,17.88,17.17,16.59,15.7,17.18,19.58,15.07,2016-09-08,-
2017-09-15,300543,朗科智能,消费电子,17.14,17.21,16.64,16.82,16.64,2315114,92206196.64,5.43454,-1.781,3.32,否,0.37,-5.133,-4.214,5.059,28.889,否,120000000,42600000,4764000000.0,1691220000.0,58.266692,7.7539,4.678288,17.56,17.25,16.6,15.8,17.1,19.46,15.14,2016-09-08,-
2017-09-18,300543,朗科智能,消费电子,16.85,17.31,16.84,17.16,16.84,2268194,91653730.06,5.324399,2.015,2.77,否,0.54,-3.65,-6.992,2.326,28.926,否,120000000,42600000,4860000000.0,1725300000.0,59.440832,7.91015,4.772561,17.33,17.29,16.63,15.91,17.03,19.35,15.21,2016-09-08,-
2017-09-19,300543,朗科智能,消费电子,17.18,17.35,16.83,16.91,16.83,2061616,82552790.4,4.839474,-1.481,3.06,否,0.62,-1.284,-7.545,6.019,25.074,否,120000000,42600000,4788000000.0,1699740000.0,58.560227,7.792963,4.701857,17.17,17.38,16.68,16.02,16.93,19.25,15.28,2016-09-08,-
2017-09-20,300543,朗科智能,消费电子,16.85,18.6,16.78,18.6,16.78,5885094,247386146.72,13.814775,10.0,10.78,否,2.24,10.583,4.907,16.541,25.084,是,120000000,42600000,5266800000.0,1869714000.0,64.41625,8.572259,5.172042,17.32,17.65,16.83,16.19,16.84,19.17,15.35,2016-09-08,-
2017-09-21,300543,朗科智能,消费电子,18.82,19.03,17.63,17.63,17.63,5969304,256418436.38,14.012451,-5.218,7.52,否,1.88,2.739,-1.011,0.399,7.763,否,120000000,42600000,4992000000.0,1772160000.0,61.055274,8.124994,4.902186,17.42,17.65,16.93,16.34,16.74,19.11,15.42,2016-09-08,-
2017-09-22,300543,朗科智能,消费电子,17.55,18.65,17.5,18.07,17.5,5956730,255530602.08,13.982934,2.524,6.49,否,1.61,6.86,5.487,-2.06,8.529,否,120000000,42600000,5118000000.0,1816890000.0,62.596333,8.330072,5.025919,17.67,17.62,17.03,16.5,16.65,19.05,15.49,2016-09-08,-
2017-09-25,300543,朗科智能,消费电子,17.69,18.43,17.09,17.25,17.09,3995179,167469634.39,9.378354,-4.572,7.43,否,0.9,-7.258,2.556,-5.686,4.419,否,120000000,42600000,4884000000.0,1733820000.0,59.734367,7.949212,4.796129,17.69,17.51,17.07,16.64,16.54,18.99,15.56,2016-09-08,-
2017-09-26,300543,朗科智能,消费电子,17.14,17.46,15.53,16.09,15.53,4288278,164904279.36,10.06638,-6.683,11.18,否,0.9,-8.735,-6.235,-9.25,0.878,否,120000000,42600000,4557600000.0,1617948000.0,55.742291,7.417963,4.475602,17.53,17.35,17.07,16.72,16.43,18.91,15.63,2016-09-08,-
2017-09-27,300543,朗科智能,消费电子,16.16,16.46,15.98,16.4,15.98,2412606,92561771.9,5.663394,1.896,2.95,否,0.46,-9.242,-3.016,-7.917,4.326,否,120000000,42600000,4644000000.0,1648620000.0,56.799017,7.558588,4.560447,17.09,17.21,17.12,16.77,16.32,18.84,15.69,2016-09-08,-
2017-09-28,300543,朗科智能,消费电子,16.38,16.51,16.02,16.1,16.02,2132906,81746643.74,5.006822,-1.809,3.02,否,0.47,-6.667,-13.441,-6.013,3.537,否,120000000,42600000,4560000000.0,1618800000.0,55.771645,7.421869,4.477959,16.78,17.1,17.13,16.76,16.21,18.77,15.76,2016-09-08,-
2017-09-29,300543,朗科智能,消费电子,16.18,16.52,16.18,16.4,16.18,1791598,69269645.62,4.205629,1.842,2.11,否,0.48,1.927,-6.977,-2.497,2.117,否,120000000,42600000,4644000000.0,1648620000.0,56.799017,7.558588,4.560447,16.45,17.06,17.15,16.76,16.1,18.7,15.82,2016-09-08,-
2017-10-09,300543,朗科智能,消费电子,16.75,17.21,16.53,17.0,16.53,2650190,105776501.1,6.221103,3.643,4.13,否,0.91,3.659,-5.921,-0.932,2.781,否,120000000,42600000,4813200000.0,1708686000.0,58.868439,7.833978,4.726603,16.4,17.05,17.17,16.77,15.98,18.63,15.89,2016-09-08,-
2017-10-10,300543,朗科智能,消费电子,16.95,18.7,16.78,18.7,16.78,3931228,170257992.94,9.228235,9.998,11.27,否,1.48,16.149,8.406,10.585,16.729,是,120000000,42600000,5294400000.0,1879512000.0,64.753815,8.617181,5.199146,16.92,17.22,17.3,16.86,15.89,18.57,15.96,2016-09-08,-
2017-10-11,300543,朗科智能,消费电子,19.41,20.1,18.32,18.58,18.32,11189012,510178692.56,26.265286,-0.635,9.52,否,4.33,13.293,15.475,-0.108,20.571,否,120000000,42600000,5260800000.0,1867584000.0,64.342866,8.562493,5.16615,17.36,17.22,17.43,16.96,15.84,18.53,16.04,2016-09-08,-
2017-10-12,300543,朗科智能,消费电子,18.27,19.49,18.27,18.78,18.27,5812882,259164913.61,13.645263,1.072,6.57,否,1.34,10.471,14.512,6.523,18.936,否,120000000,42600000,5317200000.0,1887606000.0,65.032673,8.65429,5.221536,17.89,17.34,17.5,17.07,15.83,18.49,16.11,2016-09-08,-
2017-10-13,300543,朗科智能,消费电子,18.65,18.77,17.89,18.1,17.89,4420820,190498567.64,10.377512,-3.611,4.69,否,0.87,-3.209,12.422,0.166,13.054,否,120000000,42600000,5125200000.0,1819446000.0,62.684393,8.34179,5.03299,18.23,17.34,17.48,17.13,15.84,18.44,16.19,2016-09-08,-
2017-10-16,300543,朗科智能,消费电子,18.35,19.47,17.93,18.93,17.93,8641139,386124537.07,20.284364,4.589,8.52,否,1.54,1.884,15.427,9.739,12.88,否,120000000,42600000,5360400000.0,1902942000.0,65.561036,8.724603,5.263958,18.62,17.51,17.51,17.21,15.9,18.39,16.26,2016-09-08,-
2017-10-17,300543,朗科智能,消费电子,18.35,18.9,17.93,18.8,17.93,4670710,203564837.6,10.964108,-0.694,5.15,否,0.69,0.106,10.588,16.843,17.868,否,120000000,42600000,5323200000.0,1889736000.0,65.106057,8.664056,5.227428,18.64,17.78,17.56,17.31,15.96,18.35,16.34,2016-09-08,-
2017-10-18,300543,朗科智能,消费电子,18.54,19.38,18.23,18.45,18.23,4300452,191347606.08,10.094958,-1.849,6.09,否,0.62,1.934,-1.337,12.5,15.602,否,120000000,42600000,5224800000.0,1854804000.0,63.902563,8.5039,5.130798,18.61,17.98,17.6,17.41,16.02,18.3,16.41,2016-09-08,-
2017-10-19,300543,朗科智能,消费电子,18.41,18.45,17.59,17.68,17.59,3672600,155212511.0,8.621127,-4.203,4.66,否,0.66,-6.603,-4.844,9.814,0.683,否,120000000,42600000,5005200000.0,1776846000.0,61.216718,8.146478,4.915149,18.39,18.14,17.62,17.47,16.07,18.25,16.48,2016-09-08,-
2017-10-20,300543,朗科智能,消费电子,17.65,18.19,17.64,18.18,17.64,2795200,118561104.0,6.561502,2.877,3.12,否,0.54,-3.298,-3.195,10.854,-1.463,否,120000000,42600000,5149200000.0,1827966000.0,62.977928,8.380853,5.056558,18.41,18.32,17.69,17.54,16.14,18.2,16.55,2016-09-08,-
2017-10-23,300543,朗科智能,消费电子,18.14,18.27,17.8,18.13,17.8,2351304,99750353.6,5.519493,-0.28,2.59,否,0.49,-1.734,0.166,6.647,-0.875,否,120000000,42600000,5134800000.0,1822854000.0,62.801807,8.357415,5.042417,18.25,18.43,17.74,17.59,16.21,18.15,16.63,2016-09-08,-
2017-10-24,300543,朗科智能,消费电子,18.01,19.02,18.01,18.99,18.01,5900752,260364288.52,13.851531,4.744,5.59,否,1.66,7.41,0.317,1.551,7.107,否,120000000,42600000,5378400000.0,1909332000.0,65.781187,8.753899,5.281634,18.29,18.46,17.84,17.69,16.3,18.13,16.7,2016-09-08,-
2017-10-25,300543,朗科智能,消费电子,18.57,18.9,18.16,18.82,18.16,4114700,180057518.0,9.65892,-0.915,3.88,否,1.08,3.52,0.106,1.292,5.671,否,120000000,42600000,5329200000.0,1891866000.0,65.179441,8.673821,5.23332,18.36,18.49,17.85,17.78,16.39,18.11,16.78,2016-09-08,-
2017-10-26,300543,朗科智能,消费电子,18.65,18.85,18.35,18.6,18.35,2776100,121775943.0,6.516667,-1.148,2.66,否,0.74,2.592,0.813,-0.958,8.581,否,120000000,42600000,5268000000.0,1870140000.0,64.430926,8.574212,5.173221,18.54,18.47,17.9,17.82,16.46,18.09,16.85,2016-09-08,-
2017-10-27,300543,朗科智能,消费电子,18.86,19.19,18.03,18.07,18.03,3703300,162708620.0,8.693192,-2.847,6.24,否,1.03,-4.845,2.206,-0.166,7.432,否,120000000,42600000,5118000000.0,1816890000.0,62.596333,8.330072,5.025919,18.52,18.47,17.9,17.81,16.52,18.07,16.93,2016-09-08,-
2017-10-30,300543,朗科智能,消费电子,17.75,17.75,16.27,16.27,16.27,5306212,207826809.78,12.455897,-9.988,8.18,否,1.41,-13.549,-10.506,-14.052,-5.186,否,120000000,42600000,4606800000.0,1635414000.0,57.774183,7.21699,4.22391,18.15,18.2,17.85,17.74,16.56,18.03,16.99,2016-09-08,-
2017-10-31,300543,朗科智能,消费电子,15.68,16.34,15.59,16.04,15.59,2400500,90752393.6,5.634977,-1.433,4.61,否,0.55,-13.763,-11.528,-14.681,-5.145,否,120000000,42600000,4540800000.0,1611984000.0,56.946472,7.113595,4.163395,17.56,17.92,17.85,17.68,16.58,18.01,17.05,2016-09-08,-
2017-11-01,300543,朗科智能,消费电子,16.09,16.35,16.04,16.34,16.04,1926876,73735984.2,4.523183,1.929,1.96,否,0.53,-9.574,-13.955,-11.436,-12.151,否,120000000,42600000,4628400000.0,1643082000.0,58.04507,7.250829,4.243715,17.06,17.71,17.85,17.63,16.62,17.99,17.12,2016-09-08,-
2017-11-02,300543,朗科智能,消费电子,16.25,16.31,15.53,15.59,15.53,2631116,98224210.04,6.176329,-4.615,4.77,否,0.82,-4.179,-17.163,-11.821,-11.571,否,120000000,42600000,4414800000.0,1567254000.0,55.366298,6.916204,4.047868,16.46,17.5,17.82,17.58,16.64,17.97,17.18,2016-09-08,-
2017-11-03,300543,朗科智能,消费电子,15.68,15.99,15.47,15.78,15.47,1902650,70990592.9,4.466315,1.196,3.37,否,0.6,-1.621,-15.161,-13.201,-12.673,否,120000000,42600000,4467600000.0,1585998000.0,56.028466,6.99892,4.096279,16.0,17.26,17.79,17.55,16.67,17.95,17.25,2016-09-08,-
2017-11-06,300543,朗科智能,消费电子,16.01,16.31,15.81,16.29,15.81,1993600,75892725.0,4.679812,3.25,3.14,否,0.7,-0.306,-9.851,-10.149,-5.565,否,120000000,42600000,4612800000.0,1637544000.0,57.849429,7.22639,4.229411,16.01,17.08,17.76,17.52,16.72,17.93,17.31,2016-09-08,-
2017-11-07,300543,朗科智能,消费电子,16.29,16.36,15.93,16.21,15.93,1842114,69852466.5,4.324211,-0.468,2.65,否,0.85,3.977,-0.369,-14.639,0.746,否,120000000,42600000,4591200000.0,1629876000.0,57.578542,7.192552,4.209607,16.04,16.8,17.63,17.5,16.76,17.91,17.38,2016-09-08,-
2017-11-08,300543,朗科智能,消费电子,16.14,16.38,16.1,16.12,16.1,2004900,76838660.0,4.706338,-0.575,1.7,否,0.97,2.155,0.499,-14.346,-1.707,否,120000000,42600000,4564800000.0,1620504000.0,57.247458,7.151193,4.185401,16.0,16.53,17.51,17.41,16.8,17.88,17.44,2016-09-08,-
2017-11-09,300543,朗科智能,消费电子,16.05,16.18,15.97,16.15,15.97,1523402,57832825.38,3.576061,0.184,1.31,否,0.73,-0.859,-1.163,-13.172,0.311,否,120000000,42600000,4573200000.0,1623486000.0,57.352803,7.164353,4.193103,16.11,16.29,17.38,17.36,16.85,17.86,17.5,2016-09-08,-
2017-11-10,300543,朗科智能,消费电子,16.15,16.56,16.11,16.29,16.11,1930224,74536938.34,4.531042,0.892,2.78,否,1.04,0.494,4.49,-9.851,-0.671,否,120000000,42600000,4614000000.0,1637970000.0,57.864479,7.22827,4.230512,16.21,16.11,17.29,17.3,16.9,17.83,17.57,2016-09-08,-
2017-11-13,300543,朗科智能,消费电子,16.23,16.23,15.67,15.71,15.67,2694200,100352963.0,6.324413,-3.615,3.49,否,1.45,-2.543,-0.444,-3.442,-7.588,否,120000000,42600000,4447200000.0,1578756000.0,55.772629,6.966962,4.077575,16.1,16.05,17.13,17.25,16.94,17.79,17.63,2016-09-08,-
2017-11-14,300543,朗科智能,消费电子,15.75,15.75,14.89,14.97,14.89,3198824,113919437.7,7.508977,-4.695,5.48,否,1.6,-7.307,-8.103,-6.671,-19.947,否,120000000,42600000,4238400000.0,1504632000.0,53.154054,6.639857,3.886129,15.85,15.95,16.93,17.22,16.97,17.76,17.69,2016-09-08,-
2017-11-15,300543,朗科智能,消费电子,15.0,15.16,14.75,14.88,14.75,1347290,47499672.88,3.162653,-0.566,2.77,否,0.59,-8.656,-8.205,-8.935,-19.914,否,120000000,42600000,4214400000.0,1496112000.0,52.853069,6.602258,3.864124,15.6,15.8,16.76,17.17,16.97,17.71,17.75,2016-09-08,-
2017-11-16,300543,朗科智能,消费电子,14.83,15.0,14.5,14.57,14.5,1410716,48992196.16,3.31154,-2.107,3.36,否,0.66,-7.257,-9.615,-6.543,-22.417,否,120000000,42600000,4125600000.0,1464588000.0,51.739422,6.463145,3.782704,15.28,15.7,16.6,17.11,16.94,17.67,17.81,2016-09-08,-
2017-11-17,300543,朗科智能,消费电子,14.5,14.5,13.37,13.52,13.37,2370972,77594533.36,5.565662,-7.214,7.77,否,1.12,-9.686,-16.285,-14.322,-25.304,否,120000000,42600000,3828000000.0,1358940000.0,48.007201,5.996926,3.509839,14.73,15.47,16.37,17.02,16.89,17.62,17.86,2016-09-08,-
2017-11-20,300543,朗科智能,消费电子,13.52,13.93,13.14,13.89,13.14,1369530,44188075.86,3.214859,2.759,5.86,否,0.62,-6.653,-14.733,-14.733,-26.624,否,120000000,42600000,3933600000.0,1396428000.0,49.331537,6.162359,3.606662,14.37,15.23,16.16,16.91,16.84,17.57,17.92,2016-09-08,-
2017-11-21,300543,朗科智能,消费电子,13.89,14.3,13.71,13.86,13.71,1341796,44347813.56,3.149756,-0.244,4.24,否,0.69,-4.873,-11.776,-14.497,-26.277,否,120000000,42600000,3924000000.0,1393020000.0,49.211143,6.147319,3.59786,14.14,15.0,15.9,16.75,16.81,17.52,17.98,2016-09-08,-
2017-11-22,300543,朗科智能,消费电子,13.86,14.32,13.86,14.07,13.86,1219924,40491609.52,2.863671,1.56,3.36,否,0.78,4.068,-6.012,-12.717,-23.74,否,120000000,42600000,3985200000.0,1414746000.0,49.978656,6.243195,3.653974,13.98,14.79,15.66,16.6,16.78,17.48,18.03,2016-09-08,-
2017-11-23,300543,朗科智能,消费电子,14.32,14.32,13.37,13.4,13.37,1426400,45984763.96,3.348357,-4.818,6.71,否,0.92,-3.528,-9.946,-17.028,-24.208,否,120000000,42600000,3793200000.0,1346586000.0,47.570772,5.942409,3.477932,13.75,14.52,15.4,16.42,16.74,17.42,18.09,2016-09-08,-
2017-11-24,300543,朗科智能,消费电子,13.12,13.64,13.05,13.31,13.05,1056120,33350066.0,2.479155,-0.633,4.37,否,0.68,-3.968,-8.648,-18.293,-26.788,否,120000000,42600000,3769200000.0,1338066000.0,47.269786,5.90481,3.455926,13.71,14.22,15.16,16.26,16.7,17.37,18.14,2016-09-08,-
2017-11-27,300543,朗科智能,消费电子,13.31,13.56,13.17,13.25,13.17,1039020,32882554.6,2.439014,-0.446,2.93,否,0.81,-5.828,-1.997,-15.659,-26.917,否,120000000,42600000,3752400000.0,1332102000.0,47.059096,5.878492,3.440523,13.58,13.97,15.01,16.07,16.64,17.32,18.19,2016-09-08,-
2017-11-28,300543,朗科智能,消费电子,13.26,13.75,13.26,13.66,13.26,1219600,39020285.0,2.862911,3.07,3.68,否,1.0,1.94,-1.656,-8.751,-28.067,否,120000000,42600000,3867600000.0,1372998000.0,48.503827,6.058963,3.546148,13.54,13.84,14.89,15.9,16.6,17.27,18.25,2016-09-08,-
2017-11-29,300543,朗科智能,消费电子,13.62,13.75,13.25,13.43,13.25,975000,30871650.0,2.288732,-1.706,3.63,否,0.82,0.902,-3.102,-9.745,-28.64,否,120000000,42600000,3801600000.0,1349568000.0,47.676116,5.955568,3.485633,13.41,13.7,14.75,15.74,16.57,17.23,18.3,2016-09-08,-
2017-11-30,300543,朗科智能,消费电子,13.43,13.51,13.2,13.31,13.2,763104,24049432.52,1.791324,-0.852,2.3,否,0.67,0.453,-5.402,-8.648,-28.441,否,120000000,42600000,3769200000.0,1338066000.0,47.269786,5.90481,3.455926,13.39,13.57,14.63,15.59,16.53,17.17,18.35,2016-09-08,-
2017-12-01,300543,朗科智能,消费电子,13.35,13.67,13.24,13.59,13.24,1192086,38043824.58,2.798324,2.101,3.22,否,1.18,-0.512,1.418,0.518,-24.792,否,120000000,42600000,3848400000.0,1366182000.0,48.263038,6.028885,3.528544,13.45,13.58,14.52,15.44,16.49,17.11,18.41,2016-09-08,-
2017-12-04,300543,朗科智能,消费电子,13.7,13.7,13.1,13.18,13.1,1384036,43338624.86,3.248911,-3.025,4.43,否,1.33,-1.862,-0.977,-5.112,-18.992,否,120000000,42600000,3732000000.0,1324860000.0,46.803258,5.846533,3.421818,13.43,13.51,14.37,15.27,16.43,17.05,18.46,2016-09-08,-
2017-12-05,300543,朗科智能,消费电子,13.09,13.24,11.89,12.06,11.89,2089202,61682226.22,4.90423,-8.489,10.26,否,1.89,-9.391,-8.981,-12.987,-24.813,否,120000000,42600000,3415200000.0,1212396000.0,42.830249,5.350236,3.131349,13.11,13.33,14.16,15.04,16.37,16.97,18.51,2016-09-08,-
2017-12-06,300543,朗科智能,消费电子,12.18,12.62,11.96,12.45,11.96,1382286,40376300.2,3.244803,3.233,5.52,否,1.08,-8.389,-8.858,-11.514,-23.807,否,120000000,42600000,3525600000.0,1251588000.0,44.214782,5.523188,3.232573,12.92,13.16,13.98,14.83,16.31,16.9,18.56,2016-09-08,-
2017-12-07,300543,朗科智能,消费电子,12.53,12.68,12.34,12.52,12.34,966100,28615327.0,2.26784,0.579,2.72,否,0.71,-5.008,-6.776,-6.567,-19.692,否,120000000,42600000,3546000000.0,1258830000.0,44.47062,5.555146,3.251277,12.76,13.08,13.8,14.63,16.22,16.83,18.61,2016-09-08,-
2017-12-08,300543,朗科智能,消费电子,12.63,12.96,12.46,12.71,12.46,1048100,31758560.0,2.460329,1.523,4.03,否,0.75,5.39,-4.508,-4.508,-19.455,否,120000000,42600000,3600000000.0,1278000000.0,45.147838,5.639742,3.300789,12.58,13.02,13.62,14.45,16.13,16.77,18.66,2016-09-08,-
2017-12-11,300543,朗科智能,消费电子,12.71,13.03,12.7,12.89,12.7,763800,23256706.0,1.792958,1.4,2.57,否,0.56,3.534,-5.151,-2.717,-20.872,否,120000000,42600000,3650400000.0,1295892000.0,45.779907,5.718699,3.347,12.53,12.98,13.48,14.33,16.04,16.7,18.71,2016-09-08,-
2017-12-12,300543,朗科智能,消费电子,12.77,12.96,12.56,12.63,12.56,729400,21913760.0,1.712207,-2.038,3.06,否,0.58,0.879,-4.173,-7.54,-22.085,否,120000000,42600000,3576000000.0,1269480000.0,44.846852,5.602144,3.278784,12.64,12.88,13.36,14.22,15.95,16.63,18.76,2016-09-08,-
2017-12-13,300543,朗科智能,消费电子,12.51,12.81,12.51,12.8,12.51,642200,19297153.0,1.507512,1.342,2.42,否,0.66,0.708,6.136,-4.691,-20.596,否,120000000,42600000,3624000000.0,1286520000.0,45.448823,5.677341,3.322794,12.71,12.81,13.26,14.1,15.87,16.56,18.81,2016-09-08,-
2017-12-14,300543,朗科智能,消费电子,12.71,12.85,12.44,12.48,12.44,968090,28600272.1,2.272512,-2.483,3.25,否,1.17,-3.181,0.241,-6.236,-22.724,否,120000000,42600000,3534000000.0,1254570000.0,44.320127,5.536347,3.240275,12.7,12.73,13.15,14.0,15.79,16.49,18.86,2016-09-08,-
2017-12-15,300543,朗科智能,消费电子,12.57,13.73,12.45,13.73,12.45,4387380,141029437.0,10.299014,10.017,10.25,否,5.28,8.709,9.665,1.03,-15.715,是,120000000,42600000,3888000000.0,1380240000.0,48.759665,6.090922,3.564852,12.91,12.75,13.16,13.93,15.74,16.42,18.92,2016-09-08,-
2017-12-18,300543,朗科智能,消费电子,13.69,13.71,13.06,13.29,13.06,3985700,125112390.0,9.356103,-3.241,4.72,否,2.66,3.828,4.563,0.835,-15.404,否,120000000,42600000,3762000000.0,1335510000.0,47.17949,5.893531,3.449325,12.99,12.76,13.13,13.83,15.68,16.35,18.97,2016-09-08,-
2017-12-19,300543,朗科智能,消费电子,13.22,13.37,13.15,13.34,13.15,2394800,74970450.9,5.621596,0.415,1.63,否,1.12,6.891,3.491,10.614,-10.888,否,120000000,42600000,3777600000.0,1341048000.0,47.375131,5.91797,3.463628,13.13,12.88,13.11,13.74,15.62,16.27,19.02,2016-09-08,-
2017-12-20,300543,朗科智能,消费电子,13.31,13.35,13.01,13.35,13.01,1890204,58808565.44,4.437099,0.064,2.57,否,0.76,-2.768,5.701,7.229,-10.282,否,120000000,42600000,3780000000.0,1341900000.0,47.405229,5.92173,3.465829,13.24,12.97,13.07,13.64,15.53,16.18,19.08,2016-09-08,-
2017-12-21,300543,朗科智能,消费电子,13.34,13.42,13.01,13.3,13.01,2064004,64674664.56,4.84508,-0.381,3.02,否,0.76,0.075,3.906,6.23,-8.717,否,120000000,42600000,3765600000.0,1336788000.0,47.224638,5.899171,3.452626,13.4,13.05,13.06,13.55,15.46,16.1,19.13,2016-09-08,-
2017-12-22,300543,朗科智能,消费电子,13.17,13.3,13.05,13.13,13.05,1352932,41929252.04,3.175897,-1.243,1.88,否,0.46,-1.574,5.208,3.304,-2.885,否,120000000,42600000,3718800000.0,1320174000.0,46.637716,5.825854,3.409715,13.28,13.09,13.06,13.44,15.37,16.01,19.18,2016-09-08,-
2017-12-25,300543,朗科智能,消费电子,13.06,13.06,12.4,12.56,12.4,1846904,54996563.24,4.335455,-4.324,5.07,否,0.79,-5.918,-8.521,-2.56,-9.575,否,120000000,42600000,3558000000.0,1263090000.0,44.621113,5.573945,3.26228,13.14,13.06,13.02,13.34,15.3,15.92,19.23,2016-09-08,-
2017-12-26,300543,朗科智能,消费电子,12.52,12.87,12.43,12.81,12.43,1262500,37982852.0,2.963615,1.922,3.58,否,0.66,-3.684,-3.612,1.425,-7.576,否,120000000,42600000,3626400000.0,1287372000.0,45.478922,5.681101,3.324995,13.03,13.08,12.98,13.27,15.24,15.84,19.28,2016-09-08,-
2017-12-27,300543,朗科智能,消费电子,12.93,12.94,12.54,12.66,12.54,1272300,38227099.0,2.98662,-1.125,3.14,否,0.76,-3.58,-5.097,-1.094,-10.021,否,120000000,42600000,3585600000.0,1272888000.0,44.967246,5.617183,3.287586,12.89,13.07,12.94,13.19,15.18,15.75,19.33,2016-09-08,-
2017-12-28,300543,朗科智能,消费电子,12.71,13.93,12.63,13.49,12.63,6215300,201061635.42,14.589906,6.56,10.27,否,3.98,7.404,1.049,8.093,0.672,否,120000000,42600000,3820800000.0,1356384000.0,47.916905,5.985647,3.503238,12.93,13.17,12.95,13.16,15.13,15.67,19.39,2016-09-08,-
2017-12-29,300543,朗科智能,消费电子,13.14,13.35,13.0,13.22,13.0,3143500,97410310.98,7.379108,-2.041,2.58,否,1.32,3.201,-0.602,-3.714,-0.676,否,120000000,42600000,3742800000.0,1328694000.0,46.938702,5.863452,3.431721,12.95,13.12,12.93,13.15,15.08,15.59,19.44,2016-09-08,-
2018-01-02,300543,朗科智能,消费电子,13.2,13.26,12.99,13.17,12.99,1855300,57363060.0,4.355164,-0.353,2.05,否,0.68,4.028,0.305,-0.903,-0.604,否,120000000,42600000,3729600000.0,1324008000.0,46.77316,5.842773,3.419618,13.07,13.1,12.93,13.12,15.02,15.5,19.49,2016-09-08,-
2018-01-03,300543,朗科智能,消费电子,13.22,13.49,13.14,13.37,13.14,2451900,76935767.0,5.755634,1.544,2.67,否,0.89,-0.89,6.449,0.225,-2.123,否,120000000,42600000,3787200000.0,1344456000.0,47.495525,5.933009,3.47243,13.18,13.11,13.0,13.11,14.93,15.41,19.55,2016-09-08,-
2018-01-04,300543,朗科智能,消费电子,13.28,13.45,13.19,13.31,13.19,1564400,49161196.0,3.6723,-0.507,1.96,否,0.52,0.681,3.903,-0.3,-0.894,否,120000000,42600000,3768000000.0,1337640000.0,47.254737,5.90293,3.454826,13.31,13.1,13.04,13.08,14.84,15.34,19.6,2016-09-08,-
2018-01-05,300543,朗科智能,消费电子,13.3,13.48,13.23,13.44,13.23,1960500,61955876.0,4.602113,0.987,1.94,否,0.64,2.05,6.161,1.053,0.977,否,120000000,42600000,3805200000.0,1350846000.0,47.721264,5.961208,3.488934,13.3,13.12,13.08,13.08,14.75,15.29,19.63,2016-09-08,-
2018-01-08,300543,朗科智能,消费电子,12.84,13.0,12.3,12.54,12.3,3712590,109859633.6,8.715,-6.654,5.23,否,1.69,-6.208,-7.042,-4.494,-7.726,否,120000000,42600000,3552000000.0,1260960000.0,44.545866,5.564546,3.256779,13.17,13.06,13.08,13.06,14.66,15.25,19.65,2016-09-08,-
2018-01-09,300543,朗科智能,消费电子,12.49,12.51,12.34,12.48,12.34,1222900,35889873.0,2.870657,-0.507,1.39,否,0.53,-6.236,-5.598,-0.637,-5.311,否,120000000,42600000,3534000000.0,1254570000.0,44.320127,5.536347,3.240275,13.03,13.05,13.06,13.03,14.55,15.23,19.66,2016-09-08,-
2018-01-10,300543,朗科智能,消费电子,12.37,12.67,12.31,12.54,12.31,1276600,37598912.0,2.996714,0.509,2.85,否,0.58,-6.696,-4.784,-2.108,3.98,否,120000000,42600000,3552000000.0,1260960000.0,44.545866,5.564546,3.256779,12.86,13.02,13.05,12.99,14.45,15.21,19.68,2016-09-08,-
2018-01-11,300543,朗科智能,消费电子,12.5,12.89,12.34,12.73,12.34,1381800,41240106.0,3.243662,1.52,4.32,否,0.71,1.515,-4.787,0.553,2.249,否,120000000,42600000,3606000000.0,1280130000.0,45.223084,5.649142,3.306291,12.75,13.03,13.05,12.97,14.35,15.19,19.69,2016-09-08,-
2018-01-12,300543,朗科智能,消费电子,12.71,12.71,12.5,12.52,12.5,880300,26104374.0,2.066432,-1.664,1.66,否,0.46,0.321,-5.935,-7.191,0.0,否,120000000,42600000,3546000000.0,1258830000.0,44.47062,5.555146,3.251277,12.56,12.93,13.05,12.94,14.27,15.17,19.7,2016-09-08,-
2018-01-29,300543,朗科智能,消费电子,11.6,12.02,11.27,11.31,11.27,3004028,81600022.16,7.051709,-9.645,5.99,否,1.77,-9.809,-15.848,-14.448,-11.015,否,120000000,42600000,3204000000.0,1137420000.0,40.181575,5.019371,2.937702,12.32,12.74,12.93,12.87,14.15,15.15,19.69,2016-09-08,-
2018-01-30,300543,朗科智能,消费电子,11.21,11.37,10.95,11.21,10.95,1323590,34803122.6,3.107019,-0.936,3.71,否,0.85,-11.94,-10.606,-14.882,-13.033,否,120000000,42600000,3174000000.0,1126770000.0,39.805343,4.972373,2.910196,12.06,12.55,12.82,12.8,14.04,15.13,19.68,2016-09-08,-
2018-01-31,300543,朗科智能,消费电子,11.17,11.17,10.38,11.02,10.38,2396200,60868372.0,5.624883,-1.664,7.03,否,1.52,-11.981,-11.699,-17.577,-12.747,否,120000000,42600000,3121200000.0,1108026000.0,39.143175,4.889657,2.861784,11.76,12.31,12.71,12.77,13.9,15.1,19.67,2016-09-08,-
2018-02-01,300543,朗科智能,消费电子,10.85,11.18,10.47,10.47,10.47,1231400,31379132.0,2.89061,-5.037,6.5,否,0.69,-7.427,-16.507,-21.337,-18.203,否,120000000,42600000,2964000000.0,1052220000.0,37.17172,4.643388,2.71765,11.31,12.03,12.56,12.7,13.76,15.08,19.65,2016-09-08,-
2018-02-02,300543,朗科智能,消费电子,10.39,10.39,9.48,9.75,9.48,2112492,49387448.32,4.958901,-6.883,8.7,否,1.2,-13.024,-23.409,-27.455,-21.875,否,120000000,42600000,2760000000.0,979800000.0,34.613342,4.323803,2.530605,10.75,11.66,12.39,12.61,13.62,15.04,19.61,2016-09-08,-
2018-02-05,300543,朗科智能,消费电子,9.46,9.77,9.32,9.42,9.32,1001700,22492032.0,2.351408,-3.348,4.61,否,0.5,-14.519,-24.76,-24.88,-31.391,否,120000000,42600000,2667600000.0,946998000.0,33.454548,4.179049,2.445885,10.37,11.35,12.2,12.5,13.47,15.0,19.57,2016-09-08,-
2018-02-06,300543,朗科智能,消费电子,9.23,9.23,8.48,8.48,8.48,1564500,32725411.0,3.672535,-9.987,7.96,否,0.97,-19.007,-25.022,-32.051,-36.193,否,120000000,42600000,2401200000.0,852426000.0,30.113608,3.761708,2.201626,9.83,10.95,12.0,12.35,13.34,14.95,19.52,2016-09-08,-
2018-02-07,300543,朗科智能,消费电子,8.68,8.81,8.09,8.36,8.09,1992500,39750692.0,4.67723,-1.399,8.5,否,1.2,-14.256,-25.424,-33.333,-37.331,否,120000000,42600000,2367600000.0,840498000.0,29.692228,3.709071,2.170819,9.3,10.53,11.77,12.21,13.22,14.9,19.46,2016-09-08,-
2018-02-08,300543,朗科智能,消费电子,8.41,8.89,8.35,8.85,8.35,2358060,48594812.28,5.535352,5.829,6.49,否,1.49,-6.051,-19.691,-30.479,-33.708,否,120000000,42600000,2505600000.0,889488000.0,31.422895,3.925261,2.297349,8.97,10.14,11.58,12.08,13.09,14.85,19.4,2016-09-08,-
2018-02-09,300543,朗科智能,消费电子,8.39,8.78,8.36,8.5,8.36,1940880,39025528.0,4.556056,-3.975,4.84,否,1.07,0.236,-18.816,-32.109,-36.09,否,120000000,42600000,2406000000.0,854130000.0,30.173805,3.769228,2.206027,8.72,9.74,11.33,11.95,12.97,14.81,19.33,2016-09-08,-
2018-02-12,300543,朗科智能,消费电子,8.57,9.35,8.56,9.35,8.56,2499296,53736181.76,5.866892,10.025,9.23,否,1.41,11.842,-4.103,-17.33,-28.789,是,120000000,42600000,2647200000.0,939756000.0,33.19871,4.147091,2.42718,8.71,9.54,11.14,11.8,12.87,14.77,19.26,2016-09-08,-
2018-02-13,300543,朗科智能,消费电子,9.64,9.73,8.93,9.09,8.93,3406388,74338797.28,7.996216,-2.811,8.61,否,1.64,2.712,-3.503,-18.912,-27.627,否,120000000,42600000,2572800000.0,913344000.0,32.265655,4.030536,2.358964,8.83,9.33,10.94,11.66,12.75,14.73,19.19,2016-09-08,-
2018-02-14,300543,朗科智能,消费电子,8.95,9.06,8.64,8.93,8.64,2105831,43946488.65,4.943265,-1.679,4.71,否,0.86,5.059,5.307,-18.966,-30.289,否,120000000,42600000,2529600000.0,898008000.0,31.723881,3.962859,2.319355,8.94,9.12,10.72,11.51,12.62,14.69,19.12,2016-09-08,-
2018-02-22,300543,朗科智能,消费电子,9.13,9.22,8.9,9.01,8.9,1679440,35775619.48,3.942347,0.901,3.51,否,0.68,-3.636,7.775,-13.945,-28.831,否,120000000,42600000,2552400000.0,906102000.0,32.009817,3.998577,2.34026,8.98,8.97,10.5,11.37,12.51,14.65,19.04,2016-09-08,-
2018-02-23,300543,朗科智能,消费电子,8.97,9.08,8.89,9.04,8.89,1451300,30756705.0,3.406808,0.282,2.16,否,0.62,-0.55,2.147,-7.282,-32.987,否,120000000,42600000,2559600000.0,908658000.0,32.100113,4.009857,2.346861,9.08,8.9,10.28,11.23,12.39,14.62,18.97,2016-09-08,-
2018-02-26,300543,朗科智能,消费电子,9.16,9.8,9.07,9.53,9.07,3000000,66627565.0,7.042254,5.438,8.06,否,1.35,6.719,12.118,1.168,-27.912,否,120000000,42600000,2698800000.0,958074000.0,33.845829,4.227927,2.474492,9.12,8.91,10.13,11.11,12.27,14.59,18.89,2016-09-08,-
2018-02-27,300543,朗科智能,消费电子,9.45,9.73,9.42,9.58,9.42,2531880,57133529.8,5.94338,0.534,3.25,否,1.09,6.326,2.46,12.972,-27.259,否,120000000,42600000,2713200000.0,963186000.0,34.02642,4.250486,2.487695,9.22,9.02,9.98,11.01,12.17,14.56,18.81,2016-09-08,-
2018-02-28,300543,朗科智能,消费电子,9.32,10.46,9.24,9.85,9.24,3788047,87330161.04,8.892129,2.786,12.69,否,1.76,8.96,8.361,17.823,-26.328,否,120000000,42600000,2788800000.0,990024000.0,36.556496,4.36892,2.298734,9.4,9.17,9.85,10.91,12.09,14.53,18.74,2016-09-08,-
2018-03-01,300543,朗科智能,消费电子,9.75,10.29,9.63,10.24,9.63,3660733,87016864.67,8.59327,4.002,6.67,否,1.47,7.45,14.67,15.706,-23.065,否,120000000,42600000,2900400000.0,1029642000.0,38.019385,4.543752,2.390723,9.65,9.31,9.73,10.83,12.01,14.49,18.67,2016-09-08,-
2018-03-02,300543,朗科智能,消费电子,10.1,10.26,9.87,9.99,9.87,3027704,71854781.88,7.107286,-2.482,3.85,否,1.05,4.28,10.877,17.529,-25.67,否,120000000,42600000,2828400000.0,1004082000.0,37.075585,4.430958,2.331375,9.84,9.46,9.6,10.71,11.93,14.44,18.61,2016-09-08,-
2018-03-05,300543,朗科智能,消费电子,10.13,10.4,9.9,10.37,9.9,3192316,76684412.68,7.4937,3.776,5.01,否,1.0,5.279,14.712,10.909,-17.305,否,120000000,42600000,2935200000.0,1041996000.0,38.475554,4.59827,2.419408,10.01,9.56,9.55,10.62,11.88,14.38,18.54,2016-09-08,-
2018-03-06,300543,朗科智能,消费电子,10.3,10.46,10.15,10.26,10.15,2852294,69242450.68,6.695526,-0.981,2.98,否,0.88,0.195,7.66,12.871,-17.788,否,120000000,42600000,2906400000.0,1031772000.0,38.098035,4.553152,2.395669,10.14,9.68,9.5,10.52,11.82,14.33,18.46,2016-09-08,-
2018-03-07,300543,朗科智能,消费电子,10.4,10.4,9.97,10.06,9.97,1945654,46561305.02,4.567263,-2.023,4.21,否,0.59,0.701,5.01,12.654,-19.777,否,120000000,42600000,2847600000.0,1010898000.0,37.327265,4.461036,2.347202,10.18,9.79,9.46,10.41,11.76,14.28,18.39,2016-09-08,-
2018-03-08,300543,朗科智能,消费电子,10.01,10.92,10.01,10.51,10.01,5035706,125225931.56,11.820906,4.467,9.06,否,1.72,1.35,6.701,16.648,-17.439,否,120000000,42600000,2974800000.0,1056054000.0,38.994644,4.660307,2.452049,10.24,9.94,9.46,10.31,11.7,14.24,18.32,2016-09-08,-
2018-03-09,300543,朗科智能,消费电子,10.39,11.05,10.39,11.04,10.39,5435990,137457464.4,12.76054,5.083,6.25,否,1.69,7.602,7.813,22.124,-11.821,否,120000000,42600000,3126000000.0,1109730000.0,40.976623,4.897176,2.576679,10.45,10.14,9.52,10.23,11.66,14.2,18.25,2016-09-08,-
2018-03-12,300543,朗科智能,消费电子,11.05,11.61,10.98,11.2,10.98,5158390,136725586.28,12.108897,1.497,5.76,否,1.4,11.332,12.112,17.524,-0.973,否,120000000,42600000,3172800000.0,1126344000.0,41.590092,4.970493,2.615255,10.61,10.31,9.61,10.19,11.62,14.16,18.18,2016-09-08,-
2018-03-13,300543,朗科智能,消费电子,11.1,11.2,10.87,11.04,10.87,2698728,70177016.08,6.335042,-1.513,3.03,否,0.66,5.043,6.461,15.24,-1.517,否,120000000,42600000,3124800000.0,1109304000.0,40.960893,4.895296,2.57569,10.77,10.46,9.74,10.14,11.59,14.11,18.11,2016-09-08,-
2018-03-14,300543,朗科智能,消费电子,11.15,11.15,10.69,10.78,10.69,2580800,66782531.2,6.058216,-2.304,4.15,否,0.64,-2.355,5.068,9.442,-2.178,否,120000000,42600000,3052800000.0,1083744000.0,40.017093,4.782502,2.516342,10.91,10.55,9.86,10.08,11.54,14.07,18.04,2016-09-08,-
2018-03-15,300543,朗科智能,消费电子,10.68,10.74,10.09,10.48,10.09,3015842,73876655.06,7.079441,-2.791,6.05,否,0.72,-6.429,4.175,2.344,0.096,否,120000000,42600000,2967600000.0,1053498000.0,38.900264,4.649028,2.446114,10.91,10.57,9.94,10.01,11.49,14.03,17.97,2016-09-08,-
2018-03-16,300543,朗科智能,消费电子,10.47,10.54,10.22,10.25,10.22,1477000,36333492.0,3.467136,-2.224,3.11,否,0.39,-7.156,-2.474,2.603,5.128,否,120000000,42600000,2901600000.0,1030068000.0,38.035115,4.545632,2.391712,10.75,10.6,10.03,9.93,11.44,13.98,17.9,2016-09-08,-
2018-03-19,300543,朗科智能,消费电子,10.2,10.63,10.19,10.51,10.19,1681352,41595406.64,3.946836,2.605,4.3,否,0.56,-2.505,-4.801,1.35,11.571,否,120000000,42600000,2977200000.0,1056906000.0,39.026104,4.664067,2.454027,10.61,10.61,10.09,9.91,11.39,13.94,17.83,2016-09-08,-
2018-03-20,300543,朗科智能,消费电子,10.37,10.84,10.17,10.7,10.17,2440900,60675036.0,5.729812,1.773,6.33,否,1.07,2.099,-4.464,4.288,26.179,否,120000000,42600000,3030000000.0,1075650000.0,39.718223,4.746783,2.497549,10.54,10.66,10.17,9.89,11.35,13.89,17.76,2016-09-08,-
2018-03-21,300543,朗科智能,消费电子,10.76,10.93,10.39,10.43,10.39,2777000,70329024.2,6.518779,-2.535,5.07,否,1.24,1.756,-5.525,3.678,24.761,否,120000000,42600000,2953200000.0,1048386000.0,38.711504,4.626469,2.434245,10.47,10.69,10.24,9.87,11.32,13.84,17.68,2016-09-08,-
2018-03-22,300543,朗科智能,消费电子,10.59,10.86,10.43,10.86,10.43,3281300,82754935.0,7.702582,4.145,4.1,否,1.44,3.33,0.742,3.33,22.712,否,120000000,42600000,3075600000.0,1091838000.0,40.315963,4.81822,2.535136,10.55,10.73,10.34,9.88,11.29,13.8,17.6,2016-09-08,-
2018-03-23,300543,朗科智能,消费电子,10.34,10.64,9.78,9.78,9.78,3580380,86521730.0,8.404648,-9.988,7.92,否,1.54,-8.598,-6.679,-11.413,15.059,否,120000000,42600000,2768400000.0,982782000.0,36.289086,4.336962,2.281919,10.46,10.6,10.37,9.88,11.25,13.73,17.51,2016-09-08,-
2018-03-26,300543,朗科智能,消费电子,9.53,9.95,9.04,9.92,9.04,1915700,43073263.0,4.496948,1.474,9.36,否,0.7,-4.89,-3.22,-11.429,6.096,否,120000000,42600000,2809200000.0,997266000.0,36.823905,4.400879,2.315549,10.34,10.48,10.39,9.9,11.2,13.66,17.43,2016-09-08,-
2018-03-27,300543,朗科智能,消费电子,10.12,10.48,9.97,10.27,9.97,2218300,53760835.9,5.207277,3.545,5.17,否,0.79,-5.433,-2.284,-6.975,12.981,否,120000000,42600000,2908800000.0,1032624000.0,38.129495,4.556912,2.397647,10.25,10.4,10.43,9.96,11.16,13.6,17.36,2016-09-08,-
2018-03-28,300543,朗科智能,消费电子,10.16,11.3,10.09,10.98,10.09,7997163,208883079.38,18.772683,6.848,11.8,否,2.9,12.27,2.617,1.855,22.956,否,120000000,42600000,3108000000.0,1103340000.0,40.740673,4.868978,2.561842,10.36,10.42,10.48,10.05,11.13,13.54,17.29,2016-09-08,-
2018-03-29,300543,朗科智能,消费电子,10.95,11.31,10.72,10.99,10.72,5981979,155028496.49,14.042204,0.154,5.33,否,1.57,10.786,5.369,4.866,21.976,否,120000000,42600000,3112800000.0,1105044000.0,40.803593,4.876497,2.565799,10.39,10.47,10.52,10.12,11.1,13.48,17.22,2016-09-08,-
2018-03-30,300543,朗科智能,消费电子,11.11,11.71,11.0,11.57,11.0,7027497,188185851.22,16.496472,5.281,6.48,否,1.62,12.658,6.538,12.878,27.987,否,120000000,42600000,3277200000.0,1163406000.0,42.958601,5.134046,2.701309,10.75,10.6,10.6,10.22,11.08,13.44,17.14,2016-09-08,-
2018-04-02,300543,朗科智能,消费电子,11.56,12.06,11.34,11.71,11.34,6204185,170591610.38,14.563815,1.172,6.22,否,1.23,6.648,19.734,11.418,22.875,否,120000000,42600000,3315600000.0,1177038000.0,43.461961,5.194203,2.732962,11.1,10.72,10.67,10.3,11.05,13.39,17.07,2016-09-08,-
2018-04-03,300543,朗科智能,消费电子,11.39,11.58,11.15,11.44,11.15,3278199,88162308.2,7.695303,-2.316,3.69,否,0.56,4.095,15.323,6.916,19.415,否,120000000,42600000,3238800000.0,1149774000.0,42.455242,5.073888,2.669657,11.34,10.8,10.73,10.38,11.02,13.35,16.98,2016-09-08,-
2018-04-04,300543,朗科智能,消费电子,11.6,11.65,11.15,11.17,11.15,2859765,77108038.25,6.713063,-2.297,4.41,否,0.47,-3.457,8.763,7.095,13.401,否,120000000,42600000,3164400000.0,1123362000.0,41.479982,4.957334,2.608331,11.38,10.87,10.78,10.45,10.98,13.3,16.9,2016-09-08,-
2018-04-09,300543,朗科智能,消费电子,11.17,11.65,10.93,11.6,10.93,3329000,88930135.5,7.814554,3.83,6.41,否,0.66,-0.939,5.647,6.814,13.281,否,120000000,42600000,3285600000.0,1166388000.0,43.068711,5.147205,2.708233,11.5,10.94,10.84,10.54,10.95,13.24,16.81,2016-09-08,-
2018-04-10,300543,朗科智能,消费电子,11.15,11.35,10.44,10.64,10.44,5997314,153452925.92,14.078202,-8.327,7.85,否,1.32,-6.993,-3.185,8.793,6.507,否,120000000,42600000,3012000000.0,1069260000.0,39.482274,4.718585,2.482712,11.31,11.03,10.82,10.59,10.91,13.18,16.72,2016-09-08,-
2018-04-11,300543,朗科智能,消费电子,10.59,11.0,10.47,10.79,10.47,2647303,67025023.54,6.214326,1.474,5.02,否,0.61,-3.402,-6.742,8.77,4.05,否,120000000,42600000,3056400000.0,1085022000.0,40.064283,4.788141,2.51931,11.13,11.12,10.8,10.63,10.87,13.12,16.63,2016-09-08,-
2018-04-12,300543,朗科智能,消费电子,10.75,11.87,10.73,11.87,10.73,11909157,330060662.02,27.955768,10.012,10.64,否,3.29,2.328,1.366,15.579,15.692,是,120000000,42600000,3362400000.0,1193652000.0,44.075431,5.267519,2.771538,11.21,11.28,10.84,10.71,10.86,13.08,16.54,2016-09-08,-
2018-04-13,300543,朗科智能,消费电子,11.78,11.8,11.27,11.34,11.27,8998499,244286157.38,21.123237,-4.532,4.43,否,1.68,6.579,-0.874,3.279,12.724,否,120000000,42600000,3210000000.0,1139550000.0,42.077722,5.02877,2.645918,11.25,11.31,10.87,10.76,10.83,13.04,16.46,2016-09-08,-
2018-04-16,300543,朗科智能,消费电子,11.05,11.19,10.68,10.93,10.68,4848100,125520324.0,11.380516,-3.551,4.52,否,0.74,1.297,-2.149,-0.546,3.996,否,120000000,42600000,3096000000.0,1099080000.0,40.583373,4.850179,2.551951,11.11,11.31,10.89,10.78,10.8,12.99,16.38,2016-09-08,-
2018-04-17,300543,朗科智能,消费电子,10.95,12.03,10.95,11.82,10.95,13126858,366849642.92,30.814221,8.14,9.88,否,1.91,-0.421,1.897,2.161,7.065,否,120000000,42600000,3348000000.0,1188540000.0,43.886671,5.24496,2.759668,11.35,11.33,10.97,10.84,10.78,12.96,16.3,2016-09-08,-
2018-04-18,300543,朗科智能,消费电子,11.52,13.01,11.37,13.01,11.37,15281218,435323603.18,35.871404,10.0,13.8,否,1.84,14.727,22.274,11.102,16.161,是,120000000,42600000,3682800000.0,1307394000.0,48.275338,5.769457,3.035635,11.79,11.46,11.09,10.93,10.77,12.93,16.23,2016-09-08,-
2018-04-19,300543,朗科智能,消费电子,12.44,12.84,12.29,12.33,12.29,11504045,340088406.7,27.0048,-5.181,4.2,否,1.06,12.809,14.272,7.78,11.685,否,120000000,42600000,3492000000.0,1239660000.0,45.774269,5.47055,2.878363,11.89,11.55,11.17,11.0,10.76,12.89,16.16,2016-09-08,-
2018-04-20,300543,朗科智能,消费电子,12.14,12.66,12.1,12.45,12.1,6958045,203182290.99,16.333439,0.928,4.57,否,0.65,5.33,4.886,11.459,15.492,否,120000000,42600000,3524400000.0,1251162000.0,46.198979,5.521308,2.90507,12.11,11.68,11.27,11.08,10.74,12.84,16.09,2016-09-08,-
2018-04-23,300543,朗科智能,消费电子,12.19,12.44,11.69,12.08,11.69,4747745,135139157.55,11.144941,-2.928,6.03,否,0.46,-7.148,6.526,4.138,15.267,否,120000000,42600000,3421200000.0,1214526000.0,44.8462,5.359635,2.820005,12.34,11.73,11.33,11.13,10.72,12.78,16.03,2016-09-08,-
2018-04-24,300543,朗科智能,消费电子,11.92,13.29,11.92,13.29,11.92,12125259,369169840.26,28.463049,9.996,11.36,否,1.17,7.786,21.592,24.906,29.659,是,120000000,42600000,3763200000.0,1335936000.0,49.329247,5.895411,3.101906,12.63,11.99,11.51,11.21,10.72,12.74,15.98,2016-09-08,-
2018-04-25,300543,朗科智能,消费电子,12.88,13.37,12.75,12.93,12.75,9339608,287132552.72,21.923962,-2.71,4.69,否,0.92,3.855,9.391,19.833,23.026,否,120000000,42600000,3661200000.0,1299726000.0,57.217323,5.541918,3.115001,12.62,12.21,11.66,11.27,10.73,12.69,15.93,2016-09-08,-
2018-04-26,300543,朗科智能,消费电子,12.95,13.64,12.95,12.98,12.95,9047500,284011337.0,21.238263,0.426,5.31,否,1.01,7.45,-0.231,9.351,21.308,否,120000000,42600000,3676800000.0,1305264000.0,57.46112,5.565531,3.128274,12.75,12.32,11.8,11.33,10.74,12.64,15.89,2016-09-08,-
2018-04-27,300543,朗科智能,消费电子,12.67,13.38,12.52,13.34,12.52,6559106,201805993.36,15.396962,2.774,6.63,否,0.78,0.376,8.191,17.637,27.9,否,120000000,42600000,3778800000.0,1341474000.0,59.055179,5.719928,3.215057,12.92,12.52,11.91,11.42,10.75,12.6,15.84,2016-09-08,-
2018-05-02,300543,朗科智能,消费电子,13.2,13.49,12.01,12.73,12.01,6154071,187164093.85,14.446176,-4.636,11.11,否,0.74,-1.547,2.249,16.468,17.219,否,120000000,42600000,3603600000.0,1279278000.0,56.317149,5.454729,3.065994,13.05,12.7,12.0,11.49,10.75,12.55,15.79,2016-09-08,-
2018-05-03,300543,朗科智能,消费电子,12.37,13.86,12.08,13.56,12.08,7722798,238528432.86,18.128634,6.56,13.95,否,0.89,4.468,12.252,14.721,38.65,否,120000000,42600000,3840000000.0,1363200000.0,60.011614,5.812566,3.267127,13.11,12.87,12.1,11.6,10.77,12.52,15.74,2016-09-08,-
2018-05-04,300543,朗科智能,消费电子,13.44,13.64,12.92,13.15,12.92,5455208,170619305.28,12.805653,-3.031,5.31,否,0.7,-1.424,-1.053,1.076,32.56,否,120000000,42600000,3723600000.0,1321878000.0,58.192512,5.636372,3.168092,13.15,12.88,12.17,11.69,10.8,12.47,15.69,2016-09-08,-
2018-05-07,300543,朗科智能,消费电子,13.1,13.55,13.06,13.48,13.06,6058145,191218281.42,14.220998,2.546,3.74,否,0.87,5.892,4.254,9.327,31.256,否,120000000,42600000,3818400000.0,1355532000.0,59.674048,5.77987,3.248749,13.25,13.0,12.27,11.78,10.84,12.44,15.65,2016-09-08,-
2018-05-08,300543,朗科智能,消费电子,13.56,13.57,13.0,13.22,13.0,5816371,181661237.25,13.653453,-1.948,4.24,否,0.91,-2.507,1.849,6.185,20.401,否,120000000,42600000,3744000000.0,1329120000.0,58.511323,5.667251,3.185449,13.23,13.08,12.38,11.87,10.87,12.39,15.6,2016-09-08,-
2018-05-09,300543,朗科智能,消费电子,13.23,13.23,12.74,13.01,12.74,3661800,111853573.0,8.595775,-1.603,3.72,否,0.59,-1.065,-2.474,7.699,18.38,否,120000000,42600000,3684000000.0,1307820000.0,57.573642,5.57643,3.1344,13.28,13.17,12.45,11.95,10.91,12.34,15.56,2016-09-08,-
2018-05-10,300543,朗科智能,消费电子,12.99,13.25,12.87,13.12,12.87,3532695,108960719.45,8.292711,0.814,2.93,否,0.62,-2.671,3.064,-1.279,13.397,否,120000000,42600000,3714000000.0,1318470000.0,58.042483,5.621841,3.159924,13.2,13.15,12.57,12.06,10.97,12.29,15.51,2016-09-08,-
2018-05-11,300543,朗科智能,消费电子,13.07,13.07,12.11,12.15,12.11,5292900,156746549.7,12.424648,-7.334,7.33,否,1.08,-8.094,-10.398,-6.032,3.757,否,120000000,42600000,3441600000.0,1221768000.0,53.785409,5.209512,2.928162,13.0,13.07,12.64,12.13,11.02,12.24,15.47,2016-09-08,-
2018-05-14,300543,朗科智能,消费电子,11.99,12.54,11.87,12.28,11.87,2429006,70124909.88,5.701892,1.011,5.58,否,0.5,-5.611,-6.616,-5.393,7.343,否,120000000,42600000,3476400000.0,1234122000.0,54.329264,5.262188,2.957771,12.76,13.0,12.66,12.2,11.08,12.21,15.42,2016-09-08,-
2018-05-15,300543,朗科智能,消费电子,12.17,12.44,12.08,12.42,12.08,2374600,68883458.94,5.574178,1.174,2.93,否,0.57,-5.335,-7.864,-6.897,11.191,否,120000000,42600000,3517200000.0,1248606000.0,54.966887,5.323947,2.992484,12.6,12.91,12.71,12.25,11.15,12.18,15.37,2016-09-08,-
2018-05-16,300543,朗科智能,消费电子,12.31,12.41,11.89,11.93,11.89,2595300,74317032.0,6.092254,-3.958,4.23,否,0.75,-1.811,-9.758,-6.284,2.845,否,120000000,42600000,3378000000.0,1199190000.0,52.791466,5.113241,2.874051,12.38,12.83,12.76,12.28,11.2,12.14,15.32,2016-09-08,-
2018-05-17,300543,朗科智能,消费电子,11.89,12.2,11.87,11.96,11.87,1650934,46801266.08,3.875432,0.284,2.84,否,0.51,-2.606,-8.071,-11.799,12.406,否,120000000,42600000,3387600000.0,1202598000.0,52.941495,5.127773,2.882218,12.15,12.67,12.77,12.29,11.26,12.11,15.27,2016-09-08,-
2018-05-18,300543,朗科智能,消费电子,11.91,12.13,11.44,11.68,11.44,2813834,77366915.52,6.605244,-2.373,5.77,否,0.98,-5.958,-10.976,-11.179,8.248,否,120000000,42600000,3307200000.0,1174056000.0,51.685002,5.006072,2.813813,12.05,12.53,12.7,12.29,11.29,12.08,15.22,2016-09-08,-
2018-05-21,300543,朗科智能,消费电子,11.76,12.85,11.76,12.85,11.76,7811829,231971874.28,18.337627,10.015,9.36,否,3.29,7.712,5.761,-4.674,8.256,是,120000000,42600000,3638400000.0,1291632000.0,56.861004,5.507406,3.095603,12.17,12.46,12.73,12.34,11.36,12.05,15.18,2016-09-08,-
2018-05-22,300543,朗科智能,消费电子,13.14,13.14,12.56,12.71,12.56,6150945,184940444.8,14.438838,-1.055,4.45,否,1.78,6.271,3.502,-3.858,12.081,否,120000000,42600000,3600000000.0,1278000000.0,56.260888,5.44928,3.062931,12.23,12.41,12.74,12.39,11.42,12.02,15.14,2016-09-08,-
2018-05-23,300543,朗科智能,消费电子,12.88,12.91,12.59,12.63,12.59,3916200,117670639.0,9.192958,-0.667,2.53,否,0.93,8.134,1.691,-2.921,15.554,否,120000000,42600000,3576000000.0,1269480000.0,55.885815,5.412952,3.042512,12.37,12.37,12.77,12.42,11.48,11.99,15.11,2016-09-08,-
2018-05-24,300543,朗科智能,消费电子,12.56,13.56,12.53,13.32,12.53,9291779,289649489.28,21.811688,5.503,8.19,否,2.08,3.658,11.651,1.524,12.69,否,120000000,42600000,3772800000.0,1339344000.0,58.96141,5.710846,3.209952,12.64,12.39,12.77,12.51,11.55,11.97,15.08,2016-09-08,-
2018-05-25,300543,朗科智能,消费电子,13.15,13.55,12.98,13.31,12.98,6102745,191175923.95,14.325692,-0.095,4.33,否,1.02,4.721,11.288,9.547,2.306,否,120000000,42600000,3769200000.0,1338066000.0,58.90515,5.705396,3.206889,12.96,12.51,12.79,12.6,11.61,11.94,15.05,2016-09-08,-
2018-05-28,300543,朗科智能,消费电子,13.08,13.37,12.71,12.86,12.71,3462200,106552531.0,8.12723,-3.407,4.93,否,0.52,1.821,10.103,4.723,4.298,否,120000000,42600000,3640800000.0,1292484000.0,56.898511,5.511039,3.097645,12.97,12.57,12.79,12.63,11.67,11.92,15.02,2016-09-08,-
2018-05-29,300543,朗科智能,消费电子,12.99,13.65,12.93,13.04,12.93,4419351,137086089.45,10.374063,1.398,5.66,否,0.76,-2.102,1.479,4.992,4.739,否,120000000,42600000,3655200000.0,1297596000.0,57.123555,5.532836,3.109896,13.03,12.63,12.77,12.69,11.72,11.9,14.99,2016-09-08,-
2018-05-30,300543,朗科智能,消费电子,11.98,12.47,11.73,11.73,11.73,4859395,136017347.15,11.407031,-10.013,5.65,否,0.89,-11.871,-7.71,-1.676,-2.897,否,120000000,42600000,3289200000.0,1167666000.0,51.403698,4.978826,2.798498,12.85,12.61,12.72,12.71,11.75,11.88,14.97,2016-09-08,-
2018-05-31,300543,朗科智能,消费电子,11.98,12.1,11.14,11.72,11.14,3033095,82959065.05,7.119941,-0.073,8.25,否,0.54,-8.865,-7.205,-2.007,-11.813,否,120000000,42600000,3286800000.0,1166814000.0,51.366191,4.975193,2.796456,12.53,12.59,12.63,12.71,11.78,11.85,14.94,2016-09-08,-
2018-06-01,300543,朗科智能,消费电子,11.47,11.71,10.58,10.73,10.58,4091300,105229316.0,9.603991,-8.507,9.68,否,0.94,-17.715,-19.444,-8.134,-17.015,否,120000000,42600000,3007200000.0,1067556000.0,46.996595,4.551965,2.558569,12.02,12.49,12.51,12.63,11.78,11.83,14.91,2016-09-08,-
2018-06-04,300543,朗科智能,消费电子,10.73,10.97,10.61,10.76,10.61,1987300,49993085.0,4.665023,0.359,3.39,否,0.5,-8.269,-19.159,-16.265,-17.103,否,120000000,42600000,3018000000.0,1071390000.0,47.165378,4.568313,2.567758,11.6,12.28,12.37,12.58,11.79,11.81,14.88,2016-09-08,-
2018-06-05,300543,朗科智能,消费电子,10.76,11.1,10.76,11.03,10.76,2066165,52835110.95,4.850153,2.505,3.18,否,0.56,-5.887,-14.23,-13.218,-17.316,否,120000000,42600000,3093600000.0,1098228000.0,48.346856,4.682748,2.632079,11.19,12.11,12.26,12.53,11.81,11.78,14.85,2016-09-08,-
2018-06-06,300543,朗科智能,消费电子,10.99,11.39,10.99,11.18,10.99,2362700,61903137.0,5.546244,1.319,3.65,否,0.74,4.194,-14.264,-11.481,-12.176,否,120000000,42600000,3134400000.0,1112712000.0,48.98448,4.744507,2.666792,11.08,11.97,12.17,12.5,11.82,11.76,14.82,2016-09-08,-
2018-06-07,300543,朗科智能,消费电子,11.28,11.36,10.94,11.09,10.94,2011165,52490288.2,4.721045,-0.804,3.83,否,0.74,3.067,-5.456,-16.742,-18.215,否,120000000,42600000,3109200000.0,1103766000.0,48.590653,4.706362,2.645352,10.96,11.75,12.07,12.43,11.82,11.74,14.79,2016-09-08,-
2018-06-08,300543,朗科智能,消费电子,11.08,11.08,10.7,10.88,10.7,1981600,50120906.0,4.651643,-1.891,3.4,否,0.79,-1.36,-7.167,-18.257,-17.262,否,120000000,42600000,3050400000.0,1082892000.0,47.671726,4.617357,2.595324,10.99,11.5,12.01,12.36,11.81,11.72,14.75,2016-09-08,-
2018-06-11,300543,朗科智能,消费电子,10.7,11.05,10.67,10.73,10.67,1362700,34586439.0,3.198826,-1.416,3.5,否,0.65,-4.025,0.0,-16.563,-20.401,否,120000000,42600000,3007200000.0,1067556000.0,46.996595,4.551965,2.558569,10.98,11.29,11.93,12.29,11.81,11.7,14.71,2016-09-08,-
2018-06-12,300543,朗科智能,消费电子,10.75,11.37,10.71,11.23,10.71,3021400,77945598.0,7.092488,4.709,6.15,否,1.54,1.262,4.368,-13.88,-15.053,否,120000000,42600000,3148800000.0,1117824000.0,49.209523,4.766304,2.679044,11.02,11.11,11.87,12.22,11.82,11.68,14.68,2016-09-08,-
2018-06-13,300543,朗科智能,消费电子,11.09,11.23,10.72,10.74,10.72,2263400,57849685.0,5.313146,-4.345,4.5,否,1.05,-1.287,-2.629,-8.44,-17.448,否,120000000,42600000,3012000000.0,1069260000.0,47.07161,4.559231,2.562653,10.93,11.01,11.81,12.15,11.82,11.65,14.64,2016-09-08,-
2018-06-14,300543,朗科智能,消费电子,10.7,10.94,10.66,10.74,10.66,1390900,35107093.0,3.265023,-0.04,2.63,否,0.65,0.093,-3.936,-8.362,-18.14,否,120000000,42600000,3010800000.0,1068834000.0,47.052856,4.557415,2.561632,10.86,10.91,11.75,12.06,11.83,11.63,14.61,2016-09-08,-
2018-06-15,300543,朗科智能,消费电子,10.74,10.87,9.66,9.67,9.66,3004700,70183284.0,7.053286,-9.924,11.24,否,1.5,-13.891,-12.804,-9.879,-20.412,否,120000000,42600000,2712000000.0,962760000.0,42.383202,4.105124,2.307408,10.62,10.81,11.65,11.94,11.81,11.6,14.57,2016-09-08,-
2018-06-19,300543,朗科智能,消费电子,9.25,9.59,8.71,8.71,8.71,2235800,47272807.0,5.248357,-10.0,9.12,否,1.01,-18.901,-19.945,-19.052,-29.072,否,120000000,42600000,2440800000.0,866484000.0,38.144882,3.694612,2.076668,10.22,10.6,11.44,11.78,11.78,11.56,14.52,2016-09-08,-
2018-06-20,300543,朗科智能,消费电子,8.77,9.37,8.68,9.1,8.68,2498300,52467973.0,5.864554,4.474,7.92,否,1.05,-15.27,-15.191,-17.498,-26.731,否,120000000,42600000,2550000000.0,905250000.0,39.851462,3.859907,2.169576,9.79,10.41,11.26,11.64,11.76,11.54,14.48,2016-09-08,-
2018-06-21,300543,朗科智能,消费电子,9.07,9.35,8.78,8.92,8.78,1943500,41073057.0,4.562207,-1.929,6.31,否,0.85,-7.756,-20.57,-20.215,-25.231,否,120000000,42600000,2500800000.0,887784000.0,39.082563,3.785433,2.127716,9.43,10.18,11.07,11.51,11.73,11.51,14.44,2016-09-08,-
2018-06-22,300543,朗科智能,消费电子,8.88,9.81,8.65,9.43,8.65,3721995,82042554.8,8.737077,5.758,13.05,否,1.68,8.266,-12.197,-14.968,-21.154,否,120000000,42600000,2644800000.0,938904000.0,41.332999,4.003404,2.250234,9.17,10.02,10.88,11.38,11.72,11.48,14.4,2016-09-08,-
2018-06-25,300543,朗科智能,消费电子,9.47,9.63,9.2,9.47,9.2,2937695,64423756.4,6.895998,0.408,4.54,否,1.1,4.066,-11.825,-12.96,-18.921,否,120000000,42600000,2655600000.0,942738000.0,41.501782,4.019752,2.259422,9.13,9.87,10.69,11.3,11.71,11.46,14.36,2016-09-08,-
2018-06-26,300543,朗科智能,消费电子,9.33,9.67,9.12,9.54,9.12,2316300,51109856.0,5.437324,0.723,5.87,否,0.87,6.951,-1.344,-11.09,-25.759,否,120000000,42600000,2674800000.0,949554000.0,41.80184,4.048815,2.275758,9.29,9.76,10.52,11.2,11.7,11.43,14.32,2016-09-08,-
2018-06-27,300543,朗科智能,消费电子,9.61,9.61,9.3,9.31,9.3,1925595,42315148.05,4.520176,-2.378,3.23,否,0.72,-1.273,6.889,-17.097,-26.751,否,120000000,42600000,2611200000.0,926976000.0,40.807897,3.952545,2.221646,9.33,9.56,10.34,11.1,11.67,11.4,14.28,2016-09-08,-
2018-06-28,300543,朗科智能,消费电子,9.31,9.57,9.24,9.36,9.24,1782928,39279082.42,4.185277,0.551,3.49,否,0.69,-1.162,2.857,-12.849,-25.891,否,120000000,42600000,2625600000.0,932088000.0,41.032941,3.974342,2.233898,9.42,9.43,10.22,11.01,11.65,11.37,14.24,2016-09-08,-
2018-06-29,300543,朗科智能,消费电子,9.28,9.74,9.24,9.65,9.24,2287494,51107376.73,5.369704,3.016,5.26,否,0.9,1.153,8.184,-10.149,-27.553,否,120000000,42600000,2704800000.0,960204000.0,42.27068,4.094226,2.301282,9.47,9.32,10.11,10.94,11.61,11.35,14.2,2016-09-08,-
2018-07-02,300543,朗科智能,消费电子,9.33,9.54,8.97,9.2,8.97,2460899,53440195.82,5.776758,-4.614,5.9,否,1.09,-1.182,-2.439,-4.86,-30.879,否,120000000,42600000,2580000000.0,915900000.0,40.320303,3.905317,2.195101,9.41,9.27,10.04,10.85,11.57,11.31,14.15,2016-09-08,-
2018-07-03,300543,朗科智能,消费电子,9.36,9.84,9.36,9.6,9.36,2827395,63116257.65,6.637077,4.372,5.3,否,1.31,2.564,1.373,10.218,-25.35,否,120000000,42600000,2692800000.0,955944000.0,42.083144,4.076062,2.291073,9.42,9.36,9.98,10.75,11.54,11.28,14.11,2016-09-08,-
2018-07-04,300543,朗科智能,消费电子,9.63,9.63,9.29,9.41,9.29,1930600,42639770.01,4.531925,-2.005,3.57,否,0.86,-2.487,-1.363,3.407,-27.837,否,120000000,42600000,2638800000.0,936774000.0,41.239231,3.994322,2.245129,9.44,9.39,9.9,10.64,11.51,11.25,14.06,2016-09-08,-
2018-07-05,300543,朗科智能,消费电子,9.39,9.49,9.22,9.22,9.22,1339100,29221602.35,3.143427,-2.046,2.91,否,0.59,0.217,-0.967,3.363,-21.398,否,120000000,42600000,2584800000.0,917604000.0,40.395317,3.912583,2.199185,9.42,9.42,9.8,10.52,11.47,11.21,14.02,2016-09-08,-
2018-07-06,300543,朗科智能,消费电子,9.36,9.49,8.69,9.21,8.69,1446100,31214740.0,3.394601,-0.139,8.73,否,0.67,-4.063,-1.603,-2.333,-21.416,否,120000000,42600000,2581200000.0,916326000.0,40.339057,3.907134,2.196122,9.33,9.4,9.71,10.39,11.45,11.18,13.97,2016-09-08,-
2018-07-09,300543,朗科智能,消费电子,9.21,9.48,9.21,9.44,9.21,1169900,25632061.0,2.746244,2.557,2.93,否,0.58,0.319,-2.176,-0.317,-12.022,否,120000000,42600000,2647200000.0,939756000.0,41.370506,4.007037,2.252276,9.38,9.39,9.63,10.26,11.43,11.15,13.92,2016-09-08,-
2018-07-10,300543,朗科智能,消费电子,9.44,10.27,9.34,9.68,9.34,3111746,70823428.84,7.304568,2.539,9.84,否,1.79,4.989,5.217,1.468,-10.037,否,120000000,42600000,2714400000.0,963612000.0,42.420709,4.108757,2.30945,9.39,9.41,9.58,10.15,11.39,11.12,13.88,2016-09-08,-
2018-07-11,300543,朗科智能,消费电子,9.55,9.55,9.16,9.33,9.16,2083300,45321644.0,4.890376,-3.625,4.07,否,1.16,1.303,-2.813,0.215,-15.413,否,120000000,42600000,2616000000.0,928680000.0,40.882912,3.95981,2.22573,9.38,9.41,9.49,10.03,11.36,11.09,13.83,2016-09-08,-
2018-07-12,300543,朗科智能,消费电子,9.25,9.71,9.25,9.63,9.25,2394746,53600246.42,5.621469,3.165,4.91,否,1.31,2.013,2.338,2.885,-13.864,否,120000000,42600000,2698800000.0,958074000.0,42.176912,4.085144,2.296178,9.46,9.44,9.43,9.96,11.33,11.07,13.78,2016-09-08,-
2018-07-13,300543,朗科智能,消费电子,9.56,9.82,9.4,9.71,9.4,2819300,63437275.0,6.618075,0.845,4.31,否,1.38,0.31,5.315,0.622,-12.444,否,120000000,42600000,2721600000.0,966168000.0,42.533231,4.119656,2.315576,9.56,9.44,9.38,9.89,11.3,11.04,13.74,2016-09-08,-
2018-07-16,300543,朗科智能,消费电子,9.67,9.84,9.46,9.8,9.46,2404829,54643207.36,5.645138,0.97,3.97,否,1.04,5.038,6.406,6.522,-9.926,否,120000000,42600000,2748000000.0,975540000.0,42.945811,4.159617,2.338038,9.63,9.5,9.39,9.86,11.25,11.01,13.69,2016-09-08,-
2018-07-17,300543,朗科智能,消费电子,9.72,9.75,9.46,9.67,9.46,1665446,37362479.26,3.909498,-1.354,3.01,否,0.65,0.415,2.436,0.729,-9.879,否,120000000,42600000,2710800000.0,962334000.0,42.364449,4.103308,2.306387,9.63,9.51,9.43,9.82,11.2,10.98,13.64,2016-09-08,-
2018-07-18,300543,朗科智能,消费电子,9.67,9.76,9.24,9.34,9.24,1359617,30331856.72,3.191589,-3.364,5.36,否,0.6,-3.811,-3.512,-0.744,-16.83,否,120000000,42600000,2619600000.0,929958000.0,40.939173,3.96526,2.228793,9.63,9.5,9.45,9.77,11.15,10.95,13.59,2016-09-08,-
2018-07-19,300543,朗科智能,消费电子,9.12,9.67,9.12,9.26,9.12,1516057,33184056.12,3.558819,-0.916,5.96,否,0.71,-5.51,-0.75,0.434,-13.78,否,120000000,42600000,2595600000.0,921438000.0,40.5641,3.928931,2.208374,9.56,9.51,9.46,9.7,11.1,10.91,13.53,2016-09-08,-
2018-07-20,300543,朗科智能,消费电子,9.26,9.36,9.14,9.31,9.14,995100,21618371.0,2.335915,0.601,2.4,否,0.51,-3.723,-3.323,1.086,-13.315,否,120000000,42600000,2611200000.0,926976000.0,40.807897,3.952545,2.221646,9.48,9.52,9.46,9.64,11.04,10.88,13.47,2016-09-08,-
2018-07-23,300543,朗科智能,消费电子,9.34,9.49,9.25,9.39,9.25,961080,21046384.88,2.256056,0.781,2.53,否,0.61,0.535,-3.296,-0.53,-2.896,否,120000000,42600000,2631600000.0,934218000.0,41.126709,3.983424,2.239003,9.39,9.51,9.45,9.59,10.98,10.85,13.42,2016-09-08,-
2018-07-24,300543,朗科智能,消费电子,9.39,9.54,9.25,9.49,9.25,1376781,30354756.27,3.23188,1.094,3.01,否,1.06,2.484,-3.163,-1.963,8.955,否,120000000,42600000,2660400000.0,944442000.0,41.576796,4.027018,2.263506,9.36,9.49,9.45,9.55,10.92,10.83,13.36,2016-09-08,-
2018-07-25,300543,朗科智能,消费电子,9.61,9.66,9.46,9.46,9.46,1230200,27463851.54,2.887793,-0.271,2.07,否,0.99,1.611,-2.172,1.393,3.956,否,120000000,42600000,2653200000.0,941886000.0,41.464274,4.016119,2.25738,9.38,9.51,9.46,9.49,10.85,10.8,13.31,2016-09-08,-
2018-07-26,300543,朗科智能,消费电子,9.43,9.55,9.08,9.18,9.08,1551900,33622992.0,3.642958,-2.985,5.02,否,1.28,-2.236,-1.713,-4.673,2.915,否,120000000,42600000,2574000000.0,913770000.0,40.226535,3.896235,2.189996,9.37,9.46,9.45,9.44,10.8,10.77,13.25,2016-09-08,-
2018-07-27,300543,朗科智能,消费电子,9.1,9.23,8.9,9.02,8.9,999700,21117578.0,2.346714,-1.772,3.54,否,0.82,-4.953,-2.592,-7.106,-4.348,否,120000000,42600000,2528400000.0,897582000.0,39.513897,3.827211,2.151199,9.31,9.39,9.42,9.38,10.72,10.74,13.2,2016-09-08,-
2018-07-30,300543,朗科智能,消费电子,9.03,9.05,8.26,8.47,8.26,2027900,40858636.0,4.760329,-6.075,8.73,否,1.66,-10.465,-9.023,-13.571,-10.56,否,120000000,42600000,2374800000.0,843054000.0,37.113432,3.594708,2.020514,9.12,9.26,9.38,9.34,10.64,10.72,13.14,2016-09-08,-
2018-07-31,300543,朗科智能,消费电子,8.49,8.58,8.43,8.49,8.43,752800,14935674.0,1.767136,0.202,1.77,否,0.52,-7.516,-9.585,-12.203,-11.006,否,120000000,42600000,2379600000.0,844758000.0,37.188447,3.601974,2.024598,8.92,9.14,9.33,9.34,10.56,10.7,13.07,2016-09-08,-
2018-08-01,300543,朗科智能,消费电子,8.52,8.64,8.3,8.43,8.3,863100,17070674.0,2.026056,-0.656,3.93,否,0.66,-6.541,-11.17,-9.743,-9.452,否,120000000,42600000,2364000000.0,839220000.0,36.94465,3.578361,2.011325,8.72,9.05,9.28,9.31,10.48,10.68,13.01,2016-09-08,-
2018-08-02,300543,朗科智能,消费电子,8.73,9.27,8.53,9.27,8.53,9232911,199067468.38,21.6735,10.0,8.88,否,7.45,9.445,-2.008,0.108,-0.962,是,120000000,42600000,2600400000.0,923142000.0,40.639115,3.936197,2.212457,8.74,9.05,9.28,9.33,10.42,10.67,12.96,2016-09-08,-
2018-08-03,300543,朗科智能,消费电子,9.24,9.59,8.84,8.87,8.84,8942621,193195548.7,20.992068,-4.338,8.08,否,3.22,4.476,-3.377,-4.726,-8.083,否,120000000,42600000,2487600000.0,883098000.0,38.876274,3.765453,2.116486,8.71,9.01,9.26,9.31,10.35,10.66,12.92,2016-09-08,-
2018-08-06,300543,朗科智能,消费电子,8.51,8.56,7.99,7.99,7.99,5509760,104302135.13,12.933709,-9.986,6.42,否,1.26,-5.219,-11.419,-14.909,-13.152,否,120000000,42600000,2239200000.0,794916000.0,34.994272,3.389452,1.905143,8.61,8.87,9.19,9.26,10.28,10.65,12.88,2016-09-08,-
2018-08-07,300543,朗科智能,消费电子,7.7,7.82,7.25,7.81,7.25,4355762,77198333.67,10.224793,-2.197,7.13,否,0.86,-15.75,-7.792,-17.703,-18.646,否,120000000,42600000,2190000000.0,777450000.0,34.225373,3.314979,1.863283,8.47,8.7,9.1,9.2,10.2,10.64,12.85,2016-09-08,-
2018-08-08,300543,朗科智能,消费电子,7.66,7.68,7.32,7.32,7.32,2721561,47701362.21,6.388641,-6.301,4.6,否,0.47,-17.475,-13.781,-22.622,-22.21,否,120000000,42600000,2052000000.0,728460000.0,32.068706,3.10609,1.745871,8.25,8.49,9.0,9.13,10.12,10.63,12.82,2016-09-08,-
2018-08-09,300543,朗科智能,消费电子,7.32,7.61,7.18,7.47,7.18,2275817,39787146.58,5.342293,2.047,5.91,否,0.37,-6.508,-11.388,-18.627,-18.98,否,120000000,42600000,2094000000.0,743370000.0,32.725083,3.169665,1.781605,7.89,8.31,8.89,9.07,10.04,10.62,12.79,2016-09-08,-
2018-08-10,300543,朗科智能,消费电子,7.46,7.68,7.44,7.54,7.44,2025309,35717861.49,4.754246,0.917,3.27,否,0.43,-3.457,-18.662,-16.408,-18.132,否,120000000,42600000,2113200000.0,750186000.0,33.025141,3.198727,1.797941,7.63,8.17,8.78,9.0,9.97,10.61,12.76,2016-09-08,-
2018-08-13,300543,朗科智能,消费电子,7.4,7.68,7.28,7.67,7.28,2214817,39107104.64,5.199101,1.76,5.39,否,0.66,4.781,-13.529,-9.445,-18.75,否,120000000,42600000,2150400000.0,763392000.0,33.606504,3.255037,1.829591,7.56,8.09,8.67,8.95,9.9,10.6,12.74,2016-09-08,-
2018-08-14,300543,朗科智能,消费电子,7.62,7.73,7.57,7.64,7.57,1689219,30115300.53,3.965303,-0.391,2.06,否,0.62,2.276,-4.38,-10.012,-21.074,否,120000000,42600000,2142000000.0,760410000.0,33.475228,3.242322,1.822444,7.53,8.0,8.57,8.88,9.82,10.59,12.71,2016-09-08,-
2018-08-15,300543,朗科智能,消费电子,7.58,7.68,7.37,7.39,7.37,1736016,30392568.36,4.075155,-3.249,4.09,否,0.79,-1.989,-5.378,-12.337,-20.793,否,120000000,42600000,2072400000.0,735702000.0,32.387518,3.136969,1.763228,7.54,7.9,8.47,8.82,9.73,10.57,12.69,2016-09-08,-
2018-08-16,300543,朗科智能,消费电子,7.21,7.44,7.15,7.36,7.15,1157516,19801929.11,2.717174,-0.463,3.88,否,0.58,-4.042,0.546,-20.604,-23.572,否,120000000,42600000,2062800000.0,732294000.0,32.237489,3.122438,1.75506,7.52,7.71,8.38,8.75,9.64,10.56,12.66,2016-09-08,-
2018-08-17,300543,朗科智能,消费电子,7.42,7.47,6.62,6.85,6.62,1833325,30474679.35,4.30358,-6.923,11.58,否,1.04,-10.34,-8.3,-22.773,-29.454,否,120000000,42600000,1920000000.0,681600000.0,30.005807,2.906283,1.633563,7.38,7.5,8.26,8.68,9.53,10.54,12.63,2016-09-08,-
2018-08-20,300543,朗科智能,消费电子,6.83,7.01,6.77,7.01,6.77,1646600,26590735.7,3.865258,2.375,3.5,否,0.95,-5.142,-7.029,-12.265,-28.469,否,120000000,42600000,1965600000.0,697788000.0,30.718445,2.975307,1.672361,7.25,7.41,8.14,8.6,9.43,10.52,12.61,2016-09-08,-
2018-08-21,300543,朗科智能,消费电子,7.0,7.33,6.93,7.16,6.93,1702900,28409026.0,3.997418,2.137,5.68,否,1.06,-2.717,-6.649,-8.323,-25.957,否,120000000,42600000,2007600000.0,712698000.0,31.374822,3.038882,1.708095,7.15,7.34,8.02,8.51,9.33,10.5,12.58,2016-09-08,-
2018-08-22,300543,朗科智能,消费电子,7.23,7.23,6.99,7.0,6.99,1136500,18827503.0,2.66784,-2.212,3.41,否,0.7,2.19,-8.377,-4.372,-25.054,否,120000000,42600000,1963200000.0,696936000.0,30.680938,2.971674,1.670319,7.08,7.31,7.9,8.43,9.23,10.48,12.55,2016-09-08,-
2018-08-23,300543,朗科智能,消费电子,7.12,7.19,7.04,7.09,7.04,1065900,17698459.0,2.502113,1.222,2.14,否,0.71,1.141,-4.06,-5.087,-23.434,否,120000000,42600000,1987200000.0,705456000.0,31.05601,3.008003,1.690738,7.02,7.27,7.79,8.35,9.15,10.45,12.52,2016-09-08,-
2018-08-24,300543,朗科智能,消费电子,7.05,7.19,7.02,7.15,7.02,1155300,19226353.2,2.711972,0.906,2.42,否,0.78,-0.14,-2.853,-5.172,-23.201,否,120000000,42600000,2005200000.0,711846000.0,31.337315,3.035249,1.706053,7.08,7.23,7.7,8.26,9.08,10.43,12.49,2016-09-08,-
2018-08-27,300543,朗科智能,消费电子,7.14,7.6,7.11,7.37,7.11,2292148,39491356.28,5.380629,3.052,6.88,否,1.71,5.286,7.591,-3.911,-21.512,否,120000000,42600000,2066400000.0,733572000.0,32.29375,3.127887,1.758123,7.15,7.2,7.64,8.18,9.02,10.4,12.46,2016-09-08,-
2018-08-28,300543,朗科智能,消费电子,7.32,7.43,7.22,7.28,7.22,1607848,27414316.96,3.774291,-1.161,2.85,否,1.09,2.68,3.852,-4.712,-23.288,否,120000000,42600000,2042400000.0,725052000.0,31.918677,3.091558,1.737703,7.18,7.17,7.58,8.1,8.96,10.38,12.44,2016-09-08,-
2018-08-29,300543,朗科智能,消费电子,7.25,7.3,7.13,7.17,7.13,998834,16756936.12,2.344681,-1.586,2.29,否,0.69,0.28,0.14,-2.977,-24.207,否,120000000,42600000,2010000000.0,713550000.0,33.982884,3.152703,1.645021,7.21,7.14,7.52,8.03,8.9,10.35,12.41,2016-09-08,-
2018-08-30,300543,朗科智能,消费电子,7.19,7.19,6.93,7.01,6.93,1142600,18789065.0,2.68216,-2.149,3.58,否,0.8,-4.885,0.143,-4.755,-23.638,否,120000000,42600000,1966800000.0,698214000.0,33.252506,3.084944,1.609666,7.2,7.11,7.41,7.96,8.83,10.32,12.39,2016-09-08,-
2018-08-31,300543,朗科智能,消费电子,7.05,7.05,6.87,6.96,6.87,857450,13990730.54,2.012793,-0.854,2.56,否,0.6,-4.396,-1.834,1.606,-22.838,否,120000000,42600000,1950000000.0,692250000.0,32.96847,3.058593,1.595916,7.16,7.12,7.31,7.88,8.76,10.29,12.36,2016-09-08,-
2018-09-03,300543,朗科智能,消费电子,6.98,7.02,6.75,6.93,6.75,957717,15417997.53,2.248162,-0.308,3.94,否,0.69,-3.347,-3.077,-1.141,-18.182,否,120000000,42600000,1944000000.0,690120000.0,32.867028,3.049182,1.591006,7.07,7.11,7.26,7.8,8.69,10.25,12.34,2016-09-08,-
2018-09-04,300543,朗科智能,消费电子,6.97,7.1,6.93,7.06,6.93,892000,14656659.0,2.093897,1.852,2.35,否,0.8,0.713,-4.206,-1.397,-16.843,否,120000000,42600000,1980000000.0,702900000.0,33.475677,3.105648,1.620469,7.03,7.1,7.22,7.71,8.63,10.22,12.31,2016-09-08,-
2018-09-05,300543,朗科智能,消费电子,7.0,7.11,6.81,6.91,6.81,1052000,17182487.0,2.469484,-2.182,4.18,否,1.08,-0.718,-5.082,-1.286,-18.031,否,120000000,42600000,1936800000.0,687564000.0,32.745299,3.037889,1.585113,6.97,7.09,7.2,7.63,8.56,10.19,12.29,2016-09-08,-
2018-09-06,300543,朗科智能,消费电子,6.83,7.07,6.83,7.02,6.83,1125917,18366443.08,2.642998,1.673,3.53,否,1.15,1.299,-2.092,-0.987,-24.272,否,120000000,42600000,1969200000.0,699066000.0,33.293082,3.088708,1.61163,6.98,7.09,7.18,7.56,8.5,10.16,12.25,2016-09-08,-
2018-09-07,300543,朗科智能,消费电子,6.99,7.12,6.9,7.02,6.9,1148884,18851914.44,2.696911,-0.061,3.23,否,1.18,-0.567,0.143,-1.818,-20.857,否,120000000,42600000,1968000000.0,698640000.0,33.272794,3.086826,1.610648,6.99,7.07,7.15,7.49,8.44,10.13,12.22,2016-09-08,-
2018-09-10,300543,朗科智能,消费电子,7.01,7.01,6.68,6.7,6.68,1128000,17901926.0,2.647887,-4.573,4.63,否,1.09,-3.039,-3.736,-9.091,-16.145,否,120000000,42600000,1878000000.0,666690000.0,31.751173,2.94566,1.53699,6.94,7.01,7.1,7.43,8.39,10.1,12.18,2016-09-08,-
2018-09-11,300543,朗科智能,消费电子,6.72,6.77,6.56,6.71,6.56,1087519,16898736.68,2.552862,0.128,3.13,否,1.02,-4.416,-3.175,-7.83,-14.085,否,120000000,42600000,1880400000.0,667542000.0,31.791749,2.949425,1.538954,6.87,6.95,7.06,7.37,8.35,10.07,12.14,2016-09-08,-
2018-09-12,300543,朗科智能,消费电子,6.74,6.82,6.66,6.76,6.66,886929,13999776.14,2.081993,0.83,2.49,否,0.8,-3.704,-4.249,-5.718,-7.65,否,120000000,42600000,1896000000.0,673080000.0,32.055497,2.973893,1.551721,6.84,6.91,7.03,7.32,8.32,10.04,12.1,2016-09-08,-
2018-09-13,300543,朗科智能,消费电子,6.84,6.93,6.77,6.87,6.77,1102900,17666676.0,2.588967,1.646,2.41,否,1.03,2.537,-0.579,-1.997,-8.032,否,120000000,42600000,1927200000.0,684156000.0,32.582992,3.022831,1.577256,6.81,6.89,7.0,7.24,8.28,10.0,12.07,2016-09-08,-
2018-09-14,300543,朗科智能,消费电子,6.95,7.18,6.81,6.81,6.81,1504800,24547157.42,3.532394,-0.996,5.48,否,1.41,1.49,-2.991,-2.155,-9.682,否,120000000,42600000,1908000000.0,677340000.0,32.25838,2.992716,1.561543,6.77,6.88,7.0,7.17,8.24,9.98,12.03,2016-09-08,-
2018-09-17,300543,朗科智能,消费电子,6.75,6.88,6.58,6.88,6.58,1171700,18470269.0,2.750469,1.069,4.47,否,1.03,1.775,-1.994,-0.722,-10.3,否,120000000,42600000,1928400000.0,684582000.0,32.603281,3.024713,1.578238,6.81,6.87,6.99,7.13,8.19,9.95,11.99,2016-09-08,-
2018-09-18,300543,朗科智能,消费电子,6.93,7.0,6.79,6.95,6.79,1553100,25113035.0,3.645775,1.058,3.05,否,1.35,1.164,3.731,-1.558,-9.031,否,120000000,42600000,1948800000.0,691824000.0,32.948182,3.056711,1.594934,6.85,6.86,6.98,7.1,8.15,9.93,11.96,2016-09-08,-
2018-09-19,300543,朗科智能,消费电子,6.95,7.1,6.87,7.04,6.87,1760800,28858439.0,4.133333,1.293,3.39,否,1.42,3.377,4.918,1.881,-4.736,否,120000000,42600000,1974000000.0,700770000.0,33.374236,3.096237,1.615558,6.91,6.88,6.98,7.09,8.11,9.89,11.92,2016-09-08,-
2018-09-20,300543,朗科智能,消费电子,6.96,7.07,6.89,7.04,6.89,1011700,16484180.0,2.374883,0.0,2.55,否,0.71,2.326,4.142,0.285,-4.348,否,120000000,42600000,1974000000.0,700770000.0,33.374236,3.096237,1.615558,6.94,6.88,6.98,7.08,8.07,9.86,11.89,2016-09-08,-
2018-09-21,300543,朗科智能,消费电子,7.0,7.05,6.93,7.03,6.93,1003666,16404245.72,2.356023,-0.182,1.82,否,0.72,1.151,2.329,0.142,2.628,否,120000000,42600000,1970400000.0,699492000.0,33.313371,3.09059,1.612612,6.99,6.88,6.98,7.06,8.03,9.82,11.85,2016-09-08,-
2018-09-25,300543,朗科智能,消费电子,7.01,7.01,6.83,6.89,6.83,1208500,19465972.0,2.836854,-1.949,2.68,否,0.93,-2.131,1.175,2.836,-1.712,否,120000000,42600000,1932000000.0,685860000.0,32.664146,3.03036,1.581185,6.99,6.9,6.95,7.04,7.99,9.78,11.81,2016-09-08,-
2018-09-26,300543,朗科智能,消费电子,6.76,6.91,6.76,6.9,6.76,1323400,21204619.0,3.106573,0.186,2.17,否,1.01,-1.989,0.291,2.832,-3.631,否,120000000,42600000,1935600000.0,687138000.0,32.72501,3.036006,1.584131,6.98,6.92,6.93,7.01,7.95,9.74,11.78,2016-09-08,-
2018-09-27,300543,朗科智能,消费电子,6.91,6.91,6.43,6.46,6.43,1994000,30990427.0,4.680751,-6.386,6.88,否,1.58,-8.108,-7.05,-4.438,-7.714,否,120000000,42600000,1812000000.0,643260000.0,30.635317,2.842139,1.482974,6.86,6.89,6.9,6.98,7.9,9.71,11.74,2016-09-08,-
2018-09-28,300543,朗科智能,消费电子,6.46,6.58,6.46,6.54,6.46,961600,14682095.16,2.257277,1.192,1.85,否,0.74,-5.08,-7.102,-4.803,-7.757,否,120000000,42600000,1833600000.0,650928000.0,31.000506,2.876018,1.500652,6.76,6.85,6.87,6.95,7.85,9.66,11.7,2016-09-08,-
2018-10-08,300543,朗科智能,消费电子,6.42,6.45,6.08,6.14,6.08,1360700,19812712.0,3.194131,-6.086,5.63,否,1.05,-11.014,-12.784,-9.838,-14.126,否,120000000,42600000,1722000000.0,611310000.0,29.113695,2.700973,1.409317,6.59,6.79,6.83,6.93,7.8,9.63,11.65,2016-09-08,-
2018-10-09,300543,朗科智能,消费电子,6.16,6.62,6.09,6.3,6.09,1755614,25949590.57,4.12116,2.509,8.71,否,1.28,-2.477,-10.384,-8.43,-14.518,否,120000000,42600000,1765200000.0,626646000.0,29.844073,2.768732,1.444672,6.47,6.73,6.8,6.91,7.75,9.59,11.61,2016-09-08,-
2018-10-10,300543,朗科智能,消费电子,6.25,6.59,6.23,6.42,6.23,1943766,29233271.0,4.562831,1.903,5.64,否,1.31,-1.835,-6.821,-7.626,-11.813,否,120000000,42600000,1798800000.0,638574000.0,30.412145,2.821434,1.472171,6.37,6.68,6.77,6.88,7.7,9.54,11.56,2016-09-08,-
2018-10-11,300543,朗科智能,消费电子,6.12,6.23,5.77,5.97,5.77,2332366,32619793.76,5.475038,-7.005,7.14,否,1.45,-2.769,-13.478,-15.199,-16.736,否,120000000,42600000,1672800000.0,593844000.0,28.281875,2.623802,1.36905,6.27,6.57,6.72,6.85,7.64,9.5,11.51,2016-09-08,-
2018-10-12,300543,朗科智能,消费电子,5.86,5.96,5.65,5.95,5.65,1483966,20253087.58,3.483488,-0.287,5.24,否,0.89,-5.556,-7.895,-15.483,-15.121,否,120000000,42600000,1668000000.0,592140000.0,28.200722,2.616273,1.365122,6.16,6.46,6.67,6.81,7.58,9.46,11.46,2016-09-08,-
2018-10-15,300543,朗科智能,消费电子,6.0,6.14,5.83,5.84,5.83,1360300,19052039.0,3.193192,-1.799,5.18,否,0.77,-9.034,-10.703,-16.927,-16.092,否,120000000,42600000,1638000000.0,581490000.0,27.693515,2.569218,1.34057,6.1,6.34,6.61,6.76,7.51,9.41,11.42,2016-09-08,-
2018-10-16,300543,朗科智能,消费电子,5.77,6.43,5.77,5.95,5.77,2464947,34936255.9,5.786261,1.832,11.28,否,1.39,-0.335,-3.094,-13.643,-14.141,否,120000000,42600000,1668000000.0,592140000.0,28.200722,2.616273,1.365122,6.03,6.25,6.57,6.72,7.45,9.35,11.37,2016-09-08,-
2018-10-17,300543,朗科智能,消费电子,6.03,6.15,5.94,6.15,5.94,2392490,33772960.43,5.616174,3.309,3.53,否,1.25,3.361,-2.381,-10.87,-12.89,否,120000000,42600000,1723200000.0,611736000.0,29.133983,2.702855,1.410299,5.97,6.17,6.54,6.68,7.39,9.3,11.33,2016-09-08,-
2018-10-18,300543,朗科智能,消费电子,6.0,6.03,5.85,5.93,5.85,1951640,27117883.9,4.581315,-3.552,3.06,否,0.97,1.541,-7.632,-8.204,-14.182,否,120000000,42600000,1662000000.0,590010000.0,28.09928,2.606862,1.360212,5.96,6.12,6.5,6.64,7.33,9.24,11.29,2016-09-08,-
2018-10-19,300543,朗科智能,消费电子,5.82,6.37,5.71,6.14,5.71,2671990,37804413.6,6.272277,3.538,11.26,否,1.38,3.193,2.848,-6.116,-12.536,否,120000000,42600000,1720800000.0,610884000.0,29.093407,2.699091,1.408335,6.0,6.08,6.47,6.61,7.28,9.19,11.24,2016-09-08,-
2018-10-22,300543,朗科智能,消费电子,6.21,6.62,6.1,6.43,6.1,3448579,51131044.27,8.095256,4.812,8.51,否,1.59,4.553,8.067,4.723,-8.405,否,120000000,42600000,1803600000.0,640278000.0,30.493299,2.828963,1.4761,6.12,6.11,6.45,6.59,7.23,9.14,11.19,2016-09-08,-
2018-10-23,300543,朗科智能,消费电子,6.35,6.45,6.17,6.19,6.17,2228589,32807726.54,5.23143,-3.726,4.39,否,0.86,4.384,5.993,-1.746,-7.612,否,120000000,42600000,1736400000.0,616422000.0,29.357154,2.723559,1.421102,6.17,6.1,6.41,6.57,7.18,9.08,11.14,2016-09-08,-
2018-10-24,300543,朗科智能,消费电子,6.18,6.31,6.12,6.16,6.12,1394189,20254975.16,3.272744,-0.553,2.97,否,0.55,0.326,3.529,-4.05,-8.197,否,120000000,42600000,1726800000.0,613014000.0,29.194848,2.708502,1.413245,6.17,6.07,6.37,6.54,7.13,9.02,11.1,2016-09-08,-
2018-10-25,300543,朗科智能,消费电子,5.97,6.11,5.78,6.04,5.78,1396700,19354009.33,3.278638,-1.876,5.42,否,0.6,-6.065,-1.789,1.173,-10.651,否,120000000,42600000,1694400000.0,601512000.0,28.647064,2.657682,1.386728,6.19,6.08,6.32,6.51,7.07,8.96,11.06,2016-09-08,-
2018-10-26,300543,朗科智能,消费电子,6.12,6.19,5.99,6.03,5.99,1070189,15215581.58,2.512181,-0.142,3.26,否,0.48,-2.585,1.686,1.345,-12.227,否,120000000,42600000,1692000000.0,600660000.0,28.606488,2.653918,1.384764,6.17,6.09,6.27,6.47,7.02,8.91,11.02,2016-09-08,-
2018-10-29,300543,朗科智能,消费电子,6.0,6.13,5.92,5.99,5.92,969000,13625232.0,2.274648,-0.78,3.48,否,0.51,-2.76,-2.443,2.568,-12.041,否,120000000,42600000,1678800000.0,595974000.0,28.383317,2.633213,1.373961,6.08,6.1,6.22,6.44,6.97,8.84,10.98,2016-09-08,-
2018-10-30,300543,朗科智能,消费电子,6.03,6.1,5.84,6.05,5.84,1170898,16343880.82,2.748587,1.001,4.43,否,0.83,0.166,-5.91,1.681,-12.064,否,120000000,42600000,1695600000.0,601938000.0,35.445957,2.60796,1.345719,6.05,6.11,6.18,6.42,6.93,8.78,10.94,2016-09-08,-
2018-10-31,300543,朗科智能,消费电子,6.05,6.28,5.98,6.25,5.98,2200046,31685147.34,5.164427,3.326,5.02,否,1.83,3.648,0.969,1.626,-10.072,否,120000000,42600000,1752000000.0,621960000.0,36.624981,2.694707,1.390481,6.07,6.12,6.15,6.4,6.89,8.72,10.89,2016-09-08,-
2018-11-01,300543,朗科智能,消费电子,6.73,6.87,6.56,6.87,6.56,8259407,131151384.2,19.388279,10.0,5.07,否,6.07,14.691,11.526,15.852,-2.415,是,120000000,42600000,1927200000.0,684156000.0,40.287479,2.964178,1.529529,6.24,6.22,6.17,6.41,6.86,8.67,10.85,2016-09-08,-
2018-11-02,300543,朗科智能,消费电子,6.93,7.56,6.79,7.56,6.79,8639455,141899117.35,20.280411,10.025,11.27,否,3.16,24.959,25.166,23.127,7.386,是,120000000,42600000,2120400000.0,752742000.0,44.326261,3.261334,1.682863,6.54,6.36,6.22,6.43,6.83,8.62,10.8,2016-09-08,-
2018-11-05,300543,朗科智能,消费电子,8.17,8.32,7.78,7.82,7.78,13938132,264530281.91,32.71862,3.339,7.13,否,3.28,25.12,29.685,21.617,11.238,否,120000000,42600000,2191200000.0,777876000.0,45.806311,3.37023,1.739053,6.91,6.5,6.3,6.46,6.82,8.58,10.76,2016-09-08,-
2018-11-06,300543,朗科智能,消费电子,7.35,7.47,7.03,7.04,7.03,10482263,175313047.98,24.606251,-9.912,5.64,否,1.53,2.475,17.529,13.732,2.177,否,120000000,42600000,1974000000.0,700770000.0,41.265817,3.03616,1.566672,7.11,6.58,6.34,6.47,6.8,8.54,10.71,2016-09-08,-
2018-11-07,300543,朗科智能,消费电子,7.1,7.2,6.96,7.04,6.96,6378556,105536986.98,14.973136,0.061,3.47,否,0.73,-6.878,16.364,14.286,2.029,否,120000000,42600000,1975200000.0,701196000.0,41.290903,3.038006,1.567624,7.27,6.67,6.37,6.47,6.79,8.49,10.67,2016-09-08,-
2018-11-08,300543,朗科智能,消费电子,7.04,7.09,6.91,6.93,6.91,4327432,70617176.8,10.158291,-1.64,2.61,否,0.45,-11.381,10.88,14.735,7.276,否,120000000,42600000,1942800000.0,689694000.0,40.613592,2.988172,1.54191,7.28,6.76,6.42,6.47,6.78,8.45,10.62,2016-09-08,-
2018-11-09,300543,朗科智能,消费电子,6.83,7.03,6.83,6.93,6.83,2885774,46851248.76,6.774117,0.062,2.9,否,0.33,-1.563,0.873,14.925,5.963,否,120000000,42600000,1944000000.0,690120000.0,40.638677,2.990018,1.542862,7.15,6.85,6.47,6.46,6.77,8.41,10.57,2016-09-08,-
2018-11-12,300543,朗科智能,消费电子,6.85,7.13,6.85,7.13,6.85,4041900,66426210.78,9.488028,2.778,4.07,否,0.53,1.278,-5.688,19.032,16.124,否,120000000,42600000,1998000000.0,709290000.0,41.767529,3.073074,1.585719,7.01,6.96,6.53,6.47,6.76,8.37,10.53,2016-09-08,-
2018-11-13,300543,朗科智能,消费电子,6.94,7.39,6.94,7.25,6.94,5731302,95502311.1,13.453761,1.802,6.37,否,1.02,4.618,-7.289,19.835,15.079,否,120000000,42600000,2034000000.0,722070000.0,42.520097,3.128444,1.614291,7.06,7.08,6.6,6.48,6.76,8.33,10.49,2016-09-08,-
2018-11-14,300543,朗科智能,消费电子,7.2,7.25,7.06,7.1,7.06,3723302,62052578.0,8.740146,-2.183,2.71,否,0.8,2.453,0.852,13.6,10.592,否,120000000,42600000,1989600000.0,706308000.0,41.59193,3.060154,1.579053,7.07,7.17,6.64,6.49,6.75,8.28,10.44,2016-09-08,-
2018-11-15,300543,朗科智能,消费电子,7.0,7.29,7.0,7.25,7.0,4268900,71498621.0,10.020892,2.111,4.1,否,1.03,1.683,2.983,5.531,21.441,否,120000000,42600000,2031600000.0,721218000.0,42.469926,3.124753,1.612386,7.13,7.21,6.71,6.51,6.75,8.24,10.4,2016-09-08,-
2018-11-16,300543,朗科智能,消费电子,7.53,7.97,7.52,7.97,7.52,6787629,124666982.98,15.933401,9.982,6.2,否,1.64,9.931,15.007,5.423,33.95,是,120000000,42600000,2234400000.0,793212000.0,46.709393,3.436675,1.773339,7.34,7.25,6.8,6.56,6.76,8.2,10.35,2016-09-08,-
2018-11-19,300543,朗科智能,消费电子,8.77,8.77,8.77,8.77,8.77,1048600,21475328.0,2.461502,9.989,0.0,否,0.21,23.521,26.551,12.148,50.171,是,120000000,42600000,2457600000.0,872448000.0,51.375315,3.779973,1.950483,7.67,7.34,6.92,6.65,6.79,8.16,10.31,2016-09-08,-
2018-11-20,300543,朗科智能,消费电子,8.94,9.64,8.86,9.08,8.86,17597105,381196917.93,41.307758,3.564,8.94,否,4.08,25.241,27.349,28.977,52.605,否,120000000,42600000,2545200000.0,903546000.0,53.206564,3.914708,2.020007,8.03,7.55,7.06,6.74,6.82,8.12,10.28,2016-09-08,-
2018-11-21,300543,朗科智能,消费电子,8.56,8.89,8.25,8.32,8.25,10765376,214659754.48,25.270836,-8.345,6.98,否,1.61,4.391,14.759,18.182,35.285,否,120000000,42600000,2332800000.0,828144000.0,48.766413,3.588021,1.851435,8.28,7.67,7.17,6.8,6.84,8.09,10.25,2016-09-08,-
2018-11-22,300543,朗科智能,消费电子,8.37,8.45,7.99,8.09,7.99,6749209,128382553.55,15.843214,-2.778,5.56,否,0.83,-7.754,13.944,16.739,36.425,否,120000000,42600000,2268000000.0,805140000.0,47.41179,3.488354,1.800006,8.45,7.79,7.27,6.88,6.86,8.05,10.21,2016-09-08,-
2018-11-23,300543,朗科智能,消费电子,8.0,8.02,7.36,7.51,7.36,6383035,114287335.5,14.98365,-7.196,8.1,否,0.74,-17.291,3.586,8.369,22.313,否,120000000,42600000,2104800000.0,747204000.0,44.000148,3.23734,1.670482,8.35,7.85,7.35,6.93,6.87,8.01,10.18,2016-09-08,-
2018-11-26,300543,朗科智能,消费电子,7.32,7.73,7.32,7.55,7.32,3801174,67053573.36,8.922944,0.57,5.42,否,0.45,-9.255,-5.27,5.891,17.418,否,120000000,42600000,2116800000.0,751464000.0,44.251004,3.255797,1.680005,8.11,7.89,7.43,6.98,6.87,7.98,10.15,2016-09-08,-
2018-11-27,300543,朗科智能,消费电子,7.62,7.7,7.41,7.52,7.41,3508075,61659332.25,8.234918,-0.397,3.74,否,0.39,-7.046,-14.253,3.724,21.486,否,120000000,42600000,2108400000.0,748482000.0,44.075405,3.242877,1.673339,7.8,7.92,7.5,7.04,6.88,7.95,10.11,2016-09-08,-
2018-11-28,300543,朗科智能,消费电子,7.51,7.55,7.13,7.46,7.13,3456100,59255308.46,8.112911,-0.74,5.58,否,0.55,-0.666,-17.841,5.07,21.104,否,120000000,42600000,2092800000.0,742944000.0,43.749292,3.218883,1.660958,7.63,7.95,7.56,7.08,6.88,7.92,10.08,2016-09-08,-
2018-11-29,300543,朗科智能,消费电子,7.5,8.04,7.5,7.78,7.5,7416900,135255817.0,17.410563,4.186,7.28,否,1.55,3.046,-6.49,7.31,28.808,否,120000000,42600000,2180400000.0,774042000.0,45.580541,3.353619,1.730482,7.56,8.01,7.61,7.14,6.89,7.89,10.04,2016-09-08,-
2018-11-30,300543,朗科智能,消费电子,7.62,7.75,7.27,7.75,7.27,4572929,80856978.01,10.734575,-0.385,6.11,否,0.93,3.059,-4.203,-2.76,28.524,否,120000000,42600000,2172000000.0,771060000.0,45.404942,3.340699,1.723815,7.61,7.98,7.61,7.2,6.9,7.87,10.01,2016-09-08,-
2018-12-03,300543,朗科智能,消费电子,8.04,8.21,7.79,8.02,7.79,5556500,103818984.0,13.043427,3.536,5.41,否,1.22,7.507,6.791,-8.552,33.89,否,120000000,42600000,2248800000.0,798324000.0,47.01042,3.458823,1.784768,7.71,7.91,7.62,7.25,6.92,7.84,9.98,2016-09-08,-
2018-12-04,300543,朗科智能,消费电子,7.92,8.45,7.86,8.36,7.86,5863302,113166811.94,13.76362,4.269,7.31,否,1.2,7.455,10.728,-7.93,38.182,否,120000000,42600000,2344800000.0,832404000.0,49.017269,3.606478,1.860958,7.87,7.84,7.69,7.32,6.94,7.82,9.95,2016-09-08,-
2018-12-05,300543,朗科智能,消费电子,8.13,8.26,7.95,7.99,7.95,4423100,83826995.88,10.382864,-4.504,3.74,否,0.82,3.097,6.25,-3.966,27.84,否,120000000,42600000,2239200000.0,794916000.0,46.809735,3.444057,1.777149,7.98,7.8,7.74,7.38,6.96,7.8,9.92,2016-09-08,-
2018-12-06,300543,朗科智能,消费电子,7.91,7.92,7.47,7.51,7.47,4302000,77059482.0,10.098592,-5.949,5.68,否,0.77,-6.359,0.67,-7.169,9.316,否,120000000,42600000,2106000000.0,747630000.0,44.025234,3.239186,1.671434,7.93,7.75,7.77,7.43,6.97,7.77,9.89,2016-09-08,-
2018-12-07,300543,朗科智能,消费电子,7.57,7.8,7.51,7.58,7.51,2550200,45610071.0,5.986385,0.969,3.87,否,0.52,-9.33,-2.571,0.932,0.265,否,120000000,42600000,2126400000.0,754872000.0,44.451689,3.270563,1.687625,7.89,7.75,7.8,7.48,6.98,7.74,9.86,2016-09-08,-
2018-12-10,300543,朗科智能,消费电子,7.58,7.67,7.36,7.47,7.36,2044229,35773121.31,4.79866,-1.524,4.06,否,0.45,-6.508,-3.613,-1.06,-4.476,否,120000000,42600000,2094000000.0,743370000.0,43.774378,3.220729,1.66191,7.78,7.74,7.82,7.53,6.99,7.71,9.83,2016-09-08,-
2018-12-11,300543,朗科智能,消费电子,7.51,7.66,7.44,7.61,7.44,2135000,37826684.0,5.011737,1.891,2.92,否,0.56,1.332,-5.112,1.197,8.097,否,120000000,42600000,2133600000.0,757428000.0,44.602202,3.281637,1.693339,7.63,7.75,7.83,7.58,7.0,7.69,9.8,2016-09-08,-
2018-12-12,300543,朗科智能,消费电子,7.61,7.61,7.41,7.53,7.41,2040529,35890336.21,4.789974,-1.012,2.64,否,0.66,-0.66,-9.928,0.938,6.96,否,120000000,42600000,2112000000.0,749760000.0,44.150662,3.248414,1.676196,7.54,7.76,7.86,7.63,7.01,7.68,9.78,2016-09-08,-
2018-12-13,300543,朗科智能,消费电子,7.59,7.68,7.46,7.62,7.46,2063400,36577261.0,4.843662,1.136,2.9,否,0.79,2.008,-4.631,-2.057,9.957,否,120000000,42600000,2136000000.0,758280000.0,44.652374,3.285328,1.695244,7.56,7.74,7.87,7.65,7.03,7.67,9.75,2016-09-08,-
2018-12-14,300543,朗科智能,消费电子,7.56,7.7,7.15,7.15,7.15,3020100,52002515.0,7.089437,-6.124,7.25,否,1.39,-6.045,-4.794,-7.742,3.175,否,120000000,42600000,2005200000.0,711846000.0,41.918043,3.084148,1.591434,7.48,7.68,7.83,7.64,7.03,7.66,9.73,2016-09-08,-
2018-12-17,300543,朗科智能,消费电子,7.15,7.44,7.11,7.43,7.11,2620335,44826302.65,6.151021,3.89,4.61,否,1.16,-1.328,-1.979,-7.357,4.208,否,120000000,42600000,2083200000.0,739536000.0,43.548607,3.204118,1.653339,7.47,7.63,7.77,7.62,7.04,7.64,9.7,2016-09-08,-
2018-12-18,300543,朗科智能,消费电子,7.41,7.48,7.22,7.45,7.22,2112200,36381574.0,4.958216,0.23,3.46,否,0.89,-2.231,-0.268,-10.885,2.759,否,120000000,42600000,2088000000.0,741240000.0,43.648949,3.2115,1.657148,7.44,7.53,7.69,7.64,7.05,7.62,9.68,2016-09-08,-
2018-12-19,300543,朗科智能,消费电子,7.39,7.57,7.3,7.46,7.3,2582600,44882185.0,6.062441,0.23,3.62,否,1.09,4.336,-1.971,-6.633,5.07,否,120000000,42600000,2092800000.0,742944000.0,43.749292,3.218883,1.660958,7.42,7.48,7.64,7.65,7.06,7.61,9.66,2016-09-08,-
2018-12-20,300543,朗科智能,消费电子,7.36,7.61,7.32,7.6,7.32,2681835,47008126.05,6.295387,1.778,3.84,否,1.08,2.288,0.93,1.198,4.828,否,120000000,42600000,2130000000.0,756150000.0,44.526946,3.2761,1.690482,7.42,7.49,7.62,7.67,7.07,7.59,9.63,2016-09-08,-
2018-12-21,300543,朗科智能,消费电子,7.51,7.56,7.28,7.35,7.28,2551100,44283416.0,5.988498,-3.268,3.77,否,0.98,-1.342,-3.543,-3.034,-7.779,否,120000000,42600000,2060400000.0,731442000.0,43.071981,3.16905,1.635243,7.46,7.47,7.61,7.69,7.08,7.58,9.61,2016-09-08,-
2018-12-24,300543,朗科智能,消费电子,7.25,7.86,7.25,7.61,7.25,3209300,56659818.0,7.533568,3.611,8.39,否,1.28,2.011,6.434,1.874,-13.227,否,120000000,42600000,2134800000.0,757854000.0,44.627288,3.283482,1.694291,7.49,7.48,7.61,7.7,7.09,7.56,9.58,2016-09-08,-
2018-12-25,300543,朗科智能,消费电子,7.55,7.61,7.11,7.41,7.11,3070920,52632833.4,7.208732,-2.698,6.63,否,1.17,-2.5,-0.269,-2.628,-18.392,否,120000000,42600000,2077200000.0,737406000.0,43.423179,3.194889,1.648577,7.49,7.46,7.61,7.71,7.1,7.54,9.56,2016-09-08,-
2018-12-26,300543,朗科智能,消费电子,7.38,7.85,7.38,7.79,7.38,4903220,87656797.4,11.509906,5.084,6.35,否,1.74,5.986,4.564,3.453,-6.37,否,120000000,42600000,2182800000.0,774894000.0,45.630712,3.35731,1.732387,7.55,7.49,7.62,7.73,7.11,7.53,9.54,2016-09-08,-
2018-12-27,300543,朗科智能,消费电子,7.9,7.94,7.45,7.45,7.45,4205600,75639273.0,9.8723,-4.343,6.32,否,1.28,-2.102,-0.134,-2.231,-7.911,否,120000000,42600000,2088000000.0,741240000.0,43.648949,3.2115,1.657148,7.52,7.47,7.61,7.74,7.13,7.51,9.52,2016-09-08,-
2018-12-28,300543,朗科智能,消费电子,7.46,7.5,7.18,7.25,7.18,2405535,41077608.5,5.646796,-2.701,4.31,否,0.67,-2.159,-4.605,1.399,-3.462,否,120000000,42600000,2031600000.0,721218000.0,42.469926,3.124753,1.612386,7.5,7.48,7.58,7.72,7.14,7.5,9.5,2016-09-08,-
2019-01-02,300543,朗科智能,消费电子,7.16,7.39,7.16,7.29,7.16,1641600,27963433.0,3.853521,0.65,3.25,否,0.46,-6.418,-0.816,-1.884,-3.444,否,120000000,42600000,2044800000.0,725904000.0,42.745868,3.145056,1.622862,7.44,7.47,7.55,7.67,7.16,7.48,9.48,2016-09-08,-
2019-01-03,300543,朗科智能,消费电子,7.28,7.35,6.57,6.58,6.57,3869575,61919204.25,9.083509,-9.742,10.74,否,1.19,-11.678,-13.535,-11.678,-12.5,否,120000000,42600000,1845600000.0,655188000.0,38.581658,2.838671,1.464767,7.27,7.38,7.46,7.58,7.16,7.46,9.45,2016-09-08,-
2019-01-04,300543,朗科智能,消费电子,6.51,6.83,6.37,6.77,6.37,2460100,38347796.0,5.774883,2.861,6.96,否,0.72,-6.621,-8.637,-9.249,-9.249,否,120000000,42600000,1898400000.0,673932000.0,39.685424,2.919881,1.506672,7.07,7.31,7.4,7.53,7.17,7.43,9.43,2016-09-08,-
2019-01-07,300543,朗科智能,消费电子,6.82,7.22,6.82,7.14,6.82,3288000,54434417.0,7.71831,5.499,5.94,否,1.13,-2.058,-8.344,-6.053,-8.226,否,120000000,42600000,2002800000.0,710994000.0,41.867872,3.080456,1.589529,7.01,7.26,7.38,7.5,7.19,7.41,9.41,2016-09-08,-
2019-01-08,300543,朗科智能,消费电子,7.2,7.86,7.2,7.64,7.2,7275331,130335521.16,17.078242,7.01,9.23,否,2.66,16.109,2.55,3.946,-1.419,否,120000000,42600000,2143200000.0,760836000.0,44.802887,3.296402,1.700958,7.08,7.29,7.38,7.5,7.22,7.4,9.39,2016-09-08,-
2019-01-09,300543,朗科智能,消费电子,7.7,7.76,7.4,7.46,7.4,5130150,90396391.22,12.042606,-2.352,4.65,否,1.38,10.192,2.897,-1.971,-6.983,否,120000000,42600000,2092800000.0,742944000.0,43.749292,3.218883,1.660958,7.12,7.28,7.38,7.5,7.24,7.38,9.37,2016-09-08,-
2019-01-10,300543,朗科智能,消费电子,7.46,7.51,7.23,7.28,7.23,3553516,61176805.83,8.341587,-2.523,3.78,否,0.81,1.961,-0.137,-1.754,-12.919,否,120000000,42600000,2040000000.0,724200000.0,42.645525,3.137673,1.619053,7.26,7.27,7.36,7.49,7.26,7.36,9.34,2016-09-08,-
2019-01-11,300543,朗科智能,消费电子,7.21,7.31,7.15,7.24,7.15,2066668,34935880.76,4.851333,-0.529,2.24,否,0.48,-5.236,10.03,-7.06,-9.387,否,120000000,42600000,2029200000.0,720366000.0,42.419755,3.121062,1.610481,7.35,7.21,7.35,7.49,7.28,7.34,9.32,2016-09-08,-
2019-01-14,300543,朗科智能,消费电子,7.27,7.49,7.24,7.3,7.24,2602433,44773809.79,6.108998,0.828,3.43,否,0.61,-2.145,7.829,-2.013,-2.796,否,120000000,42600000,2046000000.0,726330000.0,42.770953,3.146901,1.623815,7.38,7.2,7.33,7.47,7.31,7.32,9.29,2016-09-08,-
2019-01-15,300543,朗科智能,消费电子,7.17,7.55,7.11,7.49,7.11,3925900,67476070.0,9.215728,2.639,6.1,否,0.95,2.885,4.902,3.31,-1.187,否,120000000,42600000,2100000000.0,745500000.0,43.899806,3.229957,1.666672,7.35,7.22,7.35,7.46,7.33,7.31,9.27,2016-09-08,-
2019-01-16,300543,朗科智能,消费电子,7.5,7.52,7.31,7.32,7.31,2469131,42626012.06,5.796082,-2.229,2.74,否,0.71,1.105,-4.188,0.412,-2.008,否,120000000,42600000,2053200000.0,728886000.0,42.921467,3.157975,1.629529,7.33,7.22,7.34,7.44,7.34,7.29,9.24,2016-09-08,-
2019-01-17,300543,朗科智能,消费电子,7.34,7.34,7.02,7.03,7.02,2182850,36679089.0,5.124061,-4.033,4.32,否,0.75,-3.699,-5.764,6.839,-7.622,否,120000000,42600000,1970400000.0,699492000.0,41.19056,3.030623,1.563815,7.28,7.27,7.32,7.39,7.36,7.27,9.22,2016-09-08,-
2019-01-18,300543,朗科智能,消费电子,7.07,7.11,6.9,7.03,6.9,1885700,30912384.0,4.426526,0.061,2.98,否,0.71,-6.142,-3.434,3.84,-6.64,否,120000000,42600000,1971600000.0,699918000.0,41.215646,3.032469,1.564767,7.23,7.29,7.3,7.36,7.37,7.25,9.2,2016-09-08,-
2019-01-21,300543,朗科智能,消费电子,7.17,7.17,7.01,7.02,7.01,1212400,20028732.0,2.846009,-0.122,2.31,否,0.46,-4.098,-3.039,-1.681,-7.874,否,120000000,42600000,1969200000.0,699066000.0,41.165475,3.028777,1.562862,7.18,7.28,7.27,7.35,7.39,7.23,9.18,2016-09-08,-
2019-01-22,300543,朗科智能,消费电子,7.06,7.08,6.96,6.98,6.96,1086900,17780221.0,2.551408,-0.67,1.71,否,0.47,-0.711,-4.384,-8.639,-2.378,否,120000000,42600000,1956000000.0,694380000.0,40.889533,3.008475,1.552386,7.08,7.22,7.25,7.33,7.4,7.21,9.15,2016-09-08,-
2019-01-23,300543,朗科智能,消费电子,6.98,7.04,6.93,7.01,6.93,911200,14893416.0,2.138967,0.552,1.53,否,0.52,-0.284,-6.409,-6.032,-5.653,否,120000000,42600000,1966800000.0,698214000.0,41.115304,3.025086,1.560957,7.01,7.17,7.22,7.31,7.42,7.19,9.13,2016-09-08,-
2019-01-24,300543,朗科智能,消费电子,7.02,7.13,6.99,7.09,6.99,1329100,21976706.0,3.119953,1.037,1.95,否,0.91,0.997,-3.142,-2.61,-4.832,否,120000000,42600000,1987200000.0,705456000.0,41.541759,3.056462,1.577148,7.03,7.15,7.21,7.29,7.44,7.18,9.1,2016-09-08,-
2019-01-25,300543,朗科智能,消费电子,7.04,7.08,6.79,6.81,6.79,1493300,24175508.0,3.505399,-3.986,4.17,否,1.16,-2.436,-3.129,-5.939,-8.713,否,120000000,42600000,1908000000.0,677340000.0,39.886109,2.934647,1.514291,6.98,7.11,7.16,7.27,7.45,7.17,9.08,2016-09-08,-
2019-01-28,300543,朗科智能,消费电子,6.81,6.91,6.68,6.77,6.68,1032000,16443987.0,2.422535,-0.566,3.33,否,0.86,-3.424,-3.698,-7.26,-10.921,否,120000000,42600000,1897200000.0,673506000.0,39.660339,2.918036,1.505719,6.93,7.06,7.13,7.24,7.45,7.15,9.05,2016-09-08,-
2019-01-29,300543,朗科智能,消费电子,6.72,6.81,6.39,6.48,6.39,1542450,23495753.0,3.620775,-4.238,6.2,否,1.32,-8.604,-7.692,-13.485,-11.837,否,120000000,42600000,1816800000.0,644964000.0,37.979603,2.794375,1.441909,6.83,6.95,7.09,7.22,7.43,7.13,9.02,2016-09-08,-
2019-01-30,300543,朗科智能,消费电子,6.42,6.6,6.4,6.42,6.4,934300,14189862.0,2.193192,-0.925,3.04,否,0.74,-5.727,-8.023,-12.295,-15.637,否,120000000,42600000,1800000000.0,639000000.0,37.628405,2.768535,1.428576,6.71,6.86,7.04,7.18,7.4,7.11,8.99,2016-09-08,-
2019-01-31,300543,朗科智能,消费电子,6.38,6.54,6.26,6.31,6.26,1082500,16262739.0,2.54108,-1.667,4.47,否,0.85,-6.795,-9.986,-10.242,-14.845,否,120000000,42600000,1770000000.0,628350000.0,37.001265,2.722393,1.404766,6.56,6.79,7.03,7.15,7.39,7.1,8.97,2016-09-08,-
2019-02-01,300543,朗科智能,消费电子,6.33,6.59,6.28,6.57,6.28,1012000,15413486.0,2.375587,4.0,4.95,否,0.83,1.389,-7.334,-6.543,-15.661,否,120000000,42600000,1840800000.0,653484000.0,38.481315,2.831288,1.460957,6.51,6.75,7.02,7.12,7.38,7.09,8.95,2016-09-08,-
2019-02-11,300543,朗科智能,消费电子,6.6,6.82,6.59,6.79,6.59,1349500,21162395.88,3.16784,3.39,3.52,否,1.2,5.763,-0.294,-3.276,-8.859,否,120000000,42600000,1903200000.0,675636000.0,39.785767,2.927264,1.510481,6.51,6.72,7.0,7.09,7.38,7.08,8.92,2016-09-08,-
2019-02-12,300543,朗科智能,消费电子,6.78,6.89,6.7,6.88,6.7,1387002,22143266.92,3.255873,1.324,2.77,否,1.17,9.033,1.625,-1.433,-5.103,否,120000000,42600000,1928400000.0,684582000.0,40.312564,2.966024,1.530481,6.59,6.71,6.96,7.07,7.38,7.08,8.9,2016-09-08,-
2019-02-13,300543,朗科智能,消费电子,6.81,7.14,6.81,7.1,6.81,2346900,38484800.0,5.509155,3.298,4.92,否,2.04,8.067,9.568,1.284,-2.606,否,120000000,42600000,1992000000.0,707160000.0,41.642101,3.063845,1.580958,6.73,6.72,6.95,7.06,7.38,7.07,8.88,2016-09-08,-
2019-02-14,300543,朗科智能,消费电子,7.1,7.19,7.02,7.09,7.02,1756202,29071701.82,4.12254,-0.241,2.29,否,1.22,4.418,10.436,0.0,7.751,否,120000000,42600000,1987200000.0,705456000.0,41.541759,3.056462,1.577148,6.89,6.72,6.94,7.05,7.38,7.07,8.86,2016-09-08,-
2019-02-15,300543,朗科智能,消费电子,7.07,7.26,7.07,7.15,7.07,2193202,36807522.46,5.148362,0.845,2.78,否,1.4,3.924,13.312,4.993,5.613,否,120000000,42600000,2004000000.0,711420000.0,41.892957,3.082302,1.590481,7.0,6.76,6.93,7.02,7.38,7.06,8.85,2016-09-08,-
2019-02-18,300543,朗科智能,消费电子,7.23,7.42,7.19,7.4,7.19,2766500,47328919.08,6.494131,3.473,3.23,否,1.53,4.225,12.633,9.306,3.641,否,120000000,42600000,2073600000.0,736128000.0,43.347922,3.189352,1.64572,7.12,6.82,6.94,7.02,7.38,7.06,8.83,2016-09-08,-
2019-02-19,300543,朗科智能,消费电子,7.7,7.7,7.23,7.33,7.23,3409235,58989589.0,8.002899,-0.868,6.25,否,1.63,3.385,7.953,13.117,-4.058,否,120000000,42600000,2055600000.0,729738000.0,42.971638,3.161667,1.631434,7.21,6.9,6.93,7.03,7.37,7.06,8.82,2016-09-08,-
2019-02-20,300543,朗科智能,消费电子,7.39,7.4,7.22,7.32,7.22,2142365,36634889.1,5.029026,-0.175,2.45,否,0.86,2.378,6.395,14.019,-1.877,否,120000000,42600000,2052000000.0,728460000.0,42.896381,3.15613,1.628577,7.26,6.99,6.93,7.03,7.35,7.07,8.81,2016-09-08,-
2019-02-21,300543,朗科智能,消费电子,7.32,7.48,7.15,7.21,7.15,3143434,54115639.98,7.378953,-1.462,4.5,否,1.28,-2.568,1.549,14.263,-0.962,否,120000000,42600000,2022000000.0,717810000.0,42.269241,3.109987,1.604767,7.28,7.08,6.94,7.05,7.32,7.07,8.8,2016-09-08,-
2019-02-22,300543,朗科智能,消费电子,7.26,7.59,7.24,7.57,7.24,4049617,70615957.68,9.506143,4.926,4.93,否,1.48,3.274,6.77,15.221,4.558,否,120000000,42600000,2121600000.0,753168000.0,44.351346,3.26318,1.683815,7.37,7.18,6.97,7.07,7.3,7.07,8.8,2016-09-08,-
2019-02-25,300543,朗科智能,消费电子,7.64,8.03,7.51,8.0,7.51,4988665,91379258.44,11.710481,5.769,6.84,否,1.61,9.29,11.888,17.82,9.589,否,120000000,42600000,2244000000.0,796620000.0,46.910078,3.45144,1.780958,7.49,7.31,7.01,7.1,7.3,7.08,8.79,2016-09-08,-
2019-02-26,300543,朗科智能,消费电子,7.99,8.41,7.77,7.9,7.77,5477344,102782831.9,12.857615,-1.283,8.02,否,1.54,9.57,6.757,14.826,5.474,否,120000000,42600000,2215200000.0,786396000.0,46.308023,3.407144,1.758101,7.6,7.41,7.06,7.11,7.31,7.09,8.79,2016-09-08,-
2019-02-27,300543,朗科智能,消费电子,7.79,7.99,7.67,7.82,7.67,4054300,74420041.96,9.517136,-1.029,4.06,否,1.02,3.303,6.685,10.141,6.831,否,120000000,42600000,2192400000.0,778302000.0,45.831397,3.372075,1.740006,7.7,7.48,7.1,7.12,7.31,7.09,8.79,2016-09-08,-
2019-02-28,300543,朗科智能,消费电子,7.82,7.85,7.59,7.7,7.59,3029094,54650138.04,7.110549,-1.478,3.34,否,0.7,-3.75,5.191,8.604,9.531,否,120000000,42600000,2160000000.0,766800000.0,46.537783,3.322242,1.728436,7.8,7.54,7.13,7.14,7.32,7.1,8.78,2016-09-08,-
2019-03-01,300543,朗科智能,消费电子,7.75,7.82,7.57,7.72,7.57,2726394,49010500.86,6.399986,0.167,3.28,否,0.63,-2.278,7.074,7.972,9.815,否,120000000,42600000,2163600000.0,768078000.0,46.615346,3.327779,1.731316,7.83,7.6,7.18,7.15,7.32,7.1,8.78,2016-09-08,-
2019-03-04,300543,朗科智能,消费电子,7.74,8.07,7.74,7.87,7.74,4396650,81371860.06,10.320775,1.997,4.22,否,1.08,0.639,3.963,6.351,12.108,否,120000000,42600000,2206800000.0,783414000.0,47.546101,3.394224,1.765885,7.8,7.64,7.23,7.17,7.32,7.11,8.77,2016-09-08,-
2019-03-05,300543,朗科智能,消费电子,7.79,8.35,7.79,8.25,7.79,5390552,102039165.38,12.653878,4.785,7.01,否,1.37,7.143,3.125,12.551,18.195,否,120000000,42600000,2312400000.0,820902000.0,49.821282,3.556644,1.850386,7.87,7.74,7.32,7.2,7.33,7.12,8.77,2016-09-08,-
2019-03-06,300543,朗科智能,消费电子,8.35,8.39,8.03,8.31,8.03,5318550,101812840.5,12.484859,0.727,4.31,否,1.36,7.642,5.19,13.525,18.545,否,120000000,42600000,2329200000.0,826866000.0,50.183243,3.582484,1.86383,7.97,7.84,7.41,7.23,7.33,7.13,8.77,2016-09-08,-
2019-03-07,300543,朗科智能,消费电子,8.36,8.65,8.14,8.47,8.14,5922800,115953586.0,13.903286,1.906,6.08,否,1.42,7.624,8.312,17.476,19.464,否,120000000,42600000,2373600000.0,842628000.0,51.139853,3.650775,1.899359,8.12,7.96,7.52,7.28,7.34,7.14,8.76,2016-09-08,-
2019-03-08,300543,朗科智能,消费电子,8.22,8.55,7.92,7.99,7.92,4939300,95124269.8,11.594601,-5.612,7.48,否,1.04,-3.152,3.766,5.548,17.327,否,120000000,42600000,2240400000.0,795342000.0,48.270023,3.445903,1.792772,8.18,8.0,7.59,7.31,7.34,7.15,8.76,2016-09-08,-
2019-03-11,300543,朗科智能,消费电子,7.93,8.64,7.93,8.59,7.93,5554465,108570568.9,13.03865,7.499,8.89,否,1.07,3.369,11.269,7.375,26.883,否,120000000,42600000,2408400000.0,854982000.0,51.889628,3.7043,1.927206,8.32,8.06,7.68,7.36,7.35,7.16,8.75,2016-09-08,-
2019-03-12,300543,朗科智能,消费电子,8.69,9.41,8.47,9.15,8.47,8242065,170134685.6,19.34757,6.477,10.86,否,1.52,8.028,16.264,15.823,41.204,否,120000000,42600000,2564400000.0,910362000.0,55.25069,3.944239,2.052037,8.5,8.19,7.8,7.44,7.38,7.18,8.75,2016-09-08,-
2019-03-13,300543,朗科智能,消费电子,8.92,9.46,8.77,9.31,8.77,8635417,185142757.73,20.270932,1.778,7.58,否,1.44,16.521,12.848,19.054,45.016,否,120000000,42600000,2610000000.0,926550000.0,56.233154,4.014376,2.088526,8.7,8.34,7.91,7.51,7.41,7.2,8.74,2016-09-08,-
2019-03-14,300543,朗科智能,消费电子,9.09,9.24,8.38,8.65,8.38,5412400,111415184.0,12.705164,-7.034,9.2,否,0.81,0.698,4.091,12.338,37.084,否,120000000,42600000,2426400000.0,861372000.0,52.277443,3.731985,1.941609,8.74,8.43,7.99,7.56,7.43,7.21,8.74,2016-09-08,-
2019-03-15,300543,朗科智能,消费电子,8.72,8.87,8.35,8.51,8.35,3498000,70493988.0,8.211268,-1.682,6.03,否,0.53,-6.995,0.472,10.233,29.528,否,120000000,42600000,2385600000.0,846888000.0,51.398396,3.669232,1.908961,8.84,8.51,8.05,7.62,7.44,7.23,8.73,2016-09-08,-
2019-03-18,300543,朗科智能,消费电子,8.48,8.65,8.37,8.61,8.37,2942200,58612390.0,6.906573,1.157,3.27,否,0.47,-7.519,7.76,9.403,26.804,否,120000000,42600000,2413200000.0,856686000.0,51.993045,3.711682,1.931047,8.85,8.58,8.11,7.68,7.46,7.25,8.72,2016-09-08,-
2019-03-19,300543,朗科智能,消费电子,8.65,8.71,8.39,8.47,8.39,2965800,59216367.85,6.961972,-1.591,3.73,否,0.52,-2.081,-1.397,2.667,23.11,否,120000000,42600000,2374800000.0,843054000.0,51.165707,3.65262,1.900319,8.71,8.61,8.17,7.75,7.48,7.26,8.72,2016-09-08,-
2019-03-20,300543,朗科智能,消费电子,8.55,8.64,8.23,8.47,8.23,2633215,51818723.25,6.181256,-0.051,4.8,否,0.56,-0.47,-7.432,1.925,19.296,否,120000000,42600000,2373600000.0,842628000.0,51.139853,3.650775,1.899359,8.54,8.62,8.23,7.82,7.5,7.27,8.7,2016-09-08,-
2019-03-21,300543,朗科智能,消费电子,8.48,8.64,8.4,8.59,8.4,2864700,57326188.0,6.724648,1.416,2.83,否,0.82,-0.232,-7.734,1.417,21.157,否,120000000,42600000,2407200000.0,854556000.0,51.863774,3.702454,1.926245,8.53,8.63,8.3,7.89,7.52,7.29,8.69,2016-09-08,-
2019-03-22,300543,朗科智能,消费电子,8.59,9.09,8.59,8.92,8.59,4704615,97435545.8,11.043697,3.938,5.83,否,1.58,5.313,3.121,11.64,24.755,否,120000000,42600000,2502000000.0,888210000.0,53.906265,3.848263,2.002105,8.61,8.73,8.37,7.97,7.54,7.3,8.69,2016-09-08,-
2019-03-25,300543,朗科智能,消费电子,8.56,8.75,8.09,8.4,8.09,3342715,66944611.25,7.846749,-5.899,7.39,否,1.04,-0.826,-1.293,-2.212,13.514,否,120000000,42600000,2354400000.0,835812000.0,50.726183,3.621244,1.883995,8.57,8.71,8.39,8.03,7.56,7.31,8.68,2016-09-08,-
2019-03-26,300543,朗科智能,消费电子,8.47,8.64,8.05,8.17,8.05,2877600,56289766.0,6.75493,-2.752,7.03,否,0.87,-4.889,-5.11,-10.71,11.46,否,120000000,42600000,2289600000.0,812808000.0,49.33005,3.521576,1.832142,8.51,8.61,8.4,8.07,7.57,7.32,8.67,2016-09-08,-
2019-03-27,300543,朗科智能,消费电子,8.23,8.26,7.84,8.02,7.84,2383500,44584834.0,5.59507,-1.834,5.14,否,0.73,-10.09,-5.313,-13.856,9.563,否,120000000,42600000,2247600000.0,797898000.0,48.425149,3.456977,1.798533,8.42,8.48,8.41,8.1,7.58,7.33,8.66,2016-09-08,-
2019-03-28,300543,朗科智能,消费电子,7.97,8.21,7.89,7.97,7.89,2036400,38264022.0,4.780282,-0.587,3.95,否,0.63,-5.119,-5.903,-7.861,10.541,否,120000000,42600000,2234400000.0,793212000.0,48.140751,3.436675,1.787971,8.3,8.41,8.42,8.13,7.59,7.34,8.65,2016-09-08,-
2019-03-29,300543,朗科智能,消费电子,7.97,8.23,7.81,8.21,7.81,2280600,43064168.0,5.353521,3.061,5.26,否,0.74,0.49,-4.424,-3.525,8.454,否,120000000,42600000,2302800000.0,817494000.0,49.614447,3.541879,1.842704,8.15,8.38,8.45,8.16,7.59,7.35,8.64,2016-09-08,-
2019-04-01,300543,朗科智能,消费电子,8.26,8.54,8.23,8.47,8.23,2457800,48400804.0,5.769484,3.127,3.7,否,0.95,5.611,-5.045,-1.626,5.875,否,120000000,42600000,2374800000.0,843054000.0,51.165707,3.65262,1.900319,8.17,8.37,8.48,8.2,7.61,7.37,8.63,2016-09-08,-
2019-04-02,300543,朗科智能,消费电子,8.47,8.71,8.47,8.53,8.47,3059615,61215471.55,7.182195,0.707,2.78,否,1.27,7.026,1.548,0.708,7.975,否,120000000,42600000,2391600000.0,849018000.0,51.527667,3.67846,1.913762,8.24,8.38,8.49,8.24,7.63,7.39,8.62,2016-09-08,-
2019-04-03,300543,朗科智能,消费电子,8.53,8.85,8.5,8.77,8.5,3536015,71829521.3,8.300505,2.81,4.16,否,1.45,6.821,7.344,3.542,12.148,否,120000000,42600000,2458800000.0,872874000.0,52.975509,3.781819,1.967536,8.39,8.41,8.51,8.29,7.66,7.41,8.62,2016-09-08,-
2019-04-04,300543,朗科智能,消费电子,8.73,8.89,8.63,8.67,8.63,2887500,58861203.0,6.778169,-1.171,2.98,否,1.08,2.361,8.105,0.931,12.597,否,120000000,42600000,2430000000.0,862650000.0,52.355006,3.737522,1.94449,8.53,8.41,8.52,8.34,7.69,7.43,8.61,2016-09-08,-
2019-04-08,300543,朗科智能,消费电子,8.69,8.82,8.35,8.5,8.35,2683000,53615132.0,6.298122,-1.877,5.33,否,0.94,-0.352,6.65,-4.709,10.104,否,120000000,42600000,2384400000.0,846462000.0,51.372541,3.667386,1.908001,8.59,8.37,8.55,8.37,7.72,7.44,8.6,2016-09-08,-
2019-04-09,300543,朗科智能,消费电子,8.63,8.9,8.52,8.84,8.52,3828837,78268671.62,8.98788,3.926,4.48,否,1.31,0.798,7.674,5.238,12.325,否,120000000,42600000,2478000000.0,879690000.0,53.389179,3.81135,1.9829,8.66,8.42,8.56,8.4,7.75,7.47,8.6,2016-09-08,-
2019-04-10,300543,朗科智能,消费电子,8.99,9.15,8.81,8.82,8.81,4401735,92031179.15,10.332711,-0.242,3.83,否,1.38,1.73,4.132,7.956,6.909,否,120000000,42600000,2472000000.0,877560000.0,53.259907,3.802121,1.978098,8.72,8.48,8.55,8.43,7.77,7.49,8.59,2016-09-08,-
2019-04-11,300543,朗科智能,消费电子,8.77,8.77,8.47,8.53,8.47,2891772,58173539.64,6.788197,-3.252,3.35,否,0.83,0.353,0.0,6.359,2.647,否,120000000,42600000,2391600000.0,849018000.0,51.527667,3.67846,1.913762,8.67,8.53,8.51,8.45,7.79,7.51,8.58,2016-09-08,-
2019-04-12,300543,朗科智能,消费电子,8.54,8.88,8.51,8.86,8.51,2433572,49256617.68,5.71261,3.914,4.26,否,0.73,0.226,1.026,11.167,4.604,否,120000000,42600000,2485200000.0,882246000.0,53.544305,3.822424,1.988661,8.71,8.62,8.52,8.49,7.81,7.54,8.56,2016-09-08,-
2019-04-15,300543,朗科智能,消费电子,8.91,9.03,8.6,8.6,8.6,3095915,64082601.0,7.267406,-2.945,4.83,否,0.95,-2.494,-0.807,4.75,7.635,否,120000000,42600000,2412000000.0,856260000.0,51.967191,3.709837,1.930086,8.73,8.66,8.52,8.52,7.84,7.56,8.55,2016-09-08,-
2019-04-16,300543,朗科智能,消费电子,8.5,9.44,8.44,9.3,8.44,7580302,161134304.46,17.794136,8.109,11.64,否,2.28,9.027,9.412,9.799,8.265,否,120000000,42600000,2607600000.0,925698000.0,56.181446,4.010684,2.086606,8.82,8.74,8.56,8.57,7.87,7.59,8.55,2016-09-08,-
2019-04-17,300543,朗科智能,消费电子,9.16,9.27,9.0,9.12,9.0,4844817,103462974.57,11.37281,-1.979,2.99,否,1.19,2.935,3.167,6.917,-0.328,否,120000000,42600000,2556000000.0,907380000.0,55.06971,3.931319,2.045315,8.88,8.8,8.59,8.59,7.9,7.61,8.54,2016-09-08,-
2019-04-18,300543,朗科智能,消费电子,9.05,9.27,8.93,8.95,8.93,3393102,71855946.72,7.965028,-1.878,3.71,否,0.81,4.07,1.474,2.052,-3.867,否,120000000,42600000,2508000000.0,890340000.0,54.035537,3.857492,2.006906,8.97,8.82,8.61,8.62,7.92,7.63,8.53,2016-09-08,-
2019-04-19,300543,朗科智能,消费电子,8.97,9.15,8.73,9.08,8.73,3180517,66294779.55,7.466002,1.531,4.64,否,0.74,-2.366,6.448,4.729,4.971,否,120000000,42600000,2546400000.0,903972000.0,54.862875,3.916554,2.037633,9.01,8.86,8.64,8.64,7.96,7.66,8.52,2016-09-08,-
2019-04-22,300543,朗科智能,消费电子,9.06,9.09,8.73,8.81,8.73,2257900,46998273.0,5.300235,-2.969,3.96,否,0.51,-3.399,-0.564,3.647,3.525,否,120000000,42600000,2470800000.0,877134000.0,53.234053,3.800276,1.977138,9.05,8.89,8.63,8.66,7.99,7.68,8.51,2016-09-08,-
2019-04-23,300543,朗科智能,消费电子,8.82,8.83,8.51,8.55,8.51,1784317,36242350.76,4.188538,-2.963,3.64,否,0.42,-4.469,-0.581,-3.281,-0.697,否,120000000,42600000,2397600000.0,851148000.0,51.656939,3.687688,1.918563,8.9,8.86,8.64,8.66,8.01,7.7,8.5,2016-09-08,-
2019-04-24,300543,朗科智能,消费电子,8.56,8.8,8.56,8.75,8.56,2061817,41649694.7,4.839946,2.352,2.85,否,0.67,-3.634,-5.914,-0.794,3.306,否,120000000,42600000,2454000000.0,871170000.0,52.872092,3.774436,1.963695,8.83,8.86,8.67,8.65,8.04,7.72,8.49,2016-09-08,-
2019-04-25,300543,朗科智能,消费电子,8.68,8.78,7.97,7.97,7.97,3953917,77381297.35,9.281495,-8.949,9.29,否,1.56,-9.535,-12.61,-6.565,-5.903,否,120000000,42600000,2234400000.0,793212000.0,38.160968,3.272879,1.718619,8.63,8.8,8.67,8.6,8.06,7.74,8.47,2016-09-08,-
2019-04-26,300543,朗科智能,消费电子,7.96,8.15,7.96,7.99,7.96,2252800,42437462.0,5.288263,0.215,2.42,否,0.85,-6.55,-10.726,-9.819,-6.985,否,120000000,42600000,2239200000.0,794916000.0,38.242946,3.27991,1.722311,8.41,8.71,8.67,8.58,8.07,7.76,8.45,2016-09-08,-
2019-04-29,300543,朗科智能,消费电子,8.02,8.15,7.86,7.88,7.86,2355017,44092095.58,5.528209,-1.286,3.64,否,0.96,-9.943,-13.216,-8.372,-11.659,否,120000000,42600000,2210400000.0,784692000.0,37.751076,3.237724,1.700159,8.23,8.64,8.65,8.56,8.09,7.77,8.44,2016-09-08,-
2019-04-30,300543,朗科智能,消费电子,7.81,8.02,7.78,7.89,7.78,1779217,32814188.08,4.176566,0.054,3.09,否,0.72,-1.004,-10.443,-15.161,-6.071,否,120000000,42600000,2211600000.0,785118000.0,37.77157,3.239482,1.701082,8.1,8.5,8.62,8.54,8.11,7.78,8.42,2016-09-08,-
2019-05-06,300543,朗科智能,消费电子,7.68,7.68,7.1,7.1,7.1,2523700,43400242.0,5.924178,-9.984,7.38,否,1.02,-11.139,-16.959,-22.149,-13.097,否,120000000,42600000,1990800000.0,706734000.0,34.000562,2.916061,1.53125,7.77,8.3,8.55,8.49,8.12,7.77,8.4,2016-09-08,-
2019-05-07,300543,朗科智能,消费电子,7.14,7.27,7.09,7.21,7.09,1808300,30347500.0,4.244836,1.567,2.59,否,0.7,-8.503,-17.6,-19.441,-10.1,否,120000000,42600000,2022000000.0,717810000.0,34.533422,2.961762,1.555248,7.61,8.12,8.47,8.45,8.13,7.77,8.37,2016-09-08,-
2019-05-08,300543,朗科智能,消费电子,7.02,7.31,6.93,7.14,6.93,1552700,26005354.0,3.644836,-1.009,5.28,否,0.72,-9.506,-10.414,-21.366,-10.414,否,120000000,42600000,2001600000.0,710568000.0,34.185013,2.931881,1.539557,7.44,7.93,8.39,8.4,8.15,7.77,8.35,2016-09-08,-
2019-05-09,300543,朗科智能,消费电子,7.1,7.47,7.03,7.36,7.03,2080300,35558343.0,4.883333,3.118,6.18,否,1.04,3.662,-7.885,-16.459,-10.353,否,120000000,42600000,2064000000.0,732720000.0,35.250733,3.023282,1.587553,7.34,7.78,8.34,8.35,8.16,7.77,8.33,2016-09-08,-
2019-05-10,300543,朗科智能,消费电子,7.4,7.61,7.21,7.6,7.21,2451904,42823440.6,5.755643,3.198,5.47,否,1.26,5.409,-3.553,-11.111,-10.272,否,120000000,42600000,2130000000.0,756150000.0,36.377937,3.119957,1.638318,7.28,7.69,8.28,8.32,8.17,7.78,8.31,2016-09-08,-
2019-05-13,300543,朗科智能,消费电子,7.47,7.6,7.43,7.52,7.43,1444900,25362501.0,3.391784,-1.07,2.31,否,0.69,5.322,-4.689,-14.057,-11.841,否,120000000,42600000,2107200000.0,748056000.0,35.988539,3.08656,1.620781,7.37,7.57,8.21,8.3,8.18,7.78,8.28,2016-09-08,-
2019-05-14,300543,朗科智能,消费电子,7.4,7.73,7.4,7.46,7.4,1529200,27082221.0,3.589671,-0.683,4.27,否,0.82,1.359,5.07,-6.399,-14.937,否,120000000,42600000,2092800000.0,742944000.0,35.742604,3.065467,1.609705,7.42,7.52,8.16,8.28,8.19,7.79,8.26,2016-09-08,-
2019-05-15,300543,朗科智能,消费电子,7.58,7.85,7.55,7.83,7.55,2419151,43618550.59,5.678758,4.874,4.13,否,1.34,3.026,8.599,-2.003,-9.689,否,120000000,42600000,2194800000.0,779154000.0,37.484646,3.214874,1.68816,7.55,7.5,8.11,8.28,8.2,7.79,8.24,2016-09-08,-
2019-05-16,300543,朗科智能,消费电子,7.75,7.88,7.66,7.78,7.66,2168060,39272280.24,5.089343,-0.656,2.79,否,1.09,3.457,8.964,-1.269,-8.471,否,120000000,42600000,2180400000.0,774042000.0,37.23871,3.193781,1.677084,7.64,7.49,8.06,8.26,8.21,7.8,8.22,2016-09-08,-
2019-05-17,300543,朗科智能,消费电子,7.71,7.83,7.34,7.34,7.34,2078430,36845479.17,4.878944,-5.614,6.27,否,1.04,-1.609,-0.272,-6.971,-16.968,否,120000000,42600000,2058000000.0,730590000.0,35.14826,3.014493,1.582938,7.59,7.43,7.97,8.23,8.21,7.8,8.19,2016-09-08,-
2019-05-20,300543,朗科智能,消费电子,7.49,7.77,7.35,7.7,7.35,2352111,41815498.38,5.521387,4.956,5.66,否,1.22,-1.66,1.316,8.451,-12.698,否,120000000,42600000,2160000000.0,766800000.0,36.890302,3.1639,1.661393,7.62,7.49,7.9,8.2,8.22,7.79,8.17,2016-09-08,-
2019-05-21,300543,朗科智能,消费电子,7.63,7.85,7.58,7.7,7.58,1952850,35310057.56,4.584155,0.0,3.5,否,0.93,-1.028,2.394,6.796,-9.73,否,120000000,42600000,2160000000.0,766800000.0,36.890302,3.1639,1.661393,7.67,7.54,7.83,8.16,8.22,7.79,8.15,2016-09-08,-
2019-05-22,300543,朗科智能,消费电子,7.73,7.85,7.59,7.72,7.59,1570181,28356983.29,3.685871,0.222,3.33,否,0.72,5.177,3.485,8.123,-12.867,否,120000000,42600000,2164800000.0,768504000.0,36.97228,3.170931,1.665085,7.65,7.6,7.77,8.13,8.23,7.77,8.13,2016-09-08,-
2019-05-23,300543,朗科智能,消费电子,7.7,7.81,7.49,7.62,7.49,1716182,30683471.4,4.028596,-1.33,4.1,否,0.85,-1.039,-2.682,3.533,-11.395,否,120000000,42600000,2136000000.0,758280000.0,36.48041,3.128745,1.642933,7.62,7.63,7.71,8.1,8.23,7.77,8.11,2016-09-08,-
2019-05-24,300543,朗科智能,消费电子,7.5,7.7,7.43,7.43,7.43,1160742,20390515.2,2.724746,-2.472,3.54,否,0.6,-3.506,-4.499,-2.237,-20.108,否,120000000,42600000,2083200000.0,739536000.0,35.578647,3.051406,1.602321,7.63,7.61,7.65,8.05,8.22,7.76,8.09,2016-09-08,-
2019-05-27,300543,朗科智能,消费电子,7.6,8.17,7.44,8.17,7.44,4230884,79020743.64,9.931653,10.023,9.91,否,2.42,5.829,11.308,8.644,-10.417,是,120000000,42600000,2292000000.0,813660000.0,39.144709,3.357249,1.762922,7.73,7.68,7.62,8.03,8.23,7.77,8.08,2016-09-08,-
2019-05-28,300543,朗科智能,消费电子,8.19,8.76,8.16,8.36,8.16,6476927,126556038.63,15.204054,2.26,7.3,否,3.05,9.711,8.571,12.064,-6.592,否,120000000,42600000,2335200000.0,828996000.0,39.882515,3.420527,1.79615,7.86,7.77,7.64,8.03,8.24,7.78,8.06,2016-09-08,-
2019-05-29,300543,朗科智能,消费电子,8.59,8.62,8.17,8.45,8.17,4549335,88476385.12,10.67919,1.131,5.29,否,1.5,13.728,9.74,7.918,-6.938,否,120000000,42600000,2361600000.0,838368000.0,40.333397,3.459197,1.816456,8.01,7.83,7.66,8.01,8.25,7.78,8.05,2016-09-08,-
2019-05-30,300543,朗科智能,消费电子,8.25,8.29,7.96,8.17,7.96,3560124,67208688.05,8.357099,-3.354,3.86,否,0.98,0.0,5.829,5.013,-7.264,否,120000000,42600000,2282400000.0,810252000.0,38.980752,3.343188,1.755538,8.12,7.87,7.68,8.0,8.26,7.79,8.03,2016-09-08,-
2019-05-31,300543,朗科智能,消费电子,8.12,8.28,8.05,8.24,8.05,3042153,57800073.89,7.141204,0.789,2.84,否,0.76,-1.435,8.136,12.262,-3.626,否,120000000,42600000,2300400000.0,816642000.0,39.288172,3.369553,1.769383,8.28,7.96,7.7,7.96,8.26,7.79,8.01,2016-09-08,-
2019-06-03,300543,朗科智能,消费电子,8.33,8.37,8.04,8.1,8.04,2379466,45400698.3,5.585601,-1.617,4.02,否,0.54,-4.142,9.017,5.195,-7.429,否,120000000,42600000,2263200000.0,803436000.0,38.652839,3.315064,1.740771,8.26,8.0,7.75,7.93,8.26,7.8,8.0,2016-09-08,-
2019-06-04,300543,朗科智能,消费电子,8.02,8.91,8.02,8.91,8.02,6524908,130876949.28,15.316685,10.021,11.03,否,1.63,9.058,9.058,15.714,11.794,是,120000000,42600000,2490000000.0,883950000.0,42.52632,3.647273,1.915217,8.37,8.12,7.83,7.93,8.27,7.8,7.98,2016-09-08,-
2019-06-05,300543,朗科智能,消费电子,9.81,9.81,9.8,9.81,9.8,3973826,90722387.58,9.32823,10.024,0.05,否,0.99,19.053,17.344,27.073,22.778,是,120000000,42600000,2739600000.0,972558000.0,46.7892,4.01288,2.1072,8.65,8.33,7.96,7.95,8.29,7.82,7.96,2016-09-08,-
2019-06-06,300543,朗科智能,消费电子,9.81,9.81,8.83,8.83,8.83,10882494,232853603.57,25.545761,-9.987,9.99,否,2.79,9.012,4.497,15.879,12.056,否,120000000,42600000,2466000000.0,875430000.0,42.116428,3.612119,1.896757,8.78,8.45,8.04,7.95,8.31,7.82,7.95,2016-09-08,-
2019-06-10,300543,朗科智能,消费电子,8.58,8.68,8.25,8.66,8.25,7454855,147553962.79,17.49966,-1.898,4.82,否,1.39,-2.806,5.998,16.555,9.759,否,120000000,42600000,2419200000.0,858816000.0,41.317138,3.543568,1.86076,8.86,8.57,8.09,7.96,8.31,7.83,7.93,2016-09-08,-
2019-06-11,300543,朗科智能,消费电子,8.55,8.97,8.38,8.89,8.38,7421382,150076471.86,17.421085,2.629,6.85,否,1.19,-9.378,7.888,8.813,25.211,否,120000000,42600000,2482800000.0,881394000.0,42.403353,3.636727,1.909679,9.02,8.64,8.16,7.96,8.3,7.84,7.92,2016-09-08,-
2019-06-12,300543,朗科智能,消费电子,8.74,8.88,8.53,8.76,8.53,5511276,111947053.11,12.937268,-1.45,3.96,否,0.76,-0.793,8.148,4.785,21.498,否,120000000,42600000,2446800000.0,868614000.0,41.788514,3.583995,1.881989,8.99,8.68,8.22,7.99,8.3,7.85,7.91,2016-09-08,-
2019-06-13,300543,朗科智能,消费电子,8.76,8.94,8.68,8.77,8.68,4445306,90975063.66,10.434991,0.147,2.94,否,0.63,1.27,-1.571,3.787,22.829,否,120000000,42600000,2450400000.0,869892000.0,41.849998,3.589269,1.884758,8.78,8.71,8.27,8.01,8.3,7.86,7.9,2016-09-08,-
2019-06-14,300543,朗科智能,消费电子,8.75,8.78,8.31,8.36,8.31,4292002,84940672.78,10.075122,-4.75,5.29,否,0.6,-5.962,-14.781,2.326,13.587,否,120000000,42600000,2334000000.0,828570000.0,39.862021,3.41877,1.795227,8.69,8.73,8.3,8.03,8.3,7.87,7.89,2016-09-08,-
2019-06-17,300543,朗科智能,消费电子,8.2,8.45,8.16,8.24,8.16,2412175,46303042.15,5.662383,-1.388,3.39,否,0.41,-5.936,-6.682,0.0,8.421,否,120000000,42600000,2301600000.0,817068000.0,39.308666,3.371311,1.770306,8.6,8.73,8.34,8.04,8.29,7.88,7.88,2016-09-08,-
2019-06-18,300543,朗科智能,消费电子,8.29,8.37,8.11,8.27,8.11,2050934,39252729.35,4.814399,0.313,3.18,否,0.43,-5.701,-4.503,2.099,9.973,否,120000000,42600000,2308800000.0,819624000.0,39.431634,3.381857,1.775844,8.48,8.75,8.37,8.08,8.29,7.88,7.87,2016-09-08,-
2019-06-19,300543,朗科智能,消费电子,8.49,8.57,8.32,8.34,8.32,2287631,44748772.5,5.370026,0.884,3.01,否,0.61,-0.239,-6.187,-6.397,11.796,否,120000000,42600000,2329200000.0,826866000.0,39.780042,3.411739,1.791535,8.4,8.69,8.41,8.12,8.28,7.89,7.86,2016-09-08,-
2019-06-20,300543,朗科智能,消费电子,8.28,8.87,8.18,8.71,8.18,4906475,97937236.09,11.517547,4.431,8.24,否,1.58,5.704,-0.571,-11.213,11.239,否,120000000,42600000,2432400000.0,863502000.0,41.542579,3.562903,1.870913,8.38,8.58,8.45,8.17,8.29,7.9,7.85,2016-09-08,-
2019-06-21,300543,朗科智能,消费电子,8.71,8.92,8.68,8.78,8.68,4648641,95343394.8,10.912303,0.839,2.81,否,1.46,6.167,0.114,-0.566,12.853,否,120000000,42600000,2452800000.0,870744000.0,41.890987,3.592784,1.886604,8.47,8.58,8.51,8.22,8.28,7.91,7.84,2016-09-08,-
2019-06-24,300543,朗科智能,消费电子,8.76,8.87,8.59,8.82,8.59,3074100,62466871.0,7.216197,0.489,3.13,否,0.94,5.755,5.502,1.848,20.163,否,120000000,42600000,2464800000.0,875004000.0,42.095933,3.610361,1.895834,8.58,8.59,8.58,8.26,8.29,7.92,7.83,2016-09-08,-
2019-06-25,300543,朗科智能,消费电子,8.75,8.78,8.45,8.54,8.45,2442866,48775773.34,5.734427,-3.213,3.7,否,0.72,-1.952,3.641,-3.937,10.909,否,120000000,42600000,2385600000.0,846888000.0,40.743289,3.494352,1.834916,8.64,8.56,8.6,8.29,8.3,7.93,7.82,2016-09-08,-
2019-06-26,300543,朗科智能,消费电子,8.5,9.39,8.39,9.08,8.39,8579736,182166596.24,20.140225,6.338,11.72,否,2.47,3.417,9.794,3.653,17.922,否,120000000,42600000,2536800000.0,900564000.0,43.32561,3.715825,1.951214,8.79,8.59,8.64,8.35,8.31,7.95,7.81,2016-09-08,-
2019-06-27,300543,朗科智能,消费电子,8.98,9.22,8.94,9.07,8.94,5684866,120042483.78,13.344756,-0.095,3.12,否,1.2,2.834,8.753,3.421,17.487,否,120000000,42600000,2534400000.0,899712000.0,43.284621,3.712309,1.949368,8.86,8.62,8.67,8.39,8.33,7.96,7.81,2016-09-08,-
2019-06-28,300543,朗科智能,消费电子,9.16,9.21,8.9,9.09,8.9,4046683,84858034.73,9.499256,0.142,3.41,否,0.83,6.44,4.363,8.732,19.291,否,120000000,42600000,2538000000.0,900990000.0,43.346105,3.717582,1.952137,8.92,8.69,8.71,8.43,8.35,7.97,7.81,2016-09-08,-
2019-07-01,300543,朗科智能,消费电子,9.29,9.35,9.04,9.08,9.04,6699144,143457149.04,15.72569,-0.047,3.45,否,1.41,0.0,3.417,10.194,22.207,否,120000000,42600000,2536800000.0,900564000.0,43.32561,3.715825,1.951214,8.97,8.78,8.76,8.49,8.36,7.98,7.81,2016-09-08,-
2019-07-02,300543,朗科智能,消费电子,9.02,9.99,8.96,9.99,8.96,5869027,131420618.11,13.777059,9.981,11.35,否,1.07,10.143,13.265,20.798,22.277,是,120000000,42600000,2790000000.0,990450000.0,47.649973,4.086704,2.145966,9.26,8.95,8.85,8.57,8.38,8.01,7.82,2016-09-08,-
2019-07-03,300543,朗科智能,消费电子,10.31,10.99,9.76,9.79,9.76,17534065,427847679.24,41.159777,-1.935,12.26,否,2.84,7.701,14.637,17.386,17.105,否,120000000,42600000,2736000000.0,971280000.0,46.727716,4.007606,2.104431,9.4,9.1,8.89,8.64,8.4,8.03,7.82,2016-09-08,-
2019-07-04,300543,朗科智能,消费电子,9.11,9.31,8.87,9.02,8.87,10920430,230581903.46,25.634812,-7.895,4.52,否,1.37,-0.661,-0.661,3.559,6.746,否,120000000,42600000,2520000000.0,894600000.0,43.038686,3.691216,1.938292,9.39,9.13,8.85,8.68,8.4,8.05,7.82,2016-09-08,-
2019-07-05,300543,朗科智能,消费电子,8.87,8.98,8.81,8.88,8.81,4814765,99827547.45,11.302265,-1.524,1.86,否,0.53,-11.111,-2.095,1.139,8.69,否,120000000,42600000,2481600000.0,880968000.0,42.382858,3.634969,1.908756,9.35,9.14,8.86,8.72,8.41,8.07,7.82,2016-09-08,-
2019-07-08,300543,朗科智能,消费电子,8.86,8.86,8.39,8.42,8.39,4763525,94561914.31,11.181984,-5.174,5.22,否,0.52,-13.994,-7.371,-4.535,2.184,否,120000000,42600000,2353200000.0,835386000.0,40.189935,3.446893,1.809995,9.22,9.1,8.85,8.75,8.4,8.08,7.81,2016-09-08,-
2019-07-09,300543,朗科智能,消费电子,8.34,8.65,8.34,8.54,8.34,2596691,51561242.43,6.095519,1.326,3.67,否,0.3,-5.322,-5.947,0.0,5.432,否,120000000,42600000,2384400000.0,846462000.0,40.722794,3.492594,1.833993,8.93,9.1,8.83,8.77,8.4,8.08,7.81,2016-09-08,-
2019-07-10,300543,朗科智能,消费电子,8.58,8.64,8.49,8.59,8.49,2668306,53169253.2,6.263629,0.604,1.81,否,0.33,-3.266,-14.014,-5.396,-3.591,否,120000000,42600000,2398800000.0,851574000.0,40.96873,3.513687,1.845069,8.69,9.05,8.82,8.77,8.4,8.09,7.8,2016-09-08,-
2019-07-11,300543,朗科智能,消费电子,8.63,9.1,8.52,8.98,8.52,5886691,121542429.46,13.818523,4.552,6.75,否,1.14,6.651,-8.274,-0.992,-8.461,否,120000000,42600000,2508000000.0,890340000.0,42.83374,3.673639,1.929062,8.68,9.04,8.83,8.79,8.4,8.11,7.8,2016-09-08,-
2019-07-12,300543,朗科智能,消费电子,8.91,9.11,8.68,8.99,8.68,4671555,96949910.5,10.966092,0.144,4.74,否,1.13,5.269,-0.333,-1.1,1.812,否,120000000,42600000,2511600000.0,891618000.0,42.895223,3.678912,1.931831,8.7,9.03,8.86,8.82,8.41,8.12,7.8,2016-09-08,-
2019-07-15,300543,朗科智能,消费电子,9.11,9.31,8.91,9.17,8.91,5446255,115526269.95,12.784636,2.007,4.4,否,1.32,6.752,3.266,0.991,5.889,否,120000000,42600000,2562000000.0,909510000.0,43.755997,3.752737,1.970597,8.85,9.04,8.91,8.85,8.41,8.14,7.8,2016-09-08,-
2019-07-16,300543,朗科智能,消费电子,9.03,9.4,9.03,9.28,9.03,4895234,105496641.72,11.49116,1.171,4.12,否,1.15,3.341,10.214,-7.107,4.387,否,120000000,42600000,2592000000.0,920160000.0,44.268362,3.79668,1.993671,9.0,8.97,8.96,8.89,8.41,8.15,7.8,2016-09-08,-
2019-07-17,300543,朗科智能,消费电子,9.21,9.29,9.08,9.17,9.08,3338100,71411132.64,7.835915,-1.204,2.31,否,0.71,2.002,7.377,-6.333,4.68,否,120000000,42600000,2560800000.0,909084000.0,43.735502,3.750979,1.969674,9.12,8.9,9.0,8.9,8.41,8.17,7.8,2016-09-08,-
2019-07-18,300543,朗科智能,消费电子,9.19,9.31,9.03,9.19,9.03,3823666,81602273.94,8.975742,0.234,3.09,否,0.79,0.218,6.985,1.885,4.789,否,120000000,42600000,2566800000.0,911214000.0,43.837976,3.759768,1.974289,9.16,8.92,9.02,8.88,8.41,8.19,7.8,2016-09-08,-
2019-07-19,300543,朗科智能,消费电子,9.18,9.55,9.15,9.4,9.15,5877900,128265655.0,13.797887,2.291,4.25,否,1.33,1.293,4.677,5.856,12.44,否,120000000,42600000,2625600000.0,932088000.0,44.842212,3.845896,2.019515,9.24,8.97,9.05,8.9,8.42,8.21,7.8,2016-09-08,-
2019-07-22,300543,朗科智能,消费电子,9.41,9.67,8.68,8.82,8.68,5118400,108910711.0,12.015023,-6.17,10.47,否,1.09,-3.817,-1.891,4.751,7.039,否,120000000,42600000,2463600000.0,874578000.0,42.075439,3.608604,1.894911,9.17,9.01,9.05,8.9,8.43,8.22,7.8,2016-09-08,-
2019-07-23,300543,朗科智能,消费电子,8.95,9.7,8.85,9.7,8.85,3162950,70480892.0,7.424765,9.985,9.64,否,0.69,5.55,5.78,13.583,17.291,是,120000000,42600000,2709600000.0,961908000.0,46.276834,3.968937,2.084125,9.26,9.13,9.11,8.93,8.44,8.24,7.8,2016-09-08,-
2019-07-24,300543,朗科智能,消费电子,10.05,10.24,9.61,9.62,9.61,13362691,309192657.9,31.367819,-0.797,6.47,否,3.13,2.34,3.664,11.991,15.348,否,120000000,42600000,2688000000.0,954240000.0,45.907931,3.937298,2.067511,9.35,9.23,9.14,8.96,8.47,8.27,7.8,2016-09-08,-
2019-07-25,300543,朗科智能,消费电子,9.82,10.57,9.73,10.17,9.73,13549800,321685214.51,31.807042,5.714,8.71,否,2.16,15.306,10.905,13.252,16.762,否,120000000,42600000,2841600000.0,1008768000.0,48.531242,4.162286,2.185655,9.54,9.35,9.19,9.0,8.51,8.29,7.8,2016-09-08,-
2019-07-26,300543,朗科智能,消费电子,9.97,10.22,9.84,9.98,9.84,7230849,168308189.53,16.9738,-1.858,3.76,否,0.88,2.887,8.596,11.012,13.667,否,120000000,42600000,2788800000.0,990024000.0,47.629479,4.084946,2.145043,9.66,9.45,9.24,9.06,8.54,8.32,7.8,2016-09-08,-
2019-07-29,300543,朗科智能,消费电子,10.0,10.24,9.97,10.18,9.97,6002019,141258778.45,14.089246,1.979,2.67,否,0.71,5.821,8.298,11.014,15.42,否,120000000,42600000,2844000000.0,1009620000.0,48.572231,4.165801,2.187501,9.93,9.55,9.29,9.12,8.58,8.35,7.8,2016-09-08,-
2019-07-30,300543,朗科智能,消费电子,10.1,10.13,9.8,9.97,9.8,5698134,132065173.24,13.3759,-2.068,3.29,否,0.66,-1.967,13.039,7.435,16.745,否,120000000,42600000,2785200000.0,988746000.0,47.567995,4.079673,2.142274,9.98,9.62,9.29,9.18,8.63,8.37,7.8,2016-09-08,-
2019-07-31,300543,朗科智能,消费电子,9.91,9.95,9.72,9.84,9.72,4021690,92249609.6,9.4406,-1.293,2.37,否,0.44,-1.403,1.443,7.306,8.37,否,120000000,42600000,2749200000.0,975966000.0,46.953157,4.026941,2.114584,10.03,9.69,9.3,9.23,8.67,8.4,7.81,2016-09-08,-
2019-08-01,300543,朗科智能,消费电子,9.84,10.28,9.76,10.17,9.76,7000434,164487900.74,16.4329,3.361,5.37,否,0.96,-0.098,5.717,10.664,12.128,否,120000000,42600000,2841600000.0,1008768000.0,48.531242,4.162286,2.185655,10.03,9.79,9.35,9.28,8.72,8.44,7.81,2016-09-08,-
2019-08-02,300543,朗科智能,消费电子,9.84,10.01,9.5,9.82,9.5,5544260,126469854.5,13.0147,-3.505,5.03,否,0.93,-1.505,-3.441,4.468,8.031,否,120000000,42600000,2742000000.0,973410000.0,46.830189,4.016395,2.109046,10.0,9.83,9.4,9.31,8.76,8.46,7.81,2016-09-08,-
2019-08-05,300543,朗科智能,消费电子,9.88,10.1,9.72,9.78,9.72,4030450,92738140.5,9.4612,-0.35,3.85,否,0.71,-0.61,-2.004,10.884,7.709,否,120000000,42600000,2732400000.0,970002000.0,46.666232,4.002333,2.101662,9.92,9.92,9.47,9.34,8.8,8.49,7.81,2016-09-08,-
2019-08-06,300543,朗科智能,消费电子,9.46,9.55,8.9,9.4,8.9,5719939,123643605.55,13.4271,-3.865,6.59,否,1.09,-7.571,-7.662,-3.093,-5.906,否,120000000,42600000,2626800000.0,932514000.0,44.862706,3.847654,2.020438,9.8,9.89,9.51,9.37,8.83,8.51,7.81,2016-09-08,-
2019-08-07,300543,朗科智能,消费电子,9.48,9.61,9.1,9.16,9.1,3738550,81407689.0,8.7759,-2.558,5.48,否,0.71,-6.721,-8.124,-4.782,-6.435,否,120000000,42600000,2559600000.0,908658000.0,43.715008,3.749221,1.968751,9.67,9.85,9.54,9.38,8.86,8.53,7.81,2016-09-08,-
2019-08-08,300543,朗科智能,消费电子,9.28,9.43,9.19,9.3,9.19,2837310,61476876.8,6.6604,1.453,2.63,否,0.54,-4.908,-5.488,-8.555,3.104,否,120000000,42600000,2596800000.0,921864000.0,44.350341,3.803711,1.997363,9.49,9.76,9.56,9.38,8.89,8.54,7.82,2016-09-08,-
2019-08-09,300543,朗科智能,消费电子,9.37,9.61,9.06,9.11,9.06,4009952,87266289.52,9.413,-1.987,5.82,否,0.92,-3.085,-10.423,-8.717,2.59,否,120000000,42600000,2545200000.0,903546000.0,43.469072,3.728129,1.957675,9.35,9.67,9.56,9.38,8.91,8.56,7.82,2016-09-08,-
2019-08-12,300543,朗科智能,消费电子,9.14,9.44,8.96,9.4,8.96,3604933,77365969.51,8.4623,3.206,5.33,否,0.89,2.62,-4.277,-7.662,11.639,否,120000000,42600000,2626800000.0,932514000.0,44.862706,3.847654,2.020438,9.27,9.6,9.57,9.39,8.94,8.58,7.82,2016-09-08,-
2019-08-13,300543,朗科智能,消费电子,9.29,9.32,9.08,9.27,9.08,2969084,63589219.44,6.9697,-1.371,2.56,否,0.75,-0.323,-5.215,-7.021,8.548,否,120000000,42600000,2590800000.0,919734000.0,44.247868,3.794922,1.992748,9.25,9.53,9.57,9.37,8.97,8.59,7.82,2016-09-08,-
2019-08-14,300543,朗科智能,消费电子,9.42,10.2,9.42,9.85,9.42,9422592,218267329.86,22.1188,6.207,8.48,否,2.75,8.123,4.787,0.102,14.668,否,120000000,42600000,2751600000.0,976818000.0,46.994146,4.030457,2.11643,9.39,9.53,9.61,9.37,9.0,8.61,7.83,2016-09-08,-
2019-08-15,300543,朗科智能,消费电子,9.45,9.94,9.36,9.94,9.36,6299938,141487790.69,14.7886,0.872,5.97,否,1.38,5.745,8.515,-2.262,10.69,否,120000000,42600000,2775600000.0,985338000.0,47.404038,4.065611,2.13489,9.51,9.5,9.64,9.4,9.04,8.64,7.84,2016-09-08,-
2019-08-16,300543,朗科智能,消费电子,9.92,10.09,9.76,9.85,9.76,5985116,138228667.49,14.0496,-0.908,3.29,否,1.14,6.257,5.914,0.305,9.566,否,120000000,42600000,2750400000.0,976392000.0,46.973651,4.028699,2.115507,9.66,9.51,9.67,9.44,9.08,8.66,7.84,2016-09-08,-
2019-08-19,300543,朗科智能,消费电子,10.25,10.83,10.0,10.83,10.0,9044890,221621003.96,21.2321,9.991,8.46,否,1.6,9.949,18.88,10.736,18.103,是,120000000,42600000,3025200000.0,1073946000.0,51.666917,4.431218,2.326873,9.95,9.61,9.77,9.52,9.13,8.68,7.86,2016-09-08,-
2019-08-20,300543,朗科智能,消费电子,11.9,11.91,10.74,10.74,10.74,19700144,526548826.04,46.2445,-0.833,10.83,否,2.92,8.048,14.255,14.255,15.733,否,120000000,42600000,3000000000.0,1065000000.0,51.236531,4.394305,2.30749,10.24,9.75,9.82,9.59,9.18,8.7,7.87,2016-09-08,-
2019-08-21,300543,朗科智能,消费电子,10.45,11.03,10.44,10.55,10.44,11547278,286838294.08,27.1063,-1.76,5.44,否,1.14,7.107,13.808,15.175,15.049,否,120000000,42600000,2947200000.0,1046256000.0,50.334768,4.316966,2.266878,10.38,9.88,9.87,9.65,9.21,8.73,7.88,2016-09-08,-
2019-08-22,300543,朗科智能,消费电子,10.55,10.57,10.2,10.32,10.2,6500620,156951614.88,15.2597,-2.199,3.5,否,0.62,-4.709,4.772,10.968,12.296,否,120000000,42600000,2882400000.0,1023252000.0,49.228059,4.222049,2.217037,10.46,9.99,9.87,9.7,9.25,8.75,7.89,2016-09-08,-
2019-08-23,300543,朗科智能,消费电子,10.31,10.5,10.12,10.16,10.12,5014412,120163584.12,11.7709,-1.582,3.75,否,0.48,-5.4,2.213,11.526,8.085,否,120000000,42600000,2836800000.0,1007064000.0,48.449263,4.155255,2.181963,10.52,10.09,9.88,9.74,9.28,8.77,7.9,2016-09-08,-
2019-08-26,300543,朗科智能,消费电子,9.88,10.32,9.84,10.18,9.84,4129232,97571604.62,9.693,0.254,4.78,否,0.4,-3.507,3.35,8.298,15.42,否,120000000,42600000,2844000000.0,1009620000.0,48.572231,4.165801,2.187501,10.39,10.17,9.88,9.77,9.31,8.79,7.91,2016-09-08,-
2019-08-27,300543,朗科智能,消费电子,10.21,10.47,10.19,10.29,10.19,4823072,116004012.04,11.3218,1.055,2.7,否,0.51,-0.291,-4.986,11.003,6.082,否,120000000,42600000,2874000000.0,1020270000.0,49.084596,4.209745,2.210576,10.3,10.27,9.9,9.81,9.35,8.8,7.93,2016-09-08,-
2019-08-28,300543,朗科智能,消费电子,10.3,10.49,10.12,10.43,10.12,4205202,101176270.78,9.8714,1.378,3.59,否,0.66,2.657,-2.886,5.888,8.42,否,120000000,42600000,2913600000.0,1034328000.0,49.760918,4.267749,2.241034,10.28,10.33,9.93,9.85,9.37,8.82,7.94,2016-09-08,-
2019-08-29,300543,朗科智能,消费电子,10.43,10.46,10.19,10.23,10.19,3467000,82942162.51,8.1385,-1.936,2.64,否,0.7,0.491,-3.033,2.918,0.59,否,120000000,42600000,2857200000.0,1014306000.0,48.797672,4.185136,2.197654,10.26,10.36,9.93,9.88,9.38,8.84,7.95,2016-09-08,-
2019-08-30,300543,朗科智能,消费电子,10.22,10.29,9.65,9.85,9.65,5095700,118195857.0,11.9617,-3.696,6.3,否,1.18,-4.276,-4.554,0.0,-1.303,否,120000000,42600000,2751600000.0,976818000.0,40.741423,3.952954,2.081725,10.2,10.36,9.93,9.9,9.4,8.85,7.96,2016-09-08,-
2019-09-02,300543,朗科智能,消费电子,9.82,10.17,9.71,10.1,9.71,3459100,80906144.0,8.12,2.573,4.67,否,0.8,-3.164,-0.591,-6.741,-0.786,否,120000000,42600000,2822400000.0,1001952000.0,41.789719,4.054665,2.135289,10.18,10.29,9.95,9.94,9.42,8.86,7.98,2016-09-08,-
2019-09-03,300543,朗科智能,消费电子,10.1,10.47,10.06,10.4,10.06,5109800,122419691.7,11.9948,2.891,4.04,否,1.21,1.662,2.161,-3.166,4.313,否,120000000,42600000,2904000000.0,1030920000.0,42.997925,4.171892,2.197024,10.2,10.25,10.0,9.96,9.45,8.88,7.99,2016-09-08,-
2019-09-04,300543,朗科智能,消费电子,10.35,10.43,10.22,10.39,10.22,3760258,90183029.28,8.8269,-0.041,2.02,否,0.88,5.482,0.972,-1.517,5.589,否,120000000,42600000,2902800000.0,1030494000.0,42.980158,4.170168,2.196116,10.19,10.24,10.06,9.99,9.47,8.88,8.0,2016-09-08,-
2019-09-05,300543,朗科智能,消费电子,10.36,10.72,10.27,10.46,10.27,6995014,170995433.06,16.4202,0.703,4.38,否,1.67,3.564,0.288,1.357,2.852,否,120000000,42600000,2923200000.0,1037736000.0,43.282209,4.199475,2.211549,10.24,10.25,10.12,10.0,9.5,8.9,8.01,2016-09-08,-
2019-09-06,300543,朗科智能,消费电子,10.48,10.83,10.41,10.69,10.41,6794907,168642012.65,15.9505,2.135,3.94,否,1.39,2.788,4.497,5.217,8.859,否,120000000,42600000,2985600000.0,1059888000.0,44.206132,4.289119,2.258758,10.41,10.3,10.2,10.02,9.54,8.92,8.03,2016-09-08,-
2019-09-09,300543,朗科智能,消费电子,10.72,11.02,10.56,10.98,10.56,7261548,182751954.76,6.0513,2.733,4.3,否,1.39,5.679,11.472,7.859,12.27,否,120000000,120000000,3067200000.0,3067200000.0,45.414338,4.406345,2.320493,10.58,10.38,10.28,10.05,9.59,8.94,8.04,2016-09-08,-
2019-09-10,300543,朗科智能,消费电子,10.85,10.93,10.53,10.7,10.53,5470819,136371002.06,4.559,-2.582,3.64,否,0.91,2.294,5.941,3.984,13.83,否,120000000,120000000,2988000000.0,2988000000.0,44.241667,4.292566,2.260574,10.64,10.42,10.35,10.07,9.63,8.96,8.06,2016-09-08,-
2019-09-11,300543,朗科智能,消费电子,10.7,10.8,10.54,10.76,10.54,3586800,89225721.95,2.989,0.562,2.49,否,0.59,0.655,3.462,3.164,17.467,否,120000000,120000000,3004800000.0,3004800000.0,44.490415,4.316701,2.273284,10.72,10.46,10.39,10.1,9.67,8.97,8.07,2016-09-08,-
2019-09-12,300543,朗科智能,消费电子,10.77,10.8,10.55,10.68,10.55,3082150,76469291.0,2.5685,-0.759,2.36,否,0.51,-2.732,2.791,4.399,14.839,否,120000000,120000000,2982000000.0,2982000000.0,44.152828,4.283947,2.256035,10.76,10.5,10.43,10.12,9.7,8.99,8.09,2016-09-08,-
2019-09-16,300543,朗科智能,消费电子,10.68,10.68,10.35,10.5,10.35,3976500,96894802.0,3.3138,-1.61,3.02,否,0.76,-1.869,0.382,6.599,15.258,否,120000000,120000000,2934000000.0,2934000000.0,43.442119,4.21499,2.21972,10.72,10.57,10.46,10.14,9.73,9.01,8.1,2016-09-08,-
2019-09-17,300543,朗科智能,消费电子,10.49,10.5,10.04,10.22,10.04,3845760,91383171.0,3.2048,-2.699,4.34,否,0.82,-5.019,-4.397,1.188,8.723,否,120000000,120000000,2854800000.0,2854800000.0,42.269448,4.101211,2.159801,10.57,10.58,10.43,10.16,9.75,9.02,8.12,2016-09-08,-
2019-09-18,300543,朗科智能,消费电子,10.22,10.48,10.22,10.48,10.22,3066158,73958410.04,2.5551,2.564,2.56,否,0.77,-1.873,-4.554,0.769,13.053,否,120000000,120000000,2928000000.0,2928000000.0,43.35328,4.20637,2.215181,10.53,10.59,10.42,10.19,9.78,9.04,8.13,2016-09-08,-
2019-09-19,300543,朗科智能,消费电子,10.52,10.7,10.32,10.68,10.32,3586466,87910407.24,2.9887,1.885,3.65,否,1.02,1.714,-0.187,2.791,8.426,否,120000000,120000000,2983200000.0,2983200000.0,44.170596,4.285671,2.256943,10.51,10.62,10.43,10.24,9.81,9.06,8.14,2016-09-08,-
2019-09-20,300543,朗科智能,消费电子,10.63,10.87,10.56,10.68,10.56,4123200,102924999.0,3.436,0.04,2.9,否,1.17,4.501,-0.743,2.103,7.445,否,120000000,120000000,2984400000.0,2984400000.0,44.188364,4.287395,2.25785,10.51,10.64,10.44,10.29,9.84,9.08,8.16,2016-09-08,-
2019-09-23,300543,朗科智能,消费电子,10.61,10.67,10.31,10.66,10.31,2764000,67620325.0,2.3033,-0.241,3.38,否,0.74,1.718,-0.187,-0.281,8.223,否,120000000,120000000,2977200000.0,2977200000.0,44.081757,4.277051,2.252403,10.54,10.63,10.47,10.34,9.86,9.1,8.18,2016-09-08,-
2019-09-24,300543,朗科智能,消费电子,10.44,10.64,10.14,10.22,10.14,4910200,117532381.0,4.0918,-4.111,4.76,否,1.41,-4.307,-2.667,-6.922,-5.633,否,120000000,120000000,2854800000.0,2854800000.0,42.269448,4.101211,2.159801,10.54,10.56,10.47,10.37,9.88,9.12,8.19,2016-09-08,-
2019-09-25,300543,朗科智能,消费电子,10.14,10.31,10.11,10.12,10.11,2565390,60938436.3,2.1378,-1.009,1.93,否,0.7,-5.243,-0.978,-5.421,-5.773,否,120000000,120000000,2826000000.0,2826000000.0,41.843022,4.059837,2.138013,10.47,10.5,10.46,10.4,9.88,9.13,8.2,2016-09-08,-
2019-09-26,300543,朗科智能,消费电子,10.12,10.24,9.31,9.33,9.31,4569287,102646908.95,3.8077,-7.771,9.17,否,1.27,-12.477,-10.973,-13.29,-11.564,否,120000000,120000000,2606400000.0,2606400000.0,38.591526,3.744359,1.971874,10.2,10.36,10.41,10.38,9.88,9.14,8.21,2016-09-08,-
2019-09-27,300543,朗科智能,消费电子,9.45,9.76,9.28,9.62,9.28,2646540,59265437.7,2.2055,3.131,5.11,否,0.7,-5.871,-9.925,-9.925,-6.783,否,120000000,120000000,2688000000.0,2688000000.0,39.799733,3.861586,2.033609,9.99,10.25,10.38,10.37,9.89,9.15,8.22,2016-09-08,-
2019-09-30,300543,朗科智能,消费电子,9.62,9.69,9.36,9.36,9.36,1837990,40620760.5,1.5317,-2.679,3.35,否,0.53,-7.51,-12.36,-10.857,-7.874,否,120000000,120000000,2616000000.0,2616000000.0,38.733668,3.758151,1.979137,9.73,10.14,10.35,10.35,9.89,9.15,8.23,2016-09-08,-
2019-10-08,300543,朗科智能,消费电子,9.41,9.52,9.2,9.25,9.2,1812766,39430787.24,1.5106,-1.239,3.49,否,0.55,-0.857,-13.227,-9.491,-9.136,否,120000000,120000000,2583600000.0,2583600000.0,38.253939,3.711605,1.954625,9.54,10.04,10.31,10.3,9.91,9.16,8.24,2016-09-08,-
2019-10-09,300543,朗科智能,消费电子,9.27,9.45,9.04,9.45,9.04,1406300,30434564.0,1.1719,2.183,4.46,否,0.52,-1.767,-7.534,-9.828,-8.163,否,120000000,120000000,2640000000.0,2640000000.0,39.089023,3.792629,1.997294,9.4,9.94,10.26,10.26,9.92,9.16,8.25,2016-09-08,-
2019-10-10,300543,朗科智能,消费电子,9.45,9.64,9.4,9.62,9.4,1835266,40875890.42,1.5294,1.818,2.55,否,0.75,2.778,-4.941,-9.925,-7.766,否,120000000,120000000,2688000000.0,2688000000.0,39.799733,3.861586,2.033609,9.46,9.83,10.22,10.23,9.94,9.17,8.26,2016-09-08,-
2019-10-11,300543,朗科智能,消费电子,9.62,9.7,9.5,9.63,9.5,1446600,32300176.0,1.2055,0.089,2.05,否,0.76,4.108,3.215,-9.831,-5.865,否,120000000,120000000,2690400000.0,2690400000.0,39.835268,3.865034,2.035424,9.46,9.73,10.18,10.2,9.95,9.18,8.27,2016-09-08,-
2019-10-14,300543,朗科智能,消费电子,9.71,9.85,9.65,9.79,9.65,1920900,43617767.0,1.6008,1.65,2.05,否,1.15,3.598,1.767,-8.161,-0.609,否,120000000,120000000,2734800000.0,2734800000.0,40.492674,3.928819,2.069015,9.55,9.64,10.14,10.19,9.96,9.19,8.28,2016-09-08,-
2019-10-15,300543,朗科智能,消费电子,9.88,9.88,9.65,9.73,9.65,2339190,53216630.5,1.9493,-0.57,2.37,否,1.39,1.143,3.953,-4.795,-3.663,否,120000000,120000000,2719200000.0,2719200000.0,40.261694,3.906408,2.057213,9.64,9.59,10.07,10.18,9.97,9.19,8.3,2016-09-08,-
2019-10-16,300543,朗科智能,消费电子,9.79,9.8,9.63,9.64,9.63,1661400,37570940.0,1.3845,-0.971,1.81,否,0.93,0.104,4.216,-4.743,-7.308,否,120000000,120000000,2692800000.0,2692800000.0,39.870804,3.868482,2.03724,9.68,9.54,10.02,10.16,9.98,9.19,8.31,2016-09-08,-
2019-10-17,300543,朗科智能,消费电子,9.71,9.94,9.63,9.82,9.63,2057500,47104479.0,1.7146,1.916,3.25,否,1.12,0.306,3.915,5.252,-5.486,否,120000000,120000000,2744400000.0,2744400000.0,40.634816,3.94261,2.076278,9.72,9.59,9.97,10.13,9.99,9.2,8.33,2016-09-08,-
2019-10-18,300543,朗科智能,消费电子,9.82,9.91,9.58,9.68,9.58,1458800,33033368.0,1.2157,-1.443,3.41,否,0.77,-0.514,0.624,0.624,-7.457,否,120000000,120000000,2704800000.0,2704800000.0,40.048481,3.885721,2.046319,9.73,9.6,9.92,10.12,10.0,9.21,8.34,2016-09-08,-
2019-10-21,300543,朗科智能,消费电子,9.72,9.82,9.35,9.79,9.35,2025500,45355903.0,1.6879,1.109,4.88,否,1.07,1.556,1.661,4.594,-8.419,否,120000000,120000000,2734800000.0,2734800000.0,40.492674,3.928819,2.069015,9.73,9.64,9.89,10.11,10.01,9.21,8.35,2016-09-08,-
2019-10-22,300543,朗科智能,消费电子,9.79,9.94,9.64,9.91,9.64,2150900,49189553.0,1.7924,1.273,3.12,否,1.13,0.916,1.226,7.135,-9.745,否,120000000,120000000,2769600000.0,2769600000.0,41.007939,3.978813,2.095343,9.77,9.71,9.87,10.11,10.02,9.23,8.37,2016-09-08,-
2019-10-23,300543,朗科智能,消费电子,9.91,10.04,9.81,9.92,9.81,1949000,45068245.0,1.6242,0.087,2.38,否,1.04,2.479,1.953,4.974,-7.29,否,120000000,120000000,2772000000.0,2772000000.0,41.043474,3.98226,2.097159,9.82,9.75,9.85,10.09,10.03,9.24,8.38,2016-09-08,-
2019-10-24,300543,朗科智能,消费电子,9.99,9.99,9.71,9.82,9.71,1475900,33738958.0,1.2299,-1.039,2.86,否,0.77,0.306,1.867,2.079,-8.736,否,120000000,120000000,2743200000.0,2743200000.0,40.617049,3.940886,2.07537,9.82,9.77,9.8,10.07,10.03,9.25,8.4,2016-09-08,-
2019-10-25,300543,朗科智能,消费电子,9.82,10.22,9.82,10.12,9.82,3525800,82651092.0,2.9382,3.018,4.02,否,1.95,2.119,3.055,5.088,-5.243,否,120000000,120000000,2826000000.0,2826000000.0,41.843022,4.059837,2.138013,9.91,9.82,9.77,10.06,10.03,9.27,8.42,2016-09-08,-
2019-10-28,300543,朗科智能,消费电子,10.22,10.34,10.1,10.29,10.1,2976636,70966931.8,2.4805,1.741,2.38,否,1.34,3.73,6.302,5.107,-2.0,否,120000000,120000000,2875200000.0,2875200000.0,42.5715,4.130518,2.175235,10.01,9.87,9.76,10.05,10.04,9.29,8.43,2016-09-08,-
2019-10-29,300543,朗科智能,消费电子,10.31,10.34,10.05,10.13,10.05,2515200,59509824.0,2.096,-1.586,2.75,否,1.04,3.157,3.473,4.111,-0.881,否,120000000,120000000,2829600000.0,2829600000.0,41.896326,4.065009,2.140736,10.06,9.91,9.75,10.02,10.03,9.31,8.45,2016-09-08,-
2019-10-30,300543,朗科智能,消费电子,10.18,10.29,9.96,10.01,9.96,2425100,57074913.0,2.0209,-1.187,3.27,否,0.97,-1.087,1.009,3.838,-4.485,否,120000000,120000000,2796000000.0,2796000000.0,31.700819,3.832298,2.072312,10.07,9.95,9.75,10.0,10.04,9.33,8.47,2016-09-08,-
2019-10-31,300543,朗科智能,消费电子,10.11,10.28,10.02,10.06,10.02,2833800,67195741.0,2.3615,0.515,2.62,否,1.1,-2.235,1.411,2.444,-5.805,否,120000000,120000000,2810400000.0,2810400000.0,31.864085,3.852035,2.082985,10.12,9.97,9.78,9.97,10.04,9.36,8.48,2016-09-08,-
2019-11-01,300543,朗科智能,消费电子,10.0,10.3,9.81,10.28,9.81,2890200,67579225.0,2.4085,2.178,4.82,否,1.01,1.481,4.684,6.198,-3.745,否,120000000,120000000,2871600000.0,2871600000.0,32.557966,3.935918,2.128345,10.15,10.03,9.82,9.96,10.04,9.38,8.5,2016-09-08,-
2019-11-04,300543,朗科智能,消费电子,10.34,10.35,10.1,10.12,10.1,2750100,65113273.98,2.2918,-1.546,2.51,否,1.01,1.099,0.0,3.371,-5.066,否,120000000,120000000,2827200000.0,2827200000.0,32.054562,3.875062,2.095437,10.12,10.07,9.85,9.95,10.05,9.41,8.51,2016-09-08,-
2019-11-05,300543,朗科智能,消费电子,10.05,10.22,10.05,10.15,10.05,1565500,36998691.0,1.3046,0.255,1.66,否,0.58,0.895,-1.361,2.422,-0.685,否,120000000,120000000,2834400000.0,2834400000.0,32.136195,3.88493,2.100773,10.12,10.09,9.9,9.95,10.05,9.43,8.53,2016-09-08,-
2019-11-06,300543,朗科智能,消费电子,10.22,10.45,10.15,10.26,10.15,2816200,67601582.0,2.3468,1.101,2.96,否,1.13,-0.195,1.283,3.427,1.383,否,120000000,120000000,2865600000.0,2865600000.0,32.489938,3.927694,2.123898,10.17,10.12,9.94,9.94,10.07,9.45,8.55,2016-09-08,-
2019-11-07,300543,朗科智能,消费电子,10.23,10.25,10.01,10.22,10.01,2187829,51620585.8,1.8232,-0.335,2.35,否,0.85,0.988,2.098,4.073,9.539,否,120000000,120000000,2856000000.0,2856000000.0,32.381094,3.914536,2.116782,10.21,10.16,9.97,9.92,10.08,9.47,8.56,2016-09-08,-
2019-11-08,300543,朗科智能,消费电子,10.25,10.3,9.99,9.99,9.99,2189200,51773328.0,1.8243,-2.269,2.98,否,0.9,-1.576,-0.696,-1.285,3.846,否,120000000,120000000,2791200000.0,2791200000.0,31.646397,3.825719,2.068754,10.15,10.15,9.99,9.9,10.1,9.49,8.58,2016-09-08,-
2019-11-11,300543,朗科智能,消费电子,9.97,9.97,9.41,9.5,9.41,3413431,76077229.32,2.8445,-4.901,5.59,否,1.48,-7.407,-7.588,-7.677,1.496,否,120000000,120000000,2654400000.0,2654400000.0,30.09537,3.638216,1.967362,10.02,10.07,9.97,9.86,10.1,9.5,8.59,2016-09-08,-
2019-11-12,300543,朗科智能,消费电子,9.58,9.61,9.23,9.38,9.23,1942000,42489827.0,1.6183,-1.311,3.98,否,0.8,-8.219,-7.312,-7.404,1.405,否,120000000,120000000,2619600000.0,2619600000.0,29.70081,3.590518,1.94157,9.87,10.0,9.95,9.83,10.1,9.52,8.6,2016-09-08,-
2019-11-13,300543,朗科智能,消费电子,9.46,9.55,9.26,9.3,9.26,1369900,29954481.6,1.1416,-0.779,3.11,否,0.55,-6.907,-8.374,-7.093,-1.587,否,120000000,120000000,2599200000.0,2599200000.0,29.469517,3.562557,1.92645,9.68,9.93,9.94,9.81,10.1,9.53,8.61,2016-09-08,-
2019-11-14,300543,朗科智能,消费电子,9.38,9.53,9.28,9.43,9.28,1470758,32305327.3,1.2256,1.339,2.63,否,0.66,-0.737,-8.09,-6.262,-1.975,否,120000000,120000000,2634000000.0,2634000000.0,29.864077,3.610255,1.952243,9.52,9.86,9.92,9.81,10.09,9.55,8.61,2016-09-08,-
2019-11-15,300543,朗科智能,消费电子,9.41,9.56,9.37,9.38,9.37,1421300,31318204.0,1.1844,-0.501,2.05,否,0.68,0.0,-8.219,-8.755,-2.596,否,120000000,120000000,2620800000.0,2620800000.0,29.714416,3.592163,1.942459,9.4,9.77,9.9,9.8,10.09,9.56,8.62,2016-09-08,-
2019-11-18,300543,朗科智能,消费电子,9.41,9.49,9.16,9.33,9.16,1597400,34562898.0,1.3312,-0.55,3.43,否,0.83,0.323,-6.607,-7.806,-4.699,否,120000000,120000000,2606400000.0,2606400000.0,29.55115,3.572425,1.931786,9.36,9.69,9.88,9.8,10.08,9.58,8.63,2016-09-08,-
2019-11-19,300543,朗科智能,消费电子,9.38,9.57,9.25,9.57,9.25,2065900,45699075.0,1.7216,2.532,3.45,否,1.32,1.485,0.737,-5.714,-1.644,否,120000000,120000000,2672400000.0,2672400000.0,30.299453,3.662887,1.980703,9.4,9.64,9.86,9.81,10.06,9.6,8.64,2016-09-08,-
2019-11-20,300543,朗科智能,消费电子,9.55,9.7,9.5,9.52,9.5,1379190,30809362.5,1.1493,-0.449,2.11,否,0.87,1.493,1.493,-7.212,-1.245,否,120000000,120000000,2660400000.0,2660400000.0,30.163398,3.64644,1.971809,9.45,9.56,9.84,9.81,10.04,9.61,8.65,2016-09-08,-
2019-11-21,300543,朗科智能,消费电子,9.57,9.57,9.39,9.44,9.39,1150500,25348113.0,0.9588,-0.857,1.94,否,0.72,1.179,1.505,-7.632,-3.87,否,120000000,120000000,2637600000.0,2637600000.0,29.904893,3.615189,1.954911,9.45,9.48,9.82,9.81,10.02,9.62,8.66,2016-09-08,-
2019-11-22,300543,朗科智能,消费电子,9.44,9.58,9.28,9.34,9.28,1524100,33368924.29,1.2701,-1.092,3.09,否,1.0,-2.403,-0.954,-6.507,-3.512,否,120000000,120000000,2608800000.0,2608800000.0,29.578361,3.575715,1.933565,9.44,9.42,9.79,9.8,10.0,9.62,8.67,2016-09-08,-
2019-11-25,300543,朗科智能,消费电子,9.15,9.15,8.7,8.91,8.7,2943900,61102544.0,2.4533,-4.646,4.78,否,1.91,-6.408,-5.011,-6.211,-8.989,否,120000000,120000000,2487600000.0,2487600000.0,28.204205,3.409594,1.843735,9.36,9.36,9.72,9.77,9.98,9.63,8.68,2016-09-08,-
2019-11-26,300543,朗科智能,消费电子,8.88,9.01,8.73,8.78,8.73,1352600,27919190.0,1.1272,-1.351,3.14,否,0.75,-6.992,-5.895,-6.397,-11.403,否,120000000,120000000,2454000000.0,2454000000.0,27.823251,3.363541,1.818832,9.2,9.3,9.65,9.74,9.96,9.63,8.68,2016-09-08,-
2019-11-27,300543,朗科智能,消费电子,8.92,8.92,8.74,8.78,8.74,1242000,25487466.0,1.035,-0.049,2.0,否,0.74,-5.996,-8.255,-5.591,-11.492,否,120000000,120000000,2452800000.0,2452800000.0,27.809646,3.361896,1.817942,9.05,9.25,9.59,9.71,9.93,9.64,8.69,2016-09-08,-
2019-11-28,300543,朗科智能,消费电子,8.81,9.19,8.73,8.98,8.73,2157800,45493486.0,1.7982,2.299,5.28,否,1.31,0.786,-5.672,-4.772,-8.554,否,120000000,120000000,2509200000.0,2509200000.0,28.449104,3.4392,1.859744,8.96,9.2,9.53,9.68,9.91,9.64,8.69,2016-09-08,-
2019-11-29,300543,朗科智能,消费电子,9.01,9.06,8.78,8.98,8.78,1224802,25445241.64,1.0207,-0.048,3.16,否,0.66,2.278,-4.873,-4.264,-11.265,否,120000000,120000000,2508000000.0,2508000000.0,28.435499,3.437555,1.858855,8.89,9.16,9.47,9.66,9.89,9.63,8.69,2016-09-08,-
2019-12-02,300543,朗科智能,消费电子,8.98,9.18,8.98,9.08,8.98,1456000,30874449.6,1.2133,1.148,2.3,否,0.82,3.417,-2.784,-2.68,-11.759,否,120000000,120000000,2536800000.0,2536800000.0,28.762031,3.477029,1.880201,8.92,9.14,9.42,9.63,9.87,9.63,8.69,2016-09-08,-
2019-12-03,300543,朗科智能,消费电子,9.13,9.21,8.91,9.21,8.91,1164673,24633383.37,0.9706,1.466,3.31,否,0.78,2.561,3.367,-3.762,-9.082,否,120000000,120000000,2574000000.0,2574000000.0,29.183801,3.528017,1.907772,9.01,9.1,9.37,9.61,9.86,9.64,8.7,2016-09-08,-
2019-12-04,300543,朗科智能,消费电子,9.12,9.31,9.08,9.25,9.08,1022500,21959801.0,0.8521,0.373,2.56,否,0.71,3.007,5.353,-2.836,-7.592,否,120000000,120000000,2583600000.0,2583600000.0,29.292645,3.541175,1.914888,9.1,9.08,9.32,9.59,9.84,9.64,8.7,2016-09-08,-
2019-12-05,300543,朗科智能,消费电子,9.18,9.44,9.18,9.4,9.18,1433700,31287662.0,1.1948,1.626,2.83,否,1.02,3.524,7.062,-0.424,-6.561,否,120000000,120000000,2625600000.0,2625600000.0,29.768838,3.598742,1.946017,9.18,9.07,9.28,9.57,9.82,9.65,8.71,2016-09-08,-
2019-12-06,300543,朗科智能,消费电子,9.45,9.48,9.29,9.43,9.29,1491503,32672631.83,1.2429,0.32,2.06,否,1.18,2.389,5.011,0.964,-8.268,否,120000000,120000000,2634000000.0,2634000000.0,29.864077,3.610255,1.952243,9.27,9.08,9.25,9.55,9.81,9.65,8.72,2016-09-08,-
2019-12-09,300543,朗科智能,消费电子,9.58,9.61,9.45,9.47,9.45,1752900,38798966.0,1.4608,0.456,1.69,否,1.33,2.378,5.457,6.285,-6.423,否,120000000,120000000,2646000000.0,2646000000.0,30.000132,3.626703,1.961137,9.35,9.14,9.25,9.52,9.79,9.66,8.73,2016-09-08,-
2019-12-10,300543,朗科智能,消费电子,9.41,9.53,9.38,9.46,9.38,1295200,28557284.0,1.0793,-0.091,1.59,否,0.94,0.638,4.185,7.745,-6.798,否,120000000,120000000,2643600000.0,2643600000.0,29.972921,3.623413,1.959358,9.4,9.2,9.25,9.5,9.76,9.67,8.73,2016-09-08,-
2019-12-11,300543,朗科智能,消费电子,9.54,9.63,9.41,9.47,9.41,1607800,35624998.0,1.3398,0.045,2.32,否,1.15,0.424,2.823,7.859,-7.7,否,120000000,120000000,2644800000.0,2644800000.0,29.986526,3.625058,1.960247,9.45,9.27,9.26,9.48,9.74,9.68,8.74,2016-09-08,-
2019-12-12,300543,朗科智能,消费电子,9.31,9.57,9.31,9.45,9.31,1380500,30504770.0,1.1504,-0.182,2.72,否,0.91,-0.211,2.162,5.234,-7.534,否,120000000,120000000,2640000000.0,2640000000.0,29.932104,3.618479,1.95669,9.46,9.32,9.26,9.46,9.72,9.69,8.75,2016-09-08,-
2019-12-13,300543,朗科智能,消费电子,9.53,9.57,9.43,9.53,9.43,1332300,29506414.0,1.1103,0.818,1.45,否,0.88,0.74,1.383,6.125,-4.605,否,120000000,120000000,2661600000.0,2661600000.0,30.177003,3.648085,1.972699,9.48,9.38,9.27,9.44,9.7,9.7,8.75,2016-09-08,-
2019-12-16,300543,朗科智能,消费电子,9.59,9.82,9.53,9.75,9.53,2643942,59787397.8,2.2033,2.299,3.07,否,1.79,2.957,3.393,7.379,2.632,否,120000000,120000000,2722800000.0,2722800000.0,30.870884,3.731967,2.018058,9.53,9.44,9.29,9.42,9.69,9.71,8.76,2016-09-08,-
2019-12-17,300543,朗科智能,消费电子,9.71,9.93,9.71,9.83,9.71,2507801,57426348.89,2.0898,0.837,2.25,否,1.52,4.021,3.801,6.732,4.797,否,120000000,120000000,2745600000.0,2745600000.0,31.129388,3.763218,2.034957,9.61,9.5,9.3,9.41,9.68,9.72,8.77,2016-09-08,-
2019-12-18,300543,朗科智能,消费电子,9.88,9.91,9.79,9.83,9.79,1760552,40370872.58,1.4671,0.0,1.31,否,0.93,3.148,3.911,6.27,5.699,否,121437400,120000000,2778487712.0,2745600000.0,31.502266,3.808295,2.059333,9.68,9.56,9.32,9.4,9.67,9.73,8.78,2016-09-08,-
2019-12-19,300543,朗科智能,消费电子,9.84,9.91,9.67,9.81,9.67,2246050,51202744.5,1.8717,-0.175,2.49,否,1.17,0.615,3.59,4.362,4.03,否,121437400,120000000,2773630216.0,2740800000.0,31.447192,3.801637,2.055732,9.75,9.6,9.34,9.39,9.65,9.73,8.78,2016-09-08,-
2019-12-20,300543,朗科智能,消费电子,9.82,9.86,9.69,9.71,9.69,1439300,32629610.0,1.1994,-1.051,1.71,否,0.69,-1.221,2.751,2.969,3.518,否,121437400,120000000,2744485240.0,2712000000.0,31.116749,3.76169,2.034131,9.79,9.63,9.36,9.38,9.64,9.74,8.79,2016-09-08,-
2019-12-23,300543,朗科智能,消费电子,9.71,9.77,9.45,9.49,9.45,2219824,49767894.8,1.8499,-2.257,3.32,否,1.05,-3.459,-0.42,0.211,1.715,否,121437400,120000000,2682552166.0,2650800000.0,30.414557,3.676802,1.988228,9.73,9.63,9.38,9.38,9.62,9.74,8.8,2016-09-08,-
2019-12-24,300543,朗科智能,消费电子,9.52,9.71,9.49,9.69,9.49,1571471,35180070.36,1.3096,2.082,2.26,否,0.77,-1.223,-0.615,2.431,1.254,否,121437400,120000000,2738413370.0,2706000000.0,31.047907,3.753368,2.029631,9.71,9.66,9.43,9.39,9.61,9.75,8.81,2016-09-08,-
2019-12-25,300543,朗科智能,消费电子,9.66,9.9,9.66,9.82,9.66,1990287,45512216.42,1.6586,1.419,2.48,否,1.08,1.133,-0.102,3.696,3.151,否,121437400,120000000,2777273338.0,2744400000.0,31.488498,3.806631,2.058432,9.7,9.69,9.48,9.4,9.6,9.74,8.82,2016-09-08,-
2019-12-26,300543,朗科智能,消费电子,9.79,10.05,9.78,10.02,9.78,3258521,75467750.24,2.7154,2.011,2.8,否,1.72,5.585,1.933,6.032,6.144,否,121437400,120000000,2833134542.0,2799600000.0,32.121848,3.883196,2.099835,9.75,9.75,9.53,9.42,9.62,9.75,8.83,2016-09-08,-
2019-12-27,300543,朗科智能,消费电子,9.96,10.1,9.81,9.83,9.81,2250852,52173136.57,1.8757,-1.929,2.91,否,1.07,1.445,0.204,3.148,5.246,否,121437400,120000000,2778487712.0,2745600000.0,31.502266,3.808295,2.059333,9.77,9.78,9.58,9.44,9.62,9.75,8.84,2016-09-08,-
2019-12-30,300543,朗科智能,消费电子,9.83,10.17,9.67,10.09,9.67,2948195,68731039.61,2.4568,2.666,5.11,否,1.31,2.749,3.913,3.487,13.244,否,121437400,120000000,2852564526.0,2818800000.0,32.342143,3.909827,2.114236,9.89,9.81,9.63,9.46,9.63,9.76,8.85,2016-09-08,-
2019-12-31,300543,朗科智能,消费电子,10.02,10.08,9.87,9.96,9.87,2165361,50164775.37,1.8045,-1.277,2.13,否,0.9,-0.599,4.953,1.322,13.44,否,121437400,90975000,2816133306.0,2109710250.0,31.929089,3.859893,2.087234,9.94,9.83,9.66,9.48,9.64,9.78,8.86,2016-09-08,-
2020-01-02,300543,朗科智能,消费电子,9.99,10.16,9.94,10.1,9.94,2579856,60502556.17,2.1499,1.38,2.2,否,1.02,2.747,4.231,2.747,15.034,否,121437400,90975000,2854993274.0,2138822250.0,32.36968,3.913156,2.116036,10.0,9.85,9.71,9.5,9.65,9.79,8.87,2016-09-08,-
2020-01-03,300543,朗科智能,消费电子,10.14,10.55,10.14,10.19,10.14,3597414,86383966.57,2.9978,0.851,4.04,否,1.36,0.991,3.768,3.874,13.474,否,121437400,90975000,2879280754.0,2157017250.0,32.64505,3.946446,2.134037,10.03,9.89,9.75,9.52,9.66,9.8,8.88,2016-09-08,-
2020-01-06,300543,朗科智能,消费电子,10.01,10.37,9.97,10.24,9.97,3145745,74790247.17,2.6215,0.548,4.01,否,1.16,2.811,2.196,5.458,14.031,否,121437400,90975000,2895067616.0,2168844000.0,32.82404,3.968084,2.145738,10.12,9.94,9.79,9.55,9.67,9.81,8.89,2016-09-08,-
2020-01-07,300543,朗科智能,消费电子,10.25,10.44,10.14,10.36,10.14,3265098,78244819.62,2.7209,1.175,2.94,否,1.13,2.574,5.392,9.168,14.097,否,121437400,90975000,2929070088.0,2194317000.0,33.209557,4.014689,2.17094,10.17,10.03,9.83,9.6,9.68,9.82,8.9,2016-09-08,-
2020-01-08,300543,朗科智能,消费电子,10.27,10.53,10.16,10.25,10.16,4019624,97061223.08,3.3497,-1.078,3.52,否,1.36,0.589,1.586,5.779,11.292,否,121437400,90975000,2897496364.0,2170663500.0,32.851577,3.971413,2.147538,10.23,10.09,9.87,9.65,9.69,9.83,8.91,2016-09-08,-
2020-01-09,300543,朗科智能,消费电子,10.39,10.47,10.29,10.38,10.29,2939398,70995068.78,2.4495,1.299,1.72,否,0.88,1.367,4.217,5.703,12.216,否,121437400,90975000,2935141958.0,2198865750.0,33.278399,4.023011,2.17544,10.28,10.14,9.92,9.7,9.7,9.84,8.93,2016-09-08,-
2020-01-10,300543,朗科智能,消费电子,10.4,10.44,10.18,10.34,10.18,3044558,73192730.2,2.5371,-0.455,2.48,否,0.9,-0.193,2.376,3.194,10.0,否,121437400,90975000,2921783844.0,2188858500.0,33.126946,4.004702,2.165539,10.31,10.17,9.96,9.75,9.71,9.85,8.94,2016-09-08,-
2020-01-13,300543,朗科智能,消费电子,10.33,10.69,10.33,10.58,10.33,4332624,106294593.76,3.6105,2.328,3.45,否,1.32,3.22,3.827,7.63,12.195,否,121437400,90975000,2989788788.0,2239804500.0,33.897981,4.097912,2.215943,10.38,10.25,10.01,9.8,9.73,9.86,8.95,2016-09-08,-
2020-01-14,300543,朗科智能,消费电子,10.64,10.71,10.44,10.7,10.44,4358180,107731598.2,3.6318,1.137,2.56,否,1.24,3.083,4.492,6.046,12.988,否,121437400,90975000,3023791260.0,2265277500.0,34.283498,4.144517,2.241144,10.45,10.31,10.06,9.85,9.74,9.87,8.97,2016-09-08,-
2020-01-15,300543,朗科智能,消费电子,10.68,10.77,10.44,10.55,10.44,3390200,83425076.52,2.8252,-1.406,3.01,否,0.91,2.031,1.834,5.924,11.522,否,121437400,90975000,2981288170.0,2233436250.0,33.801601,4.086261,2.209642,10.51,10.37,10.1,9.9,9.75,9.89,8.98,2016-09-08,-
2020-01-16,300543,朗科智能,消费电子,10.54,10.6,10.35,10.39,10.35,2621000,63782532.7,2.1842,-1.507,2.36,否,0.73,-1.796,1.366,2.871,9.715,否,121437400,90975000,2936356332.0,2199775500.0,33.292168,4.024675,2.17634,10.51,10.4,10.13,9.94,9.76,9.89,8.99,2016-09-08,-
2020-01-17,300543,朗科智能,消费电子,10.46,10.6,10.21,10.25,10.21,4098430,99694496.7,3.4154,-1.323,3.8,否,1.15,-4.206,-1.252,0.589,8.466,否,121437400,90975000,2897496364.0,2170663500.0,32.851577,3.971413,2.147538,10.49,10.4,10.15,9.97,9.77,9.9,9.01,2016-09-08,-
2020-01-20,300543,朗科智能,消费电子,10.4,10.4,9.85,10.33,9.85,4421800,104540376.06,3.6848,0.796,5.36,否,1.18,-2.085,-0.097,0.879,8.395,否,121437400,90975000,2920569470.0,2187948750.0,33.113178,4.003037,2.164639,10.44,10.41,10.18,10.0,9.77,9.9,9.02,2016-09-08,-
2020-01-21,300543,朗科智能,消费电子,10.28,10.4,10.17,10.19,10.17,2573000,61608871.0,2.1442,-1.372,2.2,否,0.68,-1.925,-3.686,-1.641,4.513,否,121437400,90975000,2880495128.0,2157927000.0,32.658818,3.94811,2.134937,10.34,10.4,10.21,10.02,9.77,9.9,9.03,2016-09-08,-
2020-01-22,300543,朗科智能,消费电子,10.13,10.39,10.0,10.34,10.0,3294146,78512839.92,2.7451,1.476,3.79,否,0.96,0.878,-3.364,0.878,5.188,否,121437400,90975000,2922998218.0,2189768250.0,33.140715,4.006366,2.166439,10.3,10.41,10.25,10.05,9.77,9.9,9.04,2016-09-08,-
2020-01-23,300543,朗科智能,消费电子,10.25,10.38,9.69,9.83,9.69,3222676,75337844.58,2.6856,-4.944,6.65,否,0.95,-4.84,-6.825,-5.299,0.0,否,121437400,90975000,2778487712.0,2081508000.0,31.502266,3.808295,2.059333,10.19,10.35,10.25,10.06,9.77,9.9,9.05,2016-09-08,-
2020-02-03,300543,朗科智能,消费电子,8.85,8.85,8.85,8.85,8.85,469500,9667005.0,0.3913,-10.009,0.0,否,0.13,-13.15,-14.822,-14.41,-9.786,否,121437400,90975000,2500396066.0,1873175250.0,28.349286,3.427133,1.853219,9.91,10.2,10.19,10.04,9.75,9.9,9.06,2016-09-08,-
2020-02-04,300543,朗科智能,消费电子,7.97,8.6,7.97,8.36,7.97,4465472,87180253.6,3.7212,-5.537,7.14,否,1.6,-19.149,-18.439,-20.983,-13.903,否,121437400,90975000,2361957430.0,1769463750.0,26.77968,3.237384,1.750613,9.51,9.98,10.11,10.0,9.72,9.88,9.06,2016-09-08,-
2020-02-05,300543,朗科智能,消费电子,8.39,8.67,8.29,8.49,8.29,3376776,66839539.32,2.814,1.594,4.52,否,1.2,-13.632,-17.812,-20.654,-10.537,否,121437400,90975000,2399603024.0,1797666000.0,27.206503,3.288982,1.778514,9.17,9.76,10.03,9.96,9.69,9.87,9.07,2016-09-08,-
2020-02-06,300543,朗科智能,消费电子,8.79,9.34,8.63,9.34,8.63,6781748,141859647.52,5.6515,10.02,8.3,否,2.29,5.537,-8.342,-11.469,-3.612,是,121437400,90975000,2640049076.0,1977796500.0,29.93266,3.618546,1.956726,8.97,9.64,10.0,9.94,9.68,9.87,9.08,2016-09-08,-
2020-02-07,300543,朗科智能,消费电子,9.4,9.41,8.86,9.1,8.86,7373566,155768121.13,6.1446,-2.576,5.89,否,2.01,8.852,-11.992,-12.416,-7.332,否,121437400,90975000,2572044132.0,1926850500.0,29.161626,3.525336,1.906323,8.83,9.51,9.95,9.92,9.66,9.86,9.09,2016-09-08,-
2020-02-10,300543,朗科智能,消费电子,9.11,9.18,8.91,9.16,8.91,4354318,91773724.17,3.6286,0.708,2.93,否,0.97,7.892,-6.816,-10.634,-8.583,否,121437400,90975000,2590259742.0,1940496750.0,29.368153,3.550303,1.919824,8.89,9.4,9.9,9.9,9.64,9.86,9.1,2016-09-08,-
2020-02-11,300543,朗科智能,消费电子,9.16,9.19,8.88,8.97,8.88,3413753,71399817.06,2.8448,-2.063,3.33,否,0.65,-3.961,1.356,-13.166,-8.749,否,121437400,90975000,2536827286.0,1900467750.0,28.76234,3.477067,1.880221,9.01,9.26,9.84,9.87,9.62,9.86,9.1,2016-09-08,-
2020-02-12,300543,朗科智能,消费电子,8.94,9.28,8.91,9.26,8.91,4456490,94364693.01,3.7137,3.159,4.07,否,0.88,1.758,10.766,-9.127,-8.226,否,121437400,90975000,2616975970.0,1960511250.0,29.671059,3.586921,1.939625,9.17,9.17,9.78,9.87,9.62,9.86,9.11,2016-09-08,-
2020-02-13,300543,朗科智能,消费电子,9.28,9.28,8.98,9.03,8.98,4009462,84942615.82,3.3412,-2.506,3.25,否,0.76,-1.419,6.36,-12.669,-9.337,否,121437400,90975000,2551399774.0,1911384750.0,28.927562,3.49704,1.891022,9.1,9.04,9.72,9.84,9.62,9.86,9.12,2016-09-08,-
2020-02-14,300543,朗科智能,消费电子,9.0,9.19,8.94,9.15,8.94,3678830,77916148.1,3.0657,1.428,2.76,否,0.78,2.007,-2.034,-6.918,-9.406,否,121437400,90975000,2587830994.0,1938677250.0,29.340616,3.546974,1.918023,9.11,8.97,9.66,9.82,9.61,9.86,9.13,2016-09-08,-
2020-02-17,300543,朗科智能,消费电子,9.2,9.81,9.18,9.79,9.18,6023484,133154841.84,5.0196,6.898,6.8,否,1.51,5.724,7.582,10.621,-3.925,否,121437400,90975000,2766343972.0,2072410500.0,31.364582,3.79165,2.050332,9.24,9.07,9.63,9.81,9.62,9.86,9.15,2016-09-08,-
2020-02-18,300543,朗科智能,消费电子,9.7,10.4,9.67,10.33,9.67,8448610,195982694.64,7.0405,5.531,7.42,否,1.96,14.396,12.773,23.565,0.879,否,121437400,90975000,2919355096.0,2187039000.0,33.099409,4.001373,2.163739,9.51,9.26,9.62,9.83,9.63,9.86,9.16,2016-09-08,-
2020-02-19,300543,朗科智能,消费电子,10.28,10.52,10.09,10.18,10.09,12841431,309434775.84,10.7012,-1.456,4.12,否,2.41,11.257,13.489,19.906,-1.737,否,121437400,90975000,2876852006.0,2155197750.0,33.099409,4.001373,2.163739,9.7,9.43,9.59,9.83,9.65,9.86,9.18,2016-09-08,-
2020-02-20,300543,朗科智能,消费电子,10.1,10.24,9.92,10.15,9.92,7326710,171985724.75,6.1056,-0.253,3.08,否,1.05,3.677,9.611,8.672,-0.976,否,121437400,90975000,2869565762.0,2149739250.0,32.534902,3.93313,2.126837,9.92,9.51,9.57,9.84,9.66,9.86,9.19,2016-09-08,-
2020-02-21,300543,朗科智能,消费电子,10.11,10.29,10.08,10.14,10.08,5427596,128542459.82,4.523,-0.085,2.12,否,0.71,-1.839,12.292,11.429,-2.312,否,121437400,90975000,2867137014.0,2147919750.0,32.507365,3.929801,2.125037,10.12,9.62,9.56,9.84,9.67,9.85,9.2,2016-09-08,-
2020-02-24,300543,朗科智能,消费电子,10.09,10.47,10.04,10.45,10.04,7334283,176418127.15,6.1119,3.05,4.24,否,0.92,2.652,14.208,14.083,1.064,否,121437400,90975000,2954571942.0,2213421750.0,33.498695,4.049642,2.189841,10.25,9.75,9.57,9.85,9.69,9.85,9.22,2016-09-08,-
2020-02-25,300543,朗科智能,消费电子,10.16,10.68,9.84,10.66,9.84,8175850,195597199.89,6.8132,2.014,8.01,否,0.99,5.025,8.887,18.841,0.756,否,121437400,90975000,3014076268.0,2257999500.0,34.17335,4.131201,2.233944,10.32,9.91,9.59,9.86,9.71,9.85,9.23,2016-09-08,-
2020-02-26,300543,朗科智能,消费电子,10.52,10.86,10.18,10.3,10.18,7462197,183804824.82,6.2185,-3.384,6.33,否,0.91,1.578,-0.29,11.231,-3.738,否,121437400,90975000,2912068852.0,2181580500.0,33.016798,3.991386,2.158339,10.34,10.02,9.59,9.86,9.73,9.86,9.24,2016-09-08,-
2020-02-27,300543,朗科智能,消费电子,10.43,10.48,10.14,10.25,10.14,4208544,101211680.28,3.5071,-0.5,3.34,否,0.59,-1.914,0.688,13.511,-2.844,否,121437400,90975000,2897496364.0,2170663500.0,32.851577,3.971413,2.147538,10.36,10.14,9.59,9.86,9.76,9.86,9.25,2016-09-08,-
2020-02-28,300543,朗科智能,消费电子,9.84,10.04,9.37,9.39,9.37,5043200,114581061.36,4.2027,-8.424,6.54,否,0.77,-11.914,-7.488,2.623,-9.625,否,121437400,90975000,2653407190.0,1987803750.0,29.038688,3.636855,1.886845,10.21,10.16,9.57,9.83,9.77,9.85,9.26,2016-09-08,-
2020-03-02,300543,朗科智能,消费电子,9.52,9.99,9.52,9.85,9.52,3474180,78913870.04,2.8952,4.897,5.03,否,0.54,-4.369,-2.86,0.613,-3.902,否,121437400,90975000,2783345208.0,2085147000.0,30.46072,3.814953,1.979244,10.09,10.17,9.62,9.81,9.78,9.84,9.27,2016-09-08,-
2020-03-03,300543,朗科智能,消费电子,10.03,10.24,9.79,9.96,9.79,4562000,106847599.0,3.8017,1.134,4.54,否,0.8,-2.829,-4.689,-3.582,-3.582,否,121437400,90975000,2814918932.0,2108800500.0,30.80626,3.858229,2.001696,9.95,10.13,9.7,9.79,9.8,9.84,9.28,2016-09-08,-
2020-03-04,300543,朗科智能,消费电子,9.87,10.29,9.84,10.27,9.84,4357100,102939015.0,3.6309,3.106,4.53,否,0.88,9.372,-3.659,0.884,0.785,否,121437400,90975000,2902353860.0,2174302500.0,31.763141,3.97807,2.063871,9.94,10.14,9.79,9.78,9.82,9.84,9.29,2016-09-08,-
2020-03-05,300543,朗科智能,消费电子,10.44,10.5,10.13,10.22,10.13,3991300,95379504.0,3.3261,-0.418,3.68,否,0.92,3.756,-0.777,0.69,-1.161,否,121437400,90975000,2890210120.0,2165205000.0,31.630241,3.961426,2.055236,9.94,10.15,9.83,9.77,9.83,9.85,9.3,2016-09-08,-
2020-03-06,300543,朗科智能,消费电子,10.09,10.63,9.96,10.47,9.96,6218972,151438882.84,5.1825,2.395,6.51,否,1.45,5.12,2.146,3.254,6.511,否,121437400,90975000,2959429438.0,2217060750.0,32.387772,4.0563,2.104458,10.15,10.18,9.9,9.77,9.85,9.85,9.31,2016-09-08,-
2020-03-09,300543,朗科智能,消费电子,10.33,10.39,9.87,9.94,9.87,4515290,106724019.6,3.7627,-5.088,4.97,否,1.0,-3.213,5.857,-4.88,12.316,否,121437400,90975000,2808847062.0,2104251750.0,30.73981,3.849907,1.997378,10.17,10.13,9.94,9.76,9.86,9.84,9.32,2016-09-08,-
2020-03-10,300543,朗科智能,消费电子,9.59,10.64,9.59,10.56,9.59,6410175,152606397.0,5.3418,6.312,10.59,否,1.36,3.327,7.208,-0.938,26.316,否,121437400,90975000,2986145666.0,2237075250.0,32.680152,4.092918,2.123456,10.29,10.12,10.02,9.77,9.88,9.84,9.33,2016-09-08,-
2020-03-11,300543,朗科智能,消费电子,10.56,10.65,10.18,10.25,10.18,5245000,127549895.0,4.3708,-2.969,4.47,否,1.03,-2.101,2.912,-0.485,20.73,否,121437400,90975000,2897496364.0,2170663500.0,31.709981,3.971413,2.060417,10.29,10.12,10.07,9.77,9.89,9.84,9.34,2016-09-08,-
2020-03-12,300543,朗科智能,消费电子,10.14,10.83,10.01,10.51,10.01,6241000,151658706.0,5.2008,2.515,7.96,否,1.18,5.734,2.337,2.537,12.527,否,121437400,90975000,2970358804.0,2225248500.0,32.507382,4.07128,2.11223,10.35,10.14,10.14,9.77,9.91,9.84,9.35,2016-09-08,-
2020-03-13,300543,朗科智能,消费电子,9.91,11.53,9.89,10.91,9.89,9697352,239269675.16,8.0811,3.802,15.66,否,1.69,3.314,6.751,16.187,19.89,否,121437400,90975000,3083295586.0,2309855250.0,33.743354,4.226076,2.19254,10.43,10.29,10.23,9.81,9.94,9.84,9.36,2016-09-08,-
2020-03-16,300543,朗科智能,消费电子,10.92,11.25,10.31,10.37,10.31,8513135,214420099.89,7.0943,-4.884,8.59,否,1.33,1.171,-0.955,5.279,13.21,否,121437400,90975000,2932713210.0,2197046250.0,32.095392,4.019682,2.08546,10.52,10.35,10.26,9.86,9.95,9.83,9.37,2016-09-08,-
2020-03-17,300543,朗科智能,消费电子,10.53,11.28,10.15,11.13,10.15,11023000,277843062.0,9.1858,7.329,10.89,否,1.53,5.899,11.972,11.747,24.08,否,121437400,90975000,3147657408.0,2358072000.0,34.447725,4.314292,2.238307,10.63,10.46,10.3,9.95,9.98,9.84,9.38,2016-09-08,-
2020-03-18,300543,朗科智能,消费电子,11.06,11.28,10.19,10.25,10.19,11928290,303332789.4,13.1116,-7.986,9.72,否,1.46,-6.049,-2.936,-0.195,10.691,否,121437400,90975000,2896281990.0,2169753750.0,31.696691,3.969748,2.059554,10.63,10.46,10.3,10.01,9.99,9.84,9.39,2016-09-08,-
2020-03-19,300543,朗科智能,消费电子,10.3,10.31,9.4,9.75,9.4,9072700,205597136.0,7.5606,-4.822,8.81,否,0.96,-5.979,-4.878,-4.599,7.973,否,121437400,90975000,2756628980.0,2065132500.0,30.168339,3.778335,1.960246,10.48,10.41,10.28,10.03,9.98,9.83,9.4,2016-09-08,-
2020-03-20,300543,朗科智能,消费电子,9.84,9.88,9.46,9.58,9.46,5273300,118088871.16,4.3944,-1.806,4.27,否,0.52,-13.926,-8.849,-8.5,4.699,否,121437400,90975000,2706839646.0,2027832750.0,29.623449,3.710092,1.924841,10.22,10.33,10.25,10.04,9.98,9.82,9.4,2016-09-08,-
2020-03-23,300543,朗科智能,消费电子,9.26,9.33,8.62,8.66,8.62,5027000,105319491.0,4.1892,-9.511,7.49,否,0.55,-15.512,-20.623,-12.877,-11.542,否,121437400,90975000,2449392358.0,1834965750.0,26.805965,3.357225,1.741769,9.87,10.2,10.16,10.02,9.96,9.81,9.4,2016-09-08,-
2020-03-24,300543,朗科智能,消费电子,8.89,8.94,8.46,8.87,8.46,3811100,77590915.0,3.1759,2.38,5.45,否,0.45,-9.026,-14.465,-16.004,-14.134,否,121437400,90975000,2507682310.0,1878633750.0,27.443886,3.437119,1.783219,9.42,10.03,10.07,10.02,9.95,9.79,9.4,2016-09-08,-
2020-03-25,300543,朗科智能,消费电子,9.08,9.1,8.88,8.98,8.88,3423054,71503306.93,2.8525,1.211,2.47,否,0.49,-6.263,-19.317,-12.39,-11.788,否,121437400,90975000,2538041660.0,1901377500.0,27.776136,3.478731,1.804808,9.17,9.9,10.01,10.01,9.94,9.78,9.4,2016-09-08,-
2020-03-26,300543,朗科智能,消费电子,8.91,8.91,8.59,8.75,8.59,2424645,49631304.3,2.0205,-2.536,3.59,否,0.46,1.039,-14.634,-16.746,-13.793,否,121437400,90975000,2473679838.0,1853160750.0,27.071765,3.390514,1.75904,8.97,9.73,9.93,10.0,9.92,9.77,9.4,2016-09-08,-
2020-03-27,300543,朗科智能,消费电子,8.87,9.09,8.77,8.99,8.77,3444600,71715054.0,2.8705,2.7,3.58,否,0.86,1.353,-7.795,-17.599,-11.341,否,121437400,90975000,2540470408.0,1903197000.0,27.802716,3.48206,1.806535,8.85,9.53,9.91,10.0,9.91,9.76,9.4,2016-09-08,-
2020-03-30,300543,朗科智能,消费电子,8.81,8.88,8.55,8.68,8.55,2358600,47628408.0,1.9655,-3.394,3.59,否,0.65,-3.341,-9.395,-16.297,-16.938,否,121437400,90975000,2454249854.0,1838604750.0,26.859125,3.363883,1.745223,8.85,9.36,9.86,9.96,9.89,9.75,9.4,2016-09-08,-
2020-03-31,300543,朗科智能,消费电子,8.81,8.82,8.65,8.67,8.65,1407900,28584979.0,1.1733,-0.148,1.98,否,0.46,-0.914,0.115,-22.102,-18.668,否,121437400,92611593,2450606732.0,1868901946.74,26.819255,3.35889,1.742633,8.81,9.12,9.79,9.9,9.87,9.74,9.4,2016-09-08,-
2020-04-01,300543,朗科智能,消费电子,8.63,8.71,8.3,8.37,8.3,3365647,66806330.72,2.8047,-3.419,4.81,否,1.29,-6.897,-5.637,-18.341,-18.738,否,121437400,92611593,2366814926.0,1804999947.57,25.902244,3.244042,1.683048,8.69,8.93,9.7,9.84,9.84,9.74,9.4,2016-09-08,-
2020-04-02,300543,朗科智能,消费电子,8.24,8.63,8.2,8.56,8.2,2317000,45318340.0,1.9308,2.206,5.23,否,0.89,-1.382,-4.677,-12.205,-16.488,否,121437400,92611593,2419033008.0,1844822932.56,26.473714,3.315614,1.720181,8.65,8.81,9.61,9.79,9.82,9.73,9.4,2016-09-08,-
2020-04-03,300543,朗科智能,消费电子,8.57,8.66,8.39,8.48,8.39,1877509,37268924.57,1.5646,-0.904,3.16,否,0.73,-2.191,-3.086,-11.482,-9.691,否,121437400,92611593,2397174276.0,1828152845.82,26.234494,3.285653,1.704637,8.55,8.7,9.51,9.74,9.79,9.72,9.4,2016-09-08,-
2020-04-07,300543,朗科智能,消费电子,8.64,8.77,8.64,8.69,8.64,2461117,49793250.0,2.0509,2.482,1.57,否,1.09,3.823,-3.337,0.346,-11.777,否,121437400,92611593,2456678602.0,1873532526.39,26.885705,3.367212,1.746951,8.55,8.7,9.45,9.68,9.76,9.71,9.41,2016-09-08,-
2020-04-08,300543,朗科智能,消费电子,8.63,8.78,8.61,8.74,8.61,2052700,41675491.0,1.7106,0.593,2.03,否,0.9,2.103,0.691,-1.466,-12.249,否,121437400,92611593,2471251090.0,1884645917.55,27.045185,3.387185,1.757313,8.57,8.69,9.36,9.61,9.74,9.71,9.41,2016-09-08,-
2020-04-09,300543,朗科智能,消费电子,8.76,8.87,8.73,8.81,8.73,2406589,49337188.83,2.0055,0.737,1.57,否,1.0,3.892,1.615,-1.893,-14.216,否,121437400,92611593,2489466700.0,1898537656.5,27.244535,3.412152,1.770266,8.66,8.67,9.29,9.56,9.71,9.7,9.41,2016-09-08,-
2020-04-10,300543,朗科智能,消费电子,8.83,8.88,8.51,8.58,8.51,2431300,49234795.0,2.0261,-2.537,4.2,否,1.09,-1.266,2.509,-1.943,-16.047,否,121437400,92611593,2426319252.0,1850379628.14,26.553455,3.3256,1.725362,8.66,8.66,9.19,9.51,9.68,9.69,9.41,2016-09-08,-
2020-04-13,300543,朗科智能,消费电子,8.51,8.58,8.27,8.39,8.27,2091800,40782649.0,1.7432,-2.252,3.65,否,0.93,-4.005,-1.986,-6.674,-19.866,否,121437400,92611593,2371672422.0,1808704411.29,25.955404,3.250699,1.686502,8.64,8.6,9.07,9.47,9.65,9.68,9.41,2016-09-08,-
2020-04-14,300543,朗科智能,消费电子,8.4,8.58,8.4,8.58,8.4,1436187,28434651.47,1.1968,2.304,2.15,否,0.63,-2.611,1.179,-1.152,-13.682,否,121437400,92611593,2426319252.0,1850379628.14,26.553455,3.3256,1.725362,8.62,8.59,8.98,9.43,9.62,9.67,9.41,2016-09-08,-
2020-04-15,300543,朗科智能,消费电子,8.64,8.68,8.57,8.64,8.57,1548600,31075885.0,1.2905,0.651,1.3,否,0.74,0.699,-0.575,-0.346,-18.182,否,121437400,92611593,2442106114.0,1862419135.23,26.726225,3.347238,1.736588,8.6,8.58,8.85,9.39,9.59,9.66,9.41,2016-09-08,-
2020-04-16,300543,朗科智能,消费电子,8.64,8.69,8.51,8.68,8.51,1534600,30741213.0,1.2788,0.497,2.09,否,0.77,3.456,-0.686,3.704,-15.317,否,121437400,92611593,2454249854.0,1871680294.53,26.859125,3.363883,1.745223,8.57,8.62,8.77,9.34,9.56,9.65,9.41,2016-09-08,-
2020-04-17,300543,朗科智能,消费电子,8.72,8.85,8.68,8.8,8.68,2527400,51524308.0,2.1062,1.336,1.98,否,1.4,2.564,-0.114,2.804,-16.27,否,121437400,92611593,2487037952.0,1896685424.64,27.217955,3.408824,1.768539,8.62,8.64,8.73,9.29,9.53,9.64,9.41,2016-09-08,-
2020-04-20,300543,朗科智能,消费电子,9.66,9.68,9.37,9.68,9.37,9096691,203575498.62,9.9991,10.01,3.52,否,4.98,12.037,12.821,14.151,-11.274,是,121437400,92611593,2735984622.0,2086539190.29,26.503041,3.607422,1.953328,8.88,8.76,8.73,9.26,9.52,9.64,9.41,2016-09-08,-
2020-04-21,300543,朗科智能,消费电子,9.49,9.96,9.46,9.7,9.46,10442091,236268577.12,11.478,0.266,5.19,否,3.23,11.751,15.614,11.623,-6.461,否,121437400,92611593,2743270866.0,2092095885.87,26.573622,3.617029,1.95853,9.1,8.86,8.78,9.25,9.51,9.64,9.42,2016-09-08,-
2020-04-22,300543,朗科智能,消费电子,9.63,9.86,9.53,9.81,9.53,5823260,131868877.24,6.4009,1.107,3.45,否,1.16,11.477,14.336,12.243,-11.86,否,121437400,92611593,2773630216.0,2115248784.12,26.867708,3.657058,1.980205,9.33,8.97,8.83,9.23,9.5,9.64,9.42,2016-09-08,-
2020-04-23,300543,朗科智能,消费电子,9.86,9.94,9.62,9.74,9.62,4140858,93872467.9,4.5516,-0.744,3.28,否,0.7,0.62,12.731,10.556,-4.976,否,121437400,92611593,2752985858.0,2099504813.31,26.667729,3.629838,1.965466,9.55,9.06,8.87,9.21,9.49,9.63,9.43,2016-09-08,-
2020-04-24,300543,朗科智能,消费电子,9.77,9.78,9.58,9.67,9.58,3291300,74246517.0,3.6178,-0.75,1.99,否,0.51,-0.309,11.406,12.704,-0.821,否,121437400,92611593,2732341500.0,2083760842.5,26.467751,3.602618,1.950727,9.72,9.17,8.91,9.18,9.48,9.63,9.43,2016-09-08,-
2020-04-27,300543,朗科智能,消费电子,9.73,9.73,9.52,9.54,9.52,2404700,53774554.0,2.6433,-1.333,2.22,否,0.37,-2.752,8.409,13.707,-0.418,否,121437400,92611593,2695910280.0,2055977364.6,26.389257,3.432981,2.058891,9.69,9.28,8.94,9.14,9.47,9.62,9.43,2016-09-08,-
2020-04-28,300543,朗科智能,消费电子,9.59,9.62,8.87,9.1,8.87,4127160,87882039.51,4.5366,-4.595,7.88,否,0.79,-6.571,-5.992,6.061,5.081,否,121437400,92611593,2572044132.0,1961513539.74,25.176778,3.275249,1.964293,9.57,9.34,8.96,9.1,9.48,9.61,9.43,2016-09-08,-
2020-04-29,300543,朗科智能,消费电子,9.14,9.6,9.14,9.36,9.14,3213685,70238580.4,3.5325,2.927,5.0,否,0.81,-3.206,-3.505,8.333,5.524,否,121437400,92611593,2647335320.0,2018932727.4,25.913775,3.371125,2.021793,9.48,9.41,9.0,9.04,9.49,9.61,9.43,2016-09-08,-
2020-04-30,300543,朗科智能,消费电子,9.45,9.82,9.4,9.69,9.4,4099585,92079792.45,4.5063,3.44,4.45,否,1.19,1.572,-1.223,11.636,7.906,否,121437400,92611593,2738413370.0,2088391422.15,26.805304,3.487104,2.091351,9.47,9.51,9.06,9.02,9.51,9.6,9.44,2016-09-08,-
2020-05-06,300543,朗科智能,消费电子,9.66,9.87,9.64,9.81,9.64,3765649,85608668.74,4.1392,1.242,2.39,否,1.1,7.802,0.719,11.477,12.114,否,121437400,92611593,2772415842.0,2114322668.19,27.138141,3.530403,2.117319,9.5,9.61,9.12,9.02,9.52,9.6,9.44,2016-09-08,-
2020-05-07,300543,朗科智能,消费电子,9.81,9.91,9.64,9.64,9.64,3112200,70479739.17,3.4209,-1.708,2.76,否,0.88,2.991,-0.31,-0.413,7.23,否,121437400,92611593,2725055256.0,2078204146.92,26.674546,3.470094,2.081149,9.52,9.61,9.18,9.02,9.53,9.6,9.44,2016-09-08,-
2020-05-08,300543,朗科智能,消费电子,9.72,10.13,9.68,10.03,9.68,5686166,132153744.32,6.2503,4.1,4.59,否,1.55,3.509,5.136,3.402,15.553,否,121437400,92611593,2836777664.0,2163406812.48,27.768155,3.612362,2.166472,9.71,9.64,9.25,9.07,9.55,9.59,9.45,2016-09-08,-
2020-05-11,300543,朗科智能,消费电子,10.08,10.21,9.92,10.0,9.92,3270007,76491927.49,3.5944,-0.385,2.83,否,0.82,1.937,9.89,1.937,15.34,否,121437400,92611593,2825848298.0,2155071769.11,27.661172,3.598444,2.158125,9.83,9.66,9.31,9.11,9.56,9.59,9.46,2016-09-08,-
2020-05-12,300543,朗科智能,消费电子,10.0,10.13,9.88,10.08,9.88,2895700,67451963.0,3.183,0.86,2.49,否,0.73,4.564,7.692,3.491,20.43,否,121437400,92611593,2850135778.0,2173594087.71,27.898913,3.629372,2.176674,9.91,9.69,9.38,9.14,9.58,9.6,9.47,2016-09-08,-
2020-05-13,300543,朗科智能,消费电子,10.03,10.29,9.97,10.05,9.97,3057600,72011726.0,3.3609,-0.298,3.15,否,0.82,0.199,3.715,3.93,17.407,否,121437400,92611593,2841635160.0,2167111276.2,27.815703,3.618547,2.170182,9.96,9.73,9.45,9.19,9.59,9.6,9.48,2016-09-08,-
2020-05-14,300543,朗科智能,消费电子,10.01,10.05,9.83,9.85,9.83,3364961,77783203.35,3.6988,-2.009,2.22,否,0.93,-1.5,0.408,3.249,16.156,否,121437400,92611593,2784559582.0,2123583827.49,27.257012,3.545867,2.126593,10.0,9.76,9.52,9.21,9.61,9.61,9.49,2016-09-08,-
2020-05-15,300543,朗科智能,消费电子,9.94,10.08,9.86,10.04,9.86,3060600,71128527.52,3.3642,1.919,2.22,否,0.84,-0.397,4.149,10.33,15.535,否,121437400,92611593,2837992038.0,2164332928.41,27.780042,3.613908,2.1674,10.0,9.86,9.6,9.26,9.61,9.61,9.5,2016-09-08,-
2020-05-18,300543,朗科智能,消费电子,9.98,10.07,9.71,9.85,9.71,2661709,61230093.79,2.8741,-1.84,3.55,否,0.85,-1.99,-1.795,5.235,12.7,否,121437400,92611593,2785773956.0,2124509943.42,27.268899,3.547414,2.12752,9.97,9.9,9.66,9.3,9.6,9.62,9.51,2016-09-08,-
2020-05-19,300543,朗科智能,消费电子,10.02,10.18,9.95,10.13,9.95,3184312,74713628.75,3.4384,2.746,2.31,否,1.06,2.843,1.3,4.541,14.983,否,121437400,92611593,2862279518.0,2182855247.01,28.017783,3.644836,2.185948,9.98,9.95,9.73,9.36,9.6,9.62,9.52,2016-09-08,-
2020-05-20,300543,朗科智能,消费电子,10.13,10.22,9.8,9.91,9.8,3024359,70459309.5,3.2656,-2.164,4.12,否,0.99,-1.295,-1.687,1.019,15.501,否,121437400,92611593,2800346444.0,2135623334.58,27.411543,3.56597,2.138649,9.96,9.96,9.78,9.4,9.6,9.63,9.53,2016-09-08,-
2020-05-21,300543,朗科智能,消费电子,9.92,9.97,9.5,9.54,9.5,2669300,60158932.0,2.8823,-3.729,4.77,否,0.87,-3.147,-5.075,-1.037,13.707,否,121437400,92611593,2695910280.0,2055977364.6,26.389257,3.432981,2.058891,9.89,9.95,9.78,9.44,9.59,9.63,9.54,2016-09-08,-
2020-05-22,300543,朗科智能,消费电子,9.52,9.71,9.41,9.68,9.41,2711148,60367010.56,2.9274,1.532,3.2,否,0.93,-4.442,-1.726,-3.49,12.821,否,121437400,92611593,2737198996.0,2087465306.22,26.793417,3.485558,2.090423,9.82,9.91,9.78,9.47,9.57,9.63,9.55,2016-09-08,-
2020-05-25,300543,朗科智能,消费电子,9.61,9.64,9.21,9.41,9.21,2130248,46701464.76,2.3002,-2.795,4.48,否,0.75,-5.045,-6.275,-5.9,8.912,否,121437400,92611593,2660693434.0,2029120002.63,26.044532,3.388136,2.031995,9.73,9.85,9.76,9.49,9.55,9.63,9.55,2016-09-08,-
2020-05-26,300543,朗科智能,消费电子,9.26,9.73,9.23,9.69,9.23,4333770,56337455.52,2.7527,2.983,5.26,否,1.58,1.572,-1.624,-3.869,11.636,否,206443580,157439708,2708539769.6,2065608968.96,26.512882,3.449063,2.068536,9.65,9.82,9.75,9.52,9.54,9.64,9.56,2016-09-08,-
2020-05-27,300543,朗科智能,消费电子,9.69,9.97,9.55,9.57,9.55,5767926,75946905.73,3.6636,-1.296,4.34,否,1.94,-1.136,-5.528,-4.776,8.75,否,206443580,157439708,2673444361.0,2038844218.6,26.169346,3.404373,2.041733,9.58,9.77,9.75,9.56,9.53,9.64,9.57,2016-09-08,-
2020-05-28,300543,朗科智能,消费电子,9.57,10.23,8.87,9.82,8.87,9651853,128484130.85,6.1305,2.626,14.29,否,2.74,4.357,-0.908,-0.305,1.446,否,206443580,157439708,2743635178.2,2092373719.32,26.856418,3.493754,2.095338,9.63,9.76,9.76,9.6,9.54,9.65,9.58,2016-09-08,-
2020-05-29,300543,朗科智能,消费电子,9.71,9.86,9.37,9.38,9.37,6352960,82381926.64,4.0352,-4.439,4.97,否,1.29,-3.199,-1.677,-6.574,-3.299,否,206443580,157439708,2621833466.0,1999484291.6,25.664147,3.338651,2.002317,9.57,9.7,9.78,9.63,9.53,9.66,9.59,2016-09-08,-
2020-06-01,300543,朗科智能,消费电子,9.43,10.32,9.41,10.32,9.41,10768024,147101561.04,6.8395,10.0,9.69,否,1.91,7.837,6.612,4.772,5.199,是,206443580,157439708,2884016812.6,2199432720.76,28.230561,3.672516,2.202549,9.76,9.75,9.82,9.69,9.54,9.67,9.6,2016-09-08,-
2020-06-02,300543,朗科智能,消费电子,10.71,10.82,10.31,10.39,10.31,20190208,288320496.72,12.8241,0.716,5.01,否,2.74,5.804,10.414,2.567,6.674,否,206443580,157439708,2904661170.6,2215176691.56,28.432641,3.698805,2.218315,9.9,9.77,9.86,9.74,9.54,9.68,9.61,2016-09-08,-
2020-06-03,300543,朗科智能,消费电子,10.36,10.76,10.21,10.25,10.21,12474504,176168750.2,7.9234,-1.35,5.26,否,1.18,9.275,5.779,3.431,5.998,否,206443580,157439708,2865436890.4,2185263147.04,28.048689,3.648857,2.18836,10.03,9.81,9.88,9.79,9.54,9.69,9.62,2016-09-08,-
2020-06-04,300543,朗科智能,消费电子,10.28,10.45,10.16,10.34,10.16,8075730,112486609.3,5.1294,0.865,2.81,否,0.68,0.194,8.046,8.386,8.386,否,206443580,157439708,2890210120.0,2204155912.0,28.291185,3.680403,2.207279,10.14,9.89,9.92,9.81,9.54,9.7,9.63,2016-09-08,-
2020-06-05,300543,朗科智能,消费电子,10.31,10.36,10.06,10.26,10.06,5507770,76130131.1,3.4983,-0.786,2.86,否,0.48,-1.251,4.481,5.992,12.747,否,206443580,157439708,2867501326.2,2186837544.12,28.068897,3.651485,2.189936,10.31,9.94,9.93,9.83,9.54,9.7,9.64,2016-09-08,-
2020-06-08,300543,朗科智能,消费电子,10.2,10.43,10.12,10.28,10.12,4365322,60491952.76,2.7727,0.216,3.02,否,0.38,0.293,9.595,9.245,9.829,否,206443580,157439709,2873694633.6,2191560749.28,28.129521,3.659372,2.194666,10.3,10.03,9.94,9.85,9.54,9.71,9.64,2016-09-08,-
2020-06-09,300543,朗科智能,消费电子,10.29,10.45,10.23,10.31,10.23,5237630,73266902.82,3.3268,0.216,2.08,否,0.52,-0.29,-0.097,6.398,6.398,否,206443580,157439709,2879887941.0,2196283940.55,28.190145,3.667259,2.199396,10.29,10.09,9.95,9.87,9.54,9.72,9.65,2016-09-08,-
2020-06-10,300543,朗科智能,消费电子,10.26,10.29,10.01,10.08,10.01,4097310,55994687.8,2.6025,-2.222,2.72,否,0.57,-1.754,-2.984,5.329,2.752,否,206443580,157439709,2815890431.2,2147477630.76,27.563698,3.585764,2.15052,10.25,10.14,9.96,9.88,9.53,9.72,9.66,2016-09-08,-
2020-06-11,300543,朗科智能,消费电子,10.09,10.19,9.9,9.91,9.9,3985930,54193870.4,2.5317,-1.613,2.86,否,0.73,-3.599,-3.317,0.916,2.801,否,206443580,157439709,2770472843.6,2112840894.78,27.119122,3.527929,2.115835,10.17,10.15,9.96,9.89,9.52,9.73,9.67,2016-09-08,-
2020-06-12,300543,朗科智能,消费电子,9.69,9.87,9.63,9.77,9.63,3240250,42785869.3,2.0581,-1.49,2.46,否,0.7,-5.238,-5.513,4.158,-2.592,否,206443580,157439709,2729184127.6,2081352952.98,26.714962,3.475352,2.084302,10.07,10.19,9.94,9.91,9.51,9.73,9.67,2016-09-08,-
2020-06-15,300543,朗科智能,消费电子,9.79,9.95,9.66,9.67,9.66,3546360,47106100.62,2.2525,-0.983,3.03,否,0.85,-4.067,-5.75,-6.298,-3.3,否,206443580,157439709,2702346462.2,2060885790.81,26.452258,3.441177,2.063806,9.95,10.13,9.94,9.93,9.48,9.73,9.67,2016-09-08,-
2020-06-16,300543,朗科智能,消费电子,9.82,9.93,9.72,9.88,9.72,3241313,43134523.94,2.0588,2.215,2.14,否,0.81,-0.303,-3.891,-4.909,-1.984,否,206443580,157439709,2762215100.4,2106543306.42,27.03829,3.517414,2.109528,9.86,10.08,9.92,9.93,9.47,9.73,9.67,2016-09-08,-
2020-06-17,300543,朗科智能,消费电子,9.83,9.96,9.77,9.93,9.77,2916850,38944043.76,1.8527,0.448,1.94,否,0.81,1.638,-3.686,-3.122,-1.194,否,206443580,157439709,2774601715.2,2115989688.96,27.159538,3.533187,2.118988,9.83,10.04,9.92,9.94,9.48,9.73,9.68,2016-09-08,-
2020-06-18,300543,朗科智能,消费电子,9.91,10.09,9.83,10.02,9.83,3576081,48252793.73,2.2714,0.893,2.68,否,1.06,3.619,-0.595,-3.095,1.726,否,206443580,157439709,2799374944.8,2134882454.04,27.402034,3.564733,2.137907,9.85,10.01,9.95,9.95,9.49,9.73,9.68,2016-09-08,-
2020-06-19,300543,朗科智能,消费电子,10.02,10.31,10.0,10.15,10.0,5532670,75944144.3,3.5142,1.327,3.1,否,1.67,2.733,2.422,-1.072,1.096,否,206443580,157439709,2836534789.2,2163221601.66,27.765778,3.612053,2.166287,9.93,10.0,9.97,9.95,9.51,9.74,9.69,2016-09-08,-
2020-06-22,300543,朗科智能,消费电子,10.13,10.26,10.05,10.14,10.05,4068210,55740972.6,2.584,-0.146,2.11,否,1.08,2.115,3.787,-1.362,2.944,否,206443580,157439709,2832405917.6,2160072807.48,27.725362,3.606795,2.163133,10.02,9.99,10.01,9.96,9.53,9.74,9.69,2016-09-08,-
2020-06-23,300543,朗科智能,消费电子,10.14,10.2,9.97,10.01,9.97,3128460,42545073.17,1.9871,-1.239,2.19,否,0.81,-0.1,3.516,-2.91,-1.185,否,206443580,157439709,2797310509.0,2133308056.95,27.381826,3.562104,2.136331,10.05,9.96,10.02,9.95,9.55,9.74,9.7,2016-09-08,-
2020-06-24,300543,朗科智能,消费电子,10.08,10.23,10.02,10.1,10.02,4824306,66142137.27,3.0642,0.886,2.14,否,1.25,-0.493,2.227,0.198,1.917,否,206443580,157439709,2822083738.6,2152200822.03,27.624322,3.593651,2.15525,10.08,9.96,10.05,9.96,9.57,9.75,9.71,2016-09-08,-
2020-06-29,300543,朗科智能,消费电子,9.99,10.08,9.72,9.77,9.72,4179010,55742949.94,2.6544,-3.292,3.58,否,0.99,-3.649,-1.611,-1.413,2.411,否,206443580,157439709,2729184127.6,2081352952.98,26.714962,3.475352,2.084302,10.03,9.94,10.05,9.95,9.58,9.75,9.71,2016-09-08,-
2020-06-30,300543,朗科智能,消费电子,9.83,10.71,9.83,10.42,9.83,12803829,179723625.27,8.1325,6.732,9.08,否,2.95,4.096,3.992,6.653,7.645,否,206443580,157439709,2912918913.8,2221474293.99,28.513473,3.70932,2.224622,10.09,10.01,10.1,9.97,9.61,9.75,9.72,2016-09-08,-
2020-07-01,300543,朗科智能,消费电子,10.45,10.49,10.03,10.22,10.03,8678812,120333561.33,5.5125,-1.984,4.39,否,1.5,1.188,0.69,5.688,8.608,否,206443580,157439709,2855114711.4,2177391175.47,27.94765,3.635712,2.180476,10.1,10.06,10.1,9.98,9.64,9.75,9.73,2016-09-08,-
2020-07-02,300543,朗科智能,消费电子,10.31,10.42,10.12,10.37,10.12,9232018,128829402.48,5.8638,1.446,2.96,否,1.37,6.141,2.268,4.96,7.018,否,206443580,157439709,2896403427.4,2208879117.27,28.351809,3.688289,2.212009,10.18,10.11,10.09,9.99,9.67,9.76,9.73,2016-09-08,-
2020-07-03,300543,朗科智能,消费电子,10.4,10.51,10.25,10.44,10.25,6842090,96134169.46,4.3458,0.713,2.49,否,0.86,0.192,4.296,5.136,9.091,否,206443580,157439709,2917047785.4,2224623088.17,28.553889,3.714578,2.227775,10.24,10.16,10.1,10.0,9.7,9.76,9.74,2016-09-08,-
2020-07-06,300543,朗科智能,消费电子,10.56,10.84,10.46,10.78,10.46,11314776,163497779.62,7.1867,3.256,3.61,否,1.36,5.479,6.733,7.585,9.776,否,206443580,157439709,3012011832.2,2297045354.31,29.483457,3.835506,2.3003,10.45,10.24,10.13,10.05,9.74,9.76,9.75,2016-09-08,-
2020-07-07,300543,朗科智能,消费电子,10.73,11.27,10.71,10.93,10.71,10900845,161658854.99,6.9238,1.439,5.14,否,1.12,5.4,11.873,7.685,16.525,否,206443580,157439709,3055364984.0,2330107693.2,29.907825,3.890712,2.333409,10.55,10.32,10.16,10.09,9.78,9.77,9.76,2016-09-08,-
2020-07-08,300543,朗科智能,消费电子,10.9,11.25,10.77,11.16,10.77,8126304,121515147.04,5.1615,2.027,4.39,否,0.87,6.897,7.102,10.059,8.14,否,206443580,157439709,3117298058.0,2377339605.9,30.514064,3.969577,2.380708,10.74,10.42,10.2,10.15,9.82,9.78,9.77,2016-09-08,-
2020-07-09,300543,朗科智能,消费电子,11.19,11.57,11.13,11.47,11.13,9793814,150352413.42,6.2207,2.848,3.97,否,1.06,6.401,12.231,14.585,10.395,否,206443580,157439709,3206068797.4,2445038680.77,31.383008,4.082618,2.448503,10.96,10.57,10.26,10.2,9.86,9.79,9.78,2016-09-08,-
2020-07-10,300543,朗科智能,消费电子,11.47,11.58,11.12,11.16,11.12,7784450,119031836.9,4.9444,-2.769,4.06,否,0.83,2.104,7.618,10.495,8.878,否,206443580,157439709,3117298058.0,2377339605.9,30.514064,3.969577,2.380708,11.1,10.67,10.32,10.26,9.91,9.8,9.78,2016-09-08,-
2020-07-13,300543,朗科智能,消费电子,11.1,11.64,11.1,11.58,11.1,8654643,134325244.91,5.4971,3.841,4.77,否,0.9,3.763,10.92,18.526,11.992,否,206443580,157439709,3237035334.4,2468654637.12,31.686128,4.122051,2.472153,11.26,10.85,10.4,10.32,9.96,9.81,9.79,2016-09-08,-
2020-07-14,300543,朗科智能,消费电子,11.48,11.78,11.27,11.5,11.27,6685520,103901386.6,4.2464,-0.702,4.4,否,0.74,0.262,6.679,10.365,12.086,否,206443580,157439709,3214326540.6,2451336269.13,31.46384,4.093134,2.45481,11.37,10.96,10.49,10.39,10.01,9.82,9.8,2016-09-08,-
2020-07-15,300543,朗科智能,消费电子,11.52,11.57,11.01,11.06,11.01,6925718,105248917.48,4.399,-3.854,4.88,否,0.84,-0.896,1.189,8.219,7.588,否,206443580,157439709,3090460392.6,2356872443.73,30.25136,3.935402,2.360212,11.35,11.05,10.55,10.41,10.05,9.82,9.8,2016-09-08,-
2020-07-16,300543,朗科智能,消费电子,11.15,12.17,10.79,10.82,10.79,17594206,275087479.62,11.1752,-2.204,12.49,否,2.21,-6.563,-3.047,4.339,4.947,否,206443580,157439709,3022334011.2,2304917339.76,29.584497,3.84865,2.308183,11.22,11.09,10.6,10.43,10.08,9.82,9.81,2016-09-08,-
2020-07-17,300543,朗科智能,消费电子,10.63,11.72,10.55,10.94,10.55,12283382,184663631.79,7.802,1.161,10.86,否,1.29,-4.87,-4.621,4.789,8.532,否,206443580,157439709,3057429419.8,2331682090.29,29.928033,3.89334,2.334986,11.18,11.14,10.65,10.45,10.12,9.82,9.82,2016-09-08,-
2020-07-20,300543,朗科智能,消费电子,11.0,11.97,10.97,11.82,10.97,13912083,217536215.51,8.8365,8.035,9.12,否,1.33,6.872,5.914,9.647,19.273,否,206443580,157439709,3303097280.0,2519035344.0,32.332783,4.206175,2.522605,11.23,11.24,10.74,10.5,10.16,9.84,9.84,2016-09-08,-
2020-07-21,300543,朗科智能,消费电子,11.81,12.09,11.62,11.78,11.62,12354735,197714796.85,7.8473,-0.313,4.0,否,1.08,8.872,1.727,7.777,20.573,否,206443580,157439709,3292775101.0,2511163358.55,32.231743,4.19303,2.514722,11.28,11.33,10.82,10.55,10.19,9.85,9.85,2016-09-08,-
2020-07-22,300543,朗科智能,消费电子,11.76,11.95,11.49,11.73,11.49,9529510,151512936.8,6.0528,-0.439,3.95,否,0.76,7.221,2.0,5.108,21.303,否,206443580,157439709,3278324050.4,2500142578.92,32.090287,4.174628,2.503685,11.42,11.39,10.9,10.6,10.22,9.86,9.86,2016-09-08,-
2020-07-23,300543,朗科智能,消费电子,11.58,11.71,11.03,11.44,11.03,9836507,151018090.59,6.2478,-2.456,5.79,否,0.75,-3.215,3.436,-0.262,15.789,否,206443580,157439709,3197811054.2,2438741092.41,31.302176,4.072103,2.442197,11.54,11.38,10.97,10.64,10.25,9.87,9.87,2016-09-08,-
2020-07-24,300543,朗科智能,消费电子,11.29,11.43,10.65,10.68,10.65,8443582,126395689.2,5.3631,-6.714,6.84,否,0.73,-9.338,-1.294,-4.301,7.553,否,206443580,157439709,2983109731.0,2275003795.05,29.200545,3.798702,2.278227,11.49,11.34,11.0,10.66,10.27,9.87,9.88,2016-09-08,-
2020-07-27,300543,朗科智能,消费电子,10.71,10.74,10.2,10.31,10.2,5966110,84123758.0,3.7895,-3.46,5.05,否,0.55,-12.106,-5.759,-10.967,2.894,否,206443580,157439709,2879887941.0,2196283940.55,28.190145,3.667259,2.199396,11.19,11.21,11.03,10.67,10.28,9.88,9.88,2016-09-08,-
2020-07-28,300543,朗科智能,消费电子,10.27,10.53,10.27,10.39,10.27,3962160,55672244.7,2.5166,0.789,2.51,否,0.43,-9.178,-12.098,-9.652,2.365,否,206443580,157439709,2902596734.8,2213602308.54,28.412433,3.696176,2.216739,10.91,11.1,11.03,10.69,10.3,9.89,9.88,2016-09-08,-
2020-07-29,300543,朗科智能,消费电子,10.45,10.68,10.28,10.65,10.28,4549563,64718915.76,2.8897,2.561,3.84,否,0.6,-0.281,-9.593,-3.707,5.03,否,206443580,157439709,2976916423.6,2270280603.78,29.139921,3.790815,2.273497,10.69,11.06,11.05,10.72,10.32,9.91,9.89,2016-09-08,-
2020-07-30,300543,朗科智能,消费电子,10.65,10.87,10.56,10.61,10.56,4855492,70243417.06,3.084,-0.416,2.84,否,0.74,2.91,-9.548,-1.941,5.994,否,206443580,157439709,2964529808.8,2260834221.24,29.018673,3.775042,2.264038,10.53,11.04,11.06,10.75,10.34,9.93,9.89,2016-09-08,-
2020-07-31,300543,朗科智能,消费电子,10.54,10.82,10.53,10.7,10.53,4189920,60491990.6,2.6613,0.836,2.79,否,0.75,2.984,-6.469,-2.194,5.941,否,206443580,157439709,2989303038.4,2279726986.32,29.261169,3.806588,2.282957,10.53,11.01,11.08,10.77,10.35,9.94,9.9,2016-09-08,-
2020-08-03,300543,朗科智能,消费电子,10.78,10.99,10.75,10.98,10.75,5293913,78051719.83,3.3625,2.624,2.21,否,1.13,3.099,2.809,-7.107,12.385,否,206443580,157439709,3067751598.8,2339554075.74,30.029072,3.906485,2.342869,10.67,10.93,11.09,10.8,10.38,9.95,9.91,2016-09-08,-
2020-08-04,300543,朗科智能,消费电子,11.03,11.04,10.73,10.87,10.73,4466080,65656364.9,2.8367,-0.942,2.83,否,0.98,2.451,5.432,-7.725,4.319,否,206443580,157439709,3038849497.6,2317512516.48,29.746161,3.869681,2.320796,10.76,10.84,11.08,10.83,10.39,9.97,9.91,2016-09-08,-
2020-08-05,300543,朗科智能,消费电子,10.86,10.93,10.68,10.84,10.68,4217610,61634836.3,2.6789,-0.34,2.38,否,0.9,1.308,4.331,-7.587,6.067,否,206443580,157439709,3028527318.6,2309640531.03,29.645121,3.856536,2.312913,10.8,10.75,11.07,10.85,10.4,9.98,9.92,2016-09-08,-
2020-08-06,300543,朗科智能,消费电子,10.85,10.87,10.49,10.74,10.49,5374700,77457984.3,3.4138,-0.886,3.48,否,1.17,-2.186,0.845,-6.119,3.568,否,206443580,157439709,3001689653.2,2289173368.86,29.382417,3.822361,2.292417,10.83,10.68,11.03,10.88,10.41,10.0,9.92,2016-09-08,-
2020-08-07,300543,朗科智能,消费电子,10.7,10.73,10.25,10.4,10.25,4314483,60884476.33,2.7404,-3.164,4.47,否,0.92,-4.324,-1.979,-2.622,-0.383,否,206279700,157439709,2904418176.0,2216751102.72,28.452849,3.701434,2.219892,10.77,10.65,10.99,10.89,10.42,10.01,9.92,2016-09-08,-
2020-08-10,300543,朗科智能,消费电子,10.35,10.56,10.31,10.49,10.31,2978520,42170773.6,1.8918,0.852,2.41,否,0.63,-3.229,-1.963,1.746,-2.69,否,206279700,157439709,2929171740.0,2235643867.8,28.672566,3.730017,2.237034,10.67,10.67,10.94,10.91,10.43,10.02,9.92,2016-09-08,-
2020-08-11,300543,朗科智能,消费电子,10.43,10.52,10.14,10.17,10.14,3754112,52498614.78,2.3845,-3.028,3.59,否,0.88,-5.307,-7.377,-2.117,-6.953,否,206279700,157439709,2840471469.0,2167944792.93,27.804312,3.617066,2.169293,10.53,10.65,10.87,10.9,10.43,10.02,9.92,2016-09-08,-
2020-08-12,300543,朗科智能,消费电子,10.1,10.18,9.77,10.05,9.77,3883345,52304734.1,2.4666,-1.235,3.99,否,0.94,-3.365,-7.544,-5.634,-9.946,否,206279700,157439709,2805403920.0,2141180042.4,27.461049,3.57241,2.142512,10.37,10.59,10.82,10.9,10.44,10.02,9.92,2016-09-08,-
2020-08-13,300543,朗科智能,消费电子,10.03,10.17,10.02,10.09,10.02,2510785,34336136.15,1.5948,0.441,1.54,否,0.62,-3.813,-6.919,-4.901,-12.031,否,206279700,157439709,2817780702.0,2150626424.94,27.582201,3.588171,2.151964,10.24,10.53,10.78,10.89,10.44,10.02,9.92,2016-09-08,-
2020-08-14,300543,朗科智能,消费电子,10.09,10.37,9.98,10.34,9.98,2518290,34753753.7,1.5995,2.416,3.81,否,0.72,1.672,-3.724,-3.364,-7.348,否,206279700,157439709,2885853003.0,2202581528.91,28.248535,3.674855,2.203952,10.23,10.5,10.75,10.88,10.44,10.02,9.93,2016-09-08,-
2020-08-17,300543,朗科智能,消费电子,10.34,10.48,10.21,10.45,10.21,2825920,39782453.0,1.7949,1.144,2.57,否,0.9,3.98,0.481,-4.827,-9.758,否,206279700,157439709,2918857755.0,2227771882.35,28.571606,3.716883,2.229158,10.22,10.44,10.69,10.87,10.46,10.02,9.93,2016-09-08,-
2020-08-18,300543,朗科智能,消费电子,10.45,10.49,10.32,10.38,10.32,2258750,31781413.4,1.4347,-0.707,1.63,否,0.73,2.874,-1.049,-4.508,-9.739,否,206279700,157439709,2898229785.0,2212027911.45,28.369687,3.690615,2.213404,10.26,10.4,10.62,10.85,10.47,10.02,9.93,2016-09-08,-
2020-08-19,300543,朗科智能,消费电子,10.39,10.42,10.11,10.11,10.11,2564362,35480944.94,1.6288,-2.562,3.06,否,0.92,-2.224,-0.59,-6.734,-8.59,否,206279700,157439709,2823969093.0,2155349616.21,27.642777,3.596051,2.15669,10.27,10.32,10.53,10.82,10.48,10.02,9.94,2016-09-08,-
2020-08-20,300543,朗科智能,消费电子,10.11,10.28,10.01,10.18,10.01,1786667,24634865.2,1.1348,0.657,2.7,否,0.7,-2.584,1.294,-5.214,-5.915,否,206279700,157439709,2842534266.0,2169519190.02,27.824504,3.619692,2.170869,10.29,10.27,10.47,10.78,10.49,10.02,9.94,2016-09-08,-
2020-08-21,300543,朗科智能,消费电子,10.25,10.44,10.21,10.28,10.21,2159148,30163650.92,1.3714,1.016,2.25,否,0.9,-0.963,1.883,-1.154,-6.033,否,206279700,157439709,2871413424.0,2191560749.28,28.107192,3.656467,2.192924,10.28,10.25,10.45,10.75,10.5,10.02,9.95,2016-09-08,-
2020-08-24,300543,朗科智能,消费电子,10.33,10.57,10.08,10.51,10.08,3628470,51079389.5,2.3047,2.155,4.74,否,1.56,3.956,1.644,0.191,-11.083,否,206279700,157439709,2933297334.0,2238792661.98,28.71295,3.73527,2.240185,10.29,10.26,10.46,10.71,10.51,10.03,9.95,2016-09-08,-
2020-08-25,300543,朗科智能,消费电子,10.46,10.85,10.44,10.85,10.44,6490170,94198907.11,4.1223,3.305,3.94,否,2.62,6.582,3.828,6.686,-7.895,否,206279700,157439709,3030248793.0,2312789325.21,29.661972,3.858729,2.314228,10.39,10.32,10.48,10.69,10.54,10.03,9.95,2016-09-08,-
2020-08-26,300543,朗科智能,消费电子,10.81,10.86,10.48,10.56,10.48,4223575,60767233.25,2.6827,-2.723,3.47,否,1.27,2.724,1.734,5.075,-9.974,否,206279700,157439709,2947736913.0,2249813441.61,28.854294,3.753658,2.251213,10.48,10.38,10.48,10.67,10.54,10.04,9.96,2016-09-08,-
2020-08-27,300543,朗科智能,消费电子,10.72,11.07,10.68,10.95,10.68,7133988,105221553.74,4.5313,3.709,3.71,否,1.95,4.186,8.309,8.523,-4.283,否,206279700,157439709,3057065154.0,2333256487.38,30.110473,3.953948,2.227493,10.63,10.46,10.5,10.68,10.55,10.05,9.96,2016-09-08,-
2020-08-28,300543,朗科智能,消费电子,10.86,10.96,10.68,10.87,10.68,4803960,70334200.2,3.0513,-0.675,2.56,否,1.02,0.184,6.778,5.126,1.779,否,206279700,157439709,3036437184.0,2317512516.48,29.907299,3.927268,2.212463,10.75,10.51,10.51,10.67,10.56,10.05,9.96,2016-09-08,-
2020-08-31,300543,朗科智能,消费电子,10.88,11.12,10.73,10.79,10.73,5394210,79878913.9,3.4262,-0.815,3.53,否,1.03,2.178,4.961,3.254,4.656,否,206279700,157439709,3011683620.0,2298619751.4,29.663489,3.895252,2.194427,10.8,10.55,10.5,10.64,10.57,10.05,9.96,2016-09-08,-
2020-09-01,300543,朗科智能,消费电子,10.84,11.11,10.63,11.08,10.63,5744674,84912624.17,3.6488,2.74,4.45,否,1.02,1.187,5.423,6.744,6.641,否,206279700,157439709,3094195500.0,2361595635.0,30.476187,4.001972,2.254548,10.85,10.62,10.51,10.62,10.58,10.06,9.96,2016-09-08,-
2020-09-02,300543,朗科智能,消费电子,11.09,11.54,10.99,11.45,10.99,9645112,147425875.44,6.1262,3.333,4.93,否,1.77,5.336,5.53,13.254,7.512,否,206279700,157439709,3197335350.0,2440315489.5,31.49206,4.135371,2.3297,11.03,10.75,10.54,10.61,10.6,10.07,9.97,2016-09-08,-
2020-09-03,300543,朗科智能,消费电子,11.36,11.36,11.08,11.24,11.08,5551883,84182339.39,3.5264,-1.871,2.45,否,0.85,4.171,6.439,10.413,5.938,否,206279700,157439709,3137514237.0,2394657973.89,30.902854,4.057999,2.286112,11.09,10.86,10.56,10.6,10.62,10.08,9.97,2016-09-08,-
2020-09-04,300543,朗科智能,消费电子,11.04,11.7,10.95,11.59,10.95,8249202,127859303.23,5.2396,3.156,6.71,否,1.32,4.603,5.845,12.743,8.318,否,206279700,157439709,3236528493.0,2470229034.21,31.878092,4.186062,2.358257,11.23,10.99,10.62,10.63,10.64,10.09,9.98,2016-09-08,-
2020-09-07,300543,朗科智能,消费电子,11.59,11.9,11.33,11.41,11.33,9736480,153687281.7,6.1843,-1.593,4.97,否,1.41,-0.349,4.968,8.563,3.916,否,206279700,157439709,3184958568.0,2430869106.96,31.370156,4.119363,2.320681,11.35,11.08,10.67,10.67,10.67,10.09,9.98,2016-09-08,-
2020-09-08,300543,朗科智能,消费电子,11.39,12.0,11.24,11.91,11.24,9570020,151097901.6,6.0785,4.404,6.61,否,1.23,5.961,10.38,9.77,9.568,否,206279700,157439709,3325228764.0,2537928109.08,32.751743,4.300785,2.422888,11.52,11.19,10.75,10.72,10.7,10.1,9.99,2016-09-08,-
2020-09-09,300543,朗科智能,消费电子,11.76,12.35,11.52,11.69,11.52,14468928,233282284.89,9.1901,-1.799,7.01,否,1.69,0.863,5.505,10.701,7.841,否,206279700,157439709,3265407651.0,2492270593.47,32.162536,4.223414,2.3793,11.57,11.3,10.84,10.75,10.74,10.11,9.99,2016-09-08,-
2020-09-10,300543,朗科智能,消费电子,11.74,11.77,10.34,10.48,10.34,11462935,170532278.8,7.2808,-10.423,12.19,否,1.2,-8.151,-8.472,-4.292,-2.421,否,206279700,157439709,2925046146.0,2232495073.62,28.810156,3.783197,2.131299,11.42,11.25,10.86,10.75,10.75,10.11,10.0,2016-09-08,-
2020-09-11,300543,朗科智能,消费电子,10.42,11.73,10.28,11.69,10.28,14613551,223503785.63,9.282,11.566,13.82,否,1.37,-1.847,4.004,7.544,12.404,否,206279700,157439709,3263344854.0,2490696196.38,32.142219,4.220746,2.377797,11.44,11.33,10.92,10.78,10.78,10.13,10.0,2016-09-08,-
2020-09-14,300543,朗科智能,消费电子,11.82,12.32,11.46,12.32,11.46,18093238,294479096.79,11.4922,5.373,7.4,否,1.51,5.389,6.299,14.18,17.445,否,206279700,157439709,3438682599.0,2624519949.03,33.869203,4.447524,2.505554,11.62,11.49,11.02,10.83,10.81,10.15,10.01,2016-09-08,-
2020-09-15,300543,朗科智能,消费电子,12.06,12.15,11.73,11.92,11.73,11435615,184579737.23,7.2635,-3.239,3.36,否,0.84,13.74,4.47,7.581,17.207,否,206279700,157439709,3327291561.0,2539502506.17,32.77206,4.303453,2.424391,11.62,11.57,11.09,10.86,10.84,10.18,10.02,2016-09-08,-
2020-09-16,300543,朗科智能,消费电子,11.87,12.2,11.6,12.03,11.6,9321400,149986158.3,5.9206,0.992,5.08,否,0.67,2.908,1.008,5.066,19.701,否,206279700,157439709,3360296313.0,2564692859.61,33.09714,4.346141,2.448439,11.69,11.63,11.19,10.9,10.88,10.2,10.02,2016-09-08,-
2020-09-17,300543,朗科智能,消费电子,11.97,12.12,11.69,11.81,11.69,7918740,127855417.7,5.0297,-1.842,3.56,否,0.61,-4.14,1.027,5.071,17.047,否,206279700,157439709,3298412403.0,2517460946.91,32.487616,4.266102,2.403348,11.95,11.69,11.27,10.94,10.91,10.23,10.03,2016-09-08,-
2020-09-18,300543,朗科智能,消费电子,11.75,11.85,11.32,11.55,11.32,8139027,126624179.35,5.1696,-2.251,4.5,否,0.66,-3.104,10.21,-0.345,11.702,否,206279700,157439709,3224151711.0,2460782651.67,31.756187,4.170054,2.349239,11.93,11.68,11.34,10.97,10.93,10.25,10.03,2016-09-08,-
2020-09-21,300543,朗科智能,消费电子,11.55,11.72,11.4,11.45,11.4,4749617,74333128.61,3.0168,-0.832,2.82,否,0.43,-4.821,-2.053,0.351,9.569,否,206279700,157439709,3197335350.0,2440315489.5,31.49206,4.135371,2.3297,11.75,11.69,11.38,11.01,10.96,10.27,10.03,2016-09-08,-
2020-09-22,300543,朗科智能,消费电子,11.27,11.44,11.08,11.1,11.08,4553550,69357054.9,2.8923,-3.032,3.16,否,0.55,-6.012,-9.903,-6.801,6.936,否,206279700,157439709,3100383891.0,2366318826.27,30.53714,4.009976,2.259057,11.59,11.6,11.39,11.04,10.97,10.29,10.03,2016-09-08,-
2020-09-23,300543,朗科智能,消费电子,11.11,11.38,11.02,11.21,11.02,3975505,60440052.75,2.5251,0.998,3.19,否,0.57,-2.944,-5.956,-4.106,10.88,否,206279700,157439709,3131325846.0,2389934782.62,30.841902,4.049995,2.281603,11.42,11.56,11.43,11.08,10.99,10.31,10.04,2016-09-08,-
2020-09-24,300543,朗科智能,消费电子,11.22,11.24,10.61,10.67,10.61,5473316,80402617.58,3.4765,-4.875,5.6,否,0.93,-6.812,-11.305,1.813,4.813,否,206279700,157439709,2978678868.0,2273429397.96,29.33841,3.852565,2.170378,11.2,11.58,11.41,11.1,10.99,10.33,10.04,2016-09-08,-
2020-09-25,300543,朗科智能,消费电子,10.7,10.81,10.56,10.79,10.56,2949320,42752121.3,1.8733,1.108,2.29,否,0.55,-2.793,-8.637,-7.699,4.961,否,206279700,157439709,3011683620.0,2298619751.4,29.663489,3.895252,2.194427,11.04,11.49,11.41,11.11,11.0,10.35,10.04,2016-09-08,-
2020-09-28,300543,朗科智能,消费电子,10.79,10.84,10.35,10.4,10.35,3366790,47822950.5,2.1385,-3.562,4.52,否,0.78,-7.226,-9.957,-15.584,-1.047,否,206279700,157439709,2904418176.0,2216751102.72,28.606981,3.756517,2.116269,10.83,11.29,11.39,11.11,10.99,10.37,10.04,2016-09-08,-
2020-09-29,300543,朗科智能,消费电子,10.44,10.76,10.44,10.56,10.44,2600760,37421367.2,1.6519,1.492,3.13,否,0.64,-1.031,-7.773,-11.409,-2.673,否,206279700,157439709,2947736913.0,2249813441.61,29.033648,3.812545,2.147833,10.73,11.16,11.36,11.12,10.98,10.38,10.04,2016-09-08,-
2020-09-30,300543,朗科智能,消费电子,10.56,10.75,10.51,10.57,10.51,1817120,26091846.1,1.1542,0.14,2.31,否,0.49,-2.039,-4.775,-12.136,0.095,否,206279700,157439709,2951862507.0,2252962235.79,29.074283,3.817881,2.150839,10.6,11.01,11.32,11.13,10.97,10.4,10.04,2016-09-08,-
2020-10-09,300543,朗科智能,消费电子,10.73,11.02,10.73,10.98,10.73,3037620,44819620.8,1.9294,3.844,2.73,否,0.94,5.577,-2.052,-7.028,0.274,否,206279700,157439709,3065316342.0,2339554075.74,30.191743,3.96462,2.233506,10.66,10.93,11.31,11.16,10.97,10.41,10.04,2016-09-08,-
2020-10-12,300543,朗科智能,消费电子,11.0,12.63,11.0,12.46,11.0,15638514,252668874.52,9.933,13.459,14.87,否,5.68,17.992,16.776,7.879,14.627,否,206279700,157439709,3477875742.0,2654433493.74,34.255235,4.498216,2.534112,10.99,11.02,11.35,11.23,10.99,10.45,10.05,2016-09-08,-
2020-10-13,300543,朗科智能,消费电子,12.41,12.83,12.23,12.57,12.23,15779834,267218784.66,10.0228,0.949,4.86,否,2.98,18.921,16.497,9.782,16.497,否,206279700,157439709,3510880494.0,2679623847.18,34.580314,4.540904,2.55816,11.43,11.13,11.41,11.3,11.0,10.48,10.06,2016-09-08,-
2020-10-14,300543,朗科智能,消费电子,12.71,13.23,12.28,12.8,12.28,19332604,332849702.94,12.2794,1.821,7.58,否,2.49,16.576,23.077,15.315,15.523,否,206279700,157439709,3574827201.0,2728430156.97,35.210155,4.623611,2.604754,11.88,11.3,11.45,11.36,11.03,10.52,10.07,2016-09-08,-
2020-10-15,300543,朗科智能,消费电子,12.78,13.46,12.47,12.97,12.47,15305216,266822043.17,9.7213,1.327,7.73,否,1.38,4.093,22.822,15.7,13.275,否,206279700,157439709,3622271532.0,2764641290.04,35.677457,4.684975,2.639324,12.36,11.48,11.52,11.44,11.06,10.55,10.09,2016-09-08,-
2020-10-16,300543,朗科智能,消费电子,12.72,13.66,12.33,13.59,12.33,17226131,304638667.7,10.9414,4.784,10.25,否,1.25,8.115,28.571,27.366,20.907,否,206279700,157439709,3795546480.0,2896890645.6,37.384123,4.909085,2.765579,12.88,11.77,11.67,11.53,11.1,10.59,10.1,2016-09-08,-
2020-10-19,300543,朗科智能,消费电子,13.8,13.8,12.71,12.77,12.71,14782139,262523890.58,9.3891,-6.033,8.04,否,0.89,-0.234,16.302,18.35,10.181,否,206279700,157439709,3566576013.0,2722132568.61,35.128885,4.612939,2.598742,12.94,11.97,11.73,11.6,11.13,10.63,10.12,2016-09-08,-
2020-10-20,300543,朗科智能,消费电子,12.75,13.22,12.57,13.0,12.57,10167560,178447793.66,6.4581,1.793,5.09,否,0.62,0.231,4.334,25.0,13.935,否,206279700,157439709,3630522720.0,2770938878.4,35.758727,4.695647,2.645336,13.03,12.23,11.76,11.67,11.15,10.65,10.13,2016-09-08,-
2020-10-21,300543,朗科智能,消费电子,13.02,13.21,12.49,12.75,12.49,9374190,162274724.3,5.9541,-1.932,5.51,否,0.61,-6.181,1.432,20.739,7.053,否,206279700,157439709,3560387622.0,2717409377.34,35.067933,4.604935,2.594233,13.02,12.45,11.8,11.72,11.17,10.68,10.14,2016-09-08,-
2020-10-22,300543,朗科智能,消费电子,12.62,12.88,12.49,12.51,12.49,7622040,130718918.6,4.8412,-1.854,3.07,否,0.57,-2.036,-2.266,18.354,7.015,否,206279700,157439709,3494378118.0,2667028670.46,34.417774,4.51956,2.546136,12.92,12.64,11.83,11.76,11.18,10.7,10.16,2016-09-08,-
2020-10-23,300543,朗科智能,消费电子,12.47,12.71,12.26,12.32,12.26,8892010,150543973.4,5.6479,-1.594,3.54,否,0.75,-5.231,-5.012,12.204,17.557,否,206279700,157439709,3438682599.0,2624519949.03,33.869203,4.447524,2.505554,12.67,12.77,11.85,11.8,11.2,10.72,10.17,2016-09-08,-
2020-10-26,300543,朗科智能,消费电子,12.35,13.28,12.13,13.09,12.13,12669735,221350959.14,8.0474,6.299,9.36,否,1.25,2.667,-3.679,5.056,11.976,否,206279700,157439709,3655276284.0,2789831643.48,36.002536,4.727662,2.663373,12.73,12.84,11.93,11.85,11.24,10.75,10.18,2016-09-08,-
2020-10-27,300543,朗科智能,消费电子,12.97,13.05,12.57,12.84,12.57,7613810,131774787.2,4.836,-1.919,3.67,否,0.78,2.638,0.548,2.148,4.221,否,206279700,157439709,3585141186.0,2736302142.42,35.311743,4.636951,2.61227,12.7,12.86,12.0,11.89,11.28,10.78,10.19,2016-09-08,-
2020-10-28,300543,朗科智能,消费电子,12.88,13.54,12.32,13.39,12.32,14333044,254341892.86,9.1038,4.258,9.49,否,1.55,8.685,3.0,4.609,12.332,否,206279700,157439709,3737788164.0,2852807527.08,36.815234,4.834382,2.723494,12.83,12.92,12.11,11.94,11.33,10.82,10.21,2016-09-08,-
2020-10-29,300543,朗科智能,消费电子,13.11,14.64,13.08,13.99,13.08,20909874,390929270.58,13.2812,4.47,11.7,否,2.04,6.875,9.725,7.864,16.293,否,206279700,157439709,3904874721.0,2980333691.37,38.460949,5.050488,2.84524,13.13,13.03,12.25,12.02,11.39,10.85,10.22,2016-09-08,-
2020-10-30,300543,朗科智能,消费电子,14.18,14.18,12.91,13.11,12.91,15626602,286646538.1,9.9255,-6.234,9.14,否,1.21,2.103,4.796,-3.532,11.008,否,206279700,157439709,3661464675.0,2794554834.75,32.002052,4.45746,2.502257,13.28,12.98,12.37,12.11,11.43,10.88,10.24,2016-09-08,-
2020-11-02,300543,朗科智能,消费电子,13.42,13.94,13.36,13.53,13.36,11133650,204663064.6,7.0717,3.211,4.45,否,0.78,1.046,9.821,5.951,17.143,否,206279700,157439709,3779044104.0,2884295468.88,33.029724,4.600601,2.582611,13.37,13.05,12.51,12.17,11.47,10.91,10.25,2016-09-08,-
2020-11-03,300543,朗科智能,消费电子,13.57,13.89,13.3,13.82,13.3,13114193,242301256.84,8.3297,2.074,4.37,否,0.94,-1.215,5.577,6.308,20.699,否,206279700,157439709,3857430390.0,2944122558.3,33.714838,4.696028,2.636181,13.57,13.14,12.68,12.22,11.52,10.95,10.27,2016-09-08,-
2020-11-04,300543,朗科智能,消费电子,13.82,14.76,13.47,14.38,13.47,18715301,359317626.17,11.8873,4.118,9.36,否,1.25,9.687,11.994,12.784,29.55,否,206279700,157439709,4016265759.0,3065351134.23,35.103096,4.889394,2.744729,13.77,13.3,12.87,12.3,11.58,10.99,10.28,2016-09-08,-
2020-11-05,300543,朗科智能,消费电子,14.26,14.32,13.95,14.31,13.95,11794410,225734192.2,7.4914,-0.514,2.62,否,0.74,5.765,6.871,14.388,27.654,否,206279700,157439709,3995637789.0,3049607163.33,34.922803,4.864281,2.730632,13.83,13.48,13.06,12.38,11.64,11.02,10.3,2016-09-08,-
2020-11-06,300543,朗科智能,消费电子,14.24,14.68,13.47,14.07,13.47,11373914,216983222.08,7.2243,-1.704,8.47,否,0.81,1.809,0.572,14.205,31.865,否,206279700,157439709,3927565488.0,2997652059.36,34.327835,4.78141,2.684111,14.02,13.65,13.21,12.45,11.69,11.05,10.32,2016-09-08,-
2020-11-09,300543,朗科智能,消费电子,13.3,13.85,12.57,13.7,12.57,18570543,332330629.58,11.7953,-2.574,9.14,否,1.4,-4.729,4.5,4.66,26.969,否,206279700,157439709,3826488435.0,2920506601.95,33.444398,4.658359,2.615035,14.06,13.71,13.28,12.52,11.75,11.08,10.33,2016-09-08,-
2020-11-10,300543,朗科智能,消费电子,13.53,13.58,12.66,12.77,12.66,12162454,214823230.1,7.7252,-6.846,6.74,否,0.83,-10.762,-5.617,-0.545,22.788,否,206279700,157439709,3564513216.0,2720558171.52,31.154674,4.339431,2.436,13.85,13.71,13.29,12.57,11.79,11.11,10.34,2016-09-08,-
2020-11-11,300543,朗科智能,消费电子,12.57,12.71,11.92,12.0,11.92,10334346,170957975.62,6.564,-6.019,6.19,否,0.71,-14.712,-13.169,-10.381,13.636,否,206279700,157439709,3349982328.0,2556820874.16,29.279624,4.078262,2.289389,13.37,13.57,13.25,12.6,11.82,11.13,10.35,2016-09-08,-
2020-11-12,300543,朗科智能,消费电子,11.95,12.18,11.86,12.14,11.86,5609900,91422986.4,3.5632,1.17,2.65,否,0.44,-11.387,-15.577,-13.224,14.853,否,206279700,157439709,3389175471.0,2586734418.87,29.622181,4.125975,2.316174,12.94,13.38,13.2,12.63,11.85,11.14,10.36,2016-09-08,-
2020-11-13,300543,朗科智能,消费电子,12.01,12.33,11.94,12.07,11.94,4899182,80496234.82,3.1118,-0.548,3.23,否,0.42,-5.482,-15.653,-7.933,9.927,否,206279700,157439709,3370610298.0,2572564845.06,29.459918,4.103374,2.303486,12.54,13.28,13.13,12.68,11.89,11.16,10.36,2016-09-08,-
2020-11-16,300543,朗科智能,消费电子,12.12,12.14,11.6,11.83,11.6,5545969,88730084.6,3.5226,-2.02,4.47,否,0.54,-1.417,-15.92,-12.565,-5.056,否,206279700,157439709,3302537997.0,2520609741.09,28.86495,4.020503,2.256965,12.16,13.11,13.08,12.71,11.91,11.18,10.37,2016-09-08,-
2020-11-17,300543,朗科智能,消费电子,11.79,11.88,11.38,11.75,11.38,5511990,86135931.5,3.501,-0.687,4.18,否,0.71,-3.213,-14.234,-14.978,-6.523,否,206279700,157439709,3279847230.0,2503291373.1,28.666627,3.992879,2.241458,11.96,12.9,13.02,12.75,11.93,11.2,10.38,2016-09-08,-
2020-11-18,300543,朗科智能,消费电子,11.76,11.92,11.63,11.89,11.63,3499870,55994796.8,2.223,1.258,2.45,否,0.55,-1.491,-6.891,-17.316,-7.109,否,206279700,157439709,3321103170.0,2534779314.9,29.027214,4.043104,2.269653,11.94,12.65,12.98,12.8,11.96,11.21,10.38,2016-09-08,-
2020-11-19,300543,朗科智能,消费电子,11.89,12.15,11.72,12.13,11.72,4400192,71351806.66,2.7948,1.988,3.6,否,0.88,2.536,1.083,-15.234,-6.476,否,206279700,157439709,3387112674.0,2585160021.78,29.604152,4.123464,2.314764,11.93,12.44,12.96,12.85,11.99,11.24,10.39,2016-09-08,-
2020-11-20,300543,朗科智能,消费电子,12.13,12.24,11.94,12.0,11.94,3259430,52957618.7,2.0703,-1.096,2.5,否,0.68,2.128,-1.153,-14.712,-11.7,否,206279700,157439709,3349982328.0,2556820874.16,29.279624,4.078262,2.289389,11.92,12.23,12.94,12.89,12.02,11.26,10.4,2016-09-08,-
2020-11-23,300543,朗科智能,消费电子,11.9,11.98,11.63,11.67,11.63,4185792,66432339.3,2.6587,-2.709,2.96,否,0.94,-1.85,-3.314,-14.818,-8.614,否,206279700,157439709,3259219260.0,2487547402.2,28.486334,3.967767,2.227361,11.89,12.03,12.87,12.86,12.04,11.27,10.41,2016-09-08,-
2020-11-24,300543,朗科智能,消费电子,11.67,11.86,11.52,11.55,11.52,3454790,54583952.5,2.1944,-1.076,2.91,否,0.83,-4.782,-2.367,-9.554,-11.154,否,206279700,157439709,3224151711.0,2460782651.67,28.179835,3.925076,2.203396,11.85,11.9,12.81,12.82,12.06,11.29,10.42,2016-09-08,-
2020-11-25,300543,朗科智能,消费电子,11.52,11.78,11.4,11.6,11.4,3988677,62524318.2,2.5335,0.448,3.33,否,1.06,-3.333,-1.277,-3.333,-9.02,否,206279700,157439709,3238591290.0,2471803431.3,28.306041,3.942655,2.213264,11.79,11.86,12.72,12.78,12.07,11.31,10.43,2016-09-08,-
2020-11-26,300543,朗科智能,消费电子,11.56,11.64,11.41,11.44,11.41,2506436,39038286.18,1.592,-1.338,1.97,否,0.65,-1.971,-3.785,-5.766,-8.553,否,206279700,157439709,3195272553.0,2438741092.41,27.927425,3.889918,2.18366,11.65,11.79,12.59,12.73,12.09,11.32,10.44,2016-09-08,-
2020-11-27,300543,朗科智能,消费电子,11.46,11.5,11.05,11.19,11.05,4521581,68648694.49,2.8719,-2.26,3.94,否,1.3,-3.117,-7.749,-7.291,-9.172,否,206279700,157439709,3123074658.0,2383637194.26,27.296398,3.802025,2.13432,11.49,11.71,12.49,12.65,12.09,11.32,10.45,2016-09-08,-
2020-11-30,300543,朗科智能,消费电子,11.22,11.27,10.97,11.1,10.97,3108137,46872702.24,1.9742,-0.727,2.71,否,0.83,-4.31,-7.5,-6.171,-15.202,否,206279700,157439709,3100383891.0,2366318826.27,27.098076,3.774401,2.118813,11.38,11.63,12.37,12.6,12.1,11.33,10.45,2016-09-08,-
2020-12-01,300543,朗科智能,消费电子,11.11,11.31,11.08,11.27,11.08,2619170,39806514.0,1.6636,1.53,2.06,否,0.74,-1.486,-3.428,-4.085,-12.227,否,206279700,157439709,3147828222.0,2402529959.34,27.51275,3.83216,2.151236,11.32,11.58,12.24,12.54,12.1,11.34,10.46,2016-09-08,-
2020-12-02,300543,朗科智能,消费电子,11.33,11.51,11.24,11.39,11.24,3333360,51198423.4,2.1172,1.049,2.42,否,1.0,1.787,-1.385,-4.205,-14.937,否,206279700,157439709,3180832974.0,2427720312.78,27.80122,3.87234,2.173792,11.28,11.53,12.09,12.5,12.11,11.35,10.47,2016-09-08,-
2020-12-03,300543,朗科智能,消费电子,11.38,11.41,11.24,11.34,11.24,1994720,30564542.1,1.267,-0.454,1.43,否,0.62,2.162,-2.241,-6.513,-18.942,否,206279700,157439709,3166393395.0,2416699533.15,27.675014,3.854761,2.163924,11.26,11.46,11.95,12.46,12.11,11.36,10.47,2016-09-08,-
2020-12-04,300543,朗科智能,消费电子,11.29,11.38,11.1,11.23,11.1,1820183,27723154.87,1.1561,-0.977,2.41,否,0.58,-0.355,-1.836,-6.417,-14.34,否,206279700,157439709,3135451440.0,2393083576.8,27.404574,3.817092,2.142778,11.27,11.38,11.8,12.42,12.11,11.36,10.48,2016-09-08,-
2020-12-07,300543,朗科智能,消费电子,11.23,11.6,11.18,11.6,11.18,4004480,62075347.6,2.5435,3.29,3.75,否,1.56,1.844,3.664,-0.6,-14.265,否,206279700,157439709,3238591290.0,2471803431.3,28.306041,3.942655,2.213264,11.37,11.37,11.7,12.37,12.11,11.38,10.49,2016-09-08,-
2020-12-08,300543,朗科智能,消费电子,11.56,11.58,11.43,11.58,11.43,2896940,45078736.7,1.84,-0.191,1.34,否,1.05,2.116,4.324,0.26,-16.208,否,206279700,157439709,3232402899.0,2467080240.03,28.251953,3.935121,2.209035,11.43,11.37,11.64,12.33,12.11,11.39,10.51,2016-09-08,-
2020-12-09,300543,朗科智能,消费电子,11.57,12.02,11.5,11.68,11.5,7374650,117986458.6,4.6841,0.893,4.53,否,2.62,4.007,3.638,0.69,-18.776,否,206279700,157439709,3261282057.0,2489121799.29,28.504363,3.970278,2.228771,11.49,11.38,11.62,12.27,12.11,11.41,10.52,2016-09-08,-
2020-12-10,300543,朗科智能,消费电子,11.52,11.78,11.34,11.77,11.34,3762010,59027223.9,2.3895,0.759,3.73,否,1.04,1.466,3.336,2.885,-17.75,否,206279700,157439709,3286035621.0,2508014564.37,28.720715,4.000413,2.245688,11.57,11.42,11.6,12.2,12.11,11.42,10.53,2016-09-08,-
2020-12-11,300543,朗科智能,消费电子,11.89,11.89,10.99,11.15,10.99,4971160,76305560.6,3.1575,-5.273,7.6,否,1.25,-3.713,-1.675,-0.357,-20.753,否,206279700,157439709,3112760673.0,2375765208.81,27.206252,3.789469,2.127271,11.56,11.41,11.56,12.13,12.12,11.43,10.54,2016-09-08,-
2020-12-14,300543,朗科智能,消费电子,11.07,11.08,10.61,10.75,10.61,4376602,63706401.94,2.7799,-3.579,4.24,否,0.95,-7.962,-4.274,-3.153,-21.533,否,206279700,157439709,3001369635.0,2290747765.95,26.232668,3.653861,2.051146,11.39,11.38,11.5,12.04,12.1,11.44,10.54,2016-09-08,-
2020-12-15,300543,朗科智能,消费电子,10.74,10.85,10.63,10.78,10.63,2160280,31444140.7,1.3721,0.275,1.99,否,0.46,-8.411,-7.069,-4.348,-15.583,否,206279700,157439709,3009620823.0,2297045354.31,26.304786,3.663906,2.056785,11.23,11.33,11.46,11.94,12.08,11.45,10.55,2016-09-08,-
2020-12-16,300543,朗科智能,消费电子,10.79,10.82,10.35,10.4,10.35,3418760,48901153.5,2.1715,-3.496,4.32,否,0.75,-6.726,-10.19,-8.692,-13.333,否,206279700,157439709,2904418176.0,2216751102.72,25.38529,3.535833,1.984889,10.97,11.23,11.38,11.81,12.05,11.45,10.55,2016-09-08,-
2020-12-17,300543,朗科智能,消费电子,10.37,10.9,10.27,10.79,10.27,3845480,55197421.7,2.4425,3.693,6.04,否,1.03,0.372,-7.62,-4.85,-11.12,否,206279700,157439709,3011683620.0,2298619751.4,26.322815,3.666418,2.058195,10.77,11.17,11.31,11.69,12.03,11.45,10.56,2016-09-08,-
2020-12-18,300543,朗科智能,消费电子,10.71,10.87,10.53,10.65,10.53,2175240,31443115.2,1.3816,-1.301,3.22,否,0.58,-1.206,-9.516,-5.165,-11.765,否,206279700,157439709,2972490477.0,2268706206.69,25.980258,3.618704,2.03141,10.67,11.12,11.25,11.57,12.01,11.46,10.56,2016-09-08,-
2020-12-21,300543,朗科智能,消费电子,10.62,10.84,10.49,10.76,10.49,2704860,39350848.2,1.718,1.11,3.26,否,0.85,3.462,-3.498,-7.241,-9.045,否,206279700,157439709,3005495229.0,2293896560.13,26.268727,3.658884,2.053965,10.68,11.03,11.2,11.48,12.0,11.46,10.57,2016-09-08,-
2020-12-22,300543,朗科智能,消费电子,10.65,10.9,10.49,10.51,10.49,2909380,42228301.1,1.8479,-2.334,3.84,否,1.02,-2.595,-2.233,-9.24,-10.553,否,206279700,157439709,2935360131.0,2240367059.07,25.65573,3.573502,2.006035,10.62,10.92,11.15,11.4,11.98,11.47,10.57,2016-09-08,-
2020-12-23,300543,朗科智能,消费电子,10.51,10.65,10.43,10.5,10.43,2383060,34003293.0,1.5136,-0.141,2.04,否,0.79,-1.408,-2.597,-10.103,-11.69,否,206279700,157439709,2931234537.0,2237218264.89,25.619671,3.568479,2.003215,10.64,10.81,11.09,11.35,11.97,11.47,10.58,2016-09-08,-
2020-12-24,300543,朗科智能,消费电子,10.52,10.54,9.98,10.11,9.98,4665440,64253637.9,2.9633,-3.659,5.28,否,1.66,-6.041,-2.788,-14.104,-16.653,否,206279700,157439709,2823969093.0,2155349616.21,24.682146,3.437894,1.92991,10.51,10.64,11.03,11.28,11.96,11.47,10.58,2016-09-08,-
2020-12-25,300543,朗科智能,消费电子,10.1,10.25,9.95,10.04,9.95,2790850,38172305.7,1.7726,-0.731,2.99,否,0.94,-4.472,-6.951,-9.955,-16.333,否,206279700,157439709,2803341123.0,2139605645.31,24.501853,3.412782,1.915813,10.38,10.53,10.97,11.22,11.95,11.47,10.58,2016-09-08,-
2020-12-28,300543,朗科智能,消费电子,10.04,10.04,9.66,9.8,9.66,3294450,43600598.9,2.0925,-2.428,3.75,否,1.07,-6.667,-7.981,-8.837,-16.024,否,206279700,157292623,2735268822.0,2085700180.98,23.906885,3.329911,1.869292,10.19,10.43,10.91,11.15,11.93,11.46,10.58,2016-09-08,-
2020-12-29,300543,朗科智能,消费电子,9.78,10.01,9.71,9.93,9.71,1875634,25159215.56,1.1924,1.358,3.02,否,0.58,-1.78,-7.714,-7.885,-14.026,否,206279700,157292623,2772399168.0,2114012853.12,24.231413,3.375113,1.894667,10.08,10.35,10.84,11.09,11.92,11.46,10.58,2016-09-08,-
2020-12-30,300543,朗科智能,消费电子,9.83,10.11,9.83,10.08,9.83,1911320,25865224.3,1.2151,1.488,2.75,否,0.64,0.398,-4.091,-3.077,-13.103,否,206279700,157292623,2813655108.0,2145471377.72,24.592,3.425338,1.922861,9.99,10.32,10.77,11.03,11.91,11.45,10.58,2016-09-08,-
2020-12-31,300543,朗科智能,消费电子,10.08,10.29,10.02,10.13,10.02,2215940,30439976.4,1.4027,0.513,2.71,否,0.76,3.367,-3.524,-6.117,-11.451,否,206279700,157976533,2828094687.0,2165858267.43,24.718205,3.442917,1.932729,10.0,10.25,10.71,10.96,11.91,11.44,10.58,2016-09-08,-
2021-01-04,300543,朗科智能,消费电子,10.11,10.45,10.02,10.31,10.02,2690346,37433965.34,1.703,1.824,4.3,否,1.11,3.827,1.978,-3.192,-7.864,否,206279700,157976533,2879664612.0,2205352400.68,25.168938,3.505698,1.967972,10.05,10.22,10.67,10.9,11.89,11.43,10.59,2016-09-08,-
2021-01-05,300543,朗科智能,消费电子,10.29,10.45,10.14,10.24,10.14,2597030,36145044.7,1.6439,-0.716,3.01,否,1.08,1.587,1.992,-4.833,-7.748,否,206279700,157976533,2859036642.0,2189554747.38,24.988645,3.480585,1.953875,10.14,10.17,10.6,10.86,11.86,11.42,10.59,2016-09-08,-
2021-01-06,300543,朗科智能,消费电子,10.2,10.23,9.69,9.74,9.69,3799964,50754399.58,2.4054,-4.906,5.27,否,1.68,-3.85,-0.612,-7.326,-13.576,否,206279700,157976533,2718766446.0,2082130704.94,23.762651,3.309821,1.858014,10.1,10.09,10.51,10.8,11.81,11.41,10.59,2016-09-08,-
2021-01-07,300543,朗科智能,消费电子,9.71,9.82,8.88,9.05,8.88,5781040,72102223.9,3.6594,-7.056,9.64,否,2.19,-12.221,-8.862,-13.81,-20.544,否,206279700,157976533,2526926325.0,1935212529.25,22.085923,3.076275,1.72691,9.89,9.94,10.37,10.71,11.75,11.39,10.58,2016-09-08,-
2021-01-08,300543,朗科智能,消费电子,8.95,9.32,8.67,9.07,8.67,4184340,51320091.7,2.6487,0.245,7.18,否,1.22,-11.426,-10.02,-10.287,-20.018,否,206279700,157976533,2533114716.0,1939951825.24,22.140011,3.083809,1.731139,9.68,9.84,10.24,10.63,11.68,11.37,10.58,2016-09-08,-
2021-01-11,300543,朗科智能,消费电子,9.05,9.15,8.58,8.63,8.58,4432750,52765548.5,2.806,-4.886,6.35,否,1.16,-11.396,-14.808,-14.044,-23.152,否,206279700,157976533,2409346896.0,1845165905.44,21.058252,2.933134,1.646556,9.35,9.7,10.11,10.55,11.6,11.35,10.58,2016-09-08,-
2021-01-12,300543,朗科智能,消费电子,8.63,8.94,8.6,8.71,8.6,2705644,32031844.64,1.7127,0.942,3.94,否,0.65,-3.757,-15.519,-11.122,-24.914,否,206279700,157976533,2432037663.0,1862543324.07,21.256575,2.960758,1.662063,9.04,9.59,10.01,10.47,11.53,11.33,10.57,2016-09-08,-
2021-01-13,300543,朗科智能,消费电子,9.68,10.45,9.68,10.45,9.68,15734946,217705936.5,9.9603,20.017,8.91,否,3.76,15.215,2.051,5.237,-9.758,是,206279700,157976533,2918857755.0,2235367941.95,25.511495,3.553412,1.994757,9.18,9.64,10.0,10.44,11.49,11.32,10.57,2016-09-08,-
2021-01-14,300543,朗科智能,消费电子,10.45,11.4,10.12,10.9,10.12,21968961,319844438.09,13.9065,4.24,12.23,否,3.34,26.304,11.91,8.135,-6.678,否,206279700,157976533,3042625575.0,2330153861.75,26.593255,3.704086,2.07934,9.55,9.72,10.02,10.42,11.46,11.31,10.57,2016-09-08,-
2021-01-15,300543,朗科智能,消费电子,10.7,11.27,10.36,11.0,10.36,15056462,219752508.88,9.5308,0.949,8.41,否,1.54,26.292,21.547,8.588,-6.542,否,206279700,157976533,3071504733.0,2352270576.37,26.845665,3.739244,2.099076,9.94,9.81,10.03,10.41,11.43,11.31,10.58,2016-09-08,-
2021-01-18,300543,朗科智能,消费电子,10.71,10.97,10.56,10.91,10.56,10126605,147994340.8,6.4102,-0.806,3.69,否,0.85,4.402,20.287,5.82,-2.152,否,206279700,157976533,3046751169.0,2333313392.41,26.629313,3.709109,2.08216,10.39,9.87,10.04,10.4,11.41,11.3,10.58,2016-09-08,-
2021-01-19,300543,朗科智能,消费电子,10.71,11.19,10.62,11.08,10.62,11420243,169842084.87,7.2291,1.557,5.21,否,0.87,1.651,28.389,8.203,3.07,否,206279700,157976533,3094195500.0,2369647995.0,27.043988,3.766867,2.114583,10.87,9.95,10.06,10.38,11.38,11.31,10.58,2016-09-08,-
2021-01-20,300543,朗科智能,消费电子,11.02,11.69,11.02,11.23,11.02,11585341,177873699.99,7.3336,1.333,6.07,否,0.78,2.091,28.932,15.298,4.174,否,206279700,157976533,3135451440.0,2401243301.6,27.404574,3.817092,2.142778,11.02,10.1,10.1,10.37,11.35,11.32,10.59,2016-09-08,-
2021-01-21,300543,朗科智能,消费电子,11.16,11.16,10.76,10.89,10.76,10351276,153319226.79,6.5524,-3.026,3.62,否,0.74,-0.183,4.211,20.331,4.712,否,206279700,157976533,3040562778.0,2328574096.42,26.575225,3.701575,2.077931,11.02,10.29,10.12,10.35,11.31,11.32,10.59,2016-09-08,-
2021-01-22,300543,朗科智能,消费电子,11.14,11.23,10.61,10.68,10.61,7497120,110336851.6,4.7457,-1.9,5.7,否,0.64,-3.61,-2.018,17.751,-1.019,否,206279700,157976533,2982804462.0,2284340667.18,26.070404,3.63126,2.038458,10.96,10.45,10.14,10.31,11.25,11.32,10.59,2016-09-08,-
2021-01-25,300543,朗科智能,消费电子,10.65,10.76,10.37,10.39,10.37,5931240,84149303.7,3.7545,-2.697,3.67,否,0.58,-7.48,-5.545,20.394,-2.441,否,206279700,157976533,2902355379.0,2222729819.31,25.367261,3.533322,1.983479,10.85,10.62,10.16,10.28,11.21,11.32,10.59,2016-09-08,-
2021-01-26,300543,朗科智能,消费电子,10.39,10.86,10.25,10.45,10.25,5606620,80001529.1,3.549,0.498,5.83,否,0.6,-4.04,-4.216,19.977,-2.881,否,206279700,157976533,2916794958.0,2233788176.62,25.493466,3.5509,1.993347,10.73,10.8,10.19,10.27,11.16,11.32,10.59,2016-09-08,-
2021-01-27,300543,朗科智能,消费电子,10.42,10.68,10.28,10.62,10.28,4936250,70446484.3,3.1247,1.627,3.75,否,0.6,-0.562,-4.152,1.627,1.047,否,206279700,157976533,2964239289.0,2270122779.21,25.90814,3.608659,2.025771,10.61,10.82,10.23,10.27,11.1,11.31,10.59,2016-09-08,-
2021-01-28,300543,朗科智能,消费电子,10.41,11.14,10.32,11.1,10.32,10787580,159014130.1,6.8286,4.593,7.72,否,1.57,6.833,-1.158,1.835,5.714,否,206279700,157976533,3100383891.0,2374387290.99,27.098076,3.774401,2.118813,10.65,10.84,10.28,10.29,11.05,11.31,10.59,2016-09-08,-
2021-01-29,300543,朗科智能,消费电子,10.96,11.02,10.2,10.58,10.2,8711662,125294455.74,5.5145,-4.724,7.39,否,1.25,1.244,-2.847,-3.818,4.649,否,206279700,157976533,2953925304.0,2262223952.56,25.817994,3.596103,2.018722,10.63,10.79,10.3,10.28,10.99,11.31,10.59,2016-09-08,-
2021-02-01,300543,朗科智能,消费电子,10.47,10.98,10.34,10.93,10.34,7178570,103502188.2,4.5441,3.282,6.08,否,1.0,2.919,2.341,0.183,8.865,否,206279700,157976533,3050876763.0,2336472923.07,26.665372,3.714131,2.084979,10.74,10.8,10.33,10.29,10.93,11.31,10.6,2016-09-08,-
2021-02-02,300543,朗科智能,消费电子,10.86,11.82,10.7,11.57,10.7,14519939,223091638.96,9.1912,5.882,10.21,否,1.95,4.234,11.357,4.422,18.061,否,206279700,157976533,3230340102.0,2473912506.78,28.233923,3.93261,2.207625,10.96,10.84,10.4,10.32,10.9,11.32,10.6,2016-09-08,-
2021-02-03,300543,朗科智能,消费电子,11.44,11.79,11.21,11.6,11.21,10839121,168670781.87,6.8612,0.255,5.04,否,1.17,9.641,11.005,3.295,16.818,否,206279700,157976533,3238591290.0,2480231568.1,28.306041,3.942655,2.213264,11.16,10.88,10.49,10.36,10.88,11.33,10.61,2016-09-08,-
2021-02-04,300543,朗科智能,消费电子,11.51,11.67,11.04,11.41,11.04,7917822,121388292.2,5.012,-1.592,5.41,否,0.76,4.392,7.439,4.775,13.194,否,206279700,157976533,3187021365.0,2440737434.85,27.855308,3.879873,2.178021,11.22,10.93,10.61,10.39,10.87,11.34,10.62,2016-09-08,-
2021-02-05,300543,朗科智能,消费电子,11.3,11.3,9.52,9.66,9.52,13337920,182844686.49,8.443,-15.405,15.66,否,1.36,-16.508,-12.973,-9.551,-4.64,否,206279700,157976533,2696075679.0,2064753286.31,23.564328,3.282197,1.842507,11.03,10.83,10.64,10.37,10.83,11.34,10.62,2016-09-08,-
2021-02-08,300543,朗科智能,消费电子,9.6,9.61,9.09,9.37,9.09,6001197,75577952.96,3.7988,-2.984,5.36,否,0.56,-19.224,-11.437,-9.817,-9.117,否,206279700,157976533,2615626596.0,2003142438.44,22.861184,3.184259,1.787528,10.72,10.73,10.68,10.35,10.78,11.33,10.63,2016-09-08,-
2021-02-09,300543,朗科智能,消费电子,9.43,9.97,9.38,9.63,9.38,5101044,67011989.24,3.229,2.839,6.39,否,0.48,-15.6,-11.894,-7.847,-5.957,否,206279700,157976533,2689887288.0,2060013990.32,23.51024,3.274663,1.838278,10.33,10.65,10.72,10.34,10.75,11.33,10.63,2016-09-08,-
2021-02-10,300543,朗科智能,消费电子,9.63,9.64,9.37,9.39,9.37,4469970,57254318.4,2.8295,-2.531,2.84,否,0.52,-2.795,-18.842,-11.582,-3.593,否,206279700,157976533,2621814987.0,2007881734.43,22.915272,3.191792,1.791757,9.89,10.52,10.67,10.33,10.71,11.32,10.63,2016-09-08,-
2021-02-18,300543,朗科智能,消费电子,9.52,10.32,9.52,9.93,9.52,6866411,92569268.52,4.3465,5.744,8.5,否,0.93,5.977,-14.397,-10.541,9.724,否,206279700,157976533,2772399168.0,2123204603.52,24.231413,3.375113,1.894667,9.6,10.41,10.62,10.32,10.67,11.32,10.63,2016-09-08,-
2021-02-19,300543,朗科智能,消费电子,9.94,10.21,9.86,10.18,9.86,4455930,60801527.2,2.8206,2.53,3.57,否,0.62,5.711,-10.78,-3.781,12.238,否,206279700,157976533,2842534266.0,2176916624.74,24.84441,3.460495,1.942597,9.7,10.37,10.58,10.32,10.64,11.32,10.64,2016-09-08,-
2021-02-22,300543,朗科智能,消费电子,10.18,10.51,10.15,10.17,10.15,6295173,88082104.92,3.9849,-0.073,3.48,否,1.17,8.307,5.28,-6.953,17.845,否,206279700,157976533,2840471469.0,2175336859.41,24.826381,3.457984,1.941188,9.86,10.29,10.54,10.32,10.61,11.32,10.64,2016-09-08,-
2021-02-23,300543,朗科智能,消费电子,10.09,10.17,9.79,9.98,9.79,4280226,57936345.18,2.7094,-1.888,3.7,否,0.79,0.504,6.51,-13.742,14.581,否,206279700,157976533,2786838747.0,2134262960.83,24.357618,3.392692,1.904535,9.93,10.13,10.49,10.31,10.58,11.31,10.64,2016-09-08,-
2021-02-24,300543,朗科智能,消费电子,9.98,10.37,9.96,10.13,9.96,4256841,58776180.32,2.6946,1.48,4.15,否,0.81,-0.491,5.192,-12.672,-3.062,否,206279700,157976533,2828094687.0,2165858267.43,24.718205,3.442917,1.932729,10.08,9.99,10.43,10.32,10.56,11.31,10.65,2016-09-08,-
2021-02-25,300543,朗科智能,消费电子,10.13,10.28,9.86,10.22,9.86,3961130,53892216.76,2.5074,0.875,4.16,否,0.76,0.492,8.839,-10.429,-6.239,否,206279700,157976533,2852848251.0,2184815451.39,24.934557,3.473052,1.949646,10.14,9.87,10.4,10.36,10.54,11.31,10.65,2016-09-08,-
2021-02-26,300543,朗科智能,消费电子,10.08,10.99,10.03,10.63,10.03,7706502,110212230.69,4.8783,4.049,9.4,否,1.66,6.513,7.049,10.041,-3.364,否,206279700,157976533,2968364883.0,2273282309.87,25.944199,3.613681,2.02859,10.23,9.96,10.4,10.41,10.52,11.31,10.65,2016-09-08,-
2021-03-01,300543,朗科智能,消费电子,10.65,11.3,10.53,11.23,10.53,10339448,153846400.5,6.5449,5.629,7.3,否,1.95,10.859,10.314,19.851,2.933,否,206279700,157976533,3135451440.0,2401243301.6,27.404574,3.817092,2.142778,10.44,10.15,10.44,10.5,10.52,11.31,10.66,2016-09-08,-
2021-03-02,300543,朗科智能,消费电子,11.11,11.34,10.93,11.02,10.93,7168256,107312857.52,4.5375,-1.908,3.62,否,1.17,7.828,8.358,14.434,-0.542,否,206279700,157976533,3075630327.0,2355430107.03,26.881724,3.744266,2.101896,10.65,10.29,10.47,10.58,10.52,11.31,10.66,2016-09-08,-
2021-03-03,300543,朗科智能,消费电子,10.9,11.3,10.86,11.16,10.86,6769982,101943756.16,4.2854,1.274,3.96,否,1.01,4.986,11.824,18.85,-0.623,否,206279700,157976533,3114823470.0,2385445648.3,27.224281,3.79198,2.128681,10.85,10.47,10.49,10.6,10.52,11.31,10.66,2016-09-08,-
2021-03-04,300543,朗科智能,消费电子,11.08,11.27,10.95,11.15,10.95,6498760,97848024.9,4.1138,-0.066,2.85,否,0.9,-0.712,10.069,12.286,2.388,否,206279700,157976533,3112760673.0,2383865882.97,27.206252,3.789469,2.127271,11.04,10.59,10.5,10.61,10.52,11.31,10.67,2016-09-08,-
2021-03-05,300543,朗科智能,消费电子,11.02,11.28,11.01,11.24,11.01,4945448,74875168.46,3.1305,0.862,2.45,否,0.64,1.996,9.98,10.413,5.243,否,206279700,157976533,3139577034.0,2404402832.26,27.440633,3.822115,2.145597,11.16,10.69,10.53,10.62,10.51,11.31,10.67,2016-09-08,-
2021-03-08,300543,朗科智能,消费电子,11.41,11.44,10.82,10.9,10.82,5205128,78282953.12,3.2949,-3.022,5.58,否,0.73,-2.33,2.54,7.178,4.909,否,206279700,157976533,3044688372.0,2331733627.08,26.611284,3.706597,2.08075,11.09,10.77,10.53,10.62,10.51,11.31,10.67,2016-09-08,-
2021-03-09,300543,朗科智能,消费电子,10.86,11.05,10.39,10.52,10.39,5293230,76830197.14,3.3506,-3.523,6.1,否,0.87,-5.65,-6.322,5.411,0.67,否,206279700,157976533,2937422928.0,2249585829.92,25.673759,3.576013,2.007445,10.99,10.82,10.48,10.6,10.49,11.3,10.67,2016-09-08,-
2021-03-10,300543,朗科智能,消费电子,10.72,10.88,10.42,10.58,10.42,4283050,61944012.9,2.7112,0.562,4.42,否,0.75,-5.872,-3.993,4.442,-0.377,否,206279700,157976533,2953925304.0,2262223952.56,25.817994,3.596103,2.018722,10.88,10.87,10.43,10.58,10.47,11.29,10.68,2016-09-08,-
2021-03-11,300543,朗科智能,消费电子,10.76,10.78,10.46,10.75,10.46,3535057,51063135.13,2.2377,1.606,3.0,否,0.67,-1.376,-3.674,5.186,-3.153,否,206279700,157976533,3001369635.0,2298558555.15,26.232668,3.653861,2.051146,10.8,10.92,10.39,10.57,10.46,11.28,10.68,2016-09-08,-
2021-03-12,300543,朗科智能,消费电子,10.75,10.85,10.47,10.56,10.47,2980828,42698955.26,1.8869,-1.787,3.51,否,0.64,0.38,-5.291,-0.659,-0.189,否,206279700,157976533,2947736913.0,2257484656.57,25.763906,3.588569,2.014493,10.66,10.91,10.44,10.57,10.44,11.27,10.68,2016-09-08,-
2021-03-15,300543,朗科智能,消费电子,10.45,10.45,10.0,10.26,10.0,4339535,59770888.3,2.7469,-2.799,4.27,否,1.02,-3.025,-8.719,-8.638,-6.13,否,206279700,157976533,2865225033.0,2194294043.37,25.042733,3.488119,1.958104,10.53,10.81,10.48,10.56,10.42,11.27,10.68,2016-09-08,-
2021-03-16,300543,朗科智能,消费电子,10.2,10.74,10.2,10.54,10.2,4275720,60985125.4,2.7066,2.736,5.33,否,1.05,-1.953,-3.303,-4.356,-8.902,否,206279700,157976533,2943611319.0,2254325125.91,25.727847,3.583546,2.011674,10.54,10.77,10.53,10.57,10.42,11.26,10.68,2016-09-08,-
2021-03-17,300543,朗科智能,消费电子,10.55,10.59,10.37,10.48,10.37,2922390,41426557.6,1.8499,-0.561,2.17,否,0.75,-0.758,-0.38,-6.093,-9.655,否,206279700,157976533,2927108943.0,2241687003.27,25.583613,3.563457,2.000396,10.52,10.7,10.58,10.56,10.42,11.25,10.68,2016-09-08,-
2021-03-18,300543,朗科智能,消费电子,10.48,10.55,10.2,10.27,10.2,3649353,51132926.07,2.3101,-2.044,3.38,否,1.01,0.097,-2.93,-7.892,-9.991,否,206279700,157976533,2867287830.0,2195873808.7,25.060762,3.49063,1.959514,10.42,10.61,10.6,10.53,10.41,11.23,10.68,2016-09-08,-
2021-03-19,300543,朗科智能,消费电子,10.38,10.77,10.2,10.44,10.2,5024530,71436596.4,3.1806,1.655,5.54,否,1.38,-0.949,-2.884,-7.117,8.075,否,206279700,157976533,2914732161.0,2232208411.29,25.475437,3.548389,1.991938,10.4,10.53,10.61,10.53,10.41,11.22,10.68,2016-09-08,-
2021-03-22,300543,朗科智能,消费电子,10.41,10.82,10.39,10.81,10.39,4774640,69041372.7,3.0224,3.539,4.18,否,1.18,3.149,2.367,-0.826,15.368,否,206279700,157976533,3017872011.0,2311196677.79,26.376903,3.673951,2.062424,10.51,10.52,10.64,10.53,10.41,11.21,10.69,2016-09-08,-
2021-03-23,300543,朗科智能,消费电子,10.75,10.91,10.51,10.56,10.51,3649220,52595508.6,2.31,-2.324,3.76,否,0.88,2.824,2.924,0.38,9.657,否,206279700,157976533,2947736913.0,2257484656.57,25.763906,3.588569,2.014493,10.51,10.53,10.67,10.49,10.41,11.2,10.69,2016-09-08,-
2021-03-24,300543,朗科智能,消费电子,10.62,10.9,10.51,10.63,10.51,5180010,75119617.5,3.279,0.7,3.64,否,1.29,1.82,0.854,0.473,13.206,否,206279700,157976533,2968364883.0,2273282309.87,25.944199,3.613681,2.02859,10.54,10.53,10.7,10.46,10.41,11.2,10.69,2016-09-08,-
2021-03-25,300543,朗科智能,消费电子,10.6,10.9,10.44,10.79,10.44,5451542,79258020.98,3.4509,1.459,4.31,否,1.22,-0.185,2.958,0.372,8.661,否,206279700,157976533,3011683620.0,2306457381.8,26.322815,3.666418,2.058195,10.65,10.53,10.73,10.44,10.41,11.19,10.69,2016-09-08,-
2021-03-26,300543,朗科智能,消费电子,10.79,10.84,10.61,10.72,10.61,4324320,62764097.6,2.7373,-0.616,2.12,否,0.9,1.515,4.382,1.515,5.305,否,206279700,157976533,2993118447.0,2292239493.83,26.160551,3.643816,2.045507,10.7,10.55,10.73,10.47,10.42,11.19,10.69,2016-09-08,-
2021-03-29,300543,朗科智能,消费电子,10.71,10.75,10.25,10.48,10.25,5481831,77487847.48,3.47,-2.274,4.69,否,1.17,-1.411,0.383,2.144,3.048,否,206279700,157976533,2925046146.0,2240107237.94,25.565583,3.560945,1.998986,10.64,10.57,10.69,10.51,10.43,11.19,10.69,2016-09-08,-
2021-03-30,300543,朗科智能,消费电子,10.4,10.43,10.02,10.04,10.02,4277570,58634777.5,2.7077,-4.161,3.95,否,0.89,-6.951,-7.123,-4.744,0.601,否,206279700,157976533,2803341123.0,2146901083.47,24.501853,3.412782,1.915813,10.53,10.52,10.64,10.53,10.44,11.18,10.69,2016-09-08,-
2021-03-31,300543,朗科智能,消费电子,10.17,10.18,9.94,10.06,9.94,2425140,32980307.9,1.5351,0.221,2.43,否,0.49,-6.157,-4.735,-4.008,-0.691,否,206279700,157976533,2809529514.0,2151640379.46,24.555941,3.420316,1.920042,10.42,10.48,10.59,10.55,10.44,11.18,10.69,2016-09-08,-
2021-04-01,300543,朗科智能,消费电子,10.05,10.07,9.83,9.99,9.83,2413580,32491493.9,1.5278,-0.734,2.42,否,0.55,-4.676,-6.021,-2.726,-2.25,否,206279700,157976533,2788901544.0,2135842726.16,24.375648,3.395203,1.905945,10.26,10.45,10.53,10.55,10.44,11.17,10.69,2016-09-08,-
2021-04-02,300543,朗科智能,消费电子,10.03,10.13,9.93,10.05,9.93,2635940,35857080.7,1.6686,0.666,2.0,否,0.7,0.1,-6.858,-3.736,-5.456,否,206279700,157976533,2807466717.0,2150060614.13,24.537912,3.417804,1.918632,10.12,10.41,10.47,10.55,10.43,11.17,10.7,2016-09-08,-
2021-04-06,300543,朗科智能,消费电子,10.11,10.25,9.98,10.17,9.98,2957250,40667868.0,1.872,1.102,2.65,否,0.86,1.093,-5.131,-5.92,-9.439,否,206279700,157976533,2838408672.0,2173757094.08,24.808352,3.455473,1.939778,10.06,10.35,10.44,10.55,10.43,11.16,10.7,2016-09-08,-
2021-04-07,300543,朗科智能,消费电子,10.22,10.23,10.03,10.12,10.03,2627320,35928857.2,1.6631,-0.436,2.03,否,0.89,1.301,-3.435,-4.167,-8.167,否,206279700,157976533,2826031890.0,2164278502.1,24.700176,3.440406,1.93132,10.08,10.31,10.42,10.55,10.43,11.14,10.71,2016-09-08,-
2021-04-08,300543,朗科智能,消费电子,10.08,10.17,9.97,9.98,9.97,2477964,33718661.5,1.5686,-1.387,1.9,否,0.95,-0.697,-0.598,-6.115,-10.573,否,206279700,157976533,2786838747.0,2134262960.83,24.357618,3.392692,1.904535,10.06,10.24,10.39,10.55,10.43,11.12,10.71,2016-09-08,-
2021-04-09,300543,朗科智能,消费电子,9.98,10.08,9.88,9.97,9.88,2233870,30151637.0,1.4141,-0.074,2.0,否,0.85,-1.967,-0.895,-7.6,-10.583,否,206279700,157976533,2784775950.0,2132683195.5,24.339589,3.390181,1.903125,10.06,10.16,10.35,10.54,10.45,11.1,10.72,2016-09-08,-
2021-04-12,300543,朗科智能,消费电子,9.94,10.0,9.64,9.67,9.64,3074540,40651248.94,1.9462,-3.037,3.63,否,1.19,-4.447,-3.203,-9.795,-13.968,否,206279700,157976533,2700201273.0,2067912816.97,23.600387,3.28722,1.845326,9.98,10.05,10.3,10.5,10.46,11.07,10.72,2016-09-08,-
2021-04-13,300543,朗科智能,消费电子,9.69,9.81,9.64,9.71,9.64,1666734,21987573.74,1.0551,0.458,1.76,否,0.62,-2.705,-3.383,-7.347,-10.917,否,206279700,157976533,2712578055.0,2077391408.95,23.708563,3.302287,1.853785,9.89,9.98,10.27,10.45,10.48,11.04,10.73,2016-09-08,-
2021-04-14,300543,朗科智能,消费电子,9.71,9.89,9.61,9.88,9.61,1706120,22602576.6,1.08,1.749,2.89,否,0.71,-0.903,-2.852,-1.594,-6.084,否,206279700,157976533,2760022386.0,2113726011.54,24.123237,3.360046,1.886208,9.84,9.96,10.24,10.42,10.5,11.01,10.73,2016-09-08,-
2021-04-15,300543,朗科智能,消费电子,10.79,11.6,10.6,11.38,10.6,19907735,301320865.99,12.6017,15.097,10.09,否,8.92,17.684,12.451,13.121,7.561,否,206279700,157976533,3176707380.0,2432838608.2,21.45005,3.867317,1.90995,10.12,10.09,10.29,10.42,10.51,11.0,10.75,2016-09-08,-
2021-04-16,300543,朗科智能,消费电子,11.37,11.8,11.24,11.68,11.24,17115985,267978852.08,10.8345,2.662,4.87,否,2.99,20.288,17.034,16.917,8.651,否,206279700,157976533,3261282057.0,2497608986.73,22.021123,3.970278,1.9608,10.46,10.26,10.36,10.44,10.53,10.99,10.76,2016-09-08,-
2021-04-19,300543,朗科智能,消费电子,11.75,12.04,11.52,11.99,11.52,13677361,218177825.47,8.6578,2.657,4.49,否,1.57,21.356,20.261,19.303,13.542,否,206279700,157976533,3347919531.0,2563959130.59,22.606124,4.07575,2.012889,10.93,10.46,10.43,10.47,10.54,10.99,10.77,2016-09-08,-
2021-04-20,300543,朗科智能,消费电子,11.93,12.45,11.83,12.26,11.83,14857001,245284512.78,9.4046,2.218,5.18,否,1.37,7.733,26.784,20.551,19.493,否,206279700,157976533,3422180223.0,2620830682.47,23.107547,3.863576,2.057537,11.44,10.66,10.51,10.51,10.56,10.99,10.78,2016-09-08,-
2021-04-21,300543,朗科智能,消费电子,12.06,12.75,12.05,12.74,12.05,11956584,202874264.31,7.5686,3.918,5.73,否,0.89,9.075,31.205,25.889,20.873,否,206279700,157976533,3556262028.0,2723515428.92,24.012906,4.014952,2.138152,12.01,10.93,10.62,10.59,10.59,10.98,10.8,2016-09-08,-
2021-04-22,300543,朗科智能,消费电子,12.6,13.59,12.57,13.34,12.57,13839357,245282519.83,8.7604,4.698,8.0,否,0.89,11.259,35.02,33.667,27.29,否,206279700,157976533,3723348585.0,2851476420.65,25.141123,4.203589,2.238611,12.4,11.26,10.75,10.68,10.63,10.99,10.82,2016-09-08,-
2021-04-23,300543,朗科智能,消费电子,13.26,13.26,12.84,12.96,12.84,9862825,173682885.46,6.2432,-2.826,3.16,否,0.69,5.71,13.884,29.99,26.193,否,206279700,157976533,3618145938.0,2770908388.82,24.430764,4.084817,2.175359,12.66,11.56,10.86,10.75,10.66,10.98,10.84,2016-09-08,-
2021-04-26,300543,朗科智能,消费电子,12.89,13.02,12.32,12.54,12.32,11496360,197287279.67,7.2773,-3.193,5.42,否,0.9,-1.57,7.363,29.679,20.115,否,206279700,157976533,3502629306.0,2682441530.34,23.650763,3.954401,2.105906,12.77,11.85,10.95,10.82,10.69,10.97,10.85,2016-09-08,-
2021-04-27,300543,朗科智能,消费电子,12.49,12.62,12.18,12.34,12.18,8074737,134974720.92,5.1114,-1.649,3.53,否,0.65,-7.496,2.919,27.085,14.154,否,206279700,157976533,3444870990.0,2638208101.1,23.260762,3.889193,2.07118,12.78,12.11,11.04,10.89,10.73,10.97,10.87,2016-09-08,-
2021-04-28,300543,朗科智能,消费电子,12.32,12.6,12.14,12.37,12.14,6183172,103693511.18,3.914,0.299,3.71,否,0.56,-4.552,0.897,25.202,17.14,否,206279700,157976533,3455184975.0,2646106927.75,23.330405,3.900838,2.077381,12.71,12.36,11.16,10.95,10.76,10.96,10.88,2016-09-08,-
2021-04-29,300543,朗科智能,消费电子,11.82,12.18,11.52,11.91,11.52,8322940,134624965.6,5.2685,-3.761,5.31,否,0.84,-5.024,-6.515,4.657,12.041,否,206279700,157976533,3325228764.0,2546581711.96,18.682964,3.548271,1.674196,12.42,12.41,11.25,11.0,10.78,10.94,10.89,2016-09-08,-
2021-04-30,300543,朗科智能,消费电子,12.1,12.12,11.61,11.77,11.61,5093140,81136844.02,3.224,-1.179,4.28,否,0.58,-4.619,-11.769,0.771,9.082,否,206279700,157976533,3286035621.0,2516566170.69,18.462756,3.506449,1.654462,12.19,12.42,11.34,11.05,10.79,10.92,10.9,2016-09-08,-
2021-05-06,300543,朗科智能,消费电子,11.91,12.02,11.57,11.66,11.57,5218490,82960232.45,3.3033,-0.942,3.83,否,0.67,-5.74,-10.031,-2.752,8.769,否,206279700,157976533,3255093666.0,2492869690.74,18.288907,3.473432,1.638884,12.01,12.39,11.42,11.09,10.81,10.9,10.91,2016-09-08,-
2021-05-07,300543,朗科智能,消费电子,11.69,12.08,11.44,11.47,11.44,8785790,139708822.7,5.5615,-1.584,5.45,否,1.34,-3.694,-8.533,-6.444,9.447,否,206279700,157976533,3203523741.0,2453375557.49,17.999158,3.418403,1.612919,11.84,12.31,11.49,11.11,10.82,10.88,10.91,2016-09-08,-
2021-05-10,300543,朗科智能,消费电子,11.47,11.47,11.16,11.35,11.16,5558313,84964946.56,3.5184,-1.095,2.7,否,0.83,-3.568,-8.023,-10.911,13.048,否,206279700,157976533,3168456192.0,2426519546.88,17.80213,3.380983,1.595263,11.63,12.17,11.55,11.13,10.81,10.86,10.92,2016-09-08,-
2021-05-11,300543,朗科智能,消费电子,11.29,11.64,11.24,11.36,11.24,5936704,91805963.59,3.758,0.13,3.52,否,0.9,-2.573,-8.165,-14.843,12.922,否,206279700,157976533,3172581786.0,2429679077.54,17.825309,3.385385,1.59734,11.52,11.97,11.62,11.16,10.81,10.84,10.93,2016-09-08,-
2021-05-12,300543,朗科智能,消费电子,11.33,11.83,11.15,11.67,11.15,8399494,131919615.5,5.3169,2.731,5.98,否,1.37,1.744,-2.015,-9.954,16.817,否,206279700,157976533,3259219260.0,2496029221.4,18.312086,3.477834,1.640961,11.5,11.84,11.7,11.19,10.81,10.84,10.94,2016-09-08,-
2021-05-13,300543,朗科智能,消费电子,11.67,11.95,11.52,11.74,11.52,6702036,106414109.04,4.2424,0.57,3.67,否,0.99,3.436,-0.255,-6.38,16.816,否,206279700,157976533,3277784433.0,2510247109.37,18.416396,3.497644,1.650308,11.52,11.76,11.81,11.22,10.85,10.84,10.95,2016-09-08,-
2021-05-14,300543,朗科智能,消费电子,11.73,11.81,11.46,11.67,11.46,8733117,137417275.34,5.5281,-0.566,3.02,否,1.23,2.729,0.086,-5.429,14.749,否,206279700,157976533,3259219260.0,2496029221.4,18.312086,3.477834,1.640961,11.56,11.7,11.9,11.26,10.89,10.83,10.96,2016-09-08,-
2021-05-17,300543,朗科智能,消费电子,11.67,11.78,11.3,11.5,11.3,7448393,116106257.84,4.7149,-1.519,4.05,否,1.05,-1.457,0.262,-7.033,13.636,否,206279700,157976533,3209712132.0,2458114853.48,18.033928,3.425006,1.616035,11.59,11.61,11.99,11.31,10.92,10.83,10.96,2016-09-08,-
2021-05-18,300543,朗科智能,消费电子,11.36,11.75,11.28,11.75,11.28,5425896,84391792.86,3.4346,2.249,4.11,否,0.73,0.085,3.524,-1.343,17.735,否,206279700,157976533,3281910027.0,2513406640.03,18.439576,3.502047,1.652385,11.67,11.59,12.0,11.37,10.96,10.83,10.97,2016-09-08,-
2021-05-19,300543,朗科智能,消费电子,11.65,11.99,11.51,11.64,11.51,7161960,113716717.68,4.5336,-0.943,4.09,否,0.98,-0.257,2.465,-1.105,16.75,否,206279700,157976533,3250968072.0,2489710160.08,18.265727,3.469029,1.636807,11.66,11.58,12.0,11.42,10.99,10.83,10.98,2016-09-08,-
2021-05-20,300543,朗科智能,消费电子,11.68,12.31,11.6,12.19,11.6,12712616,205703380.12,8.0472,4.695,6.09,否,1.79,6.0,4.456,4.545,26.06,否,206279700,157976533,3403615050.0,2606612794.5,19.123381,3.631915,1.713662,11.75,11.63,12.01,11.49,11.02,10.83,10.99,2016-09-08,-
2021-05-21,300543,朗科智能,消费电子,12.17,12.17,11.84,11.93,11.84,7146796,115793808.34,4.524,-2.121,2.67,否,0.86,1.532,1.618,4.01,22.863,否,206279700,157976533,3331417155.0,2551321007.95,18.717734,3.554875,1.677311,11.8,11.68,12.0,11.55,11.05,10.83,10.99,2016-09-08,-
2021-05-24,300543,朗科智能,消费电子,12.01,12.12,11.52,11.95,11.52,7529697,120864368.66,4.7663,0.186,4.95,否,0.94,2.663,2.399,5.286,20.951,否,206279700,157976533,3337605546.0,2556060303.94,18.752504,3.561478,1.680427,11.89,11.74,11.96,11.61,11.08,10.83,11.0,2016-09-08,-
2021-05-25,300543,朗科智能,消费电子,11.89,11.99,11.69,11.8,11.69,5221430,83553894.8,3.3052,-1.298,2.53,否,0.65,-3.199,2.609,3.873,3.691,否,206279700,157976533,3294286809.0,2522885232.01,18.509115,3.515254,1.658617,11.9,11.78,11.88,11.67,11.11,10.83,11.01,2016-09-08,-
2021-05-26,300543,朗科智能,消费电子,11.76,11.98,11.61,11.92,11.61,6199807,75144511.39,3.0137,0.993,3.14,否,0.78,-0.084,1.447,2.142,2.055,否,268163610,205721334,3274277678.1,2511857488.14,18.396693,3.493902,1.648543,11.96,11.81,11.83,11.74,11.14,10.84,11.02,2016-09-08,-
2021-05-27,300543,朗科智能,消费电子,11.84,12.37,11.73,12.02,11.73,11116747,137923389.35,5.4038,0.901,5.41,否,1.43,0.586,3.265,2.385,0.25,否,268163610,205721334,3303775675.2,2534486834.88,18.562429,3.525379,1.663394,11.92,11.84,11.8,11.82,11.16,10.84,11.03,2016-09-08,-
2021-05-28,300543,朗科智能,消费电子,12.1,12.13,11.52,11.56,11.52,10668150,129105739.07,5.1857,-3.815,5.11,否,1.43,-2.034,-5.168,-0.943,-5.71,否,268163610,205721334,3177738778.5,2437797807.9,17.854284,3.390888,1.599937,11.85,11.83,11.76,11.88,11.17,10.84,11.03,2016-09-08,-
2021-05-31,300543,朗科智能,消费电子,11.6,13.17,11.57,12.9,11.57,24653705,318514539.97,11.984,11.561,13.84,否,3.03,8.221,8.131,12.174,1.256,否,268163610,205721334,3545122924.2,2719636035.48,19.91845,3.782915,1.784909,12.04,11.97,11.79,11.98,11.2,10.86,11.04,2016-09-08,-
2021-06-01,300543,朗科智能,消费电子,12.95,13.25,12.64,12.77,12.64,14498995,190442394.64,7.0479,-0.983,4.77,否,1.25,6.24,6.862,8.681,-4.273,否,268163610,205721334,3510261654.9,2692892262.06,19.722581,3.745715,1.767356,12.23,12.07,11.83,12.03,11.22,10.87,11.06,2016-09-08,-
2021-06-02,300543,朗科智能,消费电子,12.71,13.65,12.51,13.18,12.51,22613407,305541512.26,10.9923,3.209,8.94,否,1.68,14.014,11.695,13.23,1.698,否,268163610,205721334,3622890371.1,2779295222.34,20.355391,3.865899,1.824063,12.49,12.22,11.9,12.08,11.26,10.89,11.07,2016-09-08,-
2021-06-03,300543,朗科智能,消费电子,13.3,13.47,12.61,12.71,12.61,15191852,199756299.17,7.3847,-3.627,6.51,否,0.91,-1.473,6.628,4.266,1.356,否,268163610,205721334,3491490202.2,2678491768.68,19.617112,3.725685,1.757905,12.62,12.27,11.95,12.1,11.28,10.9,11.08,2016-09-08,-
2021-06-04,300543,朗科智能,消费电子,12.66,12.66,12.3,12.37,12.3,10508889,134231107.35,5.1083,-2.611,2.84,否,0.6,-3.132,2.912,3.688,0.243,否,268163610,205721334,3400314574.8,2608546515.12,19.104838,3.628393,1.712,12.79,12.32,12.0,12.1,11.31,10.91,11.09,2016-09-08,-
2021-06-07,300543,朗科智能,消费电子,12.3,12.74,12.3,12.68,12.3,9547041,123009332.01,4.6408,2.445,3.55,否,0.55,-3.794,9.689,6.109,2.506,否,268163610,205721334,3483445293.9,2672320128.66,19.571912,3.7171,1.753855,12.74,12.39,12.07,12.1,11.34,10.92,11.11,2016-09-08,-
2021-06-08,300543,朗科智能,消费电子,12.57,12.97,12.39,12.53,12.39,10141132,131928692.89,4.9295,-1.155,4.54,否,0.7,-1.416,-2.868,6.186,5.206,否,268163610,205721334,3443220752.4,2641461928.56,19.345908,3.674178,1.733603,12.69,12.46,12.12,12.07,11.38,10.92,11.12,2016-09-08,-
2021-06-09,300543,朗科智能,消费电子,12.47,13.05,12.34,12.83,12.34,10838215,141454557.68,5.2684,2.414,5.61,否,0.8,3.719,0.47,7.634,9.006,否,268163610,205721334,3526351471.5,2705235542.1,19.812982,3.762884,1.775457,12.62,12.56,12.18,12.07,11.41,10.93,11.13,2016-09-08,-
2021-06-10,300543,朗科智能,消费电子,12.92,13.54,12.7,13.39,12.7,16958117,229990494.16,8.2432,4.335,6.54,否,1.51,5.599,1.593,11.398,14.837,否,268163610,205721334,3679204729.2,2822496702.48,20.671796,3.92599,1.852416,12.76,12.69,12.26,12.1,11.46,10.95,11.14,2016-09-08,-
2021-06-11,300543,朗科智能,消费电子,13.31,13.44,13.0,13.22,13.0,12871700,173782514.86,6.2569,-1.239,3.28,否,1.11,5.507,4.013,14.36,15.257,否,268163610,205721334,3633616915.5,2787524075.7,20.415658,3.877345,1.829464,12.93,12.86,12.34,12.13,11.51,10.97,11.15,2016-09-08,-
2021-06-15,300543,朗科智能,消费电子,13.18,13.19,12.49,12.76,12.49,13065545,170578767.15,6.3511,-3.469,5.31,否,1.08,-0.546,3.153,-1.085,12.423,否,268163610,205721334,3507580018.8,2690835048.72,19.707514,3.742854,1.766006,12.95,12.84,12.41,12.14,11.54,10.98,11.16,2016-09-08,-
2021-06-16,300543,朗科智能,消费电子,12.7,13.25,12.48,12.62,12.48,14216971,186847710.4,6.9108,-1.147,6.04,否,1.11,-5.751,-0.473,-1.175,11.092,否,268163610,205721334,3467355477.3,2659976848.62,19.48151,3.699931,1.745754,12.96,12.83,12.45,12.16,11.58,11.0,11.17,2016-09-08,-
2021-06-17,300543,朗科智能,消费电子,12.59,14.01,12.49,13.72,12.49,27629835,379087198.35,13.4307,8.739,12.06,否,2.03,3.782,9.497,4.097,17.566,否,268163610,205721334,3770380356.6,2892441956.04,21.184071,4.023282,1.898322,13.14,12.88,12.55,12.23,11.64,11.03,11.19,2016-09-08,-
2021-06-18,300543,朗科智能,消费电子,13.72,14.16,13.42,14.03,13.42,19690428,276547041.87,9.5714,2.276,5.41,否,1.16,9.953,9.353,10.386,19.506,否,268163610,205721334,3856192711.8,2958272782.92,21.666212,4.11485,1.941527,13.27,13.02,12.64,12.31,11.7,11.05,11.2,2016-09-08,-
2021-06-21,300543,朗科智能,消费电子,14.0,14.27,13.75,13.84,13.75,13211355,188342519.24,6.422,-1.391,3.69,否,0.76,9.667,3.361,11.884,18.595,否,268163610,205721334,3802559989.8,2917128516.12,21.364874,4.05762,1.914524,13.39,13.16,12.74,12.39,11.75,11.08,11.22,2016-09-08,-
2021-06-22,300543,朗科智能,消费电子,13.85,14.4,13.35,14.15,13.35,19095331,271240578.89,9.2821,2.257,7.62,否,1.09,3.134,7.035,11.593,23.043,否,268163610,205721334,3888372345.0,2982959343.0,21.847015,4.149188,1.957729,13.67,13.31,12.85,12.48,11.81,11.11,11.23,2016-09-08,-
2021-06-23,300543,朗科智能,消费电子,14.19,14.2,13.56,13.86,13.56,12525150,177794255.13,6.0884,-2.069,4.48,否,0.67,-1.212,8.621,10.615,17.957,否,268163610,205721334,3807923262.0,2921242942.8,21.395007,4.063343,1.917224,13.92,13.44,12.95,12.56,11.86,11.13,11.25,2016-09-08,-
2021-06-24,300543,朗科智能,消费电子,13.81,13.82,13.38,13.47,13.38,9747994,135448126.45,4.7384,-2.817,3.17,否,0.53,-2.673,6.735,4.988,15.722,否,268163610,205721334,3700657818.0,2838954409.2,20.792331,3.948882,1.863218,13.87,13.51,13.03,12.62,11.91,11.16,11.26,2016-09-08,-
2021-06-25,300543,朗科智能,消费电子,13.42,13.7,13.35,13.66,13.35,7837254,108600479.22,3.8096,1.449,2.61,否,0.53,-3.463,-0.437,2.016,12.059,否,268163610,205721334,3754290540.0,2880098676.0,21.093669,4.006113,1.890221,13.8,13.53,13.11,12.69,11.95,11.19,11.28,2016-09-08,-
2021-06-28,300543,朗科智能,消费电子,13.8,16.39,13.8,15.57,13.8,36723730,577865985.65,17.8512,13.929,19.0,否,2.94,12.338,10.976,17.776,30.511,否,268163610,205721334,4277209579.5,3281255277.3,24.031716,4.564107,2.153502,14.14,13.77,13.31,12.82,12.04,11.24,11.3,2016-09-08,-
2021-06-29,300543,朗科智能,消费电子,15.46,15.77,14.58,14.79,14.58,26810376,413124871.99,13.0324,-4.953,7.65,否,1.56,9.8,6.864,15.909,23.766,否,268163610,205721334,4065360327.6,3118735423.44,22.84143,4.338048,2.046839,14.27,13.97,13.41,12.93,12.12,11.28,11.32,2016-09-08,-
2021-06-30,300543,朗科智能,消费电子,14.96,15.22,14.72,14.91,14.72,18325024,280289861.18,8.9077,0.792,3.43,否,0.98,9.151,5.371,18.146,26.356,否,268163610,205721334,4097539960.8,3143421983.52,23.022233,4.372386,2.063041,14.48,14.2,13.51,13.03,12.2,11.32,11.34,2016-09-08,-
2021-07-01,300543,朗科智能,消费电子,15.42,16.18,14.98,15.03,14.98,25002192,396332287.84,12.1534,0.785,8.05,否,1.26,-3.468,8.442,9.548,26.091,否,268163610,205721334,4129719594.0,3168108543.6,23.203036,4.406724,2.079243,14.79,14.33,13.61,13.15,12.28,11.36,11.36,2016-09-08,-
2021-07-02,300543,朗科智能,消费电子,14.65,15.92,14.65,15.75,14.65,21058347,332013718.32,10.2363,4.805,8.44,否,0.92,6.491,16.927,12.259,31.032,否,268163610,205721334,4328160665.4,3320342330.76,24.317987,4.618476,2.179155,15.21,14.5,13.76,13.26,12.38,11.41,11.38,2016-09-08,-
2021-07-05,300543,朗科智能,消费电子,16.18,17.45,15.76,16.84,15.76,25458525,435530810.59,12.3752,6.939,10.72,否,1.0,12.944,23.28,21.676,45.675,否,268163610,205721334,4628503908.6,3550750224.84,26.005481,4.938965,2.330372,15.46,14.8,13.98,13.43,12.49,11.46,11.41,2016-09-08,-
2021-07-06,300543,朗科智能,消费电子,16.83,17.03,15.91,17.02,15.91,23655842,399605587.67,11.499,1.043,6.66,否,1.01,13.24,9.313,20.283,31.938,否,268163610,205721334,4676773358.4,3587780064.96,26.276685,4.990472,2.354675,15.91,15.09,14.2,13.6,12.6,11.52,11.44,2016-09-08,-
2021-07-07,300543,朗科智能,消费电子,16.69,17.01,16.21,16.75,16.21,17019109,290923782.7,8.2729,-1.606,4.7,否,0.75,6.349,13.252,20.851,31.167,否,268163610,205721334,4601687547.6,3530178091.44,25.854812,4.910349,2.316871,16.28,15.38,14.41,13.76,12.72,11.58,11.47,2016-09-08,-
2021-07-08,300543,朗科智能,消费电子,16.74,16.91,15.81,16.2,15.81,16176451,269151952.29,7.8633,-3.263,6.59,否,0.72,-3.8,8.652,20.267,22.914,否,268163610,205721334,4451515926.0,3414974144.4,25.011065,4.750105,2.241262,16.51,15.65,14.58,13.9,12.82,11.64,11.49,2016-09-08,-
2021-07-09,300543,朗科智能,消费电子,15.98,18.98,15.98,17.68,15.98,25603974,461245646.0,12.4459,9.157,18.55,否,1.24,3.878,17.631,29.429,39.103,否,268163610,205721334,4859124613.2,3727670572.08,27.301235,5.185054,2.446486,16.9,16.05,14.79,14.09,12.95,11.71,11.52,2016-09-08,-
2021-07-12,300543,朗科智能,消费电子,17.28,18.2,17.28,17.91,17.28,17677544,320499971.02,8.593,1.269,5.19,否,0.82,6.925,13.714,15.029,44.786,否,268163610,205721334,4920802243.5,3774986478.9,27.647774,5.250869,2.477539,17.11,16.29,15.03,14.3,13.09,11.78,11.55,2016-09-08,-
2021-07-13,300543,朗科智能,消费电子,17.96,20.02,17.38,18.9,17.38,26503356,512180539.99,12.8831,5.559,14.77,否,1.32,16.667,12.233,27.789,49.054,否,268163610,205721334,5194329125.7,3984822239.58,29.184598,5.542743,2.615255,17.49,16.7,15.34,14.5,13.24,11.87,11.58,2016-09-08,-
2021-07-14,300543,朗科智能,消费电子,18.58,18.88,18.03,18.3,18.03,16383767,308579374.93,7.9641,-3.201,4.49,否,0.8,3.507,7.521,22.736,46.049,否,268163610,205721334,5028067687.5,3857275012.5,28.25045,5.365329,2.531546,17.8,17.04,15.62,14.69,13.36,11.93,11.61,2016-09-08,-
2021-07-15,300543,朗科智能,消费电子,16.23,16.83,15.87,16.47,15.87,24729037,415342682.4,12.0206,-9.973,5.28,否,1.21,-8.04,-1.672,9.581,28.371,否,268163610,205721334,4526601736.8,3472576117.92,25.432938,4.830227,2.279066,17.85,17.18,15.76,14.8,13.44,11.98,11.64,2016-09-08,-
2021-07-16,300543,朗科智能,消费电子,16.24,16.54,15.57,15.66,15.57,19824629,324127147.0,9.6366,-4.917,5.92,否,0.89,-17.143,-3.333,-0.571,16.953,否,268163610,205721334,4304025940.5,3301827410.7,24.182385,4.592722,2.167003,17.45,17.17,15.84,14.9,13.5,12.02,11.65,2016-09-08,-
2021-07-19,300543,朗科智能,消费电子,15.71,15.79,14.8,14.86,14.8,17852775,276452621.21,8.6781,-5.109,6.29,否,0.85,-18.798,-15.95,-11.758,12.405,否,268163610,205721334,4084131780.3,3133135916.82,22.946899,4.358078,2.05629,16.84,16.98,15.89,14.98,13.54,12.05,11.67,2016-09-08,-
2021-07-20,300543,朗科智能,消费电子,14.72,15.06,14.57,15.0,14.57,10174215,155412054.59,4.9456,0.919,3.28,否,0.48,-8.925,-16.248,-11.868,17.555,否,268163610,205721334,4121674685.7,3161936903.58,23.157835,4.398139,2.075192,16.06,16.77,15.93,15.06,13.58,12.09,11.68,2016-09-08,-
2021-07-21,300543,朗科智能,消费电子,15.05,15.65,15.04,15.37,15.04,13163321,207573121.88,6.3986,2.472,4.1,否,0.74,-1.852,-18.677,-8.239,21.791,否,268163610,205721334,4223576857.5,3240111010.5,23.730378,4.506877,2.126498,15.47,16.64,16.01,15.15,13.61,12.12,11.7,2016-09-08,-
2021-07-22,300543,朗科智能,消费电子,15.37,15.93,15.33,15.83,15.33,13834380,222405098.71,6.7248,2.984,3.87,否,0.81,6.528,-13.497,-2.284,15.379,否,268163610,205721334,4349613754.2,3336800037.48,24.438522,4.641368,2.189956,15.34,16.6,16.13,15.25,13.66,12.16,11.71,2016-09-08,-
2021-07-23,300543,朗科智能,消费电子,15.83,15.88,15.19,15.38,15.19,11780805,185841658.87,5.7266,-2.836,4.32,否,0.79,2.533,-6.618,-13.009,9.622,否,268163610,205721334,4226258493.6,3242168223.84,23.745445,4.509738,2.127849,15.29,16.37,16.21,15.32,13.71,12.2,11.73,2016-09-08,-
2021-07-26,300543,朗科智能,消费电子,15.39,15.7,14.65,15.13,14.65,11357260,176260922.89,5.5207,-1.65,6.85,否,0.85,-1.561,-3.384,-15.522,9.321,否,268163610,205721334,4156535955.0,3188680677.0,23.353705,4.435339,2.092744,15.34,16.09,16.19,15.38,13.75,12.24,11.75,2016-09-08,-
2021-07-27,300543,朗科智能,消费电子,15.21,15.29,14.15,14.16,14.15,15371224,231180661.08,7.4719,-6.387,7.55,否,1.27,-10.55,-4.711,-25.079,0.071,否,268163610,205721334,3891053981.1,2985016556.34,21.862081,4.15205,1.959079,15.17,15.62,16.16,15.43,13.78,12.27,11.76,2016-09-08,-
2021-07-28,300543,朗科智能,消费电子,14.09,14.58,13.45,14.37,13.45,13007682,187843778.57,6.323,1.516,7.99,否,0.99,-6.567,-4.2,-21.475,3.68,否,268163610,205721334,3950049975.3,3030275249.82,22.193553,4.215003,1.988782,14.97,15.22,16.13,15.49,13.83,12.3,11.77,2016-09-08,-
2021-07-29,300543,朗科智能,消费电子,14.45,15.04,14.44,14.86,14.44,10856473,164166852.64,5.2773,3.394,4.14,否,0.83,-1.785,-3.318,-9.775,10.319,否,268163610,205721334,4084131780.3,3133135916.82,22.946899,4.358078,2.05629,14.78,15.06,16.12,15.53,13.88,12.33,11.78,2016-09-08,-
2021-07-30,300543,朗科智能,消费电子,14.8,15.68,14.66,15.53,14.66,14915886,234674954.29,7.2505,4.465,6.89,否,1.2,9.675,-1.895,-0.83,13.69,否,268163610,205721334,4266483035.1,3273026423.94,23.971448,4.552661,2.148101,14.81,15.05,16.11,15.58,13.94,12.37,11.8,2016-09-08,-
2021-08-02,300543,朗科智能,消费电子,15.61,15.95,15.26,15.76,15.26,15024777,240505972.39,7.3035,1.509,4.4,否,1.15,9.673,2.471,6.057,1.22,否,268163610,205721334,4330842301.5,3322399544.1,24.333054,4.621337,2.180505,14.94,15.14,16.06,15.64,14.01,12.41,11.82,2016-09-08,-
2021-08-03,300543,朗科智能,消费电子,15.5,15.9,15.21,15.34,15.21,10309128,163984009.88,5.0112,-2.663,4.33,否,0.75,3.23,1.388,2.267,3.719,否,268163610,205721334,4215531949.2,3233939370.48,23.685177,4.498292,2.122448,15.17,15.17,15.97,15.68,14.08,12.45,11.84,2016-09-08,-
2021-08-04,300543,朗科智能,消费电子,15.23,15.88,15.23,15.71,15.23,11181548,178909393.54,5.4353,2.417,4.2,否,0.87,1.159,10.946,2.212,5.366,否,268163610,205721334,4317434121.0,3312113477.4,24.25772,4.60703,2.173754,15.44,15.21,15.92,15.74,14.15,12.48,11.86,2016-09-08,-
2021-08-05,300543,朗科智能,消费电子,15.81,15.81,14.85,15.14,14.85,11608630,180299762.96,5.6429,-3.665,6.09,否,0.93,-3.934,5.358,-4.359,0.732,否,268163610,205721334,4159217591.1,3190737890.34,23.368772,4.4382,2.094095,15.5,15.14,15.87,15.8,14.21,12.51,11.88,2016-09-08,-
2021-08-06,300543,朗科智能,消费电子,15.08,15.28,14.76,15.15,14.76,7654164,117986615.71,3.7206,0.065,3.48,否,0.61,-1.239,1.952,-1.495,-3.81,否,268163610,205721334,4161899227.2,3192795103.68,23.383839,4.441062,2.095445,15.42,15.12,15.74,15.85,14.27,12.56,11.89,2016-09-08,-
2021-08-09,300543,朗科智能,消费电子,15.02,15.57,14.66,15.48,14.66,10394367,161104092.49,5.0526,2.191,6.06,否,0.93,-1.464,-0.322,2.313,-8.076,否,268163610,205721334,4253074854.6,3262740357.24,23.896114,4.538353,2.14135,15.36,15.15,15.62,15.84,14.33,12.61,11.91,2016-09-08,-
2021-08-10,300543,朗科智能,消费电子,15.36,16.59,15.21,16.29,15.21,20770929,343820723.47,10.0966,5.233,8.89,否,2.03,7.596,3.363,15.042,-4.289,否,268163610,205721334,4475650650.9,3433489064.46,25.146667,4.775859,2.253413,15.55,15.36,15.49,15.89,14.41,12.66,11.94,2016-09-08,-
2021-08-11,300543,朗科智能,消费电子,16.24,17.22,16.16,16.98,16.16,23340036,404579662.88,11.3455,4.254,6.53,否,1.89,12.079,10.691,18.163,1.373,否,268163610,205721334,4666046814.0,3579551211.6,26.216417,4.979026,2.349274,15.81,15.62,15.42,15.96,14.5,12.73,11.96,2016-09-08,-
2021-08-12,300543,朗科智能,消费电子,16.98,16.98,16.47,16.71,16.47,14023210,239623633.46,6.8166,-1.609,2.99,否,0.95,7.946,6.365,12.45,3.148,否,268163610,205721334,4590961003.2,3521949238.08,25.794544,4.898903,2.31147,16.12,15.81,15.44,16.02,14.58,12.78,11.98,2016-09-08,-
2021-08-13,300543,朗科智能,消费电子,16.63,16.96,16.41,16.67,16.41,12426064,212342907.13,6.0402,-0.234,3.27,否,0.82,2.333,10.106,7.341,-5.713,否,268163610,205721334,4580234458.8,3513720384.72,25.734276,4.887457,2.306069,16.43,15.92,15.49,16.05,14.66,12.84,12.01,2016-09-08,-
2021-08-16,300543,朗科智能,消费电子,16.6,16.61,16.01,16.08,16.01,10359296,172035488.07,5.0356,-3.513,3.57,否,0.64,-5.3,6.139,2.03,-10.218,否,268163610,205721334,4419336292.8,3390287584.32,24.830262,4.715767,2.22506,16.55,15.96,15.55,16.02,14.73,12.89,12.03,2016-09-08,-
2021-08-17,300543,朗科智能,消费电子,15.99,16.18,14.99,15.1,14.99,12624006,200768299.28,6.1365,-6.129,7.4,否,0.78,-9.635,-2.455,-1.565,-20.106,否,268163610,205721334,4148491046.7,3182509036.98,23.308504,4.426754,2.088694,16.31,15.93,15.55,15.96,14.78,12.93,12.05,2016-09-08,-
2021-08-18,300543,朗科智能,消费电子,15.13,15.28,14.88,15.21,14.88,8403583,129981830.57,4.0849,0.776,2.65,否,0.58,-8.758,-6.63,-3.183,-16.885,否,268163610,205721334,4180670679.9,3207195597.06,23.489307,4.461093,2.104896,15.95,15.88,15.54,15.91,14.83,12.97,12.07,2016-09-08,-
2021-08-19,300543,朗科智能,消费电子,15.19,15.19,14.49,14.81,14.49,8158390,123672525.52,3.9657,-2.63,4.62,否,0.71,-7.898,-12.78,-2.18,-10.079,否,268163610,205721334,4070723599.8,3122849850.12,22.871564,4.343771,2.049539,15.57,15.85,15.49,15.86,14.88,13.01,12.08,2016-09-08,-
2021-08-20,300543,朗科智能,消费电子,14.77,14.93,14.22,14.7,14.22,6232605,92854933.01,3.0296,-0.791,4.81,否,0.6,-2.649,-12.029,-2.97,-6.13,否,268163610,205721334,4038543966.6,3098163290.04,22.690761,4.309433,2.033338,15.18,15.8,15.46,15.76,14.93,13.04,12.1,2016-09-08,-
2021-08-23,300543,朗科智能,消费电子,14.76,15.61,14.7,15.61,14.7,10355542,162689229.04,5.0338,6.242,6.24,否,1.13,2.63,-6.359,0.84,5.047,否,268163610,205721334,4290617760.0,3291541344.0,24.107051,4.578414,2.160252,15.09,15.82,15.48,15.69,15.0,13.08,12.12,2016-09-08,-
2021-08-24,300543,朗科智能,消费电子,15.65,15.98,15.39,15.63,15.39,9754030,156739106.8,4.7414,0.125,3.81,否,1.07,5.537,-2.799,-4.052,4.2,否,268163610,205721334,4295981032.2,3295655770.68,24.137184,4.584137,2.162953,15.19,15.75,15.56,15.58,15.04,13.12,12.15,2016-09-08,-
2021-08-25,300543,朗科智能,消费电子,15.61,15.65,15.25,15.41,15.25,6236953,98447207.56,3.0317,-1.436,2.56,否,0.73,4.83,2.053,-9.246,0.26,否,268163610,205721334,4234303401.9,3248339863.86,23.790645,4.518323,2.131899,15.23,15.59,15.61,15.48,15.08,13.15,12.17,2016-09-08,-
2021-08-26,300543,朗科智能,消费电子,15.38,16.05,15.38,16.02,15.38,12729746,206457810.45,6.1879,3.99,4.37,否,1.56,2.627,5.325,-4.129,1.2,否,268163610,205721334,4403246476.2,3377944304.28,24.739861,4.698598,2.216959,15.47,15.52,15.67,15.47,15.13,13.19,12.19,2016-09-08,-
2021-08-27,300543,朗科智能,消费电子,15.81,15.81,14.26,14.69,14.26,21153662,319167024.29,10.2827,-8.344,9.68,否,2.33,-6.014,-0.81,-11.878,-4.486,否,268163610,205721334,4035862330.5,3096106076.7,21.538964,4.412739,1.851126,15.47,15.33,15.62,15.43,15.16,13.22,12.21,2016-09-08,-
2021-08-30,300543,朗科智能,消费电子,14.53,14.66,14.01,14.14,14.01,10773841,158423848.07,5.2371,-3.721,4.39,否,0.89,-8.241,-3.81,-12.065,-6.543,否,268163610,205721334,3885690708.9,2980902129.66,20.737514,4.248544,1.782247,15.18,15.13,15.54,15.41,15.19,13.25,12.22,2016-09-08,-
2021-08-31,300543,朗科智能,消费电子,14.13,14.3,13.78,13.96,13.78,6528691,93763829.4,3.1736,-1.311,3.66,否,0.54,-12.859,-10.57,-7.55,-1.412,否,268163610,205721334,3834739623.0,2941815076.2,20.465594,4.192835,1.758877,14.84,15.02,15.47,15.37,15.22,13.28,12.24,2016-09-08,-
2021-09-01,300543,朗科智能,消费电子,13.92,14.08,12.84,13.03,12.84,14623346,200235225.58,7.1083,-6.643,8.88,否,1.27,-11.3,-16.635,-14.333,-9.325,否,268163610,205721334,3579984193.5,2746379808.9,19.105991,3.91429,1.642028,14.37,14.8,15.34,15.3,15.22,13.3,12.25,2016-09-08,-
2021-09-02,300543,朗科智能,消费电子,13.08,13.15,12.74,12.85,12.74,8953006,118625491.25,4.352,-1.348,3.15,否,0.68,-9.123,-16.613,-13.234,-13.526,否,268163610,205721334,3531714743.7,2709349968.78,18.848382,3.861513,1.619889,13.73,14.6,15.23,15.2,15.22,13.32,12.26,2016-09-08,-
2021-09-03,300543,朗科智能,消费电子,12.89,13.4,12.89,13.24,12.89,7966517,107848922.0,3.8725,3.037,3.95,否,0.64,-5.158,-17.353,-9.932,-14.746,否,268163610,205721334,3638980187.7,2791638502.38,19.420847,3.978795,1.669088,13.44,14.46,15.13,15.13,15.22,13.34,12.27,2016-09-08,-
2021-09-06,300543,朗科智能,消费电子,13.36,13.41,12.81,13.32,12.81,7579994,101965348.09,3.6846,0.59,4.5,否,0.78,2.226,-9.326,-14.67,-15.482,否,268163610,205721334,3660433276.5,2808096209.1,19.535339,4.002252,1.678928,13.28,14.23,15.02,15.07,15.22,13.37,12.28,2016-09-08,-
2021-09-07,300543,朗科智能,消费电子,13.32,13.54,13.2,13.48,13.2,5962675,82059420.23,2.8984,1.172,2.49,否,0.65,4.903,-4.668,-13.756,-12.125,否,268163610,205721334,3703339454.1,2841011622.54,19.764325,4.049165,1.698608,13.18,14.01,14.88,15.04,15.24,13.39,12.29,2016-09-08,-
2021-09-08,300543,朗科智能,消费电子,13.52,13.63,13.33,13.61,13.33,6869736,94815475.6,3.3393,1.014,2.24,否,0.76,2.795,-2.507,-11.681,-13.367,否,268163610,205721334,3740882359.5,2869812609.3,19.964688,4.090213,1.715828,13.3,13.83,14.71,15.02,15.25,13.42,12.3,2016-09-08,-
2021-09-09,300543,朗科智能,消费电子,13.52,13.54,13.29,13.33,13.29,4876458,66973376.79,2.3704,-2.079,1.79,否,0.65,0.075,2.302,-16.792,-11.955,否,268163610,205721334,3663114912.6,2810153422.44,19.549651,4.005184,1.680158,13.4,13.57,14.54,14.97,15.25,13.44,12.31,2016-09-08,-
2021-09-10,300543,朗科智能,消费电子,13.33,13.41,13.03,13.25,13.03,5564003,75125613.55,2.7046,-0.586,2.86,否,0.84,-1.706,3.113,-9.803,-12.541,否,268163610,205721334,3641661823.8,2793695715.72,19.435158,3.981727,1.670318,13.4,13.42,14.37,14.89,15.23,13.46,12.31,2016-09-08,-
2021-09-13,300543,朗科智能,消费电子,13.2,13.2,12.81,13.14,12.81,7178380,95530699.36,3.4894,-0.884,2.95,否,1.16,-3.453,-0.755,-7.072,-15.116,否,268163610,205721334,3609482190.6,2769009155.64,19.263419,3.946543,1.655558,13.36,13.32,14.23,14.8,15.22,13.48,12.32,2016-09-08,-
2021-09-14,300543,朗科智能,消费电子,13.1,14.01,13.08,13.49,13.08,10042459,139571245.66,4.8816,2.675,7.13,否,1.65,1.2,1.276,-3.367,-17.188,否,268163610,205721334,3706021090.2,2843068835.88,19.778637,4.052097,1.699838,13.36,13.27,14.15,14.74,15.21,13.51,12.33,2016-09-08,-
2021-09-15,300543,朗科智能,消费电子,13.52,13.62,13.31,13.56,13.31,5157693,71206116.72,2.5071,0.579,2.32,否,0.75,2.34,0.593,4.068,-20.141,否,268163610,205721334,3727474179.0,2859526542.6,19.89313,4.075553,1.709678,13.35,13.33,14.06,14.67,15.2,13.53,12.34,2016-09-08,-
2021-09-16,300543,朗科智能,消费电子,13.65,14.1,13.39,13.95,13.39,11974953,169243784.25,5.821,2.806,5.25,否,1.82,6.164,2.498,8.56,-16.517,否,268163610,205721334,3832057986.9,2939757862.86,20.451282,4.189903,1.757647,13.48,13.44,14.02,14.63,15.21,13.56,12.35,2016-09-08,-
2021-09-17,300543,朗科智能,消费电子,13.9,13.9,13.34,13.59,13.34,7970249,110731439.11,3.8743,-2.519,3.99,否,1.0,0.741,1.95,2.644,-18.476,否,268163610,205721334,3735519087.3,2865698182.62,19.936064,4.084349,1.713368,13.55,13.47,13.97,14.58,15.21,13.58,12.35,2016-09-08,-
2021-09-22,300543,朗科智能,消费电子,13.31,13.64,13.14,13.49,13.14,5171091,70924528.78,2.5136,-0.79,3.73,否,0.61,-0.516,1.811,1.276,-16.107,否,268163610,205721334,3706021090.2,2843068835.88,19.778637,4.052097,1.699838,13.62,13.49,13.86,14.51,15.18,13.61,12.37,2016-09-08,-
2021-09-23,300543,朗科智能,消费电子,13.52,13.75,13.43,13.53,13.43,6438139,89646449.6,3.1295,0.289,2.39,否,0.8,-3.011,2.968,0.371,-10.397,否,268163610,205721334,3716747634.6,2851297689.24,19.835883,4.063825,1.704758,13.62,13.49,13.75,14.42,15.16,13.64,12.37,2016-09-08,-
2021-09-24,300543,朗科智能,消费电子,13.54,13.54,13.01,13.01,13.01,6147222,83073790.65,2.9881,-3.824,3.9,否,0.84,-4.268,-3.558,-4.409,-14.464,否,268163610,205721334,3574620921.3,2742265382.22,19.077368,3.908426,1.639569,13.51,13.43,13.63,14.29,15.12,13.66,12.38,2016-09-08,-
2021-09-27,300543,朗科智能,消费电子,13.03,13.17,12.39,12.56,12.39,5258177,68333811.64,2.556,-3.451,6.0,否,0.7,-6.894,-7.375,-5.776,-15.192,否,268163610,205721334,3451265660.7,2647633568.58,18.419034,3.773552,1.582989,13.24,13.36,13.46,14.15,15.08,13.68,12.38,2016-09-08,-
2021-09-28,300543,朗科智能,消费电子,12.57,12.75,12.47,12.75,12.47,2400956,31121512.91,1.1671,1.554,2.25,否,0.39,-5.765,-8.602,-3.774,-13.265,否,268163610,205721334,3504898382.7,2688777835.38,18.705266,3.832193,1.607589,13.07,13.31,13.36,14.02,15.03,13.71,12.38,2016-09-08,-
2021-09-29,300543,朗科智能,消费电子,12.61,12.83,12.49,12.51,12.49,2395217,31009033.27,1.1643,-1.913,2.68,否,0.47,-3.843,-7.947,-4.795,-19.859,否,268163610,205721334,3437857480.2,2637347501.88,18.347476,3.758891,1.576839,12.87,13.24,13.28,13.9,14.96,13.73,12.38,2016-09-08,-
2021-09-30,300543,朗科智能,消费电子,12.57,12.85,12.54,12.84,12.54,2177024,28445043.68,1.0582,2.652,2.5,否,0.48,2.229,-4.818,-4.818,-17.85,否,268172388,207852599,3529148626.08,2735340202.84,18.834071,3.858581,1.618659,12.73,13.18,13.23,13.82,14.89,13.75,12.39,2016-09-08,-
2021-10-08,300543,朗科智能,消费电子,13.06,13.15,12.95,13.02,12.95,2404051,32125021.01,1.1686,1.368,1.52,否,0.65,2.118,-3.769,-3.982,-15.509,否,268172388,207852599,3577419655.92,2772753670.66,19.09168,3.911358,1.640798,12.74,13.13,13.23,13.75,14.83,13.77,12.39,2016-09-08,-
2021-10-11,300543,朗科智能,消费电子,12.94,13.19,12.93,13.1,12.93,2299302,30874352.41,1.1177,0.6,2.02,否,0.79,4.716,0.692,-6.093,-18.227,否,268172388,207852599,3598873446.96,2789381878.58,19.206173,3.934815,1.650638,12.84,13.04,13.24,13.69,14.78,13.8,12.4,2016-09-08,-
2021-10-12,300543,朗科智能,消费电子,12.99,13.06,12.58,12.74,12.58,3044615,39794452.75,1.48,-2.683,3.65,否,1.3,-0.779,1.433,-6.255,-13.274,否,268172388,207852599,3502331387.28,2714554942.94,18.690955,3.829261,1.606359,12.84,12.96,13.21,13.63,14.7,13.82,12.41,2016-09-08,-
2021-10-13,300543,朗科智能,消费电子,12.73,13.0,12.59,12.93,12.59,2742450,36045725.06,1.3194,1.455,3.22,否,1.11,-0.691,1.412,-4.151,-8.557,否,268172388,207852599,3553284141.0,2754046936.75,18.963496,3.885097,1.629782,12.93,12.9,13.19,13.54,14.61,13.85,12.42,2016-09-08,-
2021-10-14,300543,朗科智能,消费电子,12.92,13.41,12.83,13.27,12.83,5327263,72192855.52,2.563,2.642,4.45,否,2.1,1.298,6.075,-1.922,-4.943,否,268172388,207852599,3647144476.8,2826795346.4,19.464419,3.987722,1.672833,13.01,12.87,13.18,13.46,14.52,13.88,12.43,2016-09-08,-
2021-10-15,300543,朗科智能,消费电子,12.91,12.93,12.34,12.38,12.34,10663572,137267874.01,5.1304,-6.691,4.49,否,3.37,-2.826,-3.583,-4.842,-4.988,否,268172388,207852599,3403107603.72,2637649481.31,18.16202,3.720897,1.560901,12.88,12.81,13.12,13.36,14.42,13.89,12.44,2016-09-08,-
2021-10-18,300543,朗科智能,消费电子,12.36,12.49,12.18,12.47,12.18,2975087,37580797.28,1.4313,0.709,2.52,否,0.62,-3.558,-4.224,-0.717,-2.957,否,268172388,207852599,3427243118.64,2656356215.22,18.290829,3.747286,1.571971,12.76,12.8,13.08,13.24,14.35,13.89,12.44,2016-09-08,-
2021-10-19,300543,朗科智能,消费电子,12.39,12.82,12.39,12.7,12.39,3979406,51814158.91,1.9145,1.8,3.44,否,0.8,-4.295,-3.053,-0.392,-4.079,否,268172388,207852599,3488922767.88,2704162312.99,18.620006,3.814725,1.600261,12.75,12.8,13.05,13.17,14.3,13.9,12.45,2016-09-08,-
2021-10-20,300543,朗科智能,消费电子,12.67,12.79,12.59,12.66,12.59,2783423,36210767.27,1.3391,-0.308,1.61,否,0.54,2.262,-0.628,1.199,-4.955,否,268172388,207852599,3478195872.36,2695848209.03,18.562758,3.802997,1.595341,12.7,12.81,13.03,13.13,14.27,13.9,12.46,2016-09-08,-
2021-10-21,300543,朗科智能,消费电子,12.67,12.88,12.38,12.87,12.38,5132675,66808937.85,2.4694,1.696,3.93,否,1.0,3.208,-0.464,0.234,-4.525,否,268172388,207852599,3537193797.72,2741575780.81,18.877624,3.867504,1.622402,12.62,12.81,13.0,13.09,14.23,13.91,12.46,2016-09-08,-
2021-10-22,300543,朗科智能,消费电子,12.88,12.94,12.53,12.57,12.53,3345156,43464045.15,1.6094,-2.35,3.18,否,0.66,-1.024,-5.275,-3.456,-7.641,否,268172388,207852599,3454060357.44,2677141475.12,18.433949,3.776607,1.584271,12.65,12.77,12.95,13.07,14.18,13.9,12.46,2016-09-08,-
2021-10-25,300543,朗科智能,消费电子,12.57,13.03,12.39,12.95,12.39,4936101,64738584.15,2.3748,3.028,5.05,否,1.35,2.291,4.604,-1.145,-2.851,否,268172388,207852599,3558647588.76,2758203988.73,18.99212,3.890961,1.632242,12.75,12.75,12.9,13.08,14.14,13.9,12.46,2016-09-08,-
2021-10-26,300543,朗科智能,消费电子,12.88,13.55,12.85,13.36,12.85,9740690,132335641.94,4.6863,3.165,5.35,否,2.41,3.807,7.137,4.867,0.83,否,268172388,207852599,3671279991.72,2845502080.31,19.593227,4.014111,1.683903,12.88,12.82,12.89,13.08,14.1,13.91,12.46,2016-09-08,-
2021-10-27,300543,朗科智能,消费电子,13.3,13.38,13.04,13.18,13.04,5518554,74496434.79,2.655,-1.315,2.56,否,1.06,4.853,3.78,1.933,0.304,否,268172388,207852599,3623008961.88,2808088612.49,19.33561,3.961333,1.661763,12.99,12.84,12.87,13.08,14.07,13.91,12.46,2016-09-08,-
2021-10-28,300543,朗科智能,消费电子,13.08,13.15,12.59,12.84,12.59,5011742,65700017.91,2.4112,-2.591,4.29,否,0.87,-0.849,1.422,-3.24,-4.818,否,268172388,207852599,3529148626.08,2735340202.84,20.466596,3.729184,1.538494,12.98,12.8,12.84,13.06,14.05,13.92,12.46,2016-09-08,-
2021-10-29,300543,朗科智能,消费电子,13.02,13.38,12.9,13.37,12.9,7594095,103151793.21,3.6536,4.103,3.72,否,1.33,0.075,3.885,7.997,-1.401,否,268172388,207852599,3673961715.6,2847580606.3,21.30641,3.882205,1.601624,13.14,12.9,12.85,13.05,14.03,13.93,12.46,2016-09-08,-
2021-11-01,300543,朗科智能,消费电子,13.37,13.61,13.24,13.48,13.24,7031328,96788616.01,3.3828,0.803,2.77,否,1.07,2.276,7.239,8.099,-3.369,否,268172388,207852599,3703460678.28,2870444392.19,21.477484,3.913376,1.614484,13.25,13.0,12.9,13.05,14.01,13.94,12.47,2016-09-08,-
2021-11-02,300543,朗科智能,消费电子,13.48,13.53,12.99,13.28,12.99,6821787,92535336.54,3.282,-1.448,3.98,否,0.98,3.427,2.548,4.567,-2.281,否,268172388,207852599,3649826200.68,2828873872.39,21.166441,3.856701,1.591102,13.23,13.06,12.93,13.05,13.97,13.96,12.47,2016-09-08,-
2021-11-03,300543,朗科智能,消费电子,13.15,13.74,13.11,13.71,13.11,10083434,139286647.76,4.8512,3.233,4.78,否,1.58,2.543,2.62,8.294,1.631,否,268172388,207852599,3767822051.4,2920329015.95,21.850735,3.981385,1.642541,13.34,13.16,12.99,13.07,13.94,13.98,12.47,2016-09-08,-
2021-11-04,300543,朗科智能,消费电子,13.86,14.6,13.58,14.42,13.58,21119602,308350317.34,10.1609,5.196,7.4,否,2.89,6.973,9.408,12.044,6.578,否,268172388,207852599,3963587894.64,3072061413.22,22.98604,4.188247,1.727883,13.65,13.32,13.07,13.1,13.92,14.0,12.48,2016-09-08,-
2021-11-05,300543,朗科智能,消费电子,14.18,14.37,14.07,14.1,14.07,11846777,172000896.57,5.6996,-2.233,2.1,否,1.13,6.175,9.813,12.172,8.378,否,268172388,207852599,3875091006.6,3003470055.55,22.47282,4.094734,1.689304,13.8,13.47,13.12,13.12,13.9,14.02,12.48,2016-09-08,-
2021-11-08,300543,朗科智能,消费电子,14.08,14.12,13.66,14.01,13.66,7552818,107368889.55,3.6337,-0.623,3.25,否,0.66,2.188,4.787,8.185,11.545,否,268172388,207852599,3850955491.68,2984763321.64,22.332851,4.069231,1.678783,13.9,13.58,13.16,13.12,13.88,14.04,12.49,2016-09-08,-
2021-11-09,300543,朗科智能,消费电子,13.96,14.22,13.82,14.15,13.82,7408579,106423973.41,3.5643,0.975,2.86,否,0.65,-1.872,4.97,5.913,10.98,否,268172388,207852599,3888499626.0,3013862685.5,22.55058,4.108903,1.695149,14.08,13.65,13.24,13.14,13.86,14.06,12.49,2016-09-08,-
2021-11-10,300543,朗科智能,消费电子,14.02,14.04,13.78,14.0,13.78,6463499,92193356.53,3.1097,-1.035,1.86,否,0.56,-0.709,5.422,6.222,11.91,否,268172388,207852599,3848273767.8,2982684795.65,22.317299,4.066397,1.677613,14.14,13.74,13.29,13.16,13.84,14.08,12.49,2016-09-08,-
2021-11-11,300543,朗科智能,消费电子,13.95,14.2,13.85,13.94,13.85,7127025,102344621.13,3.4289,-0.488,2.51,否,0.66,-0.5,1.678,8.567,8.567,否,268172388,207852599,3829501700.64,2968135113.72,22.208434,4.046561,1.66943,14.04,13.85,13.32,13.17,13.8,14.1,12.49,2016-09-08,-
2021-11-12,300543,朗科智能,消费电子,13.91,14.32,13.78,14.31,13.78,11007039,159398782.9,5.2956,2.661,3.85,否,1.36,1.131,-0.763,7.031,9.908,否,268172388,207852599,3931407208.08,3047119101.34,22.799414,4.154243,1.713855,14.08,13.94,13.42,13.22,13.75,14.12,12.49,2016-09-08,-
2021-11-15,300543,朗科智能,消费电子,14.24,14.9,14.11,14.86,14.11,13507742,200821439.39,6.4987,3.888,5.53,否,1.71,6.143,5.39,10.237,13.435,否,268172388,207852599,4084265469.24,3165595082.77,23.685886,4.315765,1.780491,14.25,14.08,13.54,13.29,13.72,14.15,12.5,2016-09-08,-
2021-11-16,300543,朗科智能,消费电子,14.74,14.8,14.16,14.17,14.16,10800672,160302975.11,5.1963,-4.662,4.33,否,1.19,1.65,1.142,6.702,11.224,否,268172388,207852599,3893863073.76,3018019737.48,22.581685,4.11457,1.697488,14.26,14.17,13.61,13.34,13.68,14.17,12.5,2016-09-08,-
2021-11-17,300543,朗科智能,消费电子,14.03,14.48,13.84,14.47,13.84,7421401,108377969.58,3.5705,2.135,4.55,否,0.76,1.118,2.261,5.543,11.91,否,268172388,207852599,3976996514.04,3082454043.17,23.063801,4.202416,1.733729,14.35,14.24,13.7,13.41,13.65,14.19,12.5,2016-09-08,-
2021-11-18,300543,朗科智能,消费电子,14.47,14.78,14.26,14.3,14.26,9165121,136755567.13,4.4094,-1.214,3.64,否,0.92,-3.769,2.143,-0.832,7.762,否,268172388,207852599,3928725484.2,3045040575.35,22.783862,4.151409,1.712686,14.42,14.23,13.77,13.45,13.64,14.21,12.5,2016-09-08,-
2021-11-19,300543,朗科智能,消费电子,14.26,14.83,14.26,14.67,14.26,7933537,119028262.94,3.8169,2.594,4.03,否,0.76,3.529,5.237,4.043,18.498,否,268172388,207852599,4030630991.64,3124024562.97,23.374843,4.25909,1.75711,14.49,14.29,13.88,13.51,13.63,14.23,12.51,2016-09-08,-
2021-11-22,300543,朗科智能,消费电子,14.68,15.02,14.45,14.92,14.45,10639139,161364115.8,5.1186,1.73,3.86,否,1.09,3.11,4.263,6.495,19.647,否,268172388,207852599,4100355812.52,3178066238.71,23.779198,4.332767,1.787506,14.51,14.38,13.98,13.57,13.63,14.26,12.52,2016-09-08,-
2021-11-23,300543,朗科智能,消费电子,14.83,14.91,14.66,14.88,14.66,6906872,104481593.71,3.323,-0.262,1.7,否,0.75,4.056,0.135,5.159,17.165,否,268172388,207852599,4089628917.0,3169752134.75,23.71699,4.321432,1.78283,14.65,14.45,14.05,13.64,13.63,14.28,12.53,2016-09-08,-
2021-11-24,300543,朗科智能,消费电子,15.06,15.51,14.49,14.54,14.49,10432379,159934352.04,5.0191,-2.295,6.82,否,1.24,-0.886,2.611,3.857,14.85,否,268172388,207852599,3995768581.2,3097003725.1,23.172665,4.222252,1.741912,14.66,14.51,14.12,13.69,13.62,14.31,12.54,2016-09-08,-
2021-11-25,300543,朗科智能,消费电子,14.64,14.72,14.27,14.31,14.27,9131962,135302270.84,4.3935,-1.611,3.09,否,1.01,-4.088,-1.106,2.654,11.189,否,268172388,207852599,3931407208.08,3047119101.34,22.799414,4.154243,1.713855,14.66,14.54,14.19,13.73,13.59,14.32,12.55,2016-09-08,-
2021-11-26,300543,朗科智能,消费电子,14.3,14.37,13.89,14.3,13.89,8199810,118444145.96,3.945,-0.068,3.41,否,0.91,-3.898,0.0,-0.07,13.763,否,268172388,207852599,3928725484.2,3045040575.35,22.783862,4.151409,1.712686,14.59,14.54,14.24,13.79,13.58,14.33,12.56,2016-09-08,-
2021-11-29,300543,朗科智能,消费电子,14.03,15.28,13.96,15.12,13.96,16781172,256185679.1,8.0736,5.734,9.22,否,1.85,3.989,3.067,1.75,16.757,否,268172388,207852599,4153990290.12,3219636758.51,24.090241,4.389442,1.810887,14.63,14.57,14.32,13.88,13.56,14.35,12.57,2016-09-08,-
2021-11-30,300543,朗科智能,消费电子,15.17,15.19,14.75,14.96,14.75,9028964,138302462.97,4.3439,-1.033,2.97,否,0.88,4.542,0.268,5.575,11.976,否,268172388,207852599,4111082708.04,3186380342.67,23.841407,4.344102,1.792182,14.65,14.65,14.41,13.96,13.57,14.37,12.58,2016-09-08,-
2021-12-01,300543,朗科智能,消费电子,14.98,15.13,14.77,15.1,14.77,7071081,108603902.33,3.402,0.913,2.35,否,0.66,5.594,1.478,4.354,14.568,否,268172388,207852599,4148626842.36,3215479706.53,24.059137,4.383774,1.808549,14.76,14.71,14.48,14.04,13.58,14.39,12.6,2016-09-08,-
2021-12-02,300543,朗科智能,消费电子,15.17,15.33,14.54,14.59,14.54,8734739,132931347.77,4.2024,-3.361,5.24,否,0.87,-3.505,0.344,2.028,13.629,否,268172388,207852599,4009177200.6,3107396355.05,23.250426,4.236421,1.747758,14.81,14.74,14.49,14.1,13.59,14.4,12.61,2016-09-08,-
2021-12-03,300543,朗科智能,消费电子,14.54,14.86,14.54,14.76,14.54,4653071,70199153.78,2.2386,1.137,2.21,否,0.47,-1.337,3.145,0.613,10.396,否,268172388,207852599,4054766506.56,3142731296.88,23.514812,4.284594,1.767632,14.91,14.75,14.52,14.17,13.62,14.42,12.62,2016-09-08,-
2021-12-06,300543,朗科智能,消费电子,14.67,14.79,13.84,14.03,13.84,8905701,129547341.48,4.2846,-4.894,6.48,否,0.96,-7.086,-1.888,-5.965,4.08,否,268172388,207852599,3856318939.44,2988920373.62,22.363955,4.074898,1.681121,14.69,14.66,14.52,14.2,13.64,14.43,12.63,2016-09-08,-
2021-12-07,300543,朗科智能,消费电子,14.05,14.15,13.46,13.53,13.46,6192700,86615320.96,2.9794,-3.616,4.94,否,0.81,-7.265,-10.516,-9.073,1.883,否,268172388,207852599,3716869297.68,2880837022.14,21.555244,3.927544,1.620329,14.4,14.52,14.49,14.21,13.65,14.43,12.64,2016-09-08,-
2021-12-08,300543,朗科智能,消费电子,13.58,13.9,13.53,13.79,13.53,3601871,50706173.35,1.7329,1.948,2.74,否,0.51,-6.572,-7.821,-5.158,0.584,否,268172388,207852599,3789275842.44,2936957223.87,21.975152,4.004055,1.651894,14.14,14.45,14.48,14.23,13.65,14.44,12.65,2016-09-08,-
2021-12-09,300543,朗科智能,消费电子,13.78,13.95,13.71,13.82,13.71,3395002,48116341.18,1.6334,0.212,1.7,否,0.53,-1.497,-8.477,-3.424,-4.161,否,268172388,207852599,3797321014.08,2943192801.84,22.021808,4.012556,1.655401,13.99,14.4,14.47,14.26,13.66,14.45,12.66,2016-09-08,-
2021-12-10,300543,朗科智能,消费电子,13.74,15.45,13.72,15.42,13.72,29274795,448564919.19,14.0844,11.582,12.5,否,5.47,13.969,5.689,7.832,9.362,否,268172388,207852599,4237123730.4,3284071064.2,24.572357,4.477287,1.847128,14.12,14.51,14.53,14.33,13.69,14.47,12.68,2016-09-08,-
2021-12-13,300543,朗科智能,消费电子,15.62,15.73,14.74,14.9,14.74,15129904,234226718.42,7.2792,-3.354,6.46,否,1.47,8.049,0.949,-1.455,6.353,否,268172388,207852599,4094992364.76,3173909186.73,23.748094,4.3271,1.785168,14.29,14.49,14.53,14.38,13.72,14.48,12.69,2016-09-08,-
2021-12-14,300543,朗科智能,消费电子,15.09,15.17,14.58,14.96,14.58,11511318,175298200.97,5.5382,0.393,3.99,否,1.0,8.249,6.629,0.0,5.724,否,268172388,207852599,4111082708.04,3186380342.67,23.841407,4.344102,1.792182,14.58,14.49,14.57,14.43,13.74,14.49,12.71,2016-09-08,-
2021-12-15,300543,朗科智能,消费电子,14.92,15.1,14.79,14.96,14.79,7361732,112714986.75,3.5418,0.0,2.02,否,0.59,-2.983,10.569,-0.927,6.857,否,268172388,207852599,4111082708.04,3186380342.67,23.841407,4.344102,1.792182,14.81,14.48,14.59,14.48,13.77,14.5,12.72,2016-09-08,-
2021-12-16,300543,朗科智能,消费电子,15.05,15.11,14.62,14.8,14.62,7672782,115858070.01,3.6915,-1.044,3.26,否,0.58,-0.671,7.324,1.439,6.169,否,268172388,207852599,4068175125.96,3153123926.83,23.592573,4.298763,1.773477,15.01,14.5,14.62,14.49,13.8,14.5,12.73,2016-09-08,-
2021-12-17,300543,朗科智能,消费电子,14.86,15.0,14.32,14.33,14.32,8705992,129699068.49,4.1885,-3.23,4.61,否,0.61,-4.211,3.69,-2.913,0.14,否,268172388,207852599,3936770655.84,3051276153.32,22.830519,4.15991,1.716193,14.79,14.45,14.6,14.5,13.81,14.51,12.74,2016-09-08,-
2021-12-20,300543,朗科智能,消费电子,14.32,14.42,13.97,14.03,13.97,4987614,72289520.01,2.3996,-2.044,3.13,否,0.49,-6.217,-9.014,0.0,-5.585,否,268172388,207852599,3856318939.44,2988920373.62,22.363955,4.074898,1.681121,14.62,14.45,14.56,14.5,13.81,14.51,12.75,2016-09-08,-
2021-12-21,300543,朗科智能,消费电子,14.07,14.41,14.02,14.36,14.02,4473344,65299045.03,2.1522,2.295,2.78,否,0.56,-2.973,-3.624,6.135,1.341,否,268172388,207852599,3944815827.48,3057511731.29,22.877175,4.168411,1.7197,14.5,14.54,14.53,14.5,13.82,14.52,12.76,2016-09-08,-
2021-12-22,300543,朗科智能,消费电子,14.34,14.42,14.14,14.3,14.14,5713547,83577950.22,2.7488,-0.408,1.97,否,0.86,-0.209,-4.412,3.698,-1.175,否,268172388,207852599,3928725484.2,3045040575.35,22.783862,4.151409,1.712686,14.36,14.59,14.52,14.51,13.84,14.51,12.78,2016-09-08,-
2021-12-23,300543,朗科智能,消费电子,14.3,14.33,13.99,14.15,13.99,4614328,66923170.83,2.22,-1.024,2.32,否,0.73,0.855,-5.414,2.388,-1.049,否,268172388,207852599,3888499626.0,3013862685.5,22.55058,4.108903,1.695149,14.23,14.62,14.51,14.52,13.85,14.5,12.79,2016-09-08,-
2021-12-24,300543,朗科智能,消费电子,14.15,14.2,13.37,13.39,13.37,9523643,133249342.85,4.5819,-5.379,5.86,否,1.67,-6.755,-9.527,-13.165,-8.725,否,268172388,207852599,3679325163.36,2851737658.28,21.337515,3.887872,1.603962,14.05,14.42,14.47,14.49,13.85,14.49,12.8,2016-09-08,-
2021-12-27,300543,朗科智能,消费电子,13.38,13.65,13.37,13.5,13.37,3221340,44604384.62,1.5498,0.802,2.11,否,0.55,-5.594,-5.792,-9.396,-9.517,否,268174546,207814032,3708853971.18,2874068062.56,21.508588,3.919043,1.616822,13.94,14.28,14.38,14.45,13.87,14.48,12.81,2016-09-08,-
2021-12-28,300543,朗科智能,消费电子,13.47,13.79,13.47,13.76,13.47,3355000,47039454.07,1.6144,1.952,2.39,否,0.61,-2.756,-1.924,-8.021,-7.527,否,268174546,207814032,3781261098.6,2930177851.2,21.928672,3.995586,1.6484,13.82,14.16,14.32,14.43,13.89,14.46,12.83,2016-09-08,-
2021-12-29,300543,朗科智能,消费电子,13.76,13.77,13.56,13.6,13.56,2398089,33503980.34,1.154,-1.135,1.49,否,0.45,1.568,-5.292,-9.091,-6.465,否,268174546,207814032,3738353171.24,2896927606.08,21.679836,3.950246,1.629695,13.68,14.02,14.25,14.4,13.9,14.43,12.84,2016-09-08,-
2021-12-30,300543,朗科智能,消费电子,13.62,13.97,13.62,13.74,13.62,4434732,62785897.76,2.134,1.004,2.58,否,0.96,1.778,-3.916,-7.162,-3.983,否,268174546,207814032,3775897607.68,2926021570.56,21.897567,3.989919,1.646062,13.6,13.92,14.21,14.38,13.92,14.41,12.85,2016-09-08,-
2021-12-31,300543,朗科智能,消费电子,13.69,13.87,13.59,13.66,13.59,4045797,56902832.66,1.9468,-0.568,1.99,否,0.88,-0.727,-3.463,-4.676,-4.476,否,268174890,198834041,3754448460.0,2783676574.0,21.773149,3.967249,1.636709,13.65,13.85,14.15,14.35,13.93,14.38,12.86,2016-09-08,-
2022-01-04,300543,朗科智能,消费电子,13.66,13.93,13.61,13.9,13.61,4026924,56946490.31,1.9378,1.714,2.29,否,1.15,2.206,3.809,-0.927,-8.069,否,268174890,198834041,3818810433.6,2831396743.84,22.146403,4.035259,1.664767,13.73,13.84,14.15,14.32,13.94,14.36,12.88,2016-09-08,-
2022-01-05,300543,朗科智能,消费电子,13.86,13.86,13.19,13.31,13.19,6824261,93649555.48,3.4321,-4.214,4.78,否,1.87,-3.13,-1.407,-7.312,-11.029,否,268174890,198834041,3657905499.6,2712096319.24,21.213296,3.865239,1.594624,13.64,13.73,14.13,14.26,13.95,14.32,12.89,2016-09-08,-
2022-01-06,300543,朗科智能,消费电子,13.31,13.67,13.22,13.47,13.22,4160215,57574917.92,2.0923,1.173,3.37,否,0.96,-1.391,-2.108,-5.804,-10.795,否,268174890,198834041,3700813482.0,2743909765.8,21.462132,3.910579,1.61333,13.62,13.65,14.12,14.23,13.96,14.29,12.9,2016-09-08,-
2022-01-07,300543,朗科智能,消费电子,13.57,13.75,13.3,13.37,13.3,4086989,56406119.26,2.0466,-0.725,3.33,否,0.87,-3.813,-1.691,-5.512,-8.362,否,268174890,199696919,3673995993.0,2735847790.3,21.306609,3.882241,1.601639,13.54,13.57,14.1,14.2,13.96,14.24,12.92,2016-09-08,-
2022-01-10,300543,朗科智能,消费电子,13.37,13.48,13.17,13.48,13.17,2911997,39852393.09,1.4582,0.803,2.26,否,0.63,1.277,-1.892,0.672,-8.672,否,268174890,199696919,3703495230.9,2757814451.39,21.477684,3.913412,1.614499,13.51,13.58,14.0,14.17,13.98,14.2,12.93,2016-09-08,-
2022-01-11,300543,朗科智能,消费电子,13.41,13.56,13.36,13.4,13.36,2122671,29245517.69,1.0629,-0.579,1.52,否,0.48,-0.52,-1.903,-0.741,-4.49,否,268174890,199696919,3682041239.7,2741838697.87,21.353266,3.890742,1.605146,13.41,13.57,13.92,14.11,14.0,14.17,12.94,2016-09-08,-
2022-01-12,300543,朗科智能,消费电子,13.44,13.62,13.44,13.56,13.44,2846884,39470464.52,1.4256,1.238,1.38,否,0.71,1.421,-2.446,-1.453,0.222,否,268174890,199696919,3727630971.0,2775787174.1,21.617655,3.938916,1.625021,13.46,13.55,13.85,14.07,14.01,14.16,12.96,2016-09-08,-
2022-01-13,300543,朗科智能,消费电子,13.55,13.64,13.24,13.28,13.24,4555186,62651962.95,2.281,-2.086,2.95,否,1.41,-1.484,-0.225,-2.353,-3.698,否,268174890,199696919,3649860252.9,2717875067.59,21.166639,3.856737,1.591117,13.42,13.52,13.77,14.01,14.02,14.14,12.97,2016-09-08,-
2022-01-14,300543,朗科智能,消费电子,13.27,13.38,13.0,13.0,13.0,3602300,48722421.42,1.8039,-2.131,2.87,否,1.09,-2.985,-3.489,-5.386,-5.933,否,268174890,199696919,3572089534.8,2659962961.08,20.715623,3.774558,1.557214,13.34,13.44,13.68,13.95,14.02,14.13,12.98,2016-09-08,-
2022-01-17,300543,朗科智能,消费电子,13.03,13.57,13.03,13.48,13.03,4461482,61214172.26,2.2341,3.679,4.2,否,1.39,-0.59,0.823,-1.318,-12.581,否,268174890,199696919,3703495230.9,2757814451.39,21.477684,3.913412,1.614499,13.34,13.43,13.64,13.91,14.04,14.11,13.0,2016-09-08,-
2022-01-18,300543,朗科智能,消费电子,13.48,13.58,13.31,13.4,13.31,3624547,49911530.11,1.815,-0.579,2.03,否,1.03,0.904,-0.593,-3.597,-10.067,否,268174890,199696919,3682041239.7,2741838697.87,21.353266,3.890742,1.605146,13.34,13.38,13.61,13.89,14.05,14.09,13.01,2016-09-08,-
2022-01-19,300543,朗科智能,消费电子,13.37,13.53,13.24,13.51,13.24,2971758,40751434.14,1.4881,0.801,2.11,否,0.78,3.923,0.821,1.503,-9.693,否,268174890,199696919,3711540477.6,2763805358.96,21.524341,3.921914,1.618006,13.33,13.4,13.56,13.89,14.05,14.08,13.03,2016-09-08,-
2022-01-20,300543,朗科智能,消费电子,13.47,13.47,13.03,13.09,13.03,3916630,52867255.85,1.9613,-3.107,3.25,否,1.02,-2.893,-3.466,-2.821,-12.5,否,268174890,199696919,3596225274.9,2677935683.79,20.855593,3.800062,1.567736,13.3,13.36,13.5,13.86,14.05,14.06,13.05,2016-09-08,-
2022-01-21,300543,朗科智能,消费电子,13.09,13.17,12.78,12.86,12.78,2723724,36094136.58,1.3639,-1.715,2.98,否,0.73,-4.03,-3.163,-3.815,-13.108,否,268174890,199696919,3534545050.2,2632005392.42,20.497891,3.734886,1.540847,13.27,13.31,13.44,13.83,14.05,14.05,13.07,2016-09-08,-
2022-01-24,300543,朗科智能,消费电子,12.86,12.96,12.81,12.88,12.81,1668015,22022326.63,0.8353,0.152,1.14,否,0.47,-4.663,-0.923,-4.451,-10.119,否,268174890,199696919,3539908548.0,2635999330.8,20.528996,3.740553,1.543185,13.15,13.25,13.41,13.75,14.04,14.04,13.07,2016-09-08,-
2022-01-25,300543,朗科智能,消费电子,12.87,12.93,12.3,12.3,12.3,3819950,48859596.85,1.9129,-4.546,4.92,否,1.28,-6.035,-8.754,-8.209,-12.331,否,268174890,199696919,3379003614.0,2516181179.4,19.59586,3.570528,1.47304,12.93,13.14,13.35,13.66,14.02,14.01,13.08,2016-09-08,-
2022-01-26,300543,朗科智能,消费电子,12.28,12.48,12.2,12.38,12.2,1656015,20934713.78,0.8293,0.714,2.3,否,0.55,-3.733,-7.612,-8.702,-13.788,否,268174890,199696919,3403139354.1,2534153902.11,19.73583,3.596032,1.483562,12.7,13.02,13.28,13.58,14.0,13.99,13.09,2016-09-08,-
2022-01-27,300543,朗科智能,消费电子,12.37,12.39,11.93,12.01,11.93,2238588,27954981.04,1.121,-2.995,3.78,否,0.81,-6.755,-11.103,-9.563,-16.014,否,268174890,199696919,3301232895.9,2458269072.89,19.144844,3.488349,1.439137,12.49,12.89,13.2,13.48,13.98,13.96,13.09,2016-09-08,-
2022-01-28,300543,朗科智能,消费电子,12.1,12.43,12.05,12.3,12.05,2136799,26825678.25,1.07,2.356,3.17,否,0.88,0.0,-6.035,-5.385,-13.074,否,268174890,199696919,3379003614.0,2516181179.4,19.59586,3.570528,1.47304,12.37,12.82,13.13,13.39,13.94,13.93,13.1,2016-09-08,-
2022-02-07,300543,朗科智能,消费电子,12.1,12.67,12.09,12.55,12.09,3058440,38930540.82,1.5315,2.064,4.68,否,1.33,1.373,-2.411,-6.899,-6.273,否,268174890,199696919,3448729085.4,2568102378.34,20.000219,3.644206,1.503436,12.31,12.73,13.08,13.33,13.92,13.91,13.1,2016-09-08,-
2022-02-08,300543,朗科智能,消费电子,12.46,12.63,12.39,12.61,12.39,2264111,29096684.13,1.1338,0.467,1.87,否,0.88,4.996,-2.096,-5.896,-6.593,否,268174890,199696919,3464819578.8,2580084193.48,20.093532,3.661208,1.510451,12.37,12.65,13.01,13.29,13.89,13.88,13.11,2016-09-08,-
2022-02-09,300543,朗科智能,消费电子,12.54,12.76,12.54,12.69,12.54,2066905,26843306.75,1.035,0.619,1.78,否,0.91,3.171,3.171,-6.07,-7.776,否,268174890,199696919,3486273570.0,2596059947.0,20.21795,3.683878,1.519803,12.43,12.57,12.98,13.23,13.87,13.86,13.12,2016-09-08,-
2022-02-10,300543,朗科智能,消费电子,12.63,12.74,12.48,12.59,12.48,2119155,27279749.71,1.0612,-0.769,2.0,否,0.9,0.319,1.696,-3.82,-7.426,否,268174890,199696919,3459456081.0,2576090255.1,20.062428,3.655541,1.508113,12.55,12.52,12.94,13.17,13.84,13.84,13.12,2016-09-08,-
2022-02-11,300543,朗科智能,消费电子,12.56,12.59,12.2,12.22,12.2,2247666,28402846.18,1.1255,-2.946,3.1,否,0.97,-3.093,1.749,-4.977,-11.063,否,268174890,199696919,3357549622.8,2500205425.88,19.471441,3.547858,1.463688,12.53,12.45,12.88,13.11,13.82,13.81,13.13,2016-09-08,-
2022-02-14,300543,朗科智能,消费电子,12.11,12.35,12.1,12.2,12.1,1324193,16622327.43,0.6631,-0.16,2.08,否,0.56,-3.861,-0.813,-5.28,-10.688,否,268174890,199696919,3352186125.0,2496211487.5,19.440337,3.542191,1.461349,12.46,12.39,12.82,13.07,13.78,13.77,13.14,2016-09-08,-
2022-02-15,300543,朗科智能,消费电子,12.34,12.34,12.13,12.28,12.13,1595134,20005592.24,0.7988,0.64,1.76,否,0.8,-2.462,-2.151,-0.163,-11.655,否,268174890,199696919,3373640116.2,2512187241.02,19.564755,3.564861,1.470702,12.4,12.38,12.76,13.03,13.74,13.73,13.14,2016-09-08,-
2022-02-16,300543,朗科智能,消费电子,12.34,12.49,12.29,12.39,12.29,1867338,23718560.18,0.9351,0.954,1.67,否,1.0,1.391,-1.745,0.081,-6.912,否,268174890,199696919,3405821103.0,2536150871.3,19.751382,3.598866,1.484731,12.34,12.38,12.7,12.98,13.71,13.69,13.15,2016-09-08,-
2022-02-17,300543,朗科智能,消费电子,12.39,12.48,12.26,12.34,12.26,1744435,22114788.34,0.8735,-0.472,1.81,否,0.95,1.148,-2.758,2.748,-8.389,否,268174890,199696919,3389730609.6,2524169056.16,19.658069,3.581863,1.477717,12.29,12.42,12.65,12.94,13.67,13.66,13.16,2016-09-08,-
2022-02-18,300543,朗科智能,消费电子,12.31,12.35,12.2,12.35,12.2,1992962,25069061.38,0.998,0.158,1.27,否,1.14,0.57,-1.906,0.407,-7.629,否,268174890,199696919,3395094107.4,2528162994.54,19.689173,3.587531,1.480055,12.31,12.42,12.62,12.9,13.64,13.64,13.16,2016-09-08,-
2022-02-21,300543,朗科智能,消费电子,12.32,12.64,12.23,12.6,12.23,2656137,34004392.23,1.3301,1.975,3.32,否,1.56,1.695,3.11,0.398,-6.528,否,268174890,199696919,3462137829.9,2578087224.29,20.07798,3.658375,1.509282,12.39,12.43,12.58,12.86,13.61,13.62,13.16,2016-09-08,-
2022-02-22,300543,朗科智能,消费电子,12.49,12.59,12.38,12.43,12.38,2194703,28011615.68,1.099,-1.317,1.63,否,1.11,0.729,1.885,-1.427,-7.239,否,268174890,199696919,3416548098.6,2544138748.06,19.813591,3.610201,1.489407,12.42,12.41,12.53,12.81,13.56,13.6,13.17,2016-09-08,-
2022-02-23,300543,朗科智能,消费电子,12.47,12.76,12.44,12.7,12.44,3142139,40813640.89,1.5735,2.119,2.59,否,1.5,2.834,3.42,0.079,-6.342,否,268174890,199696919,3488955318.9,2598056916.19,20.233503,3.686712,1.520972,12.48,12.41,12.49,12.79,13.53,13.58,13.18,2016-09-08,-
2022-02-24,300543,朗科智能,消费电子,12.61,12.77,12.19,12.37,12.19,4217016,53978831.18,2.1117,-2.537,4.61,否,1.8,-1.825,-0.161,-1.747,-6.852,否,268174890,199696919,3400457605.2,2532156932.92,19.720278,3.593198,1.482393,12.49,12.39,12.45,12.75,13.49,13.55,13.19,2016-09-08,-
2022-02-25,300543,朗科智能,消费电子,12.38,12.71,12.37,12.57,12.37,2515814,32463391.04,1.2598,1.577,2.68,否,0.89,1.126,1.864,2.864,-3.308,否,268174890,199696919,3454092583.2,2572096316.72,20.031323,3.649873,1.505774,12.53,12.42,12.44,12.73,13.46,13.53,13.2,2016-09-08,-
2022-02-28,300543,朗科智能,消费电子,12.54,12.66,12.29,12.38,12.29,2199551,27953859.0,1.1014,-1.475,2.95,否,0.75,-2.52,0.243,1.475,-8.16,否,268174890,199696919,3403139354.1,2534153902.11,19.73583,3.596032,1.483562,12.49,12.44,12.41,12.69,13.43,13.5,13.21,2016-09-08,-
2022-03-01,300543,朗科智能,消费电子,12.57,12.66,12.37,12.5,12.37,3026081,38862057.0,1.5153,0.946,2.29,否,1.06,1.051,-0.794,1.792,-6.716,否,268174890,199696919,3435320340.9,2558117532.39,19.922457,3.630037,1.497591,12.5,12.46,12.42,12.66,13.39,13.47,13.22,2016-09-08,-
2022-03-02,300543,朗科智能,消费电子,12.47,12.52,12.38,12.47,12.38,1995781,25469497.0,0.9994,-0.234,1.09,否,0.66,-0.796,0.322,0.646,-7.698,否,268174890,199696919,3427275094.2,2552126624.82,19.8758,3.621536,1.494084,12.46,12.47,12.43,12.62,13.35,13.46,13.23,2016-09-08,-
2022-03-03,300543,朗科智能,消费电子,12.49,12.53,12.27,12.32,12.27,2844422,36075476.0,1.4244,-1.252,2.11,否,1.02,-0.485,-2.992,-0.162,-5.882,否,268174890,199696919,3384367111.8,2520175117.78,19.626964,3.576196,1.475378,12.45,12.47,12.44,12.59,13.3,13.44,13.24,2016-09-08,-
2022-03-04,300543,朗科智能,消费电子,12.29,12.33,12.02,12.04,12.02,3556418,44338503.0,1.7809,-2.219,2.46,否,1.41,-3.68,-2.668,-2.51,-6.376,否,268174890,199696919,3309278142.6,2464259980.46,19.191501,3.496851,1.442644,12.34,12.44,12.43,12.56,13.26,13.42,13.25,2016-09-08,-
2022-03-07,300543,朗科智能,消费电子,12.0,12.04,11.63,11.71,11.63,3205901,38835943.0,1.6054,-2.755,3.4,否,1.18,-6.095,-6.842,-7.063,-9.084,否,268174890,199696919,3218098680.0,2396363028.0,18.662723,3.400503,1.402895,12.21,12.35,12.39,12.5,13.21,13.41,13.26,2016-09-08,-
2022-03-08,300543,朗科智能,消费电子,11.71,11.81,11.23,11.36,11.23,3408664,40189306.0,1.7069,-3.0,4.92,否,1.17,-7.792,-8.239,-8.608,-7.642,否,268174890,199696919,3121555719.6,2324472137.16,18.102842,3.298488,1.360809,11.98,12.24,12.33,12.43,13.16,13.4,13.26,2016-09-08,-
2022-03-09,300543,朗科智能,消费电子,11.47,11.52,10.58,11.11,10.58,3999735,45319614.0,2.0029,-2.234,8.25,否,1.33,-7.724,-11.12,-12.52,-10.258,否,268174890,199696919,3051830248.2,2272550938.22,17.698483,3.22481,1.330412,11.71,12.08,12.25,12.35,13.12,13.38,13.26,2016-09-08,-
2022-03-10,300543,朗科智能,消费电子,11.37,11.44,11.16,11.2,11.16,2653771,30774627.0,1.3289,0.879,2.46,否,0.78,-4.355,-10.184,-9.458,-6.744,否,268174890,199696919,3078647737.2,2292520630.12,17.854005,3.253148,1.342103,11.48,11.97,12.18,12.29,13.08,13.37,13.26,2016-09-08,-
2022-03-11,300543,朗科智能,消费电子,11.18,11.44,10.76,11.4,10.76,2309046,26380423.0,1.1563,1.742,6.01,否,0.69,0.352,-7.468,-9.308,-7.317,否,268174890,199696919,3132282715.2,2332460013.92,18.165051,3.309823,1.365485,11.36,11.85,12.14,12.24,13.04,13.35,13.26,2016-09-08,-
2022-03-14,300543,朗科智能,消费电子,11.29,11.33,11.03,11.03,11.03,1941959,22240104.0,0.9725,-3.253,2.65,否,0.62,-0.72,-8.389,-10.905,-12.112,否,268174890,199696919,3030376257.0,2256575184.7,17.574065,3.20214,1.32106,11.22,11.71,12.08,12.18,12.96,13.33,13.26,2016-09-08,-
2022-03-15,300543,朗科智能,消费电子,10.98,11.12,10.42,10.42,10.42,2910666,32164674.0,1.4575,-5.487,6.28,否,1.02,-6.964,-11.016,-16.64,-17.367,否,268174890,199696919,2864107825.2,2132763094.92,16.609824,3.026448,1.248577,11.03,11.51,11.98,12.12,12.89,13.3,13.26,2016-09-08,-
2022-03-16,300543,朗科智能,消费电子,10.54,10.88,10.27,10.85,10.27,2790538,30380449.0,1.3974,4.12,5.9,否,1.01,-4.825,-4.489,-12.991,-14.5,否,268174890,199696919,2982104776.8,2220629739.28,17.294124,3.151133,1.300016,10.98,11.34,11.91,12.07,12.82,13.28,13.26,2016-09-08,-
2022-03-17,300543,朗科智能,消费电子,10.92,11.12,10.85,10.92,10.85,2719845,30691335.0,1.362,0.63,2.52,否,1.08,-0.997,-1.71,-11.364,-13.264,否,268174890,199696919,3000877019.1,2234608523.61,17.40299,3.170969,1.3082,10.92,11.2,11.84,12.03,12.75,13.26,13.26,2016-09-08,-
2022-03-18,300543,朗科智能,消费电子,10.81,11.0,10.81,10.96,10.81,1992769,22348358.29,0.9979,0.358,1.7,否,0.79,5.182,-2.143,-8.97,-10.311,否,268174890,199696919,3011604014.7,2242596400.37,17.465199,3.182304,1.312876,10.84,11.1,11.77,11.99,12.69,13.24,13.26,2016-09-08,-
2022-03-21,300543,朗科智能,消费电子,11.02,11.11,10.85,11.0,10.85,2063499,23219565.36,1.0333,0.356,2.32,否,0.84,1.382,-3.509,-6.063,-9.836,否,268174890,199696919,3022331010.3,2250584277.13,17.527408,3.193639,1.317553,10.83,11.03,11.69,11.93,12.63,13.22,13.26,2016-09-08,-
2022-03-22,300543,朗科智能,消费电子,11.01,11.16,10.9,11.07,10.9,2585084,29231499.0,1.2945,0.621,2.4,否,1.04,1.374,0.363,-2.553,-9.853,否,268174890,199696919,3041103252.6,2264563061.46,17.636274,3.213475,1.325736,10.96,11.0,11.62,11.88,12.58,13.2,13.26,2016-09-08,-
2022-03-23,300543,朗科智能,消费电子,11.07,11.24,11.0,11.14,11.0,2619005,29900509.95,1.3115,0.706,2.2,否,1.08,1.642,6.91,0.27,-10.089,否,268174890,199696919,3062557243.8,2280538814.98,17.760692,3.236145,1.335089,11.02,11.0,11.54,11.83,12.53,13.18,13.27,2016-09-08,-
2022-03-24,300543,朗科智能,消费电子,11.06,11.06,10.85,10.85,10.85,2324910,25991088.38,1.1642,-2.627,1.84,否,0.97,-1.364,0.0,-3.125,-12.075,否,268174890,199696919,2982104776.8,2220629739.28,17.294124,3.151133,1.300016,11.0,10.96,11.47,11.77,12.47,13.15,13.27,2016-09-08,-
2022-03-25,300543,朗科智能,消费电子,10.92,11.83,10.91,11.53,10.91,9699618,113168813.15,4.8572,6.205,8.45,否,4.19,4.155,5.586,1.14,-6.64,否,268174890,199696919,3167145450.9,2358420613.39,18.36723,3.346662,1.380683,11.12,10.98,11.41,11.75,12.43,13.14,13.27,2016-09-08,-
2022-03-28,300543,朗科智能,消费电子,11.53,11.53,11.12,11.25,11.12,6264250,72288364.84,3.1369,-2.371,3.47,否,1.62,0.987,2.646,1.995,-10.714,否,268174890,199696919,3092056481.7,2302505476.07,17.931767,3.267317,1.347949,11.17,11.0,11.36,11.72,12.39,13.12,13.28,2016-09-08,-
2022-03-29,300543,朗科智能,消费电子,11.22,11.29,10.77,10.82,10.77,4376888,49220576.79,2.1918,-3.816,4.6,否,0.93,-0.276,-1.636,3.839,-12.953,否,268174890,199696919,2974059530.1,2214638831.71,17.247467,3.142632,1.296509,11.12,11.04,11.27,11.67,12.35,13.11,13.28,2016-09-08,-
2022-03-30,300543,朗科智能,消费电子,10.92,11.39,10.78,11.32,10.78,5716254,65004159.09,2.8625,4.599,5.59,否,1.13,-1.821,2.258,4.332,-10.866,否,268174890,199696919,3110828724.0,2316484260.4,18.040633,3.287153,1.356132,11.15,11.09,11.22,11.63,12.31,13.1,13.28,2016-09-08,-
2022-03-31,300543,朗科智能,消费电子,11.15,11.5,11.08,11.33,11.08,5285552,61214786.6,2.6468,0.086,3.71,否,0.93,0.711,1.706,3.755,-8.407,否,268176103,201404276,3113524555.83,2338303644.36,18.056185,3.289987,1.357301,11.25,11.13,11.17,11.6,12.27,13.09,13.28,2016-09-08,-
2022-04-01,300543,朗科智能,消费电子,11.29,11.4,11.13,11.27,11.13,2988020,34444318.2,1.4836,-0.517,2.33,否,0.48,4.159,3.871,2.828,-10.342,否,268176103,201404276,3097433989.65,2326219387.8,17.962953,3.272999,1.350293,11.2,11.16,11.13,11.56,12.23,13.07,13.29,2016-09-08,-
2022-04-06,300543,朗科智能,消费电子,11.19,11.42,11.19,11.27,11.19,2156604,25016127.82,1.0708,0.0,1.99,否,0.44,-0.442,-2.255,2.455,-8.966,否,268176103,201404276,3097433989.65,2326219387.8,17.962953,3.272999,1.350293,11.2,11.19,11.11,11.52,12.19,13.06,13.29,2016-09-08,-
2022-04-07,300543,朗科智能,消费电子,11.24,11.28,10.91,10.91,10.91,2258365,25538680.1,1.1213,-3.204,3.29,否,0.55,-3.707,-3.022,-1.445,-12.72,否,268176103,201404276,2998208831.54,2251699805.68,17.387516,3.16815,1.307037,11.22,11.17,11.08,11.47,12.14,13.04,13.29,2016-09-08,-
2022-04-08,300543,朗科智能,消费电子,10.91,10.94,10.51,10.6,10.51,2889275,31503635.71,1.4346,-2.862,3.94,否,0.78,-5.945,-2.033,-4.847,-14.996,否,268176103,201404276,2912392478.58,2187250437.36,16.889841,3.077469,1.269626,11.08,11.12,11.06,11.4,12.09,13.02,13.29,2016-09-08,-
2022-04-11,300543,朗科智能,消费电子,10.6,10.6,9.95,10.07,9.95,2923320,30573212.66,1.4515,-4.972,6.08,否,0.94,-10.648,-11.042,-7.189,-18.263,否,268176103,201404276,2767577382.96,2078492128.32,16.050015,2.924446,1.206496,10.82,11.04,11.0,11.32,12.04,13.0,13.29,2016-09-08,-
2022-04-12,300543,朗科智能,消费电子,10.13,10.28,9.84,10.24,9.84,1904603,19615611.7,0.9457,1.647,4.36,否,0.72,-6.141,-9.62,-11.188,-14.95,否,268176103,201404276,2813167320.47,2112730855.24,16.314405,2.97262,1.22637,10.62,10.91,10.94,11.24,11.99,12.97,13.29,2016-09-08,-
2022-04-13,300543,朗科智能,消费电子,10.15,10.21,9.87,9.96,9.87,1637404,16808746.92,0.813,-2.669,3.34,否,0.67,-6.038,-11.624,-11.467,-14.944,否,268176103,201404276,2738078011.63,2056337657.96,15.878939,2.893274,1.193636,10.36,10.78,10.89,11.16,11.93,12.95,13.29,2016-09-08,-
2022-04-14,300543,朗科智能,消费电子,10.07,10.13,9.98,10.0,9.98,1428710,14708309.7,0.7094,0.392,1.47,否,0.62,-0.695,-11.269,-7.579,-11.972,否,268176103,201404276,2748805055.75,2064393829.0,15.941148,2.90461,1.198312,10.17,10.7,10.87,11.08,11.87,12.93,13.29,2016-09-08,-
2022-04-15,300543,朗科智能,消费电子,9.92,9.99,9.67,9.72,9.67,2355527,23604233.04,1.1696,-2.829,3.22,否,1.09,-5.078,-10.907,-14.134,-12.511,否,268176103,201404276,2671033985.88,2005986588.96,15.490131,2.82243,1.164408,10.0,10.54,10.81,10.99,11.81,12.91,13.29,2016-09-08,-
2022-04-18,300543,朗科智能,消费电子,9.72,9.9,9.52,9.87,9.52,1360625,13603230.89,0.6756,1.506,3.82,否,0.66,-0.904,-6.887,-12.886,-11.875,否,268176103,201404276,2711260401.33,2036197230.36,15.723416,2.864937,1.181945,9.96,10.39,10.76,10.91,11.75,12.89,13.29,2016-09-08,-
2022-04-19,300543,朗科智能,消费电子,9.87,10.0,9.82,9.9,9.82,986160,10007232.2,0.4896,0.297,1.88,否,0.57,-1.0,-1.688,-12.156,-13.158,否,268176103,201404276,2719305684.42,2042239358.64,15.770073,2.873438,1.185452,9.89,10.25,10.71,10.84,11.7,12.86,13.28,2016-09-08,-
2022-04-20,300543,朗科智能,消费电子,9.9,10.05,9.8,9.88,9.8,1607332,16373191.04,0.7981,-0.197,2.56,否,1.03,1.646,-3.516,-12.334,-10.426,否,268176103,201404276,2713942162.36,2038211273.12,15.738968,2.867771,1.183114,9.87,10.12,10.65,10.78,11.64,12.84,13.28,2016-09-08,-
2022-04-21,300543,朗科智能,消费电子,9.86,9.94,9.6,9.67,9.6,1996751,20034819.67,0.9914,-2.075,3.46,否,1.29,-2.026,-2.912,-11.366,-7.198,否,268176103,201404276,2657625180.73,1995916375.16,15.412369,2.808262,1.158563,9.81,9.99,10.58,10.72,11.58,12.81,13.28,2016-09-08,-
2022-04-22,300543,朗科智能,消费电子,9.67,9.83,9.45,9.7,9.45,1611307,15876533.58,0.8,0.303,3.94,否,0.97,-2.02,-3.0,-8.491,-10.599,否,268176103,201404276,2665670463.82,2001958503.44,15.459026,2.816763,1.16207,9.8,9.9,10.51,10.67,11.51,12.78,13.28,2016-09-08,-
2022-04-25,300543,朗科智能,消费电子,9.2,9.54,8.59,8.59,8.59,3312071,30629413.78,1.6445,-11.469,9.86,否,2.19,-13.057,-11.626,-14.697,-21.337,否,268176103,201404276,2359949706.4,1772357628.8,13.686059,2.493714,1.028795,9.55,9.75,10.4,10.58,11.44,12.74,13.28,2016-09-08,-
2022-04-26,300543,朗科智能,消费电子,8.63,8.71,8.12,8.14,8.12,2378583,20585312.01,1.181,-5.227,6.93,否,1.25,-15.822,-17.528,-20.508,-25.73,否,268176103,201404276,2236588699.02,1679711661.84,12.970651,2.36336,0.975017,9.2,9.54,10.23,10.48,11.36,12.7,13.27,2016-09-08,-
2022-04-27,300543,朗科智能,消费电子,7.88,8.33,7.8,8.31,7.8,3799310,31216871.65,1.8864,2.158,6.59,否,1.74,-14.33,-16.061,-16.566,-24.455,否,268176103,201404276,2284860397.56,1715964431.52,28.739973,2.402496,0.981614,8.88,9.38,10.08,10.39,11.28,12.66,13.26,2016-09-08,-
2022-04-28,300543,朗科智能,消费电子,8.16,8.35,7.87,7.98,7.87,2619147,21662663.02,1.3004,-3.991,5.87,否,1.0,-7.101,-19.231,-20.2,-27.913,否,268176103,201404276,2193680522.54,1647486977.68,27.593073,2.306622,0.942441,8.54,9.18,9.94,10.3,11.21,12.62,13.24,2016-09-08,-
2022-04-29,300543,朗科智能,消费电子,7.99,8.43,7.99,8.37,7.99,2777366,23596225.54,1.379,4.89,5.5,否,1.01,2.826,-13.444,-13.889,-24.865,否,268176103,201404276,2300950963.74,1728048688.08,28.942367,2.419415,0.988526,8.28,9.04,9.79,10.22,11.14,12.57,13.23,2016-09-08,-
2022-05-05,300543,朗科智能,消费电子,8.38,8.61,8.27,8.49,8.27,1988607,17319878.35,0.9874,1.399,4.08,否,0.67,2.166,-12.474,-13.982,-21.751,否,268176103,201404276,2333132096.1,1752217201.2,29.347156,2.453253,1.002352,8.26,8.9,9.65,10.14,11.09,12.53,13.22,2016-09-08,-
2022-05-06,300543,朗科智能,消费电子,8.33,8.5,8.22,8.41,8.22,1993833,17146747.33,0.99,-0.92,3.33,否,0.74,5.388,-2.095,-15.051,-27.06,否,268176103,201404276,2311678007.86,1736104859.12,29.077297,2.430694,0.993135,8.31,8.75,9.5,10.06,11.02,12.48,13.2,2016-09-08,-
2022-05-09,300543,朗科智能,消费电子,8.54,8.6,8.36,8.48,8.36,1567834,13617050.16,0.7785,0.812,2.78,否,0.59,1.314,4.177,-14.17,-24.622,否,268176103,201404276,2330450335.07,1750203158.44,29.313423,2.450433,1.0012,8.35,8.61,9.36,9.97,10.95,12.43,13.18,2016-09-08,-
2022-05-10,300543,朗科智能,消费电子,8.34,8.61,8.29,8.61,8.29,2021336,17631283.5,1.0036,1.496,3.8,否,0.92,1.413,3.61,-10.962,-20.425,否,268176103,201404276,2365313228.46,1776385714.32,29.751944,2.487091,1.016177,8.47,8.51,9.25,9.89,10.89,12.39,13.16,2016-09-08,-
2022-05-11,300543,朗科智能,消费电子,8.6,8.84,8.56,8.59,8.56,2750310,24605219.73,1.3656,-0.227,3.29,否,1.33,2.14,7.644,-11.443,-24.117,否,268176103,201404276,2359949706.4,1772357628.8,29.684479,2.481451,1.013873,8.52,8.4,9.15,9.8,10.82,12.34,13.15,2016-09-08,-
2022-05-12,300543,朗科智能,消费电子,8.52,8.71,8.42,8.61,8.42,3281902,28894041.01,1.6295,0.227,3.41,否,1.59,1.533,2.867,0.233,-24.007,否,268176103,201404276,2365313228.46,1776385714.32,29.751944,2.487091,1.016177,8.54,8.4,9.08,9.73,10.75,12.3,13.13,2016-09-08,-
2022-05-13,300543,朗科智能,消费电子,8.61,8.73,8.46,8.63,8.46,2134630,18835283.4,1.0599,0.227,3.17,否,0.92,0.232,1.649,6.02,-23.425,否,268176103,201404276,2370676750.52,1780413799.84,29.819409,2.49273,1.018482,8.58,8.45,9.0,9.63,10.69,12.25,13.12,2016-09-08,-
2022-05-16,300543,朗科智能,消费电子,8.69,8.73,8.53,8.6,8.53,1613966,14249279.32,0.8014,-0.339,2.38,否,0.69,0.116,2.259,3.49,-23.691,否,268176103,201404276,2362631467.43,1774371671.56,29.718212,2.484271,1.015025,8.61,8.48,8.93,9.54,10.63,12.21,13.1,2016-09-08,-
2022-05-17,300543,朗科智能,消费电子,8.59,8.65,8.39,8.56,8.39,2133338,18578280.76,1.0592,-0.454,2.95,否,0.9,-0.581,0.943,7.268,-21.54,否,268176103,201404276,2351904423.31,1766315500.52,29.583282,2.472992,1.010417,8.6,8.54,8.86,9.47,10.57,12.15,13.09,2016-09-08,-
2022-05-18,300543,朗科智能,消费电子,8.56,8.75,8.48,8.69,8.48,2308841,20532542.45,1.1464,1.482,3.19,否,0.97,0.695,0.929,3.823,-18.019,否,268176103,201404276,2386767316.7,1792498056.4,30.021803,2.509649,1.025394,8.62,8.57,8.8,9.38,10.51,12.11,13.08,2016-09-08,-
2022-05-19,300543,朗科智能,消费电子,8.54,8.87,8.5,8.78,8.5,2574317,23015599.9,1.2782,1.124,4.27,否,1.12,2.093,2.212,3.416,-12.81,否,268176103,201404276,2413584927.0,1812638484.0,30.359126,2.537848,1.036916,8.65,8.6,8.75,9.3,10.45,12.06,13.07,2016-09-08,-
2022-05-20,300543,朗科智能,消费电子,8.78,8.96,8.75,8.88,8.75,2400623,21789512.91,1.1919,1.111,2.33,否,1.12,3.738,3.136,5.589,-13.281,否,268176103,201404276,2440402537.3,1832778911.6,30.69645,2.566046,1.048437,8.7,8.64,8.7,9.22,10.39,12.02,13.06,2016-09-08,-
2022-05-23,300543,朗科智能,消费电子,8.99,9.08,8.85,9.03,8.85,2590145,23784260.86,1.286,1.648,2.53,否,1.17,3.913,4.635,6.486,-9.337,否,268176103,201404276,2480628952.75,1862989553.0,31.202436,2.608343,1.065719,8.79,8.7,8.66,9.14,10.33,11.97,13.05,2016-09-08,-
2022-05-24,300543,朗科智能,消费电子,9.08,9.15,8.59,8.61,8.59,2901141,26293348.72,1.4405,-4.649,6.27,否,1.21,-1.936,0.116,0.0,-13.9,否,268176103,201404276,2365313228.46,1776385714.32,29.751944,2.487091,1.016177,8.8,8.7,8.6,9.07,10.27,11.92,13.04,2016-09-08,-
2022-05-25,300543,朗科智能,消费电子,8.57,8.8,8.57,8.78,8.57,2088209,18658064.35,1.0368,2.041,2.72,否,0.82,-1.126,2.57,2.212,-9.671,否,268176103,201404276,2413584927.0,1812638484.0,30.359126,2.537848,1.036916,8.82,8.72,8.56,9.01,10.2,11.86,13.02,2016-09-08,-
2022-05-26,300543,朗科智能,消费电子,8.81,8.89,8.52,8.79,8.52,2560208,22975645.77,1.2712,0.111,4.22,否,1.02,-2.658,1.151,2.091,-10.942,否,268176103,201404276,2416266688.03,1814652526.76,30.392859,2.540667,1.038068,8.82,8.74,8.57,8.96,10.14,11.82,13.01,2016-09-08,-
2022-05-27,300543,朗科智能,消费电子,8.72,8.91,8.7,8.78,8.7,2186147,19731496.38,1.0855,-0.111,2.44,否,0.87,1.974,0.0,1.738,-11.313,否,268176103,201404276,2413584927.0,1812638484.0,30.359126,2.537848,1.036916,8.8,8.75,8.6,8.91,10.08,11.77,13.0,2016-09-08,-
2022-05-30,300543,朗科智能,消费电子,8.86,9.15,8.79,8.91,8.79,4839727,44223821.25,2.403,1.444,4.11,否,1.96,1.481,0.338,3.605,-9.818,否,268176103,201404276,2448447820.39,1838821039.88,30.797647,2.574505,1.051893,8.77,8.78,8.63,8.88,10.02,11.73,12.99,2016-09-08,-
2022-05-31,300543,朗科智能,消费电子,8.86,9.01,8.71,9.0,8.71,3425048,31175488.0,1.7006,0.986,3.29,否,1.17,2.389,-0.332,5.14,-6.929,否,268176103,201404276,2472583669.66,1856947424.72,31.101238,2.599884,1.062263,8.85,8.83,8.68,8.85,9.96,11.67,12.98,2016-09-08,-
2022-06-01,300543,朗科智能,消费电子,8.99,9.17,8.92,9.07,8.92,3404465,31652777.26,1.6904,0.759,2.82,否,1.13,3.303,5.343,4.373,-6.495,否,268176103,201404276,2491355996.87,1871045724.04,31.337365,2.619623,1.070327,8.91,8.86,8.72,8.82,9.91,11.63,12.97,2016-09-08,-
2022-06-02,300543,朗科智能,消费电子,9.14,9.28,9.01,9.26,9.01,3702531,34757354.69,1.8384,2.153,3.01,否,1.13,3.928,5.467,5.467,7.8,否,268176103,201404276,2544991217.47,1911326579.24,32.012012,2.676019,1.09337,9.0,8.91,8.75,8.8,9.86,11.58,12.96,2016-09-08,-
2022-06-06,300543,朗科智能,消费电子,9.25,9.48,9.23,9.45,9.23,3475680,33468553.12,1.7257,2.002,2.63,否,0.99,5.0,7.509,6.419,16.093,否,268176103,201404276,2595944677.04,1949593391.68,32.652927,2.729596,1.11526,9.14,8.97,8.81,8.79,9.81,11.53,12.95,2016-09-08,-
2022-06-07,300543,朗科智能,消费电子,9.53,9.56,9.19,9.26,9.19,2938482,27973752.96,1.459,-1.963,3.93,否,0.78,2.095,5.467,2.547,11.432,否,268176103,201404276,2544991217.47,1911326579.24,32.012012,2.676019,1.09337,9.21,8.99,8.84,8.77,9.77,11.49,12.94,2016-09-08,-
2022-06-08,300543,朗科智能,消费电子,9.27,9.31,8.98,9.16,8.98,3091150,28998051.0,1.5348,-1.054,3.58,否,0.91,-1.08,2.806,6.388,14.787,否,268176103,201404276,2518173607.17,1891186151.64,31.674689,2.647821,1.081849,9.24,9.05,8.87,8.75,9.73,11.45,12.92,2016-09-08,-
2022-06-09,300543,朗科智能,消费电子,9.22,9.24,8.85,8.93,8.85,2604911,23955256.48,1.2934,-2.556,4.26,否,0.78,-5.503,-0.778,1.708,6.691,否,268176103,201404276,2453811342.45,1842849125.4,30.865112,2.580145,1.054198,9.21,9.06,8.89,8.73,9.7,11.41,12.91,2016-09-08,-
2022-06-10,300543,朗科智能,消费电子,8.86,9.12,8.83,9.11,8.83,2393552,22178529.28,1.1884,2.077,3.28,否,0.76,-1.62,0.441,3.641,7.303,否,268176103,201404276,2504764802.02,1881115937.84,31.506027,2.633722,1.076088,9.18,9.09,8.91,8.74,9.66,11.37,12.9,2016-09-08,-
2022-06-13,300543,朗科智能,消费电子,9.05,9.16,8.99,9.14,8.99,2102250,19608700.8,1.0438,0.321,1.93,否,0.72,-0.218,-1.296,4.1,8.68,否,268176103,201404276,2512810085.11,1887158066.12,31.607224,2.642181,1.079544,9.12,9.13,8.94,8.78,9.63,11.33,12.89,2016-09-08,-
2022-06-14,300543,朗科智能,消费电子,9.03,9.1,8.78,9.1,8.78,2846242,26013572.72,1.4132,-0.534,3.52,否,1.08,1.904,-3.704,2.132,7.311,否,268176103,201404276,2499401279.96,1877087852.32,31.438562,2.628082,1.073784,9.09,9.15,8.96,8.8,9.59,11.28,12.87,2016-09-08,-
2022-06-15,300543,朗科智能,消费电子,9.08,9.24,9.05,9.1,9.05,2900360,27191386.24,1.4401,0.0,2.15,否,1.11,-0.11,-1.728,1.111,5.691,否,268176103,201404276,2499401279.96,1877087852.32,31.438562,2.628082,1.073784,9.08,9.16,8.99,8.84,9.57,11.23,12.86,2016-09-08,-
2022-06-16,300543,朗科智能,消费电子,9.06,9.34,9.06,9.23,9.06,2933929,27723868.79,1.4567,1.502,3.11,否,1.14,0.985,0.764,1.764,7.451,否,268176103,201404276,2536945934.38,1905284450.96,31.910815,2.66756,1.089914,9.14,9.17,9.02,8.87,9.54,11.18,12.84,2016-09-08,-
2022-06-17,300543,朗科智能,消费电子,9.15,9.47,9.06,9.3,9.06,4308054,40872725.04,2.139,0.74,4.44,否,1.63,2.198,4.143,0.432,8.014,否,268176103,201404276,2555718261.59,1919382750.28,32.146942,2.687299,1.097979,9.17,9.18,9.04,8.9,9.52,11.14,12.83,2016-09-08,-
2022-06-20,300543,朗科智能,消费电子,9.32,9.62,9.23,9.62,9.23,5311972,51725699.68,2.6375,3.463,4.2,否,1.76,5.714,5.598,1.799,11.472,否,268176103,201404276,2644216375.58,1985846161.36,33.26011,2.780353,1.135999,9.27,9.2,9.08,8.94,9.5,11.09,12.82,2016-09-08,-
2022-06-21,300543,朗科智能,消费电子,9.71,10.57,9.71,10.0,9.71,13391521,137276169.98,6.6491,3.955,8.92,否,3.66,8.342,9.409,7.991,16.279,否,268176103,201404276,2748805055.75,2064393829.0,34.575672,2.890326,1.180932,9.45,9.27,9.13,8.99,9.48,11.06,12.81,2016-09-08,-
2022-06-22,300543,朗科智能,消费电子,9.95,10.35,9.88,10.11,9.88,9862405,102225813.5,4.8968,1.073,4.78,否,1.71,8.71,11.099,10.371,18.107,否,268176103,201404276,2778304427.08,2086548299.36,34.946728,2.921345,1.193605,9.65,9.36,9.21,9.04,9.46,11.02,12.8,2016-09-08,-
2022-06-23,300543,朗科智能,消费电子,9.95,10.91,9.95,10.64,9.95,13120614,142387369.63,6.5146,5.212,9.46,否,1.83,10.603,16.923,19.149,22.44,否,268176103,201404276,2923119522.7,2195306608.4,36.768275,3.073615,1.25582,9.93,9.54,9.3,9.1,9.45,10.99,12.79,2016-09-08,-
2022-06-24,300543,朗科智能,消费电子,10.64,11.47,10.44,11.34,10.44,17755253,198786785.78,8.8157,6.606,9.63,否,1.93,13.4,22.86,24.479,29.157,否,268176103,201404276,3116206316.86,2340317687.12,39.197006,3.276643,1.338773,10.34,9.76,9.43,9.2,9.46,10.97,12.78,2016-09-08,-
2022-06-27,300543,朗科智能,消费电子,11.42,12.56,11.39,12.3,11.39,26832477,333385292.01,13.3227,8.434,10.33,否,2.26,21.662,32.258,34.573,38.514,否,268176103,201404276,3379018897.8,2537693877.6,42.502777,3.552987,1.451682,10.88,10.07,9.6,9.32,9.48,10.95,12.78,2016-09-08,-
2022-06-28,300543,朗科智能,消费电子,12.3,12.3,11.77,12.03,11.77,14457126,177545391.93,7.1782,-2.143,4.29,否,0.89,13.064,25.052,32.198,33.223,否,268176103,201404276,3306611349.99,2483314723.08,41.592003,3.476851,1.420575,11.28,10.37,9.76,9.43,9.49,10.94,12.77,2016-09-08,-
2022-06-29,300543,朗科智能,消费电子,12.0,12.0,11.12,11.12,11.12,15193166,178588213.9,7.5436,-7.543,7.3,否,0.93,-1.94,11.2,22.198,29.152,否,268176103,201404276,3057207574.2,2296008746.4,38.454894,3.214607,1.313427,11.49,10.57,9.86,9.52,9.49,10.92,12.76,2016-09-08,-
2022-06-30,300543,朗科智能,消费电子,11.12,11.5,10.83,11.1,10.83,11829263,134470336.09,5.8734,-0.263,5.96,否,0.68,-9.756,9.792,20.26,26.424,否,268176361,210059203,3049165224.57,2388373138.11,38.353696,3.206148,1.30997,11.58,10.76,9.97,9.6,9.49,10.9,12.75,2016-09-08,-
2022-07-01,300543,朗科智能,消费电子,11.12,11.22,10.84,10.86,10.84,6645392,74849499.13,3.2995,-2.111,3.43,否,0.39,-9.726,2.068,16.774,23.549,否,268176361,210059203,2984802897.93,2337958929.39,37.54412,3.138472,1.282319,11.48,10.91,10.05,9.67,9.48,10.88,12.74,2016-09-08,-
2022-07-04,300543,朗科智能,消费电子,10.88,10.95,10.45,10.75,10.45,6724905,73585573.56,3.339,-0.988,4.58,否,0.45,-3.327,-5.203,11.746,22.437,否,268176361,210059203,2955303498.22,2314852417.06,37.173064,3.107453,1.269646,11.17,11.03,10.11,9.73,9.47,10.85,12.73,2016-09-08,-
2022-07-05,300543,朗科智能,消费电子,10.8,10.82,10.23,10.41,10.23,8174276,87680723.5,3.8914,-3.176,5.54,否,0.75,-6.216,-15.366,4.1,16.835,否,268176361,210059203,2861441771.87,2241331696.01,35.992466,3.008762,1.229322,10.85,11.07,10.17,9.78,9.46,10.82,12.71,2016-09-08,-
2022-07-06,300543,朗科智能,消费电子,10.36,10.63,10.26,10.49,10.26,7496643,80527454.22,3.5688,0.75,3.56,否,0.77,-3.407,-12.801,3.759,16.556,否,268176361,210059203,2882895880.75,2258136432.25,36.262325,3.031321,1.238539,10.72,11.1,10.23,9.84,9.45,10.8,12.7,2016-09-08,-
2022-07-07,300543,朗科智能,消费电子,10.44,11.11,10.28,10.96,10.28,12092022,133740725.62,5.7565,4.465,7.91,否,1.48,1.953,-1.439,3.008,20.838,否,268176361,210059203,3011620534.03,2358964849.69,37.88148,3.166673,1.293842,10.69,11.14,10.34,9.91,9.46,10.78,12.69,2016-09-08,-
2022-07-08,300543,朗科智能,消费电子,10.95,11.04,10.71,10.78,10.71,6374275,70926272.79,3.0345,-1.603,3.03,否,0.77,3.554,-2.883,-4.938,16.415,否,268176361,210059203,2963348789.05,2321154193.15,37.274297,3.115916,1.273103,10.68,11.08,10.42,9.98,9.47,10.75,12.67,2016-09-08,-
2022-07-11,300543,朗科智能,消费电子,10.81,10.83,10.34,10.47,10.34,5435503,58435123.5,2.5876,-2.896,4.52,否,0.67,-0.191,-3.591,-14.878,10.794,否,268176361,210059203,2877532353.53,2253935248.19,36.19486,3.025681,1.236235,10.62,10.9,10.49,10.03,9.47,10.73,12.65,2016-09-08,-
2022-07-12,300543,朗科智能,消费电子,10.51,10.54,10.05,10.07,10.05,4510266,47207102.2,2.1471,-3.821,4.66,否,0.57,-8.12,-6.326,-16.293,8.747,否,268176361,210059203,2767580045.52,2167810974.96,34.811832,2.910068,1.188998,10.55,10.7,10.53,10.07,9.48,10.7,12.63,2016-09-08,-
2022-07-13,300543,朗科智能,消费电子,10.13,10.29,10.06,10.26,10.06,3793653,39606487.02,1.806,1.841,2.23,否,0.53,-4.824,-1.441,-7.734,12.009,否,268176361,210059203,2818533554.11,2207722223.53,35.452747,2.963645,1.210888,10.51,10.62,10.59,10.11,9.48,10.68,12.62,2016-09-08,-
2022-07-14,300543,朗科智能,消费电子,10.27,11.09,10.23,10.87,10.23,9420719,103848935.62,4.4848,5.994,8.37,否,1.46,3.82,3.622,-2.072,21.725,否,268176361,210059203,2987484661.54,2340059521.42,37.577888,3.141294,1.283472,10.49,10.59,10.67,10.17,9.5,10.65,12.6,2016-09-08,-
2022-07-15,300543,朗科智能,消费电子,11.03,11.61,10.87,11.06,10.87,14432856,166565263.99,6.8709,1.706,6.82,否,2.44,9.831,0.912,1.842,21.405,否,268176361,210059203,3038438170.13,2379970769.99,38.218804,3.194871,1.305363,10.55,10.61,10.76,10.23,9.52,10.63,12.57,2016-09-08,-
2022-07-18,300543,朗科智能,消费电子,11.01,11.42,10.97,11.22,10.97,7803824,89379340.72,3.7151,1.5,4.06,否,1.04,9.357,4.082,4.372,22.757,否,268176361,210059203,3084028151.5,2415680834.5,38.792255,3.242808,1.324949,10.7,10.66,10.84,10.29,9.54,10.62,12.55,2016-09-08,-
2022-07-19,300543,朗科智能,消费电子,11.19,11.39,10.96,11.32,10.96,8177145,93406904.77,3.8928,0.87,3.83,否,1.02,4.14,8.118,8.742,24.396,否,268176361,210059203,3110845787.6,2436686754.8,39.129578,3.271007,1.33647,10.95,10.75,10.91,10.36,9.56,10.6,12.53,2016-09-08,-
2022-07-20,300543,朗科智能,消费电子,11.28,11.36,11.11,11.14,11.11,4774780,54677379.6,2.2731,-1.552,2.24,否,0.55,0.723,10.626,6.196,22.418,否,268176361,210059203,3062574042.62,2398876098.26,38.522395,3.22025,1.315732,11.12,10.82,10.96,10.43,9.59,10.58,12.51,2016-09-08,-
2022-07-21,300543,朗科智能,消费电子,11.11,11.18,11.0,11.02,11.0,3796573,43098546.37,1.8074,-1.138,1.66,否,0.43,-1.783,7.407,0.547,19.393,否,268176361,210059203,3027711115.69,2371568401.87,38.083874,3.183592,1.300754,11.15,10.82,10.98,10.5,9.61,10.56,12.48,2016-09-08,-
2022-07-22,300543,朗科智能,消费电子,11.01,11.17,10.73,10.88,10.73,5636947,62973602.85,2.6835,-1.24,3.99,否,0.72,-3.887,0.092,0.928,16.989,否,268176361,210059203,2990166425.15,2342160113.45,37.611621,3.144114,1.284625,11.12,10.83,10.96,10.56,9.65,10.54,12.45,2016-09-08,-
2022-07-25,300543,朗科智能,消费电子,10.94,11.14,10.69,10.75,10.69,4511541,50274323.84,2.1477,-1.166,4.22,否,0.75,-3.501,-2.803,2.674,11.746,否,268176361,210059203,2955303498.22,2314852417.06,37.1731,3.107456,1.269647,11.02,10.86,10.88,10.61,9.69,10.53,12.42,2016-09-08,-
2022-07-26,300543,朗科智能,消费电子,10.75,10.96,10.56,10.94,10.56,3286360,36286195.69,1.5645,1.724,3.72,否,0.61,-0.726,-2.496,8.64,9.4,否,268176361,210059203,3006257006.81,2354763665.63,37.814015,3.161033,1.291537,10.95,10.95,10.82,10.67,9.74,10.51,12.39,2016-09-08,-
2022-07-27,300543,朗科智能,消费电子,10.84,11.39,10.84,11.18,10.84,6294874,72169993.74,2.9967,2.23,5.0,否,1.43,2.757,-1.237,8.967,10.584,否,268176361,210059203,3073301097.06,2407278466.38,38.657325,3.231529,1.320341,10.95,11.04,10.83,10.74,9.79,10.5,12.37,2016-09-08,-
2022-07-28,300543,朗科智能,消费电子,11.27,11.56,11.22,11.47,11.22,7288380,85191602.68,3.4697,2.531,3.05,否,1.55,6.698,2.962,5.52,7.801,否,268176361,210059203,3151072241.75,2468195635.25,39.635564,3.313304,1.353752,11.04,11.1,10.85,10.82,9.84,10.49,12.35,2016-09-08,-
2022-07-29,300543,朗科智能,消费电子,11.47,11.54,11.3,11.32,11.3,5472300,64049078.9,2.6051,-1.277,2.13,否,1.01,3.473,2.722,2.351,-0.176,否,268176361,210059203,3110845787.6,2436686754.8,39.129578,3.271007,1.33647,11.13,11.12,10.87,10.88,9.89,10.49,12.34,2016-09-08,-
2022-08-01,300543,朗科智能,消费电子,11.33,11.5,11.11,11.44,11.11,4909218,57171280.84,2.3371,1.035,3.45,否,0.91,2.326,5.147,1.961,-6.992,否,268176361,210059203,3143026950.92,2461893859.16,39.534367,3.304845,1.350296,11.27,11.15,10.9,10.94,9.94,10.48,12.32,2016-09-08,-
2022-08-02,300543,朗科智能,消费电子,11.27,11.3,10.75,10.88,10.75,6594202,74231691.19,3.1392,-4.864,4.78,否,1.21,-5.144,1.209,-3.887,-9.559,否,268176361,210059203,2990166425.15,2342160113.45,37.611621,3.144114,1.284625,11.26,11.1,10.93,10.97,9.98,10.47,12.31,2016-09-08,-
2022-08-03,300543,朗科智能,消费电子,10.9,11.32,10.68,10.78,10.68,5502734,62199884.85,2.6196,-0.897,5.92,否,0.9,-4.77,-1.463,-3.232,-3.058,否,268176361,210059203,2963348789.05,2321154193.15,37.274297,3.115916,1.273103,11.18,11.07,10.94,11.0,10.02,10.45,12.29,2016-09-08,-
2022-08-04,300543,朗科智能,消费电子,10.87,11.12,10.76,10.99,10.76,4158106,46655209.04,1.9795,1.901,3.35,否,0.7,-3.934,-1.699,-0.272,-0.991,否,268176361,210059203,3019665824.86,2365266625.78,37.982677,3.175132,1.297298,11.08,11.06,10.94,11.01,10.06,10.44,12.27,2016-09-08,-
2022-08-05,300543,朗科智能,消费电子,11.02,11.05,10.74,10.93,10.74,4647792,51806478.91,2.2126,-0.533,2.75,否,0.87,0.46,-4.708,0.46,0.645,否,268176361,210059203,3003575243.2,2352663073.6,37.780283,3.158213,1.290385,11.0,11.07,10.95,10.99,10.09,10.42,12.25,2016-09-08,-
2022-08-08,300543,朗科智能,消费电子,10.87,11.06,10.74,11.02,10.74,3269065,36604010.53,1.5563,0.804,2.86,否,0.63,2.226,-2.65,2.512,2.512,否,268176361,210059203,3027711115.69,2371568401.87,38.083874,3.183592,1.300754,10.92,11.1,10.98,10.95,10.13,10.41,12.24,2016-09-08,-
2022-08-09,300543,朗科智能,消费电子,11.09,11.67,10.97,11.39,10.97,9799643,113479415.81,4.6652,3.366,6.38,否,2.03,3.64,-0.437,4.113,9.414,否,268176361,210059203,3129618132.87,2451390899.01,39.365705,3.290746,1.344535,11.02,11.14,11.04,10.93,10.18,10.41,12.23,2016-09-08,-
2022-08-10,300543,朗科智能,消费电子,11.39,11.4,11.15,11.33,11.15,5385048,62235693.34,2.5636,-0.514,2.14,否,0.98,3.66,4.136,1.342,8.008,否,268176361,210059203,3113527551.21,2438787346.83,39.163311,3.273827,1.337623,11.13,11.16,11.1,10.94,10.23,10.4,12.21,2016-09-08,-
2022-08-11,300543,朗科智能,消费电子,11.29,11.79,11.29,11.7,11.29,9346135,111103682.14,4.4493,3.273,4.39,否,1.71,6.171,8.534,2.005,6.752,否,268176361,210059203,3215434568.39,2518609843.97,40.445142,3.38098,1.381404,11.27,11.18,11.14,10.96,10.28,10.39,12.2,2016-09-08,-
2022-08-12,300543,朗科智能,消费电子,11.77,11.77,11.35,11.38,11.35,6741509,79614351.64,3.2093,-2.752,3.59,否,1.04,-0.088,3.549,0.53,5.566,否,268176361,210059203,3126936369.26,2449290306.98,39.331973,3.287926,1.343383,11.36,11.18,11.15,10.97,10.32,10.38,12.18,2016-09-08,-
2022-08-15,300543,朗科智能,消费电子,11.33,11.43,11.13,11.42,11.13,4375525,50887403.69,2.083,0.343,2.57,否,0.63,0.794,4.483,-0.175,9.074,否,268176361,210059203,3137663423.7,2457692675.1,39.466902,3.299205,1.347992,11.44,11.18,11.16,11.0,10.36,10.38,12.16,2016-09-08,-
2022-08-16,300543,朗科智能,消费电子,11.42,11.71,11.39,11.62,11.39,6411366,76091007.25,3.0522,1.795,2.82,否,0.9,-0.684,5.445,6.801,15.392,否,268176361,210059203,3193980459.51,2501805107.73,40.175283,3.358422,1.372186,11.49,11.26,11.18,11.04,10.41,10.37,12.15,2016-09-08,-
2022-08-17,300543,朗科智能,消费电子,11.71,11.71,11.36,11.51,11.36,5531761,65248413.55,2.6334,-1.008,3.02,否,0.86,1.142,1.054,6.772,12.183,否,268176361,210059203,3161799296.19,2476598003.37,39.770494,3.324584,1.358361,11.53,11.33,11.2,11.07,10.45,10.36,12.13,2016-09-08,-
2022-08-18,300543,朗科智能,消费电子,11.49,12.2,11.42,12.13,11.42,14178802,174113010.5,6.7499,5.428,6.79,否,2.19,6.217,7.061,10.373,11.592,否,268176361,210059203,3333432167.23,2611035893.29,41.929367,3.505053,1.432097,11.61,11.44,11.25,11.11,10.51,10.36,12.12,2016-09-08,-
2022-08-19,300543,朗科智能,消费电子,12.08,12.16,11.55,11.56,11.55,11792200,142670811.4,5.6138,-4.666,4.99,否,1.58,-0.516,-1.197,5.764,4.521,否,268176361,210059203,3177889877.85,2489201555.55,39.972888,3.341503,1.365274,11.65,11.51,11.29,11.14,10.56,10.35,12.11,2016-09-08,-
2022-08-22,300543,朗科智能,消费电子,11.59,11.63,11.15,11.27,11.15,7251505,84131136.41,3.4521,-2.532,4.14,否,0.86,-2.085,-0.967,2.269,0.446,否,268176361,210059203,3097436969.55,2426183794.65,38.960916,3.256908,1.33071,11.62,11.53,11.31,11.16,10.6,10.34,12.09,2016-09-08,-
2022-08-23,300543,朗科智能,消费电子,11.23,11.77,11.21,11.68,11.21,7003800,82792493.96,3.3342,3.636,4.94,否,0.78,-3.71,2.277,2.546,3.18,否,268176361,210059203,3210071041.17,2514408659.91,40.377677,3.375341,1.379099,11.63,11.56,11.35,11.22,10.64,10.33,12.06,2016-09-08,-
2022-08-24,300543,朗科智能,消费电子,11.67,11.7,10.84,10.89,10.84,9055540,103438123.17,4.3109,-6.767,7.35,否,0.99,-5.796,-6.282,-3.883,-2.244,否,268176361,210059203,2992848188.76,2344260705.48,37.645353,3.146934,1.285777,11.51,11.52,11.34,11.24,10.68,10.32,12.04,2016-09-08,-
2022-08-25,300543,朗科智能,消费电子,10.93,11.02,10.32,10.47,10.32,6779494,73052653.76,3.2274,-3.853,6.45,否,0.69,-7.098,-9.036,-10.513,-4.991,否,268176361,210059203,2877532353.53,2253935248.19,36.19486,3.025681,1.236235,11.17,11.39,11.29,11.22,10.7,10.3,12.02,2016-09-08,-
2022-08-26,300543,朗科智能,消费电子,10.49,10.62,10.17,10.22,10.17,4217621,44811600.67,2.0078,-2.423,4.29,否,0.5,-12.5,-15.746,-10.193,-6.066,否,268176361,210059203,2807806499.67,2199319855.41,35.317818,2.952366,1.20628,10.91,11.28,11.23,11.2,10.71,10.28,11.99,2016-09-08,-
2022-08-29,300543,朗科智能,消费电子,10.06,10.26,9.95,10.16,9.95,2800300,29140935.0,1.3331,-0.573,2.96,否,0.41,-6.703,-12.111,-11.033,-5.488,否,268118096,210253396,2791109379.36,2188737852.36,35.115423,2.935447,1.199367,10.68,11.15,11.17,11.16,10.73,10.27,11.97,2016-09-08,-
2022-08-30,300543,朗科智能,消费电子,10.03,10.29,9.99,10.07,9.99,3522211,36568872.1,1.6752,-0.865,2.88,否,0.59,-3.82,-10.648,-13.339,-7.952,否,268118096,210253396,2766978750.72,2169815046.72,40.837147,2.819342,1.252215,10.36,11.0,11.13,11.12,10.74,10.26,11.95,2016-09-08,-
2022-08-31,300543,朗科智能,消费电子,9.95,10.06,9.39,9.43,9.39,6293701,62081575.66,2.9934,-6.395,6.69,否,1.19,-7.73,-19.264,-18.071,-15.653,否,268118096,210253396,2590020807.36,2031047805.36,38.225469,2.639036,1.172131,10.07,10.79,11.06,11.06,10.74,10.24,11.93,2016-09-08,-
2022-09-01,300543,朗科智能,消费电子,9.47,9.54,9.32,9.34,9.32,3008901,29002607.51,1.4311,-0.932,2.38,否,0.64,-8.071,-14.233,-23.001,-18.57,否,268118096,210253396,2565890178.72,2012124999.72,37.869331,2.614448,1.161211,9.84,10.51,10.98,11.01,10.75,10.22,11.91,2016-09-08,-
2022-09-02,300543,朗科智能,消费电子,9.34,9.61,9.28,9.59,9.28,2276330,22114887.7,1.0827,2.717,3.55,否,0.57,-4.767,-8.405,-17.042,-15.283,否,268118096,210253396,2635600883.68,2066790882.68,38.898174,2.685478,1.192759,9.72,10.31,10.91,10.96,10.76,10.21,11.89,2016-09-08,-
2022-09-05,300543,朗科智能,消费电子,9.59,9.66,9.43,9.57,9.43,2161346,21104284.12,1.028,-0.204,2.44,否,0.6,1.485,-6.36,-15.084,-16.346,否,268118096,210253396,2630238521.76,2062585814.76,38.819032,2.680014,1.190332,9.6,10.14,10.84,10.92,10.77,10.2,11.86,2016-09-08,-
2022-09-06,300543,朗科智能,消费电子,9.57,9.7,9.44,9.69,9.44,2772410,27198845.7,1.3186,1.223,2.75,否,0.8,3.747,-4.626,-17.038,-10.938,否,268118096,210253396,2662412693.28,2087816222.28,39.293882,2.712797,1.204893,9.52,9.94,10.75,10.88,10.78,10.18,11.84,2016-09-08,-
2022-09-07,300543,朗科智能,消费电子,9.69,9.77,9.6,9.68,9.6,3201044,31786086.64,1.5225,-0.101,1.71,否,0.97,0.938,-3.873,-11.111,-10.204,否,268118096,210253396,2659731512.32,2085713688.32,39.254312,2.710066,1.203679,9.57,9.82,10.67,10.83,10.79,10.18,11.81,2016-09-08,-
2022-09-08,300543,朗科智能,消费电子,9.75,9.75,9.41,9.42,9.41,2754843,26876489.95,1.3102,-2.722,3.53,否,1.03,-1.567,-0.106,-10.029,-14.286,否,268118096,210253396,2587339626.4,2028945271.4,38.185898,2.636304,1.170918,9.59,9.72,10.56,10.76,10.79,10.17,11.79,2016-09-08,-
2022-09-09,300543,朗科智能,消费电子,9.51,9.51,9.2,9.35,9.2,1897197,18110046.34,0.9023,-0.725,3.32,否,0.72,-3.509,0.107,-8.513,-14.456,否,268118096,210253396,2568571359.68,2014227533.68,37.908902,2.61718,1.162424,9.54,9.63,10.45,10.7,10.79,10.15,11.77,2016-09-08,-
2022-09-13,300543,朗科智能,消费电子,9.41,9.5,9.34,9.4,9.34,1738411,16753916.68,0.8268,0.522,1.67,否,0.68,-2.893,-1.981,-7.48,-14.701,否,268118096,210253396,2581977264.48,2024740203.48,38.106756,2.63084,1.168491,9.51,9.55,10.35,10.63,10.79,10.14,11.76,2016-09-08,-
2022-09-14,300543,朗科智能,消费电子,9.28,9.34,9.03,9.18,9.03,3465406,32511622.13,1.6482,-2.285,3.32,否,1.4,-2.548,-4.075,-8.838,-19.403,否,268118096,210253396,2522991283.36,1978484456.36,37.236197,2.570738,1.141797,9.41,9.47,10.23,10.57,10.77,10.13,11.74,2016-09-08,-
2022-09-15,300543,朗科智能,消费电子,9.18,9.21,8.78,8.9,8.78,3299710,30204444.75,1.5694,-3.082,4.68,否,1.26,-4.813,-8.153,-5.62,-21.447,否,268118096,210253396,2445237035.52,1917510971.52,36.088641,2.491512,1.106608,9.25,9.41,10.1,10.51,10.75,10.11,11.72,2016-09-08,-
2022-09-16,300543,朗科智能,消费电子,8.9,8.95,8.68,8.7,8.68,3201047,28896661.78,1.5225,-2.303,3.07,否,1.22,-7.447,-10.124,-6.852,-25.641,否,268118096,210253396,2388932235.36,1873357758.36,35.257653,2.434141,1.081127,9.11,9.35,9.93,10.43,10.72,10.09,11.71,2016-09-08,-
2022-09-19,300543,朗科智能,消费电子,8.7,8.75,8.52,8.59,8.52,1913179,16884935.62,0.9099,-1.235,2.69,否,0.7,-6.427,-8.811,-10.428,-24.517,否,268118096,210253396,2359439244.8,1850229884.8,34.822373,2.40409,1.06778,8.95,9.25,9.78,10.36,10.67,10.07,11.69,2016-09-08,-
2022-09-20,300543,朗科智能,消费电子,8.55,8.8,8.55,8.78,8.55,1624356,14582229.64,0.7726,2.273,2.95,否,0.6,-1.348,-6.096,-8.255,-23.117,否,268118096,210253396,2413062864.0,1892280564.0,35.613791,2.458729,1.092048,8.83,9.17,9.66,10.28,10.62,10.05,11.67,2016-09-08,-
2022-09-21,300543,朗科智能,消费电子,8.88,8.92,8.65,8.89,8.65,1698940,15351045.2,0.808,1.222,3.11,否,0.63,2.184,-5.426,-8.256,-23.494,否,268118096,210253396,2442555854.56,1915408437.56,36.04907,2.48878,1.105395,8.77,9.09,9.52,10.2,10.56,10.03,11.65,2016-09-08,-
2022-09-22,300543,朗科智能,消费电子,8.86,8.94,8.74,8.79,8.74,1634292,14816241.81,0.7773,-1.098,2.2,否,0.7,2.328,-4.248,-9.194,-23.632,否,268118096,210253396,2415744044.96,1894383097.96,35.653362,2.461461,1.093261,8.75,9.0,9.41,10.11,10.52,10.01,11.63,2016-09-08,-
2022-09-23,300543,朗科智能,消费电子,8.87,8.87,8.5,8.54,8.5,2302178,20359483.7,1.095,-2.886,4.22,否,1.14,-2.733,-4.045,-9.342,-29.596,否,268118096,210253396,2346033340.0,1839717215.0,34.624519,2.390431,1.061713,8.72,8.91,9.31,10.01,10.48,9.99,11.61,2016-09-08,-
2022-09-26,300543,朗科智能,消费电子,8.54,8.6,8.4,8.46,8.4,1825442,15878816.54,0.8682,-0.914,2.29,否,1.0,-4.837,-2.759,-9.519,-26.817,否,268118096,210253396,2324583892.32,1822896943.32,34.307952,2.368575,1.052006,8.69,8.82,9.23,9.91,10.44,9.96,11.59,2016-09-08,-
2022-09-27,300543,朗科智能,消费电子,8.48,8.69,8.48,8.66,8.48,1903537,16742494.66,0.9054,2.307,2.42,否,1.05,-1.479,0.815,-7.872,-23.159,否,268118096,210253396,2378207511.52,1864947622.52,35.099369,2.423214,1.076274,8.67,8.75,9.15,9.82,10.41,9.94,11.57,2016-09-08,-
2022-09-28,300543,朗科智能,消费电子,8.64,8.66,8.4,8.41,8.4,1721430,15038572.4,0.8187,-2.819,2.93,否,0.92,-1.522,-4.214,-8.388,-27.997,否,268118096,210253396,2311177987.52,1812384273.52,34.110097,2.354916,1.045939,8.57,8.67,9.07,9.71,10.37,9.92,11.55,2016-09-08,-
2022-09-29,300543,朗科智能,消费电子,8.49,8.54,8.32,8.48,8.32,2173621,18747694.25,1.0338,0.812,2.55,否,1.16,0.236,-4.612,-4.719,-22.13,否,268118096,210253396,2329946254.24,1827102011.24,34.387094,2.374039,1.054433,8.51,8.63,9.02,9.61,10.34,9.9,11.53,2016-09-08,-
2022-09-30,300543,朗科智能,消费电子,8.48,8.71,8.38,8.46,8.38,3360741,29516925.05,1.5984,-0.23,3.91,否,1.69,-2.309,-3.754,-2.759,-19.198,否,268118096,210253396,2324583892.32,1822896943.32,34.307952,2.368575,1.052006,8.49,8.61,8.98,9.49,10.3,9.88,11.51,2016-09-08,-
2022-10-10,300543,朗科智能,消费电子,8.44,8.49,8.01,8.06,8.01,2703633,22691230.4,1.2859,-4.729,5.65,否,1.23,-4.162,-5.621,-6.17,-21.135,否,268118096,210253396,2214655472.96,1736693050.96,32.685546,2.256567,1.002257,8.41,8.55,8.9,9.37,10.25,9.86,11.49,2016-09-08,-
2022-10-11,300543,朗科智能,消费电子,8.15,8.19,7.99,8.14,7.99,1486200,12348938.0,0.7069,0.969,2.42,否,0.63,-4.009,-3.783,-7.289,-19.882,否,268118096,210253396,2236104920.64,1753513322.64,33.002113,2.278422,1.011964,8.31,8.49,8.83,9.27,10.21,9.84,11.47,2016-09-08,-
2022-10-12,300543,朗科智能,消费电子,8.05,8.55,8.04,8.55,8.04,2199072,18768349.04,1.0459,5.036,6.24,否,0.96,1.064,-1.27,-3.825,-15.094,否,268118096,210253396,2348714520.96,1841819748.96,34.66409,2.393163,1.062926,8.34,8.46,8.77,9.16,10.19,9.83,11.45,2016-09-08,-
2022-10-13,300543,朗科智能,消费电子,8.51,8.93,8.43,8.84,8.43,3544365,31826713.81,1.6858,3.425,5.82,否,1.49,9.677,5.113,0.569,-6.257,否,268118096,210253396,2429149949.76,1904895767.76,35.851216,2.47512,1.099328,8.41,8.46,8.73,9.09,10.17,9.82,11.44,2016-09-08,-
2022-10-14,300543,朗科智能,消费电子,8.85,8.94,8.8,8.9,8.8,2641212,24075455.52,1.2562,0.662,1.55,否,0.99,9.337,4.953,4.215,-4.711,否,268118096,210253396,2445237035.52,1917510971.52,36.088641,2.491512,1.106608,8.5,8.5,8.7,9.04,10.13,9.82,11.42,2016-09-08,-
2022-10-17,300543,朗科智能,消费电子,8.83,9.06,8.82,9.05,8.82,2009507,18505409.89,0.9558,1.645,2.63,否,0.8,5.848,6.974,6.974,-5.631,否,268118096,210253396,2485454749.92,1949048980.92,36.682204,2.532491,1.124809,8.7,8.56,8.69,9.0,10.1,9.81,11.41,2016-09-08,-
2022-10-18,300543,朗科智能,消费电子,9.1,9.1,8.95,9.04,8.95,2128335,19646757.57,1.0123,-0.108,1.73,否,0.9,2.262,12.159,4.388,-5.538,否,268118096,210253396,2482773568.96,1946946446.96,36.642634,2.529759,1.123596,8.88,8.59,8.67,8.97,10.06,9.8,11.39,2016-09-08,-
2022-10-19,300543,朗科智能,消费电子,9.02,9.2,8.88,9.09,8.88,2295232,21427299.56,1.0917,0.54,3.56,否,0.92,2.135,11.671,8.086,-6.192,否,268118096,210253396,2496179473.76,1957459116.76,36.840488,2.543418,1.129663,8.98,8.66,8.67,8.93,10.03,9.8,11.37,2016-09-08,-
2022-10-20,300543,朗科智能,消费电子,9.03,9.21,8.91,9.08,8.91,2443605,22705641.45,1.1622,-0.107,3.33,否,0.97,0.331,6.199,7.075,-6.198,否,268118096,210253396,2493498292.8,1955356582.8,36.800917,2.540686,1.128449,9.03,8.72,8.68,8.92,9.99,9.79,11.36,2016-09-08,-
2022-10-21,300543,朗科智能,消费电子,9.06,9.17,8.95,9.13,8.95,1936541,18054806.54,0.9211,0.645,2.47,否,0.84,0.996,3.281,7.92,-3.079,否,268118096,210253396,2509585378.56,1967971786.56,37.038342,2.557078,1.13573,9.08,8.79,8.7,8.91,9.96,9.79,11.34,2016-09-08,-
2022-10-24,300543,朗科智能,消费电子,9.11,9.26,8.9,8.96,8.9,2058965,19229031.1,0.9793,-1.923,3.95,否,0.95,-1.43,0.674,11.166,-4.171,否,268118096,210253396,2461324121.28,1930126175.28,36.326067,2.507903,1.113889,9.06,8.88,8.72,8.89,9.93,9.79,11.33,2016-09-08,-
2022-10-25,300543,朗科智能,消费电子,8.93,9.05,8.75,8.98,8.75,2462800,22531456.42,1.1713,0.218,3.27,否,1.13,-1.101,-0.773,10.319,-4.468,否,268118096,210253396,2466686483.2,1934331243.2,36.405208,2.513367,1.116315,9.05,8.96,8.73,8.87,9.9,9.8,11.31,2016-09-08,-
2022-10-26,300543,朗科智能,消费电子,9.04,9.3,8.96,9.17,8.96,2510887,23597323.32,1.1942,2.174,3.8,否,1.12,0.438,1.438,7.251,-0.109,否,268118096,210253396,2520310102.4,1976381922.4,37.196626,2.568006,1.140583,9.06,9.02,8.74,8.86,9.87,9.8,11.3,2016-09-08,-
2022-10-27,300543,朗科智能,消费电子,9.17,9.29,9.12,9.13,9.12,2271948,21428674.63,1.0806,-0.426,1.81,否,1.0,1.897,0.44,3.281,2.584,否,268118096,210253396,2509585378.56,1967971786.56,46.87465,2.48088,1.265942,9.07,9.05,8.76,8.84,9.83,9.81,11.29,2016-09-08,-
2022-10-28,300543,朗科智能,消费电子,9.13,9.18,8.64,8.67,8.64,2714150,24617404.0,1.2909,-5.128,5.98,否,1.21,-3.452,-4.515,-2.584,-0.345,否,268118096,210253396,2380888692.48,1867050156.48,44.470821,2.353656,1.201022,8.98,9.03,8.76,8.81,9.79,9.81,11.27,2016-09-08,-
2022-10-31,300543,朗科智能,消费电子,8.72,9.0,8.68,8.9,8.68,2252807,20549341.55,1.0715,2.703,3.72,否,0.94,-2.944,-2.519,-1.657,3.609,否,268118096,210253396,2445237035.52,1917510971.52,45.672736,2.417268,1.233482,8.97,9.02,8.79,8.8,9.75,9.82,11.25,2016-09-08,-
2022-11-01,300543,朗科智能,消费电子,8.93,9.22,8.91,9.2,8.91,2643963,24665597.67,1.2575,3.399,3.51,否,1.08,0.767,2.679,1.77,4.784,否,268118096,210253396,2528353645.28,1982689524.28,47.225208,2.499434,1.275409,9.01,9.03,8.81,8.79,9.71,9.82,11.24,2016-09-08,-
2022-11-02,300543,朗科智能,消费电子,9.32,9.37,9.19,9.23,9.19,2722705,25895492.2,1.295,0.318,1.91,否,1.1,6.459,2.784,1.54,3.825,否,268118096,210253396,2536397188.16,1988997126.16,47.375447,2.507385,1.279467,9.03,9.05,8.85,8.79,9.68,9.83,11.23,2016-09-08,-
2022-11-03,300543,朗科智能,消费电子,9.2,9.25,9.1,9.2,9.1,2153044,20223273.09,1.024,-0.317,1.69,否,0.85,3.371,0.327,1.322,4.664,否,268118096,210253396,2528353645.28,1982689524.28,47.225208,2.499434,1.275409,9.04,9.06,8.89,8.8,9.66,9.84,11.21,2016-09-08,-
2022-11-04,300543,朗科智能,消费电子,9.21,9.35,9.11,9.33,9.11,2820701,26782821.07,1.3416,1.379,2.55,否,1.13,1.413,2.191,2.191,9.251,否,268118096,210253396,2563208997.76,2010022465.76,47.876245,2.533891,1.292992,9.17,9.08,8.93,8.82,9.63,9.84,11.19,2016-09-08,-
2022-11-07,300543,朗科智能,消费电子,9.33,9.45,9.27,9.41,9.27,2687447,25821991.42,1.2782,0.837,1.88,否,1.07,1.95,8.535,5.022,11.229,否,268118096,210253396,2584658445.44,2026842737.44,48.276883,2.555095,1.303812,9.27,9.12,9.0,8.85,9.6,9.85,11.18,2016-09-08,-
2022-11-08,300543,朗科智能,消费电子,9.37,9.43,9.18,9.24,9.18,1935661,18353800.95,0.9206,-1.764,2.59,否,0.74,0.435,3.82,2.895,6.697,否,268118096,210253396,2539078369.12,1991099660.12,47.425527,2.510036,1.280819,9.28,9.15,9.06,8.87,9.57,9.85,11.17,2016-09-08,-
2022-11-09,300543,朗科智能,消费电子,9.22,9.31,9.18,9.22,9.18,1420676,13471864.54,0.6757,-0.211,1.37,否,0.58,-1.179,0.217,0.545,9.631,否,268118096,210253396,2533716007.2,1986894592.2,47.325367,2.504735,1.278114,9.28,9.15,9.09,8.88,9.54,9.86,11.15,2016-09-08,-
2022-11-10,300543,朗科智能,消费电子,9.18,9.25,9.12,9.17,9.12,2459135,23162768.89,1.1696,-0.529,1.38,否,1.12,-2.55,-0.65,0.438,8.137,否,268118096,210253396,2520310102.4,1976381922.4,47.074969,2.491482,1.271352,9.27,9.16,9.11,8.89,9.5,9.86,11.13,2016-09-08,-
2022-11-11,300543,朗科智能,消费电子,9.36,9.37,9.08,9.08,9.08,2885804,27227752.46,1.3725,-1.064,3.19,否,1.27,-1.732,-1.304,4.729,7.329,否,268118096,210253396,2493498292.8,1955356582.8,46.574171,2.464977,1.257827,9.22,9.2,9.11,8.91,9.46,9.87,11.11,2016-09-08,-
2022-11-14,300543,朗科智能,消费电子,9.1,9.21,9.04,9.1,9.04,2141647,19994681.71,1.0186,0.323,1.94,否,0.94,-1.302,-2.465,2.247,12.903,否,268118096,210253396,2501541835.68,1961664184.68,46.72441,2.472929,1.261884,9.16,9.22,9.12,8.93,9.42,9.87,11.1,2016-09-08,-
2022-11-15,300543,朗科智能,消费电子,9.09,9.3,9.03,9.3,9.03,3488638,33031159.44,1.6593,2.144,3.0,否,1.61,1.418,-1.169,1.087,14.251,否,268118096,210253396,2555165454.88,2003714863.88,47.726005,2.525939,1.288934,9.17,9.23,9.13,8.95,9.38,9.87,11.08,2016-09-08,-
2022-11-16,300543,朗科智能,消费电子,9.3,9.42,9.29,9.39,9.29,2922156,28008127.14,1.3898,0.944,1.36,否,1.18,3.414,1.623,1.733,9.825,否,268118096,210253396,2579296083.52,2022637669.52,48.176723,2.549794,1.301107,9.21,9.24,9.14,8.98,9.35,9.88,11.06,2016-09-08,-
2022-11-17,300543,朗科智能,消费电子,9.34,9.42,9.29,9.41,9.29,2164090,20716854.7,1.0293,0.208,1.35,否,0.78,3.407,2.061,2.283,6.448,否,268118096,210253396,2584658445.44,2026842737.44,48.276883,2.555095,1.303812,9.26,9.27,9.16,9.01,9.31,9.88,11.04,2016-09-08,-
2022-11-18,300543,朗科智能,消费电子,9.4,9.49,9.27,9.31,9.27,2637307,25390374.6,1.2543,-1.037,2.28,否,0.97,0.108,1.527,-0.214,4.607,否,268118096,210253396,2557846635.84,2005817397.84,47.776085,2.52859,1.290287,9.3,9.26,9.17,9.04,9.27,9.89,11.02,2016-09-08,-
2022-11-21,300543,朗科智能,消费电子,9.25,9.31,9.1,9.3,9.1,2359291,22244941.3,1.1221,-0.105,2.2,否,0.88,-0.958,2.423,-1.169,2.762,否,268118096,210253396,2555165454.88,2003714863.88,47.726005,2.525939,1.288934,9.34,9.25,9.19,9.08,9.23,9.89,11.0,2016-09-08,-
2022-11-22,300543,朗科智能,消费电子,9.3,9.31,9.08,9.1,9.08,2236413,21059870.0,1.0637,-2.099,2.52,否,0.82,-3.294,0.0,-1.515,0.664,否,268118096,210253396,2501541835.68,1961664184.68,46.72441,2.472929,1.261884,9.3,9.24,9.19,9.12,9.19,9.89,10.98,2016-09-08,-
2022-11-23,300543,朗科智能,消费电子,9.16,9.43,8.87,9.42,8.87,7033615,66367549.78,3.3453,3.43,6.11,否,2.85,1.182,1.29,2.169,3.63,否,268118096,210253396,2587339626.4,2028945271.4,48.326963,2.557745,1.305164,9.31,9.26,9.21,9.15,9.15,9.9,10.96,2016-09-08,-
2022-11-24,300543,朗科智能,消费电子,9.54,9.54,9.1,9.33,9.1,5112969,48440543.1,2.4318,-0.933,4.66,否,1.56,0.323,-0.639,1.745,2.753,否,268118096,210253396,2563208997.76,2010022465.76,47.876245,2.533891,1.292992,9.29,9.27,9.22,9.16,9.13,9.9,10.94,2016-09-08,-
2022-11-25,300543,朗科智能,消费电子,9.23,9.28,8.89,8.89,8.89,4654606,43278374.51,2.2138,-4.707,4.18,否,1.2,-2.308,-5.526,-2.093,-2.629,否,268118096,210253396,2442555854.56,1915408437.56,45.622656,2.414617,1.232129,9.21,9.26,9.23,9.16,9.1,9.9,10.92,2016-09-08,-
2022-11-28,300543,朗科智能,消费电子,8.86,8.86,8.62,8.69,8.62,3633902,32380907.6,1.7283,-2.305,2.74,否,0.85,-7.749,-6.66,-4.505,-3.013,否,268118096,210253396,2386251054.4,1871255224.4,44.570981,2.358957,1.203727,9.09,9.21,9.22,9.15,9.08,9.9,10.9,2016-09-08,-
2022-11-29,300543,朗科智能,消费电子,8.65,9.05,8.63,8.99,8.63,3975579,36406937.22,1.8909,3.483,4.83,否,0.88,-3.644,-3.333,-3.333,0.111,否,268118096,210253396,2469367664.16,1936433777.16,46.123453,2.441123,1.245654,9.06,9.18,9.21,9.15,9.06,9.89,10.87,2016-09-08,-
2022-11-30,300543,朗科智能,消费电子,8.99,9.06,8.78,8.85,8.78,2917577,26499789.96,1.3876,-1.52,3.04,否,0.6,-0.45,-2.747,-5.751,-3.49,否,268118096,210253396,2431831130.72,1906998301.72,45.422337,2.404015,1.226719,8.95,9.13,9.19,9.14,9.04,9.89,10.85,2016-09-08,-
2022-12-01,300543,朗科智能,消费电子,8.92,9.0,8.85,8.88,8.85,3035800,27750498.0,1.4439,0.331,1.65,否,0.75,2.186,-5.732,-5.632,-2.738,否,268118096,210253396,2439874673.6,1913305903.6,45.572576,2.411967,1.230777,8.86,9.08,9.17,9.13,9.03,9.89,10.83,2016-09-08,-
2022-12-02,300543,朗科智能,消费电子,8.88,9.02,8.82,9.01,8.82,2532340,23225211.64,1.2044,1.429,2.2,否,0.7,0.222,-3.43,-3.222,3.922,否,268118096,210253396,2474730026.08,1940638845.08,46.223613,2.446424,1.248359,8.88,9.05,9.15,9.13,9.02,9.89,10.8,2016-09-08,-
2022-12-05,300543,朗科智能,消费电子,9.03,9.09,8.95,9.03,8.95,2373705,21899128.88,1.129,0.217,1.52,否,0.74,2.034,1.575,-2.903,1.461,否,268118096,210253396,2480092388.0,1944843913.0,46.323772,2.451725,1.251064,8.95,9.02,9.14,9.13,9.01,9.89,10.78,2016-09-08,-
2022-12-06,300543,朗科智能,消费电子,9.0,9.05,8.9,8.91,8.9,2118022,19428788.3,1.0074,-1.297,1.62,否,0.71,0.338,2.532,-2.088,-3.152,否,268118096,210253396,2447918216.48,1919613505.48,45.722815,2.419919,1.234834,8.94,9.0,9.12,9.13,9.0,9.88,10.76,2016-09-08,-
2022-12-07,300543,朗科智能,消费电子,8.91,8.93,8.82,8.85,8.82,1902100,17277143.5,0.9047,-0.657,1.2,否,0.73,-1.776,-1.557,-6.051,-4.117,否,268118096,210253396,2431831130.72,1906998301.72,45.422337,2.404015,1.226719,8.94,8.94,9.1,9.12,8.99,9.88,10.74,2016-09-08,-
2022-12-08,300543,朗科智能,消费电子,8.8,8.84,8.72,8.73,8.72,2259163,20277611.39,1.0745,-1.323,1.32,否,0.94,-3.322,-1.356,-6.431,-5.109,否,268118096,210253396,2399656959.2,1881767894.2,44.82138,2.372209,1.210489,8.91,8.88,9.08,9.1,8.97,9.88,10.71,2016-09-08,-
2022-12-09,300543,朗科智能,消费电子,8.76,8.81,8.57,8.65,8.57,2535903,22495636.58,1.2061,-1.006,2.79,否,1.13,-2.918,-2.59,-2.7,-7.288,否,268118096,210253396,2375526330.56,1862845088.56,44.370662,2.348355,1.198317,8.83,8.86,9.06,9.1,8.96,9.87,10.69,2016-09-08,-
2022-12-12,300543,朗科智能,消费电子,8.67,8.75,8.57,8.72,8.57,2420519,21507890.9,1.1512,0.903,2.14,否,1.08,-1.469,-3.219,0.345,-7.333,否,268118096,210253396,2396975778.24,1879665360.24,44.7713,2.369559,1.209137,8.77,8.86,9.04,9.1,8.95,9.87,10.66,2016-09-08,-
2022-12-13,300543,朗科智能,消费电子,8.74,8.75,8.52,8.55,8.52,2005100,17700947.7,0.9537,-2.013,2.68,否,0.89,-2.062,-5.316,-4.894,-7.468,否,268118096,210253396,2348714520.96,1841819748.96,43.869864,2.32185,1.184792,8.7,8.82,9.0,9.08,8.93,9.86,10.64,2016-09-08,-
2022-12-14,300543,朗科智能,消费电子,8.63,8.72,8.52,8.55,8.52,2076858,18365377.02,0.9878,0.0,2.4,否,0.93,-1.156,-4.04,-3.39,-7.267,否,268118096,210253396,2348714520.96,1841819748.96,43.869864,2.32185,1.184792,8.64,8.79,8.96,9.05,8.92,9.85,10.61,2016-09-08,-
2022-12-15,300543,朗科智能,消费电子,8.55,8.71,8.51,8.7,8.51,1970948,17501903.58,0.9374,1.712,2.4,否,0.87,-0.229,-1.695,-2.027,-5.125,否,268118096,210253396,2388932235.36,1873357758.36,44.621061,2.361607,1.205079,8.63,8.77,8.92,9.04,8.92,9.84,10.59,2016-09-08,-
2022-12-16,300543,朗科智能,消费电子,8.7,8.7,8.49,8.51,8.49,2430136,21312434.62,1.1558,-2.132,2.47,否,1.1,-0.468,-2.52,-5.549,-6.278,否,268118096,210253396,2337989797.12,1833409613.12,43.669545,2.311247,1.179382,8.61,8.72,8.88,9.01,8.92,9.82,10.57,2016-09-08,-
2022-12-19,300543,朗科智能,消费电子,8.49,8.54,8.2,8.26,8.2,2001316,17033148.28,0.9519,-2.982,4.01,否,0.92,-3.392,-4.509,-8.527,-9.231,否,268118096,210253396,2268279092.16,1778743730.16,42.367472,2.242334,1.144217,8.51,8.64,8.83,8.97,8.91,9.79,10.55,2016-09-08,-
2022-12-20,300543,朗科智能,消费电子,8.23,8.4,8.2,8.29,8.2,1512980,12880649.0,0.7196,0.473,2.48,否,0.72,-4.713,-4.931,-6.958,-10.86,否,268126820,210262120,2279077970.0,1787228020.0,42.567791,2.252936,1.149627,8.46,8.58,8.79,8.94,8.9,9.76,10.53,2016-09-08,-
2022-12-21,300543,朗科智能,消费电子,8.38,8.38,8.1,8.18,8.1,1779320,14939397.18,0.8462,-1.412,3.41,否,0.89,-3.878,-4.327,-7.571,-12.886,否,268126820,210262120,2246902751.6,1761996565.6,41.968199,2.221202,1.133434,8.39,8.51,8.73,8.91,8.89,9.73,10.5,2016-09-08,-
2022-12-22,300543,朗科智能,消费电子,8.24,8.24,8.0,8.01,8.0,1769635,14688974.93,0.8416,-2.029,2.86,否,0.91,-3.027,-6.316,-8.247,-14.878,否,268126820,210262120,2201321192.2,1726252005.2,41.116816,2.176142,1.11044,8.25,8.44,8.66,8.87,8.88,9.7,10.47,2016-09-08,-
2022-12-23,300543,朗科智能,消费电子,8.03,8.13,7.96,8.05,7.96,1767437,14566321.78,0.8406,0.487,2.07,否,0.93,-2.895,-7.471,-6.936,-13.534,否,268126820,210262120,2212046265.0,1734662490.0,41.317141,2.186745,1.11585,8.16,8.38,8.62,8.83,8.87,9.68,10.44,2016-09-08,-
2022-12-26,300543,朗科智能,消费电子,8.11,8.33,8.05,8.31,8.05,1829662,15465200.69,0.8702,3.273,3.52,否,1.04,1.589,-2.35,-4.702,-10.645,否,268126820,210262120,2284440506.4,1791433262.4,42.669339,2.258311,1.152369,8.17,8.34,8.6,8.81,8.87,9.65,10.42,2016-09-08,-
2022-12-27,300543,朗科智能,消费电子,8.34,8.37,8.2,8.29,8.2,1559800,13244523.26,0.7418,-0.352,2.11,否,0.9,3.496,0.363,-3.041,-8.901,否,268126820,210262120,2276396701.8,1785125398.8,42.519095,2.250359,1.148312,8.17,8.32,8.57,8.77,8.86,9.63,10.39,2016-09-08,-
2022-12-28,300543,朗科智能,消费电子,8.29,8.29,8.12,8.15,8.12,1096857,9197074.81,0.5217,-1.649,2.0,否,0.63,1.242,-1.689,-4.678,-13.482,否,268126820,210262120,2238858947.0,1755688702.0,41.817955,2.213251,1.129376,8.16,8.28,8.53,8.73,8.86,9.62,10.36,2016-09-08,-
2022-12-29,300543,朗科智能,消费电子,8.14,8.19,8.09,8.1,8.09,1228222,10229724.89,0.5841,-0.599,1.2,否,0.77,-2.527,-0.978,-6.897,-13.183,否,268126820,210262120,2225452606.0,1745175596.0,41.567548,2.199997,1.122613,8.18,8.22,8.49,8.69,8.85,9.6,10.34,2016-09-08,-
2022-12-30,300543,朗科智能,消费电子,8.16,8.2,8.07,8.14,8.07,1034585,8611509.36,0.492,0.482,1.57,否,0.69,-1.809,1.623,-4.348,-8.436,否,268126820,210262120,2236177678.8,1753586080.8,41.767874,2.2106,1.128023,8.2,8.18,8.45,8.65,8.85,9.57,10.32,2016-09-08,-
2023-01-03,300543,朗科智能,消费电子,8.18,8.38,8.12,8.37,8.12,2082401,17663090.39,0.9904,2.878,3.24,否,1.54,2.699,3.975,1.332,-3.682,否,268126820,210262120,2300528115.6,1804048989.6,42.969827,2.274214,1.160484,8.21,8.19,8.42,8.62,8.85,9.55,10.29,2016-09-08,-
2023-01-04,300543,朗科智能,消费电子,8.36,8.47,8.31,8.38,8.31,1894000,16265315.61,0.8959,0.117,1.86,否,1.35,3.457,0.842,1.086,-6.785,否,268126820,211412662,2303209383.8,1816034766.58,43.019908,2.276865,1.161837,8.23,8.2,8.39,8.59,8.85,9.53,10.27,2016-09-08,-
2023-01-05,300543,朗科智能,消费电子,8.38,8.47,8.3,8.45,8.3,2209767,19010879.69,1.0452,0.815,1.98,否,1.51,3.808,1.93,3.301,-4.52,否,268126820,211412662,2321978261.2,1830833652.92,43.370478,2.295419,1.171305,8.29,8.23,8.37,8.56,8.85,9.52,10.25,2016-09-08,-
2023-01-06,300543,朗科智能,消费电子,8.47,8.62,8.4,8.52,8.4,2892756,25308563.79,1.3683,0.808,2.54,否,1.71,1.792,4.54,6.367,-4.054,否,268126820,211412662,2340747138.6,1845632539.26,43.721048,2.313973,1.180773,8.37,8.28,8.36,8.53,8.85,9.51,10.23,2016-09-08,-
2023-01-09,300543,朗科智能,消费电子,8.54,8.68,8.54,8.63,8.54,2081800,18387197.01,0.9847,1.26,1.6,否,1.03,2.983,6.543,7.205,-4.218,否,268126820,211412662,2370241088.8,1868887932.08,44.271943,2.34313,1.195651,8.47,8.33,8.36,8.53,8.84,9.49,10.21,2016-09-08,-
2023-01-10,300543,朗科智能,消费电子,8.62,8.64,8.49,8.58,8.49,1426610,12521140.58,0.6748,-0.566,1.7,否,0.64,1.538,5.405,3.249,-4.983,否,268126820,211412662,2356834747.8,1858317298.98,44.021536,2.329877,1.188888,8.51,8.36,8.35,8.52,8.84,9.47,10.19,2016-09-08,-
2023-01-11,300543,朗科智能,消费电子,8.63,8.63,8.42,8.43,8.42,1623145,14181106.0,0.7678,-1.707,2.39,否,0.77,-1.056,0.717,1.689,-5.387,否,268126820,211412662,2316615724.8,1826605399.68,43.270315,2.290118,1.1686,8.52,8.38,8.35,8.5,8.83,9.44,10.17,2016-09-08,-
2023-01-12,300543,朗科智能,消费电子,8.48,8.57,8.44,8.53,8.44,1532255,13372319.83,0.7248,1.157,1.5,否,0.75,-1.159,1.79,4.663,-3.616,否,268126820,211412662,2343428406.8,1847746665.88,43.771129,2.316624,1.182125,8.54,8.41,8.34,8.49,8.82,9.42,10.15,2016-09-08,-
2023-01-13,300543,朗科智能,消费电子,8.5,8.56,8.39,8.43,8.39,1450092,12550197.12,0.6859,-1.144,1.95,否,0.76,-1.748,-0.237,4.074,-3.436,否,268126820,211412662,2316615724.8,1826605399.68,43.270315,2.290118,1.1686,8.52,8.45,8.33,8.48,8.8,9.4,10.13,2016-09-08,-
2023-01-16,300543,朗科智能,消费电子,8.45,8.63,8.41,8.6,8.41,1786750,15684051.44,0.8451,1.968,2.55,否,1.1,2.017,0.939,5.651,-0.578,否,268126820,211412662,2362197284.2,1862545552.22,44.121699,2.335178,1.191593,8.51,8.49,8.34,8.46,8.8,9.38,10.11,2016-09-08,-
2023-01-17,300543,朗科智能,消费电子,8.61,8.66,8.55,8.61,8.55,1490173,13142802.93,0.7049,0.114,1.25,否,0.95,0.938,-0.232,2.867,-1.261,否,268126820,211412662,2364878552.4,1864659678.84,44.17178,2.337829,1.192946,8.52,8.52,8.35,8.45,8.79,9.36,10.09,2016-09-08,-
2023-01-18,300543,朗科智能,消费电子,8.62,8.75,8.62,8.73,8.62,1716849,15308586.05,0.8121,1.474,1.59,否,1.09,3.559,1.748,4.177,2.105,否,268126820,211412662,2399735039.0,1892143324.9,44.822838,2.372286,1.210529,8.58,8.55,8.37,8.44,8.79,9.34,10.07,2016-09-08,-
2023-01-19,300543,朗科智能,消费电子,8.74,8.86,8.69,8.84,8.69,1933522,17453882.77,0.9146,1.229,2.01,否,1.21,2.791,4.864,4.615,3.392,否,268126820,211412662,2429228989.2,1915398717.72,45.373733,2.401443,1.225407,8.64,8.59,8.41,8.44,8.78,9.32,10.05,2016-09-08,-
2023-01-20,300543,朗科智能,消费电子,8.85,8.95,8.8,8.88,8.8,1788800,16281932.0,0.8461,0.442,1.66,否,1.07,3.136,4.103,4.225,2.069,否,268126820,211412662,2439954062.0,1923855224.2,45.574059,2.412045,1.230817,8.73,8.63,8.45,8.45,8.78,9.31,10.03,2016-09-08,-
2023-01-30,300543,朗科智能,消费电子,8.94,9.02,8.91,8.97,8.91,2275109,20880355.78,1.0761,0.989,1.21,否,1.31,2.749,6.406,3.94,5.405,否,268126820,211412662,2464085475.8,1942882363.78,46.024791,2.435901,1.24299,8.81,8.66,8.5,8.46,8.78,9.28,10.01,2016-09-08,-
2023-01-31,300543,朗科智能,消费电子,8.93,9.1,8.92,9.1,8.92,2757264,25484217.2,1.3042,1.415,1.96,否,1.5,2.941,5.814,6.061,10.169,否,268126820,211412662,2498941962.4,1970366009.84,46.675849,2.470359,1.260573,8.9,8.71,8.54,8.47,8.78,9.27,10.0,2016-09-08,-
2023-02-01,300543,朗科智能,消费电子,9.07,9.37,9.02,9.36,9.02,4168840,39397145.8,1.9719,2.897,3.86,否,1.99,5.405,8.711,11.032,12.907,否,268126820,211412662,2571336203.8,2027447428.58,48.028047,2.541925,1.297092,9.03,8.81,8.59,8.5,8.79,9.25,9.98,2016-09-08,-
2023-02-02,300543,朗科智能,消费电子,9.39,9.45,9.28,9.36,9.28,3534412,33847735.22,1.6718,0.0,1.77,否,1.37,4.348,7.216,9.73,14.425,否,268126820,211412662,2571336203.8,2027447428.58,48.028047,2.541925,1.297092,9.13,8.89,8.65,8.53,8.79,9.24,9.97,2016-09-08,-
2023-02-03,300543,朗科智能,消费电子,9.32,9.41,9.2,9.35,9.2,2965917,28263675.42,1.4029,-0.104,2.19,否,1.02,2.747,5.769,10.913,16.729,否,268126820,211412662,2568654935.6,2025333301.96,47.977965,2.539274,1.295739,9.23,8.98,8.71,8.55,8.79,9.22,9.95,2016-09-08,-
2023-02-06,300543,朗科智能,消费电子,9.33,9.39,9.24,9.33,9.24,2873286,27443361.02,1.3591,-0.209,1.57,否,0.91,-0.321,5.068,8.488,15.901,否,268126820,211412662,2563292399.2,2021105048.72,47.877803,2.533973,1.293034,9.3,9.05,8.77,8.57,8.79,9.21,9.93,2016-09-08,-
2023-02-07,300543,朗科智能,消费电子,9.26,9.42,9.25,9.42,9.25,3181741,30541260.17,1.505,0.941,1.78,否,0.98,0.641,5.017,9.408,13.357,否,268126820,211412662,2587423813.0,2040132188.3,48.328535,2.557828,1.305207,9.36,9.13,8.83,8.61,8.79,9.2,9.92,2016-09-08,-
2023-02-08,300543,朗科智能,消费电子,9.44,9.46,9.32,9.33,9.32,2454777,23584425.68,1.1611,-0.933,1.45,否,0.73,-0.214,2.527,6.873,12.545,否,268126820,211412662,2563292399.2,2021105048.72,47.877803,2.533973,1.293034,9.36,9.19,8.87,8.65,8.79,9.18,9.9,2016-09-08,-
2023-02-09,300543,朗科智能,消费电子,9.34,9.49,9.3,9.47,9.3,3203236,30911089.72,1.5152,1.464,1.99,否,1.07,1.501,1.175,7.127,16.196,否,268126820,211412662,2600830154.0,2050702821.4,48.578942,2.571081,1.31197,9.38,9.26,8.92,8.69,8.8,9.17,9.89,2016-09-08,-
2023-02-10,300543,朗科智能,消费电子,9.48,9.67,9.42,9.45,9.42,6132167,59851594.56,2.9006,-0.206,2.68,否,2.09,0.318,0.962,6.419,16.667,否,268126820,211412662,2595467617.6,2046474568.16,48.478779,2.56578,1.309265,9.4,9.31,8.97,8.74,8.8,9.15,9.88,2016-09-08,-
2023-02-13,300543,朗科智能,消费电子,9.49,9.57,9.36,9.56,9.36,4131712,40205162.81,1.9543,1.24,2.27,否,1.16,2.465,2.246,6.577,17.445,否,268126820,211412662,2627642836.0,2071844087.6,49.079756,2.597587,1.325495,9.45,9.37,9.02,8.79,8.81,9.13,9.87,2016-09-08,-
2023-02-14,300543,朗科智能,消费电子,9.59,9.7,9.54,9.68,9.54,3877136,38334707.1,1.8339,1.225,1.63,否,1.01,2.218,3.751,6.374,15.651,否,268126820,211412662,2659818054.4,2097213607.04,49.680732,2.629395,1.341726,9.5,9.43,9.07,8.83,8.82,9.12,9.86,2016-09-08,-
2023-02-15,300543,朗科智能,消费电子,9.67,9.99,9.6,9.91,9.6,5457230,54920914.41,2.5813,2.319,4.03,否,1.38,4.868,5.202,5.876,18.258,否,268126820,211412662,2721487223.0,2145838519.3,50.832604,2.690358,1.372834,9.61,9.49,9.15,8.89,8.83,9.11,9.85,2016-09-08,-
2023-02-16,300543,朗科智能,消费电子,9.88,9.95,9.38,9.44,9.38,5839949,57828259.86,2.7623,-4.729,5.81,否,1.28,-1.255,1.179,0.855,11.716,否,268126820,211412662,2592786349.4,2044360441.54,48.428698,2.56313,1.307912,9.61,9.49,9.19,8.93,8.83,9.09,9.84,2016-09-08,-
2023-02-17,300543,朗科智能,消费电子,9.45,9.6,9.35,9.37,9.35,4436615,43043395.71,2.0986,-0.724,2.69,否,0.87,-3.202,-1.056,0.214,9.977,否,268126820,211412662,2574017472.0,2029561555.2,48.078128,2.544575,1.298444,9.59,9.5,9.24,8.97,8.83,9.07,9.82,2016-09-08,-
2023-02-20,300543,朗科智能,消费电子,9.42,9.47,9.28,9.46,9.28,3280352,31506269.78,1.5516,0.938,1.98,否,0.69,-4.541,0.106,1.393,9.618,否,268126820,211412662,2598148885.8,2048588694.78,48.528861,2.568431,1.310617,9.57,9.51,9.28,9.02,8.83,9.05,9.81,2016-09-08,-
2023-02-21,300543,朗科智能,消费电子,9.5,9.55,9.31,9.42,9.31,3063630,29602669.66,1.4491,-0.413,2.58,否,0.67,-0.212,-1.464,0.0,9.79,否,268126820,211412662,2587423813.0,2040132188.3,48.328535,2.557828,1.305207,9.52,9.51,9.32,9.05,8.84,9.03,9.8,2016-09-08,-
2023-02-22,300543,朗科智能,消费电子,9.4,9.45,9.33,9.41,9.33,1709710,16444803.8,0.8087,-0.104,1.24,否,0.39,0.427,-2.789,0.857,11.625,否,268126820,211412662,2584742544.8,2038018061.68,48.278454,2.555178,1.303854,9.42,9.52,9.36,9.09,8.84,9.02,9.79,2016-09-08,-
2023-02-23,300543,朗科智能,消费电子,9.45,9.5,9.3,9.39,9.3,2313216,22233528.04,1.0942,-0.208,2.07,否,0.63,-0.74,-5.247,-0.845,10.082,否,268126820,211412662,2579380008.4,2033789808.44,48.178291,2.549877,1.301149,9.41,9.51,9.38,9.12,8.84,9.0,9.78,2016-09-08,-
2023-02-24,300543,朗科智能,消费电子,9.36,9.43,9.28,9.34,9.28,1847400,17687668.3,0.8738,-0.52,1.56,否,0.62,-0.849,-1.059,-1.164,10.795,否,268126820,211412662,2565973667.4,2023219175.34,47.927884,2.536624,1.294387,9.4,9.5,9.41,9.15,8.84,8.98,9.76,2016-09-08,-
2023-02-27,300543,朗科智能,消费电子,9.28,9.38,9.16,9.17,9.16,2747141,26025806.74,1.2994,-1.776,2.3,否,1.12,-2.55,-2.134,-4.079,6.628,否,268126820,211412662,2520392108.0,1987279022.8,47.0765,2.491563,1.271393,9.35,9.46,9.42,9.16,8.84,8.97,9.75,2016-09-08,-
2023-02-28,300543,朗科智能,消费电子,9.22,9.36,9.16,9.33,9.16,2531070,24066750.5,1.1972,1.702,2.13,否,1.08,-0.639,-1.374,-3.616,8.362,否,268126820,211412662,2563292399.2,2021105048.72,47.877803,2.533973,1.293034,9.33,9.42,9.43,9.19,8.86,8.97,9.74,2016-09-08,-
2023-03-01,300543,朗科智能,消费电子,9.35,9.51,9.32,9.49,9.32,3077576,29778204.16,1.4557,1.674,1.99,否,1.38,1.606,0.743,-4.238,8.706,否,268126820,211412662,2606192690.4,2054931074.64,48.679105,2.576383,1.314675,9.34,9.38,9.43,9.22,8.86,8.96,9.73,2016-09-08,-
2023-03-02,300543,朗科智能,消费电子,9.53,9.61,9.39,9.43,9.39,2856057,27787605.71,1.3509,-0.617,2.37,否,1.14,2.835,0.213,-0.106,6.674,否,268126820,211412662,2590105081.2,2042246314.92,48.378616,2.560479,1.306559,9.35,9.38,9.44,9.25,8.87,8.95,9.71,2016-09-08,-
2023-03-03,300543,朗科智能,消费电子,9.42,9.51,9.28,9.36,9.28,2287340,22010828.56,1.0819,-0.725,2.48,否,0.88,0.322,-0.319,-0.107,5.405,否,268126820,211412662,2571336203.8,2027447428.58,48.028047,2.541925,1.297092,9.36,9.38,9.44,9.29,8.88,8.95,9.7,2016-09-08,-
2023-03-06,300543,朗科智能,消费电子,9.39,9.44,9.25,9.35,9.25,2017996,19287903.48,0.9545,-0.104,1.98,否,0.75,-1.475,0.107,-1.163,4.236,否,268126820,211412662,2568654935.6,2025333301.96,47.977965,2.539274,1.295739,9.39,9.37,9.44,9.31,8.89,8.95,9.69,2016-09-08,-
2023-03-07,300543,朗科智能,消费电子,9.32,9.36,9.06,9.06,9.06,2776970,26107695.37,1.3135,-3.132,3.24,否,1.09,-3.924,-1.2,-3.822,-0.44,否,268126820,211412662,2488216889.6,1961909503.36,46.475524,2.459756,1.255163,9.34,9.33,9.42,9.33,8.89,8.95,9.68,2016-09-08,-
2023-03-08,300543,朗科智能,消费电子,9.03,9.25,9.03,9.24,9.03,2389173,22460381.02,1.1301,2.047,2.48,否,0.92,-1.282,-0.965,-1.807,-1.282,否,268126820,211412662,2539160985.4,2002077909.14,47.42707,2.510118,1.280861,9.29,9.32,9.42,9.34,8.89,8.95,9.66,2016-09-08,-
2023-03-09,300543,朗科智能,消费电子,9.28,9.46,9.2,9.44,9.2,3717857,35578170.96,1.7586,2.112,2.75,否,1.51,0.963,-0.527,0.532,0.855,否,268126820,211412662,2592786349.4,2044360441.54,48.428698,2.56313,1.307912,9.29,9.32,9.42,9.36,8.9,8.94,9.65,2016-09-08,-
2023-03-10,300543,朗科智能,消费电子,9.41,9.52,9.34,9.42,9.34,3789887,36703522.82,1.7926,-0.207,1.96,否,1.44,3.974,-0.106,0.857,0.749,否,268126820,211412662,2587423813.0,2040132188.3,48.328535,2.557828,1.305207,9.3,9.33,9.41,9.38,8.91,8.94,9.64,2016-09-08,-
2023-03-13,300543,朗科智能,消费电子,9.42,9.42,9.12,9.24,9.12,3298271,31123663.85,1.5601,-1.865,3.11,否,1.12,0.0,-1.282,0.763,-0.965,否,268126820,211412662,2539160985.4,2002077909.14,47.42707,2.510118,1.280861,9.28,9.34,9.4,9.39,8.92,8.94,9.63,2016-09-08,-
2023-03-14,300543,朗科智能,消费电子,9.23,9.26,8.91,9.17,8.91,4650808,43274865.68,2.1999,-0.739,3.8,否,1.46,-2.86,-1.925,-1.715,-2.654,否,268126820,211412662,2520392108.0,1987279022.8,47.0765,2.491563,1.271393,9.3,9.32,9.37,9.39,8.93,8.94,9.61,2016-09-08,-
2023-03-15,300543,朗科智能,消费电子,9.28,9.63,9.28,9.5,9.28,7648122,74512548.66,3.6176,3.511,3.83,否,2.14,0.849,4.857,0.105,1.822,否,268126820,211412662,2608873958.6,2057045201.26,48.729186,2.579033,1.316027,9.35,9.32,9.35,9.4,8.95,8.94,9.6,2016-09-08,-
2023-03-16,300543,朗科智能,消费电子,9.4,9.67,9.37,9.37,9.37,5293290,51583232.5,2.5038,-1.336,3.19,否,1.15,1.407,1.407,-0.636,-1.056,否,268126820,211412662,2574017472.0,2029561555.2,48.078128,2.544575,1.298444,9.34,9.32,9.35,9.4,8.96,8.94,9.59,2016-09-08,-
2023-03-17,300543,朗科智能,消费电子,9.47,9.53,9.37,9.52,9.37,4108182,39804674.85,1.9432,1.667,1.77,否,0.83,3.817,0.847,1.709,0.741,否,268126820,211412662,2616917763.2,2063387581.12,48.87943,2.586985,1.320085,9.36,9.33,9.36,9.4,8.97,8.95,9.59,2016-09-08,-
2023-03-20,300543,朗科智能,消费电子,9.58,9.59,9.33,9.43,9.33,3359786,32487268.28,1.5892,-1.025,2.77,否,0.67,-0.737,0.106,0.856,-1.36,否,268126820,211412662,2590105081.2,2042246314.92,48.378616,2.560479,1.306559,9.4,9.34,9.35,9.41,8.99,8.95,9.58,2016-09-08,-
2023-03-21,300543,朗科智能,消费电子,9.49,9.68,9.37,9.68,9.37,5204965,51101386.08,2.462,2.692,3.31,否,1.04,3.308,4.762,6.843,0.0,否,268126820,211412662,2659818054.4,2097213607.04,49.680732,2.629395,1.341726,9.5,9.4,9.37,9.41,9.01,8.96,9.57,2016-09-08,-
2023-03-22,300543,朗科智能,消费电子,9.76,9.76,9.6,9.7,9.6,4085980,40508189.37,1.9327,0.202,1.61,否,0.8,1.891,5.78,4.978,-2.119,否,268126820,211412662,2665180590.8,2101441860.28,49.780895,2.634696,1.344431,9.54,9.45,9.38,9.43,9.04,8.97,9.57,2016-09-08,-
2023-03-23,300543,朗科智能,消费电子,9.7,9.81,9.56,9.8,9.56,4543210,45264924.29,2.149,1.006,2.52,否,1.03,3.924,3.158,3.814,3.814,否,268126820,211412662,2691993272.8,2122583126.48,50.281709,2.661202,1.357956,9.63,9.48,9.4,9.44,9.06,8.98,9.56,2016-09-08,-
2023-03-24,300543,朗科智能,消费电子,9.84,9.93,9.73,9.92,9.73,5146638,51986206.45,2.4344,1.295,2.09,否,1.21,2.479,5.87,5.308,5.87,否,268126820,211412662,2726849759.4,2150066772.54,50.932767,2.69566,1.375539,9.71,9.53,9.43,9.45,9.1,8.99,9.56,2016-09-08,-
2023-03-27,300543,朗科智能,消费电子,9.95,9.98,9.62,9.95,9.62,5878457,59223936.58,2.7806,0.295,3.64,否,1.32,2.577,4.517,7.684,5.18,否,268126820,211412662,2734893564.0,2156409152.4,51.083011,2.703611,1.379597,9.81,9.6,9.47,9.47,9.13,9.0,9.56,2016-09-08,-
2023-03-28,300543,朗科智能,消费电子,9.97,9.97,9.61,9.62,9.61,6566200,65247038.74,3.1059,-3.333,3.63,否,1.32,-1.837,2.015,4.907,2.123,否,268126820,211412662,2643730445.2,2084528847.32,49.380244,2.613491,1.33361,9.8,9.65,9.48,9.46,9.15,9.01,9.55,2016-09-08,-
2023-03-29,300543,朗科智能,消费电子,9.7,9.75,9.52,9.61,9.52,4782500,47093747.1,2.2622,-0.101,2.33,否,0.91,-3.125,-0.723,1.158,2.125,否,268126820,211412662,2641049177.0,2082414720.7,49.330163,2.61084,1.332258,9.78,9.66,9.49,9.45,9.17,9.02,9.55,2016-09-08,-
2023-03-30,300543,朗科智能,消费电子,9.63,9.63,9.48,9.54,9.48,3380022,33083589.64,1.5988,-0.711,1.62,否,0.63,-4.121,-1.649,1.814,1.597,否,268126820,211412662,2622280299.6,2067615834.36,48.979593,2.592286,1.32279,9.73,9.68,9.5,9.46,9.19,9.03,9.54,2016-09-08,-
2023-03-31,300543,朗科智能,消费电子,9.64,9.66,9.4,9.62,9.4,3985948,38945279.35,1.8854,0.818,2.76,否,0.77,0.0,-1.837,1.05,2.998,否,268126992,211412834,2643732141.12,2084530543.24,49.380244,2.613491,1.33361,9.67,9.69,9.51,9.47,9.22,9.04,9.53,2016-09-08,-
2023-04-03,300543,朗科智能,消费电子,9.64,9.7,9.53,9.66,9.53,3732596,36843751.26,1.7655,0.406,1.72,否,0.76,0.52,-2.621,2.439,5.344,否,268126992,211412834,2654457220.8,2092987056.6,49.58057,2.624093,1.339021,9.61,9.71,9.52,9.47,9.25,9.05,9.53,2016-09-08,-
2023-04-04,300543,朗科智能,消费电子,9.67,9.68,9.48,9.51,9.48,3435835,33700684.28,1.6252,-1.515,2.12,否,0.77,-0.314,-4.422,-1.756,1.929,否,268126992,211412834,2614238172.0,2061275131.5,48.82938,2.584336,1.318733,9.59,9.69,9.55,9.48,9.26,9.06,9.52,2016-09-08,-
2023-04-06,300543,朗科智能,消费电子,9.51,9.73,9.49,9.66,9.49,4088114,40416713.66,1.9337,1.539,2.56,否,1.06,0.416,0.416,-0.412,1.791,否,268126992,211412834,2654457220.8,2092987056.6,49.580601,2.624095,1.339021,9.6,9.69,9.57,9.48,9.29,9.07,9.52,2016-09-08,-
2023-04-07,300543,朗科智能,消费电子,9.66,9.66,9.48,9.64,9.48,3480694,34156452.58,1.6464,-0.202,1.92,否,0.93,-0.207,0.312,-1.633,2.227,否,268126992,211412834,2649094680.96,2088758799.92,49.480439,2.618794,1.336316,9.62,9.67,9.58,9.49,9.31,9.08,9.51,2016-09-08,-
2023-04-10,300543,朗科智能,消费电子,9.61,9.81,9.46,9.49,9.46,4686791,46384545.24,2.2169,-1.619,3.64,否,1.25,-0.21,-0.524,-4.335,1.389,否,268126992,211412834,2606194362.24,2054932746.48,48.679136,2.576384,1.314676,9.59,9.63,9.58,9.5,9.32,9.08,9.5,2016-09-08,-
2023-04-11,300543,朗科智能,消费电子,9.47,9.66,9.37,9.44,9.37,3885331,37768146.8,1.8378,-0.514,3.09,否,1.0,-2.277,-1.871,-5.126,0.963,否,268126992,211412834,2592788012.64,2044362104.78,48.428729,2.563131,1.307913,9.55,9.58,9.59,9.51,9.34,9.09,9.5,2016-09-08,-
2023-04-12,300543,朗科智能,消费电子,9.53,9.8,9.43,9.8,9.43,5512256,54726139.36,2.6073,3.826,3.93,否,1.41,1.66,1.449,1.871,8.168,否,268126992,211412834,2691994999.68,2122584853.36,50.281741,2.661204,1.357957,9.61,9.6,9.62,9.52,9.36,9.1,9.49,2016-09-08,-
2023-04-13,300543,朗科智能,消费电子,9.74,9.78,9.52,9.59,9.52,5155430,50749294.1,2.4386,-2.092,2.59,否,1.19,1.054,0.841,-0.208,3.788,否,268126992,211412834,2635688331.36,2078188158.22,49.230031,2.605541,1.329554,9.59,9.6,9.63,9.53,9.37,9.1,9.48,2016-09-08,-
2023-04-14,300543,朗科智能,消费电子,9.55,9.64,9.4,9.56,9.4,3047705,29662257.6,1.4416,-0.305,2.54,否,0.67,1.271,-1.035,0.21,1.271,否,268126992,211412834,2627644521.6,2071845773.2,49.079787,2.597589,1.325496,9.58,9.6,9.64,9.53,9.39,9.1,9.48,2016-09-08,-
2023-04-17,300543,朗科智能,消费电子,9.56,9.58,9.35,9.37,9.35,2949337,28442446.29,1.3951,-2.041,2.45,否,0.66,-4.388,-2.801,-2.599,-0.531,否,268126992,211412834,2574019123.2,2029563206.4,48.078159,2.544577,1.298445,9.55,9.57,9.63,9.53,9.41,9.11,9.47,2016-09-08,-
2023-04-18,300543,朗科智能,消费电子,9.37,9.38,9.12,9.14,9.12,2887400,27145617.8,1.3658,-2.396,2.71,否,0.7,-4.692,-3.688,-5.383,-1.082,否,268126992,211412834,2512349915.04,1980938254.58,46.926286,2.483613,1.267336,9.49,9.52,9.62,9.52,9.42,9.11,9.46,2016-09-08,-
2023-04-19,300543,朗科智能,消费电子,9.13,9.31,9.12,9.2,9.12,2158981,20389052.08,1.0212,0.64,2.03,否,0.55,-3.766,-2.542,-3.26,0.327,否,268126992,211412834,2528437534.56,1993623024.62,47.226775,2.499517,1.275452,9.37,9.49,9.59,9.53,9.43,9.11,9.46,2016-09-08,-
2023-04-20,300543,朗科智能,消费电子,9.17,9.24,9.07,9.19,9.07,2638461,24780569.99,1.248,-0.106,1.91,否,0.81,-1.921,-6.224,-4.865,-3.263,否,268126992,211412834,2525756264.64,1991508896.28,47.176693,2.496866,1.274099,9.29,9.44,9.57,9.53,9.43,9.11,9.46,2016-09-08,-
2023-04-21,300543,朗科智能,消费电子,9.19,9.27,8.69,8.7,8.69,4934782,45205064.57,2.3342,-5.308,6.37,否,1.8,-4.814,-9.281,-9.751,-7.15,否,268126992,211412834,2391692768.64,1885802479.28,44.672623,2.364336,1.206472,9.12,9.35,9.51,9.5,9.43,9.11,9.45,2016-09-08,-
2023-04-24,300543,朗科智能,消费电子,8.7,8.77,8.5,8.63,8.5,3861950,34089465.6,1.8267,-0.897,3.14,否,1.24,-6.196,-9.728,-9.062,-9.349,否,268126992,211412834,2370242609.28,1868889452.56,44.271971,2.343131,1.195651,8.97,9.26,9.45,9.48,9.43,9.1,9.45,2016-09-08,-
2023-04-25,300543,朗科智能,消费电子,8.64,8.64,8.16,8.25,8.16,3503905,29912689.71,1.6574,-4.412,5.54,否,1.06,-10.229,-11.953,-12.606,-12.513,否,268126992,211412834,2265673082.4,1786438447.3,42.318796,2.239758,1.142902,8.79,9.14,9.36,9.44,9.42,9.1,9.44,2016-09-08,-
2023-04-26,300543,朗科智能,消费电子,8.23,8.35,8.22,8.32,8.22,2335126,19842699.6,1.1045,0.947,1.66,否,0.68,-4.368,-8.972,-15.102,-14.05,否,268126992,211412834,2287123241.76,1803351474.02,42.719447,2.260963,1.153722,8.62,9.0,9.3,9.41,9.4,9.09,9.43,2016-09-08,-
2023-04-27,300543,朗科智能,消费电子,8.11,8.24,8.01,8.11,8.01,3524741,29384869.87,1.6672,-2.579,2.7,否,1.02,-6.025,-11.848,-15.433,-16.392,否,268126992,211412834,2228135303.52,1756840650.54,40.025555,2.224642,1.508935,8.4,8.85,9.22,9.37,9.38,9.08,9.43,2016-09-08,-
2023-04-28,300543,朗科智能,消费电子,8.14,8.36,8.12,8.33,8.12,2577862,21929485.14,1.2193,2.768,3.01,否,0.71,0.97,-9.358,-12.866,-15.0,否,268126992,211412834,2289804511.68,1805465602.36,41.133362,2.286215,1.550698,8.33,8.72,9.16,9.33,9.36,9.08,9.42,2016-09-08,-
2023-05-04,300543,朗科智能,消费电子,8.3,8.39,8.23,8.36,8.23,2962803,25215168.42,1.4014,0.351,1.99,否,0.94,0.481,-3.908,-10.779,-15.726,否,268126992,211412834,2297848321.44,1811807987.38,41.277859,2.294246,1.556146,8.27,8.62,9.1,9.29,9.35,9.07,9.42,2016-09-08,-
2023-05-05,300543,朗科智能,消费电子,8.32,8.4,8.1,8.19,8.1,2721159,22890587.16,1.2871,-2.1,3.62,否,0.91,0.986,-5.098,-10.394,-17.688,否,268126992,211412834,2249585462.88,1773753677.26,40.410879,2.246059,1.523461,8.26,8.53,9.02,9.25,9.33,9.06,9.41,2016-09-08,-
2023-05-08,300543,朗科智能,消费电子,8.25,8.32,8.18,8.29,8.18,2072690,17503159.3,0.9804,1.311,1.79,否,0.73,-0.48,0.485,-9.891,-13.825,否,268126992,211412834,2279079432.0,1797009089.0,40.9407,2.275507,1.543435,8.26,8.44,8.96,9.21,9.31,9.05,9.41,2016-09-08,-
2023-05-09,300543,朗科智能,消费电子,8.28,8.31,8.08,8.13,8.08,3583405,30047688.2,1.695,-2.0,2.82,否,1.29,-2.751,-2.284,-11.534,-15.401,否,268126992,211412834,2233497843.36,1761068907.22,40.121886,2.229997,1.512567,8.26,8.33,8.89,9.15,9.29,9.04,9.41,2016-09-08,-
2023-05-10,300543,朗科智能,消费电子,8.15,8.25,8.07,8.22,8.07,2182951,18249891.11,1.0326,1.08,2.16,否,0.78,0.366,1.356,-5.517,-13.836,否,268126992,211412834,2257629272.64,1780096062.28,40.555376,2.25409,1.528909,8.24,8.28,8.82,9.1,9.27,9.03,9.41,2016-09-08,-
2023-05-11,300543,朗科智能,消费电子,8.23,8.34,8.17,8.3,8.17,2003264,16982236.39,0.9476,1.069,2.14,否,0.74,0.121,-0.36,-3.824,-13.721,否,268126992,211412834,2281760701.92,1799123217.34,40.988866,2.278184,1.545251,8.23,8.25,8.76,9.05,9.25,9.03,9.41,2016-09-08,-
2023-05-12,300543,朗科智能,消费电子,8.3,8.41,8.19,8.22,8.19,1691497,14339078.68,0.8001,-1.058,2.7,否,0.67,1.107,-1.675,-0.364,-14.907,否,268126992,211412834,2257629272.64,1780096062.28,40.555376,2.25409,1.528909,8.23,8.25,8.7,8.99,9.23,9.02,9.41,2016-09-08,-
2023-05-15,300543,朗科智能,消费电子,8.22,8.31,8.16,8.3,8.16,1931754,16286466.6,0.9137,1.069,1.9,否,0.84,0.973,1.343,-0.24,-12.723,否,268126992,211412834,2281760701.92,1799123217.34,40.988866,2.278184,1.545251,8.23,8.25,8.62,8.95,9.21,9.01,9.41,2016-09-08,-
2023-05-16,300543,朗科智能,消费电子,8.31,8.53,8.29,8.46,8.29,3680883,31804769.98,1.7411,1.88,2.94,否,1.62,1.928,2.051,4.316,-12.422,否,268126992,211412834,2324661020.64,1832949270.78,41.759514,2.321017,1.574304,8.3,8.28,8.56,8.91,9.18,9.01,9.41,2016-09-08,-
2023-05-17,300543,朗科智能,消费电子,8.46,8.84,8.4,8.81,8.4,5196083,46284222.15,2.4578,4.152,5.19,否,2.26,7.178,8.364,5.762,-8.61,否,268126992,211412834,2421186737.76,1909057891.02,43.493473,2.417391,1.639673,8.42,8.33,8.53,8.88,9.17,9.0,9.41,2016-09-08,-
2023-05-18,300543,朗科智能,消费电子,8.88,8.9,8.76,8.86,8.76,4609582,41705223.7,2.1804,0.554,1.55,否,1.59,6.747,7.786,5.981,-6.639,否,268126992,211412834,2434593087.36,1919628532.72,43.734301,2.430777,1.648752,8.53,8.38,8.5,8.86,9.16,9.0,9.41,2016-09-08,-
2023-05-19,300543,朗科智能,消费电子,8.93,9.12,8.92,9.06,8.92,4626736,42902205.92,2.1885,2.203,2.31,否,1.35,7.092,9.157,10.623,-4.025,否,268126992,211412834,2488218485.76,1961911099.52,44.697612,2.484318,1.685068,8.7,8.47,8.5,8.84,9.16,8.99,9.41,2016-09-08,-
2023-05-22,300543,朗科智能,消费电子,9.06,9.18,9.01,9.13,9.01,3495689,32698499.16,1.6535,0.862,1.94,否,0.87,3.632,11.071,10.133,-6.837,否,268126992,211412834,2509668645.12,1978824126.24,45.082936,2.505734,1.699595,8.86,8.55,8.49,8.83,9.15,8.99,9.41,2016-09-08,-
2023-05-23,300543,朗科智能,消费电子,9.22,9.22,9.0,9.08,9.0,3500360,32669140.56,1.6557,-0.641,2.46,否,0.81,2.483,9.398,11.685,-5.318,否,268126992,211412834,2493581025.6,1966139356.2,44.793943,2.489672,1.6887,8.99,8.64,8.49,8.81,9.14,8.99,9.42,2016-09-08,-
2023-05-24,300543,朗科智能,消费电子,9.07,9.34,9.01,9.27,9.01,4156654,39420729.82,1.9661,2.151,3.66,否,0.97,2.318,9.574,12.774,-3.033,否,268126992,211412834,2547206424.0,2008421923.0,45.757253,2.543213,1.725016,9.08,8.75,8.52,8.79,9.14,8.99,9.42,2016-09-08,-
2023-05-25,300543,朗科智能,消费电子,9.21,10.12,9.21,9.64,9.21,16447837,163609477.29,7.78,4.0,9.79,否,4.03,5.586,9.421,16.145,2.882,否,268126992,211412834,2649094680.96,2088758799.92,47.587543,2.644942,1.794017,9.24,8.88,8.57,8.8,9.15,8.99,9.42,2016-09-08,-
2023-05-26,300543,朗科智能,消费电子,9.65,10.21,9.54,9.9,9.54,16454372,166690388.36,7.7831,2.632,6.88,否,2.55,9.031,11.738,20.438,8.315,否,268126992,211412834,2718807698.88,2143726136.76,48.839847,2.714546,1.841227,9.4,9.05,8.65,8.81,9.16,9.0,9.43,2016-09-08,-
2023-05-29,300543,朗科智能,消费电子,9.67,10.05,9.6,9.82,9.6,13310301,134490382.44,6.2959,-0.789,4.54,否,1.51,5.933,8.389,18.313,6.739,否,268126992,211412834,2697357539.52,2126813110.04,48.454523,2.693129,1.826701,9.54,9.2,8.72,8.81,9.17,9.01,9.43,2016-09-08,-
2023-05-30,300543,朗科智能,消费电子,9.8,9.89,9.66,9.75,9.66,6963572,69452683.16,3.2938,-0.696,2.29,否,0.65,1.141,6.791,15.248,6.094,否,268126992,211412834,2678588650.08,2112014211.66,48.117364,2.67439,1.81399,9.68,9.33,8.81,8.82,9.17,9.02,9.44,2016-09-08,-
2023-05-31,300543,朗科智能,消费电子,9.71,9.81,9.62,9.66,9.62,4875825,48460831.27,2.3063,-0.901,1.9,否,0.43,-2.424,6.388,9.648,11.034,否,268126992,211412834,2654457220.8,2092987056.6,47.683874,2.650296,1.797648,9.75,9.42,8.87,8.82,9.18,9.02,9.44,2016-09-08,-
2023-06-01,300543,朗科智能,消费电子,9.66,9.73,9.52,9.56,9.52,4342854,42728485.53,2.0542,-1.01,2.12,否,0.37,-2.648,3.128,7.901,10.776,否,268126992,211412834,2627644521.6,2071845773.2,47.202219,2.623525,1.77949,9.74,9.49,8.93,8.83,9.18,9.03,9.44,2016-09-08,-
2023-06-02,300543,朗科智能,消费电子,9.51,9.65,9.47,9.48,9.47,2832842,27638732.07,1.34,-0.918,1.94,否,0.31,-2.769,-1.66,4.636,14.909,否,268126992,211412834,2603513092.32,2052818618.14,46.768729,2.599432,1.763148,9.65,9.53,9.0,8.84,9.18,9.03,9.44,2016-09-08,-
2023-06-05,300543,朗科智能,消费电子,9.46,9.59,9.46,9.53,9.46,3108039,30366960.13,1.4701,0.618,1.44,否,0.48,-1.346,-3.737,4.381,14.543,否,268126992,211412834,2619600711.84,2065503388.18,47.057722,2.615494,1.774043,9.6,9.57,9.06,8.85,9.19,9.04,9.45,2016-09-08,-
2023-06-06,300543,朗科智能,消费电子,9.51,9.56,9.21,9.23,9.21,2827050,27061106.79,1.3372,-3.173,3.68,否,0.64,-3.452,-6.008,1.652,13.81,否,268126992,211412834,2536481344.32,1999965409.64,45.564591,2.532505,1.717753,9.49,9.58,9.11,8.85,9.19,9.04,9.45,2016-09-08,-
2023-06-07,300543,朗科智能,消费电子,9.3,9.45,9.2,9.4,9.2,2738266,26231803.26,1.2952,1.797,2.64,否,0.76,-0.844,-3.59,1.402,12.845,否,268126992,211412834,2582062932.96,2035905591.42,46.383405,2.578015,1.748621,9.44,9.6,9.17,8.88,9.19,9.05,9.45,2016-09-08,-
2023-06-08,300543,朗科智能,消费电子,9.4,9.4,9.17,9.21,9.17,2939835,27864404.18,1.3906,-1.973,2.39,否,0.93,-3.358,-4.658,-4.461,10.167,否,268126992,211412834,2531118804.48,1995737152.96,45.46826,2.527151,1.714121,9.37,9.55,9.22,8.9,9.19,9.05,9.45,2016-09-08,-
2023-06-09,300543,朗科智能,消费电子,9.3,9.31,9.14,9.19,9.14,2590519,24276174.63,1.2253,-0.213,1.81,否,0.9,-0.433,-3.87,-7.172,12.21,否,268126992,211412834,2506987375.2,1976709997.9,45.03477,2.503057,1.697779,9.31,9.48,9.27,8.93,9.18,9.05,9.45,2016-09-08,-
2023-06-12,300543,朗科智能,消费电子,9.21,9.4,9.18,9.38,9.18,2672250,25304984.5,1.264,2.032,2.35,否,0.94,-0.213,-1.055,-4.481,13.148,否,268126992,211412834,2557931503.68,2016878436.36,45.949915,2.553922,1.732279,9.28,9.44,9.32,8.96,9.19,9.06,9.45,2016-09-08,-
2023-06-13,300543,朗科智能,消费电子,9.36,9.46,9.26,9.43,9.26,2351866,22421725.34,1.1125,0.524,2.1,否,0.85,2.389,-1.049,-3.282,15.99,否,268126992,211412834,2571337853.28,2027449078.06,46.190743,2.567307,1.741358,9.32,9.41,9.37,9.01,9.19,9.07,9.45,2016-09-08,-
2023-06-14,300543,朗科智能,消费电子,9.45,9.45,9.18,9.27,9.18,2774192,26163920.8,1.3122,-1.668,2.82,否,1.04,0.871,0.433,-4.037,12.774,否,268126992,211412834,2528437534.56,1993623024.62,45.420094,2.524474,1.712305,9.3,9.37,9.39,9.04,9.19,9.07,9.45,2016-09-08,-
2023-06-15,300543,朗科智能,消费电子,9.3,9.46,9.25,9.39,9.25,2480552,23661413.84,1.1733,1.273,2.23,否,0.93,0.107,-0.106,-1.778,13.133,否,268126992,211412834,2560612773.6,2018992564.7,45.998081,2.556599,1.734095,9.33,9.35,9.42,9.07,9.18,9.08,9.45,2016-09-08,-
2023-06-16,300543,朗科智能,消费电子,9.38,9.49,9.29,9.47,9.29,2756191,26403689.54,1.3037,0.838,2.09,否,1.07,0.424,2.823,-0.105,15.207,否,268126992,211412834,2582062932.96,2035905591.42,46.383405,2.578015,1.748621,9.39,9.35,9.44,9.11,9.18,9.09,9.46,2016-09-08,-
2023-06-19,300543,朗科智能,消费电子,9.47,9.59,9.47,9.55,9.47,2896180,28046655.97,1.3699,0.831,1.25,否,1.11,3.02,3.917,0.21,15.06,否,268126992,211412834,2603513092.32,2052818618.14,46.768729,2.599432,1.763148,9.42,9.35,9.46,9.16,9.18,9.1,9.46,2016-09-08,-
2023-06-20,300543,朗科智能,消费电子,9.54,9.6,9.38,9.54,9.38,2705072,26158084.88,1.2795,-0.103,2.27,否,1.02,1.597,1.706,3.359,12.766,否,268126992,211412834,2600831822.4,2050704489.8,46.720564,2.596755,1.761332,9.44,9.38,9.48,9.2,9.18,9.11,9.46,2016-09-08,-
2023-06-21,300543,朗科智能,消费电子,9.48,9.64,9.4,9.5,9.4,3093363,29976470.21,1.4632,-0.412,2.47,否,1.14,0.317,0.742,1.064,7.832,否,268126992,211412834,2590106742.72,2042247976.44,46.527902,2.586046,1.754069,9.49,9.39,9.5,9.25,9.17,9.12,9.46,2016-09-08,-
2023-06-26,300543,朗科智能,消费电子,9.48,9.56,9.18,9.18,9.18,3150896,29840079.98,1.4904,-3.313,3.93,否,1.13,-3.874,-0.971,-0.326,3.612,否,268126992,211412834,2504306105.28,1974595869.56,44.986605,2.50038,1.695963,9.45,9.39,9.47,9.28,9.16,9.13,9.46,2016-09-08,-
2023-06-27,300543,朗科智能,消费电子,9.18,9.42,9.05,9.39,9.05,2282600,21646932.0,1.0797,2.248,4.07,否,0.78,-1.572,0.0,2.176,3.642,否,268126992,211412834,2560612773.6,2018992564.7,45.998081,2.556599,1.734095,9.43,9.41,9.45,9.31,9.15,9.14,9.46,2016-09-08,-
2023-06-28,300543,朗科智能,消费电子,9.35,9.4,9.0,9.24,9.0,2778158,25893147.66,1.3141,-1.571,4.29,否,0.98,-2.737,-2.429,-1.493,1.205,否,268126992,211412834,2520393724.8,1987280639.6,45.275598,2.516443,1.706858,9.37,9.4,9.42,9.35,9.15,9.15,9.46,2016-09-08,-
2023-06-29,300543,朗科智能,消费电子,9.23,9.68,9.19,9.68,9.19,5134565,50049374.3,2.4287,4.787,5.32,否,1.83,5.447,1.361,2.651,6.608,否,268126992,211412834,2641050871.2,2082416414.9,47.443047,2.636911,1.788569,9.4,9.42,9.41,9.39,9.15,9.16,9.46,2016-09-08,-
2023-06-30,300543,朗科智能,消费电子,9.66,9.75,9.58,9.72,9.58,3678950,36253862.5,1.7402,0.406,1.83,否,1.12,3.514,1.887,4.854,4.854,否,268126992,211412834,2651775950.88,2090872928.26,47.635709,2.647619,1.795832,9.44,9.47,9.42,9.42,9.15,9.17,9.46,2016-09-08,-
2023-07-03,300543,朗科智能,消费电子,9.76,9.85,9.61,9.64,9.61,3054163,30072672.14,1.4446,-0.809,2.53,否,0.9,4.329,1.474,2.662,0.0,否,268126992,211412834,2630325791.52,2073959901.54,47.250385,2.626202,1.781306,9.53,9.49,9.42,9.44,9.15,9.19,9.46,2016-09-08,-
2023-07-04,300543,朗科智能,消费电子,9.64,9.88,9.54,9.83,9.54,4572264,45448104.45,2.1627,1.937,3.57,否,1.35,1.55,7.081,3.801,-0.707,否,268126992,211412834,2681269920.0,2114128340.0,48.16553,2.677067,1.815806,9.62,9.53,9.44,9.47,9.15,9.2,9.46,2016-09-08,-
2023-07-05,300543,朗科智能,消费电子,9.81,9.82,9.63,9.65,9.63,2699434,26719805.32,1.2769,-1.8,2.0,否,0.7,-0.72,2.769,1.047,-1.731,否,268126992,211412834,2633007061.44,2076074029.88,47.29855,2.62888,1.783122,9.7,9.54,9.44,9.49,9.16,9.21,9.45,2016-09-08,-
2023-07-06,300543,朗科智能,消费电子,9.68,9.81,9.57,9.73,9.57,2808635,27822742.35,1.3285,0.815,2.55,否,0.73,0.934,5.303,1.992,-0.205,否,268126992,211412834,2654457220.8,2092987056.6,47.683874,2.650296,1.797648,9.71,9.56,9.47,9.51,9.16,9.22,9.44,2016-09-08,-
2023-07-07,300543,朗科智能,消费电子,9.68,9.73,9.48,9.51,9.48,2350503,22850398.01,1.1118,-2.323,2.63,否,0.7,-3.255,-1.756,0.105,-1.553,否,268126992,211412834,2592788012.64,2044362104.78,46.576067,2.588723,1.755885,9.67,9.56,9.48,9.52,9.15,9.23,9.43,2016-09-08,-
2023-07-10,300543,朗科智能,消费电子,9.53,9.63,9.34,9.41,9.34,2430660,23295860.2,1.1497,-1.034,3.0,否,0.78,-2.487,-3.189,2.505,-1.569,否,268126992,211412834,2565975313.44,2023220821.38,46.094412,2.561953,1.737727,9.63,9.58,9.49,9.51,9.15,9.24,9.42,2016-09-08,-
2023-07-11,300543,朗科智能,消费电子,9.43,9.58,9.39,9.57,9.39,1894478,18336654.87,0.8961,1.672,1.99,否,0.64,-1.644,-0.726,1.917,0.949,否,268126992,211412834,2608875632.16,2057046874.82,46.86506,2.604786,1.766779,9.57,9.6,9.5,9.5,9.16,9.25,9.42,2016-09-08,-
2023-07-12,300543,朗科智能,消费电子,9.57,9.66,9.36,9.38,9.36,2755644,26589405.09,1.3034,-1.953,3.19,否,1.13,-1.367,-4.578,1.515,-1.574,否,268126992,211412834,2557931503.68,2016878436.36,45.949915,2.553922,1.732279,9.52,9.61,9.5,9.48,9.15,9.25,9.41,2016-09-08,-
2023-07-13,300543,朗科智能,消费电子,9.38,9.67,9.32,9.66,9.32,3102695,30193414.44,1.4676,3.04,3.77,否,1.27,2.657,0.104,-0.207,4.659,否,268126992,211412834,2635688331.36,2078188158.22,47.346716,2.631557,1.784937,9.51,9.61,9.52,9.48,9.15,9.26,9.41,2016-09-08,-
2023-07-14,300543,朗科智能,消费电子,9.66,9.81,9.61,9.74,9.61,2989000,29530966.3,1.4138,0.814,2.14,否,1.19,1.776,0.103,0.206,3.617,否,268126992,211412834,2657138490.72,2095101184.94,47.73204,2.652973,1.799464,9.55,9.61,9.54,9.48,9.15,9.27,9.4,2016-09-08,-
2023-07-17,300543,朗科智能,消费电子,9.73,9.73,9.63,9.68,9.63,1977793,19457311.03,0.9355,-0.605,1.11,否,0.75,3.198,1.788,0.415,5.103,否,268126992,211412834,2641050871.2,2082416414.9,47.443047,2.636911,1.788569,9.61,9.62,9.55,9.49,9.16,9.28,9.4,2016-09-08,-
2023-07-18,300543,朗科智能,消费电子,9.74,9.8,9.64,9.68,9.64,2277830,22464930.8,1.0774,0.0,1.62,否,0.9,0.207,2.869,-1.526,5.332,否,268126992,211412834,2641050871.2,2082416414.9,47.443047,2.636911,1.788569,9.63,9.6,9.56,9.49,9.17,9.29,9.39,2016-09-08,-
2023-07-19,300543,朗科智能,消费电子,9.7,9.76,9.54,9.6,9.54,1910340,18664844.8,0.9036,-0.914,2.34,否,0.73,-1.437,0.313,-0.518,2.345,否,268126992,211412834,2616919441.92,2063389259.84,47.009557,2.612817,1.772227,9.67,9.6,9.57,9.5,9.17,9.3,9.39,2016-09-08,-
2023-07-20,300543,朗科智能,消费电子,9.55,9.62,9.35,9.37,9.35,2489500,23941972.42,1.1776,-2.357,2.77,否,1.02,-3.202,-0.107,-3.7,-0.636,否,268126992,211412834,2555250233.76,2014764308.02,45.90175,2.551245,1.730463,9.61,9.56,9.56,9.5,9.18,9.31,9.39,2016-09-08,-
2023-07-21,300543,朗科智能,消费电子,9.34,9.4,9.11,9.16,9.11,2975076,27937341.06,1.4072,-2.204,3.04,否,1.28,-5.372,-5.176,-3.68,-1.187,否,268126992,211412834,2498943565.44,1970367612.88,44.890274,2.495026,1.692331,9.5,9.53,9.54,9.49,9.18,9.31,9.38,2016-09-08,-
2023-07-24,300543,朗科智能,消费电子,9.18,9.28,9.0,9.22,9.0,2585017,24190793.6,1.2227,0.644,3.11,否,1.11,-3.958,-5.339,-2.019,-1.81,否,268126992,211412834,2515031184.96,1983052382.92,45.179267,2.511089,1.703226,9.41,9.51,9.54,9.49,9.19,9.31,9.38,2016-09-08,-
2023-07-25,300543,朗科智能,消费电子,9.21,9.56,9.21,9.54,9.21,3257349,31281697.05,1.5408,3.412,3.73,否,1.33,1.814,-1.446,-0.313,0.739,否,268126992,211412834,2600831822.4,2050704489.8,46.720564,2.596755,1.761332,9.38,9.5,9.55,9.5,9.22,9.32,9.37,2016-09-08,-
2023-07-26,300543,朗科智能,消费电子,9.54,9.55,9.35,9.4,9.35,2480715,23707543.2,1.1734,-1.443,2.06,否,0.94,2.62,-2.893,0.213,-1.571,否,268126992,211412834,2563294043.52,2021106693.04,46.046246,2.559276,1.735911,9.34,9.51,9.56,9.5,9.23,9.32,9.37,2016-09-08,-
2023-07-27,300543,朗科智能,消费电子,9.45,9.52,9.23,9.26,9.23,2228651,21242471.59,1.0542,-1.464,3.03,否,0.81,0.434,-3.542,-4.141,-2.935,否,268126992,211412834,2525756264.64,1991508896.28,45.371929,2.521797,1.710489,9.32,9.47,9.54,9.5,9.25,9.32,9.36,2016-09-08,-
2023-07-28,300543,朗科智能,消费电子,9.24,9.38,9.13,9.23,9.13,2478730,23237925.5,1.1725,-0.319,2.65,否,0.92,-3.249,-1.494,-5.236,-2.842,否,268126992,211412834,2517712454.88,1985166511.26,45.227432,2.513766,1.705042,9.33,9.41,9.51,9.5,9.27,9.32,9.35,2016-09-08,-
2023-07-31,300543,朗科智能,消费电子,9.33,9.42,9.16,9.29,9.16,2548200,24145423.0,1.2053,0.639,2.77,否,0.98,-1.17,1.419,-4.029,1.198,否,268126992,211412834,2533800074.4,1997851281.3,45.516426,2.529828,1.715937,9.34,9.38,9.5,9.49,9.28,9.32,9.34,2016-09-08,-
2023-08-01,300543,朗科智能,消费电子,9.33,9.34,9.17,9.3,9.17,2295500,21615245.14,1.0858,0.106,1.8,否,0.88,0.432,0.868,-3.926,-0.958,否,268126992,211412834,2536481344.32,1999965409.64,45.564591,2.532505,1.717753,9.3,9.34,9.47,9.49,9.3,9.32,9.33,2016-09-08,-
2023-08-02,300543,朗科智能,消费电子,9.38,9.41,9.19,9.4,9.19,2433831,23103641.81,1.1512,1.057,2.33,否,1.01,1.842,-1.468,-2.083,1.732,否,268126992,211412834,2563294043.52,2021106693.04,46.046246,2.559276,1.735911,9.3,9.32,9.46,9.48,9.32,9.32,9.33,2016-09-08,-
2023-08-03,300543,朗科智能,消费电子,9.4,9.51,9.28,9.29,9.28,2083700,19815751.0,0.9856,-1.151,2.41,否,0.87,0.0,-1.17,-0.854,-4.029,否,268126992,211412834,2533800074.4,1997851281.3,45.516426,2.529828,1.715937,9.3,9.31,9.43,9.48,9.34,9.31,9.32,2016-09-08,-
2023-08-04,300543,朗科智能,消费电子,9.39,9.42,9.26,9.3,9.26,1942172,18459569.5,0.9187,0.106,1.69,否,0.82,0.0,0.432,1.528,-4.321,否,268126992,211412834,2536481344.32,1999965409.64,45.564591,2.532505,1.717753,9.32,9.32,9.42,9.47,9.36,9.31,9.32,2016-09-08,-
2023-08-07,300543,朗科智能,消费电子,9.3,9.38,9.24,9.28,9.24,1866300,17660754.0,0.8828,-0.211,1.48,否,0.83,-1.277,0.542,0.651,-3.734,否,268126992,211412834,2531118804.48,1995737152.96,45.46826,2.527151,1.714121,9.31,9.33,9.42,9.47,9.37,9.31,9.31,2016-09-08,-
2023-08-08,300543,朗科智能,消费电子,9.3,9.33,9.06,9.1,9.06,2066700,19265567.0,0.9776,-1.907,2.86,否,0.97,-2.045,-2.045,-4.612,-7.426,否,268126992,211412834,2482855945.92,1957682842.84,44.60128,2.478964,1.681437,9.27,9.29,9.39,9.46,9.39,9.31,9.3,2016-09-08,-
2023-08-09,300543,朗科智能,消费电子,9.09,9.12,8.92,8.93,8.92,2066891,18897142.87,0.9777,-1.944,2.27,否,0.99,-3.978,-3.978,-5.0,-7.461,否,268126992,211412834,2434593087.36,1919628532.72,43.734301,2.430777,1.648752,9.18,9.24,9.37,9.45,9.4,9.3,9.29,2016-09-08,-
2023-08-10,300543,朗科智能,消费电子,8.95,9.0,8.88,8.94,8.88,1513613,13780298.75,0.716,0.11,1.32,否,0.75,-3.664,-4.894,-3.456,-8.119,否,268126992,211412834,2437274357.28,1921742661.06,43.782466,2.433454,1.650568,9.11,9.21,9.34,9.43,9.41,9.29,9.28,2016-09-08,-
2023-08-11,300543,朗科智能,消费电子,8.93,9.02,8.82,8.82,8.82,1914021,17372816.84,0.9053,-1.32,2.2,否,1.01,-3.077,-5.059,-4.442,-7.256,否,268126992,211412834,2405099118.24,1896373120.98,43.20448,2.401329,1.628778,9.01,9.17,9.29,9.4,9.41,9.29,9.27,2016-09-08,-
2023-08-14,300543,朗科智能,消费电子,8.88,8.94,8.64,8.87,8.64,2292556,20479642.88,1.0844,0.557,3.34,否,1.22,-0.672,-4.624,-4.521,-5.739,否,268126992,211412834,2418505467.84,1906943762.68,43.445308,2.414714,1.637857,8.93,9.12,9.25,9.37,9.41,9.28,9.26,2016-09-08,-
2023-08-15,300543,朗科智能,消费电子,8.87,8.95,8.68,8.73,8.68,1671328,14921607.62,0.7906,-1.552,2.99,否,0.85,-2.349,-5.927,-6.129,-8.777,否,268126992,211412834,2380967688.96,1877345965.92,42.77099,2.377235,1.612436,8.86,9.07,9.2,9.33,9.4,9.28,9.25,2016-09-08,-
2023-08-16,300543,朗科智能,消费电子,8.73,8.78,8.57,8.58,8.57,1487430,13104149.6,0.7036,-1.689,2.36,否,0.79,-2.721,-5.714,-8.723,-8.529,否,268126992,211412834,2340748640.16,1845634040.82,42.048507,2.337079,1.585199,8.79,8.98,9.15,9.3,9.39,9.27,9.25,2016-09-08,-
2023-08-17,300543,朗科智能,消费电子,8.63,8.85,8.54,8.81,8.54,1806488,16038403.03,0.8545,2.635,3.55,否,1.02,-0.676,-1.344,-5.167,-8.799,否,268126992,211412834,2402417848.32,1894258992.64,43.156315,2.398652,1.626962,8.76,8.94,9.12,9.27,9.39,9.27,9.24,2016-09-08,-
2023-08-18,300543,朗科智能,消费电子,8.84,8.93,8.75,8.78,8.75,1771808,15943051.13,0.8381,-0.335,2.01,否,0.97,0.573,-1.79,-5.591,-9.856,否,268126992,211412834,2394374038.56,1887916607.62,43.011818,2.390621,1.621515,8.75,8.88,9.1,9.24,9.38,9.26,9.23,2016-09-08,-
2023-08-21,300543,朗科智能,消费电子,8.74,8.91,8.74,8.81,8.74,2457437,22073184.04,1.1624,0.336,1.9,否,1.36,2.681,-0.113,-5.065,-8.988,否,268126992,211412834,2402417848.32,1894258992.64,43.156315,2.398652,1.626962,8.74,8.84,9.08,9.22,9.37,9.26,9.22,2016-09-08,-
2023-08-22,300543,朗科智能,消费电子,8.88,8.96,8.58,8.76,8.58,1799506,16000626.54,0.8512,-0.558,4.24,否,0.98,-0.568,-1.24,-3.736,-9.504,否,268126992,211412834,2389011498.72,1883688350.94,42.915487,2.385266,1.617883,8.75,8.8,9.04,9.2,9.35,9.25,9.2,2016-09-08,-
2023-08-23,300543,朗科智能,消费电子,8.76,8.81,8.54,8.57,8.54,3132160,27459478.8,1.4815,-2.132,3.03,否,1.68,-2.392,-1.833,-4.031,-10.729,否,268126992,211412834,2338067370.24,1843519912.48,42.000342,2.334402,1.583383,8.75,8.77,9.0,9.17,9.33,9.25,9.19,2016-09-08,-
2023-08-24,300543,朗科智能,消费电子,8.57,8.67,8.43,8.51,8.43,1959550,17062142.5,0.9269,-0.688,2.87,否,0.89,-3.405,-0.816,-4.81,-9.178,否,268126992,211412834,2321979750.72,1830835142.44,41.711349,2.31834,1.572488,8.69,8.72,8.97,9.13,9.31,9.24,9.18,2016-09-08,-
2023-08-25,300543,朗科智能,消费电子,8.56,8.6,8.28,8.3,8.28,2253232,19248646.94,1.0658,-2.54,3.81,否,1.01,-5.251,-5.789,-5.896,-9.389,否,268126992,211412834,2262991812.48,1784324318.96,40.651707,2.259444,1.53254,8.59,8.67,8.92,9.08,9.28,9.23,9.17,2016-09-08,-
2023-08-28,300543,朗科智能,消费电子,8.67,8.89,8.35,8.38,8.35,2601535,22722929.15,1.2305,0.948,6.52,否,1.12,-2.217,-4.556,-5.524,-9.111,否,268126992,211412834,2284441971.84,1801237345.68,41.037031,2.280861,1.547067,8.5,8.62,8.87,9.04,9.26,9.22,9.16,2016-09-08,-
2023-08-29,300543,朗科智能,消费电子,8.47,8.89,8.31,8.89,8.31,3910664,34763244.72,1.8498,6.103,6.92,否,1.66,4.465,0.908,1.833,-6.813,否,268126992,211412834,2423868007.68,1911172019.36,43.541639,2.420068,1.641489,8.53,8.64,8.85,9.01,9.25,9.22,9.14,2016-09-08,-
2023-08-30,300543,朗科智能,消费电子,9.11,9.74,9.04,9.64,9.04,15469825,150575020.58,7.3174,8.518,7.96,否,5.58,16.145,10.046,12.354,2.553,否,268126992,211412834,2630325791.52,2073959901.54,39.182515,2.572343,1.900606,8.74,8.75,8.86,9.02,9.26,9.22,9.14,2016-09-08,-
2023-08-31,300543,朗科智能,消费电子,9.68,9.97,9.56,9.81,9.56,13985239,139759508.9,6.6151,1.733,4.28,否,2.67,17.064,14.469,11.351,5.94,否,268126992,211412834,2675907380.16,2109900083.32,39.861519,2.61692,1.933542,9.0,8.85,8.89,9.03,9.26,9.23,9.13,2016-09-08,-
2023-09-01,300543,朗科智能,消费电子,9.75,9.98,9.75,9.86,9.75,8424622,84623029.58,3.9849,0.501,2.3,否,1.1,10.911,15.864,12.301,6.826,否,268126992,211412834,2689313729.76,2120470725.02,40.061226,2.63003,1.943229,9.32,8.95,8.92,9.05,9.27,9.23,9.12,2016-09-08,-
2023-09-04,300543,朗科智能,消费电子,9.74,10.04,9.74,10.01,9.74,9620519,96982419.13,4.5506,1.496,2.99,否,1.08,3.838,20.602,13.621,7.75,否,268126992,211412834,2729532778.56,2152182650.12,40.660347,2.669363,1.97229,9.64,9.07,8.96,9.08,9.29,9.24,9.12,2016-09-08,-
2023-09-05,300543,朗科智能,消费电子,10.02,10.31,9.88,10.09,9.88,6904634,71247223.8,3.2659,0.786,4.32,否,0.67,2.854,20.406,15.183,8.495,否,268126992,211412834,2750982937.92,2169095676.84,40.979878,2.69034,1.987789,9.88,9.21,9.0,9.1,9.3,9.24,9.12,2016-09-08,-
2023-09-06,300543,朗科智能,消费电子,10.03,10.18,10.0,10.05,10.0,6668601,68379077.39,3.1543,-0.39,1.75,否,0.61,1.927,13.048,17.27,6.915,否,268126992,211412834,2740257858.24,2160639163.48,40.820112,2.679852,1.98004,9.96,9.35,9.06,9.12,9.31,9.25,9.12,2016-09-08,-
2023-09-07,300543,朗科智能,消费电子,10.08,10.08,9.85,9.87,9.85,5175404,52272346.34,2.448,-1.761,2.25,否,0.57,-1.399,2.386,15.981,6.243,否,268126992,211412834,2691994999.68,2122584853.36,40.101167,2.632653,1.945166,9.98,9.49,9.11,9.14,9.32,9.25,9.12,2016-09-08,-
2023-09-08,300543,朗科智能,消费电子,9.88,10.01,9.83,9.91,9.83,3508466,35433716.85,1.6595,0.398,1.79,否,0.48,-1.784,1.019,19.398,6.559,否,268126992,211412834,2702720079.36,2131041366.72,40.260933,2.643141,1.952916,9.99,9.65,9.16,9.16,9.33,9.26,9.11,2016-09-08,-
2023-09-11,300543,朗科智能,消费电子,10.0,10.01,9.83,9.86,9.83,4104604,41258769.74,1.9415,-0.496,1.79,否,0.64,-1.891,0.0,17.661,6.25,否,268126992,211412834,2689313729.76,2120470725.02,40.061226,2.63003,1.943229,9.96,9.8,9.21,9.18,9.34,9.26,9.12,2016-09-08,-
2023-09-12,300543,朗科智能,消费电子,9.88,9.93,9.71,9.78,9.71,3897820,38815757.92,1.8437,-0.798,2.19,否,0.74,-0.912,-2.298,10.011,7.473,否,268126992,211412834,2667863570.4,2103557698.3,39.741694,2.609053,1.927729,9.89,9.89,9.26,9.2,9.34,9.26,9.12,2016-09-08,-
2023-09-13,300543,朗科智能,消费电子,9.78,9.86,9.52,9.63,9.52,3169168,31027726.96,1.499,-1.608,3.52,否,0.68,-2.825,-4.559,-0.104,7.839,否,268126992,211412834,2624963251.68,2069731644.86,39.102632,2.567099,1.896731,9.81,9.89,9.32,9.21,9.34,9.26,9.12,2016-09-08,-
2023-09-14,300543,朗科智能,消费电子,9.65,9.7,9.5,9.56,9.5,2746900,26797134.0,1.2993,-0.715,2.15,否,0.69,-3.043,-4.876,-2.548,6.935,否,268126992,211412834,2606194362.24,2054932746.48,38.823042,2.548743,1.883169,9.75,9.86,9.35,9.21,9.34,9.26,9.12,2016-09-08,-
2023-09-15,300543,朗科智能,消费电子,9.65,9.78,9.53,9.64,9.53,3002301,29388693.78,1.4201,0.823,2.67,否,0.86,-1.431,-2.33,-2.231,9.297,否,268126992,211412834,2627644521.6,2071845773.2,39.142573,2.569721,1.898668,9.69,9.84,9.4,9.23,9.35,9.26,9.12,2016-09-08,-
2023-09-18,300543,朗科智能,消费电子,9.59,9.81,9.51,9.73,9.51,4696978,46362558.14,2.2217,1.02,3.16,否,1.39,1.038,-1.816,-2.797,9.696,否,268126992,211412834,2654457220.8,2092987056.6,39.541987,2.595942,1.918042,9.67,9.81,9.44,9.24,9.36,9.26,9.12,2016-09-08,-
2023-09-19,300543,朗科智能,消费电子,9.73,9.73,9.53,9.61,9.53,3439493,33561573.78,1.6269,-1.313,2.12,否,0.98,0.523,-2.535,-4.757,10.08,否,268126992,211412834,2619600711.84,2065503388.18,39.022749,2.561854,1.892856,9.63,9.76,9.49,9.26,9.36,9.26,9.12,2016-09-08,-
2023-09-20,300543,朗科智能,消费电子,9.57,9.78,9.53,9.54,9.53,2805800,27471235.0,1.3272,-0.717,2.66,否,0.82,-1.037,-2.454,-5.075,11.189,否,268126992,211412834,2600831822.4,2050704489.8,38.743159,2.543499,1.879294,9.62,9.71,9.53,9.28,9.36,9.26,9.12,2016-09-08,-
2023-09-21,300543,朗科智能,消费电子,9.64,9.65,9.48,9.59,9.48,2626774,25577175.93,1.2425,0.516,1.86,否,0.79,-1.439,-0.415,-2.837,8.854,否,268126992,211412834,2614238172.0,2061275131.5,38.942866,2.55661,1.888981,9.62,9.69,9.59,9.3,9.36,9.26,9.12,2016-09-08,-
2023-09-22,300543,朗科智能,消费电子,9.59,9.89,9.51,9.89,9.51,4353106,43276869.3,2.0591,3.18,4.0,否,1.31,2.914,3.452,-0.202,12.642,否,268126992,211412834,2697357539.52,2126813110.04,40.18105,2.637897,1.949041,9.67,9.68,9.67,9.34,9.37,9.26,9.12,2016-09-08,-
2023-09-25,300543,朗科智能,消费电子,9.87,9.99,9.71,9.82,9.71,4587484,45754910.16,2.1699,-0.696,2.78,否,1.28,2.935,1.867,-0.406,11.464,否,268126992,211412834,2678588650.08,2112014211.66,39.90146,2.619542,1.935479,9.69,9.68,9.74,9.37,9.37,9.26,9.13,2016-09-08,-
2023-09-26,300543,朗科智能,消费电子,9.85,9.85,9.65,9.66,9.65,3259874,32187080.74,1.5419,-1.602,2.0,否,0.92,0.73,-0.719,-1.227,10.274,否,268126992,211412834,2635688331.36,2078188158.22,39.262397,2.577587,1.90448,9.7,9.67,9.78,9.4,9.37,9.26,9.13,2016-09-08,-
2023-09-27,300543,朗科智能,消费电子,9.73,9.82,9.64,9.69,9.64,3780300,37446893.95,1.7881,0.305,1.83,否,1.07,-2.022,0.832,0.623,13.069,否,268126992,211412834,2643732141.12,2084530543.24,39.382222,2.585454,1.910293,9.73,9.67,9.78,9.44,9.37,9.26,9.14,2016-09-08,-
2023-09-28,300543,朗科智能,消费电子,9.81,10.0,9.67,9.96,9.67,5157710,51990046.45,2.4396,2.738,3.35,否,1.39,1.426,4.403,4.184,17.039,否,268126992,211412834,2716126428.96,2141612008.42,40.46064,2.656252,1.962603,9.8,9.71,9.79,9.47,9.37,9.26,9.14,2016-09-08,-
2023-10-09,300543,朗科智能,消费电子,9.97,10.09,9.88,10.05,9.88,5801911,59038556.4,2.7444,0.889,2.07,否,1.37,4.037,4.797,4.253,21.084,否,268126992,211412834,2740257858.24,2160639163.48,40.820112,2.679852,1.98004,9.84,9.75,9.8,9.52,9.38,9.27,9.14,2016-09-08,-
2023-10-10,300543,朗科智能,消费电子,10.08,10.16,10.0,10.08,10.0,3315200,34009208.0,1.5681,0.294,1.57,否,0.73,4.025,1.921,3.597,20.286,否,268126992,211412834,2748301668.0,2166981548.5,40.939936,2.687718,1.985852,9.89,9.79,9.8,9.56,9.39,9.27,9.15,2016-09-08,-
2023-10-11,300543,朗科智能,消费电子,10.08,10.29,9.98,10.23,9.98,4987596,51703711.04,2.3592,1.561,3.12,否,1.17,2.711,4.175,6.452,15.073,否,268126992,211412834,2791201986.72,2200807601.94,41.578999,2.729673,2.01685,10.0,9.85,9.81,9.61,9.4,9.28,9.16,2016-09-08,-
2023-10-12,300543,朗科智能,消费电子,10.22,10.26,10.09,10.22,10.09,3732136,38660914.28,1.7653,-0.192,1.73,否,0.81,1.692,5.797,7.128,6.017,否,268126992,211412834,2785839446.88,2196579345.26,41.499116,2.724428,2.012976,10.11,9.92,9.82,9.66,9.42,9.28,9.16,2016-09-08,-
2023-10-13,300543,朗科智能,消费电子,10.22,10.43,10.1,10.35,10.1,4950326,52055365.08,2.3415,1.347,3.27,否,1.08,2.679,6.811,7.925,5.505,否,268126992,211412834,2823377225.76,2226177142.02,42.058296,2.761139,2.0401,10.19,10.0,9.84,9.72,9.43,9.29,9.17,2016-09-08,-
2023-10-16,300543,朗科智能,消费电子,10.37,10.38,10.05,10.11,10.05,5956604,61357719.8,2.8175,-2.374,3.23,否,1.31,-1.173,1.506,2.224,2.535,否,268126992,211412834,2756345477.76,2173323933.52,41.059761,2.695585,1.991664,10.2,10.02,9.85,9.78,9.43,9.29,9.18,2016-09-08,-
2023-10-17,300543,朗科智能,消费电子,10.15,10.18,10.01,10.07,10.01,3934516,40281252.4,1.8611,-0.389,1.65,否,0.86,-1.468,0.199,2.546,0.599,否,268126992,211412834,2745620398.08,2164867420.16,40.899995,2.685096,1.983914,10.2,10.04,9.86,9.84,9.44,9.3,9.18,2016-09-08,-
2023-10-18,300543,朗科智能,消费电子,10.11,10.12,9.91,9.94,9.91,2905830,29477573.5,1.3745,-1.27,2.05,否,0.62,-3.961,-1.389,2.899,-1.487,否,268126992,211412834,2710763889.12,2137383751.74,40.380757,2.651008,1.958728,10.14,10.07,9.87,9.88,9.44,9.31,9.19,2016-09-08,-
2023-10-19,300543,朗科智能,消费电子,9.89,10.17,9.89,9.95,9.89,4252767,43384802.09,2.0116,0.099,2.77,否,0.99,-1.583,-2.737,2.683,-0.995,否,268126992,211412834,2713445159.04,2139497880.08,40.420698,2.65363,1.960665,10.08,10.1,9.88,9.89,9.45,9.31,9.2,2016-09-08,-
2023-10-20,300543,朗科智能,消费电子,9.89,10.11,9.79,9.83,9.79,3615180,36437577.5,1.71,-1.186,3.16,否,0.82,-2.383,-3.816,-1.305,-0.405,否,268126992,211412834,2681269920.0,2114128340.0,39.941401,2.622164,1.937416,9.98,10.08,9.9,9.89,9.46,9.32,9.2,2016-09-08,-
2023-10-23,300543,朗科智能,消费电子,9.79,9.91,9.57,9.62,9.57,4102361,40440329.96,1.9405,-2.2,3.5,否,0.99,-3.219,-7.053,-4.279,-2.926,否,268126992,211412834,2622281981.76,2067617516.52,39.06269,2.564476,1.894793,9.88,10.04,9.9,9.88,9.47,9.32,9.21,2016-09-08,-
2023-10-24,300543,朗科智能,消费电子,9.72,9.85,9.52,9.84,9.52,2954921,29225166.79,1.3977,2.352,3.48,否,0.79,-1.106,-2.671,-2.381,-0.203,否,268126992,211412834,2683951189.92,2116242468.34,39.981343,2.624786,1.939354,9.84,10.02,9.9,9.87,9.48,9.33,9.21,2016-09-08,-
2023-10-25,300543,朗科智能,消费电子,9.61,9.64,9.01,9.35,9.01,12905104,121160307.63,6.1042,-4.995,6.39,否,3.62,-4.883,-7.15,-8.602,-4.397,否,268126992,211412834,2549887693.92,2010536051.34,39.208209,2.471011,1.832398,9.72,9.93,9.89,9.85,9.47,9.34,9.21,2016-09-08,-
2023-10-26,300543,朗科智能,消费电子,9.35,9.55,9.19,9.44,9.19,9399267,89137848.34,4.4459,0.946,3.79,否,1.69,-1.871,-5.03,-7.632,-1.973,否,268126992,211412834,2574019123.2,2029563206.4,39.579265,2.494396,1.849739,9.62,9.85,9.88,9.83,9.47,9.35,9.22,2016-09-08,-
2023-10-27,300543,朗科智能,消费电子,9.42,9.67,9.29,9.6,9.29,5998361,58124986.09,2.8373,1.667,4.06,否,0.91,-2.439,-3.518,-7.246,0.418,否,268126992,211412834,2616919441.92,2063389259.84,40.238919,2.53597,1.880568,9.57,9.78,9.89,9.82,9.48,9.37,9.22,2016-09-08,-
2023-10-30,300543,朗科智能,消费电子,9.51,9.87,9.46,9.85,9.46,6051939,59666109.06,2.8626,2.664,4.3,否,0.86,5.348,0.203,-2.572,2.178,否,268126992,211412834,2686632459.84,2118356596.68,41.310858,2.603526,1.930665,9.62,9.75,9.88,9.82,9.49,9.38,9.22,2016-09-08,-
2023-10-31,300543,朗科智能,消费电子,9.81,9.98,9.61,9.66,9.61,4759530,47267540.04,2.2513,-1.896,3.79,否,0.64,2.331,0.416,-4.071,-0.719,否,268126992,211412834,2635688331.36,2078188158.22,40.527518,2.554158,1.894056,9.58,9.71,9.88,9.81,9.5,9.39,9.22,2016-09-08,-
2023-11-01,300543,朗科智能,消费电子,9.65,9.82,9.6,9.68,9.6,4299321,42376268.85,2.0336,0.204,2.34,否,0.55,0.833,-1.626,-2.616,0.728,否,268126992,211412834,2641050871.2,2082416414.9,40.609975,2.559355,1.897909,9.65,9.68,9.88,9.81,9.5,9.4,9.23,2016-09-08,-
2023-11-02,300543,朗科智能,消费电子,9.72,9.89,9.61,9.64,9.61,4134642,40879179.42,1.9557,-0.508,2.94,否,0.68,-2.132,3.102,-3.116,1.048,否,268126992,211412834,2627644521.6,2071845773.2,40.403833,2.546363,1.888275,9.69,9.65,9.87,9.81,9.51,9.41,9.23,2016-09-08,-
2023-11-03,300543,朗科智能,消费电子,9.64,10.1,9.64,10.0,9.64,6130680,62128569.02,2.8999,3.776,4.69,否,1.21,3.52,5.932,1.729,4.275,否,268126992,211412834,2726851508.64,2150068521.78,41.929284,2.642501,1.959567,9.77,9.67,9.88,9.82,9.52,9.43,9.23,2016-09-08,-
2023-11-06,300543,朗科智能,消费电子,10.0,10.27,9.99,10.24,9.99,6074652,62627671.28,2.8734,2.458,2.85,否,1.2,5.785,6.667,6.445,3.539,否,268126992,211412834,2793883256.64,2202921730.28,42.959994,2.707459,2.007738,9.84,9.73,9.89,9.84,9.53,9.45,9.24,2016-09-08,-
2023-11-07,300543,朗科智能,消费电子,10.31,10.41,10.18,10.38,10.18,4935418,51869064.1,2.3345,1.344,2.3,否,0.97,7.676,5.381,5.488,5.703,否,268126992,211412834,2831421035.52,2232519527.04,43.537191,2.743836,2.034713,9.99,9.78,9.9,9.86,9.55,9.46,9.24,2016-09-08,-
2023-11-08,300543,朗科智能,消费电子,10.35,10.42,10.21,10.28,10.21,4117845,43098421.15,1.9478,-0.947,2.08,否,0.81,2.8,6.418,9.947,6.418,否,268126992,211412834,2804608336.32,2211378243.64,43.124907,2.717853,2.015445,10.11,9.88,9.9,9.89,9.57,9.48,9.25,2016-09-08,-
2023-11-09,300543,朗科智能,消费电子,10.27,10.31,10.14,10.22,10.14,4203542,43709455.94,1.9883,-0.669,1.72,否,0.83,-0.195,5.579,8.263,5.47,否,268126992,211412834,2785839446.88,2196579345.26,42.836308,2.699664,2.001957,10.22,9.96,9.9,9.91,9.59,9.5,9.25,2016-09-08,-
2023-11-10,300543,朗科智能,消费电子,10.22,10.34,10.12,10.23,10.12,3316552,34599698.06,1.5688,0.193,2.21,否,0.65,-1.445,6.12,6.563,2.711,否,268126992,211412834,2791201986.72,2200807601.94,42.918765,2.704861,2.005811,10.27,10.02,9.9,9.93,9.61,9.51,9.26,2016-09-08,-
2023-11-13,300543,朗科智能,消费电子,10.23,10.59,10.23,10.52,10.23,8165014,87080855.34,3.8621,2.786,3.46,否,1.8,2.335,5.2,6.802,4.677,否,268126992,211412834,2868958814.4,2262117323.8,44.114389,2.780213,2.061688,10.33,10.09,9.92,9.95,9.64,9.52,9.26,2016-09-08,-
2023-11-14,300543,朗科智能,消费电子,10.52,10.61,10.33,10.5,10.33,5666442,60346905.69,2.6803,-0.187,2.62,否,1.15,2.74,2.539,8.696,4.167,否,268126992,211412834,2863596274.56,2257889067.12,44.031932,2.775016,2.057835,10.35,10.17,9.94,9.97,9.67,9.54,9.27,2016-09-08,-
2023-11-15,300543,朗科智能,消费电子,10.5,10.66,10.47,10.57,10.47,4282842,45984974.38,2.0258,0.655,1.78,否,0.84,3.324,1.83,9.194,3.324,否,268126992,211412834,2882365164.0,2272687965.5,44.320531,2.793204,2.071323,10.41,10.26,9.97,10.0,9.7,9.55,9.27,2016-09-08,-
2023-11-16,300543,朗科智能,消费电子,10.53,10.69,10.49,10.52,10.49,3382254,36421983.5,1.5998,-0.465,1.86,否,0.66,0.0,2.335,9.129,2.935,否,268126992,211412834,2868958814.4,2262117323.8,44.114389,2.780213,2.061688,10.47,10.35,10.0,10.03,9.73,9.56,9.28,2016-09-08,-
2023-11-17,300543,朗科智能,消费电子,10.44,10.6,10.42,10.54,10.42,3249900,34782868.0,1.5372,0.187,1.68,否,0.65,0.381,3.131,5.4,1.836,否,268126992,211412834,2874321354.24,2266345580.48,44.196846,2.785409,2.065542,10.53,10.4,10.03,10.05,9.76,9.57,9.28,2016-09-08,-
2023-11-20,300543,朗科智能,消费电子,10.54,10.7,10.51,10.64,10.51,4342873,46904758.29,2.0542,0.933,1.77,否,0.88,0.662,4.008,3.906,5.242,否,268126992,211412834,2901134053.44,2287486863.88,44.60913,2.811393,2.08481,10.55,10.44,10.09,10.07,9.79,9.59,9.29,2016-09-08,-
2023-11-21,300543,朗科智能,消费电子,10.69,10.7,10.44,10.46,10.44,3441742,36937826.98,1.628,-1.664,2.4,否,0.82,-0.57,-0.57,0.771,3.873,否,268126992,211412834,2852871194.88,2249432553.76,43.867018,2.764623,2.050128,10.55,10.45,10.12,10.08,9.82,9.59,9.29,2016-09-08,-
2023-11-22,300543,朗科智能,消费电子,10.46,10.52,10.28,10.32,10.28,3235050,34154158.0,1.5302,-1.316,2.26,否,0.87,-2.087,-1.714,0.389,3.823,否,268126992,211412834,2815333416.0,2219834757.0,43.289821,2.728246,2.023152,10.5,10.45,10.16,10.09,9.85,9.6,9.3,2016-09-08,-
2023-11-23,300543,朗科智能,消费电子,10.37,10.56,10.22,10.52,10.22,3248582,34524573.58,1.5366,1.905,3.24,否,0.92,-1.128,-0.473,2.935,5.729,否,268126992,211412834,2868958814.4,2262117323.8,44.114389,2.780213,2.061688,10.5,10.48,10.22,10.1,9.88,9.6,9.3,2016-09-08,-
2023-11-24,300543,朗科智能,消费电子,10.54,10.54,10.22,10.31,10.22,3935642,41420207.7,1.8616,-1.963,2.99,否,1.12,-1.434,-1.996,0.782,4.883,否,268126992,211412834,2812652146.08,2217720628.66,43.248592,2.725648,2.021225,10.45,10.49,10.25,10.09,9.91,9.61,9.31,2016-09-08,-
2023-11-27,300543,朗科智能,消费电子,10.37,10.52,10.27,10.42,10.27,4701180,49737782.4,2.2237,1.049,2.38,否,1.29,0.969,-1.139,-0.951,8.316,否,268126992,211412834,2842146115.2,2240976040.4,43.702105,2.754229,2.04242,10.41,10.48,10.28,10.1,9.94,9.61,9.31,2016-09-08,-
2023-11-28,300543,朗科智能,消费电子,10.42,10.86,10.36,10.75,10.36,8049172,87571195.18,3.8073,3.113,4.81,否,2.17,2.186,1.034,2.381,9.248,否,268126992,211412834,2930628022.56,2310742275.62,45.062642,2.839974,2.106005,10.46,10.51,10.34,10.13,9.98,9.62,9.32,2016-09-08,-
2023-11-29,300543,朗科智能,消费电子,10.64,10.74,10.52,10.6,10.52,6520287,70340499.87,3.0841,-1.372,2.01,否,1.41,2.813,1.338,0.284,13.369,否,268126992,211412834,2890408973.76,2279030350.52,44.444216,2.800999,2.077103,10.52,10.51,10.38,10.15,10.01,9.63,9.32,2016-09-08,-
2023-11-30,300543,朗科智能,消费电子,10.54,10.63,10.24,10.38,10.24,5282597,55855769.29,2.4987,-2.041,3.62,否,1.0,-0.384,0.581,-1.331,9.958,否,268126992,211412834,2831421035.52,2232519527.04,43.537191,2.743836,2.034713,10.49,10.49,10.42,10.16,10.02,9.64,9.33,2016-09-08,-
2023-12-01,300543,朗科智能,消费电子,10.4,10.52,10.26,10.41,10.26,4085432,43150552.71,1.9324,0.284,2.46,否,0.72,-3.163,-1.046,-1.233,8.438,否,268126992,211412834,2839464845.28,2238861912.06,43.660876,2.751631,2.040494,10.51,10.48,10.44,10.18,10.03,9.65,9.33,2016-09-08,-
2023-12-04,300543,朗科智能,消费电子,10.41,10.52,10.3,10.35,10.3,4401946,46658338.41,2.0822,-0.567,2.08,否,0.77,-2.358,0.388,-2.726,5.076,否,268126992,211412834,2823377225.76,2226177142.02,43.413506,2.736041,2.028933,10.5,10.45,10.45,10.21,10.04,9.66,9.34,2016-09-08,-
2023-12-05,300543,朗科智能,消费电子,10.27,10.38,10.08,10.09,10.08,4145874,42976786.44,1.961,-2.564,2.94,否,0.73,-2.794,-3.167,-3.537,4.451,否,268126992,211412834,2750982937.92,2169095676.84,42.300339,2.665886,1.976909,10.37,10.42,10.43,10.22,10.04,9.66,9.34,2016-09-08,-
2023-12-06,300543,朗科智能,消费电子,10.07,10.31,10.07,10.21,10.07,3552154,36985671.28,1.6802,1.17,2.44,否,0.73,-1.921,-5.023,-1.066,5.475,否,268126992,211412834,2783158176.96,2194465216.92,42.79508,2.697066,2.00003,10.29,10.4,10.43,10.24,10.05,9.67,9.34,2016-09-08,-
2023-12-07,300543,朗科智能,消费电子,10.18,10.41,10.13,10.25,10.13,4789150,50084560.06,2.2653,0.482,2.79,否,1.12,-0.966,-3.302,-2.567,6.328,否,268126992,211412834,2796564526.56,2205035858.62,43.001222,2.710058,2.009665,10.26,10.38,10.43,10.27,10.05,9.68,9.35,2016-09-08,-
2023-12-08,300543,朗科智能,消费电子,10.18,10.47,10.13,10.15,10.13,4524374,47316046.88,2.1401,-1.055,3.36,否,1.08,0.595,-2.216,-1.552,1.5,否,268126992,211412834,2767070557.44,2181780446.88,42.54771,2.681476,1.98847,10.21,10.36,10.43,10.29,10.05,9.69,9.35,2016-09-08,-
2023-12-11,300543,朗科智能,消费电子,10.12,10.26,9.97,10.22,9.97,4842846,49880545.57,2.2907,0.678,2.91,否,1.13,0.098,-1.825,-1.919,-0.195,否,268126992,211412834,2785839446.88,2196579345.26,42.836308,2.699664,2.001957,10.18,10.34,10.41,10.3,10.06,9.69,9.36,2016-09-08,-
2023-12-12,300543,朗科智能,消费电子,10.22,10.3,10.13,10.25,10.13,2844580,29540456.04,1.3455,0.385,1.73,否,0.65,0.0,-0.966,-4.651,-1.252,否,268126992,211412834,2796564526.56,2205035858.62,43.001222,2.710058,2.009665,10.22,10.29,10.4,10.32,10.07,9.7,9.37,2016-09-08,-
2023-12-13,300543,朗科智能,消费电子,10.23,10.38,10.1,10.25,10.1,3134300,32673999.0,1.4825,0.0,2.78,否,0.76,0.985,1.586,-3.302,-0.292,否,268126992,211412834,2796564526.56,2205035858.62,43.001222,2.710058,2.009665,10.22,10.26,10.38,10.34,10.07,9.71,9.37,2016-09-08,-
2023-12-14,300543,朗科智能,消费电子,10.37,10.37,10.16,10.18,10.16,2307956,24066604.92,1.0917,-0.767,2.11,否,0.57,-0.391,-0.294,-1.927,-0.391,否,268126992,211412834,2775114367.2,2188122831.9,42.671395,2.689271,1.99425,10.21,10.24,10.37,10.36,10.08,9.71,9.38,2016-09-08,-
2023-12-15,300543,朗科智能,消费电子,10.19,10.31,10.16,10.19,10.16,2878012,29934499.8,1.3613,0.097,1.55,否,0.82,-0.585,-0.585,-2.113,-0.391,否,268126992,211412834,2777795637.12,2190236960.24,42.712623,2.691869,1.996177,10.22,10.21,10.35,10.37,10.09,9.72,9.38,2016-09-08,-
2023-12-18,300543,朗科智能,消费电子,10.13,10.19,10.02,10.05,10.02,2903630,29828276.0,1.3734,-1.351,1.64,否,0.91,-1.951,-0.985,-2.899,-4.468,否,268126992,211412834,2740257858.24,2160639163.48,42.135426,2.655493,1.969202,10.18,10.18,10.32,10.36,10.1,9.72,9.38,2016-09-08,-
2023-12-19,300543,朗科智能,消费电子,10.05,10.26,10.03,10.2,10.03,2567368,26470473.68,1.2144,1.468,2.35,否,0.91,0.196,-0.196,1.09,-2.857,否,268126992,211412834,2780476907.04,2192351088.58,42.753852,2.694468,1.998104,10.17,10.2,10.31,10.35,10.11,9.73,9.39,2016-09-08,-
2023-12-20,300543,朗科智能,消费电子,10.25,10.5,10.18,10.26,10.18,4235000,44520087.0,2.0032,0.675,3.18,否,1.54,0.687,0.098,0.49,-2.933,否,268126992,211412834,2799245796.48,2207149986.96,43.04245,2.712656,2.011591,10.18,10.2,10.3,10.35,10.12,9.74,9.4,2016-09-08,-
2023-12-21,300543,朗科智能,消费电子,10.23,10.35,9.92,10.31,9.92,4856826,50195305.36,2.2973,0.479,4.21,否,1.63,2.587,0.585,0.585,-1.996,否,268126992,211412834,2812652146.08,2217720628.66,43.248592,2.725648,2.021225,10.2,10.21,10.29,10.36,10.13,9.75,9.4,2016-09-08,-
2023-12-22,300543,朗科智能,消费电子,10.34,10.41,10.01,10.06,10.01,4105868,42716722.76,1.9421,-2.479,3.91,否,1.18,-1.373,-1.179,-0.887,-4.554,否,268126992,211412834,2742939128.16,2162753291.82,42.176654,2.658091,1.971128,10.18,10.2,10.28,10.35,10.14,9.75,9.41,2016-09-08,-
2023-12-25,300543,朗科智能,消费电子,10.24,10.24,9.86,10.07,9.86,3079562,31418825.62,1.4567,0.098,3.81,否,0.82,-1.852,-1.178,-1.468,-5.357,否,268126992,211412834,2745620398.08,2164867420.16,42.217882,2.660689,1.973055,10.18,10.18,10.26,10.33,10.14,9.75,9.42,2016-09-08,-
2023-12-26,300543,朗科智能,消费电子,10.08,10.15,9.81,9.86,9.81,3378535,34014373.85,1.5981,-2.051,3.32,否,0.9,-4.365,-1.891,-3.805,-5.736,否,268126992,211412834,2689313729.76,2120470725.02,41.352086,2.606125,1.932592,10.11,10.14,10.22,10.31,10.14,9.76,9.42,2016-09-08,-
2023-12-27,300543,朗科智能,消费电子,9.93,10.16,9.82,10.11,9.82,3581400,36509020.0,1.694,2.493,3.39,否,0.91,0.497,-0.882,-1.366,-2.035,否,268126992,211412834,2756345477.76,2173323933.52,42.382796,2.671083,1.980762,10.08,10.13,10.19,10.3,10.15,9.76,9.43,2016-09-08,-
2023-12-28,300543,朗科智能,消费电子,10.13,10.35,9.83,10.3,9.83,4268916,44011092.06,2.0192,1.946,5.16,否,1.12,2.284,0.39,1.179,-2.091,否,268126992,211412834,2809970876.16,2215606500.32,43.207364,2.723049,2.019299,10.08,10.14,10.19,10.29,10.16,9.76,9.43,2016-09-08,-
2023-12-29,300543,朗科智能,消费电子,10.27,10.75,10.23,10.74,10.23,6881244,74311489.14,3.2549,4.199,4.96,否,1.87,8.925,4.171,5.397,4.171,否,268127372,211413214,2927950902.24,2308632296.88,45.021414,2.837376,2.104078,10.22,10.2,10.21,10.3,10.17,9.77,9.44,2016-09-08,-
2024-01-02,300543,朗科智能,消费电子,10.8,11.05,10.75,10.79,10.75,7387813,81553040.36,3.4945,0.458,2.84,否,1.74,6.726,7.256,7.363,3.551,否,268127372,211413214,2941357270.84,2319202957.58,45.227556,2.850367,2.113712,10.36,10.27,10.23,10.3,10.19,9.78,9.46,2016-09-08,-
2024-01-03,300543,朗科智能,消费电子,10.78,10.84,10.57,10.66,10.57,4814180,52161620.16,2.2771,-1.185,2.55,否,0.94,3.495,5.859,4.51,-0.837,否,268127372,211413214,2906500712.48,2291719239.76,44.69165,2.816593,2.088667,10.52,10.32,10.26,10.31,10.2,9.79,9.47,2016-09-08,-
2024-01-04,300543,朗科智能,消费电子,10.63,10.71,10.48,10.53,10.48,3785480,40623461.42,1.7906,-1.199,2.12,否,0.7,-1.955,6.795,2.632,-0.66,否,268127372,211413214,2871644154.12,2264235521.94,44.15568,2.782815,2.063618,10.6,10.34,10.27,10.32,10.2,9.8,9.48,2016-09-08,-
2024-01-05,300543,朗科智能,消费电子,10.55,10.68,10.33,10.38,10.33,4209649,44751714.28,1.9912,-1.401,3.27,否,0.78,-3.8,2.671,0.679,0.0,否,268127372,211413214,2831425048.32,2232523539.84,43.537253,2.74384,2.034716,10.62,10.35,10.28,10.31,10.2,9.81,9.48,2016-09-08,-
2024-01-08,300543,朗科智能,消费电子,10.4,10.45,10.02,10.06,10.02,3902900,40474878.0,1.8461,-3.125,4.17,否,0.72,-5.629,-2.33,0.0,-3.362,否,268127372,211413214,2742943015.56,2162757179.22,42.176714,2.658095,1.971131,10.48,10.35,10.27,10.3,10.2,9.81,9.49,2016-09-08,-
2024-01-09,300543,朗科智能,消费电子,10.05,10.42,10.05,10.23,10.05,5008320,52372821.6,2.369,1.76,3.71,否,1.04,-2.849,-4.749,1.589,-1.159,否,268127372,211413214,2791205942.52,2200811557.74,42.918826,2.704865,2.005814,10.37,10.37,10.27,10.3,10.2,9.82,9.5,2016-09-08,-
2024-01-10,300543,朗科智能,消费电子,10.19,10.29,9.97,10.09,9.97,4874885,50214435.1,2.3059,-1.441,3.17,否,1.12,-2.794,-6.487,2.333,0.0,否,268127372,211413214,2750986836.72,2169099575.64,42.300399,2.66589,1.976912,10.26,10.39,10.27,10.27,10.2,9.82,9.51,2016-09-08,-
2024-01-11,300543,朗科智能,消费电子,10.08,10.42,10.04,10.33,10.04,5003785,52302103.9,2.3668,2.437,3.8,否,1.15,2.684,-3.096,2.176,1.175,否,268127372,211413214,2818018679.72,2221952879.14,43.331111,2.730848,2.025082,10.22,10.41,10.27,10.27,10.21,9.83,9.52,2016-09-08,-
2024-01-12,300543,朗科智能,消费电子,10.42,10.42,10.05,10.06,10.05,4083198,42244801.66,1.9314,-2.664,3.62,否,0.89,-1.662,-4.463,-2.33,-1.854,否,268127372,211413214,2742943015.56,2162757179.22,42.176714,2.658095,1.971131,10.15,10.39,10.26,10.25,10.21,9.83,9.52,2016-09-08,-
2024-01-15,300543,朗科智能,消费电子,10.11,10.19,9.94,10.06,9.94,4817125,49229472.65,2.2785,0.0,2.44,否,1.05,-0.297,-3.083,-6.331,-0.887,否,268127372,211413214,2742943015.56,2162757179.22,42.176714,2.658095,1.971131,10.15,10.32,10.26,10.24,10.21,9.84,9.53,2016-09-08,-
2024-01-16,300543,朗科智能,消费电子,10.11,10.15,9.83,10.0,9.83,4144340,41956317.8,1.9603,-0.587,3.13,否,0.87,-3.195,-0.596,-7.322,-2.153,否,268127372,211413214,2726855373.24,2150072386.38,41.929343,2.642505,1.95957,10.11,10.24,10.26,10.23,10.22,9.84,9.54,2016-09-08,-
2024-01-17,300543,朗科智能,消费电子,10.05,10.05,9.65,9.69,9.65,3736621,37443981.15,1.7674,-3.048,3.93,否,0.82,-3.678,-5.279,-9.099,-5.463,否,268127372,211413214,2643735887.92,2084534290.04,40.651261,2.561957,1.899839,10.03,10.14,10.23,10.22,10.22,9.85,9.54,2016-09-08,-
2024-01-18,300543,朗科智能,消费电子,9.7,9.87,9.25,9.54,9.25,5398858,52129661.18,2.5537,-1.623,6.39,否,1.24,-5.169,-5.451,-9.402,-6.927,否,268127372,211413214,2600835508.4,2050708175.8,39.991605,2.520383,1.86901,9.87,10.04,10.19,10.2,10.22,9.85,9.54,2016-09-08,-
2024-01-19,300543,朗科智能,消费电子,9.61,9.68,9.36,9.41,9.36,3489397,33686004.38,1.6505,-1.34,3.4,否,0.79,-5.9,-8.906,-9.345,-7.564,否,268127372,211413214,2565978950.04,2023224457.98,39.455635,2.486605,1.843961,9.74,9.95,10.15,10.17,10.22,9.85,9.55,2016-09-08,-
2024-01-22,300543,朗科智能,消费电子,9.39,9.42,8.63,8.75,8.63,4609620,42326955.6,2.1804,-7.001,8.36,否,1.07,-9.701,-13.022,-13.022,-14.132,否,268127372,211413214,2386333610.8,1881577604.6,36.693329,2.312517,1.714865,9.48,9.82,10.08,10.12,10.21,9.84,9.55,2016-09-08,-
2024-01-23,300543,朗科智能,消费电子,8.66,8.81,8.31,8.43,8.31,6811454,58404777.18,3.2219,-3.708,5.73,否,1.59,-11.635,-16.203,-17.595,-16.119,否,268127372,211413214,2297851578.04,1811811243.98,35.33279,2.226772,1.65128,9.16,9.64,10.0,10.06,10.18,9.84,9.55,2016-09-08,-
2024-01-24,300543,朗科智能,消费电子,8.48,8.73,8.16,8.47,8.16,6721645,57472167.45,3.1794,0.583,6.77,否,1.4,-9.989,-15.3,-16.056,-16.961,否,268127372,211413214,2311257946.64,1822381904.68,35.538932,2.239763,1.660914,8.92,9.47,9.93,10.0,10.16,9.83,9.55,2016-09-08,-
2024-01-25,300543,朗科智能,消费电子,8.51,8.86,8.38,8.85,8.38,6004100,52911863.0,2.84,4.408,5.68,否,1.11,1.143,-8.669,-14.327,-13.743,否,268127372,211413214,2413146348.0,1902718926.0,37.105613,2.3385,1.734133,8.78,9.33,9.87,9.96,10.15,9.83,9.55,2016-09-08,-
2024-01-26,300543,朗科智能,消费电子,8.85,9.0,8.76,8.77,8.76,4814324,43458893.68,2.2772,-0.889,2.67,否,0.87,4.033,-8.071,-12.823,-14.937,否,268127372,211413214,2391696158.24,1885805868.88,36.775786,2.317713,1.718718,8.65,9.2,9.79,9.91,10.13,9.82,9.55,2016-09-08,-
2024-01-29,300543,朗科智能,消费电子,8.79,8.85,8.34,8.37,8.34,4818990,41639902.0,2.2794,-4.596,5.83,否,0.83,-1.181,-11.052,-16.799,-16.799,否,268127372,211413214,2281763935.72,1799126451.14,35.085419,2.211182,1.639719,8.58,9.03,9.67,9.85,10.11,9.81,9.55,2016-09-08,-
2024-01-30,300543,朗科智能,消费电子,8.32,8.38,7.96,7.98,7.96,4440760,36880731.61,2.1005,-4.583,4.94,否,0.76,-9.831,-8.8,-20.2,-20.755,否,268127372,211413214,2177194260.64,1716675297.68,33.477509,2.109847,1.564573,8.49,8.83,9.53,9.78,10.07,9.8,9.55,2016-09-08,-
2024-01-31,300543,朗科智能,消费电子,8.1,8.1,7.37,7.42,7.37,5918600,46008685.69,2.7995,-7.02,9.11,否,1.1,-15.393,-11.981,-23.426,-24.746,否,268127372,211413214,2024361658.6,1596169765.7,31.127487,1.961742,1.454745,8.28,8.6,9.37,9.69,10.02,9.79,9.54,2016-09-08,-
2024-02-01,300543,朗科智能,消费电子,7.42,7.45,7.06,7.27,7.06,6882658,50793408.92,3.2555,-2.119,5.3,否,1.32,-13.142,-14.168,-23.795,-28.091,否,268127372,211413214,1981461279.08,1562343651.46,30.467831,1.920168,1.423916,7.96,8.37,9.21,9.59,9.97,9.77,9.53,2016-09-08,-
2024-02-02,300543,朗科智能,消费电子,7.32,7.41,6.39,6.67,6.39,9661742,67407562.45,4.5701,-8.254,14.07,否,1.8,-16.416,-24.633,-29.118,-35.243,否,268127372,211413214,1817903582.16,1433381590.92,27.952895,1.76167,1.30638,7.54,8.1,9.02,9.47,9.91,9.75,9.52,2016-09-08,-
2024-02-05,300543,朗科智能,消费电子,6.65,6.68,5.44,5.67,5.44,15252863,90647732.09,7.2147,-14.897,18.58,否,2.4,-23.585,-35.348,-35.2,-47.207,否,268127372,211413214,1547094936.44,1219854244.78,23.788821,1.499238,1.111772,7.0,7.79,8.8,9.32,9.83,9.72,9.51,2016-09-08,-
2024-02-06,300543,朗科智能,消费电子,5.53,5.85,4.92,5.62,4.92,16720516,90766478.95,7.9089,-0.867,16.46,否,1.98,-22.696,-32.855,-33.333,-47.915,否,268127372,211413214,1533688567.84,1209283584.08,23.582679,1.486247,1.102138,6.53,7.51,8.57,9.17,9.75,9.7,9.49,2016-09-08,-
2024-02-07,300543,朗科智能,消费电子,5.67,5.67,5.01,5.15,5.01,17160471,91897782.87,8.117,-8.392,11.71,否,1.58,-22.789,-35.464,-39.197,-51.689,否,268127372,211413214,1404987429.28,1107805241.36,21.603713,1.361527,1.009651,6.08,7.18,8.33,9.01,9.66,9.67,9.48,2016-09-08,-
2024-02-08,300543,朗科智能,消费电子,5.16,6.02,4.97,6.01,4.97,16889945,94567399.66,7.9891,16.603,20.23,否,1.29,5.996,-19.003,-32.09,-42.925,否,268127372,211413214,1638258242.92,1291734737.54,25.190589,1.587582,1.177284,5.82,6.89,8.11,8.88,9.59,9.64,9.46,2016-09-08,-
2024-02-19,300543,朗科智能,消费电子,6.12,6.54,6.1,6.36,6.1,15848259,102016623.8,7.4963,5.892,7.36,否,1.05,13.167,-12.517,-27.48,-38.728,否,268127372,211413214,1734784096.84,1367843494.58,26.674813,1.681122,1.246649,5.76,6.65,7.92,8.75,9.52,9.63,9.45,2016-09-08,-
2024-02-20,300543,朗科智能,消费电子,6.33,6.54,6.18,6.54,6.18,7670959,49766347.73,3.6284,2.782,5.56,否,0.47,26.99,-1.949,-21.864,-34.99,否,268127372,211413214,1783047023.8,1405897873.1,27.416925,1.727892,1.281332,5.94,6.47,7.75,8.61,9.45,9.61,9.44,2016-09-08,-
2024-02-21,300543,朗科智能,消费电子,6.43,6.97,6.36,6.68,6.36,9534617,65491037.94,4.5099,2.105,9.32,否,0.64,11.148,17.813,-16.291,-34.702,否,268127372,211413214,1820584855.88,1435495723.06,27.994124,1.764268,1.308307,6.15,6.34,7.58,8.47,9.39,9.59,9.43,2016-09-08,-
2024-02-22,300543,朗科智能,消费电子,6.69,7.04,6.67,7.03,6.67,7499377,52466645.1,3.5473,5.302,5.6,否,0.56,10.535,25.089,-5.256,-30.327,否,268127372,211413214,1917110709.8,1511604480.1,29.478348,1.857808,1.377672,6.52,6.3,7.45,8.35,9.33,9.57,9.42,2016-09-08,-
2024-02-23,300543,朗科智能,消费电子,7.02,7.39,6.99,7.35,6.99,8242723,60306063.64,3.8989,4.615,5.73,否,0.72,12.385,42.718,1.1,-28.848,否,268127372,211413214,2005592742.56,1581370840.72,30.838887,1.943553,1.441257,6.79,6.31,7.34,8.24,9.28,9.56,9.41,2016-09-08,-
2024-02-26,300543,朗科智能,消费电子,7.45,7.82,7.37,7.59,7.37,8625802,66742756.92,4.0801,3.209,6.02,否,0.88,13.623,26.29,13.793,-24.553,否,268127372,211413214,2069943311.84,1632110012.08,31.82837,2.005913,1.487501,7.04,6.4,7.25,8.15,9.23,9.55,9.4,2016-09-08,-
2024-02-27,300543,朗科智能,消费电子,7.57,7.85,7.48,7.85,7.48,5239561,41091281.43,2.4784,3.368,4.79,否,0.63,11.664,23.428,38.448,-21.968,否,268127372,211413214,2139656428.56,1687077447.72,32.90031,2.07347,1.537598,7.3,6.62,7.2,8.07,9.19,9.55,9.39,2016-09-08,-
2024-02-28,300543,朗科智能,消费电子,7.87,8.04,6.9,6.91,6.9,12876221,97304302.83,6.0905,-11.905,14.54,否,1.64,-5.986,5.657,22.954,-30.9,否,268127372,211413214,1884935425.16,1486234894.42,28.983607,1.826628,1.354551,7.35,6.75,7.13,7.96,9.13,9.54,9.38,2016-09-08,-
2024-02-29,300543,朗科智能,消费电子,6.88,7.19,6.83,7.17,6.83,11558963,82768231.6,5.4675,3.698,5.12,否,1.36,-5.534,7.335,39.223,-26.006,否,268127372,211413214,1954648541.88,1541202330.06,30.055547,1.894185,1.404648,7.37,6.95,7.06,7.87,9.07,9.53,9.37,2016-09-08,-
2024-03-01,300543,朗科智能,消费电子,7.16,7.43,7.16,7.38,7.16,9099859,67846424.21,4.3043,3.018,3.84,否,0.98,-5.987,4.979,22.795,-22.642,否,268127372,211413214,2013636563.72,1587713237.14,30.962573,1.951348,1.447038,7.38,7.09,6.99,7.77,9.02,9.51,9.37,2016-09-08,-
2024-03-04,300543,朗科智能,消费电子,7.43,7.82,7.34,7.78,7.34,11704734,90415770.37,5.5364,5.326,6.39,否,1.23,12.59,5.85,22.327,-17.322,否,268127372,211413214,2120887512.52,1672278522.74,32.611711,2.055282,1.52411,7.42,7.23,6.94,7.69,8.97,9.5,9.36,2016-09-08,-
2024-03-05,300543,朗科智能,消费电子,7.6,7.6,7.26,7.38,7.26,9096400,68476488.0,4.3027,-5.057,4.42,否,0.9,2.929,-2.767,12.844,-15.657,否,268127372,211413214,2013636563.72,1587713237.14,30.962573,1.951348,1.447038,7.32,7.31,6.89,7.6,8.92,9.48,9.35,2016-09-08,-
2024-03-06,300543,朗科智能,消费电子,7.3,7.6,7.16,7.52,7.16,7532584,56670620.8,3.563,1.864,5.99,否,0.69,1.897,-4.204,12.575,-10.795,否,268127372,211413214,2051174395.8,1617311087.1,31.539771,1.987725,1.474013,7.45,7.4,6.87,7.52,8.88,9.46,9.34,2016-09-08,-
2024-03-07,300543,朗科智能,消费电子,7.54,7.74,7.41,7.47,7.41,7849868,60347134.24,3.713,-0.654,4.31,否,0.8,-3.985,8.104,6.259,-11.806,否,268127372,211413214,2037768027.2,1606740426.4,31.333629,1.974733,1.464379,7.51,7.44,6.87,7.45,8.83,9.44,9.34,2016-09-08,-
2024-03-08,300543,朗科智能,消费电子,7.45,7.55,7.3,7.52,7.3,5712147,43229876.4,2.7019,0.658,3.29,否,0.63,1.897,4.881,2.313,-15.028,否,268127372,211413214,2051174395.8,1617311087.1,31.539771,1.987725,1.474013,7.53,7.46,6.88,7.38,8.79,9.42,9.33,2016-09-08,-
2024-03-11,300543,朗科智能,消费电子,7.48,7.6,7.36,7.6,7.36,7014424,53359344.99,3.3179,1.046,3.14,否,0.84,1.064,2.981,0.132,-13.341,否,268127372,211413214,2072624585.56,1634224144.22,31.869599,2.008512,1.489428,7.5,7.46,6.93,7.32,8.74,9.4,9.32,2016-09-08,-
2024-03-12,300543,朗科智能,消费电子,7.62,7.72,7.49,7.69,7.49,7895014,61222164.04,3.7344,1.164,2.98,否,1.06,2.945,-1.157,-2.038,-8.124,否,268127372,211413214,2096756049.04,1653251333.48,32.240655,2.031897,1.506769,7.56,7.44,7.03,7.28,8.7,9.38,9.32,2016-09-08,-
2024-03-13,300543,朗科智能,消费电子,7.69,7.93,7.59,7.83,7.59,10165270,80450276.23,4.8082,1.79,4.48,否,1.41,4.122,6.098,13.314,-1.88,否,268127372,211413214,2134293881.12,1682849183.44,32.817854,2.068273,1.533744,7.62,7.53,7.14,7.26,8.66,9.36,9.31,2016-09-08,-
2024-03-14,300543,朗科智能,消费电子,7.77,7.84,7.45,7.65,7.45,8085261,62950900.36,3.8244,-2.261,4.9,否,1.05,0.658,1.729,6.695,3.1,否,268127372,211413214,2086030954.16,1644794804.92,32.075741,2.021503,1.499062,7.66,7.58,7.27,7.24,8.62,9.34,9.3,2016-09-08,-
2024-03-15,300543,朗科智能,消费电子,7.61,7.81,7.54,7.8,7.54,6357335,49760408.0,3.0071,1.928,3.47,否,0.82,1.43,4.418,5.691,7.29,否,268127372,211413214,2126250059.96,1676506787.02,32.694168,2.060478,1.527964,7.71,7.62,7.36,7.2,8.58,9.33,9.3,2016-09-08,-
2024-03-18,300543,朗科智能,消费电子,7.85,8.24,7.84,8.23,7.84,9749856,80010371.82,4.6118,5.549,5.17,否,1.23,5.109,9.441,5.784,23.388,否,268127372,211413214,2244226103.64,1769528601.18,34.50822,2.174805,1.612744,7.84,7.67,7.45,7.18,8.55,9.31,9.29,2016-09-08,-
2024-03-19,300543,朗科智能,消费电子,8.22,9.0,8.06,8.4,8.06,16376536,142472747.07,7.7462,2.031,11.35,否,1.94,9.804,10.526,13.821,48.148,否,268127372,211413214,2289807756.88,1805468847.56,35.209104,2.218977,1.645499,7.98,7.77,7.54,7.18,8.52,9.3,9.29,2016-09-08,-
2024-03-20,300543,朗科智能,消费电子,8.36,8.43,8.17,8.36,8.17,11194250,94192406.03,5.295,-0.468,3.04,否,1.1,7.179,8.713,11.17,48.754,否,268127372,211413214,2279082662.0,1797012319.0,35.04419,2.208583,1.637792,8.09,7.86,7.63,7.2,8.49,9.29,9.29,2016-09-08,-
2024-03-21,300543,朗科智能,消费电子,8.37,8.45,8.13,8.27,8.13,8281677,69675959.3,3.9173,-1.059,3.76,否,0.8,0.486,5.619,10.71,60.583,否,268127372,211413214,2254951198.52,1777985129.74,34.673134,2.185198,1.620451,8.21,7.94,7.69,7.23,8.46,9.28,9.28,2016-09-08,-
2024-03-22,300543,朗科智能,消费电子,8.27,8.33,8.11,8.2,8.11,7621633,63745763.99,3.6051,-0.832,2.62,否,0.73,-2.381,7.19,9.043,36.439,否,268127372,211413214,2236182282.48,1763186204.76,34.384535,2.16701,1.606963,8.29,8.0,7.73,7.26,8.42,9.27,9.28,2016-09-08,-
2024-03-25,300543,朗科智能,消费电子,8.13,8.23,7.84,7.86,7.84,7852914,64389705.54,3.7145,-4.197,4.8,否,0.74,-5.981,0.769,3.421,23.585,否,268127372,211413214,2142337702.28,1689191579.86,32.941539,2.076068,1.539525,8.22,8.03,7.74,7.3,8.38,9.26,9.27,2016-09-08,-
2024-03-26,300543,朗科智能,消费电子,7.84,8.01,7.61,7.79,7.61,6747920,53542715.57,3.1918,-0.876,5.13,否,0.66,-5.804,-5.346,1.3,19.113,否,268127372,211413214,2123568786.24,1674392654.88,32.65294,2.05788,1.526037,8.1,8.04,7.74,7.37,8.34,9.24,9.26,2016-09-08,-
2024-03-27,300543,朗科智能,消费电子,7.86,7.86,7.38,7.41,7.38,5877530,45422304.8,2.7801,-4.798,6.06,否,0.7,-9.634,-11.786,-5.364,10.928,否,268127372,211413214,2021680384.88,1594055633.56,31.086258,1.959143,1.452818,7.91,8.0,7.77,7.43,8.3,9.22,9.26,2016-09-08,-
2024-03-28,300543,朗科智能,消费电子,7.41,7.9,7.36,7.76,7.36,6765248,53045596.73,3.2,4.642,7.29,否,0.93,-1.272,-7.177,1.438,10.384,否,268127372,211413214,2115524965.08,1668050258.46,32.529254,2.050085,1.520257,7.8,8.01,7.8,7.51,8.26,9.2,9.25,2016-09-08,-
2024-03-29,300543,朗科智能,消费电子,7.67,7.93,7.66,7.93,7.66,6067065,48324276.26,2.8698,2.281,3.55,否,0.87,1.797,-4.111,1.667,7.891,否,268127372,211413214,2163787892.04,1706104636.98,33.271367,2.096855,1.554939,7.75,8.02,7.82,7.58,8.23,9.19,9.24,2016-09-08,-
2024-04-01,300543,朗科智能,消费电子,7.92,8.09,7.92,8.08,7.92,6464149,52701143.7,3.0576,1.859,2.11,否,0.97,9.042,-1.463,-1.823,6.456,否,268127372,211413214,2204006997.84,1737816619.08,33.889793,2.13583,1.583841,7.79,8.01,7.84,7.63,8.19,9.18,9.24,2016-09-08,-
2024-04-02,300543,朗科智能,消费电子,8.07,8.14,7.93,8.04,7.93,4916121,40129818.55,2.3254,-0.487,2.55,否,0.77,3.608,2.29,-4.286,2.42,否,268127372,211413214,2193281902.96,1729360090.52,33.72488,2.125437,1.576134,7.84,7.97,7.87,7.68,8.14,9.16,9.23,2016-09-08,-
2024-04-03,300543,朗科智能,消费电子,8.04,8.05,7.81,7.92,7.81,4824150,38841201.22,2.2819,-1.467,3.06,否,0.8,-0.126,1.669,-5.263,14.616,否,268127372,211413214,2161106618.32,1703990504.84,33.230138,2.094257,1.553012,7.95,7.93,7.89,7.73,8.1,9.14,9.22,2016-09-08,-
2024-04-08,300543,朗科智能,消费电子,7.93,7.96,7.59,7.6,7.59,4819930,37957025.64,2.2799,-4.094,4.71,否,0.83,-5.941,2.564,-8.102,5.997,否,268127372,211413214,2072624585.56,1634224144.22,31.869599,2.008512,1.489428,7.91,7.86,7.9,7.74,8.05,9.12,9.21,2016-09-08,-
2024-04-09,300543,朗科智能,消费电子,7.64,7.79,7.6,7.79,7.6,3537630,27736728.3,1.6733,2.458,2.46,否,0.65,-3.109,0.387,-5.0,5.556,否,268127372,211413214,2123568786.24,1674392654.88,32.65294,2.05788,1.526037,7.89,7.82,7.91,7.76,8.0,9.1,9.21,2016-09-08,-
2024-04-10,300543,朗科智能,消费电子,7.76,7.78,7.46,7.51,7.46,4159554,32015172.86,1.9675,-3.535,4.04,否,0.85,-5.177,-5.296,-4.453,-3.47,否,268127372,211413214,2048493122.08,1615196954.96,31.498543,1.985127,1.472086,7.77,7.78,7.91,7.76,7.95,9.08,9.2,2016-09-08,-
2024-04-11,300543,朗科智能,消费电子,7.51,7.65,7.38,7.54,7.38,3164370,24297700.0,1.4968,0.393,3.53,否,0.71,-0.789,-6.683,-3.209,2.168,否,268127372,211413214,2056536943.24,1621539351.38,31.622228,1.992922,1.477867,7.67,7.76,7.9,7.75,7.91,9.05,9.19,2016-09-08,-
2024-04-12,300543,朗科智能,消费电子,7.54,7.68,7.49,7.53,7.49,4483410,34583234.28,2.1207,-0.13,2.48,否,1.09,-3.338,-6.343,1.619,0.133,否,268127372,211413214,2053855669.52,1619425219.24,31.581,1.990323,1.47594,7.59,7.77,7.88,7.77,7.87,9.03,9.18,2016-09-08,-
2024-04-15,300543,朗科智能,消费电子,7.46,7.6,6.81,6.99,6.81,7833922,56405878.42,3.7055,-7.18,10.44,否,1.94,-6.924,-11.742,-9.923,-6.426,否,268127372,211413214,1906385614.92,1503147951.54,29.313434,1.847415,1.369965,7.47,7.69,7.85,7.76,7.81,9.01,9.17,2016-09-08,-
2024-04-16,300543,朗科智能,消费电子,6.86,6.89,6.11,6.13,6.11,9790629,63028681.04,4.631,-12.236,11.25,否,2.11,-18.7,-19.342,-22.699,-18.484,否,268127372,211413214,1673114801.28,1319218455.36,25.726559,1.62136,1.202332,7.14,7.51,7.77,7.72,7.74,8.98,9.16,2016-09-08,-
2024-04-17,300543,朗科智能,消费电子,6.28,6.83,6.28,6.83,6.28,8364338,56720025.58,3.9564,11.378,8.97,否,1.42,-9.296,-12.323,-15.47,-10.132,否,268127372,211413214,1863485235.4,1469321837.3,28.653779,1.805842,1.339136,7.0,7.39,7.7,7.69,7.69,8.95,9.15,2016-09-08,-
2024-04-18,300543,朗科智能,消费电子,6.83,6.93,6.59,6.77,6.59,5991292,41295516.92,2.8339,-0.863,5.04,否,0.89,-3.147,-9.854,-15.796,-11.964,否,268127372,211413214,1847397593.08,1456637044.46,28.406408,1.790252,1.327575,6.85,7.26,7.62,7.67,7.64,8.92,9.13,2016-09-08,-
2024-04-19,300543,朗科智能,消费电子,6.72,6.81,6.59,6.67,6.59,4339514,29452800.24,2.0526,-1.597,3.34,否,0.6,8.809,-11.538,-15.783,-14.815,否,268127372,211413214,1817903582.16,1433381590.92,27.952895,1.76167,1.30638,6.68,7.14,7.53,7.64,7.58,8.9,9.12,2016-09-08,-
2024-04-22,300543,朗科智能,消费电子,6.59,6.78,6.43,6.69,6.43,3961480,26761667.76,1.8738,0.295,5.31,否,0.55,-2.05,-11.155,-11.974,-12.549,否,268127372,211413214,1823266129.6,1437609855.2,28.035352,1.766867,1.310234,6.62,7.05,7.45,7.61,7.53,8.87,9.11,2016-09-08,-
2024-04-23,300543,朗科智能,消费电子,6.73,6.98,6.71,6.92,6.71,4274058,29802190.42,2.0217,3.529,4.12,否,0.66,2.216,-1.001,-11.168,-11.282,否,268127372,211413214,1887616698.88,1488349026.56,29.024835,1.829227,1.356477,6.78,6.96,7.39,7.59,7.49,8.85,9.1,2016-09-08,-
2024-04-24,300543,朗科智能,消费电子,7.04,7.18,6.93,7.17,6.93,3657130,26377449.7,1.7298,3.551,3.55,否,0.68,7.496,16.966,-4.527,-12.88,否,268127372,211413214,1954648541.88,1541202330.06,30.055547,1.894185,1.404648,6.84,6.92,7.35,7.58,7.45,8.83,9.09,2016-09-08,-
2024-04-25,300543,朗科智能,消费电子,7.19,7.47,7.1,7.43,7.1,5238894,39125304.26,2.478,3.704,5.21,否,1.18,11.061,8.785,-1.459,-11.548,否,268127372,211413214,2027042932.32,1598283897.84,31.168715,1.96434,1.456672,6.98,6.91,7.34,7.57,7.43,8.82,9.08,2016-09-08,-
2024-04-26,300543,朗科智能,消费电子,7.28,7.5,7.06,7.37,7.06,8691245,64817650.87,4.111,-0.794,5.95,否,2.02,6.503,8.863,-2.125,-11.842,否,268127372,211413214,2010955290.0,1585599105.0,44.065844,1.997881,1.446392,7.12,6.9,7.33,7.55,7.41,8.8,9.07,2016-09-08,-
2024-04-29,300543,朗科智能,消费电子,7.39,7.63,7.35,7.62,7.35,7164460,54633692.8,3.3888,3.333,3.73,否,1.39,6.276,14.243,9.013,-7.86,否,268127372,211413214,2077987133.0,1638452408.5,45.534705,2.064477,1.494606,7.3,6.96,7.33,7.55,7.39,8.78,9.07,2016-09-08,-
2024-04-30,300543,朗科智能,消费电子,7.67,7.7,7.38,7.5,7.38,5408646,41345318.86,2.5583,-1.548,4.13,否,0.93,0.942,12.108,22.349,-8.537,否,268127372,211413214,2045811848.36,1613082822.82,44.829651,2.032511,1.471463,7.42,7.1,7.31,7.54,7.37,8.76,9.06,2016-09-08,-
2024-05-06,300543,朗科智能,消费电子,7.58,7.73,7.56,7.72,7.56,5914526,45905656.25,2.7976,2.883,2.23,否,0.98,4.749,11.561,13.031,-1.781,否,268127372,211413214,2104799870.2,1659593729.9,46.12225,2.091115,1.513891,7.53,7.19,7.29,7.53,7.35,8.74,9.05,2016-09-08,-
2024-05-07,300543,朗科智能,消费电子,7.7,7.78,7.62,7.76,7.62,3813191,29937899.26,1.8037,0.51,2.04,否,0.59,1.837,8.229,14.623,-0.385,否,268127372,211413214,2115524965.08,1668050258.46,46.357267,2.101771,1.521605,7.59,7.29,7.27,7.51,7.34,8.73,9.05,2016-09-08,-
2024-05-08,300543,朗科智能,消费电子,7.7,7.79,7.63,7.66,7.63,4081369,31974089.81,1.9305,-1.267,2.03,否,0.66,2.133,3.096,14.843,3.374,否,268127372,211413214,2088712227.88,1646908937.06,45.769723,2.075132,1.50232,7.65,7.38,7.26,7.48,7.34,8.7,9.04,2016-09-08,-
2024-05-09,300543,朗科智能,消费电子,7.7,7.82,7.69,7.73,7.69,2752120,21734237.4,1.3018,0.899,1.67,否,0.52,0.13,4.885,15.546,-0.387,否,268127372,211413214,2107481143.92,1661707862.04,46.181004,2.093779,1.515819,7.67,7.49,7.27,7.46,7.34,8.68,9.04,2016-09-08,-
2024-05-10,300543,朗科智能,消费电子,7.72,7.78,7.57,7.58,7.57,3802484,29504394.74,1.7986,-1.908,2.67,否,0.87,-2.32,-0.525,9.538,-4.414,否,268127372,211413214,2067262038.12,1629995879.94,45.299687,2.053821,1.486891,7.69,7.55,7.26,7.44,7.35,8.66,9.04,2016-09-08,-
2024-05-13,300543,朗科智能,消费电子,7.52,7.56,7.32,7.37,7.32,4369755,32929409.46,2.0669,-2.724,3.11,否,1.07,-3.786,-1.733,2.789,-8.787,否,268127372,211413214,2010955290.0,1585599105.0,44.065844,1.997881,1.446392,7.62,7.57,7.25,7.43,7.36,8.64,9.03,2016-09-08,-
2024-05-14,300543,朗科智能,消费电子,7.32,7.82,7.32,7.77,7.32,9663977,75475125.64,4.5711,5.333,6.67,否,2.57,0.517,0.648,4.576,-3.358,否,268127372,211413214,2118206238.8,1670164390.6,46.416022,2.104434,1.523533,7.62,7.61,7.26,7.43,7.4,8.62,9.03,2016-09-08,-
2024-05-15,300543,朗科智能,消费电子,7.71,8.46,7.59,7.68,7.59,16745979,133512343.51,7.921,-1.139,11.14,否,3.39,1.319,-1.031,4.206,-3.03,否,268127372,211413214,2094074775.32,1651137201.34,45.887232,2.08046,1.506177,7.63,7.64,7.27,7.44,7.43,8.59,9.03,2016-09-08,-
2024-05-16,300543,朗科智能,消费电子,7.6,8.13,7.6,7.9,7.6,16503997,132094513.8,7.8065,2.945,6.91,否,2.21,7.191,3.133,3.675,3.947,否,268127372,211413214,2155744070.88,1699762240.56,47.238584,2.141728,1.550533,7.66,7.67,7.31,7.44,7.48,8.57,9.03,2016-09-08,-
2024-05-17,300543,朗科智能,消费电子,7.85,7.91,7.63,7.77,7.63,12839964,101127542.35,6.0734,-1.741,3.61,否,1.26,0.0,0.517,3.6,-0.257,否,268127372,211413214,2118206238.8,1670164390.6,46.416022,2.104434,1.523533,7.7,7.69,7.4,7.43,7.51,8.55,9.03,2016-09-08,-
2024-05-20,300543,朗科智能,消费电子,7.74,7.78,7.56,7.63,7.56,9307715,72430327.12,4.4026,-1.772,2.78,否,0.77,-0.651,0.66,-1.166,1.598,否,268127372,211413214,2080668406.72,1640566540.64,45.593459,2.067141,1.496534,7.75,7.69,7.44,7.42,7.53,8.52,9.02,2016-09-08,-
2024-05-21,300543,朗科智能,消费电子,7.62,7.71,7.5,7.66,7.5,8125206,63082469.34,3.8433,0.387,2.71,否,0.62,-3.038,3.935,-1.289,1.592,否,268127372,211413214,2088712227.88,1646908937.06,45.769723,2.075132,1.50232,7.73,7.68,7.48,7.41,7.55,8.5,9.02,2016-09-08,-
2024-05-22,300543,朗科智能,消费电子,7.68,7.96,7.58,7.92,7.58,11807452,94124574.92,5.585,3.466,5.01,否,0.93,1.931,1.931,3.394,5.179,否,268127372,211413214,2161106618.32,1703990504.84,47.356093,2.147056,1.55439,7.78,7.7,7.54,7.41,7.57,8.48,9.02,2016-09-08,-
2024-05-23,300543,朗科智能,消费电子,7.89,8.06,7.73,7.86,7.73,11270378,90298057.72,5.331,-0.869,4.22,否,0.96,3.014,2.344,1.682,12.446,否,268127372,211413214,2142337702.28,1689191579.86,46.944812,2.128409,1.54089,7.77,7.71,7.6,7.42,7.58,8.45,9.02,2016-09-08,-
2024-05-24,300543,朗科智能,消费电子,7.87,8.21,7.77,8.21,7.77,19965707,163421796.53,9.4439,4.506,5.63,否,1.87,7.18,3.924,8.311,33.931,否,268127372,211413214,2238863556.2,1765300336.9,49.059972,2.224307,1.610317,7.86,7.78,7.67,7.43,7.59,8.44,9.02,2016-09-08,-
2024-05-27,300543,朗科智能,消费电子,8.16,8.45,7.6,7.81,7.6,23553260,191886874.77,11.1409,-4.91,10.3,否,1.95,-1.389,0.515,5.97,14.348,否,268127372,211413214,2128931333.68,1678620919.16,46.65104,2.11509,1.531247,7.89,7.82,7.7,7.44,7.6,8.41,9.02,2016-09-08,-
2024-05-28,300543,朗科智能,消费电子,7.57,7.85,7.42,7.67,7.42,13336054,104326722.37,6.3081,-1.763,5.42,否,0.89,-2.417,0.524,-1.287,13.294,否,268127372,211413214,2091393501.6,1649023069.2,45.828477,2.077796,1.504248,7.89,7.81,7.71,7.44,7.6,8.39,9.01,2016-09-08,-
2024-05-29,300543,朗科智能,消费电子,7.65,7.84,7.59,7.71,7.59,9382670,73684438.59,4.4381,0.513,3.21,否,0.59,-6.09,0.653,0.391,15.592,否,268127372,211413214,2102118596.48,1657479597.76,46.063495,2.088451,1.511962,7.85,7.81,7.73,7.45,7.61,8.37,9.01,2016-09-08,-
2024-05-30,300543,朗科智能,消费电子,7.69,7.95,7.53,7.8,7.53,12617053,99111381.81,5.968,1.148,5.48,否,0.81,-0.128,-1.515,-1.266,16.592,否,268127372,211413214,2126250059.96,1676506787.02,46.592285,2.112426,1.529319,7.84,7.8,7.74,7.48,7.62,8.34,9.0,2016-09-08,-
2024-05-31,300543,朗科智能,消费电子,7.79,8.16,7.72,8.04,7.72,16503121,134434578.78,7.8061,3.153,5.67,否,1.05,4.824,2.29,3.475,16.185,否,268127372,211413214,2193281902.96,1729360090.52,48.061147,2.179022,1.577532,7.81,7.83,7.76,7.54,7.63,8.32,9.0,2016-09-08,-
2024-06-03,300543,朗科智能,消费电子,8.23,8.81,7.97,8.13,7.97,24620607,207667933.75,11.6457,1.1,10.39,否,1.63,5.447,-0.974,6.553,13.389,否,268127372,211413214,2217413366.44,1748387279.78,48.589937,2.202997,1.594889,7.87,7.88,7.78,7.58,7.64,8.3,9.0,2016-09-08,-
2024-06-04,300543,朗科智能,消费电子,8.04,8.13,7.53,7.76,7.53,17887383,141088711.61,8.4609,-4.595,7.38,否,1.17,-0.513,-0.64,1.305,4.441,否,268127372,211413214,2115524965.08,1668050258.46,46.357267,2.101771,1.521605,7.89,7.89,7.78,7.62,7.64,8.28,8.99,2016-09-08,-
2024-06-05,300543,朗科智能,消费电子,7.57,7.75,7.22,7.25,7.22,13540828,101701844.71,6.4049,-6.591,6.84,否,0.84,-9.826,-5.476,-8.46,-1.628,否,268127372,211413214,1976098731.64,1558115387.18,43.302036,1.963251,1.421322,7.8,7.82,7.76,7.64,7.64,8.26,8.98,2016-09-08,-
2024-06-06,300543,朗科智能,消费电子,7.28,7.77,6.71,6.83,6.71,15339310,111719275.97,7.2556,-5.699,14.65,否,0.9,-15.99,-11.414,-13.104,-10.367,否,268127372,211413214,1863485235.4,1469321837.3,40.834348,1.85137,1.340324,7.6,7.72,7.72,7.64,7.63,8.23,8.97,2016-09-08,-
2024-06-07,300543,朗科智能,消费电子,7.0,7.29,6.89,7.12,6.89,11619193,83175359.82,5.496,4.203,5.8,否,0.66,-8.247,-8.718,-13.276,-5.067,否,268127372,211413214,1927835804.68,1520061008.66,42.244455,1.915302,1.386608,7.42,7.61,7.69,7.65,7.62,8.2,8.96,2016-09-08,-
2024-06-11,300543,朗科智能,消费电子,7.03,7.39,6.77,7.36,6.77,9521553,68289611.55,4.5038,3.338,8.62,否,0.57,1.517,-8.458,-5.762,-4.663,否,268127372,211413214,1992186373.96,1570800180.02,43.654562,1.979234,1.432893,7.26,7.57,7.69,7.65,7.62,8.18,8.95,2016-09-08,-
2024-06-12,300543,朗科智能,消费电子,7.43,7.55,7.35,7.48,7.35,9037258,68105425.98,4.2747,1.615,2.69,否,0.67,9.517,-7.995,-2.477,-3.608,否,268127372,211413214,2024361658.6,1596169765.7,44.359616,2.0112,1.456035,7.21,7.55,7.68,7.66,7.61,8.16,8.94,2016-09-08,-
2024-06-13,300543,朗科智能,消费电子,7.47,8.07,7.47,7.96,7.47,20575902,164374593.16,9.7326,6.49,8.08,否,1.74,11.798,2.577,3.243,3.916,否,268127372,211413214,2155744070.88,1699762240.56,47.238584,2.141728,1.550533,7.35,7.57,7.69,7.68,7.62,8.14,8.93,2016-09-08,-
2024-06-14,300543,朗科智能,消费电子,7.9,8.04,7.74,7.86,7.74,13352928,105972646.64,6.316,-1.244,3.73,否,1.01,6.793,8.414,0.769,1.682,否,268127372,211413214,2128931333.68,1678620919.16,46.65104,2.11509,1.531247,7.56,7.58,7.69,7.68,7.62,8.12,8.93,2016-09-08,-
2024-06-17,300543,朗科智能,消费电子,7.85,7.95,7.68,7.86,7.68,9058399,71612071.24,4.2847,0.0,3.4,否,0.71,5.08,15.081,-2.239,3.694,否,268127372,211413214,2128931333.68,1678620919.16,46.65104,2.11509,1.531247,7.7,7.56,7.7,7.7,7.62,8.1,8.92,2016-09-08,-
2024-06-18,300543,朗科智能,消费电子,7.84,8.06,7.79,8.05,7.79,9929140,80009050.47,4.6966,2.393,3.4,否,0.81,1.131,13.062,-0.984,9.227,否,268127372,211413214,2179875534.36,1718789429.82,47.767374,2.165703,1.567889,7.84,7.55,7.72,7.71,7.62,8.08,8.92,2016-09-08,-
2024-06-19,300543,朗科智能,消费电子,8.08,8.1,7.92,8.04,7.92,8553302,69165051.4,4.0458,-0.123,2.21,否,0.69,2.29,9.239,3.608,3.475,否,268127372,211413214,2177194260.64,1716675297.68,47.70862,2.163039,1.565961,7.95,7.58,7.74,7.72,7.61,8.06,8.91,2016-09-08,-
2024-06-20,300543,朗科智能,消费电子,8.02,8.04,7.7,7.74,7.7,8722116,69173652.64,4.1256,-3.695,4.19,否,0.71,-1.527,3.476,6.759,0.781,否,268127372,211413214,2096756049.04,1653251333.48,45.945986,2.083124,1.508105,7.91,7.63,7.73,7.72,7.6,8.04,8.9,2016-09-08,-
2024-06-21,300543,朗科智能,消费电子,7.67,7.76,7.43,7.65,7.43,6278500,48226643.0,2.9698,-1.151,4.35,否,0.63,-4.969,-3.894,12.006,-3.165,否,268127372,211413214,2072624585.56,1634224144.22,45.417196,2.059149,1.490748,7.87,7.71,7.72,7.72,7.59,8.02,8.9,2016-09-08,-
2024-06-24,300543,朗科智能,消费电子,7.64,7.73,7.29,7.31,7.29,6714146,50698238.34,3.1758,-4.528,5.82,否,0.79,-9.08,-6.997,2.669,-5.92,否,268127372,211413214,1978780005.36,1560229519.32,43.36079,1.965915,1.42325,7.76,7.73,7.67,7.71,7.58,8.0,8.89,2016-09-08,-
2024-06-25,300543,朗科智能,消费电子,7.43,7.48,7.13,7.23,7.13,5870270,42902064.9,2.7767,-1.084,4.74,否,0.73,-6.589,-8.015,-1.766,-5.242,否,268127372,211413214,1957329815.6,1543316462.2,42.890754,1.944604,1.407822,7.59,7.72,7.64,7.7,7.56,7.97,8.88,2016-09-08,-
2024-06-26,300543,朗科智能,消费电子,7.24,7.72,7.05,7.72,7.05,6956700,52265314.0,3.2906,6.849,9.32,否,0.96,0.915,-4.099,3.209,0.783,否,268127372,211413214,2091393501.6,1649023069.2,45.828477,2.077796,1.504248,7.53,7.74,7.65,7.7,7.56,7.95,8.87,2016-09-08,-
2024-06-27,300543,朗科智能,消费电子,7.7,7.92,7.61,7.7,7.61,7428600,58252304.0,3.5138,-0.256,4.1,否,1.08,5.335,-4.229,-3.266,-2.778,否,268127372,211413214,2086030954.16,1644794804.92,45.710968,2.072468,1.500391,7.52,7.72,7.64,7.7,7.57,7.93,8.87,2016-09-08,-
2024-06-28,300543,朗科智能,消费电子,7.71,8.05,7.58,7.92,7.58,9533390,76280801.2,4.5094,2.828,6.17,否,1.43,9.544,2.326,0.763,0.763,否,268132840,211418682,2145062720.0,1691349456.0,47.003566,2.131073,1.542819,7.58,7.72,7.65,7.7,7.57,7.92,8.86,2016-09-08,-
2024-07-01,300543,朗科智能,消费电子,7.93,7.96,7.59,7.76,7.59,9195633,71725557.69,4.3496,-2.0,4.75,否,1.26,0.518,1.438,-1.272,-5.481,否,268132840,211418682,2102161465.6,1657522466.88,46.063495,2.088451,1.511962,7.67,7.71,7.64,7.7,7.57,7.9,8.86,2016-09-08,-
2024-07-02,300543,朗科智能,消费电子,7.73,7.9,7.67,7.88,7.67,7352330,57995279.1,3.4776,1.531,2.93,否,0.94,2.338,7.798,-2.112,0.896,否,268132840,211418682,2134337406.4,1682892708.72,46.769502,2.120461,1.535136,7.8,7.7,7.62,7.71,7.56,7.88,8.85,2016-09-08,-
2024-07-03,300543,朗科智能,消费电子,7.82,7.83,7.53,7.59,7.53,6877070,53074445.0,3.2528,-3.769,3.89,否,0.85,-4.167,4.979,-5.597,-1.043,否,268132840,211418682,2053897554.4,1619467104.12,45.006833,2.040544,1.477279,7.77,7.65,7.62,7.71,7.56,7.85,8.84,2016-09-08,-
2024-07-04,300543,朗科智能,消费电子,7.59,7.65,7.31,7.34,7.31,5775400,43386568.0,2.7317,-3.264,4.57,否,0.72,-5.412,-4.922,-5.168,-4.799,否,268132840,211418682,1986864344.4,1566612433.62,43.537941,1.973946,1.429065,7.7,7.61,7.62,7.69,7.55,7.82,8.83,2016-09-08,-
2024-07-05,300543,朗科智能,消费电子,7.38,7.42,7.12,7.34,7.12,5269000,38683164.0,2.4922,0.0,4.05,否,0.68,-6.853,-4.675,-4.052,-5.897,否,268132840,211418682,1986864344.4,1566612433.62,43.537941,1.973946,1.429065,7.58,7.58,7.65,7.67,7.54,7.79,8.83,2016-09-08,-
2024-07-08,300543,朗科智能,消费电子,7.3,7.41,7.09,7.11,7.09,4975556,36308238.04,2.3534,-3.104,4.32,否,0.72,-6.324,-10.227,-2.736,-11.567,否,268132840,211418682,1925193791.2,1517986136.76,42.186561,1.912677,1.384708,7.45,7.56,7.65,7.63,7.53,7.77,8.82,2016-09-08,-
2024-07-09,300543,朗科智能,消费电子,7.11,7.6,7.03,7.6,7.03,7935880,58997061.8,3.7536,6.825,7.94,否,1.31,3.542,-2.062,5.118,-6.519,否,268132840,211418682,2056578882.8,1621581290.94,45.065588,2.043208,1.479208,7.4,7.6,7.66,7.63,7.53,7.74,8.81,2016-09-08,-
2024-07-10,300543,朗科智能,消费电子,7.6,7.6,7.41,7.47,7.41,4419459,33473751.5,2.0904,-1.695,2.48,否,0.72,1.771,-5.203,-3.238,-3.737,否,268132840,211418682,2021721613.6,1594096862.28,44.301765,2.008577,1.454136,7.37,7.57,7.66,7.62,7.53,7.72,8.8,2016-09-08,-
2024-07-11,300543,朗科智能,消费电子,7.58,7.77,7.51,7.76,7.51,6634400,51427013.0,3.138,3.979,3.58,否,1.17,9.142,2.24,0.779,7.034,否,268132840,211418682,2102161465.6,1657522466.88,46.064434,2.088494,1.511993,7.46,7.58,7.65,7.62,7.54,7.7,8.79,2016-09-08,-
2024-07-12,300543,朗科智能,消费电子,7.75,7.77,7.6,7.65,7.6,4100300,31733214.0,1.9394,-1.403,2.3,否,0.7,0.658,4.223,-3.409,12.006,否,268132840,211418682,2072666853.2,1634266411.86,45.418122,2.059191,1.490779,7.52,7.55,7.64,7.62,7.55,7.68,8.79,2016-09-08,-
2024-07-15,300543,朗科智能,消费电子,7.63,7.66,7.27,7.36,7.27,4977980,37186663.5,2.3546,-3.881,5.17,否,0.89,-1.473,0.272,-5.155,3.371,否,268132840,211418682,1992227001.2,1570840807.26,43.655453,1.979274,1.432922,7.57,7.51,7.61,7.59,7.57,7.66,8.78,2016-09-08,-
2024-07-16,300543,朗科智能,消费电子,7.41,7.52,7.21,7.38,7.21,4244290,31519005.13,2.0075,0.269,4.17,否,0.76,-4.897,3.797,-6.345,0.272,否,268132840,211418682,1997589658.0,1575069180.9,43.772964,1.984602,1.436779,7.52,7.46,7.58,7.57,7.58,7.63,8.77,2016-09-08,-
2024-07-17,300543,朗科智能,消费电子,7.37,7.4,7.04,7.05,7.04,6843100,49242738.0,3.2368,-4.43,4.83,否,1.4,-7.843,-7.237,-7.115,-5.749,否,268132840,211418682,1909105820.8,1505301015.84,41.834027,1.896694,1.373137,7.44,7.41,7.53,7.55,7.58,7.61,8.76,2016-09-08,-
2024-07-18,300543,朗科智能,消费电子,7.04,7.05,6.63,6.81,6.63,8517102,58152997.76,4.0285,-3.371,5.9,否,1.59,-7.473,-8.835,-7.221,-14.447,否,268132840,211418682,1844753939.2,1454560532.16,40.423891,1.83276,1.326851,7.25,7.35,7.48,7.53,7.58,7.58,8.74,2016-09-08,-
2024-07-19,300543,朗科智能,消费电子,6.86,7.04,6.75,6.98,6.75,5028100,35216945.0,2.3783,2.471,4.22,否,0.88,-5.42,-10.052,-4.905,-11.196,否,268132840,211418682,1890336522.0,1490501708.1,41.422738,1.878046,1.359637,7.12,7.32,7.45,7.54,7.59,7.56,8.73,2016-09-08,-
2024-07-22,300543,朗科智能,消费电子,6.98,7.12,6.94,7.09,6.94,3676570,26152694.5,1.739,1.56,2.55,否,0.62,0.567,-7.32,-0.281,-9.796,否,268132840,211418682,1919831134.4,1513757763.12,42.06905,1.907349,1.380851,7.06,7.32,7.44,7.54,7.59,7.54,8.72,2016-09-08,-
2024-07-23,300543,朗科智能,消费电子,7.03,7.12,6.85,6.86,6.85,3942910,27706353.5,1.865,-3.212,3.77,否,0.7,0.734,-6.793,-9.737,-14.783,否,268132840,211418682,1858160581.2,1465131466.26,40.71767,1.84608,1.336494,6.96,7.24,7.42,7.52,7.59,7.52,8.71,2016-09-08,-
2024-07-24,300543,朗科智能,消费电子,6.83,6.97,6.75,6.79,6.75,3732880,25785601.4,1.7656,-1.01,3.17,否,0.67,-2.722,-7.995,-9.103,-15.547,否,268132840,211418682,1839391282.4,1450332158.52,40.30638,1.827432,1.322994,6.91,7.17,7.37,7.5,7.58,7.5,8.7,2016-09-08,-
2024-07-25,300543,朗科智能,消费电子,6.73,6.93,6.58,6.79,6.58,3974900,26986221.8,1.8801,0.0,5.25,否,0.8,-4.231,-3.688,-12.5,-12.274,否,268132840,211418682,1839391282.4,1450332158.52,40.30638,1.827432,1.322994,6.9,7.08,7.33,7.46,7.57,7.49,8.69,2016-09-08,-
2024-07-26,300543,朗科智能,消费电子,6.82,7.08,6.82,7.07,6.82,4681500,32900600.0,2.2143,4.082,3.79,否,1.15,3.061,3.818,-7.582,-7.582,否,268132840,211418682,1914468477.6,1509529389.48,41.951539,1.902021,1.376994,6.92,7.02,7.28,7.43,7.56,7.48,8.68,2016-09-08,-
2024-07-29,300543,朗科智能,消费电子,7.07,7.16,6.92,7.09,6.92,3994660,28404547.4,1.8895,0.28,3.36,否,1.0,4.418,1.576,-3.668,-3.01,否,268132840,211418682,1919831134.4,1513757763.12,42.06905,1.907349,1.380851,6.92,6.99,7.25,7.4,7.55,7.46,8.67,2016-09-08,-
2024-07-30,300543,朗科智能,消费电子,7.09,7.13,6.94,7.08,6.94,3411700,24247454.0,1.6137,-0.14,2.65,否,0.84,4.271,-0.141,-4.065,-2.075,否,268132840,211418682,1917149806.0,1511643576.3,42.010294,1.904685,1.378922,6.96,6.96,7.21,7.37,7.54,7.45,8.66,2016-09-08,-
2024-07-31,300543,朗科智能,消费电子,7.08,7.28,7.03,7.25,7.03,4297100,31192428.0,2.0325,2.378,3.5,否,1.09,2.546,5.685,2.837,-6.088,否,268132840,211418682,1962732388.8,1547584752.24,43.00914,1.949971,1.411708,7.06,6.98,7.19,7.35,7.53,7.44,8.65,2016-09-08,-
2024-08-01,300543,朗科智能,消费电子,7.28,7.3,7.17,7.22,7.17,4407000,32189459.0,2.0845,-0.41,1.78,否,1.08,1.834,6.333,6.021,-6.234,否,268132840,211418682,1954688403.6,1541242191.78,42.832873,1.94198,1.405922,7.14,7.02,7.19,7.33,7.52,7.43,8.64,2016-09-08,-
2024-08-02,300543,朗科智能,消费电子,7.12,7.22,6.96,6.96,6.96,4755357,33977993.99,2.2493,-3.567,3.57,否,1.14,-1.695,2.504,-0.287,-12.121,否,268132840,211418682,1884973865.2,1486273334.46,41.305226,1.872718,1.355779,7.12,7.02,7.17,7.31,7.51,7.43,8.64,2016-09-08,-
2024-08-05,300543,朗科智能,消费电子,6.91,6.98,6.64,6.64,6.64,5144856,35384482.36,2.4335,-4.552,4.84,否,1.23,-8.414,-6.082,-6.347,-14.433,否,268132840,211418682,1799171356.4,1418619356.22,39.425045,1.787474,1.294065,7.03,6.98,7.15,7.28,7.49,7.42,8.62,2016-09-08,-
2024-08-06,300543,朗科智能,消费电子,6.75,6.9,6.72,6.88,6.72,3950384,27176774.1,1.8685,3.577,2.68,否,0.9,-4.709,-2.962,0.292,-12.69,否,268132840,211418682,1863523238.0,1469359839.9,40.835181,1.851407,1.340351,6.99,6.98,7.11,7.27,7.49,7.42,8.61,2016-09-08,-
2024-08-07,300543,朗科智能,消费电子,6.99,7.02,6.82,6.89,6.82,2807516,19583767.72,1.3279,0.144,2.88,否,0.62,-1.006,-2.684,1.473,-9.223,否,268132840,211418682,1866204566.4,1471474026.72,40.893937,1.854071,1.34228,6.92,6.99,7.08,7.24,7.47,7.43,8.6,2016-09-08,-
2024-08-08,300543,朗科智能,消费电子,6.86,6.87,6.69,6.8,6.69,2921300,20015023.0,1.3818,-1.293,2.59,否,0.69,2.41,-6.207,0.147,-7.357,否,268132840,211418682,1842072610.8,1452446345.34,40.365136,1.830096,1.324923,6.83,6.99,7.03,7.21,7.46,7.44,8.59,2016-09-08,-
2024-08-09,300543,朗科智能,消费电子,6.82,6.92,6.82,6.85,6.82,2361400,16390142.0,1.1169,0.728,1.46,否,0.6,-0.436,-5.125,-3.112,-6.676,否,268132840,211418682,1855479252.8,1463017279.44,40.658914,1.843416,1.334565,6.81,6.97,6.99,7.18,7.44,7.46,8.58,2016-09-08,-
2024-08-12,300543,朗科智能,消费电子,7.05,7.05,6.68,6.73,6.68,2759340,18832292.4,1.3052,-1.734,5.35,否,0.8,-2.322,-3.305,-5.078,-5.345,否,268132840,211418682,1823303312.0,1437647037.6,39.953846,1.811449,1.311423,6.83,6.93,6.96,7.14,7.42,7.46,8.57,2016-09-08,-
2024-08-13,300543,朗科智能,消费电子,6.76,6.85,6.66,6.84,6.66,2734000,18738534.0,1.2932,1.618,2.79,否,0.92,0.588,3.012,-3.39,-10.0,否,268132840,211418682,1852797924.4,1460903092.62,40.600158,1.840752,1.332637,6.82,6.91,6.93,7.11,7.41,7.47,8.56,2016-09-08,-
2024-08-14,300543,朗科智能,消费电子,6.85,7.0,6.8,6.93,6.8,3434430,23981479.3,1.6245,1.303,2.89,否,1.26,1.168,0.727,-4.414,-7.229,否,268132840,211418682,1876929880.0,1479930774.0,41.128959,1.864727,1.349994,6.83,6.87,6.93,7.09,7.4,7.47,8.55,2016-09-08,-
2024-08-15,300543,朗科智能,消费电子,6.94,7.79,6.81,7.43,6.81,15611460,114912539.51,7.3841,7.143,14.14,否,5.49,10.401,7.837,2.909,-4.253,否,268132840,211418682,2010996300.0,1585640115.0,44.066742,1.997922,1.446422,6.96,6.9,6.96,7.09,7.39,7.48,8.55,2016-09-08,-
2024-08-16,300543,朗科智能,消费电子,7.28,7.63,7.25,7.49,7.25,17385567,130689409.06,8.2233,0.8,5.07,否,3.23,9.503,10.147,7.615,-2.092,否,268132840,211418682,2027084270.4,1598325235.92,44.419276,2.013905,1.457993,7.08,6.95,6.98,7.1,7.38,7.48,8.54,2016-09-08,-
2024-08-19,300543,朗科智能,消费电子,7.33,7.5,7.2,7.24,7.2,9276582,68414363.24,4.3878,-3.307,3.97,否,1.11,4.473,5.693,9.036,-1.63,否,268132840,211418682,1960051060.4,1545470565.42,42.950385,1.947308,1.409779,7.19,7.01,6.99,7.1,7.37,7.48,8.53,2016-09-08,-
2024-08-20,300543,朗科智能,消费电子,7.28,7.57,7.1,7.56,7.1,15376312,114309891.42,7.2729,4.378,6.43,否,1.59,1.75,12.333,9.884,2.439,否,268132840,211418682,2045853569.2,1613124543.66,44.830566,2.032552,1.471493,7.33,7.08,7.03,7.1,7.36,7.48,8.53,2016-09-08,-
2024-08-21,300543,朗科智能,消费电子,7.81,8.76,7.66,7.86,7.66,35203839,286374030.7,16.6512,4.063,14.55,否,2.88,4.94,14.912,14.078,11.489,否,268132840,211418682,2128974749.6,1678664335.08,46.651991,2.115133,1.531279,7.52,7.17,7.08,7.11,7.37,7.48,8.52,2016-09-08,-
2024-08-22,300543,朗科智能,消费电子,7.76,7.82,7.19,7.21,7.19,24523712,184574149.66,11.5996,-8.312,8.06,否,1.32,-0.414,4.04,6.029,5.874,否,268132840,211418682,1952007075.2,1539128004.96,42.774118,1.939316,1.403994,7.47,7.21,7.1,7.09,7.36,7.48,8.52,2016-09-08,-
2024-08-23,300543,朗科智能,消费电子,7.11,7.21,6.9,7.11,6.9,12724995,90680342.97,6.0189,-1.374,4.26,否,0.63,-5.952,-4.307,3.796,1.862,否,268132840,211418682,1925193791.2,1517986136.76,42.186561,1.912677,1.384708,7.4,7.24,7.1,7.07,7.35,7.48,8.51,2016-09-08,-
2024-08-26,300543,朗科智能,消费电子,7.18,7.25,6.97,7.09,6.97,8210088,58876980.89,3.8833,-0.279,3.9,否,0.42,-9.796,-5.34,5.349,0.0,否,268132840,211418682,1919831134.4,1513757763.12,42.06905,1.907349,1.380851,7.37,7.28,7.1,7.07,7.33,7.48,8.5,2016-09-08,-
2024-08-27,300543,朗科智能,消费电子,7.05,7.06,6.78,6.81,6.78,7833759,54481156.92,3.7053,-3.911,3.91,否,0.41,-5.548,-5.939,-0.439,-0.729,否,268132840,211418682,1844753939.2,1454560532.16,40.423891,1.83276,1.326851,7.22,7.27,7.09,7.05,7.31,7.47,8.5,2016-09-08,-
2024-08-28,300543,朗科智能,消费电子,6.8,7.05,6.72,6.99,6.72,6938248,48489640.47,3.2818,2.616,4.8,否,0.39,-1.688,-7.54,0.866,2.946,否,268132840,211418682,1893017850.4,1492615894.92,41.481493,1.88071,1.361565,7.04,7.28,7.08,7.04,7.3,7.47,8.49,2016-09-08,-
2024-08-29,300543,朗科智能,消费电子,7.0,7.32,6.91,7.25,6.91,8721487,63089847.76,4.1252,3.683,5.81,否,0.72,2.257,-7.761,-2.423,6.775,否,268132840,211418682,1962732388.8,1547584752.24,43.00914,1.949971,1.411708,7.05,7.26,7.08,7.06,7.3,7.47,8.48,2016-09-08,-
2024-08-30,300543,朗科智能,消费电子,7.34,7.94,7.3,7.79,7.3,21408382,167603147.34,10.1261,7.514,8.88,否,2.41,14.391,8.044,4.005,10.184,否,268132840,211418682,2110205450.8,1663865027.34,52.196398,2.082103,1.488687,7.19,7.29,7.12,7.09,7.31,7.47,8.48,2016-09-08,-
2024-09-02,300543,朗科智能,消费电子,7.92,7.92,7.65,7.68,7.65,9527805,74567924.03,4.5066,-1.398,3.56,否,0.9,9.871,8.017,6.077,8.322,否,268132840,211418682,2080710838.4,1640608972.32,51.466842,2.053001,1.467879,7.3,7.34,7.17,7.11,7.32,7.47,8.47,2016-09-08,-
2024-09-03,300543,朗科智能,消费电子,7.64,7.77,7.63,7.71,7.63,5341600,41501438.0,2.5266,0.387,1.93,否,0.49,6.345,8.745,1.984,8.898,否,268132840,211418682,2088754823.6,1646951532.78,51.665812,2.060938,1.473554,7.48,7.35,7.21,7.13,7.33,7.47,8.47,2016-09-08,-
2024-09-04,300543,朗科智能,消费电子,7.71,7.72,7.56,7.64,7.56,5861900,45317161.0,2.7726,-1.027,2.18,否,0.56,-1.926,12.188,-2.799,5.379,否,268132840,211418682,2067304196.4,1630038038.22,51.135226,2.039773,1.458421,7.61,7.33,7.25,7.16,7.33,7.47,8.47,2016-09-08,-
2024-09-05,300543,朗科智能,消费电子,7.65,7.67,7.55,7.62,7.55,4096109,31422598.76,1.9374,-0.259,1.69,否,0.4,-0.781,9.013,5.687,5.54,否,268132840,211418682,2061941539.6,1625809664.58,51.00258,2.034482,1.454638,7.69,7.37,7.29,7.19,7.32,7.47,8.46,2016-09-08,-
2024-09-06,300543,朗科智能,消费电子,7.58,7.6,7.35,7.41,7.35,3893420,29298834.0,1.8416,-2.731,3.25,否,0.42,-3.891,2.207,4.219,6.466,否,268132840,211418682,2005633643.2,1581411741.36,49.609791,1.978924,1.414914,7.61,7.4,7.32,7.2,7.32,7.47,8.46,2016-09-08,-
2024-09-09,300543,朗科智能,消费电子,7.35,7.48,7.28,7.39,7.28,3293100,24605315.0,1.5576,-0.267,2.67,否,0.57,-3.272,-5.135,4.231,11.295,否,268132840,211418682,2000270986.4,1577183367.72,49.477145,1.973632,1.411131,7.55,7.43,7.35,7.21,7.31,7.46,8.45,2016-09-08,-
2024-09-10,300543,朗科智能,消费电子,7.39,7.64,7.3,7.61,7.3,5145701,38896235.74,2.4339,2.949,4.56,否,1.14,-0.131,-0.911,11.747,10.61,否,268132840,211418682,2059260211.2,1623695477.76,50.936256,2.031836,1.452746,7.53,7.51,7.39,7.23,7.3,7.46,8.45,2016-09-08,-
2024-09-11,300543,朗科智能,消费电子,7.58,7.61,7.44,7.48,7.44,3767500,28548424.0,1.782,-1.693,2.21,否,0.85,0.945,-2.983,7.01,8.563,否,268132840,211418682,2024402942.0,1596211049.1,50.074054,1.997443,1.428155,7.5,7.56,7.42,7.24,7.29,7.45,8.44,2016-09-08,-
2024-09-12,300543,朗科智能,消费电子,7.49,7.57,7.38,7.39,7.38,3174893,23928877.03,1.5017,-1.192,2.52,否,0.79,0.0,-3.272,1.931,8.676,否,268132840,211418682,2000270986.4,1577183367.72,49.477145,1.973632,1.411131,7.46,7.57,7.42,7.24,7.29,7.44,8.43,2016-09-08,-
2024-09-13,300543,朗科智能,消费电子,7.41,7.45,7.3,7.3,7.3,3666800,27219243.0,1.7344,-1.206,2.01,否,0.95,-4.074,-4.199,-6.29,6.569,否,268132840,211418682,1976139030.8,1558155686.34,48.880236,1.949822,1.394107,7.43,7.52,7.41,7.25,7.28,7.43,8.42,2016-09-08,-
2024-09-18,300543,朗科智能,消费电子,7.3,7.36,7.02,7.17,7.02,3648838,26324836.8,1.7259,-1.764,4.61,否,0.96,-4.144,-3.239,-6.641,6.538,否,268132840,211418682,1941281761.6,1530671257.68,48.018033,1.915429,1.369516,7.39,7.47,7.4,7.27,7.28,7.43,8.4,2016-09-08,-
2024-09-19,300543,朗科智能,消费电子,7.19,7.38,7.18,7.35,7.18,3160200,23315552.0,1.4948,2.486,2.76,否,0.81,-0.541,-0.541,-4.669,7.456,否,268132840,211418682,1989545672.8,1568726620.44,49.211852,1.96305,1.403565,7.34,7.44,7.39,7.29,7.28,7.42,8.39,2016-09-08,-
2024-09-20,300543,朗科智能,消费电子,7.38,7.46,7.33,7.42,7.33,3584840,26775428.6,1.6956,0.943,1.75,否,1.03,1.644,-2.497,-2.88,7.071,否,268132840,211418682,2008314971.6,1583525928.18,49.676115,1.981569,1.416806,7.33,7.41,7.37,7.31,7.27,7.42,8.38,2016-09-08,-
2024-09-23,300543,朗科智能,消费电子,7.44,7.59,7.31,7.51,7.31,5274600,39942571.0,2.4949,1.202,3.74,否,1.53,4.742,0.401,-1.444,1.077,否,268132840,211418682,2032446927.2,1602553609.56,50.273024,2.00538,1.43383,7.35,7.4,7.39,7.33,7.27,7.42,8.37,2016-09-08,-
2024-09-24,300543,朗科智能,消费电子,7.5,7.65,7.33,7.65,7.33,6685130,50877538.0,3.162,1.847,4.35,否,1.73,4.082,3.518,3.239,2.136,否,268132840,211418682,2069985524.8,1632152225.04,51.201549,2.042418,1.460313,7.42,7.43,7.41,7.36,7.27,7.42,8.37,2016-09-08,-
2024-09-25,300543,朗科智能,消费电子,7.72,7.82,7.61,7.65,7.61,8506503,66194772.79,4.0235,0.0,2.85,否,1.9,3.1,4.795,3.518,5.663,否,268132840,211418682,2069985524.8,1632152225.04,51.201549,2.042418,1.460313,7.52,7.45,7.44,7.39,7.26,7.42,8.36,2016-09-08,-
2024-09-26,300543,朗科智能,消费电子,7.61,7.81,7.59,7.81,7.59,6151830,47914004.6,2.9098,2.202,2.98,否,1.13,3.995,8.926,2.628,3.307,否,268132840,211418682,2115568107.6,1668093400.98,52.329045,2.087394,1.49247,7.61,7.47,7.49,7.42,7.26,7.41,8.35,2016-09-08,-
2024-09-27,300543,朗科智能,消费电子,7.87,8.3,7.8,8.2,7.8,11451738,93011801.17,5.4166,4.943,6.34,否,1.9,7.19,11.565,9.626,4.326,否,268132840,211418682,2220139915.2,1750546686.96,54.915651,2.190573,1.566242,7.76,7.55,7.55,7.46,7.27,7.42,8.34,2016-09-08,-
2024-09-30,300543,朗科智能,消费电子,8.49,9.57,8.27,9.55,8.27,20052291,179919438.43,9.4846,16.425,15.82,否,2.63,24.837,28.706,29.229,32.455,否,268137974,211423816,2584850069.36,2038125586.24,63.935613,2.550378,1.823499,8.17,7.76,7.67,7.53,7.31,7.43,8.34,2016-09-08,-
2024-10-08,300543,朗科智能,消费电子,11.27,11.27,9.94,10.8,9.94,26659061,283420234.84,12.6093,13.174,13.9,否,2.52,38.284,43.808,47.945,51.899,否,268137974,211423816,2925385296.34,2306633832.56,72.360052,2.886426,2.063771,8.8,8.11,7.82,7.64,7.37,7.46,8.35,2016-09-08,-
2024-10-09,300543,朗科智能,消费电子,10.26,10.26,9.19,9.21,9.19,24201755,238161061.42,11.447,-14.757,9.9,否,1.66,12.317,20.392,28.452,29.901,否,268137974,211423816,2493683158.2,1966241488.8,61.681804,2.460474,1.759219,9.11,8.32,7.89,7.71,7.4,7.47,8.35,2016-09-08,-
2024-10-10,300543,朗科智能,消费电子,9.4,9.59,9.05,9.24,9.05,12129468,114597339.03,5.737,0.323,5.81,否,0.69,-3.246,20.784,25.714,35.683,否,268137974,211423816,2501727297.42,1972584203.28,61.880778,2.468411,1.764893,9.4,8.5,7.97,7.76,7.43,7.48,8.35,2016-09-08,-
2024-10-11,300543,朗科智能,消费电子,9.24,9.24,8.63,8.73,8.63,11271772,100994551.1,5.3314,-5.466,6.65,否,0.6,-19.167,11.78,17.655,24.893,否,268137974,211423816,2364976930.68,1864758057.12,58.498227,2.333481,1.66842,9.51,8.64,8.02,7.79,7.45,7.49,8.34,2016-09-08,-
2024-10-14,300543,朗科智能,消费电子,8.88,9.06,8.58,9.06,8.58,8564852,76820499.36,4.051,3.742,5.56,否,0.45,-1.629,10.488,20.639,24.966,否,268137974,211423816,2453462462.1,1934527916.4,60.686936,2.420788,1.730844,9.41,8.79,8.1,7.85,7.47,7.5,8.34,2016-09-08,-
2024-10-15,300543,朗科智能,消费电子,9.01,9.41,8.94,9.11,8.94,11079590,103271383.76,5.2405,0.546,5.14,否,0.67,-1.407,-4.607,19.085,16.945,否,268137974,211423816,2466869360.8,1945099107.2,61.018559,2.434017,1.740302,9.07,8.94,8.18,7.92,7.5,7.52,8.34,2016-09-08,-
2024-10-16,300543,朗科智能,消费电子,8.99,9.32,8.89,9.29,8.89,8102681,75077024.64,3.8324,1.957,4.67,否,0.6,6.415,-13.981,21.438,20.964,否,268137974,211423816,2515134196.12,1983155394.08,62.2124,2.481639,1.774352,9.09,9.1,8.28,7.99,7.53,7.55,8.33,2016-09-08,-
2024-10-17,300543,朗科智能,消费电子,9.31,9.5,9.26,9.27,9.26,10197826,96415675.88,4.8234,-0.213,2.56,否,1.0,2.318,0.651,18.694,20.233,否,268137974,211423816,2509771436.64,1978926917.76,62.079751,2.476348,1.770568,9.09,9.25,8.36,8.08,7.56,7.57,8.33,2016-09-08,-
2024-10-18,300543,朗科智能,消费电子,9.22,9.81,9.22,9.56,9.22,13197339,126994029.19,6.2421,3.098,6.41,否,1.34,4.94,3.463,16.585,25.131,否,268137974,211423816,2587531449.1,2040239824.4,64.003162,2.553072,1.825426,9.26,9.38,8.46,8.16,7.6,7.59,8.33,2016-09-08,-
2024-10-21,300543,朗科智能,消费电子,9.66,10.08,9.6,9.89,9.6,13975986,139370639.09,6.6104,3.523,5.08,否,1.37,6.459,13.288,3.56,29.79,否,268137974,211423816,2678698360.26,2112123921.84,66.258196,2.643025,1.889741,9.42,9.42,8.59,8.25,7.65,7.62,8.33,2016-09-08,-
2024-10-22,300543,朗科智能,消费电子,10.08,10.17,9.66,9.83,9.66,10326586,103013016.5,4.8843,-0.601,5.21,否,0.91,6.041,8.499,-8.981,32.659,否,268137974,211423816,2662610081.82,2099438492.88,65.860249,2.627151,1.878391,9.57,9.32,8.72,8.32,7.7,7.65,8.33,2016-09-08,-
2024-10-23,300543,朗科智能,消费电子,9.76,9.82,9.48,9.57,9.48,13686630,132883537.44,6.4736,-2.719,3.52,否,1.23,0.105,5.049,3.909,29.499,否,268137974,211423816,2590212828.84,2042354062.56,69.180254,2.523728,1.721891,9.62,9.36,8.84,8.38,7.74,7.67,8.33,2016-09-08,-
2024-10-24,300543,朗科智能,消费电子,9.48,9.5,9.27,9.45,9.27,7359190,69694155.87,3.4808,-1.242,2.38,否,0.6,-4.449,1.722,2.273,24.179,否,268137974,211423816,2558036271.96,2016983204.64,68.320872,2.492378,1.700501,9.66,9.38,8.94,8.44,7.79,7.69,8.32,2016-09-08,-
2024-10-25,300543,朗科智能,消费电子,9.89,10.26,9.8,9.98,9.8,24908131,251816617.63,11.7811,5.66,4.82,否,2.13,1.526,7.659,14.318,33.422,否,268137974,211423816,2702830777.92,2131152065.28,72.188091,2.633456,1.796755,9.74,9.5,9.07,8.52,7.84,7.71,8.32,2016-09-08,-
2024-10-28,300543,朗科智能,消费电子,9.98,10.18,9.76,9.9,9.76,15811161,158189371.16,7.4784,-0.794,4.17,否,1.13,3.448,3.556,9.272,33.965,否,268137974,211423816,2681379740.0,2114238160.0,71.61517,2.612555,1.782495,9.75,9.59,9.19,8.59,7.89,7.73,8.32,2016-09-08,-
2024-10-29,300543,朗科智能,消费电子,9.89,9.98,9.61,9.61,9.61,12217450,120647483.17,5.7787,-3.0,3.8,否,0.85,1.693,-2.831,5.488,31.644,否,268137974,211423816,2600938347.8,2050811015.2,69.466715,2.534178,1.729021,9.7,9.64,9.29,8.67,7.93,7.75,8.32,2016-09-08,-
2024-10-30,300543,朗科智能,消费电子,9.67,9.92,9.58,9.75,9.58,10505696,103645239.93,4.969,1.546,3.61,否,0.71,-2.305,-0.814,4.952,35.983,否,268137974,211423816,2641159043.9,2082524587.6,70.540942,2.573367,1.755758,9.74,9.68,9.39,8.74,7.98,7.76,8.32,2016-09-08,-
2024-10-31,300543,朗科智能,消费电子,9.69,9.89,9.61,9.78,9.61,9505628,93963583.12,4.496,0.305,2.94,否,0.67,-1.212,2.194,5.502,33.061,否,268137974,211423816,2649203183.12,2088867302.08,70.755788,2.581204,1.761105,9.8,9.73,9.49,8.82,8.02,7.78,8.32,2016-09-08,-
2024-11-01,300543,朗科智能,消费电子,9.75,9.78,9.03,9.1,9.03,12620965,118912594.35,5.9695,-6.984,7.69,否,0.87,-5.307,-3.704,-4.812,22.642,否,268137974,211423816,2464187981.06,1942984869.04,65.814341,2.400938,1.638113,9.63,9.69,9.53,8.87,8.05,7.79,8.32,2016-09-08,-
2024-11-04,300543,朗科智能,消费电子,9.29,9.57,9.1,9.49,9.1,7753682,73800553.81,3.6674,4.244,5.11,否,0.64,-2.667,-4.91,-4.044,26.365,否,268137974,211423816,2568761790.92,2025440157.28,68.607333,2.502828,1.707631,9.55,9.65,9.53,8.94,8.09,7.81,8.31,2016-09-08,-
2024-11-05,300543,朗科智能,消费电子,9.49,9.84,9.44,9.81,9.44,9004863,87943633.5,4.2592,3.445,4.28,否,0.86,0.307,-0.909,-0.203,28.235,否,268137974,211423816,2657247322.34,2095210016.56,70.970633,2.589042,1.766453,9.59,9.64,9.48,9.02,8.14,7.82,8.31,2016-09-08,-
2024-11-06,300543,朗科智能,消费电子,9.9,9.99,9.67,9.75,9.67,10836846,107492983.87,5.1257,-0.605,3.33,否,1.1,7.143,1.457,1.881,27.451,否,268137974,211423816,2641159043.9,2082524587.6,70.540942,2.573367,1.755758,9.59,9.66,9.51,9.11,8.19,7.84,8.32,2016-09-08,-
2024-11-07,300543,朗科智能,消费电子,9.7,9.95,9.63,9.95,9.63,10409513,103333720.95,4.9235,2.031,3.35,否,1.05,4.847,2.051,5.291,27.401,否,268137974,211423816,2694786638.7,2124809350.8,71.973246,2.625618,1.791408,9.62,9.71,9.54,9.2,8.24,7.86,8.32,2016-09-08,-
2024-11-08,300543,朗科智能,消费电子,10.13,10.15,9.86,10.03,9.86,12579008,126960094.04,5.9497,0.796,2.89,否,1.24,2.243,2.556,0.501,22.317,否,268137974,211423816,2716237676.62,2141723256.08,72.546167,2.646518,1.805668,9.81,9.72,9.61,9.28,8.29,7.88,8.32,2016-09-08,-
2024-11-11,300543,朗科智能,消费电子,10.04,10.45,9.97,10.43,9.97,14051286,145743579.77,6.646,3.949,4.74,否,1.39,6.974,14.615,5.354,9.215,否,268137974,211423816,2823492866.22,2226292782.48,75.410774,2.751021,1.876968,9.99,9.77,9.68,9.38,8.36,7.91,8.32,2016-09-08,-
2024-11-12,300543,朗科智能,消费电子,10.41,10.73,10.19,10.39,10.19,17113467,179883665.71,8.0944,-0.38,5.22,否,1.5,4.422,9.484,8.117,-3.796,否,268137974,211423816,2812767347.26,2217835829.84,75.124313,2.74057,1.869838,10.11,9.85,9.74,9.47,8.41,7.93,8.33,2016-09-08,-
2024-11-13,300543,朗科智能,消费电子,10.25,10.52,10.05,10.34,10.05,11491650,118816164.95,5.4354,-0.477,4.48,否,0.88,3.091,5.403,6.051,12.269,否,268137974,211423816,2799360448.56,2207264639.04,74.766237,2.727508,1.860925,10.23,9.91,9.79,9.56,8.47,7.95,8.33,2016-09-08,-
2024-11-14,300543,朗科智能,消费电子,10.28,10.7,10.02,10.07,10.02,12998968,135606215.21,6.1483,-2.586,6.51,否,0.99,-3.452,3.282,2.965,8.983,否,268137974,211423816,2726963195.58,2150180208.72,72.832628,2.656969,1.812798,10.25,9.94,9.83,9.64,8.53,7.97,8.33,2016-09-08,-
2024-11-15,300543,朗科智能,消费电子,10.01,10.38,9.89,9.89,9.89,11486551,117550528.6,5.433,-1.77,4.82,否,0.84,-4.812,-0.603,8.681,13.288,否,268137974,211423816,2678698360.26,2112123921.84,71.543555,2.609943,1.780713,10.22,10.02,9.85,9.69,8.58,7.99,8.33,2016-09-08,-
2024-11-18,300543,朗科智能,消费电子,10.05,10.14,9.36,9.44,9.36,11436520,110630849.65,5.4093,-4.605,7.91,否,0.85,-8.704,-5.882,-0.527,4.194,否,268137974,211423816,2555354892.22,2014868966.48,68.249257,2.489765,1.698718,10.03,10.01,9.83,9.69,8.61,8.0,8.33,2016-09-08,-
2024-11-19,300543,朗科智能,消费电子,9.47,9.82,9.47,9.82,9.47,7814232,76040653.87,3.696,4.092,3.78,否,0.61,-2.483,-5.849,0.102,7.794,否,268137974,211423816,2659928702.08,2097324254.72,71.042249,2.591655,1.768235,9.91,10.01,9.83,9.66,8.65,8.02,8.32,2016-09-08,-
2024-11-20,300543,朗科智能,消费电子,9.84,10.12,9.78,10.08,9.78,8597553,86877310.11,4.0665,2.621,3.43,否,0.78,1.921,-2.984,3.385,8.504,否,268137974,211423816,2729644575.32,2152294446.88,72.904243,2.659581,1.81458,9.86,10.04,9.85,9.69,8.7,8.03,8.32,2016-09-08,-
2024-11-21,300543,朗科智能,消费电子,10.1,10.27,9.95,10.27,9.95,10013634,102535629.54,4.7363,1.866,3.14,否,0.96,8.792,-0.677,3.216,10.787,否,268137974,211423816,2780590790.38,2192464971.92,74.264931,2.70922,1.848448,9.9,10.08,9.89,9.72,8.74,8.05,8.32,2016-09-08,-
2024-11-22,300543,朗科智能,消费电子,10.27,10.46,9.89,9.92,9.89,12511647,128946619.32,5.9178,-3.375,5.5,否,1.27,1.018,-1.49,-1.097,3.766,否,268137974,211423816,2686742499.48,2118466636.32,71.7584,2.61778,1.78606,9.91,10.07,9.89,9.76,8.78,8.07,8.32,2016-09-08,-
2024-11-25,300543,朗科智能,消费电子,9.92,10.69,9.67,10.61,9.67,27570720,287051003.12,13.0405,6.886,10.28,否,2.74,5.258,7.28,1.726,7.28,否,268137974,211423816,2871757701.54,2264349069.36,76.699847,2.798047,1.909053,10.14,10.08,9.93,9.81,8.83,8.1,8.32,2016-09-08,-
2024-11-26,300543,朗科智能,消费电子,10.45,10.52,10.06,10.17,10.06,19908014,205701254.96,9.4162,-4.108,4.3,否,1.5,-0.974,7.733,-2.117,3.459,否,268137974,211423816,2753776992.98,2171322590.32,73.54878,2.683094,1.830623,10.21,10.06,9.95,9.85,8.88,8.12,8.32,2016-09-08,-
2024-11-27,300543,朗科智能,消费电子,9.99,10.68,9.78,10.68,9.78,23647308,247258228.14,11.1848,4.966,8.76,否,1.5,7.661,8.758,3.288,11.599,否,268137974,211423816,2890527359.72,2279148736.48,77.201153,2.816334,1.92153,10.33,10.1,10.0,9.89,8.94,8.14,8.32,2016-09-08,-
2024-11-28,300543,朗科智能,消费电子,10.73,11.21,10.5,10.97,10.5,33106585,364004841.71,15.6589,2.783,6.68,否,1.77,3.393,8.829,8.937,16.085,否,268137974,211423816,2970968751.92,2342575881.28,79.349608,2.894711,1.975005,10.47,10.19,10.06,9.95,9.01,8.16,8.32,2016-09-08,-
2024-11-29,300543,朗科智能,消费电子,10.83,11.01,10.62,10.82,10.62,20182857,220022411.92,9.5462,-1.354,3.61,否,0.86,6.391,5.355,9.403,8.417,否,268137974,211423816,2930748055.82,2310862308.88,78.275381,2.855523,1.948267,10.65,10.28,10.15,9.99,9.08,8.19,8.32,2016-09-08,-
2024-12-02,300543,朗科智能,消费电子,10.81,11.1,10.7,10.86,10.7,18968224,207292636.64,8.9717,0.366,3.75,否,0.76,1.685,9.476,15.042,9.697,否,268137974,211423816,2941473574.78,2319319261.52,78.561841,2.865973,1.955397,10.7,10.42,10.22,10.03,9.14,8.22,8.33,2016-09-08,-
2024-12-03,300543,朗科智能,消费电子,10.79,11.57,10.57,11.31,10.57,28702374,323238962.8,13.5758,4.102,9.21,否,1.24,3.099,6.598,15.173,17.69,否,268137974,211423816,3062135663.08,2414459978.72,81.784524,2.983538,2.03561,10.93,10.57,10.29,10.07,9.2,8.25,8.33,2016-09-08,-
2024-12-04,300543,朗科智能,消费电子,11.21,11.21,10.61,10.68,10.61,18857214,206911324.12,8.9192,-5.604,5.34,否,0.76,-1.294,5.015,5.952,9.538,否,268137974,211423816,2890527359.72,2279148736.48,77.201153,2.816334,1.92153,10.93,10.63,10.34,10.11,9.25,8.28,8.33,2016-09-08,-
2024-12-05,300543,朗科智能,消费电子,10.71,10.82,10.5,10.64,10.5,13599172,146108389.36,6.4322,-0.371,3.06,否,0.57,-2.026,-0.375,3.603,8.793,否,268137974,211423816,2879801840.76,2270691783.84,76.914693,2.805884,1.9144,10.86,10.67,10.37,10.15,9.3,8.31,8.33,2016-09-08,-
2024-12-06,300543,朗科智能,消费电子,10.62,10.72,10.41,10.64,10.41,11736785,125412809.02,5.5513,0.0,2.98,否,0.59,-5.924,-3.008,7.258,16.923,否,268137974,211423816,2879801840.76,2270691783.84,76.914693,2.805884,1.9144,10.83,10.74,10.4,10.17,9.35,8.34,8.33,2016-09-08,-
2024-12-09,300543,朗科智能,消费电子,10.55,10.87,10.42,10.68,10.42,10388738,111638288.28,4.9137,0.372,4.28,否,0.57,0.0,-1.294,0.66,12.54,否,268137974,211423816,2890527359.72,2279148736.48,77.201153,2.816334,1.92153,10.79,10.75,10.41,10.2,9.4,8.36,8.33,2016-09-08,-
2024-12-10,300543,朗科智能,消费电子,10.94,11.35,10.73,10.89,10.73,21676177,241458357.63,10.2525,2.041,5.75,否,1.3,2.35,0.276,7.08,11.009,否,268137974,211423816,2949517714.0,2325661976.0,78.776687,2.873811,1.960745,10.71,10.82,10.44,10.24,9.45,8.38,8.33,2016-09-08,-
2024-12-11,300543,朗科智能,消费电子,10.89,11.14,10.81,11.08,10.81,13093838,145633063.67,6.1932,1.727,3.0,否,0.86,4.135,-2.034,3.745,13.641,否,268137974,211423816,3000463929.06,2365832501.04,80.137375,2.923449,1.994612,10.79,10.86,10.48,10.29,9.52,8.41,8.34,2016-09-08,-
2024-12-12,300543,朗科智能,消费电子,11.09,11.44,10.82,11.38,10.82,21359316,241569563.41,10.1026,2.681,5.54,否,1.51,6.554,6.554,3.737,14.372,否,268137974,211423816,3080905321.26,2429259645.84,82.28583,3.001826,2.048087,10.93,10.9,10.54,10.34,9.58,8.44,8.34,2016-09-08,-
2024-12-13,300543,朗科智能,消费电子,11.24,11.37,11.01,11.04,11.01,12662800,142780467.86,5.9893,-2.959,3.13,否,0.81,1.377,3.759,2.033,10.07,否,268137974,211423816,2989738410.1,2357375548.4,79.850915,2.912999,1.987482,11.01,10.92,10.6,10.4,9.64,8.46,8.34,2016-09-08,-
2024-12-16,300543,朗科智能,消费电子,11.1,11.14,10.64,10.73,10.64,10496117,114937557.33,4.9645,-2.78,4.57,否,0.66,-3.159,0.846,-1.197,2.876,否,268137974,211423816,2906615638.16,2291834165.44,77.630844,2.83201,1.932225,11.02,10.91,10.66,10.45,9.69,8.49,8.34,2016-09-08,-
2024-12-17,300543,朗科智能,消费电子,10.8,10.8,10.06,10.12,10.06,10691369,111189090.39,5.0568,-5.72,6.92,否,0.67,-11.072,-5.243,-10.522,-2.599,否,268137974,211423816,2740370094.28,2160751399.52,73.190704,2.670031,1.82171,10.87,10.79,10.68,10.46,9.74,8.51,8.34,2016-09-08,-
2024-12-18,300543,朗科智能,消费电子,10.11,10.4,9.88,10.2,9.88,6867902,70514364.15,3.2484,0.783,5.09,否,0.5,-7.609,-6.336,-4.494,-1.354,否,268137974,211423816,2761821132.2,2177665304.8,73.763625,2.690932,1.83597,10.69,10.74,10.68,10.47,9.79,8.53,8.34,2016-09-08,-
2024-12-19,300543,朗科智能,消费电子,10.08,10.45,9.96,10.36,9.96,7168020,74515570.4,3.3904,1.553,4.76,否,0.58,-3.448,-6.498,-2.632,2.88,否,268137974,211423816,2804723208.04,2211493115.36,74.909468,2.732733,1.86449,10.49,10.71,10.69,10.48,9.84,8.56,8.34,2016-09-08,-
2024-12-20,300543,朗科智能,消费电子,10.35,10.84,10.31,10.7,10.31,9221937,99102155.92,4.3618,3.251,5.16,否,0.96,5.731,-5.975,0.564,8.19,否,268137974,211423816,2895890119.2,2283377212.8,77.344384,2.82156,1.925095,10.42,10.72,10.73,10.51,9.9,8.59,8.35,2016-09-08,-
2024-12-23,300543,朗科智能,消费电子,10.69,10.75,9.88,9.88,9.88,10742477,110047414.53,5.081,-7.593,8.15,否,1.21,-3.137,-10.507,-7.491,4.661,否,268137974,211423816,2676016980.52,2110009683.68,71.47194,2.60733,1.77893,10.25,10.64,10.69,10.49,9.94,8.6,8.34,2016-09-08,-
2024-12-24,300543,朗科智能,消费电子,11.02,11.75,10.41,10.99,10.41,33629517,375381504.73,15.9062,11.222,13.63,否,3.76,6.081,2.423,0.918,11.914,否,268137974,211423816,2976331511.4,2346804357.6,79.492839,2.899936,1.97857,10.43,10.65,10.73,10.51,9.99,8.63,8.35,2016-09-08,-
2024-12-25,300543,朗科智能,消费电子,11.15,11.76,10.76,11.29,10.76,44593003,512479788.06,21.0918,2.703,9.1,否,3.3,5.514,11.561,1.895,12.004,否,268137974,211423816,3056772903.6,2410231502.4,81.641294,2.978313,2.032045,10.64,10.67,10.76,10.54,10.05,8.66,8.35,2016-09-08,-
2024-12-26,300543,朗科智能,消费电子,11.25,12.46,11.17,11.99,11.17,46518881,561440666.83,22.0027,6.228,11.4,否,2.21,21.356,17.549,5.36,16.748,否,268137974,211423816,3247150865.14,2560342411.76,86.725971,3.163804,2.158602,10.97,10.73,10.81,10.6,10.12,8.69,8.36,2016-09-08,-
2024-12-27,300543,朗科智能,消费电子,11.71,11.84,11.34,11.44,11.34,35574780,416545808.17,16.8263,-4.624,4.21,否,1.23,4.095,10.425,3.623,15.323,否,268137974,211423816,3096993599.7,2441945074.8,82.715521,3.017501,2.058782,11.12,10.77,10.85,10.66,10.18,8.72,8.36,2016-09-08,-
2024-12-30,300543,朗科智能,消费电子,11.27,11.73,10.91,11.25,10.91,25359645,290394726.67,11.9947,-1.645,7.19,否,0.74,-0.354,5.14,4.846,6.032,否,268137974,211423816,3046047384.64,2401774549.76,81.354833,2.967863,2.024915,11.39,10.82,10.86,10.72,10.2,8.76,8.37,2016-09-08,-
2024-12-31,300543,朗科智能,消费电子,11.19,11.39,10.38,10.38,10.38,23403350,253095961.88,11.0694,-7.747,8.98,否,0.63,-13.428,5.061,2.569,2.065,否,268138566,211243864,2810092171.68,2213835694.72,75.052698,2.737958,1.868055,11.27,10.85,10.82,10.74,10.2,8.78,8.37,2016-09-08,-
2025-01-02,300543,朗科智能,消费电子,10.39,10.68,10.01,10.12,10.01,14788758,153818036.68,6.9948,-2.481,6.39,否,0.42,-11.538,-7.916,-0.784,-5.243,否,268138566,211243864,2740376144.52,2158912290.08,73.190704,2.670031,1.82171,11.04,10.84,10.79,10.74,10.21,8.81,8.37,2016-09-08,-
2025-01-03,300543,朗科智能,消费电子,10.18,10.28,9.11,9.15,9.11,19102830,183259061.98,9.043,-9.589,11.55,否,0.66,-18.667,-18.955,-11.68,-16.591,否,268138566,211243864,2477600349.84,1951893303.36,66.172563,2.414006,1.647029,10.47,10.72,10.72,10.7,10.21,8.82,8.36,2016-09-08,-
2025-01-06,300543,朗科智能,消费电子,9.08,9.39,8.69,9.26,8.69,12933972,119358153.19,6.1228,1.191,7.58,否,0.55,-10.79,-22.769,-13.458,-14.418,否,268138566,211243864,2507095592.1,1975130128.4,66.960332,2.442744,1.666637,10.03,10.58,10.65,10.68,10.22,8.84,8.36,2016-09-08,-
2025-01-07,300543,朗科智能,消费电子,9.25,9.59,9.14,9.58,9.14,10402223,99000579.86,4.9243,3.423,4.81,否,0.54,-5.336,-16.259,-3.036,-11.786,否,268138566,211243864,2592899933.22,2042728164.88,69.252022,2.526346,1.723677,9.7,10.55,10.59,10.64,10.23,8.85,8.36,2016-09-08,-
2025-01-08,300543,朗科智能,消费电子,9.52,9.59,8.97,9.41,8.97,11290200,106475436.38,5.3446,-1.758,6.41,否,0.7,2.842,-16.356,-14.377,-16.799,否,268138566,211243864,2547316377.0,2006816708.0,68.034562,2.481933,1.693374,9.5,10.39,10.52,10.62,10.23,8.87,8.36,2016-09-08,-
2025-01-09,300543,朗科智能,消费电子,9.46,9.85,9.41,9.65,9.41,12850058,126139220.34,6.083,2.526,4.74,否,0.94,4.212,-7.033,-14.526,-9.644,否,268138566,211243864,2611669632.84,2057515235.36,69.75333,2.544634,1.736154,9.41,10.22,10.45,10.58,10.24,8.88,8.36,2016-09-08,-
2025-01-10,300543,朗科智能,消费电子,9.59,9.79,9.2,9.21,9.2,9808384,94498415.3,4.6432,-4.518,6.16,否,0.74,-3.862,-8.992,-23.186,-13.44,否,268138566,211243864,2493688663.8,1964567935.2,66.602255,2.429682,1.657724,9.42,9.95,10.34,10.52,10.24,8.9,8.35,2016-09-08,-
2025-01-13,300543,朗科智能,消费电子,9.09,9.31,8.79,9.21,8.79,6968192,63818295.58,3.2986,0.0,5.59,否,0.61,-2.125,0.656,-19.493,-13.44,否,268138566,211243864,2493688663.8,1964567935.2,66.602255,2.429682,1.657724,9.41,9.72,10.25,10.47,10.23,8.92,8.35,2016-09-08,-
2025-01-14,300543,朗科智能,消费电子,9.25,9.91,9.25,9.91,9.25,10642488,103907579.82,5.038,7.634,7.2,否,1.04,2.694,7.019,-11.911,-7.21,否,268138566,211243864,2684067045.66,2114551078.64,71.686943,2.615173,1.784282,9.48,9.59,10.21,10.44,10.23,8.94,8.34,2016-09-08,-
2025-01-15,300543,朗科智能,消费电子,9.96,10.04,9.7,9.75,9.7,8246720,81738508.2,3.9039,-1.598,3.4,否,0.8,5.863,1.775,-6.069,-10.468,否,268138566,211243864,2641164875.1,2080752060.4,70.541098,2.573372,1.755762,9.55,9.53,10.19,10.39,10.23,8.97,8.34,2016-09-08,-
2025-01-16,300543,朗科智能,消费电子,9.83,10.01,9.56,9.72,9.56,6583111,65013449.58,3.1164,-0.305,4.67,否,0.68,5.537,3.294,-3.953,-12.274,否,268138566,211243864,2633120718.12,2074414744.48,70.326252,2.565535,1.750414,9.56,9.49,10.16,10.36,10.23,8.99,8.33,2016-09-08,-
2025-01-17,300543,朗科智能,消费电子,9.79,10.18,9.64,9.9,9.64,8415513,84410420.76,3.9838,1.833,5.6,否,1.0,-0.101,2.591,8.197,-13.005,否,268138566,211243864,2681385660.0,2112438640.0,71.615328,2.612561,1.782499,9.7,9.56,10.14,10.33,10.24,9.01,8.33,2016-09-08,-
2025-01-20,300543,朗科智能,消费电子,10.09,10.17,9.89,10.11,9.89,8243795,83698474.82,3.9025,2.1,2.8,否,1.01,3.692,9.772,9.179,-8.424,否,268138566,211243864,2737694758.86,2156799851.44,73.11925,2.667425,1.819932,9.88,9.65,10.11,10.31,10.24,9.04,8.33,2016-09-08,-
2025-01-21,300543,朗科智能,消费电子,10.13,10.28,9.98,10.21,9.98,6950761,71047514.73,3.2904,0.979,2.94,否,0.82,5.041,10.858,6.576,-4.846,否,268138566,211243864,2764508615.46,2177924237.84,73.835403,2.69355,1.837757,9.94,9.71,10.13,10.3,10.25,9.07,8.33,2016-09-08,-
2025-01-22,300543,朗科智能,消费电子,10.08,10.19,9.97,10.05,9.97,5389100,54784603.0,2.5511,-1.552,2.13,否,0.7,1.515,1.413,6.801,-0.692,否,268138566,211243864,2721606444.9,2144125219.6,72.689558,2.651749,1.809237,10.0,9.77,10.08,10.27,10.26,9.09,8.33,2016-09-08,-
2025-01-23,300543,朗科智能,消费电子,10.08,10.33,9.97,10.03,9.97,9515900,97943583.0,4.5047,-0.197,3.55,否,1.34,-0.791,2.872,3.938,-1.667,否,268138566,211243864,2716243673.58,2139900342.32,72.546327,2.646524,1.805672,10.06,9.81,10.02,10.23,10.26,9.12,8.33,2016-09-08,-
2025-01-24,300543,朗科智能,消费电子,10.03,10.56,10.03,10.56,10.03,15232362,159054051.2,7.2108,5.232,5.23,否,1.98,3.428,8.642,14.658,1.931,否,268138566,211243864,2858357113.56,2251859590.24,76.34194,2.78499,1.900144,10.19,9.95,9.95,10.21,10.27,9.15,8.33,2016-09-08,-
2025-01-27,300543,朗科智能,消费电子,10.59,10.66,10.16,10.2,10.16,9966023,103943236.13,4.7178,-3.377,4.69,否,1.1,1.493,3.03,10.749,-4.673,否,268138566,211243864,2761827229.8,2175811799.2,73.763788,2.690938,1.835974,10.21,10.04,9.88,10.18,10.29,9.17,8.33,2016-09-08,-
2025-02-05,300543,朗科智能,消费电子,10.54,11.01,10.41,10.73,10.41,17219549,186645949.83,8.1515,5.243,5.92,否,1.83,6.979,6.133,8.274,8.603,否,268138566,211243864,2906622055.44,2289883485.76,77.631016,2.832016,1.932229,10.31,10.13,9.86,10.18,10.31,9.2,8.34,2016-09-08,-
2025-02-06,300543,朗科智能,消费电子,10.93,11.69,10.89,11.34,10.89,28921198,332331639.15,13.6909,5.627,7.38,否,2.52,7.386,11.068,16.308,3.185,否,268138566,211243864,3070186580.7,2418742242.8,81.999551,2.991382,2.040962,10.57,10.29,9.91,10.22,10.34,9.24,8.34,2016-09-08,-
2025-02-07,300543,朗科智能,消费电子,11.2,11.27,10.9,11.04,10.9,25827321,289801500.3,12.2263,-2.62,3.23,否,1.6,8.235,9.851,13.58,-2.214,否,268138566,211243864,2989745010.9,2355369083.6,79.851091,2.913005,1.987487,10.77,10.42,9.95,10.25,10.36,9.28,8.35,2016-09-08,-
2025-02-10,300543,朗科智能,消费电子,11.1,11.22,10.92,11.1,10.92,14433258,160869878.24,6.8325,0.538,2.69,否,0.74,3.448,10.668,12.121,-7.423,否,268138566,211243864,3005833324.86,2368043715.44,80.280783,2.928681,1.998182,10.88,10.54,10.05,10.27,10.38,9.31,8.36,2016-09-08,-
2025-02-11,300543,朗科智能,消费电子,11.07,11.24,11.01,11.14,11.01,13362923,150153765.53,6.3258,0.357,2.05,否,0.69,-1.764,5.492,10.188,-2.622,否,268138566,211243864,3016558867.5,2376493470.0,80.567244,2.939131,2.005312,11.07,10.64,10.14,10.29,10.4,9.35,8.37,2016-09-08,-
2025-02-12,300543,朗科智能,消费电子,11.14,11.21,11.0,11.15,11.0,11744852,131937913.3,5.5599,0.089,1.87,否,0.59,0.996,9.314,9.207,-0.889,否,268138566,211243864,3019240253.16,2378605908.64,80.638859,2.941744,2.007094,11.15,10.73,10.22,10.33,10.41,9.38,8.38,2016-09-08,-
2025-02-13,300543,朗科智能,消费电子,11.19,11.19,10.84,10.9,10.84,9956966,110221525.88,4.7135,-2.22,3.11,否,0.53,-1.802,1.584,8.458,5.01,否,268138566,211243864,2952205611.66,2325794942.64,78.848476,2.87643,1.962532,11.07,10.82,10.3,10.33,10.42,9.42,8.39,2016-09-08,-
2025-02-14,300543,朗科智能,消费电子,10.89,10.9,10.71,10.77,10.71,9485769,103409023.06,4.4904,-1.181,1.82,否,0.63,-3.321,-5.026,7.378,6.423,否,268138566,211243864,2917347598.08,2298333240.32,77.917477,2.842466,1.939359,11.01,10.89,10.35,10.31,10.42,9.45,8.39,2016-09-08,-
2025-02-17,300543,朗科智能,消费电子,10.77,11.34,10.77,11.33,10.77,16520249,185167100.64,7.8205,5.147,5.24,否,1.4,1.614,2.627,7.292,23.825,否,268138566,211243864,3067505195.04,2416629804.16,81.927935,2.98877,2.039179,11.06,10.97,10.46,10.29,10.45,9.49,8.4,2016-09-08,-
2025-02-18,300543,朗科智能,消费电子,11.35,11.52,10.97,11.08,10.97,18530565,210449974.03,8.7721,-2.185,4.81,否,1.52,1.651,-0.18,8.627,19.654,否,268138566,211243864,3000470553.54,2363818838.16,80.137552,2.923456,1.994617,11.05,11.06,10.55,10.27,10.47,9.52,8.42,2016-09-08,-
2025-02-19,300543,朗科智能,消费电子,10.99,11.72,10.91,11.61,10.91,26997160,313897788.76,12.7801,4.736,7.24,否,2.04,7.799,4.219,8.201,21.19,否,268138566,211243864,3142583993.52,2475778086.08,83.933165,3.061921,2.089089,11.14,11.15,10.64,10.29,10.5,9.56,8.43,2016-09-08,-
2025-02-20,300543,朗科智能,消费电子,11.69,13.92,11.54,13.92,11.54,67888208,889834725.1,32.1374,19.966,20.56,否,4.17,22.86,24.843,22.751,47.928,是,268138566,211243864,3770028237.96,2970088727.84,100.691151,3.673261,2.506194,11.74,11.4,10.84,10.4,10.57,9.61,8.46,2016-09-08,-
2025-02-21,300543,朗科智能,消费电子,13.78,14.2,13.13,13.45,13.13,67756975,923482605.88,32.0752,-3.414,7.68,否,2.43,21.39,23.394,21.83,39.378,否,268138566,211243864,3641321726.28,2868691673.12,97.253616,3.547858,2.420634,12.28,11.65,11.03,10.52,10.63,9.66,8.48,2016-09-08,-
2025-02-24,300543,朗科智能,消费电子,13.27,13.46,12.58,12.88,12.58,44084561,569618769.05,20.869,-4.197,6.55,否,1.11,10.939,19.591,16.036,39.848,否,268138566,211243864,3488482743.66,2748282670.64,93.171542,3.398942,2.319032,12.59,11.82,11.18,10.64,10.67,9.71,8.51,2016-09-08,-
2025-02-25,300543,朗科智能,消费电子,13.27,13.75,13.07,13.31,13.07,53201627,718995853.83,25.1849,3.305,5.23,否,1.18,-4.382,17.476,19.479,44.517,否,268138566,211243864,3603782327.04,2839117532.16,96.251001,3.511282,2.395679,13.03,12.04,11.34,10.78,10.73,9.75,8.54,2016-09-08,-
2025-02-26,300543,朗科智能,消费电子,13.04,14.61,12.75,14.61,12.75,60803402,835005657.05,28.7835,9.747,13.99,否,1.17,8.625,31.859,31.031,47.427,否,268138566,211243864,3955043848.5,3115846994.0,105.632609,3.853527,2.629187,13.63,12.39,11.56,10.94,10.79,9.81,8.57,2016-09-08,-
2025-02-27,300543,朗科智能,消费电子,14.16,14.18,13.17,13.37,13.17,38735761,534175991.47,18.337,-8.475,6.92,否,0.66,3.804,15.159,22.661,37.128,否,268138566,211243864,3619870641.0,2851792164.0,96.680693,3.526957,2.406374,13.52,12.63,11.73,11.07,10.85,9.87,8.6,2016-09-08,-
2025-02-28,300543,朗科智能,消费电子,13.25,13.42,12.33,12.43,12.33,25246112,326734653.07,11.9512,-7.037,8.15,否,0.48,-6.612,-10.704,15.413,27.881,否,268138566,211243864,3365139003.3,2651110493.2,89.877237,3.278764,2.237037,13.32,12.8,11.85,11.17,10.88,9.91,8.63,2016-09-08,-
2025-03-03,300543,朗科智能,消费电子,12.5,12.77,12.18,12.37,12.18,15287331,192392249.05,7.2368,-0.478,4.78,否,0.34,-15.332,-8.03,9.179,24.949,否,268138566,211243864,3349050689.34,2638435861.36,89.447545,3.263089,2.226342,13.22,12.9,11.94,11.27,10.9,9.96,8.65,2016-09-08,-
2025-03-04,300543,朗科智能,消费电子,12.26,12.65,12.21,12.59,12.21,13486030,170408279.15,6.3841,1.761,3.52,否,0.35,-5.834,-2.252,13.628,24.53,否,268138566,211243864,3408041173.86,2684909511.44,91.023082,3.320565,2.265557,13.07,13.05,12.06,11.39,10.93,10.0,8.68,2016-09-08,-
2025-03-05,300543,朗科智能,消费电子,12.58,13.72,12.39,13.55,12.39,33301196,442184046.57,15.7643,7.632,10.54,否,1.08,9.01,1.803,16.71,32.713,否,268138566,211243864,3668135582.88,2889816059.52,97.969769,3.573983,2.438459,12.86,13.25,12.2,11.51,10.97,10.06,8.71,2016-09-08,-
2025-03-06,300543,朗科智能,消费电子,13.54,15.81,13.37,14.76,13.37,55470076,799965606.9,26.2588,8.918,18.06,否,2.2,19.321,1.027,6.034,46.866,否,268138566,211243864,3995264633.4,3147533573.6,106.706839,3.892716,2.655924,13.14,13.33,12.37,11.67,11.03,10.11,8.74,2016-09-08,-
2025-03-07,300543,朗科智能,消费电子,14.46,15.27,14.31,14.71,14.31,42926480,637863788.56,20.3208,-0.336,6.51,否,1.5,16.839,10.022,9.368,46.66,否,268138566,211243864,3981857705.1,3136971380.4,106.348762,3.879653,2.647012,13.6,13.46,12.55,11.84,11.1,10.17,8.77,2016-09-08,-
2025-03-10,300543,朗科智能,消费电子,14.46,14.66,13.67,13.7,13.67,28700172,403425039.87,13.5863,-6.869,6.73,否,0.89,1.107,10.217,6.366,29.735,否,268138566,211243864,3708356367.78,2921502639.12,99.043999,3.613172,2.465197,13.86,13.54,12.68,11.97,11.15,10.22,8.79,2016-09-08,-
2025-03-11,300543,朗科智能,消费电子,13.62,13.87,13.31,13.6,13.31,19835694,271028323.66,9.39,-0.723,4.12,否,0.57,-7.859,9.943,2.179,33.333,否,268138566,211243864,3681542511.18,2900378252.72,98.327845,3.587046,2.447372,14.06,13.57,12.8,12.08,11.2,10.27,8.81,2016-09-08,-
2025-03-12,300543,朗科智能,消费电子,13.84,14.19,13.68,13.76,13.68,24583135,345138042.98,11.6373,1.165,3.79,否,0.68,-6.458,9.293,-5.818,28.239,否,268138566,211243864,3724444681.74,2934177270.96,99.473691,3.628847,2.475892,14.11,13.48,12.94,12.2,11.25,10.32,8.84,2016-09-08,-
2025-03-13,300543,朗科智能,消费电子,13.81,13.95,12.94,13.23,12.94,20451869,274213298.06,9.6816,-3.816,7.34,否,0.6,-3.431,-2.362,-1.047,16.667,否,268138566,211243864,3582331241.76,2822218023.04,95.678078,3.490381,2.381419,13.8,13.47,13.05,12.31,11.29,10.37,8.87,2016-09-08,-
2025-03-14,300543,朗科智能,消费电子,13.18,14.05,13.05,13.92,13.05,25806522,355662565.91,12.2165,5.24,7.56,否,0.95,2.353,-5.691,11.987,26.087,否,268138566,211243864,3770028237.96,2970088727.84,100.691151,3.673261,2.506194,13.64,13.62,13.21,12.44,11.34,10.43,8.89,2016-09-08,-
2025-03-17,300543,朗科智能,消费电子,13.77,13.98,13.53,13.68,13.53,17413017,240584838.98,8.2431,-1.778,3.27,否,0.73,-0.581,-7.002,10.59,23.243,否,268138566,211243864,3702993596.46,2917277761.84,98.900768,3.607947,2.461632,13.64,13.75,13.33,12.54,11.37,10.48,8.92,2016-09-08,-
2025-03-18,300543,朗科智能,消费电子,13.67,14.01,13.47,13.94,13.47,22301008,309775404.1,10.557,1.955,3.98,否,1.03,5.367,1.752,10.723,25.135,否,278902197,222007495,3926942933.76,3125865529.6,100.834382,3.678486,2.509759,13.71,13.89,13.47,12.67,11.42,10.53,8.94,2016-09-08,-
2025-03-19,300543,朗科智能,消费电子,13.66,13.8,13.2,13.26,13.2,25451576,345360135.33,12.0484,-4.901,4.33,否,1.15,-4.741,-2.5,-2.14,18.924,否,278902197,222007495,3734500417.83,2972680358.05,95.892924,3.498219,2.386767,13.61,13.86,13.55,12.75,11.46,10.58,8.96,2016-09-08,-
2025-03-20,300543,朗科智能,消费电子,13.01,13.22,12.83,12.84,12.83,25151549,329481107.54,11.3291,-3.137,2.91,否,1.13,-6.14,-6.686,-13.008,17.798,否,290022246,233127544,3761588530.62,3023664245.68,96.613678,3.524512,2.404706,13.53,13.66,13.5,12.8,11.51,10.63,8.99,2016-09-08,-
2025-03-21,300543,朗科智能,消费电子,12.68,12.75,12.15,12.21,12.15,20754359,258709887.05,9.3485,-4.935,4.7,否,0.89,-12.41,-7.71,-16.995,13.37,否,290022246,233127544,3575974293.18,2874462617.52,91.846311,3.350597,2.286047,13.19,13.41,13.44,12.84,11.54,10.67,9.0,2016-09-08,-
2025-03-24,300543,朗科智能,消费电子,12.21,12.23,11.4,11.81,11.4,18758865,223372125.73,8.0466,-3.244,6.81,否,0.84,-10.935,-15.158,-13.796,4.237,否,290022246,233127544,3459965394.78,2781211599.92,92.409891,3.371156,2.300074,12.81,13.23,13.38,12.86,11.57,10.7,9.02,2016-09-08,-
2025-03-25,300543,朗科智能,消费电子,11.73,11.83,11.5,11.7,11.5,11783335,138896787.24,5.0545,-1.006,2.85,否,0.52,-8.879,-14.474,-13.971,5.596,否,290022246,233127544,3425162725.26,2753236294.64,91.48037,3.337247,2.276939,12.36,13.04,13.3,12.88,11.58,10.74,9.04,2016-09-08,-
2025-03-26,300543,朗科智能,消费电子,11.68,12.18,11.64,12.03,11.64,17749997,214015184.06,7.6139,2.879,4.66,否,0.87,-1.474,-13.702,-12.573,3.618,否,295635107,238740405,3591966550.05,2900695920.75,94.114013,3.433323,2.34249,12.12,12.86,13.17,12.91,11.62,10.78,9.05,2016-09-08,-
2025-03-27,300543,朗科智能,消费电子,11.96,12.03,11.61,11.75,11.61,14467753,172127702.71,6.2059,-2.305,3.54,否,0.77,-0.508,-11.388,-11.187,-15.589,否,295635107,238740405,3509188720.09,2833848607.35,91.945131,3.354202,2.288506,11.9,12.71,13.09,12.94,11.63,10.81,9.07,2016-09-08,-
2025-03-28,300543,朗科智能,消费电子,11.69,11.87,11.47,11.53,11.47,11336028,133392676.87,4.7483,-1.938,3.45,否,0.68,-1.453,-10.202,-17.17,-14.275,否,295635107,238740405,3441192645.48,2778938314.2,91.908502,3.352865,2.287595,11.76,12.48,13.05,12.96,11.64,10.84,9.09,2016-09-08,-
2025-03-31,300543,朗科智能,消费电子,11.34,11.42,10.99,11.38,10.99,12545314,141794730.0,5.2548,-1.289,3.69,否,0.85,-5.403,-6.798,-16.813,-11.646,否,299961497,243066795,3446557600.53,2792837474.55,90.724114,3.309658,2.258115,11.68,12.25,13.0,12.97,11.63,10.87,9.1,2016-09-08,-
2025-04-01,300543,朗科智能,消费电子,11.47,11.57,11.21,11.22,11.21,8971598,103019364.26,3.7579,-1.393,3.13,否,0.66,-4.511,-4.996,-19.512,-15.702,否,299961497,243066795,3398563761.01,2753946787.35,89.460767,3.263571,2.226671,11.58,11.97,12.93,12.97,11.62,10.9,9.11,2016-09-08,-
2025-04-02,300543,朗科智能,消费电子,11.2,11.56,11.16,11.39,11.16,10133095,116651146.39,4.2444,1.5,3.53,否,0.78,-1.214,-2.65,-14.103,-22.04,否,305855178,248960476,3517334547.0,2863045474.0,90.803074,3.312539,2.260081,11.45,11.79,12.82,12.96,11.63,10.91,9.12,2016-09-08,-
2025-04-03,300543,朗科智能,消费电子,11.19,11.4,10.97,11.1,10.97,8669322,97863992.17,3.5666,-2.522,3.74,否,0.75,-2.46,-7.731,-13.551,-16.978,否,305855178,248960476,3428636545.38,2790846935.96,89.80858,3.276259,2.235328,11.32,11.61,12.64,12.87,11.64,10.92,9.13,2016-09-08,-
2025-04-07,300543,朗科智能,消费电子,10.1,10.4,8.88,8.88,8.88,19690899,185239360.3,7.9092,-19.982,13.65,否,1.91,-20.856,-24.426,-27.273,-28.56,否,305855178,248960476,2743520946.66,2233175469.72,73.274858,2.673101,1.823805,10.79,11.28,12.35,12.72,11.62,10.91,9.14,2016-09-08,-
2025-04-08,300543,朗科智能,消费电子,9.01,9.5,8.69,9.0,8.69,16632553,151606410.2,6.6808,1.338,9.03,否,1.39,-20.983,-21.943,-23.793,-27.243,否,305855178,248960476,2780223568.02,2263050726.84,74.255123,2.708862,1.848204,10.32,11.0,12.11,12.59,11.61,10.91,9.14,2016-09-08,-
2025-04-09,300543,朗科智能,消费电子,8.7,9.32,8.0,9.22,8.0,19905546,176132966.67,7.9955,2.42,14.63,否,1.55,-16.937,-18.981,-21.197,-26.767,否,306371334,249476632,2852317119.54,2322627443.92,76.052277,2.774423,1.892935,9.92,10.75,11.89,12.45,11.61,10.92,9.15,2016-09-08,-
2025-04-10,300543,朗科智能,消费电子,9.71,10.01,9.61,9.61,9.61,20177757,199524464.9,8.1048,4.189,4.4,否,1.34,8.221,-14.349,-20.116,-29.077,否,306371334,249476632,2971801939.8,2419923330.4,79.23814,2.890645,1.97223,9.56,10.51,11.69,12.28,11.61,10.92,9.15,2016-09-08,-
2025-04-11,300543,朗科智能,消费电子,9.5,9.79,9.5,9.65,9.5,11434009,111632307.55,4.5927,0.412,3.09,否,0.67,7.222,-15.277,-17.872,-34.621,否,306371334,249476632,2984056793.16,2429902395.68,79.564896,2.902565,1.980363,9.27,10.3,11.51,12.16,11.62,10.93,9.16,2016-09-08,-
2025-04-14,300543,朗科智能,消费电子,9.93,10.11,9.81,9.85,9.81,12258307,123363349.8,4.9238,2.156,3.08,否,0.7,6.833,-11.261,-14.571,-33.039,否,306371334,249476632,3048394773.3,2482292488.4,81.280361,2.965146,2.023061,9.47,10.13,11.3,12.07,11.62,10.93,9.17,2016-09-08,-
2025-04-15,300543,朗科智能,消费电子,9.8,9.99,9.75,9.89,9.75,9490303,94588060.38,3.812,0.402,2.41,否,0.59,2.914,11.374,-13.093,-27.81,否,306371334,249476632,3060649626.66,2492271553.68,81.607116,2.977066,2.031194,9.64,9.98,11.11,11.99,11.63,10.94,9.18,2016-09-08,-
2025-04-16,300543,朗科智能,消费电子,9.83,9.92,9.41,9.62,9.41,8937028,87015335.74,3.5823,-2.803,5.21,否,0.61,-0.311,6.889,-14.26,-29.265,否,306371334,249476632,2974865653.14,2422418096.72,79.453688,2.898508,1.977595,9.72,9.82,10.9,11.89,11.64,10.94,9.18,2016-09-08,-
2025-04-17,300543,朗科智能,消费电子,9.59,9.88,9.54,9.69,9.54,8154072,80278777.77,3.2685,0.824,3.6,否,0.65,-1.624,5.098,-14.925,-29.578,否,306371334,249476632,2999375359.86,2442376227.28,80.108301,2.922389,1.993889,9.74,9.65,10.72,11.76,11.64,10.93,9.19,2016-09-08,-
2025-04-18,300543,朗科智能,消费电子,9.71,9.85,9.59,9.78,9.59,6906053,67854767.19,2.7682,0.919,2.76,否,0.69,-1.112,1.769,-11.892,-26.077,否,306371334,249476632,3026948779.92,2464829124.16,80.844741,2.949254,2.012219,9.77,9.52,10.57,11.6,11.64,10.93,9.2,2016-09-08,-
2025-04-21,300543,朗科智能,消费电子,9.8,10.09,9.69,10.08,9.69,9271049,93305477.0,3.7162,3.036,4.05,否,1.01,4.782,4.456,13.514,-27.586,否,306371334,249476632,3118860180.12,2539672113.76,83.299541,3.038806,2.073318,9.81,9.64,10.46,11.44,11.64,10.94,9.21,2016-09-08,-
2025-04-22,300543,朗科智能,消费电子,10.03,10.11,9.96,10.0,9.96,6932114,70175131.86,2.7787,-0.786,1.47,否,0.81,3.199,1.523,11.111,-26.901,否,306371334,249476632,3094350473.4,2519713983.2,82.644928,3.014926,2.057025,9.83,9.74,10.37,11.32,11.64,10.94,9.22,2016-09-08,-
2025-04-23,300543,朗科智能,消费电子,10.06,10.33,9.99,10.29,9.99,10294480,106295311.58,4.1264,2.871,3.37,否,1.28,5.215,4.044,11.605,-26.184,否,306371334,249476632,3183198160.26,2592062206.48,85.017901,3.101493,2.116088,9.97,9.85,10.3,11.21,11.65,10.94,9.23,2016-09-08,-
2025-04-24,300543,朗科智能,消费电子,10.21,10.28,9.95,10.08,9.95,10344295,105643621.06,4.1464,-2.021,3.18,否,1.24,0.0,4.782,4.891,-23.982,否,306371334,249476632,3118860180.12,2539672113.76,83.299541,3.038806,2.073318,10.05,9.89,10.2,11.09,11.64,10.95,9.24,2016-09-08,-
2025-04-25,300543,朗科智能,消费电子,10.06,10.25,9.99,10.05,9.99,9772183,99522729.15,3.9171,-0.295,2.55,否,1.12,0.5,3.715,4.145,-21.729,否,306371334,249476632,3109669040.1,2532187814.8,58.729441,2.208862,1.867064,10.1,9.93,10.12,10.98,11.64,10.95,9.25,2016-09-08,-
2025-04-28,300543,朗科智能,消费电子,10.05,10.08,9.81,9.92,9.81,7194784,71985653.31,2.884,-1.281,2.66,否,0.77,-3.596,1.431,0.711,-18.755,否,306371334,249476632,3069840766.68,2499755852.64,57.977241,2.180572,1.843151,10.07,9.94,10.04,10.85,11.64,10.95,9.27,2016-09-08,-
2025-04-29,300543,朗科智能,消费电子,9.87,10.19,9.79,10.06,9.79,7495849,76329224.4,3.0046,1.397,3.99,否,0.84,-0.198,-0.198,1.719,-14.818,否,306371334,249476632,3112732753.44,2534682581.12,58.787303,2.211039,1.868903,10.08,9.96,9.97,10.73,11.63,10.95,9.28,2016-09-08,-
2025-04-30,300543,朗科智能,消费电子,10.23,10.42,10.15,10.28,10.15,10136654,105457935.88,4.0632,2.165,2.66,否,1.12,2.289,2.8,6.861,-12.137,否,306371334,249476632,3180134446.92,2589567440.16,60.060256,2.258915,1.909371,10.08,10.02,9.92,10.61,11.64,10.96,9.29,2016-09-08,-
2025-05-06,300543,朗科智能,消费电子,10.37,10.69,10.37,10.67,10.37,10345251,110042728.13,4.1468,3.757,3.08,否,1.15,7.56,3.693,10.114,-11.305,否,306371334,249476632,3299619267.18,2686863326.64,62.316855,2.343788,1.981111,10.2,10.12,9.89,10.52,11.63,10.97,9.31,2016-09-08,-
2025-05-07,300543,朗科智能,消费电子,10.75,10.87,10.51,10.68,10.51,13037076,141095149.61,5.2258,0.093,3.44,否,1.45,6.163,5.952,9.202,-9.106,否,306371334,249476632,3302682980.52,2689358092.96,62.374717,2.345964,1.98295,10.32,10.21,9.87,10.45,11.62,10.98,9.33,2016-09-08,-
2025-05-08,300543,朗科智能,消费电子,10.46,10.84,10.41,10.75,10.41,17062266,183841895.37,6.8392,0.742,4.08,否,1.77,4.572,6.965,6.647,-6.765,否,306371334,249476632,3327192687.24,2709316223.52,62.837609,2.363374,1.997666,10.49,10.28,9.96,10.4,11.62,10.99,9.34,2016-09-08,-
2025-05-09,300543,朗科智能,消费电子,10.79,10.82,10.44,10.6,10.44,16539112,176648085.8,6.6295,-1.473,3.59,否,1.42,-0.656,6.855,6.0,-6.854,否,306371334,249476632,3278173273.8,2669399962.4,61.911825,2.328555,1.968235,10.6,10.34,10.04,10.36,11.61,10.99,9.36,2016-09-08,-
2025-05-12,300543,朗科智能,消费电子,10.68,10.8,10.63,10.78,10.63,14304585,155117042.06,5.7338,1.776,1.68,否,1.07,0.936,7.157,4.762,-3.922,否,306371334,249476632,3336383827.26,2716800522.48,63.011194,2.369903,2.003185,10.7,10.39,10.12,10.33,11.6,11.0,9.37,2016-09-08,-
2025-05-13,300543,朗科智能,消费电子,10.98,10.98,10.61,10.64,10.61,10020363,108744232.25,4.0166,-1.377,3.49,否,0.7,-1.023,3.502,5.556,-6.585,否,306371334,249476632,3290428127.16,2679379027.68,62.143271,2.337259,1.975592,10.69,10.44,10.17,10.28,11.6,11.0,9.38,2016-09-08,-
2025-05-14,300543,朗科智能,消费电子,10.7,10.71,10.48,10.53,10.48,9876840,105356883.29,3.959,-1.024,2.14,否,0.7,-0.66,-1.312,4.776,-5.135,否,306371334,249476632,3256727280.42,2651936598.16,61.506794,2.313321,1.955358,10.66,10.49,10.21,10.24,11.59,11.0,9.39,2016-09-08,-
2025-05-15,300543,朗科智能,消费电子,10.53,10.57,10.35,10.39,10.35,6573208,69062413.38,2.6348,-1.317,2.07,否,0.48,-3.618,-2.715,4.738,17.005,否,306371334,249476632,3213835293.66,2617009869.68,60.696733,2.282854,1.929606,10.59,10.54,10.24,10.2,11.58,11.0,9.4,2016-09-08,-
2025-05-16,300543,朗科智能,消费电子,10.4,10.68,10.33,10.46,10.33,7018400,74570856.98,2.8132,0.667,3.34,否,0.61,-1.692,-2.698,3.976,16.222,否,306371334,249476632,3235281287.04,2634473233.92,61.101763,2.298087,1.942482,10.56,10.58,10.27,10.17,11.57,11.01,9.42,2016-09-08,-
2025-05-19,300543,朗科智能,消费电子,10.51,10.58,10.27,10.55,10.27,7085929,74574797.93,2.8403,0.852,2.94,否,0.74,0.19,-0.472,2.626,14.425,否,306371334,249476632,3262854707.1,2656926130.8,61.622517,2.317673,1.959037,10.51,10.61,10.31,10.15,11.56,11.01,9.43,2016-09-08,-
2025-05-20,300543,朗科智能,消费电子,10.49,10.74,10.39,10.62,10.39,9533952,102155852.38,3.8216,0.657,3.38,否,1.17,2.214,-1.484,-0.469,10.51,否,306371334,249476632,3284300700.48,2674389495.04,62.027548,2.332907,1.971914,10.51,10.6,10.36,10.12,11.54,11.02,9.44,2016-09-08,-
2025-05-21,300543,朗科智能,消费电子,10.58,10.65,10.36,10.42,10.36,8998163,94876779.4,3.6068,-1.866,2.71,否,1.12,-0.382,-2.068,-2.434,7.979,否,306371334,249476632,3223026433.68,2624494168.64,60.870317,2.289383,1.935124,10.49,10.57,10.39,10.1,11.49,11.03,9.45,2016-09-08,-
2025-05-22,300543,朗科智能,消费电子,10.4,10.59,10.19,10.2,10.19,8447599,88156063.65,3.3861,-2.091,3.8,否,1.08,-3.318,-3.134,-5.116,3.553,否,306371334,249476632,3155624740.2,2569609309.6,59.597364,2.241506,1.894656,10.45,10.52,10.4,10.15,11.43,11.03,9.46,2016-09-08,-
2025-05-23,300543,朗科智能,消费电子,10.21,10.3,9.91,9.96,9.91,8822179,89973732.42,3.5363,-2.33,3.79,否,1.07,-6.215,-4.139,-6.038,0.708,否,306371334,249476632,3082095620.04,2509734917.92,58.208688,2.189276,1.850508,10.35,10.46,10.4,10.18,11.38,11.03,9.47,2016-09-08,-
2025-05-26,300543,朗科智能,消费电子,9.96,10.13,9.93,10.09,9.93,6786661,68977855.07,2.7204,1.292,1.99,否,0.79,-3.167,-3.537,-6.401,4.886,否,306371334,249476632,3121923893.46,2542166880.08,58.960887,2.217567,1.874422,10.26,10.39,10.39,10.21,11.33,11.03,9.48,2016-09-08,-
2025-05-27,300543,朗科智能,消费电子,10.11,10.11,9.89,10.0,9.89,5812776,58597298.08,2.33,-0.883,2.16,否,0.68,-1.961,-5.213,-6.015,3.199,否,306371334,249476632,3094350473.4,2519713983.2,58.440134,2.197981,1.857866,10.13,10.32,10.38,10.22,11.25,11.02,9.49,2016-09-08,-
2025-05-28,300543,朗科智能,消费电子,10.02,10.11,9.84,9.88,9.84,5138372,51564810.69,2.0597,-1.188,2.67,否,0.66,-0.803,-6.968,-6.173,1.022,否,306371334,249476632,3057585913.32,2489776787.36,57.745795,2.171867,1.835793,10.03,10.26,10.37,10.23,11.19,11.02,9.5,2016-09-08,-
2025-05-29,300543,朗科智能,消费电子,9.89,10.2,9.89,10.17,9.89,7802263,79623432.58,3.1275,2.906,3.11,否,1.11,0.793,-2.399,-2.117,0.893,否,306371334,249476632,3146433600.18,2562125010.64,59.423779,2.234977,1.889137,10.02,10.24,10.39,10.24,11.16,11.02,9.51,2016-09-08,-
2025-05-30,300543,朗科智能,消费电子,10.2,10.39,9.91,9.94,9.91,10436427,105881096.34,4.1833,-2.24,4.67,否,1.52,-0.6,-2.549,-4.971,-0.6,否,306371334,249476632,3075968193.36,2504745385.28,58.092965,2.184924,1.846829,10.02,10.18,10.38,10.24,11.12,11.01,9.52,2016-09-08,-
2025-06-03,300543,朗科智能,消费电子,9.82,10.0,9.8,9.94,9.8,5421552,54438238.95,2.1732,0.0,1.99,否,0.75,0.607,-0.201,-5.782,-3.401,否,306371334,249476632,3075968193.36,2504745385.28,58.092965,2.184924,1.846829,9.99,10.12,10.36,10.25,11.07,11.0,9.52,2016-09-08,-
2025-06-04,300543,朗科智能,消费电子,9.94,10.09,9.92,10.0,9.92,5383588,54497926.73,2.158,0.598,1.69,否,0.78,-1.672,-0.892,-5.838,-0.794,否,306371334,249476632,3094350473.4,2519713983.2,58.440134,2.197981,1.857866,9.99,10.06,10.33,10.26,11.01,10.99,9.53,2016-09-08,-
2025-06-05,300543,朗科智能,消费电子,10.02,10.24,9.91,10.2,9.91,7581001,77243543.61,3.0388,1.98,3.27,否,1.11,2.616,2.0,-2.111,1.493,否,306371334,249476632,3155624740.2,2569609309.6,59.597364,2.241506,1.894656,10.05,10.04,10.31,10.27,10.94,10.98,9.54,2016-09-08,-
2025-06-06,300543,朗科智能,消费电子,10.22,10.27,10.11,10.19,10.11,5362063,54524311.73,2.1493,-0.098,1.57,否,0.73,2.515,3.138,-0.098,2.722,否,306371334,249476632,3121923893.46,2542166880.08,58.960887,2.217567,1.874422,10.05,10.04,10.28,10.28,10.86,10.98,9.55,2016-09-08,-
2025-06-09,300543,朗科智能,消费电子,10.2,10.33,10.2,10.32,10.2,5267297,54188671.02,2.1113,1.276,1.28,否,0.77,3.2,1.475,3.614,2.584,否,306371334,249476632,3161752166.88,2574598842.24,59.713087,2.245858,1.898335,10.13,10.07,10.26,10.29,10.8,10.98,9.56,2016-09-08,-
2025-06-10,300543,朗科智能,消费电子,10.35,10.35,10.0,10.14,10.0,6802984,69185630.44,2.7269,-1.744,3.39,否,1.17,-0.588,2.012,0.496,-1.362,否,306371334,249476632,3106605326.76,2529693048.48,58.67158,2.206686,1.865224,10.17,10.08,10.23,10.28,10.75,10.97,9.57,2016-09-08,-
2025-06-11,300543,朗科智能,消费电子,10.19,10.39,10.19,10.26,10.19,7058939,72639535.34,2.8295,1.183,1.97,否,1.16,0.687,3.219,2.6,-3.843,否,306371334,249476632,3143369886.84,2559630244.32,59.365918,2.232801,1.887298,10.22,10.1,10.21,10.29,10.69,10.97,9.58,2016-09-08,-
2025-06-12,300543,朗科智能,消费电子,10.23,10.33,10.18,10.3,10.18,5394672,55377751.92,2.1624,0.39,1.46,否,0.84,-0.194,3.0,4.251,-3.558,否,306371334,249476632,3155624740.2,2569609309.6,59.597364,2.241506,1.894656,10.24,10.15,10.2,10.3,10.64,10.96,9.59,2016-09-08,-
2025-06-13,300543,朗科智能,消费电子,10.21,10.25,10.05,10.07,10.05,6976021,70711498.35,2.7963,-2.233,1.94,否,1.17,-0.69,-1.275,-0.983,-6.326,否,306371334,249476632,3085159333.38,2512229684.24,58.266549,2.191453,1.852348,10.22,10.14,10.19,10.3,10.58,10.96,9.6,2016-09-08,-
2025-06-16,300543,朗科智能,消费电子,10.05,10.24,10.05,10.16,10.05,4242481,43152408.32,1.7006,0.894,1.89,否,0.67,-0.975,-0.294,2.213,-4.151,否,306371334,249476632,3112732753.44,2534682581.12,58.787303,2.211039,1.868903,10.19,10.16,10.17,10.31,10.52,10.95,9.61,2016-09-08,-
2025-06-17,300543,朗科智能,消费电子,10.16,10.3,10.07,10.17,10.07,6217164,63315636.14,2.4921,0.098,2.26,否,1.02,-1.262,-1.453,2.314,-5.659,否,306371334,249476632,3115796466.78,2537177347.44,58.845164,2.213215,1.870743,10.19,10.18,10.15,10.3,10.45,10.94,9.62,2016-09-08,-
2025-06-18,300543,朗科智能,消费电子,10.12,10.3,10.1,10.28,10.1,6952270,71034871.33,2.7867,1.082,1.97,否,1.16,2.085,1.381,2.8,-3.383,否,306371334,249476632,3149497313.52,2564619776.96,59.481641,2.237153,1.890977,10.2,10.21,10.13,10.29,10.4,10.93,9.63,2016-09-08,-
2025-06-19,300543,朗科智能,消费电子,10.25,10.3,9.97,10.0,9.97,8305741,83994616.79,3.3293,-2.724,3.21,否,1.39,-1.575,-2.534,-1.961,-5.033,否,306371334,249476632,3063713340.0,2494766320.0,57.861518,2.176219,1.839472,10.14,10.19,10.11,10.27,10.36,10.93,9.64,2016-09-08,-
2025-06-20,300543,朗科智能,消费电子,10.0,10.22,9.98,9.98,9.98,8060803,81357743.0,3.2311,-0.2,2.4,否,1.23,-1.868,-3.107,-2.061,-3.946,否,306371334,249476632,3057585913.32,2489776787.36,57.745795,2.171867,1.835793,10.12,10.17,10.1,10.24,10.32,10.93,9.65,2016-09-08,-
2025-06-23,300543,朗科智能,消费电子,9.9,10.22,9.88,10.21,9.88,8668184,87828683.09,3.4745,2.305,3.41,否,1.28,-0.681,1.39,-1.066,-2.39,否,306371334,249476632,3128051320.14,2547156412.72,59.07661,2.22192,1.8781,10.13,10.16,10.12,10.23,10.29,10.93,9.66,2016-09-08,-
2025-06-24,300543,朗科智能,消费电子,10.25,10.55,10.22,10.54,10.22,11091135,115814618.34,4.4458,3.232,3.23,否,1.45,5.4,3.74,3.945,-0.095,否,306371334,249476632,3229153860.36,2629483701.28,60.98604,2.293735,1.938803,10.2,10.2,10.14,10.22,10.27,10.93,9.68,2016-09-08,-
2025-06-25,300543,朗科智能,消费电子,10.54,10.59,10.42,10.57,10.42,8755239,92015624.15,3.5094,0.285,1.61,否,1.02,5.912,3.933,3.021,-0.471,否,306371334,249476632,3238345000.38,2636968000.24,61.159625,2.300264,1.944321,10.26,10.23,10.17,10.22,10.25,10.93,9.69,2016-09-08,-
2025-06-26,300543,朗科智能,消费电子,10.6,10.64,10.45,10.47,10.45,8140881,85908837.97,3.2632,-0.946,1.8,否,0.91,2.547,1.848,1.65,0.48,否,306371334,249476632,3207707866.98,2612020337.04,60.58101,2.278501,1.925927,10.35,10.25,10.2,10.22,10.23,10.93,9.7,2016-09-08,-
2025-06-27,300543,朗科智能,消费电子,10.52,10.58,10.46,10.57,10.46,7380118,77790988.13,2.9582,0.955,1.15,否,0.83,0.285,5.7,4.965,3.627,否,306371334,249476632,3238345000.38,2636968000.24,61.159625,2.300264,1.944321,10.47,10.3,10.22,10.22,10.21,10.92,9.71,2016-09-08,-
2025-06-30,300543,朗科智能,消费电子,10.59,10.8,10.55,10.75,10.55,11373803,121782470.41,4.5591,1.703,2.37,否,1.29,1.703,7.715,5.807,7.932,否,306371334,250198808,3293491840.5,2689637186.0,62.201132,2.339436,1.977432,10.58,10.35,10.26,10.23,10.2,10.91,9.72,2016-09-08,-
2025-07-01,300543,朗科智能,消费电子,10.74,10.96,10.62,10.72,10.62,11115819,119739539.22,4.4557,-0.279,3.16,否,1.19,2.388,4.995,5.408,6.244,否,306371334,250198808,3284300700.48,2682131221.76,62.027548,2.332907,1.971914,10.62,10.41,10.3,10.24,10.19,10.91,9.73,2016-09-08,-
2025-07-02,300543,朗科智能,消费电子,10.7,10.75,10.52,10.62,10.52,7541853,79941480.43,3.0143,-0.933,2.15,否,0.81,0.473,0.759,3.307,6.2,否,306371334,250198808,3253663567.08,2657111340.96,61.448933,2.311145,1.953519,10.63,10.44,10.33,10.24,10.18,10.9,9.74,2016-09-08,-
2025-07-03,300543,朗科智能,消费电子,10.62,10.79,10.6,10.76,10.6,6557555,70201092.79,2.6209,1.318,1.79,否,0.72,0.093,1.798,7.6,8.907,否,306371334,250198808,3296555553.84,2692139174.08,62.258994,2.341612,1.979271,10.68,10.52,10.35,10.25,10.18,10.91,9.75,2016-09-08,-
2025-07-04,300543,朗科智能,消费电子,10.81,10.82,10.59,10.67,10.59,6986435,74551055.71,2.7924,-0.836,2.14,否,0.79,-0.466,1.91,6.914,4.916,否,306371334,250198808,3268982133.78,2669621281.36,61.73824,2.322026,1.962716,10.7,10.59,10.38,10.26,10.2,10.91,9.77,2016-09-08,-
2025-07-07,300543,朗科智能,消费电子,10.63,10.74,10.57,10.71,10.57,5742896,61247730.0,2.2953,0.375,1.59,否,0.66,0.847,1.325,4.897,7.746,否,306371334,250198808,3281236987.14,2679629233.68,61.969686,2.330731,1.970074,10.7,10.64,10.4,10.29,10.23,10.92,9.78,2016-09-08,-
2025-07-08,300543,朗科智能,消费电子,10.7,11.08,10.66,11.08,10.66,16420596,179253051.36,6.563,3.455,3.92,否,2.16,2.974,3.07,5.123,11.469,否,306371334,250198808,3394594380.72,2772202792.64,64.110562,2.411251,2.038134,10.77,10.69,10.44,10.32,10.26,10.94,9.79,2016-09-08,-
2025-07-09,300543,朗科智能,消费电子,11.36,11.43,11.05,11.09,11.05,29871926,334765545.52,11.9393,0.09,3.43,否,3.45,3.936,3.451,4.92,10.9,否,306371334,250198808,3397658094.06,2774704780.72,64.168424,2.413427,2.039974,10.86,10.74,10.49,10.36,10.29,10.95,9.81,2016-09-08,-
2025-07-10,300543,朗科智能,消费电子,11.09,11.16,10.9,10.96,10.9,14178329,155863144.92,5.6668,-1.172,2.34,否,1.08,2.334,3.202,4.68,7.451,否,306371334,250198808,3357829820.64,2742178935.68,63.416224,2.385136,2.016061,10.9,10.79,10.52,10.39,10.31,10.96,9.82,2016-09-08,-
2025-07-11,300543,朗科智能,消费电子,10.97,10.99,10.8,10.9,10.8,11830132,128818019.33,4.7283,-0.547,1.73,否,0.81,-1.625,1.301,3.122,6.968,否,306371334,250198808,3339447540.6,2727167007.2,63.069055,2.372079,2.005024,10.95,10.83,10.56,10.42,10.33,10.97,9.83,2016-09-08,-
2025-07-14,300543,朗科智能,消费电子,10.94,11.1,10.82,11.08,10.82,8983587,98905909.51,3.5906,1.651,2.57,否,0.58,-0.09,3.843,3.07,7.364,否,306371334,250198808,3394594380.72,2772202792.64,64.110562,2.411251,2.038134,11.02,10.86,10.61,10.46,10.35,10.99,9.85,2016-09-08,-
2025-07-15,300543,朗科智能,消费电子,11.02,11.1,10.79,10.96,10.79,9346008,102058565.88,3.7354,-1.083,2.8,否,0.57,0.0,2.334,2.239,8.087,否,306371334,250198808,3357829820.64,2742178935.68,63.416224,2.385136,2.016061,11.0,10.88,10.65,10.49,10.37,11.0,9.86,2016-09-08,-
2025-07-16,300543,朗科智能,消费电子,10.93,11.04,10.88,10.96,10.88,6912304,75830434.72,2.7627,0.0,1.46,否,0.47,0.55,-1.083,3.202,6.823,否,306371334,250198808,3357829820.64,2742178935.68,63.416224,2.385136,2.016061,10.97,10.92,10.68,10.52,10.39,11.01,9.87,2016-09-08,-
2025-07-17,300543,朗科智能,消费电子,10.97,11.12,10.92,11.11,10.92,8680820,96060165.46,3.4696,1.369,1.82,否,0.85,0.271,0.18,3.253,7.864,否,306371334,250198808,3403785520.74,2779708756.88,64.284147,2.417779,2.043653,11.0,10.95,10.74,10.55,10.41,11.02,9.89,2016-09-08,-
2025-07-18,300543,朗科智能,消费电子,11.12,11.2,11.02,11.08,11.02,7478378,82920553.58,2.989,-0.27,1.62,否,0.82,1.095,1.095,3.843,10.03,否,306371334,250198808,3394594380.72,2772202792.64,64.110562,2.411251,2.038134,11.04,10.99,10.79,10.58,10.43,11.04,9.9,2016-09-08,-
2025-07-21,300543,朗科智能,消费电子,11.77,12.5,11.5,12.18,11.5,58388849,705464040.35,23.337,9.928,9.03,否,7.05,11.131,11.743,13.725,19.882,否,306371334,250198808,3731602848.12,3047421481.44,70.475329,2.650635,2.240476,11.26,11.14,10.89,10.65,10.47,11.06,9.92,2016-09-08,-
2025-07-22,300543,朗科智能,消费电子,12.18,12.25,11.7,11.87,11.7,40076612,473836026.93,16.0179,-2.545,4.52,否,2.21,6.841,7.13,7.13,16.716,否,306371334,250198808,3636627734.58,2969859850.96,68.681622,2.583172,2.183453,11.44,11.22,10.96,10.7,10.49,11.07,9.94,2016-09-08,-
2025-07-23,300543,朗科智能,消费电子,11.77,12.33,11.6,11.8,11.6,36591995,436536382.31,14.6252,-0.59,6.15,否,1.51,6.498,7.664,6.402,14.786,否,306371334,250198808,3615181741.2,2952345934.4,68.276592,2.567939,2.170576,11.61,11.29,11.02,10.75,10.52,11.08,9.96,2016-09-08,-
2025-07-24,300543,朗科智能,消费电子,11.83,11.94,11.69,11.71,11.69,23588088,277574703.87,9.4277,-0.763,2.12,否,0.78,-3.859,6.843,6.843,17.1,否,306371334,250198808,3587608321.14,2929828041.68,67.755838,2.548353,2.154021,11.73,11.37,11.08,10.8,10.55,11.1,9.97,2016-09-08,-
2025-07-25,300543,朗科智能,消费电子,11.72,11.75,11.57,11.68,11.57,13284252,154749318.84,5.3095,-0.256,1.54,否,0.4,-1.601,5.131,7.156,17.034,否,306371334,250198808,3578417181.12,2922322077.44,67.582254,2.541824,2.148503,11.85,11.44,11.13,10.85,10.58,11.11,9.99,2016-09-08,-
2025-07-28,300543,朗科智能,消费电子,11.72,12.07,11.67,11.84,11.67,18596533,220803769.85,7.4327,1.37,3.42,否,0.54,0.339,6.859,6.859,15.965,否,306371334,250198808,3627436594.56,2962353886.72,68.508038,2.576643,2.177934,11.78,11.52,11.19,10.91,10.61,11.12,10.01,2016-09-08,-
2025-07-29,300543,朗科智能,消费电子,11.78,11.93,11.65,11.8,11.65,13649245,160451993.75,5.4554,-0.338,2.36,否,0.52,0.769,-3.12,7.664,11.954,否,306371334,250198808,3615181741.2,2952345934.4,68.276592,2.567939,2.170576,11.77,11.6,11.24,10.97,10.63,11.13,10.03,2016-09-08,-
2025-07-30,300543,朗科智能,消费电子,11.8,11.82,11.53,11.62,11.53,11270746,131347994.88,4.5047,-1.525,2.46,否,0.53,-0.514,-2.106,6.022,9.934,否,306371334,250198808,3560034901.08,2907310148.96,67.235084,2.528767,2.137466,11.73,11.67,11.29,11.01,10.65,11.14,10.05,2016-09-08,-
2025-07-31,300543,朗科智能,消费电子,11.62,11.76,11.37,11.44,11.37,9769231,112935340.07,3.9046,-1.549,3.36,否,0.61,-3.378,-3.051,2.97,9.265,否,306371334,250198808,3504888060.96,2862274363.52,66.193577,2.489595,2.104355,11.68,11.7,11.33,11.06,10.66,11.14,10.06,2016-09-08,-
2025-08-01,300543,朗科智能,消费电子,11.45,11.58,11.45,11.56,11.45,7926035,91387969.18,3.1679,1.049,1.14,否,0.6,-2.034,-1.281,4.332,9.366,否,306371334,250198808,3541652621.04,2892298220.48,66.887915,2.515709,2.126429,11.65,11.75,11.37,11.11,10.68,11.15,10.08,2016-09-08,-
2025-08-04,300543,朗科智能,消费电子,11.44,11.8,11.41,11.79,11.41,11016828,128977881.96,4.4032,1.99,3.37,否,0.9,1.463,0.942,-3.202,9.674,否,306371334,250198808,3612118027.86,2949843946.32,68.21873,2.565762,2.168737,11.64,11.71,11.43,11.16,10.7,11.15,10.1,2016-09-08,-
2025-08-05,300543,朗科智能,消费电子,11.79,12.4,11.78,12.4,11.78,27293423,330955491.48,10.9087,5.174,5.26,否,2.54,8.392,4.73,4.465,15.672,否,306371334,250198808,3799004541.6,3102465219.2,71.748283,2.698512,2.280945,11.76,11.76,11.49,11.23,10.72,11.16,10.12,2016-09-08,-
2025-08-06,300543,朗科智能,消费电子,12.3,12.81,12.2,12.68,12.2,37965284,479544704.86,15.174,2.258,4.92,否,2.82,9.689,7.458,7.458,19.397,否,306371334,250198808,3884788515.12,3172520885.44,73.368405,2.759446,2.33245,11.97,11.85,11.57,11.3,10.76,11.18,10.15,2016-09-08,-
2025-08-07,300543,朗科智能,消费电子,12.72,12.95,12.55,12.65,12.55,24633396,312682602.79,9.8455,-0.237,3.15,否,1.31,7.294,8.864,8.027,17.565,否,306371334,250198808,3875597375.1,3165014921.2,73.194821,2.752917,2.326932,12.22,11.95,11.66,11.37,10.79,11.19,10.17,2016-09-08,-
2025-08-08,300543,朗科智能,消费电子,12.5,12.73,12.45,12.51,12.45,14739297,184663170.04,5.891,-1.107,2.21,否,0.68,0.887,9.353,7.106,17.245,否,306371334,250198808,3832705388.34,3129987088.08,72.38476,2.72245,2.301179,12.41,12.03,11.74,11.43,10.83,11.21,10.19,2016-09-08,-
2025-08-11,300543,朗科智能,消费电子,12.47,12.63,12.43,12.53,12.43,14340695,179687439.1,5.7317,0.16,1.6,否,0.62,-1.183,8.391,5.828,16.993,否,306371334,250198808,3838832815.02,3134991064.24,72.500483,2.726803,2.304858,12.55,12.1,11.81,11.49,10.86,11.22,10.21,2016-09-08,-
2025-08-12,300543,朗科智能,消费电子,12.5,12.54,12.29,12.32,12.29,13253521,163863620.6,5.2972,-1.676,2.0,否,0.56,-2.609,4.495,4.407,11.191,否,306371334,250198808,3774494834.88,3082449314.56,71.285391,2.681102,2.266229,12.54,12.15,11.88,11.55,10.89,11.23,10.23,2016-09-08,-
2025-08-13,300543,朗科智能,消费电子,12.33,12.46,12.24,12.45,12.24,11344947,140301003.34,4.5344,1.055,1.79,否,0.54,-0.48,0.403,7.143,12.263,否,306371334,250198808,3814323108.3,3114975159.6,72.03759,2.709393,2.290142,12.49,12.23,11.95,11.61,10.92,11.23,10.25,2016-09-08,-
2025-08-14,300543,朗科智能,消费电子,12.44,12.44,12.06,12.08,12.06,14494797,176984621.0,5.7933,-2.972,3.05,否,0.93,-3.591,-4.732,5.594,10.219,否,306371334,250198808,3700965714.72,3022401600.64,69.896714,2.628873,2.222082,12.38,12.3,12.0,11.65,10.95,11.22,10.28,2016-09-08,-
2025-08-15,300543,朗科智能,消费电子,12.12,12.51,12.12,12.46,12.12,15437126,191591854.38,6.1699,3.146,3.23,否,1.13,1.136,-1.502,7.785,14.312,否,306371334,250198808,3817386821.64,3117477147.68,72.095452,2.711569,2.291982,12.37,12.39,12.07,11.71,10.99,11.21,10.3,2016-09-08,-
2025-08-18,300543,朗科智能,消费电子,12.6,12.75,12.47,12.64,12.47,18913953,239222058.67,7.5596,1.445,2.25,否,1.37,1.526,1.039,7.209,14.079,否,306371334,250198808,3872533661.76,3162512933.12,73.136959,2.750741,2.325092,12.39,12.47,12.09,11.77,11.03,11.21,10.32,2016-09-08,-
2025-08-19,300543,朗科智能,消费电子,12.65,12.85,12.47,12.76,12.47,16795641,212802960.02,6.7129,0.949,3.01,否,1.14,5.629,1.836,2.903,16.423,否,306371334,250198808,3909298221.84,3192536790.08,73.831298,2.776856,2.347166,12.48,12.51,12.14,11.83,11.08,11.2,10.34,2016-09-08,-
2025-08-20,300543,朗科智能,消费电子,12.75,12.92,12.58,12.75,12.58,13736732,174562838.78,5.4903,-0.078,2.66,否,0.89,2.327,3.49,0.552,16.332,否,306371334,250198808,3906234508.5,3190034802.0,73.773436,2.774679,2.345326,12.54,12.52,12.18,11.89,11.12,11.19,10.37,2016-09-08,-
2025-08-21,300543,朗科智能,消费电子,12.73,12.78,12.5,12.58,12.5,14367250,181345146.42,5.7423,-1.333,2.2,否,0.9,-0.475,1.044,-0.553,13.231,否,306371334,250198808,3854151381.72,3147501004.64,72.78979,2.737684,2.314055,12.64,12.51,12.23,11.94,11.17,11.18,10.39,2016-09-08,-
2025-08-22,300543,朗科智能,消费电子,12.51,12.61,12.42,12.56,12.42,11913536,148940188.91,4.7616,-0.159,1.51,否,0.75,-1.567,3.974,0.4,13.357,否,306371334,250198808,3848023955.04,3142497028.48,72.674067,2.733331,2.310376,12.66,12.51,12.27,12.0,11.21,11.18,10.41,2016-09-08,-
2025-08-25,300543,朗科智能,消费电子,12.58,12.69,12.38,12.49,12.38,14803075,185548186.76,5.9165,-0.557,2.47,否,0.98,-2.039,0.241,-0.319,2.545,否,306371334,250198808,3826577961.66,3124983111.92,72.269037,2.718098,2.2975,12.63,12.51,12.3,12.04,11.25,11.18,10.44,2016-09-08,-
2025-08-26,300543,朗科智能,消费电子,12.45,12.92,12.35,12.74,12.35,21573211,274733897.93,8.6224,2.002,4.56,否,1.51,1.272,0.791,3.409,7.329,否,306371334,250198808,3903170795.16,3187532813.92,73.715575,2.772503,2.343487,12.62,12.55,12.35,12.1,11.3,11.18,10.46,2016-09-08,-
2025-08-27,300543,朗科智能,消费电子,12.72,12.73,12.12,12.13,12.12,18697928,233934525.11,7.4732,-4.788,4.79,否,1.22,-3.424,-4.937,-2.57,2.797,否,306371334,250198808,3716284281.42,3034911541.04,82.550237,2.542139,2.223514,12.5,12.52,12.38,12.14,11.33,11.17,10.48,2016-09-08,-
2025-08-28,300543,朗科智能,消费电子,12.06,12.33,11.64,12.13,11.64,19132881,229054606.01,7.6471,0.0,5.69,否,1.18,-2.882,-4.863,0.414,3.587,否,306371334,250198808,3716284281.42,3034911541.04,82.550237,2.542139,2.223514,12.41,12.52,12.41,12.17,11.36,11.15,10.5,2016-09-08,-
2025-08-29,300543,朗科智能,消费电子,12.2,12.26,11.78,11.85,11.78,13546835,161362390.0,5.4144,-2.308,3.96,否,0.79,-6.986,-5.803,-4.896,1.455,否,306371334,250198808,3630500307.9,2964855874.8,80.644708,2.483458,2.172188,12.27,12.46,12.43,12.2,11.39,11.13,10.52,2016-09-08,-
2025-09-01,300543,朗科智能,消费电子,11.87,12.1,11.68,11.73,11.68,11844384,140141380.06,4.734,-1.013,3.54,否,0.67,-3.298,-6.608,-7.199,-0.929,否,306371334,250198808,3593735747.82,2934832017.84,79.828053,2.458309,2.150191,12.12,12.37,12.42,12.19,11.42,11.11,10.53,2016-09-08,-
2025-09-02,300543,朗科智能,消费电子,11.7,11.76,11.14,11.39,11.14,16049134,182433902.94,6.4146,-2.899,5.29,否,0.95,-6.101,-8.807,-10.737,-3.475,否,306371334,250198808,3489569494.26,2849764423.12,77.514196,2.387054,2.087867,11.85,12.24,12.37,12.17,11.44,11.09,10.55,2016-09-08,-
2025-09-03,300543,朗科智能,消费电子,11.8,12.33,11.48,11.54,11.48,33665025,397972374.36,13.4553,1.317,7.46,否,2.12,-2.616,-9.419,-9.49,-0.688,否,306371334,250198808,3535525194.36,2887294244.32,78.535015,2.41849,2.115363,11.73,12.11,12.31,12.16,11.46,11.07,10.56,2016-09-08,-
2025-09-04,300543,朗科智能,消费电子,11.71,12.49,11.58,11.86,11.58,37912022,455122632.34,15.1528,2.773,7.89,否,2.01,1.108,-2.226,-5.723,3.671,否,306371334,250198808,3633564021.24,2967357862.88,80.712763,2.485554,2.174021,11.67,12.04,12.28,12.17,11.48,11.06,10.58,2016-09-08,-
2025-09-05,300543,朗科智能,消费电子,11.73,12.18,11.66,12.12,11.66,25837915,310203748.64,10.327,2.192,4.38,否,1.14,6.409,-0.082,-3.503,4.844,否,306371334,250198808,3713220568.08,3032409552.96,82.482182,2.540043,2.221681,11.73,12.0,12.26,12.18,11.52,11.05,10.6,2016-09-08,-
2025-09-08,300543,朗科智能,消费电子,12.14,12.48,12.08,12.44,12.08,24363012,299514289.79,9.7375,2.64,3.3,否,0.97,7.799,4.979,-0.4,5.513,否,306371334,250198808,3811259394.96,3112473171.52,84.65993,2.607107,2.280339,11.87,11.99,12.25,12.2,11.56,11.04,10.63,2016-09-08,-
2025-09-09,300543,朗科智能,消费电子,12.32,12.77,12.18,12.42,12.18,24015476,300142986.04,9.5986,-0.161,4.74,否,0.87,4.722,5.882,-2.512,0.161,否,306371334,250198808,3805131968.28,3107469195.36,84.523821,2.602916,2.276673,12.08,11.96,12.26,12.22,11.59,11.02,10.65,2016-09-08,-
2025-09-10,300543,朗科智能,消费电子,12.39,12.77,12.39,12.59,12.39,23868124,301169662.24,9.5397,1.369,3.06,否,0.82,3.878,10.536,3.792,-0.71,否,306371334,250198808,3857215095.06,3150002992.72,85.680749,2.638543,2.307835,12.29,12.01,12.26,12.25,11.63,11.02,10.67,2016-09-08,-
2025-09-11,300543,朗科智能,消费电子,12.58,12.77,12.43,12.75,12.43,22308359,282002596.76,8.9163,1.271,2.7,否,0.82,2.492,10.485,5.111,0.791,否,306371334,250198808,3906234508.5,3190034802.0,86.769623,2.672075,2.337164,12.46,12.07,12.3,12.3,11.68,11.02,10.69,2016-09-08,-
2025-09-12,300543,朗科智能,消费电子,12.69,13.29,12.55,13.04,12.55,43959176,572141651.97,17.5697,2.275,5.8,否,1.83,4.992,9.949,10.042,4.237,否,306371334,250198808,3995082195.36,3262592456.32,88.743206,2.732852,2.390323,12.65,12.19,12.33,12.35,11.73,11.02,10.71,2016-09-08,-
2025-09-15,300543,朗科智能,消费电子,13.0,13.06,12.73,12.87,12.73,22743390,292718863.89,9.0901,-1.304,2.53,否,0.82,2.224,6.188,9.719,2.713,否,306371334,250198808,3942999068.58,3220058658.96,87.586278,2.697224,2.359161,12.73,12.3,12.34,12.38,11.77,11.03,10.73,2016-09-08,-
2025-09-16,300543,朗科智能,消费电子,12.8,13.48,12.71,13.48,12.71,38126175,505259435.67,15.2384,4.74,5.98,否,1.39,5.725,8.36,18.349,9.416,否,306371334,250198808,4129885582.32,3372679931.84,91.737609,2.825065,2.470978,12.95,12.51,12.37,12.42,11.82,11.05,10.75,2016-09-08,-
2025-09-17,300543,朗科智能,消费电子,13.35,13.78,13.18,13.4,13.18,32341385,435042995.87,12.9263,-0.594,4.45,否,1.07,2.761,7.89,16.118,7.631,否,306371334,250198808,4105375875.6,3352664027.2,91.193172,2.808299,2.456314,13.11,12.7,12.41,12.44,11.87,11.06,10.78,2016-09-08,-
2025-09-18,300543,朗科智能,消费电子,13.5,14.44,13.4,13.67,13.4,49355210,681601474.08,19.7264,2.015,7.76,否,1.55,6.216,8.578,15.261,13.162,否,306371334,250198808,4188096135.78,3420217705.36,93.030646,2.864884,2.505807,13.29,12.88,12.46,12.48,11.92,11.08,10.8,2016-09-08,-
2025-09-19,300543,朗科智能,消费电子,13.92,14.12,13.02,13.07,13.02,39118484,524604173.69,15.635,-4.389,8.05,否,1.05,-3.042,2.51,7.838,4.896,否,306371334,250198808,4004273335.38,3270098420.56,88.94737,2.739139,2.395823,13.3,12.97,12.49,12.49,11.96,11.09,10.83,2016-09-08,-
2025-09-22,300543,朗科智能,消费电子,13.2,14.95,13.03,14.03,13.03,57080438,809122850.67,22.814,7.345,14.69,否,1.57,4.701,7.592,12.781,10.997,否,306371334,250198808,4298389816.02,3510289276.24,95.480612,2.940331,2.571797,13.53,13.13,12.56,12.54,12.02,11.11,10.85,2016-09-08,-
2025-09-23,300543,朗科智能,消费电子,13.76,13.85,13.05,13.44,13.05,38586742,514695998.97,15.4224,-4.205,5.7,否,0.89,-1.683,4.429,8.213,5.329,否,306371334,250198808,4117630728.96,3362671979.52,91.46539,2.816682,2.463646,13.52,13.23,12.6,12.58,12.06,11.13,10.88,2016-09-08,-
2025-09-24,300543,朗科智能,消费电子,13.29,13.45,12.9,13.4,12.9,23522613,311500429.14,9.4016,-0.298,4.09,否,0.54,2.525,-0.593,6.434,5.098,否,306371334,250198808,4105375875.6,3352664027.2,91.193172,2.808299,2.456314,13.52,13.32,12.66,12.61,12.11,11.15,10.9,2016-09-08,-
2025-09-25,300543,朗科智能,消费电子,13.26,13.35,12.89,12.93,12.89,20008552,261441344.79,7.9971,-3.508,3.43,否,0.48,-7.84,-3.507,1.412,2.782,否,306371334,250198808,3961381348.62,3235070587.44,87.994606,2.709799,2.37016,13.37,13.33,12.7,12.64,12.15,11.16,10.92,2016-09-08,-
2025-09-26,300543,朗科智能,消费电子,12.85,12.94,12.54,12.56,12.54,16333096,207702822.16,6.528,-2.862,3.09,否,0.46,-6.548,-8.12,-3.681,0.0,否,306371334,250198808,3848023955.04,3142497028.48,85.476585,2.632256,2.302336,13.27,13.29,12.74,12.65,12.18,11.19,10.94,2016-09-08,-
2025-09-29,300543,朗科智能,消费电子,12.55,13.21,12.35,13.03,12.35,16905116,217367414.75,6.7567,3.742,6.85,否,0.54,-2.761,-0.306,1.243,4.323,否,306371334,250198808,3992018482.02,3260090468.24,88.675152,2.730756,2.38849,13.07,13.3,12.8,12.66,12.22,11.22,10.97,2016-09-08,-
2025-09-30,300543,朗科智能,消费电子,13.0,13.08,12.78,12.81,12.78,11194108,144448166.52,4.4741,-1.688,2.3,否,0.49,-0.928,-8.696,-4.97,0.549,否,306371334,250198808,3924616788.54,3205046730.48,87.17795,2.68465,2.348163,12.95,13.23,12.87,12.66,12.25,11.25,10.99,2016-09-08,-
2025-10-09,300543,朗科智能,消费电子,12.89,12.94,12.63,12.73,12.63,13247687,169061920.21,5.2949,-0.625,2.42,否,0.75,1.354,-5.283,-5.0,4.946,否,306371334,250198808,3900107081.82,3185030825.84,86.633513,2.667884,2.333498,12.81,13.17,12.93,12.66,12.27,11.28,11.01,2016-09-08,-
2025-10-10,300543,朗科智能,消费电子,12.65,12.69,12.42,12.47,12.42,11167078,139854006.34,4.4633,-2.042,2.12,否,0.72,-4.298,-6.94,-8.778,2.803,否,306371334,250198808,3820450534.98,3119979135.76,84.864094,2.613394,2.285838,12.72,13.05,12.96,12.66,12.3,11.3,11.03,2016-09-08,-
2025-10-13,300543,朗科智能,消费电子,11.85,12.18,11.53,12.13,11.53,13596711,162749593.93,5.4344,-2.727,5.21,否,0.99,-5.308,-6.187,-7.192,2.363,否,306371334,250198808,3716284281.42,3034911541.04,82.550237,2.542139,2.223514,12.63,12.95,12.96,12.64,12.32,11.32,11.05,2016-09-08,-
2025-10-14,300543,朗科智能,消费电子,12.21,12.41,11.68,11.75,11.68,13604046,163713542.16,5.4373,-3.133,6.02,否,1.03,-7.698,-6.449,-16.251,0.171,否,306371334,250198808,3599863174.5,2939835994.0,79.964162,2.462501,2.153857,12.38,12.73,12.93,12.62,12.33,11.34,11.06,2016-09-08,-
2025-10-15,300543,朗科智能,消费电子,11.78,12.0,11.7,12.0,11.7,8508500,100867532.0,3.4007,2.128,2.55,否,0.68,-3.769,-7.905,-10.714,5.356,否,306371334,250198808,3676456008.0,3002385696.0,81.665527,2.514894,2.199684,12.22,12.58,12.91,12.59,12.35,11.36,11.08,2016-09-08,-
2025-10-16,300543,朗科智能,消费电子,11.88,11.98,11.64,11.68,11.64,7050600,82928415.0,2.818,-2.667,2.83,否,0.59,-3.71,-8.821,-12.836,1.213,否,306371334,250198808,3578417181.12,2922322077.44,79.48778,2.44783,2.141026,12.01,12.41,12.86,12.58,12.36,11.38,11.08,2016-09-08,-
2025-10-17,300543,朗科智能,消费电子,11.66,11.72,11.23,11.26,11.23,8333397,95286447.72,3.3307,-3.596,4.2,否,0.77,-4.17,-11.548,-12.916,-5.059,否,306371334,250198808,3449741220.84,2817238578.08,76.629486,2.359809,2.064037,11.76,12.24,12.79,12.55,12.36,11.39,11.09,2016-09-08,-
2025-10-20,300543,朗科智能,消费电子,11.36,11.62,11.36,11.6,11.36,7654040,88237122.5,3.0592,3.02,2.31,否,0.75,-3.333,-6.977,-7.643,-4.29,否,306371334,250198808,3553907474.4,2902306172.8,78.943343,2.431065,2.126361,11.66,12.15,12.72,12.54,12.37,11.4,11.1,2016-09-08,-
2025-10-21,300543,朗科智能,消费电子,11.57,11.8,11.5,11.74,11.5,7220441,84435869.91,2.8859,1.207,2.59,否,0.8,0.514,-3.215,-9.9,-5.627,否,306371334,250198808,3596799461.16,2937334005.92,79.896107,2.460405,2.152024,11.66,12.02,12.66,12.54,12.36,11.41,11.11,2016-09-08,-
2025-10-22,300543,朗科智能,消费电子,11.74,11.88,11.62,11.74,11.62,6790974,79784866.4,2.7142,0.0,2.21,否,0.88,4.263,-0.085,-8.353,-5.475,否,306371334,250198808,3596799461.16,2937334005.92,79.896107,2.460405,2.152024,11.6,11.91,12.57,12.55,12.36,11.43,11.12,2016-09-08,-
2025-10-23,300543,朗科智能,消费电子,11.72,11.78,11.55,11.76,11.55,5964836,69464852.3,2.384,0.17,1.96,否,0.8,1.379,-2.0,-7.62,-6.593,否,306371334,250198808,3602926887.84,2942337982.08,80.032217,2.464596,2.15569,11.62,11.81,12.49,12.56,12.36,11.44,11.13,2016-09-08,-
2025-10-24,300543,朗科智能,消费电子,11.89,12.17,11.83,12.16,11.83,12450691,150063333.83,4.9763,3.401,2.89,否,1.73,3.578,4.11,-2.486,-4.627,否,306371334,250198808,3725475421.44,3042417505.28,82.754401,2.548426,2.229013,11.8,11.78,12.41,12.57,12.37,11.46,11.14,2016-09-08,-
2025-10-27,300543,朗科智能,消费电子,12.28,12.31,12.08,12.2,12.08,10151121,123697079.36,4.0572,0.329,1.89,否,1.27,3.918,8.348,0.577,-6.442,否,306371334,250198808,3737730274.8,3052425457.6,83.026619,2.556809,2.236345,11.92,11.79,12.37,12.57,12.38,11.48,11.15,2016-09-08,-
2025-10-28,300543,朗科智能,消费电子,12.04,12.05,11.79,11.85,11.79,11910664,141734324.68,4.7605,-2.869,2.13,否,1.4,0.765,2.155,0.851,-7.925,否,306371334,250198808,3630500307.9,2964855874.8,101.011646,2.475755,2.215076,11.94,11.8,12.26,12.55,12.38,11.49,11.16,2016-09-08,-
2025-10-29,300543,朗科智能,消费电子,11.81,11.88,11.6,11.73,11.6,8784670,102914083.97,3.5111,-1.013,2.36,否,0.93,-3.536,-0.085,-2.25,-12.982,否,306371334,250198808,3593735747.82,2934832017.84,99.988744,2.450684,2.192645,11.94,11.77,12.18,12.53,12.37,11.5,11.17,2016-09-08,-
2025-10-30,300543,朗科智能,消费电子,11.73,11.79,11.44,11.49,11.44,8451842,97778625.32,3.3781,-2.046,2.98,否,0.86,-5.82,-2.129,-1.627,-14.254,否,306371334,250198808,3520206627.66,2874784303.92,97.942938,2.400542,2.147783,11.89,11.75,12.08,12.49,12.37,11.51,11.18,2016-09-08,-
2025-10-31,300543,朗科智能,消费电子,11.55,11.72,11.47,11.67,11.47,5698665,66411727.93,2.2777,1.567,2.18,否,0.55,-1.519,-0.765,3.641,-14.631,否,306371334,250198808,3575353467.78,2919820089.36,99.477292,2.438149,2.18143,11.79,11.79,12.02,12.46,12.38,11.52,11.19,2016-09-08,-
2025-11-03,300543,朗科智能,消费电子,11.66,11.86,11.49,11.84,11.49,6816312,79876792.74,2.7244,1.457,3.17,否,0.76,0.938,-2.632,2.069,-9.411,否,306371334,250198808,3627436594.56,2962353886.72,100.926405,2.473666,2.213207,11.72,11.82,11.98,12.42,12.38,11.53,11.19,2016-09-08,-
2025-11-04,300543,朗科智能,消费电子,11.79,11.81,11.49,11.57,11.49,6661254,77245162.22,2.6624,-2.28,2.7,否,0.8,0.696,-5.164,-1.448,-17.534,否,306371334,250198808,3544716334.38,2894800208.56,98.624873,2.417256,2.162737,11.66,11.8,11.91,12.37,12.38,11.54,11.2,2016-09-08,-
2025-11-05,300543,朗科智能,消费电子,11.43,11.72,11.39,11.7,11.39,5721252,66435143.98,2.2867,1.124,2.85,否,0.79,0.257,-1.266,-0.341,-12.946,否,306371334,250198808,3584544607.8,2927326053.6,99.733018,2.444416,2.187038,11.65,11.8,11.85,12.31,12.37,11.54,11.21,2016-09-08,-
2025-11-06,300543,朗科智能,消费电子,11.67,11.88,11.56,11.76,11.56,7537150,88176305.0,3.0125,0.513,2.74,否,1.13,-0.676,0.256,0.0,-12.239,否,306371334,250198808,3602926887.84,2942337982.08,100.244469,2.456952,2.198253,11.71,11.8,11.81,12.26,12.35,11.55,11.22,2016-09-08,-
2025-11-07,300543,朗科智能,消费电子,11.74,11.8,11.63,11.72,11.63,6807145,79607258.45,2.7207,-0.34,1.45,否,1.05,1.296,2.002,-3.618,-9.358,否,306371334,250198808,3590672034.48,2932330029.76,99.903502,2.448595,2.190776,11.72,11.75,11.77,12.19,12.34,11.56,11.23,2016-09-08,-
2025-11-10,300543,朗科智能,消费电子,11.69,11.74,11.63,11.68,11.63,5443151,63556563.17,2.1755,-0.341,0.94,否,0.81,-0.171,0.086,-4.262,-7.006,否,306371334,250198808,3578417181.12,2922322077.44,99.562534,2.440238,2.183299,11.69,11.7,11.75,12.15,12.32,11.57,11.23,2016-09-08,-
2025-11-11,300543,朗科智能,消费电子,11.7,11.77,11.62,11.7,11.62,5759323,67378486.64,2.3019,0.171,1.28,否,0.9,-0.51,-1.182,-1.266,-10.207,否,306371334,250198808,3584544607.8,2927326053.6,99.733018,2.444416,2.187038,11.71,11.69,11.74,12.07,12.31,11.58,11.24,2016-09-08,-
2025-11-12,300543,朗科智能,消费电子,11.72,11.72,11.48,11.56,11.48,6160660,71295493.22,2.4623,-1.197,2.05,否,0.99,-1.365,-0.086,-1.449,-9.758,否,306371334,250198808,3541652621.04,2892298220.48,98.539631,2.415167,2.160868,11.68,11.67,11.72,12.01,12.29,11.59,11.25,2016-09-08,-
2025-11-13,300543,朗科智能,消费电子,11.51,11.65,11.46,11.63,11.46,4769250,55218651.02,1.9062,0.606,1.64,否,0.75,-0.428,-0.598,1.218,-8.641,否,306371334,250198808,3563098614.42,2909812137.04,99.136325,2.429792,2.173953,11.66,11.68,11.72,11.95,12.28,11.6,11.26,2016-09-08,-
2025-11-14,300543,朗科智能,消费电子,11.55,11.76,11.51,11.65,11.51,6754134,78864035.28,2.6995,0.172,2.15,否,1.17,-0.427,-0.935,-0.171,-6.576,否,306371334,250198808,3569226041.1,2914816113.2,99.306808,2.43397,2.177691,11.64,11.68,11.74,11.91,12.27,11.61,11.27,2016-09-08,-
2025-11-17,300543,朗科智能,消费电子,11.7,11.85,11.68,11.83,11.68,8138660,96014448.3,3.2529,1.545,1.46,否,1.41,2.336,0.939,-0.084,-2.473,否,306371334,250198808,3624372881.22,2959851898.64,100.841163,2.471577,2.211338,11.67,11.68,11.75,11.88,12.26,11.63,11.28,2016-09-08,-
2025-11-18,300543,朗科智能,消费电子,11.75,11.8,11.61,11.63,11.61,5867760,68517110.6,2.3452,-1.691,1.61,否,0.93,0.0,-0.428,0.519,-1.021,否,306371334,250198808,3563098614.42,2909812137.04,99.136325,2.429792,2.173953,11.66,11.69,11.74,11.83,12.25,11.64,11.28,2016-09-08,-
2025-11-19,300543,朗科智能,消费电子,11.63,11.67,11.2,11.25,11.2,8400087,95343451.78,3.3574,-3.267,4.04,否,1.33,-3.433,-3.846,-3.846,-6.25,否,306371334,250198808,3446677507.5,2814736590.0,95.897133,2.3504,2.102921,11.6,11.64,11.72,11.78,12.22,11.65,11.29,2016-09-08,-
2025-11-20,300543,朗科智能,消费电子,11.19,11.28,10.74,10.85,10.74,12606928,137428991.66,5.0388,-3.556,4.8,否,1.86,-8.284,-6.142,-7.738,-7.106,否,306371334,250198808,3324128973.9,2714657066.8,92.487457,2.266831,2.02815,11.44,11.55,11.67,11.72,12.19,11.66,11.29,2016-09-08,-
2025-11-21,300543,朗科智能,消费电子,10.8,10.94,10.36,10.39,10.36,8273593,87352241.49,3.3068,-4.24,5.35,否,0.99,-10.662,-10.662,-11.348,-7.726,否,306371334,250198808,3183198160.26,2599565615.12,88.56633,2.170725,1.942164,11.19,11.42,11.59,11.65,12.15,11.66,11.29,2016-09-08,-
2025-11-24,300543,朗科智能,消费电子,10.5,10.7,10.41,10.64,10.41,5684697,59946723.5,2.2721,2.406,2.79,否,0.66,-5.422,-8.67,-8.904,-8.276,否,306371334,250198808,3259790993.76,2662115317.12,90.697377,2.222957,1.988896,10.95,11.31,11.51,11.6,12.12,11.66,11.29,2016-09-08,-
2025-11-25,300543,朗科智能,消费电子,10.7,10.88,10.67,10.73,10.67,5521861,59537096.1,2.207,0.846,1.97,否,0.68,-1.106,-9.298,-8.291,-8.603,否,306371334,250198808,3287364413.82,2684633209.84,91.464554,2.24176,2.005719,10.77,11.22,11.45,11.57,12.09,11.67,11.29,2016-09-08,-
2025-11-26,300543,朗科智能,消费电子,10.74,10.87,10.6,10.63,10.6,4340979,46638757.26,1.735,-0.932,2.52,否,0.54,2.31,-8.598,-8.045,-9.455,否,306371334,250198808,3256727280.42,2659613329.04,90.612135,2.220867,1.987026,10.65,11.12,11.4,11.52,12.06,11.68,11.3,2016-09-08,-
2025-11-27,300543,朗科智能,消费电子,10.71,10.9,10.64,10.8,10.64,5200945,56180283.24,2.0787,1.599,2.45,否,0.71,1.504,-4.0,-7.137,-8.163,否,306371334,250198808,3308810407.2,2702147126.4,92.061247,2.256384,2.018804,10.64,11.04,11.36,11.49,12.03,11.68,11.3,2016-09-08,-
2025-11-28,300543,朗科智能,消费电子,10.82,10.89,10.69,10.87,10.69,4077450,44097279.0,1.6297,0.648,1.85,否,0.7,1.305,0.184,-6.695,-10.609,否,306371334,250198808,3330256400.58,2719661042.96,92.657941,2.271009,2.031889,10.73,10.96,11.32,11.48,12.01,11.69,11.31,2016-09-08,-
2025-12-01,300543,朗科智能,消费电子,10.87,11.12,10.84,11.03,10.84,4932798,54393560.64,1.9716,1.472,2.58,否,0.99,3.763,6.16,-6.762,-9.59,否,306371334,250198808,3379275814.02,2759692852.24,94.021811,2.304437,2.061797,10.81,10.88,11.28,11.46,12.0,11.7,11.31,2016-09-08,-
2025-12-02,300543,朗科智能,消费电子,11.06,11.08,10.91,10.93,10.91,3302979,36158610.53,1.3201,-0.907,1.54,否,0.69,1.204,2.726,-6.019,-7.764,否,306371334,250198808,3348638680.62,2734672971.44,93.169392,2.283545,2.043104,10.85,10.81,11.25,11.43,11.99,11.7,11.31,2016-09-08,-
2025-12-03,300543,朗科智能,消费电子,10.96,10.96,10.72,10.75,10.72,3316705,35805707.64,1.3256,-1.647,2.2,否,0.76,-1.104,0.186,-4.444,-8.355,否,306371334,250198808,3293491840.5,2689637186.0,91.635038,2.245938,2.009458,10.88,10.76,11.2,11.4,11.98,11.71,11.32,2016-09-08,-
2025-12-04,300543,朗科智能,消费电子,10.78,10.83,10.57,10.75,10.57,4649497,49847583.47,1.8583,0.0,2.42,否,1.12,-2.539,1.129,-0.922,-6.44,否,306371334,250198808,3293491840.5,2689637186.0,91.635038,2.245938,2.009458,10.87,10.75,11.15,11.37,11.96,11.71,11.32,2016-09-08,-
2025-12-05,300543,朗科智能,消费电子,10.7,10.99,10.58,10.97,10.58,4702392,50821977.18,1.8795,2.047,3.81,否,1.16,0.366,1.574,5.582,-5.998,否,306371334,250198808,3360893533.98,2744680923.76,93.51036,2.291902,2.050581,10.89,10.81,11.11,11.33,11.95,11.72,11.32,2016-09-08,-
2025-12-08,300543,朗科智能,消费电子,10.98,11.08,10.91,11.0,10.91,4545411,50102978.1,1.8167,0.274,1.55,否,1.09,2.326,1.196,3.383,-7.095,否,306371334,250198808,3370084674.0,2752186888.0,93.766085,2.298169,2.056189,10.88,10.85,11.08,11.29,11.93,11.72,11.32,2016-09-08,-
2025-12-09,300543,朗科智能,消费电子,10.95,11.11,10.94,10.97,10.94,4663886,51529778.79,1.8641,-0.273,1.55,否,1.14,2.047,-0.544,2.237,-5.186,否,306371334,250198808,3360893533.98,2744680923.76,93.51036,2.291902,2.050581,10.89,10.87,11.04,11.26,11.9,11.73,11.32,2016-09-08,-
2025-12-10,300543,朗科智能,消费电子,10.97,10.97,10.78,10.86,10.78,3446236,37411608.74,1.3774,-1.003,1.73,否,0.79,-1.003,-0.64,2.164,-7.179,否,306371334,250198808,3327192687.24,2717159054.88,92.572699,2.26892,2.030019,10.91,10.89,11.01,11.23,11.88,11.74,11.32,2016-09-08,-
2025-12-11,300543,朗科智能,消费电子,10.86,10.89,10.61,10.62,10.61,3987792,42665278.92,1.5938,-2.21,2.58,否,0.91,-3.455,-1.209,-1.667,-9.694,否,306371334,250198808,3253663567.08,2657111340.96,90.526893,2.218778,1.985157,10.88,10.88,10.96,11.2,11.85,11.74,11.32,2016-09-08,-
2025-12-12,300543,朗科智能,消费电子,10.62,10.76,10.52,10.58,10.52,3892450,41412325.3,1.5557,-0.377,2.26,否,0.91,-3.555,-1.581,-2.668,-9.727,否,306371334,250198808,3241408713.72,2647103388.64,90.185926,2.210421,1.97768,10.81,10.85,10.9,11.16,11.81,11.74,11.32,2016-09-08,-
2025-12-15,300543,朗科智能,消费电子,10.52,10.66,10.41,10.5,10.41,3751040,39551134.44,1.4992,-0.756,2.36,否,0.91,-3.315,-4.284,-4.805,-10.103,否,306371334,250198808,3216899007.0,2627087484.0,89.50399,2.193707,1.962726,10.71,10.79,10.84,11.12,11.77,11.75,11.32,2016-09-08,-
2025-12-16,300543,朗科智能,消费电子,10.46,10.55,10.27,10.3,10.27,4186800,43352603.62,1.6734,-1.905,2.67,否,1.06,-3.013,-6.364,-5.764,-11.966,否,306371334,250198808,3155624740.2,2577047722.4,87.799153,2.151922,1.925341,10.57,10.73,10.77,11.08,11.72,11.75,11.31,2016-09-08,-
2025-12-17,300543,朗科智能,消费电子,10.25,10.39,10.03,10.25,10.03,6638100,67485128.0,2.6531,-0.485,3.5,否,1.72,-3.119,-6.563,-4.651,-11.332,否,306371334,250198808,3140306173.5,2564537782.0,87.372943,2.141476,1.915994,10.45,10.68,10.72,11.03,11.67,11.75,11.31,2016-09-08,-
2025-12-18,300543,朗科智能,消费电子,10.2,10.43,10.16,10.31,10.16,4294871,44438669.76,1.7166,0.585,2.63,否,0.96,-1.81,-5.064,-4.093,-11.35,否,306371334,250198808,3158688453.54,2579549710.48,87.884394,2.154011,1.92721,10.39,10.64,10.69,10.98,11.62,11.74,11.31,2016-09-08,-
2025-12-19,300543,朗科智能,消费电子,10.34,10.49,10.33,10.45,10.33,3764793,39328425.8,1.5047,1.358,1.55,否,0.83,1.456,-1.601,-4.74,-10.3,否,306371334,250198808,3201580440.3,2614577543.6,89.077781,2.183261,1.95338,10.36,10.58,10.7,10.94,11.57,11.74,11.31,2016-09-08,-
2025-12-22,300543,朗科智能,消费电子,10.49,10.79,10.46,10.67,10.46,7151235,76306357.91,2.8582,2.105,3.16,否,1.58,4.098,0.851,-3.0,-9.806,否,306371334,250198808,3268982133.78,2669621281.36,90.953103,2.229224,1.994503,10.4,10.55,10.7,10.9,11.53,11.74,11.31,2016-09-08,-
2025-12-23,300543,朗科智能,消费电子,10.6,10.64,10.45,10.48,10.45,4348775,45765993.72,1.7381,-1.781,1.78,否,0.84,1.649,-0.19,-4.467,-9.888,否,306371334,250198808,3210771580.32,2622083507.84,89.333507,2.189529,1.958987,10.43,10.5,10.69,10.86,11.47,11.74,11.3,2016-09-08,-
2025-12-24,300543,朗科智能,消费电子,10.47,10.71,10.44,10.67,10.44,4060855,43166615.97,1.6231,1.813,2.58,否,0.78,2.105,3.592,-1.75,-5.156,否,306371334,250198808,3268982133.78,2669621281.36,90.953103,2.229224,1.994503,10.52,10.48,10.69,10.83,11.42,11.74,11.3,2016-09-08,-
2025-12-25,300543,朗科智能,消费电子,10.72,10.85,10.62,10.85,10.62,5652901,60812643.73,2.2594,1.687,2.16,否,1.2,1.687,5.854,2.166,0.0,否,306371334,250198808,3324128973.9,2714657066.8,92.487457,2.266831,2.02815,10.62,10.51,10.69,10.81,11.38,11.74,11.3,2016-09-08,-
2025-12-26,300543,朗科智能,消费电子,10.8,10.9,10.68,10.88,10.68,7768991,83916284.53,3.1051,0.277,2.03,否,1.56,3.817,5.529,2.836,4.716,否,306371334,250198808,3333320113.92,2722163031.04,92.743183,2.273098,2.033758,10.71,10.54,10.69,10.78,11.34,11.74,11.31,2016-09-08,-
2025-12-29,300543,朗科智能,消费电子,10.86,10.86,10.69,10.79,10.69,7739242,83252586.83,3.0932,-0.827,1.56,否,1.34,1.125,3.254,2.762,1.41,否,306371334,250198808,3305746693.86,2699645138.32,91.976005,2.254295,2.016935,10.73,10.57,10.68,10.75,11.31,11.75,11.31,2016-09-08,-
2025-12-30,300543,朗科智能,消费电子,10.84,11.14,10.73,11.08,10.73,13282930,145475700.72,5.309,2.688,3.8,否,2.25,2.12,3.843,7.573,3.262,否,306371334,250198808,3394594380.72,2772202792.64,94.44802,2.314883,2.071143,10.85,10.64,10.69,10.73,11.28,11.75,11.31,2016-09-08,-
2025-12-31,300543,朗科智能,消费电子,11.04,11.21,10.76,11.12,10.76,13765200,151016696.0,5.5,0.36,4.06,否,1.79,2.206,6.107,8.488,4.61,否,306371334,250198808,3406849234.08,2782210744.96,94.788988,2.32324,2.07862,10.94,10.73,10.71,10.72,11.25,11.75,11.31,2016-09-08,-
2026-01-05,300543,朗科智能,消费电子,11.0,11.08,10.86,11.05,10.86,8990600,98762394.0,3.59,-0.63,1.98,否,0.93,2.41,3.561,7.177,2.315,否,306371334,250198808,3385403240.7,2764696828.4,94.192295,2.308616,2.065535,10.98,10.8,10.72,10.73,11.23,11.75,11.32,2016-09-08,-
2026-01-06,300543,朗科智能,消费电子,11.05,11.14,10.99,11.06,10.99,7914100,87525601.0,3.16,0.09,1.36,否,0.77,-0.181,1.935,5.837,1.748,否,306371334,250198808,3388466954.04,2767198816.48,94.277537,2.310705,2.067405,11.02,10.87,10.72,10.75,11.2,11.75,11.32,2016-09-08,-
2026-01-07,300543,朗科智能,消费电子,11.06,11.09,10.91,10.95,10.91,6975400,76657270.0,2.79,-0.99,1.63,否,0.67,-1.529,0.643,2.624,-0.725,否,306371334,250198808,3354766107.3,2739676947.6,93.339876,2.287723,2.046843,11.05,10.89,10.72,10.76,11.18,11.75,11.32,2016-09-08,-
2026-01-08,300543,朗科智能,消费电子,10.98,11.1,10.92,11.07,10.92,8159000,90115828.0,3.26,1.1,1.64,否,0.8,0.181,2.595,5.63,1.281,否,306371334,250198808,3391530667.38,2769700804.56,94.362779,2.312794,2.069274,11.05,10.95,10.73,10.77,11.17,11.75,11.31,2016-09-08,-
2026-01-09,300543,朗科智能,消费电子,11.08,11.2,11.03,11.19,11.03,9569500,106330599.0,3.82,1.08,1.54,否,1.04,1.175,0.993,4.873,4.093,否,306371334,250198808,3428295227.46,2799724661.52,95.385681,2.337865,2.091705,11.06,11.0,10.74,10.79,11.16,11.75,11.31,2016-09-08,-
2026-01-12,300543,朗科智能,消费电子,11.16,11.57,11.16,11.52,11.16,11907800,135369433.0,4.76,2.95,3.66,否,1.43,5.205,3.597,6.175,7.163,否,306371334,250198808,3529397767.68,2882290268.16,98.198664,2.40681,2.153391,11.16,11.07,10.79,10.82,11.15,11.76,11.31,2016-09-08,-
2026-01-13,300543,朗科智能,消费电子,11.5,11.8,11.29,11.52,11.29,15578900,179452579.0,6.23,0.0,4.43,否,1.75,4.065,4.253,5.882,5.014,否,306371334,250198808,3529397767.68,2882290268.16,98.198664,2.40681,2.153391,11.25,11.14,10.84,10.84,11.16,11.76,11.32,2016-09-08,-
2026-01-14,300543,朗科智能,消费电子,11.53,12.05,11.51,11.78,11.51,24335100,288429700.0,9.73,2.26,4.69,否,2.33,5.273,6.51,9.175,7.091,否,306371334,250198808,3609054314.52,2947341958.24,100.414953,2.46113,2.201992,11.42,11.23,10.9,10.86,11.16,11.77,11.32,2016-09-08,-
2026-01-15,300543,朗科智能,消费电子,11.59,11.81,11.39,11.5,11.39,11527600,133122041.0,4.61,-2.38,3.57,否,0.83,-0.174,5.023,3.791,4.831,否,306371334,250198808,3523270341.0,2877286292.0,98.02818,2.402632,2.149652,11.5,11.28,10.96,10.88,11.16,11.76,11.33,2016-09-08,-
2026-01-16,300543,朗科智能,消费电子,11.6,11.73,11.46,11.68,11.46,9570700,111115515.0,3.83,1.57,2.35,否,0.66,1.389,5.51,5.036,7.551,否,306371334,250198808,3578417181.12,2922322077.44,99.562534,2.440238,2.183299,11.6,11.33,11.03,10.91,11.16,11.76,11.34,2016-09-08,-
2026-01-19,300543,朗科智能,消费电子,11.62,11.81,11.62,11.77,11.62,8837200,103657437.0,3.53,0.77,1.63,否,0.61,-0.085,5.183,6.516,10.829,否,306371334,250198808,3605990601.18,2944839970.16,100.329711,2.459041,2.200122,11.65,11.4,11.1,10.95,11.16,11.76,11.35,2016-09-08,-
2026-01-20,300543,朗科智能,消费电子,11.73,11.78,11.52,11.57,11.52,7803400,90725308.0,3.12,-1.7,2.21,否,0.56,0.609,0.434,4.611,9.357,否,306371334,250198808,3544716334.38,2894800208.56,98.624873,2.417256,2.162737,11.66,11.46,11.16,10.97,11.15,11.76,11.36,2016-09-08,-
2026-01-21,300543,朗科智能,消费电子,11.62,11.69,11.45,11.64,11.45,6575100,76296138.0,2.63,0.61,2.07,否,0.53,-0.342,1.042,6.301,10.857,否,306371334,250198808,3566162327.76,2912314125.12,99.221567,2.431881,2.175822,11.63,11.52,11.21,10.99,11.14,11.76,11.37,2016-09-08,-
2026-01-22,300543,朗科智能,消费电子,11.74,11.76,11.6,11.74,11.6,7683700,89754038.0,3.07,0.86,1.37,否,0.87,-0.255,-0.34,6.052,13.981,否,306371334,250198808,3596799461.16,2937334005.92,100.073986,2.452773,2.194515,11.68,11.59,11.27,11.02,11.14,11.76,11.38,2016-09-08,-
2026-01-23,300543,朗科智能,消费电子,11.74,11.9,11.7,11.86,11.7,9717900,114829299.0,3.88,1.02,1.7,否,1.2,2.506,3.13,5.987,15.707,否,306371334,250198808,3633564021.24,2967357862.88,101.096888,2.477844,2.216946,11.72,11.66,11.33,11.05,11.14,11.76,11.39,2016-09-08,-
2026-01-26,300543,朗科智能,消费电子,11.88,11.88,11.48,11.58,11.48,8474300,98392621.0,3.39,-2.36,3.37,否,1.04,-0.515,-0.856,0.521,12.318,否,306371334,250198808,3547780047.72,2897302196.64,98.710115,2.419346,2.164606,11.68,11.66,11.37,11.08,11.14,11.76,11.4,2016-09-08,-
2026-01-27,300543,朗科智能,消费电子,11.58,11.64,11.16,11.62,11.16,8323900,95262263.0,3.33,0.35,4.15,否,1.03,-1.022,-1.274,0.868,11.196,否,306371334,250198808,3560034901.08,2907310148.96,99.051083,2.427703,2.172083,11.69,11.67,11.4,11.12,11.14,11.76,11.4,2016-09-08,-
2026-01-28,300543,朗科智能,消费电子,11.6,11.62,11.34,11.37,11.34,6896400,79002201.0,2.76,-2.15,2.41,否,0.85,-4.132,-1.729,-3.48,6.56,否,306371334,250198808,3483442067.58,2844760446.96,96.920035,2.375471,2.125352,11.63,11.63,11.43,11.14,11.13,11.76,11.41,2016-09-08,-
2026-01-29,300543,朗科智能,消费电子,11.37,11.55,11.2,11.24,11.2,6237500,70981757.0,2.49,-1.14,3.08,否,0.76,-2.936,-3.436,-2.261,7.252,否,306371334,250198808,3443613794.16,2812234601.92,95.811891,2.348311,2.101051,11.53,11.61,11.44,11.18,11.13,11.75,11.42,2016-09-08,-
2026-01-30,300543,朗科智能,消费电子,11.2,11.38,11.12,11.31,11.12,7246100,81387316.0,2.9,0.62,2.31,否,0.91,-2.668,-3.663,-3.168,5.998,否,306371334,250198808,3465059787.54,2829748518.48,96.408584,2.362936,2.114136,11.42,11.57,11.45,11.21,11.12,11.74,11.42,2016-09-08,-
2026-02-02,300543,朗科智能,消费电子,11.38,11.38,11.0,11.01,11.0,7568200,84557061.0,3.02,-2.65,3.36,否,1.02,-3.166,-7.167,-6.457,1.475,否,306371334,250198808,3373148387.34,2754688876.08,93.851327,2.300259,2.058058,11.31,11.49,11.45,11.23,11.11,11.73,11.42,2016-09-08,-
2026-02-03,300543,朗科智能,消费电子,11.12,11.3,11.05,11.26,11.05,5116500,57202800.0,2.04,2.27,2.27,否,0.71,0.178,-2.763,-2.679,3.493,否,306371334,250198808,3449741220.84,2817238578.08,95.982375,2.35249,2.10479,11.24,11.46,11.46,11.26,11.1,11.72,11.43,2016-09-08,-
2026-02-04,300543,朗科智能,消费电子,11.24,11.33,11.06,11.15,11.06,4193200,46844757.0,1.68,-0.98,2.4,否,0.63,-1.415,-4.045,-4.21,3.336,否,306371334,250198808,3416040374.1,2789716709.2,95.044714,2.329508,2.084228,11.19,11.41,11.47,11.28,11.09,11.71,11.43,2016-09-08,-
2026-02-05,300543,朗科智能,消费电子,11.09,11.18,10.95,10.95,10.95,4305300,47569162.0,1.72,-1.79,2.06,否,0.71,-0.545,-3.694,-6.729,-1.173,否,306371334,250198808,3354766107.3,2739676947.6,93.339876,2.287723,2.046843,11.14,11.34,11.46,11.29,11.08,11.69,11.43,2016-09-08,-
2026-02-06,300543,朗科智能,消费电子,10.9,11.17,10.88,11.08,10.88,4523800,50086413.0,1.81,1.19,2.65,否,0.8,-1.599,-1.423,-6.577,-0.36,否,306371334,250198808,3394594380.72,2772202792.64,94.44802,2.314883,2.071143,11.09,11.26,11.46,11.31,11.07,11.68,11.44,2016-09-08,-
2026-02-09,300543,朗科智能,消费电子,11.21,11.26,11.16,11.23,11.16,3581600,40203165.0,1.43,1.35,0.9,否,0.7,0.717,-0.707,-3.022,1.629,否,306371334,250198808,3440550080.82,2809732613.84,95.726649,2.346222,2.099182,11.13,11.22,11.44,11.32,11.06,11.67,11.44,2016-09-08,-
2026-02-10,300543,朗科智能,消费电子,11.26,11.36,11.22,11.24,11.22,4014800,45314192.0,1.6,0.09,1.25,否,0.92,2.648,2.089,-3.27,1.627,否,306371334,250198808,3443613794.16,2812234601.92,95.811891,2.348311,2.101051,11.13,11.18,11.43,11.33,11.06,11.67,11.44,2016-09-08,-
2026-02-11,300543,朗科智能,消费电子,11.23,11.3,11.18,11.23,11.18,3085000,34690320.0,1.23,-0.09,1.07,否,0.75,1.354,-0.266,-1.231,2.557,否,306371334,250198808,3440550080.82,2809732613.84,95.726649,2.346222,2.099182,11.15,11.17,11.4,11.35,11.05,11.65,11.44,2016-09-08,-
2026-02-12,300543,朗科智能,消费电子,11.26,11.3,11.1,11.26,11.1,4127200,46412400.0,1.65,0.27,1.78,否,1.06,0.267,0.987,0.178,1.716,否,306371334,250198808,3449741220.84,2817238578.08,95.982375,2.35249,2.10479,11.21,11.17,11.39,11.35,11.04,11.64,11.44,2016-09-08,-
2026-02-13,300543,朗科智能,消费电子,11.26,11.38,11.23,11.25,11.23,4731700,53527595.0,1.89,-0.09,1.33,否,1.22,0.089,2.74,-0.531,0.536,否,306371334,250198808,3446677507.5,2814736590.0,95.897133,2.3504,2.102921,11.24,11.17,11.37,11.36,11.04,11.63,11.44,2016-09-08,-
2026-02-24,300543,朗科智能,消费电子,11.48,11.62,11.39,11.41,11.39,9242800,106291642.0,3.69,1.42,2.04,否,2.37,1.603,2.978,3.633,-0.955,否,306371334,250198808,3495696920.94,2854768399.28,97.261003,2.383828,2.132829,11.28,11.21,11.35,11.37,11.05,11.62,11.44,2016-09-08,-
2026-02-25,300543,朗科智能,消费电子,11.45,11.53,11.39,11.46,11.39,5688500,65250792.0,2.27,0.44,1.23,否,1.13,1.776,2.048,1.776,-0.521,否,306371334,250198808,3511015487.64,2867278339.68,97.687212,2.394275,2.142175,11.32,11.23,11.34,11.38,11.07,11.61,11.44,2016-09-08,-
2026-02-26,300543,朗科智能,消费电子,11.45,11.58,11.45,11.55,11.45,5826400,67178620.0,2.33,0.79,1.13,否,1.08,2.667,2.758,3.587,-1.952,否,306371334,250198808,3538588907.7,2889796232.4,98.45439,2.413078,2.158999,11.39,11.27,11.34,11.4,11.08,11.6,11.45,2016-09-08,-
2026-02-27,300543,朗科智能,消费电子,11.56,11.56,11.4,11.5,11.4,4873300,55817597.0,1.95,-0.43,1.39,否,0.82,0.789,2.404,5.023,0.0,否,306371334,250198808,3523270341.0,2877286292.0,98.02818,2.402632,2.149652,11.43,11.32,11.33,11.42,11.1,11.59,11.45,2016-09-08,-
2026-03-02,300543,朗科智能,消费电子,11.21,11.37,10.85,10.87,10.85,10537900,116184340.0,4.21,-5.48,4.52,否,1.74,-5.148,-3.464,-1.895,-6.935,否,306371334,250198808,3330256400.58,2719661042.96,92.657941,2.271009,2.031889,11.36,11.3,11.28,11.41,11.1,11.58,11.45,2016-09-08,-
2026-03-03,300543,朗科智能,消费电子,10.85,11.02,10.37,10.4,10.37,8451300,90018389.0,3.38,-4.32,5.98,否,1.17,-9.957,-7.556,-7.391,-11.64,否,306371334,250198808,3186261873.6,2602067603.2,88.651572,2.172815,1.944033,11.16,11.22,11.22,11.37,11.09,11.56,11.44,2016-09-08,-
2026-03-04,300543,朗科智能,消费电子,10.31,10.64,10.2,10.46,10.2,6857900,71562195.0,2.74,0.58,4.23,否,0.97,-9.043,-8.326,-6.94,-9.594,否,306371334,250198808,3204644153.64,2617079531.68,89.163023,2.18535,1.955249,10.96,11.14,11.16,11.33,11.09,11.55,11.43,2016-09-08,-
2026-03-05,300543,朗科智能,消费电子,10.68,11.08,10.67,10.84,10.67,10959200,119725016.0,4.38,3.63,3.92,否,1.5,-0.276,-5.41,-3.473,-6.873,否,306371334,250198808,3321065260.56,2712155078.72,92.402215,2.264741,2.026281,10.81,11.1,11.14,11.3,11.08,11.54,11.42,2016-09-08,-
2026-03-06,300543,朗科智能,消费电子,10.75,10.95,10.7,10.84,10.7,5795800,62692852.0,2.32,0.0,2.31,否,0.7,4.231,-6.147,-3.73,-7.666,否,306371334,250198808,3321065260.56,2712155078.72,92.402215,2.264741,2.026281,10.68,11.06,11.12,11.28,11.08,11.53,11.41,2016-09-08,-
2026-03-09,300543,朗科智能,消费电子,10.66,10.79,10.45,10.77,10.45,5829900,61860102.0,2.33,-0.65,3.14,否,0.68,2.964,-6.348,-4.267,-9.191,否,306371334,250198808,3299619267.18,2694641162.16,91.805522,2.250117,2.013196,10.66,11.01,11.09,11.25,11.08,11.53,11.4,2016-09-08,-
2026-03-10,300543,朗科智能,消费电子,10.86,11.06,10.84,11.03,10.84,5507200,60487229.0,2.2,2.41,2.04,否,0.73,1.753,1.472,-3.33,-4.75,否,306371334,250198808,3379275814.02,2759692852.24,94.021811,2.304437,2.061797,10.79,10.97,11.09,11.22,11.09,11.52,11.39,2016-09-08,-
2026-03-11,300543,朗科智能,消费电子,11.03,11.08,10.87,10.93,10.87,3657300,40103478.0,1.46,-0.91,1.9,否,0.52,0.83,5.096,-4.625,-5.938,否,306371334,250198808,3348638680.62,2734672971.44,93.169392,2.283545,2.043104,10.88,10.92,11.07,11.2,11.09,11.52,11.38,2016-09-08,-
2026-03-12,300543,朗科智能,消费电子,10.9,10.99,10.76,10.77,10.76,3576700,38793605.0,1.43,-1.46,2.1,否,0.56,0.0,2.964,-6.753,-5.277,否,306371334,250198808,3299619267.18,2694641162.16,91.805522,2.250117,2.013196,10.87,10.84,11.05,11.17,11.08,11.51,11.37,2016-09-08,-
2026-03-13,300543,朗科智能,消费电子,10.76,10.91,10.68,10.7,10.68,3261900,35241914.0,1.3,-0.65,2.14,否,0.67,-2.992,-1.292,-6.957,-4.804,否,306371334,250198808,3278173273.8,2677127245.6,91.208828,2.235492,2.000111,10.84,10.76,11.04,11.14,11.08,11.49,11.36,2016-09-08,-
2026-03-16,300543,朗科智能,消费电子,10.77,10.81,10.63,10.81,10.63,2813200,30167191.0,1.12,1.03,1.68,否,0.64,-1.098,-0.277,-0.552,-4.421,否,306371334,250198808,3311874120.54,2704649114.48,92.146489,2.258474,2.020673,10.85,10.76,11.03,11.1,11.08,11.48,11.36,2016-09-08,-
2026-03-17,300543,朗科智能,消费电子,10.94,10.94,10.41,10.41,10.41,4854200,51606487.0,1.94,-3.7,4.9,否,1.29,-3.343,-3.343,0.096,-5.45,否,306371334,250198808,3189325586.94,2604569591.28,88.736813,2.174904,1.945903,10.72,10.76,10.99,11.07,11.07,11.46,11.34,2016-09-08,-
2026-03-18,300543,朗科智能,消费电子,10.5,10.79,10.46,10.75,10.46,4982200,53000486.0,1.99,3.27,3.17,否,1.37,0.467,-2.539,2.772,-4.529,否,306371334,250198808,3293491840.5,2689637186.0,91.635038,2.245938,2.009458,10.69,10.79,10.96,11.04,11.08,11.44,11.33,2016-09-08,-
2026-03-19,300543,朗科智能,消费电子,10.65,10.74,10.48,10.54,10.48,4193100,44430948.0,1.68,-1.95,2.42,否,1.08,-2.498,-3.568,-2.768,-5.471,否,306371334,250198808,3229153860.36,2637095436.32,89.844958,2.202064,1.970203,10.64,10.76,10.93,11.01,11.08,11.42,11.31,2016-09-08,-
2026-03-20,300543,朗科智能,消费电子,10.65,10.65,10.13,10.16,10.13,6529000,67346444.0,2.61,-3.61,4.93,否,1.62,-2.402,-5.664,-6.273,-7.215,否,306371334,250198808,3112732753.44,2542019889.28,86.605766,2.122673,1.899171,10.53,10.69,10.87,10.97,11.07,11.4,11.3,2016-09-08,-
2026-03-23,300543,朗科智能,消费电子,10.4,11.15,10.38,10.51,10.38,34819000,374920554.0,13.92,3.44,7.58,否,7.45,-2.233,-1.776,-2.414,-5.144,否,306371334,250198808,3219962720.34,2629589472.08,89.589232,2.195796,1.964595,10.47,10.66,10.84,10.95,11.08,11.37,11.28,2016-09-08,-
2026-03-24,300543,朗科智能,消费电子,10.78,10.99,10.22,10.59,10.22,21173100,224328917.0,8.46,0.76,7.33,否,1.91,0.474,-2.035,-3.989,-5.699,否,306371334,250198808,3244472427.06,2649605376.72,90.271168,2.21251,1.979549,10.51,10.62,10.79,10.93,11.08,11.35,11.27,2016-09-08,-
2026-03-25,300543,朗科智能,消费电子,10.49,10.66,10.32,10.4,10.32,15434900,161796262.0,6.17,-1.79,3.21,否,1.08,2.362,-0.096,-4.849,-7.473,否,306371334,250198808,3186261873.6,2602067603.2,88.651572,2.172815,1.944033,10.44,10.56,10.74,10.9,11.08,11.32,11.26,2016-09-08,-
2026-03-26,300543,朗科智能,消费电子,10.45,10.49,9.76,9.81,9.76,16941900,170605478.0,6.77,-5.67,7.02,否,1.03,-6.66,-8.744,-8.914,-12.645,否,306371334,250198808,3005502786.54,2454450306.48,83.6223,2.049549,1.833747,10.29,10.47,10.65,10.86,11.07,11.3,11.24,2016-09-08,-
2026-03-27,300543,朗科智能,消费电子,9.58,9.85,9.51,9.84,9.51,7427500,72383471.0,2.97,0.31,3.47,否,0.39,-7.082,-6.641,-8.037,-12.611,否,306371334,250198808,3014693926.56,2461956270.72,83.878025,2.055817,1.839355,10.23,10.38,10.57,10.82,11.06,11.26,11.23,2016-09-08,-
2026-03-30,300543,朗科智能,消费电子,9.7,9.74,9.43,9.7,9.43,6643200,63784302.0,2.66,-1.42,3.15,否,0.35,-6.731,-4.528,-10.268,-13.778,否,306371334,250198808,2971801939.8,2426928437.6,82.684639,2.026567,1.813185,10.07,10.27,10.51,10.78,11.04,11.23,11.21,2016-09-08,-
2026-03-31,300543,朗科智能,消费电子,9.65,9.84,9.57,9.59,9.57,6173800,59954107.0,2.47,-1.13,2.78,否,0.46,-2.243,-8.754,-7.877,-15.951,否,306371334,250198808,2938101093.06,2399406568.72,81.746978,2.003586,1.792623,9.87,10.19,10.47,10.72,11.02,11.2,11.2,2016-09-08,-
2026-04-01,300543,朗科智能,消费电子,9.8,9.85,9.59,9.7,9.59,6682900,64677615.0,2.67,1.15,2.71,否,0.63,-1.423,-8.404,-9.767,-15.358,否,306371334,250198808,2971801939.8,2426928437.6,82.684639,2.026567,1.813185,9.73,10.08,10.43,10.67,11.0,11.17,11.18,2016-09-08,-
2026-04-02,300543,朗科智能,消费电子,9.62,9.65,9.33,9.38,9.33,6922500,65698237.0,2.77,-3.3,3.3,否,0.79,-3.299,-9.808,-11.006,-18.788,否,306371334,250198808,2873763112.92,2346864819.04,79.956898,1.959712,1.753369,9.64,9.97,10.36,10.61,10.98,11.15,11.17,2016-09-08,-
2026-04-03,300543,朗科智能,消费电子,9.45,9.45,9.0,9.05,9.0,6031800,55208035.0,2.41,-3.52,4.8,否,0.89,-5.631,-7.747,-10.925,-21.304,否,306371334,250198808,2772660572.7,2264299212.4,77.143916,1.890767,1.691683,9.48,9.86,10.27,10.53,10.94,11.11,11.16,2016-09-08,-
2026-04-07,300543,朗科智能,消费电子,9.14,9.56,9.05,9.43,9.05,9392900,88356640.0,3.75,4.2,5.64,否,1.45,-2.784,-4.167,-10.276,-13.247,否,306371334,250198808,2889081679.62,2359374759.44,80.383108,1.970158,1.762715,9.43,9.75,10.21,10.47,10.91,11.08,11.15,2016-09-08,-
2026-04-08,300543,朗科智能,消费电子,9.61,9.85,9.57,9.84,9.57,7559600,73439218.0,3.02,4.35,2.97,否,1.07,4.904,1.443,-7.082,-5.385,否,306371334,250198808,3014693926.56,2461956270.72,83.878025,2.055817,1.839355,9.48,9.67,10.15,10.42,10.89,11.06,11.14,2016-09-08,-
2026-04-09,300543,朗科智能,消费电子,9.75,9.83,9.63,9.65,9.63,4807600,46671432.0,1.92,-1.93,2.03,否,0.66,6.63,0.626,-7.212,-7.744,否,306371334,250198808,2956483373.1,2414418497.2,82.258429,2.016121,1.803839,9.47,9.6,10.08,10.36,10.87,11.04,11.14,2016-09-08,-
2026-04-10,300543,朗科智能,消费电子,9.75,9.88,9.71,9.81,9.71,4146100,40735464.0,1.66,1.66,1.76,否,0.6,4.03,1.134,0.0,-9.502,否,306371334,250198808,3005502786.54,2454450306.48,83.6223,2.049549,1.833747,9.56,9.6,10.03,10.3,10.85,11.02,11.13,2016-09-08,-
2026-04-13,300543,朗科智能,消费电子,9.78,9.84,9.65,9.72,9.72,3908000,37985760.0,1.562,,,否,,,,,,否,306371334,250198808,2977929366.48,2431932413.76,,,,9.69,9.587,9.9845,10.243333333333334,10.8295,11.000166666666669,11.12192,2016-09-08,-
2026-04-14,300543,朗科智能,消费电子,9.77,9.82,9.63,9.75,9.75,3406600,33214350.0,1.3616,,,否,,,,,,否,306371334,250198808,2987120506.5,2439438378.0,,,,9.754,9.592,9.9315,10.206,10.8055,10.981416666666666,11.11604,2016-09-08,-
2026-04-15,300543,朗科智能,消费电子,9.79,9.81,9.6,9.63,9.63,3821400,36800082.0,1.5273,,,否,,,,,,否,306371334,250198808,2950355946.42,2409414521.04,,,,9.712,9.596,9.892500000000002,10.180333333333332,10.774,10.964333333333332,11.109,2016-09-08,-
2026-04-16,300543,朗科智能,消费电子,9.65,9.82,9.62,9.79,9.79,3861800,37807022.0,1.5435,,,否,,,,,,否,306371334,250198808,2999375359.86,2449446330.32,,,,9.74,9.605,9.8445,10.158,10.745166666666668,10.952083333333333,11.10376,2016-09-08,-
2026-04-17,300543,朗科智能,消费电子,9.85,9.85,9.71,9.81,9.81,4401700,43180677.0,1.7593,,,否,,,,,,否,306371334,250198808,3005502786.54,2454450306.48,,,,9.739999999999998,9.648,9.808,10.123666666666669,10.712333333333332,10.937166666666666,11.10748,2016-09-08,-
2026-04-20,300543,朗科智能,消费电子,9.86,9.87,9.78,9.84,9.84,4096900,40313496.0,1.6375,,,否,,,,,,否,306371334,250198808,3014693926.56,2461956270.72,,,,9.764,9.727,9.792,10.090333333333332,10.684666666666669,10.921333333333331,11.11084,2016-09-08,-
2026-04-21,300543,朗科智能,消费电子,9.84,9.88,9.7,9.82,9.82,3591900,35272458.0,1.4356,,,否,,,,,,否,306371334,250198808,3008566499.88,2456952294.56,,,,9.778,9.766,9.7575,10.058666666666666,10.653666666666664,10.905333333333331,11.11324,2016-09-08,-
2026-04-22,300543,朗科智能,消费电子,9.81,9.84,9.73,9.84,9.84,3166000,31153440.0,1.2654,,,否,,,,,,否,306371334,250198808,3014693926.56,2461956270.72,,,,9.82,9.766,9.72,10.019,10.6215,10.889333333333331,11.11416,2016-09-08,-
2026-04-23,300543,朗科智能,消费电子,9.84,9.84,9.5,9.54,9.54,6253300,59656482.0,2.4993,,,否,,,,,,否,306371334,250198808,2922782526.36,2386896628.32,,,,9.77,9.755,9.677,9.972666666666669,10.587666666666667,10.8675,11.11372,2016-09-08,-
2026-04-24,300543,朗科智能,消费电子,9.15,9.22,8.8,9.08,9.08,14029300,127386044.0,5.6073,,,否,,,,,,否,306371334,250198808,2781851712.72,2271805176.64,,,,9.624,9.682,9.6405,9.916333333333334,10.545,10.8415,11.11064,2016-09-08,-
2026-04-27,300543,朗科智能,消费电子,9.26,9.47,8.97,9.42,9.42,10814300,101870706.0,4.3223,,,否,,,,,,否,306371334,250198808,2886017966.28,2356872771.36,,,,9.54,9.652,9.6195,9.873666666666669,10.506333333333334,10.82125,11.10876,2016-09-08,-
2026-04-28,300543,朗科智能,消费电子,9.35,9.44,9.23,9.27,9.27,7340100,68042727.0,2.9337,,,否,,,,,,否,306371334,250198808,2840062266.18,2319342950.16,,,,9.43,9.604,9.598,9.822333333333336,10.463166666666668,10.80075,11.107359999999998,2016-09-08,-
2026-04-29,300543,朗科智能,消费电子,9.27,9.73,9.17,9.56,9.56,8238600,78761016.0,3.2928,,,否,,,,,,否,306371334,250198808,2928909953.04,2391900604.48,,,,9.374,9.597,9.5965,9.794000000000002,10.4295,10.784666666666665,11.10684,2016-09-08,-
2026-04-30,300543,朗科智能,消费电子,9.63,9.71,9.56,9.7,9.7,4774600,46313620.0,1.9083,,,否,,,,,,否,306371334,250198808,2971801939.8,2426928437.6,,,,9.406,9.588,9.5965,9.759000000000002,10.3975,10.76825,11.10652,2016-09-08,-
2026-05-06,300543,朗科智能,消费电子,9.74,9.83,9.58,9.6,9.6,5907800,56714880.0,2.3612,,,否,,,,,,否,306371334,250198808,2941164806.4,2401908556.8,,,,9.510000000000002,9.567,9.6075,9.727666666666666,10.368,10.749583333333332,11.1046,2016-09-08,-
2026-05-07,300543,朗科智能,消费电子,9.63,9.77,9.6,9.7,9.7,4829100,46842270.0,1.9301,,,否,,,,,,否,306371334,250198808,2971801939.8,2426928437.6,,,,9.566,9.553,9.64,9.712333333333332,10.342333333333332,10.734,11.1034,2016-09-08,-
2026-05-08,300543,朗科智能,消费电子,9.63,9.89,9.63,9.89,9.89,5905500,58405395.0,2.3603,,,否,,,,,,否,306371334,250198808,3030012493.26,2474466211.12,,,,9.69,9.56,9.663,9.691666666666666,10.318666666666669,10.718916666666669,11.1018,2016-09-08,-
2026-05-11,300543,朗科智能,消费电子,9.92,9.94,9.78,9.86,9.86,4491300,44284218.0,1.7951,,,否,,,,,,否,306371334,250198808,3020821353.24,2466960246.88,,,,9.75,9.562,9.664,9.667333333333335,10.2995,10.703083333333332,11.10092,2016-09-08,-
2026-05-12,300543,朗科智能,消费电子,9.87,9.87,9.57,9.6,9.6,5053200,48510720.0,2.0197,,,否,,,,,,否,306371334,250198808,2941164806.4,2401908556.8,,,,9.73,9.568,9.6615,9.640666666666666,10.271833333333335,10.685416666666669,11.09912,2016-09-08,-
2026-05-13,300543,朗科智能,消费电子,9.6,9.8,9.53,9.68,9.68,4281100,41441048.0,1.7111,,,否,,,,,,否,306371334,250198808,2965674513.12,2421924461.44,,,,9.746,9.628,9.655,9.636333333333331,10.247333333333332,10.66875,11.09816,2016-09-08,-
2026-05-14,300543,朗科智能,消费电子,9.7,9.76,9.42,9.49,9.49,4796100,45514989.0,1.9169,,,否,,,,,,否,306371334,250198808,2907463959.66,2374386687.92,,,,9.704,9.635,9.6435,9.624666666666666,10.223,10.650333333333332,11.09588,2016-09-08,-
2026-05-15,300543,朗科智能,消费电子,9.55,9.63,9.37,9.52,9.52,6747900,64240008.0,2.697,,,否,,,,,,否,306371334,250198808,2916655099.68,2381892652.16,,,,9.63,9.66,9.632,9.618666666666666,10.197,10.633333333333333,11.09284,2016-09-08,-
2026-05-18,300543,朗科智能,消费电子,9.46,9.62,9.34,9.61,9.61,4283800,41167318.0,1.7122,,,否,,,,,,否,306371334,250198808,2944228519.74,2404410544.88,,,,9.58,9.665,9.630999999999998,9.619333333333334,10.169999999999998,10.6165,11.0886,2016-09-08,-
2026-05-19,300543,朗科智能,消费电子,9.6,9.79,9.55,9.69,9.69,5316000,51512040.0,2.1247,,,否,,,,,,否,306371334,250198808,2968738226.46,2424426449.52,,,,9.598,9.663999999999998,9.626,9.619,10.144166666666669,10.600166666666668,11.08464,2016-09-08,-
2026-05-20,300543,朗科智能,消费电子,9.66,9.73,9.38,9.44,9.44,4653300,43927152.0,1.8598,,,否,,,,,,否,306371334,250198808,2892145392.96,2361876747.52,,,,9.55,9.648,9.607499999999998,9.621,10.114333333333333,10.58025,11.0794,2016-09-08,-
2026-05-21,300543,朗科智能,消费电子,9.52,9.65,9.14,9.15,9.15,6671400,61043310.0,2.6664,,,否,,,,,,否,306371334,250198808,2803297706.1,2289319093.2,,,,9.482,9.593,9.573,9.624333333333333,10.079166666666667,10.559583333333334,11.0736,2016-09-08,-
2026-05-22,300543,朗科智能,消费电子,9.22,9.43,8.99,9.36,9.36,6245000,58453200.0,2.496,,,否,,,,,,否,306371334,250198808,2867635686.24,2341860842.88,,,,9.45,9.54,9.55,9.621999999999998,10.047666666666666,10.543833333333334,11.06792,2016-09-08,-
2026-05-25,300543,朗科智能,消费电子,9.35,9.51,9.15,9.23,9.23,5239100,48356893.0,2.094,,,否,,,,,,否,306371334,250198808,2827807412.82,2309334997.84,,,,9.374,9.477,9.5195,9.601666666666668,10.011333333333331,10.530333333333331,11.06228,2016-09-08,-
2026-05-26,300543,朗科智能,消费电子,9.65,9.85,9.27,9.48,9.48,16678600,158113128.0,6.6661,,,否,,,,,,否,306371334,250198808,2904400246.32,2371884699.84,,,,9.332,9.465,9.5165,9.596,9.978333333333332,10.52275,11.05808,2016-09-08,-
2026-05-27,300543,朗科智能,消费电子,9.34,9.34,8.82,8.89,8.89,13337200,118567708.0,5.3306,,,否,,,,,,否,306371334,250198808,2723641159.26,2224267403.12,,,,9.222,9.386,9.507,9.565333333333337,9.934,10.508166666666666,11.05208,2016-09-08,-
2026-05-28,300543,朗科智能,消费电子,8.78,9.12,8.62,8.86,8.86,7377700,65366422.0,2.9487,,,否,,,,,,否,306371334,250198808,2714450019.24,2216761438.88,,,,9.164,9.323,9.479,9.536666666666669,9.89,10.492583333333332,11.04568,2016-09-08,-
2026-05-29,300543,朗科智能,消费电子,8.93,8.97,8.37,8.44,8.44,6925500,58451220.0,2.768,,,否,,,,,,否,306371334,250198808,2585774058.96,2111677939.52,,,,8.98,9.215,9.4375,9.493,9.8495,10.474333333333334,11.03724,2016-09-08,-
2026-06-01,300543,朗科智能,消费电子,8.42,9.03,8.35,8.79,8.79,8284100,72817239.0,3.311,,,否,,,,,,否,306371334,250198808,2693004025.86,2199247522.32,,,,8.892,9.133,9.399,9.465,9.822666666666668,10.457583333333332,11.02992,2016-09-08,-
2026-06-02,300543,朗科智能,消费电子,8.79,9.02,8.48,8.58,8.58,6636100,56937738.0,2.6523,,,否,,,,,,否,306371334,250198808,2628666045.72,2146705772.64,,,,8.712,9.022,9.343,9.424666666666663,9.791333333333332,10.4385,11.02256,2016-09-08,-
2026-06-03,300543,朗科智能,消费电子,8.59,8.9,8.5,8.61,8.61,5143600,44286396.0,2.0558,,,否,,,,,,否,306371334,250198808,2637857185.74,2154211736.88,,,,8.656,8.939,9.2935,9.384666666666666,9.754166666666666,10.418333333333331,11.0162,2016-09-08,-
2026-06-04,300543,朗科智能,消费电子,8.53,8.68,8.47,8.56,8.56,4636700,39690152.0,1.8532,,,否,,,,,,否,306371334,250198808,2622538619.04,2141701796.48,,,,8.596,8.879999999999999,9.2365,9.342,9.716166666666668,10.398583333333333,11.010599999999998,2016-09-08,-
2026-06-05,300543,朗科智能,消费电子,8.51,8.96,8.3,8.77,8.77,8252200,72371794.0,3.2983,,,否,,,,,,否,306371334,250198808,2686876599.18,2194243546.16,,,,8.662,8.821,9.1805,9.307,9.682833333333331,10.382083333333332,11.00532,2016-09-08,-
2026-06-08,300543,朗科智能,消费电子,8.66,8.79,8.31,8.42,8.42,6762300,56938566.0,2.7028,,,否,,,,,,否,306371334,250198808,2579646632.28,2106673963.36,,,,8.588,8.739999999999998,9.1085,9.259666666666666,9.639333333333331,10.362666666666666,10.999,2016-09-08,-
2026-06-09,300543,朗科智能,消费电子,8.49,8.75,8.29,8.52,8.52,7480200,63731304.0,2.9897,,,否,,,,,,否,306371334,250198808,2610283765.68,2131693844.16,,,,8.576,8.644,9.0545,9.225666666666664,9.599166666666669,10.34225,10.99356,2016-09-08,-
2026-06-10,300543,朗科智能,消费电子,8.46,8.53,8.05,8.23,8.23,6483400,53358382.0,2.5913,,,否,,,,,,否,306371334,250198808,2521436078.82,2059136189.84,,,,8.5,8.578,8.982,9.197333333333331,9.556833333333334,10.319166666666666,10.9858,2016-09-08,-
2026-06-11,300543,朗科智能,消费电子,8.15,8.21,7.94,8.05,8.05,4699100,37827755.0,1.8781,,,否,,,,,,否,306371334,250198808,2466289238.7,2014100404.4,,,,8.398,8.497,8.91,9.151666666666667,9.512666666666666,10.294833333333331,10.97824,2016-09-08,-
2026-06-12,300543,朗科智能,消费电子,8.16,8.32,8.02,8.13,8.13,5463400,44417442.0,2.1836,,,否,,,,,,否,306371334,250198808,2490798945.42,2034116309.04,,,,8.27,8.466,8.8405,9.113666666666663,9.468,10.272083333333336,10.971,2016-09-08,-
2026-06-15,300543,朗科智能,消费电子,8.17,8.34,8.11,8.19,8.19,4579700,37507743.0,1.8304,,,否,,,,,,否,306371334,250198808,2509181225.46,2049128237.52,,,,8.224,8.406,8.7695,9.068,9.431,10.251833333333332,10.96376,2016-09-08,-
2026-06-16,300543,朗科智能,消费电子,8.19,8.24,7.9,8.15,8.15,5872100,47857615.0,2.347,,,否,,,,,,否,306371334,250198808,2496926372.1,2039120285.2,,,,8.15,8.363000000000001,8.6925,9.016333333333334,9.387666666666668,10.231583333333331,10.95556,2016-09-08,-
2026-06-17,300543,朗科智能,消费电子,8.09,8.14,7.9,7.95,8.15,5610183,44600954.85,2.2423,,,否,,,,,,否,306371334,250198808,2435652105.3,1989080523.6,,,,8.09,8.3,8.62,8.96,9.34,10.21,10.95,2016-09-08,-
2026-06-18,300543,朗科智能,消费电子,7.9,8.03,7.74,7.9,7.95,5439133,42969150.7,2.1739,,,否,,,,,,否,306371334,250198808,2420333538.6,1976570583.2,,,,8.06,8.23,8.56,8.9,9.31,10.19,10.94,2016-09-08,-
2026-06-22,300543,朗科智能,消费电子,7.9,8.0,7.54,8.0,7.99,7647338,61178704.0,3.0565,,,否,,,,,,否,306371334,250198808,2450970672.0,2001590464.0,,,,8.0,8.11,8.43,8.78,9.22,10.15,10.92,2016-09-08,-
2026-06-23,300543,朗科智能,消费电子,7.97,8.12,7.86,7.99,8.0,5081989,40605092.11,2.0312,,,否,,,,,,否,306371334,250198808,2447906958.66,1999088475.92,,,,8.0,8.11,8.43,8.78,9.22,10.15,10.92,2016-09-08,-
2026-06-24,300543,朗科智能,消费电子,7.99,8.04,7.49,7.59,7.99,7041292,53443406.28,2.8143,,,否,,,,,,否,306371334,250198808,2325358425.06,1899008952.72,,,,7.89,8.02,8.33,8.71,9.17,10.13,10.91,2016-09-08,-
2026-06-25,300543,朗科智能,消费电子,7.58,7.64,7.32,7.46,7.59,6846904,51077903.84,2.7366,,,否,,,,,,否,306371334,250198808,2285530151.64,1866483107.68,,,,7.79,7.94,8.26,8.63,9.14,10.1,10.9,2016-09-08,-
2026-06-26,300543,朗科智能,消费电子,7.46,7.48,7.21,7.25,7.46,6850900,49669025.0,2.7382,,,否,,,,,,否,306371334,250198808,2221192171.5,1813941358.0,,,,7.66,7.86,8.18,8.56,9.09,10.07,10.89,2016-09-08,-
2026-06-29,300543,朗科智能,消费电子,7.24,7.35,7.01,7.17,7.25,7569100,54270447.0,3.0252,,,否,,,,,,否,306371334,250198808,2196682464.78,1793925453.36,,,,7.49,7.76,8.12,8.48,9.05,10.05,10.87,2016-09-08,-
2026-06-30,300543,朗科智能,消费电子,7.26,7.45,7.14,7.36,7.36,7429500,54681120.0,2.9694,,,否,,,,,,否,306371334,250198808,2254893018.24,1841463226.88,,,,7.32,7.6,7.98,8.33,8.97,9.99,10.85,2016-09-08,-
2026-07-01,300543,朗科智能,消费电子,7.26,7.45,7.14,7.36,7.36,7429500,54681120.00,2.9694,,,否,,,,,,否,306371334,250198808,2254893018.24,1841463226.88,,,,7.32,7.60,7.98,8.33,8.97,9.99,10.85,2016-09-08,-
2026-07-02,300543,朗科智能,消费电子,7.31,7.52,7.18,7.22,7.36,7241100,52280742.00,2.8941,,,否,,,,,,否,306371334,250198808,2212001031.48,1806435393.76,,,,7.27,7.53,7.91,8.26,8.94,9.96,10.84,2016-09-08,-
2026-07-03,300543,朗科智能,消费电子,8.03,8.25,7.44,7.83,7.22,23040300,180405549.00,9.2088,,,否,,,,,,否,306371334,250198808,2398887545.22,1959056666.64,,,,7.39,7.52,7.88,8.21,8.92,9.93,10.83,2016-09-08,-
2026-07-06,300543,朗科智能,消费电子,7.65,7.72,7.28,7.31,7.83,15443900,112894909.00,6.1727,,,否,,,,,,否,306371334,250198808,2239574451.54,1828953286.48,,,,7.42,7.45,7.80,8.14,8.88,9.90,10.82,2016-09-08,-
2026-07-07,300543,朗科智能,消费电子,7.29,7.38,7.07,7.08,7.31,8234300,58298844.00,3.2911,,,否,,,,,,否,306371334,250198808,2169109044.72,1771407560.64,,,,7.36,7.36,7.74,8.07,8.84,9.87,10.80,2016-09-08,-
2026-07-08,300543,朗科智能,消费电子,7.11,7.14,6.91,6.96,7.08,5094700,35459112.00,2.0363,,,否,,,,,,否,306371334,250198808,2132344484.64,1741383703.68,,,,7.28,7.30,7.66,7.99,8.79,9.83,10.79,2016-09-08,-
2026-07-09,300543,朗科智能,消费电子,6.92,7.03,6.75,6.89,6.96,5898400,40639976.00,2.3575,,,否,,,,,,否,306371334,250198808,2110898491.26,1723869787.12,,,,7.21,7.24,7.59,7.92,8.74,9.80,10.78,2016-09-08,-
2026-07-10,300543,朗科智能,消费电子,6.93,7.35,6.81,7.23,6.89,10120100,73168323.00,4.0448,,,否,,,,,,否,306371334,250198808,2215064744.82,1808937381.84,,,,7.09,7.24,7.55,7.87,8.70,9.77,10.76,2016-09-08,-
2026-07-13,300543,朗科智能,消费电子,7.17,7.21,6.73,6.79,7.23,7785900,52866261.00,3.1119,,,否,,,,,,否,306371334,250198808,2080261357.86,1698849906.32,,,,6.99,7.20,7.48,7.81,8.65,9.73,10.75,2016-09-08,-
2026-07-15,300543,朗科智能,消费电子,6.97,7.11,6.87,7.04,6.79,4380000,30835200.00,1.7506,,,否,,,,,,否,306371334,250198808,2156854191.36,1761399608.32,,,,6.98,7.17,7.43,7.75,8.61,9.69,10.73,2016-09-08,-
2026-07-16,300543,朗科智能,消费电子,6.98,7.25,6.91,7.14,7.04,4894400,34946016.00,1.9562,,,否,,,,,,否,306371334,250198808,2187491324.76,1786419489.12,,,,7.02,7.15,7.38,7.70,8.56,9.65,10.72,2016-09-08,-
2026-07-17,300543,朗科智能,消费电子,7.18,7.24,6.83,6.91,7.14,5785400,39977114.00,2.3123,,,否,,,,,,否,306371334,250198808,2117025917.94,1728873763.28,,,,7.02,7.12,7.32,7.65,8.52,9.61,10.70,2016-09-08,-
