日期,代码,名称,所属行业,开盘价,最高价,最低价,收盘价,前收盘价,成交量（股）,成交额（元）,换手率,涨幅%,振幅%,是否ST,量比,3日涨幅%,6日涨幅%,10日涨幅%,25日涨幅%,是否涨停,总股本（股）,流通股本（股）,总市值（元）,流通市值（元）,滚动市盈率,市净率,滚动市销率,5日线,10日线,20日线,30日线,60日线,120日线,250日线,上市时间,退市时间
2021-09-30,301073,君亭酒店,旅游酒店,13.08,14.26,11.98,12.39,11.98,13535085,408362636.44,70.9886,133.987,43.06,否,,,,,,否,80540000.0,19066558.0,2306665600.0,546066221.12,40.41841,7.828922,7.355006,2.48,1.24,0.62,0.41,0.21,0.1,0.05,2021-09-30,-
2021-10-08,301073,君亭酒店,旅游酒店,13.03,15.42,12.49,13.41,12.49,12490544,395907999.36,65.5102,8.275,23.64,否,0.92,,,,,否,80540000.0,19066558.0,2497545400.0,591253963.58,43.76309,8.476776,7.963643,5.16,2.58,1.29,0.86,0.43,0.22,0.1,2021-09-30,-
2021-10-11,301073,君亭酒店,旅游酒店,12.53,12.8,11.89,12.2,11.89,8471113,240762093.6,44.4292,-9.062,6.8,否,0.16,,,,,否,80540000.0,19066558.0,2271228000.0,537676935.6,39.797457,7.708645,7.24201,7.6,3.8,1.9,1.27,0.63,0.32,0.15,2021-09-30,-
2021-10-12,301073,君亭酒店,旅游酒店,12.0,12.78,11.6,12.07,11.6,7607975,212869149.99,39.9022,-1.064,9.68,否,0.07,-2.583,,,,否,80540000.0,19066558.0,2247066000.0,531956968.2,39.37408,7.626638,7.164968,10.01,5.01,2.5,1.67,0.83,0.42,0.2,2021-09-30,-
2021-10-13,301073,君亭酒店,旅游酒店,11.77,13.97,11.63,12.84,11.63,8718654,257117690.87,45.7275,6.416,19.39,否,0.05,-4.251,,,,否,80540000.0,19066558.0,2391232600.0,566086107.02,41.90023,8.115946,7.624656,12.58,6.29,3.15,2.1,1.05,0.52,0.25,2021-09-30,-
2021-10-14,301073,君亭酒店,旅游酒店,12.42,13.51,12.13,12.9,12.13,7486901,220601456.08,39.2672,0.438,10.71,否,0.74,5.738,,,,否,80540000.0,19066558.0,2401702800.0,568564759.56,42.083694,8.151482,7.658041,12.68,7.58,3.79,2.53,1.26,0.63,0.3,2021-09-30,-
2021-10-15,301073,君亭酒店,旅游酒店,13.15,14.24,12.8,12.8,12.8,6880007,212050886.64,36.0842,-0.738,11.17,否,0.77,6.048,3.309,,,否,80540000.0,19066558.0,2383984000.0,564370116.8,41.773217,8.091344,7.601543,12.56,8.86,4.43,2.95,1.48,0.74,0.35,2021-09-30,-
2021-10-18,301073,君亭酒店,旅游酒店,12.35,14.18,12.35,13.97,12.35,7601494,236479797.88,39.8682,9.122,14.36,否,0.97,8.801,4.176,,,否,80540000.0,19066558.0,2601442000.0,615849823.4,45.583612,8.829405,8.294927,12.92,10.26,5.13,3.42,1.71,0.85,0.41,2021-09-30,-
2021-10-19,301073,君亭酒店,旅游酒店,13.41,13.54,12.61,12.84,12.61,7141605,214399015.82,37.4562,-8.05,6.63,否,0.93,-0.465,5.246,,,否,80540000.0,19066558.0,2392038000.0,566276772.6,41.914343,8.118679,7.627224,13.07,11.54,5.77,3.85,1.92,0.96,0.46,2021-09-30,-
2021-10-20,301073,君亭酒店,旅游酒店,12.76,13.02,12.22,12.39,12.22,5502858,160208137.44,28.8613,-3.535,6.2,否,0.73,-3.203,2.651,,,否,80540000.0,19066558.0,2307471000.0,546256886.7,40.432523,7.831655,7.357574,12.98,12.78,6.39,4.26,2.13,1.07,0.51,2021-09-30,-
2021-10-21,301073,君亭酒店,旅游酒店,12.28,12.87,12.19,12.5,12.19,4454855,129196405.95,23.3648,0.873,5.45,否,0.64,-10.523,-2.648,0.888,,否,80540000.0,19066558.0,2327606000.0,551023526.2,40.785337,7.899994,7.421777,12.9,12.79,7.02,4.68,2.34,1.17,0.56,2021-09-30,-
2021-10-22,301073,君亭酒店,旅游酒店,12.41,12.76,12.2,12.4,12.2,4101935,117974929.62,21.5138,-0.761,4.5,否,0.65,-3.427,-3.876,-7.532,,否,80540000.0,19066558.0,2309887200.0,546828883.44,40.47486,7.839856,7.365279,12.82,12.69,7.64,5.09,2.55,1.27,0.61,2021-09-30,-
2021-10-25,301073,君亭酒店,旅游酒店,12.26,12.32,11.89,12.17,11.89,3680992,102889042.68,19.306,-1.848,3.45,否,0.64,-1.776,-4.922,-0.246,,否,80540000.0,19066558.0,2267201000.0,536723607.7,39.726894,7.694977,7.22917,12.46,12.69,8.24,5.5,2.75,1.37,0.66,2021-09-30,-
2021-10-26,301073,君亭酒店,旅游酒店,12.04,12.4,12.04,12.13,12.04,2713653,76479204.41,14.2325,-0.391,2.95,否,0.55,-2.96,-13.171,0.497,,否,80540000.0,19066558.0,2258341600.0,534626286.32,39.571656,7.664908,7.200921,12.32,12.69,8.85,5.9,2.95,1.48,0.71,2021-09-30,-
2021-10-27,301073,君亭酒店,旅游酒店,12.02,12.72,11.63,12.56,11.63,5085831,144439669.04,26.6741,3.602,8.95,否,1.24,1.29,-2.181,-2.181,,否,80540000.0,19066558.0,2339687000.0,553883509.9,40.997025,7.940998,7.460298,12.35,12.67,9.48,6.32,3.16,1.58,0.76,2021-09-30,-
2021-10-28,301073,君亭酒店,旅游酒店,11.89,12.1,11.13,11.54,11.13,6145792,163712620.66,32.2334,-8.158,7.75,否,1.53,-5.177,-6.86,-10.543,,否,80540000.0,19066558.0,2148807200.0,508695767.44,42.495543,4.377232,7.16373,12.16,12.53,10.06,6.7,3.35,1.68,0.8,2021-09-30,-
2021-10-29,301073,君亭酒店,旅游酒店,11.52,11.72,11.33,11.53,11.33,2666754,71247862.94,13.9866,-0.075,3.37,否,0.61,-4.946,-7.76,-9.922,,否,80540000.0,19066558.0,2147196400.0,508314436.28,42.463687,4.37395,7.15836,11.99,12.4,10.63,7.09,3.54,1.77,0.85,2021-09-30,-
2021-11-01,301073,君亭酒店,旅游酒店,11.24,11.37,10.88,11.2,10.88,2537770,65495078.36,13.3101,-2.813,4.31,否,0.63,-10.828,-9.677,-19.828,,否,80540000.0,19066558.0,2086791400.0,494014517.78,41.269097,4.250902,6.956981,11.79,12.13,11.19,7.46,3.73,1.87,0.9,2021-09-30,-
2021-11-02,301073,君亭酒店,旅游酒店,11.25,11.46,11.03,11.35,11.03,2122544,55239853.96,11.1323,1.312,3.82,否,0.55,-1.646,-6.738,-11.604,,否,80540000.0,19066558.0,2114175000.0,500497147.5,41.810645,4.306684,7.048273,11.64,11.98,11.76,7.84,3.92,1.96,0.94,2021-09-30,-
2021-11-03,301073,君亭酒店,旅游酒店,11.36,11.59,11.25,11.42,11.25,1730676,45611188.32,9.077,0.571,3.01,否,0.47,-0.954,-5.853,-7.829,,否,80540000.0,19066558.0,2126256000.0,503357131.2,42.049563,4.331294,7.088548,11.41,11.88,12.33,8.22,4.11,2.06,0.99,2021-09-30,-
2021-11-04,301073,君亭酒店,旅游酒店,11.37,11.7,11.27,11.51,11.27,1768107,46949850.68,9.2733,0.796,3.79,否,0.58,2.768,-8.36,-7.92,,否,80540000.0,19066558.0,2143169400.0,507361108.38,42.384048,4.365747,7.144935,11.4,11.78,12.29,8.6,4.3,2.15,1.03,2021-09-30,-
2021-11-05,301073,君亭酒店,旅游酒店,11.49,11.65,11.34,11.48,11.34,1954198,51854795.77,10.2493,-0.226,2.71,否,0.9,1.145,-0.52,-7.419,,否,80540000.0,19066558.0,2138337000.0,506217114.9,42.288481,4.355903,7.128824,11.39,11.69,12.19,8.99,4.49,2.25,1.08,2021-09-30,-
2021-11-08,301073,君亭酒店,旅游酒店,11.89,12.96,11.63,11.81,11.63,6300739,176689078.67,33.046,2.825,11.6,否,3.12,3.415,2.428,-2.958,,否,80540000.0,19066558.0,2198742000.0,520517033.4,43.48307,4.478951,7.330203,11.51,11.65,12.17,9.38,4.69,2.35,1.13,2021-09-30,-
2021-11-09,301073,君亭酒店,旅游酒店,11.68,12.48,11.64,12.04,11.64,5408724,150255751.31,28.3676,2.015,7.18,否,1.95,4.605,7.5,-0.742,,否,80540000.0,19066558.0,2243039000.0,531003640.3,44.359103,4.569187,7.477882,11.65,11.64,12.17,9.78,4.89,2.45,1.17,2021-09-30,-
2021-11-10,301073,君亭酒店,旅游酒店,11.75,11.96,11.62,11.79,11.62,2969577,80764930.4,15.5748,-2.083,2.8,否,0.87,2.7,3.877,-6.131,,否,80540000.0,19066558.0,2196325800.0,519945036.66,43.435287,4.474029,7.322148,11.73,11.57,12.12,10.17,5.09,2.54,1.22,2021-09-30,-
2021-11-11,301073,君亭酒店,旅游酒店,11.78,12.32,11.7,11.97,11.7,3274121,91231559.78,17.1721,1.54,5.24,否,0.89,1.355,4.816,3.726,-3.39,否,80540000.0,19066558.0,2230152600.0,527952991.02,44.104257,4.542936,7.434921,11.82,11.61,12.07,10.57,5.29,2.64,1.27,2021-09-30,-
2021-11-12,301073,君亭酒店,旅游酒店,11.92,12.76,11.86,12.56,11.86,4428400,126494381.4,23.226,4.912,7.48,否,1.11,4.319,9.123,8.933,-6.339,否,80540000.0,19066558.0,2339687000.0,553883509.9,46.270447,4.766064,7.800088,12.03,11.71,12.06,10.99,5.5,2.75,1.32,2021-09-30,-
2021-11-15,301073,君亭酒店,旅游酒店,12.48,13.13,12.46,12.86,12.46,4692525,138219024.26,24.6113,2.375,5.37,否,1.05,9.075,12.021,14.821,5.41,否,80540000.0,19066558.0,2395259600.0,567039434.92,47.369469,4.879268,7.985357,12.24,11.88,12.0,11.42,5.71,2.86,1.37,2021-09-30,-
2021-11-16,301073,君亭酒店,旅游酒店,12.76,12.9,12.33,12.37,12.33,3371300,97397465.72,17.6817,-3.833,4.37,否,0.81,3.342,4.742,8.987,2.486,否,80540000.0,19066558.0,2303444000.0,545303558.8,45.553693,4.692235,7.679261,12.31,11.98,11.98,11.83,5.92,2.96,1.42,2021-09-30,-
2021-11-17,301073,君亭酒店,旅游酒店,12.32,12.82,12.31,12.69,12.31,3703080,108098589.8,19.4219,2.622,4.16,否,0.99,1.035,5.399,11.121,-1.168,否,80540000.0,19066558.0,2363849000.0,559603477.3,46.748283,4.815283,7.88064,12.49,12.11,11.99,12.26,6.13,3.06,1.47,2021-09-30,-
2021-11-18,301073,君亭酒店,旅游酒店,12.54,12.89,12.36,12.36,12.36,2751717,80353247.02,14.4322,-2.624,4.16,否,0.71,-3.888,4.835,7.385,-4.186,否,80540000.0,19066558.0,2301833200.0,544922227.64,45.521837,4.688953,7.673891,12.57,12.19,11.99,12.26,6.33,3.17,1.52,2021-09-30,-
2021-11-19,301073,君亭酒店,旅游酒店,12.36,13.5,12.36,13.1,12.36,4780488,144152934.13,25.0726,5.983,9.17,否,1.26,5.901,9.44,14.111,2.344,否,80540000.0,19066558.0,2439556600.0,577526041.82,48.245502,4.969503,8.133035,12.68,12.36,12.02,12.25,6.55,3.28,1.57,2021-09-30,-
2021-11-22,301073,君亭酒店,旅游酒店,12.94,13.19,12.73,13.05,12.73,2585676,77424367.16,13.5613,-0.363,3.5,否,0.67,2.837,3.901,10.5,-6.586,否,80540000.0,19066558.0,2430697200.0,575428720.44,48.070295,4.951456,8.1035,12.71,12.48,12.07,12.27,6.77,3.39,1.62,2021-09-30,-
2021-11-23,301073,君亭酒店,旅游酒店,13.32,13.74,12.89,13.32,12.89,2991533,91745299.11,15.6899,2.021,6.53,否,0.87,7.767,3.577,10.631,3.738,否,80540000.0,19066558.0,2479826600.0,587059320.82,49.041895,5.051535,8.267288,12.9,12.61,12.13,12.32,6.99,3.5,1.68,2021-09-30,-
2021-11-24,301073,君亭酒店,旅游酒店,13.41,14.25,13.29,13.61,13.29,2977136,94376019.27,15.6144,2.209,7.18,否,0.89,3.893,10.024,15.437,9.847,否,80540000.0,19066558.0,2534593800.0,600024580.26,50.12499,5.163099,8.449872,13.09,12.79,12.18,12.34,7.22,3.61,1.73,2021-09-30,-
2021-11-25,301073,君亭酒店,旅游酒店,13.6,14.55,13.49,13.92,13.49,2997690,96711517.6,15.7222,2.32,7.75,否,0.93,6.667,9.693,16.291,11.36,否,80540000.0,19066558.0,2593388000.0,613943167.6,51.287724,5.282866,8.645881,13.4,12.98,12.3,12.37,7.45,3.73,1.79,2021-09-30,-
2021-11-26,301073,君亭酒店,旅游酒店,13.53,13.75,13.23,13.28,13.23,2146387,66663066.99,11.2573,-4.658,3.76,否,0.66,-0.3,7.443,5.732,7.097,否,80540000.0,19066558.0,2472578000.0,585343330.6,48.898544,5.036769,8.243123,13.44,13.06,12.38,12.39,7.67,3.84,1.84,2021-09-30,-
2021-11-29,301073,君亭酒店,旅游酒店,12.82,13.15,12.59,12.84,12.59,2214635,65866849.55,11.6153,-3.257,4.2,否,0.81,-5.658,-1.985,-0.156,5.505,否,80540000.0,19066558.0,2392038000.0,566276772.6,47.305758,4.872705,7.974617,13.39,13.05,12.47,12.35,7.89,3.94,1.89,2021-09-30,-
2021-11-30,301073,君亭酒店,旅游酒店,13.02,13.31,12.4,12.51,12.4,2359376,70159306.12,12.3744,-2.593,7.07,否,0.89,-10.129,-4.138,1.132,3.133,否,80540000.0,19066558.0,2330022200.0,551595522.94,46.079312,4.746376,7.767868,13.23,13.07,12.52,12.34,8.09,4.05,1.94,2021-09-30,-
2021-12-01,301073,君亭酒店,旅游酒店,12.57,12.88,12.43,12.8,12.43,1182680,34745587.68,6.2029,2.316,3.59,否,0.47,-3.614,-3.904,0.867,1.911,否,80540000.0,19066558.0,2383984000.0,564370116.8,47.146479,4.856299,7.947766,13.07,13.08,12.59,12.36,8.31,4.15,1.99,2021-09-30,-
2021-12-02,301073,君亭酒店,旅游酒店,12.72,13.03,12.49,12.52,12.49,971844,28446169.47,5.0971,-2.23,4.19,否,0.45,-2.492,-8.009,1.294,8.492,否,80540000.0,19066558.0,2330827600.0,551786188.52,46.09524,4.748017,7.770553,12.79,13.1,12.64,12.36,8.52,4.26,2.04,2021-09-30,-
2021-12-03,301073,君亭酒店,旅游酒店,12.69,13.02,12.52,12.84,12.52,1347168,39711488.4,7.0656,2.557,3.97,否,0.76,2.638,-7.759,-1.985,11.362,否,80540000.0,19066558.0,2390427200.0,565895441.44,47.273902,4.869424,7.969247,12.7,13.07,12.71,12.37,8.73,4.37,2.1,2021-09-30,-
2021-12-06,301073,君亭酒店,旅游酒店,12.71,13.52,12.65,13.35,12.65,2284047,69875596.22,11.9793,4.043,6.81,否,1.41,4.297,0.527,2.299,19.196,否,80540000.0,19066558.0,2487075200.0,588775311.04,49.185246,5.066301,8.291454,12.8,13.1,12.79,12.41,8.95,4.48,2.15,2021-09-30,-
2021-12-07,301073,君亭酒店,旅游酒店,13.32,14.87,13.32,14.34,13.32,3106363,102075321.56,16.2922,7.416,11.59,否,1.91,14.537,11.682,7.658,26.344,否,80540000.0,19066558.0,2671511800.0,632437728.86,52.832727,5.442008,8.906331,13.17,13.2,12.9,12.48,9.19,4.6,2.21,2021-09-30,-
2021-12-08,301073,君亭酒店,旅游酒店,14.34,14.87,13.91,14.74,13.91,2250008,74917170.61,11.8008,2.743,6.69,否,1.27,14.798,17.826,8.303,29.072,否,80540000.0,19066558.0,2744803200.0,649788296.64,54.282163,5.591306,9.150672,13.56,13.31,13.05,12.56,9.44,4.72,2.27,2021-09-30,-
2021-12-09,301073,君亭酒店,旅游酒店,14.74,15.31,14.55,14.9,14.55,1850231,63547745.73,9.7041,1.115,5.16,否,0.93,11.61,16.406,7.04,29.453,否,80540000.0,19066558.0,2775408400.0,657033588.68,54.887422,5.653651,9.252704,14.03,13.41,13.2,12.67,9.69,4.84,2.32,2021-09-30,-
2021-12-10,301073,君亭酒店,旅游酒店,15.53,15.53,14.43,15.08,14.43,1677600,57741545.1,8.7987,1.219,7.43,否,0.77,5.16,20.447,13.554,31.359,否,80540000.0,19066558.0,2809235200.0,665041543.04,55.556392,5.722558,9.365476,14.48,13.59,13.32,12.79,9.94,4.97,2.39,2021-09-30,-
2021-12-13,301073,君亭酒店,旅游酒店,15.14,15.35,14.1,14.19,14.1,2513237,83904264.67,13.1814,-5.935,8.31,否,1.13,-3.731,10.514,10.514,20.152,否,80540000.0,19066558.0,2642517400.0,625573767.98,52.259324,5.382945,8.809669,14.65,13.73,13.39,12.89,10.17,5.09,2.44,2021-09-30,-
2021-12-14,301073,君亭酒店,旅游酒店,14.13,14.39,13.7,14.07,13.7,1605293,51971691.14,8.4194,-0.823,4.88,否,0.7,-5.57,5.393,12.47,16.86,否,80540000.0,19066558.0,2620771600.0,620425797.32,51.829272,5.338647,8.737173,14.6,13.88,13.48,12.98,10.41,5.2,2.5,2021-09-30,-
2021-12-15,301073,君亭酒店,旅游酒店,13.99,14.32,13.84,14.27,13.84,1030540,33555054.0,5.405,1.383,3.44,否,0.52,-5.371,-0.488,11.484,21.035,否,80540000.0,19066558.0,2657014600.0,629005748.42,52.546025,5.412476,8.858,14.5,14.03,13.55,13.07,10.65,5.32,2.56,2021-09-30,-
2021-12-16,301073,君亭酒店,旅游酒店,14.14,14.35,13.93,14.06,13.93,827544,26899801.85,4.3403,-1.425,2.94,否,0.48,-0.916,-4.613,12.3,17.46,否,80540000.0,19066558.0,2619160800.0,620044466.16,51.797416,5.335366,8.731803,14.33,14.18,13.64,13.16,10.88,5.44,2.61,2021-09-30,-
2021-12-17,301073,君亭酒店,旅游酒店,13.96,14.13,13.41,13.63,13.41,1041688,32929641.48,5.4634,-3.106,5.14,否,0.68,-3.127,-8.523,6.153,8.519,否,80540000.0,19066558.0,2537815400.0,600787242.58,50.188701,5.169661,8.460612,14.04,14.26,13.67,13.23,11.11,5.55,2.67,2021-09-30,-
2021-12-20,301073,君亭酒店,旅游酒店,13.53,13.66,13.23,13.33,13.23,851752,26336282.0,4.4673,-2.19,3.11,否,0.61,-6.587,-11.605,-0.15,3.655,否,80540000.0,19066558.0,2482242800.0,587631317.56,49.089679,5.056457,8.275343,13.87,14.26,13.68,13.28,11.33,5.67,2.72,2021-09-30,-
2021-12-21,301073,君亭酒店,旅游酒店,13.32,14.21,13.32,14.14,13.32,1731660,55836101.39,9.0822,6.1,6.65,否,1.62,0.569,-0.352,-1.395,14.309,否,80540000.0,19066558.0,2633658000.0,623476446.6,52.084117,5.364898,8.780134,13.89,14.24,13.72,13.35,11.57,5.78,2.78,2021-09-30,-
2021-12-22,301073,君亭酒店,旅游酒店,13.93,14.31,13.93,14.07,13.93,875486,28495203.0,4.5917,-0.489,2.66,否,0.8,3.228,0.0,-4.545,10.875,否,80540000.0,19066558.0,2620771600.0,620425797.32,51.829272,5.338647,8.737173,13.85,14.17,13.74,13.43,11.8,5.9,2.83,2021-09-30,-
2021-12-23,301073,君亭酒店,旅游酒店,14.04,14.12,13.47,13.57,13.47,917040,29047514.12,4.8097,-3.596,4.64,否,0.86,1.8,-4.905,-8.926,9.79,否,80540000.0,19066558.0,2526539800.0,598117924.46,49.965711,5.146692,8.423021,13.75,14.04,13.73,13.48,12.03,6.01,2.89,2021-09-30,-
2021-12-24,301073,君亭酒店,旅游酒店,13.44,13.59,12.9,13.11,12.9,955941,29114893.0,5.0137,-3.347,5.13,否,0.88,-7.284,-6.757,-13.064,0.076,否,80540000.0,19066558.0,2441972800.0,578098038.56,48.293286,4.974425,8.14109,13.64,13.84,13.72,13.5,12.24,6.12,2.94,2021-09-30,-
2021-12-27,301073,君亭酒店,旅游酒店,12.99,13.64,12.97,13.54,12.97,840340,25956040.36,4.4074,3.232,5.15,否,0.79,-3.767,-0.66,-4.581,3.755,否,80540000.0,19066558.0,2520902000.0,596783265.4,49.854216,5.135208,8.404226,13.69,13.78,13.75,13.52,12.47,6.24,2.99,2021-09-30,-
2021-12-28,301073,君亭酒店,旅游酒店,13.51,13.7,13.36,13.41,13.36,519788,16229794.86,2.7262,-0.959,2.49,否,0.49,-1.179,0.6,-4.691,0.676,否,80540000.0,19066558.0,2496740000.0,591063298.0,49.37638,5.085989,8.323674,13.54,13.71,13.8,13.55,12.69,6.35,3.05,2021-09-30,-
2021-12-29,301073,君亭酒店,旅游酒店,13.51,14.13,13.37,13.93,13.37,1127283,35955346.87,5.9124,3.903,5.68,否,1.37,6.255,-1.485,-2.383,2.351,否,80540000.0,19066558.0,2594193400.0,614133833.18,51.303652,5.284506,8.648566,13.51,13.68,13.85,13.6,12.93,6.46,3.1,2021-09-30,-
2021-12-30,301073,君亭酒店,旅游酒店,13.93,14.98,13.72,14.78,13.72,1781733,59583078.58,9.3448,6.085,9.03,否,2.04,9.158,5.046,5.121,6.178,否,80540000.0,19066558.0,2752051800.0,651504286.86,54.425513,5.606072,9.174837,13.75,13.75,13.97,13.68,12.97,6.59,3.16,2021-09-30,-
2021-12-31,301073,君亭酒店,旅游酒店,14.66,15.06,14.57,14.84,14.57,806646,27636696.77,4.2307,0.439,3.28,否,0.77,10.664,9.359,8.877,11.747,否,80540000.0,19066558.0,2764132800.0,654364270.56,54.664431,5.630682,9.215113,14.1,13.87,14.07,13.73,12.99,6.71,3.22,2021-09-30,-
2022-01-04,301073,君亭酒店,旅游酒店,14.76,16.58,14.76,16.49,14.76,1738911,63505627.32,9.1202,11.131,12.24,否,1.71,18.378,25.782,23.706,28.427,否,80540000.0,19066558.0,3071795600.0,727198522.12,60.748876,6.257407,10.240804,14.69,14.19,14.22,13.85,13.06,6.85,3.29,2021-09-30,-
2022-01-05,301073,君亭酒店,旅游酒店,16.43,17.65,15.79,16.82,15.79,3146209,121685179.1,16.5012,1.993,11.27,否,2.63,13.802,24.225,18.953,34.452,否,80540000.0,19066558.0,3133006000.0,741689106.2,61.959393,6.382095,10.444869,15.37,14.46,14.35,13.97,13.14,6.99,3.35,2021-09-30,-
2022-01-06,301073,君亭酒店,旅游酒店,16.43,17.58,16.04,17.19,16.04,2008370,79152942.26,10.5335,2.159,9.15,否,1.17,15.836,28.188,22.175,34.297,否,80540000.0,19066558.0,3200659600.0,757705014.92,63.297334,6.519909,10.670413,16.02,14.77,14.47,14.09,13.21,7.13,3.42,2021-09-30,-
2022-01-07,301073,君亭酒店,旅游酒店,17.17,17.46,16.71,17.05,16.71,1130207,44426686.28,5.9277,-0.805,4.4,否,0.6,3.396,22.398,25.645,36.182,否,80540000.0,19066558.0,3174886800.0,751603716.36,62.787642,6.467409,10.584492,16.48,15.12,14.58,14.19,13.28,7.27,3.49,2021-09-30,-
2022-01-10,301073,君亭酒店,旅游酒店,17.03,19.43,16.58,19.02,16.58,2198488,92035910.77,11.5306,11.593,16.69,否,1.24,13.08,28.687,45.08,48.131,否,80540000.0,19066558.0,3542954600.0,838737886.42,70.066677,7.217182,11.811562,17.31,15.71,14.78,14.38,13.39,7.43,3.57,2021-09-30,-
2022-01-11,301073,君亭酒店,旅游酒店,19.15,19.24,18.33,19.02,18.33,1293234,56259978.84,6.7827,0.0,4.8,否,0.63,10.646,28.167,40.473,42.472,否,80540000.0,19066558.0,3542954600.0,838737886.42,70.066677,7.217182,11.811562,17.82,16.26,15.02,14.59,13.47,7.59,3.64,2021-09-30,-
2022-01-12,301073,君亭酒店,旅游酒店,19.03,19.79,18.64,19.39,18.64,1449256,64390616.08,7.601,1.932,6.07,否,0.74,13.724,17.586,44.594,35.216,否,80540000.0,19066558.0,3611413600.0,854944460.72,71.420545,7.356637,12.039792,18.33,16.85,15.28,14.82,13.58,7.75,3.72,2021-09-30,-
2022-01-13,301073,君亭酒店,旅游酒店,19.36,20.37,18.94,19.67,18.94,1700327,77077329.72,8.9178,1.427,7.36,否,1.05,3.417,16.944,41.206,33.446,否,80540000.0,19066558.0,3662959200.0,867147057.84,72.439928,7.461638,12.211636,18.83,17.43,15.55,15.05,13.7,7.92,3.8,2021-09-30,-
2022-01-14,301073,君亭酒店,旅游酒店,19.58,20.24,18.6,19.51,18.6,2160731,96736649.03,11.3326,-0.792,8.31,否,1.39,2.576,13.496,32.003,30.94,否,80540000.0,19066558.0,3633964800.0,860283096.96,71.866525,7.402574,12.114974,19.32,17.9,15.83,15.28,13.82,8.08,3.88,2021-09-30,-
2022-01-17,301073,君亭酒店,旅游酒店,19.68,19.68,18.1,18.21,18.1,2781698,120325715.24,14.5894,-6.649,8.07,否,1.58,-6.086,6.804,22.709,20.756,否,80540000.0,19066558.0,3392344800.0,803083422.96,67.088166,6.910382,11.309457,19.16,18.24,16.05,15.46,13.91,8.23,3.95,2021-09-30,-
2022-01-18,301073,君亭酒店,旅游酒店,18.21,18.79,17.81,18.63,17.81,1457404,62046981.76,7.6438,2.279,5.41,否,0.78,-5.287,-2.05,12.978,31.29,否,80540000.0,19066558.0,3469663200.0,821387318.64,68.617241,7.067884,11.567222,19.08,18.45,16.32,15.63,14.02,8.38,4.02,2021-09-30,-
2022-01-19,301073,君亭酒店,旅游酒店,18.59,19.23,18.39,19.03,18.39,1040106,45372724.82,5.4551,2.159,4.48,否,0.54,-2.46,0.053,13.139,35.252,否,80540000.0,19066558.0,3544565400.0,839119217.58,70.098532,7.220463,11.816932,19.01,18.67,16.56,15.79,14.14,8.54,4.1,2021-09-30,-
2022-01-20,301073,君亭酒店,旅游酒店,18.99,20.36,18.63,19.42,18.63,1699359,77235930.4,8.9128,2.045,9.09,否,0.93,6.645,0.155,12.973,36.09,否,80540000.0,19066558.0,3617051400.0,856279119.78,71.53204,7.368121,12.058587,18.96,18.9,16.83,15.95,14.25,8.71,4.18,2021-09-30,-
2022-01-21,301073,君亭酒店,旅游酒店,21.12,22.05,19.03,19.63,19.03,2075816,95639413.96,10.8872,1.091,15.59,否,1.14,5.368,-0.203,15.132,39.616,否,80540000.0,19066558.0,3656516000.0,865621733.2,72.312505,7.448512,12.190155,18.98,19.15,17.13,16.1,14.39,8.87,4.26,2021-09-30,-
2022-01-24,301073,君亭酒店,旅游酒店,23.56,23.56,18.43,20.49,18.43,6297008,299853356.9,33.0265,4.361,26.15,否,3.48,7.672,5.023,7.729,50.33,否,80540000.0,19066558.0,3815985200.0,903373518.04,75.466223,7.773359,12.721796,19.44,19.3,17.5,16.28,14.54,9.04,4.34,2021-09-30,-
2022-01-25,301073,君亭酒店,旅游酒店,19.27,21.83,19.03,20.54,19.03,3843460,184456385.6,20.1581,0.253,13.66,否,1.53,5.767,12.795,7.992,54.089,否,80540000.0,19066558.0,3825650000.0,905661505.0,75.657357,7.793047,12.754017,19.82,19.45,17.85,16.5,14.69,9.21,4.42,2021-09-30,-
2022-01-26,301073,君亭酒店,旅游酒店,21.06,21.96,20.24,21.04,20.24,2075205,100831249.18,10.884,2.442,8.4,否,0.69,7.183,12.936,8.51,48.798,否,80540000.0,19066558.0,3919076400.0,927778712.28,77.504989,7.983362,13.065484,20.22,19.62,18.24,16.73,14.85,9.39,4.51,2021-09-30,-
2022-01-27,301073,君亭酒店,旅游酒店,20.8,21.08,19.72,19.87,19.72,1934805,90290997.45,10.1476,-5.569,6.45,否,0.6,-3.026,4.414,1.017,41.222,否,80540000.0,19066558.0,3700813000.0,876108340.1,73.188538,7.538748,12.337833,20.31,19.64,18.53,16.91,14.99,9.55,4.58,2021-09-30,-
2022-01-28,301073,君亭酒店,旅游酒店,19.75,22.18,19.56,21.13,19.56,1637958,79776334.48,8.5907,6.333,13.19,否,0.5,2.872,8.805,8.303,55.711,否,80540000.0,19066558.0,3935184400.0,931592023.88,77.823547,8.016174,13.119185,20.61,19.8,18.85,17.15,15.15,9.73,4.67,2021-09-30,-
2022-02-07,301073,君亭酒店,旅游酒店,21.55,22.05,20.27,21.64,20.27,1298601,63484480.92,6.8109,2.436,8.39,否,0.41,2.852,10.239,18.836,65.065,否,80540000.0,19066558.0,4031027000.0,954281227.9,79.718963,8.211411,13.438706,20.84,20.14,19.19,17.42,15.32,9.91,4.76,2021-09-30,-
2022-02-08,301073,君亭酒店,旅游酒店,21.46,22.49,21.11,21.67,21.11,1516292,76118478.88,7.9526,0.12,6.37,否,0.7,9.059,5.759,16.318,60.044,否,80540000.0,19066558.0,4035859400.0,955425221.38,79.81453,8.221255,13.454817,21.07,20.45,19.45,17.7,15.49,10.09,4.84,2021-09-30,-
2022-02-09,301073,君亭酒店,旅游酒店,21.25,23.98,21.24,23.36,21.24,3311696,174634884.44,17.3691,7.783,12.63,否,1.96,10.554,13.729,22.754,74.198,否,80540000.0,19066558.0,4349965400.0,1029784797.58,86.026397,8.861105,14.501989,21.53,20.88,19.78,18.0,15.68,10.28,4.94,2021-09-30,-
2022-02-10,301073,君亭酒店,旅游酒店,23.08,24.55,22.67,24.09,22.67,2412991,131735710.47,12.6556,3.129,8.07,否,1.24,11.322,14.496,24.047,72.936,否,80540000.0,19066558.0,4486078000.0,1062007280.6,88.718206,9.138373,14.955763,22.38,21.35,20.12,18.34,15.88,10.48,5.03,2021-09-30,-
2022-02-11,301073,君亭酒店,旅游酒店,23.78,24.98,22.95,23.27,22.95,2036653,111554566.89,10.6818,-3.411,8.46,否,1.0,7.383,17.111,18.543,57.442,否,80540000.0,19066558.0,4333052000.0,1025780820.4,85.691912,8.826651,14.445602,22.81,21.71,20.43,18.66,16.07,10.68,5.13,2021-09-30,-
2022-02-14,301073,君亭酒店,旅游酒店,23.21,25.8,22.49,24.76,22.49,2836795,157674202.51,14.8784,6.413,14.22,否,1.34,5.993,17.179,20.839,66.846,否,80540000.0,19066558.0,4610915000.0,1091560445.5,91.187025,9.392673,15.371947,23.43,22.14,20.72,19.05,16.27,10.88,5.22,2021-09-30,-
2022-02-15,301073,君亭酒店,旅游酒店,23.78,24.76,22.79,24.52,22.79,2051339,113385225.44,10.7588,-0.978,7.95,否,0.85,1.785,13.309,19.377,48.696,否,80540000.0,19066558.0,4565812600.0,1080883173.02,90.295065,9.300797,15.221584,24.0,22.54,20.99,19.41,16.47,11.09,5.32,2021-09-30,-
2022-02-16,301073,君亭酒店,旅游酒店,24.23,25.65,23.83,24.54,23.83,2299585,130725245.04,12.0608,0.106,7.44,否,0.91,5.458,13.244,16.635,45.898,否,80540000.0,19066558.0,4570645000.0,1082027166.5,90.390632,9.310641,15.237694,24.24,22.89,21.25,19.79,16.67,11.29,5.42,2021-09-30,-
2022-02-17,301073,君亭酒店,旅游酒店,24.56,25.05,23.31,23.53,23.31,1670962,91712223.84,8.7638,-4.106,7.08,否,0.72,-4.968,0.728,18.42,36.882,否,80540000.0,19066558.0,4382986800.0,1037602086.36,86.679439,8.928371,14.612076,24.12,23.25,21.44,20.11,16.85,11.49,5.51,2021-09-30,-
2022-02-18,301073,君亭酒店,旅游酒店,23.42,24.34,23.05,23.78,23.05,969776,53124411.4,5.0863,1.066,5.48,否,0.45,-3.018,-1.287,12.541,39.472,否,80540000.0,19066558.0,4429700000.0,1048660690.0,87.603256,9.023528,14.767809,24.23,23.52,21.66,20.41,17.04,11.69,5.61,2021-09-30,-
2022-02-21,301073,君亭酒店,旅游酒店,24.01,24.01,23.14,23.65,23.14,877108,47858919.42,4.6002,-0.546,3.69,否,0.45,-3.627,1.633,9.288,24.343,否,80540000.0,19066558.0,4405538000.0,1042940722.6,87.12542,8.974309,14.687257,24.0,23.72,21.93,20.7,17.22,11.88,5.7,2021-09-30,-
2022-02-22,301073,君亭酒店,旅游酒店,23.58,23.58,22.66,23.18,22.66,879596,47051127.3,4.6133,-2.011,3.88,否,0.56,-1.487,-6.381,6.968,21.872,否,80540000.0,19066558.0,4316944000.0,1021967508.8,85.373354,8.793838,14.391901,23.74,23.87,22.16,20.92,17.39,12.08,5.8,2021-09-30,-
2022-02-23,301073,君亭酒店,旅游酒店,23.18,24.43,22.99,23.33,22.99,898888,49197029.61,4.7145,0.672,6.23,否,0.67,-1.892,-4.853,-0.128,20.32,否,80540000.0,19066558.0,4345938400.0,1028831469.68,85.946758,8.852902,14.488563,23.49,23.87,22.37,21.14,17.55,12.27,5.89,2021-09-30,-
2022-02-24,301073,君亭酒店,旅游酒店,23.35,24.13,22.7,23.46,22.7,862475,46895527.98,4.5235,0.537,6.1,否,0.81,-0.803,-4.401,-2.615,19.268,否,80540000.0,19066558.0,4369295000.0,1034360771.5,86.408666,8.90048,14.56643,23.48,23.8,22.57,21.35,17.72,12.47,5.98,2021-09-30,-
2022-02-25,301073,君亭酒店,旅游酒店,23.46,24.42,23.06,23.81,23.06,654790,36095600.53,3.4342,1.493,5.79,否,0.73,2.718,1.19,2.321,22.04,否,80540000.0,19066558.0,4434532400.0,1049804683.48,87.698823,9.033372,14.783919,23.49,23.86,22.78,21.57,17.88,12.67,6.08,2021-09-30,-
2022-02-28,301073,君亭酒店,旅游酒店,24.21,24.21,22.56,23.53,22.56,886332,47548359.0,4.6486,-1.199,6.94,否,1.06,0.857,-1.051,-4.968,29.215,否,80540000.0,19066558.0,4381376000.0,1037220755.2,86.647584,8.92509,14.606706,23.46,23.73,22.94,21.72,18.05,12.86,6.17,2021-09-30,-
2022-03-01,301073,君亭酒店,旅游酒店,23.49,24.69,22.59,22.96,22.59,895264,48637040.0,4.6955,-2.39,8.93,否,1.07,-2.131,-2.918,-6.362,23.242,否,80540000.0,19066558.0,4276674000.0,1012434229.8,84.576961,8.711806,14.257648,23.42,23.58,23.06,21.85,18.22,13.05,6.27,2021-09-30,-
2022-03-02,301073,君亭酒店,旅游酒店,22.53,23.14,22.05,22.42,22.05,1406488,73235345.0,7.3767,-2.373,4.73,否,1.68,-5.838,-3.279,-8.639,17.814,否,80540000.0,19066558.0,4175193600.0,988410366.72,82.57005,8.505086,13.919331,23.24,23.37,23.13,21.96,18.39,13.24,6.36,2021-09-30,-
2022-03-03,301073,君亭酒店,旅游酒店,22.68,24.29,22.36,22.92,22.36,1948523,104997173.0,10.2196,2.238,8.6,否,2.07,-2.592,-1.757,-2.592,18.023,否,80540000.0,19066558.0,4268620000.0,1010527574.0,84.417683,8.6954,14.230798,23.13,23.3,23.28,22.06,18.55,13.43,6.45,2021-09-30,-
2022-03-04,301073,君亭酒店,旅游酒店,23.09,23.09,22.21,22.34,22.21,831787,43206127.0,4.3625,-2.528,3.85,否,0.72,-2.7,-4.774,-6.056,13.805,否,80540000.0,19066558.0,4160696400.0,984978386.28,82.283349,8.475554,13.871,22.83,23.16,23.34,22.16,18.72,13.62,6.54,2021-09-30,-
2022-03-07,301073,君亭酒店,旅游酒店,21.79,22.57,21.19,22.18,21.19,1272267,64202103.0,6.6728,-0.697,6.19,否,1.07,-1.07,-6.846,-6.216,8.248,否,80540000.0,19066558.0,4131702000.0,978114425.4,81.709946,8.416491,13.774338,22.56,23.01,23.37,22.29,18.87,13.8,6.63,2021-09-30,-
2022-03-08,301073,君亭酒店,旅游酒店,21.75,23.54,21.52,21.52,21.52,1240016,64362218.0,6.5036,-2.983,9.08,否,0.98,-6.108,-8.542,-7.161,4.771,否,80540000.0,19066558.0,4008475800.0,948942591.66,79.272982,8.165473,13.363525,22.28,22.85,23.36,22.39,19.01,13.98,6.71,2021-09-30,-
2022-03-09,301073,君亭酒店,旅游酒店,21.3,21.96,19.46,21.33,19.46,2088409,100097822.0,10.9533,-0.884,11.61,否,1.56,-4.521,-7.099,-8.573,1.378,否,80540000.0,19066558.0,3973038200.0,940553306.14,78.572156,8.093285,13.245382,22.06,22.65,23.26,22.46,19.13,14.16,6.8,2021-09-30,-
2022-03-10,301073,君亭酒店,旅游酒店,21.34,21.66,20.19,20.38,20.19,1879900,89957322.0,9.8597,-4.48,6.91,否,1.27,-8.115,-9.099,-13.129,2.567,否,80540000.0,19066558.0,3795044800.0,898416212.96,75.052098,7.730703,12.651985,21.55,22.34,23.07,22.5,19.22,14.33,6.88,2021-09-30,-
2022-03-11,301073,君亭酒店,旅游酒店,19.89,21.14,19.18,21.07,19.18,1182664,55587868.0,6.2028,3.417,9.63,否,0.81,-2.091,-8.072,-11.508,-0.284,否,80540000.0,19066558.0,3924714200.0,929113371.34,77.616484,7.994846,13.084279,21.3,22.07,22.96,22.54,19.32,14.5,6.96,2021-09-30,-
2022-03-14,301073,君亭酒店,旅游酒店,20.63,20.65,19.79,19.85,19.79,865004,40153581.0,4.5368,-5.808,4.06,否,0.56,-6.939,-11.146,-15.64,-8.272,否,80540000.0,19066558.0,3696786000.0,875155012.2,73.108899,7.530545,12.324408,20.83,21.7,22.72,22.52,19.4,14.67,7.04,2021-09-30,-
2022-03-15,301073,君亭酒店,旅游酒店,19.47,20.97,19.47,19.81,19.47,1173268,54752272.0,6.1535,-0.218,7.58,否,0.81,-2.797,-10.685,-13.72,-8.583,否,80540000.0,19066558.0,3688732000.0,873248356.4,72.94962,7.514138,12.297557,20.49,21.38,22.48,22.5,19.5,14.84,7.12,2021-09-30,-
2022-03-16,301073,君亭酒店,旅游酒店,20.33,23.77,20.33,23.77,20.33,2958874,154574806.0,15.5187,20.0,17.38,否,2.06,12.814,10.455,6.021,1.755,是,80540000.0,19066558.0,4426478400.0,1047898027.68,87.539544,9.016966,14.757069,20.98,21.52,22.44,22.59,19.66,15.03,7.22,2021-09-30,-
2022-03-17,301073,君亭酒店,旅游酒店,23.76,28.06,23.14,25.15,23.14,4041867,229490827.0,21.1987,5.804,20.71,否,2.51,26.7,17.909,9.729,4.4,否,80540000.0,19066558.0,4683401000.0,1108720347.7,92.620533,9.54033,15.613602,21.93,21.74,22.52,22.77,19.84,15.24,7.32,2021-09-30,-
2022-03-18,301073,君亭酒店,旅游酒店,23.88,27.65,23.36,25.39,23.36,2650106,155972935.64,13.8992,0.963,17.09,否,1.3,28.168,24.583,13.653,9.11,否,80540000.0,19066558.0,4728503400.0,1119397620.18,93.512493,9.632206,15.763965,22.79,22.05,22.6,22.91,20.03,15.45,7.42,2021-09-30,-
2022-03-21,301073,君亭酒店,旅游酒店,25.23,26.37,24.22,25.19,24.22,1896951,110015693.03,9.9491,-0.801,8.5,否,0.81,5.974,19.554,13.571,1.737,否,80540000.0,19066558.0,4690649600.0,1110436337.92,92.763884,9.555096,15.637767,23.86,22.35,22.68,23.03,20.22,15.66,7.52,2021-09-30,-
2022-03-22,301073,君亭酒店,旅游酒店,24.67,25.28,23.35,23.62,23.35,1886680,105590826.84,9.8952,-6.233,7.64,否,0.74,-6.083,18.992,9.758,-3.67,否,80540000.0,19066558.0,4398289400.0,1041224732.38,86.982069,8.959543,14.663092,24.62,22.56,22.7,23.09,20.39,15.86,7.61,2021-09-30,-
2022-03-23,301073,君亭酒店,旅游酒店,23.62,24.47,23.04,23.52,23.04,975247,53017774.32,5.115,-0.421,6.06,否,0.36,-7.365,18.728,10.267,-4.156,否,80540000.0,19066558.0,4379765200.0,1036839424.04,86.615728,8.921809,14.601336,24.57,22.78,22.71,23.1,20.55,16.06,7.71,2021-09-30,-
2022-03-24,301073,君亭酒店,旅游酒店,23.65,23.7,22.31,23.48,22.31,993095,52840610.45,5.2086,-0.147,5.88,否,0.43,-6.788,-1.22,15.211,-0.212,否,80540000.0,19066558.0,4373322000.0,1035314099.4,86.488305,8.908683,14.579855,24.24,23.09,22.71,23.08,20.71,16.25,7.8,2021-09-30,-
2022-03-25,301073,君亭酒店,旅游酒店,23.39,24.61,22.79,24.22,22.79,1418456,78546364.56,7.4395,3.131,7.73,否,0.84,2.54,-3.698,14.95,1.85,否,80540000.0,19066558.0,4510240000.0,1067727248.0,89.196042,9.187592,15.036315,24.01,23.4,22.73,23.11,20.88,16.45,7.9,2021-09-30,-
2022-03-28,301073,君亭酒店,旅游酒店,23.27,24.65,22.43,23.19,22.43,1461165,79216547.13,7.6635,-4.232,9.18,否,1.02,-1.403,-8.665,16.826,-1.945,否,80540000.0,19066558.0,4319360200.0,1022539505.54,85.421138,8.79876,14.399956,23.61,23.73,22.72,23.05,21.05,16.65,7.99,2021-09-30,-
2022-03-29,301073,君亭酒店,旅游酒店,22.5,24.13,22.5,22.92,22.5,1011609,54590012.69,5.3057,-1.175,7.01,否,0.75,-2.385,-9.012,15.699,-1.122,否,80540000.0,19066558.0,4268620000.0,1010527574.0,84.417683,8.6954,14.230798,23.47,24.05,22.71,23.0,21.21,16.84,8.08,2021-09-30,-
2022-03-30,301073,君亭酒店,旅游酒店,22.05,24.1,22.05,23.31,22.05,1606306,85827928.73,7.9777,1.698,8.92,否,1.37,-3.757,-1.312,-1.935,-0.086,否,80540000.0,20135000.0,4341106000.0,1085276500.0,85.85119,8.843058,14.472453,23.42,24.0,22.76,22.96,21.37,17.03,8.18,2021-09-30,-
2022-03-31,301073,君亭酒店,旅游酒店,23.35,23.57,22.4,22.83,22.4,1028006,54426394.87,5.1056,-2.041,5.01,否,0.79,-1.552,-2.934,-9.225,-2.685,否,80540000.0,20135000.0,4252512000.0,1063128000.0,84.099125,8.662587,14.177097,23.29,23.77,22.75,22.94,21.52,17.22,8.27,2021-09-30,-
2022-04-01,301073,君亭酒店,旅游酒店,22.55,27.4,22.23,27.4,22.23,3066206,182559662.37,15.2282,20.0,22.65,否,2.35,19.546,16.695,7.917,15.078,是,80540000.0,20135000.0,5103014400.0,1275753600.0,100.91895,10.395105,17.012516,23.93,23.97,23.01,23.06,21.73,17.35,8.38,2021-09-30,-
2022-04-06,301073,君亭酒店,旅游酒店,26.81,29.64,24.74,27.21,24.74,2865608,173865889.14,14.232,-0.679,17.91,否,1.75,16.731,12.345,8.019,15.64,否,80540000.0,20135000.0,5068382200.0,1267095550.0,100.234052,10.324557,16.897059,24.73,24.17,23.26,23.18,21.94,17.46,8.49,2021-09-30,-
2022-04-07,301073,君亭酒店,旅游酒店,26.81,26.96,25.25,25.42,25.25,1552178,93036365.46,7.7089,-6.579,6.31,否,0.81,11.345,9.616,7.621,10.714,否,80540000.0,20135000.0,4734946600.0,1183736650.0,93.639916,9.645331,15.785445,25.23,24.35,23.45,23.25,22.09,17.57,8.59,2021-09-30,-
2022-04-08,301073,君亭酒店,旅游酒店,25.51,28.07,24.54,27.49,24.54,2068453,126504112.07,10.2729,8.148,13.88,否,1.02,0.328,19.939,16.879,22.614,否,80540000.0,20135000.0,5120733200.0,1280183300.0,101.269363,10.431199,17.071587,26.07,24.75,23.76,23.39,22.26,17.7,8.7,2021-09-30,-
2022-04-11,301073,君亭酒店,旅游酒店,26.89,28.54,26.14,27.53,26.14,1801688,114734340.93,8.948,0.126,8.74,否,0.85,1.176,18.104,17.249,20.113,否,80540000.0,20135000.0,5127176400.0,1281794100.0,101.396786,10.444324,17.093068,27.01,25.15,24.12,23.53,22.44,17.82,8.81,2021-09-30,-
2022-04-12,301073,君亭酒店,旅游酒店,26.88,33.03,26.81,33.03,26.81,3174360,221304405.8,15.7654,19.997,22.6,否,1.4,29.937,44.678,36.375,47.851,是,80540000.0,20135000.0,6152450600.0,1538112650.0,121.672958,12.53286,20.511144,28.14,26.03,24.72,23.83,22.7,17.99,8.94,2021-09-30,-
2022-04-13,301073,君亭酒店,旅游酒店,32.43,37.83,30.07,31.45,30.07,3808246,290613404.43,18.9136,-4.791,23.51,否,1.66,14.405,14.781,35.619,41.794,否,80540000.0,20135000.0,5857674200.0,1464418550.0,115.84336,11.932386,19.528414,28.98,26.86,25.3,24.1,22.91,18.15,9.07,2021-09-30,-
2022-04-14,301073,君亭酒店,旅游酒店,31.74,34.46,30.84,33.77,30.84,3593014,270750107.29,17.8446,7.384,11.52,否,1.45,22.666,24.109,47.339,56.924,否,80540000.0,20135000.0,6290174000.0,1572543500.0,124.396623,12.81341,20.970289,30.65,27.94,25.99,24.46,23.16,18.31,9.2,2021-09-30,-
2022-04-15,301073,君亭酒店,旅游酒店,32.43,35.02,31.57,32.34,31.57,2600887,199226130.59,12.9172,-4.251,10.23,否,0.9,-2.089,27.223,38.739,51.617,否,80540000.0,20135000.0,6022781200.0,1505695300.0,119.108572,12.268717,20.07885,31.62,28.85,26.42,24.79,23.37,18.48,9.33,2021-09-30,-
2022-04-18,301073,君亭酒店,旅游酒店,31.63,33.34,31.26,32.89,31.26,1901017,142488966.23,9.4414,1.712,6.45,否,0.63,4.579,19.644,44.065,61.384,否,80540000.0,20135000.0,6125872400.0,1531468100.0,121.147338,12.478719,20.422538,32.7,29.85,26.81,25.12,23.59,18.65,9.46,2021-09-30,-
2022-04-19,301073,君亭酒店,旅游酒店,32.89,33.73,31.48,32.56,31.48,1646205,123604702.65,8.1758,-0.999,6.84,否,0.55,-3.583,18.271,18.832,54.533,否,80540000.0,20135000.0,6064662000.0,1516165500.0,119.936821,12.354031,20.218473,32.6,30.37,27.17,25.46,23.81,18.81,9.59,2021-09-30,-
2022-04-20,301073,君亭酒店,旅游酒店,32.24,37.62,31.78,35.69,31.78,2981337,238529297.47,14.8067,9.588,17.93,否,1.1,10.359,8.053,31.165,79.798,否,80540000.0,20135000.0,6646160800.0,1661540200.0,131.436739,13.538574,22.157084,33.45,31.22,27.69,25.91,24.1,19.01,9.73,2021-09-30,-
2022-04-21,301073,君亭酒店,旅游酒店,34.57,35.46,33.19,34.55,33.19,2079424,164117148.27,10.3274,-3.175,6.35,否,0.82,5.047,9.857,35.917,74.407,否,80540000.0,20135000.0,6435146000.0,1608786500.0,127.263638,13.108726,21.453599,33.61,32.13,28.24,26.35,24.37,19.19,9.87,2021-09-30,-
2022-04-22,301073,君亭酒店,旅游酒店,32.87,34.59,31.57,33.44,31.57,1824586,140632242.84,9.0618,-3.229,8.75,否,0.81,2.703,-0.977,21.644,40.682,否,80540000.0,20135000.0,6227352800.0,1556838200.0,123.154249,12.68544,20.760855,33.83,32.73,28.74,26.75,24.61,19.37,10.01,2021-09-30,-
2022-04-25,301073,君亭酒店,旅游酒店,31.86,32.81,29.41,30.0,29.41,1616090,117082232.0,8.0263,-10.282,10.19,否,0.77,-15.943,-7.236,8.972,19.284,否,80540000.0,20135000.0,5587059800.0,1396764950.0,110.491597,11.38113,18.626235,33.25,32.97,29.06,27.07,24.78,19.52,10.13,2021-09-30,-
2022-04-26,301073,君亭酒店,旅游酒店,30.03,34.12,30.03,32.64,30.03,2157506,160790090.21,10.7152,8.793,13.64,否,1.06,-5.528,-0.76,-1.181,28.555,否,80540000.0,20135000.0,6078353800.0,1519588450.0,180.042774,12.401655,22.092429,33.26,32.93,29.48,27.46,25.0,19.69,10.26,2021-09-30,-
2022-04-27,301073,君亭酒店,旅游酒店,32.1,34.95,31.91,34.08,31.91,2336716,179774049.14,11.6052,4.426,9.31,否,1.1,1.914,4.668,8.362,35.292,否,80540000.0,20135000.0,6347357400.0,1586839350.0,188.010746,12.950503,23.070152,32.94,33.2,30.03,27.93,25.23,19.88,10.39,2021-09-30,-
2022-04-28,301073,君亭酒店,旅游酒店,33.51,33.73,30.7,31.1,30.7,2004886,147869973.18,9.9572,-8.755,8.88,否,1.0,3.667,-12.861,-7.906,31.668,否,80540000.0,20135000.0,5791631400.0,1447907850.0,171.549965,11.816656,21.050306,32.25,32.93,30.44,28.31,25.4,20.05,10.52,2021-09-30,-
2022-04-29,301073,君亭酒店,旅游酒店,31.63,33.03,29.74,31.55,29.74,2061292,149995176.25,10.2374,1.446,10.58,否,1.04,-3.339,-8.683,-2.443,34.141,否,80540000.0,20135000.0,5875393000.0,1468848250.0,174.03101,11.987555,21.354746,31.87,32.85,30.85,28.57,25.58,20.21,10.64,2021-09-30,-
2022-05-05,301073,君亭酒店,旅游酒店,28.61,31.56,28.61,30.32,28.61,1832198,128386564.05,9.0996,-3.879,9.38,否,0.9,-11.033,-9.33,-7.814,29.131,否,80540000.0,20135000.0,5647464800.0,1411866200.0,167.279705,11.522513,20.526317,31.94,32.59,31.22,28.74,25.75,20.37,10.77,2021-09-30,-
2022-05-06,301073,君亭酒店,旅游酒店,29.9,30.14,27.25,27.68,27.25,2403050,156475111.75,11.9347,-8.728,9.53,否,1.16,-10.997,-7.733,-14.988,14.286,否,80540000.0,20135000.0,5154560000.0,1288640000.0,152.679707,10.51684,18.734801,30.95,32.11,31.24,28.81,25.86,20.51,10.88,2021-09-30,-
2022-05-09,301073,君亭酒店,旅游酒店,27.36,29.62,27.36,28.9,27.36,1473434,97463835.73,7.3178,4.438,8.17,否,0.69,-8.399,-11.458,-19.025,24.623,否,80540000.0,20135000.0,5383293600.0,1345823400.0,159.45487,10.983525,19.566158,29.91,31.43,31.32,28.94,25.98,20.65,10.99,2021-09-30,-
2022-05-10,301073,君亭酒店,旅游酒店,28.33,32.47,28.33,31.71,28.33,1845244,130727863.32,9.1644,9.695,14.35,否,0.94,4.584,-6.954,-8.22,38.351,否,80540000.0,20135000.0,5905192800.0,1476298200.0,174.91369,12.048355,21.463057,30.03,31.14,31.64,29.21,26.15,20.82,11.12,2021-09-30,-
2022-05-11,301073,君亭酒店,旅游酒店,32.37,34.41,31.6,32.82,31.6,2367066,180916052.31,11.756,3.505,8.87,否,1.23,18.569,5.531,-1.854,40.798,否,80540000.0,20135000.0,6112180600.0,1528045150.0,181.044734,12.470672,22.215376,30.29,31.08,31.9,29.52,26.31,20.99,11.25,2021-09-30,-
2022-05-12,301073,君亭酒店,旅游酒店,32.58,34.59,31.95,34.16,31.95,1957787,152856287.08,9.7233,4.098,8.04,否,0.99,18.201,8.273,13.867,49.628,否,80540000.0,20135000.0,6362660000.0,1590665000.0,188.464014,12.981725,23.125771,31.05,31.5,32.23,29.87,26.47,21.18,11.39,2021-09-30,-
2022-05-13,301073,君亭酒店,旅游酒店,34.16,34.5,32.0,33.13,32.0,1494396,113840382.38,7.4219,-3.038,7.33,否,0.74,4.478,9.268,1.501,20.912,否,80540000.0,20135000.0,6169364000.0,1542341000.0,182.738525,12.587343,22.423216,32.14,31.55,32.24,30.17,26.64,21.35,11.52,2021-09-30,-
2022-05-16,301073,君亭酒店,旅游酒店,32.87,34.57,32.32,33.73,32.32,1420032,110352370.51,7.0526,1.828,6.79,否,0.78,2.773,21.857,-1.027,23.962,否,80540000.0,20135000.0,6282120000.0,1570530000.0,186.078394,12.817399,22.833039,33.11,31.51,32.35,30.52,26.79,21.53,11.65,2021-09-30,-
2022-05-17,301073,君亭酒店,旅游酒店,33.3,34.54,33.09,34.52,33.09,1327051,104166457.61,6.5908,2.333,4.32,否,0.73,1.054,19.446,10.997,35.799,否,80540000.0,20135000.0,6428702800.0,1607175700.0,190.420223,13.116472,23.36581,33.67,31.85,32.39,30.91,26.95,21.71,11.79,2021-09-30,-
2022-05-18,301073,君亭酒店,旅游酒店,34.27,35.29,32.93,33.18,32.93,1368648,108006493.64,6.7974,-3.884,6.83,否,0.8,0.151,4.636,5.166,20.698,否,80540000.0,20135000.0,6179028800.0,1544757200.0,183.024799,12.607062,22.458343,33.74,32.02,32.43,31.24,27.1,21.88,11.92,2021-09-30,-
2022-05-19,301073,君亭酒店,旅游酒店,31.96,34.59,31.91,34.02,31.91,1618120,126369463.37,8.0364,2.529,8.07,否,1.07,0.86,3.656,12.203,23.574,否,80540000.0,20135000.0,6335276400.0,1583819100.0,187.652903,12.925854,23.026242,33.72,32.39,32.49,31.61,27.27,22.06,12.06,2021-09-30,-
2022-05-20,301073,君亭酒店,旅游酒店,34.15,36.24,32.78,33.0,32.78,1607700,127597826.58,7.9846,-3.0,10.18,否,1.11,-4.403,-3.396,19.22,-0.091,否,80540000.0,20135000.0,6145202000.0,1536300500.0,182.022839,12.538045,22.335396,33.69,32.92,32.51,31.8,27.43,22.23,12.19,2021-09-30,-
2022-05-23,301073,君亭酒店,旅游酒店,32.54,33.0,30.83,32.02,30.83,1385500,102055905.88,6.8811,-2.949,6.55,否,0.94,-3.496,-3.35,10.796,1.812,否,80540000.0,20135000.0,5963987000.0,1490996750.0,176.655193,12.168313,21.676751,33.35,33.23,32.33,31.96,27.57,22.39,12.32,2021-09-30,-
2022-05-24,301073,君亭酒店,旅游酒店,32.87,32.87,31.27,31.85,31.27,1300432,96527445.04,6.4586,-0.554,5.0,否,0.89,-6.379,-5.574,0.442,-5.686,否,80540000.0,20135000.0,5930965600.0,1482741400.0,175.677088,12.100939,21.556731,32.81,33.24,32.19,32.17,27.71,22.55,12.45,2021-09-30,-
2022-05-25,301073,君亭酒店,旅游酒店,31.68,32.74,31.09,31.54,31.09,1386633,102287753.24,6.8867,-0.964,5.16,否,0.95,-4.424,-8.633,-3.9,-2.474,否,80540000.0,20135000.0,5873782200.0,1468445550.0,173.983298,11.984268,21.348892,32.49,33.12,32.1,32.31,27.85,22.7,12.57,2021-09-30,-
2022-05-26,301073,君亭酒店,旅游酒店,31.73,32.69,30.27,32.15,30.27,1474510,107544410.98,7.3231,1.933,7.66,否,1.01,0.406,-3.104,-5.884,-2.25,否,80540000.0,20135000.0,5987343600.0,1496835900.0,177.347023,12.215967,21.761643,32.11,32.91,32.21,32.46,27.99,22.85,12.7,2021-09-30,-
2022-05-27,301073,君亭酒店,旅游酒店,32.17,33.08,31.45,31.76,31.45,1006070,75048790.24,4.9966,-1.211,5.08,否,0.7,-0.283,-6.643,-4.135,-2.457,否,80540000.0,20135000.0,5914857600.0,1478714400.0,175.199964,12.068074,21.498185,31.86,32.78,32.16,32.42,28.13,23.0,12.83,2021-09-30,-
2022-05-30,301073,君亭酒店,旅游酒店,32.23,34.12,32.0,33.74,32.0,1519468,116744667.43,7.5464,6.236,6.67,否,1.16,6.975,2.242,0.03,-5.464,否,80540000.0,20135000.0,6283730800.0,1570932700.0,186.126106,12.820686,22.838894,32.21,32.78,32.14,32.49,28.3,23.17,12.96,2021-09-30,-
2022-05-31,301073,君亭酒店,旅游酒店,33.34,33.9,31.57,33.8,31.57,1876138,142136242.56,9.3178,0.167,6.92,否,1.4,5.132,5.559,-2.086,-2.171,否,80540000.0,20135000.0,6294201000.0,1573550250.0,186.436237,12.842048,22.876949,32.6,32.71,32.28,32.5,28.48,23.35,13.1,2021-09-30,-
2022-06-01,301073,君亭酒店,旅游酒店,33.49,34.12,32.24,32.76,32.24,1099474,83537895.18,5.4605,-3.058,5.54,否,0.76,3.149,2.857,-1.266,-2.033,否,80540000.0,20135000.0,6101710400.0,1525427600.0,180.734604,12.44931,22.177321,32.84,32.66,32.34,32.51,28.65,23.52,13.23,2021-09-30,-
2022-06-02,301073,君亭酒店,旅游酒店,32.52,35.85,30.72,35.43,30.72,2821146,144351292.36,9.3408,8.132,15.67,否,2.02,5.009,12.334,4.145,18.1,否,120810000.0,30202500.0,6553942500.0,1638485625.0,194.129862,13.371998,23.821007,33.5,32.81,32.6,32.59,28.86,23.71,13.37,2021-09-30,-
2022-06-06,301073,君亭酒店,旅游酒店,35.26,36.56,34.15,35.77,34.15,1909809,103666033.57,6.3233,0.959,6.8,否,1.15,5.828,11.26,8.394,9.589,否,120810000.0,30202500.0,6616763700.0,1654190925.0,195.990646,13.500172,24.049338,34.3,33.08,33.0,32.7,29.08,23.9,13.52,2021-09-30,-
2022-06-07,301073,君亭酒店,旅游酒店,35.09,35.36,33.15,33.74,33.15,2133897,111206836.2,7.0653,-5.66,6.19,否,1.16,2.991,6.234,5.372,-0.998,否,120810000.0,30202500.0,6242252700.0,1560563175.0,184.897511,12.736058,22.688137,34.3,33.25,33.24,32.64,29.27,24.07,13.65,2021-09-30,-
2022-06-08,301073,君亭酒店,旅游酒店,33.28,34.44,32.82,34.09,32.82,1422417,73683809.64,4.7096,1.026,4.8,否,0.72,-3.782,1.037,7.033,9.614,否,120810000.0,30202500.0,6306282000.0,1576570500.0,186.79408,12.866697,22.920859,34.36,33.48,33.36,32.62,29.48,24.25,13.79,2021-09-30,-
2022-06-09,301073,君亭酒店,旅游酒店,34.54,34.79,31.48,32.02,31.48,1897764,94576796.63,6.2835,-6.054,9.73,否,1.01,-10.484,-5.266,1.522,1.49,否,120810000.0,30202500.0,5924522400.0,1481130600.0,175.486239,12.087793,21.533312,34.21,33.53,33.32,32.57,29.66,24.39,13.92,2021-09-30,-
2022-06-10,301073,君亭酒店,旅游酒店,31.99,33.44,31.71,32.17,31.71,1565923,77923744.21,5.1847,0.449,5.4,否,0.77,-4.653,-1.801,0.062,6.102,否,120810000.0,30202500.0,5951100600.0,1487775150.0,176.273494,12.142021,21.629914,33.56,33.53,33.22,32.65,29.86,24.54,14.04,2021-09-30,-
2022-06-13,301073,君亭酒店,旅游酒店,32.0,33.19,31.19,32.41,31.19,1600878,78454500.0,5.3005,0.751,6.21,否,0.9,-4.928,-8.524,2.047,17.088,否,120810000.0,30202500.0,5995800300.0,1498950075.0,177.597513,12.233221,21.79238,32.89,33.59,33.19,32.64,30.05,24.69,14.17,2021-09-30,-
2022-06-14,301073,君亭酒店,旅游酒店,31.87,32.85,31.37,32.53,31.37,976919,48398639.06,3.2346,0.363,4.55,否,0.57,1.593,-9.058,-3.586,12.561,否,120810000.0,30202500.0,6017546100.0,1504386525.0,178.24163,12.277589,21.871417,32.64,33.47,33.13,32.59,30.26,24.83,14.3,2021-09-30,-
2022-06-15,301073,君亭酒店,旅游酒店,32.32,33.81,31.9,32.61,31.9,1501118,75877516.96,4.9702,0.261,5.86,否,1.01,1.368,-3.349,-3.521,2.838,否,120810000.0,30202500.0,6033251400.0,1508312850.0,178.706826,12.309633,21.9285,32.35,33.35,33.03,32.64,30.47,24.98,14.43,2021-09-30,-
2022-06-16,301073,君亭酒店,旅游酒店,32.65,34.11,32.35,33.89,32.35,1511942,77242844.38,5.006,3.925,5.41,否,1.0,4.566,-0.587,3.449,3.26,否,120810000.0,30202500.0,6270039000.0,1567509750.0,185.72055,12.79275,22.78913,32.72,33.47,33.07,32.72,30.64,25.15,14.57,2021-09-30,-
2022-06-17,301073,君亭酒店,旅游酒店,33.57,33.87,32.33,32.78,32.33,1202150,60672083.24,3.9803,-3.276,4.55,否,0.84,0.769,2.374,-7.48,-4.04,否,120810000.0,30202500.0,6064662000.0,1516165500.0,179.637218,12.37372,22.042665,32.84,33.2,33.0,32.8,30.77,25.3,14.7,2021-09-30,-
2022-06-20,301073,君亭酒店,旅游酒店,32.77,33.91,32.12,32.19,32.12,1780340,89641505.83,5.8947,-1.793,5.48,否,1.31,-1.288,0.062,-10.008,-2.837,否,120810000.0,30202500.0,5955933000.0,1488983250.0,176.416631,12.15188,21.647478,32.8,32.84,32.96,32.95,30.88,25.45,14.83,2021-09-30,-
2022-06-21,301073,君亭酒店,旅游酒店,31.66,32.78,30.91,31.6,30.91,1387399,67829946.18,4.5937,-1.846,5.8,否,0.99,-6.757,-2.499,-6.343,-6.315,否,120810000.0,30202500.0,5845995900.0,1461498975.0,173.160259,11.927576,21.247899,32.61,32.63,32.94,33.04,30.99,25.6,14.96,2021-09-30,-
2022-06-22,301073,君亭酒店,旅游酒店,31.6,31.8,30.53,30.69,30.53,1083511,51570400.84,3.5875,-2.873,4.03,否,0.73,-6.376,-5.656,-9.974,-11.095,否,120810000.0,30202500.0,5678070000.0,1419517500.0,168.18624,11.584957,20.637555,32.23,32.29,32.88,33.0,31.11,25.75,15.08,2021-09-30,-
2022-06-23,301073,君亭酒店,旅游酒店,30.7,32.02,30.69,31.8,30.69,1303625,62842576.96,4.3163,3.596,4.34,否,0.94,-1.212,-2.484,-0.687,-4.159,否,120810000.0,30202500.0,5882238900.0,1470559725.0,174.233788,12.001522,21.379629,31.81,32.27,32.9,32.97,31.24,25.9,15.21,2021-09-30,-
2022-06-24,301073,君亭酒店,旅游酒店,31.8,35.92,31.39,34.68,31.39,2696052,139509043.95,8.9266,9.078,14.23,否,1.99,9.747,2.331,7.802,1.94,否,120810000.0,30202500.0,6416219100.0,1604054775.0,190.050452,13.091001,23.320437,32.19,32.52,33.02,32.99,31.43,26.07,15.34,2021-09-30,-
2022-06-27,301073,君亭酒店,旅游酒店,34.96,41.6,34.96,40.55,34.96,3626633,213003920.76,12.0077,16.908,19.15,否,2.2,32.128,23.703,25.116,22.879,否,120810000.0,30202500.0,7501092900.0,1875273225.0,222.184759,15.304467,27.263527,33.86,33.33,33.46,33.23,31.7,26.29,15.51,2021-09-30,-
2022-06-28,301073,君亭酒店,旅游酒店,39.08,46.33,39.08,45.91,39.08,3939792,254913043.38,13.0446,13.223,17.88,否,1.95,44.371,42.622,41.131,43.379,否,120810000.0,30202500.0,8492943000.0,2123235750.0,251.563674,17.328138,30.868513,36.73,34.67,34.07,33.64,32.08,26.57,15.69,2021-09-30,-
2022-06-29,301073,君亭酒店,旅游酒店,45.06,50.28,42.54,44.13,42.54,4216334,294395585.75,13.9602,-3.869,16.86,否,1.67,27.249,39.652,35.327,38.556,否,120810000.0,30202500.0,8164339800.0,2041084950.0,241.830343,16.657689,29.674169,39.41,35.82,34.59,33.96,32.43,26.82,15.87,2021-09-30,-
2022-06-30,301073,君亭酒店,旅游酒店,45.71,48.19,44.17,45.28,44.17,4297480,303105510.39,14.2289,2.604,9.12,否,1.36,11.665,47.54,33.609,43.564,否,120810000.0,30202500.0,8376965400.0,2094241350.0,248.128381,17.091509,30.44698,42.11,36.96,35.21,34.36,32.8,27.09,16.05,2021-09-30,-
2022-07-01,301073,君亭酒店,旅游酒店,44.64,45.51,40.41,41.15,40.41,3499563,223883983.78,11.587,-9.129,11.26,否,0.93,-10.368,29.403,25.534,27.994,否,120810000.0,30202500.0,7612238100.0,1903059525.0,225.476915,15.531237,27.667496,43.4,37.8,35.5,34.6,33.11,27.31,16.21,2021-09-30,-
2022-07-04,301073,君亭酒店,旅游酒店,41.14,41.55,39.76,40.13,39.76,2795554,173227755.89,9.256,-2.476,4.36,否,0.71,-9.064,15.715,24.666,26.354,否,120810000.0,30202500.0,7423774500.0,1855943625.0,219.894563,15.146715,26.982505,43.32,38.59,35.72,34.84,33.32,27.52,16.37,2021-09-30,-
2022-07-05,301073,君亭酒店,旅游酒店,40.16,42.9,39.41,42.19,39.41,3482283,221224051.27,11.5298,5.126,8.71,否,0.93,-6.824,4.044,33.513,25.044,否,120810000.0,30202500.0,7804326000.0,1951081500.0,231.16662,15.923153,28.36566,42.58,39.65,36.14,35.18,33.57,27.75,16.54,2021-09-30,-
2022-07-06,301073,君亭酒店,旅游酒店,40.55,42.44,39.92,41.24,39.92,2211009,140162951.07,7.3206,-2.245,5.98,否,0.6,0.219,-10.172,34.376,22.012,否,120810000.0,30202500.0,7629151500.0,1907287875.0,225.977895,15.565745,27.72897,42.0,40.71,36.5,35.49,33.83,27.96,16.71,2021-09-30,-
2022-07-07,301073,君亭酒店,旅游酒店,41.23,41.91,40.36,40.72,40.36,1406624,88000690.81,4.6573,-1.267,3.75,否,0.43,1.47,-7.727,28.05,24.298,否,120810000.0,30202500.0,7532503500.0,1883125875.0,223.115151,15.368554,27.377692,41.09,41.6,36.93,35.8,34.05,28.16,16.87,2021-09-30,-
2022-07-08,301073,君亭酒店,旅游酒店,42.3,43.39,40.61,41.27,40.61,2407580,154682736.96,7.9715,1.363,6.82,否,0.9,-2.181,-8.856,19.002,16.483,否,120810000.0,30202500.0,7635192000.0,1908798000.0,226.156817,15.57807,27.750925,41.11,42.26,37.39,36.1,34.28,28.36,17.03,2021-09-30,-
2022-07-11,301073,君亭酒店,旅游酒店,39.89,42.88,39.38,42.47,39.38,2633218,166658448.67,8.7185,2.896,8.47,否,1.07,2.983,3.208,4.735,18.731,否,120810000.0,30202500.0,7856274300.0,1964068575.0,232.705345,16.029143,28.554472,41.58,42.45,37.89,36.46,34.44,28.57,17.2,2021-09-30,-
2022-07-12,301073,君亭酒店,旅游酒店,42.05,42.45,40.16,40.17,40.16,1365772,85894092.62,4.522,-5.413,5.38,否,0.56,-1.351,0.1,-12.503,19.057,否,120810000.0,30202500.0,7431023100.0,1857755775.0,220.109269,15.161504,27.008851,41.17,41.88,38.27,36.67,34.58,28.75,17.37,2021-09-30,-
2022-07-13,301073,君亭酒店,旅游酒店,40.55,41.45,39.9,40.04,39.9,1015940,63291287.51,3.3638,-0.309,3.85,否,0.51,-2.98,-5.096,-9.268,17.454,否,120810000.0,30202500.0,7408069200.0,1852017300.0,219.429367,15.114671,26.925423,40.93,41.47,38.64,36.88,34.69,28.92,17.53,2021-09-30,-
2022-07-14,301073,君亭酒店,旅游酒店,40.06,41.72,38.91,41.22,38.91,1316750,81892928.19,4.3597,2.935,7.01,否,0.75,-2.943,-0.048,-8.966,28.732,否,120810000.0,30202500.0,7625527200.0,1906381800.0,225.870542,15.558351,27.715797,41.03,41.06,39.01,37.16,34.84,29.1,17.69,2021-09-30,-
2022-07-15,301073,君亭酒店,旅游酒店,41.6,44.47,40.41,43.0,40.41,2457220,161501754.24,8.1358,4.309,9.85,否,1.41,7.045,5.599,4.496,33.665,否,120810000.0,30202500.0,7954130400.0,1988532600.0,235.603874,16.228799,28.910141,41.38,41.25,39.52,37.41,35.0,29.3,17.86,2021-09-30,-
2022-07-18,301073,君亭酒店,旅游酒店,42.53,43.83,41.86,42.69,41.86,2085261,136443615.53,6.9043,-0.714,4.59,否,1.19,6.618,3.441,6.379,31.719,否,120810000.0,30202500.0,7897349700.0,1974337425.0,233.922011,16.11295,28.703765,41.42,41.5,40.05,37.65,35.17,29.49,18.03,2021-09-30,-
2022-07-19,301073,君亭酒店,旅游酒店,44.69,45.65,42.28,43.24,42.28,1970908,132943336.37,6.5256,1.285,7.89,否,1.2,4.901,1.813,2.489,32.923,否,120810000.0,30202500.0,7998830100.0,1999707525.0,236.927893,16.32,29.072606,42.04,41.61,40.63,37.96,35.3,29.7,18.21,2021-09-30,-
2022-07-20,301073,君亭酒店,旅游酒店,42.13,44.73,42.12,42.57,42.12,1546117,102642948.69,5.1192,-1.541,6.03,否,0.87,-1.0,5.975,3.225,30.543,否,120810000.0,30202500.0,7875603900.0,1968900975.0,233.277894,16.068582,28.624728,42.54,41.74,41.22,38.24,35.43,29.9,18.38,2021-09-30,-
2022-07-21,301073,君亭酒店,旅游酒店,42.64,44.91,41.92,43.22,41.92,1579897,105187701.2,5.231,1.519,7.03,否,0.84,1.242,7.942,6.139,27.53,否,120810000.0,30202500.0,7995205800.0,1998801450.0,236.82054,16.312605,29.059434,42.94,41.99,41.79,38.62,35.6,30.1,18.55,2021-09-30,-
2022-07-22,301073,君亭酒店,旅游酒店,43.15,43.75,41.14,42.1,41.14,1404710,91106839.06,4.651,-2.584,6.04,否,0.73,-2.636,2.135,2.011,28.432,否,120810000.0,30202500.0,7788620700.0,1947155175.0,230.701424,15.89111,28.308578,42.76,42.07,42.16,38.95,35.8,30.29,18.72,2021-09-30,-
2022-07-25,301073,君亭酒店,旅游酒店,41.77,43.25,40.81,40.83,40.81,738021,46785446.45,2.4436,-3.009,5.79,否,0.43,-4.087,-5.047,-3.862,26.841,否,120810000.0,30202500.0,7554249300.0,1888562325.0,223.759268,15.412922,27.45673,42.39,41.91,42.18,39.23,35.93,30.47,18.88,2021-09-30,-
2022-07-26,301073,君亭酒店,旅游酒店,42.44,46.3,41.96,45.61,41.96,3046286,206713184.65,10.0862,11.69,10.63,否,2.1,5.53,6.84,13.542,44.335,否,120810000.0,30202500.0,8437370400.0,2109342600.0,249.917596,17.214753,30.666528,42.87,42.45,42.16,39.67,36.13,30.68,19.06,2021-09-30,-
2022-07-27,301073,君亭酒店,旅游酒店,44.62,44.65,42.78,43.77,42.78,2427020,161850446.9,8.0358,-4.038,4.1,否,1.46,3.967,1.226,9.316,42.62,否,120810000.0,30202500.0,8096686200.0,2024171550.0,239.826422,16.519655,29.428275,43.11,42.83,42.15,40.04,36.34,30.87,19.24,2021-09-30,-
2022-07-28,301073,君亭酒店,旅游酒店,43.64,45.08,43.08,43.88,43.08,1597130,107814980.48,5.2881,0.254,4.57,否,0.87,7.47,3.077,6.453,37.987,否,120810000.0,30202500.0,8117223900.0,2029305975.0,240.434755,16.561559,29.502921,43.24,43.09,42.08,40.37,36.54,31.06,19.41,2021-09-30,-
2022-07-29,301073,君亭酒店,旅游酒店,43.3,43.35,41.19,41.44,41.19,1522737,98182326.38,5.0418,-5.551,4.93,否,0.83,-9.143,-4.118,-3.628,19.493,否,120810000.0,30202500.0,7666602600.0,1916650650.0,227.087209,15.642157,27.86509,43.11,42.94,42.09,40.66,36.73,31.24,19.58,2021-09-30,-
2022-08-01,301073,君亭酒店,旅游酒店,40.81,42.27,40.77,41.72,40.77,1015005,64215861.42,3.3607,0.662,3.62,否,0.54,-4.684,-0.903,-2.272,2.885,否,120810000.0,30202500.0,7717342800.0,1929335700.0,228.59015,15.745682,28.049511,43.28,42.84,42.17,40.98,36.96,31.41,19.75,2021-09-30,-
2022-08-02,301073,君亭酒店,旅游酒店,40.98,41.01,38.91,39.62,38.91,1200979,73510757.33,3.9764,-5.025,5.03,否,0.62,-9.708,-2.964,-8.372,-13.701,否,120810000.0,30202500.0,7329542700.0,1832385675.0,217.103387,14.954454,26.64001,42.09,42.48,42.04,41.24,37.14,31.56,19.91,2021-09-30,-
2022-08-03,301073,君亭酒店,旅游酒店,40.53,40.53,39.21,39.83,39.21,976909,59662200.46,3.2345,0.544,3.33,否,0.63,-3.885,-12.673,-6.436,-9.744,否,120810000.0,30202500.0,7369410000.0,1842352500.0,218.284269,15.035795,26.784912,41.3,42.2,41.97,41.55,37.28,31.71,20.06,2021-09-30,-
2022-08-04,301073,君亭酒店,旅游酒店,39.83,41.79,39.22,41.7,39.22,1140881,71042188.64,3.7774,4.672,6.44,否,0.9,-0.048,-4.729,-3.517,-7.906,否,120810000.0,30202500.0,7713718500.0,1928429625.0,228.482797,15.738287,28.036338,40.86,42.05,42.02,41.88,37.42,31.87,20.23,2021-09-30,-
2022-08-05,301073,君亭酒店,旅游酒店,41.41,41.68,40.23,40.5,40.23,813138,50690487.36,2.6923,-2.866,3.46,否,0.69,2.221,-7.703,-3.8,-1.58,否,120810000.0,30202500.0,7492636200.0,1873159050.0,221.934269,15.287213,27.23279,40.67,41.89,41.98,42.07,37.53,32.0,20.39,2021-09-30,-
2022-08-08,301073,君亭酒店,旅游酒店,39.6,39.96,38.03,38.91,38.03,1263060,75859783.22,4.182,-3.918,4.77,否,1.23,-2.31,-6.105,-4.702,-3.04,否,120810000.0,30202500.0,7199067900.0,1799766975.0,213.238682,14.688246,26.165785,40.11,41.7,41.8,42.02,37.63,32.13,20.55,2021-09-30,-
2022-08-09,301073,君亭酒店,旅游酒店,39.18,39.81,38.67,38.99,38.67,648553,38839640.62,2.1473,0.201,2.94,否,0.6,-6.499,-6.544,-14.514,-7.585,否,120810000.0,30202500.0,7213565100.0,1803391275.0,213.668094,14.717825,26.218476,39.99,41.04,41.74,41.79,37.71,32.25,20.71,2021-09-30,-
2022-08-10,301073,君亭酒店,旅游酒店,38.99,39.18,37.8,38.74,37.8,977615,57344510.42,3.2369,-0.653,3.55,否,1.01,-4.346,-2.221,-11.492,-6.062,否,120810000.0,30202500.0,7166449200.0,1791612300.0,212.272506,14.621694,26.047229,39.77,40.53,41.68,41.61,37.78,32.37,20.86,2021-09-30,-
2022-08-11,301073,君亭酒店,旅游酒店,38.73,41.57,37.89,40.53,37.89,1814117,111204200.29,6.0065,4.619,9.51,否,1.87,4.163,1.757,-7.634,-0.467,否,120810000.0,30202500.0,7497468600.0,1874367150.0,222.077406,15.297073,27.250354,39.53,40.2,41.64,41.45,37.91,32.5,21.02,2021-09-30,-
2022-08-12,301073,君亭酒店,旅游酒店,39.97,40.81,39.72,40.3,39.72,733302,45087450.99,2.428,-0.564,2.71,否,0.66,3.36,-3.357,-2.751,-2.35,否,120810000.0,30202500.0,7455185100.0,1863796275.0,220.824955,15.210802,27.09667,39.49,40.08,41.51,41.42,38.01,32.64,21.18,2021-09-30,-
2022-08-15,301073,君亭酒店,旅游酒店,40.21,40.81,39.4,40.38,39.4,801591,49046595.88,2.6541,0.211,3.52,否,0.74,4.233,-0.296,-3.212,-4.921,否,120810000.0,30202500.0,7470890400.0,1867722600.0,221.290151,15.242845,27.153753,39.79,39.95,41.39,41.43,38.13,32.78,21.34,2021-09-30,-
2022-08-16,301073,君亭酒店,旅游酒店,40.42,40.49,38.92,39.08,38.92,1003598,60360471.24,3.3229,-3.218,3.88,否,1.01,-3.578,0.437,-1.363,-2.713,否,120810000.0,30202500.0,7230478500.0,1807619625.0,214.169074,14.752333,26.27995,39.81,39.9,41.19,41.33,38.25,32.91,21.5,2021-09-30,-
2022-08-17,301073,君亭酒店,旅游酒店,39.07,39.82,38.43,39.08,38.43,740940,44459966.38,2.4532,0.0,3.56,否,0.7,-3.027,0.231,-1.883,-2.398,否,120810000.0,30202500.0,7230478500.0,1807619625.0,214.169074,14.752333,26.27995,39.87,39.82,41.01,41.25,38.37,33.04,21.66,2021-09-30,-
2022-08-18,301073,君亭酒店,旅游酒店,38.9,39.17,36.36,36.92,36.36,1516729,86772017.26,5.0219,-5.531,7.2,否,1.49,-8.569,-4.698,-11.463,-10.432,否,120810000.0,30202500.0,6830597400.0,1707649350.0,202.324469,13.936457,24.826539,39.15,39.34,40.7,41.13,38.46,33.16,21.81,2021-09-30,-
2022-08-19,301073,君亭酒店,旅游酒店,36.83,36.83,34.64,35.07,34.64,1237886,67502822.36,4.0986,-5.023,5.93,否,1.29,-10.261,-13.472,-13.407,-18.442,否,120810000.0,30202500.0,6487497000.0,1621874250.0,192.161726,13.236429,23.579504,38.11,38.8,40.35,40.92,38.51,33.25,21.95,2021-09-30,-
2022-08-22,301073,君亭酒店,旅游酒店,34.61,36.28,34.61,35.98,34.61,809729,44352751.07,2.681,2.607,4.75,否,0.76,-7.932,-10.72,-7.53,-15.718,否,120810000.0,30202500.0,6656631000.0,1664157750.0,197.171528,13.581513,24.19424,37.23,38.51,40.1,40.7,38.58,33.35,22.09,2021-09-30,-
2022-08-23,301073,君亭酒店,旅游酒店,35.83,36.77,35.02,36.06,35.02,1040348,56991942.42,3.4446,0.218,4.86,否,0.98,-2.329,-10.698,-7.515,-16.605,否,120810000.0,30202500.0,6671128200.0,1667782050.0,197.60094,13.611092,24.246931,36.62,38.21,39.63,40.57,38.62,33.46,22.23,2021-09-30,-
2022-08-24,301073,君亭酒店,旅游酒店,35.91,37.22,34.61,34.61,34.61,1119462,61532715.53,3.7065,-4.02,7.24,否,1.05,-1.312,-11.438,-10.661,-18.699,否,120810000.0,30202500.0,6402930000.0,1600732500.0,189.656824,13.063888,23.272136,35.73,37.8,39.17,40.39,38.63,33.55,22.37,2021-09-30,-
2022-08-25,301073,君亭酒店,旅游酒店,35.3,35.3,33.3,34.34,33.3,795948,41640601.76,2.6354,-0.793,5.79,否,0.7,-4.558,-12.129,-15.273,-20.546,否,120810000.0,30202500.0,6352189800.0,1588047450.0,188.153883,12.960362,23.087716,35.21,37.18,38.69,40.16,38.66,33.65,22.51,2021-09-30,-
2022-08-26,301073,君亭酒店,旅游酒店,34.36,37.03,34.34,35.33,34.34,1539475,84840230.4,5.0972,2.891,7.84,否,1.54,-2.024,-4.307,-12.333,-16.081,否,120810000.0,30202500.0,6535821000.0,1633955250.0,193.593098,13.335025,23.755143,35.26,36.69,38.38,39.9,38.66,33.76,22.65,2021-09-30,-
2022-08-29,301073,君亭酒店,旅游酒店,34.55,39.91,34.55,38.82,34.55,2689377,156104640.56,8.9045,9.871,15.16,否,2.53,12.164,10.693,-3.863,-4.923,否,120810000.0,30202500.0,7180946400.0,1795236600.0,282.129866,15.588463,26.446244,35.83,36.53,38.24,39.77,38.71,33.89,22.81,2021-09-30,-
2022-08-30,301073,君亭酒店,旅游酒店,38.63,39.74,38.23,39.27,38.23,1811412,108430808.99,5.9976,1.178,3.89,否,1.26,14.356,9.144,0.486,-13.9,否,120810000.0,30202500.0,7265513400.0,1816378350.0,285.452391,15.772042,26.75769,36.47,36.55,38.22,39.64,38.8,34.04,22.96,2021-09-30,-
2022-08-31,301073,君亭酒店,旅游酒店,39.51,41.14,38.85,39.42,38.85,2911611,178919015.9,9.6403,0.382,5.82,否,1.83,11.577,9.318,0.87,-9.938,否,120810000.0,30202500.0,7293299700.0,1823324925.0,286.544078,15.83236,26.860022,37.44,36.58,38.2,39.54,38.89,34.19,23.12,2021-09-30,-
2022-09-01,301073,君亭酒店,旅游酒店,39.07,39.63,36.25,36.6,36.25,2468850,142343938.24,8.1743,-7.172,8.58,否,1.27,-5.719,5.75,-0.867,-16.591,否,120810000.0,30202500.0,6770192400.0,1692548100.0,265.991886,14.696794,24.933504,37.89,36.55,37.95,39.31,38.97,34.31,23.27,2021-09-30,-
2022-09-02,301073,君亭酒店,旅游酒店,36.66,37.31,35.33,36.05,35.33,1814942,100512243.78,6.0092,-1.481,5.41,否,0.79,-8.2,4.98,2.794,-13.007,否,120810000.0,30202500.0,6669920100.0,1667480025.0,262.05232,14.479122,24.564218,38.03,36.65,37.72,39.11,39.03,34.44,23.41,2021-09-30,-
2022-09-05,301073,君亭酒店,旅游酒店,35.6,36.47,34.09,34.61,34.09,1776559,94941973.52,5.8822,-4.003,6.59,否,0.76,-12.202,-2.038,-3.808,-17.042,否,120810000.0,30202500.0,6402930000.0,1600732500.0,251.562633,13.899538,23.580937,37.19,36.51,37.51,38.91,39.07,34.56,23.55,2021-09-30,-
2022-09-06,301073,君亭酒店,旅游酒店,34.61,37.05,34.35,36.08,34.35,2300486,126874597.43,7.6169,4.245,7.79,否,1.07,-1.421,-7.058,0.055,-8.935,否,120810000.0,30202500.0,6674752500.0,1668688125.0,262.242179,14.489612,24.582015,36.55,36.51,37.36,38.59,39.13,34.69,23.69,2021-09-30,-
2022-09-07,301073,君亭酒店,旅游酒店,35.66,38.16,35.56,37.03,35.56,2271193,128270033.75,7.5199,2.624,7.22,否,1.01,2.718,-5.704,6.992,-7.03,否,120810000.0,30202500.0,6849927000.0,1712481750.0,269.124553,14.869883,25.227154,36.07,36.76,37.28,38.36,39.2,34.84,23.84,2021-09-30,-
2022-09-08,301073,君亭酒店,旅游酒店,36.94,40.93,36.94,39.59,36.94,4019918,242798820.04,13.3099,6.931,10.79,否,1.89,14.389,0.431,15.288,-5.06,否,120810000.0,30202500.0,7324710300.0,1831177575.0,287.778159,15.900547,26.975702,36.67,37.28,37.23,38.22,39.3,34.97,24.0,2021-09-30,-
2022-09-09,301073,君亭酒店,旅游酒店,38.31,39.83,37.36,39.44,37.36,2452370,145541460.34,8.1198,-0.379,6.25,否,1.01,9.313,7.76,11.633,-2.617,否,120810000.0,30202500.0,7296924000.0,1824231000.0,286.686472,15.840228,26.87337,37.35,37.69,37.19,38.15,39.41,35.09,24.16,2021-09-30,-
2022-09-13,301073,君亭酒店,旅游酒店,39.65,40.47,38.54,39.95,38.54,2380491,144764740.22,7.8818,1.291,4.88,否,0.93,7.885,10.818,2.911,2.673,否,120810000.0,30202500.0,7391155800.0,1847788950.0,290.388715,16.044787,27.22041,38.42,37.8,37.17,38.09,39.54,35.21,24.32,2021-09-30,-
2022-09-14,301073,君亭酒店,旅游酒店,39.17,40.94,38.76,40.51,38.76,2257398,139588361.02,7.4742,1.406,5.48,否,0.84,2.324,17.047,3.158,3.898,否,120810000.0,30202500.0,7495052400.0,1873763100.0,294.470675,16.270327,27.603044,39.3,37.93,37.24,38.12,39.68,35.34,24.48,2021-09-30,-
2022-09-15,301073,君亭酒店,旅游酒店,41.08,42.58,40.19,42.58,40.19,2403098,152955659.47,7.9566,5.094,5.9,否,0.9,7.961,18.016,8.016,9.912,否,120810000.0,30202500.0,7876812000.0,1969203000.0,309.469503,17.099054,29.009002,40.41,38.24,37.41,38.22,39.88,35.49,24.65,2021-09-30,-
2022-09-16,301073,君亭酒店,旅游酒店,42.63,44.85,41.47,41.8,41.47,2417410,159089316.7,8.004,-1.825,7.94,否,0.89,4.631,12.881,14.208,3.133,否,120810000.0,30202500.0,7733048100.0,1933262025.0,303.82121,16.78697,28.479543,40.86,38.76,37.66,38.22,40.05,35.65,24.82,2021-09-30,-
2022-09-19,301073,君亭酒店,旅游酒店,41.64,44.54,40.81,44.54,40.81,2758275,181502429.31,9.1326,6.546,8.9,否,1.16,9.948,12.503,23.551,10.521,否,120810000.0,30202500.0,8239242000.0,2059810500.0,323.708898,17.88582,30.343772,41.88,39.61,38.13,38.35,40.21,35.82,25.0,2021-09-30,-
2022-09-20,301073,君亭酒店,旅游酒店,43.53,45.82,41.7,44.73,41.7,3172929,211652824.46,10.5055,0.44,9.25,否,1.3,5.049,13.413,29.24,10.773,否,120810000.0,30202500.0,8275485000.0,2068871250.0,325.132837,17.964497,30.477249,42.83,40.63,38.57,38.55,40.28,35.99,25.17,2021-09-30,-
2022-09-21,301073,君亭酒店,旅游酒店,43.1,44.98,42.42,42.58,42.42,2163507,145203678.44,7.1633,-4.818,5.72,否,0.83,1.866,6.583,18.016,8.956,否,120810000.0,30202500.0,7876812000.0,1969203000.0,309.469503,17.099054,29.009002,43.25,41.28,38.89,38.67,40.23,36.15,25.35,2021-09-30,-
2022-09-22,301073,君亭酒店,旅游酒店,43.1,43.69,42.01,42.76,42.01,1216301,79616432.01,4.0272,0.429,3.94,否,0.47,-3.996,5.554,15.474,9.417,否,120810000.0,30202500.0,7910638800.0,1977659700.0,310.798513,17.172486,29.133581,43.28,41.85,39.3,38.8,40.2,36.32,25.52,2021-09-30,-
2022-09-23,301073,君亭酒店,旅游酒店,42.49,43.29,40.98,41.05,40.98,1429178,91749761.66,4.732,-4.001,5.41,否,0.61,-8.227,-3.593,3.688,11.186,否,120810000.0,30202500.0,7594116600.0,1898529150.0,298.362776,16.485376,27.967882,43.13,41.99,39.64,38.82,40.13,36.47,25.68,2021-09-30,-
2022-09-26,301073,君亭酒店,旅游酒店,41.38,45.18,41.28,43.73,41.28,2284230,153377150.65,7.563,6.538,9.48,否,1.06,2.701,4.617,10.877,24.693,否,120810000.0,30202500.0,8090645700.0,2022661425.0,317.870746,17.563246,29.796516,42.97,42.42,40.06,38.93,40.18,36.64,25.86,2021-09-30,-
2022-09-27,301073,君亭酒店,旅游酒店,43.87,46.27,42.64,44.94,42.64,2789720,190844976.19,9.2367,2.762,8.3,否,1.36,5.098,0.898,12.491,24.903,否,120810000.0,30202500.0,8314144200.0,2078536050.0,326.651706,18.048419,30.619625,43.01,42.92,40.36,39.09,40.26,36.79,26.04,2021-09-30,-
2022-09-28,301073,君亭酒店,旅游酒店,44.12,44.76,43.32,43.71,43.32,2066616,139335676.33,6.8425,-2.732,3.21,否,1.05,6.48,-2.28,7.899,21.215,否,120810000.0,30202500.0,8087021400.0,2021755350.0,317.728352,17.555378,29.783169,43.24,43.24,40.59,39.24,40.28,36.93,26.21,2021-09-30,-
2022-09-29,301073,君亭酒店,旅游酒店,43.99,44.2,41.62,43.2,41.62,1669484,110235190.65,5.5276,-1.18,5.9,否,0.85,-1.212,1.456,1.456,24.819,否,120810000.0,30202500.0,7991581500.0,1997895375.0,313.978645,17.348197,29.431679,43.33,43.3,40.77,39.38,40.32,37.07,26.38,2021-09-30,-
2022-09-30,301073,君亭酒店,旅游酒店,42.79,44.14,41.79,42.24,41.79,1846604,121214500.31,4.387,-2.222,5.43,否,0.9,-6.008,-1.216,1.053,23.005,否,120810000.0,42092767.0,7813990800.0,2722560169.56,307.001342,16.962681,28.777642,43.56,43.35,41.06,39.55,40.34,37.2,26.55,2021-09-30,-
2022-10-10,301073,君亭酒店,旅游酒店,42.43,42.67,40.36,40.56,40.36,1288253,81993921.31,3.0605,-3.973,5.46,否,0.6,-7.207,-1.194,-8.936,14.803,否,120810000.0,42092767.0,7503509100.0,2614381758.37,294.802927,16.288685,27.634189,42.93,42.95,41.28,39.74,40.33,37.3,26.71,2021-09-30,-
2022-10-11,301073,君亭酒店,旅游酒店,41.38,42.12,38.53,40.27,38.53,1695150,102429226.65,4.0272,-0.725,8.86,否,0.88,-6.782,-7.912,-9.971,3.735,否,120810000.0,42092767.0,7449144600.0,2595440013.22,292.667018,16.17067,27.433974,42.0,42.5,41.56,39.88,40.29,37.37,26.87,2021-09-30,-
2022-10-12,301073,君亭酒店,旅游酒店,40.23,40.27,38.06,38.74,38.06,1593901,94545244.79,3.7866,-3.795,5.47,否,0.93,-8.286,-13.796,-9.018,-1.35,否,120810000.0,42092767.0,7166449200.0,2496942938.44,281.56029,15.556992,26.392853,41.0,42.12,41.7,39.97,40.27,37.43,27.03,2021-09-30,-
2022-10-13,301073,君亭酒店,旅游酒店,37.99,43.42,37.82,43.0,37.82,2167802,136413470.08,5.1501,10.991,14.46,否,1.34,6.016,-1.624,0.561,9.082,否,120810000.0,42092767.0,7954130400.0,2771387779.28,312.507241,17.266897,29.293753,40.96,42.14,42.0,40.25,40.32,37.5,27.2,2021-09-30,-
2022-10-14,301073,君亭酒店,旅游酒店,43.0,43.22,41.28,42.28,41.28,1659347,107427691.04,3.9421,-1.656,4.53,否,0.97,4.991,-2.13,2.996,15.519,否,120810000.0,42092767.0,7822447500.0,2725506663.25,307.333594,16.981039,28.808787,40.97,42.27,42.13,40.51,40.34,37.59,27.37,2021-09-30,-
2022-10-17,301073,君亭酒店,旅游酒店,42.45,43.73,41.15,42.19,41.15,1282889,82839209.2,3.0478,-0.216,6.12,否,0.76,8.906,-0.118,-3.522,17.032,否,120810000.0,42092767.0,7805534100.0,2719613675.87,306.669089,16.944323,28.746497,41.3,42.11,42.27,40.74,40.32,37.66,27.54,2021-09-30,-
2022-10-18,301073,君亭酒店,旅游酒店,43.31,45.54,42.68,43.41,42.68,1841571,124381247.34,4.375,2.894,6.78,否,1.1,0.953,7.027,-3.405,25.426,否,120810000.0,42092767.0,8031448800.0,2798327150.16,315.544978,17.434741,29.578504,41.92,41.96,42.44,40.9,40.33,37.75,27.66,2021-09-30,-
2022-10-19,301073,君亭酒店,旅游酒店,41.46,43.95,41.46,42.13,41.46,1258880,82658206.75,2.9907,-2.963,5.73,否,0.74,-0.355,4.619,-3.615,16.768,否,120810000.0,42092767.0,7793453100.0,2715404399.17,306.194443,16.918098,28.702005,42.6,41.8,42.52,40.99,40.32,37.81,27.78,2021-09-30,-
2022-10-20,301073,君亭酒店,旅游酒店,41.36,46.27,41.36,43.97,41.36,1707167,114940205.39,4.0557,4.371,11.66,否,1.04,4.219,13.5,1.782,18.742,否,120810000.0,42092767.0,8134137300.0,2834106002.11,319.579473,17.657658,29.956689,42.8,41.88,42.59,41.14,40.34,37.89,27.91,2021-09-30,-
2022-10-21,301073,君亭酒店,旅游酒店,43.97,44.05,42.04,42.94,42.04,1061297,69663489.45,2.5213,-2.332,4.59,否,0.68,-1.083,-0.14,1.657,8.462,否,120810000.0,42092767.0,7944465600.0,2768020357.92,312.127523,17.245917,29.258159,42.93,41.95,42.65,41.35,40.33,37.96,28.03,2021-09-30,-
2022-10-24,301073,君亭酒店,旅游酒店,43.18,43.18,40.4,41.34,40.4,1121810,70645663.04,2.6651,-3.741,6.48,否,0.78,-1.875,-2.223,1.923,4.817,否,120810000.0,42092767.0,7647273000.0,2664472151.1,300.45122,16.600769,28.163648,42.76,42.03,42.49,41.53,40.32,38.06,28.14,2021-09-30,-
2022-10-25,301073,君亭酒店,旅游酒店,40.49,45.52,40.49,44.84,40.49,2896438,196418309.83,6.8811,8.468,12.16,否,2.07,1.979,6.281,11.348,12.24,否,120810000.0,42092767.0,8294814600.0,2890089382.22,325.892271,18.006458,30.548437,43.04,42.48,42.49,41.87,40.39,38.16,28.27,2021-09-30,-
2022-10-26,301073,君亭酒店,旅游酒店,44.14,47.37,44.14,44.84,44.14,2416711,168339870.77,5.7414,0.0,7.19,否,1.5,4.425,3.294,15.746,10.689,否,120810000.0,42092767.0,8294814600.0,2890089382.22,284.760664,17.579256,26.493031,43.59,43.09,42.61,42.16,40.38,38.25,28.4,2021-09-30,-
2022-10-27,301073,君亭酒店,旅游酒店,44.84,46.42,44.28,44.57,44.28,1214077,84373272.93,2.8843,-0.597,4.78,否,0.66,7.813,5.792,3.651,4.674,否,120810000.0,42092767.0,8245282500.0,2872831347.75,283.060229,17.474282,26.334829,43.71,43.25,42.7,42.41,40.39,38.36,28.52,2021-09-30,-
2022-10-28,301073,君亭酒店,旅游酒店,45.0,46.82,43.27,43.69,43.27,1183699,82217425.99,2.8121,-1.978,7.97,否,0.68,-2.565,-0.637,3.335,4.522,否,120810000.0,42092767.0,8082189000.0,2816006112.3,277.461235,17.128637,25.81392,43.86,43.39,42.83,42.55,40.39,38.46,28.65,2021-09-30,-
2022-10-31,301073,君亭酒店,旅游酒店,43.84,44.27,41.24,42.3,41.24,1432423,92927574.05,3.403,-3.184,6.95,否,0.81,-5.665,-1.49,0.261,-5.029,否,120810000.0,42092767.0,7824863700.0,2726348518.59,268.627268,16.583286,24.992042,44.05,43.4,42.76,42.65,40.4,38.56,28.76,2021-09-30,-
2022-11-01,301073,君亭酒店,旅游酒店,42.96,50.75,42.63,50.75,42.63,2478733,173237978.64,5.8887,19.994,19.21,否,1.36,13.866,22.762,16.909,13.459,是,120810000.0,42092767.0,9389353200.0,3271449851.24,322.336132,19.898919,29.988907,45.23,44.14,43.05,43.01,40.55,38.76,28.92,2021-09-30,-
2022-11-02,301073,君亭酒店,旅游酒店,49.07,54.37,48.65,52.57,48.65,2961996,232966428.36,7.0368,3.577,11.27,否,1.7,20.325,17.239,24.78,23.462,否,120810000.0,42092767.0,9725205000.0,3388467743.5,333.865911,20.610692,31.061593,46.78,45.18,43.49,43.41,40.77,38.95,29.08,2021-09-30,-
2022-11-03,301073,君亭酒店,旅游酒店,50.94,53.62,50.32,51.37,50.32,1854316,147726387.53,4.4053,-2.286,6.27,否,1.0,21.442,14.563,16.83,20.136,否,120810000.0,42092767.0,9502914600.0,3311017052.22,326.23469,20.13959,30.351614,48.14,45.92,43.9,43.7,40.96,39.12,29.24,2021-09-30,-
2022-11-04,301073,君亭酒店,旅游酒店,51.89,56.98,50.32,53.23,50.32,2698923,220319841.58,6.4118,3.623,12.97,否,1.36,4.887,19.43,23.964,29.671,否,120810000.0,42092767.0,9847223100.0,3430981438.17,338.054788,20.869286,31.45131,50.04,46.95,44.45,44.08,41.15,39.29,29.4,2021-09-30,-
2022-11-07,301073,君亭酒店,旅游酒店,50.48,52.93,50.28,51.71,50.28,2144558,169187838.0,5.0948,-2.846,4.97,否,0.94,-1.636,18.357,25.085,18.248,否,120810000.0,42092767.0,9566943900.0,3333326218.73,328.432814,20.275288,30.556119,51.93,47.99,45.01,44.32,41.34,39.43,29.56,2021-09-30,-
2022-11-08,301073,君亭酒店,旅游酒店,51.92,52.63,49.19,49.76,49.19,1831685,141461448.13,4.3515,-3.776,6.65,否,0.75,-3.134,17.636,10.972,10.725,否,120810000.0,42092767.0,9205722000.0,3207468845.4,316.03208,19.509748,29.402402,51.73,48.48,45.48,44.49,41.52,39.57,29.71,2021-09-30,-
2022-11-09,301073,君亭酒店,旅游酒店,49.83,51.46,49.42,50.46,49.42,1507720,116745511.71,3.5819,1.404,4.09,否,0.66,-5.204,-0.571,12.533,15.443,否,120810000.0,42092767.0,9334988700.0,3252508106.09,320.4698,19.783704,29.815271,51.31,49.04,46.07,44.75,41.71,39.71,29.86,2021-09-30,-
2022-11-10,301073,君亭酒店,旅游酒店,49.56,51.44,49.02,49.29,49.02,1726348,132390038.82,4.1013,-2.317,4.8,否,0.86,-4.68,-6.239,10.59,14.097,否,120810000.0,42092767.0,9118738800.0,3177162053.16,313.04595,19.325404,29.124584,50.89,49.51,46.38,44.97,41.89,39.83,30.02,2021-09-30,-
2022-11-11,301073,君亭酒店,旅游酒店,51.26,54.2,47.14,49.5,47.14,5187419,398052263.11,12.3238,0.424,14.33,否,2.62,-0.523,-3.64,13.298,17.188,否,120810000.0,42092767.0,9157398000.0,3190631738.6,314.373119,19.407335,29.248059,50.14,50.09,46.74,45.25,42.03,39.97,30.17,2021-09-30,-
2022-11-14,301073,君亭酒店,旅游酒店,47.02,48.32,42.5,45.75,42.5,3266184,228389005.58,7.7595,-7.573,11.77,否,1.32,-9.334,-14.052,8.156,12.796,否,120810000.0,42092767.0,8463948600.0,2949019256.02,290.567028,17.937703,27.033232,48.95,50.44,46.92,45.32,42.13,40.07,30.31,2021-09-30,-
2022-11-15,301073,君亭酒店,旅游酒店,45.06,48.51,45.06,47.04,45.06,2575579,185812896.39,6.1188,2.812,7.55,否,0.95,-4.565,-9.031,-7.31,16.812,否,120810000.0,42092767.0,8701944300.0,3031942007.01,298.737411,18.442089,27.793373,48.41,50.07,47.1,45.39,42.24,40.19,30.45,2021-09-30,-
2022-11-16,301073,君亭酒店,旅游酒店,48.57,49.22,45.72,46.72,45.72,1940115,140385357.56,4.6091,-0.666,7.44,否,0.68,-5.616,-6.109,-11.128,20.599,否,120810000.0,42092767.0,8643955500.0,3011737478.85,296.746658,18.319193,27.608161,47.66,49.48,47.33,45.49,42.36,40.31,30.59,2021-09-30,-
2022-11-17,301073,君亭酒店,旅游酒店,45.71,48.06,45.39,47.9,45.39,1725023,124709488.19,4.0981,2.516,5.73,否,0.59,4.699,-5.073,-6.755,11.395,否,120810000.0,42092767.0,8861413500.0,3087504459.45,304.211982,18.780053,28.302706,47.38,49.14,47.53,45.65,42.51,40.44,30.73,2021-09-30,-
2022-11-18,301073,君亭酒店,旅游酒店,47.04,47.66,45.63,45.73,45.63,1451568,102569507.3,3.4485,-4.526,4.24,否,0.49,-2.785,-7.223,-14.09,8.16,否,120810000.0,42092767.0,8460324300.0,2947756473.01,290.442606,17.930022,27.021657,46.63,48.39,47.67,45.76,42.66,40.56,30.87,2021-09-30,-
2022-11-21,301073,君亭酒店,旅游酒店,44.21,46.17,44.21,44.82,44.21,1073391,73533988.38,2.5501,-1.985,4.28,否,0.49,-4.067,-9.455,-13.324,6.234,否,120810000.0,42092767.0,8292398400.0,2889247526.88,284.677716,17.574135,26.485314,46.44,47.7,47.84,45.9,42.82,40.67,31.0,2021-09-30,-
2022-11-22,301073,君亭酒店,旅游酒店,44.82,44.85,43.53,43.62,43.53,762624,51491461.38,1.8118,-2.681,2.94,否,0.44,-8.935,-4.656,-12.339,0.484,否,120810000.0,42092767.0,8070108000.0,2811796835.6,277.046495,17.103034,25.775334,45.76,47.08,47.78,46.02,42.95,40.76,31.13,2021-09-30,-
2022-11-23,301073,君亭酒店,旅游酒店,43.74,43.74,41.93,42.51,41.93,1298103,84651259.45,3.0839,-2.56,4.15,否,0.93,-7.041,-9.63,-15.755,0.902,否,120810000.0,42092767.0,7863522900.0,2739818204.03,269.954437,16.665217,25.115517,44.92,46.29,47.66,46.14,43.06,40.84,31.25,2021-09-30,-
2022-11-24,301073,君亭酒店,旅游酒店,42.5,44.18,42.12,43.66,42.12,1119602,74643730.59,2.6598,2.719,4.85,否,0.89,-2.588,-6.55,-11.422,-0.705,否,120810000.0,42092767.0,8077356600.0,2814322401.62,277.295339,17.118396,25.798486,44.07,45.73,47.62,46.16,43.21,40.92,31.37,2021-09-30,-
2022-11-25,301073,君亭酒店,旅游酒店,43.16,45.33,43.02,44.98,43.02,1391086,94408424.05,3.3048,3.021,5.29,否,1.22,3.118,-6.096,-9.131,4.751,否,120810000.0,42092767.0,8321392800.0,2899349790.96,285.673093,17.635583,26.57792,43.92,45.27,47.68,46.25,43.38,41.02,31.5,2021-09-30,-
2022-11-28,301073,君亭酒店,旅游酒店,43.77,49.83,43.75,49.22,43.75,2405508,174611477.56,5.7148,9.422,13.5,否,2.13,15.785,7.632,7.585,19.061,否,120810000.0,42092767.0,9105449700.0,3172531848.79,312.589736,19.29724,29.08214,44.8,45.62,48.03,46.49,43.61,41.14,31.65,2021-09-30,-
2022-11-29,301073,君亭酒店,旅游酒店,48.32,54.2,48.11,51.07,48.11,3363679,262826512.62,7.9911,3.755,12.37,否,2.41,16.972,13.945,8.567,13.894,否,120810000.0,42092767.0,9447342000.0,3291654379.4,324.326885,20.021815,30.174119,46.29,46.02,48.05,46.74,43.82,41.26,31.8,2021-09-30,-
2022-11-30,301073,君亭酒店,旅游酒店,49.63,51.36,49.17,50.98,49.17,1990696,152774858.28,4.7293,-0.179,4.28,否,1.04,13.339,16.873,9.118,13.693,否,120810000.0,42092767.0,9430428600.0,3285761392.02,323.746249,19.98597,30.120099,47.98,46.45,47.97,47.04,44.01,41.41,31.95,2021-09-30,-
2022-12-01,301073,君亭酒店,旅游酒店,51.93,53.47,47.22,47.64,47.22,3690549,277994925.54,8.7677,-6.533,12.26,否,1.8,-3.21,12.068,-0.543,6.888,否,120810000.0,42092767.0,8814297600.0,3071088280.32,302.594495,18.6802,28.152221,48.78,46.42,47.78,47.16,44.15,41.52,32.09,2021-09-30,-
2022-12-02,301073,君亭酒店,旅游酒店,47.13,48.7,47.02,47.2,47.02,1929538,141187281.53,4.584,-0.932,3.52,否,0.75,-7.578,8.108,3.215,8.034,否,120810000.0,42092767.0,8732146800.0,3042465198.76,299.774261,18.506097,27.889838,49.22,46.57,47.48,47.3,44.33,41.65,32.23,2021-09-30,-
2022-12-05,301073,君亭酒店,旅游酒店,48.3,48.3,45.14,45.89,45.14,2238633,159381356.24,5.3183,-2.781,6.7,否,0.84,-9.984,2.023,2.387,8.487,否,120810000.0,42092767.0,8489318700.0,2957858737.09,291.437982,17.99147,27.114263,48.56,46.68,47.19,47.45,44.49,41.76,32.36,2021-09-30,-
2022-12-06,301073,君亭酒店,旅游酒店,45.71,48.1,45.42,46.69,45.42,2817552,201822172.04,6.6937,1.75,5.85,否,1.07,-1.994,-5.14,7.038,-8.0,否,120810000.0,42092767.0,8637915000.0,3009632840.5,296.539287,18.306391,27.588868,47.68,46.98,47.03,47.52,44.69,41.88,32.49,2021-09-30,-
2022-12-07,301073,君亭酒店,旅游酒店,45.71,49.5,45.08,47.92,45.08,3575397,258781823.99,8.4941,2.629,9.47,否,1.41,1.525,-6.168,12.726,-8.845,否,120810000.0,42092767.0,8865037800.0,3088767242.46,304.336404,18.787734,28.314282,47.07,47.53,46.91,47.62,44.89,42.01,32.63,2021-09-30,-
2022-12-08,301073,君亭酒店,旅游酒店,47.06,47.85,45.72,47.25,45.72,2689358,191749045.18,6.3891,-1.404,4.44,否,0.94,2.964,-7.317,8.223,-8.02,否,120810000.0,42092767.0,8740603500.0,3045411692.45,300.06458,18.524019,27.916848,46.99,47.88,46.8,47.71,45.06,42.13,32.76,2021-09-30,-
2022-12-09,301073,君亭酒店,旅游酒店,46.36,46.62,45.23,46.23,45.23,1995688,140114942.15,4.7412,-2.142,2.94,否,0.75,-0.985,-2.96,2.779,-13.15,否,120810000.0,42092767.0,8553348000.0,2980167903.6,293.636106,18.127168,27.318768,46.8,48.01,46.64,47.79,45.17,42.23,32.9,2021-09-30,-
2022-12-12,301073,君亭酒店,旅游酒店,46.29,48.51,45.72,48.21,45.72,2960049,216095645.18,7.0322,4.266,6.02,否,1.11,0.605,2.14,-2.052,-6.769,否,120810000.0,42092767.0,8918194200.0,3107288059.94,306.161261,18.900389,28.48406,47.26,47.91,46.76,47.99,45.32,42.36,33.04,2021-09-30,-
2022-12-13,301073,君亭酒店,旅游酒店,47.74,50.78,46.87,47.68,46.87,3577745,270133921.27,8.4997,-1.097,8.1,否,1.27,0.91,3.901,-6.638,-4.18,否,120810000.0,42092767.0,8820338100.0,3073192918.67,302.801865,18.693002,28.171514,47.46,47.57,46.8,47.89,45.45,42.49,33.18,2021-09-30,-
2022-12-14,301073,君亭酒店,旅游酒店,46.91,50.95,46.91,49.79,46.91,3706896,280914503.89,8.8065,4.438,8.46,否,1.25,7.701,6.64,-2.334,-1.328,否,120810000.0,42092767.0,9211762500.0,3209573483.75,316.23945,19.52255,29.421695,47.83,47.45,46.95,47.79,45.6,42.64,33.33,2021-09-30,-
2022-12-15,301073,君亭酒店,旅游酒店,49.64,50.48,46.78,47.13,46.78,2989909,219252897.72,7.1031,-5.351,7.44,否,1.0,-2.24,-1.649,-1.071,-4.382,否,120810000.0,42092767.0,8718857700.0,3037834994.39,299.318047,18.477933,27.847393,47.81,47.4,46.91,47.65,45.68,42.78,33.46,2021-09-30,-
2022-12-16,301073,君亭酒店,旅游酒店,46.28,48.0,45.72,47.18,45.72,2347762,168849197.81,5.5776,0.111,4.84,否,0.77,-1.049,-0.148,-0.042,-4.687,否,120810000.0,42092767.0,8728522500.0,3041202415.75,299.649839,18.498416,27.878262,48.0,47.4,46.98,47.45,45.77,42.91,33.6,2021-09-30,-
2022-12-19,301073,君亭酒店,旅游酒店,47.02,48.51,45.71,46.04,45.71,1595526,113980800.56,3.7905,-2.408,5.92,否,0.51,-7.532,-0.411,0.327,0.634,否,120810000.0,42092767.0,8518313100.0,2967961001.17,292.433359,18.052918,27.206869,47.56,47.41,47.04,47.26,45.79,43.0,33.72,2021-09-30,-
2022-12-20,301073,君亭酒店,旅游酒店,45.71,45.78,43.54,44.29,43.54,1635144,110899896.88,3.8846,-3.815,4.88,否,0.58,-6.026,-8.131,-5.14,-5.846,否,120810000.0,42092767.0,8193334200.0,2854731457.94,281.276846,17.364188,26.16891,46.89,47.17,47.08,47.08,45.78,43.03,33.84,2021-09-30,-
2022-12-21,301073,君亭酒店,旅游酒店,44.27,47.02,43.95,46.58,43.95,2488251,175445943.3,5.9114,5.176,6.94,否,1.01,-1.272,-2.307,-2.796,-0.3,否,120810000.0,42092767.0,8617377300.0,3002477070.11,295.834229,18.262865,27.523272,46.24,47.04,47.28,46.95,45.85,43.04,33.96,2021-09-30,-
2022-12-22,301073,君亭酒店,旅游酒店,46.36,46.36,44.57,45.05,44.57,1885993,131002662.9,4.4806,-3.281,3.86,否,0.85,-2.15,-9.52,-4.656,-5.95,否,120810000.0,42092767.0,8334681900.0,2903979995.33,286.129307,17.663747,26.620364,45.83,46.82,47.35,46.81,45.89,43.05,34.09,2021-09-30,-
2022-12-23,301073,君亭酒店,旅游酒店,44.8,45.63,44.41,44.99,44.41,918988,63343056.05,1.9166,-0.131,2.71,否,0.46,1.58,-4.541,-2.682,-1.618,否,120810000.0,42092767.0,8323809000.0,2900191646.3,285.756041,17.640704,26.585637,45.39,46.69,47.35,46.66,45.95,43.04,34.21,2021-09-30,-
2022-12-26,301073,君亭酒店,旅游酒店,45.32,48.23,44.44,47.47,44.44,2271481,164021373.4,4.7372,5.515,8.4,否,1.33,1.911,0.615,-1.535,5.913,否,120810000.0,42092767.0,8782887000.0,3060144160.9,301.516171,18.613631,28.051898,45.68,46.62,47.26,46.72,46.02,43.1,34.34,2021-09-30,-
2022-12-27,301073,君亭酒店,旅游酒店,47.74,47.9,45.12,47.18,45.12,2174950,154508795.96,4.5359,-0.619,5.85,否,1.18,4.728,2.476,-1.049,8.161,否,120810000.0,42092767.0,8728522500.0,3041202415.75,299.649839,18.498416,27.878262,46.25,46.57,47.07,46.72,46.05,43.16,34.48,2021-09-30,-
2022-12-28,301073,君亭酒店,旅游酒店,46.69,47.63,45.85,46.91,45.85,1706995,122132560.01,3.5599,-0.568,3.76,否,0.88,4.268,5.916,-5.784,10.351,否,120810000.0,42092767.0,8678990400.0,3023944381.28,297.949404,18.393442,27.72006,46.32,46.28,46.87,46.73,46.11,43.2,34.61,2021-09-30,-
2022-12-29,301073,君亭酒店,旅游酒店,46.43,47.58,45.46,47.05,45.46,1870412,134046577.8,3.9007,0.292,4.51,否,1.04,-0.885,1.009,-0.17,7.765,否,120810000.0,42092767.0,8704360500.0,3032783862.35,298.820359,18.447209,27.80109,46.72,46.27,46.84,46.7,46.17,43.24,34.74,2021-09-30,-
2022-12-30,301073,君亭酒店,旅游酒店,45.86,47.2,45.25,45.78,45.25,1774958,125127091.2,3.7017,-2.707,4.14,否,0.99,-2.967,1.62,-2.967,1.779,否,120810000.0,42092767.0,8468781000.0,2950702966.7,290.732924,17.947944,27.048667,46.88,46.13,46.77,46.7,46.23,43.29,34.87,2021-09-30,-
2023-01-03,301073,君亭酒店,旅游酒店,45.8,45.9,43.82,44.76,43.82,1562783,106623023.72,3.7127,-2.225,4.54,否,0.8,-4.583,-0.511,-2.78,-9.061,否,120810000.0,76825313.0,8280317400.0,5265606953.02,305.025705,18.830287,28.378412,46.34,46.01,46.71,46.7,46.3,43.31,34.99,2021-09-30,-
2023-01-04,301073,君亭酒店,旅游酒店,44.41,45.37,44.31,44.91,44.31,1004921,69016072.73,2.3874,0.35,2.36,否,0.55,-4.548,-5.393,1.4,-12.062,否,120810000.0,76825313.0,8309311800.0,5284045028.14,306.093784,18.896223,28.477782,45.88,46.07,46.62,46.74,46.38,43.34,35.12,2021-09-30,-
2023-01-05,301073,君亭酒店,旅游酒店,44.65,45.15,44.08,44.52,44.08,1612090,109974070.22,3.8299,-0.872,2.38,否,1.02,-2.752,-5.638,-4.422,-12.672,否,120810000.0,76825313.0,8236825800.0,5237949840.34,303.423586,18.731382,28.229357,45.4,45.86,46.45,46.81,46.47,43.37,35.25,2021-09-30,-
2023-01-06,301073,君亭酒店,旅游酒店,44.73,44.77,43.75,44.22,43.75,1418268,95777841.31,3.3694,-0.689,2.29,否,0.91,-1.206,-5.734,-1.842,-7.179,否,129634031.0,76825313.0,8777520239.01,5201841943.23,301.33193,18.602257,28.034757,44.84,45.78,46.3,46.83,46.5,43.41,35.37,2021-09-30,-
2023-01-09,301073,君亭酒店,旅游酒店,44.09,44.83,43.76,44.59,43.76,1285610,87633148.8,3.0542,0.842,2.42,否,0.87,-0.713,-5.228,-0.889,-5.53,否,129634031.0,76825313.0,8851411636.68,5245632371.64,303.868619,18.758856,28.270761,44.6,45.74,46.22,46.81,46.53,43.43,35.49,2021-09-30,-
2023-01-10,301073,君亭酒店,旅游酒店,44.41,44.72,43.77,43.88,43.77,980632,66247249.96,2.3297,-1.582,2.12,否,0.71,-1.438,-4.15,-7.563,-4.38,否,129634031.0,76825313.0,8711406883.2,5162661033.6,299.062261,18.462143,27.823596,44.42,45.38,46.0,46.64,46.56,43.44,35.61,2021-09-30,-
2023-01-11,301073,君亭酒店,旅游酒店,43.79,44.14,42.69,42.71,42.69,1206191,79777895.56,2.8656,-2.664,3.3,否,0.96,-3.415,-4.58,-9.474,-8.524,否,129634031.0,76825313.0,8479361967.71,5025143723.33,291.096168,17.970369,27.082462,43.98,44.93,45.75,46.36,46.55,43.44,35.72,2021-09-30,-
2023-01-12,301073,君亭酒店,旅游酒店,42.11,42.77,40.98,41.01,40.98,1731760,110282880.72,4.1142,-3.99,4.17,否,1.33,-8.029,-8.684,-12.577,-14.42,否,129634031.0,76825313.0,8141017146.8,4824629656.4,279.480803,17.253312,26.001813,43.28,44.34,45.31,46.03,46.53,43.42,35.83,2021-09-30,-
2023-01-13,301073,君亭酒店,旅游酒店,41.13,42.15,41.08,42.04,41.08,1171844,74861204.45,2.784,2.516,2.63,否,0.88,-4.193,-5.571,-10.648,-11.026,否,129634031.0,76825313.0,8345838915.78,4946013650.94,286.512327,17.687392,26.655999,42.85,43.84,45.06,45.84,46.5,43.42,35.93,2021-09-30,-
2023-01-16,301073,君亭酒店,旅游酒店,42.17,42.66,41.68,42.02,41.68,1053122,67974662.56,2.5019,-0.062,2.33,否,0.83,-1.616,-4.975,-8.213,-9.107,否,129634031.0,76825313.0,8340653554.54,4942940638.42,286.334313,17.676403,26.639437,42.33,43.47,44.8,45.67,46.48,43.41,36.03,2021-09-30,-
2023-01-17,301073,君亭酒店,旅游酒店,42.12,43.28,41.8,42.79,41.8,1491852,97520656.04,3.5442,1.834,3.51,否,1.21,4.34,-4.037,-4.401,-11.242,否,129634031.0,76825313.0,8493621711.12,5033594507.76,291.585704,18.000589,27.128006,42.11,43.27,44.64,45.56,46.51,43.41,36.13,2021-09-30,-
2023-01-18,301073,君亭酒店,旅游酒店,42.45,42.77,41.38,41.4,41.38,1011952,64659308.49,2.4041,-3.236,3.27,否,0.76,-1.522,-5.652,-7.816,-13.171,否,129634031.0,76825313.0,8218797565.4,4870724844.2,282.151002,17.418153,26.250238,41.85,42.92,44.49,45.39,46.45,43.42,36.23,2021-09-30,-
2023-01-19,301073,君亭酒店,旅游酒店,41.4,41.64,40.89,40.9,40.89,748036,47275325.44,1.7771,-1.215,1.83,否,0.58,-2.665,-4.238,-8.131,-17.855,否,129634031.0,76825313.0,8118979361.53,4811569353.19,278.724247,17.206607,25.931426,41.83,42.56,44.21,45.15,46.39,43.38,36.32,2021-09-30,-
2023-01-20,301073,君亭酒店,旅游酒店,41.02,42.24,40.92,41.38,40.92,861933,54856447.13,2.0477,1.166,3.23,否,0.79,-3.295,0.902,-6.422,-12.2,否,129634031.0,76825313.0,8213612204.16,4867651831.68,281.972989,17.407163,26.233676,41.7,42.27,44.03,44.96,46.33,43.36,36.41,2021-09-30,-
2023-01-30,301073,君亭酒店,旅游酒店,42.45,42.68,41.58,41.7,41.58,1701209,109692449.92,4.0416,0.789,2.65,否,1.65,0.725,-0.809,-6.481,-11.615,否,129634031.0,76825313.0,8278429219.66,4906064488.18,284.198154,17.54453,26.440697,41.63,41.98,43.86,44.81,46.3,43.34,36.5,2021-09-30,-
2023-01-31,301073,君亭酒店,旅游酒店,41.79,42.11,41.05,41.72,41.05,812850,51559052.54,1.9311,0.031,2.54,否,0.7,2.005,-0.714,-4.923,-9.383,否,129634031.0,76825313.0,8281021900.28,4907600994.44,284.287161,17.550025,26.448978,41.42,41.77,43.57,44.59,46.29,43.34,36.59,2021-09-30,-
2023-02-01,301073,君亭酒店,旅游酒店,41.66,41.79,41.04,41.14,41.04,973949,61530336.4,2.3138,-1.378,1.8,否,0.95,-0.58,-3.856,-3.676,-7.112,否,129634031.0,76825313.0,8166943953.0,4839994719.0,280.37087,17.308259,26.084621,41.37,41.61,43.27,44.37,46.13,43.34,36.67,2021-09-30,-
2023-02-02,301073,君亭酒店,旅游酒店,41.3,41.45,40.23,41.37,40.23,1765891,110591101.55,4.1952,0.556,2.98,否,1.73,-0.791,-0.072,0.878,-11.185,否,129634031.0,76825313.0,8212315863.85,4866883578.55,281.928486,17.404416,26.229536,41.46,41.65,42.99,44.09,45.94,43.35,36.77,2021-09-30,-
2023-02-03,301073,君亭酒店,旅游酒店,41.05,41.3,39.94,39.97,39.94,1340122,82675141.28,3.1837,-3.394,3.3,否,1.1,-4.195,-2.274,-4.924,-11.276,否,129634031.0,76825313.0,7933602697.2,4701709155.6,272.360273,16.813737,25.339346,41.18,41.44,42.64,43.85,45.75,43.36,36.85,2021-09-30,-
2023-02-06,301073,君亭酒店,旅游酒店,39.97,40.8,38.97,40.3,38.97,1884764,115059813.68,4.4776,0.833,4.59,否,1.43,-2.042,-2.61,-4.093,-10.425,否,129634031.0,76825313.0,7999716053.01,4740890065.23,274.629942,16.953852,25.550508,40.9,41.27,42.37,43.62,45.54,43.34,36.94,2021-09-30,-
2023-02-07,301073,君亭酒店,旅游酒店,40.0,40.59,38.84,39.08,38.84,2014408,121366137.64,4.7856,-3.014,4.33,否,1.49,-5.535,-6.283,-8.67,-17.674,否,129634031.0,76825313.0,7758596755.35,4597994983.05,266.352326,16.442846,24.78039,40.37,40.9,42.08,43.39,45.33,43.33,37.01,2021-09-30,-
2023-02-08,301073,君亭酒店,旅游酒店,39.17,40.78,39.09,40.28,39.09,2388830,146714579.74,5.6752,3.058,4.33,否,1.5,0.776,-3.452,-2.705,-14.625,否,129634031.0,76825313.0,7995827032.08,4738585305.84,274.496432,16.94561,25.538086,40.2,40.78,41.85,43.26,45.17,43.34,37.1,2021-09-30,-
2023-02-09,301073,君亭酒店,旅游酒店,40.03,41.72,39.76,41.58,39.76,2410313,151870800.84,5.7262,3.243,4.85,否,1.28,3.176,1.07,1.663,-11.362,否,129634031.0,76825313.0,8255095094.08,4892235931.84,283.397095,17.495078,26.36617,40.24,40.85,41.7,43.09,45.02,43.36,37.18,2021-09-30,-
2023-02-10,301073,君亭酒店,旅游酒店,41.73,44.91,41.19,43.81,41.19,4262892,283452546.11,10.1274,5.355,8.94,否,2.12,12.103,5.898,5.872,-6.886,否,129634031.0,76825313.0,8697147139.79,5154210249.17,298.572724,18.431922,27.778051,41.01,41.1,41.68,43.05,44.93,43.41,37.27,2021-09-30,-
2023-02-13,301073,君亭酒店,旅游酒店,43.84,46.65,43.67,46.1,43.67,4603150,320465899.72,10.9357,5.232,6.78,否,1.78,14.449,15.337,10.552,0.699,否,129634031.0,76825313.0,9152162588.6,5423867097.8,314.193387,19.396239,29.231338,42.17,41.54,41.76,43.09,44.87,43.45,37.37,2021-09-30,-
2023-02-14,301073,君亭酒店,旅游酒店,46.14,46.35,44.59,44.99,44.59,2134232,147467314.6,5.0703,-2.408,3.81,否,0.68,8.201,11.638,7.838,0.514,否,129634031.0,76825313.0,8931784735.9,5293264065.7,306.627824,18.929191,28.527467,43.35,41.86,41.81,43.0,44.86,43.49,37.47,2021-09-30,-
2023-02-15,301073,君亭酒店,旅游酒店,44.99,45.18,43.77,44.22,43.77,1271781,86146325.56,3.0214,-1.727,3.13,否,0.4,0.936,13.153,7.487,-1.536,否,129634031.0,76825313.0,8777520239.01,5201841943.23,301.33193,18.602257,28.034757,44.14,42.17,41.89,42.9,44.81,43.52,37.57,2021-09-30,-
2023-02-16,301073,君亭酒店,旅游酒店,43.84,47.64,43.84,46.98,43.84,3737769,265811334.44,8.8798,6.247,8.61,否,1.27,1.909,16.634,13.561,5.526,否,129634031.0,76825313.0,9325872190.14,5526813017.22,320.156831,19.764383,29.786153,45.22,42.73,42.19,42.91,44.82,43.59,37.67,2021-09-30,-
2023-02-17,301073,君亭酒店,旅游酒店,46.27,48.0,45.72,46.79,45.72,2526885,181335506.45,6.0031,-0.403,4.85,否,0.79,4.001,12.53,17.063,5.812,否,129634031.0,76825313.0,9288278321.15,5504533676.45,318.866235,19.68471,29.666081,45.82,43.41,42.43,42.9,44.8,43.65,37.77,2021-09-30,-
2023-02-20,301073,君亭酒店,旅游酒店,46.71,47.21,45.06,46.69,45.06,2047924,144622383.25,4.8653,-0.209,4.59,否,0.72,5.586,6.574,15.856,4.71,否,129634031.0,76825313.0,9268833216.5,5493009879.5,318.198685,19.6435,29.603975,45.93,44.05,42.66,42.93,44.81,43.74,37.86,2021-09-30,-
2023-02-21,301073,君亭酒店,旅游酒店,46.7,47.34,46.1,46.75,46.1,930191,66369659.16,2.2099,0.126,2.64,否,0.4,-0.49,1.41,19.626,6.541,否,129634031.0,76825313.0,9280500279.29,5499924157.67,318.599215,19.668226,29.641239,46.29,44.82,42.86,42.99,44.85,43.83,37.95,2021-09-30,-
2023-02-22,301073,君亭酒店,旅游酒店,46.65,46.69,45.71,46.08,45.71,1047626,74209569.94,2.4889,-1.425,2.1,否,0.5,-1.517,2.423,14.399,7.89,否,129634031.0,76825313.0,9148273567.67,5421562338.41,314.059877,19.387997,29.218916,46.66,45.4,43.09,43.03,44.89,43.92,38.04,2021-09-30,-
2023-02-23,301073,君亭酒店,旅游酒店,46.56,46.78,45.97,46.1,45.97,910708,64639089.52,2.1636,0.043,1.76,否,0.44,-1.264,4.251,10.871,12.412,否,129634031.0,76825313.0,9152162588.6,5423867097.8,314.193387,19.396239,29.231338,46.48,45.85,43.35,43.09,44.95,44.0,38.13,2021-09-30,-
2023-02-24,301073,君亭酒店,旅游酒店,46.16,46.18,45.27,45.55,45.27,757795,52877607.1,1.8003,-1.204,1.98,否,0.51,-2.567,-3.044,3.972,8.349,否,129634031.0,76825313.0,9041973662.25,5358565581.75,310.410606,19.162715,28.879402,46.23,46.03,43.56,43.13,44.98,44.09,38.21,2021-09-30,-
2023-02-27,301073,君亭酒店,旅游酒店,45.55,48.72,44.99,47.89,44.99,1643611,119498111.1,3.9047,5.133,8.17,否,1.44,3.928,2.351,3.883,13.97,否,129634031.0,76825313.0,9506063493.23,5633600202.29,326.342792,20.146264,30.361671,46.47,46.2,43.87,43.24,45.03,44.21,38.31,2021-09-30,-
2023-02-28,301073,君亭酒店,旅游酒店,47.65,51.52,47.02,50.48,47.02,2997787,227851017.95,7.1219,5.414,9.4,否,2.83,9.501,8.117,12.203,17.971,否,129634031.0,76825313.0,10020710596.3,5938596694.9,344.010607,21.236959,32.005416,47.22,46.75,44.31,43.46,45.05,44.33,38.41,2021-09-30,-
2023-03-01,301073,君亭酒店,旅游酒店,50.62,50.94,49.51,50.21,49.51,1329282,102349163.6,3.158,-0.53,2.83,否,0.9,10.231,7.401,13.546,21.28,否,129634031.0,76825313.0,9967560643.59,5907098316.57,342.185971,21.124318,31.835659,48.05,47.35,44.76,43.71,45.03,44.43,38.52,2021-09-30,-
2023-03-02,301073,君亭酒店,旅游酒店,50.46,51.77,49.74,50.28,49.74,877225,67996721.31,2.084,0.13,4.03,否,0.57,4.991,9.115,7.024,22.934,否,129634031.0,76825313.0,9980524046.69,5914780847.87,342.631004,21.151791,31.877063,48.88,47.68,45.21,44.02,45.02,44.52,38.63,2021-09-30,-
2023-03-03,301073,君亭酒店,旅游酒店,50.18,50.79,49.37,49.7,49.37,702050,53622179.1,1.6679,-1.156,2.82,否,0.46,-1.545,7.809,6.219,20.106,否,129634031.0,76825313.0,9865149759.1,5846406319.3,338.670209,20.907278,31.508566,49.71,47.97,45.69,44.28,45.06,44.6,38.73,2021-09-30,-
2023-03-06,301073,君亭酒店,旅游酒店,50.3,51.72,49.76,51.15,49.76,1569676,122174023.25,3.7291,2.93,3.94,否,1.04,1.872,12.294,9.552,22.662,否,129634031.0,76825313.0,10154233648.23,6017726767.29,348.594448,21.519935,32.431879,50.36,48.42,46.24,44.58,45.12,44.73,38.84,2021-09-30,-
2023-03-07,301073,君亭酒店,旅游酒店,51.14,52.93,49.71,50.56,49.71,1692382,133205919.1,4.0206,-1.149,6.31,否,1.13,0.557,5.575,8.15,21.189,否,129634031.0,76825313.0,10037563020.33,5948583985.59,344.58915,21.272674,32.059242,50.38,48.8,46.81,44.84,45.2,44.85,38.95,2021-09-30,-
2023-03-08,301073,君亭酒店,旅游酒店,51.46,51.78,49.76,50.32,49.76,1086136,83807166.7,2.5803,-0.478,4.0,否,0.88,1.247,-0.317,9.201,22.314,否,129634031.0,76825313.0,9989598428.86,5920158619.78,342.942527,21.171023,31.906046,50.4,49.22,47.31,45.14,45.26,44.98,39.06,2021-09-30,-
2023-03-09,301073,君亭酒店,旅游酒店,50.81,51.07,49.63,50.09,49.63,792627,60840119.42,1.883,-0.454,2.85,否,0.67,-2.072,-0.239,8.655,21.078,否,129634031.0,76825313.0,9944226518.01,5893269760.23,341.384911,21.074866,31.761132,50.36,49.62,47.74,45.44,45.3,45.09,39.17,2021-09-30,-
2023-03-10,301073,君亭酒店,旅游酒店,50.13,50.22,48.72,49.32,48.72,1045767,78813653.35,2.4844,-1.551,3.0,否,0.89,-2.453,-1.909,8.277,23.393,否,129634031.0,76825313.0,9789962021.12,5801847637.76,336.089017,20.747932,31.268422,50.29,50.0,48.01,45.71,45.33,45.2,39.27,2021-09-30,-
2023-03-13,301073,君亭酒店,旅游酒店,48.97,52.24,47.91,51.2,47.91,1712377,134016893.51,4.0681,3.814,8.77,否,1.38,1.749,3.018,6.912,27.047,否,129634031.0,76825313.0,10163308030.4,6023104539.2,348.905971,21.539167,32.460862,50.3,50.33,48.27,46.02,45.41,45.29,39.39,2021-09-30,-
2023-03-14,301073,君亭酒店,旅游酒店,50.41,51.37,48.83,49.62,48.83,1191646,90482108.36,2.831,-3.087,4.96,否,0.94,-0.938,-2.991,-1.704,26.97,否,129634031.0,76825313.0,9849593675.38,5837187281.74,338.136169,20.87431,31.458881,50.11,50.25,48.5,46.29,45.44,45.38,39.49,2021-09-30,-
2023-03-15,301073,君亭酒店,旅游酒店,48.0,49.54,48.0,48.92,48.0,823000,61538142.34,1.9552,-1.395,3.11,否,0.71,-0.811,-3.244,-2.569,21.45,否,129634031.0,76825313.0,9712181602.52,5755752449.96,333.418818,20.583091,31.019997,49.83,50.12,48.73,46.55,45.46,45.45,39.6,2021-09-30,-
2023-03-16,301073,君亭酒店,旅游酒店,48.92,48.92,47.38,47.53,47.38,1231091,90199119.98,2.9247,-2.843,3.16,否,1.11,-7.168,-5.545,-5.469,14.31,否,129634031.0,76825313.0,9436061116.49,5592114533.27,323.939613,19.997907,30.138089,49.32,49.84,48.76,46.75,45.42,45.51,39.7,2021-09-30,-
2023-03-17,301073,君亭酒店,旅游酒店,47.53,48.02,44.41,44.95,44.41,2373280,165428636.33,5.6382,-5.427,7.61,否,1.98,-9.412,-10.262,-9.557,2.602,否,129634031.0,76825313.0,8924006694.04,5288654546.92,306.360804,18.912707,28.502624,48.44,49.37,48.67,46.92,45.38,45.53,39.79,2021-09-30,-
2023-03-20,301073,君亭酒店,旅游酒店,44.96,45.49,43.38,44.86,43.38,1444788,98111263.83,3.4324,-0.203,4.69,否,0.99,-8.299,-9.043,-12.297,-2.69,否,129634031.0,76825313.0,8905857929.7,5277899003.1,305.737758,18.874244,28.444658,47.18,48.74,48.58,47.07,45.35,45.56,39.89,2021-09-30,-
2023-03-21,301073,君亭酒店,旅游酒店,44.45,46.69,44.33,46.04,44.33,1553076,108949749.93,3.6897,2.62,5.27,否,1.1,-3.135,-10.078,-8.94,2.334,否,129634031.0,76825313.0,9139199185.5,5416184566.5,313.748354,19.368766,29.189933,46.46,48.29,48.54,47.3,45.35,45.57,39.99,2021-09-30,-
2023-03-22,301073,君亭酒店,旅游酒店,45.72,46.32,44.46,45.0,44.46,1378850,94988228.38,3.2757,-2.255,4.04,否,0.93,0.111,-9.311,-10.572,1.764,否,129634031.0,76825313.0,8933081076.21,5294032318.83,306.672327,18.931939,28.531607,45.68,47.75,48.49,47.46,45.36,45.57,40.09,2021-09-30,-
2023-03-23,301073,君亭酒店,旅游酒店,45.29,45.29,43.01,43.3,43.01,1855810,123754565.2,4.4089,-3.788,5.08,否,1.16,-3.477,-11.488,-13.556,-7.833,否,129634031.0,76825313.0,8594736255.3,5093518251.9,295.056963,18.214882,27.450959,44.83,47.07,48.35,47.52,45.3,45.58,40.18,2021-09-30,-
2023-03-24,301073,君亭酒店,旅游酒店,43.3,44.5,42.25,42.54,42.25,1985900,131586616.0,4.7179,-1.75,5.19,否,1.15,-7.602,-10.499,-13.747,-9.083,否,129634031.0,76825313.0,8444360779.34,5004400888.82,289.894578,17.89619,26.97067,44.35,46.4,48.2,47.47,45.26,45.58,40.27,2021-09-30,-
2023-03-27,301073,君亭酒店,旅游酒店,42.45,42.76,41.13,42.19,41.13,2712998,173876320.95,6.4453,-0.829,3.84,否,1.65,-6.244,-6.14,-17.598,-9.638,否,129634031.0,76825313.0,8374358402.6,4962915219.8,287.4914,17.747834,26.747088,43.81,45.5,47.91,47.34,45.21,45.58,40.34,2021-09-30,-
2023-03-28,301073,君亭酒店,旅游酒店,42.15,42.77,40.9,41.21,40.9,2260166,144357166.96,5.3695,-2.322,4.43,否,1.19,-4.827,-8.136,-16.949,-11.85,否,129634031.0,76825313.0,8179907356.1,4847677250.3,280.815903,17.335732,26.126025,42.85,44.65,47.45,47.22,45.11,45.56,40.41,2021-09-30,-
2023-03-29,301073,君亭酒店,旅游酒店,41.53,44.08,40.9,43.1,40.9,4077027,268748312.59,9.6858,4.596,7.72,否,2.0,1.316,-6.386,-11.897,-6.467,否,129634031.0,76825313.0,8555846046.0,5070470658.0,293.721863,18.132462,27.326746,42.47,44.07,47.09,47.18,45.04,45.55,40.48,2021-09-30,-
2023-03-30,301073,君亭酒店,旅游酒店,43.06,45.52,42.12,45.05,42.12,4667077,313798918.41,11.0876,4.53,7.88,否,1.81,6.779,0.111,-5.218,-2.278,否,129634031.0,76825313.0,8943451798.69,5300178343.87,307.028354,18.953917,28.564731,42.82,43.82,46.83,47.12,45.01,45.56,40.56,2021-09-30,-
2023-03-31,301073,君亭酒店,旅游酒店,44.41,44.76,43.49,43.56,43.49,3344861,225256920.24,7.9464,-3.319,2.83,否,1.07,5.702,0.6,-3.092,-4.369,否,129634031.0,76825313.0,8646589867.7,5124248377.1,296.837095,18.324776,27.616575,43.02,43.69,46.53,47.01,44.95,45.56,40.64,2021-09-30,-
2023-04-03,301073,君亭酒店,旅游酒店,43.3,45.49,43.26,43.75,43.26,3716808,252286015.59,8.83,0.45,5.11,否,1.09,1.508,2.844,-2.474,-8.645,否,129634031.0,76825313.0,8685480077.0,5147295971.0,298.172195,18.407196,27.740788,43.33,43.57,46.16,46.91,44.92,45.58,40.72,2021-09-30,-
2023-04-04,301073,君亭酒店,旅游酒店,44.13,45.02,43.22,43.74,43.22,3519962,237229590.97,8.3624,-0.03,4.12,否,0.97,-2.908,3.674,-4.996,-13.352,否,129634031.0,76825313.0,8682887396.38,5145759464.74,298.083188,18.401701,27.732507,43.84,43.34,45.81,46.81,44.9,45.6,40.8,2021-09-30,-
2023-04-06,301073,君亭酒店,旅游酒店,43.17,43.95,42.25,43.75,42.25,2542254,167337526.32,6.0396,0.03,3.88,否,0.66,0.436,6.164,-2.778,-12.866,否,129634031.0,76825313.0,8685480077.0,5147295971.0,298.172195,18.407196,27.740788,43.97,43.22,45.49,46.73,44.88,45.63,40.88,2021-09-30,-
2023-04-07,301073,君亭酒店,旅游酒店,43.68,46.1,43.33,46.1,43.33,3610804,249858325.14,8.5782,5.358,6.34,否,1.01,5.371,6.961,6.467,-8.313,否,129634031.0,76825313.0,9150866248.29,5423098844.67,314.148884,19.393492,29.227197,44.18,43.5,45.29,46.73,44.91,45.69,40.97,2021-09-30,-
2023-04-10,301073,君亭酒店,旅游酒店,45.76,47.79,45.68,46.43,45.68,2977481,212605285.13,7.0736,0.723,4.58,否,0.89,6.15,3.063,9.144,-6.579,否,129634031.0,76825313.0,9216979604.1,5462279754.3,316.418553,19.533607,29.438358,44.75,43.89,45.14,46.76,44.95,45.72,41.06,2021-09-30,-
2023-04-11,301073,君亭酒店,旅游酒店,46.78,47.59,45.44,45.48,45.44,2649558,188572601.02,6.2946,-2.039,4.64,否,0.81,3.954,4.408,7.798,-11.085,否,129634031.0,76825313.0,9029010259.15,5350883050.45,309.965572,19.135242,28.837998,45.1,44.22,44.86,46.68,44.96,45.75,41.15,2021-09-30,-
2023-04-12,301073,君亭酒店,旅游酒店,45.12,45.91,41.86,42.89,41.86,4540222,302503493.83,10.7862,-5.7,8.9,否,1.48,-6.963,-1.966,4.077,-15.17,否,129634031.0,76825313.0,8514363156.08,5045886557.84,292.297757,18.044547,27.194253,44.93,44.39,44.52,46.43,44.94,45.75,41.23,2021-09-30,-
2023-04-13,301073,君亭酒店,旅游酒店,43.44,46.5,42.34,45.76,42.34,4713517,317297287.7,11.1979,6.699,9.7,否,1.44,-1.443,4.618,6.172,-9.062,否,129634031.0,76825313.0,9084752892.48,5383917935.04,311.879215,19.253378,29.016036,45.33,44.65,44.36,46.28,45.0,45.77,41.31,2021-09-30,-
2023-04-14,301073,君亭酒店,旅游酒店,45.0,45.01,42.38,42.65,42.38,4509144,299009936.44,10.7124,-6.807,5.75,否,1.22,-6.223,-2.514,-5.327,-14.853,否,129634031.0,76825313.0,8466398564.61,5017461192.03,290.651135,17.942895,27.041057,44.64,44.41,44.12,46.03,45.02,45.78,41.37,2021-09-30,-
2023-04-17,301073,君亭酒店,旅游酒店,42.09,43.41,41.88,42.76,41.88,2123808,139425383.79,5.0455,0.26,3.58,否,0.55,-0.303,-7.245,-1.837,-13.301,否,129634031.0,76825313.0,8488436349.88,5030521495.24,291.407691,17.9896,27.111444,43.91,44.33,44.01,45.79,45.03,45.77,41.44,2021-09-30,-
2023-04-18,301073,君亭酒店,旅游酒店,42.45,42.64,41.26,41.87,41.26,2097785,134100423.46,4.9837,-2.092,3.24,否,0.57,-8.501,-9.821,-4.297,-18.223,否,129634031.0,76825313.0,8310837727.41,4925270816.43,285.310737,17.613214,26.544207,43.19,44.14,43.86,45.48,45.03,45.76,41.5,2021-09-30,-
2023-04-19,301073,君亭酒店,旅游酒店,41.81,43.94,41.22,43.22,41.22,3291520,214232232.51,7.8197,3.229,6.5,否,0.92,1.336,-4.969,-1.189,-12.898,否,129634031.0,76825313.0,8579180171.58,5084299214.34,294.522923,18.181914,27.401274,43.25,44.09,43.72,45.24,45.04,45.77,41.56,2021-09-30,-
2023-04-20,301073,君亭酒店,旅游酒店,42.19,42.3,41.47,41.55,41.47,2454775,156751857.45,5.8318,-3.868,1.92,否,0.73,-2.83,-3.124,-5.029,-15.065,否,129634031.0,76825313.0,8247317052.22,4887626413.06,283.130075,17.478594,26.341327,42.41,43.87,43.55,44.95,45.04,45.75,41.59,2021-09-30,-
2023-04-21,301073,君亭酒店,旅游酒店,41.3,41.89,39.29,39.48,39.29,2435686,151470984.98,5.7865,-4.983,6.27,否,0.84,-5.708,-13.724,-14.36,-16.937,否,129634031.0,76825313.0,7836377173.95,4644090170.85,269.022525,16.607687,25.028815,41.78,43.21,43.35,44.59,45.02,45.7,41.62,2021-09-30,-
2023-04-24,301073,君亭酒店,旅游酒店,39.05,39.09,36.45,37.74,36.45,3141822,179240186.19,7.464,-4.384,6.7,否,1.27,-12.679,-11.512,-18.716,-16.04,否,129634031.0,76825313.0,7492846991.8,4440503091.4,257.229147,15.879641,23.931605,40.77,42.34,43.11,44.21,44.96,45.64,41.64,2021-09-30,-
2023-04-25,301073,君亭酒店,旅游酒店,37.77,37.77,36.24,36.5,36.24,1731873,97304658.08,4.1144,-3.287,4.05,否,0.65,-12.154,-14.64,-19.745,-18.636,否,129634031.0,76825313.0,7246542332.9,4294534996.7,248.773518,15.357646,23.144926,39.7,41.44,42.83,43.72,44.87,45.58,41.66,2021-09-30,-
2023-04-26,301073,君亭酒店,旅游酒店,37.03,38.53,36.77,37.52,36.77,2068430,119274052.39,4.914,2.773,4.81,否,0.79,-4.965,-10.389,-12.52,-18.506,否,129634031.0,76825313.0,7447475080.95,4413614231.85,255.671531,15.783484,23.78669,38.56,40.91,42.65,43.31,44.8,45.54,41.68,2021-09-30,-
2023-04-27,301073,君亭酒店,旅游酒店,35.47,38.02,35.47,37.03,35.47,2095281,118497690.96,2.7273,-1.306,6.81,否,0.89,-1.881,-14.322,-19.078,-17.711,否,129634031.0,76825313.0,7350249557.7,4355995247.1,245.737214,7.519935,19.540649,37.65,40.03,42.34,42.92,44.73,45.43,41.69,2021-09-30,-
2023-04-28,301073,君亭酒店,旅游酒店,36.88,38.44,36.57,38.26,36.57,2049340,117954696.11,2.6675,3.333,5.04,否,0.89,4.822,-7.918,-10.293,-11.64,否,129634031.0,76825313.0,7595257876.29,4501195088.67,253.928455,7.7706,20.192004,37.41,39.59,42.0,42.61,44.68,45.31,41.7,2021-09-30,-
2023-05-04,301073,君亭酒店,旅游酒店,37.43,37.55,34.16,34.51,34.16,3432659,185265103.76,4.4681,-9.814,8.86,否,1.55,-8.022,-12.589,-19.294,-18.876,否,129634031.0,76825313.0,6849862198.04,4059449538.92,229.008014,7.007996,18.210369,36.76,38.77,41.55,42.26,44.59,45.17,41.7,2021-09-30,-
2023-05-05,301073,君亭酒店,旅游酒店,34.54,35.33,33.73,34.54,33.73,1734993,92573314.06,2.2584,0.114,4.64,否,0.76,-6.724,-8.479,-17.507,-18.132,否,129634031.0,76825313.0,6857640239.9,4064059057.7,229.268053,7.015954,18.231046,36.37,38.04,41.09,41.92,44.49,45.02,41.71,2021-09-30,-
2023-05-08,301073,君亭酒店,旅游酒店,34.54,34.86,32.88,33.19,32.88,3201542,163638282.13,4.1673,-3.913,5.75,否,1.41,-13.251,-9.068,-23.207,-19.461,否,129634031.0,76825313.0,6589297795.73,3905030659.79,220.296695,6.741416,17.517658,35.51,37.03,40.56,41.49,44.4,44.86,41.72,2021-09-30,-
2023-05-09,301073,君亭酒店,旅游酒店,33.19,33.43,32.66,32.68,32.66,1745797,88279054.59,2.2724,-1.554,2.32,否,0.7,-5.303,-12.9,-21.348,-24.176,否,129634031.0,76825313.0,6486886911.24,3844338662.52,216.872843,6.636641,17.245398,34.64,36.15,40.01,41.08,44.27,44.72,41.72,2021-09-30,-
2023-05-10,301073,君亭酒店,旅游酒店,32.38,33.13,32.23,32.68,32.23,1302816,65202885.08,1.6958,0.02,2.78,否,0.54,-5.385,-11.747,-17.224,-27.458,否,129634031.0,76825313.0,6488183251.55,3845106915.65,216.916183,6.637968,17.248845,33.52,35.47,39.34,40.72,44.12,44.57,41.72,2021-09-30,-
2023-05-11,301073,君亭酒店,旅游酒店,32.79,33.17,32.16,32.32,32.16,1273251,63692570.22,1.6573,-1.119,3.1,否,0.56,-2.621,-15.525,-14.361,-25.803,否,129634031.0,76825313.0,6415588194.19,3802084740.37,214.489149,6.563697,17.05585,33.08,34.92,38.63,40.38,43.93,44.43,41.72,2021-09-30,-
2023-05-12,301073,君亭酒店,旅游酒店,32.15,33.0,32.03,32.32,32.03,1972990,97992067.08,2.5682,0.02,3.01,否,1.07,-1.102,-6.346,-11.452,-26.126,否,129634031.0,76825313.0,6416884534.5,3802852993.5,214.532488,6.565023,17.059297,32.64,34.51,37.97,40.05,43.7,44.29,41.72,2021-09-30,-
2023-05-15,301073,君亭酒店,旅游酒店,32.31,34.1,32.0,33.95,32.0,3151320,161158038.75,4.1019,5.03,6.51,否,1.66,3.886,-1.708,-9.515,-22.382,否,129634031.0,76825313.0,6739673271.69,3994148022.87,225.324123,6.895264,17.917431,32.79,34.15,37.53,39.81,43.52,44.19,41.74,2021-09-30,-
2023-05-16,301073,君亭酒店,旅游酒店,33.63,34.37,33.16,33.75,33.16,1907592,98418790.38,2.483,-0.577,3.56,否,1.01,4.425,1.687,-8.858,-22.857,否,129634031.0,76825313.0,6700783062.39,3971100428.97,224.023926,6.855475,17.814041,33.0,33.82,36.93,39.5,43.34,44.08,41.76,2021-09-30,-
2023-05-17,301073,君亭酒店,旅游酒店,33.62,34.68,33.34,34.46,33.34,1638461,85903755.14,2.1327,2.089,3.97,否,0.85,6.621,5.447,-9.932,-25.249,否,129634031.0,76825313.0,6840787815.87,4054071767.01,228.704635,6.998712,18.186244,33.36,33.44,36.52,39.15,43.13,43.97,41.78,2021-09-30,-
2023-05-18,301073,君亭酒店,旅游酒店,34.46,34.86,33.25,33.89,33.25,1733556,90175536.33,2.2565,-1.668,4.68,否,0.87,-0.177,3.703,-1.797,-27.008,否,129634031.0,76825313.0,6726709868.59,3986465491.57,224.890724,6.882001,17.882968,33.67,33.38,36.07,38.83,42.92,43.86,41.79,2021-09-30,-
2023-05-19,301073,君亭酒店,旅游酒店,34.06,34.86,33.24,34.35,33.24,1641816,85920382.89,2.1371,1.368,4.8,否,0.79,1.778,6.281,-0.55,-24.472,否,129634031.0,76825313.0,6818750030.6,4041011463.8,227.967856,6.976166,18.127657,34.08,33.36,35.7,38.51,42.71,43.76,41.8,2021-09-30,-
2023-05-22,301073,君亭酒店,旅游酒店,34.19,36.24,34.12,35.93,34.12,2247668,122533818.25,2.9257,4.601,6.16,否,1.12,4.266,11.17,8.255,-16.228,否,129634031.0,76825313.0,7132464385.62,4226928721.26,238.456111,7.297122,18.961667,34.48,33.63,35.33,38.25,42.53,43.69,41.81,2021-09-30,-
2023-05-23,301073,君亭酒店,旅游酒店,35.72,36.89,35.44,36.28,35.44,2050748,114100318.12,2.6694,0.963,4.03,否,1.12,7.052,6.863,11.016,-20.717,否,129634031.0,76825313.0,7201170422.05,4267646137.15,240.753126,7.367415,19.144322,34.98,33.99,35.07,38.0,42.37,43.63,41.82,2021-09-30,-
2023-05-24,301073,君亭酒店,旅游酒店,36.11,36.46,35.66,35.75,35.66,1003448,55308377.96,1.3061,-1.44,2.21,否,0.54,4.076,5.926,9.394,-16.178,否,129634031.0,76825313.0,7097463197.25,4206185886.75,237.285934,7.261313,18.868616,35.24,34.3,34.88,37.66,42.2,43.57,41.83,2021-09-30,-
2023-05-25,301073,君亭酒店,旅游酒店,35.5,35.91,35.09,35.44,35.09,1145969,62140156.3,1.4917,-0.877,2.3,否,0.66,-1.364,2.844,9.653,-17.119,否,129634031.0,76825313.0,7035238862.37,4169309736.51,235.205619,7.197652,18.703193,35.55,34.61,34.77,37.29,42.03,43.5,41.83,2021-09-30,-
2023-05-26,301073,君亭酒店,旅游酒店,35.49,35.89,35.13,35.84,35.13,742281,40427763.33,0.9662,1.124,2.14,否,0.46,-1.213,5.754,10.891,-14.402,否,129634031.0,76825313.0,7114315621.28,4216173177.44,237.849353,7.278555,18.913418,35.85,34.96,34.73,36.97,41.83,43.43,41.84,2021-09-30,-
2023-05-29,301073,君亭酒店,旅游酒店,35.84,35.98,35.33,35.36,35.33,867844,47315504.15,1.1296,-1.33,1.82,否,0.6,-1.091,2.94,4.153,-18.186,否,129634031.0,76825313.0,7019682778.65,4160090698.95,234.68554,7.181737,18.661837,35.73,35.11,34.63,36.72,41.57,43.31,41.85,2021-09-30,-
2023-05-30,301073,君亭酒店,旅游酒店,35.36,35.81,34.96,35.39,34.96,923409,50028889.94,1.202,0.074,2.4,否,0.79,-0.141,-1.503,4.859,-14.826,否,129634031.0,76825313.0,7024868139.89,4163163711.47,234.8589,7.187042,18.675622,35.56,35.27,34.54,36.37,41.33,43.18,41.86,2021-09-30,-
2023-05-31,301073,君亭酒店,旅游酒店,35.39,36.39,35.26,35.38,35.26,1693299,92807646.76,2.2041,-0.019,3.19,否,1.81,-1.283,-2.481,2.67,-10.385,否,129634031.0,76825313.0,7023571799.58,4162395458.34,234.81556,7.185716,18.672176,35.48,35.36,34.4,36.13,41.08,43.05,41.87,2021-09-30,-
2023-06-01,301073,君亭酒店,旅游酒店,34.94,35.78,34.74,34.81,34.74,1554058,83752652.31,2.0228,-1.606,2.93,否,1.45,-1.555,-2.629,2.715,-7.764,否,129634031.0,76825313.0,6910790192.61,4095557436.03,231.044989,7.070331,18.372346,35.36,35.45,34.42,35.87,40.83,42.94,41.88,2021-09-30,-
2023-06-02,301073,君亭酒店,旅游酒店,34.57,35.6,34.57,35.56,34.57,1276643,68901769.71,1.6617,2.138,2.95,否,1.1,0.48,0.339,3.523,-2.575,否,129634031.0,76825313.0,7058572987.95,4183138292.85,235.985737,7.221525,18.765226,35.3,35.57,34.47,35.66,40.57,42.85,41.9,2021-09-30,-
2023-06-05,301073,君亭酒店,旅游酒店,35.77,37.35,35.28,36.33,35.28,2234529,124662122.63,2.9086,2.167,5.84,否,1.77,2.685,1.367,1.113,-3.172,否,129634031.0,76825313.0,7211541144.53,4273792162.19,241.099845,7.378025,19.171893,35.49,35.61,34.62,35.43,40.33,42.77,41.91,2021-09-30,-
2023-06-06,301073,君亭酒店,旅游酒店,36.37,36.57,35.31,35.4,35.31,1330800,73215914.0,1.7322,-2.553,3.47,否,0.87,1.695,0.113,-2.426,-4.402,否,129634031.0,76825313.0,7027460820.51,4164700217.73,234.94558,7.189695,18.682515,35.5,35.53,34.76,35.22,40.08,42.67,41.93,2021-09-30,-
2023-06-07,301073,君亭酒店,旅游酒店,35.51,37.0,35.32,36.4,35.32,2121879,118197645.78,2.762,2.822,4.74,否,1.31,2.362,2.854,1.818,-4.861,否,129634031.0,76825313.0,7225800887.94,4282242946.62,241.576584,7.392614,19.209802,35.7,35.59,34.95,35.12,39.86,42.58,41.94,2021-09-30,-
2023-06-08,301073,君亭酒店,旅游酒店,36.24,38.25,35.95,37.84,35.95,3249367,185471287.41,4.2296,3.965,6.33,否,1.91,4.156,6.953,6.772,9.649,否,129634031.0,76825313.0,7512292096.45,4452026888.35,251.154701,7.685719,19.971439,36.31,35.83,35.22,35.12,39.67,42.5,41.96,2021-09-30,-
2023-06-09,301073,君亭酒店,旅游酒店,37.46,38.74,36.55,37.9,36.55,3701203,142735359.55,3.2118,0.156,5.79,否,1.81,7.062,8.877,5.748,9.728,否,194451046.0,115237969.0,7498032333.76,4443576084.64,250.677962,7.67113,19.93353,36.77,36.04,35.5,35.17,39.44,42.43,41.98,2021-09-30,-
2023-06-12,301073,君亭酒店,旅游酒店,37.7,39.8,37.12,38.69,37.12,4144479,163028999.54,3.5965,2.075,7.08,否,1.64,6.291,8.802,9.417,16.571,否,194451046.0,115237969.0,7653593170.56,4535766459.84,255.878749,7.830282,20.347088,37.25,36.37,35.74,35.21,39.26,42.35,41.99,2021-09-30,-
2023-06-13,301073,君亭酒店,旅游酒店,39.2,39.57,37.84,38.13,37.84,2694038,105275231.08,2.3378,-1.448,4.47,否,0.93,0.766,4.955,7.742,16.677,否,194451046.0,115237969.0,7542756074.34,4470080817.51,252.173188,7.716886,20.052428,37.79,36.64,35.96,35.24,39.08,42.27,42.0,2021-09-30,-
2023-06-14,301073,君亭酒店,旅游酒店,37.82,39.59,37.6,39.06,37.6,3696902,146627400.66,3.2081,2.449,5.23,否,1.16,3.061,10.339,10.401,19.523,否,194451046.0,115237969.0,7727484568.04,4579556888.06,258.349123,7.905879,20.543529,38.32,37.01,36.19,35.27,38.94,42.18,42.02,2021-09-30,-
2023-06-15,301073,君亭酒店,旅游酒店,39.06,40.1,38.33,40.09,38.33,3953461,158451388.03,3.4307,2.642,4.53,否,1.13,3.619,10.137,15.168,24.041,否,194451046.0,115237969.0,7931658166.34,4700556755.51,265.175157,8.114766,21.086325,38.77,37.54,36.5,35.46,38.86,42.12,42.04,2021-09-30,-
2023-06-16,301073,君亭酒店,旅游酒店,40.1,40.5,39.13,39.66,39.13,3131305,126211406.89,2.7173,-1.079,3.41,否,0.86,4.013,4.81,11.53,22.71,否,194451046.0,115237969.0,7846099706.1,4649852049.15,262.314724,8.027233,20.858867,39.13,37.95,36.76,35.63,38.77,42.06,42.07,2021-09-30,-
2023-06-19,301073,君亭酒店,旅游酒店,39.5,40.48,38.73,38.78,38.73,3477495,139164107.92,3.0177,-2.231,4.41,否,0.99,-0.717,2.322,6.744,14.227,否,194451046.0,115237969.0,7671093764.7,4546137877.05,256.463838,7.848187,20.393614,39.14,38.2,36.9,35.81,38.65,42.0,42.1,2021-09-30,-
2023-06-20,301073,君亭酒店,旅游酒店,38.72,38.73,37.92,37.98,37.92,2689028,104556352.92,2.3335,-2.053,2.08,否,0.79,-5.263,-1.835,7.288,12.533,否,194451046.0,115237969.0,7513588417.44,4452795122.16,251.19804,7.687045,19.974886,39.11,38.45,36.99,35.99,38.53,41.95,42.12,2021-09-30,-
2023-06-21,301073,君亭酒店,旅游酒店,37.98,38.99,37.7,38.12,37.7,2286144,89041588.14,1.9838,0.362,3.42,否,0.67,-3.883,-0.026,4.725,10.621,否,194451046.0,115237969.0,7540811563.88,4468928437.82,252.108178,7.714897,20.047258,38.93,38.63,37.11,36.17,38.45,41.88,42.15,2021-09-30,-
2023-06-26,301073,君亭酒店,旅游酒店,37.05,38.29,35.09,35.31,35.09,3162395,117046755.45,2.7442,-7.375,8.41,否,1.02,-8.948,-9.601,-6.686,4.19,否,194451046.0,115237969.0,6984681572.32,4139347846.48,233.515363,7.145928,18.568786,37.97,38.37,37.1,36.27,38.33,41.79,42.16,2021-09-30,-
2023-06-27,301073,君亭酒店,旅游酒店,35.84,37.84,35.6,37.61,35.6,3844782,144966855.23,3.3364,6.515,6.35,否,1.3,-0.974,-6.186,-0.765,9.491,否,194451046.0,115237969.0,7439697019.96,4409004693.94,248.727666,7.611448,19.778445,37.56,38.34,37.19,36.45,38.25,41.73,42.17,2021-09-30,-
2023-06-28,301073,君亭酒店,旅游酒店,37.5,37.51,35.89,36.51,35.89,2535910,93978814.78,2.2006,-2.927,4.31,否,0.82,-4.224,-7.943,-5.635,1.614,否,194451046.0,115237969.0,7221911848.44,4279938168.66,241.446564,7.388635,19.199463,37.11,38.13,37.25,36.53,38.17,41.64,42.19,2021-09-30,-
2023-06-29,301073,君亭酒店,旅游酒店,36.24,36.98,35.69,36.02,35.69,1720074,63286042.27,1.4926,-1.319,3.53,否,0.59,2.011,-7.117,-5.534,-0.717,否,194451046.0,115237969.0,7126630835.9,4223471563.85,238.261081,7.291154,18.946158,36.71,37.91,37.28,36.61,38.06,41.55,42.2,2021-09-30,-
2023-06-30,301073,君亭酒店,旅游酒店,35.94,36.56,35.47,35.73,35.47,2093524,76447488.23,2.9107,-0.819,3.03,否,0.77,-4.999,-5.924,-8.525,-0.056,否,194451046.0,71925122.0,7068295522.1,2614478184.7,236.310786,7.231472,18.791074,36.24,37.58,37.3,36.65,37.9,41.46,42.22,2021-09-30,-
2023-07-03,301073,君亭酒店,旅游酒店,35.74,40.01,35.74,38.79,35.74,6183629,242046210.02,5.366,8.556,11.94,否,2.31,6.245,1.758,-3.243,9.453,否,194451046.0,71925122.0,7673038275.16,2838165314.12,256.528848,7.850176,20.398783,36.93,37.45,37.5,36.81,37.82,41.39,42.25,2021-09-30,-
2023-07-04,301073,君亭酒店,旅游酒店,37.84,39.31,37.8,38.5,37.8,3170278,123924077.81,4.4077,-0.735,3.88,否,0.97,6.885,9.034,-2.925,7.422,否,194451046.0,71925122.0,7616647471.82,2817307028.74,254.643562,7.792483,20.248868,37.11,37.34,37.64,36.95,37.73,41.33,42.28,2021-09-30,-
2023-07-05,301073,君亭酒店,旅游酒店,38.34,38.52,36.47,37.11,36.47,3393221,128791836.8,4.7177,-3.625,5.34,否,1.08,3.862,-1.329,-4.306,4.949,否,194451046.0,71925122.0,7340526986.5,2715173355.5,245.412164,7.509988,19.514802,37.23,37.17,37.68,36.99,37.62,41.26,42.29,2021-09-30,-
2023-07-06,301073,君亭酒店,旅游酒店,36.37,37.74,36.32,36.71,36.32,3352558,125694149.47,3.9367,-1.06,3.84,否,1.01,-5.362,0.548,-3.344,3.73,否,194451046.0,85161168.0,7262746568.1,3180769624.8,242.81177,7.430412,19.308022,37.37,37.04,37.75,37.01,37.5,41.19,42.27,2021-09-30,-
2023-07-07,301073,君亭酒店,旅游酒店,36.85,38.53,36.28,37.35,36.28,5595888,214677858.08,6.5709,1.74,6.13,否,1.54,-2.987,3.692,-2.02,5.568,否,194451046.0,85161168.0,7389139748.0,3236124384.0,247.03741,7.559723,19.644039,37.69,36.96,37.79,37.06,37.36,41.13,42.24,2021-09-30,-
2023-07-10,301073,君亭酒店,旅游酒店,37.84,39.8,37.84,39.16,37.84,6235310,247036739.79,7.3218,4.842,5.24,否,1.44,5.524,9.6,10.903,12.496,否,194451046.0,85161168.0,7746929672.64,3392820933.12,258.999222,7.925773,20.595224,37.77,37.35,37.86,37.18,37.24,41.09,42.22,2021-09-30,-
2023-07-11,301073,君亭酒店,旅游酒店,39.15,39.41,38.34,38.72,38.34,3156070,124591155.97,3.706,-1.13,2.71,否,0.73,5.475,-0.18,2.951,8.886,否,194451046.0,85161168.0,7659426701.94,3354498407.52,256.073779,7.83625,20.362597,37.81,37.46,37.9,37.28,37.13,41.04,42.19,2021-09-30,-
2023-07-12,301073,君亭酒店,旅游酒店,38.58,38.88,37.89,38.11,37.89,3456404,134518382.51,4.0587,-1.574,2.56,否,0.8,2.035,-1.013,4.382,4.9,否,194451046.0,85161168.0,7538867053.42,3301698483.36,252.043168,7.712907,20.042089,38.01,37.62,37.87,37.37,37.05,40.99,42.18,2021-09-30,-
2023-07-13,301073,君亭酒店,旅游酒店,38.32,38.63,37.36,38.08,37.36,3056572,117660219.82,3.5892,-0.077,3.33,否,0.7,-2.758,2.614,5.719,7.571,否,194451046.0,85161168.0,7533033522.04,3299143648.32,251.848139,7.706939,20.02658,38.28,37.83,37.87,37.46,36.92,40.96,42.17,2021-09-30,-
2023-07-14,301073,君亭酒店,旅游酒店,37.94,37.96,36.39,36.62,36.39,4575323,172105521.98,5.3725,-3.82,4.13,否,1.06,-5.424,-0.245,2.491,0.604,否,194451046.0,85161168.0,7245245973.96,3173105119.68,242.226682,7.412508,19.261497,38.14,37.92,37.75,37.5,36.82,40.92,42.15,2021-09-30,-
2023-07-17,301073,君亭酒店,旅游酒店,36.37,36.37,35.49,35.64,35.49,2892997,105376514.38,3.3971,-2.684,2.39,否,0.71,-6.481,-4.578,-8.121,-5.814,否,194451046.0,85161168.0,7050794927.96,3087943951.68,235.725697,7.213568,18.744548,37.43,37.6,37.53,37.53,36.7,40.87,42.13,2021-09-30,-
2023-07-18,301073,君亭酒店,旅游酒店,36.17,36.56,34.58,34.61,34.58,4908219,177517876.04,5.7634,-2.896,5.57,否,1.43,-9.112,-11.619,-10.104,-8.681,否,194451046.0,85161168.0,6846621329.66,2998524725.28,228.899664,7.004681,18.201753,36.61,37.21,37.27,37.5,36.58,40.8,42.1,2021-09-30,-
2023-07-19,301073,君亭酒店,旅游酒店,34.52,34.98,33.72,34.4,33.72,2415906,84252902.92,2.8369,-0.596,3.64,否,0.64,-6.062,-11.157,-7.303,-11.088,否,194451046.0,85161168.0,6805786610.0,2980640880.0,227.534457,6.962903,18.093194,35.87,36.94,37.05,37.43,36.43,40.73,42.07,2021-09-30,-
2023-07-20,301073,君亭酒店,旅游酒店,34.5,35.68,34.26,34.56,34.26,4183559,148867655.05,4.9125,0.457,4.14,否,1.17,-3.03,-9.315,-5.857,-9.363,否,194451046.0,85161168.0,6836898777.36,2994266666.88,228.574614,6.994734,18.175905,35.17,36.73,36.88,37.41,36.31,40.68,42.04,2021-09-30,-
2023-07-21,301073,君亭酒店,旅游酒店,34.56,35.2,33.28,33.96,33.28,4534943,157436386.87,5.3251,-1.735,5.55,否,1.19,-1.878,-10.819,-9.076,-13.057,否,194451046.0,85161168.0,6718283639.3,2942318354.4,224.609014,6.87338,17.860567,34.63,36.39,36.68,37.33,36.22,40.62,42.02,2021-09-30,-
2023-07-24,301073,君亭酒店,旅游酒店,33.61,34.21,32.95,33.61,32.95,2633702,90026940.16,3.0926,-1.042,3.7,否,0.7,-2.297,-8.22,-14.173,-16.164,否,194451046.0,85161168.0,6648281262.74,2911660333.92,222.268659,6.801762,17.674465,34.23,35.83,36.59,37.18,36.15,40.56,41.99,2021-09-30,-
2023-07-25,301073,君亭酒店,旅游酒店,34.09,35.02,33.91,34.42,33.91,4030611,140981449.94,4.7329,2.428,3.31,否,1.08,-0.405,-3.423,-11.105,-13.212,否,194451046.0,85161168.0,6809675630.92,2982344103.36,227.664477,6.966882,18.103532,34.19,35.4,36.43,37.07,36.12,40.49,41.97,2021-09-30,-
2023-07-26,301073,君亭酒店,旅游酒店,34.42,35.18,33.75,34.52,33.75,4251625,149266033.01,4.9924,0.286,4.14,否,1.19,1.649,-0.26,-9.42,-10.985,否,194451046.0,85161168.0,6829120735.52,2990860220.16,228.314575,6.986776,18.155227,34.21,35.04,36.33,36.93,36.07,40.43,41.93,2021-09-30,-
2023-07-27,301073,君亭酒店,旅游酒店,34.09,36.55,34.02,36.01,34.02,7838045,284659681.34,9.2038,4.328,7.32,否,2.0,7.141,4.68,-5.436,-5.187,否,194451046.0,85161168.0,7124686325.44,3120305195.52,238.196071,7.289165,18.940989,34.5,34.84,36.33,36.86,36.05,40.39,41.9,2021-09-30,-
2023-07-28,301073,君亭酒店,旅游酒店,35.95,36.25,35.44,36.01,35.44,4059080,148190885.58,4.7664,0.0,2.24,否,0.87,4.619,4.196,-1.666,-5.535,否,194451046.0,85161168.0,7124686325.44,3120305195.52,238.196071,7.289165,18.940989,34.91,34.77,36.34,36.76,36.01,40.35,41.88,2021-09-30,-
2023-07-31,301073,君亭酒店,旅游酒店,36.55,39.31,36.39,37.71,36.39,10010532,385561808.63,11.7548,4.694,8.11,否,2.19,9.241,11.042,5.808,6.797,否,194451046.0,85161168.0,7459142124.56,3266782404.48,249.377765,7.631342,19.83014,35.73,34.98,36.29,36.68,36.07,40.33,41.86,2021-09-30,-
2023-08-01,301073,君亭酒店,旅游酒店,37.74,39.09,36.44,36.61,36.44,8456410,323289520.69,9.9299,-2.894,7.04,否,1.4,1.666,8.926,5.779,-2.659,否,194451046.0,85161168.0,7243301463.5,3172253508.0,242.161672,7.410518,19.256327,36.17,35.18,36.2,36.58,36.1,40.3,41.83,2021-09-30,-
2023-08-02,301073,君亭酒店,旅游酒店,36.37,37.25,35.9,36.17,35.9,5083708,188689308.52,5.9695,-1.208,3.7,否,0.73,0.444,5.084,5.145,-0.931,否,194451046.0,85161168.0,7155798492.8,3133930982.4,239.236229,7.320995,19.023701,36.5,35.36,36.15,36.49,36.15,40.27,41.81,2021-09-30,-
2023-08-03,301073,君亭酒店,旅游酒店,36.17,36.83,36.03,36.48,36.03,3899164,144316562.29,4.5786,0.842,2.2,否,0.55,-3.262,5.678,5.556,1.277,否,194451046.0,85161168.0,7216078317.06,3160330944.48,241.251534,7.382667,19.183955,36.6,35.55,36.14,36.44,36.21,40.24,41.79,2021-09-30,-
2023-08-04,301073,君亭酒店,旅游酒店,36.71,37.42,35.78,35.98,35.78,4253384,157533695.17,4.9945,-1.374,4.5,否,0.67,-1.721,-0.083,5.948,0.7,否,194451046.0,85161168.0,7116908283.6,3116898748.8,237.936032,7.281207,18.920311,36.59,35.75,36.07,36.37,36.27,40.19,41.75,2021-09-30,-
2023-08-07,301073,君亭酒店,旅游酒店,35.89,35.98,35.27,35.58,35.27,2649459,95759760.93,3.1111,-1.093,1.97,否,0.42,-1.631,-1.194,5.861,-8.275,否,194451046.0,85161168.0,7039127865.2,3082834281.6,235.335638,7.201631,18.713532,36.16,35.95,35.89,36.38,36.32,40.13,41.72,2021-09-30,-
2023-08-08,301073,君亭酒店,旅游酒店,35.65,35.83,35.3,35.45,35.3,1872744,67756282.2,2.1991,-0.359,1.49,否,0.38,-2.823,-5.993,2.992,-7.922,否,194451046.0,85161168.0,7013849229.22,3071763329.76,234.49051,7.175769,18.646328,35.93,36.05,35.73,36.3,36.38,40.04,41.68,2021-09-30,-
2023-08-09,301073,君亭酒店,旅游酒店,35.25,35.78,34.9,35.14,34.9,1573902,56299195.89,1.8481,-0.887,2.47,否,0.44,-2.335,-4.015,1.796,-5.309,否,194451046.0,85161168.0,6951624894.5,3044511756.0,232.410195,7.112108,18.480905,35.73,36.11,35.58,36.26,36.4,39.96,41.66,2021-09-30,-
2023-08-10,301073,君亭酒店,旅游酒店,34.94,35.75,34.94,35.71,34.94,2401657,86620085.1,2.8201,1.622,2.29,否,0.84,0.365,-1.272,-0.833,-2.724,否,194451046.0,85161168.0,7064406501.18,3093905233.44,236.180766,7.227493,18.780735,35.57,36.08,35.46,36.25,36.43,39.88,41.63,2021-09-30,-
2023-08-11,301073,君亭酒店,旅游酒店,35.44,36.73,35.04,35.1,35.04,3607669,131342045.0,4.2363,-1.707,4.73,否,1.41,-0.987,-3.783,-2.527,-6.024,否,194451046.0,85161168.0,6943846852.66,3041105309.28,232.150156,7.104151,18.460227,35.4,35.99,35.38,36.23,36.44,39.79,41.62,2021-09-30,-
2023-08-14,301073,君亭酒店,旅游酒店,34.92,37.25,34.56,36.73,34.56,8059510,299046064.65,9.4638,4.649,7.67,否,3.33,4.525,2.084,-2.599,-6.205,否,194451046.0,85161168.0,7266635589.02,3182472848.16,242.94179,7.434391,19.318361,35.63,35.9,35.44,36.16,36.49,39.7,41.6,2021-09-30,-
2023-08-15,301073,君亭酒店,旅游酒店,36.17,36.29,34.55,34.68,34.55,6109379,219376723.01,7.1739,-5.593,4.74,否,1.74,-2.884,-2.53,-5.272,-10.434,否,194451046.0,85161168.0,6860232902.88,3004486007.04,229.354733,7.018606,18.237939,35.47,35.7,35.44,36.03,36.49,39.6,41.58,2021-09-30,-
2023-08-16,301073,君亭酒店,旅游酒店,35.07,35.08,33.92,33.98,33.92,3404853,118916988.79,3.9981,-2.013,3.34,否,0.78,-3.191,-4.147,-6.055,-10.837,否,194451046.0,85161168.0,6722172660.22,2944021577.76,224.739034,6.877359,17.870906,35.24,35.48,35.42,35.93,36.46,39.5,41.55,2021-09-30,-
2023-08-17,301073,君亭酒店,旅游酒店,33.52,34.94,33.52,34.67,33.52,3428769,119856937.72,4.0262,2.025,4.19,否,0.73,-5.608,-1.338,-4.962,-8.955,否,194451046.0,85161168.0,6858288392.42,3003634395.36,229.289723,7.016617,18.23277,35.03,35.3,35.43,35.86,36.43,39.4,41.53,2021-09-30,-
2023-08-18,301073,君亭酒店,旅游酒店,34.56,34.85,33.22,33.44,33.22,3587684,123529162.86,4.2128,-3.544,4.71,否,0.73,-3.576,-6.357,-7.059,-8.684,否,194451046.0,85161168.0,6615224584.92,2897182935.36,221.163492,6.767942,17.586584,34.7,35.05,35.4,35.73,36.39,39.29,41.51,2021-09-30,-
2023-08-21,301073,君亭酒店,旅游酒店,33.42,33.71,32.83,32.94,32.83,2311200,77859136.0,2.7139,-1.499,2.65,否,0.47,-3.061,-6.154,-7.42,-7.576,否,194451046.0,85161168.0,6516054551.46,2853750739.68,217.84799,6.666482,17.32294,33.94,34.78,35.37,35.52,36.35,39.19,41.49,2021-09-30,-
2023-08-22,301073,君亭酒店,旅游酒店,33.2,33.52,32.68,33.52,32.68,2478110,83438257.61,2.9099,1.761,2.54,否,0.66,-3.317,-8.739,-5.444,-3.149,否,194451046.0,85161168.0,6630780668.6,2903995828.8,221.683571,6.783857,17.62794,33.71,34.59,35.32,35.35,36.31,39.07,41.46,2021-09-30,-
2023-08-23,301073,君亭酒店,旅游酒店,33.52,34.89,33.05,33.32,33.05,3638046,124895268.4,4.272,-0.587,5.51,否,1.2,-0.359,-3.922,-5.179,-3.14,否,194451046.0,85161168.0,6591890459.4,2886963595.2,220.383374,6.744069,17.52455,33.58,34.41,35.26,35.19,36.28,38.93,41.43,2021-09-30,-
2023-08-24,301073,君亭酒店,旅游酒店,33.24,34.57,32.93,33.98,32.93,4161201,144014705.97,4.8863,1.976,4.93,否,1.35,3.157,0.0,-4.845,-1.678,否,194451046.0,85161168.0,6722172660.22,2944021577.76,224.739034,6.877359,17.870906,33.44,34.24,35.16,35.05,36.26,38.79,41.41,2021-09-30,-
2023-08-25,301073,君亭酒店,旅游酒店,33.53,34.2,32.54,33.27,32.54,3317991,112822858.97,3.8961,-2.083,4.86,否,1.03,-0.746,-4.038,-5.214,-2.032,否,194451046.0,85161168.0,6582167907.1,2882705536.8,220.058325,6.734122,17.498703,33.41,34.05,35.02,34.94,36.22,38.65,41.38,2021-09-30,-
2023-08-28,301073,君亭酒店,旅游酒店,34.85,35.06,32.62,32.84,32.62,3757984,128928787.45,4.4128,-1.3,7.33,否,1.18,-1.441,-1.794,-10.591,-2.291,否,194451046.0,85161168.0,6496609446.86,2845234622.88,217.197892,6.646588,17.271246,33.39,33.66,34.78,34.85,36.19,38.51,41.36,2021-09-30,-
2023-08-29,301073,君亭酒店,旅游酒店,32.67,34.35,32.41,34.18,32.41,4927127,168132500.94,5.7856,4.071,5.93,否,1.42,0.589,3.764,-1.442,-0.697,否,194451046.0,85161168.0,6761062869.42,2961053811.36,226.03923,6.917147,17.974295,33.52,33.61,34.66,34.83,36.17,38.37,41.35,2021-09-30,-
2023-08-30,301073,君亭酒店,旅游酒店,34.09,34.5,33.18,33.76,33.18,4218385,144706290.45,4.9534,-1.208,3.85,否,1.07,1.473,0.716,-0.647,-2.202,否,194451046.0,85161168.0,6679393430.1,2925286120.8,190.257668,6.90371,15.821157,33.61,33.59,34.54,34.81,36.12,38.23,41.34,2021-09-30,-
2023-08-31,301073,君亭酒店,旅游酒店,33.42,34.58,32.88,34.27,32.88,4704073,162038850.63,5.5237,1.514,5.04,否,1.15,4.354,2.851,-1.154,-4.832,否,194451046.0,85161168.0,6780507974.02,2969569928.16,193.137842,7.00822,16.060662,33.66,33.55,34.43,34.8,36.1,38.09,41.33,2021-09-30,-
2023-09-01,301073,君亭酒店,旅游酒店,34.35,36.73,34.35,35.93,34.35,10497060,380398167.3,12.3261,4.818,6.94,否,2.51,5.12,5.739,7.446,-0.222,否,194451046.0,85161168.0,7107185731.3,3112640690.4,202.443021,7.345869,16.834448,34.2,33.8,34.42,34.87,36.1,37.98,41.33,2021-09-30,-
2023-09-04,301073,君亭酒店,旅游酒店,35.68,37.34,35.45,36.63,35.45,10721070,400304921.81,12.5892,1.97,5.25,否,1.91,8.501,10.099,11.202,-2.864,否,194451046.0,85161168.0,7247190484.42,3173956731.36,206.430954,7.490575,17.166071,34.95,34.17,34.48,34.97,36.08,37.87,41.34,2021-09-30,-
2023-09-05,301073,君亭酒店,旅游酒店,36.22,37.37,35.97,37.06,35.97,7729876,289689818.45,9.0768,1.154,3.84,否,1.1,8.141,12.85,10.561,1.229,否,194451046.0,85161168.0,7330804434.2,3210576033.6,208.812637,7.576997,17.364123,35.53,34.52,34.56,35.06,36.06,37.75,41.35,2021-09-30,-
2023-09-06,301073,君亭酒店,旅游酒店,36.9,37.25,36.27,36.81,36.27,6020293,224548749.04,7.0693,-0.663,2.65,否,0.79,2.449,7.695,10.474,1.769,否,194451046.0,85161168.0,7282191672.7,3189285741.6,207.427938,7.526752,17.248976,36.14,34.87,34.64,35.13,36.03,37.65,41.36,2021-09-30,-
2023-09-07,301073,君亭酒店,旅游酒店,36.51,39.22,36.5,38.02,36.5,12335193,475913995.4,14.4845,3.284,7.4,否,1.55,3.795,12.618,11.889,4.221,否,194451046.0,85161168.0,7521366459.28,3294033978.24,214.240658,7.773959,17.815498,36.89,35.28,34.76,35.2,36.03,37.56,41.36,2021-09-30,-
2023-09-08,301073,君亭酒店,旅游酒店,37.48,38.43,36.76,38.1,36.76,9186324,351451104.98,10.787,0.207,4.4,否,0.97,2.806,11.176,14.518,5.892,否,194451046.0,85161168.0,7536922542.96,3300846871.68,214.683761,7.790038,17.852345,37.32,35.76,34.91,35.27,36.01,37.48,41.35,2021-09-30,-
2023-09-11,301073,君亭酒店,旅游酒店,38.1,38.83,37.48,38.35,37.48,9422514,366007913.98,11.0643,0.671,3.53,否,1.02,4.184,6.735,16.778,7.785,否,194451046.0,85161168.0,7587479814.92,3322988775.36,216.123848,7.842293,17.972098,37.67,36.31,34.99,35.29,35.98,37.42,41.35,2021-09-30,-
2023-09-12,301073,君亭酒店,旅游酒店,37.74,38.14,36.22,36.47,36.22,9510539,358540845.38,11.1677,-4.921,5.0,否,1.06,-4.077,-0.437,6.7,2.877,否,194451046.0,85161168.0,7214133806.6,3159479332.8,205.489359,7.456409,17.087771,37.55,36.54,35.08,35.29,35.93,37.35,41.35,2021-09-30,-
2023-09-13,301073,君亭酒店,旅游酒店,36.58,37.65,36.24,36.98,36.24,9449402,355881736.63,11.0959,1.402,3.85,否,1.02,-2.94,-0.216,9.538,5.236,否,194451046.0,85161168.0,7315248350.52,3203763140.16,208.369533,7.560919,17.327276,37.58,36.86,35.23,35.31,35.9,37.28,41.35,2021-09-30,-
2023-09-14,301073,君亭酒店,旅游酒店,37.64,38.04,35.98,36.37,35.98,7188190,268009104.14,8.4407,-1.648,5.58,否,0.72,-5.163,-1.195,6.128,1.848,否,194451046.0,85161168.0,7194688702.0,3150963216.0,204.935479,7.436311,17.041712,37.25,37.07,35.31,35.31,35.87,37.2,41.36,2021-09-30,-
2023-09-15,301073,君亭酒店,旅游酒店,36.25,37.99,36.25,37.15,36.25,8945027,337994507.84,10.5036,2.162,4.78,否,1.0,1.865,-2.288,3.395,5.84,否,194451046.0,85161168.0,7350249538.8,3219092150.4,209.366516,7.597096,17.410182,37.06,37.19,35.5,35.35,35.86,37.15,41.36,2021-09-30,-
2023-09-18,301073,君亭酒店,旅游酒店,38.01,39.89,38.01,39.01,38.01,17716821,700832962.61,20.8039,5.0,5.05,否,1.99,5.489,2.388,6.497,6.207,否,194451046.0,85161168.0,7717762015.74,3380046757.92,219.834842,7.97695,18.280691,37.2,37.43,35.8,35.46,35.92,37.12,41.37,2021-09-30,-
2023-09-19,301073,君亭酒店,旅游酒店,38.34,38.67,36.47,37.2,36.47,11885324,456137972.29,13.9563,-4.636,5.64,否,1.13,2.282,-2.999,0.378,7.266,否,194451046.0,85161168.0,7359972091.1,3223350208.8,209.643456,7.607145,17.433211,37.34,37.45,35.99,35.52,35.91,37.08,41.36,2021-09-30,-
2023-09-20,301073,君亭酒店,旅游酒店,36.47,36.86,33.23,33.63,33.23,12285736,432550215.46,14.4265,-9.617,9.75,否,1.11,-9.475,-7.787,-8.639,-1.03,否,194451046.0,85161168.0,6652170283.66,2913363557.28,189.482236,6.875572,15.756675,36.67,37.13,36.0,35.47,35.86,37.02,41.34,2021-09-30,-
2023-09-21,301073,君亭酒店,旅游酒店,33.39,33.62,32.32,32.9,32.32,7872072,262758038.92,9.2437,-2.163,3.86,否,0.68,-15.663,-11.033,-13.467,-5.105,否,194451046.0,85161168.0,6508276509.62,2850344292.96,185.383527,6.726846,15.415841,35.98,36.62,35.95,35.38,35.81,36.93,41.31,2021-09-30,-
2023-09-22,301073,君亭酒店,旅游酒店,32.8,33.17,31.56,33.17,31.56,8608989,285352809.16,10.1091,0.837,4.9,否,0.73,-10.833,-8.798,-12.94,-0.807,否,194451046.0,85161168.0,6562722802.5,2874189420.0,186.93439,6.783121,15.544805,35.18,36.12,35.94,35.31,35.77,36.83,41.28,2021-09-30,-
2023-09-25,301073,君亭酒店,旅游酒店,33.22,33.3,31.95,32.07,31.95,7621944,251551862.28,8.95,-3.319,4.09,否,0.65,-4.639,-13.674,-16.375,-2.641,否,194451046.0,85161168.0,6344937630.98,2778808911.84,180.730937,6.558022,15.028948,33.79,35.5,35.9,35.16,35.66,36.74,41.24,2021-09-30,-
2023-09-26,301073,君亭酒店,旅游酒店,32.21,32.75,31.57,31.62,31.57,6271324,204948291.96,7.3641,-1.41,3.68,否,0.65,-3.891,-18.944,-13.299,-5.668,否,194451046.0,85161168.0,6255490149.82,2739634774.56,178.183091,6.465571,14.817078,32.68,35.01,35.78,35.05,35.54,36.64,41.2,2021-09-30,-
2023-09-27,301073,君亭酒店,旅游酒店,31.63,31.77,29.62,29.73,29.62,10391655,318514114.45,12.2023,-5.968,6.81,否,1.22,-10.371,-20.081,-19.605,-10.774,否,194451046.0,85161168.0,5882144141.5,2576125332.0,167.548601,6.079686,13.932751,31.9,34.29,35.57,34.91,35.42,36.52,41.14,2021-09-30,-
2023-09-28,301073,君亭酒店,旅游酒店,29.85,29.99,29.26,29.54,29.26,6283494,188687007.13,7.3784,-0.661,2.45,否,0.77,-7.889,-12.162,-18.779,-13.067,否,194451046.0,85161168.0,5843253932.3,2559093098.4,166.440842,6.03949,13.840634,31.23,33.6,35.34,34.74,35.3,36.4,41.08,2021-09-30,-
2023-10-09,301073,君亭酒店,旅游酒店,28.9,28.9,26.65,26.73,26.65,9165642,253880005.73,10.7627,-9.518,7.62,否,1.17,-15.465,-18.754,-28.048,-19.657,否,194451046.0,85161168.0,5287123940.74,2315532157.92,150.599883,5.464683,12.523356,29.94,32.56,34.88,34.52,35.12,36.24,41.01,2021-09-30,-
2023-10-10,301073,君亭酒店,旅游酒店,26.94,27.1,26.01,26.24,26.01,6436539,173196178.0,7.5581,-1.802,4.08,否,0.81,-11.739,-20.892,-32.735,-20.097,否,194451046.0,85161168.0,5191842928.2,2273803185.6,147.885873,5.366202,12.297668,28.77,31.28,34.36,34.3,34.91,36.07,40.95,2021-09-30,-
2023-10-11,301073,君亭酒店,旅游酒店,26.24,26.29,25.5,25.63,25.5,5947263,155685353.85,6.9835,-2.322,3.03,否,0.77,-13.236,-20.081,-31.102,-25.015,否,194451046.0,85161168.0,5071283279.68,2221003261.44,144.451819,5.241594,12.012104,27.57,30.13,33.79,34.03,34.69,35.91,40.88,2021-09-30,-
2023-10-12,301073,君亭酒店,旅游酒店,25.69,25.78,25.37,25.66,25.37,4122513,107155673.82,4.8408,0.115,1.61,否,0.54,-4.003,-18.849,-23.699,-23.993,否,194451046.0,85161168.0,5077116811.06,2223558096.48,144.617983,5.247623,12.025922,26.76,29.33,33.23,33.78,34.48,35.76,40.81,2021-09-30,-
2023-10-13,301073,君亭酒店,旅游酒店,25.41,25.52,24.85,25.25,24.85,4731005,120829366.44,5.5554,-1.609,2.6,否,0.74,-3.773,-15.069,-23.252,-26.32,否,194451046.0,85161168.0,4995447371.74,2187790405.92,142.291688,5.163211,11.832475,25.9,28.56,32.59,33.49,34.27,35.59,40.73,2021-09-30,-
2023-10-16,301073,君亭酒店,旅游酒店,25.11,25.45,24.75,24.96,24.75,4012840,102303835.77,4.7121,-1.168,2.76,否,0.66,-2.614,-15.504,-24.751,-30.532,否,194451046.0,85161168.0,4937112057.94,2162242055.52,140.630049,5.102917,11.694299,25.55,27.74,31.93,33.21,34.07,35.45,40.66,2021-09-30,-
2023-10-17,301073,君亭酒店,旅游酒店,25.09,25.56,24.91,25.38,24.91,5272315,135415614.18,6.191,1.694,2.6,否,1.04,-1.091,-5.051,-20.861,-30.713,否,194451046.0,85161168.0,5020726007.72,2198861357.76,143.011732,5.189339,11.892352,25.38,27.07,31.28,32.96,33.9,35.3,40.59,2021-09-30,-
2023-10-18,301073,君亭酒店,旅游酒店,25.24,25.24,24.58,24.67,24.58,3617690,91377767.59,4.2481,-2.789,2.59,否,0.75,-2.297,-5.983,-21.98,-33.432,否,194451046.0,85161168.0,4880721254.6,2137545316.8,139.023798,5.044632,11.560729,25.18,26.38,30.69,32.64,33.74,35.16,40.52,2021-09-30,-
2023-10-19,301073,君亭酒店,旅游酒店,24.4,24.79,24.06,24.19,24.06,4350609,107955125.37,5.1087,-1.952,2.95,否,1.0,-3.085,-5.618,-18.634,-34.284,否,194451046.0,85161168.0,4785440242.06,2095816344.48,136.309788,4.946151,11.335042,24.89,25.83,30.06,32.32,33.57,35.0,40.45,2021-09-30,-
2023-10-20,301073,君亭酒店,旅游酒店,24.09,24.27,23.24,23.3,23.24,5012831,120525315.42,5.8863,-3.698,4.27,否,1.14,-8.195,-9.197,-21.124,-38.716,否,194451046.0,85161168.0,4608489790.2,2018319681.6,131.269483,4.763258,10.915908,24.5,25.2,29.4,31.96,33.38,34.85,40.38,2021-09-30,-
2023-10-23,301073,君亭酒店,旅游酒店,23.37,23.43,22.41,22.57,22.41,4581346,106225470.47,5.3796,-3.122,4.39,否,1.03,-8.512,-10.614,-15.563,-40.761,否,194451046.0,85161168.0,4464596016.16,1955300417.28,127.170773,4.614532,10.575073,24.02,24.79,28.67,31.51,33.19,34.71,40.32,2021-09-30,-
2023-10-24,301073,君亭酒店,旅游酒店,22.67,23.16,22.57,23.06,22.57,5261583,122857082.79,6.1784,2.178,2.61,否,1.15,-4.671,-7.612,-12.119,-39.87,否,194451046.0,85161168.0,4561821539.16,1997881001.28,129.940171,4.715023,10.805367,23.56,24.47,27.88,31.06,33.01,34.58,40.24,2021-09-30,-
2023-10-25,301073,君亭酒店,旅游酒店,23.3,24.95,23.2,24.39,23.2,8617749,214146325.46,10.1193,5.755,7.59,否,1.89,4.678,-3.901,-4.838,-33.123,否,194451046.0,85161168.0,4824330451.26,2112848578.08,137.417547,4.986348,11.427159,23.5,24.34,27.23,30.64,32.85,34.48,40.17,2021-09-30,-
2023-10-26,301073,君亭酒店,旅游酒店,23.93,25.41,23.93,25.39,23.93,8186199,205033289.14,9.6126,4.111,6.05,否,1.47,12.494,2.919,-1.052,-31.341,否,194451046.0,85161168.0,5022670518.18,2199712969.44,143.06712,5.191349,11.896958,23.74,24.32,26.82,30.26,32.69,34.38,40.1,2021-09-30,-
2023-10-27,301073,君亭酒店,旅游酒店,24.12,24.78,24.09,24.69,24.09,6554394,163354319.63,7.6965,-2.749,2.71,否,1.04,7.069,2.067,-2.218,-32.114,否,194451046.0,85161168.0,4884610275.52,2139248540.16,175.768294,5.02852,10.262867,24.02,24.26,26.41,29.81,32.51,34.28,40.03,2021-09-30,-
2023-10-30,301073,君亭酒店,旅游酒店,24.75,24.75,24.17,24.44,24.17,4267792,105991959.28,5.0114,-1.035,2.35,否,0.64,0.205,4.893,-2.083,-34.213,否,194451046.0,85161168.0,4834053003.56,2117106636.48,173.949037,4.976473,10.156643,24.39,24.21,25.98,29.36,32.31,34.16,39.96,2021-09-30,-
2023-10-31,301073,君亭酒店,旅游酒店,24.41,24.5,23.87,24.16,23.87,3698347,90762469.93,4.3428,-1.126,2.61,否,0.56,-4.844,7.045,-4.807,-38.067,否,194451046.0,85161168.0,4779606710.68,2093261509.44,171.989836,4.920422,10.042248,24.61,24.09,25.58,28.89,32.09,34.08,39.88,2021-09-30,-
2023-11-01,301073,君亭酒店,旅游酒店,24.07,24.24,23.66,23.71,23.66,2741667,66594572.31,3.2194,-1.871,2.4,否,0.44,-3.969,2.819,-3.891,-36.263,否,194451046.0,85161168.0,4690159229.52,2054087372.16,168.771149,4.82834,9.854313,24.48,23.99,25.18,28.46,31.87,33.99,39.8,2021-09-30,-
2023-11-02,301073,君亭酒店,旅游酒店,23.99,24.03,23.28,23.63,23.28,4081955,97863100.36,4.7932,-0.332,3.19,否,0.8,-3.314,-3.116,-2.315,-29.735,否,194451046.0,85161168.0,4674603145.84,2047274478.72,168.211377,4.812325,9.821629,24.13,23.93,24.88,28.01,31.66,33.91,39.73,2021-09-30,-
2023-11-03,301073,君亭酒店,旅游酒店,23.71,23.89,23.52,23.66,23.52,2687496,64764330.49,3.1558,0.125,1.54,否,0.63,-2.07,-6.814,1.545,-28.085,否,194451046.0,85161168.0,4680436677.22,2049829313.76,168.421292,4.818331,9.833886,23.92,23.97,24.59,27.59,31.45,33.83,39.64,2021-09-30,-
2023-11-06,301073,君亭酒店,旅游酒店,23.73,24.61,23.73,24.55,23.73,5963993,147327354.64,7.0032,3.781,3.74,否,1.71,3.543,-0.567,8.773,-25.987,否,194451046.0,85161168.0,4857387129.08,2127325976.64,174.788694,5.000494,10.205669,23.94,24.17,24.48,27.17,31.26,33.76,39.56,2021-09-30,-
2023-11-07,301073,君亭酒店,旅游酒店,24.55,24.56,23.96,24.39,23.96,4190264,103481793.74,4.9204,-0.681,2.44,否,1.09,3.216,-0.205,5.768,-23.948,否,194451046.0,85161168.0,4824330451.26,2112848578.08,173.599179,4.966464,10.136215,23.99,24.3,24.38,26.68,31.07,33.7,39.48,2021-09-30,-
2023-11-08,301073,君亭酒店,旅游酒店,24.52,24.62,24.18,24.45,24.18,4845212,120286914.66,5.6895,0.242,1.81,否,1.23,3.339,1.2,0.246,-22.676,否,194451046.0,85161168.0,4835997514.02,2117958248.16,174.019008,4.978475,10.160729,24.14,24.31,24.33,26.26,30.89,33.63,39.4,2021-09-30,-
2023-11-09,301073,君亭酒店,旅游酒店,24.43,24.62,24.01,24.1,24.01,2911076,71735969.25,3.4183,-1.407,2.49,否,0.67,-1.833,1.645,-5.081,-18.937,否,194451046.0,85161168.0,4767939647.92,2088151839.36,171.570007,4.908412,10.017735,24.23,24.18,24.25,25.94,30.71,33.55,39.33,2021-09-30,-
2023-11-10,301073,君亭酒店,旅游酒店,24.0,24.12,23.7,23.79,23.7,2472157,59977685.73,2.9029,-1.305,1.75,否,0.6,-2.46,0.677,-3.645,-19.465,否,194451046.0,85161168.0,4705715313.2,2060900265.6,169.330921,4.844354,9.886998,24.26,24.09,24.17,25.64,30.51,33.47,39.22,2021-09-30,-
2023-11-13,301073,君亭酒店,旅游酒店,23.79,24.62,23.79,24.53,23.79,4233420,105110712.23,4.9711,3.141,3.51,否,1.04,0.327,3.677,0.368,-8.23,否,194451046.0,85161168.0,4853498108.16,2125622753.28,174.648751,4.996491,10.197498,24.25,24.1,24.15,25.35,30.33,33.39,39.11,2021-09-30,-
2023-11-14,301073,君亭酒店,旅游酒店,24.55,25.05,24.49,24.85,24.49,4169480,105090218.24,4.896,1.282,2.28,否,1.12,3.112,1.222,2.856,-5.297,否,194451046.0,85161168.0,4915722442.88,2152874327.04,176.887838,5.060548,10.328236,24.34,24.17,24.13,25.11,30.13,33.31,39.01,2021-09-30,-
2023-11-15,301073,君亭酒店,旅游酒店,25.16,25.25,24.55,24.58,24.55,3983305,100748872.37,4.6774,-1.068,2.81,否,1.07,3.321,0.779,3.669,-4.097,否,194451046.0,85161168.0,4863220660.46,2129880811.68,174.998608,5.0065,10.217926,24.37,24.25,24.12,24.87,29.96,33.23,38.89,2021-09-30,-
2023-11-16,301073,君亭酒店,旅游酒店,24.48,24.67,24.15,24.43,24.15,2913595,72401145.88,3.4213,-0.64,2.12,否,0.82,-0.408,-0.082,3.386,-4.793,否,194451046.0,85161168.0,4832108493.1,2116255024.8,173.879065,4.974471,10.152558,24.44,24.33,24.13,24.7,29.81,33.13,38.78,2021-09-30,-
2023-11-17,301073,君亭酒店,旅游酒店,24.3,24.5,24.14,24.42,24.14,1834640,45329681.96,2.1543,-0.04,1.49,否,0.52,-1.73,1.328,3.212,-3.287,否,194451046.0,85161168.0,4830163982.64,2115403413.12,173.809094,4.972469,10.148472,24.56,24.41,24.19,24.53,29.63,33.03,38.68,2021-09-30,-
2023-11-20,301073,君亭酒店,旅游酒店,24.47,25.03,24.36,24.92,24.36,4139088,104389309.1,4.8603,2.053,2.74,否,1.21,1.383,4.75,1.507,-0.16,否,194451046.0,85161168.0,4929334016.1,2158835608.8,177.377638,5.074561,10.356834,24.64,24.45,24.31,24.47,29.49,32.94,38.58,2021-09-30,-
2023-11-21,301073,君亭酒店,旅游酒店,25.02,25.21,24.65,24.74,24.65,3277991,82966161.57,3.8492,-0.71,2.25,否,0.96,1.269,0.856,1.435,-2.522,否,194451046.0,85161168.0,4894332827.82,2143506598.56,176.118152,5.038529,10.283295,24.62,24.48,24.39,24.42,29.36,32.85,38.48,2021-09-30,-
2023-11-22,301073,君亭酒店,旅游酒店,24.6,25.01,24.51,24.53,24.51,3840837,96821964.75,4.5101,-0.834,1.99,否,1.19,0.45,-1.288,0.327,-0.567,否,194451046.0,85161168.0,4853498108.16,2125622753.28,174.648751,4.996491,10.197498,24.61,24.49,24.4,24.38,29.21,32.76,38.38,2021-09-30,-
2023-11-23,301073,君亭酒店,旅游酒店,24.37,24.52,24.0,24.47,24.0,2621661,64797520.49,3.0785,-0.28,2.12,否,0.82,-1.806,-0.448,1.535,1.158,否,194451046.0,85161168.0,4839886534.94,2119661471.52,174.158951,4.982478,10.1689,24.62,24.53,24.35,24.34,29.06,32.67,38.3,2021-09-30,-
2023-11-24,301073,君亭酒店,旅游酒店,24.48,25.01,24.39,24.49,24.39,4704834,118046790.27,5.5246,0.121,2.53,否,1.5,-1.011,0.246,2.942,5.107,否,194451046.0,85161168.0,4845720066.32,2122216306.56,174.368865,4.988484,10.181156,24.63,24.6,24.34,24.31,28.9,32.58,38.21,2021-09-30,-
2023-11-27,301073,君亭酒店,旅游酒店,24.88,24.96,24.02,24.22,24.02,3656177,90495068.67,4.2932,-1.124,3.81,否,0.98,-1.264,-0.819,-1.264,7.311,否,194451046.0,85161168.0,4791273773.44,2098371179.52,172.409665,4.932433,10.066761,24.49,24.57,24.33,24.29,28.75,32.49,38.12,2021-09-30,-
2023-11-28,301073,君亭酒店,旅游酒店,24.21,24.97,23.83,24.88,23.83,5677823,142109440.47,6.6672,2.719,4.71,否,1.57,1.676,-0.161,0.121,7.892,否,194451046.0,85161168.0,4921555974.26,2155429162.08,177.097752,5.066554,10.340492,24.52,24.57,24.37,24.27,28.62,32.4,38.02,2021-09-30,-
2023-11-29,301073,君亭酒店,旅游酒店,24.81,24.96,24.47,24.48,24.47,3385550,84972489.81,3.9755,-1.58,1.94,否,0.83,-0.041,-1.051,-0.407,0.369,否,194451046.0,85161168.0,4843775555.86,2121364694.88,174.298894,4.986482,10.177071,24.51,24.56,24.41,24.27,28.46,32.31,37.94,2021-09-30,-
2023-11-30,301073,君亭酒店,旅游酒店,24.46,26.05,24.13,25.75,24.13,13413042,346117403.59,15.7502,5.179,7.83,否,3.35,6.317,4.974,5.403,1.418,否,194451046.0,85161168.0,5094617405.2,2231222601.6,183.325212,5.244714,10.704105,24.76,24.69,24.51,24.32,28.32,32.22,37.86,2021-09-30,-
2023-12-01,301073,君亭酒店,旅游酒店,25.65,26.47,25.09,25.24,25.09,10208945,265350144.64,11.9878,-1.985,5.34,否,1.66,1.447,3.147,3.358,2.228,否,194451046.0,85161168.0,4993502861.28,2186938794.24,179.686696,5.14062,10.491657,24.91,24.77,24.59,24.38,28.17,32.14,37.79,2021-09-30,-
2023-12-04,301073,君亭酒店,旅游酒店,25.24,25.54,25.03,25.25,25.03,6013948,154480318.81,7.0618,0.039,2.02,否,0.83,3.145,3.103,1.324,3.314,否,194451046.0,85161168.0,4995447371.74,2187790405.92,179.756667,5.142622,10.495743,25.12,24.81,24.63,24.47,27.99,32.04,37.72,2021-09-30,-
2023-12-05,301073,君亭酒店,旅游酒店,25.08,25.43,24.48,24.48,24.48,6168600,156485694.82,7.2434,-3.036,3.74,否,0.8,-4.932,1.073,-1.051,1.325,否,194451046.0,85161168.0,4843775555.86,2121364694.88,174.298894,4.986482,10.177071,25.04,24.78,24.63,24.52,27.79,31.93,37.64,2021-09-30,-
2023-12-06,301073,君亭酒店,旅游酒店,24.08,24.4,23.74,23.89,23.74,5547714,135349942.76,6.5144,-2.409,2.69,否,0.71,-5.349,-3.979,-2.609,0.759,否,194451046.0,85161168.0,4727104928.26,2070267994.08,170.100607,4.866374,9.931939,24.92,24.72,24.6,24.5,27.57,31.82,37.56,2021-09-30,-
2023-12-07,301073,君亭酒店,旅游酒店,23.98,23.98,23.31,23.39,23.31,4312780,103121956.96,5.0643,-2.098,2.84,否,0.52,-7.366,-4.453,-4.414,-1.016,否,194451046.0,85161168.0,4627934894.8,2026835798.4,166.532062,4.764282,9.723576,24.45,24.61,24.57,24.44,27.35,31.69,37.45,2021-09-30,-
2023-12-08,301073,君亭酒店,旅游酒店,23.44,23.44,22.7,22.74,22.7,4178147,97541391.57,4.9062,-2.773,3.19,否,0.65,-7.108,-11.689,-7.146,-3.888,否,194451046.0,85161168.0,4499597204.44,1970629427.52,161.913946,4.632163,9.453931,23.95,24.43,24.51,24.37,27.09,31.56,37.34,2021-09-30,-
2023-12-11,301073,君亭酒店,旅游酒店,22.71,22.71,21.96,22.51,21.96,3812310,86339344.5,4.4766,-1.037,3.28,否,0.73,-5.776,-10.816,-7.06,-8.31,否,194451046.0,85161168.0,4452928953.4,1950190747.2,160.234632,4.58412,9.355878,23.4,24.26,24.41,24.31,26.83,31.42,37.23,2021-09-30,-
2023-12-12,301073,君亭酒店,旅游酒店,22.47,23.1,22.46,23.05,22.46,4898119,113876342.41,5.7516,2.402,2.84,否,1.02,-1.454,-8.713,-7.355,-5.494,否,194451046.0,85161168.0,4559877028.7,1997029389.6,164.083062,4.694219,9.580582,23.12,24.08,24.32,24.27,26.58,31.28,37.13,2021-09-30,-
2023-12-13,301073,君亭酒店,旅游酒店,22.96,23.18,22.24,22.29,22.24,3877712,89423421.38,4.5534,-3.284,4.05,否,0.85,-1.979,-8.946,-8.946,-8.834,否,194451046.0,85161168.0,4410149723.28,1931455290.24,158.69526,4.540081,9.265996,22.8,23.86,24.21,24.22,26.34,31.14,37.03,2021-09-30,-
2023-12-14,301073,君亭酒店,旅游酒店,22.29,23.47,22.29,22.7,22.29,5104552,118953452.49,5.994,1.808,5.29,否,1.21,0.844,-4.981,-11.845,-5.809,否,194451046.0,85161168.0,4489874652.14,1966371369.12,161.564089,4.622154,9.433503,22.66,23.55,24.12,24.19,26.1,31.0,36.94,2021-09-30,-
2023-12-15,301073,君亭酒店,旅游酒店,22.63,23.06,22.39,22.74,22.39,3694900,85547861.8,4.3387,0.173,2.94,否,0.84,-1.345,-2.779,-9.905,-4.414,否,194451046.0,85161168.0,4497652693.98,1969777815.84,161.843975,4.630162,9.449845,22.66,23.3,24.04,24.16,25.88,30.88,36.84,2021-09-30,-
2023-12-18,301073,君亭酒店,旅游酒店,22.92,22.95,21.79,21.83,21.79,3653223,82146229.28,4.2898,-3.978,5.1,否,0.85,-2.064,-4.002,-13.545,-11.007,否,194451046.0,85161168.0,4318757731.66,1891429541.28,155.406601,4.445996,9.073976,22.52,22.96,23.88,24.07,25.62,30.74,36.74,2021-09-30,-
2023-12-19,301073,君亭酒店,旅游酒店,21.84,23.05,21.83,22.63,21.83,6732478,154546630.26,7.9056,3.647,5.58,否,1.59,-0.308,0.533,-7.557,-8.934,否,194451046.0,85161168.0,4476263078.92,1960410087.36,161.074289,4.608142,9.404904,22.44,22.78,23.78,24.01,25.35,30.63,36.64,2021-09-30,-
2023-12-20,301073,君亭酒店,旅游酒店,22.71,22.79,21.71,21.74,21.71,4887384,109459213.75,5.739,-3.91,4.78,否,1.06,-4.398,-5.683,-9.0,-11.554,否,194451046.0,85161168.0,4301257137.52,1883765036.16,154.776858,4.42798,9.037206,22.33,22.56,23.64,23.92,25.09,30.5,36.54,2021-09-30,-
2023-12-21,301073,君亭酒店,旅游酒店,21.41,22.06,21.28,22.01,21.28,3383356,75231514.83,3.9729,1.221,3.57,否,0.7,0.825,-1.256,-5.9,-9.906,否,194451046.0,85161168.0,4353758919.94,1906758551.52,156.666087,4.482028,9.147516,22.19,22.42,23.52,23.85,24.9,30.38,36.44,2021-09-30,-
2023-12-22,301073,君亭酒店,旅游酒店,22.02,22.21,21.51,21.63,21.51,3225225,71262860.03,3.7872,-1.697,3.22,否,0.72,-4.419,-4.714,-4.881,-11.425,否,194451046.0,85161168.0,4279867522.46,1874397307.68,154.007172,4.40596,8.992265,21.97,22.31,23.37,23.78,24.71,30.26,36.33,2021-09-30,-
2023-12-25,301073,君亭酒店,旅游酒店,21.76,21.76,21.02,21.2,21.02,2263568,48870736.88,2.658,-1.999,3.41,否,0.52,-2.484,-6.772,-5.82,-14.928,否,194451046.0,85161168.0,4194309062.22,1836926393.76,150.928428,4.317881,8.812502,21.84,22.18,23.22,23.67,24.51,30.14,36.22,2021-09-30,-
2023-12-26,301073,君亭酒店,旅游酒店,21.13,21.33,20.62,20.66,20.62,1953184,41328993.22,2.2935,-2.55,3.34,否,0.48,-6.134,-5.36,-10.369,-16.492,否,194451046.0,85161168.0,4087360986.92,1790087751.36,147.079998,4.207782,8.587797,21.45,21.94,23.01,23.53,24.32,29.99,36.11,2021-09-30,-
2023-12-27,301073,君亭酒店,旅游酒店,20.78,21.06,20.47,20.83,20.47,1945587,41077420.67,2.2846,0.809,2.85,否,0.62,-3.699,-7.954,-6.55,-15.084,否,194451046.0,85161168.0,4120417664.74,1804565149.92,148.269513,4.241812,8.657251,21.27,21.8,22.83,23.4,24.14,29.84,36.01,2021-09-30,-
2023-12-28,301073,君亭酒店,旅游酒店,20.8,21.91,20.55,21.77,20.55,4353966,95001537.4,5.1126,4.53,6.51,否,1.7,2.689,0.138,-4.097,-11.034,否,194451046.0,85161168.0,4307090668.9,1886319871.2,154.986772,4.433985,9.049463,21.22,21.7,22.63,23.32,24.01,29.71,35.91,2021-09-30,-
2023-12-29,301073,君亭酒店,旅游酒店,21.82,22.73,21.66,22.3,21.66,4323274,98071687.8,5.0766,2.438,4.88,否,1.57,7.938,1.318,-1.935,-8.942,否,194451046.0,85161168.0,4412094233.74,1932306901.92,158.765231,4.542082,9.270082,21.35,21.66,22.48,23.25,23.89,29.59,35.82,2021-09-30,-
2024-01-02,301073,君亭酒店,旅游酒店,22.4,22.6,21.89,22.1,21.89,3298244,74384889.99,3.8729,-0.926,3.17,否,1.11,6.097,2.173,1.237,-8.753,否,194451046.0,85161168.0,4371259514.08,1914423056.64,157.29583,4.500045,9.184285,21.53,21.69,22.32,23.15,23.81,29.47,35.72,2021-09-30,-
2024-01-03,301073,君亭酒店,旅游酒店,22.04,22.9,21.98,22.76,21.98,5932884,136525617.36,6.9667,3.025,4.18,否,1.87,4.548,7.358,0.574,-8.521,否,194451046.0,85161168.0,4503486225.36,1972332650.88,162.053889,4.636167,9.462102,21.95,21.7,22.24,23.09,23.75,29.33,35.63,2021-09-30,-
2024-01-04,301073,君亭酒店,旅游酒店,22.74,23.05,22.46,22.7,22.46,3389498,78187185.12,3.9801,-0.302,2.59,否,0.85,1.794,9.874,4.416,-7.271,否,194451046.0,85161168.0,4489874652.14,1966371369.12,161.564089,4.622154,9.433503,22.33,21.8,22.18,23.02,23.7,29.2,35.54,2021-09-30,-
2024-01-05,301073,君亭酒店,旅游酒店,22.87,23.47,22.21,22.31,22.21,4960234,115320368.52,5.8245,-1.689,5.54,否,1.16,0.95,7.105,1.363,-13.359,否,194451046.0,85161168.0,4414038744.2,1933158513.6,158.835202,4.544084,9.274167,22.43,21.83,22.13,22.95,23.65,29.06,35.44,2021-09-30,-
2024-01-08,301073,君亭酒店,旅游酒店,22.36,22.86,22.01,22.01,22.01,3552395,80867003.45,4.1714,-1.366,3.83,否,0.81,-3.295,1.102,1.757,-12.797,否,194451046.0,85161168.0,4353758919.94,1906758551.52,156.666087,4.482028,9.147516,22.38,21.86,22.09,22.87,23.59,28.93,35.34,2021-09-30,-
2024-01-09,301073,君亭酒店,旅游酒店,22.01,24.55,21.9,23.99,21.9,10747525,257298548.88,12.6202,9.022,12.06,否,2.54,5.683,7.578,13.16,-4.99,否,194451046.0,85161168.0,4746550032.86,2078784110.88,170.800321,4.886392,9.972794,22.75,22.14,22.16,22.86,23.58,28.83,35.25,2021-09-30,-
2024-01-10,301073,君亭酒店,旅游酒店,23.58,24.59,23.1,23.87,23.1,10593852,255329718.79,12.4398,-0.533,6.23,否,1.85,6.992,8.009,15.537,-2.492,否,194451046.0,85161168.0,4721271396.88,2067713159.04,169.890692,4.860368,9.919682,22.98,22.46,22.2,22.83,23.55,28.73,35.16,2021-09-30,-
2024-01-11,301073,君亭酒店,旅游酒店,23.6,24.96,23.6,24.1,23.6,8135768,200138147.78,9.5534,0.989,5.68,否,1.22,9.496,5.888,15.699,0.879,否,194451046.0,85161168.0,4767939647.92,2088151839.36,171.570007,4.908412,10.017735,23.26,22.79,22.29,22.82,23.54,28.64,35.07,2021-09-30,-
2024-01-12,301073,君亭酒店,旅游酒店,24.07,24.14,23.28,23.34,23.28,4557093,109404082.26,5.3511,-3.14,3.59,否,0.6,-2.709,2.819,7.212,-0.214,否,194451046.0,85161168.0,4618212342.5,2022577740.0,166.182205,4.754273,9.703149,23.46,22.95,22.33,22.74,23.53,28.55,34.99,2021-09-30,-
2024-01-15,301073,君亭酒店,旅游酒店,23.13,25.19,23.08,24.26,23.08,11115296,275804392.61,13.0521,3.916,9.05,否,1.48,1.634,8.74,8.789,6.684,否,194451046.0,85161168.0,4799051815.28,2101777626.24,172.68955,4.94044,10.083103,23.91,23.14,22.4,22.7,23.54,28.46,34.9,2021-09-30,-
2024-01-16,301073,君亭酒店,旅游酒店,24.17,28.11,23.89,26.64,23.89,19911221,522765412.34,23.3806,9.806,17.38,否,2.21,10.539,21.036,20.543,18.347,否,194451046.0,85161168.0,5269623346.6,2307867652.8,189.622643,5.424876,11.071803,24.44,23.6,22.64,22.75,23.61,28.4,34.83,2021-09-30,-
2024-01-17,301073,君亭酒店,旅游酒店,26.15,26.52,24.82,24.86,24.82,13714622,355776719.19,16.1043,-6.679,6.38,否,1.26,6.512,3.627,9.227,7.852,否,194451046.0,85161168.0,4917666953.34,2153725938.72,176.957809,5.06255,10.332321,24.64,23.81,22.75,22.76,23.64,28.33,34.75,2021-09-30,-
2024-01-18,301073,君亭酒店,旅游酒店,24.59,24.65,22.99,23.91,22.99,10013999,239223388.58,11.7589,-3.796,6.68,否,0.87,-1.443,0.168,5.33,7.268,否,194451046.0,85161168.0,4730993949.18,2071971217.44,170.24055,4.870377,9.94011,24.6,23.93,22.86,22.76,23.63,28.24,34.67,2021-09-30,-
2024-01-19,301073,君亭酒店,旅游酒店,23.78,25.77,23.24,24.93,23.24,12704679,317338354.03,14.9184,4.234,10.6,否,1.07,-6.419,3.444,11.744,9.824,否,194451046.0,85161168.0,4931278526.56,2159687220.48,177.447609,5.076563,10.36092,24.92,24.19,23.01,22.81,23.63,28.16,34.6,2021-09-30,-
2024-01-22,301073,君亭酒店,旅游酒店,24.52,24.54,22.17,22.43,22.17,9036468,214077795.73,10.611,-10.016,9.54,否,0.67,-9.775,-3.899,1.908,-1.363,否,194451046.0,85161168.0,4437372869.72,1943377853.76,159.67486,4.568106,9.323194,24.55,24.23,23.05,22.8,23.59,28.05,34.51,2021-09-30,-
2024-01-23,301073,君亭酒店,旅游酒店,22.12,22.35,20.92,22.04,20.92,6463787,143180822.41,7.5901,-1.753,6.4,否,0.49,-7.821,-9.151,-8.128,0.962,否,194451046.0,85161168.0,4359592451.32,1909313386.56,156.876002,4.488034,9.159772,23.63,24.04,23.09,22.79,23.55,27.93,34.44,2021-09-30,-
2024-01-24,301073,君亭酒店,旅游酒店,22.16,23.09,22.12,22.92,22.12,6918684,159547839.42,8.1242,4.014,4.42,否,0.67,-8.063,-13.964,-3.98,1.281,否,194451046.0,85161168.0,4534598392.72,1985958437.76,163.173433,4.668196,9.52747,23.25,23.94,23.2,22.78,23.53,27.81,34.36,2021-09-30,-
2024-01-25,301073,君亭酒店,旅游酒店,22.71,23.47,22.15,23.37,22.15,6042071,140801551.5,7.0949,1.973,5.79,否,0.67,4.191,-5.994,-3.029,7.498,否,194451046.0,85161168.0,4624045873.88,2025132575.04,166.39212,4.760278,9.715405,23.14,23.87,23.33,22.82,23.52,27.7,34.29,2021-09-30,-
2024-01-26,301073,君亭酒店,旅游酒店,23.43,23.44,22.76,22.82,22.76,4319144,101152977.4,5.0717,-2.355,2.9,否,0.52,3.539,-4.559,-2.228,3.68,否,194451046.0,85161168.0,4515153288.12,1977442320.96,162.473718,4.648178,9.486615,22.72,23.82,23.38,22.82,23.51,27.59,34.21,2021-09-30,-
2024-01-29,301073,君亭酒店,旅游酒店,23.01,23.01,21.64,21.64,21.64,4039334,90519322.94,4.7432,-5.168,5.99,否,0.62,-5.585,-13.197,-10.8,0.046,否,194451046.0,85161168.0,4281812032.92,1875248919.36,154.077143,4.407962,8.996351,22.56,23.56,23.35,22.79,23.47,27.46,34.13,2021-09-30,-
2024-01-30,301073,君亭酒店,旅游酒店,21.52,22.18,21.02,21.15,21.02,3781848,83161775.65,4.4408,-2.271,5.36,否,0.68,-9.499,-5.707,-20.608,-0.236,否,194451046.0,85161168.0,4184586509.92,1832668335.36,150.578571,4.307872,8.792074,22.38,23.01,23.3,22.76,23.42,27.34,34.05,2021-09-30,-
2024-01-31,301073,君亭酒店,旅游酒店,20.44,20.86,18.48,18.71,18.48,7636535,151287364.4,8.9672,-11.571,11.25,否,1.52,-18.011,-15.109,-24.739,-9.439,否,194451046.0,85161168.0,3700403405.38,1620617027.04,133.155678,3.809424,7.774775,21.54,22.39,23.1,22.63,23.32,27.2,33.96,2021-09-30,-
2024-02-01,301073,君亭酒店,旅游酒店,18.43,18.67,17.55,18.2,17.55,4937903,91110787.73,5.7983,-2.68,5.99,否,0.96,-15.896,-20.593,-23.881,-12.626,否,194451046.0,85161168.0,3601233371.92,1577184831.36,129.587134,3.707332,7.566413,20.5,21.82,22.88,22.52,23.22,27.05,33.87,2021-09-30,-
2024-02-02,301073,君亭酒店,旅游酒店,18.2,19.32,17.33,17.96,17.33,5253237,98560203.4,6.1686,-1.35,10.96,否,1.06,-15.083,-23.149,-27.958,-17.501,否,194451046.0,85161168.0,3552620610.42,1555894539.36,127.837848,3.657287,7.464275,19.53,21.12,22.66,22.38,23.12,26.91,33.77,2021-09-30,-
2024-02-05,301073,君亭酒店,旅游酒店,17.92,17.92,15.18,15.19,15.18,7322748,119058850.21,8.5987,-15.435,15.27,否,1.43,-18.813,-33.436,-32.278,-31.883,否,194451046.0,85161168.0,3004268660.7,1315740045.6,108.105898,3.09278,6.312153,18.24,20.4,22.32,22.17,22.97,26.74,33.67,2021-09-30,-
2024-02-06,301073,君亭酒店,旅游酒店,14.76,16.12,13.66,15.48,13.66,7437823,111727895.55,8.7338,1.942,16.18,否,1.29,-14.945,-28.466,-29.764,-29.955,否,194451046.0,85161168.0,3062603974.5,1341288396.0,110.205041,3.152834,6.43472,17.11,19.74,21.89,21.98,22.82,26.58,33.56,2021-09-30,-
2024-02-07,301073,君亭酒店,旅游酒店,15.47,16.21,14.35,15.18,14.35,6827934,107168828.48,8.0177,-1.968,12.0,否,1.05,-15.479,-28.227,-33.77,-33.304,否,194451046.0,85161168.0,3002324150.24,1314888433.92,108.035926,3.090778,6.308068,16.4,18.97,21.46,21.79,22.66,26.4,33.46,2021-09-30,-
2024-02-08,301073,君亭酒店,旅游酒店,15.24,16.95,14.94,16.92,14.94,7494073,122152779.26,8.7999,11.464,13.21,否,1.18,11.389,-9.567,-27.599,-25.463,否,194451046.0,85161168.0,3346502501.66,1465623701.28,120.420874,3.445096,7.031208,16.15,18.33,21.1,21.66,22.53,26.25,33.37,2021-09-30,-
2024-02-19,301073,君亭酒店,旅游酒店,17.69,18.36,17.48,18.01,17.48,7618766,139320992.5,8.9463,6.45,5.23,否,1.11,16.344,-1.044,-21.078,-19.274,否,194451046.0,85161168.0,3562343162.72,1560152597.76,128.187705,3.667296,7.484702,16.16,17.84,20.83,21.54,22.43,26.12,33.29,2021-09-30,-
2024-02-20,301073,君亭酒店,旅游酒店,17.65,18.04,17.3,17.82,17.3,4408569,79204177.17,5.1767,-1.037,4.09,否,0.6,17.391,-0.78,-17.652,-19.037,否,194451046.0,85161168.0,3525397463.98,1543971975.84,126.858248,3.629262,7.407077,16.68,17.46,20.51,21.39,22.32,25.98,33.2,2021-09-30,-
2024-02-21,301073,君亭酒店,旅游酒店,17.69,19.01,17.5,18.35,17.5,5466410,102656501.48,6.4189,2.979,8.49,否,0.81,8.452,20.803,-13.239,-23.51,否,194451046.0,85161168.0,3630401028.82,1589959006.56,130.636706,3.737359,7.627696,17.26,17.18,20.09,21.26,22.21,25.85,33.1,2021-09-30,-
2024-02-22,301073,君亭酒店,旅游酒店,18.56,19.39,18.38,19.01,18.38,6205466,119297764.23,7.2867,3.589,5.52,否,0.98,5.552,22.804,1.603,-20.36,否,194451046.0,85161168.0,3760683229.64,1647016989.12,135.324794,3.87148,7.901427,18.02,17.21,19.8,21.14,22.11,25.73,33.0,2021-09-30,-
2024-02-23,301073,君亭酒店,旅游酒店,19.01,19.32,18.66,19.14,18.66,4971277,95898844.48,5.8375,0.672,3.52,否,0.8,7.407,26.087,5.165,-20.581,否,194451046.0,85161168.0,3785961865.62,1658087940.96,136.234423,3.897503,7.954539,18.47,17.31,19.56,21.02,22.02,25.61,32.9,2021-09-30,-
2024-02-26,301073,君亭酒店,旅游酒店,19.4,19.63,19.04,19.31,19.04,3757826,74222365.22,4.4126,0.925,3.08,否,0.66,5.232,14.125,7.517,-17.266,否,194451046.0,85161168.0,3820963053.9,1673416951.2,137.493909,3.933535,8.028079,18.73,17.44,19.28,20.92,21.94,25.5,32.79,2021-09-30,-
2024-02-27,301073,君亭酒店,旅游酒店,19.54,20.0,19.19,19.89,19.19,3522695,70548811.82,4.1365,3.003,4.22,否,0.71,4.629,10.439,30.941,-18.013,否,194451046.0,85161168.0,3935689171.04,1723662040.32,141.622225,4.051642,8.269125,19.14,17.91,19.16,20.85,21.86,25.38,32.7,2021-09-30,-
2024-02-28,301073,君亭酒店,旅游酒店,19.86,20.44,18.29,18.38,18.29,4900766,97515058.43,5.7547,-7.609,10.82,否,1.02,-3.971,3.143,18.734,-31.006,否,194451046.0,85161168.0,3636234560.2,1592513841.6,130.84662,3.743364,7.639953,19.15,18.2,18.97,20.66,21.76,25.26,32.58,2021-09-30,-
2024-02-29,301073,君亭酒店,旅游酒店,18.14,19.06,18.0,18.77,18.0,4426298,83807771.63,5.1976,2.139,5.78,否,0.95,-2.796,2.289,23.65,-24.497,否,194451046.0,85161168.0,3714014978.6,1626578308.8,133.645479,3.823436,7.803374,19.1,18.56,18.77,20.49,21.66,25.14,32.47,2021-09-30,-
2024-03-01,301073,君亭酒店,旅游酒店,18.97,18.97,18.48,18.76,18.48,3615360,68820130.58,4.2453,-0.052,2.62,否,0.84,-5.681,-1.315,10.875,-21.539,否,194451046.0,85161168.0,3712070468.14,1625726697.12,133.575507,3.821435,7.799289,19.02,18.74,18.53,20.31,21.56,25.01,32.36,2021-09-30,-
2024-03-04,301073,君亭酒店,旅游酒店,18.87,19.22,18.39,18.98,18.39,3509463,67426760.38,4.121,1.152,4.4,否,0.87,3.264,-0.836,5.386,-23.867,否,194451046.0,85161168.0,3754849698.26,1644462154.08,135.114879,3.865474,7.88917,18.96,18.84,18.34,20.17,21.45,24.89,32.25,2021-09-30,-
2024-03-05,301073,君亭酒店,旅游酒店,18.7,19.98,18.7,19.07,18.7,4471221,88350977.82,5.2503,0.466,6.78,否,1.12,1.598,-1.243,7.015,-14.98,否,194451046.0,85161168.0,3772350292.4,1652126659.2,135.744622,3.88349,7.92594,18.79,18.97,18.21,19.99,21.35,24.76,32.14,2021-09-30,-
2024-03-06,301073,君亭酒店,旅游酒店,18.95,19.46,18.74,19.34,18.74,3442000,66935633.07,4.0417,1.443,3.76,否,0.82,3.092,-2.765,5.395,-12.25,否,194451046.0,85161168.0,3826796585.28,1675971786.24,137.703823,3.939541,8.040335,18.98,19.07,18.12,19.75,21.25,24.62,32.03,2021-09-30,-
2024-03-07,301073,君亭酒店,旅游酒店,19.35,21.03,19.27,20.55,19.27,7759923,158677954.76,9.112,6.25,9.15,否,1.99,8.272,11.806,8.101,-10.34,否,194451046.0,85161168.0,4065971371.86,1780720022.88,146.310312,4.185762,8.542856,19.34,19.22,18.22,19.61,21.18,24.49,31.93,2021-09-30,-
2024-03-08,301073,君亭酒店,旅游酒店,20.15,20.2,19.31,19.86,19.31,6476162,129761201.15,7.6046,-3.348,4.3,否,1.42,4.143,5.807,3.762,-15.019,否,194451046.0,85161168.0,3929855639.66,1721107205.28,141.41231,4.045636,8.256869,19.56,19.29,18.3,19.47,21.12,24.34,31.82,2021-09-30,-
2024-03-11,301073,君亭酒店,旅游酒店,19.76,20.36,19.54,19.84,19.54,5787432,116728926.47,6.7959,-0.148,4.11,否,1.13,2.585,5.757,2.745,-13.059,否,194451046.0,85161168.0,3924022108.28,1718552370.24,141.202396,4.039631,8.244612,19.73,19.34,18.39,19.3,21.06,24.2,31.7,2021-09-30,-
2024-03-12,301073,君亭酒店,旅游酒店,19.92,21.3,19.78,20.98,19.78,8129870,169950576.55,9.5465,5.748,7.68,否,1.46,2.092,10.537,5.48,-3.05,否,194451046.0,85161168.0,4149585321.64,1817339325.12,149.319085,4.271839,8.718534,20.11,19.45,18.68,19.25,21.03,24.06,31.58,2021-09-30,-
2024-03-13,301073,君亭酒店,旅游酒店,20.64,22.0,20.6,21.68,20.6,6103646,133284680.01,7.1672,3.374,6.65,否,0.97,9.164,13.686,17.954,2.506,否,194451046.0,85161168.0,4289590074.76,1878655366.08,154.357029,4.415969,9.012693,20.58,19.78,18.99,19.24,21.02,23.92,31.47,2021-09-30,-
2024-03-14,301073,君亭酒店,旅游酒店,21.69,22.96,21.46,22.31,21.46,7398662,167986214.88,8.6878,2.901,6.94,否,1.08,12.45,15.357,18.86,19.241,否,194451046.0,85161168.0,4414038744.2,1933158513.6,158.835202,4.544084,9.274167,20.93,20.14,19.35,19.22,21.0,23.79,31.36,2021-09-30,-
2024-03-15,301073,君亭酒店,旅游酒店,22.15,22.92,21.9,21.97,21.9,4261716,96750360.22,5.0043,-1.542,4.58,否,0.63,4.719,6.91,17.111,20.714,否,194451046.0,85161168.0,4345980878.1,1903352104.8,156.386201,4.474021,9.131173,21.36,20.46,19.6,19.18,21.0,23.67,31.24,2021-09-30,-
2024-03-18,301073,君亭酒店,旅游酒店,21.75,22.4,21.72,22.27,21.72,3274291,73355059.82,3.8448,1.387,3.09,否,0.52,2.721,12.135,17.334,23.998,否,194451046.0,85161168.0,4406260702.36,1929752066.88,158.555317,4.536077,9.257825,21.84,20.79,19.81,19.16,20.99,23.55,31.13,2021-09-30,-
2024-03-19,301073,君亭酒店,旅游酒店,22.26,22.88,22.17,22.4,22.17,2814998,64532890.71,3.3055,0.574,3.18,否,0.48,0.403,12.903,17.462,47.465,否,194451046.0,85161168.0,4431539338.34,1940823018.72,159.464946,4.5621,9.310937,22.13,21.12,20.04,19.18,20.98,23.43,31.01,2021-09-30,-
2024-03-20,301073,君亭酒店,旅游酒店,22.54,22.81,22.08,22.3,22.08,2588492,58878333.96,3.0395,-0.439,3.29,否,0.54,1.502,6.292,15.305,44.057,否,194451046.0,85161168.0,4412094233.74,1932306901.92,158.765231,4.542082,9.270082,22.25,21.42,20.24,19.22,20.99,23.31,30.9,2021-09-30,-
2024-03-21,301073,君亭酒店,旅游酒店,22.31,23.17,22.3,23.01,22.3,3782113,87706765.51,4.4411,3.173,3.88,否,0.93,3.323,6.135,11.971,51.581,否,194451046.0,85161168.0,4552098986.86,1993622942.88,163.803176,4.686212,9.56424,22.39,21.66,20.44,19.36,21.0,23.17,30.8,2021-09-30,-
2024-03-22,301073,君亭酒店,旅游酒店,22.82,23.08,22.12,22.27,22.12,2971788,67901387.05,3.4896,-3.204,4.19,否,0.89,-0.58,-0.179,12.135,31.619,否,194451046.0,85161168.0,4406260702.36,1929752066.88,158.555317,4.536077,9.257825,22.45,21.9,20.6,19.5,21.01,23.05,30.68,2021-09-30,-
2024-03-25,301073,君亭酒店,旅游酒店,22.08,22.27,21.13,21.44,21.13,3708462,81766524.95,4.3546,-3.751,5.12,否,1.2,-3.857,-2.412,8.065,19.045,否,194451046.0,85161168.0,4240977313.26,1857365074.08,152.607743,4.365924,8.910555,22.28,22.06,20.7,19.62,21.0,22.95,30.57,2021-09-30,-
2024-03-26,301073,君亭酒店,旅游酒店,21.52,22.17,20.96,21.85,20.96,3023297,66634967.93,3.5501,1.926,5.64,否,0.95,-5.041,-1.886,4.147,22.615,否,194451046.0,85161168.0,4322646752.58,1893132764.64,155.546544,4.45,9.082147,22.17,22.15,20.8,19.84,21.0,22.86,30.46,2021-09-30,-
2024-03-27,301073,君亭酒店,旅游酒店,21.85,22.8,21.26,21.26,21.26,2929998,65665705.75,3.4405,-2.699,7.06,否,0.91,-4.535,-5.089,-1.937,15.858,否,194451046.0,85161168.0,4205976124.98,1842036063.84,151.348257,4.329892,8.837015,21.97,22.11,20.95,20.03,21.0,22.76,30.36,2021-09-30,-
2024-03-28,301073,君亭酒店,旅游酒店,21.24,22.14,21.03,21.64,21.03,2921100,64227195.0,3.4301,1.803,5.18,否,0.89,0.933,-2.96,-3.003,13.835,否,194451046.0,85161168.0,4281812032.92,1875248919.36,154.077143,4.407962,8.996351,21.69,22.04,21.09,20.25,21.02,22.67,30.26,2021-09-30,-
2024-03-29,301073,君亭酒店,旅游酒店,21.8,22.19,21.17,22.02,21.17,3413726,75262306.32,4.0085,1.726,4.72,否,1.1,0.778,-4.302,0.228,15.047,否,194451046.0,85161168.0,4355703430.4,1907610163.2,156.736059,4.48403,9.151601,21.64,22.05,21.25,20.42,21.04,22.59,30.17,2021-09-30,-
2024-04-01,301073,君亭酒店,旅游酒店,22.13,23.47,22.05,22.99,22.05,5712013,132782319.56,6.7073,4.42,6.47,否,1.79,8.137,3.233,3.233,19.057,否,194451046.0,85161168.0,4548209965.94,1991919719.52,163.663233,4.682208,9.556069,21.95,22.12,21.45,20.58,21.06,22.53,30.08,2021-09-30,-
2024-04-02,301073,君亭酒店,旅游酒店,23.13,23.96,22.8,23.4,22.8,5949846,141754430.91,6.9866,1.796,5.04,否,1.65,8.133,9.142,4.464,17.647,否,194451046.0,85161168.0,4629879405.26,2027687410.08,166.602034,4.766284,9.727662,22.26,22.22,21.67,20.77,21.08,22.48,29.99,2021-09-30,-
2024-04-03,301073,君亭酒店,旅游酒店,23.17,24.67,22.93,23.88,22.93,5700906,138682441.19,6.6943,2.016,7.43,否,1.36,8.447,9.291,7.085,29.924,否,194451046.0,85161168.0,4723215907.34,2068564770.72,169.960664,4.86237,9.923767,22.79,22.38,21.9,20.95,21.11,22.46,29.92,2021-09-30,-
2024-04-08,301073,君亭酒店,旅游酒店,24.55,25.24,23.93,23.93,23.93,5998301,149558529.11,7.0435,0.247,5.48,否,1.27,4.089,12.559,3.998,27.491,否,194451046.0,85161168.0,4734882970.1,2073674440.8,170.380492,4.874381,9.948281,23.24,22.47,22.07,21.12,21.13,22.44,29.84,2021-09-30,-
2024-04-09,301073,君亭酒店,旅游酒店,23.21,25.4,23.05,24.88,23.05,6871310,169814414.31,8.0686,3.943,9.82,否,1.28,6.325,14.972,11.72,32.623,否,194451046.0,85161168.0,4921555974.26,2155429162.08,177.097752,5.066554,10.340492,23.82,22.73,22.32,21.31,21.16,22.43,29.77,2021-09-30,-
2024-04-10,301073,君亭酒店,旅游酒店,24.45,25.92,24.23,25.78,24.23,8168701,211108543.2,9.592,3.635,6.8,否,1.35,7.956,17.075,20.243,35.827,否,194451046.0,85161168.0,5100450936.58,2233777436.64,183.535126,5.250719,10.716362,24.37,23.16,22.61,21.52,21.22,22.43,29.71,2021-09-30,-
2024-04-11,301073,君亭酒店,旅游酒店,25.2,30.47,25.12,28.56,25.12,12421064,341843796.69,14.5854,10.789,20.74,否,1.9,19.348,24.228,30.709,49.764,否,194451046.0,85161168.0,5650747396.76,2474783542.08,203.337048,5.817228,11.872568,25.41,23.83,22.99,21.81,21.33,22.46,29.65,2021-09-30,-
2024-04-12,301073,君亭酒店,旅游酒店,27.99,31.45,27.58,30.46,27.58,15413801,464496588.98,18.0996,6.641,13.56,否,1.97,22.428,30.171,43.274,57.497,否,194451046.0,85161168.0,6026037915.54,2639144596.32,216.841538,6.203576,12.661077,26.72,24.75,23.43,22.22,21.44,22.51,29.59,2021-09-30,-
2024-04-15,301073,君亭酒店,旅游酒店,29.49,30.37,26.33,26.74,26.33,15768143,454273388.39,18.5156,-12.23,13.26,否,1.61,3.724,11.977,23.567,30.122,否,194451046.0,85161168.0,5289068451.2,2316383769.6,190.322357,5.444894,11.112659,27.28,25.26,23.65,22.48,21.49,22.52,29.53,2021-09-30,-
2024-04-16,301073,君亭酒店,旅游酒店,26.07,26.74,22.69,23.84,22.69,13102193,324476373.43,15.3852,-10.846,15.15,否,1.12,-16.527,-0.376,8.265,20.04,否,194451046.0,85161168.0,4715437865.5,2065158324.0,169.680778,4.854363,9.907425,27.08,25.45,23.75,22.65,21.48,22.51,29.45,2021-09-30,-
2024-04-17,301073,君亭酒店,旅游酒店,24.07,25.63,24.02,24.93,24.02,10942475,275926898.98,12.8491,4.577,6.76,否,0.84,-18.155,0.201,8.438,25.655,否,194451046.0,85161168.0,4931278526.56,2159687220.48,177.447609,5.076563,10.36092,26.91,25.64,23.88,22.85,21.51,22.52,29.37,2021-09-30,-
2024-04-18,301073,君亭酒店,旅游酒店,24.57,26.23,24.11,25.78,24.11,11157890,289321549.51,13.1021,3.431,8.52,否,0.82,-3.59,0.0,10.171,22.879,否,194451046.0,85161168.0,5100450936.58,2233777436.64,183.535126,5.250719,10.716362,26.35,25.88,24.05,23.07,21.53,22.54,29.3,2021-09-30,-
2024-04-19,301073,君亭酒店,旅游酒店,25.16,25.99,24.43,24.81,24.43,9160994,233532725.16,10.7572,-3.774,6.06,否,0.69,4.069,-13.13,3.894,14.437,否,194451046.0,85161168.0,4907944401.04,2149467880.32,176.607952,5.052541,10.311893,25.22,25.97,24.17,23.25,21.5,22.56,29.21,2021-09-30,-
2024-04-22,301073,君亭酒店,旅游酒店,24.48,26.2,21.84,25.64,21.84,11777648,292568283.62,13.8298,3.368,17.59,否,0.98,2.848,-15.824,7.146,14.926,否,194451046.0,85161168.0,5073227790.14,2221854873.12,182.555526,5.222694,10.659164,25.0,26.14,24.31,23.42,21.52,22.58,29.13,2021-09-30,-
2024-04-23,301073,君亭酒店,旅游酒店,24.57,25.54,23.94,24.06,23.94,7666185,192329398.03,9.002,-6.171,6.21,否,0.68,-6.672,-10.022,-3.296,9.513,否,194451046.0,85161168.0,4760161606.08,2084745392.64,171.290121,4.900404,10.001393,25.04,26.06,24.39,23.56,21.52,22.58,29.05,2021-09-30,-
2024-04-24,301073,君亭酒店,旅游酒店,23.59,24.56,23.34,23.65,23.34,6481951,157089723.99,7.6114,-1.716,5.07,否,0.64,-4.676,-0.797,-8.262,6.197,否,194451046.0,85161168.0,4678492166.76,2048977702.08,168.35132,4.816329,9.8298,24.79,25.85,24.51,23.69,21.5,22.56,28.97,2021-09-30,-
2024-04-25,301073,君亭酒店,旅游酒店,23.95,25.93,23.57,25.11,23.57,10501572,264466119.32,12.3314,6.193,9.98,否,1.14,-2.067,0.722,-12.08,12.098,否,194451046.0,85161168.0,4968224225.3,2175867842.4,178.777067,5.114597,10.438545,24.65,25.5,24.67,23.83,21.54,22.56,28.89,2021-09-30,-
2024-04-26,301073,君亭酒店,旅游酒店,26.54,27.12,25.33,26.24,25.33,11971392,316911906.34,14.0573,4.501,7.12,否,1.31,9.061,1.784,-13.854,17.668,否,194451046.0,85161168.0,5191842928.2,2273803185.6,166.994003,5.283789,8.676529,24.94,25.08,24.92,23.98,21.61,22.58,28.82,2021-09-30,-
2024-04-29,301073,君亭酒店,旅游酒店,25.62,26.34,25.37,26.06,25.37,9618539,253864087.91,11.2945,-0.712,3.71,否,0.99,10.19,5.038,-2.543,13.255,否,194451046.0,85161168.0,5154897229.46,2257622563.68,165.805656,5.246189,8.614786,25.02,25.01,25.14,24.11,21.66,22.6,28.75,2021-09-30,-
2024-04-30,301073,君亭酒店,旅游酒店,25.78,26.05,24.5,24.52,24.5,7672357,195246241.23,9.0092,-5.885,5.92,否,0.83,-2.35,-4.368,2.852,10.103,否,194451046.0,85161168.0,4851553597.7,2124771141.6,156.048703,4.937474,8.107843,25.12,25.08,25.26,24.19,21.68,22.6,28.68,2021-09-30,-
2024-05-06,301073,君亭酒店,旅游酒店,24.52,24.73,23.59,23.89,23.59,7122996,173359106.72,8.3641,-2.605,4.65,否,0.77,-8.956,-0.707,-4.172,11.427,否,194451046.0,85161168.0,4725160417.8,2069416382.4,151.983306,4.808842,7.896616,25.16,24.98,25.31,24.24,21.7,22.6,28.61,2021-09-30,-
2024-05-07,301073,君亭酒店,旅游酒店,24.1,24.12,23.01,23.34,23.01,6375703,151743027.76,7.4866,-2.263,4.65,否,0.68,-10.437,-1.311,-9.465,6.819,否,194451046.0,85161168.0,4618212342.5,2022577740.0,148.543355,4.7,7.717886,24.81,24.73,25.31,24.28,21.73,22.6,28.53,2021-09-30,-
2024-05-08,301073,君亭酒店,旅游酒店,23.46,23.67,22.37,22.55,22.37,5707781,133098049.89,6.7023,-3.411,5.56,否,0.67,-8.034,-10.195,-9.109,6.068,否,194451046.0,85161168.0,4460706995.24,1953597193.92,143.477245,4.539705,7.454666,24.07,24.51,25.24,24.28,21.75,22.59,28.47,2021-09-30,-
2024-05-09,301073,君亭酒店,旅游酒店,22.67,23.16,22.57,22.97,22.57,4005112,93268706.3,4.703,1.875,2.62,否,0.55,-3.851,-12.462,-10.413,6.146,否,194451046.0,85161168.0,4544320945.02,1990216496.16,146.166661,4.6248,7.5944,23.45,24.24,25.19,24.28,21.82,22.57,28.41,2021-09-30,-
2024-05-10,301073,君亭酒店,旅游酒店,22.99,24.13,22.92,23.35,22.92,7993212,192137745.4,9.386,1.669,5.26,否,1.29,0.043,-10.399,-2.951,6.04,否,194451046.0,85161168.0,4620156852.96,2023429351.68,148.6059,4.701979,7.721136,23.22,24.17,25.11,24.32,21.91,22.56,28.35,2021-09-30,-
2024-05-13,301073,君亭酒店,旅游酒店,22.78,23.23,22.14,22.71,22.14,6308213,145156152.8,7.4074,-2.778,4.67,否,1.01,0.71,-7.382,-3.975,-1.218,否,194451046.0,85161168.0,4491819162.6,1967222980.8,144.477958,4.571368,7.50666,22.98,24.07,24.96,24.36,21.99,22.55,28.3,2021-09-30,-
2024-05-14,301073,君亭酒店,旅游酒店,22.74,23.29,22.61,22.98,22.61,4347275,101802755.7,5.1048,1.212,2.99,否,0.72,0.044,-3.809,-8.483,-1.795,否,194451046.0,85161168.0,4546265455.48,1991068107.84,146.229206,4.626779,7.59765,22.91,23.86,24.68,24.4,22.12,22.55,28.24,2021-09-30,-
2024-05-15,301073,君亭酒店,旅游酒店,23.24,23.48,22.59,22.78,22.59,4217999,98600426.77,4.953,-0.855,3.89,否,0.74,-2.441,-2.399,-13.186,-4.606,否,194451046.0,85161168.0,4507375246.28,1974035874.24,144.978314,4.5872,7.532657,22.96,23.52,24.3,24.45,22.24,22.53,28.18,2021-09-30,-
2024-05-16,301073,君亭酒店,旅游酒店,22.78,24.0,22.73,23.5,22.73,7171371,171075490.96,8.4209,3.149,5.61,否,1.33,3.479,4.213,-9.823,-1.797,否,194451046.0,85161168.0,4649324509.86,2036203526.88,149.544068,4.731663,7.769881,23.06,23.26,24.14,24.51,22.38,22.52,28.13,2021-09-30,-
2024-05-17,301073,君亭酒店,旅游酒店,23.79,24.03,23.12,23.96,23.12,7595335,182901693.47,8.9188,1.966,3.89,否,1.26,4.265,4.31,-2.284,-3.698,否,194451046.0,85161168.0,4740716501.48,2076229275.84,152.483663,4.824674,7.922613,23.19,23.2,24.14,24.58,22.5,22.51,28.09,2021-09-30,-
2024-05-20,301073,君亭酒店,旅游酒店,24.67,26.11,24.67,25.04,24.67,12904307,330573593.97,15.1528,4.471,5.99,否,2.18,9.921,7.238,4.814,-2.87,否,194451046.0,85161168.0,4952668141.62,2169054948.96,159.301021,5.040379,8.276824,23.65,23.32,24.15,24.64,22.61,22.52,28.06,2021-09-30,-
2024-05-21,301073,君亭酒店,旅游酒店,24.54,26.21,24.42,25.09,24.42,10647585,273944234.87,12.5029,0.236,7.18,否,1.47,6.766,10.48,7.498,-12.15,否,194451046.0,85161168.0,4964335204.38,2174164619.04,159.676289,5.052253,8.296322,24.07,23.49,24.11,24.7,22.73,22.53,28.03,2021-09-30,-
2024-05-22,301073,君亭酒店,旅游酒店,24.82,24.97,23.78,23.89,23.78,9308950,228858727.5,10.931,-4.779,4.74,否,1.09,-0.292,3.96,5.942,-21.569,否,194451046.0,85161168.0,4727104928.26,2070267994.08,152.045851,4.810821,7.899866,24.3,23.63,24.07,24.7,22.83,22.52,27.99,2021-09-30,-
2024-05-23,301073,君亭酒店,旅游酒店,23.61,23.93,22.96,23.01,22.96,5264086,124634388.3,6.1813,-3.702,4.07,否,0.55,-8.107,1.01,0.174,-13.949,否,194451046.0,85161168.0,4552098986.86,1993622942.88,146.41684,4.632716,7.607399,24.2,23.63,23.94,24.67,22.89,22.5,27.96,2021-09-30,-
2024-05-24,301073,君亭酒店,旅游酒店,22.83,23.15,21.88,21.98,21.88,5961855,136161656.05,7.0007,-4.485,5.51,否,0.65,-12.395,-6.468,-5.867,-7.802,否,194451046.0,85161168.0,4347925388.56,1904203716.48,139.84966,4.424926,7.266187,23.8,23.49,23.83,24.57,22.94,22.48,27.91,2021-09-30,-
2024-05-27,301073,君亭酒店,旅游酒店,22.2,22.49,20.75,21.2,20.75,7884357,169543927.0,9.2582,-3.533,7.92,否,0.89,-11.26,-11.519,-6.649,-14.962,否,194451046.0,85161168.0,4194309062.22,1836926393.76,134.908639,4.268589,7.009466,23.03,23.34,23.71,24.42,22.97,22.45,27.86,2021-09-30,-
2024-05-28,301073,君亭酒店,旅游酒店,21.21,21.41,20.54,20.65,20.54,7019217,148092823.8,8.2423,-2.596,4.08,否,0.9,-10.256,-17.532,-10.139,-19.899,否,194451046.0,85161168.0,4085416476.46,1789236139.68,131.406143,4.157768,6.827486,22.15,23.11,23.49,24.16,22.99,22.42,27.81,2021-09-30,-
2024-05-29,301073,君亭酒店,旅游酒店,20.59,21.58,20.44,21.32,20.44,7364039,158252691.43,8.6472,3.237,5.47,否,1.04,-3.003,-15.026,-6.409,-14.067,否,194451046.0,85161168.0,4217643187.74,1847145733.92,135.659173,4.292337,7.048461,21.63,22.96,23.24,23.85,23.03,22.4,27.76,2021-09-30,-
2024-05-30,301073,君亭酒店,旅游酒店,20.92,21.08,20.64,20.92,20.64,4640311,98277396.36,5.4489,-1.89,2.07,否,0.69,-1.321,-12.432,-10.979,-18.409,否,194451046.0,85161168.0,4137918258.88,1812229655.04,133.094846,4.2112,6.915226,21.21,22.71,22.98,23.66,23.07,22.36,27.71,2021-09-30,-
2024-05-31,301073,君亭酒店,旅游酒店,20.94,21.33,20.74,21.12,20.74,3616443,77448942.98,4.2466,0.987,2.82,否,0.55,2.276,-8.214,-11.853,-12.219,否,194451046.0,85161168.0,4178752978.54,1830113500.32,134.408282,4.252758,6.983469,21.04,22.42,22.81,23.57,23.11,22.34,27.65,2021-09-30,-
2024-06-03,301073,君亭酒店,旅游酒店,21.23,21.28,20.44,20.79,20.44,3649263,76974242.78,4.2851,-1.582,3.96,否,0.6,-2.486,-5.414,-16.973,-12.093,否,194451046.0,85161168.0,4112639622.9,1801158703.2,132.281767,4.185474,6.872981,20.96,22.0,22.66,23.43,23.14,22.3,27.59,2021-09-30,-
2024-06-04,301073,君亭酒店,旅游酒店,20.76,20.94,19.97,20.25,19.97,6159005,127442273.48,7.2322,-2.601,4.63,否,1.17,-3.203,-4.481,-19.291,-19.355,否,194451046.0,85161168.0,4005691547.6,1754320060.8,128.841815,4.076632,6.694251,20.88,21.51,22.5,23.25,23.16,22.25,27.53,2021-09-30,-
2024-06-05,301073,君亭酒店,旅游酒店,20.25,20.46,19.76,19.76,19.76,4654395,95267779.99,5.4654,-2.427,3.5,否,0.92,-6.439,-4.31,-17.288,-24.695,否,194451046.0,85161168.0,3908466024.6,1711739476.8,125.714587,3.977684,6.531769,20.57,21.1,22.36,23.08,23.17,22.21,27.46,2021-09-30,-
2024-06-06,301073,君亭酒店,旅游酒店,19.62,19.95,18.87,19.12,18.87,6075091,117762256.18,7.1336,-3.208,5.51,否,1.34,-8.033,-10.319,-16.906,-26.631,否,194451046.0,85161168.0,3754849698.26,1644462154.08,120.773566,3.821347,6.275048,20.21,20.71,22.17,22.86,23.14,22.16,27.4,2021-09-30,-
2024-06-07,301073,君亭酒店,旅游酒店,19.31,19.73,19.19,19.63,19.19,3858390,75917085.73,4.5307,2.641,2.8,否,0.8,-3.062,-6.166,-10.692,-19.943,否,194451046.0,85161168.0,3854019731.72,1687894349.76,123.963339,3.922274,6.440779,19.91,20.48,21.99,22.71,23.14,22.13,27.33,2021-09-30,-
2024-06-11,301073,君亭酒店,旅游酒店,19.43,19.47,18.85,19.07,18.85,4678167,89832882.57,5.4933,-2.825,3.18,否,0.96,-3.492,-9.706,-10.047,-20.176,否,194451046.0,85161168.0,3745127145.96,1640204095.68,120.460843,3.811453,6.2588,19.57,20.26,21.8,22.56,23.13,22.09,27.27,2021-09-30,-
2024-06-12,301073,君亭酒店,旅游酒店,19.17,19.26,18.98,19.07,18.98,4030525,77760935.71,4.7328,0.0,1.45,否,0.79,-0.262,-8.273,-7.651,-18.295,否,194451046.0,85161168.0,3745127145.96,1640204095.68,120.460843,3.811453,6.2588,19.33,20.11,21.61,22.36,23.09,22.06,27.2,2021-09-30,-
2024-06-13,301073,君亭酒店,旅游酒店,18.93,19.16,18.57,18.63,18.57,4493276,85107322.09,5.2762,-2.336,3.12,否,0.96,-5.094,-8.0,-12.617,-17.384,否,194451046.0,85161168.0,3657624175.26,1601881570.08,117.646337,3.7224,6.112566,19.1,19.84,21.4,22.11,23.04,22.03,27.14,2021-09-30,-
2024-06-14,301073,君亭酒店,旅游酒店,18.72,19.58,18.33,19.28,18.33,8920381,172823689.72,10.4747,3.509,6.7,否,1.93,1.101,-2.429,-7.839,-16.064,否,194451046.0,85161168.0,3785961865.62,1658087940.96,121.774279,3.85301,6.327042,19.14,19.67,21.19,21.88,22.99,22.0,27.08,2021-09-30,-
2024-06-17,301073,君亭酒店,旅游酒店,19.02,19.75,18.94,19.56,18.94,6047013,118178099.15,7.1007,1.438,4.16,否,1.16,2.569,2.301,-7.386,-16.231,否,194451046.0,85161168.0,3840408158.5,1681933068.0,123.525527,3.908421,6.418032,19.12,19.52,20.97,21.71,22.95,21.97,27.01,2021-09-30,-
2024-06-18,301073,君亭酒店,旅游酒店,19.76,19.77,19.13,19.21,19.13,5408564,105756808.1,6.351,-1.772,3.24,否,0.96,3.113,-2.14,-7.6,-15.412,否,194451046.0,85161168.0,3772350292.4,1652126659.2,121.336467,3.839158,6.304295,19.15,19.36,20.68,21.56,22.9,21.95,26.94,2021-09-30,-
2024-06-19,301073,君亭酒店,旅游酒店,19.29,19.29,18.79,18.82,18.79,4470765,85460030.76,5.2498,-2.062,2.63,否,0.77,-2.386,-1.311,-7.062,-18.103,否,194451046.0,85161168.0,3694569874.0,1618062192.0,118.834684,3.76,6.174309,19.1,19.22,20.36,21.41,22.84,21.91,26.88,2021-09-30,-
2024-06-20,301073,君亭酒店,旅游酒店,18.84,18.95,18.35,18.37,18.35,3540387,66434219.13,4.1573,-2.368,3.21,否,0.6,-6.084,-3.671,-7.034,-19.359,否,194451046.0,85161168.0,3607066903.3,1579739666.4,116.020178,3.670947,6.028075,19.05,19.08,20.09,21.27,22.78,21.88,26.8,2021-09-30,-
2024-06-21,301073,君亭酒店,旅游酒店,18.37,18.64,18.12,18.22,18.12,3809525,70692979.5,4.4733,-0.809,2.8,否,0.67,-5.154,-2.201,-4.707,-22.468,否,194451046.0,85161168.0,3577899246.4,1566965491.2,115.08201,3.641263,5.979331,18.84,18.99,19.85,21.11,22.7,21.85,26.73,2021-09-30,-
2024-06-24,301073,君亭酒店,旅游酒店,18.16,18.16,17.34,17.38,17.34,4922045,87673169.3,5.7797,-4.62,4.51,否,1.06,-7.651,-9.855,-11.462,-27.462,否,194451046.0,85161168.0,3412615857.3,1494578498.4,109.765721,3.473053,5.703112,18.4,18.76,19.62,20.91,22.61,21.81,26.64,2021-09-30,-
2024-06-25,301073,君亭酒店,旅游酒店,17.56,18.5,17.38,18.12,17.38,7673000,139037420.43,9.01,4.274,6.44,否,1.73,-1.361,-7.362,-4.982,-27.636,否,194451046.0,85161168.0,3558454141.8,1558449374.4,114.456564,3.621474,5.946835,18.18,18.67,19.46,20.76,22.56,21.78,26.56,2021-09-30,-
2024-06-26,301073,君亭酒店,旅游酒店,17.89,18.48,17.79,18.31,17.79,6557252,120111824.7,7.6998,1.038,3.83,否,1.34,0.494,-4.685,-3.985,-27.023,否,194451046.0,85161168.0,3595399840.54,1574629996.32,115.644911,3.659074,6.008578,18.08,18.59,19.35,20.6,22.5,21.75,26.48,2021-09-30,-
2024-06-27,301073,君亭酒店,旅游酒店,18.21,18.88,17.97,18.16,17.97,7115760,132669060.82,8.3556,-0.811,4.92,否,1.34,4.488,-3.507,-2.523,-23.985,否,194451046.0,85161168.0,3566232183.64,1561855821.12,114.706742,3.629389,5.959833,18.04,18.54,19.19,20.45,22.45,21.73,26.4,2021-09-30,-
2024-06-28,301073,君亭酒店,旅游酒店,18.09,18.51,17.9,18.02,17.9,7120483,130598571.45,8.3612,-0.763,3.38,否,1.18,-0.552,-1.905,-6.535,-21.686,否,194451046.0,85161168.0,3539009037.2,1549933257.6,113.831118,3.601684,5.914338,18.0,18.42,19.04,20.27,22.39,21.7,26.31,2021-09-30,-
2024-07-01,301073,君亭酒店,旅游酒店,17.93,18.26,17.76,18.24,17.76,5708613,104125443.77,6.7033,1.209,2.8,否,0.85,-0.382,0.11,-6.748,-17.015,否,194451046.0,85844564.0,3581788267.32,1581256868.88,115.207099,3.645221,5.98583,18.17,18.29,18.9,20.07,22.33,21.68,26.22,2021-09-30,-
2024-07-02,301073,君亭酒店,旅游酒店,18.35,18.78,18.07,18.43,18.07,8452283,157253145.74,9.925,1.032,3.85,否,1.24,1.487,6.041,-4.06,-13.066,否,194451046.0,85844564.0,3618733966.06,1597567336.04,116.395446,3.682821,6.047573,18.23,18.21,18.78,19.85,22.25,21.65,26.14,2021-09-30,-
2024-07-03,301073,君亭酒店,旅游酒店,18.42,19.36,18.32,19.09,18.32,14164034,270762230.98,16.632,3.6,5.64,否,2.03,5.938,5.353,1.435,-7.554,否,194451046.0,85844564.0,3749016166.88,1655083193.92,120.585932,3.81541,6.265299,18.39,18.23,18.72,19.65,22.18,21.63,26.07,2021-09-30,-
2024-07-04,301073,君亭酒店,旅游酒店,18.68,18.76,17.48,17.51,17.48,11484161,209119019.8,13.4852,-8.299,6.69,否,1.35,-4.002,-4.369,-4.682,-17.871,否,194451046.0,85844564.0,3437894493.28,1517731891.52,110.578801,3.498779,5.745357,18.26,18.15,18.61,19.44,22.07,21.59,25.99,2021-09-30,-
2024-07-05,301073,君亭酒店,旅游酒店,17.82,17.83,17.05,17.55,17.05,6067292,107278516.89,7.1245,0.226,4.41,否,0.65,-4.775,-3.359,-3.677,-16.109,否,194451046.0,85844564.0,3445672535.12,1521165674.08,110.828979,3.506695,5.758356,18.16,18.08,18.53,19.26,21.97,21.55,25.91,2021-09-30,-
2024-07-08,301073,君亭酒店,旅游酒店,17.33,17.87,16.79,16.93,16.79,7159634,124319962.84,8.4072,-3.499,6.15,否,0.78,-11.315,-6.049,-2.589,-19.839,否,194451046.0,85844564.0,3325112886.6,1467942044.4,106.951216,3.384,5.556878,17.9,18.04,18.4,19.09,21.83,21.5,25.83,2021-09-30,-
2024-07-09,301073,君亭酒店,旅游酒店,16.88,17.35,16.44,17.24,16.44,6840314,116926165.59,8.0322,1.813,5.38,否,0.72,-1.542,-5.482,-4.857,-17.076,否,194451046.0,85844564.0,3385392710.86,1494553859.24,108.890097,3.445347,5.657617,17.66,17.95,18.31,18.96,21.69,21.46,25.75,2021-09-30,-
2024-07-10,301073,君亭酒店,旅游酒店,17.09,17.32,16.62,16.72,16.62,5158072,88299027.69,6.0568,-3.044,4.08,否,0.56,-4.729,-9.278,-8.684,-17.432,否,194451046.0,85844564.0,3282333656.48,1449056240.32,105.575235,3.340463,5.485386,17.19,17.79,18.19,18.83,21.49,21.41,25.68,2021-09-30,-
2024-07-11,301073,君亭酒店,旅游酒店,16.98,17.97,16.88,17.75,16.88,8295000,146476686.12,9.7404,6.161,6.52,否,1.13,4.843,-7.019,-2.258,-10.172,否,194451046.0,85844564.0,3484562744.32,1538334586.88,112.07987,3.546274,5.823348,17.24,17.75,18.15,18.71,21.28,21.36,25.61,2021-09-30,-
2024-07-12,301073,君亭酒店,旅游酒店,17.7,18.84,17.64,18.03,17.64,9830690,181304563.92,11.5436,1.618,6.75,否,1.47,4.582,2.97,0.055,-5.701,否,194451046.0,85844564.0,3540953547.66,1563229510.44,113.893663,3.603663,5.917588,17.33,17.75,18.08,18.61,21.14,21.31,25.52,2021-09-30,-
2024-07-15,301073,君亭酒店,旅游酒店,17.9,17.95,17.23,17.53,17.23,6097500,107319651.0,7.16,-2.801,4.01,否,0.82,4.844,-0.114,-3.893,-10.698,否,194451046.0,85844564.0,3441783514.2,1519448782.8,110.70389,3.502737,5.751856,17.45,17.68,17.98,18.49,21.03,21.26,25.44,2021-09-30,-
2024-07-16,301073,君亭酒店,旅游酒店,17.47,17.57,16.99,17.19,16.99,4444564,77133637.24,5.219,-1.921,3.28,否,0.61,-3.155,1.536,-6.728,-9.858,否,194451046.0,85844564.0,3375670158.56,1490261631.04,108.577374,3.435453,5.641369,17.44,17.55,17.88,18.37,20.9,21.2,25.36,2021-09-30,-
2024-07-17,301073,君亭酒店,旅游酒店,17.27,17.72,17.0,17.32,17.0,6185662,108620986.18,7.2635,0.749,4.15,否,0.91,-3.938,0.464,-9.272,-9.177,否,194451046.0,85844564.0,3400948794.54,1501421424.36,109.390454,3.461179,5.683614,17.56,17.38,17.81,18.28,20.76,21.15,25.28,2021-09-30,-
2024-07-18,301073,君亭酒店,旅游酒店,17.08,17.71,16.69,17.65,16.69,6506153,112923300.3,7.6398,1.887,5.89,否,0.93,0.685,5.562,0.8,-5.26,否,194451046.0,85844564.0,3465117639.72,1529750130.48,111.454425,3.526484,5.790852,17.54,17.39,17.77,18.21,20.64,21.07,25.2,2021-09-30,-
2024-07-19,301073,君亭酒店,旅游酒店,17.6,17.6,17.14,17.34,17.14,4698516,82201554.91,5.5172,-1.74,2.58,否,0.71,0.873,-2.31,-1.197,-10.062,否,194451046.0,85844564.0,3404837815.46,1503138315.64,109.515543,3.465137,5.690113,17.41,17.37,17.73,18.15,20.5,21.01,25.12,2021-09-30,-
2024-07-22,301073,君亭酒店,旅游酒店,17.15,17.45,17.02,17.34,17.02,3410727,59425818.92,4.005,0.0,2.46,否,0.61,0.115,-3.827,2.422,-11.35,否,194451046.0,85844564.0,3404837815.46,1503138315.64,109.515543,3.465137,5.690113,17.37,17.41,17.72,18.07,20.39,20.95,25.03,2021-09-30,-
2024-07-23,301073,君亭酒店,旅游酒店,17.35,17.55,16.74,16.8,16.74,4135538,71881134.28,4.8561,-3.141,4.68,否,0.82,-4.816,-4.164,-2.552,-12.546,否,194451046.0,85844564.0,3297889740.16,1455923805.44,106.075592,3.356295,5.511383,17.29,17.37,17.66,17.99,20.28,20.89,24.94,2021-09-30,-
2024-07-24,301073,君亭酒店,旅游酒店,16.72,17.11,16.15,16.22,16.15,5002473,83581424.24,5.8741,-3.42,5.72,否,1.0,-6.459,-5.643,-2.99,-13.815,否,194451046.0,85844564.0,3185108133.48,1406133958.32,102.448007,3.241516,5.322904,17.07,17.32,17.55,17.9,20.13,20.84,24.86,2021-09-30,-
2024-07-25,301073,君亭酒店,旅游酒店,16.22,16.59,16.03,16.36,16.03,3383321,55951783.95,3.9728,0.855,3.42,否,0.71,-5.652,-5.543,-7.831,-10.942,否,194451046.0,85844564.0,3212331279.92,1418152197.28,103.323631,3.269221,5.368399,16.81,17.18,17.46,17.82,19.96,20.79,24.78,2021-09-30,-
2024-07-26,301073,君亭酒店,旅游酒店,16.36,16.76,16.35,16.51,16.35,3162500,52790585.0,3.7135,0.908,2.48,否,0.77,-1.726,-6.459,-8.43,-9.385,否,194451046.0,85844564.0,3241498936.82,1431028881.88,104.261799,3.298905,5.417144,16.65,17.03,17.39,17.73,19.8,20.73,24.7,2021-09-30,-
2024-07-29,301073,君亭酒店,旅游酒店,16.46,16.62,16.15,16.43,16.15,2755507,45573663.76,3.2356,-0.48,2.82,否,0.72,1.295,-5.248,-6.275,-5.466,否,194451046.0,85844564.0,3225942853.14,1424161316.76,103.761443,3.283074,5.391147,16.46,16.92,17.3,17.63,19.67,20.68,24.63,2021-09-30,-
2024-07-30,301073,君亭酒店,旅游酒店,16.34,16.61,16.29,16.53,16.29,2507883,41752195.93,2.9449,0.603,1.93,否,0.68,1.039,-4.671,-3.839,-8.775,否,194451046.0,85844564.0,3245387957.74,1432745773.16,104.386888,3.302863,5.423643,16.41,16.85,17.2,17.54,19.55,20.62,24.56,2021-09-30,-
2024-07-31,301073,君亭酒店,旅游酒店,16.72,17.75,16.68,17.73,16.68,8749191,153380989.65,10.2737,7.25,6.47,否,2.6,7.389,5.536,2.367,-3.168,否,194451046.0,85844564.0,3480673723.4,1536617695.6,111.954781,3.542316,5.816849,16.71,16.89,17.13,17.5,19.45,20.59,24.49,2021-09-30,-
2024-08-01,301073,君亭酒店,旅游酒店,17.53,17.83,17.38,17.63,17.38,6553233,116426219.28,7.6951,-0.559,2.51,否,1.59,7.304,8.693,-0.113,-2.919,否,194451046.0,85844564.0,3461228618.8,1528033239.2,111.329336,3.522526,5.784353,16.97,16.89,17.14,17.48,19.37,20.56,24.42,2021-09-30,-
2024-08-02,301073,君亭酒店,旅游酒店,17.53,18.13,17.43,17.76,17.43,6448200,115985015.0,7.5718,0.73,3.99,否,1.36,7.441,8.557,2.422,-1.443,否,194451046.0,85844564.0,3486507254.78,1539193032.52,112.142415,3.548253,5.826598,17.22,16.93,17.15,17.46,19.29,20.55,24.36,2021-09-30,-
2024-08-05,301073,君亭酒店,旅游酒店,18.52,18.92,17.63,17.66,17.63,12871112,236450087.98,15.1138,-0.558,7.25,否,2.38,-0.395,6.965,1.845,-3.18,否,194451046.0,85844564.0,3467062150.18,1530608576.12,111.516969,3.528463,5.794102,17.46,16.96,17.19,17.47,19.19,20.55,24.29,2021-09-30,-
2024-08-06,301073,君亭酒店,旅游酒店,17.91,18.4,17.73,18.33,17.73,10536925,191757791.5,12.3729,3.814,3.81,否,1.42,3.971,11.564,9.107,-0.543,否,194451046.0,85844564.0,3599288861.46,1588982879.64,115.77,3.663032,6.015077,17.82,17.12,17.24,17.48,19.12,20.55,24.23,2021-09-30,-
2024-08-07,301073,君亭酒店,旅游酒店,18.3,18.48,17.84,18.22,17.84,7855600,143351882.0,9.2244,-0.594,3.51,否,0.87,2.59,10.224,12.33,-4.557,否,194451046.0,85844564.0,3577899246.4,1579539977.6,115.08201,3.641263,5.979331,17.92,17.32,17.32,17.47,19.04,20.58,24.16,2021-09-30,-
2024-08-08,301073,君亭酒店,旅游酒店,17.97,18.66,17.94,18.22,17.94,9059728,168150545.76,10.6383,0.0,3.91,否,1.02,3.171,2.764,11.369,4.055,否,194451046.0,85844564.0,3577899246.4,1579539977.6,115.08201,3.641263,5.979331,18.04,17.5,17.34,17.48,18.96,20.6,24.08,2021-09-30,-
2024-08-09,301073,君亭酒店,旅游酒店,18.12,18.64,17.6,17.71,17.6,8468250,154743123.5,9.9438,-2.826,5.71,否,0.91,-3.382,0.454,7.268,0.912,否,194451046.0,85844564.0,3476784702.48,1534900804.32,111.829692,3.538358,5.81035,18.03,17.62,17.32,17.47,18.87,20.62,24.0,2021-09-30,-
2024-08-12,301073,君亭酒店,旅游酒店,17.53,17.56,16.87,16.95,16.87,6853060,118462969.6,8.0472,-4.251,3.91,否,0.7,-6.97,-4.561,3.165,0.118,否,194451046.0,85844564.0,3329001907.52,1469658935.68,107.076305,3.387958,5.563377,17.89,17.67,17.3,17.42,18.75,20.62,23.93,2021-09-30,-
2024-08-13,301073,君亭酒店,旅游酒店,17.03,17.11,16.61,16.93,16.61,3490835,59061210.75,4.0991,-0.117,2.98,否,0.41,-7.08,-4.134,2.42,-1.798,否,194451046.0,85844564.0,3325112886.6,1467942044.4,106.951216,3.384,5.556878,17.61,17.71,17.28,17.37,18.61,20.61,23.85,2021-09-30,-
2024-08-14,301073,君亭酒店,旅游酒店,16.88,17.04,16.72,16.77,16.72,2430451,41291241.32,2.8539,-0.994,1.93,否,0.34,-5.308,-8.511,-5.415,0.299,否,194451046.0,85844564.0,3292056208.78,1453348468.52,105.887958,3.350358,5.501634,17.32,17.62,17.25,17.3,18.47,20.6,23.77,2021-09-30,-
2024-08-15,301073,君亭酒店,旅游酒店,16.83,17.04,16.36,16.97,16.36,4459517,75616652.75,5.2366,1.24,4.08,否,0.74,0.118,-6.861,-3.744,-4.394,否,194451046.0,85844564.0,3332890928.44,1471375826.96,107.201394,3.391916,5.569877,17.07,17.55,17.22,17.28,18.36,20.59,23.69,2021-09-30,-
2024-08-16,301073,君亭酒店,旅游酒店,16.89,17.03,16.67,16.79,16.67,3153205,53415872.45,3.7026,-1.109,2.16,否,0.61,-0.827,-7.849,-5.462,-6.877,否,194451046.0,85844564.0,3295945229.7,1455065359.8,106.013047,3.354316,5.508134,16.88,17.46,17.19,17.25,18.26,20.57,23.62,2021-09-30,-
2024-08-19,301073,君亭酒店,旅游酒店,16.79,17.19,16.62,17.06,16.62,3975766,68034129.56,4.6685,1.652,3.42,否,0.98,1.729,-3.67,-3.398,-2.681,否,194451046.0,85844564.0,3350391522.58,1479101837.72,107.764295,3.409726,5.599123,16.9,17.4,17.18,17.26,18.17,20.56,23.55,2021-09-30,-
2024-08-20,301073,君亭酒店,旅游酒店,17.11,17.13,16.33,16.66,16.33,4312938,72520742.66,5.0644,-2.38,4.7,否,1.23,-1.827,-1.711,-9.111,-3.083,否,194451046.0,85844564.0,3270666593.72,1443905566.48,105.199968,3.328589,5.465888,16.85,17.23,17.17,17.24,18.1,20.54,23.47,2021-09-30,-
2024-08-21,301073,君亭酒店,旅游酒店,16.66,17.01,16.57,16.79,16.57,3112146,52858828.54,3.6544,0.773,2.68,否,0.85,0.0,-0.827,-7.849,-3.06,否,194451046.0,85844564.0,3295945229.7,1455065359.8,106.013047,3.354316,5.508134,16.85,17.09,17.2,17.24,18.03,20.51,23.4,2021-09-30,-
2024-08-22,301073,君亭酒店,旅游酒店,16.79,16.93,16.13,16.14,16.13,3180663,52744506.67,3.7349,-3.835,4.78,否,0.84,-5.393,-3.757,-11.416,-8.555,否,194451046.0,85844564.0,3169552049.8,1399266393.2,101.94765,3.225684,5.296907,16.69,16.88,17.19,17.19,17.95,20.49,23.32,2021-09-30,-
2024-08-23,301073,君亭酒店,旅游酒店,16.2,16.61,15.8,16.28,15.8,3269850,53227792.47,3.8396,0.859,5.03,否,0.92,-2.281,-4.066,-8.075,-6.113,否,194451046.0,85844564.0,3196775196.24,1411284632.16,102.823274,3.253389,5.342402,16.59,16.73,17.18,17.13,17.87,20.47,23.24,2021-09-30,-
2024-08-26,301073,君亭酒店,旅游酒店,16.35,16.75,16.13,16.47,16.13,2982350,49675125.5,3.502,1.156,3.77,否,0.84,-1.906,-1.906,-2.832,-5.017,否,194451046.0,85844564.0,3233720894.98,1427595099.32,104.011621,3.290989,5.404145,16.47,16.69,17.18,17.09,17.79,20.45,23.17,2021-09-30,-
2024-08-27,301073,君亭酒店,旅游酒店,16.49,16.62,16.09,16.13,16.09,2983425,49245429.0,3.5033,-2.045,3.19,否,0.88,-0.062,-5.451,-4.725,-3.988,否,194451046.0,85844564.0,3167607539.34,1398407947.56,101.885105,3.223705,5.293658,16.36,16.61,17.16,17.06,17.71,20.43,23.09,2021-09-30,-
2024-08-28,301073,君亭酒店,旅游酒店,16.2,16.47,15.98,16.03,15.98,2761350,45269892.5,3.2425,-0.614,3.01,否,0.89,-1.536,-3.782,-4.413,-1.171,否,194451046.0,85844564.0,3148162434.74,1389823491.16,101.25966,3.203916,5.261161,16.21,16.53,17.08,17.01,17.64,20.4,23.02,2021-09-30,-
2024-08-29,301073,君亭酒店,旅游酒店,15.87,16.39,15.57,16.12,15.57,3453891,56023282.4,4.0234,0.556,5.13,否,1.14,-2.125,-3.99,-5.009,-1.467,否,194451046.0,85844564.0,3165663028.88,1397549501.92,101.822561,3.221726,5.290408,16.21,16.45,17.0,16.96,17.58,20.37,22.95,2021-09-30,-
2024-08-30,301073,君亭酒店,旅游酒店,16.12,17.0,15.97,16.62,15.97,5466875,91098192.5,6.3683,3.071,6.39,否,1.77,3.038,2.974,-1.013,0.666,否,194451046.0,85844564.0,3262888551.88,1440471783.92,135.231426,3.390126,5.068379,16.27,16.43,16.94,16.94,17.54,20.34,22.89,2021-09-30,-
2024-09-02,301073,君亭酒店,旅游酒店,16.61,16.78,16.06,16.13,16.06,4488300,74753113.75,5.2284,-2.92,4.29,否,1.27,0.624,-0.921,-5.451,-1.826,否,194451046.0,85844564.0,3167607539.34,1398407947.56,131.282475,3.291129,4.920375,16.21,16.34,16.87,16.9,17.48,20.31,22.82,2021-09-30,-
2024-09-03,301073,君亭酒店,旅游酒店,16.11,16.38,15.92,16.07,15.92,3266591,53205649.3,3.8052,-0.368,2.82,否,0.85,-0.31,-2.429,-3.541,-2.783,否,194451046.0,85844564.0,3155940476.58,1393257273.72,130.79893,3.279007,4.902252,16.19,16.28,16.75,16.87,17.43,20.28,22.75,2021-09-30,-
2024-09-04,301073,君亭酒店,旅游酒店,15.97,16.35,15.63,15.68,15.63,4203174,67629861.06,4.8963,-2.465,4.5,否,1.08,-5.656,-2.79,-6.611,-11.562,否,194451046.0,85844564.0,3078160058.18,1358919448.12,127.575297,3.198193,4.781432,16.12,16.17,16.63,16.86,17.38,20.24,22.67,2021-09-30,-
2024-09-05,301073,君亭酒店,旅游酒店,15.78,15.97,15.61,15.87,15.61,3471350,55347461.0,4.0438,1.263,2.34,否,0.83,-1.612,-0.998,-1.673,-9.983,否,194451046.0,85844564.0,3117050267.38,1376088360.92,129.187113,3.2386,4.841842,16.07,16.14,16.51,16.84,17.33,20.19,22.6,2021-09-30,-
2024-09-06,301073,君亭酒店,旅游酒店,15.85,17.08,15.74,16.24,15.74,8204918,135199695.1,9.5579,2.308,8.48,否,1.96,1.058,0.744,-0.246,-8.559,否,194451046.0,85844564.0,3188997154.4,1407850849.6,132.168974,3.313353,4.9536,16.0,16.14,16.44,16.83,17.28,20.14,22.54,2021-09-30,-
2024-09-09,301073,君亭酒店,旅游酒店,16.34,17.33,16.04,16.78,16.04,12653049,214901989.44,14.7395,3.293,7.93,否,2.68,7.015,0.963,1.882,-4.983,否,194451046.0,85844564.0,3294000719.24,1454206914.16,136.52088,3.422451,5.116707,16.13,16.17,16.43,16.84,17.23,20.09,22.47,2021-09-30,-
2024-09-10,301073,君亭酒店,旅游酒店,16.55,16.61,15.48,15.87,15.48,9659353,155471363.5,11.2521,-5.372,6.73,否,1.52,0.0,-1.612,-1.612,-13.421,否,194451046.0,85844564.0,3117050267.38,1376088360.92,129.187113,3.2386,4.841842,16.09,16.14,16.37,16.82,17.18,20.04,22.4,2021-09-30,-
2024-09-11,301073,君亭酒店,旅游酒店,15.65,15.7,15.26,15.35,15.26,5812723,90456071.95,6.7712,-3.306,2.74,否,0.76,-5.48,-4.48,-4.242,-15.752,否,194451046.0,85844564.0,3013991213.0,1330590742.0,124.915799,3.131522,4.681756,16.02,16.07,16.3,16.74,17.12,19.98,22.32,2021-09-30,-
2024-09-12,301073,君亭酒店,旅游酒店,15.44,15.6,15.17,15.19,15.17,4511520,69936903.0,5.2555,-1.032,2.77,否,0.57,-9.476,-3.125,-5.769,-16.63,否,194451046.0,85844564.0,2982879045.64,1316855611.76,123.626346,3.099197,4.633429,15.89,15.98,16.21,16.66,17.07,19.92,22.24,2021-09-30,-
2024-09-13,301073,君亭酒店,旅游酒店,15.28,15.28,14.76,14.8,14.76,4097625,61815774.5,4.7733,-2.608,3.46,否,0.5,-6.742,-6.742,-10.951,-16.431,否,194451046.0,85844564.0,2905098627.24,1282517786.16,120.402712,3.018384,4.512609,15.6,15.8,16.11,16.56,17.01,19.85,22.15,2021-09-30,-
2024-09-18,301073,君亭酒店,旅游酒店,14.85,14.93,14.38,14.8,14.38,3828370,56600022.5,4.4597,0.0,3.75,否,0.52,-3.583,-8.867,-8.246,-12.684,否,194451046.0,85844564.0,2905098627.24,1282517786.16,120.402712,3.018384,4.512609,15.2,15.67,16.0,16.47,16.97,19.79,22.06,2021-09-30,-
2024-09-19,301073,君亭酒店,旅游酒店,14.91,15.41,14.82,15.11,14.82,6280350,96190291.5,7.316,2.142,4.02,否,1.13,-0.527,-9.952,-5.974,-10.75,否,194451046.0,85844564.0,2967322961.96,1309988046.64,122.981619,3.083034,4.609265,15.05,15.57,15.92,16.36,16.92,19.74,21.97,2021-09-30,-
2024-09-20,301073,君亭酒店,旅游酒店,15.06,15.11,14.59,14.7,14.59,4610625,68982666.75,5.3709,-2.752,3.47,否,0.94,-0.676,-7.372,-6.25,-12.343,否,194451046.0,85844564.0,2885653522.64,1273933329.76,119.596804,2.99818,4.482404,14.92,15.47,15.82,16.24,16.86,19.68,21.88,2021-09-30,-
2024-09-23,301073,君亭酒店,旅游酒店,14.69,14.95,14.56,14.61,14.56,3653857,54431865.24,4.2564,-0.607,2.7,否,0.78,-1.284,-4.821,-7.94,-13.907,否,194451046.0,85844564.0,2868152928.5,1266207319.0,118.871486,2.979997,4.45522,14.8,15.35,15.74,16.12,16.8,19.62,21.79,2021-09-30,-
2024-09-24,301073,君亭酒店,旅游酒店,14.74,15.59,14.74,15.56,14.74,9012621,138040363.71,10.4988,6.509,5.83,否,2.01,2.978,2.436,-4.187,-7.326,否,194451046.0,85844564.0,3054825932.66,1348618100.44,126.608207,3.173949,4.745187,14.96,15.28,15.71,16.05,16.76,19.57,21.7,2021-09-30,-
2024-09-25,301073,君亭酒店,旅游酒店,15.56,16.57,15.55,16.28,15.55,11174297,182369302.65,13.0169,4.647,6.56,否,2.04,10.748,10.0,-2.98,-4.572,否,194451046.0,85844564.0,3196775196.24,1411284632.16,132.491338,3.321434,4.965682,15.25,15.23,15.7,16.03,16.72,19.53,21.62,2021-09-30,-
2024-09-26,301073,君亭酒店,旅游酒店,16.18,18.92,16.18,18.88,16.18,19252966,336232342.29,22.4277,15.937,16.79,否,2.77,29.227,27.568,18.967,13.325,否,194451046.0,85844564.0,3706236936.76,1636197389.84,153.606137,3.850762,5.75705,16.01,15.53,15.83,16.09,16.73,19.49,21.54,2021-09-30,-
2024-09-27,301073,君亭酒店,旅游酒店,19.41,20.2,18.07,19.6,18.07,22643772,433759452.66,26.3776,3.83,11.28,否,2.37,25.964,29.715,27.687,16.736,否,194451046.0,85844564.0,3848186200.34,1698863921.56,159.489269,3.998247,5.977546,16.99,15.95,16.01,16.19,16.74,19.46,21.48,2021-09-30,-
2024-09-30,301073,君亭酒店,旅游酒店,21.29,23.52,20.1,23.52,20.1,28445479,631710476.64,33.136,20.01,17.43,否,2.16,44.472,60.0,54.839,45.725,是,194451046.0,112202470.0,4618212342.5,2664808662.5,191.40324,4.7983,7.173659,18.77,16.79,16.38,16.4,16.84,19.46,21.42,2021-09-30,-
2024-10-08,301073,君亭酒店,旅游酒店,26.34,28.17,22.44,24.78,22.44,33353137,848821565.28,38.8529,5.347,24.38,否,1.84,31.25,69.61,67.432,52.211,否,194451046.0,112202470.0,4865165170.92,2807305799.4,201.638277,5.054883,7.557261,20.61,17.78,16.79,16.67,16.96,19.46,21.36,2021-09-30,-
2024-10-09,301073,君亭酒店,旅游酒店,22.63,22.93,19.83,19.83,19.83,20280546,434170318.12,23.6247,-19.984,12.51,否,0.88,1.173,27.442,33.986,20.401,否,194451046.0,112202470.0,3892909940.92,2246293449.4,161.342858,4.044715,6.047017,21.32,18.29,16.98,16.76,17.01,19.42,21.29,2021-09-30,-
2024-10-10,301073,君亭酒店,旅游酒店,19.53,21.8,19.32,20.67,19.32,16499583,338624602.98,19.2203,4.246,12.49,否,0.67,-12.117,26.966,36.797,28.146,否,194451046.0,112202470.0,4058193330.02,2341665548.9,168.193079,4.216443,6.303758,21.68,18.84,17.21,16.9,17.07,19.38,21.24,2021-09-30,-
2024-10-11,301073,君亭酒店,旅游酒店,19.83,20.37,18.81,19.19,18.81,11314510,223341377.36,13.1802,-7.139,7.57,否,0.47,-22.559,1.642,30.544,19.713,否,194451046.0,112202470.0,3768461271.48,2174483868.6,156.185044,3.915413,5.853706,21.6,19.29,17.38,16.98,17.11,19.3,21.19,2021-09-30,-
2024-10-14,301073,君亭酒店,旅游酒店,18.93,19.5,18.53,19.33,18.53,8847070,170193885.4,10.3059,0.722,5.06,否,0.4,-2.521,-1.378,32.307,19.913,否,194451046.0,112202470.0,3795684417.92,2190192214.4,157.313316,3.943698,5.895993,20.76,19.76,17.55,17.08,17.13,19.21,21.13,2021-09-30,-
2024-10-15,301073,君亭酒店,旅游酒店,19.14,19.79,18.83,18.99,18.83,8325103,162508920.36,9.6979,-1.742,4.97,否,0.46,-8.128,-19.26,22.044,14.26,否,194451046.0,112202470.0,3729571062.28,2152043374.6,154.573227,3.875006,5.793296,19.6,20.11,17.69,17.17,17.15,19.14,21.08,2021-09-30,-
2024-10-16,301073,君亭酒店,旅游酒店,18.41,19.16,18.29,18.89,18.29,6203512,118364007.0,7.2264,-0.574,4.59,否,0.48,-1.563,-23.769,16.032,17.111,否,194451046.0,112202470.0,3708181447.22,2139701102.9,153.686728,3.852783,5.760071,19.41,20.37,17.8,17.25,17.17,19.1,21.03,2021-09-30,-
2024-10-17,301073,君亭酒店,旅游酒店,19.12,20.74,18.96,19.76,18.96,15741450,315068711.14,18.3372,4.615,9.39,否,1.54,2.225,-0.353,4.661,22.962,否,194451046.0,112202470.0,3879298367.7,2238439276.5,160.778722,4.030572,6.025874,19.23,20.46,17.99,17.38,17.22,19.06,20.99,2021-09-30,-
2024-10-18,301073,君亭酒店,旅游酒店,19.72,21.92,19.41,21.3,19.41,17106936,359539648.47,19.9278,7.82,12.68,否,1.7,12.164,3.048,8.673,35.842,否,194451046.0,112202470.0,4182641999.46,2413475129.7,173.350893,4.345745,6.49707,19.65,20.63,18.29,17.55,17.28,19.02,20.96,2021-09-30,-
2024-10-21,301073,君亭酒店,旅游酒店,21.19,25.38,20.95,25.34,20.95,26826952,646954009.86,31.2506,18.968,20.83,否,2.39,34.145,32.048,7.738,59.672,否,194451046.0,112202470.0,4976002267.14,2871261207.3,206.231955,5.170042,7.729429,20.86,20.81,18.8,17.86,17.41,19.03,20.95,2021-09-30,-
2024-10-22,301073,君亭酒店,旅游酒店,25.1,25.68,23.75,25.09,23.75,16443829,413230703.3,19.1554,-0.977,7.62,否,1.11,26.974,29.798,1.251,54.495,否,194451046.0,112202470.0,4927389505.64,2843210589.8,204.217184,5.119534,7.653917,22.08,20.84,19.31,18.14,17.54,19.02,20.95,2021-09-30,-
2024-10-23,301073,君亭酒店,旅游酒店,25.34,25.87,24.18,24.65,24.18,13040676,327173870.1,15.191,-1.776,6.71,否,0.79,15.728,29.805,24.307,46.901,否,194451046.0,112202470.0,4839886534.94,2792719478.3,200.590596,5.028619,7.517995,23.23,21.32,19.8,18.42,17.66,19.03,20.94,2021-09-30,-
2024-10-24,301073,君亭酒店,旅游酒店,24.46,24.61,23.28,23.51,23.28,11264185,270367415.4,13.1216,-4.62,5.38,否,0.63,-7.222,24.457,13.74,48.141,否,194451046.0,112202470.0,4616267832.04,2663686637.8,191.32265,4.79628,7.170638,23.98,21.61,20.22,18.67,17.77,19.03,20.93,2021-09-30,-
2024-10-25,301073,君亭酒店,旅游酒店,23.52,24.45,22.69,23.84,22.69,14962241,356757182.56,17.4295,1.39,7.5,否,0.88,-4.982,20.648,24.231,55.309,否,194451046.0,112202470.0,4680436677.22,2700713452.9,193.982147,4.862951,7.270315,24.49,22.07,20.68,18.94,17.9,19.01,20.93,2021-09-30,-
2024-10-28,301073,君亭酒店,旅游酒店,23.67,24.33,23.14,23.52,23.14,12023041,286815427.52,14.0056,-1.33,4.99,否,0.73,-4.584,10.423,21.676,54.839,否,194451046.0,112202470.0,4618212342.5,2664808662.5,191.40324,4.7983,7.173659,24.12,22.49,21.13,19.2,18.02,18.99,20.92,2021-09-30,-
2024-10-29,301073,君亭酒店,旅游酒店,23.97,25.2,23.22,23.35,23.22,15422944,374625872.44,17.9661,-0.716,8.42,否,1.14,-0.681,-7.853,22.959,57.77,否,194451046.0,112202470.0,4585155664.68,2645734242.6,190.033196,4.763955,7.122311,23.77,22.93,21.52,19.44,18.13,18.97,20.91,2021-09-30,-
2024-10-30,301073,君亭酒店,旅游酒店,23.19,24.41,22.79,23.95,22.79,11288612,270327229.39,13.1501,2.545,6.96,否,0.85,0.461,-4.544,26.787,61.824,否,194451046.0,112202470.0,4701826292.28,2713055724.6,189.085416,4.861859,7.17319,23.63,23.43,21.9,19.68,18.26,18.96,20.91,2021-09-30,-
2024-10-31,301073,君亭酒店,旅游酒店,23.97,25.15,23.58,24.51,23.58,16413203,404745046.59,14.6282,2.357,6.58,否,1.26,4.209,-0.568,24.038,62.21,否,194451046.0,112202470.0,4812663388.5,2777011132.5,193.542764,4.976469,7.342285,23.83,23.91,22.18,19.96,18.39,18.97,20.91,2021-09-30,-
2024-11-01,301073,君亭酒店,旅游酒店,24.51,26.05,23.99,25.07,23.99,17801340,451621075.16,15.8654,2.303,8.4,否,1.27,7.366,6.635,17.7,70.544,否,194451046.0,112202470.0,4923500484.72,2840966540.4,198.000113,5.091079,7.51138,24.08,24.28,22.45,20.29,18.51,18.98,20.92,2021-09-30,-
2024-11-04,301073,君亭酒店,旅游酒店,24.38,24.45,22.8,23.64,22.8,14096706,335562685.36,12.5636,-5.727,6.6,否,0.97,-1.294,-0.839,-6.709,61.807,否,194451046.0,112202470.0,4641546468.02,2678272958.9,186.661244,4.799528,7.081226,24.1,24.11,22.46,20.57,18.61,18.99,20.92,2021-09-30,-
2024-11-05,301073,君亭酒店,旅游酒店,23.43,24.0,22.71,23.83,22.71,12318806,290122180.05,10.9791,0.796,5.45,否,0.82,-2.774,1.318,-5.022,53.149,否,194451046.0,112202470.0,4678492166.76,2699591428.2,188.147027,4.837731,7.137591,24.2,23.99,22.41,20.87,18.72,19.0,20.93,2021-09-30,-
2024-11-06,301073,君亭酒店,旅游酒店,23.77,24.76,23.48,24.34,23.48,12725301,309534280.03,11.3414,2.161,5.36,否,0.88,-2.912,4.24,-1.258,49.509,否,194451046.0,112202470.0,4779606710.68,2757936712.6,192.21338,4.942287,7.291853,24.28,23.96,22.64,21.19,18.83,19.01,20.93,2021-09-30,-
2024-11-07,301073,君亭酒店,旅游酒店,24.44,27.22,23.87,25.95,23.87,16819353,439233147.74,14.9902,6.591,13.79,否,1.15,9.772,8.351,10.379,37.447,否,194451046.0,112202470.0,5094617405.2,2939704714.0,204.881633,5.26802,7.772439,24.57,24.2,22.9,21.55,18.95,19.04,20.93,2021-09-30,-
2024-11-08,301073,君亭酒店,旅游酒店,25.66,27.72,24.77,27.04,24.77,18391119,480847543.92,16.391,4.199,11.37,否,1.25,13.47,10.322,13.423,37.959,否,194451046.0,112202470.0,5308513555.8,3063127431.0,213.483534,5.489196,8.098762,24.96,24.52,23.3,21.96,19.1,19.07,20.94,2021-09-30,-
2024-11-11,301073,君亭酒店,旅游酒店,26.27,27.01,25.45,26.36,25.45,11982044,315630428.42,10.6789,-2.491,5.75,否,0.81,8.299,5.146,12.075,12.075,否,194451046.0,112202470.0,5176286844.52,2986829751.4,208.165996,5.352469,7.897035,25.5,24.8,23.65,22.35,19.24,19.1,20.95,2021-09-30,-
2024-11-12,301073,君亭酒店,旅游酒店,25.96,28.16,25.85,28.03,25.85,16497634,453469186.91,14.7034,6.311,8.79,否,1.14,8.015,18.57,20.043,13.115,否,194451046.0,112202470.0,5502964601.8,3175329901.0,221.303444,5.690266,8.39542,26.34,25.27,24.1,22.77,19.41,19.14,20.96,2021-09-30,-
2024-11-13,301073,君亭酒店,旅游酒店,26.54,26.74,24.61,25.76,24.61,17633378,454438118.67,15.7157,-8.092,7.6,否,1.15,-4.734,8.099,7.557,29.904,否,194451046.0,112202470.0,5057671706.46,2918386244.7,203.395851,5.229817,7.716074,26.63,25.45,24.44,23.08,19.56,19.15,20.97,2021-09-30,-
2024-11-14,301073,君亭酒店,旅游酒店,24.8,25.5,24.17,24.17,24.17,8138077,204120726.63,7.253,-6.152,5.15,否,0.5,-8.308,-0.698,-1.387,16.933,否,194451046.0,112202470.0,4746550032.86,2738862292.7,190.883995,4.908105,7.241421,26.27,25.42,24.66,23.26,19.68,19.14,20.97,2021-09-30,-
2024-11-15,301073,君亭酒店,旅游酒店,24.06,24.37,22.59,22.63,22.59,9413042,222799254.02,8.3893,-6.391,7.37,否,0.65,-19.265,-12.794,-9.733,17.926,否,194451046.0,112202470.0,4443206401.1,2563826439.5,178.684936,4.594437,6.778635,25.39,25.18,24.73,23.36,19.77,19.12,20.97,2021-09-30,-
2024-11-18,301073,君亭酒店,旅游酒店,22.64,23.02,21.57,21.84,21.57,7816306,175227912.03,6.9663,-3.501,6.43,否,0.61,-15.217,-19.231,-7.614,12.985,否,194451046.0,112202470.0,4287645564.3,2474064463.5,172.429008,4.433582,6.541308,24.49,25.0,24.55,23.31,19.85,19.11,20.96,2021-09-30,-
2024-11-19,301073,君亭酒店,旅游酒店,21.91,22.35,21.5,22.31,21.5,5811675,128873997.01,5.1796,2.177,3.9,否,0.49,-7.695,-15.364,-6.379,17.483,否,194451046.0,178179500.0,4380982066.38,4014384135.0,176.182565,4.530095,6.683704,23.34,24.84,24.42,23.22,19.95,19.1,20.95,2021-09-30,-
2024-11-20,301073,君亭酒店,旅游酒店,22.15,23.2,22.02,22.95,22.02,6642624,151583664.66,5.9202,2.841,5.28,否,0.68,1.414,-18.123,-5.711,21.493,否,194451046.0,178179500.0,4505430735.82,4128419015.0,181.187307,4.658779,6.873565,22.78,24.7,24.33,23.33,20.05,19.11,20.94,2021-09-30,-
2024-11-21,301073,君亭酒店,旅游酒店,22.68,23.43,22.48,22.9,22.48,6222028,144550651.02,5.5454,-0.216,4.14,否,0.82,4.853,-11.102,-11.753,15.891,否,194451046.0,178179500.0,4495708183.52,4119510040.0,180.796312,4.648726,6.858732,22.53,24.4,24.3,23.4,20.15,19.12,20.94,2021-09-30,-
2024-11-22,301073,君亭酒店,旅游酒店,22.91,22.92,21.14,21.26,21.14,7224062,160820859.74,6.4384,-7.137,7.74,否,1.01,-4.706,-12.04,-21.376,-0.188,否,194451046.0,178179500.0,4174863957.62,3825513865.0,167.893461,4.316961,6.369247,22.25,23.82,24.17,23.47,20.22,19.13,20.93,2021-09-30,-
2024-11-25,301073,君亭酒店,旅游酒店,21.39,22.28,21.28,21.73,21.28,6109652,134659845.64,5.4452,2.189,4.7,否,0.91,-5.316,-3.977,-17.564,-14.246,否,194451046.0,178179500.0,4266255949.24,3909258230.0,171.568818,4.411464,6.508676,22.23,23.36,24.08,23.55,20.32,19.13,20.92,2021-09-30,-
2024-11-26,301073,君亭酒店,旅游酒店,21.4,22.45,21.4,22.38,21.4,6507552,144915558.76,5.7998,3.008,4.83,否,1.02,-2.271,2.473,-20.157,-10.801,否,194451046.0,178179500.0,4394593639.6,4026856700.0,176.729959,4.54417,6.70447,22.24,22.79,24.03,23.66,20.42,19.14,20.91,2021-09-30,-
2024-11-27,301073,君亭酒店,旅游酒店,22.29,22.57,21.59,22.38,21.59,6032014,134392869.62,5.376,0.0,4.38,否,0.92,5.268,0.314,-13.121,-9.209,否,194451046.0,178179500.0,4394593639.6,4026856700.0,176.729959,4.54417,6.70447,22.13,22.46,23.95,23.78,20.52,19.15,20.9,2021-09-30,-
2024-11-28,301073,君亭酒店,旅游酒店,22.15,22.96,22.15,22.4,22.15,5235403,119405371.3,4.666,0.089,3.58,否,0.82,3.083,-2.397,-7.323,-4.721,否,194451046.0,178179500.0,4398482660.52,4030420290.0,176.886357,4.548191,6.710403,22.03,22.28,23.85,23.87,20.62,19.17,20.89,2021-09-30,-
2024-11-29,301073,君亭酒店,旅游酒店,22.23,23.15,22.15,22.88,22.15,6737016,154975330.69,6.0043,2.122,4.47,否,1.08,2.234,-0.087,1.105,-4.027,否,194451046.0,178179500.0,4491819162.6,4115946450.0,180.639913,4.644704,6.852799,22.35,22.3,23.74,23.92,20.74,19.19,20.88,2021-09-30,-
2024-12-02,301073,君亭酒店,旅游酒店,22.78,24.05,22.71,23.78,22.71,9402250,223594093.65,8.3797,3.939,5.89,否,1.54,6.256,11.853,8.883,1.105,否,194451046.0,178179500.0,4668769614.46,4278089795.0,187.756031,4.827678,7.122758,22.76,22.5,23.75,23.87,20.86,19.22,20.88,2021-09-30,-
2024-12-03,301073,君亭酒店,旅游酒店,23.47,23.82,23.19,23.38,23.19,6527443,154506556.9,5.8176,-1.666,2.62,否,0.96,4.375,7.593,4.796,0.128,否,194451046.0,178179500.0,4590989196.06,4206817995.0,184.628067,4.74725,7.004095,22.96,22.6,23.72,23.81,20.98,19.26,20.87,2021-09-30,-
2024-12-04,301073,君亭酒店,旅游酒店,23.2,24.13,22.78,23.0,22.78,6401950,151463670.5,5.7057,-1.652,5.8,否,0.94,0.524,2.77,0.218,-3.967,否,194451046.0,178179500.0,4515153288.12,4137327990.0,181.578303,4.668833,6.888398,23.09,22.61,23.66,23.76,21.09,19.29,20.87,2021-09-30,-
2024-12-05,301073,君亭酒店,旅游酒店,22.79,23.2,22.58,23.06,22.58,4138280,96196395.55,3.6882,0.302,2.71,否,0.6,-3.028,3.038,0.699,-5.916,否,194451046.0,178179500.0,4528764861.34,4149800555.0,182.125696,4.682908,6.909164,23.22,22.63,23.51,23.74,21.21,19.32,20.86,2021-09-30,-
2024-12-06,301073,君亭酒店,旅游酒店,23.25,23.78,22.73,23.47,22.73,6575625,154857180.0,5.8605,1.76,4.55,否,0.99,0.385,4.777,10.395,-6.382,否,194451046.0,178179500.0,4608489790.2,4222854150.0,185.331859,4.765346,7.030794,23.34,22.85,23.33,23.73,21.34,19.36,20.86,2021-09-30,-
2024-12-09,301073,君亭酒店,旅游酒店,23.26,23.75,23.01,23.24,23.01,4633150,109444177.6,4.1293,-0.971,3.16,否,0.7,1.043,1.573,6.949,-1.692,否,194451046.0,178179500.0,4563766049.62,4181872865.0,183.53328,4.7191,6.962562,23.23,23.0,23.18,23.72,21.46,19.4,20.85,2021-09-30,-
2024-12-10,301073,君亭酒店,旅游酒店,25.11,26.54,24.06,24.57,24.06,20418815,524825595.63,18.1982,5.709,10.65,否,3.61,6.548,3.322,9.786,3.105,否,194451046.0,178179500.0,4824330451.26,4420633395.0,194.011959,4.988533,7.360084,23.47,23.22,23.0,23.76,21.6,19.44,20.85,2021-09-30,-
2024-12-11,301073,君亭酒店,旅游酒店,24.34,25.93,24.34,25.86,24.34,12508789,320700337.16,11.1484,5.24,6.45,否,1.48,10.183,10.607,15.55,6.245,否,194451046.0,178179500.0,5077116811.06,4652266745.0,204.177842,5.249924,7.74574,24.04,23.56,23.01,23.82,21.75,19.49,20.86,2021-09-30,-
2024-12-12,301073,君亭酒店,旅游酒店,25.58,26.84,25.34,26.57,25.34,16261069,430203156.53,14.4926,2.758,5.78,否,1.68,14.329,15.522,18.616,2.389,否,194451046.0,178179500.0,5217121564.18,4780555985.0,209.808177,5.394694,7.959333,24.74,23.98,23.13,23.89,21.93,19.55,20.86,2021-09-30,-
2024-12-13,301073,君亭酒店,旅游酒店,25.96,28.06,25.36,26.46,25.36,16971173,453816621.97,15.1255,-0.41,10.14,否,1.4,7.692,14.744,15.647,-2.145,否,194451046.0,178179500.0,5195731949.12,4760956240.0,208.947986,5.372576,7.926701,25.34,24.34,23.32,23.94,22.11,19.62,20.87,2021-09-30,-
2024-12-16,301073,君亭酒店,旅游酒店,26.0,27.1,25.62,25.87,25.62,10348351,275344602.5,9.2229,-2.246,5.58,否,0.73,0.039,10.226,8.789,-1.859,否,194451046.0,178179500.0,5079061321.52,4654048540.0,204.256041,5.251934,7.748706,25.87,24.55,23.52,24.01,22.29,19.68,20.87,2021-09-30,-
2024-12-17,301073,君亭酒店,旅游酒店,25.63,25.95,23.87,24.12,23.87,11841811,293377940.12,10.554,-6.738,8.04,否,0.77,-9.221,3.787,3.165,-13.949,否,194451046.0,178179500.0,4736827480.56,4340452620.0,190.493,4.898052,7.226588,25.78,24.62,23.61,24.02,22.45,19.73,20.87,2021-09-30,-
2024-12-18,301073,君亭酒店,旅游酒店,24.24,24.47,23.66,24.1,23.66,4574650,110894256.7,4.0771,-0.082,3.37,否,0.34,-8.919,-1.913,4.783,-6.444,否,194451046.0,178179500.0,4732938459.64,4336889030.0,190.336601,4.894031,7.220655,25.42,24.73,23.67,24.02,22.6,19.78,20.87,2021-09-30,-
2024-12-19,301073,君亭酒店,旅游酒店,23.71,24.1,23.27,23.78,23.27,4081750,97731522.5,3.6378,-1.356,3.45,否,0.34,-8.079,-8.043,3.122,-1.614,否,194451046.0,178179500.0,4668769614.46,4278089795.0,187.756031,4.827678,7.122758,24.87,24.8,23.71,23.94,22.75,19.83,20.87,2021-09-30,-
2024-12-20,301073,君亭酒店,旅游酒店,23.87,24.35,23.64,23.77,23.64,4214951,102200162.42,3.7566,-0.042,3.0,否,0.44,-1.451,-10.538,1.278,5.038,否,194451046.0,178179500.0,4666825104.0,4276308000.0,187.677832,4.825667,7.119791,24.33,24.83,23.84,23.83,22.9,19.88,20.87,2021-09-30,-
2024-12-23,301073,君亭酒店,旅游酒店,23.84,23.85,22.18,22.22,22.18,5744636,132640648.68,5.1199,-6.5,7.0,否,0.82,-7.801,-16.024,-4.389,1.74,否,194451046.0,178179500.0,4363481472.24,3998347980.0,175.478773,4.511999,6.657005,23.6,24.73,23.86,23.7,23.02,19.91,20.87,2021-09-30,-
2024-12-24,301073,君亭酒店,旅游酒店,22.36,22.63,21.8,22.19,21.8,4111364,91959082.69,3.6642,-0.134,3.74,否,0.67,-6.686,-14.225,-9.687,-0.538,否,194451046.0,178179500.0,4357647940.86,3993002595.0,175.244176,4.505967,6.648105,23.21,24.49,23.86,23.5,23.13,19.95,20.87,2021-09-30,-
2024-12-25,301073,君亭酒店,旅游酒店,22.19,22.43,21.24,21.97,21.24,5238700,115537098.41,4.669,-1.026,5.35,否,1.15,-7.573,-8.914,-15.043,-4.27,否,194451046.0,178179500.0,4312924200.28,3952021310.0,173.445597,4.459721,6.579874,22.79,24.11,23.83,23.37,23.23,19.98,20.87,2021-09-30,-
2024-12-26,301073,君亭酒店,旅游酒店,22.09,22.41,21.67,22.08,21.67,6320006,140607625.5,5.6327,0.541,3.38,否,1.35,-0.63,-8.382,-16.899,-3.581,否,194451046.0,178179500.0,4336258325.8,3973402850.0,174.383986,4.483849,6.615473,22.45,23.66,23.82,23.31,23.28,20.01,20.87,2021-09-30,-
2024-12-27,301073,君亭酒店,旅游酒店,22.08,22.5,21.84,22.21,21.84,4929981,110842674.89,4.3938,0.583,3.0,否,0.96,0.09,-6.602,-16.062,4.468,否,194451046.0,178179500.0,4361536961.78,3996566185.0,175.400574,4.509988,6.654038,22.13,23.23,23.79,23.29,23.33,20.03,20.86,2021-09-30,-
2024-12-30,301073,君亭酒店,旅游酒店,22.08,22.21,21.13,21.34,21.13,5919354,128241783.88,5.2756,-3.923,4.86,否,1.12,-2.868,-10.223,-17.511,-1.795,否,194451046.0,178179500.0,4190420041.3,3839768225.0,168.519053,4.333047,6.392979,21.96,22.78,23.66,23.27,23.29,20.07,20.86,2021-09-30,-
2024-12-31,301073,君亭酒店,旅游酒店,21.55,21.82,20.61,20.67,20.61,5696149,122106410.79,5.0767,-3.156,5.66,否,1.07,-6.386,-6.976,-14.303,-7.641,否,194451046.0,178179500.0,4058193330.02,3718606165.0,163.201515,4.19632,6.191252,21.65,22.43,23.53,23.22,23.22,20.09,20.85,2021-09-30,-
2025-01-02,301073,君亭酒店,旅游酒店,20.64,21.64,20.63,20.96,20.63,7152365,153235677.75,6.3745,1.39,4.89,否,1.27,-5.628,-5.543,-13.029,-6.345,否,194451046.0,178179500.0,4114584133.36,3770278220.0,165.469289,4.25463,6.277283,21.45,22.12,23.43,23.15,23.24,20.12,20.85,2021-09-30,-
2025-01-03,301073,君亭酒店,旅游酒店,21.1,21.28,19.11,19.15,19.11,7223750,144654976.0,6.4381,-8.601,10.35,否,1.2,-10.262,-12.836,-19.47,-14.509,否,194451046.0,178179500.0,3760683229.64,3445991530.0,151.237053,3.888683,5.737365,20.87,21.66,23.23,23.03,23.21,20.14,20.84,2021-09-30,-
2025-01-06,301073,君亭酒店,旅游酒店,19.03,19.17,18.4,18.65,18.4,3903000,74028830.0,3.4785,-2.637,4.03,否,0.63,-9.773,-15.534,-21.54,-18.488,否,194451046.0,178179500.0,3661513196.18,3355119985.0,147.248899,3.786138,5.58607,20.15,21.14,22.99,22.94,23.21,20.16,20.83,2021-09-30,-
2025-01-07,301073,君亭酒店,旅游酒店,18.77,19.2,18.72,19.18,18.72,3696000,70762024.0,3.294,2.868,2.6,否,0.62,-8.492,-13.643,-13.681,-19.344,否,194451046.0,178179500.0,3766516761.02,3451336915.0,151.47165,3.894715,5.746265,19.72,20.84,22.79,22.86,23.2,20.17,20.82,2021-09-30,-
2025-01-08,301073,君亭酒店,旅游酒店,19.01,19.41,18.63,19.28,18.63,3718400,71581196.0,3.314,0.516,4.08,否,0.67,0.679,-9.653,-13.114,-17.536,否,194451046.0,178179500.0,3785961865.62,3469154865.0,152.253641,3.914822,5.775931,19.44,20.55,22.52,22.75,23.21,20.18,20.81,2021-09-30,-
2025-01-09,301073,君亭酒店,旅游酒店,19.39,19.49,19.05,19.34,19.05,2824300,55164631.0,2.5171,0.308,2.26,否,0.55,3.7,-6.434,-11.971,-15.913,否,194451046.0,178179500.0,3797628928.38,3479845635.0,152.722836,3.926887,5.79373,19.12,20.29,22.2,22.65,23.22,20.19,20.81,2021-09-30,-
2025-01-10,301073,君亭酒店,旅游酒店,19.23,19.32,18.47,18.47,18.47,3777500,71794807.0,3.3667,-4.506,4.4,否,0.88,-3.702,-11.88,-16.35,-19.905,否,194451046.0,178179500.0,3626512007.9,3323047675.0,145.841315,3.749945,5.532671,18.98,19.93,21.79,22.52,23.19,20.21,20.79,2021-09-30,-
2025-01-13,301073,君亭酒店,旅游酒店,18.43,18.51,17.83,18.41,17.83,4154526,76648305.02,3.7027,-0.322,3.7,否,1.16,-4.512,-3.864,-17.109,-21.559,否,194451046.0,178179500.0,3614844945.14,3312356905.0,145.372121,3.737881,5.514872,18.94,19.55,21.39,22.37,23.15,20.21,20.78,2021-09-30,-
2025-01-14,301073,君亭酒店,旅游酒店,19.01,19.58,18.65,19.58,18.65,6183225,119764407.5,5.5108,6.348,5.06,否,1.7,1.241,4.987,-8.247,-15.749,否,194451046.0,178179500.0,3844297179.42,3522608715.0,154.599614,3.975143,5.864928,19.02,19.37,21.07,22.23,23.05,20.23,20.77,2021-09-30,-
2025-01-15,301073,君亭酒店,旅游酒店,19.59,20.3,19.37,19.89,19.37,7426988,149405490.5,6.6193,1.568,4.75,否,1.8,7.688,3.702,-3.774,-19.048,否,194451046.0,178179500.0,3904577003.68,3577844360.0,157.023786,4.037475,5.956892,19.14,19.29,20.86,22.12,22.96,20.25,20.76,2021-09-30,-
2025-01-16,301073,君亭酒店,旅游酒店,20.11,20.45,19.89,20.21,19.89,6742838,137614608.46,6.0095,1.643,2.84,否,1.38,9.777,4.824,-3.578,-21.848,否,194451046.0,178179500.0,3968745848.86,3636643595.0,159.604356,4.103828,6.054789,19.31,19.22,20.67,22.02,22.89,20.28,20.75,2021-09-30,-
2025-01-17,301073,君亭酒店,旅游酒店,20.1,20.76,19.92,20.05,19.92,5103325,104443681.5,4.5483,-0.784,4.16,否,0.9,2.4,3.671,4.7,-24.539,否,194451046.0,178179500.0,3937633681.5,3608134875.0,158.353171,4.071657,6.007324,19.63,19.31,20.48,21.92,22.83,20.3,20.74,2021-09-30,-
2025-01-20,301073,君亭酒店,旅游酒店,20.3,21.02,20.16,20.75,20.16,7490550,156774526.5,6.6759,3.457,4.3,否,1.26,4.324,12.344,11.26,-21.58,否,194451046.0,178179500.0,4073749413.7,3732860525.0,163.827108,4.212405,6.214984,20.1,19.52,20.33,21.83,22.78,20.34,20.73,2021-09-30,-
2025-01-21,301073,君亭酒店,旅游酒店,20.73,21.08,20.25,20.5,20.25,4264416,88434880.65,3.8006,-1.193,4.01,否,0.65,1.435,11.353,6.882,-20.758,否,194451046.0,178179500.0,4025136652.2,3688315650.0,161.87213,4.162138,6.14082,20.28,19.65,20.24,21.74,22.73,20.37,20.72,2021-09-30,-
2025-01-22,301073,君亭酒店,旅游酒店,20.5,20.53,19.69,19.81,19.69,4553022,91926468.28,4.0579,-3.382,4.11,否,0.73,-1.197,1.175,2.749,-17.869,否,194451046.0,178179500.0,3889020920.0,3563590000.0,156.398193,4.021389,5.933159,20.26,19.7,20.13,21.58,22.67,20.4,20.7,2021-09-30,-
2025-01-23,301073,君亭酒店,旅游酒店,20.2,20.47,19.9,19.9,19.9,4804300,97923669.84,4.2818,0.45,2.9,否,0.85,-4.096,0.05,2.896,-17.427,否,194451046.0,178179500.0,3906521514.14,3579626155.0,157.101985,4.039485,5.959859,20.2,19.76,20.02,21.38,22.6,20.43,20.69,2021-09-30,-
2025-01-24,301073,君亭酒店,旅游酒店,19.91,20.15,19.75,20.03,19.75,3882350,78203753.0,3.4601,0.697,2.04,否,0.74,-2.293,-0.891,8.446,-15.77,否,194451046.0,178179500.0,3933744660.58,3604571285.0,158.196773,4.067635,6.001391,20.2,19.91,19.92,21.16,22.53,20.46,20.67,2021-09-30,-
2025-01-27,301073,君亭酒店,旅游酒店,20.35,20.44,19.36,19.39,19.36,3961150,79812119.5,3.5304,-3.213,5.39,否,0.79,-2.12,-3.292,5.323,-18.427,否,194451046.0,178179500.0,3807351480.68,3488754610.0,153.113831,3.93694,5.808563,19.93,20.01,19.78,20.93,22.43,20.47,20.65,2021-09-30,-
2025-02-05,301073,君亭酒店,旅游酒店,19.62,19.65,19.14,19.64,19.14,3253200,63903565.0,2.8994,1.277,2.6,否,0.76,-1.307,-5.349,0.306,-11.611,否,194451046.0,178179500.0,3855964242.18,3533299485.0,155.068809,3.987207,5.882727,19.75,20.02,19.69,20.72,22.37,20.49,20.63,2021-09-30,-
2025-02-06,301073,君亭酒店,旅游酒店,19.74,20.04,19.26,19.97,19.26,3628118,72228601.32,3.2335,1.715,3.98,否,0.89,-0.3,-2.585,0.402,-10.005,否,194451046.0,178179500.0,3922077597.82,3593880515.0,157.727578,4.055571,5.983591,19.79,20.03,19.66,20.58,22.3,20.51,20.61,2021-09-30,-
2025-02-07,301073,君亭酒店,旅游酒店,19.94,20.53,19.86,20.14,19.86,5042050,102710395.25,4.4937,0.843,3.37,否,1.29,3.868,1.666,-0.346,-8.33,否,194451046.0,178179500.0,3955134275.64,3624171030.0,159.056963,4.089753,6.034023,19.83,20.02,19.62,20.45,22.23,20.53,20.59,2021-09-30,-
2025-02-10,301073,君亭酒店,旅游酒店,20.27,20.94,20.25,20.93,20.25,6565800,136597137.0,5.8517,3.884,3.39,否,1.66,6.568,5.176,4.389,-5.208,否,194451046.0,178179500.0,4108750601.98,3764932835.0,165.234691,4.248598,6.268383,20.01,20.11,19.71,20.36,22.15,20.55,20.58,2021-09-30,-
2025-02-11,301073,君亭酒店,旅游酒店,21.19,21.3,20.43,20.86,20.43,5398150,112990055.5,4.8111,-0.331,4.16,否,1.2,4.457,4.144,0.53,-6.078,否,194451046.0,178179500.0,4095139028.76,3752460270.0,164.687298,4.234523,6.247617,20.31,20.12,19.82,20.26,22.05,20.57,20.57,2021-09-30,-
2025-02-12,301073,君亭酒店,旅游酒店,20.83,21.34,20.65,21.03,20.65,7545837,159613876.32,6.7252,0.855,3.32,否,1.58,4.419,8.458,2.585,-1.453,否,194451046.0,178179500.0,4130140217.04,3784532580.0,166.094881,4.270715,6.301015,20.59,20.17,19.91,20.22,21.96,20.6,20.56,2021-09-30,-
2025-02-13,301073,君亭酒店,旅游酒店,20.91,21.24,20.74,20.82,20.74,5717175,120942698.0,5.0954,-1.036,2.4,否,1.01,-0.526,6.008,5.098,0.726,否,194451046.0,178179500.0,4087360986.92,3745333090.0,164.374501,4.22648,6.23575,20.76,20.27,19.99,20.17,21.84,20.62,20.56,2021-09-30,-
2025-02-14,301073,君亭酒店,旅游酒店,20.82,21.09,20.16,20.24,20.16,6103024,125922882.4,5.4393,-2.759,4.47,否,1.01,-2.972,1.352,1.709,-3.435,否,194451046.0,178179500.0,3974579380.24,3641988980.0,159.838954,4.10986,6.063689,20.78,20.31,20.03,20.12,21.75,20.65,20.54,2021-09-30,-
2025-02-17,301073,君亭酒店,旅游酒店,20.23,20.68,20.08,20.4,20.08,4969100,102047651.0,4.4287,0.783,2.94,否,0.79,-2.996,1.291,1.847,6.527,否,194451046.0,178179500.0,4005691547.6,3670497700.0,161.090139,4.142031,6.111154,20.67,20.34,20.13,20.06,21.68,20.68,20.53,2021-09-30,-
2025-02-18,301073,君亭酒店,旅游酒店,20.35,20.35,19.27,19.32,19.27,5767850,114995147.0,5.1406,-5.291,5.29,否,0.97,-7.205,-7.692,-0.361,3.592,否,194451046.0,178179500.0,3793739907.46,3476282045.0,152.566438,3.922865,5.787797,20.36,20.34,20.17,19.96,21.63,20.7,20.52,2021-09-30,-
2025-02-19,301073,君亭酒店,旅游酒店,19.31,19.9,19.28,19.82,19.28,3898625,77358618.25,3.4746,2.563,3.18,否,0.65,-2.075,-4.986,0.916,3.337,否,194451046.0,178179500.0,3890965430.46,3565371795.0,156.476393,4.0234,5.936126,20.12,20.35,20.19,19.91,21.59,20.72,20.52,2021-09-30,-
2025-02-20,301073,君亭酒店,旅游酒店,19.97,20.66,19.81,20.24,19.81,5363303,109568339.58,4.78,2.149,4.3,否,1.01,-0.784,-3.757,1.352,4.979,否,194451046.0,178179500.0,3974579380.24,3641988980.0,159.838954,4.10986,6.063689,20.0,20.38,20.2,19.9,21.56,20.75,20.53,2021-09-30,-
2025-02-21,301073,君亭酒店,旅游酒店,20.26,20.4,19.74,20.13,19.74,4820648,97532069.12,4.2964,-0.538,3.28,否,0.92,4.193,-3.314,-0.05,4.085,否,194451046.0,178179500.0,3953189765.18,3622389235.0,158.978764,4.087742,6.031056,19.98,20.38,20.2,19.87,21.51,20.78,20.53,2021-09-30,-
2025-02-24,301073,君亭酒店,旅游酒店,19.98,20.55,19.96,20.28,19.96,4376350,89250808.0,3.9004,0.738,2.9,否,0.88,2.321,0.198,-3.106,9.8,否,194451046.0,178179500.0,3982357422.08,3649116160.0,160.15175,4.117902,6.075555,19.96,20.31,20.21,19.91,21.47,20.81,20.54,2021-09-30,-
2025-02-25,301073,君亭酒店,旅游酒店,20.0,20.7,19.97,20.23,19.97,4224900,86893221.5,3.7654,-0.244,3.56,否,0.87,-0.049,-0.833,-3.02,9.886,否,194451046.0,178179500.0,3972634869.78,3640207185.0,159.760755,4.107849,6.060722,20.14,20.25,20.18,19.96,21.45,20.84,20.56,2021-09-30,-
2025-02-26,301073,君亭酒店,旅游酒店,20.23,20.54,20.04,20.31,20.04,4370475,89397042.65,3.8952,0.392,2.45,否,0.96,0.894,5.124,-3.424,3.728,否,194451046.0,178179500.0,3988190953.46,3654461545.0,160.386347,4.123935,6.084455,20.24,20.18,20.17,20.0,21.43,20.87,20.58,2021-09-30,-
2025-02-27,301073,君亭酒店,旅游酒店,20.27,21.54,20.23,21.07,20.23,12905800,272999896.5,11.5022,3.754,6.44,否,2.79,3.895,6.307,1.201,5.933,否,194451046.0,178179500.0,4137918258.88,3791659760.0,166.407678,4.278758,6.312882,20.4,20.2,20.24,20.06,21.41,20.91,20.61,2021-09-30,-
2025-02-28,301073,君亭酒店,旅游酒店,20.89,21.47,20.71,20.85,20.71,8467227,179716618.12,7.5464,-1.081,3.62,否,1.38,3.065,3.014,3.014,3.167,否,194451046.0,178179500.0,4093194518.3,3750678475.0,164.609099,4.232512,6.24465,20.55,20.27,20.29,20.11,21.38,20.95,20.62,2021-09-30,-
2025-03-03,301073,君亭酒店,旅游酒店,20.8,21.57,20.79,20.91,20.79,7858534,168120335.56,7.0039,0.285,3.75,否,1.14,2.954,3.875,2.5,4.289,否,194451046.0,178179500.0,4104861581.06,3761369245.0,165.078293,4.244576,6.26245,20.67,20.32,20.33,20.19,21.36,20.99,20.63,2021-09-30,-
2025-03-04,301073,君亭酒店,旅游酒店,20.8,21.07,20.64,20.91,20.64,4803775,101262987.25,4.2813,0.0,2.08,否,0.63,-0.759,3.107,8.23,0.771,否,194451046.0,178179500.0,4104861581.06,3761369245.0,165.078293,4.244576,6.26245,20.81,20.48,20.41,20.27,21.32,21.03,20.65,2021-09-30,-
2025-03-05,301073,君亭酒店,旅游酒店,20.91,21.04,20.45,20.8,20.45,6054291,126654415.64,5.3959,-0.521,2.84,否,0.79,-0.24,2.818,4.945,1.463,否,194451046.0,178179500.0,4083471966.0,3741769500.0,164.218103,4.222459,6.229817,20.91,20.57,20.46,20.31,21.27,21.07,20.66,2021-09-30,-
2025-03-06,301073,君亭酒店,旅游酒店,20.94,21.58,20.81,21.34,20.81,7401450,158832265.25,6.5965,2.619,3.71,否,0.92,2.056,5.071,5.435,7.723,否,194451046.0,178179500.0,4190420041.3,3839768225.0,168.519053,4.333047,6.392979,20.96,20.68,20.53,20.36,21.24,21.11,20.66,2021-09-30,-
2025-03-07,301073,君亭酒店,旅游酒店,21.33,21.77,21.1,21.67,21.1,7382475,160358153.16,6.5796,1.531,3.11,否,1.07,3.635,2.848,7.65,8.894,否,194451046.0,178179500.0,4254588886.48,3898567460.0,171.099624,4.3994,6.490876,21.13,20.84,20.61,20.41,21.22,21.15,20.67,2021-09-30,-
2025-03-10,301073,君亭酒店,旅游酒店,21.54,22.42,21.31,22.14,21.31,9434808,208770594.87,8.4087,2.194,5.12,否,1.41,6.442,6.187,9.172,10.534,否,194451046.0,178179500.0,4347925388.56,3984093620.0,174.85318,4.495913,6.633272,21.37,21.02,20.67,20.48,21.2,21.2,20.69,2021-09-30,-
2025-03-11,301073,君亭酒店,旅游酒店,21.99,22.35,21.88,22.13,21.88,7213350,160854365.0,6.4289,-0.045,2.15,否,1.03,3.702,5.835,9.392,14.131,否,194451046.0,178179500.0,4345980878.1,3982311825.0,174.774981,4.493902,6.630306,21.62,21.21,20.73,20.53,21.18,21.26,20.69,2021-09-30,-
2025-03-12,301073,君亭酒店,旅游酒店,22.24,22.57,21.74,21.8,21.74,6987075,155340590.0,6.2272,-1.521,3.76,否,0.93,0.6,4.256,7.336,10.998,否,194451046.0,178179500.0,4279867522.46,3921730795.0,172.116212,4.425539,6.529442,21.82,21.36,20.77,20.57,21.16,21.31,20.71,2021-09-30,-
2025-03-13,301073,君亭酒店,旅游酒店,21.74,22.26,21.74,22.05,21.74,5626975,124579848.0,5.015,1.181,2.41,否,0.73,-0.407,6.01,4.651,10.416,否,194451046.0,178179500.0,4330424794.42,3968057465.0,174.149388,4.477817,6.606573,21.96,21.46,20.83,20.65,21.11,21.36,20.72,2021-09-30,-
2025-03-14,301073,君亭酒店,旅游酒店,22.33,22.76,21.99,22.64,21.99,9596017,217302224.35,8.5524,2.649,3.5,否,1.31,2.305,6.092,8.585,12.413,否,194451046.0,178179500.0,4445150911.56,4073183370.0,178.763135,4.596448,6.781601,22.15,21.64,20.95,20.74,21.06,21.4,20.74,2021-09-30,-
2025-03-17,301073,君亭酒店,旅游酒店,23.27,23.57,22.49,22.59,22.49,7844100,180899112.72,6.991,-0.219,4.77,否,1.01,3.624,4.246,8.034,7.931,否,194451046.0,178179500.0,4435428359.26,4064274395.0,178.37214,4.586394,6.766768,22.24,21.81,21.06,20.82,20.99,21.46,20.75,2021-09-30,-
2025-03-18,301073,君亭酒店,旅游酒店,22.8,22.93,22.4,22.62,22.4,5384650,122803817.5,4.799,0.132,2.32,否,0.72,2.585,2.168,8.178,8.437,否,194451046.0,178179500.0,4441261890.64,4069619780.0,178.606737,4.592426,6.775668,22.34,21.98,21.23,20.93,20.93,21.52,20.77,2021-09-30,-
2025-03-19,301073,君亭酒店,旅游酒店,22.51,22.81,22.39,22.45,22.39,4391013,100148679.69,3.9135,-0.744,1.84,否,0.62,-0.839,1.446,7.933,6.752,否,194451046.0,178179500.0,4408205212.82,4039329265.0,177.277352,4.558245,6.725236,22.47,22.14,21.36,21.02,20.87,21.58,20.78,2021-09-30,-
2025-03-20,301073,君亭酒店,旅游酒店,22.48,22.88,22.14,22.22,22.14,5766363,131222375.11,5.1392,-1.015,3.26,否,0.88,-1.638,1.927,4.124,6.724,否,194451046.0,178179500.0,4363481472.24,3998347980.0,175.478773,4.511999,6.657005,22.5,22.23,21.46,21.1,20.84,21.64,20.79,2021-09-30,-
2025-03-21,301073,君亭酒店,旅游酒店,22.13,22.81,21.94,22.74,21.94,8061508,182750464.86,7.1848,2.317,3.92,否,1.22,0.531,3.129,4.938,12.352,否,194451046.0,178179500.0,4464596016.16,4091001320.0,179.545126,4.616555,6.811267,22.52,22.34,21.59,21.18,20.82,21.71,20.8,2021-09-30,-
2025-03-24,301073,君亭酒店,旅游酒店,22.78,24.06,22.66,23.43,22.66,13559545,320931598.19,12.0849,3.049,6.18,否,2.16,4.365,3.489,5.827,14.853,否,194451046.0,178179500.0,4600711748.36,4215726970.0,185.019063,4.757303,7.018927,22.69,22.47,21.75,21.27,20.81,21.78,20.81,2021-09-30,-
2025-03-25,301073,君亭酒店,旅游酒店,22.95,24.01,22.49,23.48,22.49,12201740,285233169.68,10.8748,0.211,6.47,否,1.64,5.671,3.94,6.1,21.532,否,194451046.0,178179500.0,4610434300.66,4224635945.0,185.410058,4.767357,7.03376,22.86,22.6,21.91,21.36,20.81,21.85,20.82,2021-09-30,-
2025-03-26,301073,君亭酒店,旅游酒店,23.25,23.73,22.71,23.29,22.71,9038577,212000497.22,8.0556,-0.801,4.34,否,1.03,2.419,2.962,6.835,17.508,否,194451046.0,178179500.0,4573488601.92,4190781840.0,183.924276,4.729154,6.977395,23.03,22.75,22.06,21.43,20.83,21.92,20.83,2021-09-30,-
2025-03-27,301073,君亭酒店,旅游酒店,23.28,23.94,22.44,22.56,22.44,9875071,231603886.75,8.8011,-3.146,6.42,否,1.02,-3.713,0.49,2.313,11.462,否,194451046.0,178179500.0,4429594827.88,4058929010.0,178.137542,4.580362,6.757868,23.1,22.8,22.13,21.49,20.83,21.98,20.83,2021-09-30,-
2025-03-28,301073,君亭酒店,旅游酒店,22.29,22.73,21.5,21.61,21.5,8862504,197225511.91,7.8987,-4.214,5.44,否,0.84,-7.964,-2.745,-4.549,7.352,否,194451046.0,178179500.0,4242921823.72,3887876690.0,170.630429,4.387336,6.473077,22.87,22.7,22.17,21.53,20.83,22.03,20.83,2021-09-30,-
2025-03-31,301073,君亭酒店,旅游酒店,21.47,21.84,21.02,21.39,21.02,6055926,130951117.74,5.3973,-1.008,3.76,否,0.57,-8.158,-5.937,-5.312,5.473,否,194451046.0,178179500.0,4200142593.6,3848677200.0,168.910049,4.3431,6.407812,22.47,22.58,22.19,21.57,20.81,22.05,20.82,2021-09-30,-
2025-04-01,301073,君亭酒店,旅游酒店,21.59,22.23,21.39,21.76,21.39,5409573,119089287.88,4.8213,1.713,3.94,否,0.59,-3.546,-7.128,-3.802,7.563,否,194451046.0,178179500.0,4272089480.62,3914603615.0,171.803416,4.417496,6.517576,22.12,22.49,22.24,21.65,20.81,22.07,20.82,2021-09-30,-
2025-04-02,301073,君亭酒店,旅游酒店,21.66,22.04,21.39,21.7,21.39,3834114,84165805.12,3.4171,-0.273,3.0,否,0.49,0.416,-7.581,-3.341,6.844,否,194451046.0,178179500.0,4260422417.86,3903912845.0,171.334221,4.405432,6.499776,21.8,22.42,22.28,21.71,20.81,22.05,20.82,2021-09-30,-
2025-04-03,301073,君亭酒店,旅游酒店,21.39,23.03,21.39,22.43,21.39,10982854,248328819.6,9.7884,3.378,7.58,否,1.61,4.862,-3.693,0.945,6.455,否,194451046.0,178179500.0,4404316191.9,4035765675.0,177.120954,4.554223,6.719303,21.78,22.44,22.34,21.78,20.84,22.03,20.82,2021-09-30,-
2025-04-07,301073,君亭酒店,旅游酒店,21.46,22.02,18.62,19.3,18.62,12028107,245307463.0,10.72,-13.951,15.19,否,1.71,-11.305,-14.45,-15.128,-7.434,否,194451046.0,178179500.0,3789850886.54,3472718455.0,152.41004,3.918844,5.781864,21.32,22.1,22.22,21.76,20.81,22.03,20.8,2021-09-30,-
2025-04-08,301073,君亭酒店,旅游酒店,19.94,21.14,19.92,20.67,19.92,11290250,234489089.32,10.0624,7.081,6.36,否,1.47,-4.747,-4.35,-11.78,-1.148,否,194451046.0,178179500.0,4058193330.02,3718606165.0,163.201515,4.19632,6.191252,21.17,21.82,22.14,21.77,20.84,22.03,20.8,2021-09-30,-
2025-04-09,301073,君亭酒店,旅游酒店,20.39,22.47,18.92,22.39,18.92,13699484,290182687.68,12.2096,8.337,17.2,否,1.57,-0.178,4.675,-4.642,7.078,否,194451046.0,178179500.0,4396538150.06,4028638495.0,176.808158,4.54618,6.707437,21.3,21.71,22.16,21.84,20.9,22.05,20.8,2021-09-30,-
2025-04-10,301073,君亭酒店,旅游酒店,21.95,23.77,21.95,23.17,21.95,17347250,403718834.97,15.4607,3.494,8.14,否,1.67,20.052,6.48,-0.515,11.394,否,194451046.0,178179500.0,4550154476.4,4169400300.0,182.985886,4.705025,6.941796,21.59,21.7,22.22,21.94,20.97,22.09,20.81,2021-09-30,-
2025-04-11,301073,君亭酒店,旅游酒店,22.79,24.69,22.79,23.67,22.79,18449462,442358698.16,16.443,2.137,8.21,否,1.41,14.514,9.078,4.92,10.918,否,194451046.0,178179500.0,4647379999.4,4258490050.0,186.895841,4.80556,7.090125,21.84,21.81,22.31,22.02,21.04,22.12,20.82,2021-09-30,-
2025-04-14,301073,君亭酒店,旅游酒店,23.67,24.65,22.98,23.7,22.98,19451181,470841229.96,17.3358,0.126,7.07,否,1.34,5.851,5.662,9.671,9.368,否,194451046.0,178179500.0,4653213530.78,4263835435.0,187.130438,4.811592,7.099025,22.72,22.02,22.36,22.12,21.11,22.16,20.83,2021-09-30,-
2025-04-15,301073,君亭酒店,旅游酒店,23.67,23.87,22.94,23.27,22.94,13204359,311352756.12,11.7683,-1.797,3.93,否,0.82,0.432,20.57,8.789,5.104,否,194451046.0,178179500.0,4569599581.0,4187218250.0,183.767877,4.725132,6.971462,23.24,22.21,22.39,22.2,21.19,22.19,20.83,2021-09-30,-
2025-04-16,301073,君亭酒店,旅游酒店,23.27,26.74,22.89,25.84,22.89,33332737,840775406.25,29.7077,11.021,16.55,否,2.03,9.168,25.012,18.75,16.765,否,194451046.0,178179500.0,5073227790.14,4648703155.0,204.021443,5.245902,7.739806,23.93,22.61,22.55,22.36,21.32,22.23,20.84,2021-09-30,-
2025-04-17,301073,君亭酒店,旅游酒店,25.06,29.69,24.61,27.77,24.61,37154327,1010646698.65,33.1136,7.474,19.66,否,1.83,17.173,24.029,27.972,27.385,否,194451046.0,178179500.0,5452407329.84,4996153180.0,219.270267,5.637988,8.318289,24.85,23.22,22.82,22.59,21.45,22.25,20.85,2021-09-30,-
2025-04-18,301073,君亭酒店,旅游酒店,28.25,28.58,25.7,25.92,25.7,28425833,770753721.54,25.3344,-6.669,10.38,否,1.17,11.388,11.869,15.56,17.551,否,194451046.0,178179500.0,5088783873.82,4662957515.0,204.647036,5.261988,7.763539,25.3,23.57,23.0,22.75,21.55,22.26,20.86,2021-09-30,-
2025-04-21,301073,君亭酒店,旅游酒店,25.06,26.47,24.57,25.26,24.57,23942160,614985604.37,21.3384,-2.522,7.34,否,0.91,-2.245,6.717,30.881,11.572,否,194451046.0,178179500.0,4960446183.46,4545359045.0,199.485896,5.129282,7.567745,25.61,24.17,23.13,22.87,21.64,22.26,20.86,2021-09-30,-
2025-04-22,301073,君亭酒店,旅游酒店,25.25,25.45,23.52,24.54,23.52,23972949,587987188.53,21.3658,-2.862,7.64,否,0.88,-11.631,3.544,18.723,8.632,否,194451046.0,178179500.0,4818496919.88,4415288010.0,193.777362,4.982501,7.351184,25.87,24.55,23.19,22.95,21.71,22.27,20.86,2021-09-30,-
2025-04-23,301073,君亭酒店,旅游酒店,24.53,24.86,23.68,23.77,23.68,17168620,416995805.12,15.3015,-3.148,4.8,否,0.58,-8.295,2.149,6.163,5.084,否,194451046.0,178179500.0,4666825104.0,4276308000.0,187.677832,4.825667,7.119791,25.45,24.69,23.2,23.0,21.76,22.27,20.84,2021-09-30,-
2025-04-24,301073,君亭酒店,旅游酒店,23.47,24.26,23.38,23.86,23.38,14461104,347957025.88,12.8884,0.375,3.71,否,0.55,-5.542,-7.663,2.978,6.281,否,194451046.0,178179500.0,4684325698.14,4292344155.0,188.381624,4.843763,7.14649,24.67,24.76,23.23,23.07,21.82,22.27,20.81,2021-09-30,-
2025-04-25,301073,君亭酒店,旅游酒店,23.67,24.59,23.2,24.11,23.2,18065451,439699535.42,16.1008,1.079,5.81,否,0.84,-1.752,-13.18,1.859,8.506,否,194451046.0,178179500.0,4734882970.1,4338670825.0,190.414801,4.896041,7.223621,24.31,24.8,23.31,23.14,21.89,22.28,20.8,2021-09-30,-
2025-04-28,301073,君亭酒店,旅游酒店,23.96,24.16,21.79,21.94,21.79,17294557,390090468.13,9.7063,-9.035,9.86,否,0.89,-7.699,-15.355,-7.426,-3.518,否,194451046.0,178179500.0,4307090668.9,3946675925.0,173.210999,4.453688,6.570974,23.64,24.63,23.32,23.12,21.93,22.26,20.79,2021-09-30,-
2025-04-29,301073,君亭酒店,旅游酒店,21.77,22.32,21.39,21.96,21.39,9266265,205505179.94,5.2005,0.09,4.24,否,0.51,-7.963,-13.064,-5.63,-6.274,否,194451046.0,178179500.0,4310979689.82,3950239515.0,184.259473,4.413248,6.359107,23.13,24.5,23.35,23.09,21.96,22.24,20.78,2021-09-30,-
2025-04-30,301073,君亭酒店,旅游酒店,21.89,22.29,21.54,21.54,21.54,10645574,234576408.7,5.9746,-1.895,3.43,否,0.7,-10.659,-12.225,-16.641,-8.262,否,194451046.0,178179500.0,4229310250.5,3875404125.0,180.768766,4.329641,6.238637,22.68,24.07,23.34,23.06,21.99,22.21,20.76,2021-09-30,-
2025-05-06,301073,君亭酒店,旅游酒店,21.52,21.72,21.25,21.72,21.25,8757608,190432207.7,4.915,0.828,2.16,否,0.63,-1.003,-8.624,-21.786,-6.741,否,194451046.0,178179500.0,4264311438.78,3907476435.0,182.264783,4.365473,6.290267,22.25,23.46,23.34,23.03,22.03,22.2,20.75,2021-09-30,-
2025-05-07,301073,君亭酒店,旅游酒店,21.97,22.41,21.44,21.75,21.44,9202944,202509311.59,5.165,0.137,4.47,否,0.72,-0.956,-8.843,-16.088,-3.59,否,194451046.0,178179500.0,4270144970.16,3912821820.0,182.514119,4.371445,6.298872,21.78,23.05,23.31,23.02,22.06,22.18,20.74,2021-09-30,-
2025-05-08,301073,君亭酒店,旅游酒店,21.72,21.79,21.37,21.63,21.37,5564589,121586264.55,3.123,-0.546,1.91,否,0.5,0.418,-10.286,-14.371,0.093,否,194451046.0,178179500.0,4246810844.64,3891440280.0,181.516774,4.347557,6.264452,21.72,22.68,23.42,22.98,22.08,22.16,20.73,2021-09-30,-
2025-05-09,301073,君亭酒店,旅游酒店,21.6,21.62,20.96,20.96,20.96,7360350,157491573.9,4.1309,-3.114,3.07,否,0.85,-3.499,-4.467,-14.588,-2.01,否,194451046.0,178179500.0,4114584133.36,3770278220.0,175.865153,4.212193,6.069405,21.52,22.32,23.44,22.9,22.08,22.12,20.72,2021-09-30,-
2025-05-12,301073,君亭酒店,旅游酒店,21.08,21.43,21.02,21.4,21.02,4828047,103742513.0,2.7097,2.127,1.94,否,0.58,-1.609,-2.55,-9.971,-1.654,否,194451046.0,178179500.0,4202087104.06,3850458995.0,179.605197,4.301772,6.19848,21.49,22.09,23.39,22.83,22.09,22.07,20.7,2021-09-30,-
2025-05-13,301073,君亭酒店,旅游酒店,21.47,21.99,21.3,21.79,21.3,9783872,214278494.0,5.491,1.805,3.24,否,1.37,0.74,1.161,-8.676,0.415,否,194451046.0,178179500.0,4277923012.0,3919949000.0,182.846568,4.379407,6.310345,21.51,21.88,23.32,22.78,22.11,22.03,20.68,2021-09-30,-
2025-05-14,301073,君亭酒店,旅游酒店,21.79,21.82,21.44,21.7,21.44,5775150,125953589.12,3.2412,-0.409,1.73,否,0.79,3.531,-0.092,-9.996,-3.255,否,194451046.0,178179500.0,4260422417.86,3903912845.0,182.098559,4.361491,6.28453,21.5,21.64,23.22,22.75,22.12,21.98,20.67,2021-09-30,-
2025-05-15,301073,君亭酒店,旅游酒店,21.62,21.97,21.38,21.39,21.38,5892433,128679629.47,3.307,-1.415,2.69,否,0.88,-0.047,-1.655,-2.507,10.829,否,194451046.0,178179500.0,4200142593.6,3848677200.0,179.522085,4.299782,6.195612,21.45,21.58,23.11,22.74,22.14,21.94,20.65,2021-09-30,-
2025-05-16,301073,君亭酒店,旅游酒店,21.51,21.51,21.21,21.23,21.21,4205947,90560633.81,2.3605,-0.741,1.39,否,0.63,-2.57,-1.849,-3.324,2.709,否,194451046.0,178179500.0,4169030426.24,3820168480.0,178.192291,4.267931,6.149718,21.5,21.51,23.0,22.74,22.15,21.92,20.64,2021-09-30,-
2025-05-19,301073,君亭酒店,旅游酒店,21.28,21.73,21.05,21.55,21.05,5697514,123328406.6,3.1976,1.493,3.17,否,0.93,-0.691,2.815,0.046,-3.752,否,194451046.0,178179500.0,4231254760.96,3877185920.0,180.851878,4.331632,6.241505,21.53,21.51,22.79,22.73,22.19,21.91,20.64,2021-09-30,-
2025-05-20,301073,君亭酒店,旅游酒店,21.62,21.99,21.57,21.77,21.57,7074748,155469630.44,3.9706,1.011,1.98,否,1.13,1.777,1.729,0.23,-6.042,否,194451046.0,178179500.0,4274033991.08,3916385410.0,182.680343,4.375426,6.304609,21.53,21.52,22.49,22.73,22.22,21.91,20.63,2021-09-30,-
2025-05-21,301073,君亭酒店,旅游酒店,21.61,21.74,21.42,21.47,21.42,4712450,102498283.5,2.6448,-1.365,1.46,否,0.82,1.13,-1.469,-1.287,-9.294,否,194451046.0,178179500.0,4215698677.28,3862931560.0,180.186981,4.315707,6.218558,21.48,21.49,22.27,22.7,22.24,21.9,20.63,2021-09-30,-
2025-05-22,301073,君亭酒店,旅游酒店,21.47,21.57,20.68,20.68,20.68,6453926,136720418.7,3.6221,-3.69,4.15,否,1.17,-4.037,-4.7,-4.392,-12.743,否,194451046.0,178179500.0,4060137840.48,3720387960.0,173.538015,4.156455,5.989091,21.34,21.39,22.04,22.75,22.25,21.88,20.62,2021-09-30,-
2025-05-23,301073,君亭酒店,旅游酒店,20.65,21.33,20.42,20.58,20.42,6979450,146468455.5,3.9171,-0.479,4.41,否,1.24,-5.466,-3.787,-1.813,-11.56,否,194451046.0,178179500.0,4040692735.88,3702570010.0,172.706894,4.136549,5.960408,21.21,21.36,21.84,22.74,22.26,21.86,20.61,2021-09-30,-
2025-05-26,301073,君亭酒店,旅游酒店,20.6,21.28,20.43,21.26,20.43,6358954,134605363.36,3.5688,3.321,4.14,否,1.03,-0.978,0.141,-0.654,-17.724,否,194451046.0,178179500.0,4174863957.62,3825513865.0,178.441628,4.273903,6.158323,21.15,21.34,21.71,22.71,22.27,21.86,20.6,2021-09-30,-
2025-05-27,301073,君亭酒店,旅游酒店,21.2,21.39,21.06,21.32,21.06,4561224,97805074.12,2.5599,0.28,1.54,否,0.72,3.095,-1.067,-2.157,-23.227,否,194451046.0,178179500.0,4186531020.38,3836204635.0,178.9403,4.285847,6.175533,21.06,21.3,21.59,22.65,22.29,21.86,20.59,2021-09-30,-
2025-05-28,301073,君亭酒店,旅游酒店,21.35,21.84,21.18,21.35,21.18,5568748,120829875.03,3.1254,0.139,3.07,否,0.96,3.741,-1.929,-1.613,-17.631,否,194451046.0,178179500.0,4192364551.76,3841550020.0,179.189636,4.291819,6.184138,21.04,21.26,21.45,22.57,22.3,21.85,20.59,2021-09-30,-
2025-05-29,301073,君亭酒店,旅游酒店,21.28,21.53,20.98,21.49,20.98,4882076,105106903.9,2.74,0.649,2.55,否,0.82,1.082,0.093,0.468,-14.925,否,194451046.0,178179500.0,4219587698.2,3866495150.0,180.353205,4.319688,6.224295,21.2,21.27,21.43,22.49,22.31,21.84,20.58,2021-09-30,-
2025-05-30,301073,君亭酒店,旅游酒店,21.43,21.51,20.92,20.96,20.92,4348543,92946707.96,2.4405,-2.489,2.76,否,0.77,-1.689,1.354,-1.272,-14.588,否,194451046.0,178179500.0,4114584133.36,3770278220.0,175.865153,4.212193,6.069405,21.28,21.24,21.38,22.42,22.31,21.83,20.56,2021-09-30,-
2025-06-03,301073,君亭酒店,旅游酒店,20.7,21.53,20.69,21.52,20.69,4198190,90237306.96,2.3562,2.694,4.02,否,0.82,0.796,4.568,-0.139,-9.466,否,194451046.0,178179500.0,4225421229.58,3871840535.0,180.602542,4.32566,6.2329,21.33,21.24,21.38,22.27,22.32,21.82,20.55,2021-09-30,-
2025-06-04,301073,君亭酒店,旅游酒店,21.52,22.26,21.32,22.05,21.32,8621464,190766747.63,4.8386,2.485,4.37,否,1.83,2.606,3.716,1.286,-7.586,否,194451046.0,178179500.0,4330424794.42,3968057465.0,185.090594,4.433154,6.38779,21.47,21.27,21.39,22.08,22.34,21.81,20.54,2021-09-30,-
2025-06-05,301073,君亭酒店,旅游酒店,21.91,22.57,21.84,21.88,21.84,8203622,183667653.52,4.6041,-0.808,3.32,否,1.49,4.389,2.627,1.91,-9.249,否,194451046.0,178179500.0,4295423606.14,3935985155.0,183.594576,4.397323,6.33616,21.58,21.31,21.4,21.95,22.35,21.79,20.53,2021-09-30,-
2025-06-06,301073,君亭酒店,旅游酒店,21.89,22.06,21.61,21.88,21.61,5852970,128850939.5,3.2849,0.0,2.08,否,0.97,1.673,2.482,5.803,-0.273,否,194451046.0,178179500.0,4295423606.14,3935985155.0,183.594576,4.397323,6.33616,21.66,21.43,21.41,21.84,22.35,21.78,20.53,2021-09-30,-
2025-06-09,301073,君亭酒店,旅游酒店,21.87,22.38,21.69,22.28,21.69,7929459,176475200.67,4.4503,1.856,3.17,否,1.27,1.043,3.676,8.26,1.457,否,194451046.0,178179500.0,4375148535.0,4009038750.0,187.002171,4.478939,6.453762,21.92,21.6,21.48,21.76,22.35,21.78,20.54,2021-09-30,-
2025-06-10,301073,君亭酒店,旅游酒店,22.23,22.67,21.9,22.48,21.9,10090789,227915332.22,5.6633,0.889,3.47,否,1.45,2.742,7.252,5.738,4.364,否,194451046.0,178179500.0,4414038744.2,4044674650.0,188.664413,4.518752,6.511129,22.11,21.72,21.53,21.72,22.36,21.77,20.54,2021-09-30,-
2025-06-11,301073,君亭酒店,旅游酒店,22.44,23.24,22.29,23.04,22.29,12396097,286683303.08,6.9571,2.511,4.23,否,1.52,5.302,7.063,8.068,6.077,否,194451046.0,178179500.0,4524875840.42,4146236965.0,193.401801,4.632218,6.674624,22.31,21.89,21.59,21.69,22.38,21.77,20.55,2021-09-30,-
2025-06-12,301073,君亭酒店,旅游酒店,22.93,23.4,22.64,22.85,22.64,8532625,197468337.5,4.7888,-0.86,3.31,否,0.96,2.558,3.628,7.026,5.057,否,194451046.0,178179500.0,4485985631.22,4110601065.0,191.73956,4.592406,6.617258,22.51,22.04,21.65,21.65,22.39,21.75,20.56,2021-09-30,-
2025-06-13,301073,君亭酒店,旅游酒店,22.45,22.65,21.42,21.54,21.42,10876505,238874560.36,6.1042,-5.716,5.37,否,1.21,-4.181,-1.554,0.233,-0.416,否,194451046.0,178179500.0,4202087104.06,3850458995.0,179.605197,4.301772,6.19848,22.44,22.05,21.66,21.63,22.37,21.72,20.56,2021-09-30,-
2025-06-16,301073,君亭酒店,旅游酒店,21.71,21.71,21.31,21.59,21.31,4952737,106611020.63,2.7796,0.231,1.85,否,0.5,-6.293,-1.325,3.006,3.006,否,194451046.0,178179500.0,4211809656.36,3859367970.0,180.020757,4.311725,6.212822,22.3,22.11,21.68,21.62,22.36,21.68,20.56,2021-09-30,-
2025-06-17,301073,君亭酒店,旅游酒店,21.65,22.35,21.53,21.96,21.53,7837863,173035689.91,4.3989,1.708,3.79,否,0.84,-3.895,-1.436,2.045,2.617,否,194451046.0,178179500.0,4283756543.38,3925294385.0,183.095904,4.385379,6.31895,22.2,22.16,21.7,21.64,22.35,21.64,20.57,2021-09-30,-
2025-06-18,301073,君亭酒店,旅游酒店,21.81,22.86,21.61,22.53,21.61,10368854,232040104.22,5.8193,2.587,5.67,否,1.16,4.596,0.222,2.177,3.396,否,194451046.0,178179500.0,4394593639.6,4026856700.0,187.833292,4.498845,6.482446,22.09,22.2,21.74,21.66,22.35,21.61,20.58,2021-09-30,-
2025-06-19,301073,君亭酒店,旅游酒店,23.29,24.15,22.59,22.61,22.59,17025311,400364157.08,9.5551,0.354,6.95,否,2.0,4.724,-1.866,3.336,4.194,否,194451046.0,178179500.0,4410149723.28,4041111060.0,188.498189,4.514771,6.505392,22.05,22.28,21.79,21.69,22.35,21.6,20.6,2021-09-30,-
2025-06-20,301073,君亭酒店,旅游酒店,22.57,23.11,22.13,22.91,22.13,10342783,235013127.02,5.8047,1.323,4.32,否,1.01,4.326,0.263,4.707,7.106,否,194451046.0,178179500.0,4468485037.08,4094564910.0,190.991551,4.57449,6.591442,22.32,22.38,21.9,21.73,22.36,21.59,20.61,2021-09-30,-
2025-06-23,301073,君亭酒店,旅游酒店,22.7,23.29,22.52,23.03,22.52,8502300,196001698.0,4.7718,0.522,3.35,否,0.84,2.219,6.917,3.366,8.479,否,194451046.0,178179500.0,4491819162.6,4115946450.0,191.988896,4.598377,6.625863,22.61,22.45,22.03,21.8,22.35,21.58,20.63,2021-09-30,-
2025-06-24,301073,君亭酒店,旅游酒店,22.94,23.73,22.8,22.96,22.8,10241050,237868998.0,5.7476,-0.303,4.07,否,0.95,1.548,6.346,2.135,6.543,否,194451046.0,178179500.0,4478207589.38,4103473885.0,191.407111,4.584443,6.605784,22.81,22.5,22.11,21.86,22.34,21.57,20.64,2021-09-30,-
2025-06-25,301073,君亭酒店,旅游酒店,23.39,23.42,22.66,23.1,22.66,9214350,212625290.0,5.1714,0.608,3.34,否,0.82,0.829,5.191,0.26,6.109,否,194451046.0,178179500.0,4505430735.82,4128419015.0,192.57068,4.612312,6.645941,22.92,22.51,22.2,21.9,22.34,21.58,20.66,2021-09-30,-
2025-06-26,301073,君亭酒店,旅游酒店,22.93,25.2,22.91,24.92,22.91,23411309,566123091.42,13.1392,7.898,9.93,否,2.12,8.207,10.608,9.059,16.069,否,194451046.0,178179500.0,4861276150.0,4454487500.0,207.78019,4.976599,7.170847,23.38,22.72,22.38,22.01,22.38,21.6,20.68,2021-09-30,-
2025-06-27,301073,君亭酒店,旅游酒店,24.29,24.42,23.85,23.98,23.85,15320727,370573815.87,8.5985,-3.76,2.28,否,1.24,4.443,6.059,11.328,15.957,否,194451046.0,178179500.0,4678492166.76,4286998770.0,199.967655,4.789479,6.901223,23.6,22.96,22.5,22.09,22.42,21.62,20.7,2021-09-30,-
2025-06-30,301073,君亭酒店,旅游酒店,23.78,24.18,23.76,24.0,23.76,8857503,212897809.05,4.9711,0.083,1.75,否,0.66,3.896,4.758,11.163,16.618,否,194451046.0,178179500.0,4682381187.68,4290562360.0,200.133879,4.79346,6.90696,23.79,23.2,22.66,22.18,22.46,21.64,20.72,2021-09-30,-
2025-07-01,301073,君亭酒店,旅游酒店,24.02,24.39,23.63,23.87,23.63,9846158,236402888.09,5.526,-0.54,3.16,否,0.73,-4.213,3.647,8.698,12.277,否,194451046.0,178179500.0,4657102551.7,4267399025.0,199.053422,4.767582,6.869671,23.97,23.39,22.77,22.26,22.5,21.65,20.74,2021-09-30,-
2025-07-02,301073,君亭酒店,旅游酒店,24.13,24.21,23.47,23.55,23.47,8620100,205948048.0,4.8379,-1.336,3.09,否,0.65,-1.793,2.57,4.527,10.46,否,194451046.0,178179500.0,4594878216.98,4210381585.0,196.393836,4.703881,6.777884,24.06,23.49,22.85,22.32,22.53,21.67,20.76,2021-09-30,-
2025-07-03,301073,君亭酒店,旅游酒店,23.38,23.74,23.16,23.31,23.16,7070725,165707670.0,3.9683,-1.058,2.5,否,0.54,-2.875,0.909,3.096,9.18,否,194451046.0,178179500.0,4546265455.48,4165836710.0,194.316034,4.654115,6.706176,23.74,23.56,22.92,22.38,22.54,21.69,20.78,2021-09-30,-
2025-07-04,301073,君亭酒店,旅游酒店,23.27,23.54,22.92,22.92,22.92,8038025,186929715.0,4.5112,-1.668,2.69,否,0.81,-3.98,-8.026,0.044,6.654,否,194451046.0,178179500.0,4470429547.54,4096346705.0,191.074663,4.57648,6.594311,23.53,23.56,22.97,22.46,22.6,21.71,20.8,2021-09-30,-
2025-07-07,301073,君亭酒店,旅游酒店,22.86,23.68,22.86,23.13,22.86,7785962,181805723.28,4.3697,0.913,3.61,否,0.92,-1.783,-3.545,0.434,10.353,否,194451046.0,178179500.0,4511264267.2,4133764400.0,192.820017,4.618284,6.654546,23.36,23.57,23.01,22.54,22.64,21.74,20.82,2021-09-30,-
2025-07-08,301073,君亭酒店,旅游酒店,23.04,23.34,22.75,23.33,22.75,7638039,176923177.98,4.2867,0.862,2.54,否,0.92,0.086,-2.792,1.611,8.411,否,194451046.0,178179500.0,4550154476.4,4169400300.0,194.482258,4.658097,6.711913,23.25,23.61,23.06,22.61,22.66,21.78,20.84,2021-09-30,-
2025-07-09,301073,君亭酒店,旅游酒店,23.36,23.43,23.03,23.19,23.03,6693494,155816592.76,3.7566,-0.598,1.75,否,0.85,1.178,-2.849,0.39,5.17,否,194451046.0,178179500.0,4522931329.96,4144455170.0,193.318689,4.630228,6.671756,23.18,23.62,23.06,22.67,22.66,21.81,20.86,2021-09-30,-
2025-07-10,301073,君亭酒店,旅游酒店,23.05,23.36,22.99,23.09,22.99,4798396,111355279.2,2.693,-0.43,1.63,否,0.64,-0.173,-1.953,-7.343,5.53,否,194451046.0,178179500.0,4503486225.36,4126637220.0,192.487568,4.610321,6.643073,23.13,23.44,23.08,22.73,22.65,21.85,20.88,2021-09-30,-
2025-07-11,301073,君亭酒店,旅游酒店,23.09,23.31,22.87,23.26,22.87,5755450,133534083.0,3.2301,0.734,1.9,否,0.82,-0.3,-0.215,-3.003,6.307,否,194451046.0,178179500.0,4536542903.18,4156927735.0,193.900474,4.644162,6.691834,23.2,23.37,23.16,22.79,22.64,21.88,20.9,2021-09-30,-
2025-07-14,301073,君亭酒店,旅游酒店,23.23,23.42,22.43,22.64,22.43,9351350,214465250.36,5.2483,-2.658,4.29,否,1.43,-2.372,-1.222,-5.667,1.616,否,194451046.0,178179500.0,4415983254.66,4046456445.0,188.747525,4.520743,6.513997,23.1,23.23,23.21,22.85,22.63,21.91,20.92,2021-09-30,-
2025-07-15,301073,君亭酒店,旅游酒店,22.64,23.04,21.99,22.19,21.99,7905407,176787177.79,4.4368,-1.982,4.62,否,1.15,-3.898,-4.064,-7.038,-1.29,否,194451046.0,178179500.0,4328480283.96,3966275670.0,185.007482,4.431164,6.384922,22.87,23.06,23.23,22.87,22.57,21.94,20.93,2021-09-30,-
2025-07-16,301073,君亭酒店,旅游酒店,22.1,22.57,21.99,22.28,21.99,4543757,101942058.8,2.5501,0.404,2.61,否,0.66,-4.213,-4.501,-5.393,-3.299,否,194451046.0,178179500.0,4345980878.1,3982311825.0,185.75549,4.449079,6.410737,22.69,22.93,23.21,22.88,22.48,21.97,20.95,2021-09-30,-
2025-07-17,301073,君亭酒店,旅游酒店,22.35,22.69,22.2,22.43,22.2,5186600,116574393.0,2.9109,0.671,2.19,否,0.8,-0.928,-3.277,-3.775,-1.838,否,194451046.0,178179500.0,4375148535.0,4009038750.0,187.002171,4.478939,6.453762,22.56,22.85,23.2,22.9,22.42,21.99,20.97,2021-09-30,-
2025-07-18,301073,君亭酒店,旅游酒店,22.35,22.86,22.27,22.53,22.27,5469833,123725356.14,3.0698,0.444,2.62,否,0.84,1.532,-2.425,-1.702,4.596,否,194451046.0,178179500.0,4394593639.6,4026856700.0,187.833292,4.498845,6.482446,22.41,22.81,23.19,22.92,22.38,22.01,20.99,2021-09-30,-
2025-07-21,301073,君亭酒店,旅游酒店,22.43,23.11,22.17,22.73,22.17,7340567,167525386.3,4.1198,0.885,4.16,否,1.13,2.02,-2.279,-1.729,5.28,否,194451046.0,178179500.0,4433483848.8,4062492600.0,189.495534,4.538658,6.539812,22.43,22.77,23.17,22.93,22.35,22.03,21.01,2021-09-30,-
2025-07-22,301073,君亭酒店,旅游酒店,22.73,22.82,22.41,22.71,22.41,4601475,104282591.75,2.5825,-0.088,1.8,否,0.76,1.248,0.309,-2.658,3.415,否,194451046.0,178179500.0,4429594827.88,4058929010.0,189.32931,4.534677,6.534076,22.54,22.71,23.16,22.94,22.33,22.05,21.04,2021-09-30,-
2025-07-23,301073,君亭酒店,旅游酒店,22.77,22.81,22.34,22.36,22.34,4660500,105463010.0,2.6156,-1.536,2.06,否,0.86,-0.755,0.766,-3.579,-0.755,否,194451046.0,178179500.0,4361536961.78,3996566185.0,186.420387,4.465005,6.433684,22.55,22.62,23.12,22.92,22.3,22.06,21.06,2021-09-30,-
2025-07-24,301073,君亭酒店,旅游酒店,22.33,23.33,22.33,23.06,22.33,10313151,237824294.09,5.7881,3.121,4.46,否,1.89,1.452,3.501,-0.13,1.99,否,194451046.0,178179500.0,4497652693.98,4121291835.0,192.238232,4.604349,6.634468,22.68,22.62,23.03,22.92,22.29,22.09,21.08,2021-09-30,-
2025-07-25,301073,君亭酒店,旅游酒店,23.07,23.33,22.66,22.68,22.66,6531950,149471993.5,3.6659,-1.643,2.9,否,1.01,-0.132,1.115,-2.494,-1.004,否,194451046.0,178179500.0,4423761296.5,4053583625.0,189.079973,4.528705,6.525471,22.71,22.56,22.96,22.96,22.3,22.11,21.1,2021-09-30,-
2025-07-28,301073,君亭酒店,旅游酒店,22.66,22.93,22.55,22.7,22.55,4871799,110919921.55,2.7342,0.088,1.67,否,0.73,1.521,0.755,0.265,-1.433,否,194451046.0,178179500.0,4427650317.42,4057147215.0,189.246197,4.532686,6.531207,22.7,22.57,22.9,23.0,22.31,22.13,21.12,2021-09-30,-
2025-07-29,301073,君亭酒店,旅游酒店,22.65,22.77,22.24,22.53,22.24,5068455,113966949.45,2.8446,-0.747,2.33,否,0.82,-2.298,-0.88,1.532,-1.873,否,194451046.0,178179500.0,4394593639.6,4026856700.0,187.833292,4.498845,6.482446,22.67,22.6,22.83,23.02,22.33,22.16,21.14,2021-09-30,-
2025-07-30,301073,君亭酒店,旅游酒店,22.46,22.97,22.34,22.67,22.34,6539083,148971512.53,3.6699,0.62,2.79,否,1.04,-0.044,-0.176,1.75,-1.861,否,194451046.0,178179500.0,4421816786.04,4051801830.0,188.996861,4.526714,6.522602,22.73,22.64,22.79,23.02,22.34,22.19,21.16,2021-09-30,-
2025-07-31,301073,君亭酒店,旅游酒店,22.55,22.67,22.05,22.18,22.05,6515648,145870192.0,3.6568,-2.155,2.73,否,0.98,-2.291,-0.805,-1.115,-10.995,否,194451046.0,178179500.0,4326535773.5,3964493875.0,184.924369,4.429173,6.382054,22.55,22.62,22.73,23.01,22.35,22.2,21.18,2021-09-30,-
2025-08-01,301073,君亭酒店,旅游酒店,22.08,22.19,21.79,22.16,21.79,5123750,113026796.1,2.8756,-0.09,1.8,否,0.87,-1.642,-3.903,-1.642,-7.59,否,194451046.0,178179500.0,4322646752.58,3960930285.0,184.758145,4.425192,6.376317,22.45,22.58,22.69,22.98,22.36,22.22,21.2,2021-09-30,-
2025-08-04,301073,君亭酒店,旅游酒店,21.96,22.19,21.96,22.12,21.96,2504746,55444404.17,1.4057,-0.18,1.03,否,0.45,-2.426,-2.469,-2.684,-7.833,否,194451046.0,178179500.0,4314868710.74,3953803105.0,184.425697,4.417229,6.364844,22.33,22.52,22.64,22.95,22.38,22.23,21.22,2021-09-30,-
2025-08-05,301073,君亭酒店,旅游酒店,22.13,22.33,22.07,22.3,22.07,2998200,66860821.04,1.6827,0.811,1.17,否,0.58,0.541,-1.762,-1.805,-6.577,否,194451046.0,178179500.0,4349869899.02,3985875415.0,185.921714,4.453061,6.416474,22.29,22.48,22.59,22.93,22.39,22.24,21.24,2021-09-30,-
2025-08-06,301073,君亭酒店,旅游酒店,22.3,22.33,22.09,22.29,22.09,3108751,69303126.28,1.7447,-0.045,1.07,否,0.66,0.587,-1.065,-0.313,-5.35,否,194451046.0,178179500.0,4347925388.56,3984093620.0,185.838602,4.45107,6.413605,22.21,22.47,22.55,22.9,22.4,22.25,21.27,2021-09-30,-
2025-08-07,301073,君亭酒店,旅游酒店,22.37,22.5,22.25,22.27,22.25,3567325,79996570.0,2.0021,-0.089,1.12,否,0.88,0.678,-1.764,-3.426,-4.462,否,194451046.0,178179500.0,4344036367.64,3980530030.0,185.672378,4.447089,6.407869,22.23,22.39,22.5,22.82,22.41,22.27,21.29,2021-09-30,-
2025-08-08,301073,君亭酒店,旅游酒店,22.27,22.78,22.14,22.54,22.14,7298875,164921365.15,4.0964,1.209,2.86,否,2.11,1.076,1.623,-0.617,-1.658,否,194451046.0,178179500.0,4396538150.06,4028638495.0,187.916404,4.500836,6.485314,22.3,22.38,22.47,22.77,22.43,22.28,21.32,2021-09-30,-
2025-08-11,301073,君亭酒店,旅游酒店,22.61,23.0,22.59,22.88,22.59,6346510,145281087.1,3.5619,1.504,1.81,否,1.63,2.647,3.249,0.793,-1.081,否,194451046.0,178179500.0,4462651505.7,4089219525.0,190.742215,4.568518,6.582837,22.46,22.39,22.48,22.73,22.46,22.31,21.34,2021-09-30,-
2025-08-12,301073,君亭酒店,旅游酒店,22.93,22.98,22.69,22.94,22.69,4788150,109781983.5,2.6873,0.261,1.26,否,1.03,3.009,3.707,1.82,-1.672,否,194451046.0,178179500.0,4474318568.46,4099910295.0,191.240887,4.580462,6.600047,22.58,22.44,22.52,22.7,22.48,22.34,21.36,2021-09-30,-
2025-08-13,301073,君亭酒店,旅游酒店,23.58,23.9,22.88,23.01,22.88,10029550,233482159.25,5.6289,0.304,4.48,否,2.0,2.085,3.184,1.5,-0.776,否,194451046.0,178179500.0,4487930141.68,4112382860.0,191.822672,4.594396,6.620126,22.73,22.47,22.55,22.68,22.5,22.36,21.38,2021-09-30,-
2025-08-14,301073,君亭酒店,旅游酒店,22.87,23.72,22.87,23.18,22.87,10700606,249621845.56,6.0055,0.737,3.73,否,1.67,1.311,3.993,4.509,0.39,否,194451046.0,178179500.0,4520986819.5,4142673375.0,193.235577,4.628237,6.668888,22.91,22.57,22.59,22.68,22.53,22.39,21.41,2021-09-30,-
2025-08-15,301073,君亭酒店,旅游酒店,23.08,23.5,22.75,23.36,22.75,8797039,205476874.02,4.9372,0.817,3.27,否,1.12,1.831,4.894,5.415,0.43,否,194451046.0,178179500.0,4557932518.24,4176527480.0,194.814707,4.666059,6.723386,23.07,22.69,22.63,22.69,22.57,22.41,21.43,2021-09-30,-
2025-08-18,301073,君亭酒店,旅游酒店,23.44,23.61,23.29,23.52,23.29,8993786,211614563.12,5.0476,0.683,1.41,否,1.11,2.216,4.348,6.329,3.887,否,194451046.0,178179500.0,4589044685.6,4205036200.0,196.1445,4.697909,6.769279,23.2,22.83,22.67,22.7,22.62,22.44,21.45,2021-09-30,-
2025-08-19,301073,君亭酒店,旅游酒店,23.63,23.67,23.3,23.61,23.3,7193950,169669904.0,4.0375,0.381,1.61,否,0.83,1.855,3.191,5.874,6.399,否,194451046.0,178179500.0,4606545279.74,4221072355.0,196.892508,4.715825,6.795095,23.34,22.96,22.72,22.71,22.66,22.47,21.47,2021-09-30,-
2025-08-20,301073,君亭酒店,旅游酒店,23.41,25.39,23.39,24.27,23.39,17928560,437484868.62,10.0621,2.786,8.44,否,1.96,3.896,5.798,8.883,8.932,否,194451046.0,178179500.0,4734882970.1,4338670825.0,202.377905,4.847207,6.984405,23.59,23.16,22.81,22.75,22.71,22.5,21.49,2021-09-30,-
2025-08-21,301073,君亭酒店,旅游酒店,24.27,24.94,23.97,24.6,23.97,14291095,351699581.12,8.0206,1.355,3.98,否,1.33,4.592,6.91,10.463,9.675,否,194451046.0,178179500.0,4799051815.28,4397470060.0,205.120604,4.912899,7.07906,23.87,23.39,22.89,22.8,22.77,22.53,21.52,2021-09-30,-
2025-08-22,301073,君亭酒店,旅游酒店,24.55,24.87,24.37,24.6,24.37,10663345,262946368.84,5.9846,0.0,2.03,否,0.93,4.193,6.126,9.139,9.188,否,194451046.0,178179500.0,4799051815.28,4397470060.0,205.120604,4.912899,7.07906,24.12,23.6,22.99,22.84,22.82,22.56,21.55,2021-09-30,-
2025-08-25,301073,君亭酒店,旅游酒店,24.69,25.57,24.32,25.25,24.32,14152476,356020238.57,7.9428,2.634,5.06,否,1.2,4.038,8.091,10.358,11.087,否,194451046.0,178179500.0,4925444995.18,4513286735.0,210.522889,5.04229,7.265502,24.47,23.83,23.11,22.93,22.89,22.6,21.59,2021-09-30,-
2025-08-26,301073,君亭酒店,旅游酒店,25.06,25.69,24.94,25.12,24.94,11521232,291815186.74,6.4661,-0.513,2.96,否,0.9,2.114,6.803,9.503,10.612,否,194451046.0,178179500.0,4900166359.2,4490123400.0,209.442432,5.016412,7.228214,24.77,24.05,23.24,23.03,22.95,22.63,21.62,2021-09-30,-
2025-08-27,301073,君亭酒店,旅游酒店,25.18,25.2,24.37,24.37,24.37,11405073,284368226.64,6.4009,-2.976,3.29,否,0.83,-0.935,3.219,5.91,8.989,否,194451046.0,178179500.0,4754328074.7,4356488775.0,203.209026,4.867114,7.013088,24.79,24.19,23.33,23.1,22.99,22.66,21.65,2021-09-30,-
2025-08-28,301073,君亭酒店,旅游酒店,24.37,25.27,24.08,24.8,24.08,12628114,313617727.73,7.0873,1.759,4.87,否,1.02,-1.782,2.184,6.989,7.546,否,194451046.0,178179500.0,4837942024.48,4433105960.0,206.782846,4.952711,7.136427,24.83,24.35,23.46,23.18,23.04,22.69,21.68,2021-09-30,-
2025-08-29,301073,君亭酒店,旅游酒店,24.62,25.59,24.6,25.1,24.6,12559528,317676607.0,7.0488,1.206,3.98,否,1.04,-0.08,2.033,7.449,10.67,否,194451046.0,178179500.0,4896277338.28,4486559810.0,277.067364,5.148705,7.288769,24.93,24.52,23.61,23.26,23.09,22.72,21.71,2021-09-30,-
2025-09-01,301073,君亭酒店,旅游酒店,25.1,26.06,24.94,25.91,24.94,14754529,381358925.45,8.2807,3.217,4.45,否,1.18,6.319,5.325,10.162,14.141,否,194451046.0,178179500.0,5053782685.54,4630885205.0,285.980175,5.314331,7.523237,25.06,24.76,23.8,23.37,23.15,22.75,21.75,2021-09-30,-
2025-09-02,301073,君亭酒店,旅游酒店,25.79,26.07,25.3,25.61,25.3,11676786,300656718.32,6.5534,-1.154,2.96,否,0.93,3.266,1.426,8.471,13.671,否,194451046.0,178179500.0,4995447371.74,4577431355.0,282.679134,5.252988,7.436397,25.16,24.96,23.96,23.47,23.2,22.78,21.79,2021-09-30,-
2025-09-03,301073,君亭酒店,旅游酒店,26.24,26.36,24.75,24.83,24.75,13055063,333708779.14,7.3269,-3.036,6.27,否,1.04,-1.076,-1.154,2.307,9.528,否,194451046.0,178179500.0,4843775555.86,4438451345.0,274.096428,5.093497,7.210613,25.25,25.02,24.09,23.55,23.23,22.81,21.82,2021-09-30,-
2025-09-04,301073,君亭酒店,旅游酒店,24.88,26.11,24.83,25.23,24.83,19250095,493536753.56,10.8038,1.606,5.14,否,1.49,-2.624,3.529,2.561,13.751,否,194451046.0,178179500.0,4921555974.26,4509723145.0,278.497815,5.175287,7.3264,25.34,25.08,24.24,23.62,23.27,22.83,21.86,2021-09-30,-
2025-09-05,301073,君亭酒店,旅游酒店,24.84,25.98,24.08,25.97,24.08,17656377,442641723.01,9.9093,2.924,7.51,否,1.24,1.406,4.718,5.569,17.193,否,194451046.0,178179500.0,5065449748.3,4641575975.0,286.640383,5.3266,7.540605,25.51,25.22,24.41,23.73,23.35,22.86,21.89,2021-09-30,-
2025-09-08,301073,君亭酒店,旅游酒店,25.61,26.88,25.52,26.42,25.52,17627215,465350130.32,9.893,1.727,5.26,否,1.15,6.404,5.259,4.634,19.439,否,194451046.0,178179500.0,5152952719.0,4721756750.0,291.591944,5.418614,7.670865,25.61,25.34,24.59,23.85,23.43,22.89,21.94,2021-09-30,-
2025-09-09,301073,君亭酒店,旅游酒店,26.34,26.7,25.94,26.34,25.94,11495786,303557871.35,6.4518,-0.302,2.91,否,0.73,4.4,1.66,4.857,18.117,否,194451046.0,178179500.0,5137396635.32,4707502390.0,290.711667,5.402256,7.647708,25.76,25.46,24.76,23.98,23.5,22.92,21.98,2021-09-30,-
2025-09-10,301073,君亭酒店,旅游酒店,26.41,27.51,26.14,27.51,26.14,20216060,545951653.84,11.3459,4.466,5.22,否,1.28,5.93,7.419,12.885,23.419,否,194451046.0,178179500.0,5366848869.6,4917754200.0,303.695761,5.643537,7.989279,26.29,25.77,24.98,24.14,23.58,22.97,22.02,2021-09-30,-
2025-09-11,301073,君亭酒店,旅游酒店,27.06,27.28,26.42,27.26,26.42,14289482,384202204.93,8.0197,-0.906,3.15,否,0.83,3.179,9.787,9.919,22.407,否,194451046.0,178179500.0,5318236108.1,4873209325.0,300.944893,5.592418,7.916912,26.7,26.02,25.18,24.31,23.66,23.01,22.06,2021-09-30,-
2025-09-12,301073,君亭酒店,旅游酒店,27.04,27.5,26.21,26.51,26.21,12349514,330930020.03,6.9309,-2.742,4.75,否,0.76,0.645,5.073,5.618,17.613,否,194451046.0,178179500.0,5172397823.6,4739574700.0,292.692291,5.439061,7.699812,26.81,26.16,25.34,24.46,23.72,23.04,22.11,2021-09-30,-
2025-09-15,301073,君亭酒店,旅游酒店,26.21,26.72,25.45,26.43,25.45,9353681,246476032.84,5.2496,-0.338,4.81,否,0.62,-3.926,1.771,2.007,15.516,否,194451046.0,178179500.0,5154897229.46,4723538545.0,291.701979,5.420659,7.67376,26.81,26.21,25.49,24.6,23.78,23.06,22.15,2021-09-30,-
2025-09-16,301073,君亭酒店,旅游酒店,27.07,27.44,26.3,26.69,26.3,12488414,335055332.49,7.0089,1.019,4.34,否,0.92,-2.091,1.022,4.217,16.347,否,194451046.0,178179500.0,5207399011.88,4771647010.0,294.672916,5.475867,7.751916,26.88,26.32,25.64,24.75,23.84,23.09,22.19,2021-09-30,-
2025-09-17,301073,君亭酒店,旅游酒店,25.92,26.42,25.28,25.28,25.28,16039125,413985060.15,9.0017,-5.303,4.26,否,1.17,-4.64,-4.024,1.812,9.865,否,194451046.0,178179500.0,4931278526.56,4518632120.0,279.047989,5.185511,7.340873,26.43,26.36,25.69,24.85,23.88,23.11,22.23,2021-09-30,-
2025-09-18,301073,君亭酒店,旅游酒店,25.22,26.02,24.81,25.58,24.81,14573260,373894800.9,8.179,1.183,4.77,否,1.13,-3.216,-7.016,1.387,10.354,否,194451046.0,178179500.0,4989613840.36,4572085970.0,282.34903,5.246854,7.427713,26.1,26.4,25.74,24.96,23.89,23.13,22.27,2021-09-30,-
2025-09-19,301073,君亭酒店,旅游酒店,25.31,27.41,24.37,26.39,24.37,24482546,633504609.64,13.7404,3.157,11.89,否,1.89,-1.124,-3.191,1.617,12.971,否,194451046.0,178179500.0,5147119187.62,4716411365.0,291.26184,5.41248,7.662181,26.07,26.44,25.83,25.09,23.93,23.17,22.3,2021-09-30,-
2025-09-22,301073,君亭酒店,旅游酒店,25.73,25.86,24.62,24.7,24.62,13843031,348179225.46,7.7691,-6.385,4.68,否,0.9,-2.294,-6.828,-6.51,5.017,否,194451046.0,178179500.0,4818496919.88,4415288010.0,272.665977,5.066915,7.172983,25.73,26.27,25.8,25.15,23.94,23.2,22.34,2021-09-30,-
2025-09-23,301073,君亭酒店,旅游酒店,24.34,24.58,23.03,23.31,23.03,10318606,244184261.9,5.7911,-5.65,6.3,否,0.63,-8.874,-11.805,-11.503,-1.271,否,194451046.0,178179500.0,4546265455.48,4165836710.0,257.261119,4.780649,6.767729,25.05,25.97,25.71,25.16,23.93,23.21,22.37,2021-09-30,-
2025-09-24,301073,君亭酒店,旅游酒店,23.14,24.04,22.91,23.45,22.91,8300412,194725051.49,4.6585,0.642,4.88,否,0.52,-11.141,-12.139,-14.758,-3.379,否,194451046.0,178179500.0,4575433112.38,4192563635.0,258.91164,4.81132,6.811149,24.69,25.56,25.67,25.17,23.93,23.23,22.41,2021-09-30,-
2025-09-25,301073,君亭酒店,旅游酒店,23.24,23.8,23.02,23.6,23.02,8772143,205719280.32,4.9232,0.638,3.36,否,0.61,-4.453,-6.646,-13.426,-4.065,否,194451046.0,178179500.0,4604600769.28,4219290560.0,260.56216,4.841991,6.854569,24.29,25.19,25.61,25.19,23.93,23.24,22.44,2021-09-30,-
2025-09-26,301073,君亭酒店,旅游酒店,23.77,23.86,22.97,23.01,22.97,6468198,152166130.27,3.6302,-2.534,3.8,否,0.49,-1.287,-10.047,-13.203,-6.463,否,194451046.0,178179500.0,4487930141.68,4112382860.0,253.960078,4.719306,6.68089,23.61,24.84,25.5,25.18,23.93,23.27,22.47,2021-09-30,-
2025-09-29,301073,君亭酒店,旅游酒店,22.9,23.41,22.35,22.91,22.35,6711097,153767733.87,3.7665,-0.433,4.64,否,0.7,-2.303,-13.187,-13.318,-9.267,否,194451046.0,178179500.0,4468485037.08,4094564910.0,252.859731,4.698858,6.651943,23.26,24.49,25.35,25.16,23.93,23.29,22.5,2021-09-30,-
2025-09-30,301073,君亭酒店,旅游酒店,22.92,23.11,22.45,22.45,22.45,6699292,152592357.99,3.7599,-2.002,2.87,否,0.83,-4.873,-9.109,-15.886,-10.629,否,194451046.0,178179500.0,4379037555.92,4012602340.0,247.798135,4.604799,6.518788,23.08,24.07,25.19,25.12,23.92,23.29,22.54,2021-09-30,-
2025-10-09,301073,君亭酒店,旅游酒店,22.33,22.33,21.11,21.13,21.11,10404168,222627655.7,5.8391,-5.862,5.42,否,1.41,-8.17,-9.352,-16.416,-13.295,否,194451046.0,178179500.0,4122362175.2,3777405400.0,233.273555,4.334891,6.136692,22.62,23.65,25.01,25.01,23.88,23.27,22.56,2021-09-30,-
2025-10-10,301073,君亭酒店,旅游酒店,21.13,21.48,21.06,21.21,21.06,6080651,129675550.71,3.4127,0.377,1.98,否,0.78,-7.42,-9.552,-17.084,-14.476,否,194451046.0,178179500.0,4137918258.88,3791659760.0,234.153833,4.351249,6.15985,22.14,23.22,24.81,24.9,23.85,23.25,22.58,2021-09-30,-
2025-10-13,301073,君亭酒店,旅游酒店,20.48,21.1,20.35,21.04,20.35,4409797,92383999.07,2.4749,-0.799,3.52,否,0.61,-6.281,-10.847,-20.273,-16.175,否,194451046.0,178179500.0,4104861581.06,3761369245.0,232.283243,4.316488,6.11064,21.75,22.68,24.56,24.78,23.81,23.23,22.6,2021-09-30,-
2025-10-14,301073,君亭酒店,旅游酒店,21.06,21.48,20.98,21.21,20.98,6145814,131174925.54,3.4492,0.805,2.37,否,0.9,0.379,-7.823,-14.13,-18.14,否,194451046.0,178179500.0,4137918258.88,3791659760.0,234.153833,4.351249,6.15985,21.41,22.33,24.3,24.65,23.79,23.21,22.61,2021-09-30,-
2025-10-15,301073,君亭酒店,旅游酒店,21.21,21.98,21.13,21.91,21.13,6549655,142649455.76,3.6759,3.29,3.99,否,0.97,3.3,-4.365,-6.006,-14.447,否,194451046.0,178179500.0,4274033991.08,3916385410.0,241.856262,4.494382,6.362476,21.3,22.19,24.08,24.54,23.78,23.18,22.62,2021-09-30,-
2025-10-16,301073,君亭酒店,旅游酒店,21.82,22.19,21.58,21.8,21.58,4114088,90089415.78,2.309,-0.501,2.78,否,0.61,3.612,-2.895,-7.036,-12.203,否,194451046.0,178179500.0,4252644376.02,3896785665.0,240.64588,4.47189,6.330635,21.43,22.03,23.79,24.45,23.78,23.13,22.61,2021-09-30,-
2025-10-17,301073,君亭酒店,旅游酒店,21.82,21.97,21.31,21.31,21.31,3433066,74157993.38,1.9267,-2.248,3.03,否,0.63,0.471,0.852,-9.703,-15.537,否,194451046.0,178179500.0,4143751790.26,3797005145.0,234.483937,4.357383,6.168534,21.45,21.8,23.5,24.34,23.76,23.09,22.6,2021-09-30,-
2025-10-20,301073,君亭酒店,旅游酒店,21.61,21.86,21.38,21.81,21.38,2914331,63264283.82,1.6356,2.346,2.25,否,0.59,-0.456,2.829,-5.215,-16.018,否,194451046.0,178179500.0,4240977313.26,3886094895.0,239.985672,4.459621,6.313267,21.61,21.68,23.26,24.23,23.75,23.06,22.61,2021-09-30,-
2025-10-21,301073,君亭酒店,旅游酒店,21.82,21.97,21.47,21.84,21.47,3085430,66956603.85,1.7316,0.138,2.29,否,0.67,0.183,3.802,-4.67,-17.335,否,194451046.0,178179500.0,4246810844.64,3891440280.0,240.315776,4.465756,6.321951,21.73,21.57,23.03,24.09,23.73,23.04,22.61,2021-09-30,-
2025-10-22,301073,君亭酒店,旅游酒店,21.75,21.9,21.54,21.84,21.54,2546300,55285331.0,1.4291,0.0,1.65,否,0.63,2.487,2.97,-2.717,-17.084,否,194451046.0,178179500.0,4246810844.64,3891440280.0,240.315776,4.465756,6.321951,21.72,21.51,22.79,23.97,23.72,23.02,22.62,2021-09-30,-
2025-10-23,301073,君亭酒店,旅游酒店,21.81,21.98,21.48,21.95,21.48,3084345,67028507.25,1.731,0.504,2.29,否,0.96,0.642,0.183,3.881,-20.211,否,194451046.0,178179500.0,4268200459.7,3911040025.0,241.526158,4.488248,6.353792,21.75,21.59,22.62,23.87,23.71,23.01,22.63,2021-09-30,-
2025-10-24,301073,君亭酒店,旅游酒店,21.94,21.94,21.4,21.65,21.4,4500245,97501234.7,2.5257,-1.367,2.46,否,1.49,-0.87,-0.688,2.074,-20.58,否,194451046.0,178179500.0,4209865145.9,3857586175.0,238.225117,4.426905,6.266952,21.82,21.64,22.43,23.75,23.69,22.99,22.65,2021-09-30,-
2025-10-27,301073,君亭酒店,旅游酒店,21.85,21.92,21.54,21.68,21.54,3147881,68343222.71,1.7667,0.139,1.76,否,0.98,-0.733,1.736,3.042,-18.22,否,194451046.0,178179500.0,4215698677.28,3862931560.0,251.086972,4.415703,6.210957,21.79,21.7,22.19,23.61,23.67,22.98,22.66,2021-09-30,-
2025-10-28,301073,君亭酒店,旅游酒店,21.69,21.82,21.41,21.43,21.41,2516097,54350027.66,1.4121,-1.153,1.89,否,0.77,-2.369,-1.742,1.037,-18.918,否,194451046.0,178179500.0,4167085915.78,3818386685.0,248.191596,4.364784,6.139337,21.71,21.72,22.03,23.44,23.65,22.98,22.66,2021-09-30,-
2025-10-29,301073,君亭酒店,旅游酒店,21.44,21.44,21.01,21.18,21.01,3319453,70231688.33,1.863,-1.167,2.01,否,1.05,-2.171,-3.022,-3.332,-20.644,否,194451046.0,178179500.0,4118473154.28,3773841810.0,245.296221,4.313865,6.067716,21.58,21.65,21.92,23.27,23.63,22.98,22.66,2021-09-30,-
2025-10-30,301073,君亭酒店,旅游酒店,21.17,21.25,20.8,20.8,20.8,2980100,62565972.5,1.6725,-1.794,2.12,否,0.9,-4.059,-4.762,-4.587,-17.722,否,194451046.0,178179500.0,4044581756.8,3706133600.0,240.89525,4.236468,5.958852,21.35,21.55,21.79,23.05,23.59,22.97,22.64,2021-09-30,-
2025-10-31,301073,君亭酒店,旅游酒店,20.9,21.56,20.86,21.49,20.86,4602912,98095657.93,2.5833,3.317,3.37,否,1.4,0.28,-2.096,0.845,-15.989,否,194451046.0,178179500.0,4178752978.54,3829077455.0,248.886486,4.377005,6.156526,21.32,21.57,21.68,22.85,23.58,22.97,22.63,2021-09-30,-
2025-11-03,301073,君亭酒店,旅游酒店,21.45,21.68,21.4,21.61,21.4,2900000,62475678.5,1.6276,0.558,1.3,否,0.88,2.03,-0.185,-0.917,-18.113,否,194451046.0,178179500.0,4202087104.06,3850458995.0,250.276267,4.401446,6.190904,21.3,21.55,21.61,22.69,23.57,22.97,22.62,2021-09-30,-
2025-11-04,301073,君亭酒店,旅游酒店,21.51,21.84,21.5,21.66,21.5,3521567,76230189.3,1.9764,0.231,1.57,否,1.08,4.135,-0.092,-0.824,-12.308,否,194451046.0,178179500.0,4211809656.36,3859367970.0,250.855342,4.41163,6.205228,21.35,21.53,21.55,22.53,23.57,22.97,22.61,2021-09-30,-
2025-11-05,301073,君亭酒店,旅游酒店,22.01,22.72,21.9,21.96,21.9,9123713,203347585.09,5.1205,1.385,3.79,否,2.63,2.187,2.473,0.549,-5.792,否,194451046.0,178179500.0,4270144970.16,3912821820.0,254.329793,4.472733,6.291173,21.5,21.54,21.53,22.37,23.56,22.98,22.6,2021-09-30,-
2025-11-06,301073,君亭酒店,旅游酒店,21.76,21.91,21.37,21.61,21.37,6430071,138631909.49,3.6088,-1.594,2.46,否,1.39,0.0,2.03,-1.549,-7.846,否,194451046.0,178179500.0,4202087104.06,3850458995.0,250.276267,4.401446,6.190904,21.67,21.51,21.55,22.25,23.55,22.98,22.6,2021-09-30,-
2025-11-07,301073,君亭酒店,旅游酒店,21.54,21.96,21.54,21.58,21.54,3731117,81123193.73,2.094,-0.139,1.94,否,0.7,-0.369,3.75,-0.323,-8.559,否,194451046.0,178179500.0,4196253572.68,3845113610.0,249.928822,4.395335,6.182309,21.68,21.5,21.57,22.12,23.54,22.97,22.59,2021-09-30,-
2025-11-10,301073,君亭酒店,旅游酒店,21.6,23.74,21.41,23.33,21.41,16912612,386507163.93,9.4919,8.109,10.8,否,3.29,6.239,8.562,7.611,1.391,否,194451046.0,178179500.0,4536542903.18,4156927735.0,270.196451,4.751769,6.683655,22.03,21.67,21.68,22.02,23.55,22.99,22.59,2021-09-30,-
2025-11-11,301073,君亭酒店,旅游酒店,23.57,23.99,23.09,23.81,23.09,11589666,274512489.61,6.5045,2.057,3.86,否,1.46,10.18,10.18,11.106,3.928,否,194451046.0,178179500.0,4629879405.26,4242453895.0,275.755572,4.849534,6.821167,22.46,21.9,21.81,21.99,23.57,23.01,22.58,2021-09-30,-
2025-11-12,301073,君亭酒店,旅游酒店,23.8,24.19,23.45,23.53,23.45,7846313,186717788.7,4.4036,-1.176,3.11,否,0.82,9.036,8.633,11.095,4.811,否,194451046.0,178179500.0,4575433112.38,4192563635.0,272.512751,4.792504,6.740951,22.77,22.14,21.89,21.99,23.58,23.03,22.58,2021-09-30,-
2025-11-13,301073,君亭酒店,旅游酒店,23.44,23.93,23.2,23.82,23.2,5262558,124687868.39,2.9535,1.233,3.1,否,0.57,2.1,8.47,14.519,12.731,否,194451046.0,178179500.0,4631823915.72,4244235690.0,275.871387,4.851571,6.824032,23.21,22.44,21.99,22.01,23.59,23.05,22.58,2021-09-30,-
2025-11-14,301073,君亭酒店,旅游酒店,23.78,24.6,23.78,24.1,23.78,8707827,211680927.58,4.8871,1.176,3.44,否,0.96,1.218,11.522,12.145,13.626,否,194451046.0,178179500.0,4686270208.6,4294125950.0,279.114208,4.9086,6.904247,23.72,22.7,22.13,22.02,23.6,23.07,22.58,2021-09-30,-
2025-11-17,301073,君亭酒店,旅游酒店,24.42,24.98,24.1,24.83,24.1,8215470,202942326.05,4.6108,3.029,3.65,否,0.82,5.525,15.06,14.901,18.013,否,194451046.0,178179500.0,4828219472.18,4424196985.0,287.568704,5.057284,7.11338,24.02,23.02,22.29,22.08,23.63,23.1,22.58,2021-09-30,-
2025-11-18,301073,君亭酒店,旅游酒店,24.66,25.09,24.24,24.42,24.24,5765997,141907706.92,3.2361,-1.651,3.42,否,0.69,2.519,4.672,12.742,15.134,否,194451046.0,178179500.0,4748494543.32,4351143390.0,282.820288,4.973776,6.995922,24.14,23.3,22.41,22.13,23.64,23.13,22.57,2021-09-30,-
2025-11-19,301073,君亭酒店,旅游酒店,24.4,24.68,23.71,23.99,23.71,6357913,152702433.66,3.5683,-1.761,3.97,否,0.89,-0.456,0.756,9.244,9.493,否,194451046.0,178179500.0,4664880593.54,4274526205.0,277.840242,4.886195,6.872734,24.23,23.5,22.52,22.18,23.65,23.16,22.56,2021-09-30,-
2025-11-20,301073,君亭酒店,旅游酒店,24.0,24.14,23.41,23.66,23.41,4170075,98538648.03,2.3404,-1.376,3.04,否,0.61,-4.712,0.552,9.486,8.532,否,194451046.0,178179500.0,4600711748.36,4215726970.0,274.018347,4.818982,6.778194,24.2,23.71,22.61,22.27,23.64,23.18,22.55,2021-09-30,-
2025-11-21,301073,君亭酒店,旅游酒店,23.66,23.68,22.75,22.91,22.75,3945297,91251865.06,2.2142,-3.17,3.93,否,0.59,-6.183,-3.82,6.163,7.508,否,194451046.0,178179500.0,4454873463.86,4082092345.0,265.33222,4.666225,6.563332,23.96,23.84,22.67,22.33,23.61,23.19,22.53,2021-09-30,-
2025-11-24,301073,君亭酒店,旅游酒店,23.25,26.46,23.09,25.95,23.09,17608020,445645135.75,9.8822,13.269,14.71,否,3.09,8.17,7.676,11.23,18.982,否,194451046.0,178179500.0,5046004643.7,4623758025.0,300.539987,5.285401,7.434241,24.19,24.1,22.88,22.49,23.63,23.23,22.53,2021-09-30,-
2025-11-25,301073,君亭酒店,旅游酒店,26.58,28.43,26.26,28.1,26.26,16585607,459289455.39,9.3084,8.285,8.36,否,2.19,18.766,13.17,18.018,28.663,否,194451046.0,178179500.0,5464074392.6,5006843950.0,325.440217,5.723305,8.05018,24.92,24.53,23.22,22.72,23.68,23.29,22.55,2021-09-30,-
2025-12-03,301073,君亭酒店,旅游酒店,25.0,30.0,25.0,27.45,25.0,26461181,729690019.85,14.8509,-2.313,17.79,否,2.72,19.817,12.408,16.66,25.687,否,194451046.0,178179500.0,5337681212.7,4891027275.0,317.912241,5.590916,7.863966,25.61,24.92,23.53,22.9,23.72,23.34,22.57,2021-09-30,-
2025-12-04,301073,君亭酒店,旅游酒店,28.15,28.74,25.81,26.19,25.81,17073716,453065051.39,9.5823,-4.59,10.67,否,1.24,0.925,9.17,9.95,19.317,否,194451046.0,178179500.0,5092672894.74,4666521105.0,303.319548,5.334283,7.502997,26.12,25.16,23.8,23.05,23.75,23.37,22.58,2021-09-30,-
2025-12-05,301073,君亭酒店,旅游酒店,26.7,26.7,25.89,26.18,25.89,12018988,315055816.12,6.7454,-0.038,3.09,否,0.74,-6.833,10.651,8.631,20.924,否,194451046.0,178179500.0,5090728384.28,4664739310.0,303.203733,5.332247,7.500132,26.77,25.37,24.03,23.21,23.77,23.41,22.6,2021-09-30,-
2025-12-08,301073,君亭酒店,旅游酒店,26.4,27.85,26.28,26.84,26.28,10720028,288236082.54,6.0164,2.521,6.0,否,0.6,-2.222,17.154,8.095,23.801,否,194451046.0,178179500.0,5219066074.64,4782337780.0,310.847524,5.466673,7.689211,26.95,25.57,24.3,23.38,23.8,23.45,22.62,2021-09-30,-
2025-12-09,301073,君亭酒店,旅游酒店,26.76,27.1,26.0,26.01,26.0,7652451,201574433.21,4.2948,-3.092,4.1,否,0.46,-0.687,0.231,6.511,21.372,否,194451046.0,178179500.0,5057671706.46,4634448795.0,301.234877,5.297622,7.45143,26.53,25.73,24.51,23.52,23.81,23.48,22.63,2021-09-30,-
2025-12-10,301073,君亭酒店,旅游酒店,26.2,26.5,25.91,26.07,25.91,6058640,158285710.75,3.4003,0.231,2.27,否,0.41,-0.42,-7.224,8.67,23.088,否,194451046.0,178179500.0,5069338769.22,4645139565.0,301.929767,5.309842,7.468619,26.26,25.94,24.72,23.66,23.81,23.51,22.65,2021-09-30,-
2025-12-11,301073,君亭酒店,旅游酒店,26.01,26.2,25.25,25.33,25.25,6415025,164433483.75,3.6003,-2.839,3.64,否,0.6,-5.626,-7.723,7.058,21.779,否,194451046.0,178179500.0,4925444995.18,4513286735.0,293.359456,5.159122,7.256621,26.09,26.1,24.91,23.77,23.82,23.53,22.66,2021-09-30,-
2025-12-12,301073,君亭酒店,旅游酒店,25.22,25.49,24.72,24.95,24.72,7357858,184277237.23,4.1295,-1.5,3.04,否,0.86,-4.075,-4.735,8.904,16.101,否,194451046.0,178179500.0,4851553597.7,4445578525.0,288.958485,5.081725,7.147758,25.84,26.31,25.07,23.88,23.82,23.54,22.67,2021-09-30,-
2025-12-15,301073,君亭酒店,旅游酒店,24.99,25.18,23.97,24.21,23.97,8287881,202196661.8,4.6514,-2.966,4.85,否,1.08,-7.135,-7.525,-6.705,12.031,否,194451046.0,178179500.0,4707659823.66,4313725695.0,280.388173,4.931004,6.93576,25.31,26.13,25.12,23.97,23.79,23.57,22.68,2021-09-30,-
2025-12-16,301073,君亭酒店,旅游酒店,24.22,26.26,24.15,25.76,24.15,22180225,566784258.09,12.4482,6.402,8.72,否,3.1,1.698,-4.024,-8.327,18.929,否,194451046.0,178179500.0,5009058944.96,4589903920.0,298.339502,5.246703,7.379809,25.26,25.9,25.22,24.11,23.78,23.6,22.69,2021-09-30,-
2025-12-17,301073,君亭酒店,旅游酒店,26.59,27.28,26.02,26.23,26.02,16488702,437427144.59,9.254,1.825,4.89,否,1.64,5.13,0.846,-4.444,19.444,否,194451046.0,178179500.0,5100450936.58,4673648285.0,303.782808,5.34243,7.514456,25.3,25.78,25.35,24.28,23.77,23.64,22.71,2021-09-30,-
2025-12-18,301073,君亭酒店,旅游酒店,26.0,27.14,25.76,26.47,25.76,11786087,313291863.1,6.6147,0.915,5.26,否,0.97,9.335,1.534,1.069,22.49,否,194451046.0,178179500.0,5147119187.62,4716411365.0,306.562368,5.391313,7.583212,25.52,25.81,25.48,24.47,23.76,23.67,22.72,2021-09-30,-
2025-12-19,301073,君亭酒店,旅游酒店,26.82,27.3,26.16,27.3,26.16,10530860,282401005.9,5.9103,3.136,4.31,否,0.8,5.978,7.777,4.278,26.506,否,194451046.0,178179500.0,5308513555.8,4864300350.0,316.175015,5.560364,7.820993,25.99,25.92,25.64,24.66,23.76,23.71,22.73,2021-09-30,-
2025-12-22,301073,君亭酒店,旅游酒店,26.54,28.03,26.54,27.7,26.54,12826549,352905674.89,7.1987,1.465,5.46,否,0.93,5.604,11.022,3.204,18.731,否,194451046.0,178179500.0,5386293974.2,4935572150.0,320.807616,5.641835,7.935587,26.69,26.0,25.79,24.87,23.78,23.75,22.75,2021-09-30,-
2025-12-23,301073,君亭酒店,旅游酒店,27.44,27.7,26.68,27.13,26.68,8426816,229297644.26,4.7294,-2.058,3.68,否,0.57,2.493,12.061,4.306,13.944,否,194451046.0,178179500.0,5275456877.98,4834009835.0,314.20616,5.525739,7.772291,26.97,26.12,25.92,25.05,23.79,23.78,22.77,2021-09-30,-
2025-12-24,301073,君亭酒店,旅游酒店,27.2,27.6,26.63,27.0,26.63,7339933,199434650.27,4.1194,-0.479,3.58,否,0.61,-1.099,4.814,3.567,14.747,否,194451046.0,178179500.0,5250178242.0,4810846500.0,312.700565,5.499261,7.735048,27.12,26.21,26.07,25.22,23.79,23.82,22.78,2021-09-30,-
2025-12-25,301073,君亭酒店,旅游酒店,26.78,27.02,26.4,26.56,26.4,4838850,128908843.22,2.7157,-1.63,2.3,否,0.48,-4.116,1.258,4.856,11.503,否,194451046.0,178179500.0,5164619781.76,4732447520.0,307.604704,5.409644,7.608996,27.14,26.33,26.22,25.38,23.82,23.85,22.79,2021-09-30,-
2025-12-26,301073,君亭酒店,旅游酒店,26.51,27.24,26.33,26.85,26.33,5852214,157048504.98,3.2844,1.092,3.43,否,0.67,-1.032,1.436,7.615,11.411,否,194451046.0,178179500.0,5221010585.1,4784119575.0,310.963339,5.46871,7.692076,27.05,26.52,26.41,25.56,23.84,23.86,22.8,2021-09-30,-
2025-12-29,301073,君亭酒店,旅游酒店,26.69,26.8,25.88,25.99,25.88,5961863,155764041.82,3.346,-3.203,3.43,否,0.76,-3.741,-4.799,7.352,4.672,否,194451046.0,178179500.0,5053782685.54,4630885205.0,301.003247,5.293548,7.4457,26.71,26.7,26.42,25.64,23.83,23.88,22.8,2021-09-30,-
2025-12-30,301073,君亭酒店,旅游酒店,25.95,26.03,25.65,25.85,25.65,3851600,99304344.0,2.1616,-0.539,1.46,否,0.59,-2.673,-6.679,0.349,5.856,否,194451046.0,178179500.0,5026559539.1,4605940075.0,299.381837,5.265033,7.405593,26.45,26.71,26.3,25.71,23.85,23.89,22.8,2021-09-30,-
2025-12-31,301073,君亭酒店,旅游酒店,25.93,26.26,25.51,26.06,25.51,5432700,141112520.0,3.05,0.81,2.9,否,0.98,-2.942,-3.944,-0.648,8.629,否,194451046.0,178179500.0,5067394258.76,4643357770.0,301.813952,5.307806,7.465754,26.26,26.69,26.23,25.8,23.9,23.91,22.8,2021-09-30,-
2026-01-05,301073,君亭酒店,旅游酒店,25.83,25.95,25.36,25.75,25.36,4985700,127282927.0,2.8,-1.19,2.26,否,0.96,-0.923,-4.63,-2.72,8.833,否,194451046.0,178179500.0,5007114434.5,4588122125.0,298.223687,5.244666,7.376944,26.1,26.62,26.21,25.86,23.93,23.93,22.8,2021-09-30,-
2026-01-06,301073,君亭酒店,旅游酒店,25.59,26.37,25.58,25.72,25.58,4932300,127439080.0,2.77,-0.12,3.07,否,0.95,-0.503,-3.163,-5.788,12.265,否,194451046.0,178179500.0,5001280903.12,4582776740.0,297.876242,5.238556,7.36835,25.87,26.46,26.19,25.92,23.97,23.95,22.81,2021-09-30,-
2026-01-07,301073,君亭酒店,旅游酒店,25.82,29.53,25.81,28.49,25.81,19985200,559183588.0,11.22,10.77,14.46,否,3.97,9.325,6.108,2.852,9.788,否,194451046.0,178179500.0,5539910300.54,5076333955.0,329.957003,5.802739,8.161908,26.37,26.54,26.27,26.04,24.06,24.0,22.82,2021-09-30,-
2026-01-08,301073,君亭酒店,旅游酒店,28.58,28.91,28.0,28.57,28.0,9197500,261897830.0,5.16,0.28,3.19,否,1.17,10.951,9.927,5.308,1.673,否,194451046.0,178179500.0,5555466384.22,5090588315.0,330.883523,5.819033,8.184827,26.92,26.68,26.4,26.18,24.15,24.04,22.84,2021-09-30,-
2026-01-09,301073,君亭酒店,旅游酒店,28.71,29.78,28.01,29.22,28.01,15236800,443271831.0,8.55,2.28,6.2,否,1.71,13.608,13.037,8.222,6.448,否,194451046.0,178179500.0,5681859564.12,5206404990.0,338.4115,5.951423,8.371041,27.55,26.91,26.56,26.35,24.27,24.09,22.86,2021-09-30,-
2026-01-12,301073,君亭酒店,旅游酒店,29.0,31.96,28.89,31.85,28.89,14084100,436233435.0,7.9,9.0,10.51,否,1.3,11.794,22.218,19.917,21.611,否,194451046.0,178179500.0,6193265815.1,5675017075.0,368.870851,6.487092,9.124492,28.77,27.44,26.88,26.62,24.45,24.16,22.9,2021-09-30,-
2026-01-13,301073,君亭酒店,旅游酒店,30.9,31.78,30.41,30.83,30.41,8179700,252859220.0,4.59,-3.2,4.3,否,0.64,7.91,19.728,14.823,17.762,否,194451046.0,178179500.0,5994925748.18,5493273985.0,357.057719,6.279342,8.832279,29.79,27.83,27.18,26.89,24.61,24.23,22.94,2021-09-30,-
2026-01-14,301073,君亭酒店,旅游酒店,30.64,31.68,29.8,30.8,29.8,9186300,282755100.0,5.16,-0.1,6.1,否,0.69,5.407,19.751,18.507,14.754,否,194451046.0,178179500.0,5989092216.8,5487928600.0,356.710274,6.273231,8.823685,30.25,28.31,27.51,27.05,24.77,24.29,22.97,2021-09-30,-
2026-01-15,301073,君亭酒店,旅游酒店,31.71,33.62,30.8,30.86,30.8,15595000,501178391.0,8.75,0.19,9.16,否,1.4,-3.108,8.319,19.381,18.647,否,194451046.0,178179500.0,6000759279.56,5498619370.0,357.405164,6.285452,8.840874,30.71,28.82,27.76,27.14,24.93,24.36,23.01,2021-09-30,-
2026-01-16,301073,君亭酒店,旅游酒店,30.04,31.09,29.73,29.73,29.73,11483200,347036086.0,6.44,-3.66,4.41,否,0.92,-3.568,4.06,14.083,14.039,否,194451046.0,178179500.0,5781029597.58,5297276535.0,344.318066,6.055298,8.517148,30.81,29.18,27.94,27.22,25.06,24.42,23.04,2021-09-30,-
2026-01-19,301073,君亭酒店,旅游酒店,29.6,32.6,29.46,31.75,29.46,11183500,351535284.0,6.28,6.79,10.56,否,0.96,3.084,8.658,23.301,25.345,否,194451046.0,178179500.0,6173820710.5,5657199125.0,367.712701,6.466724,9.095844,30.79,29.78,28.2,27.4,25.23,24.5,23.08,2021-09-30,-
2026-01-20,301073,君亭酒店,旅游酒店,31.01,32.0,30.53,30.8,30.53,6555200,203776530.0,3.68,-2.99,4.63,否,0.59,-0.194,-3.297,19.751,23.447,否,194451046.0,178179500.0,5989092216.8,5487928600.0,356.710274,6.273231,8.823685,30.79,30.29,28.38,27.56,25.38,24.57,23.12,2021-09-30,-
2026-01-21,301073,君亭酒店,旅游酒店,30.89,31.02,29.95,30.14,29.95,4769800,144167744.0,2.68,-2.14,3.47,否,0.44,1.379,-2.238,5.792,24.494,否,194451046.0,178179500.0,5860754526.44,5370330130.0,349.066482,6.138805,8.634606,30.66,30.46,28.5,27.67,25.52,24.63,23.16,2021-09-30,-
2026-01-22,301073,君亭酒店,旅游酒店,30.13,31.65,29.7,31.05,29.7,6021300,185649825.0,3.38,3.02,6.47,否,0.61,-2.205,0.812,8.68,20.536,否,194451046.0,178179500.0,6037704978.3,5532473475.0,359.605649,6.32415,8.895306,30.69,30.7,28.69,27.83,25.68,24.7,23.2,2021-09-30,-
2026-01-23,301073,君亭酒店,旅游酒店,30.8,31.35,30.4,30.47,30.4,3953200,121137800.0,2.22,-1.87,3.06,否,0.49,-1.071,-1.264,4.278,16.165,否,194451046.0,178179500.0,5924923371.62,5429129365.0,352.888378,6.206018,8.729145,30.84,30.83,28.87,27.98,25.82,24.77,23.25,2021-09-30,-
2026-01-26,301073,君亭酒店,旅游酒店,30.53,31.66,30.32,30.93,30.32,4809800,148587600.0,2.7,1.51,4.4,否,0.74,2.621,4.036,-2.889,16.849,否,194451046.0,178179500.0,6014370852.78,5511091935.0,358.215869,6.299709,8.860928,30.68,30.74,29.09,28.17,25.97,24.84,23.3,2021-09-30,-
2026-01-27,301073,君亭酒店,旅游酒店,31.0,31.8,29.71,30.27,29.71,5264700,160205448.0,2.95,-2.13,6.76,否,1.01,-2.512,-4.661,-1.816,10.879,否,194451046.0,178179500.0,5886033162.42,5393493465.0,350.572077,6.165283,8.671849,30.57,30.68,29.26,28.34,26.11,24.9,23.34,2021-09-30,-
2026-01-28,301073,君亭酒店,旅游酒店,30.24,31.26,30.0,30.53,30.0,4702500,144228668.0,2.64,0.86,4.16,否,0.95,0.197,-0.877,-0.877,10.217,否,194451046.0,178179500.0,5936590434.38,5439820135.0,353.583268,6.218239,8.746334,30.65,30.65,29.48,28.56,26.26,24.97,23.39,2021-09-30,-
2026-01-29,301073,君亭酒店,旅游酒店,30.5,31.43,29.52,30.92,29.52,5926700,182674563.0,3.33,1.28,6.26,否,1.2,-0.032,2.588,0.194,13.97,否,194451046.0,178179500.0,6012426342.32,5509310140.0,358.100054,6.297673,8.858063,30.62,30.66,29.74,28.73,26.42,25.03,23.44,2021-09-30,-
2026-01-30,301073,君亭酒店,旅游酒店,31.37,33.36,30.1,30.26,30.1,17330700,547656077.0,9.73,-2.13,10.54,否,3.51,-0.033,-2.544,1.783,12.074,否,194451046.0,178179500.0,5884088651.96,5391711670.0,350.456262,6.163246,8.668984,30.58,30.71,29.95,28.86,26.57,25.1,23.48,2021-09-30,-
2026-02-02,301073,君亭酒店,旅游酒店,29.43,31.34,29.2,30.2,29.2,9309400,284221454.0,5.22,-0.2,7.07,否,1.22,-1.081,-0.886,-4.882,13.705,否,194451046.0,178179500.0,5872421589.2,5381020900.0,349.761372,6.151026,8.651795,30.44,30.56,30.17,28.99,26.73,25.16,23.53,2021-09-30,-
2026-02-03,301073,君亭酒店,旅游酒店,30.15,31.33,29.9,30.55,29.9,6992300,214376972.0,3.92,1.16,4.74,否,0.82,-1.197,-1.229,-0.812,13.78,否,194451046.0,178179500.0,5940479455.3,5443383725.0,353.814898,6.222312,8.752064,30.49,30.53,30.41,29.09,26.88,25.23,23.57,2021-09-30,-
2026-02-04,301073,君亭酒店,旅游酒店,30.3,33.12,30.1,32.19,30.1,10766900,344992342.0,6.04,5.37,9.89,否,1.22,6.378,6.343,6.802,23.855,否,194451046.0,178179500.0,6259379170.74,5735598105.0,372.808562,6.556342,9.221897,30.82,30.74,30.6,29.24,27.05,25.31,23.62,2021-09-30,-
2026-02-05,301073,君亭酒店,旅游酒店,32.19,35.0,32.0,34.66,32.0,13141500,448535074.0,7.38,7.67,9.32,否,1.31,14.768,13.528,11.626,34.081,否,194451046.0,178179500.0,6739673254.36,6175701470.0,401.414873,7.059422,9.92951,31.57,31.1,30.9,29.5,27.27,25.42,23.68,2021-09-30,-
2026-02-06,301073,君亭酒店,旅游酒店,33.82,34.32,32.5,33.4,32.5,9730400,324544023.0,5.46,-3.64,5.25,否,0.85,9.329,8.021,9.616,28.166,否,194451046.0,178179500.0,6494664936.4,5951195300.0,386.82218,6.80279,9.568541,32.2,31.39,31.11,29.71,27.46,25.51,23.73,2021-09-30,-
2026-02-09,301073,君亭酒店,旅游酒店,33.62,33.86,31.8,33.27,31.8,10271400,335608800.0,5.76,-0.39,6.17,否,1.03,3.355,9.947,7.565,29.204,否,194451046.0,178179500.0,6469386300.42,5928031965.0,385.316585,6.776312,9.531298,32.81,31.63,31.18,29.93,27.66,25.6,23.78,2021-09-30,-
2026-02-10,301073,君亭酒店,旅游酒店,32.6,33.0,31.55,32.48,31.55,6880900,220728037.0,3.86,-2.37,4.36,否,0.68,-6.29,7.55,7.301,26.283,否,194451046.0,178179500.0,6315769974.08,5787270160.0,376.167198,6.615408,9.304977,33.2,31.85,31.26,30.12,27.84,25.69,23.83,2021-09-30,-
2026-02-11,301073,君亭酒店,旅游酒店,32.6,32.6,30.68,30.86,30.68,6731100,210147888.0,3.78,-4.99,5.91,否,0.66,-7.605,1.015,1.081,8.319,否,194451046.0,178179500.0,6000759279.56,5498619370.0,357.405164,6.285452,8.840874,32.93,31.88,31.27,30.28,27.96,25.76,23.87,2021-09-30,-
2026-02-12,301073,君亭酒店,旅游酒店,30.56,31.21,30.3,30.75,30.3,4761700,146675450.0,2.67,-0.36,2.95,否,0.51,-7.574,-4.473,-0.55,7.63,否,194451046.0,178179500.0,5979369664.5,5479019625.0,356.131199,6.263048,8.809361,32.15,31.86,31.26,30.45,28.08,25.82,23.91,2021-09-30,-
2026-02-13,301073,君亭酒店,旅游酒店,30.95,31.49,30.2,30.37,30.2,5251700,162083409.0,2.95,-1.24,4.2,否,0.68,-6.496,-12.377,0.364,3.936,否,194451046.0,178179500.0,5905478267.02,5411311415.0,351.730228,6.185651,8.700497,31.55,31.87,31.29,30.59,28.19,25.88,23.96,2021-09-30,-
2026-02-24,301073,君亭酒店,旅游酒店,30.29,30.56,28.8,28.94,28.8,6520600,190568735.0,3.66,-4.71,5.8,否,0.96,-6.222,-13.353,-4.172,-9.137,否,194451046.0,178179500.0,5627413271.24,5156514730.0,335.168679,5.894393,8.290826,30.68,31.75,31.15,30.7,28.28,25.93,24.0,2021-09-30,-
2026-02-25,301073,君亭酒店,旅游酒店,28.93,29.31,28.29,29.11,28.29,5622900,162300663.0,3.16,0.59,3.52,否,0.93,-5.333,-12.504,-4.714,-5.579,否,194451046.0,178179500.0,5660469949.06,5186805245.0,337.137535,5.929018,8.339528,30.01,31.6,31.07,30.81,28.36,25.98,24.03,2021-09-30,-
2026-02-26,301073,君亭酒店,旅游酒店,29.0,29.68,28.77,29.23,28.77,7499400,219231320.0,4.21,0.41,3.13,否,1.3,-3.754,-10.006,-9.195,-5.097,否,194451046.0,178179500.0,5683804074.58,5208186785.0,338.527315,5.95346,8.373906,29.68,31.31,31.02,30.83,28.44,26.03,24.07,2021-09-30,-
2026-02-27,301073,君亭酒店,旅游酒店,29.17,30.44,29.17,30.29,29.17,6423400,192558655.0,3.6,3.63,4.34,否,1.08,4.665,-1.847,-12.608,-1.847,否,194451046.0,178179500.0,5889922183.34,5397057055.0,350.803708,6.169356,8.677578,29.59,30.87,30.98,30.89,28.53,26.09,24.11,2021-09-30,-
2026-03-02,301073,君亭酒店,旅游酒店,29.49,30.1,28.66,28.83,28.66,4672900,136277444.0,2.62,-4.82,4.75,否,0.75,-0.962,-6.244,-13.683,-3.027,否,194451046.0,178179500.0,5606023656.18,5136914985.0,333.894714,5.871989,8.259313,29.28,30.41,30.9,30.88,28.61,26.13,24.14,2021-09-30,-
2026-03-03,301073,君亭酒店,旅游酒店,28.87,29.48,28.19,28.19,28.19,4016200,115710944.0,2.25,-2.22,4.47,否,0.65,-3.558,-7.178,-15.269,-11.213,否,194451046.0,178179500.0,5481574986.74,5022880105.0,326.482552,5.741636,8.075963,29.13,29.91,30.77,30.76,28.69,26.16,24.17,2021-09-30,-
2026-03-04,301073,君亭酒店,旅游酒店,27.96,28.66,27.78,28.37,27.78,2987400,84207682.0,1.68,0.64,3.12,否,0.53,-6.339,-1.97,-12.654,-7.89,否,194451046.0,178179500.0,5516576175.02,5054952415.0,328.567223,5.778298,8.12753,28.98,29.49,30.67,30.67,28.78,26.2,24.2,2021-09-30,-
2026-03-05,301073,君亭酒店,旅游酒店,28.55,29.27,28.3,28.55,28.3,3276400,94266649.0,1.84,0.63,3.42,否,0.64,-0.971,-1.924,-7.485,-5.275,否,194451046.0,178179500.0,5551577363.3,5087024725.0,330.651893,5.81496,8.179097,28.85,29.26,30.57,30.6,28.82,26.23,24.23,2021-09-30,-
2026-03-06,301073,君亭酒店,旅游酒店,28.49,29.58,28.39,29.29,28.39,3764600,110031552.0,2.11,2.59,4.17,否,0.88,3.902,0.205,-4.748,-5.668,否,194451046.0,178179500.0,5695471137.34,5218877555.0,339.222205,5.96568,8.391095,28.65,29.12,30.49,30.55,28.84,26.26,24.27,2021-09-30,-
2026-03-09,301073,君亭酒店,旅游酒店,28.5,29.28,28.1,28.55,28.1,3778400,107876498.0,2.12,-2.53,4.03,否,1.01,0.634,-5.744,-5.993,-6.301,否,194451046.0,178179500.0,5551577363.3,5087024725.0,330.651893,5.81496,8.179097,28.59,28.94,30.4,30.51,28.86,26.29,24.3,2021-09-30,-
2026-03-10,301073,君亭酒店,旅游酒店,28.81,29.45,28.7,29.3,28.7,2499500,72919049.0,1.4,2.63,2.63,否,0.7,2.627,1.63,1.244,-5.27,否,194451046.0,178179500.0,5697415647.8,5220659350.0,339.33802,5.967717,8.39396,28.81,28.97,30.36,30.43,28.91,26.33,24.34,2021-09-30,-
2026-03-11,301073,君亭酒店,旅游酒店,29.33,29.75,28.8,28.9,28.8,3750100,109403024.0,2.1,-1.37,3.24,否,1.15,-1.332,2.519,-0.721,-4.526,否,194451046.0,178179500.0,5619635229.4,5149387550.0,334.705419,5.886246,8.279367,28.92,28.95,30.28,30.36,28.96,26.37,24.38,2021-09-30,-
2026-03-12,301073,君亭酒店,旅游酒店,28.9,29.27,28.67,28.95,28.67,2988000,86598776.0,1.68,0.17,2.08,否,0.88,1.401,2.044,-0.958,-5.175,否,194451046.0,178179500.0,5629357781.7,5158296525.0,335.284494,5.89643,8.293691,29.0,28.92,30.11,30.32,28.99,26.4,24.41,2021-09-30,-
2026-03-13,301073,君亭酒店,旅游酒店,29.0,29.79,28.8,29.41,28.8,4337400,127436350.0,2.43,1.59,3.42,否,1.29,0.375,3.012,-2.905,-4.884,否,194451046.0,178179500.0,5718805262.86,5240259095.0,340.611985,5.990121,8.425473,29.02,28.83,29.85,30.27,29.05,26.43,24.45,2021-09-30,-
2026-03-16,301073,君亭酒店,旅游酒店,29.38,29.65,28.02,28.51,28.02,4534200,130380172.0,2.54,-3.06,5.54,否,1.31,-1.349,-2.663,-1.11,-5.783,否,194451046.0,178179500.0,5543799321.46,5079897545.0,330.188633,5.806813,8.167638,29.01,28.8,29.61,30.2,29.09,26.45,24.48,2021-09-30,-
2026-03-17,301073,君亭酒店,旅游酒店,28.51,29.24,28.25,28.35,28.25,3620900,104036614.0,2.03,-0.56,3.47,否,1.0,-2.073,-0.701,0.568,-6.126,否,194451046.0,178179500.0,5512687154.1,5051388825.0,328.335593,5.774224,8.121801,28.82,28.82,29.36,30.12,29.14,26.48,24.51,2021-09-30,-
2026-03-18,301073,君亭酒店,旅游酒店,28.3,28.9,27.88,28.32,27.88,2346100,65952869.0,1.32,-0.11,3.6,否,0.61,-3.706,-3.345,-0.176,-7.3,否,194451046.0,178179500.0,5506853622.72,5046043440.0,327.988148,5.768114,8.113206,28.71,28.81,29.15,30.05,29.2,26.51,24.54,2021-09-30,-
2026-03-19,301073,君亭酒店,旅游酒店,27.92,28.67,27.57,27.88,27.57,3330900,93235610.0,1.87,-1.55,3.88,否,0.93,-2.21,-3.529,-2.347,-13.389,否,194451046.0,178179500.0,5421295162.48,4967644460.0,322.892287,5.678496,7.987154,28.49,28.75,29.0,29.96,29.26,26.52,24.57,2021-09-30,-
2026-03-20,301073,君亭酒店,旅游酒店,28.0,28.43,27.51,27.51,27.51,3217200,90382310.0,1.81,-1.33,3.3,否,0.89,-2.963,-4.974,-6.077,-20.629,否,194451046.0,178179500.0,5349348275.46,4901718045.0,318.607131,5.603136,7.881155,28.11,28.57,28.84,29.85,29.29,26.53,24.6,2021-09-30,-
2026-03-23,301073,君亭酒店,旅游酒店,27.08,27.38,24.8,25.1,24.8,7223000,187239373.0,4.05,-8.76,9.38,否,2.12,-11.37,-14.655,-12.084,-24.85,否,194451046.0,178179500.0,4880721254.6,4472305450.0,290.69571,5.112276,7.19073,27.43,28.22,28.58,29.68,29.27,26.52,24.61,2021-09-30,-
2026-03-24,301073,君亭酒店,旅游酒店,25.64,25.97,25.02,25.87,25.02,4988800,127117161.0,2.8,3.07,3.78,否,1.26,-7.209,-9.26,-11.706,-22.242,否,194451046.0,178179500.0,5030448560.02,4609503665.0,299.613467,5.269107,7.411322,26.94,27.88,28.43,29.53,29.26,26.51,24.63,2021-09-30,-
2026-03-25,301073,君亭酒店,旅游酒店,26.14,27.12,26.01,26.83,26.01,4339800,115665066.0,2.44,3.71,4.29,否,1.03,-2.472,-5.362,-7.163,-17.395,否,194451046.0,178179500.0,5217121564.18,4780555985.0,310.731709,5.464636,7.686346,26.64,27.67,28.31,29.41,29.25,26.5,24.65,2021-09-30,-
2026-03-26,301073,君亭酒店,旅游酒店,26.78,27.37,26.61,26.71,26.61,3390200,91245984.0,1.9,-0.45,2.83,否,0.73,6.414,-5.685,-7.737,-13.448,否,194451046.0,178179500.0,5193787438.66,4759174445.0,309.341929,5.440195,7.651968,26.4,27.45,28.19,29.23,29.24,26.51,24.68,2021-09-30,-
2026-03-27,301073,君亭酒店,旅游酒店,26.52,27.32,26.34,27.22,26.34,2738900,73773996.0,1.54,1.91,3.67,否,0.59,5.218,-2.367,-7.446,-11.48,否,194451046.0,178179500.0,5292957472.12,4850045990.0,315.248495,5.54407,7.798075,26.35,27.23,28.03,28.98,29.24,26.51,24.7,2021-09-30,-
2026-03-30,301073,君亭酒店,旅游酒店,26.8,27.66,26.62,27.36,26.62,2703600,73687367.0,1.52,0.51,3.82,否,0.6,1.975,-0.545,-4.034,-9.911,否,194451046.0,178179500.0,5320180618.56,4874991120.0,316.869905,5.572585,7.838182,26.8,27.12,27.96,28.78,29.24,26.52,24.72,2021-09-30,-
2026-03-31,301073,君亭酒店,旅游酒店,27.36,28.28,26.9,27.2,26.9,3792200,104466964.0,2.13,-0.58,5.04,否,1.04,1.835,8.367,-4.056,-6.012,否,194451046.0,178179500.0,5289068451.2,4846482400.0,315.016865,5.539997,7.792345,27.06,27.0,27.91,28.57,29.25,26.53,24.74,2021-09-30,-
2026-04-01,301073,君亭酒店,旅游酒店,27.56,28.28,27.07,27.91,27.07,3948800,109658156.0,2.22,2.61,4.45,否,1.16,2.535,7.886,-1.448,-4.122,否,194451046.0,178179500.0,5427128693.86,4972989845.0,323.239732,5.684607,7.995748,27.28,26.96,27.89,28.42,29.27,26.55,24.76,2021-09-30,-
2026-04-02,301073,君亭酒店,旅游酒店,27.88,27.89,26.62,26.99,26.62,4112800,111249627.0,2.31,-3.3,4.55,否,1.24,-1.352,0.596,-3.192,-7.663,否,194451046.0,178179500.0,5248233731.54,4809064705.0,312.58475,5.497225,7.732184,27.34,26.87,27.81,28.29,29.29,26.56,24.78,2021-09-30,-
2026-04-03,301073,君亭酒店,旅游酒店,27.18,27.19,26.12,26.18,26.12,2847700,75160262.0,1.6,-3.0,3.96,否,0.82,-3.75,-1.984,-4.835,-13.569,否,194451046.0,178179500.0,5090728384.28,4664739310.0,303.203733,5.332247,7.500132,27.13,26.74,27.65,28.14,29.29,26.57,24.79,2021-09-30,-
2026-04-07,301073,君亭酒店,旅游酒店,26.18,26.9,26.18,26.59,26.18,2805300,74619338.0,1.57,1.57,2.75,否,0.81,-4.729,-2.314,5.936,-7.77,否,194451046.0,178179500.0,5170453313.14,4737792905.0,307.952149,5.415754,7.61759,26.97,26.89,27.55,28.01,29.3,26.6,24.81,2021-09-30,-
2026-04-08,301073,君亭酒店,旅游酒店,27.35,28.38,27.2,28.17,27.2,4446800,124203612.0,2.5,5.94,4.44,否,1.27,4.372,2.961,8.891,-0.071,否,194451046.0,178179500.0,5477685965.82,5019316515.0,326.250922,5.737563,8.070234,27.17,27.12,27.5,27.99,29.34,26.64,24.83,2021-09-30,-
2026-04-09,301073,君亭酒店,旅游酒店,28.1,28.1,26.73,26.84,26.73,4458700,120812012.0,2.5,-4.72,4.86,否,1.23,2.521,-1.324,0.037,-5.393,否,194451046.0,178179500.0,5219066074.64,4782337780.0,310.847524,5.466673,7.689211,26.95,27.12,27.4,27.91,29.36,26.66,24.85,2021-09-30,-
2026-04-10,301073,君亭酒店,旅游酒店,27.03,27.78,27.03,27.34,27.03,3814800,104402174.0,2.14,1.86,2.79,否,1.02,2.821,-2.042,2.359,-4.238,否,194451046.0,178179500.0,5316291597.64,4871427530.0,316.638275,5.568511,7.832453,27.02,27.18,27.31,27.85,29.34,26.7,24.87,2021-09-30,-
2026-04-13,301073,君亭酒店,旅游酒店,27.17,27.42,26.87,27.03,27.03,2963500,80103405.0,1.6668,,,否,,,,,,否,194451046.0,177790756.0,5256011773.38,4805684134.68,,,,27.194,27.161,27.195500000000003,27.741666666666667,29.316,26.735166666666668,24.8832,2021-09-30,-
2026-04-14,301073,君亭酒店,旅游酒店,27.26,27.75,26.37,27.33,27.33,4120500,112613265.0,2.3176,,,否,,,,,,否,194451046.0,177790756.0,5314347087.18,4859021361.48,,,,27.341999999999995,27.158,27.1365,27.691666666666663,29.2845,26.77583333333333,24.8986,2021-09-30,-
2026-04-15,301073,君亭酒店,旅游酒店,27.3,28.16,27.0,27.86,27.86,6851000,190868860.0,3.8534,,,否,,,,,,否,194451046.0,177790756.0,5417406141.56,4953250462.16,,,,27.28,27.224,27.112,27.680666666666664,29.218,26.831916666666665,24.916880000000003,2021-09-30,-
2026-04-16,301073,君亭酒店,旅游酒店,27.64,28.77,27.33,28.16,28.16,8397000,236459520.0,4.723,,,否,,,,,,否,194451046.0,177790756.0,5475741455.36,5006587688.96,,,,27.544,27.249,27.104,27.673666666666666,29.1735,26.88983333333333,24.93928,2021-09-30,-
2026-04-17,301073,君亭酒店,旅游酒店,27.95,27.95,26.46,26.64,26.64,10544600,280908144.0,5.9309,,,否,,,,,,否,194451046.0,177790756.0,5180175865.44,4736345739.84,,,,27.404000000000003,27.214,27.042,27.610000000000003,29.10416666666667,26.9365,24.9594,2021-09-30,-
2026-04-20,301073,君亭酒店,旅游酒店,26.6,26.94,25.89,26.19,26.19,10067400,263665206.0,5.6625,,,否,,,,,,否,194451046.0,177790756.0,5092672894.74,4656339899.64,,,,27.236,27.215000000000003,26.976,27.506666666666668,29.026333333333337,26.978,24.9786,2021-09-30,-
2026-04-21,301073,君亭酒店,旅游酒店,26.1,26.68,25.54,25.69,25.69,7231200,185769528.0,4.0673,,,否,,,,,,否,194451046.0,177790756.0,4995447371.74,4567444521.64,,,,26.908,27.125,27.0055,27.41133333333333,28.959,27.0095,24.99432,2021-09-30,-
2026-04-22,301073,君亭酒店,旅游酒店,25.52,26.02,25.41,25.92,25.92,4646100,120426912.0,2.6132,,,否,,,,,,否,194451046.0,177790756.0,5040171112.32,4608336395.52,,,,26.52,26.9,27.008,27.29866666666667,28.861833333333333,27.04383333333333,25.0112,2021-09-30,-
2026-04-23,301073,君亭酒店,旅游酒店,25.66,26.27,25.14,25.55,25.55,6534900,166966695.0,3.6756,,,否,,,,,,否,194451046.0,177790756.0,4968224225.3,4542553815.8,,,,25.998,26.771,26.944,27.187,28.77433333333333,27.079166666666666,25.02368,2021-09-30,-
2026-04-24,301073,君亭酒店,旅游酒店,25.35,25.44,24.9,25.14,25.14,4051200,101847168.0,2.2786,,,否,,,,,,否,194451046.0,177790756.0,4888499296.44,4469659605.84,,,,25.698,26.551,26.8655,27.06,28.691,27.106916666666667,25.047040000000003,2021-09-30,-
2026-04-27,301073,君亭酒店,旅游酒店,25.12,25.3,24.74,25.26,25.26,3429900,86639274.0,1.9292,,,否,,,,,,否,194451046.0,177790756.0,4911833421.96,4490994496.56,,,,25.512000000000004,26.374,26.7675,26.92166666666667,28.5945,27.135416666666668,25.0654,2021-09-30,-
2026-04-28,301073,君亭酒店,旅游酒店,25.02,25.3,23.9,24.25,24.25,6247600,151504300.0,3.514,,,否,,,,,,否,194451046.0,177790756.0,4715437865.5,4311425833.0,,,,25.224,26.066000000000003,26.612,26.77966666666667,28.49083333333333,27.1555,25.07284,2021-09-30,-
2026-04-29,301073,君亭酒店,旅游酒店,24.7,25.6,24.6,25.4,25.4,6538600,166080440.0,3.6777,,,否,,,,,,否,194451046.0,177790756.0,4939056568.4,4515885202.4,,,,25.12,25.82,26.522,26.68133333333333,28.398666666666667,27.18425,25.081760000000003,2021-09-30,-
2026-04-30,301073,君亭酒店,旅游酒店,25.37,25.5,24.67,24.76,24.76,4725200,116995952.0,2.6577,,,否,,,,,,否,194451046.0,177790756.0,4814607898.96,4402099118.56,,,,24.962,25.48,26.3645,26.562666666666665,28.306833333333337,27.210166666666662,25.08612,2021-09-30,-
2026-05-06,301073,君亭酒店,旅游酒店,24.97,25.06,24.45,24.55,24.55,5962900,146389195.0,3.3539,,,否,,,,,,否,194451046.0,177790756.0,4773773179.3,4364763059.8,,,,24.844,25.271,26.2425,26.451666666666664,28.207166666666662,27.23408333333333,25.08952,2021-09-30,-
2026-05-07,301073,君亭酒店,旅游酒店,24.46,24.98,24.46,24.64,24.64,3701600,91207424.0,2.082,,,否,,,,,,否,194451046.0,177790756.0,4791273773.44,4380764227.84,,,,24.72,25.116000000000003,26.1655,26.356,28.102500000000003,27.26083333333333,25.095,2021-09-30,-
2026-05-08,301073,君亭酒店,旅游酒店,24.66,24.89,24.5,24.76,24.76,3000200,74284952.0,1.6875,,,否,,,,,,否,194451046.0,177790756.0,4814607898.96,4402099118.56,,,,24.822,25.023000000000003,26.074,26.344666666666665,28.01083333333333,27.290666666666667,25.09068,2021-09-30,-
2026-05-11,301073,君亭酒店,旅游酒店,24.78,25.13,24.71,25.12,25.12,3787700,95147024.0,2.1304,,,否,,,,,,否,194451046.0,177790756.0,4884610275.52,4466103790.72,,,,24.766,24.943,25.9215,26.319666666666663,27.926166666666667,27.326666666666664,25.08008,2021-09-30,-
2026-05-12,301073,君亭酒店,旅游酒店,25.08,25.57,24.12,24.16,24.16,4639300,112085488.0,2.6094,,,否,,,,,,否,194451046.0,177790756.0,4697937271.36,4295424664.96,,,,24.646,24.804,25.7875,26.230666666666668,27.819666666666667,27.348916666666664,25.07304,2021-09-30,-
2026-05-13,301073,君亭酒店,旅游酒店,24.22,24.77,24.0,24.64,24.64,3547100,87400544.0,1.9951,,,否,,,,,,否,194451046.0,177790756.0,4791273773.44,4380764227.84,,,,24.664,24.754,25.6525,26.16166666666667,27.69383333333333,27.374166666666667,25.07056,2021-09-30,-
2026-05-14,301073,君亭酒店,旅游酒店,24.64,24.99,24.01,24.07,24.07,4010800,96539956.0,2.2559,,,否,,,,,,否,194451046.0,177790756.0,4680436677.22,4279423496.92,,,,24.55,24.635,25.5045,26.056666666666665,27.517333333333333,27.39425,25.06868,2021-09-30,-
2026-05-15,301073,君亭酒店,旅游酒店,24.09,24.3,23.56,23.68,23.68,3786600,89666688.0,2.1298,,,否,,,,,,否,194451046.0,177790756.0,4604600769.28,4210085102.08,,,,24.334,24.578000000000003,25.322,25.934,27.355333333333338,27.408583333333336,25.06832,2021-09-30,-
2026-05-18,301073,君亭酒店,旅游酒店,23.55,23.8,23.27,23.41,23.41,2661700,62310397.0,1.4971,,,否,,,,,,否,194451046.0,177790756.0,4552098986.86,4162081597.96,,,,23.992,24.379,25.0995,25.807666666666663,27.191,27.423583333333333,25.06652,2021-09-30,-
2026-05-19,301073,君亭酒店,旅游酒店,23.54,23.67,23.22,23.53,23.53,2425300,57067309.0,1.3641,,,否,,,,,,否,194451046.0,177790756.0,4575433112.38,4183416488.68,,,,23.866,24.256000000000004,24.868,25.661666666666665,27.041833333333333,27.439833333333333,25.0642,2021-09-30,-
2026-05-20,301073,君亭酒店,旅游酒店,23.6,23.66,23.02,23.36,23.36,2187800,51107008.0,1.2305,,,否,,,,,,否,194451046.0,177790756.0,4542376434.56,4153192060.16,,,,23.61,24.137,24.704,25.540666666666667,26.916833333333333,27.44008333333333,25.06988,2021-09-30,-
2026-05-21,301073,君亭酒店,旅游酒店,23.37,24.0,23.21,23.22,23.22,3891200,90353664.0,2.1886,,,否,,,,,,否,194451046.0,177790756.0,4515153288.12,4128301354.32,,,,23.44,23.995,24.5555,25.442,26.79133333333333,27.435166666666667,25.07492,2021-09-30,-
2026-05-22,301073,君亭酒店,旅游酒店,23.45,23.5,23.01,23.19,23.19,2420000,56119800.0,1.3612,,,否,,,,,,否,194451046.0,177790756.0,4509319756.74,4122967631.64,,,,23.342,23.838,24.4305,25.328666666666667,26.67166666666667,27.432333333333336,25.08152,2021-09-30,-
2026-05-25,301073,君亭酒店,旅游酒店,23.15,23.5,23.0,23.39,23.39,3089600,72265744.0,1.7378,,,否,,,,,,否,194451046.0,177790756.0,4548209965.94,4158525782.84,,,,23.338,23.665,24.304,25.16933333333333,26.579166666666666,27.42875,25.0882,2021-09-30,-
2026-05-26,301073,君亭酒店,旅游酒店,23.35,23.78,23.08,23.77,23.77,3587200,85267744.0,2.0177,,,否,,,,,,否,194451046.0,177790756.0,4622101363.42,4226086270.12,,,,23.386000000000003,23.626,24.215,25.067,26.490166666666667,27.426,25.09628,2021-09-30,-
2026-05-27,301073,君亭酒店,旅游酒店,23.69,23.85,23.1,23.27,23.27,4110700,95655989.0,2.3121,,,否,,,,,,否,194451046.0,177790756.0,4524875840.42,4137190892.12,,,,23.368,23.489,24.1215,24.93133333333333,26.390833333333333,27.413,25.10284,2021-09-30,-
2026-05-28,301073,君亭酒店,旅游酒店,23.16,23.26,22.51,22.91,22.91,3674800,84189668.0,2.0669,,,否,,,,,,否,194451046.0,177790756.0,4454873463.86,4073186219.96,,,,23.306,23.373,24.004,24.794,26.26783333333333,27.400416666666665,25.110640000000004,2021-09-30,-
2026-05-29,301073,君亭酒店,旅游酒店,22.93,23.55,22.88,22.96,22.96,3768000,86513280.0,2.1193,,,否,,,,,,否,194451046.0,177790756.0,4464596016.16,4082075757.76,,,,23.26,23.301,23.9395,24.648333333333333,26.17,27.39183333333333,25.11688,2021-09-30,-
2026-06-01,301073,君亭酒店,旅游酒店,22.88,23.38,22.76,23.17,23.17,2640800,61187336.0,1.4853,,,否,,,,,,否,194451046.0,177790756.0,4505430735.82,4119411816.52,,,,23.216,23.277,23.828,24.492,26.08633333333333,27.38775,25.1224,2021-09-30,-
2026-06-02,301073,君亭酒店,旅游酒店,23.02,23.19,22.0,22.14,22.14,4647500,102895650.0,2.614,,,否,,,,,,否,194451046.0,177790756.0,4305146158.44,3936287337.84,,,,22.89,23.138,23.697,24.29133333333333,25.9825,27.38133333333333,25.12416,2021-09-30,-
2026-06-03,301073,君亭酒店,旅游酒店,22.03,22.25,21.43,21.61,21.61,3425300,74020733.0,1.9266,,,否,,,,,,否,194451046.0,177790756.0,4202087104.06,3842058237.16,,,,22.558,22.963,23.55,24.123666666666665,25.86683333333333,27.345166666666668,25.12504,2021-09-30,-
2026-06-04,301073,君亭酒店,旅游酒店,21.56,21.8,20.91,21.19,21.19,3480600,73753914.0,1.9577,,,否,,,,,,否,194451046.0,177790756.0,4120417664.74,3767386119.64,,,,22.214,22.76,23.3775,23.957,25.73183333333333,27.28758333333333,25.12488,2021-09-30,-
2026-06-05,301073,君亭酒店,旅游酒店,21.07,21.82,21.03,21.49,21.49,3421600,73530184.0,1.9245,,,否,,,,,,否,194451046.0,177790756.0,4178752978.54,3820723346.44,,,,21.92,22.59,23.214,23.817,25.614166666666662,27.237916666666663,25.12464,2021-09-30,-
2026-06-08,301073,君亭酒店,旅游酒店,21.08,21.71,20.39,20.68,20.68,3722600,76983368.0,2.0938,,,否,,,,,,否,194451046.0,177790756.0,4021247631.28,3676712834.08,,,,21.422,22.319,22.992,23.642333333333333,25.4705,27.192,25.12028,2021-09-30,-
2026-06-09,301073,君亭酒店,旅游酒店,20.71,20.9,20.31,20.58,20.58,2840100,58449258.0,1.5974,,,否,,,,,,否,194451046.0,177790756.0,4001802526.68,3658933758.48,,,,21.11,22.0,22.813,23.47666666666667,25.331833333333336,27.145333333333333,25.11672,2021-09-30,-
2026-06-10,301073,君亭酒店,旅游酒店,20.47,20.9,20.33,20.69,20.69,3965400,82044126.0,2.2304,,,否,,,,,,否,194451046.0,177790756.0,4023192141.74,3678490741.64,,,,20.926,21.742,22.6155,23.328333333333333,25.194166666666668,27.094083333333337,25.11676,2021-09-30,-
2026-06-11,301073,君亭酒店,旅游酒店,20.52,20.59,19.78,19.98,19.98,3383200,67596336.0,1.9029,,,否,,,,,,否,194451046.0,177790756.0,3885131899.08,3552259304.88,,,,20.684,21.449,22.411,23.15233333333333,25.037,27.04383333333333,25.11436,2021-09-30,-
2026-06-12,301073,君亭酒店,旅游酒店,20.08,20.58,19.98,20.41,20.41,3388600,69161326.0,1.9059,,,否,,,,,,否,194451046.0,177790756.0,3968745848.86,3628709329.96,,,,20.468,21.194,22.2475,23.02433333333333,24.902,26.996666666666663,25.11096,2021-09-30,-
2026-06-15,301073,君亭酒店,旅游酒店,20.59,21.07,20.28,20.49,20.49,3620600,74186094.0,2.0364,,,否,,,,,,否,194451046.0,177790756.0,3984301932.54,3642932590.44,,,,20.43,20.926,22.1015,22.860666666666663,24.771,26.95633333333333,25.10764,2021-09-30,-
2026-06-16,301073,君亭酒店,旅游酒店,20.39,20.4,20.1,20.33,20.33,2193300,44589789.0,1.2336,,,否,,,,,,否,194451046.0,177790756.0,3953189765.18,3614486069.48,,,,20.38,20.745,21.9415,22.713,24.637833333333333,26.917833333333338,25.10356,2021-09-30,-
2026-06-17,301073,君亭酒店,旅游酒店,20.28,20.33,19.7,19.8,20.33,2471950,48944610.0,1.3904,,,否,,,,,,否,194451046.0,177790756.0,3850130710.8,3520256968.8,,,,20.2,20.56,21.76,22.55,24.5,26.88,25.1,2021-09-30,-
2026-06-18,301073,君亭酒店,旅游酒店,19.61,19.82,19.45,19.56,19.8,3019050,59052618.0,1.6981,,,否,,,,,,否,194451046.0,177790756.0,3803462459.76,3477587187.36,,,,20.12,20.4,21.58,22.39,24.37,26.83,25.09,2021-09-30,-
2026-06-22,301073,君亭酒店,旅游酒店,19.55,19.55,18.52,19.37,19.91,3946072,76435414.64,2.2195,,,否,,,,,,否,194451046.0,177790756.0,3766516761.02,3443806943.72,,,,19.79,20.11,21.22,22.03,24.18,26.72,25.07,2021-09-30,-
2026-06-23,301073,君亭酒店,旅游酒店,19.2,20.35,19.2,19.91,19.37,4849651,96556551.41,2.7277,,,否,,,,,,否,194451046.0,177790756.0,3871520325.86,3539813951.96,,,,19.79,20.11,21.22,22.03,24.18,26.72,25.07,2021-09-30,-
2026-06-24,301073,君亭酒店,旅游酒店,19.79,19.92,19.01,19.13,19.91,3033200,58025116.0,1.7061,,,否,,,,,,否,194451046.0,177790756.0,3719848509.98,3401137162.28,,,,19.55,19.97,20.98,21.86,24.05,26.65,25.06,2021-09-30,-
2026-06-25,301073,君亭酒店,旅游酒店,19.0,19.48,18.71,19.06,19.13,3118810,59444518.6,1.7542,,,否,,,,,,否,194451046.0,177790756.0,3706236936.76,3388691809.36,,,,19.41,19.8,20.77,21.68,23.92,26.58,25.05,2021-09-30,-
2026-06-26,301073,君亭酒店,旅游酒店,19.15,19.15,18.48,18.5,19.06,2633800,48725300.0,1.4814,,,否,,,,,,否,194451046.0,177790756.0,3597344351.0,3289128986.0,,,,19.19,19.66,20.55,21.49,23.77,26.51,25.04,2021-09-30,-
2026-06-29,301073,君亭酒店,旅游酒店,18.39,18.83,17.75,18.44,18.5,4361200,80420528.0,2.453,,,否,,,,,,否,194451046.0,177790756.0,3585677288.24,3278461540.64,,,,19.01,19.46,20.33,21.32,23.63,26.43,25.02,2021-09-30,-
2026-06-30,301073,君亭酒店,旅游酒店,18.32,19.39,18.1,19.14,19.14,6011600,115062024.0,3.3813,,,否,,,,,,否,194451046.0,177790756.0,3721793020.44,3402915069.84,,,,18.86,19.2,19.97,21.03,23.35,26.31,24.99,2021-09-30,-
2026-07-01,301073,君亭酒店,旅游酒店,18.32,19.39,18.1,19.14,19.14,6011600,115062024.00,3.3813,,,否,,,,,,否,194451046,177790756,3721793020.44,3402915069.84,,,,18.86,19.20,19.97,21.03,23.35,26.31,24.99,2021-09-30,-
2026-07-02,301073,君亭酒店,旅游酒店,18.03,18.69,17.44,18.04,19.14,9624200,173620568.00,5.4132,,,否,,,,,,否,194451046,177790756,3507896869.84,3207345238.24,,,,18.65,19.03,19.80,20.85,23.20,26.24,24.98,2021-09-30,-
2026-07-03,301073,君亭酒店,旅游酒店,18.03,18.72,18.03,18.4,18.04,5371900,98842960.00,3.0215,,,否,,,,,,否,194451046,177790756,3577899246.40,3271349910.40,,,,18.63,18.91,19.66,20.69,23.07,26.18,24.96,2021-09-30,-
2026-07-06,301073,君亭酒店,旅游酒店,18.49,18.77,18.01,18.04,18.4,3753300,67709532.00,2.1111,,,否,,,,,,否,194451046,177790756,3507896869.84,3207345238.24,,,,18.55,18.78,19.48,20.52,22.92,26.11,24.95,2021-09-30,-
2026-07-07,301073,君亭酒店,旅游酒店,18.09,18.09,17.12,17.12,18.04,4824000,82586880.00,2.7133,,,否,,,,,,否,194451046,177790756,3329001907.52,3043777742.72,,,,18.15,18.50,19.31,20.31,22.74,26.04,24.93,2021-09-30,-
2026-07-08,301073,君亭酒店,旅游酒店,17.76,17.8,16.98,17.14,17.12,5379500,92204630.00,3.0257,,,否,,,,,,否,194451046,177790756,3332890928.44,3047333557.84,,,,17.75,18.30,19.13,20.09,22.58,25.97,24.90,2021-09-30,-
2026-07-09,301073,君亭酒店,旅游酒店,16.89,17.18,16.48,16.77,17.14,4702800,78865956.00,2.6451,,,否,,,,,,否,194451046,177790756,3260944041.42,2981550978.12,,,,17.49,18.07,18.94,19.87,22.40,25.87,24.88,2021-09-30,-
2026-07-10,301073,君亭酒店,旅游酒店,16.6,17.45,16.46,17.15,16.77,5391400,92462510.00,3.0324,,,否,,,,,,否,194451046,177790756,3334835438.90,3049111465.40,,,,17.24,17.94,18.80,19.68,22.24,25.78,24.86,2021-09-30,-
2026-07-13,301073,君亭酒店,旅游酒店,17.1,17.12,16.28,16.35,17.15,5010000,81913500.00,2.8179,,,否,,,,,,否,194451046,177790756,3179274602.10,2906878860.60,,,,16.91,17.73,18.59,19.46,22.05,25.67,24.83,2021-09-30,-
2026-07-14,301073,君亭酒店,旅游酒店,16.49,16.59,16.08,16.46,16.35,3328600,54788756.00,1.8722,,,否,,,,,,否,194451046,177790756,3200664217.16,2926435843.76,,,,16.77,17.46,18.39,19.24,21.86,25.54,24.80,2021-09-30,-
2026-07-15,301073,君亭酒店,旅游酒店,16.5,17.14,16.21,16.89,16.46,4101100,69267579.00,2.3067,,,否,,,,,,否,194451046,177790756,3284278166.94,3002885868.84,,,,16.72,17.24,18.22,19.06,21.68,25.43,24.77,2021-09-30,-
2026-07-16,301073,君亭酒店,旅游酒店,16.81,17.66,16.66,17.36,16.89,4754400,82536384.00,2.6742,,,否,,,,,,否,194451046,177790756,3375670158.56,3086447524.16,,,,16.84,17.17,18.10,18.92,21.52,25.31,24.74,2021-09-30,-
2026-07-17,301073,君亭酒店,旅游酒店,17.17,17.57,16.36,16.6,17.36,4973900,82566740.00,2.7976,,,否,,,,,,否,194451046,177790756,3227887363.60,2951326549.60,,,,16.73,16.99,17.95,18.77,21.36,25.19,24.71,2021-09-30,-
