日期,代码,名称,所属行业,开盘价,最高价,最低价,收盘价,前收盘价,成交量（股）,成交额（元）,换手率,涨幅%,振幅%,是否ST,量比,3日涨幅%,6日涨幅%,10日涨幅%,25日涨幅%,是否涨停,总股本（股）,流通股本（股）,总市值（元）,流通市值（元）,滚动市盈率,市净率,滚动市销率,5日线,10日线,20日线,30日线,60日线,120日线,250日线,上市时间,退市时间
2023-10-31,301555,惠柏新材,化学制品,67.99,82.77,64.05,67.3,64.05,17200271,1213366276.22,78.6254,198.514,83.0,否,,,,,,否,92266700,21876227,6301815610.0,1494146304.1,92.467985,10.479645,4.464319,13.46,6.73,3.37,2.24,1.12,0.56,0.27,2023-10-31,-
2023-11-01,301555,惠柏新材,化学制品,61.38,65.23,57.64,61.13,57.64,12462954,763599878.26,56.9703,-9.165,11.27,否,0.72,,,,,否,92266700,21876227,5724226068.0,1357201123.08,83.992881,9.519138,4.055144,25.69,12.84,6.42,4.28,2.14,1.07,0.51,2023-10-31,-
2023-11-02,301555,惠柏新材,化学制品,60.6,70.1,60.38,63.07,60.38,12970239,861538517.91,59.2892,3.175,15.91,否,0.22,,,,,否,92266700,21876227,5905991467.0,1400297290.27,86.659966,9.821406,4.18391,38.3,19.15,9.58,6.38,3.19,1.6,0.77,2023-10-31,-
2023-11-03,301555,惠柏新材,化学制品,59.24,65.94,55.47,56.17,55.47,12303945,733755837.03,56.2435,-10.936,16.59,否,0.1,-16.538,,,,否,92266700,21876227,5260124567.0,1247163701.27,77.183013,8.747358,3.726366,49.53,24.77,12.38,8.26,4.13,2.06,0.99,2023-10-31,-
2023-11-06,301555,惠柏新材,化学制品,52.76,55.15,51.26,53.65,51.26,10596843,568071592.17,48.44,-4.49,6.93,否,0.05,-12.236,,,,否,92266700,21876227,5023921815.0,1191160560.15,73.717156,8.354563,3.559036,60.26,30.13,15.07,10.04,5.02,2.51,1.21,2023-10-31,-
2023-11-07,301555,惠柏新材,化学制品,55.18,56.66,52.98,53.04,52.98,9907411,548912539.42,45.2885,-1.139,6.85,否,0.76,-15.903,,,,否,92266700,21876227,4966716461.0,1177597299.41,72.877769,8.259433,3.518511,57.41,35.44,17.72,11.81,5.91,2.95,1.42,2023-10-31,-
2023-11-08,301555,惠柏新材,化学制品,50.44,52.02,49.46,50.57,49.46,8118737,415764552.02,37.1121,-4.663,4.83,否,0.7,-9.97,-24.859,,,否,92266700,21876227,4735127044.0,1122687969.64,69.479604,7.87431,3.354448,55.3,40.49,20.25,13.5,6.75,3.37,1.62,2023-10-31,-
2023-11-09,301555,惠柏新材,化学制品,50.32,52.32,49.8,51.74,49.8,8170239,424433959.29,37.3476,2.319,4.99,否,0.76,-3.56,-15.361,,,否,92266700,21876227,4844924417.0,1148720679.77,71.090686,8.056898,3.432231,53.03,45.67,22.83,15.22,7.61,3.81,1.83,2023-10-31,-
2023-11-10,301555,惠柏新材,化学制品,50.75,51.99,49.76,49.91,49.76,5758218,295763616.89,26.3218,-3.542,4.32,否,0.59,-5.901,-20.866,,,否,92266700,21876227,4673308355.0,1108030897.55,68.572524,7.771508,3.310655,51.78,50.66,25.33,16.89,8.44,4.22,2.03,2023-10-31,-
2023-11-13,301555,惠柏新材,化学制品,49.54,51.29,49.09,50.89,49.09,5002117,255629121.92,22.8655,1.974,4.4,否,0.59,0.633,-9.4,,,否,92266700,21876227,4765575055.0,1129907124.55,69.926375,7.924944,3.376018,51.23,55.75,27.87,18.58,9.29,4.65,2.23,2023-10-31,-
2023-11-14,301555,惠柏新材,化学制品,50.57,52.6,50.09,50.23,50.09,5604759,290840415.29,25.6203,-1.297,4.92,否,0.76,-2.918,-6.375,-25.364,,否,92266700,21876227,4703756366.0,1115250052.46,69.019295,7.822142,3.332225,50.67,54.04,30.39,20.26,10.13,5.06,2.43,2023-10-31,-
2023-11-15,301555,惠柏新材,化学制品,50.45,51.78,50.33,50.7,50.33,5001630,258935159.21,22.8633,0.942,2.88,否,0.77,1.583,-4.412,-17.062,,否,92266700,21876227,4748044382.0,1125750641.42,69.669143,7.895791,3.363599,50.69,53.0,32.92,21.95,10.97,5.49,2.63,2023-10-31,-
2023-11-16,301555,惠柏新材,化学制品,50.09,50.62,48.73,48.76,48.73,5559187,279096185.26,25.412,-3.828,3.71,否,0.94,-4.185,-3.579,-22.689,,否,92266700,21876227,4566278983.0,1082654474.23,67.002058,7.593523,3.234833,50.1,51.57,35.36,23.57,11.79,5.89,2.83,2023-10-31,-
2023-11-17,301555,惠柏新材,化学制品,48.73,49.1,47.11,47.84,47.11,4635328,225994347.85,21.1889,-1.899,4.08,否,0.86,-4.758,-7.538,-14.83,,否,92266700,21876227,4479548285.0,1062090820.85,65.729439,7.449294,3.173392,49.68,50.73,37.75,25.17,12.58,6.29,3.02,2023-10-31,-
2023-11-20,301555,惠柏新材,化学制品,48.18,50.43,48.18,50.42,48.18,6505871,326338695.55,29.7395,5.397,4.7,否,1.26,-0.552,1.022,-6.021,,否,92266700,21876227,4721287039.0,1119406535.59,69.276527,7.851295,3.344644,49.59,50.41,40.27,26.85,13.42,6.71,3.22,2023-10-31,-
2023-11-21,301555,惠柏新材,化学制品,49.77,51.23,49.76,50.05,49.76,4450177,227757557.08,20.3425,-0.723,2.91,否,0.81,2.646,-1.651,-5.637,,否,92266700,21876227,4687148360.0,1111312331.6,68.775602,7.794523,3.320459,49.55,50.11,42.77,28.52,14.26,7.13,3.42,2023-10-31,-
2023-11-22,301555,惠柏新材,化学制品,50.25,51.02,47.89,48.08,47.89,5281060,261986792.0,24.1406,-3.937,6.26,否,1.01,0.502,-4.28,-4.924,,否,92266700,21876227,4502614960.0,1067559877.6,66.067901,7.487652,3.189733,49.03,49.86,45.18,30.12,15.06,7.53,3.61,2023-10-31,-
2023-11-23,301555,惠柏新材,化学制品,47.97,49.27,47.31,48.55,47.31,3229933,158002747.48,14.7646,0.963,4.06,否,0.61,-3.709,-4.241,-6.165,,否,92266700,21876227,4545980309.0,1077841704.29,66.704211,7.559767,3.220454,48.99,49.54,47.61,31.74,15.87,7.93,3.81,2023-10-31,-
2023-11-24,301555,惠柏新材,化学制品,48.23,48.28,45.26,45.42,45.26,5208886,244250895.51,23.8107,-6.434,6.23,否,1.08,-9.251,-6.85,-8.996,,否,92266700,21876227,4253494870.0,1008494064.7,62.412505,7.073377,3.013252,48.5,49.09,49.88,33.25,16.63,8.31,3.99,2023-10-31,-
2023-11-27,301555,惠柏新材,化学制品,45.07,45.92,44.6,44.9,44.6,2453893,112193545.77,11.2172,-1.15,2.91,否,0.5,-6.614,-6.145,-11.77,,否,92266700,21876227,4204593519.0,996899664.39,61.694964,6.992056,2.978609,47.4,48.5,52.12,34.75,17.37,8.69,4.17,2023-10-31,-
2023-11-28,301555,惠柏新材,化学制品,44.63,45.42,44.28,44.9,44.28,1942140,88352814.17,8.8779,0.0,2.55,否,0.47,-7.518,-10.948,-10.611,,否,92266700,21876227,4204593519.0,996899664.39,61.694964,6.992056,2.978609,46.37,47.96,51.0,36.24,18.12,9.06,4.35,2023-10-31,-
2023-11-29,301555,惠柏新材,化学制品,44.77,45.18,43.83,43.87,43.83,2285578,102931786.23,10.4478,-2.304,3.01,否,0.63,-3.413,-12.348,-13.471,,否,92266700,21876227,4107713484.0,973929626.04,60.273421,6.830948,2.909977,45.53,47.28,50.14,37.71,18.85,9.43,4.52,2023-10-31,-
2023-11-30,301555,惠柏新材,化学制品,43.81,44.09,42.16,42.65,42.16,2834503,122974809.12,12.957,-2.763,4.4,否,0.94,-5.011,-11.294,-12.531,,否,92266700,21876227,3994225443.0,947021866.83,58.608185,6.642223,2.829581,44.35,46.67,49.12,39.13,19.56,9.78,4.7,2023-10-31,-
2023-12-01,301555,惠柏新材,化学制品,42.67,42.97,42.03,42.72,42.03,1826285,78688141.01,8.3483,0.162,2.19,否,0.62,-4.855,-12.008,-10.702,,否,92266700,21876227,4000684112.0,948553202.72,58.702955,6.652963,2.834156,43.81,46.16,48.44,40.55,20.28,10.14,4.87,2023-10-31,-
2023-12-04,301555,惠柏新材,化学制品,42.37,43.03,42.13,42.88,42.13,1872840,81270993.27,8.5611,0.369,2.1,否,0.83,-2.257,-5.592,-14.954,,否,92266700,21876227,4015446784.0,952053399.04,58.919571,6.677513,2.844614,43.4,45.4,47.91,41.98,20.99,10.5,5.04,2023-10-31,-
2023-12-05,301555,惠柏新材,化学制品,43.49,43.64,41.28,41.5,41.28,3411454,146471806.7,15.5943,-3.217,5.49,否,1.59,-2.696,-7.572,-17.083,-38.336,否,92266700,21876227,3886273404.0,921426681.24,57.02418,6.462703,2.753105,42.72,44.55,47.33,43.36,21.68,10.84,5.2,2023-10-31,-
2023-12-06,301555,惠柏新材,化学制品,40.74,41.82,40.64,40.89,40.64,2160648,90319429.74,9.8767,-1.472,2.83,否,0.88,-4.284,-8.931,-14.954,-33.11,否,92266700,21876227,3829068050.0,907863420.5,56.184793,6.367573,2.71258,42.13,43.83,46.85,44.73,22.36,11.18,5.37,2023-10-31,-
2023-12-07,301555,惠柏新材,化学制品,41.02,41.19,39.8,39.8,39.8,2463436,100423410.86,11.2608,-2.675,3.4,否,1.02,-7.183,-9.277,-18.023,-36.896,否,92266700,21876227,3726652013.0,883580808.53,54.682019,6.19726,2.640027,41.56,42.95,46.25,46.05,23.03,11.51,5.53,2023-10-31,-
2023-12-08,301555,惠柏新材,化学制品,39.74,40.04,39.02,39.2,39.02,2451438,98099071.7,11.2059,-1.51,2.57,否,1.04,-5.542,-8.089,-13.694,-30.212,否,92266700,21876227,3670369326.0,870236310.06,53.85617,6.103664,2.600155,40.85,42.33,45.71,47.36,23.68,11.84,5.68,2023-10-31,-
2023-12-11,301555,惠柏新材,化学制品,38.82,40.19,38.81,40.1,38.81,2038733,82114905.27,9.3194,2.313,3.52,否,0.82,-1.932,-6.133,-10.69,-25.256,否,92266700,21876227,3755254690.0,890362438.9,55.101713,6.244825,2.660289,40.3,41.85,45.17,48.7,24.35,12.17,5.84,2023-10-31,-
2023-12-12,301555,惠柏新材,化学制品,39.91,40.46,39.82,40.27,39.82,1594036,65005807.36,7.2866,0.418,1.6,否,0.64,1.181,-6.087,-10.312,-24.076,否,92266700,21876227,3770940029.0,894081397.49,55.331867,6.270909,2.671401,40.05,41.39,44.68,47.8,25.02,12.51,6.0,2023-10-31,-
2023-12-13,301555,惠柏新材,化学制品,40.39,40.4,39.51,39.96,39.51,1403116,56883024.49,6.4139,-0.759,2.2,否,0.66,1.939,-3.711,-8.913,-20.981,否,92266700,21876227,3742337352.0,887299767.12,54.912174,6.223344,2.651139,39.87,41.0,44.14,47.09,25.69,12.84,6.16,2023-10-31,-
2023-12-14,301555,惠柏新材,化学制品,40.89,40.99,39.29,39.39,39.29,1816811,73652746.22,8.305,-1.43,4.24,否,0.91,-1.771,-3.668,-7.644,-23.869,否,92266700,21876227,3688822666.0,874611555.46,54.12694,6.134351,2.613228,39.78,40.67,43.67,46.3,26.34,13.17,6.32,2023-10-31,-
2023-12-15,301555,惠柏新材,化学制品,39.31,39.71,38.97,39.54,38.97,1416073,56592405.17,6.4731,0.375,1.88,否,0.76,-1.813,-0.653,-7.444,-20.777,否,92266700,21876227,3702662671.0,877892989.51,54.330018,6.157367,2.623032,39.85,40.35,43.25,45.75,27.0,13.5,6.48,2023-10-31,-
2023-12-18,301555,惠柏新材,化学制品,39.54,39.54,38.32,38.72,38.32,1458338,57369061.95,6.6663,-2.068,3.09,否,0.88,-3.103,-1.224,-9.701,-23.914,否,92266700,21876227,3626081310.0,859735721.1,53.206322,6.030015,2.568781,39.58,39.94,42.67,45.25,27.65,13.82,6.64,2023-10-31,-
2023-12-19,301555,惠柏新材,化学制品,38.77,41.37,37.98,40.88,37.98,4433405,180613165.04,20.2659,5.573,8.75,否,2.88,3.783,1.945,-1.494,-18.614,否,92266700,21876227,3828145383.0,907644658.23,56.171254,6.366039,2.711926,39.7,39.88,42.21,44.84,28.33,14.16,6.8,2023-10-31,-
2023-12-20,301555,惠柏新材,化学制品,40.59,42.21,40.3,40.98,40.3,4591103,192319941.09,20.9867,0.241,4.68,否,2.18,3.642,1.763,0.22,-19.172,否,92266700,21876227,3837372053.0,909832280.93,56.30664,6.381382,2.718463,39.9,39.88,41.86,44.52,29.01,14.51,6.96,2023-10-31,-
2023-12-21,301555,惠柏新材,化学制品,40.32,40.69,39.02,39.71,39.02,3146853,127140508.82,14.3848,-3.102,4.09,否,1.15,2.557,-0.626,-0.226,-18.56,否,92266700,21876227,3718348010.0,881611948.1,54.560172,6.183451,2.634144,39.97,39.88,41.41,44.12,29.67,14.84,7.12,2023-10-31,-
2023-12-22,301555,惠柏新材,化学制品,39.41,41.39,38.95,39.93,38.95,3178309,129206708.72,14.5286,0.571,6.15,否,1.06,-2.324,1.371,1.862,-16.534,否,92266700,21876227,3739569351.0,886643480.31,54.871558,6.218741,2.649178,40.04,39.95,41.14,43.79,30.34,15.17,7.28,2023-10-31,-
2023-12-25,301555,惠柏新材,化学制品,40.08,40.16,38.53,38.69,38.53,2564455,101833762.57,11.7226,-3.109,4.1,否,0.76,-5.588,-2.15,-3.516,-23.265,否,92266700,21876227,3623313309.0,859079434.29,53.165707,6.025412,2.56682,40.04,39.81,40.83,43.38,30.98,15.49,7.44,2023-10-31,-
2023-12-26,301555,惠柏新材,化学制品,38.65,40.38,37.6,40.23,37.6,3529160,140911788.78,16.1324,3.973,7.18,否,0.99,1.309,3.9,-0.099,-19.62,否,92266700,21876227,3767249361.0,893206348.41,55.277713,6.264772,2.668787,39.91,39.8,40.6,43.05,31.65,15.83,7.6,2023-10-31,-
2023-12-27,301555,惠柏新材,化学制品,39.85,41.13,38.83,40.88,38.83,3805005,154051926.84,17.3933,1.617,5.71,否,1.12,2.379,0.0,2.302,-14.975,否,92266700,21876227,3828145383.0,907644658.23,56.171254,6.366039,2.711926,39.89,39.9,40.45,42.72,32.34,16.17,7.76,2023-10-31,-
2023-12-28,301555,惠柏新材,化学制品,40.56,42.11,40.28,41.83,40.28,4487573,188686458.75,20.5135,2.314,4.48,否,1.38,8.116,2.074,6.194,-13.841,否,92266700,21876227,3916721415.0,928645836.15,57.470951,6.513337,2.774675,40.31,40.14,40.41,42.49,33.03,16.52,7.93,2023-10-31,-
2023-12-29,301555,惠柏新材,化学制品,41.38,41.75,40.97,41.31,40.97,3554531,149253953.26,16.2484,-1.225,1.86,否,1.01,2.685,4.029,4.476,-9.049,否,92266700,21876227,3868742731.0,917270198.11,56.766949,6.433551,2.740686,40.59,40.32,40.33,42.28,33.72,16.86,8.09,2023-10-31,-
2024-01-02,301555,惠柏新材,化学制品,41.53,42.66,41.28,41.94,41.28,4296706,182828434.91,19.641,1.526,3.34,否,1.2,2.593,5.034,8.316,-6.592,否,92266700,21876227,3927793419.0,931270983.39,57.633413,6.531749,2.782519,41.24,40.64,40.29,41.99,34.42,17.21,8.26,2023-10-31,-
2024-01-03,301555,惠柏新材,化学制品,43.09,46.27,42.85,43.62,42.85,9229135,418245198.08,42.188,3.993,8.15,否,2.35,4.279,12.742,6.703,-2.851,否,92266700,21876227,4084646809.0,968460569.29,59.934959,6.79259,2.893637,41.92,40.91,40.39,41.78,35.15,17.57,8.44,2023-10-31,-
2024-01-04,301555,惠柏新材,化学制品,42.08,45.79,40.94,45.4,40.94,8301920,367196752.38,37.9495,4.089,11.11,否,1.64,9.901,12.851,10.786,3.488,否,92266700,21876227,4251649536.0,1008056540.16,62.385428,7.070308,3.011944,42.82,41.35,40.62,41.69,35.9,17.95,8.62,2023-10-31,-
2024-01-05,301555,惠柏新材,化学制品,44.63,45.18,42.57,43.21,42.57,5355394,238939813.22,24.4804,-4.839,5.75,否,0.9,3.028,5.7,8.814,1.313,否,92266700,21876227,4045894795.0,959272553.95,59.366341,6.728147,2.866184,43.1,41.7,40.79,41.51,36.62,18.31,8.79,2023-10-31,-
2024-01-08,301555,惠柏新材,化学制品,42.68,43.33,41.05,41.24,41.05,3134149,132921773.22,14.3267,-4.561,5.29,否,0.51,-5.456,-1.41,3.281,-3.464,否,92266700,21876227,3861361395.0,915520099.95,56.658641,6.421276,2.735457,43.08,41.84,40.89,41.37,37.31,18.66,8.95,2023-10-31,-
2024-01-09,301555,惠柏新材,化学制品,41.18,41.89,38.97,39.15,38.97,3297773,135203679.7,15.0747,-5.066,7.07,否,0.54,-13.767,-5.229,1.189,-8.699,否,92266700,21876227,3665755991.0,869142498.71,53.788478,6.095992,2.596887,42.52,41.88,40.84,41.18,37.96,18.98,9.11,2023-10-31,-
2024-01-10,301555,惠柏新材,化学制品,38.84,39.2,31.41,38.06,31.41,3636384,138266547.47,16.6225,-2.769,19.88,否,0.62,-11.919,-9.251,-5.394,-8.289,否,92266700,21876227,3564262621.0,845078649.01,52.299242,5.927213,2.524987,41.41,41.66,40.73,40.95,38.6,19.3,9.26,2023-10-31,-
2024-01-11,301555,惠柏新材,化学制品,37.84,38.86,37.43,38.77,37.43,2538445,98488333.83,11.6037,1.864,3.75,否,0.53,-5.989,-11.119,-5.161,-5.185,否,92266700,21876227,3630694645.0,860829532.45,53.274015,6.037687,2.572049,40.09,41.45,40.67,40.78,39.24,19.62,9.42,2023-10-31,-
2024-01-12,301555,惠柏新材,化学制品,39.23,40.96,38.91,39.56,38.91,3449226,140049727.38,15.767,2.033,5.29,否,0.96,1.047,-12.863,-5.427,-0.603,否,92266700,21876227,3704508005.0,878330514.05,54.357095,6.160435,2.62434,39.36,41.23,40.68,40.68,39.9,19.95,9.58,2023-10-31,-
2024-01-15,301555,惠柏新材,化学制品,39.37,39.77,38.02,38.17,38.02,2304787,90138143.0,10.5356,-3.512,4.41,否,0.72,0.289,-11.664,-7.601,-2.628,否,92266700,21876227,3574411958.0,847485033.98,52.448166,5.944091,2.532177,38.74,40.91,40.61,40.53,40.54,20.27,9.73,2023-10-31,-
2024-01-16,301555,惠柏新材,化学制品,38.08,38.43,36.28,37.01,36.28,2420709,90863439.19,11.0655,-3.046,5.63,否,0.79,-4.54,-10.257,-11.755,-7.706,否,92266700,21876227,3465537252.0,821671086.12,50.850622,5.763037,2.455048,38.31,40.42,40.53,40.33,41.16,20.58,9.88,2023-10-31,-
2024-01-17,301555,惠柏新材,化学制品,36.96,37.31,35.24,35.29,35.24,1730817,63258248.14,7.9119,-4.633,5.59,否,0.6,-10.794,-9.86,-19.097,-12.367,否,92266700,21876227,3304993194.0,783606451.14,48.494923,5.49606,2.341316,37.76,39.59,40.25,40.12,41.74,20.87,10.02,2023-10-31,-
2024-01-18,301555,惠柏新材,化学制品,34.98,35.26,33.9,35.04,33.9,1499500,52701971.0,6.8545,-0.726,3.85,否,0.6,-8.2,-7.935,-22.819,-12.312,否,92266700,21876227,3281003852.0,777918632.12,48.142921,5.456166,2.324322,37.01,38.55,39.95,39.93,42.33,21.16,10.16,2023-10-31,-
2024-01-19,301555,惠柏新材,化学制品,34.55,35.36,34.08,34.08,34.08,1277305,44878462.73,5.8388,-2.728,3.66,否,0.56,-7.917,-12.097,-21.129,-13.481,否,92266700,21876227,3191505153.0,756698691.93,46.829686,5.307334,2.260919,35.92,37.64,39.67,39.74,42.9,21.45,10.3,2023-10-31,-
2024-01-22,301555,惠柏新材,化学制品,34.07,34.08,31.43,31.66,31.43,1656932,54997841.34,7.5741,-7.112,7.78,否,0.9,-10.286,-19.97,-23.23,-19.929,否,92266700,21876227,2964529071.0,702883173.51,43.499214,4.929883,2.100125,34.62,36.68,39.26,39.49,43.42,21.71,10.42,2023-10-31,-
2024-01-23,301555,惠柏新材,化学制品,32.11,32.57,31.41,31.76,31.41,1676848,54327514.6,7.6652,0.311,3.67,否,0.98,-9.361,-16.793,-18.876,-17.975,否,92266700,21876227,2973755741.0,705070796.21,43.634599,4.945226,2.106662,33.57,35.94,38.91,39.21,43.95,21.98,10.55,2023-10-31,-
2024-01-24,301555,惠柏新材,化学制品,31.66,32.86,31.09,32.62,31.09,2222000,72531524.45,10.1571,2.73,5.58,否,1.42,-4.284,-11.862,-14.293,-20.205,否,92266700,21876227,3054950437.0,724321875.97,44.825988,5.080249,2.164181,33.03,35.4,38.53,38.95,43.38,22.25,10.68,2023-10-31,-
2024-01-25,301555,惠柏新材,化学制品,32.56,34.35,32.34,34.18,32.34,2378901,80887609.61,10.8744,4.772,6.16,否,1.43,7.96,-3.145,-11.839,-16.593,否,92266700,21876227,3200731823.0,758886314.63,46.965072,5.322678,2.267456,32.86,34.94,38.2,38.76,42.93,22.53,10.82,2023-10-31,-
2024-01-26,301555,惠柏新材,化学制品,34.13,34.98,33.74,33.77,33.74,1735211,60421728.8,7.9319,-1.211,3.63,否,0.94,6.329,-3.624,-14.636,-14.958,否,92266700,21876227,3161979809.0,749698299.29,46.396454,5.258235,2.240003,32.8,34.36,37.79,38.57,42.44,22.81,10.95,2023-10-31,-
2024-01-29,301555,惠柏新材,化学制品,35.44,36.31,33.6,33.78,33.6,2839022,99614042.19,12.9777,0.029,8.02,否,1.47,3.556,-0.88,-11.501,-15.402,否,92266700,21876227,3162902476.0,749917061.56,46.409993,5.259769,2.240657,33.22,33.92,37.42,38.38,42.06,23.1,11.09,2023-10-31,-
2024-01-30,301555,惠柏新材,化学制品,32.5,33.05,31.75,31.78,31.75,1786659,58759476.73,8.1671,-5.922,3.85,否,0.82,-7.022,0.379,-14.131,-17.86,否,92266700,21876227,2975601075.0,705508320.75,43.661676,4.948295,2.107969,33.23,33.4,36.91,38.15,41.7,23.36,11.21,2023-10-31,-
2024-01-31,301555,惠柏新材,化学制品,31.56,32.41,29.71,30.13,29.71,1547594,48397982.72,7.0743,-5.178,8.5,否,0.71,-10.779,-5.132,-14.622,-25.106,否,92266700,21876227,2821515686.0,668975021.66,41.400746,4.692058,1.998812,32.73,32.88,36.23,37.79,41.32,23.61,11.33,2023-10-31,-
2024-02-01,301555,惠柏新材,化学制品,30.15,30.68,29.38,29.61,29.38,1499244,45585627.13,6.8533,-1.733,4.32,否,0.73,-12.345,-9.227,-15.497,-27.568,否,92266700,21876227,2772614335.0,657380621.35,40.683206,4.610737,1.964169,31.81,32.34,35.44,37.41,40.97,23.86,11.45,2023-10-31,-
2024-02-02,301555,惠柏新材,化学制品,29.54,30.35,26.6,27.86,26.6,1880700,54402638.0,8.597,-5.89,12.65,否,1.0,-12.335,-18.49,-18.251,-33.397,否,92266700,21876227,2609302276.0,618659699.56,38.28689,4.339156,1.848476,30.63,31.72,34.68,37.02,40.57,24.09,11.56,2023-10-31,-
2024-02-05,301555,惠柏新材,化学制品,27.58,27.67,23.52,23.86,23.52,2581378,64780160.46,11.7999,-14.356,14.89,否,1.35,-20.81,-29.346,-24.637,-42.242,否,92266700,21876227,2234699474.0,529842217.94,32.790257,3.716208,1.583101,28.65,30.94,33.81,36.48,40.14,24.29,11.66,2023-10-31,-
2024-02-06,301555,惠柏新材,化学制品,23.86,24.83,22.2,24.58,22.2,2475707,58745616.64,11.3169,3.014,11.02,否,1.33,-16.988,-27.235,-22.607,-41.392,否,92266700,21876227,2302054165.0,545811863.65,33.778568,3.828216,1.630816,27.21,30.22,33.08,36.01,39.7,24.49,11.76,2023-10-31,-
2024-02-07,301555,惠柏新材,化学制品,24.38,24.44,21.58,21.66,21.58,2935833,68981934.63,13.4202,-11.904,11.62,否,1.47,-22.254,-31.844,-33.599,-50.344,否,92266700,21876227,2028022066.0,480839469.46,29.757633,3.372512,1.436687,25.51,29.12,32.26,35.39,39.22,24.68,11.84,2023-10-31,-
2024-02-08,301555,惠柏新材,化学制品,21.62,23.74,21.14,23.74,21.14,3110304,71037301.19,14.2177,9.6,11.97,否,1.37,-0.503,-21.208,-30.544,-47.709,否,92266700,21876227,2222704803.0,526998308.43,32.614257,3.696261,1.574604,24.34,28.08,31.51,34.82,38.77,24.87,11.94,2023-10-31,-
2024-02-19,301555,惠柏新材,化学制品,23.94,25.35,23.87,25.12,23.87,2986491,74551061.71,13.6518,5.812,6.23,否,1.15,2.197,-15.164,-25.614,-41.865,否,92266700,21876227,2351878183.0,557625026.23,34.509648,3.911071,1.666112,23.79,27.21,30.79,34.27,38.38,25.08,12.04,2023-10-31,-
2024-02-20,301555,惠柏新材,化学制品,25.15,25.86,24.48,25.8,24.48,2152408,55459913.92,9.839,2.707,5.49,否,0.76,19.114,-7.394,-23.623,-37.439,否,92266700,21876227,2415542206.0,572719622.86,35.443804,4.016941,1.711213,24.18,26.41,30.17,33.75,38.01,25.3,12.14,2023-10-31,-
2024-02-21,301555,惠柏新材,化学制品,25.42,26.99,25.21,25.93,25.21,2601606,69248437.79,11.8924,0.535,6.88,否,0.95,9.225,8.676,-18.408,-33.768,否,92266700,21876227,2428459544.0,575782294.64,35.633343,4.038422,1.720364,24.45,25.83,29.61,33.21,37.6,25.51,12.25,2023-10-31,-
2024-02-22,301555,惠柏新材,化学制品,26.11,26.91,25.89,26.91,25.89,2449175,65905633.04,11.1956,3.761,3.91,否,0.89,7.126,9.479,-10.687,-29.296,否,92266700,21876227,2519803577.0,597439759.37,36.973655,4.190324,1.785074,25.5,25.51,29.19,32.66,37.22,25.74,12.35,2023-10-31,-
2024-02-23,301555,惠柏新材,化学制品,27.64,28.02,26.85,27.91,26.85,2985764,83046539.31,13.6484,3.735,4.36,否,1.12,8.178,28.855,-5.741,-28.011,否,92266700,21876227,2613915611.0,619753510.91,38.354583,4.346828,1.851744,26.33,25.34,28.84,32.07,36.88,25.97,12.47,2023-10-31,-
2024-02-26,301555,惠柏新材,化学制品,27.91,28.95,27.39,28.27,27.39,3212631,91762496.05,14.6855,1.271,5.58,否,1.22,9.024,19.082,1.472,-28.539,否,92266700,21876227,2647131623.0,627628952.63,38.841969,4.402065,1.875275,26.96,25.38,28.55,31.58,36.54,26.21,12.58,2023-10-31,-
2024-02-27,301555,惠柏新材,化学制品,27.98,29.8,27.81,29.76,27.81,3259244,96244556.58,14.8986,5.263,7.04,否,1.22,10.591,18.471,24.728,-22.033,否,92266700,21876227,2786454340.0,660662055.4,40.886283,4.633752,1.973974,27.76,25.97,28.45,31.19,36.28,26.45,12.7,2023-10-31,-
2024-02-28,301555,惠柏新材,化学制品,29.89,30.41,26.57,26.61,26.57,4085400,119702221.15,18.6751,-10.563,12.88,否,1.41,-4.658,3.14,8.259,-28.101,否,92266700,21876227,2492123567.0,590876891.27,36.5675,4.144293,1.765465,27.89,26.17,28.19,30.78,35.98,26.68,12.8,2023-10-31,-
2024-02-29,301555,惠柏新材,化学制品,26.13,27.84,25.98,27.73,25.98,2332793,64842922.59,10.6636,4.184,7.0,否,0.73,-1.91,6.942,28.024,-21.422,否,92266700,21876227,2596384938.0,615597027.78,38.097351,4.317675,1.839325,28.06,26.78,27.95,30.43,35.69,26.91,12.92,2023-10-31,-
2024-03-01,301555,惠柏新材,化学制品,27.98,29.74,27.73,28.77,27.73,3163793,93196401.59,14.4622,3.767,7.25,否,1.0,-3.327,6.912,21.188,-17.894,否,92266700,21876227,2694187640.0,638785828.4,39.532433,4.480317,1.908611,28.23,27.28,27.68,30.1,35.44,27.15,13.03,2023-10-31,-
2024-03-04,301555,惠柏新材,化学制品,29.17,29.55,27.65,28.35,27.65,2385555,68725818.82,10.9048,-1.473,6.61,否,0.74,6.539,1.576,12.858,-16.813,否,92266700,21876227,2654512959.0,629379050.79,38.950277,4.414339,1.880504,28.24,27.6,27.41,29.72,35.2,27.38,13.14,2023-10-31,-
2024-03-05,301555,惠柏新材,化学制品,28.5,34.01,28.39,34.01,28.39,7116489,227049541.17,32.5307,19.986,19.85,否,2.34,22.647,20.304,31.822,7.423,是,92266700,21876227,3185046484.0,755167356.04,46.734917,5.296593,2.256344,29.09,28.43,27.42,29.59,35.06,27.67,13.28,2023-10-31,-
2024-03-06,301555,惠柏新材,化学制品,33.99,37.37,33.17,35.47,33.17,10053567,363545631.7,45.9566,4.287,12.37,否,2.63,23.288,19.187,36.791,11.681,否,92266700,21876227,3321601200.0,787544172.0,48.738616,5.523678,2.353082,30.87,29.38,27.6,29.53,34.93,27.96,13.42,2023-10-31,-
2024-03-07,301555,惠柏新材,化学制品,33.73,34.96,32.3,32.42,32.3,6846874,233614391.0,31.2982,-8.611,7.5,否,1.37,14.356,21.834,20.476,-0.613,否,92266700,21876227,3035574430.0,719727868.3,44.541679,5.048028,2.150455,31.8,29.93,27.72,29.44,34.78,28.23,13.55,2023-10-31,-
2024-03-08,301555,惠柏新材,化学制品,32.5,32.81,31.23,32.42,31.23,3971228,128932730.32,18.1532,0.0,4.86,否,0.67,-4.675,16.913,16.159,-5.149,否,92266700,21876227,3035574430.0,719727868.3,44.541679,5.048028,2.150455,32.53,30.38,27.86,29.35,34.64,28.5,13.68,2023-10-31,-
2024-03-11,301555,惠柏新材,化学制品,32.31,32.41,31.35,32.32,31.35,3394440,109788927.93,15.5166,-0.304,3.25,否,0.56,-8.881,12.339,14.326,-4.294,否,92266700,21876227,3026347760.0,717540245.6,44.406294,5.032684,2.143919,33.33,30.79,28.08,29.29,34.52,28.77,13.81,2023-10-31,-
2024-03-12,301555,惠柏新材,化学制品,32.07,32.84,31.74,32.81,31.74,3782622,124329976.71,17.291,1.524,3.41,否,0.6,1.203,15.732,10.249,-2.872,否,92266700,21876227,3072481110.0,728478359.1,45.083219,5.109402,2.1766,33.09,31.09,28.53,29.33,34.41,29.04,13.94,2023-10-31,-
2024-03-13,301555,惠柏新材,化学制品,33.5,33.5,32.13,32.27,32.13,3000218,99068798.35,13.7145,-1.652,4.17,否,0.53,-0.463,-5.116,21.27,1.542,否,92266700,21876227,3021734425.0,716446434.25,44.338602,5.025013,2.140651,32.45,31.66,28.91,29.35,34.28,29.31,14.07,2023-10-31,-
2024-03-14,301555,惠柏新材,化学制品,31.93,32.17,30.31,30.95,30.31,2989463,94613500.39,13.6654,-4.092,5.77,否,0.71,-4.239,-12.743,11.612,2.722,否,92266700,21876227,2898097047.0,687132290.07,42.524442,4.819409,2.053064,32.15,31.98,29.38,29.29,34.12,29.57,14.19,2023-10-31,-
2024-03-15,301555,惠柏新材,化学制品,31.03,31.98,31.03,31.96,31.03,2708551,86987985.21,12.3813,3.279,3.09,否,0.79,-2.591,-1.419,11.088,7.937,否,92266700,21876227,2993131748.0,709664803.88,43.918908,4.977448,2.120388,32.06,32.3,29.79,29.22,33.99,29.84,14.32,2023-10-31,-
2024-03-18,301555,惠柏新材,化学制品,32.18,33.3,31.77,33.3,31.77,3782072,124868845.97,17.2885,4.192,4.81,否,1.19,3.192,2.714,17.46,19.526,否,92266700,21876227,3118614460.0,739416472.6,45.760145,5.18612,2.209282,32.26,32.79,30.2,29.2,33.89,30.12,14.46,2023-10-31,-
2024-03-19,301555,惠柏新材,化学制品,34.28,36.25,33.61,34.43,33.61,6401170,227179821.65,29.2609,3.373,7.93,否,1.97,11.244,6.528,1.235,44.3,否,92266700,21876227,3223798498.0,764355371.38,47.303534,5.361036,2.283796,32.58,32.84,30.63,29.22,33.8,30.4,14.59,2023-10-31,-
2024-03-20,301555,惠柏新材,化学制品,34.02,36.85,33.7,36.3,33.7,6172640,224388550.99,28.2162,5.438,9.16,否,1.63,13.579,10.637,2.34,47.681,否,92266700,21876227,3399105228.0,805920202.68,49.87585,5.652564,2.407987,33.39,32.92,31.15,29.38,33.76,30.71,14.74,2023-10-31,-
2024-03-21,301555,惠柏新材,化学制品,37.08,37.44,35.38,35.47,35.38,5540548,203272226.33,25.3268,-2.28,5.67,否,1.26,6.517,9.916,9.408,63.758,否,92266700,21876227,3321601200.0,787544172.0,48.738616,5.523678,2.353082,34.29,33.22,31.58,29.55,33.67,31.0,14.88,2023-10-31,-
2024-03-22,301555,惠柏新材,化学制品,34.83,35.2,33.5,34.14,33.5,3245327,112503756.8,14.8349,-3.75,4.78,否,0.66,-0.842,10.307,5.305,43.808,否,92266700,21876227,3197041155.0,758011265.55,46.910918,5.31654,2.264841,34.73,33.4,31.89,29.7,33.56,31.29,15.02,2023-10-31,-
2024-03-25,301555,惠柏新材,化学制品,33.8,34.02,32.59,32.64,32.59,2182116,73948562.37,9.9748,-4.387,4.18,否,0.43,-10.083,2.128,0.99,29.936,否,92266700,21876227,3056795771.0,724759400.51,44.853065,5.083318,2.165489,34.6,33.43,32.11,29.86,33.44,31.56,15.15,2023-10-31,-
2024-03-26,301555,惠柏新材,化学制品,32.73,33.05,31.11,31.92,31.11,2225091,72140895.58,10.1713,-2.203,5.95,否,0.47,-10.008,-4.144,-2.713,23.721,否,92266700,21876227,2989441080.0,708789754.8,43.864754,4.97131,2.117773,34.09,33.34,32.21,30.13,33.31,31.82,15.28,2023-10-31,-
2024-03-27,301555,惠柏新材,化学制品,31.83,31.84,29.66,29.66,29.66,2175124,67521488.68,9.9429,-7.099,6.82,否,0.56,-13.122,-13.854,-8.088,14.385,否,92266700,21876227,2777227670.0,658474432.7,40.750898,4.618409,1.967438,32.77,33.08,32.37,30.3,33.16,32.07,15.39,2023-10-31,-
2024-03-28,301555,惠柏新材,化学制品,29.94,31.51,29.68,30.96,29.68,2186721,68335423.44,9.9959,4.385,6.18,否,0.71,-5.147,-14.711,0.032,15.05,否,92266700,21876227,2899019714.0,687351052.34,42.537981,4.820943,2.053717,31.86,33.08,32.53,30.61,33.0,32.33,15.52,2023-10-31,-
2024-03-29,301555,惠柏新材,化学制品,30.68,32.32,30.5,32.14,30.5,2214325,70709252.5,10.1221,3.819,5.89,否,0.92,0.689,-9.388,0.563,15.156,否,92266700,21876227,3009739754.0,713602524.74,44.162601,5.005066,2.132153,31.46,33.1,32.7,30.89,32.86,32.6,15.65,2023-10-31,-
2024-04-01,301555,惠柏新材,化学制品,32.69,33.7,32.02,33.58,32.02,3253305,108892318.57,14.8714,4.476,5.21,否,1.48,13.216,-1.64,0.841,18.783,否,92266700,21876227,3144449136.0,745541816.16,46.139223,5.229082,2.227584,31.65,33.12,32.96,31.17,32.72,32.88,15.78,2023-10-31,-
2024-04-02,301555,惠柏新材,化学制品,33.7,35.43,33.28,34.66,33.28,5237668,183207580.41,23.9423,3.228,6.4,否,2.17,11.951,6.189,0.668,16.465,否,92266700,21876227,3245942506.0,769605665.86,47.628458,5.397861,2.299484,32.2,33.15,32.99,31.47,32.61,33.16,15.92,2023-10-31,-
2024-04-03,301555,惠柏新材,化学制品,33.78,34.13,32.53,32.61,32.53,3139266,105424044.72,14.3501,-5.913,4.63,否,1.04,1.462,2.162,-10.165,22.548,否,92266700,21876227,3054027770.0,724103113.7,44.812449,5.078715,2.163528,32.79,32.78,32.85,31.69,32.45,33.44,16.05,2023-10-31,-
2024-04-08,301555,惠柏新材,化学制品,33.0,34.49,32.71,33.84,32.71,3419459,116434166.09,15.6309,3.746,5.44,否,1.07,0.774,14.093,-4.595,22.034,否,92266700,21876227,3168438478.0,751229635.18,46.491224,5.268975,2.244578,33.37,32.62,32.92,31.92,32.29,33.72,16.18,2023-10-31,-
2024-04-09,301555,惠柏新材,化学制品,33.1,34.24,32.95,33.35,32.95,2814257,96057686.55,12.8645,-1.427,3.81,否,0.82,-3.78,7.72,-2.314,15.919,否,92266700,21876227,3123227795.0,740510283.95,45.827837,5.193792,2.21255,33.61,32.54,32.97,32.1,32.09,34.0,16.32,2023-10-31,-
2024-04-10,301555,惠柏新材,化学制品,32.81,33.25,31.23,31.64,31.23,2594567,83972338.55,11.8602,-5.14,6.06,否,0.73,-2.975,-1.556,-3.064,11.605,否,92266700,21876227,2962683737.0,702445648.97,43.472137,4.926814,2.098818,33.22,32.44,32.93,32.22,31.9,34.26,16.44,2023-10-31,-
2024-04-11,301555,惠柏新材,化学制品,31.5,32.16,30.64,31.35,30.64,2283872,72642072.2,10.44,-0.903,4.8,否,0.66,-7.358,-6.641,-1.786,-7.821,否,92266700,21876227,2935926394.0,696101543.14,43.079521,4.882318,2.079863,32.56,32.38,32.86,32.27,31.73,34.52,16.57,2023-10-31,-
2024-04-12,301555,惠柏新材,化学制品,31.51,31.63,30.17,30.84,30.17,1887846,58759224.83,8.6297,-1.634,4.65,否,0.66,-7.526,-11.021,3.978,-13.053,否,92266700,21876227,2887947710.0,684725905.1,42.375519,4.802531,2.045874,32.2,32.5,32.79,32.41,31.59,34.78,16.69,2023-10-31,-
2024-04-15,301555,惠柏新材,化学制品,30.56,31.59,28.76,29.53,28.76,2042204,62726994.84,9.3353,-4.249,9.17,否,0.79,-6.669,-9.445,-4.619,-8.914,否,92266700,21876227,2765232999.0,655630523.19,40.574897,4.598462,1.95894,31.34,32.35,32.72,32.47,31.45,35.02,16.81,2023-10-31,-
2024-04-16,301555,惠柏新材,化学制品,28.77,28.77,25.2,25.42,25.2,2294371,61335435.01,10.488,-13.914,12.08,否,0.99,-18.915,-24.882,-20.909,-21.592,否,92266700,21876227,2380480860.0,564406656.6,34.929341,3.958636,1.686375,29.76,31.68,32.39,32.36,31.23,35.24,16.91,2023-10-31,-
2024-04-17,301555,惠柏新材,化学制品,25.63,27.67,25.63,27.4,25.63,1951123,53892679.92,8.9189,7.791,8.02,否,0.88,-11.154,-17.841,-18.404,-15.223,否,92266700,21876227,2565936927.0,608377872.87,37.650581,4.267041,1.817755,28.91,31.06,32.09,32.33,31.03,35.46,17.02,2023-10-31,-
2024-04-18,301555,惠柏新材,化学制品,27.57,29.95,26.62,28.55,26.62,2584465,74232119.1,11.814,4.207,12.15,否,1.24,-3.319,-9.766,-17.628,-12.984,否,92266700,21876227,2673888966.0,633973058.46,39.234586,4.446561,1.894231,28.35,30.45,31.8,32.15,30.87,35.7,17.14,2023-10-31,-
2024-04-19,301555,惠柏新材,化学制品,28.36,31.63,27.74,31.14,27.74,4062078,123082534.38,18.5685,9.041,13.63,否,1.89,22.502,-0.67,-4.508,-3.502,否,92266700,21876227,2915627720.0,691288773.2,42.781674,4.848562,2.065483,28.41,30.31,31.54,32.0,30.77,35.96,17.26,2023-10-31,-
2024-04-22,301555,惠柏新材,化学制品,30.42,34.05,30.42,31.86,30.42,5317500,176518191.01,24.3072,2.342,11.68,否,2.06,16.277,3.307,-5.851,2.94,否,92266700,21876227,2983905078.0,707477181.18,43.783523,4.962104,2.113852,28.87,30.11,31.36,31.98,30.71,36.23,17.39,2023-10-31,-
2024-04-23,301555,惠柏新材,化学制品,31.09,33.86,30.92,32.57,30.92,4569038,150631839.89,20.8859,2.226,9.21,否,1.41,14.081,10.295,-2.339,1.909,否,92266700,21876227,3050337102.0,723228064.62,44.758295,5.072578,2.160913,30.3,30.03,31.28,31.99,30.67,36.5,17.52,2023-10-31,-
2024-04-24,301555,惠柏新材,化学制品,32.1,34.78,31.8,34.29,31.8,5507103,187625611.72,25.1739,5.263,9.17,否,1.49,10.116,34.894,8.375,2.973,否,92266700,21876227,3210881160.0,761292699.6,47.113995,5.339555,2.274645,31.68,30.3,31.37,32.05,30.67,36.78,17.66,2023-10-31,-
2024-04-25,301555,惠柏新材,化学制品,33.27,34.14,32.27,32.7,32.27,4998762,167344722.42,22.8502,-4.626,5.46,否,1.13,2.637,19.343,4.306,-5.025,否,92266700,21876227,3062331773.0,726071974.13,74.918558,2.861777,2.335639,32.51,30.43,31.4,32.05,30.69,37.06,17.79,2023-10-31,-
2024-04-26,301555,惠柏新材,化学制品,33.38,36.94,33.18,33.89,33.18,6513063,229974580.64,29.7723,3.646,11.51,否,1.33,4.053,18.704,9.89,-6.639,否,92266700,21876227,3173974480.0,752542208.8,77.649846,2.966108,2.420789,33.06,30.74,31.62,32.1,30.73,37.34,17.92,2023-10-31,-
2024-04-29,301555,惠柏新材,化学制品,33.37,35.02,32.5,34.22,32.5,5493460,188377039.04,25.1116,0.959,7.44,否,1.02,-0.204,9.891,15.882,-3.524,否,92266700,21876227,3204422491.0,759761363.71,78.394743,2.994562,2.444011,33.53,31.2,31.78,32.21,30.75,37.06,18.06,2023-10-31,-
2024-04-30,301555,惠柏新材,化学制品,33.56,33.96,30.94,30.99,30.94,4801654,156249760.27,21.9492,-9.444,8.84,否,0.89,-5.229,-2.731,21.912,-9.227,否,92266700,21876227,2901787715.0,688007339.15,70.99092,2.711747,2.213192,33.22,31.76,31.72,32.18,30.7,36.81,18.18,2023-10-31,-
2024-05-06,301555,惠柏新材,化学制品,31.35,32.2,31.12,32.1,31.12,3613441,116814638.11,15.6652,3.593,3.5,否,0.66,-5.282,-1.443,17.153,-1.654,否,92266700,23066700,3006049086.0,751513086.0,73.541627,2.809181,2.292712,32.78,32.23,31.65,32.14,30.67,36.55,18.31,2023-10-31,-
2024-05-07,301555,惠柏新材,化学制品,32.31,38.53,32.28,38.53,32.28,8009473,292450920.79,34.7231,20.012,19.46,否,1.58,12.595,12.365,34.956,20.708,是,92266700,23066700,3607627970.0,901907970.0,88.258982,3.371362,2.751536,33.95,33.23,31.84,32.28,30.75,36.41,18.47,2023-10-31,-
2024-05-08,301555,惠柏新材,化学制品,38.55,38.55,35.53,36.07,35.53,9873117,371364456.73,42.8025,-6.368,7.83,否,1.74,16.392,10.306,15.832,21.612,否,92266700,23066700,3377883887.0,844471887.0,82.638397,3.156664,2.57631,34.38,33.72,32.01,32.27,30.82,36.26,18.61,2023-10-31,-
2024-05-09,301555,惠柏新材,化学制品,35.89,37.44,35.05,37.44,35.05,8121385,298091459.74,35.2083,3.797,6.64,否,1.28,16.636,10.475,17.514,20.93,否,92266700,23066700,3506134600.0,876534600.0,85.775992,3.276515,2.674127,35.03,34.28,32.19,32.33,30.94,36.13,18.76,2023-10-31,-
2024-05-10,301555,惠柏新材,化学制品,36.65,36.96,34.87,34.87,34.87,5911614,215340865.53,25.6283,-6.868,5.58,否,0.86,-9.499,1.899,7.062,8.494,否,92266700,23066700,3265318513.0,816330513.0,79.884536,3.05147,2.490457,35.8,34.51,32.27,32.36,31.03,36.0,18.9,2023-10-31,-
2024-05-13,301555,惠柏新材,化学制品,34.21,34.49,32.72,33.2,32.72,4181844,141427243.32,18.1294,-4.804,5.06,否,0.59,-7.957,7.131,-3.179,-1.132,否,92266700,23066700,3108465123.0,777117123.0,76.047189,2.904889,2.370825,36.02,34.4,32.35,32.38,31.12,35.85,19.03,2023-10-31,-
2024-05-14,301555,惠柏新材,化学制品,33.6,34.83,32.89,34.83,32.89,4733090,163061230.78,20.5191,4.927,5.85,否,0.66,-6.971,8.505,6.514,0.49,否,92266700,23066700,3261627845.0,815407845.0,79.794246,3.048021,2.487642,35.28,34.61,32.52,32.47,31.3,35.72,19.17,2023-10-31,-
2024-05-15,301555,惠柏新材,化学制品,34.19,36.58,33.7,35.51,33.7,5868701,212210098.69,25.4423,1.952,8.29,否,0.89,1.835,-7.838,4.78,8.893,否,92266700,23066700,3325291868.0,831323868.0,81.351757,3.107516,2.536198,35.17,34.78,32.76,32.67,31.49,35.59,19.31,2023-10-31,-
2024-05-16,301555,惠柏新材,化学制品,35.92,36.77,34.5,34.72,34.5,4655099,167934442.71,20.181,-2.22,6.41,否,0.81,4.578,-3.743,1.461,2.6,否,92266700,23066700,3251478508.0,812870508.0,79.545947,3.038537,2.479901,34.63,34.83,33.02,32.79,31.7,35.46,19.45,2023-10-31,-
2024-05-17,301555,惠柏新材,化学制品,35.38,38.42,33.66,37.3,33.66,8350244,311236762.13,36.2004,7.435,13.71,否,1.65,7.092,-0.374,20.361,11.844,否,92266700,23066700,3493217262.0,873305262.0,85.459976,3.264444,2.664275,35.11,35.46,33.61,32.97,31.93,35.35,19.6,2023-10-31,-
2024-05-20,301555,惠柏新材,化学制品,37.44,40.85,37.15,37.34,37.15,8199287,318125012.8,35.546,0.106,9.93,否,1.48,5.153,7.083,16.324,18.015,否,92266700,23066700,3496907930.0,874227930.0,85.550266,3.267893,2.66709,35.94,35.98,34.11,33.09,32.13,35.26,19.75,2023-10-31,-
2024-05-21,301555,惠柏新材,化学制品,37.13,38.36,36.27,36.37,36.27,5960398,224935420.94,25.8398,-2.612,5.59,否,0.94,4.752,9.548,-5.606,16.013,否,92266700,23066700,3405563897.0,851391897.0,83.315576,3.182531,2.597422,36.25,35.77,34.5,33.15,32.31,35.16,19.9,2023-10-31,-
2024-05-22,301555,惠柏新材,化学制品,35.88,36.46,34.83,35.98,34.83,4864381,175266573.53,21.0883,-1.057,4.47,否,0.74,-3.539,3.302,-0.25,16.667,否,92266700,23066700,3369579884.0,842395884.0,82.435243,3.148904,2.569977,36.34,35.76,34.74,33.26,32.48,35.04,20.04,2023-10-31,-
2024-05-23,301555,惠柏新材,化学制品,36.13,38.43,36.13,37.98,36.13,7730350,293700994.96,33.513,5.559,6.38,否,1.21,1.714,6.956,1.442,28.615,否,92266700,23066700,3556881285.0,889221285.0,87.017487,3.323938,2.712832,36.99,35.81,35.05,33.4,32.66,34.94,20.19,2023-10-31,-
2024-05-24,301555,惠柏新材,化学制品,36.96,37.05,35.27,36.38,35.27,4967895,181471487.91,21.5371,-4.228,4.67,否,0.71,0.027,4.781,4.33,43.116,否,92266700,23066700,3406486564.0,851622564.0,83.338148,3.183393,2.598126,36.81,35.96,35.24,33.5,32.8,34.84,20.34,2023-10-31,-
2024-05-27,301555,惠柏新材,化学制品,35.52,35.57,33.75,34.59,33.75,3163971,110456993.44,13.7166,-4.903,5.01,否,0.5,-3.863,-7.265,4.187,26.241,否,92266700,23066700,3239483837.0,809871837.0,79.252503,3.027328,2.470753,36.26,36.1,35.25,33.6,32.91,34.73,20.48,2023-10-31,-
2024-05-28,301555,惠柏新材,化学制品,33.99,35.0,31.76,33.11,31.76,3327881,112937485.18,14.4272,-4.301,9.37,否,0.62,-12.823,-11.328,-4.938,15.972,否,92266700,23066700,3100161120.0,775041120.0,75.844035,2.897129,2.364491,35.61,35.93,35.27,33.66,32.96,34.62,20.61,2023-10-31,-
2024-05-29,301555,惠柏新材,化学制品,32.53,33.59,32.49,32.8,32.49,1916148,64179384.71,8.307,-0.923,3.33,否,0.4,-9.841,-9.816,-7.632,5.331,否,92266700,23066700,3071558443.0,767890443.0,75.144284,2.8704,2.342676,34.97,35.66,35.22,33.72,33.07,34.52,20.74,2023-10-31,-
2024-05-30,301555,惠柏新材,化学制品,32.69,32.71,31.27,31.31,31.27,2397119,77242026.7,10.3921,-4.536,4.39,否,0.57,-9.483,-12.979,-9.821,-1.726,否,92266700,23066700,2932235726.0,733059726.0,71.735817,2.740201,2.236415,33.64,35.32,35.07,33.78,33.13,34.41,20.87,2023-10-31,-
2024-05-31,301555,惠柏新材,化学制品,31.11,32.61,31.11,32.02,31.11,1835395,59590063.22,7.9569,2.266,4.81,否,0.58,-3.292,-15.692,-14.155,-1.689,否,92266700,23066700,2998667750.0,749667750.0,73.361046,2.802283,2.287082,32.77,34.79,35.12,34.0,33.18,34.31,20.99,2023-10-31,-
2024-06-03,301555,惠柏新材,化学制品,32.02,33.49,31.33,31.52,31.33,2035906,66920970.04,8.8262,-1.569,6.74,否,0.81,-3.902,-13.359,-15.587,-8.078,否,92266700,23066700,2951611733.0,737903733.0,72.209842,2.758308,2.251193,32.15,34.21,35.09,34.14,33.23,34.22,21.12,2023-10-31,-
2024-06-04,301555,惠柏新材,化学制品,31.43,31.45,29.51,29.98,29.51,2761474,84806654.39,11.9717,-4.877,6.16,否,1.2,-4.248,-13.328,-17.569,-8.318,否,92266700,23066700,2807675681.0,701919681.0,68.688512,2.623799,2.141413,31.53,33.57,34.67,34.19,33.17,34.11,21.24,2023-10-31,-
2024-06-05,301555,惠柏新材,化学制品,29.51,30.02,28.92,28.94,28.92,1753449,52121777.58,7.6016,-3.483,3.68,否,0.8,-9.619,-12.594,-19.566,-14.606,否,92266700,23066700,2709872979.0,677468979.0,66.295813,2.532401,2.066819,30.75,32.86,34.31,34.11,33.06,34.0,21.36,2023-10-31,-
2024-06-06,301555,惠柏新材,化学制品,29.03,29.37,27.19,27.59,27.19,2250725,63715744.94,9.7575,-4.665,7.52,否,1.04,-12.468,-15.884,-27.357,-19.375,否,92266700,23066700,2583467600.0,645867600.0,63.203363,2.414274,1.970409,30.01,31.82,33.82,33.97,32.98,33.88,21.47,2023-10-31,-
2024-06-07,301555,惠柏新材,化学制品,28.08,28.87,27.9,28.48,27.9,1619140,46671303.56,7.0194,3.214,3.5,否,0.76,-5.003,-9.039,-21.715,-8.099,否,92266700,23066700,2666507630.0,666627630.0,65.2349,2.491876,2.033744,29.3,31.03,33.5,33.84,32.91,33.78,21.58,2023-10-31,-
2024-06-11,301555,惠柏新材,化学制品,28.48,28.85,27.6,28.81,27.6,1310386,37612006.65,5.6809,1.177,4.39,否,0.63,-0.449,-10.025,-16.71,-10.249,否,92266700,23066700,2697878308.0,674470308.0,66.002369,2.521192,2.05767,28.76,30.46,33.28,33.65,32.85,33.68,21.69,2023-10-31,-
2024-06-12,301555,惠柏新材,化学制品,28.81,29.51,28.78,29.18,28.78,1639885,48624421.71,7.1093,1.265,2.53,否,0.85,5.763,-7.424,-11.87,-24.267,否,92266700,23066700,2732016987.0,683004987.0,66.837556,2.553095,2.083708,28.6,30.06,33.0,33.54,32.79,33.6,21.81,2023-10-31,-
2024-06-13,301555,惠柏新材,化学制品,29.2,29.76,28.97,29.65,28.97,2004010,59899339.63,8.6879,1.621,2.7,否,1.17,4.108,-1.101,-9.604,-17.799,否,92266700,23066700,2776305003.0,694077003.0,67.921042,2.594483,2.117486,28.74,29.75,32.7,33.39,32.75,33.51,21.93,2023-10-31,-
2024-06-14,301555,惠柏新材,化学制品,29.34,29.35,28.66,28.82,28.66,1642498,48185402.76,7.1206,-2.792,2.33,否,0.93,0.035,-0.415,-7.953,-23.024,否,92266700,23066700,2698800975.0,674700975.0,66.024942,2.522054,2.058374,28.99,29.5,32.41,33.21,32.71,33.42,22.05,2023-10-31,-
2024-06-17,301555,惠柏新材,化学制品,28.82,29.66,28.59,29.1,28.59,1289750,38128653.36,5.5914,0.957,3.69,否,0.78,-0.274,5.473,-9.119,-16.547,否,92266700,23066700,2724635651.0,681159651.0,66.656975,2.546197,2.078078,29.11,29.21,32.0,33.15,32.67,33.33,22.16,2023-10-31,-
2024-06-18,301555,惠柏新材,化学制品,29.51,30.4,29.12,30.27,29.12,2601984,79378300.38,11.2803,4.03,4.4,否,1.65,2.091,6.285,-3.966,-8.825,否,92266700,23066700,2834433024.0,708609024.0,69.343118,2.648804,2.161821,29.4,29.08,31.64,33.09,32.61,33.25,22.28,2023-10-31,-
2024-06-19,301555,惠柏新材,化学制品,29.85,31.53,29.84,30.78,29.84,3111424,96936744.67,13.4888,1.693,5.6,否,1.7,6.801,6.838,2.668,-11.628,否,92266700,23066700,2882411708.0,720603708.0,70.516895,2.69364,2.198414,29.72,29.16,31.36,32.83,32.55,33.18,22.41,2023-10-31,-
2024-06-20,301555,惠柏新材,化学制品,30.43,30.45,29.07,29.08,29.07,2227744,67129351.53,9.6578,-5.538,4.48,否,1.05,-0.069,-0.343,0.484,-18.108,否,92266700,23066700,2722790317.0,680698317.0,66.61183,2.544473,2.076671,29.61,29.18,31.02,32.6,32.43,33.1,22.52,2023-10-31,-
2024-06-21,301555,惠柏新材,化学制品,29.12,29.48,28.48,28.55,28.48,1169964,34244175.64,5.0721,-1.796,3.46,否,0.54,-5.682,-3.71,3.48,-17.771,否,92266700,23066700,2673888966.0,668472966.0,65.415481,2.498774,2.039374,29.56,29.27,30.55,32.3,32.32,33.0,22.64,2023-10-31,-
2024-06-24,301555,惠柏新材,化学制品,28.14,28.47,27.12,27.24,27.12,1306458,36614396.63,5.6638,-4.589,4.73,否,0.63,-11.501,-5.482,-4.354,-26.971,否,92266700,23066700,2551174255.0,637794255.0,62.413321,2.384096,1.945779,29.18,29.15,30.09,32.05,32.2,32.88,22.75,2023-10-31,-
2024-06-25,301555,惠柏新材,化学制品,27.39,27.88,26.95,27.35,26.95,992667,27592504.21,4.3035,0.398,3.44,否,0.48,-5.949,-6.014,-5.068,-26.754,否,92266700,23066700,2561323592.0,640331592.0,62.66162,2.393581,1.95352,28.6,29.0,29.73,31.85,32.12,32.78,22.86,2023-10-31,-
2024-06-26,301555,惠柏新材,化学制品,27.35,28.27,26.61,28.24,26.61,1071000,30046219.56,4.6431,3.242,6.05,否,0.61,-1.086,-6.706,-3.221,-22.354,否,92266700,23066700,2644363622.0,661091622.0,64.693156,2.471182,2.016855,28.09,28.91,29.49,31.63,32.05,32.68,22.97,2023-10-31,-
2024-06-27,301555,惠柏新材,化学制品,28.15,28.38,27.31,27.46,27.31,1030042,29161351.73,4.4655,-2.757,3.77,否,0.76,0.808,-10.786,-7.386,-23.68,否,92266700,23066700,2571472929.0,642868929.0,62.909919,2.403065,1.961261,27.77,28.69,29.22,31.36,32.02,32.59,23.08,2023-10-31,-
2024-06-28,301555,惠柏新材,化学制品,27.79,28.87,27.47,27.91,27.47,1455082,41726666.46,6.3081,1.651,5.1,否,1.31,2.048,-4.023,-3.158,-26.514,否,92266700,23066700,2613915611.0,653479611.0,63.94826,2.442728,1.993632,27.64,28.6,29.05,31.14,31.97,32.48,23.19,2023-10-31,-
2024-07-01,301555,惠柏新材,化学制品,27.57,28.26,27.0,27.71,27.0,1166361,32497309.9,5.0565,-0.741,4.52,否,1.0,-1.877,-2.942,-4.777,-23.832,否,92266700,23066700,2594539604.0,648635604.0,63.474234,2.424621,1.978854,27.73,28.46,28.83,30.82,31.89,32.37,23.3,2023-10-31,-
2024-07-02,301555,惠柏新材,化学制品,27.73,28.04,27.49,27.83,27.49,850991,23987953.63,3.6893,0.462,1.99,否,0.74,1.347,2.166,-8.061,-19.543,否,92266700,23066700,2606534275.0,651634275.0,63.767679,2.43583,1.988002,27.83,28.22,28.65,30.5,31.8,32.26,23.41,2023-10-31,-
2024-07-03,301555,惠柏新材,化学制品,28.01,28.33,26.8,26.99,26.8,811216,22537937.73,3.5168,-3.044,5.49,否,0.73,-3.296,-1.316,-12.313,-18.484,否,92266700,23066700,2527184913.0,631796913.0,61.826432,2.361678,1.927483,27.58,27.84,28.5,30.19,31.67,32.14,23.52,2023-10-31,-
2024-07-04,301555,惠柏新材,化学制品,27.33,27.33,25.88,26.04,25.88,866496,23235538.33,3.7565,-3.505,5.37,否,0.82,-6.027,-7.79,-10.454,-20.61,否,92266700,23066700,2438608881.0,609652881.0,59.65946,2.278903,1.859926,27.3,27.53,28.35,29.86,31.56,32.01,23.62,2023-10-31,-
2024-07-05,301555,惠柏新材,化学制品,26.05,26.71,25.5,26.49,25.5,744866,19875280.82,3.2292,1.74,4.65,否,0.72,-4.815,-3.532,-7.215,-15.394,否,92266700,23066700,2481051563.0,620263563.0,60.697801,2.318566,1.892297,27.01,27.33,28.3,29.47,31.44,31.86,23.73,2023-10-31,-
2024-07-08,301555,惠柏新材,化学制品,26.5,27.01,25.3,25.44,25.3,769503,20065125.37,3.336,-3.979,6.43,否,0.87,-5.743,-8.85,-6.608,-20.55,否,92266700,23066700,2382326194.0,595582194.0,58.28253,2.226306,1.816999,26.56,27.15,28.15,29.11,31.3,31.7,23.83,2023-10-31,-
2024-07-09,301555,惠柏新材,化学制品,25.45,26.29,25.03,26.28,25.03,1096298,28498967.1,4.7527,3.281,4.92,否,1.36,0.922,-5.161,-3.912,-16.624,否,92266700,23066700,2439531548.0,609883548.0,59.682033,2.279765,1.860629,26.25,27.04,28.02,28.83,31.22,31.56,23.94,2023-10-31,-
2024-07-10,301555,惠柏新材,化学制品,26.05,26.65,25.83,25.92,25.83,811759,21414215.81,3.5192,-1.362,3.14,否,0.95,-2.152,-6.863,-8.215,-13.542,否,92266700,23066700,2406315536.0,601579536.0,58.869418,2.248724,1.835296,26.03,26.81,27.86,28.59,31.13,31.43,24.04,2023-10-31,-
2024-07-11,301555,惠柏新材,化学制品,26.72,26.85,26.28,26.68,26.28,905685,24279372.9,3.9264,2.953,2.22,否,1.06,4.874,-1.149,-2.84,-7.809,否,92266700,23066700,2477360895.0,619340895.0,60.60751,2.315117,1.889482,26.16,26.73,27.71,28.39,31.06,31.32,24.15,2023-10-31,-
2024-07-12,301555,惠柏新材,化学制品,26.83,26.83,25.99,26.18,25.99,867848,22996857.0,3.7623,-1.899,3.17,否,1.0,-0.381,0.538,-6.198,-5.111,否,92266700,23066700,2430304878.0,607576878.0,59.456306,2.271142,1.853592,26.1,26.56,27.58,28.22,31.0,31.23,24.25,2023-10-31,-
2024-07-15,301555,惠柏新材,化学制品,26.21,26.71,25.7,25.85,25.7,848748,22263625.0,3.6795,-1.253,3.87,否,0.95,-0.27,-2.416,-6.712,-9.235,否,92266700,23066700,2399856867.0,599964867.0,58.71141,2.242688,1.83037,26.18,26.37,27.41,28.01,31.01,31.12,24.36,2023-10-31,-
2024-07-16,301555,惠柏新材,化学制品,26.04,28.8,25.94,27.64,25.94,2539233,69903505.18,11.0082,6.92,11.07,否,2.8,3.598,8.648,-0.683,-4.061,否,92266700,23066700,2565936927.0,641484927.0,62.774483,2.397892,1.957039,26.45,26.35,27.28,27.88,31.01,31.02,24.47,2023-10-31,-
2024-07-17,301555,惠柏新材,化学制品,27.15,27.58,26.19,26.25,26.19,1605916,43260382.12,6.9621,-5.034,5.03,否,1.34,0.267,-0.114,-2.742,-10.041,否,92266700,23066700,2436763547.0,609191547.0,59.614315,2.277178,1.858518,26.52,26.28,27.06,27.76,30.97,30.92,24.57,2023-10-31,-
2024-07-18,301555,惠柏新材,化学制品,25.46,26.21,25.22,25.67,25.22,1096707,28220700.92,4.7545,-2.196,3.75,否,0.81,-0.696,-0.965,-1.421,-13.423,否,92266700,23066700,2383248861.0,595812861.0,58.305102,2.227168,1.817703,26.32,26.24,26.89,27.65,30.88,30.82,24.67,2023-10-31,-
2024-07-19,301555,惠柏新材,化学制品,25.44,26.19,25.38,25.9,25.38,774222,20192555.4,3.3564,0.89,3.14,否,0.56,-6.295,-2.924,-2.227,-10.132,否,92266700,23066700,2404470202.0,601118202.0,58.824273,2.247,1.833888,26.26,26.18,26.75,27.59,30.78,30.75,24.78,2023-10-31,-
2024-07-22,301555,惠柏新材,化学制品,25.91,26.82,25.91,26.63,25.91,1128267,30032027.67,4.8913,2.84,3.53,否,0.82,1.448,1.719,4.678,-8.488,否,92266700,23066700,2472747560.0,618187560.0,60.494647,2.310805,1.885963,26.42,26.3,26.72,27.53,30.68,30.68,24.88,2023-10-31,-
2024-07-23,301555,惠柏新材,化学制品,26.53,26.83,25.79,25.84,25.79,930700,24746347.0,4.0348,-2.985,3.92,否,0.65,0.662,-0.039,-1.674,-14.635,否,92266700,23066700,2398934200.0,599734200.0,58.688837,2.241826,1.829666,26.06,26.26,26.65,27.43,30.54,30.61,24.99,2023-10-31,-
2024-07-24,301555,惠柏新材,化学制品,25.84,27.51,25.32,26.63,25.32,1893416,50571463.0,8.2084,3.077,8.46,否,1.71,2.819,-3.654,2.739,-13.483,否,92266700,23066700,2472747560.0,618187560.0,60.494647,2.310805,1.885963,26.13,26.33,26.57,27.35,30.44,30.57,25.09,2023-10-31,-
2024-07-25,301555,惠柏新材,化学制品,26.24,29.47,26.04,28.44,26.04,3732333,105568594.47,16.1806,6.791,12.87,否,3.2,6.797,8.343,6.597,-2.201,否,92266700,23066700,2640672954.0,660168954.0,64.602866,2.467733,2.01404,26.69,26.5,26.62,27.31,30.35,30.54,25.21,2023-10-31,-
2024-07-26,301555,惠柏新材,化学制品,27.63,29.72,27.54,28.59,27.54,3571532,103098321.41,15.4835,0.524,7.69,否,2.11,10.642,11.375,9.206,0.14,否,92266700,23066700,2654512959.0,663628959.0,64.941455,2.480667,2.024596,27.23,26.74,26.65,27.3,30.26,30.5,25.32,2023-10-31,-
2024-07-29,301555,惠柏新材,化学制品,28.27,29.1,28.12,28.72,28.12,2474841,71371446.55,10.7291,0.452,3.41,否,1.1,7.848,10.888,11.103,5.433,否,92266700,23066700,2666507630.0,666627630.0,65.2349,2.491876,2.033744,27.64,27.03,26.7,27.29,30.22,30.46,25.44,2023-10-31,-
2024-07-30,301555,惠柏新材,化学制品,28.58,28.72,27.78,27.87,27.78,2106438,59444084.8,9.1319,-2.976,3.29,否,0.84,-2.004,4.656,0.832,1.901,否,92266700,23066700,2587158268.0,646790268.0,63.293653,2.417723,1.973224,28.05,27.05,26.7,27.21,30.15,30.41,25.55,2023-10-31,-
2024-07-31,301555,惠柏新材,化学制品,27.58,29.04,27.47,28.81,27.47,2468816,70493635.6,10.7029,3.388,5.63,否,0.9,0.769,11.494,9.752,2.018,否,92266700,23066700,2674811633.0,668703633.0,65.438053,2.499636,2.040077,28.49,27.31,26.79,27.14,29.99,30.37,25.66,2023-10-31,-
2024-08-01,301555,惠柏新材,化学制品,28.6,29.19,28.1,29.07,28.1,2471243,71382826.6,10.7135,0.897,3.76,否,0.86,1.219,9.163,13.245,5.863,否,92266700,23066700,2698800975.0,674700975.0,66.024942,2.522054,2.058374,28.61,27.65,26.95,27.14,29.87,30.35,25.78,2023-10-31,-
2024-08-02,301555,惠柏新材,化学制品,29.01,29.81,28.45,28.85,28.45,3281576,96351015.92,14.2265,-0.752,4.68,否,1.25,3.516,1.442,11.39,3.368,否,92266700,23066700,2678502301.0,669626301.0,65.528344,2.503085,2.042892,28.66,27.95,27.06,27.15,29.73,30.34,25.89,2023-10-31,-
2024-08-05,301555,惠柏新材,化学制品,28.02,28.62,27.04,27.13,27.04,2428764,67925776.12,10.5293,-5.959,5.48,否,0.95,-5.831,-5.107,1.878,-2.093,否,92266700,23066700,2518880910.0,629720910.0,61.623279,2.353918,1.921149,28.35,28.0,27.15,27.15,29.6,30.31,26.0,2023-10-31,-
2024-08-06,301555,惠柏新材,化学制品,27.41,27.83,27.03,27.5,27.03,1320959,36446996.65,5.7267,1.355,2.93,否,0.52,-5.401,-4.248,6.424,-1.186,否,92266700,23066700,2553019589.0,638255589.0,62.458466,2.38582,1.947187,28.27,28.16,27.21,27.15,29.5,30.31,26.11,2023-10-31,-
2024-08-07,301555,惠柏新材,化学制品,27.34,27.55,26.86,27.05,26.86,1074291,29378169.43,4.6573,-1.626,2.49,否,0.45,-6.239,-2.942,1.577,0.222,否,92266700,23066700,2511499574.0,627875574.0,61.442698,2.34702,1.915519,27.92,28.2,27.27,27.11,29.37,30.34,26.22,2023-10-31,-
2024-08-08,301555,惠柏新材,化学制品,27.23,27.23,26.32,26.45,26.32,967471,25885353.1,4.1942,-2.204,3.38,否,0.46,-2.506,-8.192,-6.997,1.575,否,92266700,23066700,2456139554.0,614035554.0,60.08834,2.295285,1.873296,27.4,28.0,27.25,27.08,29.22,30.35,26.33,2023-10-31,-
2024-08-09,301555,惠柏新材,化学制品,26.46,26.96,26.14,26.14,26.14,801112,21405764.44,3.473,-1.202,3.12,否,0.44,-4.945,-10.079,-8.569,-1.321,否,92266700,23066700,2426614210.0,606654210.0,59.366016,2.267693,1.850777,26.85,27.76,27.25,27.02,29.08,30.39,26.43,2023-10-31,-
2024-08-12,301555,惠柏新材,化学制品,26.52,26.7,25.15,25.31,25.15,1071848,27614962.73,4.6467,-3.156,5.93,否,0.81,-6.433,-12.27,-11.873,-0.511,否,92266700,23066700,2350032849.0,587508849.0,57.492488,2.196127,1.792369,26.49,27.42,27.22,26.94,28.88,30.4,26.53,2023-10-31,-
2024-08-13,301555,惠柏新材,化学制品,25.12,26.11,24.73,25.64,24.73,953713,24291514.84,4.1346,1.296,5.46,否,0.91,-3.062,-5.492,-8.001,-2.435,否,92266700,23066700,2380480860.0,595120860.0,58.237384,2.224581,1.815592,26.12,27.2,27.12,26.87,28.68,30.41,26.64,2023-10-31,-
2024-08-14,301555,惠柏新材,化学制品,25.64,25.79,25.35,25.39,25.35,612863,15756233.8,2.6569,-0.969,1.71,否,0.63,-2.869,-7.673,-11.871,-2.045,否,92266700,23066700,2357414185.0,589354185.0,57.673069,2.203025,1.797999,25.79,26.85,27.08,26.81,28.5,30.4,26.74,2023-10-31,-
2024-08-15,301555,惠柏新材,化学制品,25.35,27.16,24.94,26.65,24.94,1963981,51859776.08,8.5144,4.971,8.73,否,2.23,5.294,-1.479,-8.325,-0.112,否,92266700,23066700,2474592894.0,618648894.0,60.539793,2.31253,1.887371,25.83,26.61,27.13,26.83,28.35,30.41,26.84,2023-10-31,-
2024-08-16,301555,惠柏新材,化学制品,26.55,27.71,26.22,27.18,26.22,2199787,59407429.16,9.5366,1.976,5.59,否,2.04,6.006,2.76,-5.789,3.82,否,92266700,23066700,2523494245.0,630874245.0,61.736142,2.358229,1.924668,26.03,26.44,27.19,26.86,28.17,30.41,26.95,2023-10-31,-
2024-08-19,301555,惠柏新材,化学制品,26.68,27.08,25.88,25.88,25.88,1767100,46963711.52,7.6608,-4.79,4.42,否,1.3,1.93,-0.995,-4.607,0.116,否,92266700,23066700,2402624868.0,600656868.0,58.779127,2.245275,1.832481,26.15,26.32,27.16,26.87,27.99,30.4,27.06,2023-10-31,-
2024-08-20,301555,惠柏新材,化学制品,25.77,26.21,25.45,25.5,25.45,841910,21820583.6,3.6499,-1.459,2.92,否,0.56,-4.315,0.751,-7.273,-7.742,否,92266700,23066700,2367563522.0,591891522.0,57.921368,2.21251,1.805739,26.12,26.12,27.14,26.85,27.84,30.37,27.16,2023-10-31,-
2024-08-21,301555,惠柏新材,化学制品,25.5,26.0,25.13,25.14,25.13,731975,18804049.5,3.1733,-1.403,3.39,否,0.5,-7.506,-1.95,-7.061,-4.229,否,92266700,23066700,2334347510.0,583587510.0,57.108753,2.181469,1.780406,26.07,25.93,27.07,26.82,27.71,30.33,27.26,2023-10-31,-
2024-08-22,301555,惠柏新材,化学制品,24.94,25.44,24.29,24.32,24.29,992024,24652503.6,4.3007,-3.281,4.58,否,0.66,-6.028,-4.214,-8.053,-5.259,否,92266700,23066700,2257766149.0,564442149.0,55.235225,2.109903,1.721997,25.6,25.72,26.86,26.74,27.56,30.32,27.36,2023-10-31,-
2024-08-23,301555,惠柏新材,化学制品,24.25,24.3,23.42,23.52,23.42,1006856,24046253.6,4.365,-3.269,3.6,否,0.77,-7.765,-11.745,-10.023,-9.189,否,92266700,23066700,2183952789.0,545988789.0,53.429414,2.040924,1.6657,24.87,25.45,26.61,26.65,27.43,30.28,27.45,2023-10-31,-
2024-08-26,301555,惠柏新材,化学制品,23.32,25.01,23.32,24.68,23.32,1083035,26584219.7,4.6952,4.901,7.18,否,1.01,-1.83,-9.198,-2.489,-7.323,否,92266700,23066700,2290982161.0,572746161.0,56.047839,2.140944,1.747331,24.63,25.39,26.4,26.61,27.31,30.25,27.55,2023-10-31,-
2024-08-27,301555,惠柏新材,化学制品,24.42,24.89,23.81,23.83,23.81,790200,19315492.0,3.4257,-3.423,4.39,否,0.85,-2.015,-7.921,-7.059,-7.779,否,92266700,23066700,2212555466.0,553139466.0,54.129166,2.067654,1.687515,24.3,25.21,26.2,26.49,27.18,30.21,27.64,2023-10-31,-
2024-08-28,301555,惠柏新材,化学制品,23.68,24.25,23.45,23.8,23.45,602796,14510286.4,2.6133,-0.125,3.34,否,0.65,1.19,-6.667,-6.262,-10.627,否,92266700,23066700,2209787465.0,552447465.0,98.768752,2.104467,1.880196,24.03,25.05,25.95,26.4,27.08,30.12,27.74,2023-10-31,-
2024-08-29,301555,惠柏新材,化学制品,23.53,24.53,23.43,24.24,23.43,596575,14463607.81,2.5863,1.837,4.59,否,0.67,-1.783,-3.58,-9.043,-14.768,否,92266700,23066700,2250384813.0,562596813.0,100.583293,2.143129,1.914738,24.01,24.81,25.71,26.36,27.0,30.03,27.84,2023-10-31,-
2024-08-30,301555,惠柏新材,化学制品,24.05,25.0,24.05,24.65,24.05,758424,18863822.8,3.288,1.681,3.94,否,0.93,3.441,1.357,-9.308,-13.781,否,92266700,23066700,2288214160.0,572054160.0,102.274115,2.179156,1.946925,24.24,24.56,25.5,26.32,26.95,29.97,27.93,2023-10-31,-
2024-09-02,301555,惠柏新材,化学制品,24.6,25.14,24.11,24.17,24.11,741932,18399496.8,3.2165,-1.936,4.19,否,0.97,1.555,2.764,-6.607,-15.843,否,92266700,23066700,2243926144.0,560982144.0,100.294616,2.136978,1.909243,24.14,24.39,25.35,26.23,26.88,29.9,28.03,2023-10-31,-
2024-09-03,301555,惠柏新材,化学制品,24.17,24.65,24.07,24.36,24.07,465200,11410727.0,2.0168,0.781,2.38,否,0.67,0.495,-1.297,-4.471,-12.594,否,92266700,23066700,2261456817.0,565364817.0,101.078168,2.153674,1.924159,24.24,24.27,25.2,26.18,26.81,29.83,28.13,2023-10-31,-
2024-09-04,301555,惠柏新材,化学制品,24.11,24.53,24.06,24.19,24.06,532424,13009928.8,2.3082,-0.694,1.92,否,0.84,-1.866,1.511,-3.779,-16.036,否,92266700,23066700,2245771478.0,561443478.0,100.377095,2.138736,1.910813,24.32,24.18,25.05,26.1,26.72,29.76,28.23,2023-10-31,-
2024-09-05,301555,惠柏新材,化学制品,24.35,24.47,23.87,23.97,23.87,620304,15035214.52,2.6892,-0.904,2.47,否,1.0,-0.827,0.714,-1.439,-17.544,否,92266700,23066700,2225472804.0,556368804.0,99.469825,2.119405,1.893542,24.27,24.14,24.93,25.95,26.63,29.69,28.32,2023-10-31,-
2024-09-06,301555,惠柏新材,化学制品,23.96,24.03,23.09,23.17,23.09,810624,19141057.52,3.5143,-3.317,3.94,否,1.3,-4.885,-4.414,-1.488,-19.688,否,92266700,23066700,2151659444.0,537915444.0,96.17066,2.049109,1.830738,23.97,24.11,24.78,25.77,26.54,29.62,28.41,2023-10-31,-
2024-09-09,301555,惠柏新材,化学制品,22.98,23.44,22.69,23.39,22.69,459452,10746789.96,1.9918,0.943,3.26,否,0.72,-3.307,-5.112,-5.227,-13.785,否,92266700,23066700,2171958118.0,542990118.0,97.07793,2.068441,1.848009,23.82,23.98,24.68,25.6,26.44,29.55,28.51,2023-10-31,-
2024-09-10,301555,惠柏新材,化学制品,23.55,23.95,23.29,23.72,23.29,686523,16303716.14,2.9763,1.402,2.8,否,1.19,-1.043,-1.862,-0.462,-13.745,否,92266700,23066700,2202406129.0,550602129.0,98.438836,2.097437,1.873916,23.69,23.97,24.59,25.46,26.33,29.47,28.6,2023-10-31,-
2024-09-11,301555,惠柏新材,化学制品,23.73,24.07,23.5,23.84,23.5,556188,13301864.68,2.4112,0.503,2.39,否,0.89,2.892,-2.135,0.168,-11.867,否,92266700,23066700,2213478133.0,553370133.0,98.933711,2.107982,1.883336,23.62,23.97,24.51,25.29,26.22,29.38,28.7,2023-10-31,-
2024-09-12,301555,惠柏新材,化学制品,23.84,24.64,23.52,23.84,23.52,792035,19191297.6,3.4337,0.0,4.67,否,1.26,1.924,-1.447,-1.65,-9.868,否,92266700,23066700,2213478133.0,553370133.0,98.933711,2.107982,1.883336,23.59,23.93,24.37,25.12,26.13,29.28,28.79,2023-10-31,-
2024-09-13,301555,惠柏新材,化学制品,24.05,24.05,22.69,22.76,22.69,748748,17471856.44,3.246,-4.544,5.71,否,1.13,-4.047,-5.048,-7.667,-12.93,否,92266700,23066700,2112907430.0,528227430.0,94.438598,2.012204,1.797766,23.51,23.74,24.15,24.91,26.03,29.18,28.88,2023-10-31,-
2024-09-18,301555,惠柏新材,化学制品,22.75,22.96,21.92,22.4,21.92,610402,13722212.96,2.6462,-1.572,4.54,否,0.94,-6.04,-3.323,-7.323,-11.497,否,92266700,23066700,2079691418.0,519923418.0,92.953974,1.980571,1.769504,23.31,23.56,23.97,24.76,25.95,29.08,28.97,2023-10-31,-
2024-09-19,301555,惠柏新材,化学制品,22.46,23.15,22.46,23.05,22.46,619034,14308160.12,2.6837,2.884,3.11,否,0.91,-3.314,-1.454,-5.378,-10.101,否,92266700,23066700,2139664773.0,534916773.0,95.634546,2.037686,1.820532,23.18,23.43,23.85,24.61,25.88,29.0,29.07,2023-10-31,-
2024-09-20,301555,惠柏新材,化学制品,23.05,23.1,22.35,22.47,22.35,589152,13410580.88,2.5541,-2.501,3.23,否,0.89,-1.274,-5.27,-7.11,-11.501,否,92266700,23066700,2086150087.0,521538087.0,93.242651,1.986722,1.774999,22.9,23.26,23.72,24.46,25.78,28.92,29.16,2023-10-31,-
2024-09-23,301555,惠柏新材,化学制品,22.44,22.49,22.03,22.19,22.03,794608,17732625.9,3.4448,-1.238,2.03,否,1.18,-0.938,-6.921,-7.426,-16.735,否,92266700,23066700,2060315411.0,515079411.0,92.087943,1.962119,1.753018,22.57,23.08,23.61,24.31,25.7,28.86,29.24,2023-10-31,-
2024-09-24,301555,惠柏新材,化学制品,22.35,23.05,22.31,23.04,22.31,944200,21584604.92,4.0933,3.807,3.31,否,1.4,-0.043,-3.356,-0.561,-15.232,否,92266700,23066700,2138742106.0,534686106.0,95.593306,2.036808,1.819747,22.63,23.07,23.59,24.21,25.61,28.79,29.34,2023-10-31,-
2024-09-25,301555,惠柏新材,化学制品,23.15,23.79,23.15,23.39,23.15,1254137,29730924.95,5.437,1.553,2.76,否,1.76,4.094,2.768,0.0,-9.621,否,92266700,23066700,2171958118.0,542990118.0,97.07793,2.068441,1.848009,22.83,23.07,23.52,24.15,25.54,28.72,29.43,2023-10-31,-
2024-09-26,301555,惠柏新材,化学制品,23.46,23.95,23.24,23.91,23.24,1102076,26179807.44,4.7778,2.209,3.02,否,1.31,7.751,6.741,0.801,-6.235,否,92266700,23066700,2219936802.0,554984802.0,99.222387,2.114132,1.888832,23.0,23.09,23.53,24.09,25.48,28.64,29.53,2023-10-31,-
2024-09-27,301555,惠柏新材,化学制品,24.17,25.64,24.1,25.17,24.1,2101648,52532526.8,9.1112,5.279,6.44,否,2.24,9.245,9.197,5.579,0.119,否,92266700,23066700,2337115511.0,584279511.0,104.459812,2.225726,1.988533,23.54,23.22,23.6,24.08,25.45,28.56,29.63,2023-10-31,-
2024-09-30,301555,惠柏新材,化学制品,26.34,29.27,25.64,28.62,25.64,4172963,114931853.89,18.0909,13.699,14.41,否,3.37,22.36,27.37,20.05,17.681,否,92266700,23066700,2657280960.0,664320960.0,118.76994,2.530632,2.260946,24.83,23.7,23.82,24.15,25.49,28.52,29.74,2023-10-31,-
2024-10-08,301555,惠柏新材,化学制品,33.61,33.79,29.03,31.41,29.03,5938966,186542231.41,25.7469,9.757,16.63,否,3.1,31.368,41.55,38.005,33.546,否,92266700,23066700,2916550387.0,729138387.0,130.358257,2.777545,2.481545,26.5,24.57,24.15,24.29,25.57,28.5,29.87,2023-10-31,-
2024-10-09,301555,惠柏新材,化学制品,30.36,30.41,26.86,26.94,26.86,3683171,107197217.45,15.9675,-14.236,11.29,否,1.26,7.032,16.927,20.268,9.157,否,92266700,23066700,2501350237.0,625338237.0,111.800454,2.382133,2.128272,27.21,25.02,24.29,24.32,25.6,28.45,29.97,2023-10-31,-
2024-10-10,301555,惠柏新材,化学制品,27.77,28.81,27.33,27.7,27.33,2662480,75422186.05,11.5425,2.803,5.5,否,0.78,-3.215,18.427,20.174,16.24,否,92266700,23066700,2571472929.0,642868929.0,114.934661,2.448914,2.187936,27.97,25.48,24.46,24.4,25.62,28.42,30.09,2023-10-31,-
2024-10-11,301555,惠柏新材,化学制品,27.81,27.97,25.74,25.96,25.74,1946526,51921848.44,8.4387,-6.279,8.07,否,0.52,-17.351,8.574,15.532,9.076,否,92266700,23066700,2410006204.0,602502204.0,107.717737,2.295143,2.050552,28.13,25.83,24.55,24.42,25.62,28.37,30.19,2023-10-31,-
2024-10-14,301555,惠柏新材,化学制品,26.63,27.02,25.85,27.01,25.85,1566067,41878008.41,6.7893,4.058,4.52,否,0.43,0.26,7.31,21.721,11.427,否,92266700,23066700,2507808906.0,626952906.0,112.089131,2.388284,2.133767,27.8,26.32,24.7,24.51,25.63,28.34,30.3,2023-10-31,-
2024-10-15,301555,惠柏新材,化学制品,27.0,28.32,26.43,26.7,26.43,2265699,61994464.94,9.8224,-1.141,6.99,否,0.72,-3.61,-6.709,15.885,8.316,否,92266700,23066700,2479206229.0,619802229.0,110.810705,2.361045,2.109431,26.86,26.68,24.88,24.62,25.64,28.32,30.4,2023-10-31,-
2024-10-16,301555,惠柏新材,化学制品,25.97,26.98,25.67,26.23,25.67,1394023,37038322.97,6.0434,-1.786,4.91,否,0.57,1.04,-16.492,12.142,8.523,否,92266700,23066700,2434918213.0,608730213.0,108.831206,2.318868,2.071748,26.72,26.97,25.02,24.67,25.64,28.32,30.51,2023-10-31,-
2024-10-17,301555,惠柏新材,化学制品,26.78,27.18,26.08,26.09,26.08,1518324,40654243.04,6.5823,-0.531,4.21,否,0.77,-3.406,-3.155,9.118,7.102,否,92266700,23066700,2422000875.0,605500875.0,108.253852,2.306566,2.060758,26.4,27.18,25.14,24.75,25.62,28.31,30.61,2023-10-31,-
2024-10-18,301555,惠柏新材,化学制品,25.97,27.7,25.97,27.39,25.97,2381759,64606643.54,10.3255,4.991,6.63,否,1.37,2.584,-1.119,8.82,13.229,否,92266700,23066700,2542870252.0,635718252.0,113.656234,2.421675,2.163599,26.68,27.41,25.31,24.87,25.64,28.3,30.72,2023-10-31,-
2024-10-21,301555,惠柏新材,化学制品,27.27,30.16,27.27,29.33,27.27,4639148,135437088.68,20.1119,7.076,10.56,否,2.54,11.819,12.982,2.481,22.361,否,92266700,23066700,2722790317.0,680698317.0,121.697949,2.59302,2.316684,27.15,27.48,25.59,25.04,25.7,28.29,30.84,2023-10-31,-
2024-10-22,301555,惠柏新材,化学制品,29.61,29.81,28.03,28.45,28.03,3566132,103620225.79,15.4601,-2.982,6.07,否,1.46,9.046,5.331,-9.424,22.788,否,92266700,23066700,2641595621.0,660399621.0,118.068868,2.515695,2.2476,27.5,27.18,25.87,25.16,25.74,28.26,30.95,2023-10-31,-
2024-10-23,301555,惠柏新材,化学制品,27.99,29.88,27.99,28.82,27.99,4153767,122059461.59,18.0076,1.292,6.64,否,1.54,5.221,7.94,6.978,23.215,否,92266700,23066700,2675734300.0,668934300.0,119.594731,2.548206,2.276647,28.02,27.37,26.19,25.32,25.78,28.23,31.07,2023-10-31,-
2024-10-24,301555,惠柏新材,化学制品,28.55,28.55,27.64,27.71,27.64,2388117,67163449.59,10.3531,-3.862,3.17,否,0.73,-5.523,5.642,0.036,16.821,否,92266700,23066700,2572395596.0,643099596.0,431.179791,2.451495,2.021936,28.34,27.37,26.43,25.43,25.81,28.17,31.18,2023-10-31,-
2024-10-25,301555,惠柏新材,化学制品,27.71,28.68,27.71,28.36,27.71,1886119,53629233.38,8.1768,2.367,3.52,否,0.55,-0.316,8.701,9.245,18.96,否,92266700,23066700,2633291618.0,658323618.0,441.38706,2.509529,2.069801,28.53,27.61,26.72,25.57,25.84,28.14,31.29,2023-10-31,-
2024-10-28,301555,惠柏新材,化学制品,28.42,29.84,28.01,29.12,28.01,2846702,83603247.41,12.3412,2.663,6.45,否,0.86,1.041,6.316,7.812,22.148,否,92266700,23066700,2703414310.0,675854310.0,453.140885,2.576356,2.124918,28.49,27.82,27.07,25.74,25.85,28.1,31.41,2023-10-31,-
2024-10-29,301555,惠柏新材,化学制品,29.13,29.42,27.63,27.78,27.63,2424600,68753166.0,10.5113,-4.608,6.14,否,0.82,0.253,-5.285,4.045,22.056,否,92266700,23066700,2578854265.0,644714265.0,432.26238,2.457651,2.027013,28.36,27.93,27.3,25.89,25.83,28.04,31.52,2023-10-31,-
2024-10-30,301555,惠柏新材,化学制品,27.34,28.81,26.83,27.29,26.83,2059446,57186352.21,8.9282,-1.753,7.12,否,0.75,-3.773,-4.077,4.041,21.83,否,92266700,23066700,2533643582.0,633411582.0,424.684256,2.414565,1.991476,28.05,28.03,27.5,26.02,25.81,28.01,31.63,2023-10-31,-
2024-10-31,301555,惠柏新材,化学制品,26.93,27.3,26.22,27.02,26.22,3549833,95423533.84,7.3424,-0.983,3.97,否,1.53,-7.212,-6.246,3.565,17.223,否,92266700,48347250,2508731573.0,1314561727.5,420.508555,2.390824,1.971895,27.91,28.13,27.66,26.13,25.79,27.97,31.74,2023-10-31,-
2024-11-01,301555,惠柏新材,化学制品,26.98,27.31,25.55,25.59,25.55,2734860,71912469.14,5.6567,-5.296,6.51,否,1.07,-7.883,-7.651,-6.572,13.885,否,92266700,48347250,2375867525.0,1244941687.5,398.23815,2.264204,1.867462,27.36,27.95,27.68,26.19,25.74,27.86,31.84,2023-10-31,-
2024-11-04,301555,惠柏新材,化学制品,25.63,26.51,25.44,26.36,25.44,1630485,42969184.11,3.3724,3.029,4.19,否,0.6,-3.408,-7.052,-10.126,18.792,否,92266700,48347250,2447835551.0,1282652542.5,410.301286,2.33279,1.92403,26.81,27.65,27.56,26.28,25.7,27.78,31.95,2023-10-31,-
2024-11-05,301555,惠柏新材,化学制品,26.33,27.1,26.16,26.98,26.16,2241829,60366523.59,4.6369,2.337,3.58,否,0.9,-0.148,-7.349,-5.167,17.101,否,92266700,48347250,2505040905.0,1312627837.5,419.889933,2.387306,1.968994,26.65,27.5,27.34,26.42,25.66,27.7,32.05,2023-10-31,-
2024-11-06,301555,惠柏新材,化学制品,27.03,27.99,26.98,27.18,26.98,2708772,74877790.12,5.6027,0.737,3.76,否,1.11,6.213,-2.16,-5.69,16.204,否,92266700,48347250,2523494245.0,1322297287.5,422.983045,2.404892,1.983499,26.63,27.34,27.35,26.58,25.67,27.63,32.16,2023-10-31,-
2024-11-07,301555,惠柏新材,化学制品,26.83,27.52,26.69,27.52,26.69,2098916,57425676.52,4.3413,1.243,3.03,否,0.82,4.401,0.843,-0.686,15.098,否,92266700,48347250,2554864923.0,1338735352.5,428.241335,2.434789,2.008157,26.73,27.32,27.34,26.72,25.67,27.58,32.27,2023-10-31,-
2024-11-08,301555,惠柏新材,化学制品,27.78,28.08,27.45,27.69,27.45,2503964,69944623.43,5.1791,0.614,2.31,否,1.1,2.632,2.48,-2.362,10.012,否,92266700,48347250,2570550262.0,1346954385.0,430.87048,2.449737,2.020485,27.15,27.25,27.43,26.9,25.68,27.52,32.38,2023-10-31,-
2024-11-11,301555,惠柏新材,化学制品,27.38,28.31,27.19,28.28,27.19,2814472,79168550.01,5.8214,2.154,4.06,否,1.26,4.047,10.512,-2.885,-1.188,否,92266700,48347250,2625910282.0,1375962735.0,440.149815,2.502495,2.063999,27.53,27.17,27.49,27.1,25.71,27.46,32.5,2023-10-31,-
2024-11-12,301555,惠柏新材,化学制品,28.31,28.7,27.65,27.95,27.65,2327217,66057151.03,4.8135,-1.16,3.72,否,0.94,1.563,6.032,0.612,-11.016,否,92266700,48347250,2595462271.0,1360008142.5,435.046181,2.473478,2.040067,27.72,27.19,27.56,27.27,25.74,27.41,32.34,2023-10-31,-
2024-11-13,301555,惠柏新材,化学制品,27.83,28.22,27.25,28.22,27.25,1983900,55561618.0,4.1034,0.96,3.48,否,0.8,1.914,4.596,3.408,4.751,否,92266700,48347250,2620374280.0,1373061900.0,439.221882,2.497219,2.059648,27.93,27.28,27.66,27.43,25.79,27.33,32.21,2023-10-31,-
2024-11-14,301555,惠柏新材,化学制品,28.24,28.49,27.26,27.33,27.26,1817109,50841957.86,3.7585,-3.169,4.37,否,0.77,-3.359,0.552,1.147,-1.336,否,92266700,48347250,2537334250.0,1329549375.0,425.302879,2.418082,1.994377,27.89,27.31,27.72,27.54,25.81,27.25,32.06,2023-10-31,-
2024-11-15,301555,惠柏新材,化学制品,27.38,27.62,26.47,26.47,26.47,1735911,47173368.47,3.5905,-3.127,4.18,否,0.76,-5.295,-3.815,3.439,1.965,否,92266700,48347250,2457984888.0,1287970740.0,412.002498,2.342462,1.932008,27.65,27.4,27.67,27.58,25.83,27.17,31.95,2023-10-31,-
2024-11-18,301555,惠柏新材,化学制品,26.83,26.83,25.6,25.75,25.6,1565843,41002936.44,3.2387,-2.74,4.65,否,0.73,-8.753,-7.006,-2.314,-4.665,否,92266700,48347250,2390630197.0,1252677247.5,400.712639,2.278273,1.879066,27.14,27.34,27.49,27.49,25.82,27.08,31.83,2023-10-31,-
2024-11-19,301555,惠柏新材,化学制品,25.92,27.21,25.84,27.21,25.84,1761221,46992954.96,3.6429,5.674,5.33,否,0.93,-0.439,-3.784,0.852,1.91,否,92266700,48347250,2526262246.0,1323747705.0,423.447012,2.40753,1.985675,27.0,27.36,27.43,27.35,25.82,26.99,31.73,2023-10-31,-
2024-11-20,301555,惠柏新材,化学制品,27.33,27.6,26.85,27.27,26.85,1752700,48141388.0,3.6252,0.219,2.74,否,0.99,3.022,-2.433,0.331,3.965,否,92266700,48347250,2531798248.0,1326648540.0,424.374945,2.412806,1.990026,26.81,27.37,27.35,27.36,25.84,26.92,31.64,2023-10-31,-
2024-11-21,301555,惠柏新材,化学制品,27.26,27.79,26.97,27.28,26.97,1342732,37042728.52,2.7773,0.036,2.99,否,0.78,5.942,-3.331,-0.872,4.561,否,92266700,48347250,2532720915.0,1327132012.5,424.529601,2.413685,1.990751,26.8,27.35,27.33,27.34,25.87,26.85,31.54,2023-10-31,-
2024-11-22,301555,惠柏新材,化学制品,27.43,27.71,25.95,26.09,25.95,2192357,59122943.09,4.5346,-4.372,6.45,否,1.34,-4.116,-4.537,-5.778,-4.746,否,92266700,48347250,2422000875.0,1269115312.5,405.97093,2.308169,1.903724,26.72,27.19,27.22,27.35,25.89,26.8,31.44,2023-10-31,-
2024-11-25,301555,惠柏新材,化学制品,26.17,26.94,25.95,26.66,25.95,1743925,46371433.0,3.6071,2.21,3.81,否,1.01,-2.237,0.718,-5.728,-9.103,否,92266700,48347250,2475515561.0,1297156717.5,414.940954,2.359169,1.945787,26.9,27.02,27.1,27.34,25.93,26.74,31.35,2023-10-31,-
2024-11-26,301555,惠柏新材,化学制品,26.6,26.94,26.0,26.06,26.0,1066600,28310918.0,2.2061,-2.274,3.54,否,0.61,-4.472,1.204,-6.762,-8.401,否,92266700,48347250,2419232874.0,1267664895.0,405.506963,2.305531,1.901548,26.67,26.83,27.01,27.32,25.97,26.7,31.25,2023-10-31,-
2024-11-27,301555,惠柏新材,化学制品,26.09,26.1,25.04,26.1,25.04,1448211,37217647.39,2.9954,0.153,4.04,否,0.89,0.038,-4.079,-7.512,-9.438,否,92266700,48347250,2422923542.0,1269598785.0,406.125585,2.309048,1.904449,26.44,26.62,26.95,27.31,25.99,26.65,31.15,2023-10-31,-
2024-11-28,301555,惠柏新材,化学制品,26.06,26.63,25.94,25.99,25.94,1250100,33127988.0,2.5857,-0.419,2.67,否,0.8,-2.513,-4.694,-4.903,-6.207,否,92266700,48347250,2412774205.0,1264280587.5,404.424374,2.299376,1.896471,26.18,26.49,26.9,27.31,26.03,26.61,31.06,2023-10-31,-
2024-11-29,301555,惠柏新材,化学制品,26.01,26.3,25.45,26.25,25.45,1234526,32272679.02,2.5535,0.994,3.25,否,0.8,0.729,-3.776,-0.831,-7.44,否,92266700,48347250,2436763547.0,1276850872.5,408.445419,2.322238,1.915327,26.21,26.47,26.93,27.27,26.07,26.57,30.98,2023-10-31,-
2024-12-02,301555,惠柏新材,化学制品,26.44,26.83,26.25,26.79,26.25,1336858,35839184.65,2.7651,2.083,2.23,否,0.99,2.644,2.683,4.039,-8.001,否,92266700,48347250,2487510232.0,1303441860.0,416.951477,2.3706,1.955215,26.24,26.57,26.95,27.19,26.11,26.56,30.88,2023-10-31,-
2024-12-03,301555,惠柏新材,化学制品,26.93,27.32,26.57,27.16,26.57,1642632,44670395.96,3.3976,1.372,2.78,否,1.3,4.502,1.875,-0.184,-2.232,否,92266700,48347250,2521648911.0,1321330342.5,422.673734,2.403134,1.982048,26.46,26.57,26.96,27.14,26.15,26.55,30.79,2023-10-31,-
2024-12-04,301555,惠柏新材,化学制品,27.26,27.41,26.6,26.76,26.6,1627035,44228515.05,3.3653,-1.464,2.96,否,1.18,1.943,2.686,-1.87,-1.942,否,92266700,48347250,2484742231.0,1301991442.5,416.48751,2.367962,1.953039,26.59,26.51,26.94,27.07,26.2,26.54,30.7,2023-10-31,-
2024-12-05,301555,惠柏新材,化学制品,27.03,27.28,26.62,27.25,26.62,1244931,33854912.08,2.575,1.82,2.45,否,0.88,1.717,4.406,-0.11,0.851,否,92266700,48347250,2529952914.0,1325681595.0,424.065634,2.411048,1.988575,26.84,26.51,26.93,27.06,26.24,26.53,30.62,2023-10-31,-
2024-12-06,301555,惠柏新材,化学制品,27.12,27.81,27.03,27.2,27.03,1583879,43566081.38,3.276,-0.182,2.84,否,1.12,0.147,4.656,4.255,6.292,否,92266700,48347250,2525339579.0,1323264232.5,423.292356,2.406651,1.984949,27.03,26.62,26.9,27.02,26.29,26.51,30.55,2023-10-31,-
2024-12-09,301555,惠柏新材,化学制品,27.2,27.62,26.96,27.59,26.96,1615743,44433353.61,3.342,1.425,2.41,否,1.09,3.102,5.105,3.488,4.666,否,92266700,48347250,2561323592.0,1342119660.0,429.323924,2.440944,2.013233,27.19,26.72,26.87,26.97,26.35,26.49,30.48,2023-10-31,-
2024-12-10,301555,惠柏新材,化学制品,28.12,28.78,27.71,27.83,27.71,3515095,99585991.13,7.2705,0.865,3.89,否,2.28,2.128,3.882,6.792,3.15,否,92266700,48347250,2583467600.0,1353723000.0,433.035658,2.462047,2.030639,27.33,26.89,26.86,26.97,26.43,26.48,30.41,2023-10-31,-
2024-12-11,301555,惠柏新材,化学制品,27.84,28.59,27.63,28.59,27.63,3728208,105975445.23,7.7113,2.75,3.46,否,1.94,5.11,5.265,9.54,5.188,否,92266700,48347250,2654512959.0,1390950382.5,444.944139,2.529753,2.086481,27.69,27.14,26.88,27.01,26.52,26.48,30.35,2023-10-31,-
2024-12-12,301555,惠柏新材,化学制品,28.58,28.94,28.02,28.47,28.02,3015618,86119344.47,6.2374,-0.417,3.2,否,1.29,3.19,6.39,9.542,3.452,否,92266700,48347250,2643440955.0,1385148712.5,443.088272,2.519202,2.077778,27.94,27.39,26.94,27.06,26.6,26.46,30.29,2023-10-31,-
2024-12-13,301555,惠柏新材,化学制品,28.48,30.08,28.12,28.48,28.12,6910584,203101987.75,14.2936,0.035,6.88,否,2.57,2.336,4.514,8.495,2.853,否,92266700,48347250,2644363622.0,1385632185.0,443.242927,2.520081,2.078504,28.19,27.61,27.04,27.16,26.68,26.45,30.23,2023-10-31,-
2024-12-16,301555,惠柏新材,化学制品,28.49,29.1,27.43,27.76,27.43,4526220,128525737.66,9.3619,-2.547,5.86,否,1.2,-2.903,2.059,3.621,-1.839,否,92266700,48347250,2577008931.0,1350338692.5,431.953069,2.455892,2.025562,28.23,27.71,27.14,27.21,26.74,26.43,30.17,2023-10-31,-
2024-12-17,301555,惠柏新材,化学制品,27.75,28.01,25.97,26.09,25.97,3353455,90053166.24,6.9362,-6.015,7.38,否,0.77,-8.36,-5.437,-3.94,-6.655,否,92266700,48347250,2422000875.0,1269115312.5,405.97093,2.308169,1.903724,27.88,27.6,27.08,27.18,26.8,26.41,30.11,2023-10-31,-
2024-12-18,301555,惠柏新材,化学制品,26.34,26.34,25.38,25.73,25.38,1918107,49878469.2,3.9674,-1.371,3.66,否,0.45,-9.656,-7.546,-3.849,-8.824,否,92266700,48347250,2388784863.0,1251710302.5,400.403328,2.276514,1.877616,27.31,27.5,27.01,27.13,26.85,26.4,30.05,2023-10-31,-
2024-12-19,301555,惠柏新材,化学制品,25.39,25.84,25.02,25.42,25.02,1874000,47770348.0,3.8761,-1.197,3.17,否,0.48,-8.429,-11.088,-6.716,-6.989,否,92266700,48347250,2360182186.0,1236722655.0,395.609005,2.249256,1.855133,26.7,27.32,26.91,27.06,26.89,26.39,29.99,2023-10-31,-
2024-12-20,301555,惠柏新材,化学制品,25.42,26.19,25.37,25.87,25.37,1801687,46977089.88,3.7266,1.759,3.21,否,0.48,-0.843,-9.132,-4.89,-2.267,否,92266700,48347250,2401702201.0,1258478917.5,402.568507,2.288824,1.887769,26.17,27.18,26.9,27.0,26.95,26.37,29.94,2023-10-31,-
2024-12-23,301555,惠柏新材,化学制品,25.87,25.96,24.1,24.3,24.1,2113731,52897363.65,4.372,-6.07,7.18,否,0.78,-5.558,-14.677,-11.925,-5.631,否,92266700,48347250,2255920815.0,1182090262.5,378.132923,2.149895,1.773183,25.48,26.85,26.78,26.86,26.98,26.34,29.88,2023-10-31,-
2024-12-24,301555,惠柏新材,化学制品,24.43,24.9,23.95,24.41,23.95,1241215,30454427.5,2.5673,0.45,3.93,否,0.56,-3.973,-12.068,-12.289,-10.29,否,92266700,48347250,2266070152.0,1187408460.0,379.834135,2.159567,1.78116,25.15,26.51,26.7,26.75,27.01,26.31,29.81,2023-10-31,-
2024-12-25,301555,惠柏新材,化学制品,24.41,24.64,23.46,23.76,23.46,1411348,33798410.0,2.9192,-2.647,4.8,否,0.79,-8.156,-8.931,-16.894,-12.871,否,92266700,48347250,2206096797.0,1155982747.5,369.781521,2.102412,1.73402,24.75,26.03,26.59,26.6,27.01,26.28,29.75,2023-10-31,-
2024-12-26,301555,惠柏新材,化学制品,23.96,24.44,23.7,24.18,23.7,1138600,27742281.0,2.355,1.757,3.09,否,0.67,-0.494,-6.024,-15.068,-11.364,否,92266700,48347250,2244848811.0,1176288592.5,376.277056,2.139343,1.76448,24.5,25.6,26.49,26.49,27.02,26.25,29.69,2023-10-31,-
2024-12-27,301555,惠柏新材,化学制品,24.31,24.75,24.27,24.42,24.27,1190300,29393163.0,2.462,0.986,1.97,否,0.77,0.041,-3.934,-14.256,-6.401,否,92266700,48347250,2266992819.0,1187891932.5,379.98879,2.160446,1.781885,24.21,25.19,26.4,26.42,27.0,26.23,29.63,2023-10-31,-
2024-12-30,301555,惠柏新材,化学制品,24.16,24.4,23.48,23.92,23.48,1069379,25780482.46,2.2119,-2.035,3.74,否,0.75,0.673,-7.538,-13.833,-10.278,否,92266700,48347250,2220859469.0,1163718307.5,372.256011,2.116481,1.745624,24.14,24.81,26.26,26.36,26.93,26.21,29.57,2023-10-31,-
2024-12-31,301555,惠柏新材,化学制品,24.05,24.18,23.24,23.32,23.24,1076700,25625814.0,2.227,-2.493,3.91,否,0.89,-3.557,-4.033,-10.617,-10.514,否,92266700,48347250,2165499449.0,1134709957.5,362.976675,2.063723,1.70211,23.92,24.53,26.07,26.23,26.79,26.18,29.5,2023-10-31,-
2025-01-02,301555,惠柏新材,化学制品,23.64,23.9,22.97,23.15,22.97,1227620,28987024.2,2.5392,-0.724,4.01,否,1.04,-5.201,-5.162,-10.027,-11.303,否,92266700,48347250,2149814110.0,1126490925.0,360.34753,2.048775,1.689781,23.8,24.28,25.89,26.1,26.73,26.16,29.43,2023-10-31,-
2025-01-03,301555,惠柏新材,化学制品,23.2,23.47,22.11,22.18,22.11,1157600,26384577.0,2.3943,-4.206,5.88,否,1.01,-7.274,-6.65,-12.746,-14.659,否,92266700,48347250,2059392744.0,1079110620.0,345.191282,1.962603,1.618709,23.4,23.95,25.63,25.93,26.64,26.13,29.36,2023-10-31,-
2025-01-06,301555,惠柏新材,化学制品,22.19,22.47,20.89,22.36,20.89,910824,20192579.04,1.8839,0.807,7.12,否,0.8,-4.117,-7.527,-13.568,-14.819,否,92266700,48347250,2076000750.0,1087813125.0,347.975083,1.978431,1.631763,22.99,23.6,25.39,25.8,26.58,26.1,29.29,2023-10-31,-
2025-01-07,301555,惠柏新材,化学制品,22.36,23.0,22.2,22.98,22.2,893900,20331516.0,1.8489,2.756,3.56,否,0.82,-0.734,-5.897,-5.432,-14.222,否,92266700,48347250,2133206104.0,1117788420.0,357.563729,2.032947,1.676727,22.8,23.47,25.16,25.68,26.51,26.07,29.22,2023-10-31,-
2025-01-08,301555,惠柏新材,化学制品,22.98,23.2,22.33,22.9,22.33,921318,21129848.76,1.9056,-0.346,3.81,否,0.87,3.246,-4.264,-6.186,-15.685,否,92266700,48347250,2125824768.0,1113920640.0,356.326484,2.025913,1.670926,22.71,23.32,24.91,25.57,26.44,26.04,29.15,2023-10-31,-
2025-01-09,301555,惠柏新材,化学制品,22.86,23.2,22.66,22.69,22.66,905785,20893130.7,1.8735,-0.912,2.39,否,0.89,1.476,-2.702,-4.503,-15.209,否,92266700,48347250,2106448761.0,1103767717.5,353.078717,2.007448,1.655696,22.62,23.21,24.62,25.46,26.39,26.01,29.08,2023-10-31,-
2025-01-10,301555,惠柏新材,化学制品,22.63,22.95,21.8,21.8,21.8,801720,18001603.4,1.6583,-3.898,5.04,否,0.84,-5.135,-5.832,-9.843,-20.0,否,92266700,48347250,2024331398.0,1060738665.0,339.314369,1.92919,1.59115,22.55,22.97,24.29,25.32,26.31,25.97,29.0,2023-10-31,-
2025-01-13,301555,惠柏新材,化学制品,21.73,22.22,21.17,22.14,21.17,831499,18269810.02,1.7198,1.55,4.83,否,0.94,-3.319,-0.18,-9.337,-18.603,否,92266700,48347250,2055702076.0,1077176730.0,344.572659,1.959086,1.615808,22.5,22.74,23.97,25.18,26.23,25.93,28.92,2023-10-31,-
2025-01-14,301555,惠柏新材,化学制品,22.33,23.15,22.23,23.15,22.23,864399,19826437.55,1.7879,4.533,4.17,否,0.99,2.027,3.533,-3.219,-16.093,否,92266700,48347250,2148891443.0,1126007452.5,360.192874,2.047896,1.689056,22.54,22.67,23.74,25.06,26.12,25.91,28.85,2023-10-31,-
2025-01-15,301555,惠柏新材,化学制品,23.21,23.3,22.68,22.81,22.68,750937,17284358.21,1.5532,-1.46,2.71,否,0.87,4.633,-0.74,-2.187,-18.038,否,92266700,48347250,2117520765.0,1109569387.5,354.934584,2.017999,1.664398,22.52,22.62,23.57,24.92,26.03,25.88,28.77,2023-10-31,-
2025-01-16,301555,惠柏新材,化学制品,22.82,23.15,22.62,22.73,22.62,788845,18137672.4,1.6316,-0.349,2.35,否,0.95,2.665,-0.742,-1.814,-20.497,否,92266700,48347250,2110139429.0,1105701607.5,353.697339,2.010965,1.658597,22.53,22.57,23.42,24.78,25.93,25.85,28.68,2023-10-31,-
2025-01-17,301555,惠柏新材,化学制品,22.61,22.89,22.51,22.73,22.51,582000,13297621.0,1.2038,0.0,1.66,否,0.72,-1.814,0.176,2.48,-20.162,否,92266700,48347250,2110139429.0,1105701607.5,353.697339,2.010965,1.658597,22.71,22.63,23.29,24.63,25.85,25.83,28.59,2023-10-31,-
2025-01-20,301555,惠柏新材,化学制品,22.73,23.15,22.7,23.15,22.7,879043,20350547.75,1.8182,1.837,2.01,否,1.15,1.491,6.193,3.533,-18.715,否,92266700,48347250,2148891443.0,1126007452.5,360.192874,2.047896,1.689056,22.91,22.71,23.15,24.5,25.76,25.8,28.52,2023-10-31,-
2025-01-21,301555,惠柏新材,化学制品,23.3,23.73,22.94,23.55,22.94,1340843,31445924.39,2.7734,1.76,3.43,否,1.73,3.608,6.369,2.48,-15.166,否,92266700,48347250,2186720790.0,1145829825.0,366.533754,2.083947,1.718791,22.99,22.77,23.12,24.36,25.67,25.76,28.46,2023-10-31,-
2025-01-22,301555,惠柏新材,化学制品,23.74,24.73,23.15,23.43,23.15,2378631,57563333.0,4.9199,-0.506,6.67,否,2.74,3.08,1.21,2.314,-10.195,否,92266700,48347250,2175648786.0,1140028155.0,364.677886,2.073395,1.710088,23.12,22.82,23.07,24.22,25.59,25.71,28.4,2023-10-31,-
2025-01-23,301555,惠柏新材,化学制品,23.54,23.98,23.35,23.45,23.35,1406852,33440282.01,2.9099,0.085,2.67,否,1.18,1.296,2.806,3.349,-8.861,否,92266700,48347250,2177494120.0,1140995100.0,364.987198,2.075154,1.711538,23.26,22.89,23.05,24.04,25.53,25.67,28.34,2023-10-31,-
2025-01-24,301555,惠柏新材,化学制品,23.48,23.55,22.87,23.25,22.87,1317143,30653924.05,2.7243,-0.848,2.92,否,1.0,-1.274,2.288,6.651,-8.537,否,92266700,48347250,2159040780.0,1131325650.0,361.894086,2.057568,1.697034,23.37,23.04,23.01,23.87,25.47,25.63,28.27,2023-10-31,-
2025-01-27,301555,惠柏新材,化学制品,23.44,23.61,22.95,22.96,22.95,920892,21599889.72,1.9047,-1.282,2.86,否,0.63,-2.006,1.012,3.704,-11.249,否,92266700,48347250,2131360770.0,1116821475.0,357.254418,2.031189,1.675277,23.33,23.12,22.93,23.69,25.42,25.58,28.21,2023-10-31,-
2025-02-05,301555,惠柏新材,化学制品,23.08,23.84,22.97,23.43,22.97,1003800,23659745.0,2.0762,2.078,3.81,否,0.68,-0.085,1.21,1.21,-3.58,否,92266700,48347250,2175648786.0,1140028155.0,364.677886,2.073395,1.710088,23.3,23.15,22.91,23.54,25.37,25.53,28.16,2023-10-31,-
2025-02-06,301555,惠柏新材,化学制品,23.3,23.85,23.12,23.85,23.12,1296324,30745746.12,2.6813,1.781,3.14,否,0.92,2.581,1.274,4.559,-2.294,否,92266700,48347250,2214400800.0,1160334000.0,371.173421,2.110326,1.740547,23.39,23.25,22.93,23.47,25.32,25.49,28.11,2023-10-31,-
2025-02-07,301555,惠柏新材,化学制品,23.81,24.24,23.56,23.95,23.56,1265000,30510956.36,2.6165,0.417,2.83,否,1.06,4.312,2.219,5.367,0.8,否,92266700,48347250,2223627470.0,1165168725.0,372.719977,2.119119,1.7478,23.49,23.38,22.97,23.41,25.27,25.47,28.07,2023-10-31,-
2025-02-10,301555,惠柏新材,化学制品,23.94,24.24,23.73,24.23,23.73,1277968,30851600.28,2.6433,1.162,2.12,否,1.1,3.414,3.326,6.599,0.207,否,92266700,48347250,2249462146.0,1178705955.0,377.050334,2.14374,1.768106,23.68,23.53,23.08,23.37,25.21,25.44,28.03,2023-10-31,-
2025-02-11,301555,惠柏新材,化学制品,24.23,24.23,23.7,23.75,23.7,1241468,29762497.92,2.5678,-1.969,2.17,否,1.08,-0.419,2.151,2.592,-2.744,否,92266700,48347250,2205174130.0,1155499275.0,369.626865,2.101533,1.733295,23.84,23.59,23.15,23.3,25.15,25.41,28.0,2023-10-31,-
2025-02-12,301555,惠柏新材,化学制品,23.75,23.95,23.55,23.88,23.55,1064324,25445232.44,2.2014,0.544,1.67,否,0.87,-0.292,4.007,1.401,-0.167,否,92266700,48347250,2217168801.0,1161784417.5,371.637388,2.112964,1.742723,23.93,23.62,23.19,23.28,25.07,25.39,27.97,2023-10-31,-
2025-02-13,301555,惠柏新材,化学制品,23.88,24.48,23.65,23.93,23.65,2300236,55722978.38,4.7577,0.208,3.45,否,1.87,-1.238,2.134,2.134,2.616,否,92266700,48347250,2221782136.0,1164201780.0,372.410666,2.11736,1.746349,23.95,23.67,23.24,23.27,25.01,25.37,27.93,2023-10-31,-
2025-02-14,301555,惠柏新材,化学制品,23.95,23.96,23.51,23.55,23.51,1456100,34666973.74,3.0118,-1.578,1.87,否,1.02,-0.842,-1.258,0.426,1.728,否,92266700,48347250,2186720790.0,1145829825.0,366.533754,2.083947,1.718791,23.87,23.68,23.29,23.26,24.93,25.36,27.89,2023-10-31,-
2025-02-17,301555,惠柏新材,化学制品,23.49,24.7,23.49,24.19,23.49,2717385,66111127.4,5.6206,2.7,5.11,否,1.85,1.298,1.002,4.043,9.062,否,92266700,48347250,2245771478.0,1176772065.0,376.431711,2.140222,1.765205,23.86,23.77,23.41,23.26,24.88,25.35,27.85,2023-10-31,-
2025-02-18,301555,惠柏新材,化学制品,24.41,24.43,23.29,23.29,23.29,1875143,44805816.46,3.8785,-3.698,4.68,否,1.07,-2.674,-3.879,1.437,4.159,否,92266700,48347250,2162731448.0,1133259540.0,362.512708,2.061085,1.699935,23.77,23.81,23.46,23.22,24.82,25.33,27.81,2023-10-31,-
2025-02-19,301555,惠柏新材,化学制品,23.23,23.97,23.23,23.9,23.23,1701955,40664857.5,3.5203,2.602,3.16,否,0.9,1.486,0.632,2.006,4.003,否,92266700,48347250,2219014135.0,1162751362.5,371.946699,2.114723,1.744174,23.77,23.85,23.5,23.22,24.79,25.3,27.78,2023-10-31,-
2025-02-20,301555,惠柏新材,化学制品,23.83,24.15,23.66,24.14,23.66,1507191,36372744.5,3.1174,0.998,2.04,否,0.75,-0.207,1.089,1.216,5.415,否,92266700,48347250,2241158143.0,1174354702.5,375.658434,2.135826,1.761579,23.81,23.88,23.57,23.25,24.74,25.28,27.75,2023-10-31,-
2025-02-21,301555,惠柏新材,化学制品,24.23,24.35,23.77,24.23,23.77,1677739,40652566.56,3.4702,0.371,2.39,否,0.91,4.036,1.254,1.169,6.787,否,92266700,48347250,2249462146.0,1178705955.0,377.050334,2.14374,1.768106,23.95,23.91,23.64,23.29,24.69,25.27,27.73,2023-10-31,-
2025-02-24,301555,惠柏新材,化学制品,24.31,24.83,24.17,24.57,24.17,2443724,60314767.64,5.0545,1.395,2.75,否,1.29,2.803,4.331,1.403,12.706,否,92266700,48347250,2280832824.0,1195144020.0,382.308624,2.173636,1.792764,24.03,23.94,23.73,23.37,24.65,25.26,27.72,2023-10-31,-
2025-02-25,301555,惠柏新材,化学制品,24.36,24.66,24.21,24.51,24.21,1564800,38547739.0,3.2366,-0.243,1.82,否,0.85,1.533,1.323,3.2,10.705,否,92266700,48347250,2275296822.0,1192243185.0,381.38069,2.16836,1.788412,24.27,24.02,23.8,23.44,24.62,25.25,27.72,2023-10-31,-
2025-02-26,301555,惠柏新材,化学制品,24.51,26.33,24.51,25.7,24.51,4505336,115207253.67,9.3187,4.866,7.42,否,2.53,6.067,10.348,7.621,11.015,否,92266700,48347250,2386016862.0,1250259885.0,399.939362,2.273876,1.87544,24.63,24.2,23.91,23.53,24.6,25.26,27.73,2023-10-31,-
2025-02-27,301555,惠柏新材,化学制品,25.71,27.81,24.6,27.01,24.6,7427352,195110676.37,15.3625,5.104,12.49,否,3.17,9.931,13.013,12.871,18.413,否,92266700,48347250,2507808906.0,1314078255.0,420.3539,2.389944,1.97117,25.2,24.51,24.09,23.67,24.62,25.29,27.75,2023-10-31,-
2025-02-28,301555,惠柏新材,化学制品,26.47,26.77,24.85,25.08,24.85,5075437,131482322.22,10.4979,-7.138,7.1,否,1.44,2.326,3.894,6.497,10.339,否,92266700,48347250,2328811508.0,1220284590.0,390.350715,2.21936,1.830476,25.37,24.66,24.17,23.74,24.6,25.3,27.75,2023-10-31,-
2025-03-03,301555,惠柏新材,化学制品,25.21,25.62,24.81,25.02,24.81,2262273,57421362.52,4.6792,-0.238,3.21,否,0.54,-2.646,3.26,3.431,10.075,否,92266700,48347250,2323275506.0,1217383755.0,389.422781,2.214084,1.826124,25.46,24.75,24.26,23.85,24.59,25.31,27.75,2023-10-31,-
2025-03-04,301555,惠柏新材,化学制品,24.85,25.14,24.63,25.04,24.63,1745504,43837986.16,3.6103,0.079,2.07,否,0.42,-7.294,1.913,7.514,8.164,否,92266700,48347250,2325120840.0,1218350700.0,389.732092,2.215842,1.827575,25.57,24.92,24.36,23.95,24.57,25.32,27.75,2023-10-31,-
2025-03-05,301555,惠柏新材,化学制品,25.09,25.14,24.49,24.89,24.49,1608304,39997913.96,3.3266,-0.595,2.62,否,0.38,-0.758,1.55,4.142,5.69,否,92266700,48347250,2311280835.0,1211098612.5,387.412259,2.202653,1.816696,25.41,25.02,24.44,24.01,24.53,25.32,27.74,2023-10-31,-
2025-03-06,301555,惠柏新材,化学制品,24.87,25.24,24.84,25.13,24.84,2007157,50668091.28,4.1515,0.958,1.6,否,0.55,0.44,-2.218,4.101,7.256,否,92266700,48347250,2333424843.0,1222701952.5,391.123993,2.223756,1.834102,25.03,25.12,24.5,24.08,24.5,25.33,27.74,2023-10-31,-
2025-03-07,301555,惠柏新材,化学制品,25.09,25.62,24.94,25.41,24.94,2371898,60420700.48,4.906,1.107,2.69,否,0.93,1.478,-5.924,4.87,8.358,否,92266700,48347250,2359259519.0,1236239182.5,395.454349,2.248377,1.854408,25.1,25.24,24.57,24.17,24.48,25.34,27.73,2023-10-31,-
2025-03-10,301555,惠柏新材,化学制品,25.52,25.83,25.24,25.53,25.24,2126567,54726028.51,4.3985,0.469,2.31,否,1.06,2.571,1.794,3.907,9.806,否,92266700,48347250,2370331523.0,1242040852.5,397.310216,2.258928,1.863111,25.2,25.33,24.64,24.27,24.45,25.35,27.72,2023-10-31,-
2025-03-11,301555,惠柏新材,化学制品,25.34,25.44,25.0,25.44,25.0,1478463,37552677.5,3.058,-0.35,1.71,否,0.75,1.234,1.679,3.794,10.801,否,92266700,48347250,2362027520.0,1237689600.0,395.918316,2.251014,1.856584,25.28,25.43,24.72,24.34,24.42,25.36,27.7,2023-10-31,-
2025-03-12,301555,惠柏新材,化学制品,25.54,25.64,25.14,25.29,25.14,1557089,39771154.98,3.2206,-0.586,1.95,否,0.81,-0.472,0.998,-1.595,7.939,否,92266700,48347250,2348187515.0,1230437512.5,393.598482,2.237825,1.845705,25.36,25.38,24.79,24.4,24.38,25.37,27.69,2023-10-31,-
2025-03-13,301555,惠柏新材,化学制品,25.23,25.42,24.7,24.96,24.7,1291600,32415551.0,2.6715,-1.297,2.87,否,0.68,-2.233,0.281,-7.59,4.654,否,92266700,48347250,2317739504.0,1214482920.0,388.494848,2.208808,1.821773,25.33,25.18,24.84,24.45,24.33,25.38,27.68,2023-10-31,-
2025-03-14,301555,惠柏新材,化学制品,24.94,25.37,24.61,25.25,24.61,1581056,39904140.53,3.2702,1.155,3.07,否,0.9,-0.747,0.478,0.678,5.428,否,92266700,48347250,2344496847.0,1228503622.5,392.97986,2.234308,1.842805,25.29,25.2,24.93,24.51,24.28,25.4,27.67,2023-10-31,-
2025-03-17,301555,惠柏新材,化学制品,25.33,25.68,25.12,25.64,25.12,1759433,45112598.31,3.6392,1.535,2.2,否,1.09,1.384,0.905,2.478,5.819,否,92266700,48347250,2380480860.0,1247359050.0,399.011428,2.268601,1.871088,25.32,25.26,25.0,24.59,24.23,25.41,27.66,2023-10-31,-
2025-03-18,301555,惠柏新材,化学制品,25.73,25.9,25.46,25.68,25.46,1503040,38781907.23,3.1088,0.155,1.71,否,0.98,2.885,0.588,2.556,8.126,否,92266700,48347250,2384171528.0,1249292940.0,399.63005,2.272118,1.873989,25.36,25.32,25.12,24.68,24.18,25.43,27.62,2023-10-31,-
2025-03-19,301555,惠柏新材,化学制品,25.64,25.99,25.45,25.64,25.45,1258124,32503783.76,2.6023,-0.155,2.09,否,0.82,1.545,0.786,3.013,7.37,否,92266700,48347250,2380480860.0,1247359050.0,399.011428,2.268601,1.871088,25.43,25.4,25.21,24.76,24.15,25.44,27.59,2023-10-31,-
2025-03-20,301555,惠柏新材,化学制品,25.74,26.28,25.41,25.7,25.41,1563263,40579066.88,3.2334,0.233,3.37,否,1.06,0.234,1.621,2.268,7.397,否,92266700,48347250,2386016862.0,1250259885.0,399.939362,2.273876,1.87544,25.58,25.45,25.29,24.82,24.14,25.47,27.56,2023-10-31,-
2025-03-21,301555,惠柏新材,化学制品,25.7,26.06,25.21,25.24,25.21,1918100,49390925.0,3.9673,-1.779,3.29,否,1.25,-1.713,1.122,-0.669,7.176,否,92266700,48347250,2343574180.0,1228020150.0,392.825204,2.233428,1.842079,25.58,25.44,25.34,24.86,24.13,25.49,27.53,2023-10-31,-
2025-03-24,301555,惠柏新材,化学制品,25.15,25.22,23.26,23.8,23.26,2692198,65181320.43,5.5685,-5.709,7.76,否,1.68,-7.176,-5.743,-6.776,-1.612,否,92266700,48347250,2209787465.0,1157916637.5,370.400143,2.10593,1.736921,25.21,25.26,25.3,24.85,24.11,25.5,27.5,2023-10-31,-
2025-03-25,301555,惠柏新材,化学制品,23.81,24.63,23.58,24.42,23.58,2018677,49153664.39,4.1754,2.589,4.38,否,1.13,-4.981,-4.758,-4.009,4.852,否,92266700,48347250,2266992819.0,1187891932.5,379.98879,2.160446,1.781885,24.96,25.16,25.29,24.87,24.08,25.52,27.46,2023-10-31,-
2025-03-26,301555,惠柏新材,化学制品,24.55,25.07,24.41,24.88,24.41,1609100,40284832.0,3.3282,1.913,2.73,否,0.85,-1.426,-3.115,-1.621,4.1,否,92266700,48347250,2310358168.0,1210615140.0,387.257603,2.201774,1.815971,24.81,25.12,25.25,24.9,24.09,25.54,27.43,2023-10-31,-
2025-03-27,301555,惠柏新材,化学制品,24.77,24.94,24.18,24.69,24.18,1429891,35419682.62,2.9575,-0.799,3.08,否,0.73,3.739,-3.705,-1.082,2.278,否,92266700,48347250,2291904828.0,1200945690.0,384.164491,2.184187,1.801467,24.61,25.09,25.14,24.93,24.1,25.55,27.41,2023-10-31,-
2025-03-28,301555,惠柏新材,化学制品,24.63,25.01,24.0,24.03,24.0,1295232,31706829.08,2.679,-2.657,4.11,否,0.67,-1.597,-6.498,-4.832,-0.825,否,92266700,48347250,2231008806.0,1169036505.0,373.957222,2.126154,1.753602,24.36,24.97,25.08,24.94,24.1,25.56,27.38,2023-10-31,-
2025-03-31,301555,惠柏新材,化学制品,23.96,24.0,23.34,23.74,23.34,1045800,24829055.0,2.1631,-1.199,2.73,否,0.58,-4.582,-5.943,-7.41,-3.378,否,92266700,48347250,2204251463.0,1155015802.5,369.47221,2.100654,1.73257,24.35,24.78,25.02,24.93,24.09,25.56,27.34,2023-10-31,-
2025-04-01,301555,惠柏新材,化学制品,23.71,24.64,23.65,24.25,23.65,1237115,30341413.7,2.5588,2.135,4.14,否,0.84,-1.782,1.891,-5.569,-1.061,否,92266700,48347250,2251307480.0,1179672900.0,377.359645,2.145498,1.769557,24.32,24.64,24.98,24.96,24.09,25.55,27.3,2023-10-31,-
2025-04-02,301555,惠柏新材,化学制品,24.16,24.61,24.09,24.33,24.09,1233124,30255178.56,2.5506,0.328,2.13,否,0.93,1.248,-0.369,-5.109,-5.331,否,92266700,48347250,2258688816.0,1183540680.0,378.59689,2.152533,1.775358,24.21,24.51,24.95,24.97,24.1,25.51,27.25,2023-10-31,-
2025-04-03,301555,惠柏新材,化学制品,23.99,24.6,23.78,24.03,23.78,820417,19915204.76,1.6969,-1.226,3.35,否,0.66,1.222,-3.416,-6.498,-11.033,否,92266700,48347250,2231008806.0,1169036505.0,373.957222,2.126154,1.753602,24.08,24.34,24.9,24.97,24.11,25.45,27.2,2023-10-31,-
2025-04-07,301555,惠柏新材,化学制品,22.86,23.46,19.28,19.58,19.28,2547521,54406579.93,5.2692,-18.528,17.41,否,2.26,-19.258,-20.697,-22.425,-21.93,否,92266700,48347250,1817653990.0,952440825.0,304.671517,1.732226,1.428699,23.19,23.78,24.61,24.82,24.05,25.39,27.14,2023-10-31,-
2025-04-08,301555,惠柏新材,化学制品,20.17,21.33,19.97,20.58,19.97,2058200,42712984.0,4.2571,5.127,6.9,否,1.49,-15.413,-14.357,-13.529,-17.746,否,92266700,48347250,1910843357.0,1001271547.5,320.291732,1.821036,1.501947,22.55,23.45,24.36,24.68,24.02,25.33,27.1,2023-10-31,-
2025-04-09,301555,惠柏新材,化学制品,20.35,21.35,18.98,20.9,18.98,1933617,39380977.16,3.9994,1.545,11.49,否,1.22,-13.025,-11.963,-14.414,-16.534,否,92266700,48347250,1940368701.0,1016742667.5,325.24071,1.849173,1.525155,21.88,23.1,24.13,24.56,24.0,25.29,27.05,2023-10-31,-
2025-04-10,301555,惠柏新材,化学制品,21.09,21.81,21.09,21.22,21.09,1491418,32312601.9,3.0848,1.522,3.47,否,0.87,8.376,-12.495,-14.711,-14.745,否,92266700,48347250,1969894045.0,1032213787.5,330.189689,1.877311,1.548362,21.26,22.74,23.93,24.41,23.97,25.24,27.02,2023-10-31,-
2025-04-11,301555,惠柏新材,化学制品,21.17,21.62,21.07,21.34,21.07,1040189,22411170.95,2.1515,0.562,2.62,否,0.59,3.693,-12.289,-13.568,-15.082,否,92266700,48347250,1980966049.0,1038015457.5,332.045557,1.887863,1.557065,20.72,22.4,23.75,24.22,23.94,25.19,26.98,2023-10-31,-
2025-04-14,301555,惠柏新材,化学制品,21.85,21.98,21.56,21.61,21.56,1155797,25283492.9,2.3906,1.304,2.0,否,0.64,3.397,-10.071,-10.071,-14.955,否,92266700,48347250,2006800725.0,1051552687.5,336.375913,1.912483,1.577371,21.13,22.16,23.57,24.11,23.93,25.16,26.94,2023-10-31,-
2025-04-15,301555,惠柏新材,化学制品,21.85,21.86,21.55,21.72,21.55,762200,16631812.58,1.5765,0.506,1.47,否,0.5,2.356,10.93,-8.509,-14.924,否,92266700,48347250,2016950062.0,1056870885.0,338.077125,1.922155,1.585349,21.36,21.96,23.37,24.0,23.93,25.12,26.89,2023-10-31,-
2025-04-16,301555,惠柏新材,化学制品,21.93,21.93,20.82,21.17,20.82,990379,21145001.41,2.0485,-2.562,5.12,否,0.78,-0.797,2.867,-12.701,-16.785,否,92266700,48347250,1965280710.0,1029796425.0,329.416411,1.872914,1.544736,21.41,21.65,23.14,23.87,23.91,25.07,26.84,2023-10-31,-
2025-04-17,301555,惠柏新材,化学制品,21.12,21.82,21.07,21.59,21.07,1322500,28740645.0,2.7354,2.019,3.57,否,1.22,-0.093,3.301,-11.262,-14.63,否,92266700,48347250,2004955391.0,1050585742.5,336.066602,1.910724,1.575921,21.49,21.37,22.94,23.76,23.88,25.0,26.79,2023-10-31,-
2025-04-18,301555,惠柏新材,化学制品,21.5,21.69,21.08,21.37,21.08,998300,21461811.0,2.0649,-1.058,2.85,否,0.95,-1.611,0.707,-11.069,-14.383,否,92266700,48347250,1983734050.0,1039465875.0,332.509523,1.8905,1.55924,21.49,21.11,22.72,23.63,23.86,24.94,26.74,2023-10-31,-
2025-04-21,301555,惠柏新材,化学制品,21.72,21.74,21.17,21.69,21.17,995559,21663218.52,2.0592,1.535,2.7,否,0.95,2.456,1.64,10.776,-14.099,否,92266700,48347250,2014182061.0,1055420467.5,337.613158,1.919517,1.583173,21.51,21.32,22.55,23.51,23.84,24.89,26.7,2023-10-31,-
2025-04-22,301555,惠柏新材,化学制品,21.6,21.94,21.5,21.86,21.5,1078822,23634841.06,2.2314,0.779,2.06,否,1.06,1.251,1.157,6.22,-14.743,否,92266700,48347250,2029867400.0,1063639500.0,340.242303,1.934466,1.595502,21.54,21.45,22.45,23.39,23.83,24.84,26.66,2023-10-31,-
2025-04-23,301555,惠柏新材,化学制品,21.86,22.18,21.86,22.1,21.86,1006496,22319253.08,2.0818,1.091,1.45,否,0.93,3.416,1.75,5.742,-13.941,否,92266700,48347250,2052011408.0,1075242840.0,343.954037,1.955569,1.612907,21.72,21.57,22.33,23.28,23.81,24.78,26.62,2023-10-31,-
2025-04-24,301555,惠柏新材,化学制品,22.22,22.24,21.49,21.8,21.49,1258448,27670592.28,2.6029,-1.349,3.42,否,1.16,0.507,2.976,2.733,-14.977,否,92266700,48347250,2024331398.0,1060738665.0,339.314369,1.92919,1.59115,21.76,21.63,22.18,23.16,23.78,24.72,26.58,2023-10-31,-
2025-04-25,301555,惠柏新材,化学制品,21.86,22.01,21.64,21.81,21.64,826000,18172544.0,1.7085,0.046,1.69,否,0.77,-0.229,1.019,2.202,-15.136,否,92266700,48347250,2025254065.0,1061222137.5,339.469025,1.930069,1.591876,21.85,21.67,22.04,23.06,23.75,24.67,26.55,2023-10-31,-
2025-04-28,301555,惠柏新材,化学制品,21.92,21.96,21.56,21.8,21.56,1045600,22880868.0,2.1627,-0.046,1.82,否,1.01,-1.357,2.012,0.879,-13.629,否,92266700,48347250,2024331398.0,1060738665.0,339.314369,1.92919,1.59115,21.87,21.69,21.92,22.94,23.73,24.63,26.54,2023-10-31,-
2025-04-29,301555,惠柏新材,化学制品,22.26,22.98,22.26,22.55,22.26,2675297,61062032.51,5.5335,3.418,3.28,否,2.56,3.44,3.965,3.821,-5.252,否,92266700,48347250,2093531423.0,1096999102.5,96.662129,1.950931,1.221209,22.01,21.77,21.87,22.84,23.71,24.59,26.52,2023-10-31,-
2025-04-30,301555,惠柏新材,化学制品,22.94,23.44,22.23,23.34,22.23,2365681,55109935.85,4.8931,3.526,5.38,否,1.74,7.015,6.77,10.25,-4.423,否,92266700,48347250,2167344783.0,1135676902.5,100.070226,2.019716,1.264266,22.26,21.99,21.82,22.76,23.72,24.57,26.5,2023-10-31,-
2025-05-06,301555,惠柏新材,化学制品,23.4,24.94,23.27,24.47,23.27,4187170,101094029.3,8.6606,4.811,7.15,否,2.56,12.248,10.724,13.34,-1.648,否,92266700,48347250,2271606154.0,1190309295.0,104.884161,2.116876,1.325084,22.79,22.28,21.83,22.72,23.74,24.56,26.47,2023-10-31,-
2025-05-07,301555,惠柏新材,化学制品,24.8,24.8,24.09,24.29,24.09,2722992,66686166.74,5.6322,-0.731,2.92,否,1.23,7.716,11.422,13.664,-1.62,否,92266700,48347250,2254998148.0,1181606790.0,104.11734,2.101399,1.315397,23.29,22.57,21.84,22.67,23.75,24.53,26.44,2023-10-31,-
2025-05-08,301555,惠柏新材,化学制品,24.17,24.64,24.04,24.57,24.04,2123074,52204844.62,4.3913,1.146,2.45,否,0.82,5.27,12.655,13.278,2.247,否,92266700,48347250,2280832824.0,1195144020.0,105.310174,2.125474,1.330467,23.84,22.86,22.09,22.65,23.76,24.51,26.41,2023-10-31,-
2025-05-09,301555,惠柏新材,化学制品,24.59,24.92,24.3,24.63,24.3,1811500,44914896.0,3.7469,0.243,2.55,否,0.64,0.654,12.982,12.672,3.749,否,92266700,48347250,2286368826.0,1198044855.0,105.565781,2.130633,1.333696,24.26,23.14,22.29,22.68,23.76,24.49,26.37,2023-10-31,-
2025-05-12,301555,惠柏新材,化学制品,24.8,25.39,24.65,24.87,24.65,2182500,54730547.0,4.5142,1.009,3.03,否,0.83,2.388,10.288,12.534,2.557,否,92266700,48347250,2309435501.0,1210131667.5,106.630811,2.152129,1.347151,24.57,23.41,22.49,22.69,23.78,24.46,26.34,2023-10-31,-
2025-05-13,301555,惠柏新材,化学制品,24.91,25.34,24.8,25.02,24.8,1911100,48055657.0,3.9529,0.599,2.16,否,0.73,1.832,7.198,14.771,2.836,否,92266700,48347250,2323275506.0,1217383755.0,107.269829,2.165026,1.355224,24.68,23.74,22.68,22.7,23.8,24.44,26.3,2023-10-31,-
2025-05-14,301555,惠柏新材,化学制品,24.93,25.04,24.48,24.58,24.48,1653348,41050071.0,3.4197,-1.787,2.26,否,0.77,-0.203,0.45,12.701,2.289,否,92266700,48347250,2281755491.0,1195627492.5,105.352775,2.126334,1.331005,24.73,24.01,22.84,22.69,23.81,24.41,26.27,2023-10-31,-
2025-05-15,301555,惠柏新材,化学制品,24.51,27.82,24.49,25.71,24.49,7583063,200398221.03,15.6846,4.61,13.55,否,3.92,3.378,5.846,17.936,31.307,否,92266700,48347250,2386939529.0,1250743357.5,110.209312,2.224353,1.392361,24.96,24.4,23.05,22.75,23.85,24.39,26.24,2023-10-31,-
2025-05-16,301555,惠柏新材,化学制品,25.35,26.61,25.35,26.02,25.35,5781063,151263239.76,11.9574,1.198,4.91,否,1.91,3.997,5.902,15.388,26.433,否,92266700,48347250,2415542206.0,1265731005.0,111.529949,2.251008,1.409046,25.24,24.75,23.26,22.83,23.88,24.38,26.22,2023-10-31,-
2025-05-19,301555,惠柏新材,化学制品,25.84,26.18,25.39,25.95,25.39,3084700,79984759.0,6.3803,-0.267,3.02,否,0.81,5.574,5.359,11.183,24.163,否,92266700,48347250,2409083537.0,1262346697.5,111.231741,2.244989,1.405278,25.46,25.01,23.5,22.88,23.92,24.37,26.17,2023-10-31,-
2025-05-20,301555,惠柏新材,化学制品,25.82,26.07,25.56,26.02,25.56,2779691,72203609.57,5.7494,0.268,1.95,否,0.69,1.206,4.624,6.334,22.62,否,92266700,48347250,2415542206.0,1265731005.0,111.529949,2.251008,1.409046,25.66,25.17,23.72,22.94,23.96,24.38,26.13,2023-10-31,-
2025-05-21,301555,惠柏新材,化学制品,26.1,26.73,25.9,26.03,25.9,3065090,80824291.2,6.3397,0.038,3.21,否,0.73,0.038,4.037,7.163,21.978,否,92266700,48347250,2416464873.0,1266214477.5,111.57255,2.251868,1.409584,25.95,25.34,23.96,23.01,23.99,24.37,26.08,2023-10-31,-
2025-05-22,301555,惠柏新材,化学制品,25.84,26.63,25.48,25.61,25.48,2847617,74452569.66,5.8899,-1.604,4.43,否,0.64,-1.31,4.19,4.233,18.51,否,92266700,48347250,2377712859.0,1245908632.5,109.7833,2.215755,1.386979,25.93,25.44,24.15,23.21,24.01,24.35,26.05,2023-10-31,-
2025-05-23,301555,惠柏新材,化学制品,25.54,25.99,25.15,25.32,25.15,1819600,46858515.0,3.7636,-1.125,3.26,否,0.52,-2.69,-1.517,2.801,16.575,否,92266700,48347250,2350955516.0,1231887930.0,108.547865,2.190821,1.371371,25.79,25.51,24.32,23.37,24.02,24.34,26.02,2023-10-31,-
2025-05-26,301555,惠柏新材,化学制品,25.51,26.03,25.35,25.9,25.35,1543100,40053127.0,3.1917,2.276,2.67,否,0.57,-0.499,-0.461,4.142,22.343,否,92266700,48347250,2404470202.0,1259929335.0,111.018735,2.24069,1.402587,25.78,25.62,24.51,23.53,24.05,24.33,25.98,2023-10-31,-
2025-05-27,301555,惠柏新材,化学制品,25.45,25.78,25.18,25.76,25.18,1969855,50496477.45,4.0744,-0.537,2.3,否,0.82,0.586,-0.732,2.958,19.314,否,92266700,48347250,2391552864.0,1253160720.0,110.422318,2.228653,1.395052,25.72,25.69,24.71,23.68,24.05,24.33,25.94,2023-10-31,-
2025-05-28,301555,惠柏新材,化学制品,25.84,26.03,25.59,25.69,25.59,1282400,33251851.0,2.6525,-0.27,1.7,否,0.57,1.461,-1.268,4.516,20.215,否,92266700,48347250,2385094195.0,1249776412.5,110.124109,2.222634,1.391285,25.66,25.8,24.91,23.83,24.03,24.32,25.9,2023-10-31,-
2025-05-29,301555,惠柏新材,化学制品,25.64,26.01,25.5,25.82,25.5,1167400,30351856.0,2.4146,0.503,1.97,否,0.62,-0.309,-0.807,0.428,19.041,否,92266700,48347250,2397088866.0,1256061555.0,110.677925,2.233811,1.398282,25.7,25.81,25.11,23.97,24.04,24.32,25.86,2023-10-31,-
2025-05-30,301555,惠柏新材,化学制品,25.64,26.04,25.2,25.34,25.2,1172200,30023011.0,2.4245,-1.848,3.23,否,0.75,-1.63,-1.054,-2.613,15.919,否,92266700,48347250,2352800850.0,1232854875.0,108.633067,2.19254,1.372447,25.7,25.74,25.25,24.09,24.04,24.32,25.81,2023-10-31,-
2025-06-03,301555,惠柏新材,化学制品,25.72,26.2,25.02,26.15,25.02,2714118,70467814.68,5.6138,3.177,4.63,否,1.9,1.791,3.278,0.771,18.326,否,92266700,48347250,2427536877.0,1272016147.5,112.083765,2.262186,1.416043,25.75,25.76,25.39,24.26,24.06,24.31,25.77,2023-10-31,-
2025-06-04,301555,惠柏新材,化学制品,26.32,26.45,25.77,26.04,25.77,2614500,68565733.0,5.4078,-0.418,2.62,否,1.57,0.852,0.541,0.077,19.45,否,92266700,48347250,2417387540.0,1266697950.0,111.615152,2.252728,1.410122,25.81,25.77,25.47,24.4,24.08,24.31,25.73,2023-10-31,-
2025-06-05,301555,惠柏新材,化学制品,25.84,26.0,25.44,25.74,25.44,1861300,48095005.0,3.8499,-1.145,2.14,否,1.04,1.579,-0.078,-1.114,18.019,否,92266700,48347250,2389707530.0,1252193775.0,110.337115,2.226933,1.393976,25.82,25.74,25.54,24.55,24.09,24.3,25.68,2023-10-31,-
2025-06-06,301555,惠柏新材,化学制品,25.61,26.04,25.59,25.89,25.59,1084200,28126576.0,2.2425,0.579,1.74,否,0.57,-0.994,0.779,1.093,18.761,否,92266700,48347250,2403547535.0,1259445862.5,110.976134,2.23983,1.402049,25.83,25.77,25.6,24.69,24.1,24.29,25.64,2023-10-31,-
2025-06-09,301555,惠柏新材,化学制品,26.14,26.32,25.84,26.22,25.84,1836549,48376410.15,3.7987,1.267,1.84,否,0.97,0.691,1.549,3.555,16.275,否,92266700,48347250,2433995546.0,1275400455.0,112.381973,2.268204,1.41981,26.01,25.86,25.68,24.83,24.11,24.28,25.61,2023-10-31,-
2025-06-10,301555,惠柏新材,化学制品,26.24,26.38,25.5,25.85,25.5,1743800,45621141.0,3.6068,-1.403,3.37,否,0.86,0.427,2.013,-0.193,10.754,否,92266700,48347250,2399856867.0,1257511972.5,110.805729,2.236391,1.399896,25.95,25.85,25.73,24.96,24.12,24.27,25.58,2023-10-31,-
2025-06-11,301555,惠柏新材,化学制品,25.85,26.19,25.81,26.05,25.81,1177700,30887832.0,2.4359,0.769,1.46,否,0.64,0.618,-0.382,1.126,6.457,否,92266700,48347250,2418310207.0,1267181422.5,111.657753,2.253587,1.410661,25.95,25.88,25.78,25.1,24.13,24.26,25.55,2023-10-31,-
2025-06-12,301555,惠柏新材,化学制品,25.93,26.48,25.85,26.14,25.85,1617596,42576609.2,3.3458,0.343,2.44,否,1.05,-0.305,0.384,1.752,7.616,否,92266700,48347250,2426614210.0,1271532675.0,112.041164,2.261326,1.415505,26.03,25.92,25.86,25.25,24.15,24.24,25.53,2023-10-31,-
2025-06-13,301555,惠柏新材,化学制品,26.63,26.63,25.61,25.64,25.61,1345100,35099715.0,2.7822,-1.901,3.92,否,0.9,-0.812,-0.389,-0.697,4.355,否,92266700,48347250,2380480860.0,1247359050.0,109.911103,2.218335,1.388594,25.98,25.91,25.86,25.37,24.16,24.22,25.5,2023-10-31,-
2025-06-16,301555,惠柏新材,化学制品,25.51,26.41,25.51,26.19,25.51,1971824,51868562.2,4.0785,2.132,3.53,否,1.28,0.537,1.159,3.354,6.334,否,92266700,48347250,2431227545.0,1273950037.5,112.25417,2.265625,1.418196,25.97,25.99,25.87,25.5,24.17,24.2,25.48,2023-10-31,-
2025-06-17,301555,惠柏新材,化学制品,26.15,26.51,25.91,26.11,25.91,1552473,40858975.66,3.2111,-0.304,2.31,否,0.99,-0.115,-0.42,-0.153,4.986,否,92266700,48347250,2423846209.0,1270082257.5,111.91336,2.258746,1.41389,26.03,25.99,25.88,25.59,24.17,24.18,25.47,2023-10-31,-
2025-06-18,301555,惠柏新材,化学制品,26.03,27.63,25.74,27.0,25.74,5635832,152876700.6,11.657,3.426,7.23,否,3.68,5.304,4.449,3.687,7.914,否,92266700,48347250,2506886239.0,1313594782.5,115.747468,2.33613,1.462329,26.22,26.08,25.92,25.67,24.2,24.17,25.46,2023-10-31,-
2025-06-19,301555,惠柏新材,化学制品,27.0,28.38,26.57,27.59,26.57,7612195,212135851.2,15.7448,2.172,6.7,否,3.14,5.346,5.912,7.187,12.246,否,92266700,48347250,2561323592.0,1342119660.0,118.260939,2.386859,1.494084,26.51,26.27,26.0,25.78,24.23,24.19,25.46,2023-10-31,-
2025-06-20,301555,惠柏新材,化学制品,27.68,28.07,26.74,26.93,26.74,5438340,149588336.2,11.2485,-2.378,4.83,否,1.5,3.141,3.022,4.017,4.745,否,92266700,48347250,2500427570.0,1310210475.0,115.44926,2.330111,1.458562,26.76,26.37,26.07,25.86,24.26,24.2,25.45,2023-10-31,-
2025-06-23,301555,惠柏新材,化学制品,26.51,27.56,26.38,27.49,26.38,4317674,117546460.88,8.9305,2.066,4.35,否,0.97,1.815,7.215,4.844,5.65,否,92266700,48347250,2552096922.0,1337284935.0,117.834927,2.378261,1.488702,27.02,26.5,26.18,25.96,24.32,24.21,25.45,2023-10-31,-
2025-06-24,301555,惠柏新材,化学制品,27.33,27.94,27.22,27.87,27.22,4877300,135998576.0,10.0881,1.374,2.6,否,0.99,1.015,6.415,7.814,7.399,否,92266700,48347250,2587158268.0,1355656890.0,119.453773,2.410934,1.509154,27.38,26.7,26.28,26.06,24.37,24.23,25.44,2023-10-31,-
2025-06-25,301555,惠柏新材,化学制品,27.58,27.83,26.91,27.49,26.91,5088624,140011383.16,10.5252,-1.355,3.28,否,0.91,2.079,5.285,5.528,5.65,否,92266700,48347250,2552096922.0,1337284935.0,117.834927,2.378261,1.488702,27.47,26.85,26.36,26.14,24.42,24.26,25.43,2023-10-31,-
2025-06-26,301555,惠柏新材,化学制品,27.63,28.26,27.24,27.46,27.24,3913700,109160055.0,8.095,-0.109,3.72,否,0.72,-0.109,1.704,5.05,5.494,否,92266700,48347250,2549328921.0,1335834517.5,117.707124,2.375682,1.487087,27.45,26.98,26.45,26.23,24.46,24.28,25.43,2023-10-31,-
2025-06-27,301555,惠柏新材,化学制品,27.64,27.82,27.01,27.14,27.01,2999596,82352946.68,6.2043,-1.158,2.93,否,0.63,-2.619,-1.631,5.85,5.974,否,92266700,48347250,2519803577.0,1320363397.5,116.343885,2.348168,1.469864,27.49,27.13,26.52,26.28,24.52,24.31,25.42,2023-10-31,-
2025-06-30,301555,惠柏新材,化学制品,27.1,27.43,27.0,27.36,27.0,2749664,75331305.52,5.6873,0.806,1.57,否,0.65,-0.473,1.597,4.467,8.057,否,92266700,48347250,2540102251.0,1330999792.5,117.281112,2.367084,1.481705,27.46,27.24,26.62,26.33,24.58,24.34,25.41,2023-10-31,-
2025-07-01,301555,惠柏新材,化学制品,27.5,28.77,27.05,28.58,27.05,8875216,251840509.54,18.3572,4.468,6.28,否,2.26,4.079,3.965,9.46,10.347,否,92266700,48347250,2653590292.0,1390466910.0,122.521059,2.472841,1.547905,27.61,27.49,26.74,26.41,24.65,24.37,25.4,2023-10-31,-
2025-07-02,301555,惠柏新材,化学制品,28.92,29.02,27.91,28.17,27.91,5073988,144465444.52,10.4949,-1.426,3.89,否,1.07,3.795,1.076,4.333,9.356,否,92266700,48347250,2615760945.0,1370644537.5,120.77441,2.437589,1.525839,27.74,27.61,26.85,26.49,24.71,24.41,25.4,2023-10-31,-
2025-07-03,301555,惠柏新材,化学制品,28.06,28.15,27.44,27.83,27.44,3343900,93282871.0,6.9164,-1.235,2.54,否,0.71,1.718,1.237,0.87,8.33,否,92266700,48347250,2583467600.0,1353723000.0,119.283368,2.407495,1.507001,27.82,27.63,26.95,26.55,24.78,24.44,25.39,2023-10-31,-
2025-07-04,301555,惠柏新材,化学制品,27.76,27.89,26.86,27.28,26.86,3112264,85308067.32,6.4373,-1.964,3.68,否,0.68,-4.549,-0.655,1.3,5.655,否,92266700,48347250,2532720915.0,1327132012.5,116.940302,2.360205,1.477399,27.84,27.67,27.02,26.6,24.9,24.48,25.39,2023-10-31,-
2025-07-07,301555,惠柏新材,化学制品,27.19,27.56,27.06,27.47,27.06,1917664,52750231.68,3.9664,0.692,1.82,否,0.41,-2.485,1.216,-0.073,8.406,否,92266700,48347250,2550251588.0,1336317990.0,117.749725,2.376542,1.487625,27.87,27.67,27.08,26.67,25.02,24.52,25.39,2023-10-31,-
2025-07-08,301555,惠柏新材,化学制品,27.47,31.48,27.25,29.61,27.25,12460829,373830482.96,25.7736,7.815,15.41,否,2.79,6.396,8.224,6.243,13.231,否,92266700,48347250,2749547660.0,1440748050.0,126.951585,2.562263,1.60388,28.07,27.84,27.27,26.8,25.16,24.58,25.4,2023-10-31,-
2025-07-09,301555,惠柏新材,化学制品,29.26,29.52,28.72,28.91,28.72,7631857,223153341.98,15.7855,-2.383,2.68,否,1.47,5.975,1.155,5.166,11.022,否,92266700,48347250,2684038303.0,1406421502.5,123.926899,2.501215,1.565666,28.22,27.98,27.41,26.9,25.29,24.63,25.4,2023-10-31,-
2025-07-10,301555,惠柏新材,化学制品,28.92,29.07,28.27,28.32,28.27,4450500,127607382.0,9.2053,-2.028,2.75,否,0.78,3.094,0.532,3.132,10.023,否,92266700,48347250,2629600950.0,1377896625.0,121.413428,2.450486,1.533912,28.32,28.07,27.52,26.99,25.41,24.68,25.41,2023-10-31,-
2025-07-11,301555,惠柏新材,化学制品,28.7,30.6,28.69,29.14,28.69,9108600,270248772.67,18.84,2.877,6.74,否,1.54,-1.587,4.707,7.369,12.553,否,92266700,48347250,2705259644.0,1417541370.0,124.906727,2.520991,1.578045,28.69,28.27,27.7,27.1,25.53,24.73,25.41,2023-10-31,-
2025-07-14,301555,惠柏新材,化学制品,28.81,31.39,28.63,30.64,28.63,11408915,345758989.8,23.5979,5.15,9.48,否,1.6,5.984,12.317,11.988,16.857,否,92266700,48347250,2844582361.0,1490545717.5,131.339508,2.650824,1.659316,29.32,28.6,27.92,27.28,25.68,24.8,25.42,2023-10-31,-
2025-07-15,301555,惠柏新材,化学制品,30.81,30.81,29.41,29.69,29.41,6554833,196313236.42,13.5578,-3.081,4.57,否,0.73,4.838,8.082,3.884,14.855,否,92266700,48347250,2756928996.0,1444615830.0,127.292394,2.569141,1.608185,29.34,28.71,28.1,27.39,25.83,24.87,25.43,2023-10-31,-
2025-07-16,301555,惠柏新材,化学制品,29.69,31.37,29.52,31.2,29.52,8827624,272259365.21,18.2588,5.087,6.26,否,1.13,7.069,5.37,10.756,19.77,否,92266700,48347250,2897174380.0,1518103650.0,133.767777,2.699834,1.689994,29.8,29.01,28.31,27.57,25.99,24.93,25.45,2023-10-31,-
2025-07-17,301555,惠柏新材,化学制品,30.81,31.35,30.38,31.16,30.38,6775000,210508791.4,14.0132,-0.127,3.12,否,0.84,1.697,7.783,11.966,19.204,否,92266700,48347250,2893483712.0,1516169760.0,133.597372,2.696394,1.687841,30.37,29.34,28.49,27.75,26.15,25.0,25.47,2023-10-31,-
2025-07-18,301555,惠柏新材,化学制品,31.04,31.15,29.93,30.08,29.93,5547056,168725277.88,11.4734,-3.476,3.92,否,0.65,1.314,6.215,10.264,17.317,否,92266700,48347250,2792913009.0,1463471257.5,128.953841,2.602674,1.629176,30.55,29.62,28.64,27.89,26.29,25.07,25.49,2023-10-31,-
2025-07-21,301555,惠柏新材,化学制品,30.21,30.21,29.26,29.61,29.26,4298761,127368184.58,8.8914,-1.553,3.17,否,0.55,-5.096,1.613,7.79,13.058,否,92266700,48347250,2749547660.0,1440748050.0,126.951585,2.562263,1.60388,30.35,29.84,28.75,28.0,26.42,25.12,25.51,2023-10-31,-
2025-07-22,301555,惠柏新材,化学制品,29.52,30.14,29.11,29.97,29.11,4332204,129229926.87,8.9606,1.208,3.49,否,0.68,-3.819,-2.187,1.216,14.784,否,92266700,48347250,2782763672.0,1458153060.0,128.485228,2.593216,1.623255,30.4,29.87,28.86,28.14,26.55,25.18,25.52,2023-10-31,-
2025-07-23,301555,惠柏新材,化学制品,29.71,29.76,28.99,29.13,28.99,3085000,90925442.0,6.3809,-2.818,2.59,否,0.52,-3.158,-1.886,0.761,7.889,否,92266700,48347250,2704336977.0,1417057897.5,124.864126,2.520131,1.577507,29.99,29.89,28.94,28.24,26.67,25.23,25.53,2023-10-31,-
2025-07-24,301555,惠柏新材,化学制品,29.17,29.44,29.0,29.32,29.0,2369287,69546072.38,4.9006,0.648,1.5,否,0.49,-0.979,-6.026,3.531,6.27,否,92266700,48347250,2721867650.0,1426243875.0,125.673548,2.536468,1.587733,29.62,29.99,29.03,28.35,26.8,25.27,25.54,2023-10-31,-
2025-07-25,301555,惠柏新材,化学制品,29.23,29.45,28.5,28.79,28.5,3618301,104852211.85,7.484,-1.797,3.22,否,0.92,-3.937,-7.606,-1.201,6.907,否,92266700,48347250,2672966299.0,1400619832.5,123.415685,2.490898,1.559208,29.36,29.96,29.11,28.45,26.91,25.32,25.56,2023-10-31,-
2025-07-28,301555,惠柏新材,化学制品,28.79,29.67,28.7,29.55,28.7,3769556,111134717.32,7.7968,2.658,3.38,否,1.06,1.442,-1.762,-3.557,7.494,否,92266700,48347250,2744011658.0,1437847215.0,126.695977,2.557104,1.60065,29.35,29.85,29.22,28.56,27.03,25.37,25.56,2023-10-31,-
2025-07-29,301555,惠柏新材,化学制品,29.76,30.52,29.28,30.16,29.28,4870596,146997062.92,10.0742,2.051,4.2,否,1.42,2.865,1.857,1.583,8.217,否,92266700,48347250,2800294345.0,1467339037.5,129.294651,2.609553,1.633481,29.39,29.9,29.3,28.7,27.14,25.43,25.58,2023-10-31,-
2025-07-30,301555,惠柏新材,化学制品,30.01,31.38,29.63,31.38,29.63,8053279,248450193.71,16.6572,4.053,5.8,否,2.27,8.996,4.705,0.577,14.151,否,92266700,48347250,2913782386.0,1526806155.0,134.534599,2.715311,1.699682,29.84,29.92,29.46,28.84,27.26,25.5,25.6,2023-10-31,-
2025-07-31,301555,惠柏新材,化学制品,31.39,33.76,30.81,33.28,30.81,12204796,401365376.82,25.244,6.048,9.4,否,2.69,12.623,14.246,6.804,21.194,否,92266700,48347250,3090011783.0,1619149402.5,142.671428,2.879536,1.802481,30.63,30.13,29.73,29.03,27.41,25.58,25.63,2023-10-31,-
2025-08-01,301555,惠柏新材,化学制品,32.76,33.44,32.05,33.25,32.05,6870587,225977813.13,14.2109,-0.09,4.18,否,1.06,10.245,13.404,10.539,22.513,否,92266700,48347250,3087243782.0,1617698985.0,142.543625,2.876957,1.800866,31.52,30.44,30.03,29.24,27.55,25.65,25.66,2023-10-31,-
2025-08-04,301555,惠柏新材,化学制品,32.92,33.8,31.96,32.64,31.96,7432182,244620670.04,15.3725,-1.853,5.53,否,1.04,4.015,13.373,10.233,19.298,否,92266700,48347250,3030038428.0,1587723690.0,139.90235,2.823648,1.767497,32.14,30.75,30.29,29.42,27.69,25.72,25.68,2023-10-31,-
2025-08-05,301555,惠柏新材,化学制品,32.6,34.17,32.25,33.71,32.25,7551225,254418832.84,15.6187,3.289,5.88,否,0.96,1.292,14.078,12.479,17.95,否,92266700,48347250,3129686464.0,1639938720.0,144.50328,2.916508,1.825624,32.85,31.12,30.5,29.61,27.83,25.81,25.71,2023-10-31,-
2025-08-06,301555,惠柏新材,化学制品,33.31,33.45,32.57,33.37,32.57,6166450,204993890.8,12.7545,-1.002,2.62,否,0.73,0.361,10.643,14.555,18.459,否,92266700,48347250,3098315786.0,1623500655.0,143.054839,2.887274,1.807325,33.25,31.55,30.72,29.81,27.97,25.89,25.73,2023-10-31,-
2025-08-07,301555,惠柏新材,化学制品,33.05,34.78,32.68,34.23,32.68,7411213,254169603.97,15.3291,2.561,6.31,否,0.92,4.871,9.082,16.746,22.997,否,92266700,48347250,3177665148.0,1665079290.0,146.718543,2.961219,1.853611,33.44,32.04,31.02,30.03,28.13,25.97,25.76,2023-10-31,-
2025-08-08,301555,惠柏新材,化学制品,34.09,34.48,33.54,34.43,33.54,4924252,168792367.61,10.1852,0.61,2.76,否,0.69,2.136,3.456,19.59,26.21,否,92266700,48347250,3197041155.0,1675232212.5,147.613168,2.979275,1.864914,33.68,32.6,31.28,30.28,28.28,26.06,25.78,2023-10-31,-
2025-08-11,301555,惠柏新材,化学制品,34.66,34.66,33.89,34.01,33.89,4369000,150354846.49,9.0367,-1.241,2.25,否,0.65,1.918,2.286,15.093,23.808,否,92266700,48347250,3157366474.0,1654442895.0,145.781316,2.942303,1.841771,33.95,33.05,31.45,30.5,28.41,26.14,25.8,2023-10-31,-
2025-08-12,301555,惠柏新材,化学制品,33.94,33.95,33.04,33.23,33.04,3791977,127291584.6,7.8432,-2.279,2.66,否,0.62,-2.921,1.808,10.179,12.226,否,92266700,48347250,3085398448.0,1616732040.0,142.458422,2.875237,1.79979,33.85,33.35,31.63,30.65,28.53,26.23,25.82,2023-10-31,-
2025-08-13,301555,惠柏新材,化学制品,33.13,33.47,32.8,33.38,32.8,3075577,102562887.69,6.3614,0.449,2.0,否,0.58,-3.05,-0.979,6.373,15.462,否,92266700,48347250,3099238453.0,1623984127.5,143.09744,2.888134,1.807863,33.86,33.55,31.73,30.83,28.66,26.31,25.84,2023-10-31,-
2025-08-14,301555,惠柏新材,化学制品,33.28,33.66,32.4,32.99,32.4,4203200,139841901.0,8.6938,-1.161,3.78,否,0.89,-2.999,-1.139,-0.871,16.49,否,92266700,48347250,3063254440.0,1605128700.0,141.435994,2.854601,1.786873,33.61,33.52,31.83,31.0,28.77,26.38,25.85,2023-10-31,-
2025-08-15,301555,惠柏新材,化学制品,33.59,34.03,32.97,34.01,32.97,4103703,139220935.36,8.488,3.072,3.19,否,1.01,2.347,-0.643,2.286,16.712,否,92266700,48347250,3157366474.0,1654442895.0,145.781316,2.942303,1.841771,33.52,33.6,32.02,31.22,28.91,26.46,25.88,2023-10-31,-
2025-08-18,301555,惠柏新材,化学制品,34.04,34.08,32.87,33.24,32.87,4492552,150396061.36,9.2923,-2.25,3.54,否,1.15,-0.419,-3.456,1.838,8.486,否,92266700,48347250,3086321115.0,1617215512.5,142.501024,2.876097,1.800328,33.37,33.66,32.2,31.41,29.04,26.53,25.9,2023-10-31,-
2025-08-19,301555,惠柏新材,化学制品,33.14,33.79,32.78,32.97,32.78,3673644,122744969.88,7.5985,-0.807,3.02,否,0.93,-0.061,-3.058,-2.195,11.047,否,92266700,48347250,3061409106.0,1604161755.0,141.350791,2.852882,1.785796,33.32,33.59,32.35,31.53,29.16,26.6,25.93,2023-10-31,-
2025-08-20,301555,惠柏新材,化学制品,32.92,33.25,32.57,32.95,32.57,2275905,75378515.5,4.7074,-0.06,2.08,否,0.58,-3.117,-0.843,-1.259,5.609,否,92266700,48347250,3059563772.0,1603194810.0,141.265589,2.851162,1.78472,33.23,33.54,32.54,31.66,29.28,26.66,25.95,2023-10-31,-
2025-08-21,301555,惠柏新材,化学制品,33.01,33.23,32.82,32.89,32.82,2127309,70698256.53,4.4001,-0.181,1.24,否,0.57,-1.053,-1.468,-3.915,5.552,否,92266700,48347250,3054027770.0,1600293975.0,141.009982,2.846003,1.78149,33.21,33.41,32.72,31.81,29.4,26.71,25.98,2023-10-31,-
2025-08-22,301555,惠柏新材,化学制品,32.97,32.97,32.12,32.57,32.12,2963175,96705215.43,6.1289,-0.997,2.6,否,0.89,-1.213,-1.273,-5.402,8.278,否,92266700,48347250,3023579759.0,1584339382.5,139.604142,2.817629,1.763729,32.92,33.22,32.91,31.93,29.51,26.78,26.01,2023-10-31,-
2025-08-25,301555,惠柏新材,化学制品,32.57,34.45,32.55,34.45,32.55,5996710,203384591.95,12.4034,5.798,5.86,否,1.93,4.552,1.294,1.294,16.346,否,92266700,48347250,3198886489.0,1676199157.5,147.69837,2.980995,1.86599,33.17,33.27,33.16,32.05,29.67,26.85,26.05,2023-10-31,-
2025-08-26,301555,惠柏新材,化学制品,34.19,34.88,33.68,33.79,33.68,4567556,157669385.52,9.4474,-1.933,3.49,否,1.34,2.736,1.655,1.685,12.746,否,92266700,48347250,3137067800.0,1643806500.0,144.84409,2.923387,1.82993,33.33,33.32,33.34,32.19,29.79,26.93,26.08,2023-10-31,-
2025-08-27,301555,惠柏新材,化学制品,34.29,34.36,31.98,32.19,31.98,6435340,213324010.28,13.3107,-4.735,7.06,否,1.79,-1.167,-2.366,-3.565,10.505,否,92266700,48347250,2988518413.0,1565967427.5,65.408991,2.723075,1.554108,33.18,33.21,33.38,32.22,29.9,26.99,26.1,2023-10-31,-
2025-08-28,301555,惠柏新材,化学制品,31.5,32.12,29.94,31.58,29.94,5867630,182327417.17,12.1364,-1.883,6.76,否,1.33,-8.331,-4.158,-4.274,7.708,否,92266700,48347250,2932235726.0,1536475605.0,64.177145,2.671792,1.524839,32.92,33.06,33.29,32.24,29.99,27.04,26.12,2023-10-31,-
2025-08-29,301555,惠柏新材,化学制品,31.45,31.76,30.57,31.03,30.57,3941430,122960576.23,8.1523,-1.762,3.78,否,0.76,-8.168,-5.655,-8.762,7.78,否,92266700,48347250,2880566374.0,1509401145.0,63.04627,2.624712,1.49797,32.61,32.77,33.18,32.27,30.08,27.09,26.14,2023-10-31,-
2025-09-01,301555,惠柏新材,化学制品,31.26,32.18,31.08,31.62,31.08,3153717,100478368.11,6.5231,1.922,3.56,否,0.59,-1.771,-2.917,-4.874,7.005,否,92266700,48347250,2935926394.0,1538409495.0,64.257922,2.675155,1.526759,32.04,32.6,33.13,32.34,30.17,27.14,26.16,2023-10-31,-
2025-09-02,301555,惠柏新材,化学制品,31.85,31.85,29.98,30.25,29.98,3719197,114240317.18,7.6927,-4.337,5.91,否,0.78,-4.212,-12.192,-8.25,0.298,否,92266700,48347250,2808598348.0,1471690290.0,61.471123,2.559136,1.460545,31.33,32.33,32.96,32.35,30.24,27.18,26.18,2023-10-31,-
2025-09-03,301555,惠柏新材,化学制品,30.6,30.79,29.38,29.47,29.38,2737000,82418090.0,5.6611,-2.595,4.66,否,0.59,-5.027,-12.785,-10.561,-6.087,否,92266700,48347250,2735707655.0,1433495962.5,59.875782,2.49272,1.42264,30.79,31.98,32.76,32.36,30.3,27.21,26.21,2023-10-31,-
2025-09-04,301555,惠柏新材,化学制品,29.75,30.07,28.75,29.25,28.75,2595285,77182045.14,5.368,-0.742,4.49,否,0.67,-7.495,-9.133,-11.067,-12.109,否,92266700,48347250,2715408981.0,1422859567.5,59.431509,2.474224,1.412084,30.32,31.62,32.52,32.36,30.35,27.25,26.23,2023-10-31,-
2025-09-05,301555,惠柏新材,化学制品,29.39,30.25,29.38,30.0,29.38,2376292,71491421.0,4.9151,2.582,2.99,否,0.74,-0.826,-5.003,-7.891,-9.774,否,92266700,48347250,2785531673.0,1459603477.5,60.966268,2.538118,1.44855,30.12,31.36,32.29,32.4,30.42,27.29,26.25,2023-10-31,-
2025-09-08,301555,惠柏新材,化学制品,30.06,31.3,29.91,30.61,29.91,2949833,90756267.8,6.1013,2.021,4.64,否,1.01,3.868,-1.354,-11.147,-6.219,否,92266700,48347250,2841814360.0,1489095300.0,62.198114,2.589402,1.477818,29.92,30.98,32.12,32.43,30.5,27.33,26.28,2023-10-31,-
2025-09-09,301555,惠柏新材,化学制品,30.61,30.86,29.73,30.48,29.73,3301916,100984318.96,6.8296,-0.422,3.67,否,1.15,4.205,-3.605,-9.796,-9.582,否,92266700,48347250,2829819689.0,1482810157.5,61.935589,2.578473,1.47158,29.96,30.65,31.99,32.44,30.57,27.37,26.3,2023-10-31,-
2025-09-10,301555,惠柏新材,化学制品,30.48,30.99,30.1,30.21,30.1,2675230,82101478.96,5.5334,-0.88,2.9,否,0.96,0.7,-0.132,-6.151,-9.47,否,92266700,48347250,2804907680.0,1469756400.0,61.390346,2.555773,1.458626,30.11,30.45,31.83,32.4,30.62,27.41,26.33,2023-10-31,-
2025-09-11,301555,惠柏新材,化学制品,30.22,31.04,29.73,30.98,29.73,3146599,96773458.94,6.5083,2.533,4.31,否,1.13,1.209,5.124,-1.9,-9.495,否,92266700,48347250,2875953039.0,1506983782.5,62.945299,2.620508,1.495571,30.46,30.39,31.73,32.33,30.68,27.45,26.35,2023-10-31,-
2025-09-12,301555,惠柏新材,化学制品,31.02,31.11,30.36,30.39,30.36,2303410,70939146.8,4.7643,-1.893,2.41,否,0.8,-0.295,3.897,-2.063,-11.734,否,92266700,48347250,2821515686.0,1478458905.0,61.753842,2.570906,1.467262,30.53,30.33,31.55,32.23,30.74,27.5,26.38,2023-10-31,-
2025-09-15,301555,惠柏新材,化学制品,30.41,30.69,30.07,30.29,30.07,1865300,57023407.0,3.8581,-0.327,2.03,否,0.65,0.265,0.967,-4.206,-10.938,否,92266700,48347250,2812289016.0,1473624180.0,61.5519,2.562499,1.462464,30.47,30.19,31.4,32.15,30.78,27.55,26.4,2023-10-31,-
2025-09-16,301555,惠柏新材,化学制品,30.31,30.81,29.99,30.6,29.99,1768640,54177693.6,3.6582,1.017,2.69,否,0.67,-1.227,-0.033,1.157,-7.915,否,92266700,48347250,2840891693.0,1488611827.5,62.17792,2.588561,1.477338,30.49,30.23,31.28,32.05,30.83,27.6,26.43,2023-10-31,-
2025-09-17,301555,惠柏新材,化学制品,30.31,31.8,30.31,30.93,30.31,3762800,117706108.0,7.7829,1.072,4.87,否,1.6,1.777,1.476,4.954,-7.34,否,92266700,48347250,2871339704.0,1504566420.0,62.844328,2.616305,1.493172,30.64,30.37,31.18,31.97,30.89,27.65,26.45,2023-10-31,-
2025-09-18,301555,惠柏新材,化学制品,30.68,31.58,29.82,30.19,29.82,3275070,101415387.48,6.7741,-2.378,5.69,否,1.27,-0.33,-0.066,3.214,-8.487,否,92266700,48347250,2803062346.0,1468789455.0,61.349958,2.554092,1.457666,30.48,30.47,31.04,31.83,30.93,27.7,26.48,2023-10-31,-
2025-09-19,301555,惠柏新材,化学制品,30.11,30.79,29.54,29.78,29.54,1704893,51254517.9,3.5263,-1.35,4.15,否,0.66,-2.68,-3.873,-0.733,-12.438,否,92266700,48347250,2765232999.0,1448967082.5,60.521996,2.519622,1.437994,30.36,30.45,30.9,31.68,30.98,27.75,26.51,2023-10-31,-
2025-09-22,301555,惠柏新材,化学制品,29.55,30.08,29.36,29.53,29.36,1522200,45294295.0,3.1485,-0.868,2.44,否,0.61,-4.526,-2.83,-3.528,-11.161,否,92266700,48347250,2741243657.0,1436396797.5,59.996947,2.497764,1.425519,30.21,30.34,30.66,31.53,31.01,27.79,26.53,2023-10-31,-
2025-09-23,301555,惠柏新材,化学制品,29.39,29.6,27.9,28.95,27.9,2760180,79434999.6,5.7091,-1.952,5.79,否,1.15,-4.107,-4.424,-5.02,-12.193,否,92266700,48347250,2687728971.0,1408355392.5,58.825684,2.449002,1.39769,29.88,30.19,30.42,31.39,31.02,27.83,26.55,2023-10-31,-
2025-09-24,301555,惠柏新材,化学制品,29.03,29.44,28.78,29.42,28.78,2033500,59795614.0,4.206,1.614,2.27,否,0.78,-1.209,-3.856,-2.615,-10.713,否,92266700,48347250,2731094320.0,1431078600.0,59.774811,2.488516,1.420241,29.57,30.11,30.28,31.25,31.04,27.88,26.57,2023-10-31,-
2025-09-25,301555,惠柏新材,化学制品,29.42,30.31,29.22,29.56,29.22,2148200,64684203.72,4.4433,0.507,3.72,否,0.95,0.102,-4.429,-4.584,-10.125,否,92266700,48347250,2744934325.0,1438330687.5,60.077724,2.501127,1.427438,29.45,29.96,30.18,31.14,31.07,27.92,26.6,2023-10-31,-
2025-09-26,301555,惠柏新材,化学制品,29.42,30.81,29.17,30.2,29.17,2974852,90433992.2,6.1531,2.151,5.55,否,1.46,4.318,0.033,-0.625,-7.277,否,92266700,48347250,2803985013.0,1469272927.5,61.370152,2.554932,1.458146,29.53,29.95,30.14,31.01,31.12,28.01,26.63,2023-10-31,-
2025-09-29,301555,惠柏新材,化学制品,30.2,30.36,29.71,30.15,29.71,1996751,60321340.78,4.13,-0.165,2.14,否,0.87,2.481,1.242,-0.462,-12.482,否,92266700,48347250,2799371678.0,1466855565.0,61.269181,2.550729,1.455747,29.66,29.93,30.06,30.91,31.16,28.09,26.66,2023-10-31,-
2025-09-30,301555,惠柏新材,化学制品,30.09,30.47,29.91,30.32,29.91,1932680,58778768.12,3.9975,0.56,1.85,否,0.81,2.571,2.675,-0.915,-10.269,否,92266700,48347250,2815057017.0,1475074597.5,61.612482,2.565021,1.463903,29.93,29.9,30.07,30.82,31.17,28.17,26.69,2023-10-31,-
2025-10-09,301555,惠柏新材,化学制品,30.22,30.99,30.02,30.24,30.02,2758592,84670210.44,5.7058,-0.262,3.18,否,1.24,0.132,4.456,-2.231,-6.058,否,92266700,48347250,2807675681.0,1471206817.5,61.450929,2.558295,1.460065,30.09,29.83,30.1,30.73,31.2,28.24,26.72,2023-10-31,-
2025-10-10,301555,惠柏新材,化学制品,30.24,30.58,29.83,29.87,29.83,2053280,62132446.0,4.2469,-1.216,2.46,否,0.87,-0.929,1.53,-1.06,-5.415,否,92266700,48347250,2773537002.0,1453318335.0,60.703744,2.527189,1.442312,30.16,29.8,30.14,30.63,31.22,28.32,26.75,2023-10-31,-
2025-10-13,301555,惠柏新材,化学制品,28.96,30.55,28.2,30.55,28.2,3171043,95250796.23,6.5589,2.262,7.85,否,1.35,0.759,3.349,2.586,-1.547,否,92266700,48347250,2836278358.0,1486194465.0,62.076949,2.584357,1.474939,30.23,29.88,30.16,30.56,31.25,28.39,26.78,2023-10-31,-
2025-10-14,301555,惠柏新材,化学制品,30.41,30.82,29.44,29.63,29.44,2035700,61688007.57,4.2106,-2.993,4.52,否,0.85,-2.017,-1.887,0.339,-6.293,否,92266700,48347250,2751392994.0,1441714995.0,60.219083,2.507012,1.430797,30.12,29.89,30.11,30.4,31.23,28.46,26.8,2023-10-31,-
2025-10-15,301555,惠柏新材,化学制品,29.58,30.5,29.54,30.07,29.54,1719076,51913356.92,3.5557,1.476,3.25,否,0.72,0.67,-0.265,3.869,-0.595,否,92266700,48347250,2791990342.0,1462987785.0,61.107627,2.544003,1.451908,30.07,30.0,30.09,30.28,31.23,28.53,26.82,2023-10-31,-
2025-10-16,301555,惠柏新材,化学制品,30.14,30.5,29.57,29.62,29.57,1806633,54275098.26,3.7368,-1.487,3.07,否,0.77,-3.044,-2.309,0.68,0.509,否,92266700,48347250,2750470327.0,1441231522.5,60.198889,2.506171,1.430317,29.95,30.02,30.06,30.19,31.21,28.6,26.83,2023-10-31,-
2025-10-17,301555,惠柏新材,化学制品,29.87,30.69,29.4,29.45,29.4,2279464,68684194.84,4.7148,-0.604,4.36,否,1.06,-0.607,-2.612,-0.372,0.684,否,92266700,48347250,2733862321.0,1432529017.5,59.835393,2.491038,1.42168,29.86,30.01,29.99,30.12,31.18,28.66,26.82,2023-10-31,-
2025-10-20,301555,惠柏新材,化学制品,29.79,30.51,29.49,29.91,29.49,2064848,62167259.16,4.2709,1.586,3.48,否,0.94,-0.532,0.134,-0.96,-0.3,否,92266700,48347250,2777227670.0,1455252225.0,60.78452,2.530552,1.444231,29.74,29.98,29.96,30.08,31.18,28.73,26.83,2023-10-31,-
2025-10-21,301555,惠柏新材,化学制品,29.92,30.6,29.69,30.43,29.69,2655311,80969836.37,5.4922,1.728,3.02,否,1.34,2.735,-0.393,0.929,-0.588,否,92266700,48347250,2825206354.0,1480392795.0,61.834618,2.574269,1.469181,29.9,30.01,29.97,30.04,31.19,28.8,26.84,2023-10-31,-
2025-10-22,301555,惠柏新材,化学制品,30.21,31.3,30.18,30.8,30.18,2961341,91767064.55,6.1251,1.208,3.69,否,1.41,4.584,3.949,1.583,1.05,否,92266700,48347250,2859345033.0,1498281277.5,62.581804,2.605375,1.486934,30.04,30.06,29.98,30.06,31.2,28.88,26.86,2023-10-31,-
2025-10-23,301555,惠柏新材,化学制品,30.85,32.87,30.6,32.19,30.6,6594640,211230146.19,13.6402,4.518,7.39,否,2.8,7.623,7.05,6.448,6.554,否,92266700,48347250,2988518413.0,1565967427.5,65.408991,2.723075,1.554108,30.56,30.25,30.04,30.15,31.26,28.96,26.88,2023-10-31,-
2025-10-24,301555,惠柏新材,化学制品,32.02,33.15,31.82,32.5,31.82,6456921,211927278.71,13.3553,0.957,4.14,否,1.95,6.802,9.723,8.805,4.906,否,92266700,48347250,3017121090.0,1580955075.0,66.035011,2.749138,1.568982,31.17,30.52,30.16,30.26,31.31,29.05,26.91,2023-10-31,-
2025-10-27,301555,惠柏新材,化学制品,32.37,33.35,32.13,33.08,32.13,5936492,196546024.44,12.2789,1.804,3.76,否,1.43,7.403,12.326,8.282,8.852,否,92266700,48347250,3071558443.0,1609479952.5,67.226468,2.79874,1.597291,31.8,30.77,30.32,30.36,31.38,29.15,26.93,2023-10-31,-
2025-10-28,301555,惠柏新材,化学制品,32.81,33.84,32.79,33.67,32.79,6296511,210797772.33,13.0235,1.772,3.15,否,1.28,4.598,12.571,13.635,11.159,否,92266700,48347250,3125995796.0,1638004830.0,68.417925,2.848342,1.6256,32.45,31.17,30.53,30.47,31.45,29.24,26.96,2023-10-31,-
2025-10-29,301555,惠柏新材,化学制品,33.29,33.39,32.65,33.03,32.65,3927200,130431419.08,8.1229,-1.889,2.21,否,0.7,1.631,8.544,9.844,7.941,否,92266700,48347250,3066945108.0,1607062590.0,67.125497,2.794536,1.594892,32.89,31.47,30.73,30.55,31.5,29.32,26.99,2023-10-31,-
2025-10-30,301555,惠柏新材,化学制品,33.66,33.68,32.36,32.39,32.36,5364751,178228531.52,11.0963,-1.956,4.0,否,0.92,-2.086,5.162,9.352,4.72,否,92266700,48347250,3006971753.0,1575636877.5,40.780772,2.677728,1.411442,32.93,31.75,30.88,30.62,31.51,29.39,27.0,2023-10-31,-
2025-10-31,301555,惠柏新材,化学制品,32.4,33.18,32.32,32.81,32.32,3803600,125472077.84,7.8673,1.319,2.67,否,0.68,-2.554,1.926,11.409,8.678,否,92266700,48347250,3046646434.0,1596426195.0,41.318843,2.713058,1.430065,33.0,32.08,31.05,30.69,31.51,29.46,27.02,2023-10-31,-
2025-11-03,301555,惠柏新材,化学制品,32.77,33.07,31.93,32.6,31.93,3466176,113009437.56,7.1693,-0.666,3.48,否,0.68,-1.302,0.308,8.994,9.469,否,92266700,48347250,3026347760.0,1585789800.0,41.043551,2.694982,1.420537,32.9,32.35,31.17,30.76,31.49,29.52,27.03,2023-10-31,-
2025-11-04,301555,惠柏新材,化学制品,32.46,33.73,32.31,33.19,32.31,4809757,159843274.55,9.9484,1.829,4.36,否,1.05,2.47,0.333,9.07,12.394,否,92266700,48347250,3081707780.0,1614798150.0,41.794347,2.744281,1.446523,32.8,32.63,31.32,30.86,31.5,29.59,27.05,2023-10-31,-
2025-11-05,301555,惠柏新材,化学制品,33.09,33.94,32.71,33.52,32.71,4041540,135897939.76,8.3594,0.988,3.71,否,0.95,2.164,-0.446,8.831,15.786,否,92266700,48347250,3112155791.0,1630752742.5,42.207285,2.771395,1.460815,32.9,32.9,31.48,30.95,31.5,29.67,27.07,2023-10-31,-
2025-11-06,301555,惠柏新材,化学制品,33.48,34.15,32.89,33.74,32.89,4038476,136243987.54,8.3531,0.652,3.74,否,0.94,3.497,2.15,4.815,14.684,否,92266700,48347250,3132454465.0,1641389137.5,42.482578,2.789471,1.470343,33.17,33.05,31.65,31.05,31.51,29.74,27.09,2023-10-31,-
2025-11-07,301555,惠柏新材,化学制品,33.47,34.27,32.97,33.0,32.97,4638954,156175546.44,9.5951,-2.18,3.83,否,1.15,-0.572,1.883,1.538,11.637,否,92266700,48347250,3064177107.0,1605612172.5,41.556595,2.72867,1.438294,33.21,33.1,31.81,31.14,31.49,29.81,27.11,2023-10-31,-
2025-11-10,301555,惠柏新材,化学制品,33.3,33.94,32.79,33.45,32.79,2924928,98165110.84,6.0498,1.355,3.46,否,0.7,-0.209,1.951,1.119,10.762,否,92266700,48347250,3105697122.0,1627368435.0,42.119693,2.765643,1.457783,33.38,33.14,31.95,31.26,31.47,29.87,27.14,2023-10-31,-
2025-11-11,301555,惠柏新材,化学制品,33.48,34.15,33.32,33.54,33.32,2934130,99726079.66,6.0689,0.267,2.47,否,0.72,-0.593,2.883,-0.386,11.244,否,92266700,48347250,3114001125.0,1631719687.5,42.232312,2.773038,1.461681,33.45,33.13,32.15,31.4,31.46,29.94,27.16,2023-10-31,-
2025-11-12,301555,惠柏新材,化学制品,33.51,34.76,33.3,34.24,33.3,6126781,211085213.53,12.6724,2.074,4.36,否,1.65,3.758,3.164,3.663,12.929,否,92266700,48347250,3178587815.0,1665562762.5,43.108241,2.830553,1.491997,33.59,33.25,32.36,31.57,31.48,30.01,27.2,2023-10-31,-
2025-11-13,301555,惠柏新材,化学制品,34.16,34.37,33.47,33.93,33.47,3692752,126081191.48,7.638,-0.9,2.64,否,0.89,1.435,1.223,4.755,12.202,否,92266700,48347250,3149985138.0,1650575115.0,42.72033,2.805082,1.478571,33.63,33.4,32.57,31.72,31.49,30.07,27.23,2023-10-31,-
2025-11-14,301555,惠柏新材,化学制品,33.65,34.33,33.49,33.57,33.49,3669301,124824565.27,7.5895,-1.055,2.49,否,0.9,0.089,-0.504,2.316,12.387,否,92266700,48347250,3116769126.0,1633170105.0,42.269852,2.775503,1.46298,33.75,33.48,32.78,31.86,31.5,30.13,27.25,2023-10-31,-
2025-11-17,301555,惠柏新材,化学制品,33.86,34.08,33.06,33.34,33.06,2738854,91971076.08,5.665,-0.681,3.02,否,0.71,-2.629,1.03,2.27,9.133,否,92266700,48347250,3095547785.0,1622050237.5,41.982047,2.756605,1.453019,33.72,33.55,32.95,31.96,31.49,30.2,27.28,2023-10-31,-
2025-11-18,301555,惠柏新材,化学制品,33.14,33.39,32.83,33.09,32.83,2030900,67421708.0,4.2007,-0.745,1.67,否,0.53,-2.476,-1.076,-0.301,11.677,否,92266700,48347250,3072481110.0,1609963425.0,41.669215,2.736064,1.442192,33.63,33.54,33.08,32.06,31.48,30.26,27.3,2023-10-31,-
2025-11-19,301555,惠柏新材,化学制品,33.09,33.09,32.22,32.35,32.22,2016400,65836743.0,4.1707,-2.252,2.64,否,0.55,-3.634,-3.548,-3.49,7.582,否,92266700,48347250,3003281085.0,1573702987.5,40.730719,2.674441,1.40971,33.26,33.43,33.16,32.13,31.47,30.32,27.32,2023-10-31,-
2025-11-20,301555,惠柏新材,化学制品,33.08,34.56,33.08,33.66,33.08,6332386,216578496.32,13.0977,4.055,4.58,否,2.24,0.96,-1.694,-0.237,13.639,否,92266700,48347250,3125073129.0,1637521357.5,42.382471,2.782898,1.466878,33.2,33.42,33.24,32.24,31.49,30.38,27.34,2023-10-31,-
2025-11-21,301555,惠柏新材,化学制品,32.79,33.96,31.57,31.57,31.57,5079300,166766496.97,10.5059,-6.2,7.09,否,1.51,-4.594,-6.955,-4.333,7.199,否,92266700,48347250,2931313059.0,1535992132.5,39.754683,2.610353,1.375929,32.8,33.27,33.19,32.3,31.46,30.43,27.36,2023-10-31,-
2025-11-24,301555,惠柏新材,化学制品,31.7,32.38,31.28,31.71,31.28,2286726,73022868.56,4.7298,0.441,3.46,否,0.63,-1.978,-5.541,-5.202,6.018,否,92266700,48347250,2944230397.0,1542760747.5,39.929869,2.621856,1.381992,32.48,33.1,33.12,32.34,31.45,30.48,27.37,2023-10-31,-
2025-11-25,301555,惠柏新材,化学制品,31.87,32.54,31.8,31.99,31.8,2047700,66246125.0,4.2354,0.878,2.32,否,0.58,-4.961,-4.049,-4.621,5.127,否,92266700,48347250,2970065073.0,1556297977.5,40.280241,2.644862,1.394119,32.26,32.95,33.04,32.41,31.41,30.54,27.39,2023-10-31,-
2025-11-26,301555,惠柏新材,化学制品,32.0,32.35,31.54,31.6,31.54,1659192,53373246.8,3.4318,-1.212,2.52,否,0.47,0.095,-4.503,-7.71,2.597,否,92266700,48347250,2934081060.0,1537442550.0,39.792223,2.612818,1.377228,32.11,32.68,32.96,32.47,31.37,30.58,27.41,2023-10-31,-
2025-11-27,301555,惠柏新材,化学制品,31.69,32.77,31.47,32.42,31.47,2102500,68329957.0,4.3487,2.579,4.12,否,0.6,2.239,0.216,-4.45,0.715,否,92266700,48347250,3009739754.0,1577087295.0,40.818312,2.680193,1.412742,31.86,32.53,32.97,32.56,31.38,30.64,27.44,2023-10-31,-
2025-11-28,301555,惠柏新材,化学制品,32.16,32.59,32.16,32.44,32.16,1291100,42124489.0,2.6705,0.061,1.32,否,0.49,1.407,-3.624,-3.366,-0.185,否,92266700,48347250,3011585088.0,1578054240.0,40.843338,2.681836,1.413608,32.03,32.42,32.95,32.66,31.39,30.69,27.46,2023-10-31,-
2025-12-01,301555,惠柏新材,化学制品,32.58,32.77,31.99,31.99,31.99,1735600,56419661.0,3.5899,-1.379,2.42,否,0.92,1.234,1.33,-4.049,-3.295,否,92266700,48347250,2970065073.0,1556297977.5,40.280241,2.644862,1.394119,32.09,32.28,32.92,32.73,31.41,30.74,27.48,2023-10-31,-
2025-12-02,301555,惠柏新材,化学制品,31.99,32.13,31.45,31.52,31.45,1339100,42744429.0,2.7698,-1.46,2.11,否,0.76,-2.776,-0.599,-4.745,-6.386,否,92266700,48347250,2926699724.0,1533574770.0,39.692117,2.606245,1.373763,31.99,32.13,32.83,32.76,31.4,30.79,27.49,2023-10-31,-
2025-12-03,301555,惠柏新材,化学制品,31.6,31.65,30.72,30.94,30.72,1643604,51275149.92,3.3996,-1.86,2.96,否,1.01,-4.624,-3.282,-4.359,-6.328,否,92266700,48347250,2872262371.0,1505049892.5,38.953833,2.557768,1.348211,31.86,31.98,32.7,32.77,31.42,30.83,27.51,2023-10-31,-
2025-12-04,301555,惠柏新材,化学制品,30.89,30.94,30.16,30.36,30.16,1329500,40746288.4,2.7499,-1.863,2.51,否,0.82,-5.095,-3.924,-9.804,-6.267,否,92266700,48347250,2818747685.0,1477008487.5,38.228063,2.510113,1.323092,31.45,31.65,32.54,32.71,31.43,30.86,27.53,2023-10-31,-
2025-12-05,301555,惠柏新材,化学制品,30.44,30.99,29.96,30.94,29.96,1213700,37372301.0,2.5104,1.899,3.37,否,0.83,-1.84,-4.565,-1.996,-5.699,否,92266700,48347250,2872262371.0,1505049892.5,38.953833,2.557768,1.348211,31.15,31.59,32.43,32.66,31.46,30.9,27.55,2023-10-31,-
2025-12-08,301555,惠柏新材,化学制品,31.1,31.79,30.95,31.39,30.95,1259632,39919224.92,2.6054,1.478,2.73,否,0.87,1.454,-3.237,-1.009,-3.712,否,92266700,48347250,2914705053.0,1527289627.5,39.529444,2.595564,1.368133,31.03,31.56,32.33,32.6,31.48,30.95,27.57,2023-10-31,-
2025-12-09,301555,惠柏新材,化学制品,31.38,31.65,31.05,31.19,31.05,1038646,32802027.22,2.1483,-0.633,1.93,否,0.77,2.734,-2.501,-2.501,-6.026,否,92266700,48347250,2896251713.0,1517620177.5,39.279179,2.579131,1.359471,30.96,31.48,32.21,32.52,31.49,30.99,27.59,2023-10-31,-
2025-12-10,301555,惠柏新材,化学制品,31.15,31.43,30.84,30.9,30.84,1222589,38212563.43,2.5288,-0.956,1.91,否,0.94,-0.129,-1.967,-2.215,-7.816,否,92266700,48347250,2868571703.0,1503116002.5,38.90378,2.554482,1.346479,30.96,31.41,32.05,32.45,31.5,31.03,27.61,2023-10-31,-
2025-12-11,301555,惠柏新材,化学制品,30.91,31.74,30.55,30.79,30.55,1826420,57212091.8,3.7777,-0.354,3.86,否,1.51,-1.911,-0.485,-5.028,-8.743,否,92266700,48347250,2858422366.0,1497797805.0,38.766134,2.545444,1.341715,31.04,31.25,31.89,32.39,31.51,31.07,27.62,2023-10-31,-
2025-12-12,301555,惠柏新材,化学制品,30.78,31.65,30.61,30.81,30.61,1681720,52718291.2,3.4784,0.065,3.39,否,1.28,-1.218,1.482,-5.025,-6.636,否,92266700,48347250,2860267700.0,1498764750.0,38.791161,2.547087,1.342581,31.02,31.08,31.75,32.33,31.51,31.09,27.64,2023-10-31,-
2025-12-15,301555,惠柏新材,化学制品,30.8,31.16,30.36,30.51,30.36,1607924,49558858.2,3.3258,-0.968,2.61,否,1.14,-1.262,-1.39,-4.626,-8.789,否,92266700,48347250,2832587690.0,1484260575.0,38.415762,2.522438,1.329588,30.84,30.94,31.61,32.26,31.51,31.12,27.65,2023-10-31,-
2025-12-16,301555,惠柏新材,化学制品,30.51,30.61,29.57,29.71,29.57,1440913,43274455.26,2.9803,-2.606,3.39,否,0.98,-3.508,-5.352,-5.742,-11.419,否,92266700,48347250,2758774330.0,1445582775.0,37.4147,2.456706,1.294941,30.54,30.75,31.44,32.14,31.5,31.14,27.66,2023-10-31,-
2025-12-17,301555,惠柏新材,化学制品,29.82,30.34,29.14,30.27,29.14,1619284,48496500.31,3.3493,1.873,4.05,否,1.04,-1.753,-2.95,-2.165,-11.595,否,92266700,48347250,2810443682.0,1472657235.0,38.115444,2.502718,1.319194,30.42,30.69,31.34,32.03,31.49,31.16,27.67,2023-10-31,-
2025-12-18,301555,惠柏新材,化学制品,30.17,31.0,29.8,30.37,29.8,1319763,40606486.28,2.7298,0.328,3.94,否,0.81,-0.459,-1.715,0.033,-10.492,否,92266700,48347250,2819670352.0,1477491960.0,38.240576,2.510935,1.323525,30.33,30.69,31.17,31.92,31.48,31.19,27.69,2023-10-31,-
2025-12-19,301555,惠柏新材,化学制品,30.52,31.26,30.45,31.18,30.45,1498245,46694281.65,3.0989,2.683,2.68,否,0.98,4.948,1.267,0.776,-7.119,否,92266700,48347250,2895329046.0,1517136705.0,39.266665,2.578309,1.359038,30.41,30.71,31.15,31.86,31.5,31.22,27.7,2023-10-31,-
2025-12-22,301555,惠柏新材,化学制品,31.19,32.76,31.12,31.93,31.12,2848300,91832560.0,5.8913,2.39,5.29,否,1.9,5.484,3.635,1.72,-4.229,否,92266700,48347250,2964529071.0,1553397142.5,40.205161,2.639932,1.39152,30.69,30.77,31.16,31.81,31.54,31.26,27.71,2023-10-31,-
2025-12-23,301555,惠柏新材,化学制品,31.8,32.39,31.63,32.03,31.63,1677324,53923251.84,3.4693,0.311,2.37,否,0.96,5.466,4.982,2.693,-3.203,否,92266700,48347250,2973755741.0,1558231867.5,40.330294,2.648149,1.395851,31.16,30.85,31.16,31.76,31.58,31.29,27.73,2023-10-31,-
2025-12-24,301555,惠柏新材,化学制品,32.18,32.46,31.7,32.35,31.7,2283400,73957279.0,4.7229,0.993,2.36,否,1.27,3.752,8.886,4.693,0.0,否,92266700,48347250,3003281085.0,1573702987.5,40.730719,2.674441,1.40971,31.57,31.0,31.2,31.7,31.63,31.33,27.74,2023-10-31,-
2025-12-25,301555,惠柏新材,化学制品,32.4,32.89,32.15,32.78,32.15,1747984,57279380.72,3.6155,1.352,2.3,否,0.91,2.662,8.292,6.463,-2.614,否,92266700,48347250,3043878433.0,1594975777.5,41.281303,2.710593,1.428766,32.05,31.19,31.22,31.66,31.69,31.36,27.76,2023-10-31,-
2025-12-26,301555,惠柏新材,化学制品,32.79,33.29,32.35,32.44,32.35,2086100,68615833.0,4.3148,-1.061,2.88,否,1.04,1.28,6.816,5.29,2.756,否,92266700,48347250,3011585088.0,1578054240.0,40.843338,2.681836,1.413608,32.31,31.36,31.22,31.62,31.74,31.4,27.79,2023-10-31,-
2025-12-29,301555,惠柏新材,化学制品,32.44,33.08,32.15,32.92,32.15,3114095,102710780.14,6.4411,1.501,2.88,否,1.46,1.762,5.581,7.899,3.816,否,92266700,48347250,3056795771.0,1601744392.5,41.456489,2.722096,1.434829,32.5,31.6,31.27,31.61,31.78,31.45,27.82,2023-10-31,-
2025-12-30,301555,惠柏新材,化学制品,32.75,33.57,32.47,33.12,32.47,3165400,105430922.0,6.5472,0.604,3.35,否,1.45,1.037,3.727,11.478,3.532,否,92266700,48347250,3075249111.0,1611413842.5,41.706754,2.738529,1.443491,32.72,31.94,31.35,31.61,31.83,31.5,27.85,2023-10-31,-
2025-12-31,301555,惠柏新材,化学制品,33.08,33.95,32.81,33.22,32.81,3298700,110819240.0,6.82,0.3,3.42,否,1.33,2.404,3.715,9.746,5.127,否,92266700,48347250,3084475781.0,1616248567.5,41.831887,2.746746,1.447822,32.9,32.23,31.46,31.64,31.88,31.53,27.88,2023-10-31,-
2026-01-05,301555,惠柏新材,化学制品,33.42,33.74,32.8,33.39,32.8,2624500,88005911.0,5.43,0.51,2.81,否,0.98,1.428,3.215,9.944,2.992,否,92266700,48347250,3100161120.0,1624467600.0,42.044613,2.760714,1.455184,33.02,32.54,31.61,31.63,31.93,31.56,27.91,2023-10-31,-
2026-01-06,301555,惠柏新材,化学制品,33.38,33.6,33.16,33.43,33.16,2375900,79789990.0,4.91,0.12,1.31,否,0.83,0.936,1.983,7.216,3.052,否,92266700,48347250,3103851788.0,1626401490.0,42.094666,2.764,1.456917,33.22,32.76,31.74,31.69,31.99,31.61,27.95,2023-10-31,-
2026-01-07,301555,惠柏新材,化学制品,33.43,35.92,33.12,35.13,33.12,6353400,221369671.0,13.14,5.08,8.35,否,2.18,5.75,8.292,10.022,9.816,否,92266700,48347250,3261627845.0,1709075287.5,44.234436,2.904501,1.530975,33.66,33.08,31.92,31.8,32.07,31.66,27.99,2023-10-31,-
2026-01-08,301555,惠柏新材,化学制品,35.23,36.87,34.39,35.87,34.39,5961800,212779941.0,12.33,2.11,7.06,否,1.67,7.427,8.961,11.989,13.801,否,92266700,48347250,3309606529.0,1734215857.5,44.885127,2.947226,1.553496,34.21,33.47,32.16,31.93,32.17,31.7,28.04,2023-10-31,-
2026-01-09,301555,惠柏新材,化学制品,35.98,36.32,35.4,35.92,35.4,4392900,157262849.0,9.09,0.14,2.56,否,1.07,7.448,8.454,11.036,16.096,否,92266700,48347250,3314219864.0,1736633220.0,44.947693,2.951334,1.555661,34.75,33.82,32.41,32.08,32.27,31.75,28.09,2023-10-31,-
2026-01-12,301555,惠柏新材,化学制品,35.9,37.55,35.74,36.49,35.74,4596100,168263215.0,9.51,1.59,5.04,否,1.06,3.871,9.843,11.318,20.191,否,92266700,48347250,3366811883.0,1764191152.5,45.66095,2.998168,1.580348,35.37,34.19,32.69,32.21,32.39,31.8,28.14,2023-10-31,-
2026-01-13,301555,惠柏新材,化学制品,36.54,37.47,35.84,35.98,35.84,4453400,163596217.0,9.21,-1.4,4.47,否,0.94,0.307,7.757,10.912,16.29,否,92266700,48347250,3319755866.0,1739534055.0,45.022773,2.956264,1.55826,35.88,34.55,32.95,32.33,32.49,31.84,28.19,2023-10-31,-
2026-01-14,301555,惠柏新材,化学制品,36.4,36.5,35.06,35.77,35.06,4172700,149277347.0,8.63,-0.58,4.0,否,0.81,-0.418,7.0,8.657,13.953,否,92266700,48347250,3300379859.0,1729381132.5,44.759994,2.93901,1.549165,36.01,34.83,33.22,32.46,32.59,31.88,28.24,2023-10-31,-
2026-01-15,301555,惠柏新材,化学制品,35.59,37.38,35.41,37.38,35.41,4288400,157905894.0,8.87,4.5,5.51,否,0.91,2.439,6.405,12.862,19.846,否,92266700,48347250,3448929246.0,1807220205.0,46.774632,3.071294,1.618893,36.31,35.26,33.6,32.65,32.71,31.95,28.3,2023-10-31,-
2026-01-16,301555,惠柏新材,化学制品,37.6,38.44,36.99,37.15,36.99,3547100,132800067.0,7.34,-0.62,3.88,否,0.81,3.252,3.568,11.83,20.227,否,92266700,48347250,3427707905.0,1796100337.5,46.486826,3.052396,1.608932,36.55,35.65,33.94,32.86,32.81,32.01,28.36,2023-10-31,-
2026-01-19,301555,惠柏新材,化学制品,37.2,38.3,36.83,38.05,36.83,2482000,93595459.0,5.13,2.42,3.96,否,0.59,6.374,5.93,13.956,23.579,否,92266700,48347250,3510747935.0,1839612862.5,47.613021,3.126344,1.64791,36.87,36.12,34.33,33.11,32.91,32.08,28.42,2023-10-31,-
2026-01-20,301555,惠柏新材,化学制品,37.82,38.4,37.1,37.41,37.1,3014000,113658784.0,6.23,-1.68,3.42,否,0.8,0.08,2.521,11.905,21.422,否,92266700,48347250,3451697247.0,1808670622.5,46.812172,3.073759,1.620192,37.15,36.52,34.64,33.33,32.99,32.15,28.48,2023-10-31,-
2026-01-21,301555,惠柏新材,化学制品,37.38,37.81,36.94,37.72,36.94,2157000,80849861.0,4.46,0.83,2.33,否,0.62,1.534,4.836,7.373,23.632,否,92266700,48347250,3480299924.0,1823658270.0,47.200083,3.09923,1.633618,37.54,36.77,34.93,33.54,33.07,32.23,28.54,2023-10-31,-
2026-01-22,301555,惠柏新材,化学制品,37.86,38.26,37.16,37.72,37.16,2089400,78802763.0,4.32,0.0,2.92,否,0.67,-0.867,5.451,5.158,26.961,否,92266700,48347250,3480299924.0,1823658270.0,47.200083,3.09923,1.633618,37.61,36.96,35.21,33.76,33.14,32.29,28.6,2023-10-31,-
2026-01-23,301555,惠柏新材,化学制品,37.82,38.28,37.4,38.14,37.4,2389100,90500377.0,4.94,1.11,2.33,否,0.9,1.951,2.033,6.18,25.999,否,92266700,48347250,3519051938.0,1843964115.0,47.725641,3.133739,1.651808,37.81,37.18,35.5,34.0,33.22,32.36,28.66,2023-10-31,-
2026-01-26,301555,惠柏新材,化学制品,38.14,38.19,37.08,37.24,37.08,2484500,93081463.0,5.14,-2.36,2.91,否,1.02,-1.273,0.242,2.055,22.621,否,92266700,48347250,3436011908.0,1800451590.0,46.599446,3.059791,1.612829,37.65,37.26,35.72,34.21,33.3,32.41,28.72,2023-10-31,-
2026-01-27,301555,惠柏新材,化学制品,37.33,37.46,36.01,37.11,36.01,2363500,86912693.0,4.89,-0.35,3.89,否,0.97,-1.617,-2.47,3.141,19.019,否,92266700,48347250,3424017237.0,1794166447.5,46.436773,3.04911,1.607199,37.59,37.37,35.96,34.42,33.38,32.44,28.78,2023-10-31,-
2026-01-28,301555,惠柏新材,化学制品,37.24,37.59,36.33,36.51,36.33,2483600,91255250.0,5.14,-1.62,3.4,否,1.08,-4.274,-2.406,2.069,14.344,否,92266700,48347250,3368657217.0,1765158097.5,45.685977,2.999811,1.581214,37.34,37.44,36.14,34.62,33.44,32.47,28.83,2023-10-31,-
2026-01-29,301555,惠柏新材,化学制品,36.18,36.68,35.51,36.6,35.51,2997300,108675563.0,6.2,0.25,3.2,否,1.27,-1.719,-2.969,-2.087,14.268,否,92266700,48347250,3376961220.0,1769509350.0,45.798596,3.007206,1.585112,37.12,37.37,36.31,34.85,33.5,32.5,28.89,2023-10-31,-
2026-01-30,301555,惠柏新材,化学制品,35.71,36.45,33.1,34.6,33.1,6041700,207889963.0,12.5,-5.46,9.15,否,2.38,-6.764,-8.271,-6.864,6.955,否,92266700,48347250,3192427820.0,1672814850.0,43.295941,2.842878,1.498494,36.41,37.11,36.38,35.0,33.52,32.51,28.93,2023-10-31,-
2026-02-02,301555,惠柏新材,化学制品,34.7,34.85,32.9,32.9,32.9,3808500,128567467.0,7.88,-4.91,5.64,否,1.16,-9.888,-13.739,-13.535,0.366,否,92266700,48347250,3035574430.0,1590624525.0,41.168683,2.703199,1.424868,35.54,36.6,36.36,35.08,33.5,32.5,28.97,2023-10-31,-
2026-02-03,301555,惠柏新材,化学制品,33.4,33.6,32.95,33.42,32.95,2493200,82848377.0,5.16,1.58,1.98,否,0.7,-8.689,-10.258,-10.666,3.021,否,92266700,48347250,3083553114.0,1615765095.0,41.819374,2.745924,1.447389,34.81,36.2,36.36,35.16,33.51,32.5,29.01,2023-10-31,-
2026-02-04,301555,惠柏新材,化学制品,33.42,34.76,33.15,33.73,33.15,3542200,120477012.0,7.33,0.93,4.82,否,0.99,-2.514,-9.108,-10.578,2.461,否,92266700,48347250,3112155791.0,1630752742.5,42.207286,2.771395,1.460815,34.25,35.8,36.29,35.22,33.51,32.49,29.05,2023-10-31,-
2026-02-05,301555,惠柏新材,化学制品,33.43,35.12,33.4,33.97,33.4,3276500,112308981.0,6.78,0.71,5.1,否,0.87,3.252,-6.957,-9.942,2.566,否,92266700,48347250,3134299799.0,1642356082.5,42.507604,2.791114,1.471209,33.72,35.42,36.19,35.28,33.52,32.49,29.1,2023-10-31,-
2026-02-06,301555,惠柏新材,化学制品,33.65,34.88,33.19,34.19,33.19,2166600,74273622.0,4.48,0.65,4.97,否,0.57,2.304,-6.585,-10.357,2.92,否,92266700,48347250,3154598473.0,1652992477.5,42.782896,2.80919,1.480737,33.64,35.03,36.1,35.34,33.52,32.5,29.14,2023-10-31,-
2026-02-09,301555,惠柏新材,化学制品,34.8,35.29,34.36,34.98,34.36,2994600,104498884.0,6.19,2.31,2.72,否,0.98,3.706,1.098,-6.069,4.762,否,92266700,48347250,3227489166.0,1691186805.0,43.771445,2.8741,1.514951,34.06,34.8,36.03,35.42,33.54,32.51,29.19,2023-10-31,-
2026-02-10,301555,惠柏新材,化学制品,34.98,35.46,34.67,34.88,34.67,1625300,56847273.0,3.36,-0.29,2.26,否,0.56,2.679,6.018,-6.009,4.337,否,92266700,48347250,3218262496.0,1686352080.0,43.646312,2.865884,1.51062,34.35,34.58,35.97,35.5,33.56,32.53,29.23,2023-10-31,-
2026-02-11,301555,惠柏新材,化学制品,34.98,35.4,34.71,35.0,34.71,1565000,54881978.0,3.24,0.34,1.98,否,0.58,2.369,4.728,-4.136,-0.37,否,92266700,48347250,3229334500.0,1692153750.0,43.796472,2.875743,1.515817,34.6,34.43,35.94,35.57,33.59,32.54,29.28,2023-10-31,-
2026-02-12,301555,惠柏新材,化学制品,34.92,35.89,34.46,35.41,34.46,2474600,87383878.0,5.12,1.17,4.09,否,1.06,1.229,4.981,-3.251,-1.282,否,92266700,48347250,3267163847.0,1711976122.5,44.309516,2.909431,1.533574,34.89,34.31,35.84,35.64,33.62,32.55,29.32,2023-10-31,-
2026-02-13,301555,惠柏新材,化学制品,35.63,39.3,35.44,38.29,35.44,7760700,292525214.0,16.05,8.13,10.9,否,3.58,9.776,12.717,10.665,6.598,否,92266700,48347250,3532891943.0,1851216202.5,47.91334,3.146063,1.658304,35.71,34.68,35.89,35.81,33.72,32.6,29.38,2023-10-31,-
2026-02-24,301555,惠柏新材,化学制品,38.22,39.28,37.49,38.89,37.49,7983000,307566415.0,16.51,1.57,4.67,否,2.43,11.114,13.747,18.207,6.577,否,92266700,48347250,3588251963.0,1880224552.5,48.664137,3.195362,1.684289,36.49,35.28,35.94,36.0,33.81,32.65,29.44,2023-10-31,-
2026-02-25,301555,惠柏新材,化学制品,38.81,38.81,37.89,38.07,37.89,5587400,213124717.0,11.56,-2.11,2.37,否,1.3,7.512,8.834,13.914,5.809,否,92266700,48347250,3512593269.0,1840579807.5,47.638048,3.127987,1.648776,37.13,35.74,35.97,36.15,33.92,32.69,29.49,2023-10-31,-
2026-02-26,301555,惠柏新材,化学制品,38.1,39.89,37.7,39.07,37.7,8172800,318245406.0,16.9,2.63,5.75,否,1.61,2.037,12.013,15.832,9.226,否,92266700,48347250,3604859969.0,1888927057.5,48.889376,3.210151,1.692085,37.95,36.28,36.04,36.28,34.04,32.75,29.56,2023-10-31,-
2026-02-27,301555,惠柏新材,化学制品,38.79,38.81,38.11,38.67,38.11,4571400,176047705.0,9.46,-1.02,1.79,否,0.71,-0.566,10.486,13.836,3.451,否,92266700,48347250,3567953289.0,1869588157.5,48.388845,3.177286,1.674761,38.6,36.75,36.08,36.38,34.15,32.78,29.61,2023-10-31,-
2026-03-02,301555,惠柏新材,化学制品,37.9,38.19,36.5,36.7,36.5,5366900,198983216.0,11.1,-5.09,4.37,否,0.79,-3.599,3.643,7.341,-1.211,否,92266700,48347250,3386187890.0,1774344075.0,45.923729,3.015422,1.589443,38.28,37.0,36.01,36.4,34.24,32.81,29.67,2023-10-31,-
2026-03-03,301555,惠柏新材,化学制品,36.92,37.38,34.92,34.95,34.92,4307900,154464361.0,8.91,-4.77,6.7,否,0.68,-10.545,-8.723,-0.086,-8.147,否,92266700,48347250,3224721165.0,1689736387.5,43.733905,2.871635,1.513652,37.49,36.99,35.9,36.35,34.28,32.83,29.71,2023-10-31,-
2026-03-04,301555,惠柏新材,化学制品,34.3,35.66,34.28,34.91,34.28,2694000,94497648.0,5.57,-0.11,3.95,否,0.48,-9.723,-10.234,0.086,-6.683,否,92266700,48347250,3221030497.0,1687802497.5,43.683852,2.868349,1.511919,36.86,37.0,35.79,36.31,34.32,32.86,29.76,2023-10-31,-
2026-03-05,301555,惠柏新材,化学制品,35.93,38.5,35.71,37.57,35.71,6925400,260144362.0,14.32,7.62,7.99,否,1.38,2.371,-1.313,7.343,-0.398,否,92266700,48347250,3466459919.0,1816406182.5,47.012384,3.086905,1.627121,36.56,37.25,35.84,36.37,34.41,32.91,29.81,2023-10-31,-
2026-03-06,301555,惠柏新材,化学制品,37.44,38.65,37.14,38.49,37.14,5929400,226284265.0,12.26,2.45,4.02,否,1.24,10.129,-1.485,8.698,2.041,否,92266700,48347250,3551345283.0,1860885652.5,48.163606,3.162496,1.666966,36.52,37.56,35.93,36.41,34.53,32.97,29.86,2023-10-31,-
2026-03-09,301555,惠柏新材,化学制品,38.12,38.83,37.79,38.4,37.79,4288900,164172478.0,8.87,-0.23,2.7,否,0.85,9.997,-0.698,0.287,0.682,否,92266700,48347250,3543041280.0,1856534400.0,48.050986,3.155101,1.663068,36.86,37.57,36.12,36.45,34.66,33.04,29.92,2023-10-31,-
2026-03-10,301555,惠柏新材,化学制品,38.7,40.18,38.38,39.72,38.38,5211000,205791774.0,10.78,3.44,4.69,否,1.08,5.723,8.229,2.134,6.66,否,92266700,48347250,3664833324.0,1920352770.0,49.702739,3.263558,1.720236,37.82,37.66,36.47,36.51,34.81,33.12,29.98,2023-10-31,-
2026-03-11,301555,惠柏新材,化学制品,39.88,41.87,39.88,40.76,39.88,6852900,279709139.0,14.17,2.62,5.01,否,1.37,5.898,16.624,7.066,9.836,否,92266700,48347250,3760790692.0,1970633910.0,51.00412,3.349008,1.765277,38.99,37.92,36.83,36.62,34.97,33.22,30.03,2023-10-31,-
2026-03-12,301555,惠柏新材,化学制品,40.78,41.3,40.01,40.25,40.01,3832200,154406172.0,7.93,-1.25,3.16,否,0.66,4.818,15.296,3.02,10.244,否,92266700,48347250,3713734675.0,1945976812.5,50.365943,3.307105,1.74319,39.52,38.04,37.16,36.7,35.12,33.3,30.09,2023-10-31,-
2026-03-13,301555,惠柏新材,化学制品,40.24,42.7,39.9,41.26,39.9,6603400,273496452.0,13.66,2.51,6.96,否,1.26,3.877,9.822,6.698,12.732,否,92266700,48347250,3806924042.0,1994807535.0,51.629784,3.390091,1.786932,40.08,38.3,37.52,36.82,35.29,33.39,30.16,2023-10-31,-
2026-03-16,301555,惠柏新材,化学制品,40.85,41.0,40.26,40.78,40.26,3852200,156224206.0,7.97,-1.16,1.79,否,0.72,0.049,5.95,11.117,17.861,否,92266700,48347250,3762636026.0,1971600855.0,51.029146,3.350652,1.766144,40.55,38.71,37.85,36.91,35.46,33.48,30.22,2023-10-31,-
2026-03-17,301555,惠柏新材,化学制品,40.61,43.68,40.61,41.49,40.61,7678500,324519161.0,15.88,1.74,7.53,否,1.46,3.081,8.047,18.712,26.109,否,92266700,48347250,3828145383.0,2005927402.5,51.917589,3.408988,1.796893,40.91,39.36,38.18,37.05,35.63,33.57,30.29,2023-10-31,-
2026-03-18,301555,惠柏新材,化学制品,41.49,42.4,40.6,41.35,40.6,5410200,223208916.0,11.19,-0.34,4.34,否,0.94,0.218,4.104,18.447,23.728,否,92266700,48347250,3815228045.0,1999158787.5,51.742403,3.397485,1.79083,41.03,40.01,38.5,37.19,35.81,33.66,30.35,2023-10-31,-
2026-03-19,301555,惠柏新材,化学制品,39.5,39.77,37.5,37.77,37.5,7063600,272188871.0,14.61,-8.66,5.49,否,1.29,-7.381,-7.336,0.532,11.977,否,92266700,48347250,3484913259.0,1826075632.5,47.26265,3.103338,1.635783,40.53,40.03,38.64,37.24,35.93,33.72,30.4,2023-10-31,-
2026-03-20,301555,惠柏新材,化学制品,38.08,38.68,36.2,36.3,36.2,4269200,159258118.0,8.83,-3.89,6.57,否,0.7,-12.509,-9.814,-5.69,6.859,否,92266700,48347250,3349281210.0,1755005175.0,45.423198,2.982557,1.572119,39.54,39.81,38.68,37.23,36.04,33.77,30.44,2023-10-31,-
2026-03-23,301555,惠柏新材,化学制品,35.52,35.98,33.26,33.55,33.26,4645100,159867520.0,9.61,-7.58,7.49,否,0.82,-18.863,-18.686,-12.63,-1.872,否,92266700,48347250,3095547785.0,1622050237.5,41.982047,2.756605,1.453019,38.09,39.32,38.45,37.19,36.09,33.79,30.48,2023-10-31,-
2026-03-24,301555,惠柏新材,化学制品,34.54,35.27,33.72,35.19,33.72,3645000,125486264.0,7.54,4.89,4.62,否,0.63,-6.831,-13.708,-11.405,0.6,否,92266700,48347250,3246865173.0,1701339727.5,44.034224,2.891354,1.524046,36.83,38.87,38.26,37.27,36.17,33.83,30.52,2023-10-31,-
2026-03-25,301555,惠柏新材,化学制品,35.7,37.18,35.38,35.66,35.38,3072000,111173294.0,6.35,1.34,5.12,否,0.61,-1.763,-14.052,-12.512,2.236,否,92266700,48347250,3290230522.0,1724062935.0,44.622348,2.929972,1.544401,35.69,38.36,38.14,37.34,36.25,33.87,30.56,2023-10-31,-
2026-03-26,301555,惠柏新材,化学制品,35.91,35.98,33.65,33.88,33.65,3102300,107164593.0,6.42,-4.99,6.53,否,0.68,0.984,-18.065,-15.826,-3.2,否,92266700,48347250,3125995796.0,1638004830.0,42.394985,2.78372,1.467311,34.92,37.72,37.88,37.35,36.28,33.91,30.59,2023-10-31,-
2026-03-27,301555,惠柏新材,化学制品,33.58,34.66,33.18,34.25,33.18,2436300,82821612.0,5.04,1.09,4.37,否,0.65,-2.671,-9.32,-16.99,-3.276,否,92266700,48347250,3160134475.0,1655893312.5,42.857976,2.81412,1.483335,34.51,37.02,37.66,37.36,36.32,33.95,30.63,2023-10-31,-
2026-03-30,301555,惠柏新材,化学制品,33.9,34.07,33.15,33.9,33.15,2279700,76584013.0,4.72,-1.02,2.69,否,0.67,-4.936,-6.612,-16.871,-11.465,否,92266700,48347250,3127841130.0,1638971775.0,42.420011,2.785363,1.468177,34.58,36.33,37.52,37.35,36.34,33.99,30.66,2023-10-31,-
2026-03-31,301555,惠柏新材,化学制品,33.88,33.96,32.15,32.22,32.15,2617700,86306285.0,5.41,-4.96,5.34,否,0.9,-4.9,-3.964,-22.343,-17.151,否,92266700,48347250,2972833074.0,1557748395.0,40.317781,2.647327,1.395418,33.98,35.41,37.39,37.25,36.34,34.01,30.69,2023-10-31,-
2026-04-01,301555,惠柏新材,化学制品,33.0,33.53,32.9,33.19,32.9,2147400,71286507.0,4.44,3.01,1.96,否,0.79,-3.095,-5.683,-19.734,-12.818,否,92266700,48347250,3062331773.0,1604645227.5,41.531569,2.727026,1.437428,33.49,34.59,37.3,37.2,36.35,34.04,30.72,2023-10-31,-
2026-04-02,301555,惠柏新材,化学制品,33.18,33.37,32.1,32.34,32.1,1741600,56888785.0,3.6,-2.56,3.83,否,0.69,-4.602,-9.31,-14.376,-17.225,否,92266700,48347250,2983905078.0,1563550065.0,40.46794,2.657187,1.400615,33.18,34.05,37.04,37.11,36.34,34.06,30.75,2023-10-31,-
2026-04-03,301555,惠柏新材,化学制品,32.5,32.76,31.2,31.43,31.2,1680200,53096625.0,3.48,-2.81,4.82,否,0.75,-2.452,-7.231,-13.416,-18.723,否,92266700,48347250,2899942381.0,1519554067.5,39.329232,2.582417,1.361204,32.62,33.56,36.68,36.98,36.31,34.07,30.78,2023-10-31,-
2026-04-07,301555,惠柏新材,化学制品,31.43,32.85,31.43,32.73,31.43,2057600,66878796.0,4.26,4.14,4.52,否,0.98,-1.386,-4.438,-2.444,-10.817,否,92266700,48347250,3019889091.0,1582405492.5,40.955958,2.689231,1.417506,32.38,33.48,36.4,36.79,36.3,34.09,30.81,2023-10-31,-
2026-04-08,301555,惠柏新材,化学制品,33.54,34.32,33.41,34.31,33.41,2206700,74713096.0,4.56,4.83,2.78,否,1.08,6.092,1.209,-2.501,-1.831,否,92266700,48347250,3165670477.0,1658794147.5,42.933056,2.81905,1.485934,32.8,33.39,36.13,36.64,36.32,34.13,30.85,2023-10-31,-
2026-04-09,301555,惠柏新材,化学制品,33.94,34.06,33.47,33.66,33.47,1924100,64872580.0,3.98,-1.89,1.72,否,0.98,7.095,4.469,-5.609,-3.581,否,92266700,48347250,3105697122.0,1627368435.0,42.119693,2.765643,1.457783,32.89,33.19,35.78,36.49,36.32,34.16,30.88,2023-10-31,-
2026-04-10,301555,惠柏新材,化学制品,33.99,34.8,33.83,33.9,33.83,1762800,60412082.0,3.65,0.71,2.88,否,0.92,3.575,2.139,0.059,-9.768,否,92266700,48347250,3127841130.0,1638971775.0,42.420011,2.785363,1.468177,33.21,33.19,35.46,36.32,36.3,34.18,30.92,2023-10-31,-
2026-04-13,301555,惠柏新材,化学制品,33.56,34.45,33.36,34.35,34.35,1520900,52242915.0,3.1459,,,否,,,,,,否,92266700,48344750,3169361145.0,1660642162.5,,,,33.79,33.203,35.1125,36.17533333333333,36.275333333333336,34.22416666666667,30.96456,2023-10-31,-
2026-04-14,301555,惠柏新材,化学制品,34.8,35.94,34.34,35.28,35.28,2790100,98434728.0,5.7713,,,否,,,,,,否,92266700,48344750,3255169176.0,1705602780.0,,,,34.3,33.340999999999994,34.8375,36.128,36.26466666666667,34.26758333333333,31.00868,2023-10-31,-
2026-04-15,301555,惠柏新材,化学制品,35.45,36.45,34.95,35.66,35.66,2715600,96838296.0,5.6172,,,否,,,,,,否,92266700,48344750,3290230522.0,1723973785.0,,,,34.57,33.685,34.546,36.15166666666666,36.250833333333325,34.31791666666666,31.053999999999995,2023-10-31,-
2026-04-16,301555,惠柏新材,化学制品,35.64,36.16,35.2,36.13,36.13,1986800,71783084.0,4.1096,,,否,,,,,,否,92266700,48344750,3333595871.0,1746695817.5,,,,35.064,33.979,34.285000000000004,36.19233333333333,36.25333333333333,34.373583333333336,31.1024,2023-10-31,-
2026-04-17,301555,惠柏新材,化学制品,36.05,37.16,35.86,36.88,36.88,2371300,87453544.0,4.905,,,否,,,,,,否,92266700,48344750,3402795896.0,1782954380.0,,,,35.660000000000004,34.433,34.240500000000004,36.16933333333334,36.27183333333333,34.431666666666665,31.1716,2023-10-31,-
2026-04-20,301555,惠柏新材,化学制品,36.53,38.52,36.4,37.21,37.21,2970100,110517421.0,6.1436,,,否,,,,,,否,92266700,48344750,3433243907.0,1798908147.5,,,,36.232000000000006,35.011,34.285999999999994,36.126666666666665,36.269,34.488166666666665,31.23812,2023-10-31,-
2026-04-21,301555,惠柏新材,化学制品,37.2,37.7,36.38,37.22,37.22,2423900,90217558.0,5.0138,,,否,,,,,,否,92266700,48344750,3434166574.0,1799391595.0,,,,36.620000000000005,35.46,34.4695,36.087333333333326,36.27016666666666,34.541666666666664,31.3034,2023-10-31,-
2026-04-22,301555,惠柏新材,化学制品,37.0,37.68,36.51,37.48,37.48,2193900,82227372.0,4.538,,,否,,,,,,否,92266700,48344750,3458155916.0,1811961230.0,,,,36.984,35.777,34.584,36.01266666666666,36.260666666666665,34.58575,31.36844,2023-10-31,-
2026-04-23,301555,惠柏新材,化学制品,37.48,37.49,36.0,36.11,36.11,2266200,81832482.0,4.6876,,,否,,,,,,否,92266700,48344750,3331750537.0,1745728922.5,,,,36.98,36.022,34.6065,35.85766666666667,36.239,34.61583333333333,31.42752,2023-10-31,-
2026-04-24,301555,惠柏新材,化学制品,36.21,36.31,35.2,35.65,35.65,1816700,64765355.0,3.7578,,,否,,,,,,否,92266700,48344750,3289307855.0,1723490337.5,,,,36.734,36.197,34.695,35.70433333333333,36.2045,34.63725,31.48368,2023-10-31,-
2026-04-27,301555,惠柏新材,化学制品,35.69,36.59,35.18,36.42,36.42,2471800,90022956.0,5.1129,,,否,,,,,,否,92266700,48344750,3360353214.0,1760715795.0,,,,36.576,36.404,34.8035,35.543,36.182833333333335,34.66016666666667,31.54248,2023-10-31,-
2026-04-28,301555,惠柏新材,化学制品,36.0,37.98,35.96,37.26,37.26,3834500,142873470.0,7.9316,,,否,,,,,,否,92266700,48344750,3437857242.0,1801325385.0,,,,36.584,36.602,34.9715,35.425666666666665,36.16816666666666,34.69541666666667,31.60684,2023-10-31,-
2026-04-29,301555,惠柏新材,化学制品,36.95,37.38,36.33,36.77,36.77,2707100,99540067.0,5.5996,,,否,,,,,,否,92266700,48344750,3392646559.0,1777636457.5,,,,36.44199999999999,36.713,35.199,35.26833333333333,36.16033333333333,34.73191666666666,31.66756,2023-10-31,-
2026-04-30,301555,惠柏新材,化学制品,36.99,36.99,35.88,36.17,36.17,2169400,78467198.0,4.4874,,,否,,,,,,否,92266700,48344750,3337286539.0,1748629607.5,,,,36.454,36.717,35.348,35.09566666666667,36.144666666666666,34.75991666666667,31.72676,2023-10-31,-
2026-05-06,301555,惠柏新材,化学制品,36.36,37.35,36.36,36.85,36.85,2687700,99041745.0,5.5594,,,否,,,,,,否,92266700,48344750,3400027895.0,1781504037.5,,,,36.694,36.714,35.5735,35.065000000000005,36.150333333333336,34.79533333333333,31.7874,2023-10-31,-
2026-05-07,301555,惠柏新材,化学制品,36.98,38.15,36.75,37.67,37.67,3371000,126985570.0,6.9728,,,否,,,,,,否,92266700,48344750,3475686589.0,1821146732.5,,,,36.944,36.76,35.8855,35.11066666666667,36.16816666666667,34.83266666666667,31.85064,2023-10-31,-
2026-05-08,301555,惠柏新材,化学制品,37.52,38.41,37.21,38.29,38.29,3343400,128018786.0,6.9157,,,否,,,,,,否,92266700,48344750,3532891943.0,1851120477.5,,,,37.15,36.867,36.1635,35.26866666666667,36.22966666666666,34.872416666666666,31.9154,2023-10-31,-
2026-05-11,301555,惠柏新材,化学制品,38.29,38.96,37.53,38.74,38.74,3546200,137379788.0,7.3352,,,否,,,,,,否,92266700,48344750,3574411958.0,1872875615.0,,,,37.544,36.993,36.385,35.38699999999999,36.327000000000005,34.91408333333334,31.98316,2023-10-31,-
2026-05-12,301555,惠柏新材,化学制品,38.8,38.8,37.21,37.59,37.59,2833700,106518783.0,5.8614,,,否,,,,,,否,92266700,48344750,3468305253.0,1817279152.5,,,,37.828,37.141000000000005,36.5815,35.45133333333333,36.3965,34.95233333333333,32.04628,2023-10-31,-
2026-05-13,301555,惠柏新材,化学制品,37.66,39.34,37.42,38.63,38.63,3245200,125362076.0,6.7126,,,否,,,,,,否,92266700,48344750,3564262621.0,1867557692.5,,,,38.184000000000005,37.439,36.818,35.60966666666666,36.47816666666667,34.9955,32.113600000000005,2023-10-31,-
2026-05-14,301555,惠柏新材,化学制品,38.64,40.43,38.62,39.24,39.24,4982400,195509376.0,10.306,,,否,,,,,,否,92266700,48344750,3620545308.0,1897047990.0,,,,38.498000000000005,37.721,37.0625,35.776,36.566,35.043000000000006,32.18036,2023-10-31,-
2026-05-15,301555,惠柏新材,化学制品,39.33,40.98,39.25,39.97,39.97,6471100,258649867.0,13.3853,,,否,,,,,,否,92266700,48344750,3687899999.0,1932339657.5,,,,38.834,37.992,37.297,35.97833333333333,36.66233333333333,35.09074999999999,32.246880000000004,2023-10-31,-
2026-05-18,301555,惠柏新材,化学制品,39.87,42.54,38.0,41.8,41.8,7103500,296926300.0,14.6934,,,否,,,,,,否,92266700,48344750,3856748060.0,2020810550.0,,,,39.446,38.495,37.604,36.297666666666665,36.776,35.156333333333336,32.3162,2023-10-31,-
2026-05-19,301555,惠柏新材,化学制品,41.39,42.71,40.12,42.14,42.14,5580500,235162270.0,11.5431,,,否,,,,,,否,92266700,48344750,3888118738.0,2037247765.0,,,,40.356,39.092,37.9045,36.596,36.897000000000006,35.22775,32.3876,2023-10-31,-
2026-05-20,301555,惠柏新材,化学制品,41.61,42.75,40.88,42.2,42.2,5038200,212612040.0,10.4214,,,否,,,,,,否,92266700,48344750,3893654740.0,2040148450.0,,,,41.07,39.627,38.1705,36.92466666666667,37.017,35.30158333333334,32.45812,2023-10-31,-
2026-05-21,301555,惠柏新材,化学制品,41.88,43.46,39.42,39.42,39.42,6494800,256025016.0,13.4343,,,否,,,,,,否,92266700,48344750,3637153314.0,1905750045.0,,,,41.106,39.80200000000001,38.281,37.191,37.08383333333333,35.35433333333334,32.51728,2023-10-31,-
2026-05-22,301555,惠柏新材,化学制品,39.58,41.47,39.58,41.01,41.01,4752000,194879520.0,9.8294,,,否,,,,,,否,92266700,48344750,3783857367.0,1982618197.5,,,,41.314,40.074,38.4705,37.467,37.12916666666667,35.426500000000004,32.58184,2023-10-31,-
2026-05-25,301555,惠柏新材,化学制品,41.31,43.98,40.67,43.02,43.02,6631000,285265620.0,13.7161,,,否,,,,,,否,92266700,48344750,3969313434.0,2079791145.0,,,,41.55800000000001,40.502,38.7475,37.757333333333335,37.198,35.5045,32.65384,2023-10-31,-
2026-05-26,301555,惠柏新材,化学制品,43.01,43.99,41.55,42.37,42.37,5185300,219701161.0,10.7257,,,否,,,,,,否,92266700,48344750,3909340079.0,2048367057.5,,,,41.604,40.98,39.060500000000005,38.04766666666667,37.269666666666666,35.594500000000004,32.725,2023-10-31,-
2026-05-27,301555,惠柏新材,化学制品,42.0,43.8,40.0,43.66,43.66,6957100,303746986.0,14.3906,,,否,,,,,,否,92266700,48344750,4028364122.0,2110731785.0,,,,41.896,41.483,39.461,38.373000000000005,37.34616666666667,35.69408333333333,32.7968,2023-10-31,-
2026-05-28,301555,惠柏新材,化学制品,42.86,46.0,41.0,41.66,41.66,6861600,285854256.0,14.1931,,,否,,,,,,否,92266700,48344750,3843830722.0,2014042285.0,,,,42.344,41.725,39.723,38.61666666666667,37.396,35.77466666666667,32.85936,2023-10-31,-
2026-05-29,301555,惠柏新材,化学制品,42.01,42.69,38.86,39.58,39.58,5991000,237123780.0,12.3922,,,否,,,,,,否,92266700,48344750,3651915986.0,1913485205.0,,,,42.058,41.68599999999999,39.839000000000006,38.760000000000005,37.444,35.84116666666667,32.913880000000006,2023-10-31,-
2026-06-01,301555,惠柏新材,化学制品,39.19,40.85,38.98,39.49,39.49,3708500,146448665.0,7.6709,,,否,,,,,,否,92266700,48344750,3643611983.0,1909134177.5,,,,41.352,41.455,39.975,38.88766666666667,37.519666666666666,35.900083333333335,32.967760000000006,2023-10-31,-
2026-06-02,301555,惠柏新材,化学制品,39.48,40.62,38.4,39.86,39.86,3860900,153895474.0,7.9862,,,否,,,,,,否,92266700,48344750,3677750662.0,1927021735.0,,,,40.85,41.227,40.1595,39.01199999999999,37.60216666666667,35.96191666666666,33.02307999999999,2023-10-31,-
2026-06-03,301555,惠柏新材,化学制品,40.0,40.78,38.3,39.06,39.06,2989700,116777682.0,6.1841,,,否,,,,,,否,92266700,48344750,3603937302.0,1888345935.0,,,,39.92999999999999,40.913,40.27,39.08466666666666,37.627,36.020833333333336,33.07688,2023-10-31,-
2026-06-04,301555,惠柏新材,化学制品,38.39,39.12,37.38,37.95,37.95,3336800,126631560.0,6.9021,,,否,,,,,,否,92266700,48344750,3501521265.0,1834683262.5,,,,39.188,40.766,40.284000000000006,39.10933333333333,37.61800000000001,36.07441666666667,33.1274,2023-10-31,-
2026-06-05,301555,惠柏新材,化学制品,38.0,39.48,36.15,38.65,38.65,3292400,127251260.0,6.8103,,,否,,,,,,否,92266700,48344750,3566107955.0,1868524587.5,,,,39.002,40.53,40.30200000000001,39.157,37.622166666666665,36.13866666666666,33.1784,2023-10-31,-
2026-06-08,301555,惠柏新材,化学制品,37.01,39.2,36.44,37.02,37.02,2605600,96459312.0,5.3896,,,否,,,,,,否,92266700,48344750,3415713234.0,1789722645.0,,,,38.508,39.93,40.216,39.141666666666666,37.57716666666666,36.19416666666667,33.22344,2023-10-31,-
2026-06-09,301555,惠柏新材,化学制品,37.72,40.3,37.6,39.39,39.39,4383100,172650309.0,9.0663,,,否,,,,,,否,92266700,48344750,3634385313.0,1904299702.5,,,,38.414,39.632,40.306,39.251,37.55433333333334,36.26458333333333,33.278240000000004,2023-10-31,-
2026-06-10,301555,惠柏新材,化学制品,39.04,41.8,38.67,41.37,41.37,7154100,295965117.0,14.7981,,,否,,,,,,否,92266700,48344750,3817073379.0,2000022307.5,,,,38.876,39.403,40.443,39.44166666666667,37.573,36.347750000000005,33.34044,2023-10-31,-
2026-06-11,301555,惠柏新材,化学制品,40.9,42.96,40.37,41.98,41.98,7981800,335075964.0,16.5102,,,否,,,,,,否,92266700,48344750,3873356066.0,2029512605.0,,,,39.682,39.435,40.58,39.627,37.585,36.437666666666665,33.407,2023-10-31,-
2026-06-12,301555,惠柏新材,化学制品,41.77,43.19,40.9,41.38,41.38,5550700,229687966.0,11.4815,,,否,,,,,,否,92266700,48344750,3817996046.0,2000505755.0,,,,40.228,39.615,40.6505,39.76433333333333,37.595000000000006,36.525,33.46792,2023-10-31,-
2026-06-15,301555,惠柏新材,化学制品,41.42,42.95,41.26,42.95,42.95,5876800,252408560.0,12.156,,,否,,,,,,否,92266700,48344750,3962854765.0,2076407012.5,,,,41.414,39.961,40.708000000000006,39.97033333333333,37.61933333333333,36.626333333333335,33.53556,2023-10-31,-
2026-06-16,301555,惠柏新材,化学制品,42.51,43.75,41.85,43.5,43.5,6247500,271766250.0,12.9228,,,否,,,,,,否,92266700,48344750,4013601450.0,2102996625.0,,,,42.236,40.325,40.776,40.214666666666666,37.655166666666666,36.73208333333333,33.6066,2023-10-31,-
2026-06-17,301555,惠柏新材,化学制品,42.89,44.8,42.75,44.36,43.5,6192181,274685149.16,12.8084,,,否,,,,,,否,92266700,48344750,4092950812.0,2144573110.0,,,,42.83,40.86,40.88,40.47,37.77,36.85,33.68,2023-10-31,-
2026-06-18,301555,惠柏新材,化学制品,44.25,44.87,43.03,43.35,44.36,5094014,220825506.9,10.5369,,,否,,,,,,否,92266700,48344750,3999761445.0,2095744912.5,,,,43.11,41.4,41.08,40.65,37.88,36.96,33.75,2023-10-31,-
2026-06-22,301555,惠柏新材,化学制品,43.35,44.92,42.14,44.78,42.32,5574846,249641603.88,11.5314,,,否,,,,,,否,92266700,48344750,4131702826.0,2164877905.0,,,,43.66,42.54,41.23,40.99,38.19,37.18,33.89,2023-10-31,-
2026-06-23,301555,惠柏新材,化学制品,44.31,44.77,42.03,42.32,44.78,4269833,180699332.56,8.8321,,,否,,,,,,否,92266700,48344750,3904726744.0,2045949820.0,,,,43.66,42.54,41.23,40.99,38.19,37.18,33.89,2023-10-31,-
2026-06-24,301555,惠柏新材,化学制品,42.01,43.98,40.97,43.41,42.32,5127690,222593022.9,10.6065,,,否,,,,,,否,92266700,48344750,4005297447.0,2098645597.5,,,,43.64,42.94,41.29,41.18,38.32,37.28,33.96,2023-10-31,-
2026-06-25,301555,惠柏新材,化学制品,43.28,46.01,43.28,44.96,43.41,7493344,336900746.24,15.4998,,,否,,,,,,否,92266700,48344750,4148310832.0,2173579960.0,,,,43.76,43.3,41.35,41.4,38.5,37.39,34.04,2023-10-31,-
2026-06-26,301555,惠柏新材,化学制品,45.0,45.0,41.85,42.18,44.96,5326300,224663334.0,11.0173,,,否,,,,,,否,92266700,48344750,3891809406.0,2039181555.0,,,,43.53,43.32,41.38,41.49,38.63,37.48,34.1,2023-10-31,-
2026-06-29,301555,惠柏新材,化学制品,42.18,44.87,38.85,44.08,42.18,7340900,323586872.0,15.1845,,,否,,,,,,否,92266700,48344750,4067116136.0,2131036580.0,,,,43.39,43.59,41.6,41.63,38.8,37.57,34.17,2023-10-31,-
2026-06-30,301555,惠柏新材,化学制品,45.06,47.64,44.6,46.87,46.87,7739300,362740991.0,16.0086,,,否,,,,,,否,92266700,48344750,4324540229.0,2265918432.5,,,,44.99,44.32,42.32,41.96,39.28,37.81,34.33,2023-10-31,-
2026-07-01,301555,惠柏新材,化学制品,45.06,47.64,44.6,46.87,46.87,7739300,362740991.00,16.0086,,,否,,,,,,否,92266700,48344750,4324540229.00,2265918432.50,,,,44.99,44.32,42.32,41.96,39.28,37.81,34.33,2023-10-31,-
2026-07-02,301555,惠柏新材,化学制品,45.71,48.1,44.44,45.85,46.87,6915000,317052750.00,14.3035,,,否,,,,,,否,92266700,48344750,4230428195.00,2216606787.50,,,,45.17,44.47,42.66,42.08,39.50,37.92,34.40,2023-10-31,-
2026-07-03,301555,惠柏新材,化学制品,46.2,46.8,43.58,45.82,45.85,5931700,271790494.00,12.2696,,,否,,,,,,否,92266700,48344750,4227660194.00,2215156445.00,,,,45.90,44.71,43.05,42.29,39.74,38.03,34.48,2023-10-31,-
2026-07-06,301555,惠柏新材,化学制品,45.51,45.82,41.56,43.1,45.82,5317200,229171320.00,10.9985,,,否,,,,,,否,92266700,48344750,3976694770.00,2083658725.00,,,,45.70,44.55,43.28,42.36,39.91,38.11,34.54,2023-10-31,-
2026-07-07,301555,惠柏新材,化学制品,42.48,43.21,40.3,40.53,43.1,3543700,143626161.00,7.3301,,,否,,,,,,否,92266700,48344750,3739569351.00,1959412717.50,,,,44.43,44.37,43.45,42.28,40.02,38.17,34.59,2023-10-31,-
2026-07-08,301555,惠柏新材,化学制品,40.4,40.89,37.85,39.07,40.53,3292500,128637975.00,6.8105,,,否,,,,,,否,92266700,48344750,3604859969.00,1888829382.50,,,,42.87,43.93,43.44,42.17,40.11,38.21,34.64,2023-10-31,-
2026-07-09,301555,惠柏新材,化学制品,39.55,40.88,36.52,37.49,39.07,4612100,172907629.00,9.5400,,,否,,,,,,否,92266700,48344750,3459078583.00,1812444677.50,,,,41.20,43.19,43.24,41.96,40.17,38.23,34.68,2023-10-31,-
2026-07-10,301555,惠柏新材,化学制品,37.55,40.1,37.31,37.73,37.49,4168500,157277505.00,8.6224,,,否,,,,,,否,92266700,48344750,3481222591.00,1824047417.50,,,,39.58,42.74,43.03,41.83,40.22,38.25,34.72,2023-10-31,-
2026-07-13,301555,惠柏新材,化学制品,37.01,37.8,33.52,33.61,37.73,3752400,126118164.00,7.7618,,,否,,,,,,否,92266700,48344750,3101083787.00,1624867047.50,,,,37.69,41.69,42.64,41.63,40.20,38.23,34.74,2023-10-31,-
2026-07-14,301555,惠柏新材,化学制品,33.4,35.19,32.56,34.53,33.61,2668200,92132946.00,5.5191,,,否,,,,,,否,92266700,48344750,3185969151.00,1669344217.50,,,,36.49,40.46,42.22,41.47,40.18,38.21,34.77,2023-10-31,-
2026-07-15,301555,惠柏新材,化学制品,34.49,34.77,33.3,33.8,34.53,2382900,80542020.00,4.9290,,,否,,,,,,否,92266700,48344750,3118614460.00,1634052550.00,,,,35.43,39.15,41.74,41.27,40.14,38.20,34.79,2023-10-31,-
2026-07-16,301555,惠柏新材,化学制品,33.46,34.02,32.01,32.06,33.8,2388200,76565692.00,4.9399,,,否,,,,,,否,92266700,48344750,2958070402.00,1549932685.00,,,,34.35,37.77,41.12,41.03,40.06,38.17,34.81,2023-10-31,-
2026-07-17,301555,惠柏新材,化学制品,32.28,32.33,29.29,29.68,32.06,3105600,92174208.00,6.4239,,,否,,,,,,否,92266700,48344750,2738475656.00,1434872180.00,,,,32.74,36.16,40.44,40.76,39.93,38.10,34.82,2023-10-31,-
