日期,代码,名称,所属行业,开盘价,最高价,最低价,收盘价,前收盘价,成交量（股）,成交额（元）,换手率,涨幅%,振幅%,是否ST,量比,3日涨幅%,6日涨幅%,10日涨幅%,25日涨幅%,是否涨停,总股本（股）,流通股本（股）,总市值（元）,流通市值（元）,滚动市盈率,市净率,滚动市销率,5日线,10日线,20日线,30日线,60日线,120日线,250日线,上市时间,退市时间
2016-11-10,603556,XD海兴电,电网设备,16.36647451669596,19.641646309314588,16.36647451669596,19.641646309314588,16.36647451669596,30702,603037.82,0.0329,,,否,,,,,,否,373340000,93340000,7333012233.12,1833351266.51,,,,3.93,1.96,0.99,0.66,0.33,0.16,0.08,2016-11-10,-
2016-11-11,603556,XD海兴电,电网设备,21.60299560632689,21.60299560632689,21.60299560632689,21.60299560632689,21.60299560632689,21100,455823.21,0.0226,,,否,,,,,,是,373340000,93340000,8065262379.67,2016423609.89,,,,8.25,4.13,2.06,1.38,0.69,0.35,0.17,2016-11-10,-
2016-11-14,603556,XD海兴电,电网设备,23.761418277680143,23.761418277680143,23.761418277680143,23.761418277680143,23.761418277680143,17318,411500.24,0.0186,,,否,,,,,,是,373340000,93340000,8871087899.79,2217890782.04,,,,13.00,6.50,3.25,2.17,1.08,0.54,0.26,2016-11-10,-
2016-11-15,603556,XD海兴电,电网设备,26.145067662565907,26.145067662565907,26.145067662565907,26.145067662565907,26.145067662565907,24835,649312.76,0.0266,,,否,,,,,,是,373340000,93340000,9760999561.14,2440380615.62,,,,18.23,9.11,4.56,3.04,1.52,0.76,0.37,2016-11-10,-
2016-11-16,603556,XD海兴电,电网设备,28.76332820738137,28.76332820738137,28.76332820738137,28.76332820738137,28.76332820738137,51100,1469806.07,0.0547,,,否,,,,,,是,373340000,93340000,10738500952.94,2684769054.88,,,,23.99,11.99,6.00,4.00,2.00,0.99,0.48,2016-11-10,-
2016-11-17,603556,XD海兴电,电网设备,31.634968804920916,31.634968804920916,31.634968804920916,31.634968804920916,31.634968804920916,174632,5524477.87,0.1871,,,否,,,,,,是,373340000,93340000,11810599253.63,2952807988.25,,,,26.38,15.16,7.57,5.05,2.52,1.27,0.61,2016-11-10,-
2016-11-18,603556,XD海兴电,电网设备,34.797527240773285,34.797527240773285,33.48370474516696,34.797527240773285,33.48370474516696,7540885,262404151.21,8.0789,,,否,,,,,,是,373340000,93340000,12991308820.07,3248001192.65,,,,29.02,18.64,9.32,6.21,3.11,1.55,0.74,2016-11-10,-
2016-11-21,603556,XD海兴电,电网设备,36.94656546572935,36.94656546572935,34.35645826010545,34.431533831282955,34.35645826010545,40054798,1379148132.44,42.9128,,,否,,,,,,否,373340000,93340000,12854668840.57,3213839367.81,,,,31.16,22.08,11.04,7.36,3.68,1.84,0.88,2016-11-10,-
2016-11-22,603556,XD海兴电,电网设备,33.48370474516696,37.86624121265378,33.464935852372584,37.312558875219686,33.464935852372584,35128504,1310734373.70,37.6350,,,否,,,,,,否,373340000,93340000,13930270730.47,3482754245.41,,,,33.39,25.81,12.90,8.61,4.30,2.15,1.03,2016-11-10,-
2016-11-23,603556,XD海兴电,电网设备,36.65564762741653,39.82759050966608,36.39288312829526,37.42517223198595,36.39288312829526,30396347,1137588521.70,32.5652,,,否,,,,,,否,373340000,93340000,13972313801.09,3493265576.13,,,,35.12,29.55,14.78,9.85,4.93,2.46,1.18,2016-11-10,-
2016-11-24,603556,XD海兴电,电网设备,36.91841212653779,38.964221441124785,36.89964323374341,37.90377899824254,36.89964323374341,19602568,743011405.27,21.0013,,,否,,,,,,否,373340000,93340000,14150996851.20,3537938731.70,,,,36.37,31.38,16.67,11.11,5.56,2.78,1.33,2016-11-10,-
2016-11-25,603556,XD海兴电,电网设备,38.03516124780317,38.04454569420035,36.280269771529,37.25625219683656,36.280269771529,14634912,545241972.35,15.6791,,,否,,,,,,否,373340000,93340000,13909249195.17,3477498580.05,,,,36.86,32.94,18.53,12.36,6.17,3.09,1.48,2016-11-10,-
2016-11-28,603556,XD海兴电,电网设备,36.94656546572935,36.94656546572935,34.806911687170484,34.87260281195079,34.806911687170484,15592229,543741608.87,16.7048,,,否,,,,,,否,373340000,93340000,13019337533.81,3255008746.47,,,,36.96,34.06,20.28,13.52,6.76,3.38,1.62,2016-11-10,-
2016-11-29,603556,XD海兴电,电网设备,34.7130672231986,35.491976274165204,33.81216036906854,33.896620386643235,33.81216036906854,11271306,382059180.74,12.0755,,,否,,,,,,否,373340000,93340000,12654964255.15,3163910546.89,,,,36.27,34.83,21.97,14.65,7.32,3.66,1.75,2016-11-10,-
2016-11-30,603556,XD海兴电,电网设备,33.6901625659051,34.056155975395434,32.83617794376099,32.986329086115994,32.83617794376099,8604460,283829549.17,9.2184,,,否,,,,,,否,373340000,93340000,12315116101.01,3078943956.90,,,,35.38,35.25,23.62,15.75,7.87,3.94,1.89,2016-11-10,-
2016-12-01,603556,XD海兴电,电网设备,33.02386687170475,34.562916080843586,32.47956898066784,33.96231151142355,32.47956898066784,11699669,397347803.16,12.5345,,,否,,,,,,否,373340000,93340000,12679489379.67,3170042156.48,,,,34.59,35.48,25.32,16.88,8.44,4.22,2.03,2016-11-10,-
2016-12-02,603556,XD海兴电,电网设备,33.48370474516696,33.87785149384886,32.78925571177504,32.87371572934974,32.78925571177504,7608623,250123709.59,8.1515,,,否,,,,,,否,373340000,93340000,12273073030.40,3068432626.18,,,,33.72,35.29,26.96,17.97,8.99,4.50,2.16,2016-11-10,-
2016-12-05,603556,XD海兴电,电网设备,32.47956898066784,33.69954701230228,32.09480667838314,33.230324692442885,32.09480667838314,6619231,219959195.34,7.0915,,,否,,,,,,否,373340000,93340000,12406209420.68,3101718506.79,,,,33.39,35.17,28.62,19.09,9.54,4.77,2.29,2016-11-10,-
2016-12-06,603556,XD海兴电,电网设备,33.07078910369069,33.81216036906854,33.061404657293494,33.23970913884008,33.061404657293494,5603448,186256981.69,6.0033,,,否,,,,,,否,373340000,93340000,12409713009.89,3102594451.02,,,,33.26,34.77,30.28,20.20,10.10,5.05,2.42,2016-11-10,-
2016-12-07,603556,XD海兴电,电网设备,33.48370474516696,33.652624780316344,32.84556239015817,33.40862917398946,32.84556239015817,4850128,162036127.80,5.1962,,,否,,,,,,否,373340000,93340000,12472777615.82,3118361447.10,,,,33.34,34.37,31.95,21.30,10.65,5.33,2.55,2016-11-10,-
2016-12-08,603556,XD海兴电,电网设备,33.38047583479789,33.93415817223198,33.13648022847101,33.21155579964851,33.13648022847101,6103928,202720945.37,6.5395,,,否,,,,,,否,373340000,93340000,12399202242.24,3099966618.34,,,,33.19,33.90,32.64,22.41,11.21,5.60,2.69,2016-11-10,-
2016-12-09,603556,XD海兴电,电网设备,32.958175746924425,33.07078910369069,31.043748681898066,31.428510984182783,31.043748681898066,9971035,313374783.02,10.6825,,,否,,,,,,否,373340000,93340000,11733520290.83,2933537215.26,,,,32.90,33.31,33.13,23.46,11.73,5.87,2.82,2016-11-10,-
2016-12-12,603556,XD海兴电,电网设备,31.437895430579967,31.437895430579967,28.753943760984185,28.82901933216169,28.753943760984185,8632552,248868008.49,9.2485,,,否,,,,,,否,373340000,93340000,10763026077.47,2690900664.46,,,,32.02,32.70,33.38,24.42,12.21,6.11,2.93,2016-11-10,-
2016-12-13,603556,XD海兴电,电网设备,28.941632688927946,29.373317223198598,28.67886818980668,29.026092706502638,28.67886818980668,5424024,157438223.47,5.8110,,,否,,,,,,否,373340000,93340000,10836601451.05,2709295493.22,,,,31.18,32.22,33.52,25.38,12.70,6.34,3.05,2016-11-10,-
2016-12-14,603556,XD海兴电,电网设备,29.026092706502638,29.026092706502638,27.96565026362039,28.05011028119508,27.96565026362039,6457270,181127135.62,6.9180,,,否,,,,,,否,373340000,93340000,10472228172.38,2618197293.65,,,,30.11,31.73,33.49,26.32,13.16,6.58,3.16,2016-11-10,-
2016-12-15,603556,XD海兴电,电网设备,27.99380360281195,28.716405975395435,27.740423550087876,28.322259226713534,27.740423550087876,4778389,135334771.94,5.1193,,,否,,,,,,否,373340000,93340000,10573832259.70,2643599676.22,,,,29.13,31.17,33.32,27.27,13.64,6.81,3.28,2016-11-10,-
2016-12-16,603556,XD海兴电,电网设备,28.115801405975397,29.082399384885765,28.115801405975397,28.91347934973638,28.115801405975397,4697663,135825782.14,5.0329,,,否,,,,,,否,373340000,93340000,10794558380.43,2698784162.50,,,,28.63,30.76,33.03,28.23,14.11,7.06,3.39,2016-11-10,-
2016-12-19,603556,XD海兴电,电网设备,28.707021528998244,29.148090509666083,28.594408172231986,28.613177065026363,28.594408172231986,4203009,120261440.72,4.5029,,,否,,,,,,否,373340000,93340000,10682443525.46,2670753947.25,,,,28.59,30.30,32.74,29.19,14.59,7.29,3.50,2016-11-10,-
2016-12-20,603556,XD海兴电,电网设备,28.53810149384886,28.82901933216169,28.31287478031635,28.63194595782074,28.31287478031635,3217250,92116128.13,3.4468,,,否,,,,,,否,373340000,93340000,10689450703.89,2672505835.70,,,,28.51,29.84,32.30,30.14,15.07,7.54,3.61,2016-11-10,-
2016-12-21,603556,XD海兴电,电网设备,28.68825263620387,28.857172671353254,28.39733479789104,28.72579042179262,28.39733479789104,3249447,93342933.51,3.4813,,,否,,,,,,否,373340000,93340000,10724486596.07,2681265277.97,,,,28.64,29.37,31.87,31.10,15.55,7.77,3.74,2016-11-10,-
2016-12-22,603556,XD海兴电,电网设备,28.72579042179262,28.72579042179262,28.228414762741654,28.31287478031635,28.228414762741654,3396570,96166661.09,3.6389,,,否,,,,,,否,373340000,93340000,10570328670.48,2642723731.99,,,,28.64,28.89,31.39,31.38,16.02,8.01,3.85,2016-11-10,-
2016-12-23,603556,XD海兴电,电网设备,28.31287478031635,28.416103690685414,27.064743409490337,27.130434534270652,27.064743409490337,5955171,161566376.96,6.3801,,,否,,,,,,否,373340000,93340000,10128876429.02,2532354759.43,,,,28.28,28.45,30.88,31.57,16.47,8.24,3.95,2016-11-10,-
2016-12-26,603556,XD海兴电,电网设备,26.961514499121268,27.130434534270652,26.116914323374342,27.017821177504395,26.116914323374342,4180404,112945407.72,4.4787,,,否,,,,,,否,373340000,93340000,10086833358.41,2521843428.71,,,,27.97,28.28,30.49,31.68,16.92,8.46,4.06,2016-11-10,-
2016-12-27,603556,XD海兴电,电网设备,26.961514499121268,27.318123462214412,26.811363356766257,26.933361159929703,26.811363356766257,2738808,73765305.01,2.9342,,,否,,,,,,否,373340000,93340000,10055301055.45,2513959930.67,,,,27.63,28.07,30.14,31.70,17.37,8.69,4.17,2016-11-10,-
2016-12-28,603556,XD海兴电,电网设备,26.961514499121268,27.017821177504395,26.31398769771529,26.342141036906856,26.31398769771529,3394733,89424535.47,3.6370,,,否,,,,,,否,373340000,93340000,9834574934.72,2458775444.38,,,,27.15,27.89,29.81,31.63,17.81,8.91,4.27,2016-11-10,-
2016-12-29,603556,XD海兴电,电网设备,26.332756590509668,26.520445518453432,26.16383655536028,26.210758787346222,26.16383655536028,2538726,66541934.81,2.7199,,,否,,,,,,否,373340000,93340000,9785524685.67,2446512225.21,,,,26.73,27.68,29.42,31.45,18.24,9.12,4.38,2016-11-10,-
2016-12-30,603556,XD海兴电,电网设备,26.12629876977153,26.435985500878736,25.863534270650263,25.957378734622147,25.863534270650263,3368630,87440804.73,3.6090,,,否,,,,,,否,373340000,93340000,9690927776.78,2422861731.09,,,,26.49,27.38,29.07,31.15,18.68,9.34,4.49,2016-11-10,-
2017-01-03,603556,XD海兴电,电网设备,25.976147627416523,26.783210017574692,25.976147627416523,26.633058875219685,25.976147627416523,4040109,107600460.86,4.3284,,,否,,,,,,否,373340000,93340000,9943186200.47,2485929715.41,,,,26.42,27.19,28.74,30.88,19.13,9.56,4.59,2016-11-10,-
2017-01-04,603556,XD海兴电,电网设备,26.520445518453432,26.717518892794377,26.379678822495606,26.642443321616874,26.379678822495606,3141422,83695157.58,3.3656,,,否,,,,,,否,373340000,93340000,9946689789.69,2486805659.64,,,,26.36,26.99,28.42,30.54,19.57,9.79,4.69,2016-11-10,-
2017-01-05,603556,XD海兴电,电网设备,26.67059666080844,26.717518892794377,26.116914323374342,26.182605448154657,26.116914323374342,3272706,85687969.95,3.5062,,,否,,,,,,否,373340000,93340000,9775013918.01,2443884392.53,,,,26.32,26.74,28.06,30.16,20.01,10.00,4.80,2016-11-10,-
2017-01-06,603556,XD海兴电,电网设备,26.03245430579965,26.16383655536028,24.990780755711775,25.065856326889282,24.990780755711775,5532046,138665470.23,5.9268,,,否,,,,,,否,373340000,93340000,9358086801.08,2339647029.55,,,,26.10,26.41,27.65,29.73,20.42,10.21,4.90,2016-11-10,-
2017-01-09,603556,XD海兴电,电网设备,24.87816739894552,24.9720118629174,24.484020650263624,24.812476274165206,24.484020650263624,3730258,92556938.12,3.9964,,,否,,,,,,否,373340000,93340000,9263489892.20,2315996535.43,,,,25.86,26.18,27.32,29.32,20.83,10.42,5.00,2016-11-10,-
2017-01-10,603556,XD海兴电,电网设备,24.868782952548333,25.140931898066786,24.652940685413007,24.728016256590514,24.652940685413007,2666375,65934164.35,2.8566,,,否,,,,,,否,373340000,93340000,9231957589.24,2308113037.39,,,,25.49,25.95,27.11,28.98,21.25,10.62,5.10,2016-11-10,-
2017-01-11,603556,XD海兴电,电网设备,24.756169595782076,24.756169595782076,23.798956063268893,23.808340509666085,23.798956063268893,3916714,93250460.59,4.1962,,,否,,,,,,否,373340000,93340000,8888605845.88,2222270503.17,,,,24.92,25.64,26.85,28.64,21.64,10.82,5.20,2016-11-10,-
2017-01-12,603556,XD海兴电,电网设备,23.66757381370826,24.052336115992972,23.320349297012307,23.43296265377856,23.320349297012307,3529912,82716296.07,3.7818,,,否,,,,,,否,373340000,93340000,8748462277.16,2187232734.10,,,,24.37,25.35,26.62,28.32,22.03,11.02,5.29,2016-11-10,-
2017-01-13,603556,XD海兴电,电网设备,23.48926933216169,23.48926933216169,22.578978031634446,22.776051405975398,22.578978031634446,4457916,101533723.98,4.7760,,,否,,,,,,否,373340000,93340000,8503211031.91,2125916638.23,,,,23.91,25.00,26.34,27.95,22.42,11.21,5.38,2016-11-10,-
2017-01-16,603556,XD海兴电,电网设备,22.67282249560633,22.67282249560633,20.92731546572935,22.04406458699473,20.92731546572935,5187093,114344613.11,5.5572,,,否,,,,,,否,373340000,93340000,8229931072.91,2057592988.55,,,,23.36,24.62,26.00,27.59,22.79,11.39,5.47,2016-11-10,-
2017-01-17,603556,XD海兴电,电网设备,21.931451230228472,23.52680711775044,21.678071177504396,23.310964850615115,21.678071177504396,5911834,137810554.58,6.3337,,,否,,,,,,否,373340000,93340000,8702915617.33,2175845459.16,,,,23.08,24.28,25.73,27.26,23.17,11.59,5.56,2016-11-10,-
2017-01-18,603556,XD海兴电,电网设备,23.207735940246046,23.207735940246046,22.391289103690685,22.400673550087877,22.391289103690685,3682043,82480243.24,3.9448,,,否,,,,,,否,373340000,93340000,8363067463.19,2090878869.17,,,,22.79,23.86,25.42,26.90,23.55,11.77,5.65,2016-11-10,-
2017-01-19,603556,XD海兴电,电网设备,22.10037126537786,23.15142926186292,21.80006898066784,22.635284710017576,21.80006898066784,4188665,94811624.83,4.4875,,,否,,,,,,否,373340000,93340000,8450657193.64,2112777474.83,,,,22.64,23.50,25.12,26.54,23.92,11.97,5.74,2016-11-10,-
2017-01-20,603556,XD海兴电,电网设备,22.635284710017576,23.376655975395433,22.41005799648506,23.188967047451673,22.41005799648506,4424572,102601254.31,4.7403,,,否,,,,,,否,373340000,93340000,8657368957.50,2164458184.21,,,,22.72,23.31,24.86,26.20,24.31,12.15,5.84,2016-11-10,-
2017-01-23,603556,XD海兴电,电网设备,23.198351493848858,23.611267135325132,23.085738137082604,23.348502636203868,23.085738137082604,3401014,79408584.34,3.6437,,,否,,,,,,否,373340000,93340000,8716929974.20,2179349236.06,,,,22.97,23.17,24.67,25.94,24.70,12.35,5.93,2016-11-10,-
2017-01-24,603556,XD海兴电,电网设备,23.15142926186292,23.770802724077328,23.038815905096662,23.310964850615115,23.038815905096662,3577334,83391107.13,3.8326,,,否,,,,,,否,373340000,93340000,8702915617.33,2175845459.16,,,,22.97,23.03,24.48,25.75,25.08,12.55,6.02,2016-11-10,-
2017-01-25,603556,XD海兴电,电网设备,23.076353690685416,23.66757381370826,23.076353690685416,23.554960456942005,23.076353690685416,2515712,59257496.68,2.6952,,,否,,,,,,否,373340000,93340000,8794008936.99,2198620009.05,,,,23.21,23.00,24.32,25.57,25.48,12.73,6.12,2016-11-10,-
2017-01-26,603556,XD海兴电,电网设备,23.723880492091393,23.723880492091393,23.357887082601057,23.517422671353252,23.357887082601057,1923851,45244017.12,2.0611,,,否,,,,,,否,373340000,93340000,8779994580.12,2195116232.14,,,,23.39,23.01,24.17,25.41,25.87,12.93,6.21,2016-11-10,-
2017-02-03,603556,XD海兴电,电网设备,23.461115992970125,23.573729349736382,23.029431458699474,23.123275922671354,23.029431458699474,1949239,45072791.24,2.0883,,,否,,,,,,否,373340000,93340000,8632843832.97,2158326574.62,,,,23.37,23.05,24.02,25.24,26.26,13.13,6.30,2016-11-10,-
2017-02-06,603556,XD海兴电,电网设备,23.207735940246046,23.986644991212653,23.207735940246046,23.939722759226715,23.207735940246046,4152283,99404503.84,4.4486,,,否,,,,,,否,373340000,93340000,8937656094.93,2234533722.35,,,,23.49,23.24,23.92,25.08,26.65,13.33,6.40,2016-11-10,-
2017-02-07,603556,XD海兴电,电网设备,23.836493848857646,24.06172056239016,23.573729349736382,23.761418277680143,23.573729349736382,3504107,83262552.12,3.7541,,,否,,,,,,否,373340000,93340000,8871087899.79,2217890782.04,,,,23.58,23.28,23.78,24.92,27.05,13.52,6.49,2016-11-10,-
2017-02-08,603556,XD海兴电,电网设备,23.620651581722324,24.3432539543058,23.498653778558875,24.230640597539544,23.498653778558875,4203762,101859846.18,4.5037,,,否,,,,,,否,373340000,93340000,9046267360.69,2261687993.37,,,,23.71,23.46,23.66,24.77,27.46,13.73,6.59,2016-11-10,-
2017-02-09,603556,XD海兴电,电网设备,24.333869507908613,25.065856326889282,24.136796133567664,24.887551845342706,24.136796133567664,5208535,129627684.85,5.5802,,,否,,,,,,否,373340000,93340000,9291518605.94,2323004089.24,,,,23.99,23.69,23.59,24.64,27.87,13.94,6.69,2016-11-10,-
2017-02-10,603556,XD海兴电,电网设备,24.91570518453427,25.46000307557118,24.577865114235504,24.681094024604572,24.577865114235504,5691778,140479307.99,6.0979,,,否,,,,,,否,373340000,93340000,9214439643.15,2303733316.26,,,,24.30,23.84,23.57,24.52,27.96,14.14,6.78,2016-11-10,-
2017-02-13,603556,XD海兴电,电网设备,24.756169595782076,25.74153646748682,24.681094024604572,25.628923110720564,24.681094024604572,5202203,133326860.69,5.5734,,,否,,,,,,否,373340000,93340000,9568302154.16,2392203683.15,,,,24.63,24.06,23.61,24.47,28.02,14.36,6.89,2016-11-10,-
2017-02-14,603556,XD海兴电,电网设备,25.732152021089636,26.07937653778559,25.281698594024608,25.431849736379615,25.281698594024608,3853951,98013102.72,4.1289,,,否,,,,,,否,373340000,93340000,9494726780.58,2373808854.39,,,,24.97,24.28,23.65,24.42,28.05,14.56,6.99,2016-11-10,-
2017-02-15,603556,XD海兴电,电网设备,25.431849736379615,25.70399868189807,25.075240773286467,25.12216300527241,25.075240773286467,4005398,100624261.46,4.2912,,,否,,,,,,否,373340000,93340000,9379108336.39,2344902694.91,,,,25.15,24.44,23.71,24.35,28.03,14.77,7.09,2016-11-10,-
2017-02-16,603556,XD海兴电,电网设备,25.08462521968366,25.244160808435854,24.615402899824254,25.187854130052724,24.615402899824254,3799576,95703166.04,4.0707,,,否,,,,,,否,373340000,93340000,9403633460.91,2351034304.50,,,,25.21,24.60,23.81,24.32,27.98,14.99,7.19,2016-11-10,-
2017-02-17,603556,XD海兴电,电网设备,25.281698594024608,25.788458699472763,24.906320738137083,25.01893409490334,24.906320738137083,4533968,113435046.58,4.8575,,,否,,,,,,否,373340000,93340000,9340568854.99,2335267308.42,,,,25.28,24.79,23.92,24.28,27.86,15.19,7.29,2016-11-10,-
2017-02-20,603556,XD海兴电,电网设备,24.840629613356768,24.990780755711775,24.25879393673111,24.606018453427065,24.25879393673111,3828391,94201459.59,4.1016,,,否,,,,,,否,373340000,93340000,9186410929.40,2296725762.44,,,,25.08,24.86,24.04,24.23,27.69,15.40,7.39,2016-11-10,-
2017-02-21,603556,XD海兴电,电网设备,24.615402899824254,24.91570518453427,24.465251757469247,24.85939850615114,24.465251757469247,2222378,55246980.33,2.3809,,,否,,,,,,否,373340000,93340000,9281007838.29,2320376256.56,,,,24.96,24.96,24.12,24.17,27.53,15.61,7.49,2016-11-10,-
2017-02-22,603556,XD海兴电,电网设备,24.896936291739898,24.962627416520213,24.40894507908612,24.606018453427065,24.40894507908612,3120066,76772401.57,3.3427,,,否,,,,,,否,373340000,93340000,9186410929.40,2296725762.44,,,,24.86,25.00,24.23,24.11,27.32,15.81,7.59,2016-11-10,-
2017-02-23,603556,XD海兴电,电网设备,24.606018453427065,25.328620826010546,24.58724956063269,25.103394112478032,24.58724956063269,4113795,103270217.18,4.4073,,,否,,,,,,否,373340000,93340000,9372101157.95,2343150806.46,,,,24.84,25.03,24.35,24.07,27.11,16.02,7.69,2016-11-10,-
2017-02-24,603556,XD海兴电,电网设备,24.934474077328648,25.90107205623902,24.934474077328648,25.84476537785589,24.934474077328648,5999657,155059727.51,6.4277,,,否,,,,,,否,373340000,93340000,9648884706.17,2412350400.37,,,,25.00,25.14,24.48,24.10,26.91,16.24,7.79,2016-11-10,-
2017-02-27,603556,XD海兴电,电网设备,25.8353809314587,25.910456502636205,25.40369639718805,25.535078646748683,25.40369639718805,4031386,102941758.57,4.3190,,,否,,,,,,否,373340000,93340000,9533266261.98,2383444240.89,,,,25.19,25.13,24.60,24.12,26.72,16.45,7.89,2016-11-10,-
2017-02-28,603556,XD海兴电,电网设备,25.46938752196837,25.638307557117752,25.197238576449916,25.50692530755712,25.197238576449916,2989431,76251193.23,3.2027,,,否,,,,,,否,373340000,93340000,9522755494.32,2380816408.21,,,,25.32,25.14,24.71,24.15,26.56,16.66,8.00,2016-11-10,-
2017-03-01,603556,XD海兴电,电网设备,25.50692530755712,25.638307557117752,25.234776362038666,25.253545254833043,25.234776362038666,2977174,75184198.34,3.1896,,,否,,,,,,否,373340000,93340000,9428158585.44,2357165914.09,,,,25.45,25.15,24.79,24.19,26.42,16.87,8.10,2016-11-10,-
2017-03-02,603556,XD海兴电,电网设备,25.300467486818984,25.488156414762745,25.00954964850615,25.291083040421793,25.00954964850615,2943413,74442102.61,3.1534,,,否,,,,,,否,373340000,93340000,9442172942.31,2360669690.99,,,,25.49,25.16,24.88,24.26,26.29,17.08,8.20,2016-11-10,-
2017-03-03,603556,XD海兴电,电网设备,25.35677416520211,25.35677416520211,24.934474077328648,25.140931898066786,24.934474077328648,2671424,67162088.85,2.8620,,,否,,,,,,否,373340000,93340000,9386115514.82,2346654583.37,,,,25.35,25.18,24.98,24.33,26.15,17.30,8.30,2016-11-10,-
2017-03-06,603556,XD海兴电,电网设备,25.056471880492094,25.976147627416523,25.056471880492094,25.910456502636205,25.056471880492094,4705379,121918517.91,5.0411,,,否,,,,,,否,373340000,93340000,9673409830.69,2418482009.96,,,,25.42,25.31,25.08,24.47,26.02,17.51,8.40,2016-11-10,-
2017-03-07,603556,XD海兴电,电网设备,26.08876098418278,26.08876098418278,25.638307557117752,25.863534270650263,25.638307557117752,3822215,98855988.64,4.0949,,,否,,,,,,否,373340000,93340000,9655891884.60,2414102288.82,,,,25.49,25.40,25.19,24.55,25.90,17.73,8.50,2016-11-10,-
2017-03-08,603556,XD海兴电,电网设备,25.90107205623902,26.295218804920914,25.760305360281198,26.26706546572935,25.760305360281198,5497868,144412858.68,5.8902,,,否,,,,,,否,373340000,93340000,9806546220.98,2451767890.57,,,,25.69,25.57,25.29,24.68,25.79,17.94,8.61,2016-11-10,-
2017-03-09,603556,XD海兴电,电网设备,26.295218804920914,26.295218804920914,25.384927504393676,25.544463093145872,25.384927504393676,4861643,124188060.19,5.2085,,,否,,,,,,否,373340000,93340000,9536769851.20,2384320185.11,,,,25.74,25.62,25.32,24.77,25.66,18.16,8.72,2016-11-10,-
2017-03-10,603556,XD海兴电,电网设备,25.628923110720564,25.872918717047455,25.40369639718805,25.572616432337437,25.40369639718805,2941599,75224382.92,3.1515,,,否,,,,,,否,373340000,93340000,9547280618.85,2386948017.79,,,,25.84,25.59,25.37,24.86,25.53,18.37,8.81,2016-11-10,-
2017-03-13,603556,XD海兴电,电网设备,25.46000307557118,25.685229789103694,24.990780755711775,25.666460896309317,24.990780755711775,3399116,87243277.90,3.6416,,,否,,,,,,否,373340000,93340000,9582316511.03,2395707460.06,,,,25.78,25.60,25.37,24.93,25.43,18.58,8.92,2016-11-10,-
2017-03-14,603556,XD海兴电,电网设备,25.600769771529002,26.16383655536028,25.600769771529002,25.957378734622147,25.600769771529002,4374018,113538041.82,4.6861,,,否,,,,,,否,373340000,93340000,9690927776.78,2422861731.09,,,,25.80,25.65,25.39,25.02,25.38,18.80,9.02,2016-11-10,-
2017-03-15,603556,XD海兴电,电网设备,25.769689806678386,25.863534270650263,25.478771968365553,25.59138532513181,25.478771968365553,2683371,68671181.23,2.8748,,,否,,,,,,否,373340000,93340000,9554287797.28,2388699906.25,,,,25.67,25.69,25.41,25.08,25.33,19.01,9.12,2016-11-10,-
2017-03-16,603556,XD海兴电,电网设备,25.685229789103694,26.708134446397192,25.685229789103694,26.67059666080844,25.685229789103694,7961386,212334914.87,8.5294,,,否,,,,,,否,373340000,93340000,9957200557.35,2489433492.32,,,,25.89,25.82,25.49,25.20,25.31,19.23,9.23,2016-11-10,-
2017-03-17,603556,XD海兴电,电网设备,26.67059666080844,27.00843673110721,25.98553207381371,26.013685413005273,25.98553207381371,7199814,187293696.43,7.7135,,,否,,,,,,否,373340000,93340000,9711949312.09,2428117396.45,,,,25.98,25.91,25.54,25.29,25.26,19.45,9.34,2016-11-10,-
2017-03-20,603556,XD海兴电,电网设备,25.93860984182777,26.539214411247805,25.863534270650263,26.529829964850617,25.863534270650263,3943637,104624019.05,4.2250,,,否,,,,,,否,373340000,93340000,9904646719.08,2476294328.92,,,,26.15,25.97,25.64,25.38,25.23,19.67,9.44,2016-11-10,-
2017-03-21,603556,XD海兴电,电网设备,26.520445518453432,26.717518892794377,26.27644991212654,26.539214411247805,26.27644991212654,3658977,97106375.13,3.9201,,,否,,,,,,否,373340000,93340000,9908150308.30,2477170273.15,,,,26.27,26.03,25.72,25.47,25.19,19.90,9.54,2016-11-10,-
2017-03-22,603556,XD海兴电,电网设备,26.32337214411248,27.074127855887525,25.976147627416523,26.980283391915645,25.976147627416523,7235312,195210768.19,7.7516,,,否,,,,,,否,373340000,93340000,10072819001.54,2518339651.80,,,,26.55,26.11,25.84,25.56,25.17,20.12,9.66,2016-11-10,-
2017-03-23,603556,XD海兴电,电网设备,27.590272407732865,29.241934973637964,27.590272407732865,28.43487258347979,27.590272407732865,14784045,420382435.84,15.8389,,,否,,,,,,否,373340000,93340000,10615875330.32,2654111006.94,,,,26.90,26.40,26.00,25.68,25.16,20.35,9.77,2016-11-10,-
2017-03-24,603556,XD海兴电,电网设备,28.08764806678383,29.26070386643234,27.824883567662567,28.82901933216169,27.824883567662567,10102395,291242140.76,10.8232,,,否,,,,,,否,373340000,93340000,10763026077.47,2690900664.46,,,,27.46,26.72,26.15,25.82,25.17,20.60,9.88,2016-11-10,-
2017-03-27,603556,XD海兴电,电网设备,28.744559314586997,29.955152899824256,28.744559314586997,29.373317223198598,28.744559314586997,9507854,279277211.65,10.1863,,,否,,,,,,否,373340000,93340000,10966234252.11,2741705429.61,,,,28.03,27.09,26.35,25.94,25.21,20.84,10.00,2016-11-10,-
2017-03-28,603556,XD海兴电,电网设备,29.373317223198598,29.54223725834798,28.284721441124784,28.53810149384886,28.284721441124784,6638146,189440084.28,7.1118,,,否,,,,,,否,373340000,93340000,10654414811.71,2663746393.44,,,,28.43,27.35,26.50,26.04,25.23,21.08,10.12,2016-11-10,-
2017-03-29,603556,XD海兴电,电网设备,28.369181458699476,28.68825263620387,27.308739015817228,27.646579086115995,27.308739015817228,6806914,188187886.23,7.2926,,,否,,,,,,否,373340000,93340000,10321573836.01,2580531691.90,,,,28.57,27.55,26.61,26.13,25.24,21.31,10.23,2016-11-10,-
2017-03-30,603556,XD海兴电,电网设备,27.58088796133568,28.64133040421793,27.43073681898067,27.946881370826013,27.43073681898067,7671961,214407383.95,8.2194,,,否,,,,,,否,373340000,93340000,10433688690.98,2608561907.15,,,,28.46,27.68,26.76,26.22,25.27,21.54,10.34,2016-11-10,-
2017-03-31,603556,XD海兴电,电网设备,27.937496924428824,28.331643673110722,27.27120123022847,27.975034710017574,27.27120123022847,5040875,141018653.09,5.4006,,,否,,,,,,否,373340000,93340000,10444199458.64,2611189739.83,,,,28.29,27.88,26.90,26.32,25.30,21.77,10.45,2016-11-10,-
2017-04-05,603556,XD海兴电,电网设备,27.853036906854133,28.50056370826011,27.411967926186293,28.491179261862918,27.411967926186293,4298717,122475516.64,4.6054,,,否,,,,,,否,373340000,93340000,10636896865.62,2659366672.30,,,,28.12,28.08,27.02,26.45,25.34,22.01,10.57,2016-11-10,-
2017-04-06,603556,XD海兴电,电网设备,28.50056370826011,29.19501274165202,28.00318804920914,28.05011028119508,28.00318804920914,6185050,173491334.59,6.6264,,,否,,,,,,否,373340000,93340000,10472228172.38,2618197293.65,,,,28.02,28.23,27.13,26.56,25.37,22.24,10.68,2016-11-10,-
2017-04-07,603556,XD海兴电,电网设备,27.853036906854133,27.99380360281195,27.289970123022847,27.7216546572935,27.289970123022847,4793225,132876128.14,5.1352,,,否,,,,,,否,373340000,93340000,10349602549.75,2587539245.71,,,,28.04,28.30,27.21,26.66,25.38,22.48,10.79,2016-11-10,-
2017-04-10,603556,XD海兴电,电网设备,27.130434534270652,27.167972319859405,25.65707644991213,25.685229789103694,25.65707644991213,7258704,186441480.21,7.7766,,,否,,,,,,否,373340000,93340000,9589323689.46,2397459348.51,,,,27.58,28.02,27.21,26.68,25.38,22.69,10.90,2016-11-10,-
2017-04-11,603556,XD海兴电,电网设备,25.628923110720564,26.13568321616872,25.15970079086116,25.92922539543058,25.15970079086116,4358532,113013358.62,4.6695,,,否,,,,,,否,373340000,93340000,9680417009.13,2420233898.41,,,,27.18,27.74,27.22,26.68,25.38,22.91,11.00,2016-11-10,-
2017-04-12,603556,XD海兴电,电网设备,25.947994288224958,25.976147627416523,25.347389718804923,25.384927504393676,25.347389718804923,2303896,58484232.94,2.4683,,,否,,,,,,否,373340000,93340000,9477208834.49,2369429133.26,,,,26.56,27.34,27.21,26.68,25.39,23.11,11.09,2016-11-10,-
2017-04-13,603556,XD海兴电,电网设备,25.51630975395431,25.788458699472763,25.413080843585238,25.441234182776803,25.413080843585238,2051530,52193455.16,2.1979,,,否,,,,,,否,373340000,93340000,9498230369.80,2374684798.62,,,,26.03,27.03,27.19,26.67,25.41,23.33,11.20,2016-11-10,-
2017-04-14,603556,XD海兴电,电网设备,25.39431195079086,25.39431195079086,24.39017618629174,24.652940685413007,24.39017618629174,3686559,90884520.36,3.9496,,,否,,,,,,否,373340000,93340000,9203928875.49,2301105483.58,,,,25.42,26.73,27.14,26.65,25.42,23.54,11.30,2016-11-10,-
2017-04-17,603556,XD海兴电,电网设备,24.25879393673111,24.559096221441127,23.67695826010545,24.305716168717048,23.67695826010545,2490768,60539900.05,2.6685,,,否,,,,,,否,373340000,93340000,9074296074.43,2268695547.19,,,,25.14,26.36,27.03,26.62,25.44,23.73,11.39,2016-11-10,-
2017-04-18,603556,XD海兴电,电网设备,24.39017618629174,24.728016256590514,23.90218497363796,24.033567223198595,23.90218497363796,2196981,52801290.55,2.3537,,,否,,,,,,否,373340000,93340000,8972691987.11,2243293164.61,,,,24.77,25.97,26.92,26.59,25.46,23.94,11.49,2016-11-10,-
2017-04-19,603556,XD海兴电,电网设备,23.808340509666085,24.559096221441127,23.808340509666085,24.530942882249562,23.808340509666085,2398145,58828758.02,2.5693,,,否,,,,,,否,373340000,93340000,9158382215.66,2289718208.63,,,,24.60,25.57,26.82,26.54,25.50,24.15,11.59,2016-11-10,-
2017-04-20,603556,XD海兴电,电网设备,24.690478471001757,24.91570518453427,24.39017618629174,24.868782952548333,24.39017618629174,2518683,62636580.85,2.6984,,,否,,,,,,否,373340000,93340000,9284511427.50,2321252200.79,,,,24.47,25.25,26.75,26.50,25.53,24.35,11.68,2016-11-10,-
2017-04-21,603556,XD海兴电,电网设备,24.887551845342706,25.065856326889282,24.615402899824254,24.943858523725837,24.615402899824254,1663438,41492562.13,1.7821,,,否,,,,,,否,373340000,93340000,9312540141.25,2328259754.60,,,,24.54,24.98,26.64,26.46,25.57,24.56,11.79,2016-11-10,-
2017-04-24,603556,XD海兴电,电网设备,24.962627416520213,25.628923110720564,23.95849165202109,25.187854130052724,23.95849165202109,3141962,79139280.54,3.3661,,,否,,,,,,否,373340000,93340000,9403633460.91,2351034304.50,,,,24.71,24.93,26.47,26.45,25.61,24.77,11.89,2016-11-10,-
2017-04-25,603556,XD海兴电,电网设备,25.187854130052724,25.51630975395431,25.000165202108967,25.140931898066786,25.000165202108967,1774272,44606851.52,1.9009,,,否,,,,,,否,373340000,93340000,9386115514.82,2346654583.37,,,,24.93,24.85,26.30,26.44,25.65,24.97,11.99,2016-11-10,-
2017-04-26,603556,XD海兴电,电网设备,25.065856326889282,25.478771968365553,25.037702987697717,25.338005272407734,25.037702987697717,1489063,37729886.14,1.5953,,,否,,,,,,否,373340000,93340000,9459690888.40,2365049412.13,,,,25.09,24.84,26.09,26.43,25.68,25.19,12.09,2016-11-10,-
2017-04-27,603556,XD海兴电,电网设备,25.338005272407734,25.675845342706502,24.82186072056239,25.544463093145872,24.82186072056239,2496351,63767945.99,2.6745,,,否,,,,,,否,373340000,93340000,9536769851.20,2384320185.11,,,,25.23,24.86,25.94,26.41,25.71,25.40,12.19,2016-11-10,-
2017-04-28,603556,XD海兴电,电网设备,25.544463093145872,26.04183875219684,25.488156414762745,25.863534270650263,25.488156414762745,2373183,61378899.85,2.5425,,,否,,,,,,否,373340000,93340000,9655891884.60,2414102288.82,,,,25.41,24.97,25.85,26.42,25.75,25.62,12.29,2016-11-10,-
2017-05-02,603556,XD海兴电,电网设备,25.863534270650263,26.27644991212654,25.77907425307557,26.107529876977154,25.77907425307557,2606594,68051730.73,2.7926,,,否,,,,,,否,373340000,93340000,9746985204.27,2436876838.72,,,,25.60,25.16,25.76,26.40,25.80,25.84,12.40,2016-11-10,-
2017-05-03,603556,XD海兴电,电网设备,25.957378734622147,26.26706546572935,25.685229789103694,25.98553207381371,25.685229789103694,2073500,53881000.76,2.2214,,,否,,,,,,否,373340000,93340000,9701438544.44,2425489563.77,,,,25.77,25.35,25.66,26.40,25.84,26.05,12.50,2016-11-10,-
2017-05-04,603556,XD海兴电,电网设备,25.957378734622147,26.2295276801406,25.760305360281198,25.919840949033393,25.760305360281198,1960600,50818440.16,2.1005,,,否,,,,,,否,373340000,93340000,9676913419.91,2419357954.18,,,,25.88,25.49,25.54,26.38,25.88,26.27,12.60,2016-11-10,-
2017-05-05,603556,XD海兴电,电网设备,25.919840949033393,26.08876098418278,25.488156414762745,25.535078646748683,25.488156414762745,1512390,38618997.59,1.6203,,,否,,,,,,否,380527000,93340000,9716786872.21,2383444240.89,,,,25.88,25.55,25.40,26.34,25.91,26.48,12.71,2016-11-10,-
2017-05-08,603556,XD海兴电,电网设备,25.40369639718805,25.40369639718805,24.380791739894555,24.399560632688928,24.380791739894555,2404016,58656934.15,2.5755,,,否,,,,,,否,380527000,93340000,9284691608.88,2277454989.46,,,,25.59,25.51,25.24,26.26,25.91,26.68,12.81,2016-11-10,-
2017-05-09,603556,XD海兴电,电网设备,24.136796133567664,25.16908523725835,24.136796133567664,24.934474077328648,24.136796133567664,1384424,34519884.34,1.4832,,,否,,,,,,否,380527000,93340000,9488240617.22,2327383810.38,,,,25.36,25.48,25.21,26.15,25.91,26.89,12.90,2016-11-10,-
2017-05-10,603556,XD海兴电,电网设备,24.82186072056239,25.488156414762745,24.82186072056239,25.01893409490334,24.82186072056239,1879728,47028790.95,2.0139,,,否,,,,,,否,380527000,93340000,9520379934.33,2335267308.42,,,,25.16,25.47,25.16,26.01,25.92,26.93,13.01,2016-11-10,-
2017-05-11,603556,XD海兴电,电网设备,24.83124516695958,25.92922539543058,24.765554042179264,25.919840949033393,24.765554042179264,3300317,85543691.72,3.5358,,,否,,,,,,否,380527000,93340000,9863199316.81,2419357954.18,,,,25.16,25.53,25.19,25.90,25.92,26.97,13.11,2016-11-10,-
2017-05-12,603556,XD海兴电,电网设备,25.891687609841828,26.19198989455185,25.69461423550088,25.98553207381371,25.69461423550088,1971582,51232607.30,2.1123,,,否,,,,,,否,380527000,93340000,9888196563.45,2425489563.77,,,,25.25,25.56,25.21,25.82,25.93,26.99,13.21,2016-11-10,-
2017-05-15,603556,XD海兴电,电网设备,26.00430096660809,26.257681019332164,25.854149824253078,26.060607644991215,25.854149824253078,1554008,40498392.77,1.6649,,,否,,,,,,否,380527000,93340000,9916764845.33,2432497117.58,,,,25.58,25.59,25.28,25.76,25.95,26.99,13.32,2016-11-10,-
2017-05-16,603556,XD海兴电,电网设备,26.154452108963095,26.933361159929703,25.816612038664328,26.914592267135326,25.816612038664328,3025594,81432628.88,3.2415,,,否,,,,,,否,380527000,93340000,10241729051.64,2512208042.21,,,,25.98,25.67,25.41,25.73,25.98,26.97,13.43,2016-11-10,-
2017-05-17,603556,XD海兴电,电网设备,26.75505667838313,27.177356766256594,26.633058875219685,26.679981107205627,26.633058875219685,1998129,53310043.97,2.1407,,,否,,,,,,否,380527000,93340000,10152453170.78,2490309436.55,,,,26.31,25.74,25.54,25.69,26.00,26.93,13.53,2016-11-10,-
2017-05-18,603556,XD海兴电,电网设备,26.548598857644993,26.745672231985942,26.210758787346222,26.238912126537787,26.210758787346222,1682300,44141721.87,1.8023,,,否,,,,,,否,380527000,93340000,9984614514.78,2449140057.89,,,,26.38,25.77,25.63,25.61,26.03,26.86,13.64,2016-11-10,-
2017-05-19,603556,XD海兴电,电网设备,26.210758787346222,26.454754393673113,26.116914323374342,26.154452108963095,26.116914323374342,941503,24624495.12,1.0087,,,否,,,,,,否,380527000,93340000,9952475197.67,2441256559.85,,,,26.41,25.84,25.69,25.54,26.05,26.79,13.74,2016-11-10,-
2017-05-22,603556,XD海兴电,电网设备,26.154452108963095,26.708134446397192,26.060607644991215,26.248296572934976,26.060607644991215,1660878,43595218.32,1.7794,,,否,,,,,,否,380527000,93340000,9988185550.01,2450016002.12,,,,26.45,26.01,25.76,25.50,26.08,26.70,13.85,2016-11-10,-
2017-05-23,603556,XD海兴电,电网设备,26.00430096660809,26.19198989455185,25.112778558875224,25.50692530755712,25.112778558875224,2133093,54408643.83,2.2853,,,否,,,,,,否,380527000,93340000,9706073766.51,2380816408.21,,,,26.16,26.07,25.78,25.49,26.09,26.60,13.95,2016-11-10,-
2017-05-24,603556,XD海兴电,电网设备,25.40369639718805,26.50167662565905,25.140931898066786,26.342141036906856,25.140931898066786,2065555,54411141.13,2.2129,,,否,,,,,,否,380527000,93340000,10023895902.35,2458775444.38,,,,26.10,26.20,25.84,25.51,26.10,26.50,14.06,2016-11-10,-
2017-05-25,603556,XD海兴电,电网设备,26.435985500878736,26.923976713532515,26.210758787346222,26.820747803163446,26.210758787346222,2271581,60925501.12,2.4337,,,否,,,,,,否,380527000,93340000,10206018699.29,2503448599.95,,,,26.21,26.30,25.91,25.55,26.12,26.42,14.16,2016-11-10,-
2017-05-26,603556,XD海兴电,电网设备,26.90520782073814,27.27120123022847,26.65182776801406,26.76444112478032,26.65182776801406,1977075,52915307.44,2.1181,,,否,,,,,,否,380527000,93340000,10184592487.89,2498192934.59,,,,26.33,26.37,25.97,25.60,26.14,26.35,14.27,2016-11-10,-
2017-05-31,603556,XD海兴电,电网设备,27.017821177504395,27.468274604569423,26.67059666080844,26.820747803163446,26.67059666080844,2027469,54378234.73,2.1721,,,否,,,,,,否,380527000,93340000,10206018699.29,2503448599.95,,,,26.45,26.45,26.01,25.67,26.16,26.29,14.38,2016-11-10,-
2017-06-01,603556,XD海兴电,电网设备,26.717518892794377,26.95213005272408,26.08876098418278,26.107529876977154,26.08876098418278,1354300,35357427.71,1.4509,,,否,,,,,,否,380527000,93340000,9934620021.50,2436876838.72,,,,26.57,26.37,26.01,25.73,26.17,26.23,14.48,2016-11-10,-
2017-06-02,603556,XD海兴电,电网设备,26.116914323374342,27.33689235500879,25.90107205623902,27.289970123022847,25.90107205623902,2416979,65959284.70,2.5894,,,否,,,,,,否,380527000,93340000,10384570461.00,2547245811.28,,,,26.76,26.43,26.08,25.84,26.21,26.17,14.59,2016-11-10,-
2017-06-05,603556,XD海兴电,电网设备,27.42135237258348,27.552734622144115,27.055358963093145,27.24304789103691,27.055358963093145,1531718,41728666.83,1.6410,,,否,,,,,,否,380527000,93340000,10366715284.83,2542866090.15,,,,26.85,26.53,26.15,25.93,26.24,26.13,14.70,2016-11-10,-
2017-06-06,603556,XD海兴电,电网设备,27.23366344463972,27.23366344463972,26.914592267135326,27.121050087873463,26.914592267135326,1166600,31639417.03,1.2498,,,否,,,,,,否,380527000,93340000,10320291826.79,2531478815.20,,,,26.91,26.62,26.23,26.00,26.26,26.08,14.81,2016-11-10,-
2017-06-07,603556,XD海兴电,电网设备,27.074127855887525,27.68411687170475,27.027205623901583,27.665347978910372,27.027205623901583,2799323,77444244.90,2.9991,,,否,,,,,,否,380527000,93340000,10527411870.37,2582283580.35,,,,27.08,26.76,26.39,26.10,26.28,26.03,14.92,2016-11-10,-
2017-06-08,603556,XD海兴电,电网设备,27.674732425307557,27.68411687170475,27.214894551845344,27.224278998242536,27.214894551845344,1587166,43209450.00,1.7004,,,否,,,,,,否,380527000,93340000,10359573214.36,2541114201.70,,,,27.31,26.94,26.51,26.16,26.30,25.99,15.02,2016-11-10,-
2017-06-09,603556,XD海兴电,电网设备,27.18674121265378,27.449505711775046,27.017821177504395,27.092896748681902,27.017821177504395,1158958,31399529.43,1.2417,,,否,,,,,,否,380527000,93340000,10309578721.09,2528850982.52,,,,27.27,27.02,26.61,26.23,26.33,25.93,15.14,2016-11-10,-
2017-06-12,603556,XD海兴电,电网设备,27.017821177504395,27.571503514938488,26.839516695957823,27.23366344463972,26.839516695957823,1475992,40196669.37,1.5813,,,否,,,,,,否,380527000,93340000,10363144249.60,2541990145.92,,,,27.27,27.06,26.68,26.30,26.36,25.89,15.25,2016-11-10,-
2017-06-13,603556,XD海兴电,电网设备,27.13981898066784,27.590272407732865,27.130434534270652,27.571503514938488,27.130434534270652,1432241,39489037.77,1.5344,,,否,,,,,,否,380527000,93340000,10491701518.03,2573524138.08,,,,27.36,27.14,26.76,26.36,26.39,25.88,15.35,2016-11-10,-
2017-06-14,603556,XD海兴电,电网设备,27.646579086115995,27.646579086115995,27.04597451669596,27.055358963093145,27.04597451669596,1284326,34747900.96,1.3760,,,否,,,,,,否,380527000,93340000,10295294580.15,2525347205.62,,,,27.23,27.16,26.80,26.40,26.41,25.87,15.47,2016-11-10,-
2017-06-15,603556,XD海兴电,电网设备,27.08351230228471,27.505812390158173,26.999052284710018,27.14920342706503,26.999052284710018,1197311,32506039.90,1.2827,,,否,,,,,,否,380527000,93340000,10331004932.49,2534106647.88,,,,27.22,27.26,26.82,26.44,26.42,25.86,15.57,2016-11-10,-
2017-06-16,603556,XD海兴电,电网设备,27.055358963093145,27.24304789103691,26.59552108963093,26.65182776801406,26.59552108963093,1626919,43360364.98,1.7430,,,否,,,,,,否,380527000,93340000,10141740065.08,2487681603.87,,,,27.13,27.21,26.81,26.45,26.43,25.84,15.68,2016-11-10,-
2017-06-19,603556,XD海兴电,电网设备,26.642443321616874,26.914592267135326,26.50167662565905,26.84890114235501,26.50167662565905,761072,20433946.89,0.8154,,,否,,,,,,否,380527000,93340000,10216731805.00,2506076432.63,,,,27.06,27.16,26.85,26.48,26.44,25.83,15.78,2016-11-10,-
2017-06-20,603556,XD海兴电,电网设备,27.111665641476275,27.111665641476275,26.708134446397192,26.745672231985942,26.708134446397192,823255,22018508.39,0.8820,,,否,,,,,,否,380527000,93340000,10177450417.42,2496441046.13,,,,26.89,27.12,26.88,26.53,26.44,25.82,15.90,2016-11-10,-
2017-06-21,603556,XD海兴电,电网设备,26.75505667838313,27.092896748681902,26.548598857644993,26.586136643233743,26.548598857644993,1486475,39519627.47,1.5925,,,否,,,,,,否,380527000,93340000,10116742818.44,2481549994.28,,,,26.79,27.02,26.90,26.60,26.43,25.80,16.00,2016-11-10,-
2017-06-22,603556,XD海兴电,电网设备,26.604905536028124,26.76444112478032,25.647692003514937,25.713383128295256,25.647692003514937,1860284,47834195.22,1.9930,,,否,,,,,,否,380527000,93340000,9784636541.66,2400087181.20,,,,26.51,26.87,26.91,26.62,26.39,25.77,16.10,2016-11-10,-
2017-06-23,603556,XD海兴电,电网设备,25.769689806678386,26.03245430579965,25.347389718804923,25.685229789103694,25.347389718804923,1438830,36956679.18,1.5415,,,否,,,,,,否,380527000,93340000,9773923435.96,2397459348.51,,,,26.31,26.73,26.87,26.65,26.33,25.75,16.21,2016-11-10,-
2017-06-26,603556,XD海兴电,电网设备,25.713383128295256,25.74153646748682,25.347389718804923,25.722767574692444,25.347389718804923,1312380,33758045.71,1.4060,,,否,,,,,,否,380527000,93340000,9788207576.89,2400963125.42,,,,26.09,26.58,26.81,26.64,26.27,25.74,16.31,2016-11-10,-
2017-06-27,603556,XD海兴电,电网设备,25.854149824253078,26.08876098418278,25.74153646748682,25.891687609841828,25.74153646748682,817306,21161431.63,0.8756,,,否,,,,,,否,380527000,93340000,9852486211.11,2416730121.50,,,,25.92,26.41,26.77,26.64,26.23,25.73,16.41,2016-11-10,-
2017-06-28,603556,XD海兴电,电网设备,25.891687609841828,25.891687609841828,25.413080843585238,25.572616432337437,25.413080843585238,929400,23767189.71,0.9957,,,否,,,,,,否,380527000,93340000,9731071013.15,2386948017.79,,,,25.71,26.26,26.71,26.62,26.19,25.71,16.52,2016-11-10,-
2017-06-29,603556,XD海兴电,电网设备,25.572616432337437,25.760305360281198,25.45061862917399,25.525694200351495,25.45061862917399,859479,21938798.13,0.9208,,,否,,,,,,否,380527000,93340000,9713215836.98,2382568296.66,,,,25.68,26.10,26.68,26.58,26.15,25.71,16.62,2016-11-10,-
2017-06-30,603556,XD海兴电,电网设备,25.46938752196837,25.666460896309317,25.347389718804923,25.478771968365553,25.347389718804923,745508,18994628.33,0.7987,,,否,,,,,,否,380527000,93340000,9695360660.81,2378188575.53,,,,25.64,25.98,26.59,26.54,26.11,25.70,16.71,2016-11-10,-
2017-07-03,603556,XD海兴电,电网设备,25.45061862917399,25.75092091388401,25.45061862917399,25.600769771529002,25.45061862917399,1114511,28532339.52,1.1940,,,否,,,,,,否,380527000,93340000,9741784118.85,2389575850.47,,,,25.61,25.85,26.51,26.51,26.06,25.70,16.82,2016-11-10,-
2017-07-04,603556,XD海兴电,电网设备,25.610154217926187,25.788458699472763,25.478771968365553,25.525694200351495,25.478771968365553,898472,22934121.52,0.9626,,,否,,,,,,否,380527000,93340000,9713215836.98,2382568296.66,,,,25.54,25.73,26.43,26.49,26.02,25.69,16.92,2016-11-10,-
2017-07-05,603556,XD海兴电,电网设备,25.525694200351495,25.628923110720564,25.45061862917399,25.619538664323375,25.45061862917399,842698,21589533.99,0.9028,,,否,,,,,,否,380527000,93340000,9748926189.32,2391327738.93,,,,25.55,25.64,26.32,26.47,25.99,25.69,17.02,2016-11-10,-
2017-07-06,603556,XD海兴电,电网设备,25.572616432337437,25.70399868189807,24.887551845342706,24.934474077328648,24.887551845342706,1900160,47379490.26,2.0357,,,否,,,,,,否,380527000,93340000,9488240617.22,2327383810.38,,,,25.43,25.55,26.21,26.45,25.98,25.68,17.13,2016-11-10,-
2017-07-07,603556,XD海兴电,电网设备,24.906320738137083,25.328620826010546,24.906320738137083,25.103394112478032,24.906320738137083,1190276,29879967.53,1.2752,,,否,,,,,,否,380527000,93340000,9552519251.44,2343150806.46,,,,25.36,25.50,26.11,26.41,25.96,25.68,17.22,2016-11-10,-
2017-07-10,603556,XD海兴电,电网设备,24.962627416520213,25.178469683655536,24.39017618629174,24.58724956063269,24.39017618629174,1461398,35931757.33,1.5657,,,否,,,,,,否,380527000,93340000,9356112313.56,2294973873.99,,,,25.15,25.38,25.98,26.34,25.95,25.68,17.32,2016-11-10,-
2017-07-11,603556,XD海兴电,电网设备,24.51217398945519,24.69986291739895,24.09925834797891,24.16494947275923,24.09925834797891,1322603,31960634.67,1.4170,,,否,,,,,,否,380527000,93340000,9195415728.02,2255556383.79,,,,24.88,25.22,25.81,26.25,25.93,25.67,17.42,2016-11-10,-
2017-07-12,603556,XD海兴电,电网设备,24.146180579964852,24.399560632688928,23.7144960456942,24.221256151142356,23.7144960456942,1539159,37280364.40,1.6490,,,否,,,,,,否,380527000,93340000,9216841939.43,2260812049.15,,,,24.61,25.08,25.67,26.16,25.92,25.68,17.52,2016-11-10,-
2017-07-13,603556,XD海兴电,电网设备,24.127411687170476,24.315100615114236,24.09925834797891,24.305716168717048,24.09925834797891,955748,23230139.62,1.0239,,,否,,,,,,否,380527000,93340000,9248981256.53,2268695547.19,,,,24.47,24.95,25.53,26.11,25.92,25.68,17.61,2016-11-10,-
2017-07-14,603556,XD海兴电,电网设备,24.146180579964852,24.305716168717048,24.146180579964852,24.193102811950794,24.146180579964852,561206,13577314.46,0.6012,,,否,,,,,,否,380527000,93340000,9206128833.72,2258184216.47,,,,24.30,24.82,25.40,26.00,25.92,25.69,17.71,2016-11-10,-
2017-07-17,603556,XD海兴电,电网设备,24.20248725834798,24.20248725834798,22.982509226713532,23.076353690685416,22.982509226713532,1768437,40809077.69,1.8946,,,否,,,,,,否,380527000,93340000,8781175640.86,2153946853.49,,,,24.00,24.58,25.22,25.86,25.89,25.69,17.80,2016-11-10,-
2017-07-18,603556,XD海兴电,电网设备,23.029431458699474,23.310964850615115,23.029431458699474,23.2452737258348,23.029431458699474,670600,15588280.56,0.7184,,,否,,,,,,否,380527000,93340000,8845454275.07,2169713849.57,,,,23.81,24.34,25.04,25.73,25.87,25.69,17.90,2016-11-10,-
2017-07-19,603556,XD海兴电,电网设备,23.113891476274166,23.395424868189806,23.113891476274166,23.376655975395433,23.113891476274166,820386,19177881.29,0.8789,,,否,,,,,,否,380527000,93340000,8895448768.35,2181977068.74,,,,23.64,24.12,24.88,25.59,25.84,25.70,17.99,2016-11-10,-
2017-07-20,603556,XD海兴电,电网设备,23.36727152899824,23.498653778558875,23.17958260105448,23.217120386643234,23.17958260105448,709694,16477051.04,0.7603,,,否,,,,,,否,380527000,93340000,8834741169.37,2167086016.89,,,,23.42,23.95,24.76,25.46,25.81,25.71,18.08,2016-11-10,-
2017-07-21,603556,XD海兴电,电网设备,23.170198154657296,23.273427065026365,22.635284710017576,22.682206942003518,22.635284710017576,1096253,24865437.41,1.1745,,,否,,,,,,否,380527000,93340000,8631192161.02,2117157195.97,,,,23.12,23.71,24.61,25.31,25.77,25.70,18.18,2016-11-10,-
2017-07-24,603556,XD海兴电,电网设备,22.96374033391916,24.380791739894555,22.663438049209137,24.193102811950794,22.663438049209137,2132924,51602049.62,2.2851,,,否,,,,,,否,380527000,93340000,9206128833.72,2258184216.47,,,,23.34,23.67,24.52,25.21,25.75,25.71,18.27,2016-11-10,-
2017-07-25,603556,XD海兴电,电网设备,24.16494947275923,24.193102811950794,23.508038224956067,23.611267135325132,23.508038224956067,1201716,28374037.50,1.2875,,,否,,,,,,否,380527000,93340000,8984724649.20,2203875674.41,,,,23.41,23.61,24.41,25.08,25.71,25.71,18.37,2016-11-10,-
2017-07-26,603556,XD海兴电,电网设备,23.601882688927944,24.071105008787345,23.53619156414763,23.97726054481547,23.53619156414763,893829,21431570.82,0.9576,,,否,,,,,,否,380527000,93340000,9123995023.34,2238037499.25,,,,23.54,23.59,24.33,24.97,25.69,25.72,18.46,2016-11-10,-
2017-07-27,603556,XD海兴电,电网设备,23.91156942003515,24.371407293497363,23.686342706502636,24.20248725834798,23.686342706502636,945935,22893979.78,1.0134,,,否,,,,,,否,380527000,93340000,9209699868.96,2259060160.69,,,,23.73,23.57,24.27,24.88,25.66,25.72,18.55,2016-11-10,-
2017-07-28,603556,XD海兴电,电网设备,24.089873901581726,24.28694727592267,23.930338312829527,23.949107205623903,23.930338312829527,535063,12814281.15,0.5732,,,否,,,,,,否,380527000,93340000,9113281917.63,2235409666.57,,,,23.99,23.55,24.19,24.78,25.62,25.73,18.66,2016-11-10,-
2017-07-31,603556,XD海兴电,电网设备,24.136796133567664,24.136796133567664,23.611267135325132,23.658189367311074,23.611267135325132,786009,18595549.77,0.8421,,,否,,,,,,否,380527000,93340000,9002579825.37,2208255395.54,,,,23.88,23.61,24.09,24.68,25.58,25.73,18.75,2016-11-10,-
2017-08-01,603556,XD海兴电,电网设备,23.63003602811951,23.855262741652023,23.564344903339194,23.78018717047452,23.564344903339194,864960,20568910.69,0.9267,,,否,,,,,,否,380527000,93340000,9049003283.42,2219642670.49,,,,23.91,23.67,24.01,24.58,25.55,25.73,18.84,2016-11-10,-
2017-08-02,603556,XD海兴电,电网设备,23.686342706502636,23.742649384885766,23.188967047451673,23.226504833040423,23.188967047451673,953900,22155762.96,1.0220,,,否,,,,,,否,380527000,93340000,8838312204.60,2167961961.12,,,,23.76,23.65,23.88,24.47,25.54,25.72,18.94,2016-11-10,-
2017-08-03,603556,XD海兴电,电网设备,23.217120386643234,23.639420474516697,23.217120386643234,23.43296265377856,23.217120386643234,648760,15202368.85,0.6951,,,否,,,,,,否,380527000,93340000,8916874979.75,2187232734.10,,,,23.61,23.67,23.81,24.39,25.51,25.71,19.03,2016-11-10,-
2017-08-04,603556,XD海兴电,电网设备,23.48926933216169,23.611267135325132,23.198351493848858,23.198351493848858,23.198351493848858,672129,15592284.79,0.7201,,,否,,,,,,否,380527000,93340000,8827599098.90,2165334128.44,,,,23.46,23.72,23.71,24.31,25.48,25.69,19.13,2016-11-10,-
2017-08-07,603556,XD海兴电,电网设备,23.217120386643234,23.38604042179262,23.132660369068542,23.32973374340949,23.132660369068542,407877,9515661.81,0.4370,,,否,,,,,,否,380527000,93340000,8877593592.18,2177597347.61,,,,23.40,23.64,23.65,24.23,25.43,25.68,19.22,2016-11-10,-
2017-08-08,603556,XD海兴电,电网设备,23.310964850615115,23.52680711775044,23.123275922671354,23.498653778558875,23.123275922671354,697064,16380065.60,0.7468,,,否,,,,,,否,380527000,93340000,8941872226.39,2193364343.69,,,,23.34,23.63,23.62,24.15,25.39,25.67,19.31,2016-11-10,-
2017-08-09,603556,XD海兴电,电网设备,23.43296265377856,23.43296265377856,23.226504833040423,23.264042618629176,23.226504833040423,560808,13046661.21,0.6008,,,否,,,,,,否,380527000,93340000,8852596345.54,2171465738.02,,,,23.35,23.55,23.57,24.07,25.35,25.65,19.41,2016-11-10,-
2017-08-10,603556,XD海兴电,电网设备,23.264042618629176,23.42357820738137,23.05758479789104,23.113891476274166,23.05758479789104,688800,15920848.45,0.7379,,,否,,,,,,否,380527000,93340000,8795459781.79,2157450630.40,,,,23.28,23.44,23.51,24.00,25.28,25.63,19.49,2016-11-10,-
2017-08-11,603556,XD海兴电,电网设备,23.029431458699474,23.188967047451673,22.841742530755713,22.86989586994728,22.841742530755713,577661,13211046.92,0.6189,,,否,,,,,,否,380527000,93340000,8702612865.70,2134676080.50,,,,23.22,23.34,23.44,23.90,25.22,25.61,19.59,2016-11-10,-
2017-08-14,603556,XD海兴电,电网设备,22.804204745166963,23.132660369068542,22.804204745166963,23.123275922671354,22.804204745166963,514300,11892300.81,0.5510,,,否,,,,,,否,380527000,93340000,8799030817.03,2158326574.62,,,,23.17,23.28,23.45,23.83,25.17,25.60,19.68,2016-11-10,-
2017-08-15,603556,XD海兴电,电网设备,23.217120386643234,23.301580404217926,23.132660369068542,23.226504833040423,23.132660369068542,400543,9303213.93,0.4291,,,否,,,,,,否,380527000,93340000,8838312204.60,2167961961.12,,,,23.12,23.23,23.44,23.74,25.12,25.58,19.77,2016-11-10,-
2017-08-16,603556,XD海兴电,电网设备,23.38604042179262,23.639420474516697,23.160813708260108,23.508038224956067,23.160813708260108,911861,21436063.24,0.9769,,,否,,,,,,否,380527000,93340000,8945443261.63,2194240287.92,,,,23.17,23.25,23.45,23.68,25.08,25.57,19.87,2016-11-10,-
2017-08-17,603556,XD海兴电,电网设备,23.508038224956067,23.620651581722324,23.33911818980668,23.611267135325132,23.33911818980668,666170,15729117.83,0.7137,,,否,,,,,,否,380527000,93340000,8984724649.20,2203875674.41,,,,23.26,23.27,23.47,23.63,25.05,25.56,19.96,2016-11-10,-
2017-08-18,603556,XD海兴电,电网设备,23.395424868189806,23.808340509666085,23.395424868189806,23.498653778558875,23.395424868189806,854615,20082302.00,0.9156,,,否,,,,,,否,380527000,93340000,8941872226.39,2193364343.69,,,,23.40,23.30,23.52,23.57,24.99,25.54,20.05,2016-11-10,-
2017-08-21,603556,XD海兴电,电网设备,23.564344903339194,24.230640597539544,23.564344903339194,24.16494947275923,23.564344903339194,1396564,33747898.50,1.4962,,,否,,,,,,否,380527000,93340000,9195415728.02,2255556383.79,,,,23.60,23.39,23.51,23.56,24.95,25.54,20.15,2016-11-10,-
2017-08-22,603556,XD海兴电,电网设备,24.315100615114236,24.324485061511428,23.86464718804921,23.892800527240777,23.86464718804921,1057400,25264247.28,1.1328,,,否,,,,,,否,380527000,93340000,9091855706.23,2230154001.21,,,,23.73,23.42,23.53,23.55,24.91,25.52,20.24,2016-11-10,-
2017-08-23,603556,XD海兴电,电网设备,24.00541388400703,24.230640597539544,23.827109402460458,23.986644991212653,23.827109402460458,943877,22640442.51,1.0112,,,否,,,,,,否,380527000,93340000,9127566058.57,2238913443.48,,,,23.83,23.50,23.53,23.55,24.86,25.51,20.35,2016-11-10,-
2017-08-24,603556,XD海兴电,电网设备,23.892800527240777,24.146180579964852,23.686342706502636,23.78018717047452,23.686342706502636,754373,17939131.14,0.8082,,,否,,,,,,否,380527000,93340000,9049003283.42,2219642670.49,,,,23.86,23.56,23.51,23.53,24.81,25.50,20.44,2016-11-10,-
2017-08-25,603556,XD海兴电,电网设备,23.798956063268893,24.06172056239016,23.798956063268893,24.02418277680141,23.798956063268893,750780,18036875.95,0.8043,,,否,,,,,,否,380527000,93340000,9141850199.51,2242417220.39,,,,23.97,23.69,23.51,23.53,24.77,25.49,20.53,2016-11-10,-
2017-08-28,603556,XD海兴电,电网设备,24.146180579964852,24.371407293497363,24.00541388400703,24.296331722319863,24.00541388400703,1914659,46519190.20,2.0513,,,否,,,,,,否,380527000,93340000,9245410221.30,2267819602.96,,,,24.00,23.80,23.55,23.56,24.71,25.47,20.63,2016-11-10,-
2017-08-29,603556,XD海兴电,电网设备,24.315100615114236,24.652940685413007,24.315100615114236,24.39017618629174,24.315100615114236,1664697,40602253.13,1.7835,,,否,,,,,,否,380527000,93340000,9281120573.64,2276579045.23,,,,24.10,23.91,23.57,23.60,24.67,25.46,20.73,2016-11-10,-
2017-08-30,603556,XD海兴电,电网设备,24.39017618629174,24.559096221441127,24.080489455184537,24.080489455184537,24.080489455184537,1117497,26909874.72,1.1972,,,否,,,,,,否,380527000,93340000,9163276410.91,2247672885.75,,,,24.12,23.98,23.61,23.63,24.61,25.44,20.82,2016-11-10,-
2017-08-31,603556,XD海兴电,电网设备,24.174333919156417,24.54971177504394,24.089873901581726,24.521558435852373,24.089873901581726,1470561,36060447.49,1.5755,,,否,,,,,,否,380192000,93340000,9322900344.84,2288842264.40,,,,24.26,24.06,23.67,23.67,24.56,25.43,20.93,2016-11-10,-
2017-09-01,603556,XD海兴电,电网设备,24.709247363796134,26.69875,24.69986291739895,25.70399868189807,24.69986291739895,4369212,112306219.49,4.6810,,,否,,,,,,否,380192000,93340000,9772454666.87,2399211236.97,,,,24.60,24.29,23.80,23.77,24.54,25.43,21.02,2016-11-10,-
2017-09-04,603556,XD海兴电,电网设备,25.797843145869948,26.28583435852373,25.544463093145872,25.854149824253078,25.544463093145872,2063230,53343057.54,2.2104,,,否,,,,,,否,380192000,93340000,9829540929.98,2413226344.60,,,,24.91,24.46,23.92,23.83,24.52,25.44,21.13,2016-11-10,-
2017-09-05,603556,XD海兴电,电网设备,25.685229789103694,25.966763181019335,25.384927504393676,25.572616432337437,25.384927504393676,1133408,28984208.05,1.2143,,,否,,,,,,否,380192000,93340000,9722504186.64,2386948017.79,,,,25.15,24.62,24.02,23.89,24.48,25.43,21.23,2016-11-10,-
2017-09-06,603556,XD海兴电,电网设备,25.544463093145872,25.891687609841828,25.441234182776803,25.59138532513181,25.441234182776803,1048367,26829163.86,1.1232,,,否,,,,,,否,380192000,93340000,9729639969.53,2388699906.25,,,,25.45,24.78,24.14,23.95,24.46,25.43,21.33,2016-11-10,-
2017-09-07,603556,XD海兴电,电网设备,25.713383128295256,25.760305360281198,25.300467486818984,25.35677416520211,25.300467486818984,1282324,32515600.07,1.3738,,,否,,,,,,否,380192000,93340000,9640442683.42,2366801300.58,,,,25.62,24.94,24.25,23.99,24.43,25.42,21.43,2016-11-10,-
2017-09-08,603556,XD海兴电,电网设备,25.27231414762742,25.51630975395431,25.150316344463974,25.216007469244293,25.150316344463974,825918,20826354.46,0.8848,,,否,,,,,,否,380192000,93340000,9586924311.75,2353662137.18,,,,25.52,25.06,24.37,24.02,24.41,25.41,21.54,2016-11-10,-
2017-09-11,603556,XD海兴电,电网设备,25.197238576449916,25.638307557117752,25.12216300527241,25.55384753954306,25.12216300527241,950779,24296061.61,1.0186,,,否,,,,,,否,380192000,93340000,9715368403.75,2385196129.34,,,,25.46,25.19,24.49,24.09,24.38,25.41,21.64,2016-11-10,-
2017-09-12,603556,XD海兴电,电网设备,25.769689806678386,25.807227592267136,25.178469683655536,25.225391915641477,25.178469683655536,1260200,31789038.89,1.3501,,,否,,,,,,否,380192000,93340000,9590492203.19,2354538081.41,,,,25.38,25.27,24.59,24.14,24.36,25.39,21.74,2016-11-10,-
2017-09-13,603556,XD海兴电,电网设备,25.225391915641477,25.3661586115993,24.709247363796134,24.953242970123025,24.709247363796134,1342381,33496759.25,1.4382,,,否,,,,,,否,380192000,93340000,9487023351.30,2329135698.83,,,,25.26,25.36,24.66,24.19,24.33,25.38,21.84,2016-11-10,-
2017-09-14,603556,XD海兴电,电网设备,24.953242970123025,25.08462521968366,24.7374007029877,24.840629613356768,24.7374007029877,791540,19662351.96,0.8480,,,否,,,,,,否,380192000,93340000,9444208653.96,2318624368.11,,,,25.16,25.38,24.73,24.24,24.32,25.35,21.94,2016-11-10,-
2017-09-15,603556,XD海兴电,电网设备,24.78432293497364,24.943858523725837,24.756169595782076,24.887551845342706,24.756169595782076,758519,18877680.94,0.8126,,,否,,,,,,否,380192000,93340000,9462048111.18,2323004089.24,,,,25.09,25.31,24.79,24.30,24.31,25.32,22.03,2016-11-10,-
2017-09-18,603556,XD海兴电,电网设备,24.765554042179264,24.990780755711775,24.7374007029877,24.9720118629174,24.7374007029877,706018,17630689.87,0.7564,,,否,,,,,,否,380192000,93340000,9494159134.19,2330887587.28,,,,24.97,25.22,24.83,24.35,24.29,25.28,22.14,2016-11-10,-
2017-09-19,603556,XD海兴电,电网设备,24.962627416520213,25.103394112478032,24.765554042179264,24.896936291739898,24.765554042179264,562081,13994094.85,0.6022,,,否,,,,,,否,380192000,93340000,9465616002.63,2323880033.47,,,,24.91,25.15,24.89,24.40,24.28,25.25,22.24,2016-11-10,-
2017-09-20,603556,XD海兴电,电网设备,24.962627416520213,24.962627416520213,24.568480667838315,24.79370738137083,24.568480667838315,1049029,26009318.06,1.1239,,,否,,,,,,否,380192000,93340000,9426369196.74,2314244646.98,,,,24.88,25.07,24.93,24.45,24.26,25.23,22.33,2016-11-10,-
2017-09-21,603556,XD海兴电,电网设备,24.79370738137083,24.82186072056239,24.59663400702988,24.606018453427065,24.59663400702988,668819,16456972.66,0.7165,,,否,,,,,,否,380192000,93340000,9355011367.85,2296725762.44,,,,24.83,24.99,24.96,24.50,24.25,25.20,22.44,2016-11-10,-
2017-09-22,603556,XD海兴电,电网设备,24.568480667838315,24.756169595782076,24.54971177504394,24.690478471001757,24.54971177504394,873823,21575107.97,0.9362,,,否,,,,,,否,380192000,93340000,9387122390.85,2304609260.48,,,,24.79,24.94,25.00,24.56,24.23,25.17,22.53,2016-11-10,-
2017-09-25,603556,XD海兴电,电网设备,24.59663400702988,24.83124516695958,24.315100615114236,24.35263840070299,24.315100615114236,937080,22820370.39,1.0039,,,否,,,,,,否,380192000,93340000,9258678298.84,2273075268.32,,,,24.67,24.82,25.00,24.61,24.21,25.14,22.64,2016-11-10,-
2017-09-26,603556,XD海兴电,电网设备,24.371407293497363,24.493405096660812,23.97726054481547,24.00541388400703,23.97726054481547,1143333,27446181.87,1.2249,,,否,,,,,,否,380192000,93340000,9126666315.39,2240665331.93,,,,24.49,24.70,24.98,24.62,24.18,25.10,22.73,2016-11-10,-
2017-09-27,603556,XD海兴电,电网设备,24.071105008787345,24.296331722319863,23.97726054481547,24.20248725834798,23.97726054481547,832067,20138090.97,0.8914,,,否,,,,,,否,380192000,93340000,9201592035.73,2259060160.69,,,,24.37,24.62,24.99,24.65,24.16,25.08,22.82,2016-11-10,-
2017-09-28,603556,XD海兴电,电网设备,24.24940949033392,24.296331722319863,23.949107205623903,23.95849165202109,23.949107205623903,1063400,25477460.02,1.1393,,,否,,,,,,否,380192000,93340000,9108826858.17,2236285610.80,,,,24.24,24.54,24.96,24.66,24.15,25.06,22.92,2016-11-10,-
2017-09-29,603556,XD海兴电,电网设备,24.080489455184537,24.54032732864675,23.96787609841828,24.399560632688928,23.96787609841828,960177,23427896.93,1.0287,,,否,,,,,,否,380192000,93340000,9276517756.06,2277454989.46,,,,24.18,24.48,24.90,24.69,24.14,25.05,23.02,2016-11-10,-
2017-10-09,603556,XD海兴电,电网设备,24.718631810193322,24.765554042179264,24.51217398945519,24.521558435852373,24.51217398945519,812556,19925139.44,0.8705,,,否,,,,,,否,380192000,93340000,9322900344.84,2288842264.40,,,,24.22,24.45,24.83,24.70,24.14,25.04,23.11,2016-11-10,-
2017-10-10,603556,XD海兴电,电网设备,24.521558435852373,24.868782952548333,24.35263840070299,24.85939850615114,24.35263840070299,1018165,25310969.48,1.0908,,,否,,,,,,否,380192000,93340000,9451344436.85,2320376256.56,,,,24.39,24.44,24.79,24.74,24.15,25.04,23.22,2016-11-10,-
2017-10-11,603556,XD海兴电,电网设备,24.887551845342706,24.962627416520213,24.690478471001757,24.709247363796134,24.690478471001757,949800,23468843.15,1.0176,,,否,,,,,,否,380192000,93340000,9394258173.74,2306361148.94,,,,24.49,24.43,24.75,24.76,24.16,25.04,23.31,2016-11-10,-
2017-10-12,603556,XD海兴电,电网设备,24.521558435852373,24.803091827768014,24.221256151142356,24.418329525483305,24.221256151142356,843200,20589535.46,0.9034,,,否,,,,,,否,380192000,93340000,9283653538.95,2279206877.91,,,,24.58,24.41,24.70,24.78,24.16,25.04,23.41,2016-11-10,-
2017-10-13,603556,XD海兴电,电网设备,24.305716168717048,24.662325131810196,24.305716168717048,24.577865114235504,24.305716168717048,901866,22165940.90,0.9662,,,否,,,,,,否,380192000,93340000,9344307693.51,2294097929.76,,,,24.62,24.40,24.67,24.80,24.16,25.04,23.51,2016-11-10,-
2017-10-16,603556,XD海兴电,电网设备,24.615402899824254,24.82186072056239,24.108642794376102,24.127411687170476,24.108642794376102,847680,20452324.34,0.9082,,,否,,,,,,否,380192000,93340000,9173048904.17,2252052606.88,,,,24.54,24.38,24.60,24.79,24.18,25.04,23.60,2016-11-10,-
2017-10-17,603556,XD海兴电,电网设备,24.071105008787345,24.296331722319863,23.92095386643234,24.127411687170476,23.92095386643234,451571,10895239.42,0.4838,,,否,,,,,,否,380192000,93340000,9173048904.17,2252052606.88,,,,24.39,24.39,24.55,24.78,24.19,25.03,23.71,2016-11-10,-
2017-10-18,603556,XD海兴电,电网设备,24.146180579964852,24.296331722319863,23.91156942003515,23.930338312829527,23.91156942003515,666300,15944784.42,0.7138,,,否,,,,,,否,380192000,93340000,9098123183.83,2233657778.12,,,,24.24,24.36,24.49,24.78,24.20,25.02,23.80,2016-11-10,-
2017-10-19,603556,XD海兴电,电网设备,23.845878295254835,24.02418277680141,23.545576010544817,23.573729349736382,23.545576010544817,771000,18175345.33,0.8260,,,否,,,,,,否,380192000,93340000,8962543308.93,2200371897.50,,,,24.07,24.32,24.43,24.75,24.21,25.01,23.89,2016-11-10,-
2017-10-20,603556,XD海兴电,电网设备,23.620651581722324,23.7144960456942,23.395424868189806,23.648804920913886,23.395424868189806,684465,16186779.26,0.7333,,,否,,,,,,否,380192000,93340000,8991086440.49,2207379451.32,,,,23.88,24.25,24.37,24.68,24.22,25.00,23.99,2016-11-10,-
2017-10-23,603556,XD海兴电,电网设备,23.7144960456942,23.930338312829527,23.63003602811951,23.883416080843585,23.63003602811951,629980,15046074.46,0.6749,,,否,,,,,,否,380192000,93340000,9080283726.61,2229278056.99,,,,23.84,24.18,24.32,24.62,24.22,24.98,24.08,2016-11-10,-
2017-10-24,603556,XD海兴电,电网设备,23.883416080843585,23.939722759226715,23.48926933216169,23.620651581722324,23.48926933216169,540100,12757513.92,0.5786,,,否,,,,,,否,380192000,93340000,8980382766.16,2204751618.64,,,,23.73,24.06,24.25,24.55,24.22,24.97,24.17,2016-11-10,-
2017-10-25,603556,XD海兴电,电网设备,23.620651581722324,24.305716168717048,23.59249824253076,24.21187170474517,23.59249824253076,1044068,25278840.47,1.1186,,,否,,,,,,否,380192000,93340000,9205159927.17,2259936104.92,,,,23.79,24.01,24.22,24.50,24.22,24.95,24.28,2016-11-10,-
2017-10-26,603556,XD海兴电,电网设备,24.108642794376102,24.155565026362037,23.86464718804921,24.071105008787345,23.86464718804921,774552,18644322.53,0.8298,,,否,,,,,,否,380192000,93340000,9151641555.50,2246796941.52,,,,23.88,23.98,24.19,24.47,24.22,24.93,24.37,2016-11-10,-
2017-10-27,603556,XD海兴电,电网设备,24.052336115992972,24.268178383128298,23.930338312829527,24.052336115992972,23.930338312829527,785922,18903260.10,0.8420,,,否,,,,,,否,380192000,93340000,9144505772.61,2245045053.07,,,,23.97,23.92,24.16,24.42,24.22,24.93,24.47,2016-11-10,-
2017-10-30,603556,XD海兴电,电网设备,23.930338312829527,24.080489455184537,23.132660369068542,23.855262741652023,23.132660369068542,1738990,41484063.36,1.8631,,,否,,,,,,否,380192000,93340000,9069580052.27,2226650224.31,,,,23.96,23.90,24.14,24.36,24.23,24.91,24.56,2016-11-10,-
2017-10-31,603556,XD海兴电,电网设备,23.7144960456942,24.43709841827768,23.63003602811951,24.315100615114236,23.63003602811951,1571962,38222414.19,1.6841,,,否,,,,,,否,380192000,93340000,9244406733.06,2269571491.41,,,,24.10,23.92,24.16,24.33,24.24,24.90,24.66,2016-11-10,-
2017-11-01,603556,XD海兴电,电网设备,24.155565026362037,24.371407293497363,23.986644991212653,24.277562829525486,23.986644991212653,1428111,34671054.53,1.5300,,,否,,,,,,否,380192000,93340000,9230135167.28,2266067714.51,,,,24.12,23.95,24.16,24.32,24.25,24.90,24.76,2016-11-10,-
2017-11-02,603556,XD海兴电,电网设备,24.193102811950794,24.240025043936733,23.789571616871708,23.95849165202109,23.789571616871708,1114162,26693640.98,1.1937,,,否,,,,,,否,380192000,93340000,9108826858.17,2236285610.80,,,,24.09,23.99,24.16,24.29,24.26,24.89,24.85,2016-11-10,-
2017-11-03,603556,XD海兴电,电网设备,23.939722759226715,24.193102811950794,23.845878295254835,24.01479833040422,23.845878295254835,807999,19403933.04,0.8657,,,否,,,,,,否,380192000,93340000,9130234206.83,2241541276.16,,,,24.08,24.02,24.14,24.26,24.28,24.88,24.94,2016-11-10,-
2017-11-06,603556,XD海兴电,电网设备,24.080489455184537,24.080489455184537,23.395424868189806,23.827109402460458,23.395424868189806,1102990,26281063.40,1.1817,,,否,,,,,,否,380192000,93340000,9058876377.94,2224022391.63,,,,24.08,24.02,24.10,24.21,24.29,24.86,25.05,2016-11-10,-
2017-11-07,603556,XD海兴电,电网设备,23.564344903339194,23.770802724077328,23.15142926186292,23.273427065026365,23.15142926186292,1554934,36188643.04,1.6659,,,否,,,,,,否,380192000,93340000,8848370782.71,2172341682.25,,,,23.87,23.99,24.02,24.16,24.28,24.84,25.14,2016-11-10,-
2017-11-08,603556,XD海兴电,电网设备,23.273427065026365,23.53619156414763,23.170198154657296,23.414193760984183,23.170198154657296,851998,19948846.26,0.9128,,,否,,,,,,否,380192000,93340000,8901889154.38,2185480845.65,,,,23.70,23.90,23.96,24.12,24.29,24.81,25.23,2016-11-10,-
2017-11-09,603556,XD海兴电,电网设备,23.414193760984183,23.554960456942005,23.217120386643234,23.498653778558875,23.217120386643234,651416,15307399.05,0.6979,,,否,,,,,,否,380192000,93340000,8934000177.38,2193364343.69,,,,23.60,23.85,23.91,24.08,24.29,24.78,25.33,2016-11-10,-
2017-11-10,603556,XD海兴电,电网设备,23.42357820738137,24.3432539543058,23.42357820738137,24.118027240773287,23.42357820738137,1611870,38875124.57,1.2745,,,否,,,,,,否,380192000,126470440,9169481012.72,3050217517.07,,,,23.63,23.86,23.89,24.06,24.32,24.77,25.42,2016-11-10,-
2017-11-13,603556,XD海兴电,电网设备,24.00541388400703,24.484020650263624,24.00541388400703,24.324485061511428,24.00541388400703,1352933,32909398.55,1.0698,,,否,,,,,,否,380192000,126470440,9247974624.51,3076328328.50,,,,23.72,23.90,23.90,24.06,24.33,24.75,25.52,2016-11-10,-
2017-11-14,603556,XD海兴电,电网设备,24.324485061511428,24.465251757469247,24.02418277680141,24.033567223198595,24.02418277680141,1210984,29104265.37,0.9575,,,否,,,,,,否,380192000,126470440,9137369989.72,3039535821.49,,,,23.87,23.87,23.89,24.06,24.34,24.73,25.61,2016-11-10,-
2017-11-15,603556,XD海兴电,电网设备,24.033567223198595,24.324485061511428,23.798956063268893,24.146180579964852,23.798956063268893,921664,22254665.38,0.7288,,,否,,,,,,否,380192000,126470440,9180184687.06,3053778082.27,,,,24.02,23.86,23.90,24.06,24.35,24.72,25.71,2016-11-10,-
2017-11-16,603556,XD海兴电,电网设备,24.02418277680141,24.35263840070299,24.02418277680141,24.080489455184537,24.02418277680141,777180,18714874.79,0.6145,,,否,,,,,,否,380192000,126470440,9155209446.95,3045470096.81,,,,24.14,23.87,23.93,24.06,24.36,24.70,25.81,2016-11-10,-
2017-11-17,603556,XD海兴电,电网设备,24.033567223198595,24.221256151142356,22.973124780316347,23.05758479789104,22.973124780316347,1524752,35157098.54,1.2056,,,否,,,,,,否,380192000,126470440,8766309279.48,2916102894.73,,,,23.93,23.78,23.90,24.01,24.35,24.67,25.82,2016-11-10,-
2017-11-20,603556,XD海兴电,电网设备,22.86051142355009,23.226504833040423,22.67282249560633,23.170198154657296,22.67282249560633,634537,14702348.03,0.5017,,,否,,,,,,否,380192000,126470440,8809123976.82,2930345155.51,,,,23.70,23.71,23.86,23.98,24.33,24.64,25.83,2016-11-10,-
2017-11-21,603556,XD海兴电,电网设备,23.15142926186292,23.33911818980668,22.973124780316347,23.038815905096662,22.973124780316347,853709,19668444.49,0.6750,,,否,,,,,,否,380192000,126470440,8759173496.59,2913729184.60,,,,23.50,23.69,23.84,23.91,24.32,24.62,25.83,2016-11-10,-
2017-11-22,603556,XD海兴电,电网设备,22.991893673110724,23.15142926186292,22.17544683655536,22.297444639718808,22.17544683655536,1810103,40360671.43,1.4312,,,否,,,,,,否,380192000,126470440,8477310072.46,2819967634.46,,,,23.13,23.57,23.74,23.83,24.30,24.58,25.81,2016-11-10,-
2017-11-23,603556,XD海兴电,电网设备,22.090986818980667,22.28806019332162,21.480997803163447,21.584226713532516,21.480997803163447,1744326,37649927.85,1.3792,,,否,,,,,,否,380192000,126470440,8206150322.67,2729766649.52,,,,22.63,23.39,23.62,23.73,24.26,24.54,25.78,2016-11-10,-
2017-11-24,603556,XD海兴电,电网设备,21.46222891036907,21.978373462214414,21.452844463971882,21.85637565905097,21.452844463971882,1027044,22447459.48,0.8121,,,否,,,,,,否,380192000,126470440,8309619174.57,2764185446.41,,,,22.39,23.16,23.51,23.65,24.22,24.49,25.74,2016-11-10,-
2017-11-27,603556,XD海兴电,电网设备,21.968989015817225,21.968989015817225,21.640533391915643,21.771915641476276,21.640533391915643,339800,7398096.93,0.2687,,,否,,,,,,否,380192000,126470440,8277508151.56,2753503750.82,,,,22.11,22.91,23.40,23.56,24.18,24.45,25.69,2016-11-10,-
2017-11-28,603556,XD海兴电,电网设备,21.7531467486819,21.903297891036907,21.706224516695958,21.83760676625659,21.706224516695958,472211,10311958.13,0.3734,,,否,,,,,,否,380192000,126470440,8302483391.68,2761811736.28,,,,21.87,22.68,23.28,23.49,24.14,24.40,25.64,2016-11-10,-
2017-11-29,603556,XD海兴电,电网设备,21.84699121265378,22.297444639718808,21.734377855887523,22.147293497363798,21.734377855887523,642576,14231319.27,0.5081,,,否,,,,,,否,380192000,126470440,8420223809.35,2800977953.42,,,,21.84,22.49,23.17,23.43,24.11,24.36,25.58,2016-11-10,-
2017-11-30,603556,XD海兴电,电网设备,22.119140158172232,22.52267135325132,21.95022012302285,22.278675746924428,21.95022012302285,645578,14382622.93,0.5105,,,否,,,,,,否,380192000,126470440,8470174289.57,2817593924.33,,,,21.98,22.31,23.09,23.39,24.07,24.32,25.52,2016-11-10,-
2017-12-01,603556,XD海兴电,电网设备,22.10037126537786,22.28806019332162,21.771915641476276,22.090986818980667,21.771915641476276,790894,17471628.93,0.6254,,,否,,,,,,否,380192000,126470440,8398816460.68,2793856823.03,,,,22.03,22.20,22.99,23.34,24.01,24.28,25.45,2016-11-10,-
2017-12-04,603556,XD海兴电,电网设备,21.95022012302285,21.99714235500879,21.546688927943762,21.584226713532516,21.546688927943762,646146,13946561.75,0.5109,,,否,,,,,,否,380192000,126470440,8206150322.67,2729766649.52,,,,21.99,22.05,22.88,23.26,23.94,24.23,25.39,2016-11-10,-
2017-12-05,603556,XD海兴电,电网设备,21.509151142355012,21.734377855887523,20.711473198594025,20.98362214411248,20.711473198594025,903557,18959898.67,0.7144,,,否,,,,,,否,380192000,126470440,7977805270.21,2653807925.36,,,,21.82,21.85,22.77,23.17,23.86,24.17,25.34,2016-11-10,-
2017-12-06,603556,XD海兴电,电网设备,21.26515553602812,21.26515553602812,20.777164323374343,21.11500439367311,20.777164323374343,600020,12669424.94,0.4744,,,否,,,,,,否,380192000,126470440,8027755750.44,2670423896.27,,,,21.61,21.72,22.65,23.07,23.79,24.13,25.28,2016-11-10,-
2017-12-07,603556,XD海兴电,电网设备,21.068082161687173,21.237002196836556,20.974237697715292,21.03992882249561,20.974237697715292,396300,8338123.79,0.3134,,,否,,,,,,否,380192000,126470440,7999212618.88,2660929055.75,,,,21.36,21.67,22.53,22.96,23.71,24.07,25.23,2016-11-10,-
2017-12-08,603556,XD海兴电,电网设备,20.98362214411248,21.56545782073814,20.908546572934977,21.36838444639719,20.908546572934977,844950,18055216.44,0.6681,,,否,,,,,,否,380192000,126470440,8124088819.44,2702468983.03,,,,21.22,21.62,22.39,22.88,23.65,24.02,25.19,2016-11-10,-
2017-12-11,603556,XD海兴电,电网设备,21.359,21.584226713532516,21.30269332161687,21.330846660808437,21.30269332161687,659427,14066136.22,0.5214,,,否,,,,,,否,380192000,126470440,8109817253.67,2697721562.76,,,,21.17,21.57,22.24,22.79,23.58,23.99,25.14,2016-11-10,-
2017-12-12,603556,XD海兴电,电网设备,21.452844463971882,21.593611159929704,20.83347100175747,20.852239894551847,20.83347100175747,1018894,21246222.12,0.8056,,,否,,,,,,否,380192000,126470440,7927854789.99,2637191954.45,,,,21.14,21.48,22.08,22.68,23.51,23.93,25.09,2016-11-10,-
2017-12-13,603556,XD海兴电,电网设备,20.824086555360285,21.011775483304046,20.824086555360285,20.899162126537785,20.824086555360285,773166,16158521.58,0.6113,,,否,,,,,,否,380192000,126470440,7945694247.21,2643126229.77,,,,21.10,21.36,21.92,22.57,23.44,23.88,25.04,2016-11-10,-
2017-12-14,603556,XD海兴电,电网设备,20.99300659050967,20.99300659050967,20.767779876977155,20.880393233743412,20.767779876977155,686500,14334389.95,0.5428,,,否,,,,,,否,380192000,126470440,7938558464.32,2640752519.64,,,,21.07,21.22,21.76,22.47,23.38,23.85,24.99,2016-11-10,-
2017-12-15,603556,XD海兴电,电网设备,20.899162126537785,20.946084358523727,20.627013181019333,20.702088752196836,20.627013181019333,918227,19009216.85,0.7260,,,否,,,,,,否,380192000,126470440,7870768526.88,2618202273.41,,,,20.94,21.08,21.64,22.35,23.30,23.81,24.94,2016-11-10,-
2017-12-18,603556,XD海兴电,电网设备,20.720857644991213,21.02115992970123,20.429939806678384,20.429939806678384,20.429939806678384,1208671,24693075.78,0.9557,,,否,,,,,,否,380192000,126470440,7767299674.98,2583783476.52,,,,20.75,20.96,21.51,22.24,23.23,23.76,24.90,2016-11-10,-
2017-12-19,603556,XD海兴电,电网设备,20.411170913884007,20.87100878734622,20.411170913884007,20.749010984182778,20.411170913884007,826734,17153912.85,0.6537,,,否,,,,,,否,380192000,126470440,7888607984.10,2624136548.73,,,,20.73,20.94,21.39,22.16,23.16,23.71,24.87,2016-11-10,-
2017-12-20,603556,XD海兴电,电网设备,20.702088752196836,20.8897776801406,20.673935413005275,20.749010984182778,20.673935413005275,785307,16294343.57,0.6209,,,否,,,,,,否,380192000,126470440,7888607984.10,2624136548.73,,,,20.70,20.90,21.31,22.06,23.10,23.68,24.83,2016-11-10,-
2017-12-21,603556,XD海兴电,电网设备,20.8897776801406,20.8897776801406,20.326710896309315,20.495630931458702,20.326710896309315,923119,18919906.33,0.7299,,,否,,,,,,否,380192000,126470440,7792274915.09,2592091461.98,,,,20.63,20.84,21.26,21.97,23.02,23.63,24.80,2016-11-10,-
2017-12-22,603556,XD海兴电,电网设备,20.383017574692442,20.664550966608086,20.383017574692442,20.627013181019333,20.383017574692442,651060,13429423.20,0.5148,,,否,,,,,,否,380192000,126470440,7842225395.32,2608707432.89,,,,20.61,20.77,21.20,21.85,22.95,23.59,24.77,2016-11-10,-
2017-12-25,603556,XD海兴电,电网设备,20.60824428822496,20.777164323374343,20.392402021089634,20.411170913884007,20.392402021089634,480452,9806587.89,0.3799,,,否,,,,,,否,380192000,126470440,7760163892.09,2581409766.39,,,,20.61,20.68,21.12,21.72,22.89,23.55,24.74,2016-11-10,-
2017-12-26,603556,XD海兴电,电网设备,20.40178646748682,20.8897776801406,20.40178646748682,20.824086555360285,20.40178646748682,761309,15853564.51,0.6020,,,否,,,,,,否,380192000,126470440,7917151115.66,2633631389.25,,,,20.62,20.67,21.08,21.61,22.83,23.51,24.71,2016-11-10,-
2017-12-27,603556,XD海兴电,电网设备,20.824086555360285,20.8897776801406,20.627013181019333,20.63639762741652,20.627013181019333,491402,10140767.07,0.3886,,,否,,,,,,否,380192000,126470440,7845793286.76,2609894287.95,,,,20.60,20.66,21.00,21.50,22.78,23.47,24.67,2016-11-10,-
2017-12-28,603556,XD海兴电,电网设备,20.64578207381371,21.143157732864676,20.55193760984183,20.92731546572935,20.55193760984183,901317,18862145.19,0.7127,,,否,,,,,,否,380192000,126470440,7956397921.55,2646686794.97,,,,20.68,20.66,20.94,21.39,22.73,23.43,24.64,2016-11-10,-
2017-12-29,603556,XD海兴电,电网设备,20.899162126537785,21.208848857644995,20.84285544815466,21.133773286467488,20.84285544815466,867607,18335809.64,0.6860,,,否,,,,,,否,380192000,126470440,8034891533.33,2672797606.40,,,,20.79,20.70,20.89,21.33,22.67,23.40,24.62,2016-11-10,-
2018-01-02,603556,XD海兴电,电网设备,21.11500439367311,21.21823330404218,21.002391036906854,21.171311072056238,21.002391036906854,656724,13903708.09,0.5193,,,否,,,,,,否,380192000,126470440,8049163099.11,2677545026.66,,,,20.94,20.78,20.87,21.27,22.62,23.38,24.59,2016-11-10,-
2018-01-03,603556,XD海兴电,电网设备,21.171311072056238,21.171311072056238,20.899162126537785,21.049313268892796,20.899162126537785,1224281,25770274.30,0.9680,,,否,,,,,,否,380192000,126470440,8002780510.33,2662115910.81,,,,20.98,20.81,20.87,21.19,22.55,23.35,24.57,2016-11-10,-
2018-01-04,603556,XD海兴电,电网设备,21.049313268892796,21.049313268892796,20.84285544815466,20.8897776801406,20.84285544815466,788400,16469500.72,0.6234,,,否,,,,,,否,380192000,126470440,7942126355.77,2641939374.71,,,,21.03,20.81,20.86,21.14,22.49,23.32,24.54,2016-11-10,-
2018-01-05,603556,XD海兴电,电网设备,20.917931019332162,21.011775483304046,20.814702108963093,20.83347100175747,20.814702108963093,671509,13989863.28,0.5310,,,否,,,,,,否,380192000,126470440,7920719007.10,2634818244.32,,,,21.01,20.85,20.85,21.12,22.43,23.29,24.52,2016-11-10,-
2018-01-08,603556,XD海兴电,电网设备,20.824086555360285,20.974237697715292,20.749010984182778,20.861624340949035,20.749010984182778,617780,12887894.29,0.4885,,,否,,,,,,否,380192000,126470440,7931422681.43,2638378809.51,,,,20.96,20.87,20.82,21.09,22.36,23.26,24.50,2016-11-10,-
2018-01-09,603556,XD海兴电,电网设备,20.861624340949035,21.171311072056238,20.79593321616872,21.11500439367311,20.79593321616872,973435,20554084.30,0.7697,,,否,,,,,,否,380192000,126470440,8027755750.44,2670423896.27,,,,20.95,20.95,20.81,21.07,22.32,23.25,24.47,2016-11-10,-
2018-01-10,603556,XD海兴电,电网设备,21.105619947275922,21.161926625659053,20.655166520210898,20.720857644991213,20.655166520210898,808789,16758801.73,0.6395,,,否,,,,,,否,380192000,126470440,7877904309.76,2620575983.54,,,,20.88,20.94,20.81,21.03,22.26,23.23,24.46,2016-11-10,-
2018-01-11,603556,XD海兴电,电网设备,20.627013181019333,21.011775483304046,20.627013181019333,20.946084358523727,20.627013181019333,641125,13429058.33,0.5069,,,否,,,,,,否,380192000,126470440,7963533704.44,2649060505.10,,,,20.90,20.96,20.81,20.99,22.21,23.21,24.44,2016-11-10,-
2018-01-12,603556,XD海兴电,电网设备,21.049313268892796,21.049313268892796,20.777164323374343,20.908546572934977,20.777164323374343,504716,10552877.99,0.3991,,,否,,,,,,否,380192000,126470440,7949262138.66,2644313084.84,,,,20.91,20.96,20.81,20.95,22.17,23.19,24.41,2016-11-10,-
2018-01-15,603556,XD海兴电,电网设备,20.79593321616872,20.955468804920915,20.307942003514942,20.383017574692442,20.307942003514942,750116,15289627.61,0.5931,,,否,,,,,,否,380192000,126470440,7749460217.76,2577849201.20,,,,20.81,20.89,20.80,20.89,22.11,23.17,24.39,2016-11-10,-
2018-01-16,603556,XD海兴电,电网设备,20.476862038664326,20.55193760984183,20.336095342706507,20.383017574692442,20.336095342706507,493148,10051844.35,0.3899,,,否,,,,,,否,380192000,126470440,7749460217.76,2577849201.20,,,,20.66,20.81,20.79,20.84,22.05,23.13,24.37,2016-11-10,-
2018-01-17,603556,XD海兴电,电网设备,20.326710896309315,20.50501537785589,20.139021968365554,20.392402021089634,20.139021968365554,768536,15672295.08,0.6077,,,否,,,,,,否,380192000,126470440,7753028109.20,2579036056.26,,,,20.60,20.74,20.78,20.82,22.00,23.11,24.36,2016-11-10,-
2018-01-18,603556,XD海兴电,电网设备,20.44870869947276,20.664550966608086,20.204713093145873,20.561322056239018,20.204713093145873,591427,12160521.02,0.4676,,,否,,,,,,否,380192000,126470440,7817250155.21,2600399447.43,,,,20.52,20.71,20.77,20.81,21.94,23.09,24.34,2016-11-10,-
2018-01-19,603556,XD海兴电,电网设备,20.60824428822496,20.777164323374343,20.317326449912127,20.411170913884007,20.317326449912127,604426,12337042.39,0.4779,,,否,,,,,,否,380192000,126470440,7760163892.09,2581409766.39,,,,20.43,20.66,20.76,20.79,21.88,23.05,24.33,2016-11-10,-
2018-01-22,603556,XD海兴电,电网设备,20.411170913884007,20.7302420913884,20.317326449912127,20.673935413005275,20.317326449912127,751110,15528399.63,0.5939,,,否,,,,,,否,380192000,126470440,7860064852.54,2614641708.21,,,,20.49,20.65,20.76,20.77,21.82,23.02,24.32,2016-11-10,-
2018-01-23,603556,XD海兴电,电网设备,20.673935413005275,20.79593321616872,20.561322056239018,20.702088752196836,20.561322056239018,672909,13930621.84,0.5321,,,否,,,,,,否,380192000,126470440,7870768526.88,2618202273.41,,,,20.55,20.61,20.78,20.74,21.77,23.00,24.32,2016-11-10,-
2018-01-24,603556,XD海兴电,电网设备,20.69270430579965,21.068082161687173,20.627013181019333,20.98362214411248,20.627013181019333,833283,17485295.61,0.6589,,,否,,,,,,否,380192000,126470440,7977805270.21,2653807925.36,,,,20.66,20.64,20.79,20.75,21.72,22.97,24.31,2016-11-10,-
2018-01-25,603556,XD海兴电,电网设备,21.002391036906854,21.161926625659053,20.814702108963093,20.84285544815466,20.814702108963093,719099,14988076.51,0.5686,,,否,,,,,,否,380192000,126470440,7924286898.54,2636005099.38,,,,20.72,20.63,20.80,20.75,21.66,22.95,24.31,2016-11-10,-
2018-01-26,603556,XD海兴电,电网设备,20.974237697715292,21.058697715289984,20.824086555360285,20.93669991212654,20.824086555360285,623057,13044757.44,0.4927,,,否,,,,,,否,380192000,126470440,7959965812.99,2647873650.03,,,,20.82,20.63,20.80,20.75,21.60,22.94,24.30,2016-11-10,-
2018-01-29,603556,XD海兴电,电网设备,20.955468804920915,21.068082161687173,20.79593321616872,20.80531766256591,20.79593321616872,780291,16234202.12,0.6170,,,否,,,,,,否,380192000,126470440,7910015332.77,2631257679.12,,,,20.85,20.67,20.78,20.75,21.56,22.92,24.29,2016-11-10,-
2018-01-30,603556,XD海兴电,电网设备,21.171311072056238,21.574842267135324,20.899162126537785,21.049313268892796,20.899162126537785,1249178,26294339.05,0.9877,,,否,,,,,,否,380192000,126470440,8002780510.33,2662115910.81,,,,20.93,20.74,20.78,20.78,21.51,22.90,24.28,2016-11-10,-
2018-01-31,603556,XD海兴电,电网设备,20.917931019332162,21.237002196836556,20.917931019332162,21.096235500878738,20.917931019332162,977949,20631042.41,0.7733,,,否,,,,,,否,380192000,126470440,8020619967.55,2668050186.14,,,,20.95,20.81,20.78,20.79,21.47,22.88,24.27,2016-11-10,-
2018-02-01,603556,XD海兴电,电网设备,21.171311072056238,21.171311072056238,20.720857644991213,20.777164323374343,20.720857644991213,941430,19560245.81,0.7444,,,否,,,,,,否,380192000,126470440,7899311658.43,2627697113.93,,,,20.94,20.82,20.77,20.79,21.42,22.85,24.26,2016-11-10,-
2018-02-02,603556,XD海兴电,电网设备,21.011775483304046,21.011775483304046,20.317326449912127,20.495630931458702,20.317326449912127,784196,16072591.79,0.6201,,,否,,,,,,否,380192000,126470440,7792274915.09,2592091461.98,,,,20.84,20.83,20.75,20.79,21.38,22.83,24.25,2016-11-10,-
2018-02-05,603556,XD海兴电,电网设备,20.373633128295257,20.383017574692442,19.763644112478033,20.026408611599297,19.763644112478033,1011400,20254709.67,0.7997,,,否,,,,,,否,380192000,126470440,7613880342.86,2532748708.73,,,,20.69,20.77,20.71,20.77,21.31,22.81,24.23,2016-11-10,-
2018-02-06,603556,XD海兴电,电网设备,19.735490773286468,19.838719683655537,18.919043936731107,18.937812829525484,18.919043936731107,990221,18752619.96,0.7830,,,否,,,,,,否,380192000,126470440,7200004935.28,2395073521.19,,,,20.27,20.60,20.60,20.71,21.22,22.78,24.21,2016-11-10,-
2018-02-07,603556,XD海兴电,电网设备,19.37888181019332,19.44457293497364,18.834583919156415,19.106732864674868,18.834583919156415,747034,14273379.08,0.5907,,,否,,,,,,否,380192000,126470440,7264226981.29,2416436912.36,,,,19.87,20.41,20.52,20.66,21.13,22.74,24.19,2016-11-10,-
2018-02-08,603556,XD海兴电,电网设备,18.9284283831283,19.651030755711776,18.919043936731107,19.547801845342708,18.919043936731107,629120,12297913.10,0.4974,,,否,,,,,,否,380192000,126470440,7431917879.18,2472219100.41,,,,19.62,20.28,20.45,20.63,21.06,22.71,24.17,2016-11-10,-
2018-02-09,603556,XD海兴电,电网设备,19.35072847100176,19.941948594024606,19.031657293497368,19.482110720562392,19.031657293497368,1143883,22285255.26,0.9045,,,否,,,,,,否,380192000,126470440,7406942639.07,2463911114.96,,,,19.42,20.13,20.38,20.57,20.98,22.67,24.16,2016-11-10,-
2018-02-12,603556,XD海兴电,电网设备,19.669799648506153,19.91379525483304,19.482110720562392,19.744875219683657,19.482110720562392,465000,9181366.98,0.3677,,,否,,,,,,否,380192000,126470440,7506843599.52,2497143056.78,,,,19.36,20.03,20.35,20.52,20.93,22.64,24.14,2016-11-10,-
2018-02-13,603556,XD海兴电,电网设备,19.744875219683657,19.998255272407732,19.697952987697715,19.801181898066787,19.697952987697715,443799,8787744.73,0.3509,,,否,,,,,,否,380192000,126470440,7528250948.19,2504264187.17,,,,19.54,19.90,20.32,20.49,20.87,22.61,24.11,2016-11-10,-
2018-02-14,603556,XD海兴电,电网设备,19.68856854130053,20.214097539543058,19.68856854130053,20.11086862917399,19.68856854130053,434621,8740605.83,0.3437,,,否,,,,,,否,380192000,126470440,7645991365.86,2543430404.31,,,,19.74,19.80,20.31,20.45,20.82,22.57,24.09,2016-11-10,-
2018-02-22,603556,XD海兴电,电网设备,20.129637521968366,20.852239894551847,19.91379525483304,20.702088752196836,19.91379525483304,596002,12338486.30,0.4713,,,否,,,,,,否,380192000,126470440,7870768526.88,2618202273.41,,,,19.97,19.79,20.31,20.45,20.80,22.54,24.07,2016-11-10,-
2018-02-23,603556,XD海兴电,电网设备,20.589475395430583,20.749010984182778,20.326710896309315,20.50501537785589,20.326710896309315,617413,12660063.06,0.4882,,,否,,,,,,否,380192000,126470440,7795842806.54,2593278317.04,,,,20.18,19.80,20.32,20.43,20.78,22.52,24.05,2016-11-10,-
2018-02-26,603556,XD海兴电,电网设备,20.514399824253076,20.702088752196836,20.373633128295257,20.673935413005275,20.373633128295257,484279,10011952.77,0.3829,,,否,,,,,,否,380192000,126470440,7860064852.54,2614641708.21,,,,20.35,19.86,20.32,20.43,20.76,22.49,24.03,2016-11-10,-
2018-02-27,603556,XD海兴电,电网设备,20.673935413005275,20.720857644991213,20.204713093145873,20.307942003514942,20.204713093145873,614991,12489201.56,0.4863,,,否,,,,,,否,380192000,126470440,7720917086.20,2568354360.68,,,,20.46,20.00,20.30,20.40,20.73,22.46,24.01,2016-11-10,-
2018-02-28,603556,XD海兴电,电网设备,20.261019771529,20.476862038664326,20.129637521968366,20.29855755711775,20.129637521968366,594681,12071166.51,0.4702,,,否,,,,,,否,380192000,126470440,7717349194.76,2567167505.61,,,,20.50,20.12,20.26,20.38,20.71,22.42,24.01,2016-11-10,-
2018-03-01,603556,XD海兴电,电网设备,20.148406414762743,20.767779876977155,20.148406414762743,20.598859841827768,20.148406414762743,946855,19504133.44,0.7487,,,否,,,,,,否,380192000,126470440,7831521720.98,2605146867.69,,,,20.48,20.22,20.25,20.37,20.68,22.39,23.99,2016-11-10,-
2018-03-02,603556,XD海兴电,电网设备,20.617628734622144,20.880393233743412,20.54255316344464,20.64578207381371,20.54255316344464,660753,13641762.44,0.5225,,,否,,,,,,否,380192000,126470440,7849361178.21,2611081143.02,,,,20.51,20.34,20.23,20.36,20.66,22.36,23.97,2016-11-10,-
2018-03-05,603556,XD海兴电,电网设备,20.627013181019333,20.79593321616872,20.40178646748682,20.702088752196836,20.40178646748682,387537,8022825.37,0.3064,,,否,,,,,,否,380192000,126470440,7870768526.88,2618202273.41,,,,20.51,20.44,20.23,20.37,20.64,22.32,23.95,2016-11-10,-
2018-03-06,603556,XD海兴电,电网设备,20.711473198594025,21.011775483304046,20.55193760984183,20.84285544815466,20.55193760984183,683701,14250281.11,0.5406,,,否,,,,,,否,380192000,126470440,7924286898.54,2636005099.38,,,,20.62,20.54,20.22,20.39,20.62,22.28,23.93,2016-11-10,-
2018-03-07,603556,XD海兴电,电网设备,20.73962653778559,20.964853251318104,20.40178646748682,20.439324253075572,20.40178646748682,674854,13793559.73,0.5336,,,否,,,,,,否,380192000,126470440,7770867566.43,2584970331.59,,,,20.65,20.57,20.19,20.39,20.61,22.23,23.91,2016-11-10,-
2018-03-08,603556,XD海兴电,电网设备,20.44870869947276,20.69270430579965,20.44870869947276,20.673935413005275,20.44870869947276,349300,7221405.64,0.2762,,,否,,,,,,否,380192000,126470440,7860064852.54,2614641708.21,,,,20.66,20.57,20.19,20.40,20.60,22.19,23.89,2016-11-10,-
2018-03-09,603556,XD海兴电,电网设备,20.7302420913884,21.011775483304046,20.673935413005275,20.946084358523727,20.673935413005275,707366,14816547.91,0.5593,,,否,,,,,,否,381392000,126470440,7988669005.67,2649060505.10,,,,20.72,20.62,20.20,20.41,20.60,22.16,23.87,2016-11-10,-
2018-03-12,603556,XD海兴电,电网设备,21.18069551845343,21.18069551845343,20.79593321616872,21.011775483304046,20.79593321616872,872948,18342187.38,0.6902,,,否,,,,,,否,381392000,126470440,8013723075.13,2657368490.55,,,,20.79,20.65,20.25,20.43,20.60,22.12,23.86,2016-11-10,-
2018-03-13,603556,XD海兴电,电网设备,20.899162126537785,21.068082161687173,20.673935413005275,20.720857644991213,20.673935413005275,695104,14403151.03,0.5496,,,否,,,,,,否,381392000,126470440,7902769338.94,2620575983.54,,,,20.76,20.69,20.35,20.43,20.59,22.08,23.84,2016-11-10,-
2018-03-14,603556,XD海兴电,电网设备,20.63639762741652,20.899162126537785,20.55193760984183,20.589475395430583,20.55193760984183,601205,12378495.56,0.4754,,,否,,,,,,否,381392000,126470440,7852661200.01,2603960012.63,,,,20.79,20.72,20.42,20.41,20.58,22.04,23.82,2016-11-10,-
2018-03-15,603556,XD海兴电,电网设备,20.589475395430583,20.80531766256591,20.36424868189807,20.411170913884007,20.36424868189807,569912,11632571.24,0.4506,,,否,,,,,,否,381392000,126470440,7784657297.19,2581409766.39,,,,20.74,20.70,20.46,20.40,20.57,22.01,23.79,2016-11-10,-
2018-03-16,603556,XD海兴电,电网设备,20.50501537785589,20.598859841827768,20.15779086115993,20.19532864674868,20.15779086115993,561040,11330387.18,0.4436,,,否,,,,,,否,381392000,126470440,7702336783.24,2554112099.90,,,,20.59,20.66,20.50,20.37,20.56,21.97,23.77,2016-11-10,-
2018-03-19,603556,XD海兴电,电网设备,20.326710896309315,20.476862038664326,19.782413005272407,20.214097539543058,19.782413005272407,620570,12544262.51,0.4907,,,否,,,,,,否,381392000,126470440,7709495088.80,2556485810.03,,,,20.43,20.61,20.52,20.35,20.55,21.93,23.74,2016-11-10,-
2018-03-20,603556,XD海兴电,电网设备,19.998255272407732,20.167175307557116,19.97010193321617,20.082715289982424,19.97010193321617,515532,10353282.38,0.4076,,,否,,,,,,否,381392000,126470440,7659386949.88,2539869839.12,,,,20.30,20.53,20.53,20.33,20.55,21.88,23.72,2016-11-10,-
2018-03-21,603556,XD海兴电,电网设备,20.12025307557118,20.411170913884007,20.03579305799649,20.12025307557118,20.03579305799649,491337,9885824.79,0.3885,,,否,,,,,,否,381392000,126470440,7673703561.00,2544617259.38,,,,20.20,20.50,20.53,20.29,20.53,21.85,23.71,2016-11-10,-
2018-03-22,603556,XD海兴电,电网设备,20.07333084358524,20.373633128295257,20.07333084358524,20.232866432337435,20.07333084358524,363065,7345845.65,0.2871,,,否,,,,,,否,381392000,126470440,7716653394.36,2558859520.16,,,,20.17,20.45,20.51,20.27,20.53,21.81,23.68,2016-11-10,-
2018-03-23,603556,XD海兴电,电网设备,19.91379525483304,19.97948637961336,18.797046133567665,19.134886203866433,18.797046133567665,821400,15717395.53,0.6495,,,否,,,,,,否,381392000,126470440,7297892519.07,2419997477.55,,,,19.96,20.27,20.44,20.22,20.51,21.76,23.65,2016-11-10,-
2018-03-26,603556,XD海兴电,电网设备,18.937812829525484,19.72610632688928,18.843968365553604,19.632261862917403,18.843968365553604,569201,11174703.08,0.4501,,,否,,,,,,否,381392000,126470440,7487587616.42,2482900796.00,,,,19.84,20.13,20.39,20.21,20.49,21.72,23.62,2016-11-10,-
2018-03-27,603556,XD海兴电,电网设备,19.651030755711776,20.29855755711775,19.651030755711776,20.101484182776804,19.651030755711776,743826,14952006.57,0.5881,,,否,,,,,,否,381392000,126470440,7666545255.44,2542243549.25,,,,19.85,20.07,20.38,20.25,20.49,21.69,23.60,2016-11-10,-
2018-03-28,603556,XD海兴电,电网设备,20.129637521968366,20.383017574692442,19.960717486818982,20.373633128295257,19.960717486818982,755648,15395295.13,0.5975,,,否,,,,,,否,381392000,126470440,7770340686.07,2576662346.13,,,,19.90,20.05,20.38,20.30,20.48,21.66,23.57,2016-11-10,-
2018-03-29,603556,XD海兴电,电网设备,20.373633128295257,20.55193760984183,20.19532864674868,20.411170913884007,20.19532864674868,736017,15022968.78,0.5820,,,否,,,,,,否,381392000,126470440,7784657297.19,2581409766.39,,,,19.93,20.05,20.37,20.33,20.48,21.62,23.55,2016-11-10,-
2018-03-30,603556,XD海兴电,电网设备,20.467477592267137,20.589475395430583,20.148406414762743,20.261019771529,20.148406414762743,1015034,20565623.94,0.8026,,,否,,,,,,否,381392000,126470440,7727390852.70,2562420085.35,,,,20.16,20.05,20.35,20.35,20.46,21.59,23.52,2016-11-10,-
2018-04-02,603556,XD海兴电,电网设备,20.261019771529,20.476862038664326,20.139021968365554,20.279788664323377,20.139021968365554,804693,16319003.98,0.6363,,,否,,,,,,否,381392000,126470440,7734549158.26,2564793795.48,,,,20.29,20.06,20.34,20.36,20.45,21.56,23.48,2016-11-10,-
2018-04-03,603556,XD海兴电,电网设备,20.185944200351496,20.185944200351496,19.866873022847102,20.06394639718805,19.866873022847102,748500,15017863.88,0.5918,,,否,,,,,,否,381392000,126470440,7652228644.32,2537496128.99,,,,20.28,20.06,20.30,20.37,20.43,21.52,23.44,2016-11-10,-
2018-04-04,603556,XD海兴电,电网设备,20.101484182776804,20.55193760984183,20.06394639718805,20.307942003514942,20.06394639718805,940555,19100736.39,0.7437,,,否,,,,,,否,381392000,126470440,7745286616.60,2568354360.68,,,,20.26,20.08,20.29,20.38,20.42,21.48,23.41,2016-11-10,-
2018-04-09,603556,XD海兴电,电网设备,20.279788664323377,20.40178646748682,19.15365509666081,19.895026362038664,19.15365509666081,1379050,27436236.10,1.0904,,,否,,,,,,否,381392000,126470440,7587803894.27,2516132737.82,,,,20.16,20.05,20.25,20.35,20.40,21.44,23.38,2016-11-10,-
2018-04-10,603556,XD海兴电,电网设备,19.941948594024606,19.941948594024606,19.482110720562392,19.763644112478033,19.482110720562392,1273670,25172360.60,1.0071,,,否,,,,,,否,381392000,126470440,7537695755.35,2499516766.91,,,,20.06,20.11,20.19,20.33,20.38,21.41,23.35,2016-11-10,-
2018-04-11,603556,XD海兴电,电网设备,19.754259666080845,20.185944200351496,19.735490773286468,19.951333040421794,19.735490773286468,1301728,25971208.86,1.0293,,,否,,,,,,否,381392000,126470440,7609278810.95,2523253868.21,,,,20.00,20.14,20.14,20.31,20.36,21.37,23.31,2016-11-10,-
2018-04-12,603556,XD海兴电,电网设备,19.91379525483304,19.97010193321617,19.50087961335677,19.594724077328646,19.50087961335677,1134100,22222376.58,0.8967,,,否,,,,,,否,381392000,126470440,7473271005.30,2478153375.74,,,,19.90,20.09,20.08,20.28,20.35,21.33,23.28,2016-11-10,-
2018-04-13,603556,XD海兴电,电网设备,19.62287741652021,19.707337434094903,18.95658172231986,19.031657293497368,18.95658172231986,2973441,56589510.09,2.3511,,,否,,,,,,否,381392000,126470440,7258521838.48,2406942071.84,,,,19.65,19.96,20.01,20.24,20.32,21.28,23.25,2016-11-10,-
2018-04-16,603556,XD海兴电,电网设备,18.919043936731107,19.181808435852375,18.815815026362042,18.853352811950792,18.815815026362042,1738712,32780550.77,1.3748,,,否,,,,,,否,381392000,126470440,7190517935.66,2384391825.60,,,,19.44,19.80,19.92,20.19,20.28,21.25,23.21,2016-11-10,-
2018-04-17,603556,XD海兴电,电网设备,18.881506151142357,19.05981063268893,18.280901581722322,18.412283831282956,18.280901581722322,1817548,33465209.65,1.4371,,,否,,,,,,否,381392000,126470440,7022297754.98,2328609637.55,,,,19.17,19.61,19.84,20.11,20.23,21.20,23.18,2016-11-10,-
2018-04-18,603556,XD海兴电,电网设备,18.449821616871706,18.562434973637963,17.914908172231986,18.271517135325134,17.914908172231986,1835947,33545537.07,1.4517,,,否,,,,,,否,381392000,126470440,6968610463.28,2310806811.57,,,,18.83,19.42,19.74,20.03,20.20,21.15,23.15,2016-11-10,-
2018-04-19,603556,XD海兴电,电网设备,18.280901581722322,18.280901581722322,18.055674868189808,18.121365992970123,18.055674868189808,1185975,21491487.03,0.9377,,,否,,,,,,否,381392000,126470440,6911344018.79,2291817130.53,,,,18.53,19.22,19.64,19.93,20.17,21.11,23.12,2016-11-10,-
2018-04-20,603556,XD海兴电,电网设备,18.168288224956065,18.318439367311072,17.839832601054486,17.95244595782074,17.839832601054486,1322695,23745610.51,1.0459,,,否,,,,,,否,381392000,126470440,6846919268.75,2270453739.36,,,,18.32,18.98,19.53,19.86,20.12,21.06,23.09,2016-11-10,-
2018-04-23,603556,XD海兴电,电网设备,17.877370386643236,18.13075043936731,17.295534710017577,17.586452548330403,17.295534710017577,1548351,27230001.39,1.2243,,,否,,,,,,否,381392000,126470440,6707332310.31,2224166391.83,,,,18.07,18.75,19.40,19.75,20.07,21.00,23.06,2016-11-10,-
2018-04-24,603556,XD海兴电,电网设备,17.586452548330403,17.95244595782074,17.47383919156415,17.94306151142355,17.47383919156415,1188148,21319012.65,0.9395,,,否,,,,,,否,381392000,126470440,6843340115.96,2269266884.30,,,,17.97,18.57,19.34,19.65,20.04,20.96,23.04,2016-11-10,-
2018-04-25,603556,XD海兴电,电网设备,17.914908172231986,17.99936818980668,17.76475702987698,17.821063708260105,17.76475702987698,847647,15105971.19,0.6702,,,否,,,,,,否,381392000,126470440,6796811129.82,2253837768.45,,,,17.89,18.36,19.25,19.55,19.99,20.90,23.01,2016-11-10,-
2018-04-26,603556,XD海兴电,电网设备,17.914908172231986,17.971214850615112,17.426916959578207,17.436301405975396,17.426916959578207,985806,17188810.54,0.7795,,,否,,,,,,否,381392000,126470440,6650065865.83,2205176710.79,,,,17.75,18.14,19.12,19.44,19.93,20.85,22.98,2016-11-10,-
2018-04-27,603556,XD海兴电,电网设备,15.690794376098419,16.07555667838313,15.690794376098419,15.690794376098419,15.690794376098419,5496746,86248311.22,4.3463,,,否,,,,,,否,381392000,126470440,5984343448.69,1984421668.69,,,,17.30,17.81,18.88,19.28,19.84,20.78,22.94,2016-11-10,-
2018-05-02,603556,XD海兴电,电网设备,15.550027680140598,15.550027680140598,14.949423110720563,15.090189806678383,14.949423110720563,2660418,40146212.59,2.1036,,,否,,,,,,否,381392000,126470440,5755277670.75,1908462944.53,,,,16.80,17.44,18.62,19.10,19.74,20.70,22.91,2016-11-10,-
2018-05-03,603556,XD海兴电,电网设备,15.090189806678383,15.324800966608084,15.033883128295255,15.306032073813707,15.033883128295255,1675166,25640144.52,1.3246,,,否,,,,,,否,381392000,126470440,5837598184.70,1935760611.03,,,,16.27,17.13,18.37,18.93,19.65,20.63,22.87,2016-11-10,-
2018-05-04,603556,XD海兴电,电网设备,15.306032073813707,15.634487697715292,15.146496485061514,15.503105448154658,15.146496485061514,1660929,25749557.43,1.3133,,,否,,,,,,否,381392000,126470440,5912760393.08,1960684567.39,,,,15.80,16.85,18.13,18.78,19.57,20.56,22.83,2016-11-10,-
2018-05-07,603556,XD海兴电,电网设备,15.503105448154658,16.244476713532514,15.503105448154658,16.141247803163445,15.503105448154658,2142499,34582607.28,1.6941,,,否,,,,,,否,381392000,126470440,6156142782.14,2041390711.82,,,,15.55,16.65,17.93,18.65,19.48,20.50,22.79,2016-11-10,-
2018-05-08,603556,XD海兴电,电网设备,16.141247803163445,16.244476713532514,15.897252196836558,16.028634446397188,15.897252196836558,1085482,17398794.18,0.8583,,,否,,,,,,否,381392000,126470440,6113192948.78,2027148451.04,,,,15.62,16.45,17.72,18.51,19.40,20.43,22.76,2016-11-10,-
2018-05-09,603556,XD海兴电,电网设备,16.13186335676626,16.141247803163445,15.878483304042183,16.06617223198594,15.878483304042183,1046127,16807256.56,0.8272,,,否,,,,,,否,381392000,126470440,6127509559.90,2031895871.30,,,,15.81,16.30,17.53,18.37,19.32,20.37,22.71,2016-11-10,-
2018-05-10,603556,XD海兴电,电网设备,16.06617223198594,16.253861159929702,15.822176625659052,16.122478910369068,15.822176625659052,1513125,24395325.90,1.1964,,,否,,,,,,否,381392000,126470440,6148984476.58,2039017001.69,,,,15.97,16.12,17.34,18.27,19.25,20.31,22.67,2016-11-10,-
2018-05-11,603556,XD海兴电,电网设备,16.04740333919157,16.216323374340952,16.028634446397188,16.122478910369068,16.028634446397188,781979,12607439.94,0.6183,,,否,,,,,,否,381392000,126470440,6148984476.58,2039017001.69,,,,16.09,15.95,17.15,18.15,19.18,20.24,22.64,2016-11-10,-
2018-05-14,603556,XD海兴电,电网设备,16.07555667838313,16.141247803163445,15.672025483304042,15.690794376098419,15.672025483304042,880900,13822020.77,0.6965,,,否,,,,,,否,381392000,126470440,5984343448.69,1984421668.69,,,,16.01,15.78,16.96,18.00,19.13,20.18,22.60,2016-11-10,-
2018-05-15,603556,XD海兴电,电网设备,15.681409929701232,16.178785588752195,15.606334358523727,16.141247803163445,15.606334358523727,1092700,17637541.47,0.8640,,,否,,,,,,否,381392000,126470440,6156142782.14,2041390711.82,,,,16.03,15.82,16.82,17.86,19.08,20.11,22.56,2016-11-10,-
2018-05-16,603556,XD海兴电,电网设备,16.150632249560633,16.31016783831283,16.06617223198594,16.235092267135325,16.06617223198594,881041,14303781.93,0.6966,,,否,,,,,,否,381392000,126470440,6191934309.95,2053259262.47,,,,16.07,15.93,16.69,17.73,19.02,20.05,22.52,2016-11-10,-
2018-05-17,603556,XD海兴电,电网设备,16.244476713532514,16.282014499121267,15.887867750439367,16.06617223198594,15.887867750439367,927102,14894980.41,0.7331,,,否,,,,,,否,381392000,126470440,6127509559.90,2031895871.30,,,,16.05,16.01,16.56,17.59,18.97,19.97,22.49,2016-11-10,-
2018-05-18,603556,XD海兴电,电网设备,16.056787785588753,16.51662565905097,15.906636643233744,16.488472319859405,15.906636643233744,1565920,25819628.58,1.2382,,,否,,,,,,否,381392000,126470440,6288571435.02,2085304349.22,,,,16.12,16.11,16.48,17.46,18.91,19.92,22.46,2016-11-10,-
2018-05-21,603556,XD海兴电,电网设备,16.779390158172234,16.779390158172234,16.46031898066784,16.563547891036908,16.46031898066784,1197206,19829978.92,0.9466,,,否,,,,,,否,381092000,126470440,6312235592.89,2094799189.74,,,,16.30,16.15,16.40,17.34,18.86,19.87,22.42,2016-11-10,-
2018-05-22,603556,XD海兴电,电网设备,16.54477899824253,16.760621265377857,16.291398945518456,16.713699033391915,16.291398945518456,1194570,19965683.45,0.9445,,,否,,,,,,否,381092000,126470440,6369456992.03,2113788870.78,,,,16.41,16.23,16.34,17.22,18.80,19.81,22.38,2016-11-10,-
2018-05-23,603556,XD海兴电,电网设备,16.55416344463972,16.8826190685413,16.55416344463972,16.70431458699473,16.55416344463972,832334,13903568.98,0.6581,,,否,,,,,,否,381092000,126470440,6365880654.59,2112602015.72,,,,16.51,16.28,16.29,17.12,18.73,19.76,22.34,2016-11-10,-
2018-05-24,603556,XD海兴电,电网设备,16.69493014059754,16.788774604569422,16.404012302284713,16.469703427065028,16.404012302284713,651972,10737785.48,0.5155,,,否,,,,,,否,381092000,126470440,6276472218.43,2082930639.09,,,,16.59,16.32,16.22,17.00,18.67,19.73,22.30,2016-11-10,-
2018-05-25,603556,XD海兴电,电网设备,16.54477899824253,16.685545694200353,16.375858963093147,16.591701230228473,16.375858963093147,467660,7759275.00,0.3698,,,否,,,,,,否,381092000,126470440,6322964605.23,2098359754.94,,,,16.61,16.37,16.16,16.89,18.60,19.68,22.26,2016-11-10,-
2018-05-28,603556,XD海兴电,电网设备,16.61985456942004,16.770005711775045,16.526010105448155,16.732467926186292,16.526010105448155,846536,14164636.47,0.6694,,,否,,,,,,否,381092000,126470440,6376609666.93,2116162580.91,,,,16.64,16.47,16.12,16.80,18.54,19.63,22.22,2016-11-10,-
2018-05-29,603556,XD海兴电,电网设备,16.732467926186292,16.732467926186292,16.488472319859405,16.591701230228473,16.488472319859405,582363,9662392.90,0.4605,,,否,,,,,,否,381092000,126470440,6322964605.23,2098359754.94,,,,16.62,16.52,16.17,16.71,18.48,19.59,22.18,2016-11-10,-
2018-05-30,603556,XD海兴电,电网设备,16.432165641476278,16.432165641476278,15.850329964850618,16.07555667838313,15.850329964850618,944902,15189825.66,0.7471,,,否,,,,,,否,381092000,126470440,6126266045.68,2033082726.36,,,,16.49,16.50,16.22,16.62,18.40,19.54,22.15,2016-11-10,-
2018-05-31,603556,XD海兴电,电网设备,16.07555667838313,16.188170035149387,15.77525439367311,16.08494112478032,15.77525439367311,731427,11764960.23,0.5783,,,否,,,,,,否,381092000,126470440,6129842383.12,2034269581.43,,,,16.41,16.50,16.25,16.54,18.33,19.49,22.10,2016-11-10,-
2018-06-01,603556,XD海兴电,电网设备,15.747101054481549,16.019250000000003,15.672025483304042,15.878483304042183,15.672025483304042,864790,13731553.58,0.6702,,,否,,,,,,否,381092000,129041240,6051162959.30,2048979174.87,,,,16.27,16.44,16.27,16.47,18.24,19.44,22.06,2016-11-10,-
2018-06-04,603556,XD海兴电,电网设备,15.897252196836558,15.93478998242531,15.212187609841829,15.39987653778559,15.212187609841829,1221662,18813443.97,0.9467,,,否,,,,,,否,381092000,129041240,5868769749.54,1987219164.28,,,,16.01,16.33,16.24,16.38,18.16,19.39,22.02,2016-11-10,-
2018-06-05,603556,XD海兴电,电网设备,15.465567662565906,15.653256590509667,15.268494288224957,15.568796572934975,15.268494288224957,867200,13501260.39,0.6720,,,否,,,,,,否,381092000,129041240,5933143823.57,2009016815.08,,,,15.80,16.21,16.22,16.29,18.07,19.34,21.97,2016-11-10,-
2018-06-06,603556,XD海兴电,电网设备,15.672025483304042,15.672025483304042,15.324800966608084,15.503105448154658,15.324800966608084,931500,14441142.72,0.7219,,,否,,,,,,否,381092000,129041240,5908109461.45,2000539950.88,,,,15.69,16.09,16.19,16.23,17.99,19.29,21.93,2016-11-10,-
2018-06-07,603556,XD海兴电,电网设备,15.512489894551848,15.662641036906857,15.146496485061514,15.174649824253079,15.146496485061514,1177572,17869242.74,0.9126,,,否,,,,,,否,381092000,129041240,5782937650.82,1958155629.89,,,,15.50,15.96,16.14,16.13,17.90,19.25,21.88,2016-11-10,-
2018-06-08,603556,XD海兴电,电网设备,15.240340949033392,15.634487697715292,15.184034270650264,15.615718804920915,15.184034270650264,1316108,20551972.44,1.0199,,,否,,,,,,否,381092000,129041240,5951025510.80,2015071718.08,,,,15.46,15.86,16.11,16.06,17.80,19.20,21.84,2016-11-10,-
2018-06-11,603556,XD海兴电,电网设备,15.606334358523727,15.606334358523727,14.977576449912128,15.108958699472762,14.977576449912128,1454700,21979002.22,1.1273,,,否,,,,,,否,381092000,129041240,5757903288.70,1949678765.69,,,,15.39,15.70,16.08,15.98,17.71,19.14,21.79,2016-11-10,-
2018-06-12,603556,XD海兴电,电网设备,15.108958699472762,15.25910984182777,14.977576449912128,15.221572056239015,14.977576449912128,833900,12693268.94,0.6462,,,否,,,,,,否,381092000,129041240,5800819338.06,1964210532.89,,,,15.32,15.56,16.04,15.96,17.61,19.10,21.74,2016-11-10,-
2018-06-13,603556,XD海兴电,电网设备,15.221572056239015,15.25910984182777,14.977576449912128,15.071420913884007,14.977576449912128,720967,10865997.12,0.5587,,,否,,,,,,否,381092000,129041240,5743597938.91,1944834843.29,,,,15.24,15.47,15.98,15.96,17.53,19.05,21.69,2016-11-10,-
2018-06-14,603556,XD海兴电,电网设备,14.986960896309316,15.146496485061514,14.921269771529,14.996345342706505,14.921269771529,730200,10950331.37,0.5659,,,否,,,,,,否,381092000,129041240,5714987239.34,1935146998.49,,,,15.20,15.35,15.93,15.95,17.45,19.00,21.64,2016-11-10,-
2018-06-15,603556,XD海兴电,电网设备,14.977576449912128,15.01511423550088,14.508354130052727,14.574045254833042,14.508354130052727,1080173,15742490.19,0.8371,,,否,,,,,,否,381092000,129041240,5554052054.25,1880652871.50,,,,15.00,15.22,15.83,15.93,17.35,18.95,21.59,2016-11-10,-
2018-06-19,603556,XD海兴电,电网设备,14.376971880492093,14.649120826010545,13.38222056239016,13.560525043936732,13.38222056239016,957352,12982195.77,0.5707,,,否,,,,,,否,495419600,167753612,6718149893.06,2274827056.74,,,,14.69,15.04,15.68,15.84,17.24,18.89,21.54,2016-11-10,-
2018-06-20,603556,XD海兴电,电网设备,13.47606502636204,13.823289543057998,13.466680579964851,13.673138400702989,13.466680579964851,783685,10715433.47,0.4672,,,否,,,,,,否,495419600,167753612,6773940757.22,2293718354.09,,,,14.38,14.85,15.53,15.76,17.14,18.83,21.48,2016-11-10,-
2018-06-21,603556,XD海兴电,电网设备,13.673138400702989,13.81390509666081,12.60331151142355,12.659618189806679,12.60331151142355,1346052,17040504.38,0.8024,,,否,,,,,,否,495419600,167753612,6271822979.75,2123696677.88,,,,13.89,14.56,15.32,15.64,17.00,18.77,21.42,2016-11-10,-
2018-06-22,603556,XD海兴电,电网设备,12.772231546572936,13.363451669595783,12.640849297012304,13.13822495606327,12.640849297012304,1160120,15241917.54,0.6916,,,否,,,,,,否,495419600,167753612,6508934152.44,2203984691.65,,,,13.52,14.36,15.17,15.55,16.91,18.70,21.37,2016-11-10,-
2018-06-25,603556,XD海兴电,电网设备,13.053764938488577,14.123591827768015,13.053764938488577,13.598062829525485,13.053764938488577,1636040,22246974.71,0.9753,,,否,,,,,,否,495419600,167753612,6736746847.78,2281124155.86,,,,13.33,14.16,15.02,15.47,16.81,18.65,21.31,2016-11-10,-
2018-06-26,603556,XD海兴电,电网设备,13.701291739894552,13.935902899824253,13.363451669595783,13.81390509666081,13.363451669595783,984948,13605978.20,0.5871,,,否,,,,,,否,495419600,167753612,6843679337.43,2317332475.79,,,,13.37,14.03,14.86,15.40,16.70,18.59,21.27,2016-11-10,-
2018-06-27,603556,XD海兴电,电网设备,13.870211775043938,14.123591827768015,13.504218365553605,13.71067618629174,13.504218365553605,1379060,18907845.10,0.8221,,,否,,,,,,否,495419600,167753612,6792537711.94,2300015453.21,,,,13.38,13.88,14.72,15.32,16.59,18.53,21.21,2016-11-10,-
2018-06-28,603556,XD海兴电,电网设备,13.654369507908614,14.09543848857645,13.532371704745168,13.926518453427066,13.532371704745168,1227763,17098464.08,0.7319,,,否,,,,,,否,495419600,167753612,6899470201.59,2336223773.15,,,,13.64,13.77,14.61,15.24,16.48,18.48,21.16,2016-11-10,-
2018-06-29,603556,XD海兴电,电网设备,13.776367311072057,14.067285149384887,13.673138400702989,13.879596221441124,13.673138400702989,1875099,26025617.00,1.1178,,,否,,,,,,否,495419600,167753612,6876224008.19,2328352399.25,,,,13.79,13.65,14.51,15.17,16.38,18.42,21.12,2016-11-10,-
2018-07-02,603556,XD海兴电,电网设备,13.785751757469244,13.81390509666081,13.250838312829526,13.297760544815466,13.250838312829526,1262865,16793276.37,0.7528,,,否,,,,,,否,495419600,167753612,6587971210.01,2230747362.90,,,,13.73,13.52,14.38,15.06,16.26,18.36,21.07,2016-11-10,-
2018-07-03,603556,XD海兴电,电网设备,13.194531634446399,13.879596221441124,13.194531634446399,13.804520650263623,13.194531634446399,1879850,25950428.14,1.1206,,,否,,,,,,否,495419600,167753612,6839030098.75,2315758201.01,,,,13.72,13.55,14.29,14.97,16.16,18.29,21.01,2016-11-10,-
2018-07-04,603556,XD海兴电,电网设备,13.86082732864675,14.039131810193323,13.654369507908614,13.71067618629174,13.654369507908614,1513805,20755290.16,0.9024,,,否,,,,,,否,495419600,167753612,6792537711.94,2300015453.21,,,,13.72,13.55,14.20,14.87,16.05,18.23,20.96,2016-11-10,-
2018-07-05,603556,XD海兴电,电网设备,13.982825131810195,13.982825131810195,13.588678383128297,13.71067618629174,13.588678383128297,1192296,16347184.37,0.7107,,,否,,,,,,否,495419600,167753612,6792537711.94,2300015453.21,,,,13.68,13.66,14.11,14.77,15.94,18.17,20.92,2016-11-10,-
2018-07-06,603556,XD海兴电,电网设备,13.61683172231986,13.823289543057998,12.828538224956064,13.17576274165202,12.828538224956064,1558580,20535480.29,0.9291,,,否,,,,,,否,495419600,167753612,6527531107.16,2210281790.77,,,,13.54,13.66,14.01,14.66,15.83,18.11,20.87,2016-11-10,-
2018-07-09,603556,XD海兴电,电网设备,13.391605008787346,13.391605008787346,13.016227152899825,13.316529437609843,13.016227152899825,948206,12626813.11,0.5652,,,否,,,,,,否,495419600,167753612,6597269687.37,2233895912.46,,,,13.54,13.64,13.90,14.56,15.72,18.05,20.82,2016-11-10,-
2018-07-10,603556,XD海兴电,电网设备,13.38222056239016,13.419758347978911,13.063149384885765,13.203916080843586,13.063149384885765,837137,11053486.70,0.4990,,,否,,,,,,否,495419600,167753612,6541478823.21,2215004615.11,,,,13.42,13.57,13.80,14.43,15.62,17.98,20.77,2016-11-10,-
2018-07-11,603556,XD海兴电,电网设备,13.147609402460457,13.147609402460457,12.60331151142355,12.978689367311073,12.60331151142355,1146683,14882442.46,0.6836,,,否,,,,,,否,495419600,167753612,6429897094.88,2177222020.39,,,,13.28,13.50,13.69,14.31,15.51,17.91,20.72,2016-11-10,-
2018-07-12,603556,XD海兴电,电网设备,12.837922671353251,13.419758347978911,12.837922671353251,13.344682776801408,12.837922671353251,1256272,16764551.32,0.7489,,,否,,,,,,否,495419600,167753612,6611217403.41,2238618736.80,,,,13.20,13.44,13.61,14.23,15.42,17.85,20.67,2016-11-10,-
2018-07-13,603556,XD海兴电,电网设备,13.344682776801408,13.354067223198596,13.110071616871707,13.33529833040422,13.110071616871707,664530,8861705.80,0.3961,,,否,,,,,,否,495419600,167753612,6606568164.73,2237044462.02,,,,13.23,13.39,13.52,14.13,15.33,17.78,20.63,2016-11-10,-
2018-07-16,603556,XD海兴电,电网设备,13.56990949033392,13.56990949033392,13.100687170474519,13.128840509666082,13.100687170474519,806585,10589525.82,0.4808,,,否,,,,,,否,495419600,167753612,6504284913.76,2202410416.87,,,,13.19,13.37,13.45,14.04,15.25,17.73,20.58,2016-11-10,-
2018-07-17,603556,XD海兴电,电网设备,13.053764938488577,13.260222759226716,13.04438049209139,13.203916080843586,13.04438049209139,628170,8294303.96,0.3745,,,否,,,,,,否,495419600,167753612,6541478823.21,2215004615.11,,,,13.19,13.31,13.43,13.96,15.17,17.67,20.53,2016-11-10,-
2018-07-18,603556,XD海兴电,电网设备,13.260222759226716,13.400989455184535,13.156993848857645,13.222684973637962,13.156993848857645,657210,8690080.79,0.3918,,,否,,,,,,否,495419600,167753612,6550777300.57,2218153164.67,,,,13.25,13.26,13.41,13.89,15.09,17.61,20.49,2016-11-10,-
2018-07-19,603556,XD海兴电,电网设备,13.222684973637962,13.260222759226716,12.84730711775044,12.922382688927945,12.84730711775044,862737,11148617.67,0.5143,,,否,,,,,,否,495419600,167753612,6402001662.80,2167776371.71,,,,13.17,13.19,13.42,13.80,15.02,17.54,20.44,2016-11-10,-
2018-07-20,603556,XD海兴电,电网设备,12.791000439367313,13.241453866432337,12.791000439367313,13.194531634446399,12.791000439367313,994695,13124534.64,0.5929,,,否,,,,,,否,495419600,167753612,6536829584.52,2213430340.33,,,,13.14,13.19,13.42,13.74,14.93,17.48,20.40,2016-11-10,-
2018-07-23,603556,XD海兴电,电网设备,13.128840509666082,13.354067223198596,13.072533831282954,13.28837609841828,13.072533831282954,808460,10743120.54,0.4819,,,否,,,,,,否,495419600,167753612,6583321971.33,2229173088.12,,,,13.17,13.19,13.41,13.66,14.86,17.43,20.35,2016-11-10,-
2018-07-24,603556,XD海兴电,电网设备,13.32591388400703,13.56990949033392,13.222684973637962,13.52298725834798,13.222684973637962,1283998,17363488.59,0.7654,,,否,,,,,,否,495419600,167753612,6699552938.34,2268529957.62,,,,13.23,13.21,13.39,13.61,14.79,17.36,20.32,2016-11-10,-
2018-07-25,603556,XD海兴电,电网设备,13.532371704745168,13.644985061511424,13.447911687170475,13.532371704745168,13.447911687170475,844920,11433771.50,0.5037,,,否,,,,,,否,495419600,167753612,6704202177.02,2270104232.40,,,,13.29,13.27,13.38,13.55,14.76,17.30,20.28,2016-11-10,-
2018-07-26,603556,XD海兴电,电网设备,13.588678383128297,13.588678383128297,13.38222056239016,13.504218365553605,13.38222056239016,669580,9042154.53,0.3991,,,否,,,,,,否,495419600,167753612,6690254460.98,2265381408.06,,,,13.41,13.29,13.36,13.49,14.73,17.24,20.24,2016-11-10,-
2018-07-27,603556,XD海兴电,电网设备,13.61683172231986,13.61683172231986,13.316529437609843,13.372836115992971,13.316529437609843,659479,8819104.59,0.3931,,,否,,,,,,否,495419600,167753612,6625165119.45,2243341561.14,,,,13.45,13.29,13.34,13.45,14.70,17.17,20.20,2016-11-10,-
2018-07-30,603556,XD海兴电,电网设备,13.494833919156417,13.71067618629174,13.297760544815466,13.654369507908614,13.297760544815466,1311275,17904633.38,0.7817,,,否,,,,,,否,495419600,167753612,6764642279.86,2290569804.53,,,,13.51,13.34,13.35,13.41,14.67,17.12,20.17,2016-11-10,-
2018-07-31,603556,XD海兴电,电网设备,13.71067618629174,13.71067618629174,13.307144991212654,13.363451669595783,13.307144991212654,955994,12775379.62,0.5699,,,否,,,,,,否,495419600,167753612,6620515880.77,2241767286.36,,,,13.49,13.35,13.34,13.41,14.62,17.05,20.12,2016-11-10,-
2018-08-01,603556,XD海兴电,电网设备,13.297760544815466,13.47606502636204,13.072533831282954,13.08191827768014,13.072533831282954,795831,10410996.10,0.4744,,,否,,,,,,否,495419600,167753612,6481038720.36,2194539042.97,,,,13.39,13.34,13.31,13.38,14.57,16.99,20.08,2016-11-10,-
2018-08-02,603556,XD海兴电,电网设备,13.08191827768014,13.147609402460457,12.199780316344464,12.387469244288225,12.199780316344464,1442623,17870448.04,0.8600,,,否,,,,,,否,495419600,167753612,6136995058.02,2078042709.27,,,,13.18,13.29,13.24,13.38,14.51,16.92,20.04,2016-11-10,-
2018-08-03,603556,XD海兴电,电网设备,12.27485588752197,12.894229349736381,12.237318101933216,12.669002636203867,12.237318101933216,1288910,16329204.19,0.7683,,,否,,,,,,否,495419600,167753612,6276472218.43,2125270952.66,,,,13.03,13.24,13.21,13.36,14.45,16.85,19.99,2016-11-10,-
2018-08-06,603556,XD海兴电,电网设备,12.669002636203867,12.819153778558876,12.565773725834799,12.60331151142355,12.565773725834799,589570,7430534.37,0.3514,,,否,,,,,,否,495419600,167753612,6243927547.66,2114251029.20,,,,12.82,13.17,13.18,13.33,14.40,16.79,19.94,2016-11-10,-
2018-08-07,603556,XD海兴电,电网设备,12.706540421792619,12.84730711775044,12.537620386643233,12.781615992970123,12.537620386643233,426006,5445045.10,0.2539,,,否,,,,,,否,495419600,167753612,6332263082.59,2144162250.02,,,,12.71,13.09,13.16,13.30,14.35,16.74,19.90,2016-11-10,-
2018-08-08,603556,XD海兴电,电网设备,13.13822495606327,13.13822495606327,12.60331151142355,12.687771528998242,12.60331151142355,516850,6557674.71,0.3081,,,否,,,,,,否,495419600,167753612,6285770695.79,2128419502.22,,,,12.62,13.01,13.14,13.26,14.29,16.69,19.85,2016-11-10,-
2018-08-09,603556,XD海兴电,电网设备,12.650233743409492,12.912998242530756,12.528235940246047,12.828538224956064,12.528235940246047,785070,10071300.50,0.4680,,,否,,,,,,否,495419600,167753612,6355509275.99,2152033623.92,,,,12.72,12.94,13.11,13.22,14.24,16.63,19.81,2016-11-10,-
2018-08-10,603556,XD海兴电,电网设备,12.715924868189807,12.866076010544818,12.622080404217927,12.725309314586996,12.622080404217927,661530,8418173.87,0.3943,,,否,,,,,,否,495419600,167753612,6304367650.51,2134716601.34,,,,12.73,12.88,13.08,13.19,14.18,16.57,19.76,2016-11-10,-
2018-08-13,603556,XD海兴电,电网设备,12.593927065026362,12.809769332161688,12.471929261862918,12.640849297012304,12.471929261862918,791720,10008013.21,0.4720,,,否,,,,,,否,495419600,167753612,6262524502.39,2120548128.32,,,,12.73,12.78,13.06,13.17,14.11,16.52,19.73,2016-11-10,-
2018-08-14,603556,XD海兴电,电网设备,12.518851493848858,12.725309314586996,12.518851493848858,12.706540421792619,12.518851493848858,768071,9759525.21,0.4579,,,否,,,,,,否,495419600,167753612,6295069173.15,2131568051.78,,,,12.72,12.72,13.03,13.13,14.05,16.45,19.68,2016-11-10,-
2018-08-15,603556,XD海兴电,电网设备,12.678387082601056,12.678387082601056,12.36870035149385,12.406238137082603,12.36870035149385,709440,8801481.58,0.4229,,,否,,,,,,否,495419600,167753612,6146293535.38,2081191258.83,,,,12.66,12.64,13.00,13.08,13.97,16.39,19.64,2016-11-10,-
2018-08-16,603556,XD海兴电,电网设备,12.406238137082603,12.406238137082603,11.993322495606327,12.134089191564149,11.993322495606327,776530,9422484.28,0.4629,,,否,,,,,,否,495419600,167753612,6011465613.65,2035537290.22,,,,12.52,12.62,12.95,13.03,13.90,16.32,19.59,2016-11-10,-
2018-08-17,603556,XD海兴电,电网设备,12.349931458699475,12.349931458699475,11.927631370826012,11.98393804920914,11.927631370826012,771808,9249299.26,0.4601,,,否,,,,,,否,495419600,167753612,5937077794.76,2010348893.74,,,,12.38,12.55,12.89,12.99,13.82,16.24,19.55,2016-11-10,-
2018-08-20,603556,XD海兴电,电网设备,11.946400263620388,11.993322495606327,11.7024046572935,11.908862478031635,11.7024046572935,543401,6471287.78,0.3239,,,否,,,,,,否,495419600,167753612,5899883885.32,1997754695.50,,,,12.23,12.48,12.83,12.94,13.75,16.17,19.51,2016-11-10,-
2018-08-21,603556,XD海兴电,电网设备,11.908862478031635,12.152858084358524,11.79624912126538,11.89009358523726,11.79624912126538,550282,6542904.48,0.3280,,,否,,,,,,否,495419600,167753612,5890585407.96,1994606145.94,,,,12.07,12.39,12.74,12.90,13.66,16.10,19.46,2016-11-10,-
2018-08-22,603556,XD海兴电,电网设备,11.946400263620388,12.068398066783832,11.7024046572935,11.768095782073814,11.7024046572935,521900,6141769.19,0.3111,,,否,,,,,,否,495419600,167753612,5830145305.12,1974140573.80,,,,11.94,12.30,12.66,12.86,13.59,16.03,19.42,2016-11-10,-
2018-08-23,603556,XD海兴电,电网设备,11.758711335676626,11.946400263620388,11.730557996485063,11.805633567662566,11.730557996485063,664142,7840617.09,0.3959,,,否,,,,,,否,495419600,167753612,5848742259.84,1980437672.92,,,,11.87,12.20,12.57,12.81,13.51,15.96,19.37,2016-11-10,-
2018-08-24,603556,XD海兴电,电网设备,11.79624912126538,12.115320298769772,11.79624912126538,12.03086028119508,11.79624912126538,832592,10016798.02,0.4963,,,否,,,,,,否,495419600,167753612,5960323988.17,2018220267.64,,,,11.88,12.12,12.50,12.76,13.45,15.89,19.32,2016-11-10,-
2018-08-27,603556,XD海兴电,电网设备,12.068398066783832,12.12470474516696,11.955784710017575,12.105935852372586,11.955784710017575,839779,10166310.70,0.5006,,,否,,,,,,否,495419600,167753612,5997517897.61,2030814465.88,,,,11.92,12.08,12.43,12.73,13.38,15.81,19.28,2016-11-10,-
2018-08-28,603556,XD海兴电,电网设备,12.105935852372586,12.12470474516696,11.69302021089631,11.758711335676626,11.69302021089631,1921185,22590659.84,1.1452,,,否,,,,,,否,495419600,167753612,5825496066.44,1972566299.03,,,,11.89,11.98,12.35,12.68,13.33,15.74,19.23,2016-11-10,-
2018-08-29,603556,XD海兴电,电网设备,11.79624912126538,11.805633567662566,11.580406854130054,11.64609797891037,11.580406854130054,1241352,14456907.02,0.7400,,,否,,,,,,否,495419600,167753612,5769705202.27,1953675001.67,,,,11.87,11.90,12.27,12.63,13.26,15.66,19.18,2016-11-10,-
2018-08-30,603556,XD海兴电,电网设备,11.664866871704746,11.69302021089631,11.054877855887522,11.167491212653779,11.054877855887522,1882854,21026755.50,1.1224,,,否,,,,,,否,495419600,167753612,5532594029.58,1873386987.90,,,,11.74,11.81,12.21,12.58,13.19,15.59,19.13,2016-11-10,-
2018-08-31,603556,XD海兴电,电网设备,11.120568980667839,11.21441344463972,10.839035588752198,10.932880052724078,10.839035588752198,1222686,13367479.38,0.7289,,,否,,,,,,否,495419600,167753612,5416363062.57,1834030118.41,,,,11.52,11.70,12.12,12.50,13.12,15.50,19.08,2016-11-10,-
2018-09-03,603556,XD海兴电,电网设备,11.045493409490334,11.045493409490334,10.73580667838313,10.92349560632689,10.73580667838313,1012293,11057778.14,0.6034,,,否,,,,,,否,495419600,167753612,5411713823.89,1832455843.63,,,,11.29,11.60,12.04,12.42,13.03,15.42,19.02,2016-11-10,-
2018-09-04,603556,XD海兴电,电网设备,10.961033391915642,11.092415641476276,10.763960017574695,11.036108963093147,10.763960017574695,1632617,18017739.11,0.9732,,,否,,,,,,否,495419600,167753612,5467504688.05,1851347140.98,,,,11.14,11.51,11.96,12.33,12.97,15.34,18.97,2016-11-10,-
2018-09-05,603556,XD海兴电,电网设备,10.951648945518453,11.026724516695959,10.754575571177506,10.763960017574695,10.754575571177506,1135420,12221615.48,0.6768,,,否,,,,,,否,495419600,167753612,5332676766.32,1805693172.37,,,,10.96,11.42,11.86,12.25,12.89,15.26,18.92,2016-11-10,-
2018-09-06,603556,XD海兴电,电网设备,10.717037785588753,10.820266695957821,10.313506590509666,10.369813268892795,10.313506590509666,1770010,18354673.18,1.0551,,,否,,,,,,否,495419600,167753612,5137408741.75,1739573631.62,,,,10.80,11.27,11.74,12.13,12.82,15.17,18.86,2016-11-10,-
2018-09-07,603556,XD海兴电,电网设备,10.351044376098418,10.763960017574695,10.275968804920915,10.4448888400703,10.275968804920915,2140442,22356678.76,1.2759,,,否,,,,,,否,495419600,167753612,5174602651.19,1752167829.86,,,,10.71,11.11,11.62,12.04,12.74,15.09,18.81,2016-11-10,-
2018-09-10,603556,XD海兴电,电网设备,10.454273286467489,10.519964411247805,10.144586555360283,10.163355448154658,10.144586555360283,1441955,14655101.21,0.8596,,,否,,,,,,否,495419600,167753612,5035125490.78,1704939586.47,,,,10.56,10.92,11.50,11.93,12.67,15.01,18.74,2016-11-10,-
2018-09-11,603556,XD海兴电,电网设备,10.229046572934974,10.34165992970123,10.116433216168717,10.294737697715291,10.116433216168717,1278686,13163736.97,0.7622,,,否,,,,,,否,495419600,167753612,5100214832.31,1726979433.38,,,,10.41,10.77,11.37,11.82,12.61,14.93,18.68,2016-11-10,-
2018-09-12,603556,XD海兴电,电网设备,10.294737697715291,10.473042179261864,10.078895430579966,10.416735500878735,10.078895430579966,1952834,20342155.26,1.1641,,,否,,,,,,否,495419600,167753612,5160654935.15,1747445005.52,,,,10.34,10.65,11.28,11.73,12.56,14.85,18.62,2016-11-10,-
2018-09-13,603556,XD海兴电,电网设备,10.566886643233744,10.566886643233744,10.107048769771529,10.266584358523726,10.107048769771529,2164556,22222596.77,1.2903,,,否,,,,,,否,495419600,167753612,5086267116.27,1722256609.05,,,,10.31,10.56,11.19,11.66,12.52,14.76,18.56,2016-11-10,-
2018-09-14,603556,XD海兴电,电网设备,10.30412214411248,10.360428822495606,10.116433216168717,10.172739894551846,10.116433216168717,1944580,19781706.54,1.1592,,,否,,,,,,否,495419600,167753612,5039774729.46,1706513861.25,,,,10.27,10.48,11.09,11.58,12.47,14.69,18.50,2016-11-10,-
2018-09-17,603556,XD海兴电,电网设备,10.20089323374341,10.229046572934974,9.853668717047452,9.928744288224957,9.853668717047452,1815481,18025446.61,1.0822,,,否,,,,,,否,495419600,167753612,4918894523.77,1665582716.97,,,,10.22,10.39,11.00,11.49,12.41,14.61,18.44,2016-11-10,-
2018-09-18,603556,XD海兴电,电网设备,9.853668717047452,10.229046572934974,9.816130931458702,10.172739894551846,9.816130931458702,1947624,19812672.36,1.1610,,,否,,,,,,否,495419600,167753612,5039774729.46,1706513861.25,,,,10.19,10.30,10.90,11.40,12.35,14.53,18.37,2016-11-10,-
2018-09-19,603556,XD海兴电,电网设备,10.125817662565906,10.351044376098418,10.125817662565906,10.275968804920915,10.125817662565906,1660768,17066000.16,0.9900,,,否,,,,,,否,495419600,167753612,5090916354.95,1723830883.82,,,,10.16,10.25,10.83,11.33,12.29,14.44,18.32,2016-11-10,-
2018-09-20,603556,XD海兴电,电网设备,10.30412214411248,10.416735500878735,10.2102776801406,10.247815465729351,10.2102776801406,1296690,13288239.84,0.7730,,,否,,,,,,否,495419600,167753612,5076968638.91,1719108059.49,,,,10.16,10.24,10.75,11.23,12.23,14.36,18.25,2016-11-10,-
2018-09-21,603556,XD海兴电,电网设备,10.238431019332163,10.388582161687172,10.20089323374341,10.388582161687172,10.20089323374341,1413733,14686681.43,0.8427,,,否,,,,,,否,495419600,167753612,5146707219.11,1742722181.18,,,,10.20,10.23,10.67,11.16,12.17,14.27,18.20,2016-11-10,-
2018-09-25,603556,XD海兴电,电网设备,10.30412214411248,10.360428822495606,10.247815465729351,10.266584358523726,10.247815465729351,1142900,11733679.26,0.6813,,,否,,,,,,否,495419600,167753612,5086267116.27,1722256609.05,,,,10.27,10.25,10.59,11.08,12.12,14.19,18.14,2016-11-10,-
2018-09-26,603556,XD海兴电,电网设备,10.30412214411248,10.585655536028119,10.266584358523726,10.379197715289983,10.266584358523726,2053307,21311679.32,1.2240,,,否,,,,,,否,495419600,167753612,5142057980.43,1741147906.40,,,,10.31,10.25,10.51,11.00,12.07,14.11,18.08,2016-11-10,-
2018-09-27,603556,XD海兴电,电网设备,10.4448888400703,10.4448888400703,9.928744288224957,10.031973198594025,9.928744288224957,1860720,18666693.17,1.1092,,,否,,,,,,否,495419600,167753612,4970036149.26,1682899739.55,,,,10.27,10.21,10.44,10.92,12.00,14.02,18.02,2016-11-10,-
2018-09-28,603556,XD海兴电,电网设备,10.031973198594025,10.144586555360283,9.975666520210897,10.06012653778559,9.975666520210897,1364208,13724105.10,0.8132,,,否,,,,,,否,495419600,167753612,4983983865.30,1687622563.89,,,,10.23,10.19,10.38,10.86,11.95,13.95,17.96,2016-11-10,-
2018-10-08,603556,XD海兴电,电网设备,10.022588752196837,10.313506590509666,9.909975395430582,10.088279876977154,9.909975395430582,1610506,16247235.27,0.9600,,,否,,,,,,否,495419600,167753612,4997931581.34,1692345388.23,,,,10.16,10.18,10.33,10.79,11.89,13.86,17.91,2016-11-10,-
2018-10-09,603556,XD海兴电,电网设备,10.06012653778559,10.191508787346221,9.816130931458702,9.891206502636203,9.816130931458702,1559851,15428808.35,0.9298,,,否,,,,,,否,495419600,167753612,4900297569.05,1659285617.86,,,,10.09,10.18,10.29,10.73,11.83,13.78,17.85,2016-11-10,-
2018-10-10,603556,XD海兴电,电网设备,9.86305316344464,10.06012653778559,9.76920869947276,10.031973198594025,9.76920869947276,878020,8808273.11,0.5234,,,否,,,,,,否,495419600,167753612,4970036149.26,1682899739.55,,,,10.02,10.16,10.23,10.66,11.78,13.70,17.79,2016-11-10,-
2018-10-11,603556,XD海兴电,电网设备,9.816130931458702,9.816130931458702,9.037221880492092,9.037221880492092,9.037221880492092,2266936,20486803.62,1.3513,,,否,,,,,,否,495419600,167753612,4477216849.14,1516026612.90,,,,9.83,10.04,10.14,10.57,11.71,13.62,17.73,2016-11-10,-
2018-10-12,603556,XD海兴电,电网设备,8.765072934973638,9.009068541300527,8.46477065026362,8.793226274165201,8.46477065026362,1670393,14688143.62,0.9957,,,否,,,,,,否,495419600,167753612,4356336643.46,1475095468.62,,,,9.57,9.90,10.07,10.47,11.64,13.53,17.67,2016-11-10,-
2018-10-15,603556,XD海兴电,电网设备,9.037221880492092,9.037221880492092,8.624306239015818,8.624306239015818,8.624306239015818,1165221,10049222.74,0.6946,,,否,,,,,,否,495419600,167753612,4272650347.21,1446758522.59,,,,9.27,9.72,9.98,10.36,11.56,13.45,17.61,2016-11-10,-
2018-10-16,603556,XD海兴电,电网设备,8.689997363796135,8.802610720562392,8.3240039543058,8.361541739894552,8.3240039543058,1261950,10551847.60,0.7523,,,否,,,,,,否,495419600,167753612,4142471664.16,1402678828.76,,,,8.97,9.53,9.89,10.23,11.48,13.36,17.54,2016-11-10,-
2018-10-17,603556,XD海兴电,电网设备,8.492923989455186,8.549230667838312,8.305235061511423,8.427232864674869,8.305235061511423,1116451,9408592.56,0.6655,,,否,,,,,,否,495419600,167753612,4175016334.92,1413698752.21,,,,8.65,9.34,9.80,10.12,11.40,13.29,17.47,2016-11-10,-
2018-10-18,603556,XD海兴电,电网设备,8.436617311072057,8.56799956063269,8.258312829525485,8.417848418277682,8.258312829525485,1596644,13440307.17,0.9518,,,否,,,,,,否,495419600,167753612,4170367096.24,1412124477.43,,,,8.52,9.18,9.69,10.01,11.32,13.20,17.41,2016-11-10,-
2018-10-19,603556,XD海兴电,电网设备,8.342772847100177,8.61492179261863,8.258312829525485,8.586768453427066,8.258312829525485,1626562,13966911.27,0.9696,,,否,,,,,,否,495419600,167753612,4254053392.49,1440461423.47,,,,8.48,9.03,9.61,9.93,11.25,13.13,17.34,2016-11-10,-
2018-10-22,603556,XD海兴电,电网设备,8.671228471001758,9.093528558875219,8.586768453427066,8.952761862917399,8.586768453427066,1875435,16790322.94,1.1180,,,否,,,,,,否,495153100,167753612,4432987789.99,1501858139.88,,,,8.55,8.92,9.54,9.86,11.18,13.05,17.29,2016-11-10,-
2018-10-23,603556,XD海兴电,电网设备,9.018452987697716,9.102913005272407,8.783841827768015,8.84953295254833,8.783841827768015,1056005,9345151.05,0.6295,,,否,,,,,,否,495153100,167753612,4381873675.01,1484541117.30,,,,8.64,8.81,9.50,9.79,11.10,12.98,17.22,2016-11-10,-
2018-10-24,603556,XD海兴电,电网设备,8.736919595782075,8.980915202108964,8.736919595782075,8.877686291739895,8.736919595782075,923386,8197531.23,0.5504,,,否,,,,,,否,495153100,167753612,4395813888.18,1489263941.64,,,,8.74,8.69,9.43,9.72,11.03,12.91,17.16,2016-11-10,-
2018-10-25,603556,XD海兴电,电网设备,8.661844024604571,8.830764059753955,8.530461775043937,8.793226274165201,8.530461775043937,1149617,10108842.41,0.6853,,,否,,,,,,否,495153100,167753612,4353993248.65,1475095468.62,,,,8.81,8.67,9.36,9.66,10.95,12.86,17.10,2016-11-10,-
2018-10-26,603556,XD海兴电,电网设备,8.858917398945518,9.159219683655536,8.802610720562392,8.99968409490334,8.802610720562392,1341344,12071672.26,0.7996,,,否,,,,,,否,495153100,167753612,4456221478.61,1509729513.78,,,,8.90,8.69,9.29,9.61,10.88,12.80,17.04,2016-11-10,-
2018-10-29,603556,XD海兴电,电网设备,8.99968409490334,9.234295254833041,8.877686291739895,9.121681898066784,8.877686291739895,1673706,15267013.72,0.9977,,,否,,,,,,否,495153100,167753612,4516629069.04,1530195085.92,,,,8.92,8.74,9.23,9.56,10.80,12.75,16.99,2016-11-10,-
2018-10-30,603556,XD海兴电,电网设备,9.206141915641478,9.900590949033393,9.121681898066784,9.609673110720562,9.121681898066784,3382835,32507938.54,2.0165,,,否,,,,,,否,495153100,167753612,4758259430.76,1612057374.46,,,,9.08,8.87,9.20,9.54,10.74,12.70,16.93,2016-11-10,-
2018-10-31,603556,XD海兴电,电网设备,9.581519771528999,9.656595342706503,9.403215289982425,9.562750878734622,9.403215289982425,2109048,20168300.62,1.2572,,,否,,,,,,否,495153100,167753612,4735025742.13,1604186000.56,,,,9.22,8.98,9.16,9.53,10.67,12.65,16.87,2016-11-10,-
2018-11-01,603556,XD海兴电,电网设备,9.543981985940247,9.665979789103693,9.365677504393673,9.375061950790862,9.365677504393673,3115335,29206458.62,1.8571,,,否,,,,,,否,495153100,167753612,4642090987.63,1572700504.97,,,,9.34,9.07,9.12,9.49,10.61,12.59,16.81,2016-11-10,-
2018-11-02,603556,XD海兴电,电网设备,9.47829086115993,9.684748681898068,9.43136862917399,9.57213532513181,9.43136862917399,2358800,22578752.80,1.4061,,,否,,,,,,否,495153100,167753612,4739672479.86,1605760275.34,,,,9.45,9.17,9.10,9.46,10.57,12.54,16.75,2016-11-10,-
2018-11-05,603556,XD海兴电,电网设备,9.656595342706503,9.881822056239017,9.515828646748684,9.656595342706503,9.515828646748684,2347116,22665149.43,1.3991,,,否,,,,,,否,495153100,167753612,4781493119.39,1619928748.36,,,,9.55,9.24,9.07,9.45,10.51,12.48,16.69,2016-11-10,-
2018-11-06,603556,XD海兴电,电网设备,9.581519771528999,9.684748681898068,9.38444639718805,9.57213532513181,9.38444639718805,1369217,13106330.41,0.8162,,,否,,,,,,否,495153100,167753612,4739672479.86,1605760275.34,,,,9.54,9.32,9.07,9.43,10.46,12.43,16.64,2016-11-10,-
2018-11-07,603556,XD海兴电,电网设备,9.497059753954305,9.67536423550088,9.47829086115993,9.497059753954305,9.47829086115993,1520199,14437420.74,0.9062,,,否,,,,,,否,495153100,167753612,4702498578.06,1593166077.11,,,,9.53,9.38,9.04,9.41,10.41,12.38,16.58,2016-11-10,-
2018-11-08,603556,XD海兴电,电网设备,9.543981985940247,9.656595342706503,9.356293057996487,9.421984182776802,9.356293057996487,1638242,15435490.21,0.9766,,,否,,,,,,否,495153100,167753612,4665324676.25,1580571878.87,,,,9.54,9.44,9.06,9.38,10.35,12.32,16.52,2016-11-10,-
2018-11-09,603556,XD海兴电,电网设备,9.450137521968367,9.731670913884008,9.337524165202108,9.581519771528999,9.337524165202108,1851440,17739608.97,1.1037,,,否,,,,,,否,495153100,167753612,4744319217.58,1607334550.12,,,,9.54,9.50,9.09,9.37,10.29,12.27,16.46,2016-11-10,-
2018-11-12,603556,XD海兴电,电网设备,9.534597539543059,9.872437609841828,9.468906414762742,9.853668717047452,9.468906414762742,1926713,18985191.61,1.1485,,,否,,,,,,否,495153100,167753612,4879074611.62,1652988518.74,,,,9.58,9.57,9.16,9.35,10.25,12.22,16.40,2016-11-10,-
2018-11-13,603556,XD海兴电,电网设备,9.778593145869948,10.219662126537786,9.703517574692443,10.107048769771529,9.703517574692443,2346041,23711550.80,1.3985,,,否,,,,,,否,495153100,167753612,5004536530.20,1695493937.79,,,,9.69,9.62,9.24,9.34,10.21,12.16,16.35,2016-11-10,-
2018-11-14,603556,XD海兴电,电网设备,10.022588752196837,10.247815465729351,9.853668717047452,10.107048769771529,9.853668717047452,1742790,17614463.53,1.0389,,,否,,,,,,否,495153100,167753612,5004536530.20,1695493937.79,,,,9.82,9.68,9.33,9.33,10.16,12.11,16.29,2016-11-10,-
2018-11-15,603556,XD海兴电,电网设备,10.125817662565906,10.238431019332163,10.041357644991212,10.229046572934974,10.041357644991212,1514321,15490060.04,0.9027,,,否,,,,,,否,495153100,167753612,5064944120.63,1715959509.93,,,,9.98,9.76,9.41,9.34,10.13,12.05,16.24,2016-11-10,-
2018-11-16,603556,XD海兴电,电网设备,10.229046572934974,10.64196221441125,10.172739894551846,10.53873330404218,10.172739894551846,3339099,35189873.84,1.9905,,,否,,,,,,否,495153100,167753612,5218286465.57,1767910577.66,,,,10.16,9.85,9.52,9.35,10.11,12.00,16.19,2016-11-10,-
2018-11-19,603556,XD海兴电,电网设备,10.660731107205624,10.97041783831283,10.351044376098418,10.426119947275923,10.351044376098418,4227179,44073075.29,2.5199,,,否,,,,,,否,495153100,167753612,5162525612.87,1749019280.30,,,,10.29,9.94,9.59,9.37,10.08,11.96,16.14,2016-11-10,-
2018-11-20,603556,XD海兴电,电网设备,10.369813268892795,10.482426625659052,9.947513181019332,9.994435413005274,9.947513181019332,3574145,35721561.36,2.1306,,,否,,,,,,否,495153100,167753612,4948775677.50,1676602640.43,,,,10.26,9.98,9.65,9.37,10.04,11.90,16.08,2016-11-10,-
2018-11-21,603556,XD海兴电,电网设备,9.853668717047452,10.06012653778559,9.816130931458702,9.928744288224957,9.816130931458702,1843174,18300403.32,1.0987,,,否,,,,,,否,495153100,167753612,4916248513.42,1665582716.97,,,,10.22,10.02,9.69,9.37,10.01,11.84,16.03,2016-11-10,-
2018-11-22,603556,XD海兴电,电网设备,10.022588752196837,10.135202108963094,9.928744288224957,10.050742091388402,9.928744288224957,1944110,19539748.21,1.1589,,,否,,,,,,否,495153100,167753612,4976656103.85,1686048289.11,,,,10.19,10.08,9.76,9.39,9.99,11.79,15.97,2016-11-10,-
2018-11-23,603556,XD海兴电,电网设备,10.050742091388402,10.06012653778559,9.468906414762742,9.57213532513181,9.468906414762742,2772970,26543244.09,1.6530,,,否,,,,,,否,495153100,167753612,4739672479.86,1605760275.34,,,,9.99,10.08,9.79,9.42,9.95,11.73,15.91,2016-11-10,-
2018-11-26,603556,XD海兴电,电网设备,9.487675307557119,9.67536423550088,9.440753075571179,9.487675307557119,9.440753075571179,1447717,13735468.83,0.8630,,,否,,,,,,否,495153100,167753612,4697851840.33,1591591802.33,,,,9.81,10.04,9.81,9.45,9.90,11.67,15.85,2016-11-10,-
2018-11-27,603556,XD海兴电,电网设备,9.553366432337434,9.656595342706503,9.506444200351496,9.515828646748684,9.506444200351496,1555730,14804060.10,0.9274,,,否,,,,,,否,495153100,167753612,4711792053.51,1596314626.67,,,,9.71,9.99,9.81,9.49,9.86,11.63,15.79,2016-11-10,-
2018-11-28,603556,XD海兴电,电网设备,9.487675307557119,9.665979789103693,9.403215289982425,9.62844200351494,9.403215289982425,1944082,18718480.79,1.1589,,,否,,,,,,否,495153100,167753612,4767552906.21,1615205924.02,,,,9.65,9.94,9.81,9.53,9.83,11.57,15.75,2016-11-10,-
2018-11-29,603556,XD海兴电,电网设备,9.647210896309314,9.759824253075573,9.412599736379613,9.450137521968367,9.412599736379613,1992700,18831289.04,1.1879,,,否,,,,,,否,495153100,167753612,4679264889.43,1585294703.21,,,,9.53,9.86,9.81,9.56,9.79,11.52,15.69,2016-11-10,-
2018-11-30,603556,XD海兴电,电网设备,9.403215289982425,9.712902021089631,9.262448594024605,9.656595342706503,9.262448594024605,2071890,20007403.32,1.2351,,,否,,,,,,否,495153100,167753612,4781493119.39,1619928748.36,,,,9.54,9.77,9.82,9.60,9.76,11.48,15.63,2016-11-10,-
2018-12-03,603556,XD海兴电,电网设备,9.834899824253077,10.022588752196837,9.731670913884008,9.900590949033393,9.731670913884008,2532568,25073919.82,1.5097,,,否,,,,,,否,495153100,167753612,4902308300.25,1660859892.63,,,,9.63,9.72,9.83,9.63,9.75,11.43,15.60,2016-11-10,-
2018-12-04,603556,XD海兴电,电网设备,9.853668717047452,10.06012653778559,9.853668717047452,9.985050966608085,9.853668717047452,1533469,15311766.12,0.9141,,,否,,,,,,否,495153100,167753612,4944128939.77,1675028365.65,,,,9.72,9.72,9.84,9.67,9.73,11.38,15.54,2016-11-10,-
2018-12-05,603556,XD海兴电,电网设备,9.816130931458702,9.95689762741652,9.76920869947276,9.872437609841828,9.76920869947276,1060269,10467439.55,0.6320,,,否,,,,,,否,495153100,167753612,4888368087.07,1656137068.30,,,,9.77,9.71,9.86,9.70,9.71,11.34,15.49,2016-11-10,-
2018-12-06,603556,XD海兴电,电网设备,9.816130931458702,9.966282073813709,9.750439806678385,9.816130931458702,9.750439806678385,1140309,11193422.45,0.6798,,,否,,,,,,否,495153100,167753612,4860487660.72,1646691419.62,,,,9.84,9.68,9.88,9.74,9.69,11.30,15.45,2016-11-10,-
2018-12-07,603556,XD海兴电,电网设备,9.86305316344464,9.966282073813709,9.816130931458702,9.95689762741652,9.816130931458702,945523,9414475.72,0.5636,,,否,,,,,,否,495153100,167753612,4930188726.60,1670305541.31,,,,9.91,9.73,9.90,9.77,9.68,11.25,15.40,2016-11-10,-
2018-12-10,603556,XD海兴电,电网设备,9.872437609841828,10.153971001757471,9.797362038664323,9.966282073813709,9.797362038664323,1309583,13051673.58,0.7807,,,否,,,,,,否,495153100,167753612,4934835464.32,1671879816.09,,,,9.92,9.78,9.91,9.80,9.68,11.21,15.35,2016-11-10,-
2018-12-11,603556,XD海兴电,电网设备,9.966282073813709,10.116433216168717,9.86305316344464,10.088279876977154,9.86305316344464,1912638,19295227.45,1.1401,,,否,,,,,,否,495153100,167753612,4995243054.75,1692345388.23,,,,9.94,9.83,9.91,9.82,9.68,11.18,15.31,2016-11-10,-
2018-12-12,603556,XD海兴电,电网设备,10.125817662565906,10.135202108963094,10.003819859402462,10.003819859402462,10.003819859402462,1172203,11726507.65,0.6988,,,否,,,,,,否,495153100,167753612,4953422415.22,1678176915.21,,,,9.97,9.87,9.90,9.83,9.68,11.15,15.26,2016-11-10,-
2018-12-13,603556,XD海兴电,电网设备,9.994435413005274,10.2102776801406,9.938128734622145,10.163355448154658,9.938128734622145,1827780,18576377.82,1.0896,,,否,,,,,,否,495153100,167753612,5032416956.56,1704939586.47,,,,10.03,9.94,9.90,9.85,9.67,11.11,15.21,2016-11-10,-
2018-12-14,603556,XD海兴电,电网设备,10.229046572934974,10.229046572934974,9.816130931458702,9.816130931458702,9.816130931458702,1903270,18682747.52,1.1346,,,否,,,,,,否,495153100,167753612,4860487660.72,1646691419.62,,,,10.00,9.96,9.86,9.86,9.67,11.09,15.17,2016-11-10,-
2018-12-17,603556,XD海兴电,电网设备,9.891206502636203,10.022588752196837,9.778593145869948,10.022588752196837,9.778593145869948,1636244,16399400.71,0.9754,,,否,,,,,,否,495153100,167753612,4962715890.68,1681325464.77,,,,10.02,9.97,9.84,9.87,9.66,11.06,15.13,2016-11-10,-
2018-12-18,603556,XD海兴电,电网设备,10.013204305799649,10.135202108963094,9.816130931458702,10.031973198594025,9.816130931458702,1777258,17829404.62,1.0594,,,否,,,,,,否,495153100,167753612,4967362628.40,1682899739.55,,,,10.00,9.98,9.84,9.89,9.67,11.04,15.08,2016-11-10,-
2018-12-19,603556,XD海兴电,电网设备,9.994435413005274,10.116433216168717,9.797362038664323,9.797362038664323,9.797362038664323,1141443,11183130.32,0.6804,,,否,,,,,,否,495153100,167753612,4851194185.27,1643542870.06,,,,9.97,9.97,9.83,9.90,9.66,11.00,15.03,2016-11-10,-
2018-12-20,603556,XD海兴电,电网设备,9.741055360281196,9.938128734622145,9.731670913884008,9.881822056239017,9.731670913884008,906484,8957713.58,0.5404,,,否,,,,,,否,495153100,167753612,4893014824.80,1657711343.08,,,,9.91,9.98,9.83,9.91,9.65,10.97,14.99,2016-11-10,-
2018-12-21,603556,XD海兴电,电网设备,9.86305316344464,10.144586555360283,9.86305316344464,9.985050966608085,9.86305316344464,1741780,17391762.07,1.0383,,,否,,,,,,否,495153100,167753612,4944128939.77,1675028365.65,,,,9.95,9.98,9.85,9.93,9.65,10.93,14.95,2016-11-10,-
2018-12-24,603556,XD海兴电,电网设备,9.985050966608085,10.182124340949034,9.985050966608085,10.107048769771529,9.985050966608085,1270912,12845169.57,0.7576,,,否,,,,,,否,495153100,167753612,5004536530.20,1695493937.79,,,,9.96,9.99,9.88,9.94,9.64,10.90,14.90,2016-11-10,-
2018-12-25,603556,XD海兴电,电网设备,9.95689762741652,10.078895430579966,9.703517574692443,10.022588752196837,9.703517574692443,1558173,15616927.18,0.9288,,,否,,,,,,否,495153100,167753612,4962715890.68,1681325464.77,,,,9.96,9.99,9.91,9.94,9.64,10.88,14.86,2016-11-10,-
2018-12-26,603556,XD海兴电,电网设备,10.06012653778559,10.6795,10.06012653778559,10.275968804920915,10.06012653778559,2938743,30198431.39,1.7518,,,否,,,,,,否,495153100,167753612,5088177809.26,1723830883.82,,,,10.05,10.01,9.94,9.94,9.64,10.85,14.82,2016-11-10,-
2018-12-27,603556,XD海兴电,电网设备,10.313506590509666,10.4448888400703,9.816130931458702,9.816130931458702,9.816130931458702,2569950,25226965.69,1.5320,,,否,,,,,,否,495153100,167753612,4860487660.72,1646691419.62,,,,10.04,9.98,9.96,9.93,9.63,10.82,14.77,2016-11-10,-
2018-12-28,603556,XD海兴电,电网设备,9.759824253075573,10.022588752196837,9.61905755711775,9.928744288224957,9.61905755711775,1807400,17945212.43,1.0774,,,否,,,,,,否,495153100,167753612,4916248513.42,1665582716.97,,,,10.03,9.99,9.98,9.90,9.63,10.78,14.73,2016-11-10,-
2019-01-02,603556,XD海兴电,电网设备,10.078895430579966,10.153971001757471,9.938128734622145,10.022588752196837,9.938128734622145,1603580,16072022.87,0.9559,,,否,,,,,,否,495153100,167753612,4962715890.68,1681325464.77,,,,10.01,9.99,9.98,9.89,9.63,10.75,14.69,2016-11-10,-
2019-01-03,603556,XD海兴电,电网设备,10.172739894551846,10.182124340949034,10.041357644991212,10.107048769771529,10.041357644991212,1286360,13001303.26,0.7668,,,否,,,,,,否,495153100,167753612,5004536530.20,1695493937.79,,,,10.03,9.99,9.99,9.89,9.63,10.74,14.65,2016-11-10,-
2019-01-04,603556,XD海兴电,电网设备,9.938128734622145,10.426119947275923,9.750439806678385,10.351044376098418,9.750439806678385,2634326,27268025.33,1.5704,,,否,,,,,,否,495153100,167753612,5125351711.06,1736425082.06,,,,10.04,10.05,10.00,9.91,9.64,10.71,14.61,2016-11-10,-
2019-01-07,603556,XD海兴电,电网设备,10.294737697715291,10.49181107205624,10.285353251318103,10.426119947275923,10.285353251318103,3050637,31806307.28,1.8185,,,否,,,,,,否,495153100,167753612,5162525612.87,1749019280.30,,,,10.16,10.11,10.04,9.92,9.66,10.69,14.56,2016-11-10,-
2019-01-08,603556,XD海兴电,电网设备,10.388582161687172,10.388582161687172,10.191508787346221,10.266584358523726,10.191508787346221,2381520,24450075.98,1.4197,,,否,,,,,,否,495153100,167753612,5083531071.53,1722256609.05,,,,10.24,10.14,10.05,9.95,9.68,10.66,14.53,2016-11-10,-
2019-01-09,603556,XD海兴电,电网设备,10.247815465729351,10.482426625659052,10.229046572934974,10.426119947275923,10.229046572934974,3198107,33343847.19,1.9064,,,否,,,,,,否,495153100,167753612,5162525612.87,1749019280.30,,,,10.31,10.16,10.08,9.98,9.71,10.63,14.48,2016-11-10,-
2019-01-10,603556,XD海兴电,电网设备,10.388582161687172,10.43550439367311,10.247815465729351,10.388582161687172,10.247815465729351,2302187,23916458.80,1.3724,,,否,,,,,,否,495153100,167753612,5143938661.96,1742722181.18,,,,10.37,10.20,10.09,10.00,9.75,10.61,14.44,2016-11-10,-
2019-01-11,603556,XD海兴电,电网设备,10.351044376098418,11.21441344463972,10.294737697715291,11.21441344463972,10.294737697715291,2137355,23969182.65,1.2741,,,否,,,,,,否,495153100,167753612,5552851581.80,1881258361.80,,,,10.55,10.29,10.15,10.06,9.80,10.60,14.40,2016-11-10,-
2019-01-14,603556,XD海兴电,电网设备,10.801497803163445,10.801497803163445,10.351044376098418,10.39796660808436,10.351044376098418,3897765,40528830.32,2.3235,,,否,,,,,,否,495153100,167753612,5148585399.69,1744296455.96,,,,10.54,10.35,10.16,10.09,9.83,10.58,14.36,2016-11-10,-
2019-01-15,603556,XD海兴电,电网设备,10.313506590509666,10.763960017574695,10.313506590509666,10.585655536028119,10.313506590509666,2398035,25384772.47,1.4295,,,否,,,,,,否,495153100,167753612,5241520154.20,1775781951.56,,,,10.60,10.42,10.20,10.12,9.86,10.56,14.31,2016-11-10,-
2019-01-16,603556,XD海兴电,电网设备,10.670115553602812,10.6795,10.519964411247805,10.557502196836555,10.519964411247805,1312329,13854916.30,0.7823,,,否,,,,,,否,495153100,167753612,5227579941.02,1771059127.22,,,,10.63,10.47,10.23,10.14,9.89,10.53,14.27,2016-11-10,-
2019-01-17,603556,XD海兴电,电网设备,10.510579964850615,10.613808875219684,10.313506590509666,10.313506590509666,10.313506590509666,1206929,12447670.20,0.7195,,,否,,,,,,否,495153100,167753612,5106764760.16,1730127982.94,,,,10.61,10.49,10.25,10.15,9.91,10.51,14.24,2016-11-10,-
2019-01-18,603556,XD海兴电,电网设备,10.313506590509666,10.426119947275923,10.238431019332163,10.34165992970123,10.238431019332163,1025400,10604338.09,0.6113,,,否,,,,,,否,495153100,167753612,5120704973.34,1734850807.28,,,,10.44,10.49,10.27,10.17,9.94,10.48,14.19,2016-11-10,-
2019-01-21,603556,XD海兴电,电网设备,10.34165992970123,10.595039982425307,10.34165992970123,10.548117750439369,10.34165992970123,1279930,13500852.35,0.7630,,,否,,,,,,否,495153100,167753612,5222933203.30,1769484852.44,,,,10.47,10.50,10.30,10.19,9.97,10.45,14.15,2016-11-10,-
2019-01-22,603556,XD海兴电,电网设备,10.501195518453427,10.557502196836555,10.266584358523726,10.275968804920915,10.266584358523726,983550,10106929.12,0.5863,,,否,,,,,,否,495153100,167753612,5088177809.26,1723830883.82,,,,10.41,10.50,10.32,10.20,9.99,10.43,14.10,2016-11-10,-
2019-01-23,603556,XD海兴电,电网设备,10.275968804920915,10.360428822495606,10.20089323374341,10.294737697715291,10.20089323374341,607905,6258222.52,0.3624,,,否,,,,,,否,495153100,167753612,5097471284.71,1726979433.38,,,,10.35,10.49,10.33,10.22,10.00,10.41,14.07,2016-11-10,-
2019-01-24,603556,XD海兴电,电网设备,10.294737697715291,10.43550439367311,10.294737697715291,10.39796660808436,10.294737697715291,1921715,19981928.40,1.1456,,,否,,,,,,否,495153100,167753612,5148585399.69,1744296455.96,,,,10.37,10.49,10.35,10.23,10.02,10.38,14.02,2016-11-10,-
2019-01-25,603556,XD海兴电,电网设备,10.39796660808436,10.510579964850615,10.313506590509666,10.313506590509666,10.313506590509666,1740930,17955093.03,1.0378,,,否,,,,,,否,495153100,167753612,5106764760.16,1730127982.94,,,,10.37,10.41,10.35,10.24,10.03,10.35,13.98,2016-11-10,-
2019-01-28,603556,XD海兴电,电网设备,10.313506590509666,10.473042179261864,10.285353251318103,10.313506590509666,10.285353251318103,2156849,22244676.38,1.2857,,,否,,,,,,否,495153100,167753612,5106764760.16,1730127982.94,,,,10.32,10.40,10.37,10.24,10.05,10.33,13.95,2016-11-10,-
2019-01-29,603556,XD海兴电,电网设备,10.238431019332163,10.379197715289983,9.985050966608085,10.153971001757471,9.985050966608085,1876227,19051154.55,1.1184,,,否,,,,,,否,495153100,167753612,5027770218.83,1703365311.69,,,,10.29,10.35,10.39,10.25,10.06,10.31,13.90,2016-11-10,-
2019-01-30,603556,XD海兴电,电网设备,10.050742091388402,10.172739894551846,9.694133128295256,9.694133128295256,9.694133128295256,1582980,15345618.86,0.9436,,,否,,,,,,否,495153100,167753612,4800080070.29,1626225847.48,,,,10.17,10.27,10.37,10.24,10.06,10.29,13.86,2016-11-10,-
2019-01-31,603556,XD海兴电,电网设备,9.61905755711775,9.656595342706503,9.328139718804922,9.393830843585238,9.328139718804922,2425879,22788296.97,1.4461,,,否,,,,,,否,495153100,167753612,4651384463.08,1575849054.53,,,,9.98,10.17,10.33,10.22,10.05,10.26,13.81,2016-11-10,-
2019-02-01,603556,XD海兴电,电网设备,9.497059753954305,9.966282073813709,9.450137521968367,9.86305316344464,9.450137521968367,1677070,16541030.57,0.9997,,,否,,,,,,否,495153100,167753612,4883721349.34,1654562793.52,,,,9.88,10.13,10.30,10.22,10.06,10.24,13.77,2016-11-10,-
2019-02-11,603556,XD海兴电,电网设备,10.022588752196837,10.548117750439369,9.985050966608085,10.473042179261864,9.985050966608085,2168592,22711755.49,1.2927,,,否,,,,,,否,495153100,167753612,5185759301.49,1756890654.20,,,,9.92,10.12,10.31,10.24,10.08,10.22,13.73,2016-11-10,-
2019-02-12,603556,XD海兴电,电网设备,10.482426625659052,10.78272891036907,10.454273286467489,10.623193321616872,10.454273286467489,2140324,22737075.62,1.2759,,,否,,,,,,否,494464100,167753612,5252787724.90,1782079050.68,,,,10.01,10.15,10.33,10.27,10.10,10.20,13.69,2016-11-10,-
2019-02-13,603556,XD海兴电,电网设备,10.604424428822497,10.763960017574695,10.595039982425307,10.660731107205624,10.595039982425307,2377450,25345355.17,1.4172,,,否,,,,,,否,494464100,167753612,5271348812.27,1788376149.79,,,,10.20,10.19,10.34,10.29,10.11,10.18,13.64,2016-11-10,-
2019-02-14,603556,XD海兴电,电网设备,10.763960017574695,10.942264499121267,10.651346660808436,10.839035588752198,10.651346660808436,2697790,29241441.82,1.6082,,,否,,,,,,否,494464100,167753612,5359513977.26,1818287370.61,,,,10.49,10.23,10.36,10.31,10.13,10.16,13.61,2016-11-10,-
2019-02-15,603556,XD海兴电,电网设备,10.839035588752198,10.92349560632689,10.73580667838313,10.820266695957821,10.73580667838313,2354590,25477291.76,1.4036,,,否,,,,,,否,494464100,167753612,5350233433.58,1815138821.05,,,,10.68,10.29,10.34,10.32,10.14,10.14,13.57,2016-11-10,-
2019-02-18,603556,XD海兴电,电网设备,10.801497803163445,11.167491212653779,10.792113356766258,11.129953427065027,10.792113356766258,2149100,23919382.91,1.2811,,,否,,,,,,否,494464100,167753612,5503362404.36,1867089888.78,,,,10.81,10.37,10.38,10.37,10.14,10.14,13.52,2016-11-10,-
2019-02-19,603556,XD海兴电,电网设备,11.21441344463972,11.289489015817223,10.932880052724078,10.989186731107207,10.932880052724078,2124060,23341691.97,1.2662,,,否,,,,,,否,494464100,167753612,5433758326.73,1843475767.09,,,,10.89,10.44,10.40,10.41,10.15,10.13,13.49,2016-11-10,-
2019-02-20,603556,XD海兴电,电网设备,10.97041783831283,11.120568980667839,10.801497803163445,11.026724516695959,10.801497803163445,1936700,21355457.37,1.1545,,,否,,,,,,否,494464100,167753612,5452319414.10,1849772866.20,,,,10.96,10.59,10.43,10.44,10.16,10.12,13.45,2016-11-10,-
2019-02-21,603556,XD海兴电,电网设备,11.11118453427065,11.148722319859404,10.829651142355008,10.857804481546573,10.829651142355008,1826570,19832539.93,1.0888,,,否,,,,,,否,494464100,167753612,5368794520.94,1821435920.17,,,,10.96,10.73,10.45,10.46,10.18,10.12,13.41,2016-11-10,-
2019-02-22,603556,XD海兴电,电网设备,10.848420035149386,11.439640158172232,10.848420035149386,11.345795694200351,10.848420035149386,2970094,33698079.72,1.7705,,,否,,,,,,否,494464100,167753612,5610088656.72,1903298208.72,,,,11.07,10.88,10.50,10.50,10.20,10.11,13.38,2016-11-10,-
2019-02-25,603556,XD海兴电,电网设备,11.373949033391916,11.777480228471003,11.373949033391916,11.777480228471003,11.373949033391916,3012537,35480094.96,1.7958,,,否,,,,,,否,494464100,167753612,5823541161.44,1975714848.58,,,,11.20,11.01,10.57,10.54,10.23,10.11,13.35,2016-11-10,-
2019-02-26,603556,XD海兴电,电网设备,11.786864674868191,11.899478031634446,11.514715729349737,11.58979130052724,11.514715729349737,2789784,32333014.33,1.6630,,,否,,,,,,否,494464100,167753612,5730735724.60,1944229352.99,,,,11.32,11.10,10.63,10.59,10.27,10.11,13.32,2016-11-10,-
2019-02-27,603556,XD海兴电,电网设备,11.58979130052724,11.815018014059754,11.477177943760985,11.533484622144112,11.477177943760985,2403478,27720476.55,1.4327,,,否,,,,,,否,494464100,167753612,5702894093.55,1934783704.31,,,,11.42,11.20,10.69,10.62,10.30,10.10,13.29,2016-11-10,-
2019-02-28,603556,XD海兴电,电网设备,11.486562390158173,12.03086028119508,11.486562390158173,11.871324692442883,11.486562390158173,2890385,34312698.82,1.7230,,,否,,,,,,否,494464100,167753612,5869943879.86,1991457596.38,,,,11.63,11.30,10.76,10.67,10.34,10.10,13.26,2016-11-10,-
2019-03-01,603556,XD海兴电,电网设备,11.946400263620388,11.974553602811952,11.561637961335677,11.871324692442883,11.561637961335677,2870488,34076495.07,1.7111,,,否,,,,,,否,494464100,167753612,5869943879.86,1991457596.38,,,,11.73,11.40,10.84,10.70,10.38,10.10,13.22,2016-11-10,-
2019-03-04,603556,XD海兴电,电网设备,11.786864674868191,12.115320298769772,11.786864674868191,11.927631370826012,11.786864674868191,3402188,40580044.32,2.0281,,,否,,,,,,否,494464100,167753612,5897785510.91,2000903245.06,,,,11.76,11.48,10.92,10.75,10.42,10.11,13.19,2016-11-10,-
2019-03-05,603556,XD海兴电,电网设备,11.824402460456943,12.481313708260107,11.824402460456943,12.481313708260107,11.824402460456943,4006380,50004885.61,2.3883,,,否,,,,,,否,494464100,167753612,6171561549.57,2093785457.07,,,,11.94,11.63,11.04,10.81,10.46,10.12,13.16,2016-11-10,-
2019-03-06,603556,XD海兴电,电网设备,12.378084797891038,12.809769332161688,12.32177811950791,12.75346265377856,12.32177811950791,4918937,62733479.33,2.9322,,,否,,,,,,否,494464100,167753612,6306129432.98,2139439425.68,,,,12.18,11.81,11.20,10.89,10.51,10.13,13.13,2016-11-10,-
2019-03-07,603556,XD海兴电,电网设备,12.772231546572936,12.959920474516696,12.565773725834799,12.791000439367313,12.565773725834799,3536058,45229719.43,2.1079,,,否,,,,,,否,494464100,167753612,6324690520.35,2145736524.80,,,,12.37,11.99,11.36,10.96,10.56,10.14,13.10,2016-11-10,-
2019-03-08,603556,XD海兴电,电网设备,12.612695957820739,12.875460456942005,12.068398066783832,12.312393673110721,12.068398066783832,4633603,57050744.26,2.7621,,,否,,,,,,否,494464100,167753612,6088036656.42,2065448511.03,,,,12.45,12.09,11.49,11.03,10.60,10.15,13.06,2016-11-10,-
2019-03-11,603556,XD海兴电,电网设备,13.541756151142355,13.541756151142355,13.541756151142355,13.541756151142355,13.541756151142355,4154692,56261825.95,2.4767,,,否,,,,,,是,494464100,167753612,6695912267.69,2271678507.18,,,,12.77,12.27,11.64,11.13,10.66,10.18,13.03,2016-11-10,-
2019-03-12,603556,XD海兴电,电网设备,14.893116432337434,14.893116432337434,12.190395869947277,14.320665202108964,12.190395869947277,19596868,280640185.64,11.6819,,,否,,,,,,否,494464100,167753612,7081054830.56,2402343313.90,,,,13.15,12.54,11.82,11.26,10.74,10.21,13.02,2016-11-10,-
2019-03-13,603556,XD海兴电,电网设备,14.423894112478031,14.489585237258348,12.912998242530756,13.053764938488577,12.912998242530756,14560984,190075662.41,8.6800,,,否,,,,,,否,494464100,167753612,6454618131.92,2189816218.63,,,,13.20,12.70,11.95,11.36,10.78,10.23,12.98,2016-11-10,-
2019-03-14,603556,XD海兴电,电网设备,12.791000439367313,13.18514718804921,12.105935852372586,12.21854920913884,12.105935852372586,8251303,100818951.75,4.9187,,,否,,,,,,否,494464100,167753612,6041633938.00,2049705763.23,,,,13.09,12.73,12.01,11.42,10.82,10.25,12.95,2016-11-10,-
2019-03-15,603556,XD海兴电,电网设备,12.359315905096661,12.443775922671353,12.143473637961335,12.246702548330406,12.143473637961335,5831767,71419915.78,3.4764,,,否,,,,,,否,494464100,167753612,6055554753.53,2054428587.57,,,,13.07,12.76,12.08,11.49,10.86,10.27,12.91,2016-11-10,-
2019-03-18,603556,XD海兴电,电网设备,12.237318101933216,12.41562258347979,12.143473637961335,12.41562258347979,12.143473637961335,3288985,40834796.44,1.9606,,,否,,,,,,否,494464100,167753612,6139079646.68,2082765533.61,,,,12.85,12.81,12.14,11.55,10.90,10.29,12.88,2016-11-10,-
2019-03-19,603556,XD海兴电,电网设备,12.443775922671353,12.612695957820739,12.303009226713533,12.443775922671353,12.303009226713533,3155709,39268935.67,1.8812,,,否,,,,,,否,494464100,167753612,6153000462.21,2087488357.95,,,,12.47,12.81,12.22,11.63,10.94,10.30,12.85,2016-11-10,-
2019-03-20,603556,XD海兴电,电网设备,12.565773725834799,12.593927065026362,12.12470474516696,12.32177811950791,12.12470474516696,2890750,35619180.10,1.7232,,,否,,,,,,否,494464100,167753612,6092676928.26,2067022785.81,,,,12.33,12.76,12.28,11.72,10.98,10.32,12.82,2016-11-10,-
2019-03-21,603556,XD海兴电,电网设备,12.359315905096661,12.60331151142355,12.32177811950791,12.481313708260107,12.32177811950791,3661106,45695412.51,2.1824,,,否,,,,,,否,494464100,167753612,6171561549.57,2093785457.07,,,,12.38,12.73,12.37,11.82,11.02,10.34,12.78,2016-11-10,-
2019-03-22,603556,XD海兴电,电网设备,12.406238137082603,12.537620386643233,12.256086994727594,12.481313708260107,12.256086994727594,2526210,31530419.50,1.5059,,,否,,,,,,否,494464100,167753612,6171561549.57,2093785457.07,,,,12.43,12.75,12.43,11.91,11.06,10.36,12.74,2016-11-10,-
2019-03-25,603556,XD海兴电,电网设备,12.209164762741652,12.406238137082603,12.12470474516696,12.152858084358524,12.12470474516696,2809330,34141388.80,1.6747,,,否,,,,,,否,494464100,167753612,6009152035.11,2038685839.77,,,,12.38,12.61,12.44,11.97,11.10,10.38,12.72,2016-11-10,-
2019-03-26,603556,XD海兴电,电网设备,12.199780316344464,12.443775922671353,11.899478031634446,12.012091388400705,11.899478031634446,3487530,41892529.08,2.0790,,,否,,,,,,否,494464100,167753612,5939547957.48,2015071718.08,,,,12.29,12.39,12.46,12.01,11.14,10.39,12.68,2016-11-10,-
2019-03-27,603556,XD海兴电,电网设备,12.143473637961335,12.162242530755714,11.533484622144112,11.69302021089631,11.533484622144112,3777015,44164712.73,2.2515,,,否,,,,,,否,494464100,167753612,5781778714.86,1961546375.57,,,,12.16,12.25,12.47,12.04,11.16,10.40,12.65,2016-11-10,-
2019-03-28,603556,XD海兴电,电网设备,11.664866871704746,11.871324692442883,11.580406854130054,11.664866871704746,11.580406854130054,2561740,29882356.06,1.5271,,,否,,,,,,否,494464100,167753612,5767857899.34,1956823551.23,,,,12.00,12.19,12.46,12.07,11.19,10.42,12.61,2016-11-10,-
2019-03-29,603556,XD海兴电,电网设备,11.758711335676626,11.871324692442883,11.533484622144112,11.861940246045696,11.533484622144112,3523419,41794585.64,2.1004,,,否,,,,,,否,494464100,167753612,5865303608.01,1989883321.60,,,,11.88,12.15,12.46,12.11,11.21,10.43,12.58,2016-11-10,-
2019-04-01,603556,XD海兴电,电网设备,11.871324692442883,12.387469244288225,11.871324692442883,12.303009226713533,11.871324692442883,3762322,46287882.28,2.2428,,,否,,,,,,否,494464100,167753612,6083396384.58,2063874236.25,,,,11.91,12.14,12.48,12.14,11.26,10.44,12.55,2016-11-10,-
2019-04-02,603556,XD海兴电,电网设备,12.303009226713533,12.453160369068542,12.22793365553603,12.27485588752197,12.22793365553603,2811960,34516403.76,1.6762,,,否,,,,,,否,494464100,167753612,6069475569.05,2059151411.91,,,,11.96,12.12,12.47,12.19,11.30,10.46,12.52,2016-11-10,-
2019-04-03,603556,XD海兴电,电网设备,12.22793365553603,12.387469244288225,12.22793365553603,12.340547012302286,12.22793365553603,2744860,33873073.87,1.6362,,,否,,,,,,否,494464100,167753612,6101957471.95,2070171335.37,,,,12.09,12.12,12.44,12.23,11.34,10.48,12.49,2016-11-10,-
2019-04-04,603556,XD海兴电,电网设备,12.378084797891038,12.443775922671353,12.22793365553603,12.396853690685415,12.22793365553603,3707675,45963504.51,2.2102,,,否,,,,,,否,494464100,167753612,6129799103.00,2079616984.05,,,,12.24,12.12,12.43,12.28,11.37,10.50,12.46,2016-11-10,-
2019-04-08,603556,XD海兴电,电网设备,12.453160369068542,12.584542618629175,12.115320298769772,12.199780316344464,12.115320298769772,3149320,38421012.15,1.8773,,,否,,,,,,否,494464100,167753612,6032353394.32,2046557213.67,,,,12.30,12.09,12.43,12.31,11.40,10.52,12.43,2016-11-10,-
2019-04-09,603556,XD海兴电,电网设备,12.21854920913884,12.75346265377856,12.077782513181019,12.631464850615115,12.077782513181019,5023259,63451119.49,2.9944,,,否,,,,,,否,494464100,167753612,6245805899.04,2118973853.54,,,,12.37,12.13,12.38,12.34,11.44,10.55,12.40,2016-11-10,-
2019-04-10,603556,XD海兴电,电网设备,12.481313708260107,12.556389279437612,12.284240333919158,12.349931458699475,12.284240333919158,3608865,44569235.39,2.1513,,,否,,,,,,否,494464100,167753612,6106597743.79,2071745610.15,,,,12.39,12.17,12.27,12.37,11.48,10.58,12.37,2016-11-10,-
2019-04-11,603556,XD海兴电,电网设备,12.27485588752197,12.32177811950791,11.843171353251318,11.852555799648508,11.843171353251318,4188402,49643268.42,2.4968,,,否,,,,,,否,494464100,167753612,5860663336.17,1988309046.82,,,,12.28,12.19,12.22,12.38,11.50,10.60,12.33,2016-11-10,-
2019-04-12,603556,XD海兴电,电网设备,11.83378690685413,11.993322495606327,11.768095782073814,11.824402460456943,11.768095782073814,2440440,28856744.74,1.4548,,,否,,,,,,否,494464100,167753612,5846742520.65,1983586222.48,,,,12.17,12.20,12.20,12.38,11.52,10.63,12.29,2016-11-10,-
2019-04-15,603556,XD海兴电,电网设备,11.955784710017575,12.115320298769772,11.768095782073814,11.777480228471003,11.768095782073814,2517540,29650277.57,1.5007,,,否,,,,,,否,494464100,167753612,5823541161.44,1975714848.58,,,,12.09,12.20,12.17,12.37,11.53,10.66,12.27,2016-11-10,-
2019-04-16,603556,XD海兴电,电网设备,11.777480228471003,12.002706942003515,11.608560193321617,11.98393804920914,11.608560193321617,2473120,29637716.87,1.4743,,,否,,,,,,否,494464100,167753612,5925627141.96,2010348893.74,,,,11.96,12.16,12.15,12.37,11.56,10.69,12.23,2016-11-10,-
2019-04-17,603556,XD海兴电,电网设备,11.993322495606327,12.152858084358524,11.927631370826012,12.03086028119508,11.927631370826012,2854127,34337603.16,1.7014,,,否,,,,,,否,494464100,167753612,5948828501.17,2018220267.64,,,,11.89,12.14,12.13,12.36,11.58,10.73,12.20,2016-11-10,-
2019-04-18,603556,XD海兴电,电网设备,12.03086028119508,12.105935852372586,11.927631370826012,11.946400263620388,11.927631370826012,2064652,24665159.20,1.2308,,,否,,,,,,否,494464100,167753612,5907066054.59,2004051794.62,,,,11.91,12.10,12.12,12.33,11.61,10.75,12.17,2016-11-10,-
2019-04-19,603556,XD海兴电,电网设备,12.03086028119508,12.03086028119508,11.730557996485063,11.974553602811952,11.730557996485063,2389798,28616764.25,1.4246,,,否,,,,,,否,494464100,167753612,5920986870.12,2008774618.96,,,,11.95,12.06,12.09,12.30,11.64,10.77,12.13,2016-11-10,-
2019-04-22,603556,XD海兴电,电网设备,11.993322495606327,12.087166959578209,11.664866871704746,11.79624912126538,11.664866871704746,2444050,28830622.66,1.4569,,,否,,,,,,否,494464100,167753612,5832821705.12,1978863398.14,,,,11.95,12.02,12.05,12.28,11.66,10.80,12.11,2016-11-10,-
2019-04-23,603556,XD海兴电,电网设备,11.815018014059754,11.83378690685413,11.280104569420036,11.373949033391916,11.280104569420036,4352420,49504203.25,2.5945,,,否,,,,,,否,494464100,167753612,5624009472.24,1908021033.06,,,,11.82,11.89,12.01,12.22,11.67,10.82,12.08,2016-11-10,-
2019-04-24,603556,XD海兴电,电网设备,11.373949033391916,11.55225351493849,11.298873462214411,11.505331282952548,11.298873462214411,1959240,22541705.26,1.1679,,,否,,,,,,否,494464100,167753612,5688973278.03,1930060879.97,,,,11.72,11.81,11.99,12.12,11.69,10.84,12.05,2016-11-10,-
2019-04-25,603556,XD海兴电,电网设备,11.505331282952548,11.721173550087874,11.251951230228473,11.251951230228473,11.251951230228473,2631764,29612480.18,1.5688,,,否,,,,,,否,494464100,167753612,5563685938.30,1887555460.92,,,,11.58,11.75,11.97,12.06,11.71,10.86,12.02,2016-11-10,-
2019-04-26,603556,XD海兴电,电网设备,11.242566783831284,11.44902460456942,11.01734007029877,11.01734007029877,11.01734007029877,2064504,22745342.64,1.2307,,,否,,,,,,否,494464100,167753612,5447679142.25,1848198591.42,,,,11.39,11.66,11.94,12.02,11.72,10.87,11.98,2016-11-10,-
2019-04-29,603556,XD海兴电,电网设备,11.045493409490334,11.158106766256592,10.885957820738138,11.007955623901584,10.885957820738138,2109960,23226346.05,1.2578,,,否,,,,,,否,494464100,167753612,5443038870.41,1846624316.65,,,,11.23,11.59,11.89,11.97,11.73,10.88,11.96,2016-11-10,-
2019-04-30,603556,XD海兴电,电网设备,11.045493409490334,11.317642355008788,11.045493409490334,11.129953427065027,11.045493409490334,2152172,23953574.13,1.2829,,,否,,,,,,否,494464100,167753612,5503362404.36,1867089888.78,,,,11.19,11.51,11.83,11.94,11.74,10.90,11.93,2016-11-10,-
2019-05-06,603556,XD海兴电,电网设备,10.839035588752198,10.979802284710019,10.144586555360283,10.229046572934974,10.144586555360283,3869699,39583331.29,2.3068,,,否,,,,,,否,494464100,167753612,5057896307.54,1715959509.93,,,,10.92,11.33,11.73,11.86,11.75,10.90,11.90,2016-11-10,-
2019-05-07,603556,XD海兴电,电网设备,10.34165992970123,10.763960017574695,10.332275483304043,10.698268892794378,10.332275483304043,3708125,39670518.34,2.2105,,,否,,,,,,否,494464100,167753612,5289909899.63,1794673248.91,,,,10.82,11.20,11.65,11.81,11.76,10.91,11.87,2016-11-10,-
2019-05-08,603556,XD海兴电,电网设备,10.557502196836555,10.820266695957821,10.53873330404218,10.557502196836555,10.53873330404218,2606682,27520050.94,1.5539,,,否,,,,,,否,494464100,167753612,5220305822.01,1771059127.22,,,,10.73,11.05,11.56,11.74,11.78,10.91,11.84,2016-11-10,-
2019-05-09,603556,XD海兴电,电网设备,10.529348857644992,10.68888444639719,10.4448888400703,10.473042179261864,10.4448888400703,1689710,17696404.10,1.0073,,,否,,,,,,否,494464100,167753612,5178543375.43,1756890654.20,,,,10.61,10.92,11.47,11.67,11.80,10.92,11.82,2016-11-10,-
2019-05-10,603556,XD海兴电,电网设备,10.576271089630932,10.839035588752198,10.388582161687172,10.763960017574695,10.388582161687172,2057191,22143521.67,1.2263,,,否,,,,,,否,494464100,167753612,5322391802.53,1805693172.37,,,,10.55,10.87,11.37,11.63,11.80,10.93,11.80,2016-11-10,-
2019-05-13,603556,XD海兴电,电网设备,10.754575571177506,10.763960017574695,10.613808875219684,10.660731107205624,10.613808875219684,1689658,18012989.60,1.0072,,,否,,,,,,否,494464100,167753612,5271348812.27,1788376149.79,,,,10.63,10.78,11.29,11.59,11.80,10.94,11.78,2016-11-10,-
2019-05-14,603556,XD海兴电,电网设备,10.604424428822497,10.792113356766258,10.566886643233744,10.651346660808436,10.566886643233744,1868845,19905715.95,1.1140,,,否,,,,,,否,494464100,167753612,5266708540.42,1786801875.01,,,,10.62,10.72,11.23,11.55,11.80,10.95,11.76,2016-11-10,-
2019-05-15,603556,XD海兴电,电网设备,10.726422231985941,10.820266695957821,10.6795,10.820266695957821,10.6795,1855107,20072752.49,1.1059,,,否,,,,,,否,494464100,167753612,5350233433.58,1815138821.05,,,,10.67,10.70,11.19,11.52,11.80,10.96,11.74,2016-11-10,-
2019-05-16,603556,XD海兴电,电网设备,10.829651142355008,10.857804481546573,10.78272891036907,10.839035588752198,10.78272891036907,1528522,16567704.36,0.9112,,,否,,,,,,否,494464100,167753612,5359513977.26,1818287370.61,,,,10.75,10.68,11.14,11.49,11.80,10.96,11.72,2016-11-10,-
2019-05-17,603556,XD海兴电,电网设备,10.87657337434095,10.885957820738138,10.473042179261864,10.53873330404218,10.473042179261864,1839900,19390215.41,1.0968,,,否,,,,,,否,494464100,167753612,5211025278.32,1767910577.66,,,,10.70,10.62,11.06,11.43,11.79,10.97,11.70,2016-11-10,-
2019-05-20,603556,XD海兴电,电网设备,10.6795,10.6795,10.266584358523726,10.454273286467489,10.266584358523726,1582640,16545351.07,0.9434,,,否,,,,,,否,494464100,167753612,5169262831.75,1753742104.64,,,,10.66,10.64,10.99,11.37,11.78,10.97,11.67,2016-11-10,-
2019-05-21,603556,XD海兴电,电网设备,10.4448888400703,11.01734007029877,10.388582161687172,10.904726713532513,10.388582161687172,2779101,30305336.91,1.6567,,,否,,,,,,否,494464100,167753612,5391995880.15,1829307294.07,,,,10.71,10.67,10.93,11.32,11.78,10.97,11.66,2016-11-10,-
2019-05-22,603556,XD海兴电,电网设备,10.885957820738138,11.045493409490334,10.763960017574695,10.839035588752198,10.763960017574695,1554026,16844143.12,0.9264,,,否,,,,,,否,494464100,167753612,5359513977.26,1818287370.61,,,,10.72,10.70,10.88,11.27,11.78,10.98,11.64,2016-11-10,-
2019-05-23,603556,XD海兴电,电网设备,10.801497803163445,10.801497803163445,10.43550439367311,10.501195518453427,10.43550439367311,1590077,16697709.47,0.9479,,,否,,,,,,否,494464100,167753612,5192464190.96,1761613478.54,,,,10.65,10.70,10.81,11.21,11.76,10.98,11.62,2016-11-10,-
2019-05-24,603556,XD海兴电,电网设备,10.501195518453427,10.6795,10.463657732864675,10.501195518453427,10.463657732864675,925690,9720851.68,0.5518,,,否,,,,,,否,494464100,167753612,5192464190.96,1761613478.54,,,,10.64,10.67,10.76,11.14,11.74,10.99,11.59,2016-11-10,-
2019-05-27,603556,XD海兴电,电网设备,10.501195518453427,10.78272891036907,10.473042179261864,10.726422231985941,10.473042179261864,1361536,14604410.02,0.8116,,,否,,,,,,否,494464100,167753612,5303830715.16,1799396073.25,,,,10.70,10.68,10.73,11.09,11.73,11.00,11.57,2016-11-10,-
2019-05-28,603556,XD海兴电,电网设备,10.792113356766258,10.839035588752198,10.707653339191564,10.78272891036907,10.707653339191564,2012990,21705525.47,1.2000,,,否,,,,,,否,494464100,167753612,5331672346.21,1808841721.93,,,,10.67,10.69,10.71,11.05,11.71,11.01,11.55,2016-11-10,-
2019-05-29,603556,XD海兴电,电网设备,10.801497803163445,10.942264499121267,10.73580667838313,10.820266695957821,10.73580667838313,1433701,15513027.18,0.8546,,,否,,,,,,否,494464100,167753612,5350233433.58,1815138821.05,,,,10.67,10.69,10.70,11.02,11.69,11.02,11.52,2016-11-10,-
2019-05-30,603556,XD海兴电,电网设备,10.820266695957821,11.026724516695959,10.73580667838313,11.01734007029877,10.73580667838313,1826379,20121838.54,1.0887,,,否,,,,,,否,494464100,167753612,5447679142.25,1848198591.42,,,,10.77,10.71,10.70,10.99,11.68,11.03,11.51,2016-11-10,-
2019-05-31,603556,XD海兴电,电网设备,11.007955623901584,11.073646748681899,10.763960017574695,10.885957820738138,10.763960017574695,1896390,20644021.55,1.1305,,,否,,,,,,否,494464100,167753612,5382715336.47,1826158744.51,,,,10.85,10.75,10.68,10.96,11.66,11.05,11.48,2016-11-10,-
2019-06-03,603556,XD海兴电,电网设备,10.820266695957821,10.979802284710019,10.763960017574695,10.848420035149386,10.763960017574695,1519288,16481874.38,0.9057,,,否,,,,,,否,494464100,167753612,5364154249.10,1819861645.39,,,,10.87,10.78,10.72,10.91,11.64,11.05,11.46,2016-11-10,-
2019-06-04,603556,XD海兴电,电网设备,10.914111159929703,11.026724516695959,10.801497803163445,10.885957820738138,10.801497803163445,1460505,15898995.83,0.8706,,,否,,,,,,否,494464100,167753612,5382715336.47,1826158744.51,,,,10.90,10.78,10.73,10.89,11.61,11.05,11.43,2016-11-10,-
2019-06-05,603556,XD海兴电,电网设备,10.998571177504395,11.007955623901584,10.773344463971881,10.839035588752198,10.773344463971881,1227907,13309327.67,0.7320,,,否,,,,,,否,494464100,167753612,5359513977.26,1818287370.61,,,,10.90,10.78,10.74,10.85,11.57,11.06,11.41,2016-11-10,-
2019-06-06,603556,XD海兴电,电网设备,10.87657337434095,10.885957820738138,10.369813268892795,10.416735500878735,10.369813268892795,1387765,14455980.94,0.8273,,,否,,,,,,否,494464100,167753612,5150701744.38,1747445005.52,,,,10.77,10.77,10.74,10.80,11.54,11.07,11.38,2016-11-10,-
2019-06-10,603556,XD海兴电,电网设备,10.576271089630932,10.745191124780316,10.43550439367311,10.68888444639719,10.43550439367311,1354011,14472867.12,0.8071,,,否,,,,,,否,494464100,167753612,5285269627.79,1793098974.13,,,,10.74,10.79,10.74,10.77,11.50,11.08,11.36,2016-11-10,-
2019-06-11,603556,XD海兴电,电网设备,10.839035588752198,10.97041783831283,10.623193321616872,10.942264499121267,10.623193321616872,2234930,24455195.20,1.3323,,,否,,,,,,否,494464100,167753612,5410556967.52,1835604393.19,,,,10.75,10.81,10.75,10.75,11.44,11.08,11.35,2016-11-10,-
2019-06-12,603556,XD海兴电,电网设备,10.848420035149386,10.989186731107207,10.78272891036907,10.829651142355008,10.78272891036907,1377660,14919577.19,0.8212,,,否,,,,,,否,494464100,167753612,5354873705.42,1816713095.83,,,,10.75,10.82,10.75,10.75,11.40,11.09,11.32,2016-11-10,-
2019-06-13,603556,XD海兴电,电网设备,10.885957820738138,10.885957820738138,10.670115553602812,10.792113356766258,10.670115553602812,1342450,14487872.58,0.8003,,,否,,,,,,否,494464100,167753612,5336312618.05,1810415996.71,,,,10.74,10.81,10.75,10.74,11.37,11.10,11.30,2016-11-10,-
2019-06-14,603556,XD海兴电,电网设备,10.792113356766258,10.839035588752198,10.454273286467489,10.501195518453427,10.454273286467489,2021855,21231894.66,1.2053,,,否,,,,,,否,494464100,167753612,5192464190.96,1761613478.54,,,,10.75,10.76,10.74,10.72,11.35,11.10,11.28,2016-11-10,-
2019-06-17,603556,XD海兴电,电网设备,10.576271089630932,10.576271089630932,10.351044376098418,10.407351054481547,10.351044376098418,1369724,14255198.52,0.8165,,,否,,,,,,否,494464100,167753612,5146061472.54,1745870730.74,,,,10.70,10.72,10.73,10.70,11.32,11.10,11.26,2016-11-10,-
2019-06-18,603556,XD海兴电,电网设备,10.482426625659052,10.482426625659052,10.30412214411248,10.351044376098418,10.30412214411248,1435935,14863426.91,0.8560,,,否,,,,,,否,494464100,167753612,5118219841.49,1736425082.06,,,,10.58,10.67,10.73,10.70,11.28,11.11,11.24,2016-11-10,-
2019-06-19,603556,XD海兴电,电网设备,10.585655536028119,10.651346660808436,10.43550439367311,10.463657732864675,10.43550439367311,1868243,19548655.31,1.1137,,,否,,,,,,否,494464100,167753612,5173903103.59,1755316379.42,,,,10.50,10.62,10.70,10.69,11.25,11.11,11.22,2016-11-10,-
2019-06-20,603556,XD海兴电,电网设备,10.463657732864675,10.745191124780316,10.388582161687172,10.670115553602812,10.388582161687172,2190627,23374243.22,1.3059,,,否,,,,,,否,494464100,167753612,5275989084.11,1789950424.57,,,,10.48,10.60,10.70,10.70,11.21,11.12,11.21,2016-11-10,-
2019-06-21,603556,XD海兴电,电网设备,10.745191124780316,10.97041783831283,10.717037785588753,10.885957820738138,10.717037785588753,2117598,23052082.51,1.2623,,,否,,,,,,否,494464100,167753612,5382715336.47,1826158744.51,,,,10.56,10.65,10.72,10.71,11.20,11.13,11.19,2016-11-10,-
2019-06-24,603556,XD海兴电,电网设备,10.942264499121267,10.942264499121267,10.773344463971881,10.885957820738138,10.773344463971881,2165585,23574466.97,1.2909,,,否,,,,,,否,494464100,167753612,5382715336.47,1826158744.51,,,,10.65,10.67,10.74,10.71,11.17,11.14,11.17,2016-11-10,-
2019-06-25,603556,XD海兴电,电网设备,10.932880052724078,10.942264499121267,10.660731107205624,10.78272891036907,10.660731107205624,1861161,20068394.52,1.1095,,,否,,,,,,否,494464100,167753612,5331672346.21,1808841721.93,,,,10.74,10.66,10.74,10.72,11.15,11.14,11.15,2016-11-10,-
2019-06-26,603556,XD海兴电,电网设备,10.78272891036907,10.932880052724078,10.73580667838313,10.885957820738138,10.73580667838313,1306324,14220587.96,0.7787,,,否,,,,,,否,494464100,167753612,5382715336.47,1826158744.51,,,,10.82,10.66,10.74,10.73,11.14,11.15,11.13,2016-11-10,-
2019-06-27,603556,XD海兴电,电网设备,10.932880052724078,11.101800087873462,10.867188927943761,10.97041783831283,10.867188927943761,1767896,19394557.81,1.0539,,,否,,,,,,否,494464100,167753612,5424477783.05,1840327217.53,,,,10.89,10.68,10.75,10.73,11.13,11.16,11.12,2016-11-10,-
2019-06-28,603556,XD海兴电,电网设备,11.139337873462214,11.139337873462214,10.801497803163445,10.848420035149386,10.801497803163445,1359650,14750054.30,0.8105,,,否,,,,,,否,494464100,167753612,5364154249.10,1819861645.39,,,,10.88,10.72,10.74,10.73,11.11,11.16,11.11,2016-11-10,-
2019-07-01,603556,XD海兴电,电网设备,11.054877855887522,11.26133567662566,10.951648945518453,11.195644551845342,10.951648945518453,2476611,27727256.45,1.4763,,,否,,,,,,否,494464100,167753612,5535844307.25,1878109812.24,,,,10.93,10.79,10.75,10.75,11.09,11.18,11.10,2016-11-10,-
2019-07-02,603556,XD海兴电,电网设备,11.21441344463972,11.289489015817223,11.120568980667839,11.223797891036908,11.120568980667839,2136700,23981888.95,1.2737,,,否,,,,,,否,494464100,167753612,5549765122.77,1882832636.58,,,,11.03,10.89,10.77,10.77,11.07,11.19,11.09,2016-11-10,-
2019-07-03,603556,XD海兴电,电网设备,11.223797891036908,11.270720123022848,11.092415641476276,11.129953427065027,11.092415641476276,1477733,16447099.47,0.8809,,,否,,,,,,否,494464100,167753612,5503362404.36,1867089888.78,,,,11.07,10.95,10.78,10.78,11.05,11.20,11.08,2016-11-10,-
2019-07-04,603556,XD海兴电,电网设备,11.148722319859404,11.327026801405976,11.073646748681899,11.176875659050967,11.073646748681899,1533370,17138285.83,0.9141,,,否,,,,,,否,494464100,167753612,5526563763.56,1874961262.68,,,,11.11,11.00,10.80,10.79,11.04,11.21,11.07,2016-11-10,-
2019-07-05,603556,XD海兴电,电网设备,11.176875659050967,11.327026801405976,11.148722319859404,11.20502899824253,11.148722319859404,1331519,14919709.01,0.7937,,,否,,,,,,否,494464100,167753612,5540484579.09,1879684087.02,,,,11.19,11.03,10.84,10.82,11.02,11.21,11.06,2016-11-10,-
2019-07-08,603556,XD海兴电,电网设备,11.186260105448156,11.20502899824253,10.829651142355008,10.885957820738138,10.829651142355008,1751795,19069966.48,1.0443,,,否,,,,,,否,494464100,167753612,5382715336.47,1826158744.51,,,,11.12,11.03,10.85,10.83,10.99,11.21,11.05,2016-11-10,-
2019-07-09,603556,XD海兴电,电网设备,10.885957820738138,10.989186731107207,10.773344463971881,10.92349560632689,10.773344463971881,1064195,11624729.41,0.6344,,,否,,,,,,否,494464100,167753612,5401276423.84,1832455843.63,,,,11.06,11.05,10.85,10.84,10.96,11.22,11.04,2016-11-10,-
2019-07-10,603556,XD海兴电,电网设备,10.904726713532513,11.073646748681899,10.78272891036907,10.810882249560633,10.78272891036907,1060488,11464810.90,0.6322,,,否,,,,,,否,494464100,167753612,5345593161.73,1813564546.27,,,,11.00,11.04,10.85,10.84,10.94,11.22,11.03,2016-11-10,-
2019-07-11,603556,XD海兴电,电网设备,10.998571177504395,10.998571177504395,10.78272891036907,10.810882249560633,10.78272891036907,1281753,13856880.76,0.7641,,,否,,,,,,否,494464100,167753612,5345593161.73,1813564546.27,,,,10.92,11.02,10.85,10.84,10.93,11.22,11.02,2016-11-10,-
2019-07-12,603556,XD海兴电,电网设备,10.754575571177506,10.904726713532513,10.754575571177506,10.763960017574695,10.754575571177506,974894,10493720.04,0.5811,,,否,,,,,,否,494464100,167753612,5322391802.53,1805693172.37,,,,10.84,11.02,10.87,10.83,10.91,11.22,11.01,2016-11-10,-
2019-07-15,603556,XD海兴电,电网设备,10.792113356766258,11.026724516695959,10.623193321616872,10.951648945518453,10.623193321616872,1411880,15462414.11,0.8416,,,否,,,,,,否,494464100,167753612,5415197239.36,1837178667.97,,,,10.85,10.99,10.90,10.83,10.90,11.22,11.00,2016-11-10,-
2019-07-16,603556,XD海兴电,电网设备,10.942264499121267,11.073646748681899,10.942264499121267,11.06426230228471,10.942264499121267,1036241,11465242.23,0.6177,,,否,,,,,,否,494464100,167753612,5470880501.46,1856069965.32,,,,10.88,10.97,10.92,10.84,10.88,11.23,10.98,2016-11-10,-
2019-07-17,603556,XD海兴电,电网设备,11.06426230228471,11.101800087873462,10.979802284710019,11.06426230228471,10.979802284710019,859065,9504920.49,0.5121,,,否,,,,,,否,494464100,167753612,5470880501.46,1856069965.32,,,,10.93,10.97,10.96,10.85,10.87,11.23,10.98,2016-11-10,-
2019-07-18,603556,XD海兴电,电网设备,10.839035588752198,10.979802284710019,10.820266695957821,10.87657337434095,10.820266695957821,1036668,11275395.57,0.6180,,,否,,,,,,否,494464100,167753612,5378075064.63,1824584469.73,,,,10.94,10.93,10.97,10.85,10.85,11.24,10.97,2016-11-10,-
2019-07-19,603556,XD海兴电,电网设备,10.857804481546573,11.036108963093147,10.660731107205624,10.73580667838313,10.660731107205624,1844376,19800864.18,1.0995,,,否,,,,,,否,494464100,167753612,5308470987.00,1800970348.03,,,,10.94,10.89,10.96,10.86,10.83,11.24,10.96,2016-11-10,-
2019-07-22,603556,XD海兴电,电网设备,10.792113356766258,10.904726713532513,10.416735500878735,10.64196221441125,10.416735500878735,1962530,20885170.10,1.1699,,,否,,,,,,否,494464100,167753612,5262068268.58,1785227600.24,,,,10.88,10.87,10.95,10.86,10.82,11.24,10.95,2016-11-10,-
2019-07-23,603556,XD海兴电,电网设备,10.651346660808436,10.839035588752198,10.548117750439369,10.792113356766258,10.548117750439369,1043036,11256562.75,0.6218,,,否,,,,,,否,494464100,167753612,5336312618.05,1810415996.71,,,,10.82,10.85,10.95,10.85,10.80,11.25,10.93,2016-11-10,-
2019-07-24,603556,XD海兴电,电网设备,10.839035588752198,11.045493409490334,10.839035588752198,11.026724516695959,10.839035588752198,1709692,18852302.69,1.0192,,,否,,,,,,否,494464100,167753612,5452319414.10,1849772866.20,,,,10.81,10.88,10.95,10.86,10.80,11.25,10.92,2016-11-10,-
2019-07-25,603556,XD海兴电,电网设备,10.989186731107207,11.20502899824253,10.961033391915642,11.167491212653779,10.961033391915642,2269098,25340131.98,1.3526,,,否,,,,,,否,494464100,167753612,5521923491.72,1873386987.90,,,,10.88,10.90,10.96,10.87,10.80,11.26,10.92,2016-11-10,-
2019-07-26,603556,XD海兴电,电网设备,11.073646748681899,11.308257908611601,11.045493409490334,11.176875659050967,11.045493409490334,1656327,18512560.93,0.9874,,,否,,,,,,否,494464100,167753612,5526563763.56,1874961262.68,,,,10.96,10.95,10.98,10.90,10.80,11.27,10.91,2016-11-10,-
2019-07-29,603556,XD海兴电,电网设备,11.176875659050967,11.270720123022848,11.054877855887522,11.223797891036908,11.054877855887522,2096496,23530647.38,1.2497,,,否,,,,,,否,494464100,167753612,5549765122.77,1882832636.58,,,,11.07,10.98,10.98,10.92,10.81,11.28,10.90,2016-11-10,-
2019-07-30,603556,XD海兴电,电网设备,11.223797891036908,11.317642355008788,11.167491212653779,11.176875659050967,11.167491212653779,1403807,15690176.29,0.8368,,,否,,,,,,否,494464100,167753612,5526563763.56,1874961262.68,,,,11.16,10.99,10.98,10.95,10.82,11.28,10.90,2016-11-10,-
2019-07-31,603556,XD海兴电,电网设备,11.186260105448156,11.345795694200351,11.176875659050967,11.242566783831284,11.176875659050967,2191180,24634487.49,1.3062,,,否,,,,,,否,494464100,167753612,5559045666.46,1885981186.14,,,,11.20,11.01,10.99,10.97,10.83,11.30,10.89,2016-11-10,-
2019-08-01,603556,XD海兴电,电网设备,11.148722319859404,11.336411247803165,11.11118453427065,11.26133567662566,11.11118453427065,2492774,28071964.78,1.4860,,,否,,,,,,否,494464100,167753612,5568326210.14,1889129735.70,,,,11.21,11.05,10.99,10.99,10.84,11.31,10.88,2016-11-10,-
2019-08-02,603556,XD海兴电,电网设备,11.11118453427065,11.223797891036908,10.989186731107207,11.139337873462214,10.989186731107207,2348347,26159030.68,1.3999,,,否,,,,,,否,494464100,167753612,5508002676.20,1868664163.56,,,,11.21,11.08,10.99,11.00,10.86,11.33,10.87,2016-11-10,-
2019-08-05,603556,XD海兴电,电网设备,11.073646748681899,11.571022407732865,11.073646748681899,11.233182337434096,11.073646748681899,3295430,37018166.07,1.9644,,,否,,,,,,否,494464100,167753612,5554405394.62,1884406911.36,,,,11.21,11.15,11.01,11.02,10.86,11.33,10.86,2016-11-10,-
2019-08-06,603556,XD海兴电,电网设备,11.036108963093147,11.073646748681899,10.519964411247805,10.839035588752198,10.519964411247805,3947780,42790127.92,2.3533,,,否,,,,,,否,494464100,167753612,5359513977.26,1818287370.61,,,,11.14,11.15,11.00,11.02,10.87,11.33,10.85,2016-11-10,-
2019-08-07,603556,XD海兴电,电网设备,10.942264499121267,11.26133567662566,10.754575571177506,11.092415641476276,10.754575571177506,2938245,32592234.80,1.7515,,,否,,,,,,否,494464100,167753612,5484801316.99,1860792789.66,,,,11.11,11.16,11.02,11.02,10.88,11.34,10.84,2016-11-10,-
2019-08-08,603556,XD海兴电,电网设备,11.06426230228471,11.561637961335677,11.06426230228471,11.561637961335677,11.06426230228471,4751357,54933469.46,2.8323,,,否,,,,,,否,494464100,167753612,5716814909.08,1939506528.65,,,,11.18,11.20,11.05,11.05,10.89,11.34,10.83,2016-11-10,-
2019-08-09,603556,XD海兴电,电网设备,11.561637961335677,11.608560193321617,11.26133567662566,11.298873462214411,11.26133567662566,2822220,31887906.66,1.6824,,,否,,,,,,否,494464100,167753612,5586887297.51,1895426834.82,,,,11.21,11.21,11.08,11.05,10.90,11.35,10.83,2016-11-10,-
2019-08-12,603556,XD海兴电,电网设备,11.383333479789105,11.392717926186293,11.120568980667839,11.270720123022848,11.120568980667839,2836331,31967492.88,1.6908,,,否,,,,,,否,494464100,167753612,5572966481.98,1890704010.48,,,,11.21,11.21,11.09,11.05,10.90,11.35,10.82,2016-11-10,-
2019-08-13,603556,XD海兴电,电网设备,11.26133567662566,11.26133567662566,10.885957820738138,11.054877855887522,10.885957820738138,2863256,31652945.35,1.7068,,,否,,,,,,否,494464100,167753612,5466240229.62,1854495690.54,,,,11.25,11.20,11.09,11.05,10.91,11.35,10.81,2016-11-10,-
2019-08-14,603556,XD海兴电,电网设备,11.054877855887522,11.129953427065027,10.53873330404218,10.623193321616872,10.53873330404218,5552450,58984749.76,3.3099,,,否,,,,,,否,494464100,167753612,5252787724.90,1782079050.68,,,,11.16,11.14,11.07,11.04,10.91,11.35,10.80,2016-11-10,-
2019-08-15,603556,XD海兴电,电网设备,10.360428822495606,10.369813268892795,10.144586555360283,10.322891036906855,10.144586555360283,3970524,40987286.61,2.3669,,,否,,,,,,否,494464100,167753612,5104299025.96,1731702257.72,,,,10.91,11.05,11.05,11.01,10.90,11.34,10.79,2016-11-10,-
2019-08-16,603556,XD海兴电,电网设备,10.388582161687172,10.557502196836555,10.275968804920915,10.454273286467489,10.275968804920915,2595422,27133250.88,1.5472,,,否,,,,,,否,494464100,167753612,5169262831.75,1753742104.64,,,,10.75,10.98,11.03,10.98,10.90,11.33,10.78,2016-11-10,-
2019-08-19,603556,XD海兴电,电网设备,10.501195518453427,10.810882249560633,10.351044376098418,10.726422231985941,10.351044376098418,3468850,37208349.76,2.0678,,,否,,,,,,否,494464100,167753612,5303830715.16,1799396073.25,,,,10.63,10.92,11.04,10.98,10.90,11.33,10.78,2016-11-10,-
2019-08-20,603556,XD海兴电,电网设备,10.726422231985941,10.792113356766258,10.698268892794378,10.73580667838313,10.698268892794378,1482257,15913224.60,0.8836,,,否,,,,,,否,494464100,167753612,5308470987.00,1800970348.03,,,,10.58,10.91,11.04,10.97,10.90,11.32,10.77,2016-11-10,-
2019-08-21,603556,XD海兴电,电网设备,10.73580667838313,10.820266695957821,10.64196221441125,10.707653339191564,10.64196221441125,1202280,12873597.46,0.7167,,,否,,,,,,否,494464100,167753612,5294550171.48,1796247523.69,,,,10.59,10.88,11.02,10.97,10.90,11.31,10.76,2016-11-10,-
2019-08-22,603556,XD海兴电,电网设备,10.763960017574695,10.87657337434095,10.660731107205624,10.848420035149386,10.660731107205624,1607075,17434224.63,0.9580,,,否,,,,,,否,494464100,167753612,5364154249.10,1819861645.39,,,,10.70,10.80,11.00,10.97,10.90,11.30,10.75,2016-11-10,-
2019-08-23,603556,XD海兴电,电网设备,10.885957820738138,10.885957820738138,10.595039982425307,10.670115553602812,10.595039982425307,1374202,14662894.13,0.8192,,,否,,,,,,否,494464100,167753612,5275989084.11,1789950424.57,,,,10.74,10.75,10.97,10.97,10.90,11.29,10.75,2016-11-10,-
2019-08-26,603556,XD海兴电,电网设备,10.454273286467489,10.604424428822497,10.369813268892795,10.548117750439369,10.369813268892795,1384311,14601875.43,0.8252,,,否,,,,,,否,494464100,167753612,5215665550.17,1769484852.44,,,,10.70,10.67,10.94,10.95,10.90,11.28,10.74,2016-11-10,-
2019-08-27,603556,XD海兴电,电网设备,11.073646748681899,11.599175746924429,11.073646748681899,11.599175746924429,11.073646748681899,2395840,27789769.22,1.4282,,,否,,,,,,是,494464100,167753612,5735375996.44,1945803627.77,,,,10.88,10.73,10.96,10.97,10.90,11.27,10.74,2016-11-10,-
2019-08-28,603556,XD海兴电,电网设备,12.096551405975397,12.734693760984184,11.993322495606327,12.471929261862918,11.993322495606327,21784940,271700230.65,12.9863,,,否,,,,,,否,494464100,167753612,6166921277.73,2092211182.29,,,,11.22,10.90,11.03,11.02,10.93,11.27,10.74,2016-11-10,-
2019-08-29,603556,XD海兴电,电网设备,12.284240333919158,12.46254481546573,12.115320298769772,12.21854920913884,12.115320298769772,8790245,107404041.09,5.2400,,,否,,,,,,否,494464100,167753612,6041633938.00,2049705763.23,,,,11.51,11.10,11.07,11.06,10.95,11.26,10.74,2016-11-10,-
2019-08-30,603556,XD海兴电,电网设备,12.303009226713533,12.547004833040422,12.143473637961335,12.359315905096661,12.143473637961335,5481105,67742708.20,3.2674,,,否,,,,,,否,494464100,167753612,6111238015.63,2073319884.93,,,,11.84,11.29,11.13,11.12,10.99,11.26,10.75,2016-11-10,-
2019-09-02,603556,XD海兴电,电网设备,12.209164762741652,13.016227152899825,12.199780316344464,12.715924868189807,12.199780316344464,8829122,112270452.00,5.2631,,,否,,,,,,否,494464100,167753612,6287568345.62,2133142326.56,,,,12.27,11.49,11.21,11.19,11.02,11.26,10.75,2016-11-10,-
2019-09-03,603556,XD海兴电,电网设备,12.744078207381373,13.391605008787346,12.584542618629175,13.222684973637962,12.584542618629175,8285157,109552020.97,4.9389,,,否,,,,,,否,494464100,167753612,6538143025.07,2218153164.67,,,,12.59,11.74,11.33,11.27,11.05,11.25,10.75,2016-11-10,-
2019-09-04,603556,XD海兴电,电网设备,13.110071616871707,13.457296133567663,12.997458260105448,13.4291427943761,12.997458260105448,6761815,90805379.18,4.0308,,,否,,,,,,否,494464100,167753612,6640229005.59,2252787209.82,,,,12.79,12.01,11.44,11.35,11.10,11.25,10.75,2016-11-10,-
2019-09-05,603556,XD海兴电,电网设备,13.532371704745168,14.649120826010545,13.438527240773288,13.982825131810195,13.438527240773288,10972323,153424073.80,6.5407,,,否,,,,,,否,494464100,167753612,6914005044.26,2345669421.83,,,,13.14,12.32,11.56,11.44,11.16,11.27,10.76,2016-11-10,-
2019-09-06,603556,XD海兴电,电网设备,14.208051845342707,14.480200790861161,13.973440685413006,14.367587434094904,13.973440685413006,8037751,115483090.27,4.7914,,,否,,,,,,否,494464100,167753612,7104256189.77,2410214687.80,,,,13.54,12.69,11.72,11.54,11.22,11.28,10.77,2016-11-10,-
2019-09-09,603556,XD海兴电,电网设备,14.367587434094904,14.921269771529,14.179898506151142,14.63035193321617,14.179898506151142,7612925,111379771.99,4.5382,,,否,,,,,,否,494464100,167753612,7234183801.34,2454294381.63,,,,13.93,13.10,11.88,11.66,11.29,11.30,10.78,2016-11-10,-
2019-09-10,603556,XD海兴电,电网设备,14.452047451669596,14.583429701230228,14.039131810193323,14.208051845342707,14.039131810193323,5297025,75260405.83,3.1576,,,否,,,,,,否,491104770,167753612,6977642033.66,2383452016.54,,,,14.12,13.36,12.04,11.76,11.36,11.32,10.80,2016-11-10,-
2019-09-11,603556,XD海兴电,电网设备,14.423894112478031,14.82742530755712,14.161129613356767,14.752349736379616,14.161129613356767,6869286,101338109.51,4.0949,,,否,,,,,,否,491104770,167753612,7244949324.24,2474759953.76,,,,14.39,13.59,12.25,11.88,11.43,11.34,10.81,2016-11-10,-
2019-09-12,603556,XD海兴电,电网设备,14.81804086115993,14.81804086115993,13.832673989455186,14.301896309314587,13.832673989455186,7752366,110873534.68,4.6213,,,否,,,,,,否,491104770,167753612,7023729497.55,2399194764.34,,,,14.45,13.80,12.44,11.98,11.49,11.36,10.83,2016-11-10,-
2019-09-16,603556,XD海兴电,电网设备,14.245589630931459,14.564660808435853,13.917134007029878,14.301896309314587,13.917134007029878,6203553,88722571.76,3.6980,,,否,,,,,,否,491104770,167753612,7023729497.55,2399194764.34,,,,14.44,13.99,12.64,12.09,11.54,11.36,10.84,2016-11-10,-
2019-09-17,603556,XD海兴电,电网设备,14.301896309314587,14.489585237258348,14.048516256590512,14.076669595782075,14.048516256590512,4189204,58970040.58,2.4972,,,否,,,,,,否,491104770,167753612,6913119584.20,2361412169.62,,,,14.33,14.12,12.81,12.18,11.60,11.38,10.86,2016-11-10,-
2019-09-18,603556,XD海兴电,电网设备,14.179898506151142,14.452047451669596,14.029747363796133,14.348818541300528,14.029747363796133,4904403,70372388.70,2.9236,,,否,,,,,,否,491104770,167753612,7046773229.50,2407066138.24,,,,14.36,14.24,12.99,12.29,11.66,11.40,10.87,2016-11-10,-
2019-09-19,603556,XD海兴电,电网设备,14.480200790861161,14.527123022847102,13.973440685413006,14.461431898066785,13.973440685413006,3633531,52546061.11,2.1660,,,否,,,,,,否,491104770,167753612,7102078186.17,2425957435.59,,,,14.30,14.34,13.18,12.41,11.71,11.43,10.89,2016-11-10,-
2019-09-20,603556,XD海兴电,电网设备,14.508354130052727,15.456183216168718,14.452047451669596,15.174649824253079,14.452047451669596,6517714,98904027.60,3.8853,,,否,,,,,,否,491104770,167753612,7452342911.77,2545602318.85,,,,14.47,14.46,13.39,12.53,11.79,11.46,10.90,2016-11-10,-
2019-09-23,603556,XD海兴电,电网设备,15.118343145869948,15.24972539543058,14.63035193321617,14.921269771529,14.63035193321617,4527036,67549125.42,2.6986,,,否,,,,,,否,491104770,167753612,7327906759.25,2503096899.80,,,,14.59,14.52,13.61,12.65,11.85,11.48,10.92,2016-11-10,-
2019-09-24,603556,XD海兴电,电网设备,14.883731985940246,15.36233875219684,14.667889718804922,15.099574253075572,14.667889718804922,5126556,77408812.98,3.0560,,,否,,,,,,否,491104770,167753612,7415472940.65,2533008120.62,,,,14.80,14.56,13.83,12.78,11.92,11.51,10.94,2016-11-10,-
2019-09-25,603556,XD海兴电,电网设备,14.940038664323374,15.418645430579966,14.789887521968366,14.996345342706505,14.789887521968366,4741136,71099712.77,2.8262,,,否,,,,,,否,491104770,167753612,7364776730.37,2515691098.04,,,,14.93,14.64,14.00,12.91,11.98,11.52,10.96,2016-11-10,-
2019-09-26,603556,XD海兴电,电网设备,14.986960896309316,15.146496485061514,14.527123022847102,14.930654217926188,14.527123022847102,4524777,67557880.80,2.6973,,,否,,,,,,否,491104770,167753612,7332515505.64,2504671174.58,,,,15.02,14.66,14.12,13.05,12.04,11.55,10.98,2016-11-10,-
2019-09-27,603556,XD海兴电,电网设备,14.864963093145871,15.221572056239015,13.494833919156417,14.592814147627418,13.494833919156417,6375599,93037931.29,3.8006,,,否,,,,,,否,491104770,167753612,7166600635.62,2447997282.51,,,,14.91,14.69,14.25,13.19,12.11,11.57,11.00,2016-11-10,-
2019-09-30,603556,XD海兴电,电网设备,14.649120826010545,14.996345342706505,14.386356326889281,14.639736379613357,14.386356326889281,3555028,52044672.74,2.1192,,,否,,,,,,否,491104770,167753612,7189644367.57,2455868656.41,,,,14.86,14.72,14.36,13.34,12.16,11.59,11.02,2016-11-10,-
2019-10-08,603556,XD海兴电,电网设备,14.639736379613357,14.836809753954308,14.452047451669596,14.574045254833042,14.452047451669596,3166330,46146236.71,1.8875,,,否,,,,,,否,491104770,167753612,7157383142.84,2444848732.95,,,,14.74,14.77,14.45,13.47,12.22,11.60,11.04,2016-11-10,-
2019-10-09,603556,XD海兴电,电网设备,14.733580843585237,15.230956502636205,14.489585237258348,15.137112038664323,14.489585237258348,4300530,65097604.44,2.5636,,,否,,,,,,否,491104770,167753612,7433907926.21,2539305219.73,,,,14.77,14.86,14.55,13.61,12.29,11.63,11.05,2016-11-10,-
2019-10-10,603556,XD海兴电,电网设备,15.052652021089632,15.118343145869948,14.836809753954308,15.052652021089632,14.836809753954308,3398643,51158590.42,2.0260,,,否,,,,,,否,491104770,167753612,7392429208.71,2525136746.72,,,,14.80,14.91,14.63,13.76,12.36,11.66,11.07,2016-11-10,-
2019-10-11,603556,XD海兴电,电网设备,15.01511423550088,15.221572056239015,14.883731985940246,14.977576449912128,14.883731985940246,2422293,36280078.59,1.4440,,,否,,,,,,否,491104770,167753612,7355559237.59,2512542548.48,,,,14.87,14.89,14.68,13.89,12.43,11.68,11.09,2016-11-10,-
2019-10-14,603556,XD海兴电,电网设备,15.108958699472762,15.822176625659052,14.996345342706505,15.531258787346223,14.996345342706505,5938294,92229180.87,3.5399,,,否,,,,,,否,491104770,167753612,7627475274.57,2605424760.48,,,,15.05,14.95,14.73,14.06,12.51,11.71,11.11,2016-11-10,-
2019-10-15,603556,XD海兴电,电网设备,15.550027680140598,15.550027680140598,14.836809753954308,14.996345342706505,14.836809753954308,4492603,67372626.08,2.6781,,,否,,,,,,否,491104770,167753612,7364776730.37,2515691098.04,,,,15.14,14.94,14.75,14.20,12.58,11.74,11.13,2016-11-10,-
2019-10-16,603556,XD海兴电,电网设备,15.071420913884007,15.071420913884007,14.367587434094904,14.545891915641477,14.367587434094904,5912239,85998789.47,3.5244,,,否,,,,,,否,491104770,167753612,7143556903.68,2440125908.61,,,,15.02,14.90,14.77,14.30,12.63,11.76,11.15,2016-11-10,-
2019-10-17,603556,XD海兴电,电网设备,14.555276362038665,15.099574253075572,14.226820738137084,14.311280755711776,14.226820738137084,4782050,68437260.14,2.8506,,,否,,,,,,否,491104770,167753612,7028338243.94,2400769039.12,,,,14.87,14.84,14.75,14.36,12.69,11.78,11.17,2016-11-10,-
2019-10-18,603556,XD海兴电,电网设备,14.414509666080844,14.72419639718805,14.123591827768015,14.301896309314587,14.123591827768015,4121081,58939273.14,2.4566,,,否,,,,,,否,491104770,167753612,7023729497.55,2399194764.34,,,,14.73,14.81,14.75,14.43,12.74,11.80,11.19,2016-11-10,-
2019-10-21,603556,XD海兴电,电网设备,14.301896309314587,14.348818541300528,13.945287346221441,14.179898506151142,13.945287346221441,3485626,49425822.91,2.0778,,,否,,,,,,否,491104770,167753612,6963815794.49,2378729192.20,,,,14.47,14.76,14.74,14.49,12.80,11.82,11.21,2016-11-10,-
2019-10-22,603556,XD海兴电,电网设备,14.245589630931459,14.836809753954308,14.245589630931459,14.686658611599299,14.245589630931459,3496252,51348259.54,2.0842,,,否,,,,,,否,491104770,167753612,7212688099.52,2463740030.31,,,,14.41,14.77,14.77,14.56,12.88,11.84,11.22,2016-11-10,-
2019-10-23,603556,XD海兴电,电网设备,14.555276362038665,14.893116432337434,14.311280755711776,14.423894112478031,14.311280755711776,3584468,51701986.88,2.1367,,,否,,,,,,否,491104770,167753612,7083643200.61,2419660336.47,,,,14.38,14.71,14.78,14.60,12.93,11.87,11.24,2016-11-10,-
2019-10-24,603556,XD海兴电,电网设备,14.517738576449913,14.752349736379616,14.217436291739896,14.498969683655536,14.217436291739896,2509126,36379741.81,1.4957,,,否,,,,,,否,491104770,167753612,7120513171.73,2432254534.71,,,,14.41,14.65,14.78,14.63,12.99,11.90,11.27,2016-11-10,-
2019-10-25,603556,XD海兴电,电网设备,14.592814147627418,14.592814147627418,14.18928295254833,14.33943409490334,14.18928295254833,2304980,33052108.80,1.3740,,,否,,,,,,否,491104770,167753612,7042164483.11,2405491863.46,,,,14.42,14.58,14.73,14.65,13.04,11.92,11.30,2016-11-10,-
2019-10-28,603556,XD海兴电,电网设备,14.320665202108964,14.72419639718805,14.320665202108964,14.527123022847102,14.320665202108964,3082147,44774728.64,1.8373,,,否,,,,,,否,491104770,167753612,7134339410.90,2436977359.05,,,,14.50,14.48,14.71,14.65,13.10,11.96,11.32,2016-11-10,-
2019-10-29,603556,XD海兴电,电网设备,13.973440685413006,14.020362917398947,13.072533831282954,13.194531634446399,13.072533831282954,9852834,130003529.90,5.8734,,,否,,,,,,否,491104770,167753612,6479897423.59,2213430340.33,,,,14.20,14.30,14.62,14.60,13.13,11.97,11.34,2016-11-10,-
2019-10-30,603556,XD海兴电,电网设备,13.119456063268894,13.250838312829526,12.622080404217927,12.894229349736381,12.622080404217927,5966985,76939673.12,3.5570,,,否,,,,,,否,491104770,167753612,6332417539.13,2163053547.37,,,,13.89,14.13,14.52,14.56,13.16,11.99,11.36,2016-11-10,-
2019-10-31,603556,XD海兴电,电网设备,13.006842706502637,13.18514718804921,12.800384885764501,13.006842706502637,12.800384885764501,4643256,60394100.44,2.7679,,,否,,,,,,否,491104770,167753612,6387722495.80,2181944844.73,,,,13.59,14.00,14.42,14.50,13.19,12.01,11.37,2016-11-10,-
2019-11-01,603556,XD海兴电,电网设备,12.772231546572936,12.94115158172232,12.378084797891038,12.612695957820739,12.378084797891038,5765372,72716884.12,3.4368,,,否,,,,,,否,491104770,167753612,6194155147.45,2115825303.98,,,,13.25,13.83,14.32,14.44,13.21,12.03,11.38,2016-11-10,-
2019-11-04,603556,XD海兴电,电网设备,12.687771528998242,13.025611599297013,12.528235940246047,12.650233743409492,12.528235940246047,5081884,64287020.46,3.0294,,,否,,,,,,否,491104770,167753612,6212590133.00,2122122403.10,,,,12.88,13.68,14.23,14.39,13.24,12.05,11.40,2016-11-10,-
2019-11-05,603556,XD海兴电,电网设备,12.659618189806679,12.762847100175748,12.41562258347979,12.575158172231987,12.41562258347979,4291419,53965272.71,2.5582,,,否,,,,,,否,491104770,167753612,6175720161.89,2109528204.86,,,,12.74,13.48,14.12,14.34,13.26,12.06,11.42,2016-11-10,-
2019-11-06,603556,XD海兴电,电网设备,12.575158172231987,12.781615992970123,12.32177811950791,12.69715597539543,12.32177811950791,5298735,67278864.77,3.1586,,,否,,,,,,否,491104770,167753612,6235633864.95,2129993777.00,,,,12.71,13.30,14.00,14.28,13.29,12.08,11.43,2016-11-10,-
2019-11-07,603556,XD海兴电,电网设备,12.556389279437612,12.556389279437612,12.181011423550089,12.471929261862918,12.181011423550089,5365828,66922227.25,3.1986,,,否,,,,,,否,491104770,167753612,6125023951.60,2092211182.29,,,,12.60,13.10,13.87,14.22,13.32,12.10,11.45,2016-11-10,-
2019-11-08,603556,XD海兴电,电网设备,12.575158172231987,12.800384885764501,12.340547012302286,12.500082601054483,12.340547012302286,5392363,67404982.91,3.2145,,,否,,,,,,否,491104770,167753612,6138850190.77,2096934006.63,,,,12.58,12.91,13.75,14.13,13.33,12.11,11.46,2016-11-10,-
2019-11-11,603556,XD海兴电,电网设备,12.425007029876978,12.819153778558876,12.349931458699475,12.565773725834799,12.349931458699475,5187870,65189600.54,1.0616,,,否,,,,,,否,491104770,488684040,6171111415.50,6140693070.07,,,,12.57,12.72,13.60,14.05,13.35,12.12,11.47,2016-11-10,-
2019-11-12,603556,XD海兴电,电网设备,12.500082601054483,12.669002636203867,12.36870035149385,12.471929261862918,12.36870035149385,3419603,42649046.72,0.6998,,,否,,,,,,否,491104770,488684040,6125023951.60,6094832778.28,,,,12.54,12.64,13.48,13.96,13.37,12.13,11.48,2016-11-10,-
2019-11-13,603556,XD海兴电,电网设备,12.518851493848858,12.565773725834799,12.134089191564149,12.32177811950791,12.134089191564149,3598605,44341212.35,0.7364,,,否,,,,,,否,491104770,488684040,6051284009.37,6021456311.42,,,,12.46,12.58,13.36,13.87,13.39,12.15,11.50,2016-11-10,-
2019-11-14,603556,XD海兴电,电网设备,12.246702548330406,12.762847100175748,12.246702548330406,12.575158172231987,12.246702548330406,3945469,49614896.74,0.8074,,,否,,,,,,否,491104770,488684040,6175720161.89,6145279099.25,,,,12.49,12.55,13.28,13.80,13.42,12.17,11.51,2016-11-10,-
2019-11-15,603556,XD海兴电,电网设备,12.762847100175748,12.762847100175748,12.331162565905098,12.359315905096661,12.331162565905098,2980202,36833257.98,0.6098,,,否,,,,,,否,491104770,488684040,6069718994.93,6039800428.14,,,,12.46,12.52,13.18,13.72,13.46,12.18,11.51,2016-11-10,-
2019-11-18,603556,XD海兴电,电网设备,12.715924868189807,13.33529833040422,12.359315905096661,12.547004833040422,12.359315905096661,7413211,93013594.25,1.5170,,,否,,,,,,否,491104770,488684040,6161893922.72,6131521011.71,,,,12.45,12.51,13.10,13.65,13.49,12.20,11.52,2016-11-10,-
2019-11-19,603556,XD海兴电,电网设备,12.490698154657295,12.678387082601056,12.425007029876978,12.528235940246047,12.425007029876978,4311810,54019373.01,0.8823,,,否,,,,,,否,491104770,488684040,6152676429.94,6122348953.35,,,,12.46,12.50,12.99,13.58,13.52,12.21,11.54,2016-11-10,-
2019-11-20,603556,XD海兴电,电网设备,12.528235940246047,12.593927065026362,12.049629173989455,12.077782513181019,12.049629173989455,5449269,65815085.84,1.1151,,,否,,,,,,否,491104770,488684040,5931456603.25,5902219552.78,,,,12.42,12.44,12.88,13.49,13.54,12.23,11.55,2016-11-10,-
2019-11-21,603556,XD海兴电,电网设备,12.03086028119508,12.997458260105448,12.03086028119508,12.884844903339193,12.03086028119508,9506143,122485178.18,1.9453,,,否,,,,,,否,491104770,488684040,6327808792.74,6296618062.14,,,,12.48,12.48,12.79,13.41,13.58,12.25,11.56,2016-11-10,-
2019-11-22,603556,XD海兴电,电网设备,12.884844903339193,12.931767135325131,12.331162565905098,12.762847100175748,12.331162565905098,8264636,105480285.61,1.6912,,,否,,,,,,否,491104770,488684040,6267895089.68,6236999682.82,,,,12.56,12.51,12.72,13.34,13.62,12.26,11.57,2016-11-10,-
2019-11-25,603556,XD海兴电,电网设备,12.565773725834799,12.565773725834799,12.096551405975397,12.21854920913884,12.096551405975397,4712960,57585533.68,0.9644,,,否,,,,,,否,491104770,488684040,6000587799.09,5971009990.46,,,,12.49,12.47,12.59,13.22,13.64,12.27,11.58,2016-11-10,-
2019-11-26,603556,XD海兴电,电网设备,12.246702548330406,12.284240333919158,12.105935852372586,12.181011423550089,12.105935852372586,2383544,29033976.69,0.4877,,,否,,,,,,否,491104770,488684040,5982152813.53,5952665873.75,,,,12.43,12.44,12.55,13.13,13.66,12.27,11.59,2016-11-10,-
2019-11-27,603556,XD海兴电,电网设备,12.096551405975397,12.312393673110721,12.096551405975397,12.265471441124781,12.096551405975397,2523346,30950028.30,0.5164,,,否,,,,,,否,491104770,488684040,6023631531.04,5993940136.35,,,,12.46,12.44,12.51,13.05,13.67,12.29,11.60,2016-11-10,-
2019-11-28,603556,XD海兴电,电网设备,12.22793365553603,12.32177811950791,11.852555799648508,12.021475834797892,11.852555799648508,4053884,48733668.54,0.8296,,,否,,,,,,否,491104770,488684040,5903804124.91,5874703377.71,,,,12.29,12.39,12.46,12.98,13.67,12.30,11.60,2016-11-10,-
2019-11-29,603556,XD海兴电,电网设备,12.021475834797892,12.03086028119508,11.805633567662566,11.9370158172232,11.805633567662566,2050148,24472649.10,0.4195,,,否,,,,,,否,491104770,488684040,5862325407.40,5833429115.10,,,,12.12,12.34,12.43,12.90,13.66,12.31,11.61,2016-11-10,-
2019-12-02,603556,XD海兴电,电网设备,11.974553602811952,12.03086028119508,11.824402460456943,11.852555799648508,11.824402460456943,1906836,22600880.09,0.3902,,,否,,,,,,否,491104770,488684040,5820846689.90,5792154852.50,,,,12.05,12.27,12.39,12.82,13.65,12.32,11.62,2016-11-10,-
2019-12-03,603556,XD海兴电,电网设备,11.768095782073814,11.843171353251318,11.524100175746925,11.786864674868191,11.524100175746925,3676869,43338757.33,0.7524,,,否,,,,,,否,490401470,488684040,5780295763.25,5760052648.25,,,,11.97,12.20,12.35,12.73,13.64,12.33,11.63,2016-11-10,-
2019-12-04,603556,XD海兴电,电网设备,11.711789103690686,11.852555799648508,11.64609797891037,11.68363576449912,11.64609797891037,2461461,28758813.77,0.5037,,,否,,,,,,否,490401470,488684040,5729672153.85,5709606327.28,,,,11.85,12.16,12.30,12.63,13.62,12.34,11.64,2016-11-10,-
2019-12-05,603556,XD海兴电,电网设备,11.730557996485063,12.021475834797892,11.64609797891037,12.002706942003515,11.64609797891037,3121474,37466137.65,0.6388,,,否,,,,,,否,490401470,488684040,5886145128.34,5865531319.35,,,,11.85,12.07,12.27,12.55,13.59,12.35,11.65,2016-11-10,-
2019-12-06,603556,XD海兴电,电网设备,12.03086028119508,12.190395869947277,11.9370158172232,12.162242530755714,11.9370158172232,2333292,28378063.20,0.4775,,,否,,,,,,否,490401470,488684040,5964381615.58,5943493815.39,,,,11.90,12.01,12.26,12.48,13.56,12.36,11.66,2016-11-10,-
2019-12-09,603556,XD海兴电,电网设备,12.152858084358524,12.312393673110721,12.03086028119508,12.237318101933216,12.03086028119508,3304667,40440261.30,0.6762,,,否,,,,,,否,490401470,488684040,6001198786.05,5980182048.82,,,,11.97,12.01,12.25,12.41,13.52,12.37,11.66,2016-11-10,-
2019-12-10,603556,XD海兴电,电网设备,12.237318101933216,12.284240333919158,12.040244727592269,12.143473637961335,12.040244727592269,1767383,21462168.87,0.3617,,,否,,,,,,否,490401470,488684040,5955177322.96,5934321757.03,,,,12.05,12.01,12.23,12.37,13.49,12.39,11.67,2016-11-10,-
2019-12-11,603556,XD海兴电,电网设备,12.22793365553603,12.60331151142355,12.049629173989455,12.303009226713533,12.049629173989455,4173809,51350410.64,0.8541,,,否,,,,,,否,490401470,488684040,6033413810.20,6012284253.07,,,,12.17,12.01,12.23,12.35,13.46,12.41,11.68,2016-11-10,-
2019-12-12,603556,XD海兴电,电网设备,12.284240333919158,12.284240333919158,11.946400263620388,11.993322495606327,11.946400263620388,3518936,42203734.29,0.7201,,,否,,,,,,否,490401470,488684040,5881542982.03,5860945290.18,,,,12.17,12.01,12.20,12.31,13.41,12.42,11.69,2016-11-10,-
2019-12-13,603556,XD海兴电,电网设备,12.068398066783832,12.1716269771529,11.974553602811952,12.1716269771529,11.974553602811952,2766981,33678660.58,0.5662,,,否,,,,,,否,490401470,488684040,5968983761.89,5948079844.57,,,,12.17,12.03,12.19,12.30,13.37,12.43,11.70,2016-11-10,-
2019-12-16,603556,XD海兴电,电网设备,12.237318101933216,12.547004833040422,12.143473637961335,12.547004833040422,12.143473637961335,3994431,50118145.06,0.8174,,,否,,,,,,否,490401470,488684040,6153069614.22,6131521011.71,,,,12.23,12.11,12.19,12.29,13.34,12.44,11.71,2016-11-10,-
2019-12-17,603556,XD海兴电,电网设备,12.547004833040422,12.762847100175748,12.528235940246047,12.715924868189807,12.528235940246047,4803633,61082636.32,0.9830,,,否,,,,,,否,490401470,488684040,6235908247.77,6214069536.92,,,,12.35,12.20,12.20,12.30,13.32,12.46,11.72,2016-11-10,-
2019-12-18,603556,XD海兴电,电网设备,12.725309314586996,12.819153778558876,12.612695957820739,12.640849297012304,12.612695957820739,3504244,44296620.30,0.7171,,,否,,,,,,否,490401470,488684040,6199091077.30,6177381303.50,,,,12.42,12.29,12.23,12.29,13.29,12.47,11.73,2016-11-10,-
2019-12-19,603556,XD海兴电,电网设备,12.94115158172232,13.156993848857645,12.584542618629175,12.819153778558876,12.584542618629175,6393000,81952850.11,1.3082,,,否,,,,,,否,490401470,488684040,6286531857.16,6264515857.89,,,,12.58,12.38,12.22,12.31,13.26,12.49,11.75,2016-11-10,-
2019-12-20,603556,XD海兴电,电网设备,12.800384885764501,12.800384885764501,12.528235940246047,12.528235940246047,12.528235940246047,3681180,46118691.58,0.7533,,,否,,,,,,否,490401470,488684040,6143865321.60,6122348953.35,,,,12.65,12.41,12.21,12.31,13.22,12.50,11.76,2016-11-10,-
2019-12-23,603556,XD海兴电,电网设备,12.556389279437612,12.875460456942005,12.547004833040422,12.687771528998242,12.547004833040422,5856910,74311135.95,1.1985,,,否,,,,,,否,490401470,488684040,6222101808.84,6200311449.39,,,,12.68,12.45,12.24,12.31,13.19,12.52,11.77,2016-11-10,-
2019-12-24,603556,XD海兴电,电网设备,12.593927065026362,12.791000439367313,12.481313708260107,12.762847100175748,12.481313708260107,3042880,38835812.18,0.6227,,,否,,,,,,否,490401470,488684040,6258918979.31,6236999682.82,,,,12.69,12.52,12.27,12.32,13.15,12.53,11.78,2016-11-10,-
2019-12-25,603556,XD海兴电,电网设备,12.744078207381373,12.762847100175748,12.612695957820739,12.715924868189807,12.612695957820739,2309466,29366996.14,0.4726,,,否,,,,,,否,490401470,488684040,6235908247.77,6214069536.92,,,,12.71,12.56,12.28,12.34,13.11,12.55,11.79,2016-11-10,-
2019-12-26,603556,XD海兴电,电网设备,12.669002636203867,12.669002636203867,12.490698154657295,12.622080404217927,12.490698154657295,2787711,35186712.39,0.5705,,,否,,,,,,否,490401470,488684040,6189886784.69,6168209245.14,,,,12.66,12.62,12.31,12.34,13.06,12.56,11.80,2016-11-10,-
2019-12-27,603556,XD海兴电,电网设备,12.640849297012304,12.772231546572936,12.490698154657295,12.518851493848858,12.490698154657295,3492836,43726295.18,0.7147,,,否,,,,,,否,490401470,488684040,6139263175.30,6117762924.17,,,,12.66,12.66,12.34,12.34,13.03,12.57,11.81,2016-11-10,-
2019-12-30,603556,XD海兴电,电网设备,12.50946704745167,12.60331151142355,12.190395869947277,12.547004833040422,12.190395869947277,3562876,44703422.39,0.7291,,,否,,,,,,否,490401470,488684040,6153069614.22,6131521011.71,,,,12.63,12.66,12.38,12.34,13.00,12.58,11.82,2016-11-10,-
2019-12-31,603556,XD海兴电,电网设备,12.528235940246047,12.837922671353251,12.528235940246047,12.800384885764501,12.528235940246047,4049562,51835952.22,0.8287,,,否,,,,,,否,490401470,488684040,6277327564.54,6255343799.53,,,,12.64,12.67,12.43,12.35,12.97,12.59,11.83,2016-11-10,-
2020-01-02,603556,XD海兴电,电网设备,12.903613796133568,13.034996045694202,12.800384885764501,12.978689367311073,12.800384885764501,3356686,43565384.90,0.6869,,,否,,,,,,否,490401470,488684040,6364768344.40,6342478353.92,,,,12.70,12.70,12.49,12.39,12.93,12.61,11.84,2016-11-10,-
2020-01-03,603556,XD海兴电,电网设备,12.988073813708262,13.504218365553605,12.912998242530756,13.485449472759226,12.912998242530756,5675537,76537167.44,1.1614,,,否,,,,,,否,490401470,488684040,6613284245.05,6590123929.56,,,,12.87,12.76,12.57,12.41,12.90,12.63,11.86,2016-11-10,-
2020-01-06,603556,XD海兴电,电网设备,13.307144991212654,13.532371704745168,13.260222759226716,13.485449472759226,13.260222759226716,5322321,71773890.92,1.0891,,,否,,,,,,否,490401470,488684040,6613284245.05,6590123929.56,,,,13.06,12.86,12.63,12.43,12.88,12.66,11.87,2016-11-10,-
2020-01-07,603556,XD海兴电,电网设备,13.485449472759226,13.804520650263623,13.372836115992971,13.61683172231986,13.372836115992971,4055338,55220855.12,0.8298,,,否,,,,,,否,490401470,488684040,6677714293.37,6654328338.06,,,,13.27,12.95,12.71,12.47,12.85,12.68,11.88,2016-11-10,-
2020-01-08,603556,XD海兴电,电网设备,13.532371704745168,13.579293936731109,13.27899165202109,13.28837609841828,13.27899165202109,4191711,55701032.26,0.8578,,,否,,,,,,否,490401470,488684040,6516639172.58,6493817316.81,,,,13.37,13.01,12.76,12.51,12.82,12.70,11.90,2016-11-10,-
2020-01-09,603556,XD海兴电,电网设备,13.447911687170475,13.532371704745168,13.344682776801408,13.466680579964851,13.344682776801408,3038623,40920165.34,0.6218,,,否,,,,,,否,490401470,488684040,6604079952.44,6580951871.21,,,,13.47,13.08,12.82,12.55,12.80,12.72,11.91,2016-11-10,-
2020-01-10,603556,XD海兴电,电网设备,13.438527240773288,13.579293936731109,13.344682776801408,13.410373901581723,13.344682776801408,2255102,30241761.01,0.4615,,,否,,,,,,否,490401470,488684040,6576467074.59,6553435696.14,,,,13.46,13.16,12.89,12.59,12.79,12.73,11.93,2016-11-10,-
2020-01-13,603556,XD海兴电,电网设备,13.38222056239016,14.020362917398947,13.297760544815466,13.917134007029878,13.297760544815466,5213899,72562531.08,1.0669,,,否,,,,,,否,490401470,488684040,6824982975.23,6801081271.78,,,,13.54,13.30,12.98,12.66,12.78,12.76,11.94,2016-11-10,-
2020-01-14,603556,XD海兴电,电网设备,13.992209578207383,14.039131810193323,13.6637539543058,13.738829525483306,13.6637539543058,3167789,43521713.04,0.6482,,,否,,,,,,否,490401470,488684040,6737542195.38,6713946717.38,,,,13.56,13.42,13.03,12.73,12.77,12.79,11.96,2016-11-10,-
2020-01-15,603556,XD海兴电,电网设备,13.776367311072057,13.776367311072057,13.541756151142355,13.551140597539543,13.541756151142355,2311634,31325277.34,0.4730,,,否,,,,,,否,490401470,488684040,6645499269.21,6622226133.81,,,,13.62,13.49,13.08,12.78,12.75,12.81,11.97,2016-11-10,-
2020-01-16,603556,XD海兴电,电网设备,13.635600615114235,13.738829525483306,13.4291427943761,13.56990949033392,13.4291427943761,2373781,32211993.32,0.4857,,,否,,,,,,否,490401470,488684040,6654703561.83,6631398192.17,,,,13.64,13.55,13.13,12.85,12.74,12.84,11.98,2016-11-10,-
2020-01-17,603556,XD海兴电,电网设备,13.466680579964851,13.766982864674869,13.372836115992971,13.485449472759226,13.372836115992971,3657071,49317246.19,0.7484,,,否,,,,,,否,490401470,488684040,6613284245.05,6590123929.56,,,,13.65,13.55,13.16,12.89,12.73,12.86,11.99,2016-11-10,-
2020-01-20,603556,XD海兴电,电网设备,13.363451669595783,13.560525043936732,13.194531634446399,13.504218365553605,13.194531634446399,2592642,35011603.71,0.5305,,,否,,,,,,否,490401470,488684040,6622488537.67,6599295987.92,,,,13.57,13.55,13.20,12.94,12.71,12.88,12.00,2016-11-10,-
2020-01-21,603556,XD海兴电,电网设备,13.644985061511424,13.729445079086117,13.260222759226716,13.307144991212654,13.260222759226716,3244256,43171784.98,0.6639,,,否,,,,,,否,490401470,488684040,6525843465.19,6502989375.17,,,,13.49,13.52,13.24,12.98,12.69,12.89,12.01,2016-11-10,-
2020-01-22,603556,XD海兴电,电网设备,13.307144991212654,13.551140597539543,13.053764938488577,13.438527240773288,13.053764938488577,3488162,46875760.06,0.7138,,,否,,,,,,否,490401470,488684040,6590273513.51,6567193783.67,,,,13.46,13.54,13.27,13.02,12.70,12.91,12.02,2016-11-10,-
2020-01-23,603556,XD海兴电,电网设备,13.32591388400703,13.504218365553605,12.565773725834799,12.678387082601056,12.565773725834799,5189019,65788391.46,1.0618,,,否,,,,,,否,490401470,488684040,6217499662.54,6195725420.21,,,,13.28,13.46,13.27,13.03,12.69,12.92,12.03,2016-11-10,-
2020-02-03,603556,XD海兴电,电网设备,11.420871265377857,11.420871265377857,11.420871265377857,11.420871265377857,11.420871265377857,1780800,20338287.55,0.3644,,,否,,,,,,否,490401470,488684040,5600812057.22,5581197510.28,,,,12.87,13.26,13.21,13.02,12.66,12.92,12.04,2016-11-10,-
2020-02-04,603556,XD海兴电,电网设备,10.979802284710019,11.608560193321617,10.979802284710019,11.486562390158173,10.979802284710019,5040526,57898316.38,1.0314,,,否,,,,,,否,490401470,488684040,5633027081.38,5613299714.53,,,,12.46,13.02,13.16,12.99,12.64,12.93,12.04,2016-11-10,-
2020-02-05,603556,XD海兴电,电网设备,11.561637961335677,11.899478031634446,11.345795694200351,11.467793497363797,11.345795694200351,4740290,54360666.84,0.9700,,,否,,,,,,否,490401470,488684040,5623822788.76,5604127656.18,,,,12.10,12.79,13.10,12.96,12.62,12.93,12.05,2016-11-10,-
2020-02-06,603556,XD海兴电,电网设备,11.467793497363797,11.711789103690686,11.308257908611601,11.7024046572935,11.308257908611601,5177725,60591833.15,1.0595,,,否,,,,,,否,490401470,488684040,5738876446.47,5718778385.64,,,,11.75,12.60,13.05,12.92,12.61,12.93,12.05,2016-11-10,-
2020-02-07,603556,XD海兴电,电网设备,12.359315905096661,12.359315905096661,11.89009358523726,12.27485588752197,11.89009358523726,8033838,98614203.67,1.6440,,,否,,,,,,否,490401470,488684040,6019607371.28,5998526165.53,,,,11.67,12.48,13.02,12.91,12.60,12.95,12.06,2016-11-10,-
2020-02-10,603556,XD海兴电,电网设备,12.1716269771529,12.246702548330406,11.965169156414763,12.237318101933216,11.965169156414763,5622319,68802106.07,1.1505,,,否,,,,,,否,490401470,488684040,6001198786.05,5980182048.82,,,,11.83,12.35,12.95,12.89,12.60,12.96,12.07,2016-11-10,-
2020-02-11,603556,XD海兴电,电网设备,12.162242530755714,12.1716269771529,11.946400263620388,12.012091388400705,11.946400263620388,3330657,40008156.27,0.6816,,,否,,,,,,否,490401470,488684040,5890747274.65,5870117348.53,,,,11.94,12.20,12.88,12.88,12.59,12.96,12.08,2016-11-10,-
2020-02-12,603556,XD海兴电,电网设备,11.918246924428823,12.162242530755714,11.918246924428823,12.134089191564149,11.918246924428823,3475310,42169721.51,0.7112,,,否,,,,,,否,490401470,488684040,5950575176.65,5929735727.85,,,,12.07,12.09,12.80,12.86,12.58,12.97,12.08,2016-11-10,-
2020-02-13,603556,XD海兴电,电网设备,12.152858084358524,12.312393673110721,11.852555799648508,11.927631370826012,11.852555799648508,4208351,50195659.41,0.8612,,,否,,,,,,否,490401470,488684040,5849327957.87,5828843085.93,,,,12.12,11.94,12.73,12.83,12.58,12.97,12.09,2016-11-10,-
2020-02-14,603556,XD海兴电,电网设备,11.9370158172232,12.190395869947277,11.89009358523726,12.03086028119508,11.89009358523726,2955177,35553321.59,0.6047,,,否,,,,,,否,490401470,488684040,5899951567.26,5879289406.89,,,,12.07,11.87,12.67,12.80,12.57,12.98,12.10,2016-11-10,-
2020-02-17,603556,XD海兴电,电网设备,12.03086028119508,12.41562258347979,12.012091388400705,12.41562258347979,12.012091388400705,4844295,60144938.40,0.9913,,,否,,,,,,否,490401470,488684040,6088639565.90,6067316603.21,,,,12.11,11.97,12.61,12.80,12.57,13.00,12.11,2016-11-10,-
2020-02-18,603556,XD海兴电,电网设备,12.500082601054483,12.988073813708262,12.425007029876978,12.922382688927945,12.425007029876978,7197715,93011627.72,1.4729,,,否,,,,,,否,490401470,488684040,6337155466.55,6314962178.85,,,,12.28,12.12,12.57,12.81,12.58,13.02,12.12,2016-11-10,-
2020-02-19,603556,XD海兴电,电网设备,13.025611599297013,13.307144991212654,12.800384885764501,13.006842706502637,12.800384885764501,6906939,89837469.16,1.4134,,,否,,,,,,否,490401470,488684040,6378574783.33,6356236441.46,,,,12.46,12.27,12.53,12.83,12.58,13.03,12.13,2016-11-10,-
2020-02-20,603556,XD海兴电,电网设备,13.04438049209139,13.194531634446399,12.837922671353251,13.100687170474519,12.837922671353251,4552489,59640734.24,0.9316,,,否,,,,,,否,490401470,488684040,6424596246.41,6402096733.24,,,,12.70,12.41,12.51,12.84,12.59,13.06,12.14,2016-11-10,-
2020-02-21,603556,XD海兴电,电网设备,13.034996045694202,13.344682776801408,12.978689367311073,13.203916080843586,12.978689367311073,5288031,69822717.56,1.0821,,,否,,,,,,否,490401470,488684040,6475219855.80,6452543054.21,,,,12.93,12.50,12.49,12.85,12.61,13.08,12.15,2016-11-10,-
2020-02-24,603556,XD海兴电,电网设备,13.063149384885765,13.541756151142355,13.025611599297013,13.438527240773288,13.025611599297013,5292527,71123768.26,1.0830,,,否,,,,,,否,490401470,488684040,6590273513.51,6567193783.67,,,,13.14,12.62,12.48,12.84,12.62,13.10,12.16,2016-11-10,-
2020-02-25,603556,XD海兴电,电网设备,13.194531634446399,13.344682776801408,12.856691564147628,13.269607205623903,12.856691564147628,6234251,82726061.99,1.2757,,,否,,,,,,否,490401470,488684040,6507434879.96,6484645258.46,,,,13.20,12.74,12.47,12.84,12.63,13.12,12.17,2016-11-10,-
2020-02-26,603556,XD海兴电,电网设备,13.13822495606327,13.344682776801408,12.800384885764501,13.100687170474519,12.800384885764501,8025361,105137743.89,1.6422,,,否,,,,,,否,490401470,488684040,6424596246.41,6402096733.24,,,,13.22,12.84,12.46,12.82,12.64,13.14,12.18,2016-11-10,-
2020-02-27,603556,XD海兴电,电网设备,13.147609402460457,13.579293936731109,13.053764938488577,13.363451669595783,13.053764938488577,6382395,85290827.12,1.3060,,,否,,,,,,否,490401470,488684040,6553456343.04,6530505550.24,,,,13.28,12.99,12.46,12.82,12.67,13.17,12.19,2016-11-10,-
2020-02-28,603556,XD海兴电,电网设备,13.006842706502637,13.194531634446399,12.453160369068542,12.481313708260107,12.453160369068542,7697160,96070668.62,1.5751,,,否,,,,,,否,490401470,488684040,6120854590.06,6099418807.46,,,,13.13,13.03,12.45,12.79,12.67,13.18,12.20,2016-11-10,-
2020-03-02,603556,XD海兴电,电网设备,12.687771528998242,13.61683172231986,12.622080404217927,13.438527240773288,12.622080404217927,8134409,109314476.93,1.6646,,,否,,,,,,否,490401470,488684040,6590273513.51,6567193783.67,,,,13.13,13.13,12.55,12.79,12.69,13.19,12.21,2016-11-10,-
2020-03-03,603556,XD海兴电,电网设备,13.626216168717049,13.870211775043938,13.307144991212654,13.551140597539543,13.307144991212654,7503096,101675508.81,1.5354,,,否,,,,,,否,490401470,488684040,6645499269.21,6622226133.81,,,,13.19,13.19,12.65,12.77,12.72,13.19,12.22,2016-11-10,-
2020-03-04,603556,XD海兴电,电网设备,13.532371704745168,13.61683172231986,13.344682776801408,13.598062829525485,13.344682776801408,4284165,58256344.84,0.8767,,,否,,,,,,否,490401470,488684040,6668510000.75,6645156279.71,,,,13.29,13.25,12.76,12.77,12.74,13.20,12.23,2016-11-10,-
2020-03-05,603556,XD海兴电,电网设备,13.729445079086117,14.498969683655536,13.644985061511424,14.44266300527241,13.644985061511424,9638212,139201447.89,1.9723,,,否,,,,,,否,490401470,488684040,7082703168.50,7057898905.78,,,,13.50,13.39,12.89,12.80,12.79,13.21,12.24,2016-11-10,-
2020-03-06,603556,XD海兴电,电网设备,14.283127416520212,14.780503075571179,14.104822934973638,14.320665202108964,14.104822934973638,6922722,99137984.05,1.4166,,,否,,,,,,否,490401470,488684040,7022875266.49,6998280526.45,,,,13.87,13.50,13.00,12.83,12.84,13.22,12.25,2016-11-10,-
2020-03-09,603556,XD海兴电,电网设备,14.057900702987698,14.611583040421793,13.766982864674869,13.795136203866432,13.766982864674869,6830068,94221718.34,1.3976,,,否,,,,,,否,490401470,488684040,6765155073.23,6741462892.46,,,,13.95,13.53,13.08,12.84,12.87,13.23,12.26,2016-11-10,-
2020-03-10,603556,XD海兴电,电网设备,13.785751757469244,14.123591827768015,13.194531634446399,14.09543848857645,13.194531634446399,7836280,110455802.72,1.6035,,,否,,,,,,否,490401470,488684040,6912423755.09,6888215826.17,,,,14.05,13.62,13.19,12.86,12.89,13.23,12.27,2016-11-10,-
2020-03-11,603556,XD海兴电,电网设备,14.161129613356767,14.348818541300528,13.879596221441124,13.879596221441124,13.879596221441124,6385723,88631256.82,1.3067,,,否,,,,,,否,490401470,488684040,6806574390.00,6782737155.06,,,,14.10,13.70,13.27,12.88,12.92,13.22,12.27,2016-11-10,-
2020-03-12,603556,XD海兴电,电网设备,13.654369507908614,13.729445079086117,13.33529833040422,13.485449472759226,13.33529833040422,5599183,75507499.44,1.1458,,,否,,,,,,否,490401470,488684040,6613284245.05,6590123929.56,,,,13.92,13.71,13.34,12.88,12.95,13.21,12.28,2016-11-10,-
2020-03-13,603556,XD海兴电,电网设备,12.800384885764501,13.316529437609843,12.612695957820739,13.053764938488577,12.612695957820739,5824478,76031366.70,1.1919,,,否,,,,,,否,490401470,488684040,6401585514.87,6379166587.35,,,,13.66,13.77,13.40,12.88,12.96,13.20,12.28,2016-11-10,-
2020-03-16,603556,XD海兴电,电网设备,13.213300527240774,13.297760544815466,12.246702548330406,12.284240333919158,12.246702548330406,6419968,78864429.85,1.3137,,,否,,,,,,否,490401470,488684040,6024209517.59,6003112194.71,,,,13.36,13.65,13.39,12.91,12.97,13.19,12.28,2016-11-10,-
2020-03-17,603556,XD海兴电,电网设备,12.340547012302286,12.481313708260107,11.79624912126538,12.12470474516696,11.79624912126538,5643571,68426632.08,1.1549,,,否,,,,,,否,490401470,488684040,5945973030.35,5925149698.68,,,,12.97,13.50,13.35,12.94,12.97,13.17,12.27,2016-11-10,-
2020-03-18,603556,XD海兴电,电网设备,12.246702548330406,12.406238137082603,11.627329086115994,11.655482425307557,11.627329086115994,5066914,59057327.08,1.0368,,,否,,,,,,否,490401470,488684040,5715865714.93,5695848239.75,,,,12.52,13.32,13.29,12.94,12.95,13.15,12.27,2016-11-10,-
2020-03-19,603556,XD海兴电,电网设备,11.674251318101934,11.852555799648508,11.542869068541302,11.758711335676626,11.542869068541302,4229772,49736667.96,0.8655,,,否,,,,,,否,490401470,488684040,5766489324.32,5746294560.71,,,,12.17,13.04,13.21,12.95,12.93,13.13,12.27,2016-11-10,-
2020-03-20,603556,XD海兴电,电网设备,11.899478031634446,12.040244727592269,11.768095782073814,11.946400263620388,11.768095782073814,3123961,37320088.51,0.6393,,,否,,,,,,否,490401470,488684040,5858532250.49,5838015144.28,,,,11.96,12.81,13.16,12.93,12.92,13.11,12.26,2016-11-10,-
2020-03-23,603556,XD海兴电,电网设备,11.617944639718807,11.815018014059754,11.467793497363797,11.524100175746925,11.467793497363797,3437226,39610936.75,0.7034,,,否,,,,,,否,490401470,488684040,5651435666.61,5631643831.25,,,,11.81,12.58,13.06,12.91,12.90,13.08,12.26,2016-11-10,-
2020-03-24,603556,XD海兴电,电网设备,11.711789103690686,11.843171353251318,11.383333479789105,11.730557996485063,11.383333479789105,2882255,33810459.44,0.5898,,,否,,,,,,否,490401470,488684040,5752682885.40,5732536473.18,,,,11.72,12.34,12.98,12.90,12.88,13.05,12.26,2016-11-10,-
2020-03-25,603556,XD海兴电,电网设备,11.965169156414763,11.98393804920914,11.79624912126538,11.908862478031635,11.79624912126538,2843570,33863684.08,0.5819,,,否,,,,,,否,490401470,488684040,5840123665.25,5819671027.57,,,,11.78,12.14,12.92,12.89,12.88,13.03,12.25,2016-11-10,-
2020-03-26,603556,XD海兴电,电网设备,11.852555799648508,11.852555799648508,11.664866871704746,11.824402460456943,11.664866871704746,2602622,30774449.98,0.5326,,,否,,,,,,否,490401470,488684040,5798704348.48,5778396764.96,,,,11.79,11.98,12.85,12.89,12.86,13.00,12.25,2016-11-10,-
2020-03-27,603556,XD海兴电,电网设备,11.899478031634446,12.03086028119508,11.69302021089631,11.739942442882251,11.69302021089631,2418188,28389387.94,0.4948,,,否,,,,,,否,490401470,488684040,5757285031.70,5737122502.36,,,,11.75,11.85,12.81,12.88,12.85,12.98,12.25,2016-11-10,-
2020-03-30,603556,XD海兴电,电网设备,11.608560193321617,11.608560193321617,11.083031195079087,11.21441344463972,11.083031195079087,4302289,48247647.60,0.8804,,,否,,,,,,否,490401470,488684040,5499564838.44,5480304868.36,,,,11.68,11.74,12.70,12.84,12.82,12.94,12.24,2016-11-10,-
2020-03-31,603556,XD海兴电,电网设备,11.289489015817223,11.373949033391916,11.036108963093147,11.06426230228471,11.036108963093147,2415325,26723789.35,0.4943,,,否,,,,,,否,490401470,488684040,5425930497.51,5406928401.50,,,,11.55,11.64,12.58,12.78,12.79,12.91,12.24,2016-11-10,-
2020-04-01,603556,XD海兴电,电网设备,11.06426230228471,11.223797891036908,11.026724516695959,11.083031195079087,11.026724516695959,1769754,19614238.79,0.3621,,,否,,,,,,否,490401470,488684040,5435134790.12,5416100459.86,,,,11.38,11.58,12.44,12.72,12.77,12.88,12.23,2016-11-10,-
2020-04-02,603556,XD海兴电,电网设备,11.007955623901584,11.345795694200351,10.961033391915642,11.345795694200351,10.961033391915642,2012169,22829658.38,0.4118,,,否,,,,,,否,490401470,488684040,5563994886.76,5544509276.86,,,,11.29,11.54,12.29,12.66,12.74,12.86,12.23,2016-11-10,-
2020-04-03,603556,XD海兴电,电网设备,11.317642355008788,11.45840905096661,11.101800087873462,11.195644551845342,11.101800087873462,1967610,22028662.18,0.4026,,,否,,,,,,否,490401470,488684040,5490360545.82,5471132810.00,,,,11.18,11.47,12.13,12.59,12.72,12.83,12.23,2016-11-10,-
2020-04-07,603556,XD海兴电,电网设备,11.383333479789105,11.524100175746925,11.373949033391916,11.505331282952548,11.373949033391916,2189914,25195686.05,0.4481,,,否,,,,,,否,490401470,488684040,5642231374.00,5622471772.89,,,,11.24,11.46,12.02,12.53,12.69,12.79,12.22,2016-11-10,-
2020-04-08,603556,XD海兴电,电网设备,11.45840905096661,11.533484622144112,11.383333479789105,11.45840905096661,11.383333479789105,1951290,22358679.00,0.3993,,,否,,,,,,否,490401470,488684040,5619220642.46,5599541627.00,,,,11.32,11.43,11.89,12.46,12.65,12.76,12.22,2016-11-10,-
2020-04-09,603556,XD海兴电,电网设备,11.505331282952548,11.655482425307557,11.505331282952548,11.636713532513182,11.505331282952548,1713627,19940986.50,0.3507,,,否,,,,,,否,490401470,488684040,5706661422.31,5686676181.39,,,,11.43,11.41,11.78,12.42,12.61,12.73,12.22,2016-11-10,-
2020-04-10,603556,XD海兴电,电网设备,11.636713532513182,11.68363576449912,11.317642355008788,11.327026801405976,11.317642355008788,2027138,22961446.46,0.4148,,,否,,,,,,否,490401470,488684040,5554790594.14,5535337218.50,,,,11.42,11.36,11.66,12.35,12.58,12.71,12.22,2016-11-10,-
2020-04-13,603556,XD海兴电,电网设备,11.317642355008788,11.383333479789105,11.26133567662566,11.308257908611601,11.26133567662566,1270732,14369765.19,0.2600,,,否,,,,,,否,490401470,488684040,5545586301.52,5526165160.14,,,,11.45,11.32,11.58,12.31,12.55,12.68,12.21,2016-11-10,-
2020-04-14,603556,XD海兴电,电网设备,11.289489015817223,11.45840905096661,11.289489015817223,11.45840905096661,11.289489015817223,1248729,14308447.68,0.2555,,,否,,,,,,否,490401470,488684040,5619220642.46,5599541627.00,,,,11.44,11.34,11.54,12.25,12.52,12.65,12.21,2016-11-10,-
2020-04-15,603556,XD海兴电,电网设备,11.467793497363797,11.749326889279438,11.467793497363797,11.730557996485063,11.467793497363797,3413224,40039022.09,0.6985,,,否,,,,,,否,490401470,488684040,5752682885.40,5732536473.18,,,,11.50,11.40,11.52,12.18,12.48,12.63,12.21,2016-11-10,-
2020-04-16,603556,XD海兴电,电网设备,11.730557996485063,11.730557996485063,11.495946836555362,11.608560193321617,11.495946836555362,2727540,31662812.27,0.5581,,,否,,,,,,否,490401470,488684040,5692854983.39,5672918093.86,,,,11.49,11.46,11.51,12.12,12.44,12.61,12.21,2016-11-10,-
2020-04-17,603556,XD海兴电,电网设备,11.617944639718807,11.777480228471003,11.58979130052724,11.617944639718807,11.58979130052724,1744344,20265692.02,0.3569,,,否,,,,,,否,490401470,488684040,5697457129.70,5677504123.03,,,,11.54,11.49,11.51,12.02,12.42,12.58,12.20,2016-11-10,-
2020-04-20,603556,XD海兴电,电网设备,11.627329086115994,11.730557996485063,11.55225351493849,11.711789103690686,11.55225351493849,1968078,23049714.48,0.4027,,,否,,,,,,否,490401470,488684040,5743478592.78,5723364414.82,,,,11.63,11.53,11.50,11.94,12.38,12.56,12.20,2016-11-10,-
2020-04-21,603556,XD海兴电,电网设备,11.69302021089631,11.69302021089631,11.308257908611601,11.467793497363797,11.308257908611601,2245030,25745540.44,0.4594,,,否,,,,,,否,490401470,488684040,5623822788.76,5604127656.18,,,,11.63,11.53,11.50,11.86,12.35,12.54,12.20,2016-11-10,-
2020-04-22,603556,XD海兴电,电网设备,11.336411247803165,11.655482425307557,11.336411247803165,11.64609797891037,11.336411247803165,1991863,23197431.66,0.4076,,,否,,,,,,否,490401470,488684040,5711263568.62,5691262210.57,,,,11.61,11.55,11.50,11.78,12.31,12.51,12.20,2016-11-10,-
2020-04-23,603556,XD海兴电,电网设备,11.7024046572935,11.730557996485063,11.467793497363797,11.467793497363797,11.467793497363797,1808240,20736522.91,0.3700,,,否,,,,,,否,490401470,488684040,5623822788.76,5604127656.18,,,,11.58,11.53,11.47,11.69,12.28,12.49,12.19,2016-11-10,-
2020-04-24,603556,XD海兴电,电网设备,11.505331282952548,11.55225351493849,11.21441344463972,11.298873462214411,11.21441344463972,2179848,24629826.72,0.4461,,,否,,,,,,否,490401470,488684040,5540984155.21,5521579130.96,,,,11.51,11.53,11.45,11.63,12.25,12.47,12.19,2016-11-10,-
2020-04-27,603556,XD海兴电,电网设备,11.317642355008788,11.467793497363797,11.195644551845342,11.373949033391916,11.195644551845342,2201815,25043331.59,0.4506,,,否,,,,,,否,490401470,488684040,5577801325.68,5558267364.39,,,,11.45,11.54,11.43,11.57,12.23,12.46,12.19,2016-11-10,-
2020-04-28,603556,XD海兴电,电网设备,11.467793497363797,12.096551405975397,11.167491212653779,12.049629173989455,11.167491212653779,7240275,87242628.87,1.4816,,,否,,,,,,否,490401470,488684040,5909155859.88,5888461465.25,,,,11.57,11.60,11.47,11.56,12.24,12.45,12.19,2016-11-10,-
2020-04-29,603556,XD海兴电,电网设备,11.974553602811952,11.974553602811952,11.617944639718807,11.721173550087874,11.617944639718807,4753998,55722435.61,0.9728,,,否,,,,,,否,490401470,488684040,5748080739.09,5727950444.00,,,,11.58,11.60,11.51,11.54,12.25,12.44,12.19,2016-11-10,-
2020-04-30,603556,XD海兴电,电网设备,11.711789103690686,11.927631370826012,11.69302021089631,11.824402460456943,11.69302021089631,3441935,40698824.68,0.7043,,,否,,,,,,否,490401470,488684040,5798704348.48,5778396764.96,,,,11.66,11.62,11.53,11.55,12.25,12.43,12.19,2016-11-10,-
2020-05-06,603556,XD海兴电,电网设备,11.918246924428823,11.918246924428823,11.599175746924429,11.711789103690686,11.599175746924429,3971381,46511976.72,0.8127,,,否,,,,,,否,490401470,488684040,5743478592.78,5723364414.82,,,,11.74,11.63,11.55,11.55,12.25,12.43,12.19,2016-11-10,-
2020-05-07,603556,XD海兴电,电网设备,11.721173550087874,11.843171353251318,11.636713532513182,11.721173550087874,11.636713532513182,2687690,31502880.94,0.5500,,,否,,,,,,否,490401470,488684040,5748080739.09,5727950444.00,,,,11.81,11.63,11.58,11.54,12.24,12.43,12.19,2016-11-10,-
2020-05-08,603556,XD海兴电,电网设备,11.815018014059754,11.899478031634446,11.749326889279438,11.852555799648508,11.749326889279438,2298737,27245908.56,0.4704,,,否,,,,,,否,490401470,488684040,5812510787.40,5792154852.50,,,,11.77,11.66,11.60,11.55,12.24,12.42,12.19,2016-11-10,-
2020-05-11,603556,XD海兴电,电网设备,11.871324692442883,11.908862478031635,11.711789103690686,11.805633567662566,11.711789103690686,1976676,23335912.54,0.4045,,,否,,,,,,否,490401470,488684040,5789500055.86,5769224706.60,,,,11.79,11.68,11.62,11.55,12.23,12.41,12.20,2016-11-10,-
2020-05-12,603556,XD海兴电,电网设备,11.777480228471003,11.852555799648508,11.636713532513182,11.711789103690686,11.636713532513182,1497931,17543451.96,0.3065,,,否,,,,,,否,490401470,488684040,5743478592.78,5723364414.82,,,,11.76,11.71,11.62,11.55,12.22,12.41,12.20,2016-11-10,-
2020-05-13,603556,XD海兴电,电网设备,11.711789103690686,11.899478031634446,11.636713532513182,11.758711335676626,11.636713532513182,1462859,17201336.71,0.2993,,,否,,,,,,否,490401470,488684040,5766489324.32,5746294560.71,,,,11.77,11.75,11.65,11.54,12.22,12.40,12.20,2016-11-10,-
2020-05-14,603556,XD海兴电,电网设备,11.655482425307557,11.711789103690686,11.542869068541302,11.580406854130054,11.542869068541302,2003846,23205351.95,0.4100,,,否,,,,,,否,490401470,488684040,5679048544.46,5659160006.32,,,,11.74,11.78,11.66,11.54,12.21,12.39,12.21,2016-11-10,-
2020-05-15,603556,XD海兴电,电网设备,11.627329086115994,11.815018014059754,11.599175746924429,11.721173550087874,11.599175746924429,2078966,24367921.29,0.4254,,,否,,,,,,否,490401470,488684040,5748080739.09,5727950444.00,,,,11.71,11.74,11.66,11.56,12.20,12.39,12.21,2016-11-10,-
2020-05-18,603556,XD海兴电,电网设备,11.655482425307557,11.758711335676626,11.477177943760985,11.524100175746925,11.477177943760985,2197690,25326399.72,0.4497,,,否,,,,,,否,490401470,488684040,5651435666.61,5631643831.25,,,,11.66,11.72,11.66,11.57,12.18,12.38,12.22,2016-11-10,-
2020-05-19,603556,XD海兴电,电网设备,11.561637961335677,11.655482425307557,11.542869068541302,11.58979130052724,11.542869068541302,1653796,19167150.49,0.3384,,,否,,,,,,否,490401470,488684040,5683650690.77,5663746035.50,,,,11.64,11.70,11.66,11.59,12.15,12.37,12.22,2016-11-10,-
2020-05-20,603556,XD海兴电,电网设备,11.608560193321617,11.636713532513182,11.542869068541302,11.571022407732865,11.542869068541302,1347190,15588365.68,0.2757,,,否,,,,,,否,490401470,488684040,5674446398.16,5654573977.14,,,,11.60,11.68,11.66,11.60,12.12,12.36,12.22,2016-11-10,-
2020-05-21,603556,XD海兴电,电网设备,11.561637961335677,11.664866871704746,11.524100175746925,11.533484622144112,11.524100175746925,1487606,17157280.92,0.3044,,,否,,,,,,否,490401470,488684040,5656037812.92,5636229860.43,,,,11.59,11.66,11.65,11.61,12.10,12.36,12.23,2016-11-10,-
2020-05-22,603556,XD海兴电,电网设备,11.467793497363797,11.608560193321617,11.158106766256592,11.176875659050967,11.158106766256592,3039640,33973678.33,0.6220,,,否,,,,,,否,490401470,488684040,5481156253.21,5461960751.64,,,,11.48,11.60,11.64,11.60,12.06,12.34,12.23,2016-11-10,-
2020-05-25,603556,XD海兴电,电网设备,11.139337873462214,11.176875659050967,10.942264499121267,10.951648945518453,10.942264499121267,2525907,27662846.73,0.5169,,,否,,,,,,否,490401470,488684040,5370704741.81,5351896051.36,,,,11.36,11.51,11.60,11.58,12.02,12.33,12.23,2016-11-10,-
2020-05-26,603556,XD海兴电,电网设备,11.045493409490334,11.20502899824253,10.998571177504395,11.176875659050967,10.998571177504395,2258623,25244348.43,0.4622,,,否,,,,,,否,490401470,488684040,5481156253.21,5461960751.64,,,,11.28,11.46,11.58,11.57,11.99,12.32,12.23,2016-11-10,-
2020-05-27,603556,XD海兴电,电网设备,11.148722319859404,11.467793497363797,11.11118453427065,11.336411247803165,11.11118453427065,3332703,37780891.77,0.6820,,,否,,,,,,否,490401470,488684040,5559392740.45,5539923247.68,,,,11.23,11.42,11.58,11.57,11.96,12.31,12.24,2016-11-10,-
2020-05-28,603556,XD海兴电,电网设备,11.336411247803165,11.439640158172232,11.233182337434096,11.411486818980668,11.233182337434096,1817414,20739395.91,0.3719,,,否,,,,,,否,490401470,488684040,5596209910.91,5576611481.11,,,,11.21,11.40,11.59,11.57,11.94,12.30,12.24,2016-11-10,-
2020-05-29,603556,XD海兴电,电网设备,11.411486818980668,11.524100175746925,11.242566783831284,11.467793497363797,11.242566783831284,1225445,14053150.20,0.2508,,,否,,,,,,否,490401470,488684040,5623822788.76,5604127656.18,,,,11.27,11.37,11.56,11.57,11.91,12.30,12.24,2016-11-10,-
2020-06-01,603556,XD海兴电,电网设备,11.627329086115994,11.83378690685413,11.608560193321617,11.777480228471003,11.608560193321617,2815010,33153724.62,0.5760,,,否,,,,,,否,490401470,488684040,5775693616.94,5755466619.07,,,,11.43,11.40,11.56,11.57,11.88,12.30,12.25,2016-11-10,-
2020-06-02,603556,XD海兴电,电网设备,11.805633567662566,11.9370158172232,11.758711335676626,11.908862478031635,11.758711335676626,1998100,23795098.12,0.4089,,,否,,,,,,否,490401470,488684040,5840123665.25,5819671027.57,,,,11.58,11.43,11.56,11.58,11.85,12.30,12.25,2016-11-10,-
2020-06-03,603556,XD海兴电,电网设备,11.974553602811952,12.03086028119508,11.852555799648508,11.993322495606327,11.852555799648508,2611479,31320309.84,0.5344,,,否,,,,,,否,490401470,488684040,5881542982.03,5860945290.18,,,,11.71,11.48,11.58,11.60,11.81,12.30,12.26,2016-11-10,-
2020-06-04,603556,XD海兴电,电网设备,11.98393804920914,12.049629173989455,11.805633567662566,11.899478031634446,11.805633567662566,2410790,28687142.64,0.4933,,,否,,,,,,否,490401470,488684040,5835521518.95,5815084998.39,,,,11.81,11.51,11.59,11.60,11.77,12.30,12.26,2016-11-10,-
2020-06-05,603556,XD海兴电,电网设备,12.012091388400705,12.012091388400705,11.617944639718807,11.739942442882251,11.617944639718807,1947651,22865310.64,0.3986,,,否,,,,,,否,490401470,488684040,5757285031.70,5737122502.36,,,,11.86,11.57,11.58,11.61,11.73,12.30,12.27,2016-11-10,-
2020-06-08,603556,XD海兴电,电网设备,11.711789103690686,12.246702548330406,11.674251318101934,11.730557996485063,11.674251318101934,2784960,32669134.80,0.5699,,,否,,,,,,否,490401470,488684040,5752682885.40,5732536473.18,,,,11.85,11.65,11.58,11.61,11.69,12.29,12.27,2016-11-10,-
2020-06-09,603556,XD海兴电,电网设备,11.627329086115994,12.087166959578209,11.627329086115994,11.824402460456943,11.627329086115994,2852260,33726270.16,0.5837,,,否,,,,,,否,490401470,488684040,5798704348.48,5778396764.96,,,,11.83,11.71,11.58,11.63,11.66,12.29,12.27,2016-11-10,-
2020-06-10,603556,XD海兴电,电网设备,11.83378690685413,11.974553602811952,11.749326889279438,11.83378690685413,11.749326889279438,1780857,21074282.25,0.3644,,,否,,,,,,否,490401470,488684040,5803306494.79,5782982794.14,,,,11.81,11.76,11.59,11.65,11.64,12.29,12.27,2016-11-10,-
2020-06-11,603556,XD海兴电,电网设备,11.83378690685413,11.899478031634446,11.617944639718807,11.674251318101934,11.617944639718807,2150430,25104660.26,0.4400,,,否,,,,,,否,490401470,488684040,5725070007.55,5705020298.11,,,,11.76,11.79,11.59,11.66,11.61,12.28,12.27,2016-11-10,-
2020-06-12,603556,XD海兴电,电网设备,11.580406854130054,11.64609797891037,11.467793497363797,11.58979130052724,11.467793497363797,1957010,22681337.47,0.4005,,,否,,,,,,否,490401470,488684040,5683650690.77,5663746035.50,,,,11.73,11.80,11.59,11.64,11.60,12.28,12.28,2016-11-10,-
2020-06-15,603556,XD海兴电,电网设备,11.55225351493849,11.79624912126538,11.514715729349737,11.580406854130054,11.514715729349737,1489070,17244036.43,0.3047,,,否,,,,,,否,490401470,488684040,5679048544.46,5659160006.32,,,,11.70,11.78,11.59,11.64,11.59,12.27,12.28,2016-11-10,-
2020-06-16,603556,XD海兴电,电网设备,11.664866871704746,12.021475834797892,11.655482425307557,12.002706942003515,11.655482425307557,2666639,32006886.44,0.5457,,,否,,,,,,否,490401470,488684040,5886145128.34,5865531319.35,,,,11.74,11.79,11.61,11.64,11.60,12.27,12.29,2016-11-10,-
2020-06-17,603556,XD海兴电,电网设备,12.021475834797892,12.068398066783832,11.861940246045696,12.03086028119508,11.861940246045696,1504655,18102294.08,0.3079,,,否,,,,,,否,490401470,488684040,5899951567.26,5879289406.89,,,,11.78,11.79,11.64,11.65,11.60,12.27,12.29,2016-11-10,-
2020-06-18,603556,XD海兴电,电网设备,12.021475834797892,12.134089191564149,12.002706942003515,12.068398066783832,12.002706942003515,1250570,15092376.57,0.2559,,,否,,,,,,否,490401470,488684040,5918360152.50,5897633523.60,,,,11.85,11.81,11.66,11.66,11.60,12.27,12.30,2016-11-10,-
2020-06-19,603556,XD海兴电,电网设备,12.152858084358524,12.162242530755714,11.9370158172232,12.134089191564149,11.9370158172232,1758738,21340683.76,0.3599,,,否,,,,,,否,490401470,488684040,5950575176.65,5929735727.85,,,,11.97,11.84,11.70,11.67,11.61,12.26,12.30,2016-11-10,-
2020-06-22,603556,XD海兴电,电网设备,12.143473637961335,12.21854920913884,11.98393804920914,12.002706942003515,11.98393804920914,1484825,17821919.34,0.3038,,,否,,,,,,否,490401470,488684040,5886145128.34,5865531319.35,,,,12.05,11.87,11.76,11.67,11.62,12.26,12.31,2016-11-10,-
2020-06-23,603556,XD海兴电,电网设备,11.98393804920914,12.12470474516696,11.946400263620388,12.059013620386644,11.946400263620388,1259696,15190691.22,0.2578,,,否,,,,,,否,490401470,488684040,5913758006.19,5893047494.43,,,,12.06,11.90,11.81,11.69,11.62,12.25,12.31,2016-11-10,-
2020-06-24,603556,XD海兴电,电网设备,12.049629173989455,12.134089191564149,11.927631370826012,11.955784710017575,11.927631370826012,1221599,14605174.65,0.2500,,,否,,,,,,否,490401470,488684040,5863134396.80,5842601173.46,,,,12.04,11.91,11.83,11.69,11.62,12.24,12.32,2016-11-10,-
2020-06-29,603556,XD海兴电,电网设备,11.9370158172232,11.9370158172232,11.68363576449912,11.730557996485063,11.68363576449912,1376648,16148849.20,0.2817,,,否,,,,,,否,490401470,488684040,5752682885.40,5732536473.18,,,,11.97,11.92,11.85,11.70,11.62,12.23,12.33,2016-11-10,-
2020-06-30,603556,XD海兴电,电网设备,11.730557996485063,11.918246924428823,11.730557996485063,11.805633567662566,11.730557996485063,1168335,13792934.89,0.2391,,,否,,,,,,否,490401470,488684040,5789500055.86,5769224706.60,,,,11.91,11.94,11.87,11.70,11.63,12.23,12.33,2016-11-10,-
2020-07-01,603556,XD海兴电,电网设备,11.824402460456943,11.918246924428823,11.64609797891037,11.918246924428823,11.64609797891037,1824390,21743530.51,0.3733,,,否,,,,,,否,490401470,488684040,5844725811.56,5824257056.75,,,,11.89,11.97,11.87,11.71,11.65,12.22,12.34,2016-11-10,-
2020-07-02,603556,XD海兴电,电网设备,11.946400263620388,12.199780316344464,11.83378690685413,12.162242530755714,11.83378690685413,2274399,27661792.25,0.4654,,,否,,,,,,否,490401470,488684040,5964381615.58,5943493815.39,,,,11.92,11.98,11.89,11.73,11.66,12.22,12.34,2016-11-10,-
2020-07-03,603556,XD海兴电,电网设备,12.21854920913884,12.359315905096661,12.105935852372586,12.340547012302286,12.105935852372586,2458330,30337136.94,0.5031,,,否,,,,,,否,490401470,488684040,6051822395.44,6030628369.78,,,,11.99,12.02,11.91,11.76,11.68,12.21,12.35,2016-11-10,-
2020-07-06,603556,XD海兴电,电网设备,12.471929261862918,12.903613796133568,12.471929261862918,12.762847100175748,12.471929261862918,5031201,64212449.09,1.0295,,,否,,,,,,否,490401470,488684040,6258918979.31,6236999682.82,,,,12.20,12.09,11.95,11.81,11.70,12.21,12.36,2016-11-10,-
2020-07-07,603556,XD海兴电,电网设备,12.912998242530756,12.988073813708262,12.640849297012304,12.75346265377856,12.640849297012304,3716756,47401508.84,0.7606,,,否,,,,,,否,490401470,488684040,6254316833.00,6232413653.64,,,,12.39,12.15,12.00,11.85,11.73,12.21,12.37,2016-11-10,-
2020-07-08,603556,XD海兴电,电网设备,12.75346265377856,12.894229349736381,12.537620386643233,12.800384885764501,12.537620386643233,3622481,46369151.04,0.7413,,,否,,,,,,否,490401470,488684040,6277327564.54,6255343799.53,,,,12.57,12.23,12.05,11.92,11.75,12.20,12.37,2016-11-10,-
2020-07-09,603556,XD海兴电,电网设备,12.837922671353251,13.04438049209139,12.791000439367313,12.94115158172232,12.791000439367313,3781120,48932047.07,0.7737,,,否,,,,,,否,490401470,488684040,6346359759.17,6324134237.21,,,,12.72,12.32,12.11,11.97,11.77,12.19,12.38,2016-11-10,-
2020-07-10,603556,XD海兴电,电网设备,12.884844903339193,13.363451669595783,12.791000439367313,12.84730711775044,12.791000439367313,4536772,58285303.21,0.9284,,,否,,,,,,否,490401470,488684040,6300338296.09,6278273945.42,,,,12.82,12.41,12.16,12.02,11.80,12.19,12.39,2016-11-10,-
2020-07-13,603556,XD海兴电,电网设备,12.828538224956064,13.119456063268894,12.791000439367313,13.072533831282954,12.791000439367313,4534927,59282986.63,0.9280,,,否,,,,,,否,490401470,488684040,6410789807.49,6388338645.71,,,,12.88,12.54,12.23,12.08,11.82,12.19,12.40,2016-11-10,-
2020-07-14,603556,XD海兴电,电网设备,13.08191827768014,13.23206942003515,12.687771528998242,12.819153778558876,12.687771528998242,5697354,73035257.06,1.1659,,,否,,,,,,否,490401470,488684040,6286531857.16,6264515857.89,,,,12.89,12.64,12.29,12.12,11.85,12.18,12.40,2016-11-10,-
2020-07-15,603556,XD海兴电,电网设备,12.875460456942005,12.988073813708262,12.36870035149385,12.481313708260107,12.36870035149385,5882758,73424548.07,1.2038,,,否,,,,,,否,490401470,488684040,6120854590.06,6099418807.46,,,,12.83,12.70,12.33,12.15,11.86,12.17,12.41,2016-11-10,-
2020-07-16,603556,XD海兴电,电网设备,12.50946704745167,12.631464850615115,11.871324692442883,11.899478031634446,11.871324692442883,7544728,89778325.09,1.5439,,,否,,,,,,否,490401470,488684040,5835521518.95,5815084998.39,,,,12.62,12.67,12.33,12.15,11.86,12.15,12.41,2016-11-10,-
2020-07-17,603556,XD海兴电,电网设备,12.012091388400705,12.059013620386644,11.721173550087874,11.815018014059754,11.721173550087874,3716961,43915961.17,0.7606,,,否,,,,,,否,490401470,488684040,5794102202.17,5773810735.78,,,,12.42,12.62,12.32,12.14,11.87,12.14,12.42,2016-11-10,-
2020-07-20,603556,XD海兴电,电网设备,11.861940246045696,12.32177811950791,11.861940246045696,12.284240333919158,11.861940246045696,3477774,42721811.64,0.7117,,,否,,,,,,否,490401470,488684040,6024209517.59,6003112194.71,,,,12.26,12.58,12.33,12.15,11.88,12.13,12.42,2016-11-10,-
2020-07-21,603556,XD海兴电,电网设备,12.265471441124781,12.453160369068542,12.181011423550089,12.32177811950791,12.181011423550089,3030643,37342910.61,0.6202,,,否,,,,,,否,490401470,488684040,6042618102.82,6021456311.42,,,,12.16,12.53,12.34,12.17,11.89,12.12,12.43,2016-11-10,-
2020-07-22,603556,XD海兴电,电网设备,12.32177811950791,12.50946704745167,12.199780316344464,12.265471441124781,12.199780316344464,3435242,42134862.64,0.7030,,,否,,,,,,否,490401470,488684040,6015005224.97,5993940136.35,,,,12.12,12.47,12.35,12.19,11.90,12.11,12.43,2016-11-10,-
2020-07-23,603556,XD海兴电,电网设备,12.256086994727594,12.406238137082603,11.9370158172232,12.387469244288225,11.9370158172232,4007654,49644690.67,0.8201,,,否,,,,,,否,490401470,488684040,6074833126.98,6053558515.67,,,,12.22,12.42,12.37,12.21,11.92,12.11,12.43,2016-11-10,-
2020-07-24,603556,XD海兴电,电网设备,12.331162565905098,12.396853690685415,11.880709138840071,11.918246924428823,11.880709138840071,3504151,41763336.88,0.7171,,,否,,,,,,否,490401470,488684040,5844725811.56,5824257056.75,,,,12.24,12.33,12.37,12.22,11.93,12.09,12.44,2016-11-10,-
2020-07-27,603556,XD海兴电,电网设备,12.040244727592269,12.059013620386644,11.758711335676626,11.786864674868191,11.758711335676626,2144204,25273442.38,0.4388,,,否,,,,,,否,490401470,488684040,5780295763.25,5760052648.25,,,,12.13,12.20,12.37,12.22,11.94,12.08,12.44,2016-11-10,-
2020-07-28,603556,XD海兴电,电网设备,11.843171353251318,11.98393804920914,11.777480228471003,11.843171353251318,11.777480228471003,2310039,27358187.71,0.4727,,,否,,,,,,否,490401470,488684040,5807908641.10,5787568823.32,,,,12.04,12.10,12.37,12.23,11.93,12.09,12.44,2016-11-10,-
2020-07-29,603556,XD海兴电,电网设备,11.843171353251318,12.040244727592269,11.758711335676626,12.021475834797892,11.758711335676626,2090486,25130726.93,0.4278,,,否,,,,,,否,490401470,488684040,5895349420.95,5874703377.71,,,,11.99,12.06,12.38,12.24,11.94,12.09,12.45,2016-11-10,-
2020-07-30,603556,XD海兴电,电网设备,12.021475834797892,12.1716269771529,11.965169156414763,12.03086028119508,11.965169156414763,2472469,29745929.09,0.5059,,,否,,,,,,否,490401470,488684040,5899951567.26,5879289406.89,,,,11.92,12.07,12.37,12.25,11.94,12.10,12.45,2016-11-10,-
2020-07-31,603556,XD海兴电,电网设备,12.068398066783832,12.387469244288225,12.021475834797892,12.284240333919158,12.021475834797892,3706725,45534300.75,0.7585,,,否,,,,,,否,490401470,488684040,6024209517.59,6003112194.71,,,,11.99,12.12,12.37,12.25,11.95,12.10,12.46,2016-11-10,-
2020-08-03,603556,XD海兴电,电网设备,12.387469244288225,12.547004833040422,12.331162565905098,12.528235940246047,12.331162565905098,3896866,48820856.68,0.7974,,,否,,,,,,否,490401470,488684040,6143865321.60,6122348953.35,,,,12.14,12.14,12.36,12.27,11.97,12.11,12.47,2016-11-10,-
2020-08-04,603556,XD海兴电,电网设备,12.528235940246047,12.537620386643233,12.27485588752197,12.284240333919158,12.27485588752197,3433211,42174389.04,0.7025,,,否,,,,,,否,490401470,488684040,6024209517.59,6003112194.71,,,,12.23,12.13,12.33,12.27,11.97,12.11,12.47,2016-11-10,-
2020-08-05,603556,XD海兴电,电网设备,12.303009226713533,12.41562258347979,12.152858084358524,12.284240333919158,12.152858084358524,2805450,34462822.04,0.5741,,,否,,,,,,否,490401470,488684040,6024209517.59,6003112194.71,,,,12.28,12.13,12.30,12.28,11.97,12.11,12.48,2016-11-10,-
2020-08-06,603556,XD海兴电,电网设备,12.284240333919158,12.406238137082603,12.162242530755714,12.32177811950791,12.162242530755714,2787763,34350197.14,0.5705,,,否,,,,,,否,490401470,488684040,6042618102.82,6021456311.42,,,,12.34,12.13,12.27,12.29,11.99,12.11,12.48,2016-11-10,-
2020-08-07,603556,XD海兴电,电网设备,12.265471441124781,12.312393673110721,12.03086028119508,12.152858084358524,12.03086028119508,2456330,29851429.90,0.5026,,,否,,,,,,否,490401470,488684040,5959779469.27,5938907786.21,,,,12.31,12.15,12.24,12.29,11.99,12.11,12.49,2016-11-10,-
2020-08-10,603556,XD海兴电,电网设备,12.096551405975397,12.349931458699475,12.068398066783832,12.293624780316344,12.068398066783832,2617277,32175821.38,0.5356,,,否,,,,,,否,490401470,488684040,6028811663.90,6007698223.89,,,,12.27,12.21,12.20,12.31,12.00,12.11,12.49,2016-11-10,-
2020-08-11,603556,XD海兴电,电网设备,12.349931458699475,12.378084797891038,12.096551405975397,12.115320298769772,12.096551405975397,2446058,29634776.14,0.5005,,,否,,,,,,否,490401470,488684040,5941370884.04,5920563669.50,,,,12.24,12.23,12.16,12.32,12.01,12.11,12.49,2016-11-10,-
2020-08-12,603556,XD海兴电,电网设备,12.096551405975397,12.143473637961335,11.786864674868191,11.927631370826012,11.786864674868191,3702690,44164321.40,0.7577,,,否,,,,,,否,490401470,488684040,5849327957.87,5828843085.93,,,,12.16,12.22,12.13,12.32,12.02,12.10,12.50,2016-11-10,-
2020-08-13,603556,XD海兴电,电网设备,11.9370158172232,12.040244727592269,11.89009358523726,11.918246924428823,11.89009358523726,2047073,24397521.49,0.4189,,,否,,,,,,否,490401470,488684040,5844725811.56,5824257056.75,,,,12.08,12.21,12.14,12.31,12.02,12.09,12.50,2016-11-10,-
2020-08-14,603556,XD海兴电,电网设备,11.899478031634446,12.115320298769772,11.871324692442883,12.115320298769772,11.871324692442883,2145591,25994522.20,0.4391,,,否,,,,,,否,490401470,488684040,5941370884.04,5920563669.50,,,,12.08,12.19,12.15,12.31,12.03,12.08,12.50,2016-11-10,-
2020-08-17,603556,XD海兴电,电网设备,12.12470474516696,12.396853690685415,12.03086028119508,12.349931458699475,12.03086028119508,3382524,41773939.56,0.6922,,,否,,,,,,否,490401470,488684040,6056424541.75,6035214398.96,,,,12.09,12.18,12.16,12.29,12.05,12.08,12.51,2016-11-10,-
2020-08-18,603556,XD海兴电,电网设备,12.32177811950791,12.36870035149385,12.21854920913884,12.340547012302286,12.21854920913884,2522551,31129659.21,0.5162,,,否,,,,,,否,490401470,488684040,6051822395.44,6030628369.78,,,,12.13,12.18,12.16,12.28,12.07,12.07,12.52,2016-11-10,-
2020-08-19,603556,XD海兴电,电网设备,12.312393673110721,12.453160369068542,12.152858084358524,12.181011423550089,12.152858084358524,3509098,42744362.82,0.7181,,,否,,,,,,否,490401470,488684040,5973585908.20,5952665873.75,,,,12.18,12.17,12.15,12.27,12.09,12.06,12.52,2016-11-10,-
2020-08-20,603556,XD海兴电,电网设备,12.087166959578209,12.27485588752197,12.03086028119508,12.12470474516696,12.03086028119508,2264698,27458794.59,0.4634,,,否,,,,,,否,490401470,488684040,5945973030.35,5925149698.68,,,,12.22,12.15,12.14,12.24,12.11,12.05,12.52,2016-11-10,-
2020-08-21,603556,XD海兴电,电网设备,12.134089191564149,12.265471441124781,11.955784710017575,12.03086028119508,11.955784710017575,3016658,36292990.91,0.6173,,,否,,,,,,否,490401470,488684040,5899951567.26,5879289406.89,,,,12.21,12.14,12.14,12.21,12.12,12.04,12.53,2016-11-10,-
2020-08-24,603556,XD海兴电,电网设备,12.03086028119508,12.096551405975397,11.899478031634446,12.059013620386644,11.899478031634446,1800061,21706960.12,0.3683,,,否,,,,,,否,490401470,488684040,5913758006.19,5893047494.43,,,,12.14,12.12,12.16,12.17,12.12,12.03,12.53,2016-11-10,-
2020-08-25,603556,XD海兴电,电网设备,12.096551405975397,12.406238137082603,12.03086028119508,12.256086994727594,12.03086028119508,4556992,55850890.39,0.9325,,,否,,,,,,否,490401470,488684040,6010403078.66,5989354107.17,,,,12.13,12.13,12.18,12.15,12.14,12.02,12.54,2016-11-10,-
2020-08-26,603556,XD海兴电,电网设备,12.331162565905098,12.331162565905098,11.946400263620388,12.03086028119508,11.946400263620388,2940236,35373568.51,0.6017,,,否,,,,,,否,490401470,488684040,5899951567.26,5879289406.89,,,,12.10,12.14,12.18,12.14,12.14,12.01,12.54,2016-11-10,-
2020-08-27,603556,XD海兴电,电网设备,12.096551405975397,12.312393673110721,11.899478031634446,12.237318101933216,11.899478031634446,2853756,34922319.96,0.5840,,,否,,,,,,否,490401470,488684040,6001198786.05,5980182048.82,,,,12.12,12.17,12.19,12.15,12.15,12.00,12.55,2016-11-10,-
2020-08-28,603556,XD海兴电,电网设备,12.237318101933216,12.41562258347979,12.105935852372586,12.406238137082603,12.105935852372586,4244173,52654220.93,0.8685,,,否,,,,,,否,490401470,488684040,6084037419.60,6062730574.03,,,,12.20,12.20,12.20,12.17,12.15,11.98,12.56,2016-11-10,-
2020-08-31,603556,XD海兴电,电网设备,12.443775922671353,12.734693760984184,12.443775922671353,12.471929261862918,12.443775922671353,5840968,72848139.72,1.1952,,,否,,,,,,否,490401470,488684040,6116252443.75,6094832778.28,,,,12.28,12.22,12.20,12.18,12.16,11.97,12.57,2016-11-10,-
2020-09-01,603556,XD海兴电,电网设备,12.425007029876978,12.547004833040422,12.32177811950791,12.406238137082603,12.32177811950791,3094886,38395892.72,0.6333,,,否,,,,,,否,490401470,488684040,6084037419.60,6062730574.03,,,,12.31,12.22,12.20,12.18,12.18,11.96,12.57,2016-11-10,-
2020-09-02,603556,XD海兴电,电网设备,12.500082601054483,12.50946704745167,12.256086994727594,12.284240333919158,12.256086994727594,4109325,50479935.91,0.8409,,,否,,,,,,否,490401470,488684040,6024209517.59,6003112194.71,,,,12.36,12.23,12.20,12.18,12.19,11.94,12.58,2016-11-10,-
2020-09-03,603556,XD海兴电,电网设备,12.340547012302286,12.359315905096661,12.162242530755714,12.246702548330406,12.162242530755714,3044208,37281509.87,0.6229,,,否,,,,,,否,490401470,488684040,6005800932.35,5984768078.00,,,,12.36,12.25,12.20,12.17,12.19,11.93,12.58,2016-11-10,-
2020-09-04,603556,XD海兴电,电网设备,12.077782513181019,12.284240333919158,12.03086028119508,12.284240333919158,12.03086028119508,3187892,39160831.49,0.6523,,,否,,,,,,否,490401470,488684040,6024209517.59,6003112194.71,,,,12.34,12.27,12.20,12.19,12.20,11.92,12.58,2016-11-10,-
2020-09-07,603556,XD海兴电,电网设备,12.303009226713533,12.453160369068542,12.03086028119508,12.068398066783832,12.03086028119508,3845463,46408578.24,0.7869,,,否,,,,,,否,490401470,488684040,5918360152.50,5897633523.60,,,,12.26,12.27,12.19,12.20,12.21,11.91,12.59,2016-11-10,-
2020-09-08,603556,XD海兴电,电网设备,12.096551405975397,12.303009226713533,11.955784710017575,12.256086994727594,11.955784710017575,4136695,50699693.79,0.8465,,,否,,,,,,否,490401470,488684040,6010403078.66,5989354107.17,,,,12.23,12.27,12.20,12.21,12.22,11.91,12.58,2016-11-10,-
2020-09-09,603556,XD海兴电,电网设备,12.190395869947277,12.41562258347979,12.105935852372586,12.143473637961335,12.105935852372586,4309078,52327175.10,0.8818,,,否,,,,,,否,490401470,488684040,5955177322.96,5934321757.03,,,,12.20,12.28,12.21,12.22,12.23,11.91,12.58,2016-11-10,-
2020-09-10,603556,XD海兴电,电网设备,12.190395869947277,12.22793365553603,11.824402460456943,11.871324692442883,11.824402460456943,4118951,48897404.71,0.8429,,,否,,,,,,否,490401470,488684040,5821715080.02,5801326910.85,,,,12.12,12.25,12.21,12.21,12.23,11.91,12.58,2016-11-10,-
2020-09-11,603556,XD海兴电,电网设备,11.852555799648508,12.002706942003515,11.824402460456943,11.974553602811952,11.824402460456943,1851940,22176154.80,0.3790,,,否,,,,,,否,490401470,488684040,5872338689.41,5851773231.82,,,,12.06,12.20,12.20,12.20,12.23,11.91,12.58,2016-11-10,-
2020-09-14,603556,XD海兴电,电网设备,11.974553602811952,12.03086028119508,11.861940246045696,11.955784710017575,11.861940246045696,2145239,25648015.64,0.4390,,,否,,,,,,否,490401470,488684040,5863134396.80,5842601173.46,,,,12.04,12.15,12.18,12.18,12.22,11.91,12.58,2016-11-10,-
2020-09-15,603556,XD海兴电,电网设备,12.002706942003515,12.021475834797892,11.908862478031635,12.002706942003515,11.908862478031635,1159531,13917510.78,0.2373,,,否,,,,,,否,490401470,488684040,5886145128.34,5865531319.35,,,,11.99,12.11,12.16,12.17,12.22,11.92,12.58,2016-11-10,-
2020-09-16,603556,XD海兴电,电网设备,12.002706942003515,12.03086028119508,11.918246924428823,11.98393804920914,11.918246924428823,1118407,13402920.20,0.2289,,,否,,,,,,否,490401470,488684040,5876940835.72,5856359261.00,,,,11.96,12.08,12.15,12.16,12.22,11.92,12.57,2016-11-10,-
2020-09-17,603556,XD海兴电,电网设备,11.946400263620388,12.021475834797892,11.843171353251318,11.974553602811952,11.843171353251318,1521275,18216589.03,0.3113,,,否,,,,,,否,490401470,488684040,5872338689.41,5851773231.82,,,,11.97,12.05,12.14,12.15,12.22,11.92,12.56,2016-11-10,-
2020-09-18,603556,XD海兴电,电网设备,11.965169156414763,12.152858084358524,11.908862478031635,12.134089191564149,11.908862478031635,2262063,27448074.20,0.4629,,,否,,,,,,否,490401470,488684040,5950575176.65,5929735727.85,,,,12.01,12.04,12.15,12.15,12.22,11.92,12.55,2016-11-10,-
2020-09-21,603556,XD海兴电,电网设备,12.162242530755714,12.378084797891038,12.096551405975397,12.27485588752197,12.096551405975397,2973891,36504083.45,0.6086,,,否,,,,,,否,490401470,488684040,6019607371.28,5998526165.53,,,,12.08,12.06,12.16,12.14,12.23,11.93,12.54,2016-11-10,-
2020-09-22,603556,XD海兴电,电网设备,12.209164762741652,12.237318101933216,11.974553602811952,12.021475834797892,11.974553602811952,2190100,26328234.23,0.4482,,,否,,,,,,否,490401470,488684040,5895349420.95,5874703377.71,,,,12.08,12.03,12.15,12.14,12.24,11.94,12.53,2016-11-10,-
2020-09-23,603556,XD海兴电,电网设备,12.012091388400705,12.087166959578209,11.955784710017575,12.021475834797892,11.955784710017575,1268980,15255012.40,0.2597,,,否,,,,,,否,490401470,488684040,5895349420.95,5874703377.71,,,,12.09,12.02,12.15,12.14,12.24,11.94,12.52,2016-11-10,-
2020-09-24,603556,XD海兴电,电网设备,11.98393804920914,12.021475834797892,11.843171353251318,11.899478031634446,11.843171353251318,1946955,23167748.25,0.3984,,,否,,,,,,否,490401470,488684040,5835521518.95,5815084998.39,,,,12.07,12.02,12.13,12.14,12.23,11.95,12.51,2016-11-10,-
2020-09-25,603556,XD海兴电,电网设备,11.899478031634446,12.096551405975397,11.871324692442883,12.03086028119508,11.871324692442883,2052969,24698983.20,0.4201,,,否,,,,,,否,490401470,488684040,5899951567.26,5879289406.89,,,,12.05,12.03,12.12,12.14,12.23,11.96,12.50,2016-11-10,-
2020-09-28,603556,XD海兴电,电网设备,11.993322495606327,12.077782513181019,11.495946836555362,11.533484622144112,11.495946836555362,3395769,39165049.54,0.6949,,,否,,,,,,否,490401470,488684040,5656037812.92,5636229860.43,,,,11.90,11.98,12.07,12.12,12.21,11.96,12.49,2016-11-10,-
2020-09-29,603556,XD海兴电,电网设备,11.524100175746925,11.64609797891037,11.467793497363797,11.524100175746925,11.467793497363797,1752020,20190453.99,0.3585,,,否,,,,,,否,490401470,488684040,5651435666.61,5631643831.25,,,,11.81,11.94,12.02,12.09,12.19,11.96,12.48,2016-11-10,-
2020-09-30,603556,XD海兴电,电网设备,11.55225351493849,11.580406854130054,11.280104569420036,11.392717926186293,11.280104569420036,2267869,25837191.81,0.4641,,,否,,,,,,否,488684040,488684040,5567439422.75,5567439422.75,,,,11.67,11.88,11.98,12.06,12.16,11.96,12.46,2016-11-10,-
2020-10-09,603556,XD海兴电,电网设备,11.477177943760985,11.655482425307557,11.477177943760985,11.617944639718807,11.477177943760985,1367426,15886679.57,0.2798,,,否,,,,,,否,488684040,488684040,5677504123.03,5677504123.03,,,,11.62,11.84,11.95,12.05,12.14,11.96,12.45,2016-11-10,-
2020-10-12,603556,XD海兴电,电网设备,11.636713532513182,11.815018014059754,11.627329086115994,11.79624912126538,11.627329086115994,2259039,26648186.82,0.4623,,,否,,,,,,否,488684040,488684040,5764638677.43,5764638677.43,,,,11.57,11.82,11.93,12.04,12.12,11.96,12.43,2016-11-10,-
2020-10-13,603556,XD海兴电,电网设备,11.768095782073814,11.79624912126538,11.69302021089631,11.777480228471003,11.69302021089631,1134567,13362340.41,0.2322,,,否,,,,,,否,488684040,488684040,5755466619.07,5755466619.07,,,,11.62,11.76,11.91,12.03,12.10,11.97,12.43,2016-11-10,-
2020-10-14,603556,XD海兴电,电网设备,11.730557996485063,11.805633567662566,11.655482425307557,11.739942442882251,11.655482425307557,1039587,12204691.54,0.2127,,,否,,,,,,否,488684040,488684040,5737122502.36,5737122502.36,,,,11.66,11.73,11.88,12.01,12.09,11.97,12.41,2016-11-10,-
2020-10-15,603556,XD海兴电,电网设备,11.739942442882251,11.899478031634446,11.7024046572935,11.79624912126538,11.7024046572935,1616615,19069993.27,0.3308,,,否,,,,,,否,488684040,488684040,5764638677.43,5764638677.43,,,,11.75,11.71,11.86,12.00,12.07,11.97,12.40,2016-11-10,-
2020-10-16,603556,XD海兴电,电网设备,11.768095782073814,11.880709138840071,11.655482425307557,11.83378690685413,11.655482425307557,1292755,15298187.19,0.2645,,,否,,,,,,否,488684040,488684040,5782982794.14,5782982794.14,,,,11.79,11.70,11.86,11.99,12.07,11.97,12.39,2016-11-10,-
2020-10-19,603556,XD海兴电,电网设备,11.824402460456943,11.9370158172232,11.68363576449912,11.758711335676626,11.68363576449912,1247360,14667346.17,0.2552,,,否,,,,,,否,488684040,488684040,5746294560.71,5746294560.71,,,,11.78,11.67,11.85,11.97,12.07,11.97,12.38,2016-11-10,-
2020-10-20,603556,XD海兴电,电网设备,11.711789103690686,11.815018014059754,11.636713532513182,11.805633567662566,11.636713532513182,956403,11290943.36,0.1957,,,否,,,,,,否,488684040,488684040,5769224706.60,5769224706.60,,,,11.79,11.70,11.84,11.95,12.06,11.97,12.36,2016-11-10,-
2020-10-21,603556,XD海兴电,电网设备,11.786864674868191,11.83378690685413,11.580406854130054,11.64609797891037,11.580406854130054,1357392,15808320.23,0.2778,,,否,,,,,,否,488684040,488684040,5691262210.57,5691262210.57,,,,11.77,11.72,11.82,11.92,12.05,11.97,12.35,2016-11-10,-
2020-10-22,603556,XD海兴电,电网设备,11.64609797891037,11.730557996485063,11.55225351493849,11.721173550087874,11.55225351493849,1088364,12756903.33,0.2227,,,否,,,,,,否,488684040,488684040,5727950444.00,5727950444.00,,,,11.75,11.75,11.82,11.90,12.04,11.97,12.34,2016-11-10,-
2020-10-23,603556,XD海兴电,电网设备,11.7024046572935,11.843171353251318,11.655482425307557,11.758711335676626,11.655482425307557,1195660,14059420.80,0.2447,,,否,,,,,,否,488684040,488684040,5746294560.71,5746294560.71,,,,11.74,11.77,11.81,11.89,12.03,11.97,12.32,2016-11-10,-
2020-10-26,603556,XD海兴电,电网设备,11.711789103690686,11.918246924428823,11.636713532513182,11.908862478031635,11.636713532513182,1748150,20818477.94,0.3577,,,否,,,,,,否,488684040,488684040,5819671027.57,5819671027.57,,,,11.77,11.78,11.80,11.87,12.03,11.98,12.31,2016-11-10,-
2020-10-27,603556,XD海兴电,电网设备,11.908862478031635,11.908862478031635,11.7024046572935,11.749326889279438,11.7024046572935,1094261,12856830.19,0.2239,,,否,,,,,,否,488684040,488684040,5741708531.53,5741708531.53,,,,11.76,11.77,11.77,11.86,12.03,11.98,12.29,2016-11-10,-
2020-10-28,603556,XD海兴电,电网设备,11.739942442882251,11.83378690685413,11.599175746924429,11.824402460456943,11.599175746924429,1320089,15609263.62,0.2701,,,否,,,,,,否,488684040,488684040,5778396764.96,5778396764.96,,,,11.80,11.78,11.76,11.85,12.03,11.98,12.28,2016-11-10,-
2020-10-29,603556,XD海兴电,电网设备,11.730557996485063,11.946400263620388,11.674251318101934,11.739942442882251,11.674251318101934,1911731,22443611.91,0.3912,,,否,,,,,,否,488684040,488684040,5737122502.36,5737122502.36,,,,11.80,11.78,11.74,11.83,12.02,11.98,12.27,2016-11-10,-
2020-10-30,603556,XD海兴电,电网设备,11.768095782073814,12.059013620386644,11.758711335676626,11.768095782073814,11.758711335676626,2640666,31075610.42,0.5404,,,否,,,,,,否,488684040,488684040,5750880589.89,5750880589.89,,,,11.80,11.77,11.74,11.83,12.02,11.98,12.27,2016-11-10,-
2020-11-02,603556,XD海兴电,电网设备,11.777480228471003,12.096551405975397,11.7024046572935,12.059013620386644,11.7024046572935,3397633,40972102.62,0.6953,,,否,,,,,,否,488684040,488684040,5893047494.43,5893047494.43,,,,11.82,11.80,11.74,11.83,12.02,11.98,12.26,2016-11-10,-
2020-11-03,603556,XD海兴电,电网设备,12.134089191564149,12.265471441124781,11.965169156414763,12.181011423550089,11.965169156414763,3568087,43462908.51,0.7301,,,否,,,,,,否,488684040,488684040,5952665873.75,5952665873.75,,,,11.92,11.83,11.77,11.84,12.01,11.98,12.25,2016-11-10,-
2020-11-04,603556,XD海兴电,电网设备,12.199780316344464,12.359315905096661,12.12470474516696,12.190395869947277,12.12470474516696,2883161,35146873.95,0.5900,,,否,,,,,,否,488684040,488684040,5957251902.93,5957251902.93,,,,11.98,11.89,11.81,11.85,12.01,11.99,12.24,2016-11-10,-
2020-11-05,603556,XD海兴电,电网设备,12.265471441124781,12.349931458699475,12.152858084358524,12.284240333919158,12.152858084358524,2327226,28588203.50,0.4762,,,否,,,,,,否,488684040,488684040,6003112194.71,6003112194.71,,,,12.10,11.95,11.85,11.86,12.01,11.99,12.23,2016-11-10,-
2020-11-06,603556,XD海兴电,电网设备,12.246702548330406,12.349931458699475,12.105935852372586,12.340547012302286,12.105935852372586,2402681,29650397.84,0.4917,,,否,,,,,,否,488684040,488684040,6030628369.78,6030628369.78,,,,12.21,12.00,11.88,11.87,12.01,12.00,12.22,2016-11-10,-
2020-11-09,603556,XD海兴电,电网设备,12.340547012302286,12.471929261862918,12.303009226713533,12.387469244288225,12.303009226713533,3345855,41446675.91,0.6847,,,否,,,,,,否,488684040,488684040,6053558515.67,6053558515.67,,,,12.27,12.05,11.92,11.88,12.01,12.00,12.22,2016-11-10,-
2020-11-10,603556,XD海兴电,电网设备,12.406238137082603,12.434391476274167,12.143473637961335,12.190395869947277,12.143473637961335,2374878,28950702.96,0.4860,,,否,,,,,,否,488684040,488684040,5957251902.93,5957251902.93,,,,12.27,12.10,11.94,11.88,12.01,12.01,12.22,2016-11-10,-
2020-11-11,603556,XD海兴电,电网设备,12.199780316344464,12.265471441124781,12.143473637961335,12.1716269771529,12.143473637961335,1703458,20733855.35,0.3486,,,否,,,,,,否,488684040,488684040,5948079844.57,5948079844.57,,,,12.27,12.13,11.96,11.88,12.01,12.01,12.21,2016-11-10,-
2020-11-12,603556,XD海兴电,电网设备,12.1716269771529,12.1716269771529,12.002706942003515,12.03086028119508,12.002706942003515,2000503,24067772.09,0.4094,,,否,,,,,,否,488684040,488684040,5879289406.89,5879289406.89,,,,12.23,12.16,11.97,11.88,12.01,12.02,12.21,2016-11-10,-
2020-11-13,603556,XD海兴电,电网设备,12.059013620386644,12.143473637961335,11.98393804920914,12.143473637961335,11.98393804920914,1279417,15536566.61,0.2618,,,否,,,,,,否,488684040,488684040,5934321757.03,5934321757.03,,,,12.18,12.20,11.98,11.89,12.02,12.02,12.21,2016-11-10,-
2020-11-16,603556,XD海兴电,电网设备,12.22793365553603,12.528235940246047,12.152858084358524,12.406238137082603,12.152858084358524,3230046,40072719.87,0.6610,,,否,,,,,,否,488684040,488684040,6062730574.03,6062730574.03,,,,12.19,12.24,12.01,11.90,12.02,12.03,12.21,2016-11-10,-
2020-11-17,603556,XD海兴电,电网设备,12.396853690685415,12.434391476274167,12.27485588752197,12.36870035149385,12.27485588752197,1483674,18351119.13,0.3036,,,否,,,,,,否,488684040,488684040,6044386457.32,6044386457.32,,,,12.23,12.26,12.04,11.93,12.02,12.04,12.21,2016-11-10,-
2020-11-18,603556,XD海兴电,电网设备,12.471929261862918,12.490698154657295,12.331162565905098,12.434391476274167,12.331162565905098,2035942,25315699.85,0.4166,,,否,,,,,,否,488684040,488684040,6076488661.57,6076488661.57,,,,12.27,12.27,12.09,11.97,12.02,12.05,12.21,2016-11-10,-
2020-11-19,603556,XD海兴电,电网设备,12.453160369068542,12.631464850615115,12.387469244288225,12.584542618629175,12.387469244288225,2895254,36435447.35,0.5925,,,否,,,,,,否,488684040,488684040,6149865128.42,6149865128.42,,,,12.39,12.30,12.12,12.00,12.03,12.06,12.21,2016-11-10,-
2020-11-20,603556,XD海兴电,电网设备,12.575158172231987,12.593927065026362,12.406238137082603,12.481313708260107,12.406238137082603,1923032,24001965.66,0.3935,,,否,,,,,,否,488684040,488684040,6099418807.46,6099418807.46,,,,12.45,12.32,12.16,12.03,12.04,12.07,12.21,2016-11-10,-
2020-11-23,603556,XD海兴电,电网设备,12.565773725834799,12.612695957820739,12.425007029876978,12.547004833040422,12.425007029876978,2089412,26215862.46,0.4276,,,否,,,,,,否,488684040,488684040,6131521011.71,6131521011.71,,,,12.48,12.34,12.19,12.06,12.05,12.08,12.21,2016-11-10,-
2020-11-24,603556,XD海兴电,电网设备,12.50946704745167,12.809769332161688,12.50946704745167,12.706540421792619,12.50946704745167,3412656,43363051.41,0.6983,,,否,,,,,,否,488684040,488684040,6209483507.74,6209483507.74,,,,12.55,12.39,12.25,12.09,12.06,12.10,12.21,2016-11-10,-
2020-11-25,603556,XD海兴电,电网设备,12.734693760984184,12.922382688927945,12.434391476274167,12.443775922671353,12.434391476274167,3812650,47443762.27,0.7802,,,否,,,,,,否,488684040,488684040,6081074690.75,6081074690.75,,,,12.56,12.42,12.27,12.11,12.06,12.10,12.21,2016-11-10,-
2020-11-26,603556,XD海兴电,电网设备,12.46254481546573,12.565773725834799,12.32177811950791,12.359315905096661,12.32177811950791,2952168,36486776.92,0.6041,,,否,,,,,,否,488684040,488684040,6039800428.14,6039800428.14,,,,12.51,12.44,12.30,12.12,12.07,12.11,12.21,2016-11-10,-
2020-11-27,603556,XD海兴电,电网设备,12.359315905096661,12.547004833040422,12.284240333919158,12.537620386643233,12.284240333919158,2012831,25236110.98,0.4119,,,否,,,,,,否,488684040,488684040,6126934982.53,6126934982.53,,,,12.52,12.49,12.34,12.15,12.07,12.11,12.21,2016-11-10,-
2020-11-30,603556,XD海兴电,电网设备,12.50946704745167,12.631464850615115,12.246702548330406,12.246702548330406,12.246702548330406,2979266,36486184.51,0.6097,,,否,,,,,,否,488684040,488684040,5984768078.00,5984768078.00,,,,12.46,12.47,12.35,12.17,12.07,12.12,12.21,2016-11-10,-
2020-12-01,603556,XD海兴电,电网设备,12.22793365553603,12.490698154657295,12.209164762741652,12.453160369068542,12.209164762741652,2030614,25287561.79,0.4155,,,否,,,,,,否,488684040,488684040,6085660719.92,6085660719.92,,,,12.41,12.48,12.37,12.19,12.07,12.12,12.21,2016-11-10,-
2020-12-02,603556,XD海兴电,电网设备,12.50946704745167,12.50946704745167,12.32177811950791,12.453160369068542,12.32177811950791,1623605,20219013.44,0.3322,,,否,,,,,,否,488684040,488684040,6085660719.92,6085660719.92,,,,12.41,12.48,12.38,12.22,12.07,12.12,12.21,2016-11-10,-
2020-12-03,603556,XD海兴电,电网设备,12.434391476274167,12.471929261862918,12.359315905096661,12.396853690685415,12.359315905096661,1592358,19740229.15,0.3258,,,否,,,,,,否,488684040,488684040,6058144544.85,6058144544.85,,,,12.42,12.46,12.39,12.24,12.07,12.12,12.21,2016-11-10,-
2020-12-04,603556,XD海兴电,电网设备,12.359315905096661,12.425007029876978,12.32177811950791,12.396853690685415,12.32177811950791,1871839,23204914.22,0.3830,,,否,,,,,,否,488684040,488684040,6058144544.85,6058144544.85,,,,12.39,12.45,12.39,12.26,12.08,12.13,12.21,2016-11-10,-
2020-12-07,603556,XD海兴电,电网设备,12.36870035149385,12.406238137082603,12.209164762741652,12.209164762741652,12.209164762741652,1715925,20950011.05,0.3511,,,否,,,,,,否,488684040,488684040,5966423961.28,5966423961.28,,,,12.38,12.43,12.38,12.27,12.07,12.13,12.21,2016-11-10,-
2020-12-08,603556,XD海兴电,电网设备,12.209164762741652,12.284240333919158,12.199780316344464,12.21854920913884,12.199780316344464,862350,10536665.91,0.1765,,,否,,,,,,否,488684040,488684040,5971009990.46,5971009990.46,,,,12.33,12.37,12.38,12.28,12.08,12.14,12.21,2016-11-10,-
2020-12-09,603556,XD海兴电,电网设备,12.22793365553603,12.265471441124781,12.105935852372586,12.105935852372586,12.105935852372586,2271590,27499722.82,0.4648,,,否,,,,,,否,488684040,488684040,5915977640.32,5915977640.32,,,,12.27,12.34,12.38,12.29,12.07,12.14,12.21,2016-11-10,-
2020-12-10,603556,XD海兴电,电网设备,12.162242530755714,12.162242530755714,11.993322495606327,12.134089191564149,11.993322495606327,1387874,16840586.90,0.2840,,,否,,,,,,否,488684040,488684040,5929735727.85,5929735727.85,,,,12.21,12.31,12.38,12.31,12.07,12.15,12.21,2016-11-10,-
2020-12-11,603556,XD海兴电,电网设备,12.143473637961335,12.143473637961335,11.477177943760985,11.711789103690686,11.477177943760985,5261210,61618181.95,1.0766,,,否,,,,,,否,488684040,488684040,5723364414.82,5723364414.82,,,,12.08,12.24,12.36,12.30,12.07,12.14,12.21,2016-11-10,-
2020-12-14,603556,XD海兴电,电网设备,11.608560193321617,11.655482425307557,11.280104569420036,11.430255711775045,11.280104569420036,4692874,53640749.84,0.9603,,,否,,,,,,否,488684040,488684040,5585783539.46,5585783539.46,,,,11.92,12.15,12.31,12.28,12.06,12.14,12.20,2016-11-10,-
2020-12-15,603556,XD海兴电,电网设备,11.392717926186293,11.664866871704746,11.364564586994728,11.64609797891037,11.364564586994728,2228735,25956066.18,0.4561,,,否,,,,,,否,488684040,488684040,5691262210.57,5691262210.57,,,,11.81,12.07,12.27,12.27,12.06,12.14,12.20,2016-11-10,-
2020-12-16,603556,XD海兴电,电网设备,11.68363576449912,11.730557996485063,11.571022407732865,11.608560193321617,11.571022407732865,1195191,13874446.67,0.2446,,,否,,,,,,否,488684040,488684040,5672918093.86,5672918093.86,,,,11.70,11.98,12.24,12.25,12.05,12.13,12.20,2016-11-10,-
2020-12-17,603556,XD海兴电,电网设备,11.608560193321617,11.786864674868191,11.495946836555362,11.711789103690686,11.495946836555362,1439612,16860432.14,0.2946,,,否,,,,,,否,488684040,488684040,5723364414.82,5723364414.82,,,,11.62,11.92,12.19,12.23,12.04,12.13,12.20,2016-11-10,-
2020-12-18,603556,XD海兴电,电网设备,11.69302021089631,11.749326889279438,11.542869068541302,11.571022407732865,11.542869068541302,1122093,12983763.25,0.2296,,,否,,,,,,否,488684040,488684040,5654573977.14,5654573977.14,,,,11.59,11.83,12.14,12.20,12.04,12.12,12.20,2016-11-10,-
2020-12-21,603556,XD海兴电,电网设备,11.608560193321617,11.608560193321617,11.430255711775045,11.477177943760985,11.430255711775045,1783134,20465346.22,0.3649,,,否,,,,,,否,488684040,488684040,5608713685.36,5608713685.36,,,,11.60,11.76,12.09,12.17,12.02,12.12,12.20,2016-11-10,-
2020-12-22,603556,XD海兴电,电网设备,11.514715729349737,11.571022407732865,11.280104569420036,11.317642355008788,11.280104569420036,1898455,21486034.72,0.3885,,,否,,,,,,否,488684040,488684040,5530751189.32,5530751189.32,,,,11.53,11.67,12.02,12.14,12.01,12.12,12.19,2016-11-10,-
2020-12-23,603556,XD海兴电,电网设备,11.280104569420036,11.392717926186293,11.21441344463972,11.270720123022848,11.21441344463972,1786534,20135524.70,0.3656,,,否,,,,,,否,488684040,488684040,5507821043.43,5507821043.43,,,,11.47,11.59,11.97,12.12,11.99,12.12,12.19,2016-11-10,-
2020-12-24,603556,XD海兴电,电网设备,11.242566783831284,11.289489015817223,10.773344463971881,10.885957820738138,10.773344463971881,2846570,30987640.95,0.5825,,,否,,,,,,否,488684040,488684040,5319793847.11,5319793847.11,,,,11.31,11.47,11.89,12.08,11.97,12.11,12.18,2016-11-10,-
2020-12-25,603556,XD海兴电,电网设备,10.885957820738138,11.11118453427065,10.820266695957821,11.054877855887522,10.820266695957821,1127616,12465657.15,0.2307,,,否,,,,,,否,488684040,488684040,5402342372.32,5402342372.32,,,,11.21,11.40,11.82,12.04,11.97,12.10,12.18,2016-11-10,-
2020-12-28,603556,XD海兴电,电网设备,11.036108963093147,11.036108963093147,10.829651142355008,10.885957820738138,10.829651142355008,1383691,15062801.86,0.2831,,,否,,,,,,否,488684040,488684040,5319793847.11,5319793847.11,,,,11.08,11.35,11.75,11.98,11.95,12.09,12.17,2016-11-10,-
2020-12-29,603556,XD海兴电,电网设备,10.97041783831283,11.392717926186293,10.857804481546573,11.270720123022848,10.857804481546573,3198196,36045972.01,0.6545,,,否,,,,,,否,488684040,488684040,5507821043.43,5507821043.43,,,,11.07,11.31,11.68,11.96,11.94,12.08,12.16,2016-11-10,-
2020-12-30,603556,XD海兴电,电网设备,11.251951230228473,11.402102372583482,11.158106766256592,11.195644551845342,11.158106766256592,1054995,11811349.02,0.2159,,,否,,,,,,否,488684040,488684040,5471132810.00,5471132810.00,,,,11.05,11.26,11.63,11.91,11.94,12.06,12.16,2016-11-10,-
2020-12-31,603556,XD海兴电,电网设备,11.176875659050967,11.327026801405976,11.176875659050967,11.242566783831284,11.176875659050967,918293,10323970.38,0.1879,,,否,,,,,,否,488684040,488684040,5494062955.89,5494062955.89,,,,11.13,11.21,11.57,11.86,11.94,12.05,12.15,2016-11-10,-
2021-01-04,603556,XD海兴电,电网设备,11.251951230228473,11.420871265377857,11.176875659050967,11.364564586994728,11.176875659050967,1729274,19652446.06,0.3539,,,否,,,,,,否,488684040,488684040,5553681335.21,5553681335.21,,,,11.20,11.20,11.51,11.82,11.93,12.03,12.14,2016-11-10,-
2021-01-05,603556,XD海兴电,电网设备,11.280104569420036,11.35518014059754,11.233182337434096,11.317642355008788,11.233182337434096,1428936,16172186.60,0.2924,,,否,,,,,,否,488684040,488684040,5530751189.32,5530751189.32,,,,11.28,11.18,11.47,11.79,11.92,12.02,12.14,2016-11-10,-
2021-01-06,603556,XD海兴电,电网设备,11.280104569420036,11.345795694200351,11.167491212653779,11.251951230228473,11.167491212653779,1362715,15333202.72,0.2789,,,否,,,,,,否,488684040,488684040,5498648985.07,5498648985.07,,,,11.27,11.18,11.42,11.74,11.91,12.00,12.13,2016-11-10,-
2021-01-07,603556,XD海兴电,电网设备,11.20502899824253,11.35518014059754,10.989186731107207,11.01734007029877,10.989186731107207,1723260,18985741.45,0.3526,,,否,,,,,,否,488684040,488684040,5383998255.61,5383998255.61,,,,11.24,11.15,11.36,11.69,11.90,11.99,12.13,2016-11-10,-
2021-01-08,603556,XD海兴电,电网设备,11.026724516695959,11.195644551845342,10.820266695957821,10.932880052724078,10.820266695957821,2347242,25662115.24,0.4803,,,否,,,,,,否,488684040,488684040,5342723993.00,5342723993.00,,,,11.18,11.16,11.31,11.65,11.89,11.97,12.12,2016-11-10,-
2021-01-11,603556,XD海兴电,电网设备,10.951648945518453,11.01734007029877,10.745191124780316,10.792113356766258,10.745191124780316,1573651,16983019.98,0.3220,,,否,,,,,,否,488684040,488684040,5273933555.32,5273933555.32,,,,11.06,11.13,11.26,11.59,11.87,11.97,12.12,2016-11-10,-
2021-01-12,603556,XD海兴电,电网设备,10.792113356766258,10.895342267135325,10.754575571177506,10.848420035149386,10.754575571177506,1634160,17728054.08,0.3344,,,否,,,,,,否,488684040,488684040,5301449730.39,5301449730.39,,,,10.97,11.12,11.23,11.54,11.85,11.97,12.11,2016-11-10,-
2021-01-13,603556,XD海兴电,电网设备,10.820266695957821,10.867188927943761,10.548117750439369,10.585655536028119,10.548117750439369,2425218,25672522.35,0.4963,,,否,,,,,,否,488684040,488684040,5173040913.39,5173040913.39,,,,10.84,11.05,11.18,11.48,11.83,11.95,12.10,2016-11-10,-
2021-01-14,603556,XD海兴电,电网设备,10.510579964850615,10.717037785588753,10.510579964850615,10.68888444639719,10.510579964850615,1058657,11315862.34,0.2166,,,否,,,,,,否,488684040,488684040,5223487234.36,5223487234.36,,,,10.77,11.01,11.13,11.42,11.82,11.94,12.09,2016-11-10,-
2021-01-15,603556,XD海兴电,电网设备,10.68888444639719,10.773344463971881,10.63257776801406,10.726422231985941,10.63257776801406,932240,9999599.86,0.1908,,,否,,,,,,否,488684040,488684040,5241831351.07,5241831351.07,,,,10.73,10.95,11.08,11.36,11.80,11.92,12.08,2016-11-10,-
2021-01-18,603556,XD海兴电,电网设备,10.717037785588753,10.820266695957821,10.670115553602812,10.773344463971881,10.670115553602812,983468,10595239.53,0.2012,,,否,,,,,,否,488684040,488684040,5264761496.97,5264761496.97,,,,10.73,10.90,11.05,11.31,11.79,11.91,12.07,2016-11-10,-
2021-01-19,603556,XD海兴电,电网设备,10.763960017574695,10.92349560632689,10.73580667838313,10.829651142355008,10.73580667838313,1097970,11890632.06,0.2247,,,否,,,,,,否,488684040,488684040,5292277672.04,5292277672.04,,,,10.72,10.85,11.02,11.26,11.77,11.90,12.06,2016-11-10,-
2021-01-20,603556,XD海兴电,电网设备,10.829651142355008,10.857804481546573,10.754575571177506,10.78272891036907,10.754575571177506,987130,10643955.19,0.2020,,,否,,,,,,否,488684040,488684040,5269347526.14,5269347526.14,,,,10.76,10.80,10.99,11.21,11.75,11.89,12.04,2016-11-10,-
2021-01-21,603556,XD海兴电,电网设备,10.754575571177506,10.839035588752198,10.6795,10.792113356766258,10.6795,1033860,11157534.32,0.2116,,,否,,,,,,否,488684040,488684040,5273933555.32,5273933555.32,,,,10.78,10.77,10.96,11.17,11.73,11.88,12.03,2016-11-10,-
2021-01-22,603556,XD海兴电,电网设备,10.698268892794378,10.773344463971881,10.595039982425307,10.651346660808436,10.595039982425307,1227986,13079704.58,0.2513,,,否,,,,,,否,488684040,488684040,5205143117.64,5205143117.64,,,,10.76,10.75,10.95,11.12,11.71,11.87,12.02,2016-11-10,-
2021-01-25,603556,XD海兴电,电网设备,10.63257776801406,10.63257776801406,10.229046572934974,10.257199912126538,10.229046572934974,2298004,23571086.43,0.4702,,,否,,,,,,否,488684040,488684040,5012529892.15,5012529892.15,,,,10.66,10.70,10.91,11.07,11.69,11.85,12.00,2016-11-10,-
2021-01-26,603556,XD海兴电,电网设备,10.275968804920915,10.623193321616872,10.20089323374341,10.463657732864675,10.20089323374341,1966236,20574020.53,0.4024,,,否,,,,,,否,488684040,488684040,5113422534.07,5113422534.07,,,,10.59,10.65,10.89,11.04,11.66,11.84,11.99,2016-11-10,-
2021-01-27,603556,XD海兴电,电网设备,10.379197715289983,10.745191124780316,10.379197715289983,10.651346660808436,10.379197715289983,1622784,17284834.94,0.3321,,,否,,,,,,否,488684040,488684040,5205143117.64,5205143117.64,,,,10.57,10.66,10.86,11.01,11.64,11.82,11.98,2016-11-10,-
2021-01-28,603556,XD海兴电,电网设备,10.566886643233744,10.6795,10.473042179261864,10.501195518453427,10.473042179261864,871740,9154312.18,0.1784,,,否,,,,,,否,488684040,488684040,5131766650.79,5131766650.79,,,,10.50,10.64,10.82,10.97,11.61,11.81,11.97,2016-11-10,-
2021-01-29,603556,XD海兴电,电网设备,10.510579964850615,10.64196221441125,10.379197715289983,10.4448888400703,10.379197715289983,892535,9322428.86,0.1826,,,否,,,,,,否,488684040,488684040,5104250475.72,5104250475.72,,,,10.46,10.61,10.78,10.93,11.58,11.80,11.96,2016-11-10,-
2021-02-01,603556,XD海兴电,电网设备,10.4448888400703,10.529348857644992,10.39796660808436,10.501195518453427,10.39796660808436,697789,7327618.72,0.1428,,,否,,,,,,否,488684040,488684040,5131766650.79,5131766650.79,,,,10.51,10.59,10.75,10.90,11.55,11.78,11.95,2016-11-10,-
2021-02-02,603556,XD海兴电,电网设备,10.529348857644992,10.64196221441125,10.4448888400703,10.63257776801406,10.4448888400703,1121188,11921118.60,0.2294,,,否,,,,,,否,488684040,488684040,5195971059.29,5195971059.29,,,,10.55,10.57,10.71,10.87,11.51,11.77,11.94,2016-11-10,-
2021-02-03,603556,XD海兴电,电网设备,10.660731107205624,10.670115553602812,10.388582161687172,10.407351054481547,10.388582161687172,1255903,13070623.41,0.2570,,,否,,,,,,否,488684040,488684040,5085906359.00,5085906359.00,,,,10.50,10.53,10.66,10.83,11.49,11.75,11.93,2016-11-10,-
2021-02-04,603556,XD海兴电,电网设备,10.332275483304043,10.379197715289983,9.825515377855888,9.872437609841828,9.825515377855888,2963712,29259061.81,0.6065,,,否,,,,,,否,488684040,488684040,4824502695.83,4824502695.83,,,,10.37,10.44,10.60,10.79,11.45,11.73,11.92,2016-11-10,-
2021-02-05,603556,XD海兴电,电网设备,9.816130931458702,9.947513181019332,9.712902021089631,9.741055360281196,9.712902021089631,2148835,20931920.70,0.4397,,,否,,,,,,否,488684040,488684040,4760298287.33,4760298287.33,,,,10.23,10.35,10.55,10.75,11.41,11.71,11.92,2016-11-10,-
2021-02-08,603556,XD海兴电,电网设备,9.741055360281196,9.95689762741652,9.741055360281196,9.853668717047452,9.741055360281196,1188237,11708493.76,0.2432,,,否,,,,,,否,488684040,488684040,4815330637.47,4815330637.47,,,,10.10,10.30,10.50,10.71,11.37,11.69,11.91,2016-11-10,-
2021-02-09,603556,XD海兴电,电网设备,9.947513181019332,10.182124340949034,9.825515377855888,10.172739894551846,9.825515377855888,1557151,15840492.10,0.3186,,,否,,,,,,否,488684040,488684040,4971255629.54,4971255629.54,,,,10.01,10.28,10.46,10.69,11.34,11.68,11.90,2016-11-10,-
2021-02-10,603556,XD海兴电,电网设备,10.172739894551846,10.219662126537786,10.013204305799649,10.191508787346221,10.013204305799649,1195613,12185100.40,0.2447,,,否,,,,,,否,488684040,488684040,4980427687.90,4980427687.90,,,,9.97,10.23,10.44,10.65,11.30,11.66,11.89,2016-11-10,-
2021-02-18,603556,XD海兴电,电网设备,10.191508787346221,10.4448888400703,10.153971001757471,10.247815465729351,10.153971001757471,2334845,23927060.70,0.4778,,,否,,,,,,否,488684040,488684040,5007943862.97,5007943862.97,,,,10.04,10.21,10.43,10.61,11.26,11.65,11.89,2016-11-10,-
2021-02-19,603556,XD海兴电,电网设备,10.2102776801406,10.566886643233744,10.2102776801406,10.510579964850615,10.2102776801406,1434385,15076218.24,0.2935,,,否,,,,,,否,488684040,488684040,5136352679.97,5136352679.97,,,,10.19,10.21,10.42,10.60,11.23,11.63,11.88,2016-11-10,-
2021-02-22,603556,XD海兴电,电网设备,10.510579964850615,10.829651142355008,10.473042179261864,10.64196221441125,10.473042179261864,2686167,28586087.72,0.5497,,,否,,,,,,否,488684040,488684040,5200557088.47,5200557088.47,,,,10.35,10.23,10.41,10.57,11.20,11.62,11.87,2016-11-10,-
2021-02-23,603556,XD海兴电,电网设备,10.64196221441125,10.754575571177506,10.576271089630932,10.623193321616872,10.576271089630932,1399509,14867254.66,0.2864,,,否,,,,,,否,488684040,488684040,5191385030.11,5191385030.11,,,,10.44,10.23,10.40,10.55,11.17,11.61,11.87,2016-11-10,-
2021-02-24,603556,XD海兴电,电网设备,10.63257776801406,10.754575571177506,10.529348857644992,10.576271089630932,10.529348857644992,1556120,16457946.97,0.3184,,,否,,,,,,否,488684040,488684040,5168454884.22,5168454884.22,,,,10.52,10.25,10.39,10.52,11.13,11.59,11.86,2016-11-10,-
2021-02-25,603556,XD海兴电,电网设备,10.585655536028119,10.707653339191564,10.482426625659052,10.519964411247805,10.482426625659052,1313070,13813449.67,0.2687,,,否,,,,,,否,488684040,488684040,5140938709.14,5140938709.14,,,,10.58,10.30,10.37,10.51,11.10,11.58,11.85,2016-11-10,-
2021-02-26,603556,XD海兴电,电网设备,10.482426625659052,10.726422231985941,10.454273286467489,10.6795,10.454273286467489,1774858,18954596.01,0.3632,,,否,,,,,,否,488684040,488684040,5218901205.18,5218901205.18,,,,10.60,10.40,10.38,10.50,11.07,11.57,11.84,2016-11-10,-
2021-03-01,603556,XD海兴电,电网设备,10.698268892794378,10.792113356766258,10.651346660808436,10.773344463971881,10.651346660808436,1579026,17011391.02,0.3231,,,否,,,,,,否,488684040,488684040,5264761496.97,5264761496.97,,,,10.63,10.49,10.40,10.50,11.05,11.55,11.83,2016-11-10,-
2021-03-02,603556,XD海兴电,电网设备,10.754575571177506,11.045493409490334,10.698268892794378,10.848420035149386,10.698268892794378,1917165,20798211.20,0.3923,,,否,,,,,,否,488684040,488684040,5301449730.39,5301449730.39,,,,10.68,10.56,10.42,10.50,11.02,11.54,11.82,2016-11-10,-
2021-03-03,603556,XD海兴电,电网设备,10.848420035149386,10.895342267135325,10.707653339191564,10.867188927943761,10.707653339191564,1092043,11867437.60,0.2235,,,否,,,,,,否,488684040,488684040,5310621788.75,5310621788.75,,,,10.74,10.63,10.43,10.51,10.99,11.53,11.82,2016-11-10,-
2021-03-04,603556,XD海兴电,电网设备,10.820266695957821,10.989186731107207,10.726422231985941,10.942264499121267,10.726422231985941,2294735,25109597.33,0.4696,,,否,,,,,,否,488684040,488684040,5347310022.18,5347310022.18,,,,10.82,10.70,10.45,10.52,10.97,11.51,11.81,2016-11-10,-
2021-03-05,603556,XD海兴电,电网设备,10.87657337434095,10.998571177504395,10.820266695957821,10.895342267135325,10.820266695957821,1235326,13459299.58,0.2528,,,否,,,,,,否,488684040,488684040,5324379876.29,5324379876.29,,,,10.87,10.74,10.47,10.52,10.94,11.51,11.80,2016-11-10,-
2021-03-08,603556,XD海兴电,电网设备,10.895342267135325,11.036108963093147,10.857804481546573,10.92349560632689,10.857804481546573,1614741,17638616.22,0.3304,,,否,,,,,,否,488684040,488684040,5338137963.82,5338137963.82,,,,10.90,10.76,10.49,10.53,10.91,11.50,11.79,2016-11-10,-
2021-03-09,603556,XD海兴电,电网设备,10.895342267135325,10.942264499121267,10.501195518453427,10.660731107205624,10.501195518453427,1952142,20811260.95,0.3995,,,否,,,,,,否,488684040,488684040,5209729146.82,5209729146.82,,,,10.86,10.77,10.50,10.52,10.90,11.48,11.78,2016-11-10,-
2021-03-10,603556,XD海兴电,电网设备,10.604424428822497,10.820266695957821,10.566886643233744,10.613808875219684,10.566886643233744,1084773,11513573.29,0.2220,,,否,,,,,,否,488684040,488684040,5186799000.93,5186799000.93,,,,10.81,10.77,10.51,10.52,10.87,11.47,11.77,2016-11-10,-
2021-03-11,603556,XD海兴电,电网设备,10.63257776801406,11.045493409490334,10.519964411247805,10.961033391915642,10.519964411247805,2118245,23218154.18,0.4335,,,否,,,,,,否,488684040,488684040,5356482080.54,5356482080.54,,,,10.81,10.82,10.57,10.52,10.85,11.46,11.76,2016-11-10,-
2021-03-12,603556,XD海兴电,电网设备,10.97041783831283,11.186260105448156,10.857804481546573,11.092415641476276,10.857804481546573,2134560,23677426.73,0.4368,,,否,,,,,,否,488684040,488684040,5420686489.04,5420686489.04,,,,10.85,10.86,10.63,10.54,10.83,11.45,11.75,2016-11-10,-
2021-03-15,603556,XD海兴电,电网设备,11.045493409490334,11.139337873462214,10.951648945518453,11.101800087873462,10.951648945518453,1159680,12874535.53,0.2373,,,否,,,,,,否,488684040,488684040,5425272518.21,5425272518.21,,,,10.89,10.90,10.69,10.57,10.82,11.44,11.74,2016-11-10,-
2021-03-16,603556,XD海兴电,电网设备,11.11118453427065,11.327026801405976,11.007955623901584,11.280104569420036,11.007955623901584,1776179,20035484.85,0.3635,,,否,,,,,,否,488684040,488684040,5512407072.61,5512407072.61,,,,11.01,10.93,10.75,10.60,10.82,11.44,11.73,2016-11-10,-
2021-03-17,603556,XD海兴电,电网设备,11.308257908611601,11.308257908611601,11.045493409490334,11.083031195079087,11.045493409490334,1472706,16322046.54,0.3014,,,否,,,,,,否,488684040,488684040,5416100459.86,5416100459.86,,,,11.10,10.95,10.79,10.60,10.81,11.43,11.72,2016-11-10,-
2021-03-18,603556,XD海兴电,电网设备,11.036108963093147,11.270720123022848,11.036108963093147,11.129953427065027,11.036108963093147,1141710,12707179.13,0.2336,,,否,,,,,,否,488684040,488684040,5439030605.75,5439030605.75,,,,11.14,10.97,10.84,10.62,10.80,11.42,11.70,2016-11-10,-
2021-03-19,603556,XD海兴电,电网设备,11.11118453427065,11.186260105448156,10.92349560632689,11.092415641476276,10.92349560632689,1308642,14516000.99,0.2678,,,否,,,,,,否,488684040,488684040,5420686489.04,5420686489.04,,,,11.14,11.00,10.87,10.65,10.79,11.41,11.69,2016-11-10,-
2021-03-22,603556,XD海兴电,电网设备,11.036108963093147,11.280104569420036,11.01734007029877,11.26133567662566,11.01734007029877,1153152,12986031.76,0.2360,,,否,,,,,,否,488684040,488684040,5503235014.25,5503235014.25,,,,11.17,11.03,10.90,10.67,10.78,11.41,11.68,2016-11-10,-
2021-03-23,603556,XD海兴电,电网设备,11.298873462214411,11.308257908611601,11.054877855887522,11.129953427065027,11.054877855887522,1110049,12354793.67,0.2272,,,否,,,,,,否,488684040,488684040,5439030605.75,5439030605.75,,,,11.14,11.07,10.92,10.69,10.77,11.40,11.67,2016-11-10,-
2021-03-24,603556,XD海兴电,电网设备,11.158106766256592,11.233182337434096,11.06426230228471,11.120568980667839,11.06426230228471,859343,9556383.11,0.1758,,,否,,,,,,否,488684040,488684040,5434444576.57,5434444576.57,,,,11.15,11.13,10.95,10.72,10.77,11.39,11.66,2016-11-10,-
2021-03-25,603556,XD海兴电,电网设备,11.036108963093147,11.167491212653779,10.820266695957821,10.867188927943761,10.820266695957821,1591970,17300238.76,0.3258,,,否,,,,,,否,488684040,488684040,5310621788.75,5310621788.75,,,,11.09,11.12,10.97,10.75,10.76,11.38,11.66,2016-11-10,-
2021-03-26,603556,XD海兴电,电网设备,10.867188927943761,11.06426230228471,10.848420035149386,11.01734007029877,10.848420035149386,1179133,12990909.25,0.2413,,,否,,,,,,否,488684040,488684040,5383998255.61,5383998255.61,,,,11.08,11.11,10.98,10.79,10.77,11.37,11.66,2016-11-10,-
2021-03-29,603556,XD海兴电,电网设备,11.026724516695959,11.58979130052724,11.026724516695959,11.26133567662566,11.026724516695959,3332328,37526464.19,0.6819,,,否,,,,,,否,488684040,488684040,5503235014.25,5503235014.25,,,,11.08,11.12,11.01,10.84,10.77,11.36,11.66,2016-11-10,-
2021-03-30,603556,XD海兴电,电网设备,11.06426230228471,11.242566783831284,11.01734007029877,11.073646748681899,11.01734007029877,2045450,22650590.74,0.4186,,,否,,,,,,否,488684040,488684040,5411514430.68,5411514430.68,,,,11.06,11.10,11.02,10.87,10.77,11.36,11.66,2016-11-10,-
2021-03-31,603556,XD海兴电,电网设备,11.01734007029877,11.430255711775045,10.989186731107207,11.317642355008788,10.989186731107207,2254780,25518793.63,0.4614,,,否,,,,,,否,488684040,488684040,5530751189.32,5530751189.32,,,,11.11,11.13,11.05,10.90,10.77,11.36,11.65,2016-11-10,-
2021-04-01,603556,XD海兴电,电网设备,11.280104569420036,11.383333479789105,11.20502899824253,11.35518014059754,11.20502899824253,1138187,12924318.42,0.2329,,,否,,,,,,否,488684040,488684040,5549095306.03,5549095306.03,,,,11.21,11.15,11.06,10.94,10.78,11.36,11.65,2016-11-10,-
2021-04-02,603556,XD海兴电,电网设备,11.35518014059754,11.467793497363797,11.233182337434096,11.26133567662566,11.233182337434096,1296640,14601898.29,0.2653,,,否,,,,,,否,488684040,488684040,5503235014.25,5503235014.25,,,,11.25,11.17,11.08,10.97,10.78,11.36,11.65,2016-11-10,-
2021-04-06,603556,XD海兴电,电网设备,11.270720123022848,11.270720123022848,10.885957820738138,11.01734007029877,10.885957820738138,2528255,27854645.12,0.5174,,,否,,,,,,否,488684040,488684040,5383998255.61,5383998255.61,,,,11.21,11.14,11.08,10.98,10.77,11.36,11.65,2016-11-10,-
2021-04-07,603556,XD海兴电,电网设备,11.045493409490334,11.054877855887522,10.885957820738138,10.979802284710019,10.885957820738138,1692658,18585050.18,0.3464,,,否,,,,,,否,488684040,488684040,5365654138.89,5365654138.89,,,,11.19,11.13,11.10,10.99,10.76,11.35,11.64,2016-11-10,-
2021-04-08,603556,XD海兴电,电网设备,10.92349560632689,11.054877855887522,10.895342267135325,10.979802284710019,10.895342267135325,1209179,13276546.35,0.2474,,,否,,,,,,否,488684040,488684040,5365654138.89,5365654138.89,,,,11.12,11.11,11.12,11.01,10.76,11.34,11.64,2016-11-10,-
2021-04-09,603556,XD海兴电,电网设备,11.036108963093147,11.036108963093147,10.904726713532513,10.92349560632689,10.904726713532513,1082139,11820740.61,0.2214,,,否,,,,,,否,488684040,488684040,5338137963.82,5338137963.82,,,,11.04,11.12,11.12,11.02,10.76,11.33,11.64,2016-11-10,-
2021-04-12,603556,XD海兴电,电网设备,10.829651142355008,10.87657337434095,10.454273286467489,10.529348857644992,10.454273286467489,2718348,28622434.41,0.5563,,,否,,,,,,否,488684040,488684040,5145524738.32,5145524738.32,,,,10.89,11.07,11.09,11.01,10.75,11.32,11.64,2016-11-10,-
2021-04-13,603556,XD海兴电,电网设备,10.548117750439369,10.548117750439369,10.388582161687172,10.463657732864675,10.388582161687172,1338821,14008964.71,0.2740,,,否,,,,,,否,488684040,488684040,5113422534.07,5113422534.07,,,,10.77,10.99,11.05,11.00,10.75,11.31,11.63,2016-11-10,-
2021-04-14,603556,XD海兴电,电网设备,10.510579964850615,10.53873330404218,10.388582161687172,10.49181107205624,10.388582161687172,928475,9741384.29,0.1900,,,否,,,,,,否,488684040,488684040,5127180621.61,5127180621.61,,,,10.68,10.93,11.02,10.99,10.75,11.30,11.63,2016-11-10,-
2021-04-15,603556,XD海兴电,电网设备,10.4448888400703,10.519964411247805,10.39796660808436,10.473042179261864,10.39796660808436,1078477,11294935.11,0.2207,,,否,,,,,,否,488684040,488684040,5118008563.25,5118008563.25,,,,10.58,10.85,10.99,10.98,10.75,11.29,11.63,2016-11-10,-
2021-04-16,603556,XD海兴电,电网设备,10.43550439367311,10.604424428822497,10.416735500878735,10.604424428822497,10.416735500878735,1390170,14741952.71,0.2845,,,否,,,,,,否,488684040,488684040,5182212971.75,5182212971.75,,,,10.51,10.77,10.96,10.96,10.75,11.28,11.62,2016-11-10,-
2021-04-19,603556,XD海兴电,电网设备,10.585655536028119,10.698268892794378,10.566886643233744,10.63257776801406,10.566886643233744,1719239,18279942.37,0.3518,,,否,,,,,,否,488684040,488684040,5195971059.29,5195971059.29,,,,10.53,10.71,10.94,10.96,10.74,11.27,11.62,2016-11-10,-
2021-04-20,603556,XD海兴电,电网设备,10.604424428822497,10.726422231985941,10.510579964850615,10.557502196836555,10.510579964850615,1497826,15813301.29,0.3065,,,否,,,,,,否,488684040,488684040,5159282825.86,5159282825.86,,,,10.55,10.66,10.90,10.94,10.74,11.26,11.62,2016-11-10,-
2021-04-21,603556,XD海兴电,电网设备,10.548117750439369,10.557502196836555,10.4448888400703,10.49181107205624,10.4448888400703,881258,9245992.44,0.1803,,,否,,,,,,否,488684040,488684040,5127180621.61,5127180621.61,,,,10.55,10.61,10.87,10.94,10.73,11.25,11.61,2016-11-10,-
2021-04-22,603556,XD海兴电,电网设备,10.49181107205624,10.557502196836555,10.454273286467489,10.473042179261864,10.454273286467489,1058189,11082458.03,0.2165,,,否,,,,,,否,488684040,488684040,5118008563.25,5118008563.25,,,,10.55,10.57,10.84,10.93,10.73,11.23,11.61,2016-11-10,-
2021-04-23,603556,XD海兴电,电网设备,10.473042179261864,10.510579964850615,10.229046572934974,10.30412214411248,10.229046572934974,1664480,17151005.23,0.3406,,,否,,,,,,否,488684040,488684040,5035460038.04,5035460038.04,,,,10.49,10.50,10.81,10.91,10.72,11.22,11.60,2016-11-10,-
2021-04-26,603556,XD海兴电,电网设备,10.266584358523726,10.360428822495606,10.247815465729351,10.30412214411248,10.247815465729351,961023,9902498.38,0.1967,,,否,,,,,,否,488684040,488684040,5035460038.04,5035460038.04,,,,10.43,10.48,10.77,10.89,10.71,11.21,11.60,2016-11-10,-
2021-04-27,603556,XD海兴电,电网设备,10.30412214411248,10.351044376098418,10.116433216168717,10.125817662565906,10.116433216168717,997088,10096331.28,0.2040,,,否,,,,,,否,488684040,488684040,4948325483.65,4948325483.65,,,,10.34,10.44,10.72,10.86,10.71,11.20,11.59,2016-11-10,-
2021-04-28,603556,XD海兴电,电网设备,10.09766432337434,10.219662126537786,10.069510984182777,10.219662126537786,10.069510984182777,758731,7753974.46,0.1553,,,否,,,,,,否,488684040,488684040,4994185775.43,4994185775.43,,,,10.29,10.42,10.68,10.82,10.71,11.19,11.59,2016-11-10,-
2021-04-29,603556,XD海兴电,电网设备,10.191508787346221,10.379197715289983,10.144586555360283,10.379197715289983,10.144586555360283,1271694,13199163.46,0.2602,,,否,,,,,,否,488684040,488684040,5072148271.47,5072148271.47,,,,10.27,10.41,10.63,10.79,10.70,11.17,11.58,2016-11-10,-
2021-04-30,603556,XD海兴电,电网设备,10.107048769771529,10.144586555360283,9.825515377855888,9.834899824253077,9.825515377855888,3288334,32340435.48,0.6729,,,否,,,,,,否,488684040,488684040,4806158579.11,4806158579.11,,,,10.17,10.33,10.55,10.75,10.69,11.15,11.57,2016-11-10,-
2021-05-06,603556,XD海兴电,电网设备,9.844284270650265,9.891206502636203,9.806746485061511,9.872437609841828,9.806746485061511,871813,8606919.45,0.1784,,,否,,,,,,否,488684040,488684040,4824502695.83,4824502695.83,,,,10.09,10.26,10.48,10.71,10.68,11.13,11.56,2016-11-10,-
2021-05-07,603556,XD海兴电,电网设备,9.834899824253077,10.050742091388402,9.825515377855888,9.900590949033393,9.825515377855888,815996,8078842.61,0.1670,,,否,,,,,,否,488684040,488684040,4838260783.36,4838260783.36,,,,10.04,10.19,10.43,10.67,10.67,11.11,11.56,2016-11-10,-
2021-05-10,603556,XD海兴电,电网设备,9.853668717047452,9.938128734622145,9.834899824253077,9.900590949033393,9.834899824253077,948559,9391294.65,0.1941,,,否,,,,,,否,488684040,488684040,4838260783.36,4838260783.36,,,,9.98,10.14,10.37,10.62,10.66,11.09,11.55,2016-11-10,-
2021-05-11,603556,XD海兴电,电网设备,9.900590949033393,9.966282073813709,9.872437609841828,9.909975395430582,9.872437609841828,852085,8444141.38,0.1744,,,否,,,,,,否,488684040,488684040,4842846812.54,4842846812.54,,,,9.88,10.08,10.32,10.59,10.65,11.06,11.55,2016-11-10,-
2021-05-12,603556,XD海兴电,电网设备,9.909975395430582,9.938128734622145,9.891206502636203,9.928744288224957,9.891206502636203,1086883,10791383.38,0.2224,,,否,,,,,,否,488684040,488684040,4852018870.90,4852018870.90,,,,9.90,10.04,10.27,10.56,10.65,11.05,11.54,2016-11-10,-
2021-05-13,603556,XD海兴电,电网设备,9.928744288224957,9.966282073813709,9.872437609841828,9.881822056239017,9.872437609841828,977911,9663542.49,0.2001,,,否,,,,,,否,488684040,488684040,4829088725.00,4829088725.00,,,,9.90,9.99,10.24,10.51,10.65,11.04,11.53,2016-11-10,-
2021-05-14,603556,XD海兴电,电网设备,9.966282073813709,9.994435413005274,9.891206502636203,9.966282073813709,9.891206502636203,1125640,11218445.75,0.2303,,,否,,,,,,否,488684040,488684040,4870362987.61,4870362987.61,,,,9.92,9.98,10.21,10.47,10.65,11.02,11.52,2016-11-10,-
2021-05-17,603556,XD海兴电,电网设备,10.041357644991212,10.088279876977154,9.985050966608085,10.041357644991212,9.985050966608085,2577059,25877171.09,0.5273,,,否,,,,,,否,488684040,488684040,4907051221.04,4907051221.04,,,,9.95,9.97,10.19,10.44,10.65,11.00,11.51,2016-11-10,-
2021-05-18,603556,XD海兴电,电网设备,10.041357644991212,10.069510984182777,9.994435413005274,10.041357644991212,9.994435413005274,874784,8784019.01,0.1790,,,否,,,,,,否,488684040,488684040,4907051221.04,4907051221.04,,,,9.98,9.93,10.17,10.40,10.65,10.97,11.51,2016-11-10,-
2021-05-19,603556,XD海兴电,电网设备,10.06012653778559,10.06012653778559,9.985050966608085,10.022588752196837,9.985050966608085,604945,6063114.95,0.1238,,,否,,,,,,否,488684040,488684040,4897879162.68,4897879162.68,,,,9.99,9.95,10.14,10.35,10.64,10.95,11.51,2016-11-10,-
2021-05-20,603556,XD海兴电,电网设备,9.994435413005274,10.050742091388402,9.909975395430582,9.947513181019332,9.909975395430582,701311,6976300.42,0.1435,,,否,,,,,,否,488684040,488684040,4861190929.25,4861190929.25,,,,10.00,9.96,10.11,10.30,10.63,10.93,11.50,2016-11-10,-
2021-05-21,603556,XD海兴电,电网设备,9.938128734622145,10.06012653778559,9.938128734622145,9.985050966608085,9.938128734622145,578618,5777530.22,0.1184,,,否,,,,,,否,488684040,488684040,4879535045.97,4879535045.97,,,,10.00,9.97,10.08,10.28,10.62,10.91,11.49,2016-11-10,-
2021-05-24,603556,XD海兴电,电网设备,10.022588752196837,10.050742091388402,9.975666520210897,10.003819859402462,9.975666520210897,473988,4741690.57,0.0970,,,否,,,,,,否,488684040,488684040,4888707104.33,4888707104.33,,,,10.00,9.98,10.05,10.24,10.61,10.90,11.49,2016-11-10,-
2021-05-25,603556,XD海兴电,电网设备,9.994435413005274,10.06012653778559,9.994435413005274,10.06012653778559,9.994435413005274,951448,9571687.27,0.1947,,,否,,,,,,否,488684040,488684040,4916223279.40,4916223279.40,,,,10.00,9.99,10.03,10.21,10.60,10.87,11.48,2016-11-10,-
2021-05-26,603556,XD海兴电,电网设备,10.06012653778559,10.088279876977154,10.013204305799649,10.06012653778559,10.013204305799649,1147660,11545604.82,0.2348,,,否,,,,,,否,488684040,488684040,4916223279.40,4916223279.40,,,,10.01,10.00,10.02,10.18,10.60,10.85,11.47,2016-11-10,-
2021-05-27,603556,XD海兴电,电网设备,10.06012653778559,10.135202108963094,10.06012653778559,10.088279876977154,10.06012653778559,1234898,12457996.64,0.2527,,,否,,,,,,否,488684040,488684040,4929981366.93,4929981366.93,,,,10.04,10.02,10.01,10.16,10.59,10.83,11.47,2016-11-10,-
2021-05-28,603556,XD海兴电,电网设备,10.135202108963094,10.135202108963094,10.013204305799649,10.06012653778559,10.013204305799649,1078287,10847703.66,0.2207,,,否,,,,,,否,488684040,488684040,4916223279.40,4916223279.40,,,,10.05,10.03,10.00,10.15,10.58,10.81,11.46,2016-11-10,-
2021-05-31,603556,XD海兴电,电网设备,10.013204305799649,10.078895430579966,10.013204305799649,10.041357644991212,10.013204305799649,865833,8694138.81,0.1772,,,否,,,,,,否,488684040,488684040,4907051221.04,4907051221.04,,,,10.06,10.03,9.99,10.14,10.57,10.79,11.45,2016-11-10,-
2021-06-01,603556,XD海兴电,电网设备,10.013204305799649,10.078895430579966,9.994435413005274,10.078895430579966,9.994435413005274,1110034,11187916.61,0.2271,,,否,,,,,,否,488684040,488684040,4925395337.75,4925395337.75,,,,10.07,10.03,9.99,10.13,10.55,10.77,11.45,2016-11-10,-
2021-06-02,603556,XD海兴电,电网设备,10.088279876977154,10.107048769771529,10.022588752196837,10.022588752196837,10.022588752196837,888030,8900359.49,0.1817,,,否,,,,,,否,488684040,488684040,4897879162.68,4897879162.68,,,,10.06,10.03,9.99,10.11,10.54,10.75,11.44,2016-11-10,-
2021-06-03,603556,XD海兴电,电网设备,10.144586555360283,10.454273286467489,10.144586555360283,10.2102776801406,10.144586555360283,3178619,32454582.63,0.6504,,,否,,,,,,否,488684040,488684040,4989599746.25,4989599746.25,,,,10.08,10.06,10.00,10.09,10.52,10.74,11.44,2016-11-10,-
2021-06-04,603556,XD海兴电,电网设备,10.116433216168717,10.30412214411248,10.050742091388402,10.09766432337434,10.050742091388402,1821641,18394319.34,0.3728,,,否,,,,,,否,488684040,488684040,4934567396.11,4934567396.11,,,,10.09,10.07,10.01,10.08,10.51,10.72,11.43,2016-11-10,-
2021-06-07,603556,XD海兴电,电网设备,10.09766432337434,10.285353251318103,10.06012653778559,10.2102776801406,10.06012653778559,1172443,11970968.59,0.2399,,,否,,,,,,否,488684040,488684040,4989599746.25,4989599746.25,,,,10.13,10.10,10.03,10.07,10.50,10.70,11.43,2016-11-10,-
2021-06-08,603556,XD海兴电,电网设备,10.20089323374341,10.360428822495606,10.20089323374341,10.294737697715291,10.20089323374341,1362885,14030543.59,0.2789,,,否,,,,,,否,488684040,488684040,5030874008.86,5030874008.86,,,,10.16,10.12,10.05,10.06,10.50,10.68,11.43,2016-11-10,-
2021-06-09,603556,XD海兴电,电网设备,10.332275483304043,10.34165992970123,10.191508787346221,10.247815465729351,10.191508787346221,1493816,15308350.71,0.3057,,,否,,,,,,否,488684040,488684040,5007943862.97,5007943862.97,,,,10.21,10.14,10.07,10.06,10.48,10.67,11.42,2016-11-10,-
2021-06-10,603556,XD海兴电,电网设备,10.257199912126538,10.257199912126538,10.144586555360283,10.172739894551846,10.144586555360283,1417191,14416715.42,0.2900,,,否,,,,,,否,488684040,488684040,4971255629.54,4971255629.54,,,,10.20,10.14,10.08,10.05,10.47,10.65,11.41,2016-11-10,-
2021-06-11,603556,XD海兴电,电网设备,10.172739894551846,10.34165992970123,10.163355448154658,10.20089323374341,10.163355448154658,1516832,15473041.29,0.3104,,,否,,,,,,否,488684040,488684040,4985013717.07,4985013717.07,,,,10.23,10.15,10.10,10.06,10.45,10.63,11.41,2016-11-10,-
2021-06-15,603556,XD海兴电,电网设备,10.2102776801406,10.30412214411248,10.069510984182777,10.135202108963094,10.069510984182777,1446852,14664137.44,0.2961,,,否,,,,,,否,488684040,488684040,4952911512.82,4952911512.82,,,,10.21,10.16,10.10,10.05,10.44,10.62,11.40,2016-11-10,-
2021-06-16,603556,XD海兴电,电网设备,10.116433216168717,10.20089323374341,9.975666520210897,9.994435413005274,9.975666520210897,1192657,11919933.36,0.2441,,,否,,,,,,否,488684040,488684040,4884121075.15,4884121075.15,,,,10.15,10.16,10.10,10.04,10.42,10.61,11.39,2016-11-10,-
2021-06-17,603556,XD海兴电,电网设备,10.013204305799649,10.041357644991212,9.891206502636203,9.909975395430582,9.891206502636203,1063577,10540021.90,0.2176,,,否,,,,,,否,488684040,488684040,4842846812.54,4842846812.54,,,,10.08,10.14,10.09,10.04,10.40,10.60,11.38,2016-11-10,-
2021-06-18,603556,XD海兴电,电网设备,9.909975395430582,10.116433216168717,9.891206502636203,10.069510984182777,9.891206502636203,1242660,12512978.52,0.2543,,,否,,,,,,否,488684040,488684040,4920809308.57,4920809308.57,,,,10.06,10.14,10.10,10.05,10.38,10.59,11.38,2016-11-10,-
2021-06-21,603556,XD海兴电,电网设备,10.041357644991212,10.135202108963094,10.003819859402462,10.041357644991212,10.003819859402462,955330,9592810.20,0.1955,,,否,,,,,,否,488684040,488684040,4907051221.04,4907051221.04,,,,10.03,10.13,10.10,10.05,10.36,10.57,11.37,2016-11-10,-
2021-06-22,603556,XD海兴电,电网设备,10.041357644991212,10.135202108963094,10.003819859402462,10.069510984182777,10.003819859402462,1039211,10464346.58,0.2127,,,否,,,,,,否,488684040,488684040,4920809308.57,4920809308.57,,,,10.01,10.12,10.11,10.06,10.34,10.56,11.36,2016-11-10,-
2021-06-23,603556,XD海兴电,电网设备,10.069510984182777,10.153971001757471,10.013204305799649,10.153971001757471,10.013204305799649,1617580,16424860.41,0.3310,,,否,,,,,,否,488684040,488684040,4962083571.18,4962083571.18,,,,10.05,10.10,10.11,10.07,10.32,10.55,11.36,2016-11-10,-
2021-06-24,603556,XD海兴电,电网设备,10.144586555360283,10.182124340949034,10.06012653778559,10.069510984182777,10.06012653778559,1069510,10769442.69,0.2189,,,否,,,,,,否,488684040,488684040,4920809308.57,4920809308.57,,,,10.08,10.08,10.11,10.07,10.31,10.54,11.36,2016-11-10,-
2021-06-25,603556,XD海兴电,电网设备,10.069510984182777,10.069510984182777,9.881822056239017,10.013204305799649,9.881822056239017,1409215,14110757.71,0.2884,,,否,,,,,,否,488684040,488684040,4893293133.50,4893293133.50,,,,10.07,10.07,10.11,10.08,10.29,10.53,11.35,2016-11-10,-
2021-06-28,603556,XD海兴电,电网设备,10.050742091388402,10.135202108963094,10.013204305799649,10.135202108963094,10.013204305799649,1358781,13771520.06,0.2780,,,否,,,,,,否,488684040,488684040,4952911512.82,4952911512.82,,,,10.09,10.06,10.11,10.08,10.28,10.53,11.34,2016-11-10,-
2021-06-29,603556,XD海兴电,电网设备,10.135202108963094,10.144586555360283,9.975666520210897,10.031973198594025,9.975666520210897,1353502,13578295.79,0.2770,,,否,,,,,,否,488684040,488684040,4902465191.86,4902465191.86,,,,10.08,10.05,10.11,10.08,10.26,10.52,11.33,2016-11-10,-
2021-06-30,603556,XD海兴电,电网设备,9.994435413005274,10.050742091388402,9.975666520210897,9.975666520210897,9.975666520210897,871336,8692157.36,0.1783,,,否,,,,,,否,488684040,488684040,4874949016.79,4874949016.79,,,,10.04,10.05,10.11,10.08,10.24,10.51,11.32,2016-11-10,-
2021-07-01,603556,XD海兴电,电网设备,9.975666520210897,10.088279876977154,9.909975395430582,9.947513181019332,9.909975395430582,1452046,14444246.72,0.2971,,,否,,,,,,否,488684040,488684040,4861190929.25,4861190929.25,,,,10.02,10.05,10.10,10.08,10.21,10.50,11.32,2016-11-10,-
2021-07-02,603556,XD海兴电,电网设备,9.947513181019332,9.947513181019332,9.86305316344464,9.881822056239017,9.86305316344464,1367320,13511612.93,0.2798,,,否,,,,,,否,488684040,488684040,4829088725.00,4829088725.00,,,,9.99,10.03,10.08,10.08,10.19,10.48,11.31,2016-11-10,-
2021-07-05,603556,XD海兴电,电网设备,9.881822056239017,9.881822056239017,9.797362038664323,9.816130931458702,9.797362038664323,1065376,10457870.31,0.2180,,,否,,,,,,否,488684040,488684040,4796986520.75,4796986520.75,,,,9.93,10.01,10.07,10.07,10.17,10.47,11.30,2016-11-10,-
2021-07-06,603556,XD海兴电,电网设备,9.853668717047452,9.947513181019332,9.816130931458702,9.900590949033393,9.816130931458702,771695,7640236.53,0.1579,,,否,,,,,,否,488684040,488684040,4838260783.36,4838260783.36,,,,9.90,9.99,10.05,10.07,10.15,10.46,11.29,2016-11-10,-
2021-07-07,603556,XD海兴电,电网设备,9.853668717047452,9.919359841827768,9.834899824253077,9.891206502636203,9.834899824253077,681614,6741984.83,0.1395,,,否,,,,,,否,488684040,488684040,4833674754.18,4833674754.18,,,,9.89,9.97,10.03,10.06,10.14,10.44,11.28,2016-11-10,-
2021-07-08,603556,XD海兴电,电网设备,9.919359841827768,9.919359841827768,9.778593145869948,9.816130931458702,9.778593145869948,1039468,10203553.99,0.2127,,,否,,,,,,否,488684040,488684040,4796986520.75,4796986520.75,,,,9.86,9.94,10.01,10.05,10.12,10.44,11.27,2016-11-10,-
2021-07-09,603556,XD海兴电,电网设备,9.816130931458702,9.919359841827768,9.816130931458702,9.881822056239017,9.816130931458702,845873,8358766.47,0.1731,,,否,,,,,,否,488684040,488684040,4829088725.00,4829088725.00,,,,9.86,9.93,9.99,10.04,10.11,10.43,11.26,2016-11-10,-
2021-07-12,603556,XD海兴电,电网设备,9.891206502636203,10.003819859402462,9.891206502636203,9.975666520210897,9.891206502636203,1399186,13957812.94,0.2863,,,否,,,,,,否,488684040,488684040,4874949016.79,4874949016.79,,,,9.89,9.91,9.99,10.04,10.10,10.43,11.25,2016-11-10,-
2021-07-13,603556,XD海兴电,电网设备,9.95689762741652,10.09766432337434,9.947513181019332,10.069510984182777,9.947513181019332,1311320,13204351.14,0.2683,,,否,,,,,,否,488684040,488684040,4920809308.57,4920809308.57,,,,9.93,9.92,9.99,10.04,10.09,10.42,11.24,2016-11-10,-
2021-07-14,603556,XD海兴电,电网设备,10.088279876977154,10.125817662565906,10.003819859402462,10.031973198594025,10.003819859402462,1086388,10898615.30,0.2223,,,否,,,,,,否,488684040,488684040,4902465191.86,4902465191.86,,,,9.96,9.92,9.99,10.04,10.08,10.42,11.23,2016-11-10,-
2021-07-15,603556,XD海兴电,电网设备,10.050742091388402,10.050742091388402,9.900590949033393,9.966282073813709,9.900590949033393,800640,7979404.08,0.1638,,,否,,,,,,否,488684040,488684040,4870362987.61,4870362987.61,,,,9.99,9.92,9.99,10.04,10.07,10.41,11.22,2016-11-10,-
2021-07-16,603556,XD海兴电,电网设备,9.900590949033393,9.994435413005274,9.881822056239017,9.985050966608085,9.881822056239017,973625,9721695.25,0.1992,,,否,,,,,,否,488684040,488684040,4879535045.97,4879535045.97,,,,10.00,9.94,9.99,10.03,10.06,10.40,11.21,2016-11-10,-
2021-07-19,603556,XD海兴电,电网设备,9.938128734622145,10.088279876977154,9.834899824253077,10.088279876977154,9.834899824253077,1309276,13208342.72,0.2679,,,否,,,,,,否,488684040,488684040,4929981366.93,4929981366.93,,,,10.03,9.96,9.99,10.03,10.05,10.40,11.21,2016-11-10,-
2021-07-20,603556,XD海兴电,电网设备,10.041357644991212,10.088279876977154,9.919359841827768,9.919359841827768,9.919359841827768,1105100,10961884.56,0.2261,,,否,,,,,,否,488684040,488684040,4847432841.72,4847432841.72,,,,9.99,9.97,9.98,10.02,10.04,10.39,11.19,2016-11-10,-
2021-07-21,603556,XD海兴电,电网设备,9.928744288224957,9.975666520210897,9.881822056239017,9.95689762741652,9.881822056239017,957849,9537204.44,0.1960,,,否,,,,,,否,488684040,488684040,4865776958.43,4865776958.43,,,,9.99,9.97,9.97,10.01,10.03,10.38,11.18,2016-11-10,-
2021-07-22,603556,XD海兴电,电网设备,9.947513181019332,10.031973198594025,9.900590949033393,10.003819859402462,9.900590949033393,952224,9525877.36,0.1949,,,否,,,,,,否,488684040,488684040,4888707104.33,4888707104.33,,,,9.99,9.99,9.97,10.00,10.03,10.37,11.17,2016-11-10,-
2021-07-23,603556,XD海兴电,电网设备,9.975666520210897,9.975666520210897,9.872437609841828,9.95689762741652,9.872437609841828,1124430,11195834.40,0.2301,,,否,,,,,,否,488684040,488684040,4865776958.43,4865776958.43,,,,9.99,9.99,9.97,9.99,10.02,10.37,11.16,2016-11-10,-
2021-07-26,603556,XD海兴电,电网设备,9.938128734622145,9.938128734622145,9.787977592267136,9.825515377855888,9.787977592267136,990347,9730669.68,0.2027,,,否,,,,,,否,488684040,488684040,4801572549.93,4801572549.93,,,,9.93,9.99,9.95,9.99,10.02,10.36,11.15,2016-11-10,-
2021-07-27,603556,XD海兴电,电网设备,9.844284270650265,9.928744288224957,9.665979789103693,9.853668717047452,9.665979789103693,1784989,17588690.27,0.3653,,,否,,,,,,否,488684040,488684040,4815330637.47,4815330637.47,,,,9.92,9.96,9.94,9.98,10.01,10.36,11.14,2016-11-10,-
2021-07-28,603556,XD海兴电,电网设备,9.797362038664323,9.853668717047452,9.553366432337434,9.61905755711775,9.553366432337434,1132522,10893794.30,0.2317,,,否,,,,,,否,488684040,488684040,4700679908.00,4700679908.00,,,,9.85,9.92,9.92,9.97,10.00,10.35,11.13,2016-11-10,-
2021-07-29,603556,XD海兴电,电网设备,9.647210896309314,9.703517574692443,9.61905755711775,9.647210896309314,9.61905755711775,815993,7872056.56,0.1670,,,否,,,,,,否,488684040,488684040,4714437995.54,4714437995.54,,,,9.78,9.88,9.90,9.96,9.99,10.34,11.12,2016-11-10,-
2021-07-30,603556,XD海兴电,电网设备,9.684748681898068,10.613808875219684,9.600288664323376,10.613808875219684,9.600288664323376,9301302,98722241.72,1.9033,,,否,,,,,,是,488684040,488684040,5186799000.93,5186799000.93,,,,9.91,9.95,9.94,9.98,10.01,10.34,11.11,2016-11-10,-
2021-08-02,603556,XD海兴电,电网设备,11.073646748681899,11.674251318101934,10.87657337434095,10.895342267135325,10.87657337434095,16988469,185095184.35,3.4764,,,否,,,,,,否,488684040,488684040,5324379876.29,5324379876.29,,,,10.13,10.03,9.99,10.00,10.02,10.35,11.10,2016-11-10,-
2021-08-03,603556,XD海兴电,电网设备,10.726422231985941,10.885957820738138,10.651346660808436,10.726422231985941,10.651346660808436,7207439,77310033.93,1.4749,,,否,,,,,,否,488684040,488684040,5241831351.07,5241831351.07,,,,10.30,10.11,10.03,10.02,10.04,10.35,11.10,2016-11-10,-
2021-08-04,603556,XD海兴电,电网设备,10.613808875219684,11.45840905096661,10.510579964850615,11.242566783831284,10.510579964850615,11555767,129916482.24,2.3647,,,否,,,,,,否,488684040,488684040,5494062955.89,5494062955.89,,,,10.62,10.24,10.11,10.06,10.06,10.36,11.10,2016-11-10,-
2021-08-05,603556,XD海兴电,电网设备,11.073646748681899,11.195644551845342,10.810882249560633,10.989186731107207,10.810882249560633,5480613,60227479.66,1.1215,,,否,,,,,,否,488684040,488684040,5370240168.07,5370240168.07,,,,10.90,10.34,10.16,10.09,10.08,10.37,11.09,2016-11-10,-
2021-08-06,603556,XD海兴电,电网设备,10.904726713532513,10.904726713532513,10.519964411247805,10.557502196836555,10.519964411247805,5665208,59810445.91,1.1593,,,否,,,,,,否,488684040,488684040,5159282825.86,5159282825.86,,,,10.89,10.40,10.20,10.11,10.09,10.37,11.09,2016-11-10,-
2021-08-09,603556,XD海兴电,电网设备,10.595039982425307,10.698268892794378,10.519964411247805,10.613808875219684,10.519964411247805,2934285,31143940.18,0.6004,,,否,,,,,,否,488684040,488684040,5186799000.93,5186799000.93,,,,10.83,10.47,10.23,10.13,10.11,10.38,11.08,2016-11-10,-
2021-08-10,603556,XD海兴电,电网设备,10.64196221441125,11.11118453427065,10.529348857644992,11.007955623901584,10.529348857644992,6026788,66342614.86,1.2333,,,否,,,,,,否,488684040,488684040,5379412226.43,5379412226.43,,,,10.89,10.60,10.28,10.15,10.12,10.39,11.08,2016-11-10,-
2021-08-11,603556,XD海兴电,电网设备,10.914111159929703,12.105935852372586,10.829651142355008,12.105935852372586,10.829651142355008,16985042,205619828.90,3.4757,,,否,,,,,,是,488684040,488684040,5915977640.32,5915977640.32,,,,11.05,10.84,10.38,10.23,10.15,10.40,11.07,2016-11-10,-
2021-08-12,603556,XD海兴电,电网设备,12.471929261862918,12.922382688927945,12.115320298769772,12.162242530755714,12.115320298769772,19963207,242797365.23,4.0851,,,否,,,,,,否,488684040,488684040,5943493815.39,5943493815.39,,,,11.29,11.09,10.49,10.30,10.19,10.42,11.07,2016-11-10,-
2021-08-13,603556,XD海兴电,电网设备,12.237318101933216,12.256086994727594,11.711789103690686,11.83378690685413,11.711789103690686,9632228,113985733.59,1.9711,,,否,,,,,,否,488684040,488684040,5782982794.14,5782982794.14,,,,11.54,11.21,10.59,10.37,10.22,10.43,11.07,2016-11-10,-
2021-08-16,603556,XD海兴电,电网设备,11.786864674868191,12.199780316344464,11.608560193321617,11.627329086115994,11.608560193321617,8362620,97234934.76,1.7113,,,否,,,,,,否,488684040,488684040,5682090152.21,5682090152.21,,,,11.75,11.29,10.66,10.43,10.25,10.44,11.07,2016-11-10,-
2021-08-17,603556,XD海兴电,电网设备,11.64609797891037,11.83378690685413,11.35518014059754,11.383333479789105,11.35518014059754,5881125,66946807.11,1.2035,,,否,,,,,,否,488684040,488684040,5562853393.57,5562853393.57,,,,11.82,11.36,10.74,10.47,10.27,10.44,11.07,2016-11-10,-
2021-08-18,603556,XD海兴电,电网设备,11.308257908611601,11.44902460456942,11.251951230228473,11.402102372583482,11.251951230228473,3675595,41909510.47,0.7521,,,否,,,,,,否,488684040,488684040,5572025451.93,5572025451.93,,,,11.68,11.36,10.80,10.53,10.29,10.45,11.06,2016-11-10,-
2021-08-19,603556,XD海兴电,电网设备,11.308257908611601,11.364564586994728,10.97041783831283,10.989186731107207,10.97041783831283,5625557,61820296.34,1.1512,,,否,,,,,,否,488684040,488684040,5370240168.07,5370240168.07,,,,11.45,11.36,10.85,10.57,10.30,10.45,11.06,2016-11-10,-
2021-08-20,603556,XD海兴电,电网设备,10.979802284710019,11.289489015817223,10.670115553602812,10.857804481546573,10.670115553602812,5961119,64724664.59,1.2198,,,否,,,,,,否,488684040,488684040,5306035759.57,5306035759.57,,,,11.25,11.40,10.90,10.60,10.32,10.45,11.05,2016-11-10,-
2021-08-23,603556,XD海兴电,电网设备,10.87657337434095,11.176875659050967,10.857804481546573,11.158106766256592,10.857804481546573,3377164,37682756.48,0.6911,,,否,,,,,,否,488684040,488684040,5452788693.29,5452788693.29,,,,11.16,11.45,10.96,10.63,10.34,10.45,11.05,2016-11-10,-
2021-08-24,603556,XD海兴电,电网设备,11.223797891036908,11.411486818980668,11.101800087873462,11.176875659050967,11.101800087873462,5046876,56408305.52,1.0327,,,否,,,,,,否,488684040,488684040,5461960751.64,5461960751.64,,,,11.12,11.47,11.03,10.67,10.36,10.46,11.05,2016-11-10,-
2021-08-25,603556,XD海兴电,电网设备,11.195644551845342,11.542869068541302,10.998571177504395,11.373949033391916,10.998571177504395,4932862,56106120.98,1.0094,,,否,,,,,,否,488684040,488684040,5558267364.39,5558267364.39,,,,11.11,11.39,11.12,10.72,10.38,10.46,11.05,2016-11-10,-
2021-08-26,603556,XD海兴电,电网设备,11.364564586994728,11.861940246045696,11.327026801405976,11.58979130052724,11.327026801405976,8176466,94763534.52,1.6732,,,否,,,,,,否,488684040,488684040,5663746035.50,5663746035.50,,,,11.23,11.34,11.21,10.77,10.41,10.47,11.05,2016-11-10,-
2021-08-27,603556,XD海兴电,电网设备,11.664866871704746,11.664866871704746,11.167491212653779,11.495946836555362,11.167491212653779,5425840,62375168.18,1.1103,,,否,,,,,,否,488684040,488684040,5617885743.71,5617885743.71,,,,11.36,11.31,11.26,10.82,10.43,10.47,11.04,2016-11-10,-
2021-08-30,603556,XD海兴电,电网设备,11.045493409490334,11.373949033391916,10.951648945518453,11.167491212653779,10.951648945518453,5854375,65378681.37,1.1980,,,否,,,,,,否,488684040,488684040,5457374722.46,5457374722.46,,,,11.36,11.26,11.27,10.86,10.44,10.47,11.04,2016-11-10,-
2021-08-31,603556,XD海兴电,电网设备,11.073646748681899,11.20502899824253,10.904726713532513,10.951648945518453,10.904726713532513,3496390,38291235.86,0.7155,,,否,,,,,,否,488684040,488684040,5351896051.36,5351896051.36,,,,11.32,11.21,11.28,10.90,10.45,10.48,11.04,2016-11-10,-
2021-09-01,603556,XD海兴电,电网设备,10.951648945518453,11.749326889279438,10.951648945518453,11.251951230228473,10.951648945518453,5580551,62792087.69,1.1420,,,否,,,,,,否,488684040,488684040,5498648985.07,5498648985.07,,,,11.29,11.21,11.29,10.93,10.47,10.48,11.03,2016-11-10,-
2021-09-02,603556,XD海兴电,电网设备,11.195644551845342,11.64609797891037,11.083031195079087,11.571022407732865,11.083031195079087,5974009,69125392.00,1.2225,,,否,,,,,,否,488684040,488684040,5654573977.14,5654573977.14,,,,11.29,11.26,11.32,10.99,10.49,10.49,11.03,2016-11-10,-
2021-09-03,603556,XD海兴电,电网设备,11.571022407732865,11.664866871704746,11.35518014059754,11.373949033391916,11.35518014059754,4650485,52894379.37,0.9516,,,否,,,,,,否,488684040,488684040,5558267364.39,5558267364.39,,,,11.26,11.31,11.36,11.04,10.52,10.49,11.03,2016-11-10,-
2021-09-06,603556,XD海兴电,电网设备,11.364564586994728,11.55225351493849,11.242566783831284,11.317642355008788,11.242566783831284,3889501,44019981.26,0.7959,,,否,,,,,,否,488684040,488684040,5530751189.32,5530751189.32,,,,11.29,11.33,11.39,11.08,10.54,10.49,11.02,2016-11-10,-
2021-09-07,603556,XD海兴电,电网设备,11.317642355008788,11.467793497363797,11.26133567662566,11.35518014059754,11.26133567662566,3384358,38429994.75,0.6925,,,否,,,,,,否,488684040,488684040,5549095306.03,5549095306.03,,,,11.37,11.35,11.41,11.14,10.56,10.49,11.02,2016-11-10,-
2021-09-08,603556,XD海兴电,电网设备,11.35518014059754,11.533484622144112,11.289489015817223,11.486562390158173,11.289489015817223,3638300,41791559.94,0.7445,,,否,,,,,,否,488684040,488684040,5613299714.53,5613299714.53,,,,11.42,11.36,11.37,11.20,10.58,10.50,11.01,2016-11-10,-
2021-09-09,603556,XD海兴电,电网设备,11.495946836555362,11.524100175746925,11.158106766256592,11.233182337434096,11.158106766256592,4234994,47572459.80,0.8666,,,否,,,,,,否,488684040,488684040,5489476926.71,5489476926.71,,,,11.36,11.32,11.33,11.25,10.60,10.50,11.01,2016-11-10,-
2021-09-10,603556,XD海兴电,电网设备,11.20502899824253,11.486562390158173,11.167491212653779,11.195644551845342,11.167491212653779,3885576,43501527.78,0.7951,,,否,,,,,,否,488684040,488684040,5471132810.00,5471132810.00,,,,11.32,11.29,11.30,11.27,10.62,10.50,11.00,2016-11-10,-
2021-09-13,603556,XD海兴电,电网设备,11.092415641476276,11.26133567662566,10.989186731107207,11.233182337434096,10.989186731107207,3127198,35128385.34,0.6399,,,否,,,,,,否,488684040,488684040,5489476926.71,5489476926.71,,,,11.30,11.30,11.28,11.28,10.64,10.50,11.00,2016-11-10,-
2021-09-14,603556,XD海兴电,电网设备,11.26133567662566,11.26133567662566,10.867188927943761,10.904726713532513,10.867188927943761,3603853,39299032.08,0.7375,,,否,,,,,,否,488684040,488684040,5328965905.46,5328965905.46,,,,11.21,11.29,11.25,11.29,10.65,10.50,10.99,2016-11-10,-
2021-09-15,603556,XD海兴电,电网设备,10.895342267135325,11.176875659050967,10.857804481546573,11.073646748681899,10.857804481546573,2846586,31522087.80,0.5825,,,否,,,,,,否,488684040,488684040,5411514430.68,5411514430.68,,,,11.13,11.27,11.24,11.28,10.67,10.50,10.99,2016-11-10,-
2021-09-16,603556,XD海兴电,电网设备,11.073646748681899,11.176875659050967,10.810882249560633,10.829651142355008,10.810882249560633,2835370,30706067.96,0.5802,,,否,,,,,,否,488684040,488684040,5292277672.04,5292277672.04,,,,11.05,11.21,11.23,11.28,10.68,10.50,10.98,2016-11-10,-
2021-09-17,603556,XD海兴电,电网设备,10.87657337434095,10.989186731107207,10.763960017574695,10.989186731107207,10.763960017574695,1750830,19240197.80,0.3583,,,否,,,,,,否,488684040,488684040,5370240168.07,5370240168.07,,,,11.01,11.16,11.23,11.29,10.70,10.50,10.98,2016-11-10,-
2021-09-22,603556,XD海兴电,电网设备,10.867188927943761,11.561637961335677,10.810882249560633,11.524100175746925,10.810882249560633,6283843,72415636.22,1.2859,,,否,,,,,,否,488684040,488684040,5631643831.25,5631643831.25,,,,11.06,11.19,11.25,11.32,10.73,10.50,10.98,2016-11-10,-
2021-09-23,603556,XD海兴电,电网设备,11.495946836555362,11.608560193321617,11.345795694200351,11.439640158172232,11.345795694200351,4147823,47449602.56,0.8488,,,否,,,,,,否,488684040,488684040,5590369568.64,5590369568.64,,,,11.17,11.20,11.27,11.34,10.75,10.50,10.98,2016-11-10,-
2021-09-24,603556,XD海兴电,电网设备,11.45840905096661,11.505331282952548,11.083031195079087,11.101800087873462,11.083031195079087,3266320,36262031.66,0.6684,,,否,,,,,,否,488684040,488684040,5425272518.21,5425272518.21,,,,11.18,11.15,11.25,11.30,10.76,10.50,10.97,2016-11-10,-
2021-09-27,603556,XD海兴电,电网设备,11.101800087873462,11.364564586994728,10.839035588752198,10.92349560632689,10.839035588752198,3075897,33599547.37,0.6294,,,否,,,,,,否,488684040,488684040,5338137963.82,5338137963.82,,,,11.20,11.12,11.22,11.26,10.78,10.50,10.97,2016-11-10,-
2021-09-28,603556,XD海兴电,电网设备,10.904726713532513,11.167491212653779,10.792113356766258,11.11118453427065,10.792113356766258,3204206,35602524.15,0.6557,,,否,,,,,,否,488684040,488684040,5429858547.39,5429858547.39,,,,11.22,11.11,11.21,11.23,10.80,10.49,10.96,2016-11-10,-
2021-09-29,603556,XD海兴电,电网设备,10.989186731107207,11.11118453427065,10.6795,10.68888444639719,10.6795,2829672,30246037.03,0.5790,,,否,,,,,,否,488684040,488684040,5223487234.36,5223487234.36,,,,11.05,11.05,11.18,11.21,10.81,10.49,10.96,2016-11-10,-
2021-09-30,603556,XD海兴电,电网设备,10.64196221441125,10.839035588752198,10.595039982425307,10.763960017574695,10.595039982425307,2718896,29266087.84,0.5564,,,否,,,,,,否,488684040,488684040,5260175467.79,5260175467.79,,,,10.91,11.05,11.17,11.19,10.83,10.49,10.95,2016-11-10,-
2021-10-08,603556,XD海兴电,电网设备,10.951648945518453,10.998571177504395,10.717037785588753,10.754575571177506,10.717037785588753,2650835,28508605.33,0.5424,,,否,,,,,,否,488684040,488684040,5255589438.61,5255589438.61,,,,10.85,11.02,11.14,11.17,10.85,10.49,10.95,2016-11-10,-
2021-10-11,603556,XD海兴电,电网设备,10.801497803163445,10.829651142355008,10.623193321616872,10.64196221441125,10.623193321616872,1771358,18850724.90,0.3625,,,否,,,,,,否,488684040,488684040,5200557088.47,5200557088.47,,,,10.79,11.00,11.10,11.15,10.86,10.49,10.94,2016-11-10,-
2021-10-12,603556,XD海兴电,电网设备,10.707653339191564,10.707653339191564,10.247815465729351,10.30412214411248,10.247815465729351,2912294,30008633.10,0.5959,,,否,,,,,,否,488684040,488684040,5035460038.04,5035460038.04,,,,10.63,10.92,11.05,11.13,10.87,10.48,10.93,2016-11-10,-
2021-10-13,603556,XD海兴电,电网设备,10.332275483304043,10.379197715289983,10.219662126537786,10.351044376098418,10.219662126537786,874520,9052195.33,0.1790,,,否,,,,,,否,488684040,488684040,5058390183.93,5058390183.93,,,,10.57,10.81,11.00,11.10,10.87,10.48,10.93,2016-11-10,-
2021-10-14,603556,XD海兴电,电网设备,10.369813268892795,10.6795,10.247815465729351,10.529348857644992,10.247815465729351,1767660,18612308.80,0.3617,,,否,,,,,,否,488684040,488684040,5145524738.32,5145524738.32,,,,10.52,10.72,10.95,11.08,10.88,10.48,10.92,2016-11-10,-
2021-10-15,603556,XD海兴电,电网设备,10.519964411247805,10.566886643233744,10.34165992970123,10.351044376098418,10.34165992970123,1017654,10533781.71,0.2082,,,否,,,,,,否,488684040,488684040,5058390183.93,5058390183.93,,,,10.44,10.64,10.90,11.05,10.89,10.48,10.91,2016-11-10,-
2021-10-18,603556,XD海兴电,电网设备,10.407351054481547,10.501195518453427,10.257199912126538,10.473042179261864,10.257199912126538,811260,8496360.20,0.1660,,,否,,,,,,否,488684040,488684040,5118008563.25,5118008563.25,,,,10.40,10.60,10.86,11.02,10.90,10.48,10.91,2016-11-10,-
2021-10-19,603556,XD海兴电,电网设备,10.426119947275923,10.585655536028119,10.416735500878735,10.529348857644992,10.416735500878735,822103,8656209.28,0.1682,,,否,,,,,,否,488684040,488684040,5145524738.32,5145524738.32,,,,10.44,10.54,10.83,10.98,10.90,10.48,10.91,2016-11-10,-
2021-10-20,603556,XD海兴电,电网设备,10.501195518453427,10.660731107205624,10.43550439367311,10.519964411247805,10.43550439367311,1364307,14352461.09,0.2792,,,否,,,,,,否,488684040,488684040,5140938709.14,5140938709.14,,,,10.48,10.52,10.79,10.96,10.90,10.48,10.90,2016-11-10,-
2021-10-21,603556,XD海兴电,电网设备,10.557502196836555,10.64196221441125,10.39796660808436,10.39796660808436,10.39796660808436,1324450,13771586.87,0.2710,,,否,,,,,,否,488684040,488684040,5081320329.82,5081320329.82,,,,10.45,10.48,10.76,10.94,10.91,10.48,10.90,2016-11-10,-
2021-10-22,603556,XD海兴电,电网设备,10.407351054481547,10.529348857644992,10.229046572934974,10.229046572934974,10.229046572934974,1601633,16383178.55,0.3277,,,否,,,,,,否,488684040,488684040,4998771804.61,4998771804.61,,,,10.43,10.44,10.73,10.90,10.92,10.48,10.90,2016-11-10,-
2021-10-25,603556,XD海兴电,电网设备,10.229046572934974,10.416735500878735,10.088279876977154,10.369813268892795,10.088279876977154,1561594,16193438.18,0.3196,,,否,,,,,,否,488684040,488684040,5067562242.29,5067562242.29,,,,10.41,10.41,10.70,10.87,10.92,10.48,10.89,2016-11-10,-
2021-10-26,603556,XD海兴电,电网设备,10.360428822495606,10.407351054481547,10.238431019332163,10.275968804920915,10.238431019332163,995838,10233200.22,0.2038,,,否,,,,,,否,488684040,488684040,5021701950.50,5021701950.50,,,,10.36,10.41,10.66,10.83,10.93,10.48,10.89,2016-11-10,-
2021-10-27,603556,XD海兴电,电网设备,10.360428822495606,10.360428822495606,10.107048769771529,10.153971001757471,10.107048769771529,1386047,14073881.05,0.2836,,,否,,,,,,否,488684040,488684040,4962083571.18,4962083571.18,,,,10.29,10.38,10.60,10.79,10.94,10.48,10.88,2016-11-10,-
2021-10-28,603556,XD海兴电,电网设备,10.09766432337434,10.20089323374341,9.928744288224957,10.013204305799649,9.928744288224957,1281560,12832522.11,0.2622,,,否,,,,,,否,488684040,488684040,4893293133.50,4893293133.50,,,,10.21,10.33,10.52,10.75,10.94,10.47,10.87,2016-11-10,-
2021-10-29,603556,XD海兴电,电网设备,10.013204305799649,10.050742091388402,9.797362038664323,10.013204305799649,9.797362038664323,1013325,10146630.25,0.2074,,,否,,,,,,否,488684040,488684040,4893293133.50,4893293133.50,,,,10.16,10.29,10.47,10.70,10.95,10.47,10.86,2016-11-10,-
2021-11-01,603556,XD海兴电,电网设备,9.881822056239017,10.351044376098418,9.825515377855888,10.257199912126538,9.825515377855888,1865122,19130929.21,0.3817,,,否,,,,,,否,488684040,488684040,5012529892.15,5012529892.15,,,,10.14,10.28,10.44,10.66,10.96,10.48,10.86,2016-11-10,-
2021-11-02,603556,XD海兴电,电网设备,10.257199912126538,10.34165992970123,10.031973198594025,10.144586555360283,10.031973198594025,1250055,12681291.15,0.2558,,,否,,,,,,否,488684040,488684040,4957497542.00,4957497542.00,,,,10.12,10.24,10.39,10.63,10.95,10.48,10.85,2016-11-10,-
2021-11-03,603556,XD海兴电,电网设备,10.135202108963094,10.2102776801406,10.050742091388402,10.191508787346221,10.050742091388402,892790,9098877.13,0.1827,,,否,,,,,,否,488684040,488684040,4980427687.90,4980427687.90,,,,10.13,10.20,10.36,10.60,10.94,10.48,10.85,2016-11-10,-
2021-11-04,603556,XD海兴电,电网设备,10.20089323374341,10.510579964850615,10.20089323374341,10.43550439367311,10.20089323374341,1906823,19898659.79,0.3902,,,否,,,,,,否,488684040,488684040,5099664446.54,5099664446.54,,,,10.21,10.21,10.35,10.58,10.93,10.48,10.84,2016-11-10,-
2021-11-05,603556,XD海兴电,电网设备,10.4448888400703,11.06426230228471,10.322891036906855,10.576271089630932,10.322891036906855,2717986,28746156.75,0.5562,,,否,,,,,,否,488684040,488684040,5168454884.22,5168454884.22,,,,10.32,10.25,10.34,10.57,10.92,10.49,10.83,2016-11-10,-
2021-11-08,603556,XD海兴电,电网设备,10.482426625659052,10.895342267135325,10.454273286467489,10.6795,10.454273286467489,1379776,14735317.79,0.2823,,,否,,,,,,否,488684040,488684040,5218901205.18,5218901205.18,,,,10.41,10.28,10.34,10.56,10.91,10.50,10.83,2016-11-10,-
2021-11-09,603556,XD海兴电,电网设备,10.810882249560633,10.829651142355008,10.613808875219684,10.78272891036907,10.613808875219684,2160223,23293098.99,0.4420,,,否,,,,,,否,488684040,488684040,5269347526.14,5269347526.14,,,,10.53,10.32,10.36,10.55,10.92,10.51,10.82,2016-11-10,-
2021-11-10,603556,XD海兴电,电网设备,10.754575571177506,10.763960017574695,10.529348857644992,10.707653339191564,10.529348857644992,1366298,14629845.34,0.2796,,,否,,,,,,否,488684040,488684040,5232659292.72,5232659292.72,,,,10.63,10.38,10.38,10.52,10.92,10.51,10.82,2016-11-10,-
2021-11-11,603556,XD海兴电,电网设备,10.707653339191564,10.885957820738138,10.68888444639719,10.707653339191564,10.68888444639719,1578104,16897790.57,0.3229,,,否,,,,,,否,488684040,488684040,5232659292.72,5232659292.72,,,,10.69,10.45,10.39,10.50,10.91,10.52,10.81,2016-11-10,-
2021-11-12,603556,XD海兴电,电网设备,10.698268892794378,10.848420035149386,10.660731107205624,10.801497803163445,10.660731107205624,1422261,15362549.07,0.2910,,,否,,,,,,否,488684040,488684040,5278519584.50,5278519584.50,,,,10.74,10.53,10.42,10.49,10.90,10.52,10.81,2016-11-10,-
2021-11-15,603556,XD海兴电,电网设备,11.092415641476276,11.880709138840071,11.083031195079087,11.880709138840071,11.083031195079087,15152179,180018631.52,3.1006,,,否,,,,,,是,488684040,488684040,5805912940.03,5805912940.03,,,,10.98,10.69,10.48,10.52,10.90,10.54,10.81,2016-11-10,-
2021-11-16,603556,XD海兴电,电网设备,11.627329086115994,12.134089191564149,11.542869068541302,11.758711335676626,11.542869068541302,11323825,133153589.39,2.3172,,,否,,,,,,否,488684040,488684040,5746294560.71,5746294560.71,,,,11.17,10.85,10.55,10.54,10.89,10.56,10.81,2016-11-10,-
2021-11-17,603556,XD海兴电,电网设备,11.805633567662566,12.434391476274167,11.608560193321617,12.265471441124781,11.608560193321617,11713217,143668128.60,2.3969,,,否,,,,,,否,488684040,488684040,5993940136.35,5993940136.35,,,,11.49,11.06,10.63,10.60,10.90,10.58,10.80,2016-11-10,-
2021-11-18,603556,XD海兴电,电网设备,12.115320298769772,12.181011423550089,11.749326889279438,11.899478031634446,11.749326889279438,7467013,88853557.16,1.5280,,,否,,,,,,否,488684040,488684040,5815084998.39,5815084998.39,,,,11.72,11.21,10.71,10.63,10.90,10.59,10.80,2016-11-10,-
2021-11-19,603556,XD海兴电,电网设备,11.843171353251318,11.9370158172232,11.617944639718807,11.617944639718807,11.617944639718807,5399199,62727595.08,1.1048,,,否,,,,,,否,488684040,488684040,5677504123.03,5677504123.03,,,,11.88,11.31,10.77,10.66,10.91,10.60,10.80,2016-11-10,-
2021-11-22,603556,XD海兴电,电网设备,11.815018014059754,11.871324692442883,11.608560193321617,11.786864674868191,11.608560193321617,4042590,47649461.27,0.8272,,,否,,,,,,否,488684040,488684040,5760052648.25,5760052648.25,,,,11.86,11.42,10.85,10.70,10.92,10.61,10.80,2016-11-10,-
2021-11-23,603556,XD海兴电,电网设备,11.786864674868191,12.040244727592269,11.711789103690686,11.786864674868191,11.711789103690686,3996688,47108420.60,0.8178,,,否,,,,,,否,488684040,488684040,5760052648.25,5760052648.25,,,,11.87,11.52,10.92,10.75,10.94,10.63,10.80,2016-11-10,-
2021-11-24,603556,XD海兴电,电网设备,11.711789103690686,11.880709138840071,11.627329086115994,11.815018014059754,11.627329086115994,3009593,35558395.51,0.6159,,,否,,,,,,否,488684040,488684040,5773810735.78,5773810735.78,,,,11.78,11.64,11.01,10.80,10.95,10.64,10.80,2016-11-10,-
2021-11-25,603556,XD海兴电,电网设备,11.852555799648508,12.60331151142355,11.711789103690686,12.265471441124781,11.711789103690686,10811135,132603667.59,2.2123,,,否,,,,,,否,488684040,488684040,5993940136.35,5993940136.35,,,,11.85,11.79,11.12,10.86,10.97,10.66,10.80,2016-11-10,-
2021-11-26,603556,XD海兴电,电网设备,12.096551405975397,12.134089191564149,11.721173550087874,11.730557996485063,11.721173550087874,5409074,63451456.26,1.1069,,,否,,,,,,否,488684040,488684040,5732536473.18,5732536473.18,,,,11.88,11.88,11.21,10.90,10.98,10.68,10.79,2016-11-10,-
2021-11-29,603556,XD海兴电,电网设备,11.477177943760985,11.965169156414763,11.411486818980668,11.880709138840071,11.411486818980668,4535030,53879372.37,0.9280,,,否,,,,,,否,488684040,488684040,5805912940.03,5805912940.03,,,,11.90,11.88,11.29,10.95,10.98,10.70,10.79,2016-11-10,-
2021-11-30,603556,XD海兴电,电网设备,11.965169156414763,12.396853690685415,11.852555799648508,11.993322495606327,11.852555799648508,5529901,66321886.06,1.1316,,,否,,,,,,否,488684040,488684040,5860945290.18,5860945290.18,,,,11.94,11.91,11.37,11.00,10.99,10.71,10.79,2016-11-10,-
2021-12-01,603556,XD海兴电,电网设备,12.22793365553603,12.22793365553603,11.899478031634446,11.98393804920914,11.899478031634446,3330531,39912877.17,0.6815,,,否,,,,,,否,488684040,488684040,5856359261.00,5856359261.00,,,,11.97,11.88,11.47,11.05,11.00,10.73,10.79,2016-11-10,-
2021-12-02,603556,XD海兴电,电网设备,11.946400263620388,12.059013620386644,11.674251318101934,11.68363576449912,11.674251318101934,3019916,35283598.58,0.6180,,,否,,,,,,否,488684040,488684040,5709606327.28,5709606327.28,,,,11.85,11.85,11.53,11.09,11.02,10.74,10.78,2016-11-10,-
2021-12-03,603556,XD海兴电,电网设备,11.843171353251318,12.36870035149385,11.617944639718807,12.265471441124781,11.617944639718807,7507932,92088325.53,1.5364,,,否,,,,,,否,488684040,488684040,5993940136.35,5993940136.35,,,,11.97,11.92,11.62,11.16,11.04,10.75,10.78,2016-11-10,-
2021-12-06,603556,XD海兴电,电网设备,12.246702548330406,12.340547012302286,11.993322495606327,12.115320298769772,11.993322495606327,4003499,48503672.70,0.8192,,,否,,,,,,否,488684040,488684040,5920563669.50,5920563669.50,,,,12.01,11.96,11.68,11.21,11.05,10.76,10.78,2016-11-10,-
2021-12-07,603556,XD海兴电,电网设备,12.115320298769772,12.190395869947277,11.711789103690686,11.918246924428823,11.711789103690686,3766804,44893700.19,0.7708,,,否,,,,,,否,488684040,488684040,5824257056.75,5824257056.75,,,,11.99,11.97,11.74,11.27,11.05,10.78,10.78,2016-11-10,-
2021-12-08,603556,XD海兴电,电网设备,11.993322495606327,12.115320298769772,11.815018014059754,11.955784710017575,11.815018014059754,2932060,35055078.12,0.6000,,,否,,,,,,否,488684040,488684040,5842601173.46,5842601173.46,,,,11.98,11.98,11.81,11.33,11.06,10.80,10.77,2016-11-10,-
2021-12-09,603556,XD海兴电,电网设备,12.049629173989455,12.049629173989455,11.561637961335677,11.664866871704746,11.561637961335677,6876843,80217458.09,1.4072,,,否,,,,,,否,488684040,488684040,5700434268.93,5700434268.93,,,,11.98,11.92,11.85,11.38,11.06,10.81,10.77,2016-11-10,-
2021-12-10,603556,XD海兴电,电网设备,11.627329086115994,11.83378690685413,11.599175746924429,11.730557996485063,11.599175746924429,2312320,27124803.87,0.4732,,,否,,,,,,否,488684040,488684040,5732536473.18,5732536473.18,,,,11.88,11.92,11.90,11.44,11.07,10.82,10.77,2016-11-10,-
2021-12-13,603556,XD海兴电,电网设备,11.711789103690686,11.852555799648508,11.608560193321617,11.674251318101934,11.608560193321617,2459782,28716113.26,0.5033,,,否,,,,,,否,488684040,488684040,5705020298.11,5705020298.11,,,,11.79,11.90,11.89,11.49,11.07,10.84,10.77,2016-11-10,-
2021-12-14,603556,XD海兴电,电网设备,11.7024046572935,11.815018014059754,11.627329086115994,11.79624912126538,11.627329086115994,2372411,27985551.17,0.4855,,,否,,,,,,否,488684040,488684040,5764638677.43,5764638677.43,,,,11.77,11.88,11.89,11.54,11.08,10.86,10.76,2016-11-10,-
2021-12-15,603556,XD海兴电,电网设备,11.815018014059754,12.593927065026362,11.730557996485063,12.46254481546573,11.730557996485063,10653649,132771578.11,2.1801,,,否,,,,,,否,488684040,488684040,6090246749.10,6090246749.10,,,,11.86,11.93,11.90,11.62,11.11,10.88,10.76,2016-11-10,-
2021-12-16,603556,XD海兴电,电网设备,12.518851493848858,12.575158172231987,12.21854920913884,12.246702548330406,12.21854920913884,5093697,62380992.03,1.0423,,,否,,,,,,否,488684040,488684040,5984768078.00,5984768078.00,,,,11.98,11.98,11.92,11.68,11.13,10.90,10.76,2016-11-10,-
2021-12-17,603556,XD海兴电,电网设备,12.237318101933216,12.931767135325131,12.152858084358524,12.387469244288225,12.152858084358524,9146014,113295967.13,1.8716,,,否,,,,,,否,488684040,488684040,6053558515.67,6053558515.67,,,,12.12,11.99,11.96,11.74,11.15,10.91,10.76,2016-11-10,-
2021-12-20,603556,XD海兴电,电网设备,12.453160369068542,13.100687170474519,12.387469244288225,12.434391476274167,12.387469244288225,10138643,126067856.10,2.0747,,,否,,,,,,否,488684040,488684040,6076488661.57,6076488661.57,,,,12.27,12.03,11.99,11.80,11.18,10.93,10.77,2016-11-10,-
2021-12-21,603556,XD海兴电,电网设备,12.246702548330406,12.425007029876978,12.002706942003515,12.199780316344464,12.002706942003515,5900516,71984998.95,1.2074,,,否,,,,,,否,488684040,488684040,5961837932.10,5961837932.10,,,,12.35,12.06,12.01,11.84,11.20,10.95,10.77,2016-11-10,-
2021-12-22,603556,XD海兴电,电网设备,12.32177811950791,12.36870035149385,12.059013620386644,12.087166959578209,12.059013620386644,3802700,45963869.80,0.7782,,,否,,,,,,否,488684040,488684040,5906805581.96,5906805581.96,,,,12.27,12.07,12.02,11.89,11.21,10.96,10.77,2016-11-10,-
2021-12-23,603556,XD海兴电,电网设备,12.049629173989455,12.284240333919158,11.946400263620388,12.143473637961335,11.946400263620388,3223737,39147365.28,0.6597,,,否,,,,,,否,488684040,488684040,5934321757.03,5934321757.03,,,,12.25,12.12,12.02,11.94,11.22,10.98,10.77,2016-11-10,-
2021-12-24,603556,XD海兴电,电网设备,12.256086994727594,12.265471441124781,11.571022407732865,11.599175746924429,11.571022407732865,4783454,55484123.62,0.9788,,,否,,,,,,否,488684040,488684040,5668332064.68,5668332064.68,,,,12.10,12.11,12.01,11.97,11.23,11.00,10.77,2016-11-10,-
2021-12-27,603556,XD海兴电,电网设备,11.599175746924429,11.786864674868191,11.514715729349737,11.599175746924429,11.514715729349737,2481327,28781347.96,0.5078,,,否,,,,,,否,488684040,488684040,5668332064.68,5668332064.68,,,,11.93,12.10,11.99,11.96,11.24,11.01,10.77,2016-11-10,-
2021-12-28,603556,XD海兴电,电网设备,11.599175746924429,11.768095782073814,11.561637961335677,11.739942442882251,11.561637961335677,1818319,21346960.40,0.3721,,,否,,,,,,否,488684040,488684040,5737122502.36,5737122502.36,,,,11.83,12.09,11.98,11.96,11.25,11.03,10.77,2016-11-10,-
2021-12-29,603556,XD海兴电,电网设备,11.7024046572935,11.711789103690686,11.430255711775045,11.542869068541302,11.430255711775045,2110653,24362991.23,0.4319,,,否,,,,,,否,488684040,488684040,5640815889.61,5640815889.61,,,,11.72,12.00,11.97,11.94,11.26,11.04,10.77,2016-11-10,-
2021-12-30,603556,XD海兴电,电网设备,11.627329086115994,11.786864674868191,11.505331282952548,11.721173550087874,11.505331282952548,2548678,29873497.16,0.5215,,,否,,,,,,否,488684040,488684040,5727950444.00,5727950444.00,,,,11.64,11.95,11.97,11.93,11.28,11.05,10.77,2016-11-10,-
2021-12-31,603556,XD海兴电,电网设备,11.721173550087874,11.899478031634446,11.627329086115994,11.749326889279438,11.627329086115994,2517939,29584088.40,0.5152,,,否,,,,,,否,488684040,488684040,5741708531.53,5741708531.53,,,,11.67,11.88,11.94,11.93,11.30,11.07,10.77,2016-11-10,-
2022-01-04,603556,XD海兴电,电网设备,11.815018014059754,11.993322495606327,11.749326889279438,11.918246924428823,11.749326889279438,2623001,31261573.60,0.5367,,,否,,,,,,否,488684040,488684040,5824257056.75,5824257056.75,,,,11.73,11.83,11.93,11.94,11.32,11.09,10.78,2016-11-10,-
2022-01-05,603556,XD海兴电,电网设备,11.927631370826012,12.087166959578209,11.58979130052724,11.636713532513182,11.58979130052724,3254387,37870369.24,0.6659,,,否,,,,,,否,488684040,488684040,5686676181.39,5686676181.39,,,,11.71,11.78,11.92,11.93,11.34,11.10,10.78,2016-11-10,-
2022-01-06,603556,XD海兴电,电网设备,11.561637961335677,12.21854920913884,11.561637961335677,11.899478031634446,11.561637961335677,3324563,39560564.38,0.6803,,,否,,,,,,否,488684040,488684040,5815084998.39,5815084998.39,,,,11.79,11.76,11.91,11.94,11.36,11.12,10.78,2016-11-10,-
2022-01-07,603556,XD海兴电,电网设备,11.918246924428823,12.087166959578209,11.739942442882251,11.749326889279438,11.739942442882251,2574370,30247114.66,0.5268,,,否,,,,,,否,488684040,488684040,5741708531.53,5741708531.53,,,,11.79,11.71,11.92,11.92,11.38,11.13,10.79,2016-11-10,-
2022-01-10,603556,XD海兴电,电网设备,11.758711335676626,11.805633567662566,11.580406854130054,11.674251318101934,11.580406854130054,1847991,21573911.37,0.3782,,,否,,,,,,否,488684040,488684040,5705020298.11,5705020298.11,,,,11.78,11.72,11.91,11.92,11.41,11.15,10.79,2016-11-10,-
2022-01-11,603556,XD海兴电,电网设备,11.758711335676626,11.861940246045696,11.68363576449912,11.758711335676626,11.68363576449912,1560490,18349351.45,0.3193,,,否,,,,,,否,488684040,488684040,5746294560.71,5746294560.71,,,,11.74,11.74,11.92,11.91,11.43,11.16,10.79,2016-11-10,-
2022-01-12,603556,XD海兴电,电网设备,11.815018014059754,11.899478031634446,11.730557996485063,11.843171353251318,11.730557996485063,1931800,22878638.42,0.3953,,,否,,,,,,否,488684040,488684040,5787568823.32,5787568823.32,,,,11.79,11.75,11.92,11.91,11.45,11.18,10.79,2016-11-10,-
2022-01-13,603556,XD海兴电,电网设备,11.843171353251318,11.880709138840071,11.664866871704746,11.69302021089631,11.664866871704746,1695091,19820733.32,0.3469,,,否,,,,,,否,488684040,488684040,5714192356.46,5714192356.46,,,,11.74,11.77,11.88,11.90,11.47,11.19,10.79,2016-11-10,-
2022-01-14,603556,XD海兴电,电网设备,11.749326889279438,11.777480228471003,11.505331282952548,11.533484622144112,11.505331282952548,2941128,33921454.56,0.6018,,,否,,,,,,否,488684040,488684040,5636229860.43,5636229860.43,,,,11.70,11.75,11.84,11.89,11.49,11.21,10.80,2016-11-10,-
2022-01-17,603556,XD海兴电,电网设备,11.533484622144112,11.843171353251318,11.495946836555362,11.786864674868191,11.495946836555362,2329565,27458267.41,0.4767,,,否,,,,,,否,488684040,488684040,5760052648.25,5760052648.25,,,,11.72,11.75,11.82,11.87,11.51,11.21,10.80,2016-11-10,-
2022-01-18,603556,XD海兴电,电网设备,11.786864674868191,11.880709138840071,11.617944639718807,11.636713532513182,11.617944639718807,3475808,40446981.99,0.7113,,,否,,,,,,否,488684040,488684040,5686676181.39,5686676181.39,,,,11.70,11.72,11.78,11.86,11.53,11.23,10.80,2016-11-10,-
2022-01-19,603556,XD海兴电,电网设备,11.636713532513182,11.824402460456943,11.580406854130054,11.68363576449912,11.580406854130054,1911230,22330115.18,0.3911,,,否,,,,,,否,488684040,488684040,5709606327.28,5709606327.28,,,,11.66,11.73,11.75,11.85,11.56,11.24,10.80,2016-11-10,-
2022-01-20,603556,XD海兴电,电网设备,11.68363576449912,11.69302021089631,11.242566783831284,11.26133567662566,11.242566783831284,4167580,46932517.34,0.8528,,,否,,,,,,否,488684040,488684040,5503235014.25,5503235014.25,,,,11.58,11.66,11.71,11.82,11.58,11.26,10.81,2016-11-10,-
2022-01-21,603556,XD海兴电,电网设备,11.308257908611601,11.308257908611601,11.036108963093147,11.054877855887522,11.036108963093147,2701216,29861612.94,0.5528,,,否,,,,,,否,488684040,488684040,5402342372.32,5402342372.32,,,,11.49,11.59,11.66,11.81,11.60,11.27,10.81,2016-11-10,-
2022-01-24,603556,XD海兴电,电网设备,11.045493409490334,11.195644551845342,10.867188927943761,10.932880052724078,10.867188927943761,1872053,20466930.90,0.3831,,,否,,,,,,否,488684040,488684040,5342723993.00,5342723993.00,,,,11.32,11.51,11.62,11.78,11.61,11.28,10.81,2016-11-10,-
2022-01-25,603556,XD海兴电,电网设备,10.87657337434095,10.989186731107207,10.454273286467489,10.473042179261864,10.454273286467489,4041110,42322715.48,0.8269,,,否,,,,,,否,488684040,488684040,5118008563.25,5118008563.25,,,,11.08,11.39,11.56,11.74,11.62,11.29,10.81,2016-11-10,-
2022-01-26,603556,XD海兴电,电网设备,10.63257776801406,10.68888444639719,10.454273286467489,10.6795,10.454273286467489,1783766,19049729.00,0.3650,,,否,,,,,,否,488684040,488684040,5218901205.18,5218901205.18,,,,10.88,11.27,11.51,11.70,11.63,11.29,10.81,2016-11-10,-
2022-01-27,603556,XD海兴电,电网设备,10.670115553602812,10.670115553602812,10.351044376098418,10.351044376098418,10.351044376098418,1780740,18432518.76,0.3644,,,否,,,,,,否,488684040,488684040,5058390183.93,5058390183.93,,,,10.70,11.14,11.45,11.64,11.63,11.28,10.81,2016-11-10,-
2022-01-28,603556,XD海兴电,电网设备,10.426119947275923,10.63257776801406,10.351044376098418,10.613808875219684,10.351044376098418,1655860,17574981.56,0.3388,,,否,,,,,,否,488684040,488684040,5186799000.93,5186799000.93,,,,10.61,11.05,11.39,11.58,11.63,11.28,10.80,2016-11-10,-
2022-02-07,603556,XD海兴电,电网设备,10.857804481546573,10.857804481546573,10.595039982425307,10.717037785588753,10.595039982425307,1870980,20051363.36,0.3829,,,否,,,,,,否,488684040,488684040,5237245321.89,5237245321.89,,,,10.57,10.94,11.35,11.52,11.64,11.28,10.80,2016-11-10,-
2022-02-08,603556,XD海兴电,电网设备,10.810882249560633,10.839035588752198,10.64196221441125,10.810882249560633,10.64196221441125,1238713,13391580.38,0.2535,,,否,,,,,,否,488684040,488684040,5283105613.68,5283105613.68,,,,10.63,10.86,11.29,11.47,11.64,11.28,10.80,2016-11-10,-
2022-02-09,603556,XD海兴电,电网设备,10.810882249560633,10.998571177504395,10.78272891036907,10.979802284710019,10.78272891036907,1227280,13475291.75,0.2511,,,否,,,,,,否,488684040,488684040,5365654138.89,5365654138.89,,,,10.70,10.79,11.26,11.43,11.64,11.28,10.81,2016-11-10,-
2022-02-10,603556,XD海兴电,电网设备,10.979802284710019,10.989186731107207,10.857804481546573,10.932880052724078,10.857804481546573,1422260,15549397.98,0.2910,,,否,,,,,,否,488684040,488684040,5342723993.00,5342723993.00,,,,10.81,10.75,11.21,11.39,11.65,11.28,10.81,2016-11-10,-
2022-02-11,603556,XD海兴电,电网设备,10.895342267135325,10.942264499121267,10.726422231985941,10.754575571177506,10.726422231985941,1345328,14468431.64,0.2753,,,否,,,,,,否,488684040,488684040,5255589438.61,5255589438.61,,,,10.84,10.73,11.16,11.35,11.65,11.28,10.81,2016-11-10,-
2022-02-14,603556,XD海兴电,电网设备,10.670115553602812,10.87657337434095,10.660731107205624,10.726422231985941,10.660731107205624,998336,10708573.47,0.2043,,,否,,,,,,否,488684040,488684040,5241831351.07,5241831351.07,,,,10.84,10.71,11.11,11.32,11.65,11.27,10.81,2016-11-10,-
2022-02-15,603556,XD海兴电,电网设备,10.707653339191564,10.848420035149386,10.548117750439369,10.810882249560633,10.548117750439369,1080921,11685709.65,0.2212,,,否,,,,,,否,488684040,488684040,5283105613.68,5283105613.68,,,,10.84,10.74,11.06,11.29,11.63,11.26,10.81,2016-11-10,-
2022-02-16,603556,XD海兴电,电网设备,10.867188927943761,10.97041783831283,10.820266695957821,10.895342267135325,10.820266695957821,1249440,13613076.44,0.2557,,,否,,,,,,否,488684040,488684040,5324379876.29,5324379876.29,,,,10.82,10.76,11.02,11.26,11.61,11.25,10.81,2016-11-10,-
2022-02-17,603556,XD海兴电,电网设备,10.857804481546573,10.97041783831283,10.810882249560633,10.810882249560633,10.810882249560633,1430891,15469194.11,0.2928,,,否,,,,,,否,488684040,488684040,5283105613.68,5283105613.68,,,,10.80,10.80,10.97,11.23,11.58,11.24,10.81,2016-11-10,-
2022-02-18,603556,XD海兴电,电网设备,10.820266695957821,10.92349560632689,10.745191124780316,10.904726713532513,10.745191124780316,1176550,12829956.21,0.2408,,,否,,,,,,否,488684040,488684040,5328965905.46,5328965905.46,,,,10.83,10.84,10.94,11.21,11.57,11.24,10.82,2016-11-10,-
2022-02-21,603556,XD海兴电,电网设备,10.914111159929703,11.026724516695959,10.801497803163445,11.026724516695959,10.801497803163445,1178890,12999295.27,0.2412,,,否,,,,,,否,488684040,488684040,5388584284.79,5388584284.79,,,,10.89,10.87,10.90,11.19,11.56,11.23,10.82,2016-11-10,-
2022-02-22,603556,XD海兴电,电网设备,10.942264499121267,11.026724516695959,10.857804481546573,11.01734007029877,10.857804481546573,1306180,14390629.25,0.2673,,,否,,,,,,否,488684040,488684040,5383998255.61,5383998255.61,,,,10.93,10.89,10.88,11.16,11.54,11.23,10.82,2016-11-10,-
2022-02-23,603556,XD海兴电,电网设备,10.961033391915642,11.120568980667839,10.961033391915642,11.073646748681899,10.961033391915642,1257730,13927657.73,0.2574,,,否,,,,,,否,488684040,488684040,5411514430.68,5411514430.68,,,,10.97,10.90,10.84,11.14,11.53,11.23,10.83,2016-11-10,-
2022-02-24,603556,XD海兴电,电网设备,11.073646748681899,11.21441344463972,10.801497803163445,10.895342267135325,10.801497803163445,2293537,24988870.62,0.4693,,,否,,,,,,否,488684040,488684040,5324379876.29,5324379876.29,,,,10.98,10.90,10.82,11.10,11.51,11.23,10.83,2016-11-10,-
2022-02-25,603556,XD海兴电,电网设备,11.223797891036908,11.233182337434096,11.036108963093147,11.073646748681899,11.036108963093147,2206820,24437545.12,0.4516,,,否,,,,,,否,488684040,488684040,5411514430.68,5411514430.68,,,,11.02,10.92,10.82,11.08,11.50,11.23,10.84,2016-11-10,-
2022-02-28,603556,XD海兴电,电网设备,11.092415641476276,11.092415641476276,10.867188927943761,10.989186731107207,10.867188927943761,1195074,13132891.34,0.2445,,,否,,,,,,否,488684040,488684040,5370240168.07,5370240168.07,,,,11.01,10.95,10.83,11.05,11.49,11.23,10.84,2016-11-10,-
2022-03-01,603556,XD海兴电,电网设备,10.961033391915642,11.092415641476276,10.942264499121267,10.998571177504395,10.942264499121267,913150,10043345.27,0.1869,,,否,,,,,,否,488684040,488684040,5374826197.25,5374826197.25,,,,11.01,10.97,10.86,11.04,11.47,11.22,10.84,2016-11-10,-
2022-03-02,603556,XD海兴电,电网设备,11.01734007029877,11.054877855887522,10.92349560632689,11.026724516695959,10.92349560632689,839500,9256935.23,0.1718,,,否,,,,,,否,488684040,488684040,5388584284.79,5388584284.79,,,,11.00,10.98,10.87,11.01,11.46,11.22,10.85,2016-11-10,-
2022-03-03,603556,XD海兴电,电网设备,11.036108963093147,11.083031195079087,10.961033391915642,10.989186731107207,10.961033391915642,983248,10805095.87,0.2012,,,否,,,,,,否,488684040,488684040,5370240168.07,5370240168.07,,,,11.02,11.00,10.90,10.98,11.44,11.22,10.85,2016-11-10,-
2022-03-04,603556,XD海兴电,电网设备,10.895342267135325,11.026724516695959,10.895342267135325,10.961033391915642,10.895342267135325,965570,10583645.01,0.1976,,,否,,,,,,否,488684040,488684040,5356482080.54,5356482080.54,,,,10.99,11.01,10.92,10.96,11.43,11.22,10.85,2016-11-10,-
2022-03-07,603556,XD海兴电,电网设备,10.942264499121267,10.951648945518453,10.68888444639719,10.707653339191564,10.68888444639719,1281240,13719073.76,0.2622,,,否,,,,,,否,488684040,488684040,5232659292.72,5232659292.72,,,,10.93,10.97,10.92,10.92,11.40,11.21,10.85,2016-11-10,-
2022-03-08,603556,XD海兴电,电网设备,10.707653339191564,10.78272891036907,10.39796660808436,10.426119947275923,10.39796660808436,1496590,15603626.85,0.3062,,,否,,,,,,否,488684040,488684040,5095078417.36,5095078417.36,,,,10.82,10.91,10.90,10.89,11.37,11.21,10.85,2016-11-10,-
2022-03-09,603556,XD海兴电,电网设备,10.426119947275923,10.519964411247805,9.825515377855888,10.219662126537786,9.825515377855888,2041792,20866424.37,0.4178,,,否,,,,,,否,488684040,488684040,4994185775.43,4994185775.43,,,,10.66,10.83,10.86,10.84,11.35,11.20,10.85,2016-11-10,-
2022-03-10,603556,XD海兴电,电网设备,10.43550439367311,10.454273286467489,10.275968804920915,10.285353251318103,10.275968804920915,1295780,13327555.04,0.2652,,,否,,,,,,否,488684040,488684040,5026287979.68,5026287979.68,,,,10.52,10.76,10.83,10.80,11.32,11.19,10.84,2016-11-10,-
2022-03-11,603556,XD海兴电,电网设备,10.257199912126538,10.34165992970123,10.003819859402462,10.294737697715291,10.003819859402462,1665110,17141870.69,0.3407,,,否,,,,,,否,488684040,488684040,5030874008.86,5030874008.86,,,,10.39,10.69,10.81,10.78,11.29,11.18,10.84,2016-11-10,-
2022-03-14,603556,XD海兴电,电网设备,10.285353251318103,10.285353251318103,10.078895430579966,10.107048769771529,10.078895430579966,794690,8031970.59,0.1626,,,否,,,,,,否,488684040,488684040,4939153425.29,4939153425.29,,,,10.27,10.60,10.77,10.75,11.27,11.17,10.84,2016-11-10,-
2022-03-15,603556,XD海兴电,电网设备,10.031973198594025,10.050742091388402,9.421984182776802,9.47829086115993,9.421984182776802,2854842,27059022.84,0.5842,,,否,,,,,,否,488684040,488684040,4631889470.33,4631889470.33,,,,10.08,10.45,10.71,10.72,11.23,11.16,10.83,2016-11-10,-
2022-03-16,603556,XD海兴电,电网设备,9.581519771528999,9.703517574692443,9.38444639718805,9.665979789103693,9.38444639718805,1506394,14560773.96,0.3083,,,否,,,,,,否,488684040,488684040,4723610053.90,4723610053.90,,,,9.97,10.31,10.65,10.69,11.20,11.14,10.83,2016-11-10,-
2022-03-17,603556,XD海兴电,电网设备,9.778593145869948,9.919359841827768,9.694133128295256,9.694133128295256,9.694133128295256,1510134,14639440.04,0.3090,,,否,,,,,,否,488684040,488684040,4737368141.43,4737368141.43,,,,9.84,10.18,10.60,10.66,11.15,11.13,10.82,2016-11-10,-
2022-03-18,603556,XD海兴电,电网设备,9.694133128295256,9.881822056239017,9.647210896309314,9.844284270650265,9.647210896309314,1040150,10239532.28,0.2128,,,否,,,,,,否,488684040,488684040,4810744608.29,4810744608.29,,,,9.76,10.07,10.54,10.64,11.11,11.12,10.82,2016-11-10,-
2022-03-21,603556,XD海兴电,电网设备,9.900590949033393,9.95689762741652,9.741055360281196,9.816130931458702,9.741055360281196,1049600,10303011.03,0.2148,,,否,,,,,,否,488684040,488684040,4796986520.75,4796986520.75,,,,9.70,9.99,10.48,10.60,11.06,11.11,10.82,2016-11-10,-
2022-03-22,603556,XD海兴电,电网设备,9.787977592267136,10.022588752196837,9.787977592267136,9.881822056239017,9.787977592267136,975010,9634875.32,0.1995,,,否,,,,,,否,488684040,488684040,4829088725.00,4829088725.00,,,,9.78,9.93,10.43,10.58,11.03,11.10,10.81,2016-11-10,-
2022-03-23,603556,XD海兴电,电网设备,9.994435413005274,10.031973198594025,9.844284270650265,9.900590949033393,9.844284270650265,920650,9114979.06,0.1884,,,否,,,,,,否,488684040,488684040,4838260783.36,4838260783.36,,,,9.83,9.90,10.36,10.54,10.99,11.09,10.81,2016-11-10,-
2022-03-24,603556,XD海兴电,电网设备,9.834899824253077,9.881822056239017,9.703517574692443,9.72228646748682,9.703517574692443,947690,9213713.66,0.1939,,,否,,,,,,否,488684040,488684040,4751126228.97,4751126228.97,,,,9.83,9.84,10.30,10.50,10.94,11.07,10.80,2016-11-10,-
2022-03-25,603556,XD海兴电,电网设备,9.778593145869948,9.95689762741652,9.703517574692443,9.881822056239017,9.703517574692443,1508441,14906145.54,0.3087,,,否,,,,,,否,488684040,488684040,4829088725.00,4829088725.00,,,,9.84,9.80,10.25,10.47,10.90,11.06,10.79,2016-11-10,-
2022-03-28,603556,XD海兴电,电网设备,9.834899824253077,10.172739894551846,9.778593145869948,10.003819859402462,9.778593145869948,2206059,22069016.84,0.4514,,,否,,,,,,否,488684040,488684040,4888707104.33,4888707104.33,,,,9.88,9.79,10.19,10.44,10.88,11.05,10.79,2016-11-10,-
2022-03-29,603556,XD海兴电,电网设备,10.135202108963094,10.144586555360283,9.891206502636203,9.966282073813709,9.891206502636203,1828845,18226785.14,0.3742,,,否,,,,,,否,488684040,488684040,4870362987.61,4870362987.61,,,,9.89,9.83,10.14,10.42,10.86,11.05,10.78,2016-11-10,-
2022-03-30,603556,XD海兴电,电网设备,9.975666520210897,10.013204305799649,9.825515377855888,9.947513181019332,9.825515377855888,1239695,12331882.35,0.2537,,,否,,,,,,否,488684040,488684040,4861190929.25,4861190929.25,,,,9.90,9.86,10.09,10.39,10.82,11.04,10.78,2016-11-10,-
2022-03-31,603556,XD海兴电,电网设备,9.919359841827768,10.050742091388402,9.881822056239017,9.994435413005274,9.881822056239017,1110963,11103447.95,0.2273,,,否,,,,,,否,488684040,488684040,4884121075.15,4884121075.15,,,,9.96,9.90,10.04,10.36,10.80,11.03,10.77,2016-11-10,-
2022-04-01,603556,XD海兴电,电网设备,10.003819859402462,10.050742091388402,9.881822056239017,9.975666520210897,9.881822056239017,1099117,10964424.66,0.2249,,,否,,,,,,否,488684040,488684040,4874949016.79,4874949016.79,,,,9.98,9.91,9.99,10.33,10.77,11.03,10.77,2016-11-10,-
2022-04-06,603556,XD海兴电,电网设备,9.938128734622145,10.20089323374341,9.900590949033393,10.135202108963094,9.900590949033393,1536970,15577501.59,0.3145,,,否,,,,,,否,488684040,488684040,4952911512.82,4952911512.82,,,,10.00,9.94,9.97,10.29,10.75,11.02,10.77,2016-11-10,-
2022-04-07,603556,XD海兴电,电网设备,10.125817662565906,10.322891036906855,10.069510984182777,10.135202108963094,10.069510984182777,1771366,17953152.42,0.3625,,,否,,,,,,否,488684040,488684040,4952911512.82,4952911512.82,,,,10.04,9.97,9.95,10.27,10.72,11.02,10.76,2016-11-10,-
2022-04-08,603556,XD海兴电,电网设备,10.135202108963094,10.322891036906855,10.088279876977154,10.191508787346221,10.088279876977154,1482637,15110308.01,0.3034,,,否,,,,,,否,488684040,488684040,4980427687.90,4980427687.90,,,,10.09,9.99,9.95,10.24,10.69,11.02,10.76,2016-11-10,-
2022-04-11,603556,XD海兴电,电网设备,10.172739894551846,10.30412214411248,10.088279876977154,10.163355448154658,10.088279876977154,1887600,19184349.74,0.3863,,,否,,,,,,否,488684040,488684040,4966669600.36,4966669600.36,,,,10.12,10.04,9.94,10.22,10.66,11.02,10.75,2016-11-10,-
2022-04-12,603556,XD海兴电,电网设备,10.182124340949034,10.49181107205624,10.153971001757471,10.473042179261864,10.153971001757471,2030173,21262087.46,0.4154,,,否,,,,,,否,488684040,488684040,5118008563.25,5118008563.25,,,,10.22,10.10,9.95,10.19,10.64,11.01,10.75,2016-11-10,-
2022-04-13,603556,XD海兴电,电网设备,10.43550439367311,10.463657732864675,10.30412214411248,10.34165992970123,10.30412214411248,1050101,10859787.43,0.2149,,,否,,,,,,否,488684040,488684040,5053804154.75,5053804154.75,,,,10.26,10.14,9.96,10.17,10.61,11.01,10.75,2016-11-10,-
2022-04-14,603556,XD海兴电,电网设备,10.351044376098418,10.43550439367311,10.285353251318103,10.43550439367311,10.285353251318103,1125777,11748050.83,0.2304,,,否,,,,,,否,488684040,488684040,5099664446.54,5099664446.54,,,,10.32,10.18,10.01,10.15,10.60,11.01,10.75,2016-11-10,-
2022-04-15,603556,XD海兴电,电网设备,10.351044376098418,10.388582161687172,10.09766432337434,10.125817662565906,10.09766432337434,1294560,13108478.51,0.2649,,,否,,,,,,否,488684040,488684040,4948325483.65,4948325483.65,,,,10.30,10.20,10.03,10.13,10.57,11.01,10.75,2016-11-10,-
2022-04-18,603556,XD海兴电,电网设备,10.09766432337434,10.473042179261864,9.919359841827768,10.153971001757471,9.919359841827768,1025346,10411333.55,0.2098,,,否,,,,,,否,488684040,488684040,4962083571.18,4962083571.18,,,,10.30,10.21,10.05,10.10,10.54,11.01,10.74,2016-11-10,-
2022-04-19,603556,XD海兴电,电网设备,10.125817662565906,10.229046572934974,9.994435413005274,10.229046572934974,9.994435413005274,944415,9660465.02,0.1933,,,否,,,,,,否,488684040,488684040,4998771804.61,4998771804.61,,,,10.26,10.24,10.07,10.07,10.52,11.01,10.74,2016-11-10,-
2022-04-20,603556,XD海兴电,电网设备,10.219662126537786,10.595039982425307,10.09766432337434,10.238431019332163,10.09766432337434,2505427,25651641.51,0.5127,,,否,,,,,,否,488684040,488684040,5003357833.79,5003357833.79,,,,10.24,10.25,10.10,10.06,10.49,11.01,10.74,2016-11-10,-
2022-04-21,603556,XD海兴电,电网设备,10.09766432337434,10.369813268892795,9.86305316344464,10.069510984182777,9.86305316344464,2417506,24343103.22,0.4947,,,否,,,,,,否,488684040,488684040,4920809308.57,4920809308.57,,,,10.16,10.24,10.11,10.04,10.46,11.00,10.73,2016-11-10,-
2022-04-22,603556,XD海兴电,电网设备,10.050742091388402,10.107048769771529,9.62844200351494,9.985050966608085,9.62844200351494,2691705,26876811.61,0.5508,,,否,,,,,,否,488684040,488684040,4879535045.97,4879535045.97,,,,10.14,10.22,10.11,10.04,10.44,11.00,10.73,2016-11-10,-
2022-04-25,603556,XD海兴电,电网设备,9.86305316344464,9.891206502636203,9.393830843585238,9.412599736379613,9.393830843585238,2001438,18838734.79,0.4096,,,否,,,,,,否,488684040,488684040,4599787266.08,4599787266.08,,,,9.99,10.14,10.10,10.01,10.41,10.99,10.73,2016-11-10,-
2022-04-26,603556,XD海兴电,电网设备,9.506444200351496,9.52521309314587,8.830764059753955,8.887070738137083,8.830764059753955,1715017,15241477.40,0.3509,,,否,,,,,,否,488684040,488684040,4342969632.08,4342969632.08,,,,9.72,9.99,10.04,9.97,10.37,10.98,10.72,2016-11-10,-
2022-04-27,603556,XD海兴电,电网设备,8.746304042179263,9.159219683655536,8.56799956063269,8.980915202108964,8.56799956063269,2112935,18976090.06,0.4324,,,否,,,,,,否,488684040,488684040,4388829923.86,4388829923.86,,,,9.47,9.85,9.99,9.93,10.34,10.98,10.71,2016-11-10,-
2022-04-28,603556,XD海兴电,电网设备,8.962146309314589,8.980915202108964,8.774457381370826,8.81199516695958,8.774457381370826,1129086,9949500.38,0.2310,,,否,,,,,,否,488684040,488684040,4306281398.65,4306281398.65,,,,9.22,9.69,9.94,9.90,10.31,10.96,10.71,2016-11-10,-
2022-04-29,603556,XD海兴电,电网设备,9.534597539543059,9.703517574692443,9.375061950790862,9.703517574692443,9.375061950790862,1769978,17175012.63,0.3622,,,否,,,,,,是,488684040,488684040,4741954170.61,4741954170.61,,,,9.16,9.65,9.92,9.90,10.29,10.96,10.70,2016-11-10,-
2022-05-05,603556,XD海兴电,电网设备,10.294737697715291,10.670115553602812,10.219662126537786,10.670115553602812,10.219662126537786,9200200,98167197.12,1.8826,,,否,,,,,,是,488684040,488684040,5214315176.00,5214315176.00,,,,9.41,9.70,9.96,9.94,10.30,10.96,10.70,2016-11-10,-
2022-05-06,603556,XD海兴电,电网设备,10.64196221441125,11.730557996485063,10.43550439367311,11.730557996485063,10.43550439367311,17917864,210186542.83,3.6666,,,否,,,,,,是,488684040,488684040,5732536473.18,5732536473.18,,,,9.98,9.85,10.04,9.99,10.31,10.97,10.71,2016-11-10,-
2022-05-09,603556,XD海兴电,电网设备,12.002706942003515,12.903613796133568,11.495946836555362,11.974553602811952,11.495946836555362,25512134,305496416.11,5.2206,,,否,,,,,,否,488684040,488684040,5851773231.82,5851773231.82,,,,10.58,10.02,10.14,10.07,10.34,10.99,10.72,2016-11-10,-
2022-05-10,603556,XD海兴电,电网设备,11.721173550087874,12.340547012302286,11.664866871704746,12.134089191564149,11.664866871704746,16845908,204409750.18,3.4472,,,否,,,,,,否,488684040,488684040,5929735727.85,5929735727.85,,,,11.24,10.23,10.24,10.14,10.36,11.00,10.72,2016-11-10,-
2022-05-11,603556,XD海兴电,电网设备,12.12470474516696,12.500082601054483,11.843171353251318,11.89009358523726,11.843171353251318,11634423,138334378.28,2.3808,,,否,,,,,,否,488684040,488684040,5810498969.21,5810498969.21,,,,11.68,10.42,10.32,10.21,10.38,11.01,10.73,2016-11-10,-
2022-05-12,603556,XD海兴电,电网设备,11.89009358523726,12.453160369068542,11.815018014059754,12.284240333919158,11.815018014059754,9774300,120069850.30,2.0001,,,否,,,,,,否,488684040,488684040,6003112194.71,6003112194.71,,,,12.00,10.71,10.43,10.29,10.40,11.02,10.74,2016-11-10,-
2022-05-13,603556,XD海兴电,电网设备,12.303009226713533,12.640849297012304,12.049629173989455,12.303009226713533,12.049629173989455,8814100,108439953.63,1.8036,,,否,,,,,,否,488684040,488684040,6012284253.07,6012284253.07,,,,12.12,11.05,10.52,10.38,10.43,11.04,10.75,2016-11-10,-
2022-05-16,603556,XD海兴电,电网设备,12.434391476274167,12.60331151142355,12.049629173989455,12.331162565905098,12.049629173989455,5964181,73545285.48,1.2205,,,否,,,,,,否,488684040,488684040,6026042340.60,6026042340.60,,,,12.19,11.38,10.61,10.45,10.45,11.05,10.75,2016-11-10,-
2022-05-17,603556,XD海兴电,电网设备,12.36870035149385,12.50946704745167,11.9370158172232,12.50946704745167,11.9370158172232,8490043,106205913.14,1.7373,,,否,,,,,,否,488684040,488684040,6113176895.00,6113176895.00,,,,12.27,11.75,10.72,10.54,10.48,11.05,10.76,2016-11-10,-
2022-05-18,603556,XD海兴电,电网设备,12.443775922671353,12.669002636203867,12.105935852372586,12.547004833040422,12.105935852372586,7102573,89116017.76,1.4534,,,否,,,,,,否,488684040,488684040,6131521011.71,6131521011.71,,,,12.40,12.04,10.84,10.62,10.51,11.05,10.77,2016-11-10,-
2022-05-19,603556,XD海兴电,电网设备,12.21854920913884,13.241453866432337,12.21854920913884,12.640849297012304,12.21854920913884,10147066,128267532.11,2.0764,,,否,,,,,,否,488684040,488684040,6177381303.50,6177381303.50,,,,12.46,12.24,10.97,10.72,10.54,11.06,10.78,2016-11-10,-
2022-05-20,603556,XD海兴电,电网设备,12.772231546572936,13.128840509666082,12.518851493848858,12.744078207381373,12.518851493848858,7744273,98693620.77,1.5847,,,否,,,,,,否,488684040,488684040,6227827624.46,6227827624.46,,,,12.56,12.34,11.09,10.81,10.57,11.06,10.79,2016-11-10,-
2022-05-23,603556,XD海兴电,电网设备,12.75346265377856,12.875460456942005,12.528235940246047,12.781615992970123,12.528235940246047,5882477,75187562.10,1.2037,,,否,,,,,,否,488684040,488684040,6246171741.17,6246171741.17,,,,12.64,12.42,11.22,10.90,10.60,11.07,10.81,2016-11-10,-
2022-05-24,603556,XD海兴电,电网设备,12.772231546572936,12.772231546572936,12.087166959578209,12.105935852372586,12.087166959578209,8638930,104582332.41,1.7678,,,否,,,,,,否,488684040,488684040,5915977640.32,5915977640.32,,,,12.57,12.42,11.32,10.96,10.61,11.08,10.81,2016-11-10,-
2022-05-25,603556,XD海兴电,电网设备,12.21854920913884,12.46254481546573,12.049629173989455,12.41562258347979,12.049629173989455,5429614,67412038.20,1.1111,,,否,,,,,,否,488684040,488684040,6067316603.21,6067316603.21,,,,12.54,12.46,11.44,11.04,10.64,11.08,10.83,2016-11-10,-
2022-05-26,603556,XD海兴电,电网设备,12.41562258347979,12.547004833040422,11.98393804920914,12.481313708260107,11.98393804920914,5025856,62729285.39,1.0284,,,否,,,,,,否,488684040,488684040,6099418807.46,6099418807.46,,,,12.51,12.49,11.60,11.11,10.66,11.09,10.84,2016-11-10,-
2022-05-27,603556,XD海兴电,电网设备,12.443775922671353,12.518851493848858,12.1716269771529,12.340547012302286,12.1716269771529,3037330,37482313.66,0.6215,,,否,,,,,,否,488684040,488684040,6030628369.78,6030628369.78,,,,12.43,12.49,11.77,11.18,10.69,11.09,10.85,2016-11-10,-
2022-05-30,603556,XD海兴电,电网设备,12.284240333919158,12.359315905096661,12.115320298769772,12.340547012302286,12.115320298769772,3720018,45907057.02,0.7612,,,否,,,,,,否,488684040,488684040,6030628369.78,6030628369.78,,,,12.34,12.49,11.94,11.24,10.71,11.10,10.86,2016-11-10,-
2022-05-31,603556,XD海兴电,电网设备,12.490698154657295,12.490698154657295,12.068398066783832,12.340547012302286,12.068398066783832,3423876,42252502.74,0.7006,,,否,,,,,,否,488684040,488684040,6030628369.78,6030628369.78,,,,12.39,12.47,12.12,11.31,10.73,11.10,10.87,2016-11-10,-
2022-06-01,603556,XD海兴电,电网设备,12.265471441124781,12.715924868189807,12.265471441124781,12.537620386643233,12.265471441124781,5162684,64727772.17,1.0564,,,否,,,,,,否,488684040,488684040,6126934982.53,6126934982.53,,,,12.41,12.47,12.26,11.38,10.75,11.10,10.88,2016-11-10,-
2022-06-02,603556,XD海兴电,电网设备,12.678387082601056,12.678387082601056,12.22793365553603,12.471929261862918,12.22793365553603,4326069,53954426.55,0.8852,,,否,,,,,,否,488684040,488684040,6094832778.28,6094832778.28,,,,12.41,12.45,12.35,11.47,10.78,11.11,10.89,2016-11-10,-
2022-06-06,603556,XD海兴电,电网设备,12.50946704745167,12.894229349736381,12.46254481546573,12.75346265377856,12.46254481546573,5449049,69494242.92,1.1150,,,否,,,,,,否,488684040,488684040,6232413653.64,6232413653.64,,,,12.49,12.45,12.40,11.54,10.81,11.12,10.90,2016-11-10,-
2022-06-07,603556,XD海兴电,电网设备,12.819153778558876,13.494833919156417,12.772231546572936,12.866076010544818,12.772231546572936,11983640,154182423.12,2.4522,,,否,,,,,,否,488684040,488684040,6287446003.78,6287446003.78,,,,12.59,12.46,12.44,11.64,10.85,11.12,10.90,2016-11-10,-
2022-06-08,603556,XD海兴电,电网设备,12.903613796133568,13.072533831282954,12.087166959578209,12.500082601054483,12.087166959578209,8085500,101069417.87,1.6545,,,否,,,,,,否,488684040,488684040,6108590865.82,6108590865.82,,,,12.62,12.51,12.46,11.71,10.88,11.13,10.91,2016-11-10,-
2022-06-09,603556,XD海兴电,电网设备,12.518851493848858,13.354067223198596,12.46254481546573,12.471929261862918,12.46254481546573,8240224,102771490.83,1.6862,,,否,,,,,,否,488684040,488684040,6094832778.28,6094832778.28,,,,12.61,12.51,12.49,11.80,10.91,11.13,10.92,2016-11-10,-
2022-06-10,603556,XD海兴电,电网设备,12.265471441124781,13.729445079086117,12.265471441124781,13.729445079086117,12.265471441124781,12423061,170561733.71,2.5421,,,否,,,,,,是,488684040,488684040,6709360688.21,6709360688.21,,,,12.87,12.63,12.56,11.95,10.98,11.15,10.94,2016-11-10,-
2022-06-13,603556,XD海兴电,电网设备,13.917134007029878,14.376971880492093,13.297760544815466,13.4291427943761,13.297760544815466,18617128,250012070.33,3.8096,,,否,,,,,,否,488684040,488684040,6562607754.49,6562607754.49,,,,13.00,12.74,12.61,12.10,11.03,11.16,10.95,2016-11-10,-
2022-06-14,603556,XD海兴电,电网设备,13.222684973637962,13.32591388400703,12.725309314586996,13.100687170474519,12.725309314586996,11151087,146086902.40,2.2819,,,否,,,,,,否,488684040,488684040,6402096733.24,6402096733.24,,,,13.04,12.82,12.66,12.23,11.07,11.18,10.96,2016-11-10,-
2022-06-15,603556,XD海兴电,电网设备,13.156993848857645,13.194531634446399,12.875460456942005,12.988073813708262,12.875460456942005,6674411,86687742.73,1.3658,,,否,,,,,,否,488684040,488684040,6347064383.10,6347064383.10,,,,13.15,12.88,12.68,12.37,11.14,11.19,10.98,2016-11-10,-
2022-06-16,603556,XD海兴电,电网设备,13.08191827768014,13.08191827768014,12.640849297012304,12.725309314586996,12.640849297012304,6788274,86382886.36,1.3891,,,否,,,,,,否,488684040,488684040,6218655566.10,6218655566.10,,,,13.19,12.90,12.69,12.47,11.19,11.20,10.99,2016-11-10,-
2022-06-17,603556,XD海兴电,电网设备,12.725309314586996,13.269607205623903,12.650233743409492,13.128840509666082,12.650233743409492,10109780,132729689.21,2.0688,,,否,,,,,,否,488684040,488684040,6415854820.78,6415854820.78,,,,13.07,12.97,12.72,12.56,11.24,11.20,11.00,2016-11-10,-
2022-06-20,603556,XD海兴电,电网设备,13.260222759226716,14.161129613356767,13.194531634446399,13.766982864674869,13.194531634446399,12250400,168651046.89,2.5068,,,否,,,,,,否,488684040,488684040,6727704804.92,6727704804.92,,,,13.14,13.07,12.76,12.62,11.31,11.21,11.02,2016-11-10,-
2022-06-21,603556,XD海兴电,电网设备,14.010978471001758,14.020362917398947,13.33529833040422,13.485449472759226,13.33529833040422,7060060,95208082.40,1.4447,,,否,,,,,,否,488684040,488684040,6590123929.56,6590123929.56,,,,13.22,13.13,12.80,12.67,11.37,11.21,11.03,2016-11-10,-
2022-06-22,603556,XD海兴电,电网设备,13.598062829525485,13.729445079086117,13.32591388400703,13.598062829525485,13.32591388400703,5084119,69134169.59,1.0404,,,否,,,,,,否,488684040,488684040,6645156279.71,6645156279.71,,,,13.34,13.24,12.88,12.72,11.43,11.22,11.04,2016-11-10,-
2022-06-23,603556,XD海兴电,电网设备,13.485449472759226,13.673138400702989,13.034996045694202,13.61683172231986,13.034996045694202,5142567,70025469.46,1.0523,,,否,,,,,,否,488684040,488684040,6654328338.06,6654328338.06,,,,13.52,13.35,12.93,12.78,11.50,11.24,11.05,2016-11-10,-
2022-06-24,603556,XD海兴电,电网设备,13.654369507908614,13.879596221441124,13.4291427943761,13.701291739894552,13.4291427943761,6295187,86252193.64,1.2882,,,否,,,,,,否,488684040,488684040,6695602600.67,6695602600.67,,,,13.64,13.35,13.00,12.83,11.56,11.25,11.06,2016-11-10,-
2022-06-27,603556,XD海兴电,电网设备,13.71067618629174,13.748213971880494,13.260222759226716,13.485449472759226,13.260222759226716,8092258,109127736.38,1.6559,,,否,,,,,,否,488684040,488684040,6590123929.56,6590123929.56,,,,13.58,13.36,13.05,12.87,11.62,11.26,11.08,2016-11-10,-
2022-06-28,603556,XD海兴电,电网设备,13.438527240773288,13.588678383128297,13.269607205623903,13.38222056239016,13.269607205623903,4831580,64657269.22,0.9887,,,否,,,,,,否,488684040,488684040,6539677608.60,6539677608.60,,,,13.56,13.39,13.10,12.90,11.67,11.28,11.09,2016-11-10,-
2022-06-29,603556,XD海兴电,电网设备,13.38222056239016,13.579293936731109,12.875460456942005,12.884844903339193,12.875460456942005,6613429,85213006.94,1.3533,,,否,,,,,,否,488684040,488684040,6296618062.14,6296618062.14,,,,13.41,13.38,13.13,12.91,11.73,11.29,11.10,2016-11-10,-
2022-06-30,603556,XD海兴电,电网设备,13.006842706502637,13.156993848857645,12.725309314586996,12.959920474516696,12.725309314586996,4927734,63863040.76,1.0084,,,否,,,,,,否,488684040,488684040,6333306295.57,6333306295.57,,,,13.28,13.40,13.16,12.92,11.78,11.30,11.12,2016-11-10,-
2022-07-01,603556,XD海兴电,电网设备,12.978689367311073,13.100687170474519,12.75346265377856,12.875460456942005,12.75346265377856,3221230,41474819.49,0.6592,,,否,,,,,,否,488684040,488684040,6292032032.96,6292032032.96,,,,13.12,13.37,13.18,12.93,11.82,11.31,11.13,2016-11-10,-
2022-07-04,603556,XD海兴电,电网设备,12.875460456942005,13.447911687170475,12.631464850615115,13.447911687170475,12.631464850615115,7741219,104103229.46,1.5841,,,否,,,,,,否,488684040,488684040,6571779812.85,6571779812.85,,,,13.11,13.34,13.20,12.96,11.88,11.33,11.14,2016-11-10,-
2022-07-05,603556,XD海兴电,电网设备,13.344682776801408,14.132976274165204,13.213300527240774,13.579293936731109,13.213300527240774,10639681,144479355.69,2.1772,,,否,,,,,,否,488684040,488684040,6635984221.35,6635984221.35,,,,13.15,13.35,13.24,12.99,11.94,11.34,11.16,2016-11-10,-
2022-07-06,603556,XD海兴电,电网设备,13.607447275922672,13.626216168717049,13.23206942003515,13.52298725834798,13.23206942003515,5177345,70013170.47,1.0594,,,否,,,,,,否,488684040,488684040,6608468046.28,6608468046.28,,,,13.28,13.34,13.30,13.03,11.99,11.36,11.17,2016-11-10,-
2022-07-07,603556,XD海兴电,电网设备,13.4291427943761,14.039131810193323,13.344682776801408,13.964056239015818,13.344682776801408,7290744,101808359.24,1.4919,,,否,,,,,,否,488684040,488684040,6824011417.67,6824011417.67,,,,13.48,13.38,13.37,13.08,12.06,11.37,11.19,2016-11-10,-
2022-07-08,603556,XD海兴电,电网设备,13.95467179261863,14.020362917398947,13.579293936731109,13.644985061511424,13.579293936731109,5465360,74574755.56,1.1184,,,否,,,,,,否,488684040,488684040,6668086425.60,6668086425.60,,,,13.64,13.37,13.36,13.12,12.12,11.39,11.20,2016-11-10,-
2022-07-11,603556,XD海兴电,电网设备,13.626216168717049,14.09543848857645,13.4291427943761,13.832673989455186,13.4291427943761,7720946,106801328.91,1.5799,,,否,,,,,,否,488684040,488684040,6759807009.17,6759807009.17,,,,13.71,13.41,13.38,13.18,12.17,11.40,11.21,2016-11-10,-
2022-07-12,603556,XD海兴电,电网设备,13.842058435852374,14.320665202108964,13.56990949033392,13.795136203866432,13.56990949033392,6255910,86301130.53,1.2802,,,否,,,,,,否,488684040,488684040,6741462892.46,6741462892.46,,,,13.75,13.45,13.42,13.22,12.23,11.42,11.23,2016-11-10,-
2022-07-13,603556,XD海兴电,电网设备,13.541756151142355,14.386356326889281,13.494833919156417,14.348818541300528,13.494833919156417,10632716,152566912.49,2.1758,,,否,,,,,,否,488684040,488684040,7012038613.99,7012038613.99,,,,13.92,13.60,13.49,13.29,12.29,11.45,11.25,2016-11-10,-
2022-07-14,603556,XD海兴电,电网设备,14.142360720562392,14.733580843585237,13.851442882249561,14.583429701230228,13.851442882249561,12413900,181037237.97,2.5403,,,否,,,,,,否,488684040,488684040,7126689343.45,7126689343.45,,,,14.04,13.76,13.58,13.35,12.37,11.47,11.27,2016-11-10,-
2022-07-15,603556,XD海兴电,电网设备,14.367587434094904,14.489585237258348,13.447911687170475,14.020362917398947,13.447911687170475,16149313,226419229.13,3.3047,,,否,,,,,,否,488684040,488684040,6851527592.74,6851527592.74,,,,14.11,13.87,13.63,13.41,12.43,11.49,11.28,2016-11-10,-
2022-07-18,603556,XD海兴电,电网设备,14.123591827768015,14.358202987697718,13.842058435852374,14.067285149384887,13.842058435852374,8459886,119007628.69,1.7312,,,否,,,,,,否,488684040,488684040,6874457738.63,6874457738.63,,,,14.16,13.94,13.64,13.45,12.50,11.51,11.30,2016-11-10,-
2022-07-19,603556,XD海兴电,电网设备,14.104822934973638,14.104822934973638,13.654369507908614,13.785751757469244,13.654369507908614,6755141,93124696.91,1.3823,,,否,,,,,,否,488684040,488684040,6736876863.28,6736876863.28,,,,14.16,13.95,13.65,13.49,12.56,11.52,11.32,2016-11-10,-
2022-07-20,603556,XD海兴电,电网设备,13.795136203866432,14.039131810193323,13.785751757469244,13.926518453427066,13.785751757469244,5756148,80163101.34,1.1779,,,否,,,,,,否,488684040,488684040,6805667300.96,6805667300.96,,,,14.08,14.00,13.67,13.53,12.62,11.54,11.34,2016-11-10,-
2022-07-21,603556,XD海兴电,电网设备,13.926518453427066,14.09543848857645,13.673138400702989,13.691907293497364,13.673138400702989,5946548,81419583.93,1.2168,,,否,,,,,,否,488684040,488684040,6691016571.49,6691016571.49,,,,13.90,13.97,13.67,13.57,12.69,11.56,11.35,2016-11-10,-
2022-07-22,603556,XD海兴电,电网设备,13.701291739894552,13.917134007029878,13.438527240773288,13.560525043936732,13.438527240773288,4776680,64774288.77,0.9775,,,否,,,,,,否,488684040,488684040,6626812162.99,6626812162.99,,,,13.80,13.96,13.66,13.56,12.75,11.58,11.36,2016-11-10,-
2022-07-25,603556,XD海兴电,电网设备,13.785751757469244,13.973440685413006,13.260222759226716,13.316529437609843,13.260222759226716,5578961,74292398.39,1.1416,,,否,,,,,,否,488684040,488684040,6507575404.35,6507575404.35,,,,13.65,13.91,13.66,13.56,12.83,11.60,11.37,2016-11-10,-
2022-07-26,603556,XD海兴电,电网设备,13.213300527240774,13.673138400702989,13.213300527240774,13.588678383128297,13.213300527240774,4752874,64585276.18,0.9726,,,否,,,,,,否,488684040,488684040,6640570250.53,6640570250.53,,,,13.62,13.89,13.67,13.58,12.90,11.62,11.39,2016-11-10,-
2022-07-27,603556,XD海兴电,电网设备,13.551140597539543,13.673138400702989,13.363451669595783,13.635600615114235,13.363451669595783,3867175,52731253.81,0.7913,,,否,,,,,,否,488684040,488684040,6663500396.42,6663500396.42,,,,13.56,13.81,13.71,13.60,12.99,11.65,11.40,2016-11-10,-
2022-07-28,603556,XD海兴电,电网设备,13.75759841827768,14.217436291739896,13.71067618629174,13.795136203866432,13.71067618629174,7038146,97092182.69,1.4402,,,否,,,,,,否,488684040,488684040,6741462892.46,6741462892.46,,,,13.58,13.74,13.75,13.64,13.05,11.67,11.42,2016-11-10,-
2022-07-29,603556,XD海兴电,电网设备,13.81390509666081,14.414509666080844,13.766982864674869,14.132976274165204,13.766982864674869,8456863,119520644.13,1.7305,,,否,,,,,,否,488684040,488684040,6906559942.88,6906559942.88,,,,13.69,13.75,13.81,13.66,13.11,11.70,11.44,2016-11-10,-
2022-08-01,603556,XD海兴电,电网设备,14.00159402460457,14.311280755711776,13.6637539543058,13.90774956063269,13.6637539543058,5493757,76405796.50,1.1242,,,否,,,,,,否,488684040,488684040,6796495242.60,6796495242.60,,,,13.81,13.74,13.83,13.67,13.15,11.73,11.45,2016-11-10,-
2022-08-02,603556,XD海兴电,电网设备,13.81390509666081,13.851442882249561,13.063149384885765,13.156993848857645,13.063149384885765,6402452,84237021.58,1.3101,,,否,,,,,,否,488684040,488684040,6429612908.31,6429612908.31,,,,13.73,13.67,13.81,13.66,13.17,11.75,11.47,2016-11-10,-
2022-08-03,603556,XD海兴电,电网设备,13.156993848857645,13.607447275922672,12.715924868189807,12.734693760984184,12.715924868189807,7184664,91494495.82,1.4702,,,否,,,,,,否,488684040,488684040,6223241595.28,6223241595.28,,,,13.54,13.55,13.78,13.64,13.18,11.77,11.48,2016-11-10,-
2022-08-04,603556,XD海兴电,电网设备,12.856691564147628,13.513602811950792,12.856691564147628,13.32591388400703,12.856691564147628,7235930,96425380.05,1.4807,,,否,,,,,,否,488684040,488684040,6512161433.53,6512161433.53,,,,13.45,13.51,13.74,13.63,13.20,11.79,11.49,2016-11-10,-
2022-08-05,603556,XD海兴电,电网设备,13.344682776801408,13.410373901581723,12.856691564147628,13.110071616871707,12.856691564147628,5626400,73762506.95,1.1513,,,否,,,,,,否,488684040,488684040,6406682762.42,6406682762.42,,,,13.25,13.47,13.72,13.60,13.21,11.81,11.51,2016-11-10,-
2022-08-08,603556,XD海兴电,电网设备,13.110071616871707,13.32591388400703,12.884844903339193,13.194531634446399,12.884844903339193,3929702,51850577.35,0.8041,,,否,,,,,,否,488684040,488684040,6447957025.03,6447957025.03,,,,13.10,13.46,13.68,13.59,13.23,11.82,11.51,2016-11-10,-
2022-08-09,603556,XD海兴电,电网设备,13.307144991212654,13.354067223198596,12.969304920913885,13.034996045694202,12.969304920913885,3967701,51718966.85,0.8119,,,否,,,,,,否,488684040,488684040,6369994528.99,6369994528.99,,,,13.08,13.40,13.64,13.58,13.24,11.84,11.52,2016-11-10,-
2022-08-10,603556,XD海兴电,电网设备,12.94115158172232,13.110071616871707,12.884844903339193,13.091302724077329,12.884844903339193,3766465,49307933.51,0.7707,,,否,,,,,,否,488684040,488684040,6397510704.07,6397510704.07,,,,13.15,13.34,13.58,13.59,13.25,11.86,11.54,2016-11-10,-
2022-08-11,603556,XD海兴电,电网设备,13.110071616871707,14.09543848857645,13.053764938488577,13.879596221441124,13.053764938488577,9751746,135350296.93,1.9955,,,否,,,,,,否,488684040,488684040,6782737155.06,6782737155.06,,,,13.26,13.35,13.55,13.62,13.27,11.89,11.55,2016-11-10,-
2022-08-12,603556,XD海兴电,电网设备,13.785751757469244,14.132976274165204,13.6637539543058,13.935902899824253,13.6637539543058,5292388,73754205.28,1.0830,,,否,,,,,,否,488684040,488684040,6810253330.13,6810253330.13,,,,13.43,13.34,13.54,13.65,13.30,11.92,11.57,2016-11-10,-
2022-08-15,603556,XD海兴电,电网设备,13.945287346221441,14.395740773286468,13.785751757469244,14.311280755711776,13.785751757469244,6861416,98195650.76,1.4041,,,否,,,,,,否,488684040,488684040,6993694497.28,6993694497.28,,,,13.65,13.38,13.56,13.68,13.32,11.95,11.58,2016-11-10,-
2022-08-16,603556,XD海兴电,电网设备,14.320665202108964,15.315416520210897,14.245589630931459,15.127727592267137,14.245589630931459,13020687,196973406.00,2.6644,,,否,,,,,,否,488684040,488684040,7392679035.81,7392679035.81,,,,14.07,13.58,13.63,13.74,13.36,11.97,11.60,2016-11-10,-
2022-08-17,603556,XD海兴电,电网设备,15.25910984182777,15.944174428822496,15.184034270650264,15.54064323374341,15.184034270650264,13517307,210067645.57,2.7661,,,否,,,,,,否,488684040,488684040,7594464319.66,7594464319.66,,,,14.56,13.85,13.70,13.80,13.42,12.01,11.62,2016-11-10,-
2022-08-18,603556,XD海兴电,电网设备,15.456183216168718,16.141247803163445,15.287263181019332,15.77525439367311,15.287263181019332,10675948,168415795.59,2.1846,,,否,,,,,,否,488684040,488684040,7709115049.13,7709115049.13,,,,14.94,14.10,13.80,13.86,13.48,12.06,11.64,2016-11-10,-
2022-08-19,603556,XD海兴电,电网设备,15.7846388400703,16.04740333919157,15.474952108963093,15.756485500878735,15.474952108963093,8210290,129365315.34,1.6801,,,否,,,,,,否,488684040,488684040,7699942990.77,7699942990.77,,,,15.31,14.37,13.92,13.94,13.52,12.10,11.66,2016-11-10,-
2022-08-22,603556,XD海兴电,电网设备,15.756485500878735,15.906636643233744,15.240340949033392,15.39987653778559,15.240340949033392,7408484,114089738.93,1.5160,,,否,,,,,,否,488684040,488684040,7525673881.99,7525673881.99,,,,15.52,14.58,14.02,13.98,13.58,12.13,11.67,2016-11-10,-
2022-08-23,603556,XD海兴电,电网设备,15.390492091388401,15.859714411247802,15.296647627416522,15.756485500878735,15.296647627416522,6512878,102620067.78,1.3327,,,否,,,,,,否,488684040,488684040,7699942990.77,7699942990.77,,,,15.64,14.86,14.13,14.05,13.64,12.17,11.69,2016-11-10,-
2022-08-24,603556,XD海兴电,电网设备,15.756485500878735,15.822176625659052,14.930654217926188,14.940038664323374,14.930654217926188,7107291,106183202.34,1.4544,,,否,,,,,,否,488684040,488684040,7300958452.24,7300958452.24,,,,15.52,15.04,14.20,14.07,13.68,12.20,11.70,2016-11-10,-
2022-08-25,603556,XD海兴电,电网设备,15.052652021089632,15.165265377855889,14.574045254833042,14.82742530755712,14.574045254833042,5580026,82737418.73,1.1418,,,否,,,,,,否,488684040,488684040,7245926102.10,7245926102.10,,,,15.33,15.14,14.25,14.08,13.72,12.24,11.71,2016-11-10,-
2022-08-26,603556,XD海兴电,电网设备,14.940038664323374,15.137112038664323,14.667889718804922,14.733580843585237,14.667889718804922,3823805,56338340.10,0.7825,,,否,,,,,,否,488684040,488684040,7200065810.31,7200065810.31,,,,15.13,15.22,14.27,14.10,13.76,12.27,11.72,2016-11-10,-
2022-08-29,603556,XD海兴电,电网设备,14.602198594024607,16.028634446397188,14.461431898066785,15.794023286467485,14.461431898066785,11761998,185769270.31,2.4069,,,否,,,,,,否,488684040,488684040,7718287107.49,7718287107.49,,,,15.21,15.36,14.37,14.16,13.80,12.30,11.74,2016-11-10,-
2022-08-30,603556,XD海兴电,电网设备,15.794023286467485,16.27263005272408,15.634487697715292,15.944174428822496,15.634487697715292,9544363,152176988.48,1.9531,,,否,,,,,,否,488684040,488684040,7791663574.34,7791663574.34,,,,15.25,15.45,14.51,14.23,13.85,12.35,11.76,2016-11-10,-
2022-08-31,603556,XD海兴电,电网设备,15.709563268892794,15.747101054481549,14.705427504393674,14.82742530755712,14.705427504393674,9122837,135268184.21,1.8668,,,否,,,,,,否,488684040,488684040,7245926102.10,7245926102.10,,,,15.22,15.37,14.61,14.26,13.90,12.39,11.78,2016-11-10,-
2022-09-01,603556,XD海兴电,电网设备,14.986960896309316,14.996345342706505,14.208051845342707,14.311280755711776,14.208051845342707,7313446,104664779.00,1.4966,,,否,,,,,,否,488684040,488684040,6993694497.28,6993694497.28,,,,15.12,15.23,14.67,14.28,13.93,12.43,11.79,2016-11-10,-
2022-09-02,603556,XD海兴电,电网设备,14.330049648506153,14.72419639718805,14.208051845342707,14.480200790861161,14.208051845342707,4830881,69952126.88,0.9885,,,否,,,,,,否,488684040,488684040,7076243022.49,7076243022.49,,,,15.07,15.10,14.73,14.31,13.94,12.45,11.81,2016-11-10,-
2022-09-05,603556,XD海兴电,电网设备,14.414509666080844,14.649120826010545,14.151745166959579,14.283127416520212,14.151745166959579,4825011,68916246.90,0.9873,,,否,,,,,,否,488684040,488684040,6979936409.74,6979936409.74,,,,14.77,14.99,14.79,14.35,13.95,12.49,11.82,2016-11-10,-
2022-09-06,603556,XD海兴电,电网设备,14.414509666080844,15.718947715289984,14.114207381370827,15.718947715289984,14.114207381370827,9462939,148747443.37,1.9364,,,否,,,,,,是,488684040,488684040,7681598874.06,7681598874.06,,,,14.72,14.99,14.92,14.41,13.99,12.54,11.83,2016-11-10,-
2022-09-07,603556,XD海兴电,电网设备,16.225707820738137,16.55416344463972,15.93478998242531,16.225707820738137,15.93478998242531,17931396,290949592.31,3.6693,,,否,,,,,,否,488684040,488684040,7929244449.70,7929244449.70,,,,15.01,15.12,15.08,14.50,14.05,12.59,11.85,2016-11-10,-
2022-09-08,603556,XD海兴电,电网设备,16.06617223198594,16.479087873462213,15.747101054481549,16.141247803163445,15.747101054481549,11727464,189295902.53,2.3998,,,否,,,,,,否,488684040,488684040,7887970187.09,7887970187.09,,,,15.37,15.25,15.19,14.58,14.10,12.65,11.87,2016-11-10,-
2022-09-09,603556,XD海兴电,电网设备,16.13186335676626,16.150632249560633,15.39987653778559,15.840945518453427,15.39987653778559,8098270,128284253.86,1.6572,,,否,,,,,,否,488684040,488684040,7741217253.38,7741217253.38,,,,15.64,15.35,15.29,14.64,14.15,12.70,11.89,2016-11-10,-
2022-09-13,603556,XD海兴电,电网设备,15.681409929701232,15.794023286467485,14.958807557117751,15.212187609841829,14.958807557117751,7563533,115057882.99,1.5477,,,否,,,,,,否,488684040,488684040,7433953298.42,7433953298.42,,,,15.83,15.30,15.33,14.68,14.18,12.74,11.91,2016-11-10,-
2022-09-14,603556,XD海兴电,电网设备,15.071420913884007,15.859714411247802,14.761734182776802,15.437414323374341,14.761734182776802,9573357,147787878.47,1.9590,,,否,,,,,,否,488684040,488684040,7544017998.70,7544017998.70,,,,15.78,15.25,15.34,14.75,14.21,12.79,11.92,2016-11-10,-
2022-09-15,603556,XD海兴电,电网设备,15.315416520210897,15.39987653778559,14.19866739894552,14.517738576449913,14.19866739894552,9542325,138532979.76,1.9527,,,否,,,,,,否,488684040,488684040,7094587139.20,7094587139.20,,,,15.43,15.22,15.30,14.82,14.23,12.83,11.94,2016-11-10,-
2022-09-16,603556,XD海兴电,电网设备,14.405125219683656,14.836809753954308,13.982825131810195,14.00159402460457,13.982825131810195,7534623,105496732.37,1.5418,,,否,,,,,,否,488684040,488684040,6842355534.38,6842355534.38,,,,15.01,15.18,15.21,14.84,14.23,12.87,11.95,2016-11-10,-
2022-09-19,603556,XD海兴电,电网设备,13.982825131810195,14.132976274165204,13.419758347978911,13.691907293497364,13.419758347978911,6399466,87620895.20,1.3095,,,否,,,,,,否,488684040,488684040,6691016571.49,6691016571.49,,,,14.57,15.11,15.11,14.86,14.23,12.89,11.96,2016-11-10,-
2022-09-20,603556,XD海兴电,电网设备,13.701291739894552,14.114207381370827,13.701291739894552,13.90774956063269,13.701291739894552,4376764,60870937.60,0.8956,,,否,,,,,,否,488684040,488684040,6796495242.60,6796495242.60,,,,14.31,15.07,15.03,14.88,14.24,12.93,11.97,2016-11-10,-
2022-09-21,603556,XD海兴电,电网设备,13.888980667838315,13.945287346221441,13.541756151142355,13.832673989455186,13.541756151142355,3526070,48774976.77,0.7215,,,否,,,,,,否,488684040,488684040,6759807009.17,6759807009.17,,,,13.99,14.88,14.93,14.91,14.25,12.96,11.97,2016-11-10,-
2022-09-22,603556,XD海兴电,电网设备,13.551140597539543,14.057900702987698,13.551140597539543,13.832673989455186,13.551140597539543,3725400,51532243.68,0.7623,,,否,,,,,,否,488684040,488684040,6759807009.17,6759807009.17,,,,13.85,14.64,14.87,14.93,14.26,13.00,11.98,2016-11-10,-
2022-09-23,603556,XD海兴电,电网设备,13.795136203866432,14.020362917398947,13.260222759226716,13.354067223198596,13.260222759226716,5799468,77446485.53,1.1868,,,否,,,,,,否,488684040,488684040,6525919521.06,6525919521.06,,,,13.72,14.37,14.81,14.91,14.26,13.03,11.99,2016-11-10,-
2022-09-26,603556,XD海兴电,电网设备,13.269607205623903,13.513602811950792,13.091302724077329,13.23206942003515,13.091302724077329,3986001,52743041.94,0.8157,,,否,,,,,,否,488684040,488684040,6466301141.74,6466301141.74,,,,13.64,14.10,14.73,14.89,14.27,13.04,12.00,2016-11-10,-
2022-09-27,603556,XD海兴电,电网设备,13.28837609841828,13.785751757469244,13.27899165202109,13.579293936731109,13.27899165202109,3953327,53683389.36,0.8090,,,否,,,,,,否,488684040,488684040,6635984221.35,6635984221.35,,,,13.57,13.94,14.62,14.86,14.27,13.08,12.01,2016-11-10,-
2022-09-28,603556,XD海兴电,电网设备,13.607447275922672,13.870211775043938,13.194531634446399,13.194531634446399,13.194531634446399,3802764,50175689.90,0.7782,,,否,,,,,,否,488684040,488684040,6447957025.03,6447957025.03,,,,13.44,13.71,14.48,14.80,14.26,13.10,12.02,2016-11-10,-
2022-09-29,603556,XD海兴电,电网设备,13.316529437609843,13.532371704745168,13.119456063268894,13.23206942003515,13.119456063268894,3056600,40445143.39,0.6255,,,否,,,,,,否,488684040,488684040,6466301141.74,6466301141.74,,,,13.32,13.59,14.41,14.72,14.26,13.13,12.03,2016-11-10,-
2022-09-30,603556,XD海兴电,电网设备,13.28837609841828,13.28837609841828,12.903613796133568,12.912998242530756,12.903613796133568,3023710,39045161.92,0.6187,,,否,,,,,,否,488684040,488684040,6310376149.67,6310376149.67,,,,13.23,13.48,14.33,14.63,14.25,13.16,12.04,2016-11-10,-
2022-10-10,603556,XD海兴电,电网设备,12.988073813708262,13.119456063268894,12.631464850615115,12.669002636203867,12.631464850615115,2750864,34850703.27,0.5629,,,否,,,,,,否,488684040,488684040,6191139391.03,6191139391.03,,,,13.12,13.37,14.25,14.53,14.23,13.18,12.04,2016-11-10,-
2022-10-11,603556,XD海兴电,电网设备,12.659618189806679,12.931767135325131,12.518851493848858,12.772231546572936,12.518851493848858,3271377,41782784.52,0.6694,,,否,,,,,,否,488684040,488684040,6241585711.99,6241585711.99,,,,12.96,13.26,14.16,14.44,14.21,13.19,12.05,2016-11-10,-
2022-10-12,603556,XD海兴电,电网设备,12.781615992970123,13.23206942003515,12.453160369068542,13.23206942003515,12.453160369068542,4154166,54968212.89,0.8501,,,否,,,,,,否,488684040,488684040,6466301141.74,6466301141.74,,,,12.96,13.20,14.04,14.36,14.20,13.21,12.06,2016-11-10,-
2022-10-13,603556,XD海兴电,电网设备,13.27899165202109,13.720060632688929,13.166378295254834,13.52298725834798,13.166378295254834,5578682,75440445.60,1.1416,,,否,,,,,,否,488684040,488684040,6608468046.28,6608468046.28,,,,13.03,13.17,13.91,14.31,14.19,13.24,12.07,2016-11-10,-
2022-10-14,603556,XD海兴电,电网设备,13.626216168717049,13.992209578207383,13.4291427943761,13.898365114235503,13.4291427943761,5103707,70933183.32,1.0444,,,否,,,,,,否,488684040,488684040,6791909213.42,6791909213.42,,,,13.22,13.22,13.80,14.27,14.18,13.27,12.08,2016-11-10,-
2022-10-17,603556,XD海兴电,电网设备,14.161129613356767,14.161129613356767,13.691907293497364,14.057900702987698,13.691907293497364,4478967,62964873.34,0.9165,,,否,,,,,,否,488684040,488684040,6869871709.45,6869871709.45,,,,13.49,13.31,13.70,14.25,14.18,13.31,12.09,2016-11-10,-
2022-10-18,603556,XD海兴电,电网设备,14.480200790861161,14.545891915641477,14.057900702987698,14.264358523725836,14.057900702987698,5419707,77308643.74,1.1090,,,否,,,,,,否,488684040,488684040,6970764351.38,6970764351.38,,,,13.80,13.37,13.65,14.21,14.18,13.34,12.11,2016-11-10,-
2022-10-19,603556,XD海兴电,电网设备,14.217436291739896,14.320665202108964,14.067285149384887,14.151745166959579,14.067285149384887,3717290,52606140.79,0.7607,,,否,,,,,,否,488684040,488684040,6915732001.24,6915732001.24,,,,13.98,13.48,13.59,14.14,14.19,13.37,12.12,2016-11-10,-
2022-10-20,603556,XD海兴电,电网设备,14.414509666080844,15.39987653778559,14.114207381370827,15.052652021089632,14.114207381370827,13756436,207070844.16,2.8150,,,否,,,,,,否,488684040,488684040,7355990802.38,7355990802.38,,,,14.28,13.65,13.62,14.15,14.21,13.41,12.13,2016-11-10,-
2022-10-21,603556,XD海兴电,电网设备,14.883731985940246,15.428029876977154,14.883731985940246,15.221572056239015,14.883731985940246,8767129,133449485.80,1.7940,,,否,,,,,,否,488684040,488684040,7438539327.59,7438539327.59,,,,14.55,13.89,13.68,14.18,14.24,13.46,12.15,2016-11-10,-
2022-10-24,603556,XD海兴电,电网设备,15.221572056239015,15.747101054481549,15.127727592267137,15.390492091388401,15.127727592267137,7650126,117739203.70,1.5655,,,否,,,,,,否,488684040,488684040,7521087852.81,7521087852.81,,,,14.82,14.16,13.77,14.22,14.26,13.50,12.17,2016-11-10,-
2022-10-25,603556,XD海兴电,电网设备,15.390492091388401,15.428029876977154,14.940038664323374,15.268494288224957,14.940038664323374,6073075,92726710.95,1.2427,,,否,,,,,,否,488684040,488684040,7461469473.49,7461469473.49,,,,15.02,14.41,13.83,14.25,14.29,13.56,12.19,2016-11-10,-
2022-10-26,603556,XD海兴电,电网设备,15.36233875219684,15.747101054481549,15.099574253075572,15.625103251318102,15.099574253075572,5179664,80932784.81,1.0599,,,否,,,,,,否,488684040,488684040,7635738582.27,7635738582.27,,,,15.32,14.65,13.93,14.25,14.33,13.62,12.22,2016-11-10,-
2022-10-27,603556,XD海兴电,电网设备,15.615718804920915,16.141247803163445,15.446798769771531,15.625103251318102,15.446798769771531,5984879,93514352.32,1.2247,,,否,,,,,,否,488684040,488684040,7635738582.27,7635738582.27,,,,15.43,14.86,14.01,14.23,14.36,13.67,12.24,2016-11-10,-
2022-10-28,603556,XD海兴电,电网设备,15.503105448154658,15.681409929701232,15.005729789103691,15.080805360281197,15.005729789103691,5874748,88595931.13,1.2022,,,否,,,,,,否,488684040,488684040,7369748889.92,7369748889.92,,,,15.40,14.98,14.10,14.19,14.39,13.72,12.26,2016-11-10,-
2022-10-31,603556,XD海兴电,电网设备,14.958807557117751,15.550027680140598,14.940038664323374,15.221572056239015,14.940038664323374,5022200,76445779.18,1.0277,,,否,,,,,,否,488684040,488684040,7438539327.59,7438539327.59,,,,15.36,15.09,14.20,14.17,14.41,13.76,12.27,2016-11-10,-
2022-11-01,603556,XD海兴电,电网设备,15.230956502636205,16.056787785588753,15.193418717047454,16.019250000000003,15.193418717047454,7317142,117215126.98,1.4973,,,否,,,,,,否,488684040,488684040,7828351807.77,7828351807.77,,,,15.51,15.27,14.32,14.19,14.43,13.80,12.29,2016-11-10,-
2022-11-02,603556,XD海兴电,电网设备,16.00986555360281,16.282014499121267,15.700178822495607,15.77525439367311,15.700178822495607,6180998,97506815.86,1.2648,,,否,,,,,,否,488684040,488684040,7709115049.13,7709115049.13,,,,15.54,15.43,14.45,14.21,14.48,13.82,12.32,2016-11-10,-
2022-11-03,603556,XD海兴电,电网设备,15.850329964850618,17.361225834797892,15.737716608084359,17.361225834797892,15.737716608084359,8802777,152826999.47,1.8013,,,否,,,,,,是,488684040,488684040,8484153980.30,8484153980.30,,,,15.89,15.66,14.66,14.30,14.56,13.87,12.35,2016-11-10,-
2022-11-04,603556,XD海兴电,电网设备,18.215210456942003,18.496743848857648,17.511376977152903,17.95244595782074,17.511376977152903,18470945,331598641.90,3.7797,,,否,,,,,,否,488684040,488684040,8773073818.55,8773073818.55,,,,16.47,15.93,14.91,14.43,14.63,13.92,12.38,2016-11-10,-
2022-11-07,603556,XD海兴电,电网设备,18.055674868189808,18.158903778558876,17.52076142355009,17.708450351493852,17.52076142355009,12421269,219961425.39,2.5418,,,否,,,,,,否,488684040,488684040,8653837059.91,8653837059.91,,,,16.97,16.16,15.16,14.56,14.71,13.96,12.41,2016-11-10,-
2022-11-08,603556,XD海兴电,电网设备,17.80229481546573,17.80229481546573,17.323688049209142,17.52076142355009,17.323688049209142,7841552,137389961.78,1.6046,,,否,,,,,,否,488684040,488684040,8562116476.34,8562116476.34,,,,17.27,16.39,15.40,14.69,14.78,14.00,12.43,2016-11-10,-
2022-11-09,603556,XD海兴电,电网设备,17.47383919156415,18.018137082601054,17.361225834797892,17.642759226713533,17.361225834797892,7188788,126830055.82,1.4711,,,否,,,,,,否,488684040,488684040,8621734855.66,8621734855.66,,,,17.63,16.59,15.62,14.81,14.86,14.05,12.47,2016-11-10,-
2022-11-10,603556,XD海兴电,电网设备,17.483223637961334,17.76475702987698,17.154768014059755,17.28615026362039,17.154768014059755,6667150,115249356.73,1.3643,,,否,,,,,,否,488684040,488684040,8447465746.87,8447465746.87,,,,17.62,16.76,15.80,14.93,14.93,14.09,12.50,2016-11-10,-
2022-11-11,603556,XD海兴电,电网设备,17.52076142355009,17.708450351493852,16.98584797891037,17.03277021089631,16.98584797891037,6384044,108737954.47,1.3064,,,否,,,,,,否,488684040,488684040,8323642959.05,8323642959.05,,,,17.44,16.95,15.96,15.05,14.99,14.12,12.52,2016-11-10,-
2022-11-14,603556,XD海兴电,电网设备,17.07969244288225,17.239228031634447,16.63862346221441,16.779390158172234,16.63862346221441,6406948,107504680.22,1.3111,,,否,,,,,,否,488684040,488684040,8199820171.23,8199820171.23,,,,17.25,17.11,16.10,15.17,15.03,14.16,12.55,2016-11-10,-
2022-11-15,603556,XD海兴电,电网设备,16.713699033391915,17.07969244288225,16.69493014059754,16.98584797891037,16.69493014059754,4998950,84911404.75,1.0229,,,否,,,,,,否,488684040,488684040,8300712813.16,8300712813.16,,,,17.15,17.20,16.24,15.28,15.07,14.20,12.58,2016-11-10,-
2022-11-16,603556,XD海兴电,电网设备,16.910772407732864,17.05153910369069,16.582316783831285,16.75123681898067,16.582316783831285,3829034,64141055.32,0.7835,,,否,,,,,,否,488684040,488684040,8186062083.70,8186062083.70,,,,16.97,17.30,16.37,15.40,15.10,14.23,12.60,2016-11-10,-
2022-11-17,603556,XD海兴电,电网设备,16.788774604569422,17.014001318101933,16.488472319859405,16.873234622144114,16.488472319859405,5025579,84797773.58,1.0284,,,否,,,,,,否,488684040,488684040,8245680463.02,8245680463.02,,,,16.88,17.26,16.46,15.52,15.13,14.27,12.62,2016-11-10,-
2022-11-18,603556,XD海兴电,电网设备,16.788774604569422,17.389379173989457,16.60108567662566,17.014001318101933,16.60108567662566,8713365,148249203.60,1.7830,,,否,,,,,,否,488684040,488684040,8314470900.70,8314470900.70,,,,16.88,17.16,16.54,15.66,15.15,14.31,12.65,2016-11-10,-
2022-11-21,603556,XD海兴电,电网设备,16.90138796133568,17.31430360281195,16.666776801405977,17.12661467486819,16.666776801405977,6017841,103065243.98,1.2314,,,否,,,,,,否,488684040,488684040,8369503250.84,8369503250.84,,,,16.95,17.10,16.63,15.80,15.17,14.35,12.68,2016-11-10,-
2022-11-22,603556,XD海兴电,电网设备,16.96707908611599,17.295534710017577,16.826312390158172,17.03277021089631,16.826312390158172,5095295,86786988.89,1.0427,,,否,,,,,,否,488684040,488684040,8323642959.05,8323642959.05,,,,16.96,17.05,16.72,15.95,15.19,14.39,12.70,2016-11-10,-
2022-11-23,603556,XD海兴电,电网设备,16.89200351493849,17.66152811950791,16.816927943760987,17.62399033391916,16.816927943760987,9586173,168946620.29,1.9616,,,否,,,,,,否,488684040,488684040,8612562797.30,8612562797.30,,,,17.14,17.05,16.82,16.09,15.22,14.43,12.73,2016-11-10,-
2022-11-24,603556,XD海兴电,电网设备,17.426916959578207,17.577068101933218,17.098461335676625,17.145383567662567,17.098461335676625,8067193,138315118.30,1.6508,,,否,,,,,,否,488684040,488684040,8378675309.19,8378675309.19,,,,17.19,17.03,16.90,16.22,15.26,14.47,12.75,2016-11-10,-
2022-11-25,603556,XD海兴电,电网设备,17.098461335676625,17.19230579964851,16.582316783831285,16.713699033391915,16.582316783831285,5592848,93477178.21,1.1445,,,否,,,,,,否,488684040,488684040,8167717966.98,8167717966.98,,,,17.13,17.00,16.98,16.31,15.30,14.51,12.77,2016-11-10,-
2022-11-28,603556,XD海兴电,电网设备,16.441550087873463,16.93892574692443,16.31955228471002,16.8826190685413,16.31955228471002,4108192,69357040.60,0.8407,,,否,,,,,,否,488684040,488684040,8250266492.20,8250266492.20,,,,17.08,17.01,17.06,16.40,15.33,14.55,12.79,2016-11-10,-
2022-11-29,603556,XD海兴电,电网设备,16.8826190685413,16.90138796133568,16.54477899824253,16.666776801405977,16.54477899824253,3746188,62436879.25,0.7666,,,否,,,,,,否,488684040,488684040,8144787821.09,8144787821.09,,,,17.00,16.99,17.10,16.49,15.34,14.57,12.81,2016-11-10,-
2022-11-30,603556,XD海兴电,电网设备,16.75123681898067,16.835696836555364,16.422781195079086,16.55416344463972,16.422781195079086,3694865,61165399.12,0.7561,,,否,,,,,,否,488684040,488684040,8089755470.95,8089755470.95,,,,16.79,16.97,17.14,16.56,15.35,14.60,12.83,2016-11-10,-
2022-12-01,603556,XD海兴电,电网设备,16.65739235500879,16.8075434973638,16.441550087873463,16.51662565905097,16.441550087873463,3269697,54004361.37,0.6691,,,否,,,,,,否,488684040,488684040,8071411354.23,8071411354.23,,,,16.67,16.93,17.09,16.61,15.38,14.64,12.85,2016-11-10,-
2022-12-02,603556,XD海兴电,电网设备,16.49785676625659,16.8075434973638,16.413396748681897,16.676161247803165,16.413396748681897,3688282,61506385.36,0.7547,,,否,,,,,,否,488684040,488684040,8149373850.27,8149373850.27,,,,16.66,16.89,17.02,16.66,15.42,14.68,12.87,2016-11-10,-
2022-12-05,603556,XD海兴电,电网设备,16.55416344463972,16.788774604569422,16.094325571177503,16.235092267135325,16.094325571177503,6156024,99943617.64,1.2597,,,否,,,,,,否,488684040,488684040,7933830478.88,7933830478.88,,,,16.53,16.81,16.96,16.69,15.45,14.70,12.88,2016-11-10,-
2022-12-06,603556,XD海兴电,电网设备,16.06617223198594,16.31955228471002,16.04740333919157,16.094325571177503,16.04740333919157,4135224,66553641.37,0.8462,,,否,,,,,,否,488684040,488684040,7865040041.20,7865040041.20,,,,16.41,16.71,16.88,16.71,15.48,14.71,12.89,2016-11-10,-
2022-12-07,603556,XD海兴电,电网设备,16.16001669595782,16.328936731107206,15.953558875219684,16.04740333919157,15.953558875219684,3408161,54692134.21,0.6974,,,否,,,,,,否,488684040,488684040,7842109895.31,7842109895.31,,,,16.31,16.55,16.80,16.73,15.48,14.74,12.91,2016-11-10,-
2022-12-08,603556,XD海兴电,电网设备,16.094325571177503,16.20693892794376,15.92540553602812,15.972327768014061,15.92540553602812,2287936,36543663.70,0.4682,,,否,,,,,,否,488684040,488684040,7805421661.88,7805421661.88,,,,16.21,16.43,16.73,16.74,15.48,14.76,12.93,2016-11-10,-
2022-12-09,603556,XD海兴电,电网设备,15.887867750439367,16.07555667838313,15.756485500878735,15.812792179261866,15.756485500878735,2601814,41141944.07,0.5324,,,否,,,,,,否,488684040,488684040,7727459165.84,7727459165.84,,,,16.03,16.35,16.68,16.77,15.47,14.79,12.95,2016-11-10,-
2022-12-12,603556,XD海兴电,电网设备,15.859714411247802,15.859714411247802,15.653256590509667,15.756485500878735,15.653256590509667,2167607,34153868.27,0.4436,,,否,,,,,,否,488684040,488684040,7699942990.77,7699942990.77,,,,15.93,16.24,16.62,16.79,15.47,14.82,12.96,2016-11-10,-
2022-12-13,603556,XD海兴电,电网设备,15.747101054481549,15.991096660808436,15.503105448154658,15.54064323374341,15.503105448154658,2875813,44691983.84,0.5885,,,否,,,,,,否,488684040,488684040,7594464319.66,7594464319.66,,,,15.82,16.12,16.55,16.77,15.48,14.83,12.98,2016-11-10,-
2022-12-14,603556,XD海兴电,电网设备,15.550027680140598,15.681409929701232,15.456183216168718,15.512489894551848,15.456183216168718,1723456,26735093.78,0.3527,,,否,,,,,,否,488684040,488684040,7580706232.13,7580706232.13,,,,15.72,16.02,16.49,16.76,15.48,14.85,12.99,2016-11-10,-
2022-12-15,603556,XD海兴电,电网设备,15.531258787346223,15.822176625659052,15.493721001757471,15.690794376098419,15.493721001757471,2478919,38896208.30,0.5073,,,否,,,,,,否,488684040,488684040,7667840786.52,7667840786.52,,,,15.66,15.93,16.43,16.70,15.50,14.86,13.01,2016-11-10,-
2022-12-16,603556,XD海兴电,电网设备,15.634487697715292,15.662641036906857,15.118343145869948,15.118343145869948,15.118343145869948,3480572,52620481.84,0.7122,,,否,,,,,,否,488684040,488684040,7388093006.63,7388093006.63,,,,15.52,15.78,16.34,16.61,15.52,14.87,13.02,2016-11-10,-
2022-12-19,603556,XD海兴电,电网设备,15.146496485061514,15.306032073813707,14.864963093145871,14.940038664323374,14.864963093145871,2084107,31136639.16,0.4265,,,否,,,,,,否,488684040,488684040,7300958452.24,7300958452.24,,,,15.36,15.65,16.23,16.52,15.54,14.88,13.03,2016-11-10,-
2022-12-20,603556,XD海兴电,电网设备,14.836809753954308,15.184034270650264,14.836809753954308,15.118343145869948,14.836809753954308,1733341,26205244.03,0.3547,,,否,,,,,,否,488684040,488684040,7388093006.63,7388093006.63,,,,15.28,15.55,16.13,16.44,15.56,14.90,13.04,2016-11-10,-
2022-12-21,603556,XD海兴电,电网设备,15.099574253075572,15.146496485061514,14.72419639718805,14.864963093145871,14.72419639718805,2012290,29912616.58,0.4118,,,否,,,,,,否,488684040,488684040,7264270218.81,7264270218.81,,,,15.15,15.44,15.99,16.35,15.58,14.91,13.05,2016-11-10,-
2022-12-22,603556,XD海兴电,电网设备,14.96819200351494,14.986960896309316,14.583429701230228,14.592814147627418,14.583429701230228,1766891,25783911.98,0.3616,,,否,,,,,,否,488684040,488684040,7131275372.63,7131275372.63,,,,14.93,15.30,15.87,16.25,15.59,14.93,13.06,2016-11-10,-
2022-12-23,603556,XD海兴电,电网设备,14.592814147627418,14.63035193321617,14.367587434094904,14.480200790861161,14.367587434094904,1625530,23538000.79,0.3326,,,否,,,,,,否,488684040,488684040,7076243022.49,7076243022.49,,,,14.80,15.17,15.76,16.17,15.61,14.94,13.08,2016-11-10,-
2022-12-26,603556,XD海兴电,电网设备,14.480200790861161,15.277878734622146,14.480200790861161,15.20280316344464,14.480200790861161,3269229,49701444.98,0.6690,,,否,,,,,,否,488684040,488684040,7429367269.24,7429367269.24,,,,14.86,15.11,15.67,16.12,15.64,14.96,13.09,2016-11-10,-
2022-12-27,603556,XD海兴电,电网设备,15.193418717047454,15.615718804920915,15.165265377855889,15.531258787346223,15.165265377855889,3658506,56821203.46,0.7486,,,否,,,,,,否,488684040,488684040,7589878290.49,7589878290.49,,,,14.93,15.11,15.62,16.07,15.67,14.98,13.10,2016-11-10,-
2022-12-28,603556,XD海兴电,电网设备,15.531258787346223,15.747101054481549,15.456183216168718,15.578181019332163,15.456183216168718,3035562,47288534.33,0.6212,,,否,,,,,,否,488684040,488684040,7612808436.38,7612808436.38,,,,15.08,15.11,15.57,16.03,15.72,15.00,13.12,2016-11-10,-
2022-12-29,603556,XD海兴电,电网设备,15.550027680140598,15.634487697715292,15.212187609841829,15.287263181019332,15.212187609841829,2007633,30691214.04,0.4108,,,否,,,,,,否,488684040,488684040,7470641531.84,7470641531.84,,,,15.21,15.07,15.50,15.98,15.75,15.01,13.13,2016-11-10,-
2022-12-30,603556,XD海兴电,电网设备,15.212187609841829,15.493721001757471,15.127727592267137,15.277878734622146,15.127727592267137,2018700,30841453.80,0.4131,,,否,,,,,,否,488684040,488684040,7466055502.67,7466055502.67,,,,15.37,15.09,15.44,15.92,15.78,15.02,13.14,2016-11-10,-
2023-01-03,603556,XD海兴电,电网设备,15.428029876977154,15.916021089630933,15.24972539543058,15.840945518453427,15.24972539543058,3564961,56472352.98,0.7295,,,否,,,,,,否,488684040,488684040,7741217253.38,7741217253.38,,,,15.50,15.17,15.41,15.88,15.84,15.03,13.16,2016-11-10,-
2023-01-04,603556,XD海兴电,电网设备,15.859714411247802,15.962943321616875,15.690794376098419,15.822176625659052,15.690794376098419,2925763,46291938.95,0.5987,,,否,,,,,,否,488684040,488684040,7732045195.02,7732045195.02,,,,15.56,15.25,15.40,15.84,15.90,15.05,13.17,2016-11-10,-
2023-01-05,603556,XD海兴电,电网设备,15.794023286467485,16.04740333919157,15.634487697715292,15.98171221441125,15.634487697715292,2690913,43005397.16,0.5506,,,否,,,,,,否,488684040,488684040,7810007691.06,7810007691.06,,,,15.64,15.36,15.40,15.78,15.93,15.07,13.19,2016-11-10,-
2023-01-06,603556,XD海兴电,电网设备,15.972327768014061,16.197554481546575,15.859714411247802,15.972327768014061,15.859714411247802,2940557,46967540.22,0.6017,,,否,,,,,,否,488684040,488684040,7805421661.88,7805421661.88,,,,15.78,15.49,15.40,15.75,15.98,15.08,13.20,2016-11-10,-
2023-01-09,603556,XD海兴电,电网设备,15.953558875219684,16.225707820738137,15.794023286467485,15.92540553602812,15.794023286467485,3272450,52115093.35,0.6696,,,否,,,,,,否,488684040,488684040,7782491515.98,7782491515.98,,,,15.91,15.64,15.40,15.72,16.01,15.10,13.22,2016-11-10,-
2023-01-10,603556,XD海兴电,电网设备,15.906636643233744,16.00986555360281,15.747101054481549,15.83156107205624,15.747101054481549,2768954,43836864.36,0.5666,,,否,,,,,,否,488684040,488684040,7736631224.20,7736631224.20,,,,15.91,15.71,15.41,15.68,16.05,15.11,13.24,2016-11-10,-
2023-01-11,603556,XD海兴电,电网设备,15.906636643233744,16.019250000000003,15.59694991212654,15.822176625659052,15.59694991212654,3899668,61701235.88,0.7980,,,否,,,,,,否,488684040,488684040,7732045195.02,7732045195.02,,,,15.91,15.74,15.42,15.65,16.07,15.13,13.25,2016-11-10,-
2023-01-12,603556,XD海兴电,电网设备,15.944174428822496,16.27263005272408,15.822176625659052,15.878483304042183,15.822176625659052,4197940,66656920.20,0.8590,,,否,,,,,,否,488684040,488684040,7759561370.09,7759561370.09,,,,15.89,15.77,15.44,15.63,16.09,15.15,13.27,2016-11-10,-
2023-01-13,603556,XD海兴电,电网设备,15.887867750439367,16.038018892794376,15.803407732864676,15.92540553602812,15.803407732864676,2470716,39347154.26,0.5056,,,否,,,,,,否,488684040,488684040,7782491515.98,7782491515.98,,,,15.88,15.83,15.45,15.62,16.11,15.16,13.29,2016-11-10,-
2023-01-16,603556,XD海兴电,电网设备,15.92540553602812,16.00986555360281,15.709563268892794,15.765869947275924,15.709563268892794,3023379,47666200.12,0.6187,,,否,,,,,,否,488684040,488684040,7704529019.95,7704529019.95,,,,15.84,15.88,15.48,15.58,16.12,15.17,13.31,2016-11-10,-
2023-01-17,603556,XD海兴电,电网设备,15.906636643233744,15.906636643233744,15.625103251318102,15.700178822495607,15.625103251318102,2137509,33559273.53,0.4374,,,否,,,,,,否,488684040,488684040,7672426815.70,7672426815.70,,,,15.82,15.86,15.52,15.56,16.12,15.19,13.32,2016-11-10,-
2023-01-18,603556,XD海兴电,电网设备,15.859714411247802,16.08494112478032,15.709563268892794,15.93478998242531,15.709563268892794,2463203,39250622.49,0.5040,,,否,,,,,,否,488684040,488684040,7787077545.16,7787077545.16,,,,15.84,15.88,15.56,15.56,16.14,15.21,13.34,2016-11-10,-
2023-01-19,603556,XD海兴电,电网设备,15.822176625659052,16.028634446397188,15.822176625659052,15.972327768014061,15.822176625659052,1918307,30639828.16,0.3925,,,否,,,,,,否,488684040,488684040,7805421661.88,7805421661.88,,,,15.86,15.87,15.62,15.56,16.14,15.24,13.35,2016-11-10,-
2023-01-20,603556,XD海兴电,电网设备,15.991096660808436,16.141247803163445,15.98171221441125,16.08494112478032,15.98171221441125,2301194,37014570.01,0.4709,,,否,,,,,,否,488684040,488684040,7860454012.02,7860454012.02,,,,15.89,15.89,15.69,15.56,16.15,15.26,13.37,2016-11-10,-
2023-01-30,603556,XD海兴电,电网设备,16.235092267135325,16.563547891036908,16.235092267135325,16.46031898066784,16.235092267135325,4361725,71795384.81,0.8925,,,否,,,,,,否,488684040,488684040,8043895179.16,8043895179.16,,,,16.03,15.93,15.79,15.58,16.17,15.28,13.39,2016-11-10,-
2023-01-31,603556,XD海兴电,电网设备,16.422781195079086,16.55416344463972,16.150632249560633,16.253861159929702,16.150632249560633,4318584,70193664.74,0.8837,,,否,,,,,,否,488684040,488684040,7943002537.23,7943002537.23,,,,16.14,15.98,15.84,15.60,16.19,15.30,13.41,2016-11-10,-
2023-02-01,603556,XD海兴电,电网设备,16.27263005272408,16.55416344463972,16.27263005272408,16.526010105448155,16.27263005272408,3713294,61365934.17,0.7599,,,否,,,,,,否,488684040,488684040,8075997383.41,8075997383.41,,,,16.26,16.05,15.89,15.63,16.20,15.32,13.43,2016-11-10,-
2023-02-02,603556,XD海兴电,电网设备,16.479087873462213,16.55416344463972,16.235092267135325,16.35709007029877,16.235092267135325,3795008,62075287.67,0.7766,,,否,,,,,,否,488684040,488684040,7993448858.20,7993448858.20,,,,16.34,16.09,15.93,15.66,16.21,15.34,13.45,2016-11-10,-
2023-02-03,603556,XD海兴电,电网设备,16.31955228471002,16.441550087873463,15.794023286467485,15.916021089630933,15.794023286467485,5168700,82265138.21,1.0577,,,否,,,,,,否,488684040,488684040,7777905486.81,7777905486.81,,,,16.30,16.09,15.96,15.66,16.19,15.37,13.46,2016-11-10,-
2023-02-06,603556,XD海兴电,电网设备,15.906636643233744,16.08494112478032,15.728332161687174,15.840945518453427,15.728332161687174,3222926,51054195.18,0.6595,,,否,,,,,,否,488684040,488684040,7741217253.38,7741217253.38,,,,16.18,16.10,15.99,15.69,16.15,15.39,13.48,2016-11-10,-
2023-02-07,603556,XD海兴电,电网设备,15.953558875219684,17.426916959578207,15.92540553602812,17.426916959578207,15.92540553602812,6736606,117398273.35,1.3785,,,否,,,,,,是,488684040,488684040,8516256184.55,8516256184.55,,,,16.41,16.28,16.07,15.78,16.14,15.43,13.50,2016-11-10,-
2023-02-08,603556,XD海兴电,电网设备,17.689681458699475,17.689681458699475,17.098461335676625,17.22984358523726,17.098461335676625,15007031,258568796.81,3.0709,,,否,,,,,,否,488684040,488684040,8419949571.80,8419949571.80,,,,16.55,16.40,16.14,15.84,16.14,15.47,13.52,2016-11-10,-
2023-02-09,603556,XD海兴电,电网设备,17.13599912126538,17.201690246045693,16.816927943760987,17.164152460456943,16.816927943760987,6785063,116459855.79,1.3884,,,否,,,,,,否,488684040,488684040,8387847367.55,8387847367.55,,,,16.71,16.53,16.20,15.92,16.13,15.49,13.55,2016-11-10,-
2023-02-10,603556,XD海兴电,电网设备,17.07969244288225,17.680297012302287,17.014001318101933,17.28615026362039,17.014001318101933,8739400,151070581.61,1.7884,,,否,,,,,,否,488684040,488684040,8447465746.87,8447465746.87,,,,16.99,16.65,16.26,16.01,16.13,15.53,13.58,2016-11-10,-
2023-02-13,603556,XD海兴电,电网设备,17.727219244288225,19.01288840070299,17.717834797891037,19.01288840070299,17.717834797891037,16945051,322174363.61,3.4675,,,否,,,,,,是,488684040,488684040,9291295115.72,9291295115.72,,,,17.62,16.90,16.42,16.16,16.17,15.58,13.62,2016-11-10,-
2023-02-14,603556,XD海兴电,电网设备,19.519648506151146,19.895026362038664,18.919043936731107,19.087963971880495,18.919043936731107,28201064,538300893.60,5.7708,,,否,,,,,,否,488684040,488684040,9327983349.15,9327983349.15,,,,17.95,17.18,16.58,16.29,16.21,15.62,13.64,2016-11-10,-
2023-02-15,603556,XD海兴电,电网设备,19.425804042179262,20.617628734622144,19.19119288224956,20.19532864674868,19.19119288224956,21085593,425830480.35,4.3148,,,否,,,,,,否,488684040,488684040,9869134792.22,9869134792.22,,,,18.55,17.55,16.80,16.44,16.25,15.66,13.68,2016-11-10,-
2023-02-16,603556,XD海兴电,电网设备,19.679184094903338,19.904410808435856,18.57181942003515,18.77827724077329,18.57181942003515,17871309,335592395.06,3.6570,,,否,,,,,,否,488684040,488684040,9176644386.26,9176644386.26,,,,18.87,17.79,16.95,16.55,16.29,15.70,13.72,2016-11-10,-
2023-02-17,603556,XD海兴电,电网设备,18.834583919156415,19.087963971880495,18.318439367311072,18.637510544815466,18.318439367311072,9763623,181969626.62,1.9979,,,否,,,,,,否,488684040,488684040,9107853948.58,9107853948.58,,,,19.14,18.07,17.08,16.67,16.32,15.72,13.75,2016-11-10,-
2023-02-20,603556,XD海兴电,电网设备,18.7688927943761,20.289173110720565,18.656279437609843,20.148406414762743,18.656279437609843,16167796,325755324.64,3.3084,,,否,,,,,,否,488684040,488684040,9846204646.33,9846204646.33,,,,19.37,18.50,17.30,16.83,16.38,15.76,13.79,2016-11-10,-
2023-02-21,603556,XD海兴电,电网设备,20.148406414762743,20.814702108963093,19.744875219683657,20.29855755711775,19.744875219683657,11594708,235355847.70,2.3726,,,否,,,,,,否,488684040,488684040,9919581113.18,9919581113.18,,,,19.61,18.79,17.53,16.98,16.42,15.79,13.82,2016-11-10,-
2023-02-22,603556,XD海兴电,电网设备,20.092099736379616,20.702088752196836,19.838719683655537,20.007639718804924,19.838719683655537,7653171,153121888.07,1.5661,,,否,,,,,,否,488684040,488684040,9777414208.65,9777414208.65,,,,19.58,19.06,17.74,17.12,16.48,15.83,13.86,2016-11-10,-
2023-02-23,603556,XD海兴电,电网设备,20.214097539543058,20.214097539543058,19.52903295254833,19.87625746924429,19.52903295254833,5181910,102996977.34,1.0604,,,否,,,,,,否,488684040,488684040,9713209800.15,9713209800.15,,,,19.79,19.33,17.93,17.25,16.52,15.87,13.90,2016-11-10,-
2023-02-24,603556,XD海兴电,电网设备,20.223481985940246,21.171311072056238,19.91379525483304,19.97010193321617,19.91379525483304,10598213,211647393.92,2.1687,,,否,,,,,,否,488684040,488684040,9759070091.94,9759070091.94,,,,20.06,19.60,18.12,17.38,16.56,15.91,13.94,2016-11-10,-
2023-02-27,603556,XD海兴电,电网设备,20.36424868189807,21.086851054481546,19.707337434094903,20.786548769771528,19.707337434094903,12723555,264478796.53,2.6036,,,否,,,,,,否,488684040,488684040,10158054630.47,10158054630.47,,,,20.19,19.78,18.34,17.54,16.63,15.96,13.97,2016-11-10,-
2023-02-28,603556,XD海兴电,电网设备,20.786548769771528,20.80531766256591,20.279788664323377,20.589475395430583,20.279788664323377,6090607,125402402.97,1.2463,,,否,,,,,,否,488684040,488684040,10061748017.72,10061748017.72,,,,20.24,19.93,18.55,17.70,16.69,16.01,14.01,2016-11-10,-
2023-03-01,603556,XD海兴电,电网设备,20.514399824253076,20.814702108963093,20.232866432337435,20.429939806678384,20.232866432337435,5095932,104109584.02,1.0428,,,否,,,,,,否,488684040,488684040,9983785521.68,9983785521.68,,,,20.33,19.95,18.75,17.85,16.75,16.05,14.05,2016-11-10,-
2023-03-02,603556,XD海兴电,电网设备,20.429939806678384,20.439324253075572,19.594724077328646,19.72610632688928,19.594724077328646,7639263,150692914.20,1.5632,,,否,,,,,,否,488684040,488684040,9639833333.29,9639833333.29,,,,20.30,20.05,18.92,17.98,16.81,16.08,14.09,2016-11-10,-
2023-03-03,603556,XD海兴电,电网设备,19.72610632688928,19.857488576449914,19.407035149384885,19.566570738137084,19.407035149384885,4308077,84294293.37,0.8816,,,否,,,,,,否,488684040,488684040,9561870837.26,9561870837.26,,,,20.22,20.14,19.11,18.10,16.85,16.12,14.12,2016-11-10,-
2023-03-06,603556,XD海兴电,电网设备,19.575955184534273,19.77302855887522,19.228730667838313,19.519648506151146,19.228730667838313,4305320,84038333.11,0.8810,,,否,,,,,,否,488684040,488684040,9538940691.37,9538940691.37,,,,19.97,20.07,19.29,18.22,16.90,16.16,14.15,2016-11-10,-
2023-03-07,603556,XD海兴电,电网设备,19.407035149384885,19.547801845342708,18.900275043936734,18.919043936731107,18.900275043936734,4798141,90776240.39,0.9818,,,否,,,,,,否,488684040,488684040,9245434823.94,9245434823.94,,,,19.63,19.94,19.36,18.34,16.95,16.20,14.19,2016-11-10,-
2023-03-08,603556,XD海兴电,电网设备,18.834583919156415,19.3976507029877,18.815815026362042,19.19119288224956,18.815815026362042,3699758,71002769.40,0.7571,,,否,,,,,,否,488684040,488684040,9378429670.12,9378429670.12,,,,19.39,19.86,19.46,18.44,17.00,16.24,14.22,2016-11-10,-
2023-03-09,603556,XD海兴电,电网设备,19.2381151142355,19.2381151142355,18.919043936731107,19.087963971880495,18.919043936731107,2421600,46223413.55,0.4955,,,否,,,,,,否,488684040,488684040,9327983349.15,9327983349.15,,,,19.26,19.78,19.56,18.54,17.05,16.27,14.25,2016-11-10,-
2023-03-10,603556,XD海兴电,电网设备,19.01288840070299,19.134886203866433,18.750123901581723,18.77827724077329,18.750123901581723,2442168,45859707.77,0.4997,,,否,,,,,,否,488684040,488684040,9176644386.26,9176644386.26,,,,19.10,19.66,19.63,18.64,17.10,16.29,14.28,2016-11-10,-
2023-03-13,603556,XD海兴电,电网设备,18.7688927943761,19.219346221441125,18.721970562390158,19.01288840070299,18.721970562390158,3587064,68200447.52,0.7340,,,否,,,,,,否,488684040,488684040,9291295115.72,9291295115.72,,,,18.99,19.48,19.63,18.72,17.15,16.31,14.31,2016-11-10,-
2023-03-14,603556,XD海兴电,电网设备,18.937812829525484,19.087963971880495,18.355977152899825,18.412283831282956,18.355977152899825,5059163,93150745.10,1.0353,,,否,,,,,,否,488684040,488684040,8997789248.30,8997789248.30,,,,18.90,19.27,19.59,18.80,17.19,16.34,14.34,2016-11-10,-
2023-03-15,603556,XD海兴电,电网设备,18.57181942003515,18.853352811950792,18.459206063268894,18.515512741652024,18.459206063268894,2410165,44625440.77,0.4932,,,否,,,,,,否,488684040,488684040,9048235569.26,9048235569.26,,,,18.76,19.07,19.51,18.86,17.25,16.37,14.38,2016-11-10,-
2023-03-16,603556,XD海兴电,电网设备,18.440437170474517,18.496743848857648,17.971214850615112,18.04629042179262,17.971214850615112,2723844,49155279.89,0.5574,,,否,,,,,,否,488684040,488684040,8818934110.33,8818934110.33,,,,18.55,18.91,19.47,18.92,17.29,16.39,14.41,2016-11-10,-
2023-03-17,603556,XD海兴电,电网设备,18.23397934973638,18.87212170474517,18.1401348857645,18.515512741652024,18.1401348857645,4117100,76230217.51,0.8425,,,否,,,,,,否,488684040,488684040,9048235569.26,9048235569.26,,,,18.50,18.80,19.47,19.00,17.33,16.41,14.43,2016-11-10,-
2023-03-20,603556,XD海兴电,电网设备,18.43105272407733,18.721970562390158,17.80229481546573,18.402899384885764,17.80229481546573,4111160,75657263.84,0.8413,,,否,,,,,,否,488684040,488684040,8993203219.12,8993203219.12,,,,18.37,18.68,19.38,19.09,17.39,16.45,14.47,2016-11-10,-
2023-03-21,603556,XD海兴电,电网设备,18.402899384885764,19.041041739894553,18.24336379613357,18.87212170474517,18.24336379613357,3792550,71573465.17,0.7761,,,否,,,,,,否,488684040,488684040,9222504678.05,9222504678.05,,,,18.47,18.68,19.31,19.13,17.46,16.50,14.50,2016-11-10,-
2023-03-22,603556,XD海兴电,电网设备,18.919043936731107,19.14427065026362,18.68443277680141,18.825199472759227,18.68443277680141,2923214,55030086.65,0.5982,,,否,,,,,,否,488684040,488684040,9199574532.15,9199574532.15,,,,18.53,18.65,19.26,19.19,17.51,16.54,14.54,2016-11-10,-
2023-03-23,603556,XD海兴电,电网设备,18.815815026362042,18.815815026362042,18.290286028119507,18.506128295254832,18.290286028119507,3385870,62659344.61,0.6929,,,否,,,,,,否,488684040,488684040,9043649540.08,9043649540.08,,,,18.63,18.59,19.18,19.24,17.58,16.58,14.57,2016-11-10,-
2023-03-24,603556,XD海兴电,电网设备,18.52489718804921,18.562434973637963,18.168288224956065,18.224594903339195,18.168288224956065,3432412,62554318.24,0.7024,,,否,,,,,,否,488684040,488684040,8906068664.73,8906068664.73,,,,18.56,18.53,19.10,19.27,17.63,16.61,14.60,2016-11-10,-
2023-03-27,603556,XD海兴电,电网设备,18.224594903339195,18.496743848857648,18.055674868189808,18.39351493848858,18.055674868189808,2831545,52082065.26,0.5794,,,否,,,,,,否,488684040,488684040,8988617189.94,8988617189.94,,,,18.56,18.47,18.98,19.25,17.70,16.66,14.64,2016-11-10,-
2023-03-28,603556,XD海兴电,电网设备,18.42166827768014,18.6093572056239,18.23397934973638,18.318439367311072,18.23397934973638,2224743,40753819.75,0.4553,,,否,,,,,,否,488684040,488684040,8951928956.51,8951928956.51,,,,18.45,18.46,18.86,19.22,17.76,16.69,14.68,2016-11-10,-
2023-03-29,603556,XD海兴电,电网设备,18.280901581722322,18.7688927943761,18.224594903339195,18.309054920913887,18.224594903339195,3148200,57640566.70,0.6442,,,否,,,,,,否,488684040,488684040,8947342927.33,8947342927.33,,,,18.35,18.44,18.76,19.15,17.80,16.74,14.71,2016-11-10,-
2023-03-30,603556,XD海兴电,电网设备,18.24336379613357,18.506128295254832,18.055674868189808,18.506128295254832,18.055674868189808,2758990,51058222.91,0.5646,,,否,,,,,,否,488684040,488684040,9043649540.08,9043649540.08,,,,18.35,18.49,18.69,19.14,17.85,16.78,14.74,2016-11-10,-
2023-03-31,603556,XD海兴电,电网设备,18.402899384885764,19.087963971880495,18.365361599297014,18.834583919156415,18.365361599297014,4962520,93466999.39,1.0155,,,否,,,,,,否,488684040,488684040,9204160561.33,9204160561.33,,,,18.47,18.52,18.66,19.15,17.91,16.83,14.78,2016-11-10,-
2023-04-03,603556,XD海兴电,电网设备,18.797046133567665,20.092099736379616,18.712586115992973,19.932564147627417,18.712586115992973,7237173,144255415.07,1.4810,,,否,,,,,,否,488684040,488684040,9740725975.22,9740725975.22,,,,18.78,18.68,18.68,19.14,17.99,16.89,14.82,2016-11-10,-
2023-04-04,603556,XD海兴电,电网设备,19.92317970123023,20.007639718804924,19.52903295254833,19.82933523725835,19.52903295254833,4997892,99104875.95,1.0227,,,否,,,,,,否,488684040,488684040,9690279654.26,9690279654.26,,,,19.08,18.77,18.72,19.13,18.06,16.95,14.86,2016-11-10,-
2023-04-06,603556,XD海兴电,电网设备,19.819950790861164,19.988870826010547,19.52903295254833,19.951333040421794,19.52903295254833,4519929,90178608.80,0.9249,,,否,,,,,,否,488684040,488684040,9749898033.58,9749898033.58,,,,19.41,18.88,18.76,19.13,18.12,17.00,14.90,2016-11-10,-
2023-04-07,603556,XD海兴电,电网设备,19.951333040421794,20.045177504393674,19.134886203866433,19.97010193321617,19.134886203866433,3285837,65618499.83,0.6724,,,否,,,,,,否,488684040,488684040,9759070091.94,9759070091.94,,,,19.71,19.03,18.81,19.13,18.19,17.06,14.94,2016-11-10,-
2023-04-10,603556,XD海兴电,电网设备,19.960717486818982,20.617628734622144,19.707337434094903,20.054561950790863,19.707337434094903,4514914,90544622.52,0.9239,,,否,,,,,,否,488684040,488684040,9800344354.54,9800344354.54,,,,19.95,19.21,18.87,19.13,18.25,17.12,14.98,2016-11-10,-
2023-04-11,603556,XD海兴电,电网设备,20.01702416520211,20.44870869947276,19.895026362038664,20.261019771529,19.895026362038664,3690099,74765168.80,0.7551,,,否,,,,,,否,488684040,488684040,9901236996.47,9901236996.47,,,,20.02,19.40,18.94,19.12,18.33,17.17,15.02,2016-11-10,-
2023-04-12,603556,XD海兴电,电网设备,20.317326449912127,20.411170913884007,19.895026362038664,20.176559753954308,19.895026362038664,2804380,56582740.64,0.5739,,,否,,,,,,否,488684040,488684040,9859962733.86,9859962733.86,,,,20.08,19.59,19.02,19.11,18.40,17.22,15.06,2016-11-10,-
2023-04-13,603556,XD海兴电,电网设备,20.204713093145873,20.439324253075572,19.82933523725835,19.91379525483304,19.82933523725835,3160071,62929006.88,0.6466,,,否,,,,,,否,488684040,488684040,9731553916.86,9731553916.86,,,,20.07,19.74,19.09,19.09,18.47,17.27,15.10,2016-11-10,-
2023-04-14,603556,XD海兴电,电网设备,19.904410808435856,20.045177504393674,19.669799648506153,19.941948594024606,19.669799648506153,3074118,61303903.13,0.6291,,,否,,,,,,否,488684040,488684040,9745312004.40,9745312004.40,,,,20.07,19.89,19.19,19.10,18.53,17.31,15.14,2016-11-10,-
2023-04-17,603556,XD海兴电,电网设备,19.941948594024606,20.223481985940246,19.782413005272407,19.951333040421794,19.782413005272407,2415320,48188853.72,0.4942,,,否,,,,,,否,488684040,488684040,9749898033.58,9749898033.58,,,,20.05,20.00,19.26,19.11,18.60,17.36,15.18,2016-11-10,-
2023-04-18,603556,XD海兴电,电网设备,20.11086862917399,20.11086862917399,19.754259666080845,19.932564147627417,19.754259666080845,2255540,44958695.74,0.4616,,,否,,,,,,否,488684040,488684040,9740725975.22,9740725975.22,,,,19.98,20.00,19.33,19.12,18.68,17.40,15.22,2016-11-10,-
2023-04-19,603556,XD海兴电,电网设备,19.88564191564148,20.598859841827768,19.716721880492095,20.27040421792619,19.716721880492095,4121859,83551748.06,0.8435,,,否,,,,,,否,488684040,488684040,9905823025.65,9905823025.65,,,,20.00,20.05,19.41,19.16,18.75,17.44,15.26,2016-11-10,-
2023-04-20,603556,XD海兴电,电网设备,20.345479789103692,20.36424868189807,19.819950790861164,19.941948594024606,19.819950790861164,2390794,47677091.05,0.4892,,,否,,,,,,否,488684040,488684040,9745312004.40,9745312004.40,,,,20.01,20.05,19.46,19.19,18.82,17.47,15.30,2016-11-10,-
2023-04-21,603556,XD海兴电,电网设备,20.11086862917399,20.617628734622144,18.984735061511426,19.003503954305803,18.984735061511426,6754102,128351604.06,1.3821,,,否,,,,,,否,488684040,488684040,9286709086.55,9286709086.55,,,,19.82,19.94,19.48,19.19,18.86,17.50,15.33,2016-11-10,-
2023-04-24,603556,XD海兴电,电网设备,18.975350615114237,19.388266256590512,18.62812609841828,18.787661687170477,18.62812609841828,3679542,69129990.26,0.7529,,,否,,,,,,否,488684040,488684040,9181230415.44,9181230415.44,,,,19.59,19.82,19.51,19.19,18.91,17.53,15.36,2016-11-10,-
2023-04-25,603556,XD海兴电,电网设备,18.787661687170477,19.05981063268893,18.327823813708264,18.412283831282956,18.327823813708264,2444800,45014351.51,0.5003,,,否,,,,,,否,488684040,488684040,8997789248.30,8997789248.30,,,,19.29,19.63,19.52,19.16,18.95,17.56,15.40,2016-11-10,-
2023-04-26,603556,XD海兴电,电网设备,18.412283831282956,18.90965949033392,18.365361599297014,18.48735940246046,18.365361599297014,2399500,44360418.89,0.4910,,,否,,,,,,否,488684040,488684040,9034477481.73,9034477481.73,,,,18.93,19.46,19.52,19.17,18.98,17.59,15.43,2016-11-10,-
2023-04-27,603556,XD海兴电,电网设备,18.721970562390158,18.731355008787347,18.309054920913887,18.402899384885764,18.309054920913887,2349745,43242120.82,0.4808,,,否,,,,,,否,488684040,488684040,8993203219.12,8993203219.12,,,,18.62,19.31,19.53,19.16,19.01,17.61,15.47,2016-11-10,-
2023-04-28,603556,XD海兴电,电网设备,18.412283831282956,18.853352811950792,18.402899384885764,18.75950834797891,18.402899384885764,3081005,57798139.02,0.6305,,,否,,,,,,否,488684040,488684040,9167472327.90,9167472327.90,,,,18.57,19.19,19.54,19.19,19.05,17.63,15.50,2016-11-10,-
2023-05-04,603556,XD海兴电,电网设备,19.19119288224956,20.63639762741652,19.19119288224956,20.63639762741652,19.19119288224956,6805950,140450290.43,1.3927,,,否,,,,,,是,488684040,488684040,10084678163.61,10084678163.61,,,,18.94,19.27,19.63,19.26,19.13,17.66,15.54,2016-11-10,-
2023-05-05,603556,XD海兴电,电网设备,20.814702108963093,21.11500439367311,20.129637521968366,20.561322056239018,20.129637521968366,11973458,246190126.06,2.4501,,,否,,,,,,否,488684040,488684040,10047989930.18,10047989930.18,,,,19.37,19.32,19.66,19.33,19.21,17.68,15.59,2016-11-10,-
2023-05-08,603556,XD海兴电,电网设备,20.570706502636206,21.743762302284715,20.185944200351496,21.56545782073814,20.185944200351496,11538392,248830706.00,2.3611,,,否,,,,,,否,488684040,488684040,10538695052.29,10538695052.29,,,,19.99,19.45,19.74,19.43,19.28,17.71,15.63,2016-11-10,-
2023-05-09,603556,XD海兴电,电网设备,21.61238005272408,21.640533391915643,20.523784270650268,20.589475395430583,20.523784270650268,6947987,143055407.38,1.4218,,,否,,,,,,否,488684040,488684040,10061748017.72,10061748017.72,,,,20.42,19.52,19.78,19.48,19.33,17.74,15.68,2016-11-10,-
2023-05-10,603556,XD海兴电,电网设备,20.44870869947276,20.946084358523727,20.242250878734623,20.655166520210898,20.242250878734623,4215634,87074622.26,0.8627,,,否,,,,,,否,488684040,488684040,10093850221.97,10093850221.97,,,,20.81,19.69,19.82,19.56,19.40,17.76,15.73,2016-11-10,-
2023-05-11,603556,XD海兴电,电网设备,20.702088752196836,20.824086555360285,20.383017574692442,20.589475395430583,20.383017574692442,3817581,78601990.07,0.7812,,,否,,,,,,否,488684040,488684040,10061748017.72,10061748017.72,,,,20.80,19.87,19.84,19.63,19.44,17.79,15.78,2016-11-10,-
2023-05-12,603556,XD海兴电,电网设备,20.589475395430583,20.899162126537785,20.439324253075572,20.439324253075572,20.439324253075572,2885488,58977424.86,0.5905,,,否,,,,,,否,488684040,488684040,9988371550.86,9988371550.86,,,,20.77,20.07,19.85,19.70,19.47,17.82,15.81,2016-11-10,-
2023-05-15,603556,XD海兴电,电网设备,20.48624648506151,21.434075571177505,20.48624648506151,21.058697715289984,20.48624648506151,5298254,111574329.40,1.0842,,,否,,,,,,否,488684040,488684040,10291049476.65,10291049476.65,,,,20.66,20.33,19.90,19.79,19.50,17.86,15.86,2016-11-10,-
2023-05-16,603556,XD海兴电,电网设备,21.011775483304046,21.086851054481546,20.223481985940246,20.589475395430583,20.223481985940246,5372420,110615309.40,1.0994,,,否,,,,,,否,488684040,488684040,10061748017.72,10061748017.72,,,,20.66,20.54,19.93,19.87,19.51,17.89,15.90,2016-11-10,-
2023-05-17,603556,XD海兴电,电网设备,20.476862038664326,21.068082161687173,20.373633128295257,20.917931019332162,20.373633128295257,3062079,64052357.30,0.6266,,,否,,,,,,否,488684040,488684040,10222259038.97,10222259038.97,,,,20.72,20.76,19.98,19.95,19.55,17.91,15.93,2016-11-10,-
2023-05-18,603556,XD海兴电,电网设备,20.92731546572935,20.93669991212654,20.392402021089634,20.655166520210898,20.392402021089634,2810219,58045541.40,0.5751,,,否,,,,,,否,488684040,488684040,10093850221.97,10093850221.97,,,,20.73,20.76,20.02,20.01,19.58,17.95,15.96,2016-11-10,-
2023-05-19,603556,XD海兴电,电网设备,20.495630931458702,20.824086555360285,20.307942003514942,20.617628734622144,20.307942003514942,2135893,44037048.89,0.4371,,,否,,,,,,否,488684040,488684040,10075506105.26,10075506105.26,,,,20.77,20.77,20.05,20.03,19.59,17.98,16.00,2016-11-10,-
2023-05-22,603556,XD海兴电,电网设备,20.514399824253076,21.049313268892796,20.411170913884007,20.87100878734622,20.411170913884007,3331514,69532057.97,0.6817,,,否,,,,,,否,488684040,488684040,10199328893.08,10199328893.08,,,,20.73,20.70,20.07,20.06,19.59,18.01,16.03,2016-11-10,-
2023-05-23,603556,XD海兴电,电网设备,20.758395430579967,20.84285544815466,20.307942003514942,20.439324253075572,20.307942003514942,2478180,50652324.58,0.5071,,,否,,,,,,否,488684040,488684040,9988371550.86,9988371550.86,,,,20.70,20.68,20.10,20.08,19.60,18.04,16.07,2016-11-10,-
2023-05-24,603556,XD海兴电,电网设备,20.279788664323377,20.50501537785589,19.960717486818982,20.01702416520211,19.960717486818982,3424248,68543254.96,0.7007,,,否,,,,,,否,488684040,488684040,9782000237.83,9782000237.83,,,,20.52,20.62,20.15,20.08,19.60,18.06,16.09,2016-11-10,-
2023-05-25,603556,XD海兴电,电网设备,20.101484182776804,20.101484182776804,19.613492970123023,19.97948637961336,19.613492970123023,3874169,77403906.77,0.7928,,,否,,,,,,否,488684040,488684040,9763656121.11,9763656121.11,,,,20.38,20.56,20.21,20.08,19.60,18.08,16.12,2016-11-10,-
2023-05-26,603556,XD海兴电,电网设备,19.932564147627417,19.932564147627417,19.463341827768016,19.697952987697715,19.463341827768016,2729816,53771787.23,0.5586,,,否,,,,,,否,488684040,488684040,9626075245.76,9626075245.76,,,,20.20,20.49,20.28,20.06,19.59,18.11,16.15,2016-11-10,-
2023-05-29,603556,XD海兴电,电网设备,19.866873022847102,20.63639762741652,19.660415202108965,20.392402021089634,19.660415202108965,4141909,84463473.46,0.8476,,,否,,,,,,否,488684040,488684040,9965441404.97,9965441404.97,,,,20.10,20.42,20.37,20.07,19.59,18.14,16.19,2016-11-10,-
2023-05-30,603556,XD海兴电,电网设备,20.4205553602812,20.955468804920915,20.15779086115993,20.317326449912127,20.15779086115993,3204916,65115324.62,0.6558,,,否,,,,,,否,488684040,488684040,9928753171.54,9928753171.54,,,,20.08,20.39,20.47,20.08,19.59,18.17,16.22,2016-11-10,-
2023-05-31,603556,XD海兴电,电网设备,20.214097539543058,20.383017574692442,19.82933523725835,20.03579305799649,19.82933523725835,2187850,43835309.84,0.4477,,,否,,,,,,否,488684040,488684040,9791172296.19,9791172296.19,,,,20.08,20.30,20.53,20.08,19.59,18.20,16.24,2016-11-10,-
2023-06-01,603556,XD海兴电,电网设备,20.06394639718805,20.15779086115993,19.87625746924429,19.91379525483304,19.87625746924429,1757780,35004071.02,0.3597,,,否,,,,,,否,488684040,488684040,9731553916.86,9731553916.86,,,,20.07,20.23,20.50,20.08,19.59,18.22,16.27,2016-11-10,-
2023-06-02,603556,XD海兴电,电网设备,20.12025307557118,20.35486423550088,19.960717486818982,20.204713093145873,19.960717486818982,1928125,38957212.43,0.3946,,,否,,,,,,否,488684040,488684040,9873720821.40,9873720821.40,,,,20.18,20.19,20.48,20.09,19.60,18.25,16.31,2016-11-10,-
2023-06-05,603556,XD海兴电,电网设备,20.373633128295257,20.4205553602812,19.838719683655537,20.25163532513181,19.838719683655537,2598380,52621444.20,0.5317,,,否,,,,,,否,488684040,488684040,9896650967.29,9896650967.29,,,,20.15,20.13,20.41,20.09,19.63,18.29,16.34,2016-11-10,-
2023-06-06,603556,XD海兴电,电网设备,20.392402021089634,20.392402021089634,19.519648506151146,19.53841739894552,19.519648506151146,2596867,50738671.38,0.5314,,,否,,,,,,否,488684040,488684040,9548112749.72,9548112749.72,,,,19.99,20.04,20.35,20.08,19.63,18.32,16.37,2016-11-10,-
2023-06-07,603556,XD海兴电,电网设备,19.679184094903338,19.754259666080845,19.322575131810193,19.566570738137084,19.322575131810193,1562578,30574292.97,0.3198,,,否,,,,,,否,488684040,488684040,9561870837.26,9561870837.26,,,,19.90,19.99,20.31,20.10,19.64,18.35,16.39,2016-11-10,-
2023-06-08,603556,XD海兴电,电网设备,19.472726274165204,19.857488576449914,19.24749956063269,19.3976507029877,19.24749956063269,1743365,33817185.32,0.3567,,,否,,,,,,否,488684040,488684040,9479322312.04,9479322312.04,,,,19.79,19.93,20.24,20.12,19.65,18.37,16.42,2016-11-10,-
2023-06-09,603556,XD海兴电,电网设备,19.613492970123023,20.176559753954308,19.43518848857645,20.07333084358524,19.43518848857645,3227785,64792396.20,0.6605,,,否,,,,,,否,488684040,488684040,9809516412.90,9809516412.90,,,,19.76,19.97,20.22,20.18,19.67,18.41,16.45,2016-11-10,-
2023-06-12,603556,XD海兴电,电网设备,20.054561950790863,20.87100878734622,20.045177504393674,20.767779876977155,20.045177504393674,3874591,80466653.00,0.7929,,,否,,,,,,否,488684040,488684040,10148882572.11,10148882572.11,,,,19.87,20.01,20.21,20.25,19.71,18.45,16.49,2016-11-10,-
2023-06-13,603556,XD海兴电,电网设备,20.777164323374343,22.278675746924428,20.73962653778559,21.85637565905097,20.73962653778559,7570195,165457025.73,1.5491,,,否,,,,,,否,488684040,488684040,10680861956.82,10680861956.82,,,,20.34,20.16,20.28,20.36,19.76,18.51,16.53,2016-11-10,-
2023-06-14,603556,XD海兴电,电网设备,22.015911247803167,22.194215729349736,21.743762302284715,22.006526801405975,21.743762302284715,3801637,83660826.53,0.7779,,,否,,,,,,否,488684040,488684040,10754238423.68,10754238423.68,,,,20.82,20.35,20.33,20.48,19.83,18.56,16.56,2016-11-10,-
2023-06-15,603556,XD海兴电,电网设备,22.109755711775044,22.53205579964851,21.99714235500879,22.41944244288225,21.99714235500879,3816502,85563846.92,0.7810,,,否,,,,,,否,488684040,488684040,10956023707.54,10956023707.54,,,,21.42,20.61,20.42,20.53,19.90,18.62,16.60,2016-11-10,-
2023-06-16,603556,XD海兴电,电网设备,22.109755711775044,22.616515817223203,21.978373462214414,22.51328690685413,21.978373462214414,3181080,71616566.71,0.6509,,,否,,,,,,否,488684040,488684040,11001883999.32,11001883999.32,,,,21.91,20.84,20.51,20.60,19.96,18.68,16.64,2016-11-10,-
2023-06-19,603556,XD海兴电,电网设备,22.51328690685413,22.682206942003518,22.062833479789106,22.119140158172232,22.062833479789106,4245487,93906521.99,0.8688,,,否,,,,,,否,488684040,488684040,10809270773.82,10809270773.82,,,,22.18,21.03,20.58,20.62,20.02,18.74,16.68,2016-11-10,-
2023-06-20,603556,XD海兴电,电网设备,22.250522407732866,22.447595782073815,21.978373462214414,22.36313576449912,21.978373462214414,3409351,76243779.28,0.6977,,,否,,,,,,否,488684040,488684040,10928507532.46,10928507532.46,,,,22.29,21.31,20.67,20.67,20.08,18.80,16.70,2016-11-10,-
2023-06-21,603556,XD海兴电,电网设备,22.494518014059754,22.578978031634446,22.006526801405975,22.072217926186294,22.006526801405975,2331647,51464620.71,0.4771,,,否,,,,,,否,488684040,488684040,10786340627.93,10786340627.93,,,,22.30,21.56,20.78,20.72,20.14,18.85,16.74,2016-11-10,-
2023-06-26,603556,XD海兴电,电网设备,22.006526801405975,22.250522407732866,21.640533391915643,21.706224516695958,21.640533391915643,3012211,65383728.26,0.6164,,,否,,,,,,否,488684040,488684040,10607485489.97,10607485489.97,,,,22.16,21.79,20.86,20.76,20.20,18.92,16.78,2016-11-10,-
2023-06-27,603556,XD海兴电,电网设备,21.706224516695958,21.931451230228472,21.434075571177505,21.60299560632689,21.434075571177505,2376468,51338827.76,0.4863,,,否,,,,,,否,488684040,488684040,10557039169.00,10557039169.00,,,,21.97,21.94,20.96,20.80,20.25,18.98,16.82,2016-11-10,-
2023-06-28,603556,XD海兴电,电网设备,21.509151142355012,22.053449033391917,21.312077768014063,21.903297891036907,21.312077768014063,2891916,63342497.62,0.5918,,,否,,,,,,否,488684040,488684040,10703792102.72,10703792102.72,,,,21.93,22.05,21.03,20.82,20.31,19.03,16.85,2016-11-10,-
2023-06-29,603556,XD海兴电,电网设备,21.903297891036907,22.52267135325132,21.7531467486819,22.41944244288225,21.7531467486819,2586289,57983157.38,0.5292,,,否,,,,,,否,488684040,488684040,10956023707.54,10956023707.54,,,,21.94,22.11,21.13,20.89,20.37,19.09,16.88,2016-11-10,-
2023-06-30,603556,XD海兴电,电网设备,22.259906854130055,22.597746924428822,22.04406458699473,22.51328690685413,22.04406458699473,2322867,52295371.22,0.4753,,,否,,,,,,否,488684040,488684040,11001883999.32,11001883999.32,,,,22.03,22.17,21.27,20.94,20.45,19.14,16.92,2016-11-10,-
2023-07-03,603556,XD海兴电,电网设备,22.53205579964851,22.944971441124782,22.072217926186294,22.644669156414764,22.072217926186294,3908299,88502137.82,0.7998,,,否,,,,,,否,488684040,488684040,11066088407.82,11066088407.82,,,,22.21,22.18,21.40,21.01,20.51,19.21,16.96,2016-11-10,-
2023-07-04,603556,XD海兴电,电网设备,22.456980228471004,22.841742530755713,22.231753514938493,22.48513356766257,22.231753514938493,1820884,40942819.95,0.3726,,,否,,,,,,否,488684040,488684040,10988125911.78,10988125911.78,,,,22.39,22.18,21.51,21.07,20.55,19.27,17.00,2016-11-10,-
2023-07-05,603556,XD海兴电,电网设备,22.37252021089631,23.05758479789104,22.297444639718808,23.010662565905097,22.297444639718808,3562266,81970100.90,0.7290,,,否,,,,,,否,488684040,488684040,11244943545.78,11244943545.78,,,,22.62,22.27,21.65,21.14,20.60,19.33,17.03,2016-11-10,-
2023-07-06,603556,XD海兴电,电网设备,22.804204745166963,22.91681810193322,22.32559797891037,22.456980228471004,22.32559797891037,3407707,76526808.72,0.6973,,,否,,,,,,否,488684040,488684040,10974367824.25,10974367824.25,,,,22.63,22.28,21.79,21.21,20.65,19.38,17.06,2016-11-10,-
2023-07-07,603556,XD海兴电,电网设备,22.438211335676627,22.96374033391916,22.391289103690685,22.747898066783833,22.391289103690685,2833414,64454212.85,0.5798,,,否,,,,,,否,488684040,488684040,11116534728.78,11116534728.78,,,,22.67,22.35,21.95,21.30,20.69,19.44,17.10,2016-11-10,-
2023-07-10,603556,XD海兴电,电网设备,22.879280316344463,23.357887082601057,22.588362478031637,22.991893673110724,22.588362478031637,3732121,85808529.21,0.7637,,,否,,,,,,否,488684040,488684040,11235771487.43,11235771487.43,,,,22.74,22.48,22.14,21.40,20.74,19.50,17.15,2016-11-10,-
2023-07-11,603556,XD海兴电,电网设备,22.926202548330405,23.43296265377856,22.663438049209137,23.32973374340949,22.663438049209137,3910581,91232813.51,0.8002,,,否,,,,,,否,488684040,488684040,11400868537.85,11400868537.85,,,,22.91,22.65,22.30,21.52,20.80,19.56,17.18,2016-11-10,-
2023-07-12,603556,XD海兴电,电网设备,23.357887082601057,23.96787609841828,23.113891476274166,23.226504833040423,23.113891476274166,4570857,106165032.20,0.9353,,,否,,,,,,否,488684040,488684040,11350422216.89,11350422216.89,,,,22.95,22.79,22.42,21.61,20.84,19.62,17.23,2016-11-10,-
2023-07-13,603556,XD海兴电,电网设备,23.226504833040423,23.32973374340949,22.935586994727593,23.04820035149385,22.935586994727593,2417480,55718563.39,0.4947,,,否,,,,,,否,488684040,488684040,11263287662.50,11263287662.50,,,,23.07,22.84,22.48,21.71,20.90,19.68,17.27,2016-11-10,-
2023-07-14,603556,XD海兴电,电网设备,23.02004701230229,23.28281151142355,22.663438049209137,22.841742530755713,22.663438049209137,2724112,62223464.93,0.5574,,,否,,,,,,否,488684040,488684040,11162395020.57,11162395020.57,,,,23.09,22.88,22.52,21.80,20.95,19.74,17.30,2016-11-10,-
2023-07-17,603556,XD海兴电,电网设备,22.747898066783833,23.855262741652023,22.663438049209137,23.761418277680143,22.663438049209137,5531876,131445219.50,1.1320,,,否,,,,,,否,488684040,488684040,11611825880.07,11611825880.07,,,,23.25,22.99,22.59,21.93,21.00,19.80,17.34,2016-11-10,-
2023-07-18,603556,XD海兴电,电网设备,23.620651581722324,24.58724956063269,23.29219595782074,23.752033831282954,23.29219595782074,4613457,109578986.74,0.9441,,,否,,,,,,否,488684040,488684040,11607239850.89,11607239850.89,,,,23.33,23.11,22.65,22.04,21.07,19.87,17.38,2016-11-10,-
2023-07-19,603556,XD海兴电,电网设备,24.080489455184537,24.765554042179264,23.81772495606327,24.44648286467487,23.81772495606327,3815363,93272206.20,0.7807,,,否,,,,,,否,488684040,488684040,11946606010.10,11946606010.10,,,,23.57,23.26,22.77,22.18,21.14,19.94,17.43,2016-11-10,-
2023-07-20,603556,XD海兴电,电网设备,24.606018453427065,24.615402899824254,23.883416080843585,24.00541388400703,23.883416080843585,2480227,59538875.66,0.5075,,,否,,,,,,否,488684040,488684040,11731062638.71,11731062638.71,,,,23.76,23.41,22.85,22.33,21.21,20.01,17.46,2016-11-10,-
2023-07-21,603556,XD海兴电,电网设备,23.827109402460458,24.127411687170476,23.376655975395433,23.66757381370826,23.376655975395433,2051101,48544584.32,0.4197,,,否,,,,,,否,488684040,488684040,11565965588.28,11565965588.28,,,,23.93,23.51,22.93,22.48,21.28,20.07,17.50,2016-11-10,-
2023-07-24,603556,XD海兴电,电网设备,23.564344903339194,23.86464718804921,23.28281151142355,23.686342706502636,23.28281151142355,1984352,47002041.52,0.4061,,,否,,,,,,否,488684040,488684040,11575137646.64,11575137646.64,,,,23.91,23.57,23.03,22.62,21.37,20.14,17.54,2016-11-10,-
2023-07-25,603556,XD海兴电,电网设备,23.658189367311074,23.733264938488578,21.60299560632689,22.250522407732866,21.60299560632689,8608972,191554124.39,1.7617,,,否,,,,,,否,488684040,488684040,10873475182.32,10873475182.32,,,,23.61,23.47,23.06,22.69,21.43,20.19,17.58,2016-11-10,-
2023-07-26,603556,XD海兴电,电网设备,22.03468014059754,22.719744727592268,21.85637565905097,22.51328690685413,21.85637565905097,4420338,99516337.62,0.9045,,,否,,,,,,否,488684040,488684040,11001883999.32,11001883999.32,,,,23.23,23.40,23.09,22.75,21.50,20.24,17.61,2016-11-10,-
2023-07-27,603556,XD海兴电,电网设备,22.41005799648506,22.90743365553603,22.37252021089631,22.51328690685413,22.37252021089631,2357339,53071449.24,0.4824,,,否,,,,,,否,488684040,488684040,11001883999.32,11001883999.32,,,,22.93,23.35,23.10,22.77,21.57,20.29,17.64,2016-11-10,-
2023-07-28,603556,XD海兴电,电网设备,22.52267135325132,22.644669156414764,21.349615553602813,21.64991783831283,21.349615553602813,5214612,112895921.36,1.0671,,,否,,,,,,否,488684040,488684040,10579969314.89,10579969314.89,,,,22.52,23.23,23.05,22.76,21.61,20.34,17.67,2016-11-10,-
2023-07-31,603556,XD海兴电,电网设备,21.64991783831283,22.841742530755713,21.152542179261864,22.644669156414764,21.152542179261864,6859044,155320782.11,1.4036,,,否,,,,,,否,488684040,488684040,11066088407.82,11066088407.82,,,,22.32,23.11,23.05,22.77,21.65,20.39,17.71,2016-11-10,-
2023-08-01,603556,XD海兴电,电网设备,22.56959358523726,23.517422671353252,21.987757908611602,23.395424868189806,21.987757908611602,5303509,124077846.35,1.0853,,,否,,,,,,否,488684040,488684040,11432970742.10,11432970742.10,,,,22.54,23.08,23.10,22.79,21.70,20.45,17.75,2016-11-10,-
2023-08-02,603556,XD海兴电,电网设备,23.29219595782074,23.517422671353252,22.8511269771529,22.991893673110724,22.8511269771529,3243538,74575080.82,0.6637,,,否,,,,,,否,488684040,488684040,11235771487.43,11235771487.43,,,,22.64,22.94,23.10,22.82,21.72,20.50,17.78,2016-11-10,-
2023-08-03,603556,XD海兴电,电网设备,22.822973637961336,23.15142926186292,22.28806019332162,22.41005799648506,22.28806019332162,2687157,60219344.22,0.5499,,,否,,,,,,否,488684040,488684040,10951437678.36,10951437678.36,,,,22.62,22.78,23.10,22.82,21.75,20.54,17.82,2016-11-10,-
2023-08-04,603556,XD海兴电,电网设备,22.447595782073815,22.48513356766257,22.166062390158174,22.3819046572935,22.166062390158174,1476842,33054536.84,0.3022,,,否,,,,,,否,488684040,488684040,10937679590.82,10937679590.82,,,,22.77,22.64,23.08,22.83,21.78,20.59,17.86,2016-11-10,-
2023-08-07,603556,XD海兴电,电网设备,22.32559797891037,22.691591388400703,22.090986818980667,22.48513356766257,22.090986818980667,1689171,37981235.55,0.3457,,,否,,,,,,否,488684040,488684040,10988125911.78,10988125911.78,,,,22.73,22.52,23.05,22.86,21.81,20.63,17.89,2016-11-10,-
2023-08-08,603556,XD海兴电,电网设备,22.353751318101935,22.635284710017576,22.297444639718808,22.503902460456946,22.297444639718808,994919,22389560.13,0.2036,,,否,,,,,,否,488684040,488684040,10997297970.14,10997297970.14,,,,22.55,22.55,23.01,22.89,21.85,20.66,17.92,2016-11-10,-
2023-08-09,603556,XD海兴电,电网设备,22.48513356766257,22.48513356766257,21.7531467486819,21.828222319859407,21.7531467486819,1420897,31015655.61,0.2908,,,否,,,,,,否,488684040,488684040,10667103869.29,10667103869.29,,,,22.33,22.49,22.94,22.89,21.86,20.68,17.95,2016-11-10,-
2023-08-10,603556,XD海兴电,电网设备,21.828222319859407,21.95022012302285,21.734377855887523,21.762531195079088,21.734377855887523,583900,12707141.96,0.1195,,,否,,,,,,否,488684040,488684040,10635001665.04,10635001665.04,,,,22.19,22.41,22.88,22.86,21.88,20.69,17.99,2016-11-10,-
2023-08-11,603556,XD海兴电,电网设备,21.94083567662566,22.241137961335678,21.715608963093146,21.903297891036907,21.715608963093146,2355269,51588158.52,0.4820,,,否,,,,,,否,488684040,488684040,10703792102.72,10703792102.72,,,,22.10,22.43,22.83,22.84,21.89,20.72,18.03,2016-11-10,-
2023-08-14,603556,XD海兴电,电网设备,21.828222319859407,22.203600175746924,21.574842267135324,22.090986818980667,21.574842267135324,1122773,24803163.54,0.2298,,,否,,,,,,否,488684040,488684040,10795512686.29,10795512686.29,,,,22.02,22.37,22.75,22.82,21.91,20.75,18.06,2016-11-10,-
2023-08-15,603556,XD海兴电,电网设备,22.119140158172232,22.250522407732866,21.518535588752197,21.734377855887523,21.518535588752197,1250427,27177252.90,0.2559,,,否,,,,,,否,488684040,488684040,10621243577.50,10621243577.50,,,,21.87,22.21,22.64,22.80,21.93,20.76,18.09,2016-11-10,-
2023-08-16,603556,XD海兴电,电网设备,21.584226713532516,22.025295694200352,21.452844463971882,21.56545782073814,21.452844463971882,1194830,25767055.97,0.2445,,,否,,,,,,否,488684040,488684040,10538695052.29,10538695052.29,,,,21.81,22.06,22.50,22.76,21.95,20.77,18.13,2016-11-10,-
2023-08-17,603556,XD海兴电,电网设备,21.56545782073814,21.80006898066784,21.096235500878738,21.621764499121266,21.096235500878738,1870393,40441196.97,0.3827,,,否,,,,,,否,488684040,488684040,10566211227.36,10566211227.36,,,,21.78,21.99,22.38,22.73,21.97,20.79,18.16,2016-11-10,-
2023-08-18,603556,XD海兴电,电网设备,21.574842267135324,21.99714235500879,21.56545782073814,21.61238005272408,21.56545782073814,1235440,26700798.81,0.2528,,,否,,,,,,否,488684040,488684040,10561625198.18,10561625198.18,,,,21.72,21.91,22.28,22.69,22.00,20.80,18.20,2016-11-10,-
2023-08-21,603556,XD海兴电,电网设备,21.509151142355012,22.119140158172232,21.509151142355012,21.574842267135324,21.509151142355012,1179085,25438572.89,0.2413,,,否,,,,,,否,488684040,488684040,10543281081.47,10543281081.47,,,,21.62,21.82,22.18,22.64,22.02,20.81,18.23,2016-11-10,-
2023-08-22,603556,XD海兴电,电网设备,22.75728251318102,23.395424868189806,22.147293497363798,23.066969244288224,22.147293497363798,7556260,174300017.02,1.5462,,,否,,,,,,否,488684040,488684040,11272459720.85,11272459720.85,,,,21.88,21.88,22.21,22.64,22.07,20.83,18.26,2016-11-10,-
2023-08-23,603556,XD海兴电,电网设备,22.79482029876977,23.67695826010545,22.79482029876977,22.879280316344463,22.79482029876977,4593193,105088950.19,0.9399,,,否,,,,,,否,488684040,488684040,11180739137.28,11180739137.28,,,,22.15,21.98,22.23,22.62,22.12,20.85,18.30,2016-11-10,-
2023-08-24,603556,XD海兴电,电网设备,22.747898066783833,23.235889279437615,22.438211335676627,22.841742530755713,22.438211335676627,3106850,70965867.78,0.6358,,,否,,,,,,否,488684040,488684040,11162395020.57,11162395020.57,,,,22.39,22.09,22.25,22.62,22.16,20.87,18.34,2016-11-10,-
2023-08-25,603556,XD海兴电,电网设备,22.700975834797894,22.71036028119508,21.509151142355012,21.584226713532516,21.509151142355012,3961572,85507468.19,0.8107,,,否,,,,,,否,488684040,488684040,10547867110.64,10547867110.64,,,,22.39,22.05,22.24,22.57,22.18,20.89,18.37,2016-11-10,-
2023-08-28,603556,XD海兴电,电网设备,22.560209138840072,22.776051405975398,20.87100878734622,21.011775483304046,20.87100878734622,4448570,93472354.06,0.9103,,,否,,,,,,否,488684040,488684040,10268119330.75,10268119330.75,,,,22.28,21.95,22.17,22.48,22.20,20.90,18.38,2016-11-10,-
2023-08-29,603556,XD海兴电,电网设备,21.105619947275922,22.654053602811953,21.049313268892796,22.438211335676627,21.049313268892796,4775214,107147260.91,0.9772,,,否,,,,,,否,488684040,488684040,10965195765.89,10965195765.89,,,,22.15,22.02,22.12,22.44,22.24,20.93,18.41,2016-11-10,-
2023-08-30,603556,XD海兴电,电网设备,22.503902460456946,23.395424868189806,22.353751318101935,23.038815905096662,22.353751318101935,3217656,74130984.23,0.6584,,,否,,,,,,否,488684040,488684040,11258701633.32,11258701633.32,,,,22.18,22.17,22.12,22.39,22.29,20.96,18.44,2016-11-10,-
2023-08-31,603556,XD海兴电,电网设备,23.029431458699474,23.226504833040423,22.86051142355009,22.879280316344463,22.86051142355009,1297428,29684218.90,0.2655,,,否,,,,,,否,488684040,488684040,11180739137.28,11180739137.28,,,,22.19,22.30,22.14,22.35,22.34,20.99,18.47,2016-11-10,-
2023-09-01,603556,XD海兴电,电网设备,23.085738137082604,23.085738137082604,22.48513356766257,22.813589191564148,22.48513356766257,1487372,33932293.78,0.3044,,,否,,,,,,否,488684040,488684040,11148636933.03,11148636933.03,,,,22.44,22.41,22.17,22.33,22.40,21.02,18.50,2016-11-10,-
2023-09-04,603556,XD海兴电,电网设备,22.813589191564148,23.02004701230229,22.41944244288225,22.654053602811953,22.41944244288225,2920840,66168865.93,0.5977,,,否,,,,,,否,488684040,488684040,11070674437.00,11070674437.00,,,,22.77,22.52,22.17,22.29,22.45,21.05,18.52,2016-11-10,-
2023-09-05,603556,XD海兴电,电网设备,22.654053602811953,23.14204481546573,22.466364674868192,22.747898066783833,22.466364674868192,1591577,36205031.36,0.3257,,,否,,,,,,否,488684040,488684040,11116534728.78,11116534728.78,,,,22.82,22.49,22.18,22.31,22.49,21.09,18.56,2016-11-10,-
2023-09-06,603556,XD海兴电,电网设备,22.635284710017576,22.879280316344463,22.53205579964851,22.822973637961336,22.53205579964851,1115793,25465714.22,0.2283,,,否,,,,,,否,488684040,488684040,11153222962.21,11153222962.21,,,,22.79,22.49,22.23,22.32,22.53,21.12,18.59,2016-11-10,-
2023-09-07,603556,XD海兴电,电网设备,22.804204745166963,22.822973637961336,22.241137961335678,22.241137961335678,22.241137961335678,1432400,31858206.02,0.2931,,,否,,,,,,否,488684040,488684040,10868889153.14,10868889153.14,,,,22.65,22.42,22.26,22.31,22.53,21.15,18.62,2016-11-10,-
2023-09-08,603556,XD海兴电,电网设备,22.391289103690685,22.90743365553603,22.297444639718808,22.86051142355009,22.297444639718808,1565436,35786667.56,0.3203,,,否,,,,,,否,488684040,488684040,11171567078.93,11171567078.93,,,,22.66,22.55,22.31,22.34,22.55,21.19,18.65,2016-11-10,-
2023-09-11,603556,XD海兴电,电网设备,23.010662565905097,23.066969244288224,22.51328690685413,22.879280316344463,22.51328690685413,1318503,30166399.73,0.2698,,,否,,,,,,否,488684040,488684040,11180739137.28,11180739137.28,,,,22.71,22.74,22.34,22.35,22.56,21.23,18.68,2016-11-10,-
2023-09-12,603556,XD海兴电,电网设备,22.841742530755713,23.085738137082604,22.597746924428822,22.973124780316347,22.597746924428822,1702800,39118636.88,0.3484,,,否,,,,,,否,488684040,488684040,11226599429.07,11226599429.07,,,,22.76,22.79,22.41,22.34,22.57,21.27,18.71,2016-11-10,-
2023-09-13,603556,XD海兴电,电网设备,22.973124780316347,23.029431458699474,22.456980228471004,22.71036028119508,22.456980228471004,1544275,35071041.62,0.3160,,,否,,,,,,否,488684040,488684040,11098190612.07,11098190612.07,,,,22.73,22.76,22.47,22.33,22.58,21.29,18.75,2016-11-10,-
2023-09-14,603556,XD海兴电,电网设备,22.663438049209137,22.86989586994728,22.259906854130055,22.56959358523726,22.259906854130055,2204427,49753021.48,0.4511,,,否,,,,,,否,488684040,488684040,11029400174.39,11029400174.39,,,,22.79,22.73,22.51,22.33,22.58,21.33,18.78,2016-11-10,-
2023-09-15,603556,XD海兴电,电网设备,22.391289103690685,22.663438049209137,22.015911247803167,22.18483128295255,22.015911247803167,1780052,39490153.29,0.3643,,,否,,,,,,否,488684040,488684040,10841372978.07,10841372978.07,,,,22.66,22.66,22.54,22.33,22.58,21.36,18.81,2016-11-10,-
2023-09-18,603556,XD海兴电,电网设备,22.119140158172232,22.503902460456946,21.922066783831283,22.41005799648506,21.922066783831283,1332960,29871710.91,0.2728,,,否,,,,,,否,488684040,488684040,10951437678.36,10951437678.36,,,,22.57,22.64,22.58,22.33,22.60,21.40,18.83,2016-11-10,-
2023-09-19,603556,XD海兴电,电网设备,22.447595782073815,22.550824692442884,21.678071177504396,21.781300087873465,21.678071177504396,3292361,71711902.94,0.6737,,,否,,,,,,否,488684040,488684040,10644173723.39,10644173723.39,,,,22.33,22.54,22.51,22.31,22.60,21.42,18.85,2016-11-10,-
2023-09-20,603556,XD海兴电,电网设备,21.762531195079088,22.015911247803167,21.490382249560632,21.61238005272408,21.490382249560632,2009582,43431849.93,0.4112,,,否,,,,,,否,488684040,488684040,10561625198.18,10561625198.18,,,,22.11,22.42,22.46,22.30,22.59,21.45,18.87,2016-11-10,-
2023-09-21,603556,XD海兴电,电网设备,21.83760676625659,21.83760676625659,21.396537785588755,21.52792003514939,21.396537785588755,1329900,28629980.85,0.2721,,,否,,,,,,否,488684040,488684040,10520350935.57,10520350935.57,,,,21.90,22.35,22.39,22.29,22.58,21.48,18.90,2016-11-10,-
2023-09-22,603556,XD海兴电,电网设备,21.452844463971882,22.691591388400703,21.434075571177505,22.550824692442884,21.434075571177505,3509537,79142953.64,0.7182,,,否,,,,,,否,488684040,488684040,11020228116.03,11020228116.03,,,,21.98,22.32,22.44,22.31,22.58,21.51,18.93,2016-11-10,-
2023-09-25,603556,XD海兴电,电网设备,22.47574912126538,22.654053602811953,22.212984622144116,22.616515817223203,22.212984622144116,1909868,43194559.83,0.3908,,,否,,,,,,否,488684040,488684040,11052330320.28,11052330320.28,,,,22.02,22.30,22.51,22.33,22.58,21.55,18.97,2016-11-10,-
2023-09-26,603556,XD海兴电,电网设备,22.597746924428822,23.132660369068542,22.391289103690685,22.89804920913884,22.391289103690685,2026259,46397378.29,0.4146,,,否,,,,,,否,488684040,488684040,11189911195.64,11189911195.64,,,,22.24,22.29,22.54,22.36,22.58,21.57,18.99,2016-11-10,-
2023-09-27,603556,XD海兴电,电网设备,22.8511269771529,23.310964850615115,22.8511269771529,23.264042618629176,22.8511269771529,2136380,49700835.37,0.4372,,,否,,,,,,否,488684040,488684040,11368766333.60,11368766333.60,,,,22.57,22.34,22.55,22.42,22.59,21.59,19.03,2016-11-10,-
2023-09-28,603556,XD海兴电,电网设备,23.376655975395433,23.845878295254835,23.217120386643234,23.789571616871708,23.217120386643234,2640427,62814627.22,0.5403,,,否,,,,,,否,488684040,488684040,11625583967.60,11625583967.60,,,,23.02,22.47,22.60,22.49,22.61,21.63,19.08,2016-11-10,-
2023-10-09,603556,XD海兴电,电网设备,23.845878295254835,24.042951669595784,22.91681810193322,23.09512258347979,22.91681810193322,2649733,61195908.45,0.5422,,,否,,,,,,否,488684040,488684040,11286217808.39,11286217808.39,,,,23.13,22.55,22.61,22.54,22.62,21.65,19.12,2016-11-10,-
2023-10-10,603556,XD海兴电,电网设备,23.207735940246046,23.33911818980668,22.663438049209137,22.700975834797894,22.663438049209137,1638050,37185333.47,0.3352,,,否,,,,,,否,488684040,488684040,11093604582.89,11093604582.89,,,,23.15,22.59,22.62,22.58,22.61,21.68,19.14,2016-11-10,-
2023-10-11,603556,XD海兴电,电网设备,22.747898066783833,22.841742530755713,22.36313576449912,22.42882688927944,22.36313576449912,1690770,37921987.64,0.3460,,,否,,,,,,否,488684040,488684040,10960609736.71,10960609736.71,,,,23.06,22.64,22.60,22.56,22.60,21.70,19.18,2016-11-10,-
2023-10-12,603556,XD海兴电,电网设备,22.400673550087877,22.747898066783833,21.771915641476276,21.931451230228472,21.771915641476276,3084056,67637823.76,0.6311,,,否,,,,,,否,488684040,488684040,10717550190.25,10717550190.25,,,,22.79,22.68,22.55,22.53,22.57,21.71,19.22,2016-11-10,-
2023-10-13,603556,XD海兴电,电网设备,21.80006898066784,22.006526801405975,21.509151142355012,21.659302284710016,21.509151142355012,2603950,56399740.18,0.5328,,,否,,,,,,否,488684040,488684040,10584555344.07,10584555344.07,,,,22.36,22.69,22.52,22.49,22.55,21.72,19.25,2016-11-10,-
2023-10-16,603556,XD海兴电,电网设备,21.640533391915643,21.781300087873465,21.068082161687173,21.2839244288225,21.068082161687173,2908724,61909061.80,0.5952,,,否,,,,,,否,488684040,488684040,10401114176.93,10401114176.93,,,,22.00,22.57,22.45,22.48,22.52,21.73,19.29,2016-11-10,-
2023-10-17,603556,XD海兴电,电网设备,21.143157732864676,21.40592223198594,20.69270430579965,21.07746660808436,20.69270430579965,2317634,48849853.24,0.4743,,,否,,,,,,否,488684040,488684040,10300221535.00,10300221535.00,,,,21.68,22.41,22.35,22.49,22.48,21.74,19.31,2016-11-10,-
2023-10-18,603556,XD海兴电,电网设备,20.955468804920915,21.03054437609842,20.429939806678384,20.476862038664326,20.429939806678384,2543779,52088611.64,0.5205,,,否,,,,,,否,488684040,488684040,10006715667.58,10006715667.58,,,,21.28,22.18,22.23,22.42,22.43,21.74,19.34,2016-11-10,-
2023-10-19,603556,XD海兴电,电网设备,20.589475395430583,20.777164323374343,20.317326449912127,20.44870869947276,20.317326449912127,2211000,45212094.93,0.4524,,,否,,,,,,否,488684040,488684040,9992957580.04,9992957580.04,,,,20.99,21.89,22.12,22.33,22.36,21.75,19.38,2016-11-10,-
2023-10-20,603556,XD海兴电,电网设备,20.36424868189807,20.64578207381371,19.97948637961336,19.97948637961336,19.97948637961336,2196291,43880766.12,0.4494,,,否,,,,,,否,488684040,488684040,9763656121.11,9763656121.11,,,,20.66,21.51,21.99,22.23,22.29,21.75,19.41,2016-11-10,-
2023-10-23,603556,XD海兴电,电网设备,19.941948594024606,20.19532864674868,19.754259666080845,19.838719683655537,19.754259666080845,2291719,45464770.83,0.4690,,,否,,,,,,否,488684040,488684040,9694865683.44,9694865683.44,,,,20.36,21.18,21.87,22.14,22.23,21.75,19.44,2016-11-10,-
2023-10-24,603556,XD海兴电,电网设备,19.838719683655537,20.185944200351496,19.62287741652021,20.01702416520211,19.62287741652021,3432821,68714860.91,0.7025,,,否,,,,,,否,488684040,488684040,9782000237.83,9782000237.83,,,,20.15,20.92,21.75,22.04,22.17,21.76,19.45,2016-11-10,-
2023-10-25,603556,XD海兴电,电网设备,20.11086862917399,20.279788664323377,19.369497363796135,19.697952987697715,19.369497363796135,3659907,72092676.03,0.7489,,,否,,,,,,否,488684040,488684040,9626075245.76,9626075245.76,,,,20.00,20.65,21.64,21.94,22.13,21.78,19.48,2016-11-10,-
2023-10-26,603556,XD海兴电,电网设备,19.697952987697715,20.06394639718805,19.49149516695958,19.951333040421794,19.49149516695958,1978323,39470181.03,0.4048,,,否,,,,,,否,488684040,488684040,9749898033.58,9749898033.58,,,,19.90,20.44,21.57,21.85,22.08,21.79,19.50,2016-11-10,-
2023-10-27,603556,XD海兴电,电网设备,19.763644112478033,20.15779086115993,19.632261862917403,20.045177504393674,19.632261862917403,2737946,54882613.57,0.5603,,,否,,,,,,否,488684040,488684040,9795758325.36,9795758325.36,,,,19.91,20.28,21.49,21.77,22.04,21.80,19.53,2016-11-10,-
2023-10-30,603556,XD海兴电,电网设备,19.988870826010547,20.129637521968366,18.731355008787347,18.80643057996485,18.731355008787347,6929340,130316151.67,1.4180,,,否,,,,,,否,488684040,488684040,9190402473.80,9190402473.80,,,,19.71,20.04,21.30,21.64,22.00,21.80,19.55,2016-11-10,-
2023-10-31,603556,XD海兴电,电网设备,19.613492970123023,20.68331985940246,19.613492970123023,20.242250878734623,19.613492970123023,10605080,214670689.95,2.1701,,,否,,,,,,否,488684040,488684040,9892064938.11,9892064938.11,,,,19.74,19.95,21.18,21.56,21.95,21.80,19.57,2016-11-10,-
2023-11-01,603556,XD海兴电,电网设备,20.139021968365554,20.711473198594025,19.857488576449914,20.392402021089634,19.857488576449914,7868102,160449499.13,1.6101,,,否,,,,,,否,488684040,488684040,9965441404.97,9965441404.97,,,,19.89,19.94,21.06,21.46,21.90,21.80,19.59,2016-11-10,-
2023-11-02,603556,XD海兴电,电网设备,20.19532864674868,20.533168717047452,19.97948637961336,19.97948637961336,19.97948637961336,4060199,81120690.62,0.8308,,,否,,,,,,否,488684040,488684040,9763656121.11,9763656121.11,,,,19.90,19.90,20.89,21.38,21.86,21.78,19.60,2016-11-10,-
2023-11-03,603556,XD海兴电,电网设备,20.026408611599297,20.476862038664326,20.026408611599297,20.44870869947276,20.026408611599297,3127583,63955033.70,0.6400,,,否,,,,,,否,488684040,488684040,9992957580.04,9992957580.04,,,,19.97,19.94,20.72,21.30,21.82,21.78,19.62,2016-11-10,-
2023-11-06,603556,XD海兴电,电网设备,20.50501537785589,20.598859841827768,20.007639718804924,20.533168717047452,20.007639718804924,4023533,82615881.93,0.8233,,,否,,,,,,否,488684040,488684040,10034231842.65,10034231842.65,,,,20.32,20.01,20.60,21.25,21.79,21.78,19.64,2016-11-10,-
2023-11-07,603556,XD海兴电,电网设备,20.533168717047452,21.049313268892796,20.383017574692442,20.899162126537785,20.383017574692442,3393845,70928516.89,0.6945,,,否,,,,,,否,488684040,488684040,10213086980.61,10213086980.61,,,,20.45,20.10,20.51,21.20,21.76,21.79,19.67,2016-11-10,-
2023-11-08,603556,XD海兴电,电网设备,21.105619947275922,21.171311072056238,20.655166520210898,21.058697715289984,20.655166520210898,3398859,71575544.26,0.6955,,,否,,,,,,否,488684040,488684040,10291049476.65,10291049476.65,,,,20.58,20.23,20.44,21.17,21.73,21.79,19.69,2016-11-10,-
2023-11-09,603556,XD海兴电,电网设备,21.03054437609842,21.584226713532516,20.98362214411248,21.480997803163447,20.98362214411248,3850323,82708779.90,0.7879,,,否,,,,,,否,488684040,488684040,10497420789.68,10497420789.68,,,,20.88,20.39,20.42,21.17,21.73,21.79,19.72,2016-11-10,-
2023-11-10,603556,XD海兴电,电网设备,21.396537785588755,21.509151142355012,20.908546572934977,21.41530667838313,20.908546572934977,2352830,50386576.01,0.4815,,,否,,,,,,否,488684040,488684040,10465318585.43,10465318585.43,,,,21.08,20.52,20.40,21.17,21.72,21.80,19.74,2016-11-10,-
2023-11-13,603556,XD海兴电,电网设备,21.479,21.559,21.199,21.359,21.48,2076300,44347691.70,0.4249,,,否,,,,,,否,488684040,488684040,10437802410.36,10437802410.36,,,,21.24,20.78,20.41,21.13,21.72,21.81,19.76,2016-11-10,-
2023-11-14,603556,XD海兴电,电网设备,21.239,21.449,21.009,21.179,21.36,2097500,44422952.50,0.4292,,,否,,,,,,否,488684040,488684040,10349839283.16,10349839283.16,,,,21.30,20.87,20.41,21.08,21.70,21.81,19.78,2016-11-10,-
2023-11-15,603556,XD海兴电,电网设备,21.209,21.649,21.179,21.409,21.18,2036400,43597287.60,0.4167,,,否,,,,,,否,488684040,488684040,10462236612.36,10462236612.36,,,,21.37,20.98,20.46,21.03,21.70,21.82,19.79,2016-11-10,-
2023-11-16,603556,XD海兴电,电网设备,21.409,21.709,21.299,21.369,21.41,1862300,39795488.70,0.3811,,,否,,,,,,否,488684040,488684040,10442689250.76,10442689250.76,,,,21.35,21.12,20.51,20.97,21.69,21.82,19.80,2016-11-10,-
2023-11-17,603556,XD海兴电,电网设备,21.339,21.669,21.269,21.649,21.37,1201100,26002613.90,0.2458,,,否,,,,,,否,488684040,488684040,10579520781.96,10579520781.96,,,,21.39,21.24,20.59,20.90,21.69,21.83,19.82,2016-11-10,-
2023-11-20,603556,XD海兴电,电网设备,21.619,21.899,21.529,21.849,21.65,1555000,33975195.00,0.3182,,,否,,,,,,否,488684040,488684040,10677257589.96,10677257589.96,,,,21.49,21.37,20.69,20.85,21.70,21.85,19.84,2016-11-10,-
2023-11-21,603556,XD海兴电,电网设备,21.859,21.869,21.599,21.689,21.85,1363300,29568613.70,0.2790,,,否,,,,,,否,488684040,488684040,10599068143.56,10599068143.56,,,,21.59,21.45,20.77,20.82,21.70,21.86,19.85,2016-11-10,-
2023-11-22,603556,XD海兴电,电网设备,21.619,21.919,21.259,21.269,21.69,1691400,35974386.60,0.3461,,,否,,,,,,否,488684040,488684040,10393820846.76,10393820846.76,,,,21.57,21.47,20.85,20.78,21.67,21.87,19.87,2016-11-10,-
2023-11-23,603556,XD海兴电,电网设备,21.219,21.679,21.209,21.559,21.27,1854800,39987633.20,0.3795,,,否,,,,,,否,488684040,488684040,10535539218.36,10535539218.36,,,,21.60,21.47,20.93,20.77,21.65,21.88,19.89,2016-11-10,-
2023-11-24,603556,XD海兴电,电网设备,21.499,21.599,21.199,21.239,21.56,1877600,39878346.40,0.3842,,,否,,,,,,否,488684040,488684040,10379160325.56,10379160325.56,,,,21.52,21.46,20.99,20.75,21.62,21.89,19.91,2016-11-10,-
2023-11-27,603556,XD海兴电,电网设备,21.849,22.869,21.849,22.729,21.24,6574300,149427264.70,1.3453,,,否,,,,,,否,488684040,488684040,11107299545.16,11107299545.16,,,,21.70,21.59,21.19,20.80,21.64,21.91,19.93,2016-11-10,-
2023-11-28,603556,XD海兴电,电网设备,22.729,23.629,22.129,23.429,22.73,6016300,140955892.70,1.2311,,,否,,,,,,否,488684040,488684040,11449378373.16,11449378373.16,,,,22.04,21.82,21.35,20.88,21.68,21.94,19.96,2016-11-10,-
2023-11-29,603556,XD海兴电,电网设备,23.389,23.669,23.249,23.439,23.43,3809200,89283838.80,0.7795,,,否,,,,,,否,488684040,488684040,11454265213.56,11454265213.56,,,,22.48,22.02,21.50,20.98,21.70,21.97,19.98,2016-11-10,-
2023-11-30,603556,XD海兴电,电网设备,23.449,23.829,23.329,23.729,23.44,3021200,71690054.80,0.6182,,,否,,,,,,否,488684040,488684040,11595983585.16,11595983585.16,,,,22.91,22.26,21.69,21.09,21.71,22.00,20.01,2016-11-10,-
2023-12-01,603556,XD海兴电,电网设备,23.699,23.999,23.329,23.419,23.73,4277500,100174772.50,0.8753,,,否,,,,,,否,488684040,488684040,11444491532.76,11444491532.76,,,,23.35,22.43,21.84,21.20,21.72,22.03,20.04,2016-11-10,-
2023-12-04,603556,XD海兴电,电网设备,23.419,23.539,23.069,23.479,23.42,3118300,73214565.70,0.6381,,,否,,,,,,否,488684040,488684040,11473812575.16,11473812575.16,,,,23.50,22.60,21.98,21.33,21.73,22.06,20.06,2016-11-10,-
2023-12-05,603556,XD海兴电,电网设备,23.589,23.589,22.989,23.009,23.48,2026200,46620835.80,0.4146,,,否,,,,,,否,488684040,488684040,11244131076.36,11244131076.36,,,,23.41,22.73,22.09,21.43,21.74,22.09,20.08,2016-11-10,-
2023-12-06,603556,XD海兴电,电网设备,23.109,23.649,22.989,23.279,23.01,2358600,54905849.40,0.4826,,,否,,,,,,否,488684040,488684040,11376075767.16,11376075767.16,,,,23.38,22.93,22.20,21.54,21.74,22.12,20.11,2016-11-10,-
2023-12-07,603556,XD海兴电,电网设备,23.259,23.749,23.079,23.409,23.28,2321200,54336970.80,0.4750,,,否,,,,,,否,488684040,488684040,11439604692.36,11439604692.36,,,,23.32,23.12,22.30,21.66,21.75,22.14,20.13,2016-11-10,-
2023-12-08,603556,XD海兴电,电网设备,23.409,23.909,23.289,23.749,23.41,4150300,98565474.70,0.8493,,,否,,,,,,否,488684040,488684040,11605757265.96,11605757265.96,,,,23.38,23.37,22.41,21.78,21.78,22.16,20.16,2016-11-10,-
2023-12-11,603556,XD海兴电,电网设备,23.699,24.419,23.169,24.359,23.75,3507600,85441628.40,0.7178,,,否,,,,,,否,488684040,488684040,11903854530.36,11903854530.36,,,,23.56,23.53,22.56,21.97,21.80,22.18,20.19,2016-11-10,-
2023-12-12,603556,XD海兴电,电网设备,24.229,24.599,24.069,24.169,24.36,1627100,39325379.90,0.3330,,,否,,,,,,否,488684040,488684040,11811004562.76,11811004562.76,,,,23.79,23.60,22.71,22.10,21.83,22.19,20.22,2016-11-10,-
2023-12-13,603556,XD海兴电,电网设备,24.219,25.379,24.069,24.929,24.17,4115200,102587820.80,0.8421,,,否,,,,,,否,488684040,488684040,12182404433.16,12182404433.16,,,,24.12,23.75,22.89,22.25,21.86,22.21,20.26,2016-11-10,-
2023-12-14,603556,XD海兴电,电网设备,24.959,26.279,24.919,25.809,24.93,4209000,108630081.00,0.8613,,,否,,,,,,否,488684040,488684040,12612446388.36,12612446388.36,,,,24.60,23.96,23.11,22.44,21.91,22.24,20.30,2016-11-10,-
2023-12-15,603556,XD海兴电,电网设备,25.809,25.919,24.869,24.949,25.81,3810200,95060679.80,0.7797,,,否,,,,,,否,488684040,488684040,12192178113.96,12192178113.96,,,,24.84,24.11,23.27,22.59,21.95,22.26,20.33,2016-11-10,-
2023-12-18,603556,XD海兴电,电网设备,24.949,25.469,24.659,25.189,24.95,2371900,59745789.10,0.4854,,,否,,,,,,否,488684040,488684040,12309462283.56,12309462283.56,,,,25.01,24.29,23.44,22.75,22.00,22.29,20.37,2016-11-10,-
2023-12-19,603556,XD海兴电,电网设备,25.189,25.539,25.069,25.389,25.19,1498900,38055572.10,0.3067,,,否,,,,,,否,488684040,488684040,12407199091.56,12407199091.56,,,,25.25,24.52,23.63,22.90,22.05,22.32,20.41,2016-11-10,-
2023-12-20,603556,XD海兴电,电网设备,25.789,25.789,24.749,24.919,25.39,2712200,67585311.80,0.5550,,,否,,,,,,否,488684040,488684040,12177517592.76,12177517592.76,,,,25.25,24.69,23.81,23.03,22.10,22.35,20.44,2016-11-10,-
2023-12-21,603556,XD海兴电,电网设备,24.819,25.989,24.759,25.819,24.92,3539300,91381186.70,0.7243,,,否,,,,,,否,488684040,488684040,12617333228.76,12617333228.76,,,,25.25,24.93,24.02,23.17,22.17,22.38,20.48,2016-11-10,-
2023-12-22,603556,XD海兴电,电网设备,25.999,25.999,25.219,25.459,25.82,2941900,74897832.10,0.6020,,,否,,,,,,否,488684040,488684040,12441406974.36,12441406974.36,,,,25.36,25.10,24.23,23.31,22.24,22.41,20.52,2016-11-10,-
2023-12-25,603556,XD海兴电,电网设备,25.249,25.839,24.849,25.829,25.46,2681900,69270795.10,0.5488,,,否,,,,,,否,488684040,488684040,12622220069.16,12622220069.16,,,,25.48,25.25,24.39,23.46,22.29,22.43,20.56,2016-11-10,-
2023-12-26,603556,XD海兴电,电网设备,25.779,25.779,24.799,25.089,25.83,1745700,43797867.30,0.3572,,,否,,,,,,否,488684040,488684040,12260593879.56,12260593879.56,,,,25.42,25.34,24.47,23.59,22.33,22.45,20.60,2016-11-10,-
2023-12-27,603556,XD海兴电,电网设备,24.879,25.719,24.879,25.669,25.09,2471300,63435799.70,0.5057,,,否,,,,,,否,488684040,488684040,12544030622.76,12544030622.76,,,,25.57,25.41,24.58,23.73,22.38,22.48,20.64,2016-11-10,-
2023-12-28,603556,XD海兴电,电网设备,25.679,25.719,25.089,25.279,25.67,3734200,94396841.80,0.7641,,,否,,,,,,否,488684040,488684040,12353443847.16,12353443847.16,,,,25.46,25.36,24.66,23.86,22.41,22.50,20.68,2016-11-10,-
2023-12-29,603556,XD海兴电,电网设备,25.329,26.649,25.329,26.449,25.28,4938000,130605162.00,1.0105,,,否,,,,,,否,488684040,488684040,12925204173.96,12925204173.96,,,,25.66,25.51,24.81,24.02,22.46,22.53,20.73,2016-11-10,-
2024-01-02,603556,XD海兴电,电网设备,26.449,27.219,26.219,26.519,26.45,3797100,100695294.90,0.7770,,,否,,,,,,否,488684040,488684040,12959412056.76,12959412056.76,,,,25.80,25.64,24.96,24.18,22.51,22.56,20.78,2016-11-10,-
2024-01-03,603556,XD海兴电,电网设备,26.489,27.359,26.399,27.169,26.52,3643700,98995685.30,0.7456,,,否,,,,,,否,488684040,488684040,13277056682.76,13277056682.76,,,,26.22,25.82,25.17,24.36,22.59,22.60,20.83,2016-11-10,-
2024-01-04,603556,XD海兴电,电网设备,26.919,27.399,26.779,27.119,27.17,2774100,75230817.90,0.5677,,,否,,,,,,否,488684040,488684040,13252622480.76,13252622480.76,,,,26.51,26.04,25.36,24.55,22.67,22.63,20.88,2016-11-10,-
2024-01-05,603556,XD海兴电,电网设备,26.849,28.169,26.849,27.419,27.12,4881000,133832139.00,0.9988,,,否,,,,,,否,488684040,488684040,13399227692.76,13399227692.76,,,,26.94,26.20,25.56,24.75,22.76,22.67,20.93,2016-11-10,-
2024-01-08,603556,XD海兴电,电网设备,27.649,28.269,27.169,27.409,27.42,5182900,142058106.10,1.0606,,,否,,,,,,否,488684040,488684040,13394340852.36,13394340852.36,,,,27.13,26.39,25.75,24.95,22.85,22.70,20.97,2016-11-10,-
2024-01-09,603556,XD海兴电,电网设备,27.409,27.519,26.869,27.369,27.41,4782800,130900453.20,0.9787,,,否,,,,,,否,488684040,488684040,13374793490.76,13374793490.76,,,,27.30,26.55,25.90,25.11,22.96,22.74,21.02,2016-11-10,-
2024-01-10,603556,XD海兴电,电网设备,27.349,27.389,26.929,27.229,27.37,2105000,57317045.00,0.4307,,,否,,,,,,否,488684040,488684040,13306377725.16,13306377725.16,,,,27.31,26.76,26.05,25.24,23.06,22.77,21.07,2016-11-10,-
2024-01-11,603556,XD海兴电,电网设备,27.049,28.019,27.019,28.019,27.23,2670200,74816333.80,0.5464,,,否,,,,,,否,488684040,488684040,13692438116.76,13692438116.76,,,,27.49,27.00,26.21,25.39,23.18,22.80,21.12,2016-11-10,-
2024-01-12,603556,XD海兴电,电网设备,27.749,29.319,27.629,29.119,28.02,5727400,166776160.60,1.1720,,,否,,,,,,否,488684040,488684040,14229990560.76,14229990560.76,,,,27.83,27.38,26.37,25.57,23.33,22.84,21.17,2016-11-10,-
2024-01-15,603556,XD海兴电,电网设备,29.219,30.689,28.919,29.369,29.12,10279000,301883951.00,2.1034,,,否,,,,,,否,488684040,488684040,14352161570.76,14352161570.76,,,,28.22,27.67,26.59,25.77,23.48,22.89,21.23,2016-11-10,-
2024-01-16,603556,XD海兴电,电网设备,29.019,30.369,29.019,29.749,29.37,4977800,148084572.20,1.0186,,,否,,,,,,否,488684040,488684040,14537861505.96,14537861505.96,,,,28.70,28.00,26.82,25.97,23.65,22.94,21.28,2016-11-10,-
2024-01-17,603556,XD海兴电,电网设备,29.849,31.909,29.759,31.309,29.75,8641300,270550461.70,1.7683,,,否,,,,,,否,488684040,488684040,15300208608.36,15300208608.36,,,,29.51,28.41,27.12,26.25,23.84,23.00,21.34,2016-11-10,-
2024-01-18,603556,XD海兴电,电网设备,31.019,31.549,29.739,30.999,31.31,10042200,311298157.80,2.0549,,,否,,,,,,否,488684040,488684040,15148716555.96,15148716555.96,,,,30.11,28.80,27.42,26.51,24.03,23.08,21.40,2016-11-10,-
2024-01-19,603556,XD海兴电,电网设备,30.449,30.989,29.399,29.479,31.00,7088500,208961891.50,1.4505,,,否,,,,,,否,488684040,488684040,14405916815.16,14405916815.16,,,,30.18,29.00,27.60,26.71,24.19,23.13,21.46,2016-11-10,-
2024-01-22,603556,XD海兴电,电网设备,29.299,29.819,28.339,28.519,29.48,7459600,212740332.40,1.5265,,,否,,,,,,否,488684040,488684040,13936780136.76,13936780136.76,,,,30.01,29.12,27.76,26.87,24.33,23.18,21.51,2016-11-10,-
2024-01-23,603556,XD海兴电,电网设备,28.419,29.589,27.419,29.399,28.52,7239500,212834060.50,1.4814,,,否,,,,,,否,488684040,488684040,14366822091.96,14366822091.96,,,,29.94,29.32,27.93,27.04,24.50,23.25,21.56,2016-11-10,-
2024-01-24,603556,XD海兴电,电网设备,29.419,29.449,27.499,28.189,29.40,8215800,231595186.20,1.6812,,,否,,,,,,否,488684040,488684040,13775514403.56,13775514403.56,,,,29.32,29.41,28.09,27.17,24.64,23.29,21.61,2016-11-10,-
2024-01-25,603556,XD海兴电,电网设备,28.339,29.419,27.639,29.289,28.19,5108500,149622856.50,1.0454,,,否,,,,,,否,488684040,488684040,14313066847.56,14313066847.56,,,,28.98,29.54,28.27,27.32,24.78,23.34,21.67,2016-11-10,-
2024-01-26,603556,XD海兴电,电网设备,28.659,29.299,28.549,28.889,29.29,3362800,97147929.20,0.6881,,,否,,,,,,否,488684040,488684040,14117593231.56,14117593231.56,,,,28.86,29.52,28.45,27.42,24.93,23.39,21.72,2016-11-10,-
2024-01-29,603556,XD海兴电,电网设备,29.119,29.239,27.529,28.049,28.89,4142800,116201397.20,0.8477,,,否,,,,,,否,488684040,488684040,13707098637.96,13707098637.96,,,,28.76,29.39,28.53,27.52,25.06,23.44,21.77,2016-11-10,-
2024-01-30,603556,XD海兴电,电网设备,27.499,28.199,26.679,26.739,28.05,5467100,146184786.90,1.1187,,,否,,,,,,否,488684040,488684040,13066922545.56,13066922545.56,,,,28.23,29.09,28.54,27.57,25.16,23.48,21.81,2016-11-10,-
2024-01-31,603556,XD海兴电,电网设备,26.919,27.069,26.189,26.219,26.74,3978800,104320157.20,0.8142,,,否,,,,,,否,488684040,488684040,12812806844.76,12812806844.76,,,,27.84,28.58,28.49,27.60,25.25,23.51,21.85,2016-11-10,-
2024-02-01,603556,XD海兴电,电网设备,25.919,26.719,25.579,26.129,26.22,4529600,118353918.40,0.9269,,,否,,,,,,否,488684040,488684040,12768825281.16,12768825281.16,,,,27.21,28.09,28.44,27.64,25.34,23.54,21.89,2016-11-10,-
2024-02-02,603556,XD海兴电,电网设备,26.019,27.179,25.319,26.059,26.13,5727900,149263346.10,1.1721,,,否,,,,,,否,488684040,488684040,12734617398.36,12734617398.36,,,,26.64,27.75,28.38,27.65,25.41,23.57,21.93,2016-11-10,-
2024-02-05,603556,XD海兴电,电网设备,25.409,26.409,24.139,25.339,26.06,7359200,186474768.80,1.5059,,,否,,,,,,否,488684040,488684040,12382764889.56,12382764889.56,,,,26.10,27.43,28.27,27.65,25.48,23.60,21.96,2016-11-10,-
2024-02-06,603556,XD海兴电,电网设备,24.939,28.099,24.669,27.219,25.34,7302400,198764025.60,1.4943,,,否,,,,,,否,488684040,488684040,13301490884.76,13301490884.76,,,,26.19,27.21,28.27,27.69,25.57,23.65,22.01,2016-11-10,-
2024-02-07,603556,XD海兴电,电网设备,27.149,28.979,26.919,28.459,27.22,7770800,221149197.20,1.5901,,,否,,,,,,否,488684040,488684040,13907459094.36,13907459094.36,,,,26.64,27.24,28.33,27.81,25.70,23.70,22.06,2016-11-10,-
2024-02-08,603556,XD海兴电,电网设备,27.929,30.589,27.929,29.429,28.46,6986000,205590994.00,1.4296,,,否,,,,,,否,488684040,488684040,14381482613.16,14381482613.16,,,,27.30,27.25,28.40,27.93,25.83,23.76,22.11,2016-11-10,-
2024-02-19,603556,XD海兴电,电网设备,29.299,30.299,29.039,29.669,29.43,5141500,152543163.50,1.0521,,,否,,,,,,否,488684040,488684040,14498766782.76,14498766782.76,,,,28.02,27.33,28.43,28.08,25.97,23.83,22.16,2016-11-10,-
2024-02-20,603556,XD海兴电,电网设备,29.669,29.669,29.049,29.219,29.67,3000600,87674531.40,0.6140,,,否,,,,,,否,488684040,488684040,14278858964.76,14278858964.76,,,,28.80,27.45,28.42,28.17,26.09,23.89,22.21,2016-11-10,-
2024-02-21,603556,XD海兴电,电网设备,29.219,30.539,28.719,29.579,29.22,4810200,142280905.80,0.9843,,,否,,,,,,否,488684040,488684040,14454785219.16,14454785219.16,,,,29.27,27.73,28.41,28.27,26.22,23.96,22.26,2016-11-10,-
2024-02-22,603556,XD海兴电,电网设备,28.929,29.869,28.929,29.579,29.58,2577400,76236914.60,0.5274,,,否,,,,,,否,488684040,488684040,14454785219.16,14454785219.16,,,,29.49,28.07,28.32,28.35,26.35,24.03,22.31,2016-11-10,-
2024-02-23,603556,XD海兴电,电网设备,29.509,30.159,29.229,29.949,29.58,3306000,99011394.00,0.6765,,,否,,,,,,否,488684040,488684040,14635598313.96,14635598313.96,,,,29.60,28.45,28.27,28.45,26.50,24.09,22.35,2016-11-10,-
2024-02-26,603556,XD海兴电,电网设备,30.199,31.489,30.029,30.369,29.95,3723800,113088082.20,0.7620,,,否,,,,,,否,488684040,488684040,14840845610.76,14840845610.76,,,,29.74,28.88,28.31,28.54,26.65,24.15,22.40,2016-11-10,-
2024-02-27,603556,XD海兴电,电网设备,30.069,30.499,29.869,30.479,30.37,1806500,55060313.50,0.3697,,,否,,,,,,否,488684040,488684040,14894600855.16,14894600855.16,,,,29.99,29.39,28.41,28.65,26.80,24.21,22.44,2016-11-10,-
2024-02-28,603556,XD海兴电,电网设备,30.479,30.599,29.019,29.019,30.48,3523800,102257152.20,0.7211,,,否,,,,,,否,488684040,488684040,14181122156.76,14181122156.76,,,,29.88,29.57,28.39,28.70,26.91,24.27,22.48,2016-11-10,-
2024-02-29,603556,XD海兴电,电网设备,29.019,31.619,28.939,31.619,29.02,5268700,166591025.30,1.0781,,,否,,,,,,否,488684040,488684040,15451700660.76,15451700660.76,,,,30.29,29.89,28.56,28.85,27.04,24.36,22.53,2016-11-10,-
2024-03-01,603556,XD海兴电,电网设备,31.659,33.199,31.659,33.019,31.62,5282700,174429471.30,1.0810,,,否,,,,,,否,488684040,488684040,16135858316.76,16135858316.76,,,,30.90,30.25,28.75,29.01,27.20,24.45,22.58,2016-11-10,-
2024-03-04,603556,XD海兴电,电网设备,32.989,35.199,32.859,35.099,33.02,5721800,200829458.20,1.1709,,,否,,,,,,否,488684040,488684040,17152321119.96,17152321119.96,,,,31.85,30.79,29.06,29.21,27.39,24.55,22.64,2016-11-10,-
2024-03-05,603556,XD海兴电,电网设备,35.019,35.609,34.399,35.219,35.10,4647100,163666214.90,0.9509,,,否,,,,,,否,488684040,488684040,17210963204.76,17210963204.76,,,,32.79,31.39,29.42,29.41,27.59,24.65,22.70,2016-11-10,-
2024-03-06,603556,XD海兴电,电网设备,35.219,35.979,34.849,35.319,35.22,3027300,106921208.70,0.6195,,,否,,,,,,否,488684040,488684040,17259831608.76,17259831608.76,,,,34.05,31.97,29.85,29.60,27.78,24.76,22.76,2016-11-10,-
2024-03-07,603556,XD海兴电,电网设备,35.629,35.919,35.159,35.219,35.32,3239700,114098994.30,0.6629,,,否,,,,,,否,488684040,488684040,17210963204.76,17210963204.76,,,,34.77,32.53,30.30,29.73,27.99,24.86,22.83,2016-11-10,-
2024-03-08,603556,XD海兴电,电网设备,34.949,35.719,34.919,35.449,35.22,2364000,83801436.00,0.4837,,,否,,,,,,否,488684040,488684040,17323360533.96,17323360533.96,,,,35.26,33.08,30.77,29.87,28.19,24.97,22.88,2016-11-10,-
2024-03-11,603556,XD海兴电,电网设备,35.119,36.379,34.719,35.839,35.45,4173200,149563314.80,0.8540,,,否,,,,,,否,488684040,488684040,17513947309.56,17513947309.56,,,,35.41,33.63,31.25,30.09,28.40,25.08,22.94,2016-11-10,-
2024-03-12,603556,XD海兴电,电网设备,35.509,35.519,34.059,34.159,35.84,6707500,229121492.50,1.3726,,,否,,,,,,否,488684040,488684040,16692958122.36,16692958122.36,,,,35.20,34.00,31.70,30.27,28.57,25.18,23.00,2016-11-10,-
2024-03-13,603556,XD海兴电,电网设备,33.969,35.489,33.969,34.999,34.16,4710300,164855789.70,0.9639,,,否,,,,,,否,488684040,488684040,17103452715.96,17103452715.96,,,,35.13,34.59,32.08,30.46,28.75,25.28,23.06,2016-11-10,-
2024-03-14,603556,XD海兴电,电网设备,35.079,35.709,34.619,35.569,35.00,3526600,125437635.40,0.7217,,,否,,,,,,否,488684040,488684040,17382002618.76,17382002618.76,,,,35.20,34.99,32.44,30.71,28.94,25.38,23.12,2016-11-10,-
2024-03-15,603556,XD海兴电,电网设备,35.569,35.939,35.049,35.769,35.57,2053800,73462372.20,0.4203,,,否,,,,,,否,488684040,488684040,17479739426.76,17479739426.76,,,,35.27,35.26,32.76,30.92,29.12,25.49,23.19,2016-11-10,-
2024-03-18,603556,XD海兴电,电网设备,36.069,36.719,35.039,35.779,35.77,3351800,119924052.20,0.6859,,,否,,,,,,否,488684040,488684040,17484626267.16,17484626267.16,,,,35.26,35.33,33.06,31.15,29.29,25.60,23.26,2016-11-10,-
2024-03-19,603556,XD海兴电,电网设备,35.719,35.879,35.019,35.089,35.78,3277700,115011215.30,0.6707,,,否,,,,,,否,488684040,488684040,17147434279.56,17147434279.56,,,,35.44,35.32,33.36,31.39,29.45,25.70,23.32,2016-11-10,-
2024-03-20,603556,XD海兴电,电网设备,35.009,35.199,34.029,34.289,35.09,4154400,142450221.60,0.8501,,,否,,,,,,否,488684040,488684040,16756487047.56,16756487047.56,,,,35.30,35.22,33.59,31.64,29.61,25.80,23.38,2016-11-10,-
2024-03-21,603556,XD海兴电,电网设备,34.259,34.399,32.939,33.039,34.29,8582100,283544001.90,1.7562,,,否,,,,,,否,488684040,488684040,16145631997.56,16145631997.56,,,,34.79,35.00,33.76,31.87,29.73,25.89,23.44,2016-11-10,-
2024-03-22,603556,XD海兴电,电网设备,33.049,34.009,32.919,33.559,33.04,5026600,168687669.40,1.0286,,,否,,,,,,否,488684040,488684040,16399747698.36,16399747698.36,,,,34.35,34.81,33.95,32.11,29.88,25.99,23.50,2016-11-10,-
2024-03-25,603556,XD海兴电,电网设备,33.659,35.519,33.659,34.709,33.56,5417600,188039478.40,1.1086,,,否,,,,,,否,488684040,488684040,16961734344.36,16961734344.36,,,,34.14,34.70,34.16,32.40,30.03,26.10,23.56,2016-11-10,-
2024-03-26,603556,XD海兴电,电网设备,34.539,35.089,33.929,34.089,34.71,3105000,105846345.00,0.6354,,,否,,,,,,否,488684040,488684040,16658750239.56,16658750239.56,,,,33.94,34.69,34.34,32.69,30.17,26.20,23.62,2016-11-10,-
2024-03-27,603556,XD海兴电,电网设备,34.349,34.389,33.419,33.519,34.09,2589300,86790746.70,0.5299,,,否,,,,,,否,488684040,488684040,16380200336.76,16380200336.76,,,,33.78,34.54,34.57,32.90,30.30,26.30,23.69,2016-11-10,-
2024-03-28,603556,XD海兴电,电网设备,33.589,34.369,33.179,33.449,33.52,2915500,97520559.50,0.5966,,,否,,,,,,否,488684040,488684040,16345992453.96,16345992453.96,,,,33.86,34.33,34.66,33.07,30.44,26.39,23.75,2016-11-10,-
2024-03-29,603556,XD海兴电,电网设备,33.449,34.479,33.369,34.319,33.45,2261100,77598690.90,0.4627,,,否,,,,,,否,488684040,488684040,16771147568.76,16771147568.76,,,,34.02,34.18,34.72,33.23,30.58,26.48,23.81,2016-11-10,-
2024-04-01,603556,XD海兴电,电网设备,34.349,34.619,33.029,33.889,34.32,3624800,122840847.20,0.7417,,,否,,,,,,否,488684040,488684040,16561013431.56,16561013431.56,,,,33.85,34.00,34.66,33.37,30.73,26.57,23.87,2016-11-10,-
2024-04-02,603556,XD海兴电,电网设备,33.889,34.849,33.799,34.349,33.89,3970000,136365530.00,0.8124,,,否,,,,,,否,488684040,488684040,16785808089.96,16785808089.96,,,,33.90,33.92,34.62,33.54,30.86,26.66,23.93,2016-11-10,-
2024-04-03,603556,XD海兴电,电网设备,34.429,35.119,34.079,34.459,34.35,2965500,102188164.50,0.6068,,,否,,,,,,否,488684040,488684040,16839563334.36,16839563334.36,,,,34.09,33.94,34.58,33.71,30.99,26.75,24.00,2016-11-10,-
2024-04-08,603556,XD海兴电,电网设备,34.709,35.969,34.229,35.299,34.46,4444700,156893465.30,0.9095,,,否,,,,,,否,488684040,488684040,17250057927.96,17250057927.96,,,,34.46,34.16,34.58,33.90,31.12,26.86,24.06,2016-11-10,-
2024-04-09,603556,XD海兴电,电网设备,35.419,35.449,34.219,34.609,35.30,3862300,133670340.70,0.7903,,,否,,,,,,否,488684040,488684040,16912865940.36,16912865940.36,,,,34.52,34.27,34.54,34.05,31.25,26.96,24.13,2016-11-10,-
2024-04-10,603556,XD海兴电,电网设备,34.669,35.159,34.329,34.609,34.61,2034300,70405088.70,0.4163,,,否,,,,,,否,488684040,488684040,16912865940.36,16912865940.36,,,,34.67,34.26,34.48,34.19,31.37,27.06,24.19,2016-11-10,-
2024-04-11,603556,XD海兴电,电网设备,34.359,37.669,34.359,36.869,34.61,6416800,236580999.20,1.3131,,,否,,,,,,否,488684040,488684040,18017291870.76,18017291870.76,,,,35.17,34.54,34.61,34.41,31.53,27.19,24.27,2016-11-10,-
2024-04-12,603556,XD海兴电,电网设备,36.869,38.899,36.619,38.679,36.87,5598400,216540513.60,1.1456,,,否,,,,,,否,488684040,488684040,18901809983.16,18901809983.16,,,,36.01,35.05,34.80,34.73,31.72,27.34,24.35,2016-11-10,-
2024-04-15,603556,XD海兴电,电网设备,38.739,39.419,37.909,39.099,38.68,4395600,171863564.40,0.8995,,,否,,,,,,否,488684040,488684040,19107057279.96,19107057279.96,,,,36.77,35.62,34.97,34.98,31.91,27.49,24.43,2016-11-10,-
2024-04-16,603556,XD海兴电,电网设备,43.269,43.269,42.159,43.269,39.10,8795200,380559508.80,1.7998,,,否,,,,,,否,488684040,488684040,21144869726.76,21144869726.76,,,,38.51,36.51,35.35,35.32,32.17,27.68,24.52,2016-11-10,-
2024-04-17,603556,XD海兴电,电网设备,43.419,47.859,43.409,46.709,43.27,15370800,717954697.20,3.1453,,,否,,,,,,否,488684040,488684040,22825942824.36,22825942824.36,,,,40.92,37.80,35.89,35.71,32.46,27.89,24.63,2016-11-10,-
2024-04-18,603556,XD海兴电,电网设备,46.909,48.299,45.969,47.099,46.71,10631100,500714178.90,2.1755,,,否,,,,,,否,488684040,488684040,23016529599.96,23016529599.96,,,,42.97,39.07,36.50,36.10,32.76,28.12,24.74,2016-11-10,-
2024-04-19,603556,XD海兴电,电网设备,46.599,48.569,46.239,47.219,47.10,8611000,406602809.00,1.7621,,,否,,,,,,否,488684040,488684040,23075171684.76,23075171684.76,,,,44.68,40.35,37.14,36.50,33.05,28.35,24.85,2016-11-10,-
2024-04-22,603556,XD海兴电,电网设备,45.919,48.079,45.919,47.259,47.22,6310500,298227919.50,1.2913,,,否,,,,,,否,488684040,488684040,23094719046.36,23094719046.36,,,,46.31,41.54,37.85,36.90,33.31,28.58,24.96,2016-11-10,-
2024-04-23,603556,XD海兴电,电网设备,45.219,46.019,42.399,43.359,47.26,14962600,648763373.40,3.0618,,,否,,,,,,否,488684040,488684040,21188851290.36,21188851290.36,,,,46.33,42.42,38.34,37.16,33.52,28.77,25.05,2016-11-10,-
2024-04-24,603556,XD海兴电,电网设备,43.669,44.409,43.019,43.809,43.36,6038900,264558170.10,1.2357,,,否,,,,,,否,488684040,488684040,21408759108.36,21408759108.36,,,,45.75,43.34,38.80,37.43,33.76,28.97,25.14,2016-11-10,-
2024-04-25,603556,XD海兴电,电网设备,43.809,43.809,42.559,43.039,43.81,5043700,217075804.30,1.0321,,,否,,,,,,否,488684040,488684040,21032472397.56,21032472397.56,,,,44.94,43.95,39.25,37.73,34.00,29.16,25.24,2016-11-10,-
2024-04-26,603556,XD海兴电,电网设备,43.949,44.009,42.569,42.929,43.04,5054700,216993216.30,1.0343,,,否,,,,,,否,488684040,488684040,20978717153.16,20978717153.16,,,,44.08,44.38,39.72,37.99,34.23,29.36,25.33,2016-11-10,-
2024-04-29,603556,XD海兴电,电网设备,43.219,43.239,41.019,41.519,42.93,8604000,357229476.00,1.7606,,,否,,,,,,否,488684040,488684040,20289672656.76,20289672656.76,,,,42.93,44.62,40.12,38.19,34.45,29.54,25.41,2016-11-10,-
2024-04-30,603556,XD海兴电,电网设备,41.639,43.499,41.449,43.099,41.52,7159500,308567290.50,1.4651,,,否,,,,,,否,488684040,488684040,21061793439.96,21061793439.96,,,,42.88,44.60,40.56,38.43,34.68,29.73,25.51,2016-11-10,-
2024-05-06,603556,XD海兴电,电网设备,43.099,44.269,42.669,43.799,43.10,6404500,280510695.50,1.3106,,,否,,,,,,否,488684040,488684040,21403872267.96,21403872267.96,,,,42.88,44.31,41.05,38.70,34.93,29.93,25.60,2016-11-10,-
2024-05-07,603556,XD海兴电,电网设备,43.699,44.499,42.889,43.019,43.80,4497800,193490858.20,0.9204,,,否,,,,,,否,488684040,488684040,21022698716.76,21022698716.76,,,,42.87,43.91,41.49,38.97,35.18,30.12,25.69,2016-11-10,-
2024-05-08,603556,XD海兴电,电网设备,42.919,43.919,42.409,43.779,43.02,4356400,190718835.60,0.8915,,,否,,,,,,否,488684040,488684040,21394098587.16,21394098587.16,,,,43.04,43.56,41.95,39.28,35.46,30.31,25.79,2016-11-10,-
2024-05-09,603556,XD海兴电,电网设备,43.919,44.819,43.329,44.609,43.78,7280700,324784746.30,1.4899,,,否,,,,,,否,488684040,488684040,21799706340.36,21799706340.36,,,,43.66,43.30,42.42,39.67,35.77,30.51,25.90,2016-11-10,-
2024-05-10,603556,XD海兴电,电网设备,44.909,46.179,44.439,45.309,44.61,6564800,297444523.20,1.3434,,,否,,,,,,否,488684040,488684040,22141785168.36,22141785168.36,,,,44.10,43.49,42.95,40.06,36.09,30.71,26.00,2016-11-10,-
2024-05-13,603556,XD海兴电,电网设备,45.469,50.099,45.159,50.099,45.31,10393300,520693936.70,2.1268,,,否,,,,,,否,488684040,488684040,24482581719.96,24482581719.96,,,,45.36,44.12,43.73,40.57,36.49,30.95,26.13,2016-11-10,-
2024-05-14,603556,XD海兴电,电网设备,50.159,51.519,48.619,51.019,50.10,10603700,540990170.30,2.1698,,,否,,,,,,否,488684040,488684040,24932171036.76,24932171036.76,,,,46.96,44.92,44.44,41.14,36.91,31.20,26.26,2016-11-10,-
2024-05-15,603556,XD海兴电,电网设备,50.419,52.809,49.369,49.859,51.02,8782000,437861738.00,1.7971,,,否,,,,,,否,488684040,488684040,24365297550.36,24365297550.36,,,,48.18,45.61,44.99,41.68,37.29,31.43,26.39,2016-11-10,-
2024-05-16,603556,XD海兴电,电网设备,49.419,50.159,48.699,48.749,49.86,5296500,258199078.50,1.0838,,,否,,,,,,否,488684040,488684040,23822858265.96,23822858265.96,,,,49.01,46.33,45.48,42.19,37.63,31.66,26.50,2016-11-10,-
2024-05-17,603556,XD海兴电,电网设备,48.769,49.059,47.019,47.779,48.75,5160500,246563529.50,1.0560,,,否,,,,,,否,488684040,488684040,23348834747.16,23348834747.16,,,,49.50,46.80,45.70,42.64,37.94,31.88,26.61,2016-11-10,-
2024-05-20,603556,XD海兴电,电网设备,47.779,48.719,46.659,47.969,47.78,5740400,275361247.60,1.1747,,,否,,,,,,否,488684040,488684040,23441684714.76,23441684714.76,,,,49.08,47.22,45.77,43.11,38.24,32.10,26.71,2016-11-10,-
2024-05-21,603556,XD海兴电,电网设备,47.889,47.889,46.349,47.159,47.97,5595700,263887616.30,1.1451,,,否,,,,,,否,488684040,488684040,23045850642.36,23045850642.36,,,,48.30,47.63,45.77,43.54,38.54,32.32,26.82,2016-11-10,-
2024-05-22,603556,XD海兴电,电网设备,46.919,47.489,45.909,46.239,47.16,4261100,197029002.90,0.8720,,,否,,,,,,否,488684040,488684040,22596261325.56,22596261325.56,,,,47.58,47.88,45.72,43.93,38.82,32.52,26.92,2016-11-10,-
2024-05-23,603556,XD海兴电,电网设备,46.669,46.689,45.399,45.659,46.24,2573800,117517134.20,0.5267,,,否,,,,,,否,488684040,488684040,22312824582.36,22312824582.36,,,,46.96,47.98,45.64,44.27,39.09,32.72,27.02,2016-11-10,-
2024-05-24,603556,XD海兴电,电网设备,45.639,47.419,45.639,46.409,45.66,5492400,254896791.60,1.1239,,,否,,,,,,否,488684040,488684040,22679337612.36,22679337612.36,,,,46.69,48.09,45.79,44.67,39.36,32.93,27.12,2016-11-10,-
2024-05-27,603556,XD海兴电,电网设备,46.319,48.199,45.829,47.349,46.41,8042500,380804332.50,1.6457,,,否,,,,,,否,488684040,488684040,23138700609.96,23138700609.96,,,,46.56,47.82,45.97,45.09,39.64,33.14,27.23,2016-11-10,-
2024-05-28,603556,XD海兴电,电网设备,47.369,48.359,46.499,47.699,47.35,5862200,279621077.80,1.1996,,,否,,,,,,否,488684040,488684040,23309740023.96,23309740023.96,,,,46.67,47.49,46.20,45.45,39.93,33.37,27.34,2016-11-10,-
2024-05-29,603556,XD海兴电,电网设备,47.219,47.899,46.249,47.759,47.70,5808200,277393823.80,1.1885,,,否,,,,,,否,488684040,488684040,23339061066.36,23339061066.36,,,,46.98,47.28,46.44,45.76,40.24,33.57,27.45,2016-11-10,-
2024-05-30,603556,XD海兴电,电网设备,47.439,48.779,47.209,47.409,47.76,3976300,188512406.70,0.8137,,,否,,,,,,否,488684040,488684040,23168021652.36,23168021652.36,,,,47.33,47.14,46.74,46.03,40.51,33.77,27.55,2016-11-10,-
2024-05-31,603556,XD海兴电,电网设备,46.609,47.199,44.129,44.589,47.41,10490200,467747527.80,2.1466,,,否,,,,,,否,488684040,488684040,21789932659.56,21789932659.56,,,,46.96,46.82,46.81,46.08,40.70,33.95,27.65,2016-11-10,-
2024-06-03,603556,XD海兴电,电网设备,44.959,46.359,44.729,45.659,44.59,6374400,291048729.60,1.3044,,,否,,,,,,否,488684040,488684040,22312824582.36,22312824582.36,,,,46.62,46.59,46.91,46.04,40.87,34.13,27.75,2016-11-10,-
2024-06-04,603556,XD海兴电,电网设备,45.379,46.909,44.879,46.819,45.66,4332500,202843317.50,0.8866,,,否,,,,,,否,488684040,488684040,22879698068.76,22879698068.76,,,,46.45,46.56,47.10,46.03,41.07,34.33,27.85,2016-11-10,-
2024-06-05,603556,XD海兴电,电网设备,46.389,46.539,45.599,45.729,46.82,3612700,165205158.30,0.7393,,,否,,,,,,否,488684040,488684040,22347032465.16,22347032465.16,,,,46.04,46.51,47.19,45.98,41.24,34.51,27.96,2016-11-10,-
2024-06-06,603556,XD海兴电,电网设备,45.729,47.419,45.729,46.209,45.73,3925800,181407292.20,0.8033,,,否,,,,,,否,488684040,488684040,22581600804.36,22581600804.36,,,,45.80,46.56,47.27,45.95,41.42,34.71,28.06,2016-11-10,-
2024-06-07,603556,XD海兴电,电网设备,46.209,46.689,45.159,45.709,46.21,3138800,143471409.20,0.6423,,,否,,,,,,否,488684040,488684040,22337258784.36,22337258784.36,,,,46.02,46.49,47.29,46.03,41.60,34.89,28.17,2016-11-10,-
2024-06-11,603556,XD海兴电,电网设备,45.419,46.159,44.399,45.559,45.71,3402600,155019053.40,0.6963,,,否,,,,,,否,488684040,488684040,22263956178.36,22263956178.36,,,,46.01,46.31,47.07,46.08,41.76,35.08,28.27,2016-11-10,-
2024-06-12,603556,XD海兴电,电网设备,45.579,46.419,44.889,45.949,45.56,3449400,158496480.60,0.7059,,,否,,,,,,否,488684040,488684040,22454542953.96,22454542953.96,,,,45.83,46.14,46.81,46.18,41.95,35.26,28.37,2016-11-10,-
2024-06-13,603556,XD海兴电,电网设备,45.819,46.309,44.819,45.249,45.95,2824600,127810325.40,0.5780,,,否,,,,,,否,488684040,488684040,22112464125.96,22112464125.96,,,,45.73,45.89,46.58,46.26,42.12,35.44,28.47,2016-11-10,-
2024-06-14,603556,XD海兴电,电网设备,45.334,47.024,45.064,46.104,45.25,4753400,219150753.60,0.9727,,,否,,,,,,否,488684040,488684040,22530288980.16,22530288980.16,,,,45.71,45.76,46.45,46.41,42.30,35.62,28.57,2016-11-10,-
2024-06-17,603556,XD海兴电,电网设备,45.994,48.694,45.714,47.214,46.10,6236900,294468996.60,1.2763,,,否,,,,,,否,488684040,488684040,23072728264.56,23072728264.56,,,,46.02,46.02,46.42,46.55,42.49,35.81,28.68,2016-11-10,-
2024-06-18,603556,XD海兴电,电网设备,47.214,49.214,46.894,49.004,47.21,5370900,263195583.60,1.0991,,,否,,,,,,否,488684040,488684040,23947472696.16,23947472696.16,,,,46.70,46.35,46.47,46.72,42.71,36.00,28.80,2016-11-10,-
2024-06-19,603556,XD海兴电,电网设备,48.854,48.914,46.374,48.054,49.00,5637400,270899619.60,1.1536,,,否,,,,,,否,488684040,488684040,23483222858.16,23483222858.16,,,,47.12,46.48,46.52,46.89,42.93,36.19,28.91,2016-11-10,-
2024-06-20,603556,XD海兴电,电网设备,47.784,48.204,46.794,47.004,48.05,3396000,159625584.00,0.6949,,,否,,,,,,否,488684040,488684040,22970104616.16,22970104616.16,,,,47.48,46.61,46.56,47.00,43.14,36.37,29.02,2016-11-10,-
2024-06-21,603556,XD海兴电,电网设备,46.914,47.634,46.714,46.964,47.00,2168400,101836737.60,0.4437,,,否,,,,,,否,488684040,488684040,22950557254.56,22950557254.56,,,,47.65,46.68,46.62,47.08,43.37,36.55,29.13,2016-11-10,-
2024-06-24,603556,XD海兴电,电网设备,47.014,47.564,46.544,46.684,46.96,2415800,112779207.20,0.4943,,,否,,,,,,否,488684040,488684040,22813725723.36,22813725723.36,,,,47.54,46.78,46.64,47.12,43.59,36.73,29.24,2016-11-10,-
2024-06-25,603556,XD海兴电,电网设备,46.584,47.124,45.184,45.604,46.68,2881500,131407926.00,0.5896,,,否,,,,,,否,488684040,488684040,22285946960.16,22285946960.16,,,,46.86,46.78,46.55,46.97,43.77,36.90,29.34,2016-11-10,-
2024-06-26,603556,XD海兴电,电网设备,45.724,46.464,44.734,46.294,45.60,2370600,109744556.40,0.4851,,,否,,,,,,否,488684040,488684040,22623138947.76,22623138947.76,,,,46.51,46.82,46.48,46.81,43.98,37.07,29.43,2016-11-10,-
2024-06-27,603556,XD海兴电,电网设备,46.284,46.284,43.614,43.924,46.29,4715800,207136799.20,0.9650,,,否,,,,,,否,488684040,488684040,21464957772.96,21464957772.96,,,,45.89,46.68,46.29,46.62,44.15,37.22,29.52,2016-11-10,-
2024-06-28,603556,XD海兴电,电网设备,43.914,45.984,43.514,45.344,43.92,4219700,191338076.80,0.8635,,,否,,,,,,否,488684040,488684040,22158889109.76,22158889109.76,,,,45.57,46.61,46.18,46.50,44.35,37.39,29.61,2016-11-10,-
2024-07-01,603556,XD海兴电,电网设备,45.314,45.904,42.994,43.914,45.34,5770100,253388171.40,1.1807,,,否,,,,,,否,488684040,488684040,21460070932.56,21460070932.56,,,,45.02,46.28,46.15,46.37,44.51,37.54,29.70,2016-11-10,-
2024-07-02,603556,XD海兴电,电网设备,43.914,44.044,42.634,43.554,43.91,4495700,195805717.80,0.9200,,,否,,,,,,否,488684040,488684040,21284144678.16,21284144678.16,,,,44.61,45.73,46.04,46.23,44.67,37.70,29.79,2016-11-10,-
2024-07-03,603556,XD海兴电,电网设备,43.534,43.864,42.134,42.404,43.55,3552200,150627488.80,0.7269,,,否,,,,,,否,488684040,488684040,20722158032.16,20722158032.16,,,,43.83,45.17,45.82,46.07,44.80,37.83,29.87,2016-11-10,-
2024-07-04,603556,XD海兴电,电网设备,42.694,43.894,42.384,43.234,42.40,3683400,159248115.60,0.7537,,,否,,,,,,否,488684040,488684040,21127765785.36,21127765785.36,,,,43.69,44.79,45.70,45.97,44.95,37.97,29.95,2016-11-10,-
2024-07-05,603556,XD海兴电,电网设备,43.054,43.544,42.234,43.394,43.23,2596000,112650824.00,0.5312,,,否,,,,,,否,488684040,488684040,21205955231.76,21205955231.76,,,,43.30,44.43,45.56,45.89,45.08,38.10,30.04,2016-11-10,-
2024-07-08,603556,XD海兴电,电网设备,43.514,44.174,42.314,42.614,43.39,2997300,127726942.20,0.6133,,,否,,,,,,否,488684040,488684040,20824781680.56,20824781680.56,,,,43.04,44.03,45.40,45.77,45.22,38.23,30.12,2016-11-10,-
2024-07-09,603556,XD海兴电,电网设备,42.634,43.034,41.734,42.754,42.61,3051900,130480932.60,0.6245,,,否,,,,,,否,488684040,488684040,20893197446.16,20893197446.16,,,,42.88,43.74,45.26,45.61,45.35,38.36,30.20,2016-11-10,-
2024-07-10,603556,XD海兴电,电网设备,42.754,43.254,41.724,41.954,42.75,3014100,126453551.40,0.6168,,,否,,,,,,否,488684040,488684040,20502250214.16,20502250214.16,,,,42.79,43.31,45.06,45.42,45.44,38.48,30.28,2016-11-10,-
2024-07-11,603556,XD海兴电,电网设备,42.504,42.584,40.824,41.634,41.95,4836600,201367004.40,0.9897,,,否,,,,,,否,488684040,488684040,20345871321.36,20345871321.36,,,,42.47,43.08,44.88,45.22,45.49,38.60,30.36,2016-11-10,-
2024-07-12,603556,XD海兴电,电网设备,41.514,41.854,41.014,41.284,41.63,2768700,114303010.80,0.5666,,,否,,,,,,否,488684040,488684040,20174831907.36,20174831907.36,,,,42.05,42.67,44.64,45.01,45.52,38.72,30.43,2016-11-10,-
2024-07-15,603556,XD海兴电,电网设备,41.474,42.824,40.824,41.304,41.28,3242100,133911698.40,0.6634,,,否,,,,,,否,488684040,488684040,20184605588.16,20184605588.16,,,,41.79,42.41,44.35,44.90,45.49,38.83,30.51,2016-11-10,-
2024-07-16,603556,XD海兴电,电网设备,41.444,41.764,40.454,40.634,41.30,3074900,124945486.60,0.6292,,,否,,,,,,否,488684040,488684040,19857187281.36,19857187281.36,,,,41.36,42.12,43.93,44.74,45.39,38.92,30.58,2016-11-10,-
2024-07-17,603556,XD海兴电,电网设备,40.634,41.444,39.694,40.974,40.63,4944600,202600040.40,1.0118,,,否,,,,,,否,488684040,488684040,20023339854.96,20023339854.96,,,,41.17,41.98,43.57,44.54,45.29,39.02,30.65,2016-11-10,-
2024-07-18,603556,XD海兴电,电网设备,40.784,41.634,40.324,41.084,40.97,5197500,213534090.00,1.0636,,,否,,,,,,否,488684040,488684040,20077095099.36,20077095099.36,,,,41.06,41.76,43.28,44.39,45.18,39.12,30.73,2016-11-10,-
2024-07-19,603556,XD海兴电,电网设备,40.844,42.514,40.524,41.314,41.08,3860300,159484434.20,0.7899,,,否,,,,,,否,488684040,488684040,20189492428.56,20189492428.56,,,,41.06,41.55,42.99,44.22,45.09,39.20,30.80,2016-11-10,-
2024-07-22,603556,XD海兴电,电网设备,40.904,43.684,40.714,42.154,41.31,4464700,188204963.80,0.9136,,,否,,,,,,否,488684040,488684040,20599987022.16,20599987022.16,,,,41.23,41.51,42.77,44.11,45.07,39.29,30.88,2016-11-10,-
2024-07-23,603556,XD海兴电,电网设备,42.024,42.804,40.564,40.564,42.15,3425300,138943869.20,0.7009,,,否,,,,,,否,488684040,488684040,19822979398.56,19822979398.56,,,,41.22,41.29,42.52,43.94,45.01,39.38,30.94,2016-11-10,-
2024-07-24,603556,XD海兴电,电网设备,40.594,41.514,39.824,39.944,40.56,2361100,94311778.40,0.4832,,,否,,,,,,否,488684040,488684040,19519995293.76,19519995293.76,,,,41.01,41.09,42.20,43.74,44.96,39.48,31.01,2016-11-10,-
2024-07-25,603556,XD海兴电,电网设备,39.764,40.364,39.164,39.734,39.94,1940300,77095880.20,0.3970,,,否,,,,,,否,488684040,488684040,19417371645.36,19417371645.36,,,,40.74,40.90,41.99,43.55,44.91,39.57,31.08,2016-11-10,-
2024-07-26,603556,XD海兴电,电网设备,39.614,40.634,39.304,40.024,39.73,2162600,86555902.40,0.4425,,,否,,,,,,否,488684040,488684040,19559090016.96,19559090016.96,,,,40.48,40.77,41.72,43.35,44.88,39.66,31.14,2016-11-10,-
2024-07-29,603556,XD海兴电,电网设备,39.784,40.324,38.554,39.884,40.02,2807900,111990283.60,0.5746,,,否,,,,,,否,488684040,488684040,19490674251.36,19490674251.36,,,,40.03,40.63,41.52,43.11,44.83,39.75,31.21,2016-11-10,-
2024-07-30,603556,XD海兴电,电网设备,39.814,39.874,38.334,39.194,39.88,2434000,95398196.00,0.4981,,,否,,,,,,否,488684040,488684040,19153482263.76,19153482263.76,,,,39.76,40.49,41.30,42.78,44.75,39.84,31.27,2016-11-10,-
2024-07-31,603556,XD海兴电,电网设备,38.874,41.264,38.534,40.824,39.19,3015200,123092524.80,0.6170,,,否,,,,,,否,488684040,488684040,19950037248.96,19950037248.96,,,,39.93,40.47,41.23,42.54,44.71,39.95,31.34,2016-11-10,-
2024-08-01,603556,XD海兴电,电网设备,41.074,41.484,39.974,40.224,40.82,2001300,80500291.20,0.4095,,,否,,,,,,否,488684040,488684040,19656826824.96,19656826824.96,,,,40.03,40.39,41.07,42.31,44.66,40.06,31.40,2016-11-10,-
2024-08-02,603556,XD海兴电,电网设备,39.994,40.004,38.924,39.234,40.22,2105600,82611110.40,0.4309,,,否,,,,,,否,488684040,488684040,19173029625.36,19173029625.36,,,,39.87,40.18,40.87,42.06,44.57,40.17,31.46,2016-11-10,-
2024-08-05,603556,XD海兴电,电网设备,38.864,39.654,38.314,38.364,39.23,2398900,92031399.60,0.4909,,,否,,,,,,否,488684040,488684040,18747874510.56,18747874510.56,,,,39.57,39.80,40.65,41.78,44.45,40.27,31.53,2016-11-10,-
2024-08-06,603556,XD海兴电,电网设备,38.684,39.084,38.074,38.614,38.36,1592800,61504379.20,0.3259,,,否,,,,,,否,488684040,488684040,18870045520.56,18870045520.56,,,,39.45,39.60,40.45,41.55,44.26,40.37,31.59,2016-11-10,-
2024-08-07,603556,XD海兴电,电网设备,38.614,40.074,38.574,39.424,38.61,2418500,95346944.00,0.4949,,,否,,,,,,否,488684040,488684040,19265879592.96,19265879592.96,,,,39.17,39.55,40.32,41.32,44.07,40.49,31.66,2016-11-10,-
2024-08-08,603556,XD海兴电,电网设备,39.144,39.674,38.314,39.284,39.42,1462600,57456778.40,0.2993,,,否,,,,,,否,488684040,488684040,19197463827.36,19197463827.36,,,,38.98,39.51,40.20,41.16,43.89,40.59,31.73,2016-11-10,-
2024-08-09,603556,XD海兴电,电网设备,39.274,40.374,39.234,39.404,39.28,1506600,59366066.40,0.3083,,,否,,,,,,否,488684040,488684040,19256105912.16,19256105912.16,,,,39.02,39.45,40.11,40.96,43.73,40.68,31.80,2016-11-10,-
2024-08-12,603556,XD海兴电,电网设备,39.514,41.034,38.644,40.254,39.40,2254900,90768744.60,0.4614,,,否,,,,,,否,488684040,488684040,19671487346.16,19671487346.16,,,,39.40,39.48,40.06,40.84,43.61,40.77,31.87,2016-11-10,-
2024-08-13,603556,XD海兴电,电网设备,39.814,41.544,39.814,40.944,40.25,2406900,98548113.60,0.4925,,,否,,,,,,否,488684040,488684040,20008679333.76,20008679333.76,,,,39.86,39.66,40.07,40.76,43.49,40.87,31.94,2016-11-10,-
2024-08-14,603556,XD海兴电,电网设备,40.494,41.184,40.084,40.174,40.94,1833300,73650994.20,0.3752,,,否,,,,,,否,488684040,488684040,19632392622.96,19632392622.96,,,,40.01,39.59,40.03,40.68,43.37,40.96,32.01,2016-11-10,-
2024-08-15,603556,XD海兴电,电网设备,39.774,40.834,39.334,39.854,40.17,1634000,65121436.00,0.3344,,,否,,,,,,否,488684040,488684040,19476013730.16,19476013730.16,,,,40.13,39.55,39.97,40.57,43.27,41.04,32.08,2016-11-10,-
2024-08-16,603556,XD海兴电,电网设备,39.864,40.074,39.404,39.604,39.85,891800,35318847.20,0.1825,,,否,,,,,,否,488684040,488684040,19353842720.16,19353842720.16,,,,40.17,39.59,39.89,40.44,43.17,41.13,32.15,2016-11-10,-
2024-08-19,603556,XD海兴电,电网设备,39.564,40.674,39.394,40.474,39.60,1653300,66915664.20,0.3383,,,否,,,,,,否,488684040,488684040,19778997834.96,19778997834.96,,,,40.21,39.80,39.80,40.37,43.07,41.21,32.22,2016-11-10,-
2024-08-20,603556,XD海兴电,电网设备,43.014,43.214,40.314,41.624,40.47,4098400,170591801.60,0.8387,,,否,,,,,,否,488684040,488684040,20340984480.96,20340984480.96,,,,40.35,40.10,39.85,40.33,42.97,41.31,32.30,2016-11-10,-
2024-08-21,603556,XD海兴电,电网设备,41.624,42.314,40.564,40.824,41.62,3109700,126950392.80,0.6363,,,否,,,,,,否,488684040,488684040,19950037248.96,19950037248.96,,,,40.48,40.24,39.90,40.29,42.86,41.39,32.37,2016-11-10,-
2024-08-22,603556,XD海兴电,电网设备,41.664,42.714,40.534,42.084,40.82,2622100,110348456.40,0.5366,,,否,,,,,,否,488684040,488684040,20565779139.36,20565779139.36,,,,40.92,40.52,40.02,40.31,42.76,41.50,32.45,2016-11-10,-
2024-08-23,603556,XD海兴电,电网设备,42.084,44.294,42.084,43.114,42.08,3698600,159461440.40,0.7568,,,否,,,,,,否,488684040,488684040,21069123700.56,21069123700.56,,,,41.62,40.89,40.17,40.37,42.69,41.60,32.54,2016-11-10,-
2024-08-26,603556,XD海兴电,电网设备,42.944,43.434,41.584,43.114,43.11,2940300,126768094.20,0.6017,,,否,,,,,,否,488684040,488684040,21069123700.56,21069123700.56,,,,42.15,41.18,40.33,40.43,42.67,41.68,32.62,2016-11-10,-
2024-08-27,603556,XD海兴电,电网设备,42.964,43.274,42.114,43.094,43.11,1518700,65446857.80,0.3108,,,否,,,,,,否,488684040,488684040,21059350019.76,21059350019.76,,,,42.45,41.40,40.53,40.51,42.62,41.75,32.71,2016-11-10,-
2024-08-28,603556,XD海兴电,电网设备,43.084,44.424,42.724,43.824,43.09,2085200,91381804.80,0.4267,,,否,,,,,,否,488684040,488684040,21416089368.96,21416089368.96,,,,43.05,41.76,40.68,40.61,42.58,41.82,32.80,2016-11-10,-
2024-08-29,603556,XD海兴电,电网设备,43.514,45.214,43.014,44.714,43.82,2488700,111279731.80,0.5093,,,否,,,,,,否,488684040,488684040,21851018164.56,21851018164.56,,,,43.57,42.25,40.90,40.73,42.56,41.90,32.89,2016-11-10,-
2024-08-30,603556,XD海兴电,电网设备,44.574,46.114,43.864,44.744,44.71,3877300,173485911.20,0.7934,,,否,,,,,,否,488684040,488684040,21865678685.76,21865678685.76,,,,43.90,42.76,41.18,40.84,42.53,41.98,32.98,2016-11-10,-
2024-09-02,603556,XD海兴电,电网设备,44.984,46.214,44.384,45.664,44.74,3258100,148777878.40,0.6667,,,否,,,,,,否,488684040,488684040,22315268002.56,22315268002.56,,,,44.41,43.28,41.54,40.96,42.53,42.06,33.07,2016-11-10,-
2024-09-03,603556,XD海兴电,电网设备,45.714,46.304,44.714,45.584,45.66,3365700,153422068.80,0.6887,,,否,,,,,,否,488684040,488684040,22276173279.36,22276173279.36,,,,44.91,43.68,41.89,41.13,42.53,42.15,33.17,2016-11-10,-
2024-09-04,603556,XD海兴电,电网设备,45.164,45.974,44.444,45.544,45.58,2087600,95077654.40,0.4272,,,否,,,,,,否,488684040,488684040,22256625917.76,22256625917.76,,,,45.25,44.15,42.20,41.31,42.53,42.24,33.26,2016-11-10,-
2024-09-05,603556,XD海兴电,电网设备,45.284,45.834,43.514,45.014,45.54,2740800,123374371.20,0.5609,,,否,,,,,,否,488684040,488684040,21997623376.56,21997623376.56,,,,45.31,44.44,42.48,41.49,42.52,42.32,33.35,2016-11-10,-
2024-09-06,603556,XD海兴电,电网设备,44.984,45.544,44.384,44.404,45.01,1307900,58075991.60,0.2676,,,否,,,,,,否,488684040,488684040,21699526112.16,21699526112.16,,,,45.24,44.57,42.73,41.64,42.49,42.40,33.44,2016-11-10,-
2024-09-09,603556,XD海兴电,电网设备,44.404,44.734,43.214,43.394,44.40,1955500,84856967.00,0.4002,,,否,,,,,,否,488684040,488684040,21205955231.76,21205955231.76,,,,44.79,44.60,42.89,41.75,42.43,42.46,33.53,2016-11-10,-
2024-09-10,603556,XD海兴电,电网设备,43.144,43.774,42.524,42.944,43.39,1525700,65519660.80,0.3122,,,否,,,,,,否,488684040,488684040,20986047413.76,20986047413.76,,,,44.26,44.58,42.99,41.88,42.33,42.52,33.61,2016-11-10,-
2024-09-11,603556,XD海兴电,电网设备,42.954,44.464,42.614,43.874,42.94,2081300,91314956.20,0.4259,,,否,,,,,,否,488684040,488684040,21440523570.96,21440523570.96,,,,43.93,44.59,43.17,41.98,42.26,42.59,33.69,2016-11-10,-
2024-09-12,603556,XD海兴电,电网设备,43.984,45.244,43.524,43.634,43.87,1992800,86953835.20,0.4078,,,否,,,,,,否,488684040,488684040,21323239401.36,21323239401.36,,,,43.65,44.48,43.36,42.09,42.20,42.67,33.77,2016-11-10,-
2024-09-13,603556,XD海兴电,电网设备,43.574,44.004,42.214,42.494,43.63,2067300,87847846.20,0.4230,,,否,,,,,,否,488684040,488684040,20766139595.76,20766139595.76,,,,43.27,44.26,43.51,42.20,42.13,42.75,33.85,2016-11-10,-
2024-09-18,603556,XD海兴电,电网设备,42.674,44.414,42.384,43.784,42.49,1754100,76801514.40,0.3589,,,否,,,,,,否,488684040,488684040,21396542007.36,21396542007.36,,,,43.35,44.07,43.67,42.38,42.08,42.84,33.94,2016-11-10,-
2024-09-19,603556,XD海兴电,电网设备,44.004,44.014,42.844,42.994,43.78,1720600,73975476.40,0.3521,,,否,,,,,,否,488684040,488684040,21010481615.76,21010481615.76,,,,43.36,43.81,43.74,42.53,42.04,42.90,34.02,2016-11-10,-
2024-09-20,603556,XD海兴电,电网设备,43.014,43.694,42.414,43.474,42.99,1890100,82170207.40,0.3868,,,否,,,,,,否,488684040,488684040,21245049954.96,21245049954.96,,,,43.28,43.60,43.87,42.66,41.99,42.98,34.10,2016-11-10,-
2024-09-23,603556,XD海兴电,电网设备,43.204,44.884,43.114,43.604,43.47,2118800,92388155.20,0.4336,,,否,,,,,,否,488684040,488684040,21308578880.16,21308578880.16,,,,43.27,43.46,43.95,42.81,41.99,43.07,34.19,2016-11-10,-
2024-09-24,603556,XD海兴电,电网设备,43.744,44.384,42.414,43.484,43.60,3053500,132778394.00,0.6248,,,否,,,,,,否,488684040,488684040,21249936795.36,21249936795.36,,,,43.47,43.37,43.97,42.94,41.95,43.15,34.27,2016-11-10,-
2024-09-25,603556,XD海兴电,电网设备,43.484,45.764,42.594,43.914,43.48,3518100,154493843.40,0.7199,,,否,,,,,,否,488684040,488684040,21460070932.56,21460070932.56,,,,43.49,43.42,44.01,43.07,41.95,43.23,34.35,2016-11-10,-
2024-09-26,603556,XD海兴电,电网设备,43.664,43.914,41.364,43.094,43.91,5927400,255435375.60,1.2129,,,否,,,,,,否,488684040,488684040,21059350019.76,21059350019.76,,,,43.51,43.44,44.01,43.14,41.95,43.31,34.43,2016-11-10,-
2024-09-27,603556,XD海兴电,电网设备,42.704,42.704,40.704,42.174,43.09,7260100,306187457.40,1.4856,,,否,,,,,,否,488684040,488684040,20609760702.96,20609760702.96,,,,43.25,43.27,43.93,43.20,41.94,43.37,34.51,2016-11-10,-
2024-09-30,603556,XD海兴电,电网设备,43.194,46.214,43.004,46.164,42.17,11195100,516810596.40,2.2909,,,否,,,,,,否,488684040,488684040,22559610022.56,22559610022.56,,,,43.77,43.52,44.00,43.41,41.99,43.47,34.61,2016-11-10,-
2024-10-08,603556,XD海兴电,电网设备,50.824,50.884,44.854,46.674,46.16,11206500,523052181.00,2.2932,,,否,,,,,,否,488684040,488684040,22808838882.96,22808838882.96,,,,44.40,43.94,44.10,43.65,42.05,43.56,34.71,2016-11-10,-
2024-10-09,603556,XD海兴电,电网设备,46.184,48.424,43.914,46.194,46.67,6865000,317121810.00,1.4048,,,否,,,,,,否,488684040,488684040,22574270543.76,22574270543.76,,,,44.86,44.18,44.12,43.84,42.11,43.66,34.80,2016-11-10,-
2024-10-10,603556,XD海兴电,电网设备,45.814,48.254,45.814,46.194,46.19,5441300,251355412.20,1.1135,,,否,,,,,,否,488684040,488684040,22574270543.76,22574270543.76,,,,45.48,44.50,44.15,43.99,42.16,43.76,34.90,2016-11-10,-
2024-10-11,603556,XD海兴电,电网设备,45.514,46.664,43.964,44.304,46.19,3788000,167823552.00,0.7751,,,否,,,,,,否,488684040,488684040,21650657708.16,21650657708.16,,,,45.91,44.58,44.09,44.11,42.20,43.82,34.99,2016-11-10,-
2024-10-14,603556,XD海兴电,电网设备,44.594,44.814,43.194,44.064,44.30,4229800,186381907.20,0.8655,,,否,,,,,,否,488684040,488684040,21533373538.56,21533373538.56,,,,45.49,44.63,44.04,44.18,42.24,43.86,35.08,2016-11-10,-
2024-10-15,603556,XD海兴电,电网设备,44.064,44.064,41.024,41.024,44.06,8183900,335736313.60,1.6747,,,否,,,,,,否,488684040,488684040,20047774056.96,20047774056.96,,,,44.36,44.38,43.87,44.11,42.24,43.88,35.15,2016-11-10,-
2024-10-16,603556,XD海兴电,电网设备,41.194,42.244,40.344,41.514,41.02,3495600,145116338.40,0.7153,,,否,,,,,,否,488684040,488684040,20287229236.56,20287229236.56,,,,43.42,44.14,43.78,44.05,42.24,43.87,35.23,2016-11-10,-
2024-10-17,603556,XD海兴电,电网设备,41.574,42.214,40.724,41.524,41.51,3439000,142801036.00,0.7037,,,否,,,,,,否,488684040,488684040,20292116076.96,20292116076.96,,,,42.49,43.98,43.71,44.00,42.26,43.82,35.30,2016-11-10,-
2024-10-18,603556,XD海兴电,电网设备,41.194,43.804,41.064,42.914,41.52,5395300,231533904.20,1.1040,,,否,,,,,,否,488684040,488684040,20971386892.56,20971386892.56,,,,42.21,44.06,43.66,43.97,42.29,43.79,35.38,2016-11-10,-
2024-10-21,603556,XD海兴电,电网设备,42.914,43.514,40.724,41.014,42.91,7332300,300726952.20,1.5004,,,否,,,,,,否,488684040,488684040,20042887216.56,20042887216.56,,,,41.60,43.54,43.53,43.85,42.29,43.74,35.45,2016-11-10,-
2024-10-22,603556,XD海兴电,电网设备,40.894,42.224,40.694,41.964,41.01,3890700,163269334.80,0.7962,,,否,,,,,,否,488684040,488684040,20507137054.56,20507137054.56,,,,41.79,43.07,43.50,43.75,42.30,43.69,35.53,2016-11-10,-
2024-10-23,603556,XD海兴电,电网设备,40.774,41.064,38.544,38.854,41.96,12938800,502724135.20,2.6477,,,否,,,,,,否,488684040,488684040,18987329690.16,18987329690.16,,,,41.25,42.34,43.26,43.53,42.24,43.65,35.59,2016-11-10,-
2024-10-24,603556,XD海兴电,电网设备,38.914,39.944,38.454,39.434,38.85,7087300,279480588.20,1.4503,,,否,,,,,,否,488684040,488684040,19270766433.36,19270766433.36,,,,40.84,41.66,43.08,43.32,42.23,43.62,35.66,2016-11-10,-
2024-10-25,603556,XD海兴电,电网设备,39.434,39.444,38.014,38.634,39.43,8259200,319085932.80,1.6901,,,否,,,,,,否,488684040,488684040,18879819201.36,18879819201.36,,,,39.98,41.09,42.84,43.09,42.20,43.58,35.73,2016-11-10,-
2024-10-28,603556,XD海兴电,电网设备,38.574,38.614,37.834,38.064,38.63,6719900,255786273.60,1.3751,,,否,,,,,,否,488684040,488684040,18601269298.56,18601269298.56,,,,39.39,40.49,42.56,42.86,42.18,43.54,35.80,2016-11-10,-
2024-10-29,603556,XD海兴电,电网设备,38.064,38.544,37.414,37.484,38.06,5909100,221496704.40,1.2092,,,否,,,,,,否,488684040,488684040,18317832555.36,18317832555.36,,,,38.49,40.14,42.26,42.63,42.13,43.51,35.86,2016-11-10,-
2024-10-30,603556,XD海兴电,电网设备,37.484,38.104,36.574,37.574,37.48,5693800,213938841.20,1.1651,,,否,,,,,,否,488684040,488684040,18361814118.96,18361814118.96,,,,38.24,39.75,41.94,42.44,42.09,43.46,35.93,2016-11-10,-
2024-10-31,603556,XD海兴电,电网设备,37.564,37.574,36.624,37.164,37.57,5207500,193531530.00,1.0656,,,否,,,,,,否,488684040,488684040,18161453662.56,18161453662.56,,,,37.78,39.31,41.65,42.24,42.06,43.41,36.00,2016-11-10,-
2024-11-01,603556,XD海兴电,电网设备,36.804,37.344,36.574,36.874,37.16,4799400,176973075.60,0.9821,,,否,,,,,,否,488684040,488684040,18019735290.96,18019735290.96,,,,37.43,38.71,41.38,42.01,41.99,43.35,36.06,2016-11-10,-
2024-11-04,603556,XD海兴电,电网设备,36.834,37.874,36.714,37.814,36.87,6613400,250079107.60,1.3533,,,否,,,,,,否,488684040,488684040,18479098288.56,18479098288.56,,,,37.38,38.39,40.96,41.82,41.95,43.31,36.14,2016-11-10,-
2024-11-05,603556,XD海兴电,电网设备,37.854,38.594,37.064,38.044,37.81,7151300,272064057.20,1.4634,,,否,,,,,,否,488684040,488684040,18591495617.76,18591495617.76,,,,37.49,37.99,40.53,41.67,41.93,43.25,36.21,2016-11-10,-
2024-11-06,603556,XD海兴电,电网设备,38.054,38.894,37.524,37.674,38.04,5635700,212319361.80,1.1532,,,否,,,,,,否,488684040,488684040,18410682522.96,18410682522.96,,,,37.51,37.88,40.11,41.46,41.92,43.19,36.28,2016-11-10,-
2024-11-07,603556,XD海兴电,电网设备,37.684,38.074,37.394,37.814,37.67,5088400,192412757.60,1.0412,,,否,,,,,,否,488684040,488684040,18479098288.56,18479098288.56,,,,37.64,37.71,39.69,41.29,41.91,43.08,36.35,2016-11-10,-
2024-11-08,603556,XD海兴电,电网设备,37.834,38.424,37.334,37.564,37.81,5400800,202875651.20,1.1052,,,否,,,,,,否,488684040,488684040,18356927278.56,18356927278.56,,,,37.78,37.61,39.35,41.09,41.88,42.97,36.42,2016-11-10,-
2024-11-11,603556,XD海兴电,电网设备,37.514,37.774,36.994,37.424,37.56,4389500,164272648.00,0.8982,,,否,,,,,,否,488684040,488684040,18288511512.96,18288511512.96,,,,37.70,37.54,39.02,40.89,41.85,42.87,36.50,2016-11-10,-
2024-11-12,603556,XD海兴电,电网设备,37.464,38.004,37.094,37.314,37.42,4905700,183051289.80,1.0039,,,否,,,,,,否,488684040,488684040,18234756268.56,18234756268.56,,,,37.56,37.53,38.83,40.68,41.81,42.77,36.56,2016-11-10,-
2024-11-13,603556,XD海兴电,电网设备,37.214,38.004,36.974,37.964,37.31,5774300,219215525.20,1.1816,,,否,,,,,,否,488684040,488684040,18552400894.56,18552400894.56,,,,37.62,37.57,38.66,40.48,41.77,42.69,36.63,2016-11-10,-
2024-11-14,603556,XD海兴电,电网设备,37.964,38.884,37.334,37.434,37.96,6171400,231020187.60,1.2629,,,否,,,,,,否,488684040,488684040,18293398353.36,18293398353.36,,,,37.54,37.59,38.45,40.30,41.72,42.60,36.70,2016-11-10,-
2024-11-15,603556,XD海兴电,电网设备,37.294,37.604,36.514,36.844,37.43,4266900,157209663.60,0.8731,,,否,,,,,,否,488684040,488684040,18005074769.76,18005074769.76,,,,37.40,37.59,38.15,40.12,41.66,42.52,36.77,2016-11-10,-
2024-11-18,603556,XD海兴电,电网设备,36.864,38.494,36.414,37.494,36.84,7505900,281426214.60,1.5359,,,否,,,,,,否,488684040,488684040,18322719395.76,18322719395.76,,,,37.41,37.56,37.97,39.83,41.62,42.44,36.84,2016-11-10,-
2024-11-19,603556,XD海兴电,电网设备,37.494,38.094,36.894,37.594,37.49,4482800,168526383.20,0.9173,,,否,,,,,,否,488684040,488684040,18371587799.76,18371587799.76,,,,37.47,37.51,37.75,39.53,41.59,42.38,36.90,2016-11-10,-
2024-11-20,603556,XD海兴电,电网设备,37.734,37.734,36.644,36.894,37.59,4955000,182809770.00,1.0139,,,否,,,,,,否,488684040,488684040,18029508971.76,18029508971.76,,,,37.25,37.43,37.66,39.22,41.53,42.30,36.97,2016-11-10,-
2024-11-21,603556,XD海兴电,电网设备,36.844,37.224,36.614,36.754,36.89,3081200,113246424.80,0.6305,,,否,,,,,,否,488684040,488684040,17961093206.16,17961093206.16,,,,37.12,37.33,37.52,38.90,41.45,42.21,37.03,2016-11-10,-
2024-11-22,603556,XD海兴电,电网设备,36.624,36.864,35.474,35.764,36.75,6080200,217452272.80,1.2442,,,否,,,,,,否,488684040,488684040,17477296006.56,17477296006.56,,,,36.90,37.15,37.38,38.62,41.36,42.11,37.09,2016-11-10,-
2024-11-25,603556,XD海兴电,电网设备,35.714,36.084,34.804,35.044,35.76,5131700,179835294.80,1.0501,,,否,,,,,,否,488684040,488684040,17125443497.76,17125443497.76,,,,36.41,36.91,37.23,38.32,41.25,42.00,37.14,2016-11-10,-
2024-11-26,603556,XD海兴电,电网设备,35.044,35.474,34.674,35.314,35.04,4755200,167925132.80,0.9731,,,否,,,,,,否,488684040,488684040,17257388188.56,17257388188.56,,,,35.95,36.71,37.12,38.13,41.12,41.90,37.20,2016-11-10,-
2024-11-27,603556,XD海兴电,电网设备,35.254,35.534,34.674,35.484,35.31,3757000,133313388.00,0.7688,,,否,,,,,,否,488684040,488684040,17340464475.36,17340464475.36,,,,35.67,36.46,37.01,37.92,40.99,41.83,37.25,2016-11-10,-
2024-11-28,603556,XD海兴电,电网设备,35.634,35.654,34.924,34.964,35.48,2383400,83333197.60,0.4877,,,否,,,,,,否,488684040,488684040,17086348774.56,17086348774.56,,,,35.31,36.22,36.90,37.71,40.85,41.74,37.31,2016-11-10,-
2024-11-29,603556,XD海兴电,电网设备,34.934,36.364,34.564,35.964,34.96,6330000,227652120.00,1.2953,,,否,,,,,,否,488684040,488684040,17575032814.56,17575032814.56,,,,35.35,36.13,36.86,37.47,40.72,41.65,37.37,2016-11-10,-
2024-12-02,603556,XD海兴电,电网设备,36.094,37.294,35.924,36.434,35.96,6183700,225296925.80,1.2654,,,否,,,,,,否,488684040,488684040,17804714313.36,17804714313.36,,,,35.63,36.02,36.79,37.32,40.58,41.57,37.42,2016-11-10,-
2024-12-03,603556,XD海兴电,电网设备,36.454,36.754,36.074,36.314,36.43,3047200,110656020.80,0.6236,,,否,,,,,,否,488684040,488684040,17746072228.56,17746072228.56,,,,35.83,35.89,36.70,37.13,40.44,41.49,37.48,2016-11-10,-
2024-12-04,603556,XD海兴电,电网设备,36.304,36.994,35.924,36.764,36.31,4595900,168963667.60,0.9405,,,否,,,,,,否,488684040,488684040,17965980046.56,17965980046.56,,,,36.09,35.88,36.66,37.06,40.30,41.41,37.54,2016-11-10,-
2024-12-05,603556,XD海兴电,电网设备,36.634,37.694,36.524,37.374,36.76,4821100,180183791.40,0.9865,,,否,,,,,,否,488684040,488684040,18264077310.96,18264077310.96,,,,36.57,35.94,36.64,36.99,40.16,41.35,37.61,2016-11-10,-
2024-12-06,603556,XD海兴电,电网设备,37.384,37.634,36.614,36.704,37.37,4258000,156285632.00,0.8713,,,否,,,,,,否,488684040,488684040,17936659004.16,17936659004.16,,,,36.72,36.04,36.59,36.93,40.01,41.27,37.67,2016-11-10,-
2024-12-09,603556,XD海兴电,电网设备,36.534,36.534,35.174,36.134,36.70,7543300,272569602.20,1.5436,,,否,,,,,,否,488684040,488684040,17658109101.36,17658109101.36,,,,36.66,36.14,36.53,36.87,39.86,41.19,37.72,2016-11-10,-
2024-12-10,603556,XD海兴电,电网设备,36.524,36.704,35.874,36.104,36.13,4185200,151102460.80,0.8564,,,否,,,,,,否,488684040,488684040,17643448580.16,17643448580.16,,,,36.62,36.22,36.47,36.82,39.72,41.11,37.77,2016-11-10,-
2024-12-11,603556,XD海兴电,电网设备,36.094,36.344,35.714,35.764,36.10,3858800,138006123.20,0.7896,,,否,,,,,,否,488684040,488684040,17477296006.56,17477296006.56,,,,36.42,36.25,36.36,36.76,39.60,41.01,37.82,2016-11-10,-
2024-12-12,603556,XD海兴电,电网设备,35.714,35.894,35.174,35.614,35.76,4343200,154678724.80,0.8888,,,否,,,,,,否,488684040,488684040,17403993400.56,17403993400.56,,,,36.06,36.32,36.27,36.71,39.48,40.90,37.87,2016-11-10,-
2024-12-13,603556,XD海兴电,电网设备,35.424,35.844,33.914,34.174,35.61,9554600,326518900.40,1.9552,,,否,,,,,,否,488684040,488684040,16700288382.96,16700288382.96,,,,35.56,36.14,36.13,36.62,39.31,40.79,37.91,2016-11-10,-
2024-12-16,603556,XD海兴电,电网设备,34.174,34.774,33.594,34.384,34.17,6124800,210595123.20,1.2533,,,否,,,,,,否,488684040,488684040,16802912031.36,16802912031.36,,,,35.21,35.93,35.98,36.50,39.16,40.68,37.96,2016-11-10,-
2024-12-17,603556,XD海兴电,电网设备,33.964,35.464,33.964,35.364,34.38,5668200,200450224.80,1.1599,,,否,,,,,,否,488684040,488684040,17281822390.56,17281822390.56,,,,35.06,35.84,35.87,36.41,39.04,40.59,38.01,2016-11-10,-
2024-12-18,603556,XD海兴电,电网设备,35.364,36.354,35.164,35.824,35.36,4982800,178503827.20,1.0196,,,否,,,,,,否,488684040,488684040,17506617048.96,17506617048.96,,,,35.07,35.74,35.81,36.35,38.91,40.49,38.06,2016-11-10,-
2024-12-19,603556,XD海兴电,电网设备,35.824,36.574,35.394,36.254,35.82,4036600,146342896.40,0.8260,,,否,,,,,,否,488684040,488684040,17716751186.16,17716751186.16,,,,35.20,35.63,35.79,36.30,38.80,40.42,38.11,2016-11-10,-
2024-12-20,603556,XD海兴电,电网设备,36.184,36.214,34.674,34.874,36.25,4701100,163946161.40,0.9620,,,否,,,,,,否,488684040,488684040,17042367210.96,17042367210.96,,,,35.34,35.45,35.74,36.21,38.65,40.32,38.15,2016-11-10,-
2024-12-23,603556,XD海兴电,电网设备,35.084,36.034,34.684,34.814,34.87,4457500,155183405.00,0.9121,,,否,,,,,,否,488684040,488684040,17013046168.56,17013046168.56,,,,35.43,35.32,35.73,36.12,38.51,40.25,38.20,2016-11-10,-
2024-12-24,603556,XD海兴电,电网设备,34.814,35.914,34.674,35.684,34.81,2645000,94384180.00,0.5412,,,否,,,,,,否,488684040,488684040,17438201283.36,17438201283.36,,,,35.49,35.27,35.75,36.07,38.38,40.16,38.24,2016-11-10,-
2024-12-25,603556,XD海兴电,电网设备,35.814,36.254,35.234,36.204,35.68,3101900,112301187.60,0.6347,,,否,,,,,,否,488684040,488684040,17692316984.16,17692316984.16,,,,35.57,35.32,35.79,36.01,38.25,40.10,38.29,2016-11-10,-
2024-12-26,603556,XD海兴电,电网设备,36.064,36.504,35.564,35.594,36.20,2960400,105372477.60,0.6058,,,否,,,,,,否,488684040,488684040,17394219719.76,17394219719.76,,,,35.43,35.32,35.82,35.95,38.12,40.03,38.33,2016-11-10,-
2024-12-27,603556,XD海兴电,电网设备,35.554,35.894,35.404,35.744,35.59,1920600,68649926.40,0.3930,,,否,,,,,,否,488684040,488684040,17467522325.76,17467522325.76,,,,35.61,35.47,35.81,35.91,38.02,39.98,38.37,2016-11-10,-
2024-12-30,603556,XD海兴电,电网设备,35.524,37.404,35.524,36.164,35.74,5156200,186468816.80,1.0551,,,否,,,,,,否,488684040,488684040,17672769622.56,17672769622.56,,,,35.88,35.65,35.79,35.87,37.85,39.92,38.41,2016-11-10,-
2024-12-31,603556,XD海兴电,电网设备,36.104,36.504,35.444,35.504,36.16,2956900,104981777.60,0.6051,,,否,,,,,,否,488684040,488684040,17350238156.16,17350238156.16,,,,35.84,35.67,35.75,35.80,37.66,39.85,38.45,2016-11-10,-
2025-01-02,603556,XD海兴电,电网设备,35.474,35.494,33.994,34.284,35.50,4110800,140934667.20,0.8412,,,否,,,,,,否,488684040,488684040,16754043627.36,16754043627.36,,,,35.46,35.51,35.63,35.71,37.46,39.78,38.49,2016-11-10,-
2025-01-03,603556,XD海兴电,电网设备,34.284,34.754,33.624,33.744,34.28,2539400,85689513.60,0.5196,,,否,,,,,,否,488684040,488684040,16490154245.76,16490154245.76,,,,35.09,35.26,35.45,35.61,37.26,39.71,38.52,2016-11-10,-
2025-01-06,603556,XD海兴电,电网设备,33.774,34.134,33.264,33.514,33.74,3282100,109996299.40,0.6716,,,否,,,,,,否,488684040,488684040,16377756916.56,16377756916.56,,,,34.64,35.12,35.29,35.54,37.08,39.64,38.55,2016-11-10,-
2025-01-07,603556,XD海兴电,电网设备,33.514,34.564,33.194,33.604,33.51,3016700,101373186.80,0.6173,,,否,,,,,,否,488684040,488684040,16421738480.16,16421738480.16,,,,34.13,35.00,35.16,35.49,36.90,39.57,38.59,2016-11-10,-
2025-01-08,603556,XD海兴电,电网设备,33.644,34.674,33.274,34.444,33.60,3622400,124769945.60,0.7413,,,否,,,,,,否,488684040,488684040,16832233073.76,16832233073.76,,,,33.92,34.88,35.08,35.46,36.79,39.52,38.62,2016-11-10,-
2025-01-09,603556,XD海兴电,电网设备,34.044,34.504,33.384,33.424,34.44,3054300,102086923.20,0.6250,,,否,,,,,,否,488684040,488684040,16333775352.96,16333775352.96,,,,33.75,34.60,34.96,35.39,36.66,39.45,38.65,2016-11-10,-
2025-01-10,603556,XD海兴电,电网设备,33.324,33.884,32.914,33.374,33.42,3192800,106556507.20,0.6533,,,否,,,,,,否,488684040,488684040,16309341150.96,16309341150.96,,,,33.67,34.38,34.85,35.34,36.52,39.39,38.69,2016-11-10,-
2025-01-13,603556,XD海兴电,电网设备,33.294,34.054,33.054,33.194,33.37,3462300,114927586.20,0.7085,,,否,,,,,,否,488684040,488684040,16221378023.76,16221378023.76,,,,33.61,34.12,34.80,35.25,36.36,39.32,38.71,2016-11-10,-
2025-01-14,603556,XD海兴电,电网设备,33.194,33.594,32.614,33.424,33.19,4188100,139983054.40,0.8570,,,否,,,,,,否,488684040,488684040,16333775352.96,16333775352.96,,,,33.57,33.85,34.75,35.15,36.23,39.26,38.74,2016-11-10,-
2025-01-15,603556,XD海兴电,电网设备,33.364,34.384,33.214,33.704,33.42,3379700,113909408.80,0.6916,,,否,,,,,,否,488684040,488684040,16470606884.16,16470606884.16,,,,33.42,33.67,34.67,35.06,36.10,39.20,38.77,2016-11-10,-
2025-01-16,603556,XD海兴电,电网设备,33.844,34.414,33.664,33.784,33.70,2447800,82696475.20,0.5009,,,否,,,,,,否,488684040,488684040,16509701607.36,16509701607.36,,,,33.50,33.62,34.57,34.96,36.01,39.13,38.79,2016-11-10,-
2025-01-17,603556,XD海兴电,电网设备,33.504,36.074,33.504,35.314,33.78,5523100,195042753.40,1.1302,,,否,,,,,,否,488684040,488684040,17257388188.56,17257388188.56,,,,33.88,33.78,34.52,34.89,35.94,39.08,38.83,2016-11-10,-
2025-01-20,603556,XD海兴电,电网设备,35.314,36.674,35.314,35.864,35.31,4050800,145277891.20,0.8289,,,否,,,,,,否,488684040,488684040,17526164410.56,17526164410.56,,,,34.42,34.01,34.57,34.86,35.90,39.05,38.86,2016-11-10,-
2025-01-21,603556,XD海兴电,电网设备,35.874,36.674,35.364,36.604,35.86,3403000,124563412.00,0.6964,,,否,,,,,,否,488684040,488684040,17887790600.16,17887790600.16,,,,35.05,34.31,34.66,34.88,35.87,39.02,38.90,2016-11-10,-
2025-01-22,603556,XD海兴电,电网设备,36.514,37.124,35.864,35.934,36.60,2561300,92037754.20,0.5241,,,否,,,,,,否,488684040,488684040,17560372293.36,17560372293.36,,,,35.50,34.46,34.67,34.87,35.85,38.99,38.93,2016-11-10,-
2025-01-23,603556,XD海兴电,电网设备,36.124,36.234,35.474,35.704,35.93,2294300,81915687.20,0.4695,,,否,,,,,,否,488684040,488684040,17447974964.16,17447974964.16,,,,35.88,34.69,34.65,34.87,35.82,38.95,38.96,2016-11-10,-
2025-01-24,603556,XD海兴电,电网设备,35.794,36.714,35.444,36.554,35.70,2995600,109501162.40,0.6130,,,否,,,,,,否,488684040,488684040,17863356398.16,17863356398.16,,,,36.13,35.01,34.69,34.90,35.80,38.93,38.99,2016-11-10,-
2025-01-27,603556,XD海兴电,电网设备,36.554,37.014,36.314,36.364,36.55,1918900,69778879.60,0.3927,,,否,,,,,,否,488684040,488684040,17770506430.56,17770506430.56,,,,36.23,35.33,34.73,34.97,35.80,38.90,39.02,2016-11-10,-
2025-02-05,603556,XD海兴电,电网设备,35.864,36.364,34.714,34.814,36.36,2924300,101806580.20,0.5984,,,否,,,,,,否,488684040,488684040,17013046168.56,17013046168.56,,,,35.87,35.46,34.66,34.99,35.75,38.85,39.04,2016-11-10,-
2025-02-06,603556,XD海兴电,电网设备,34.694,35.044,34.394,34.854,34.81,2324800,81028579.20,0.4757,,,否,,,,,,否,488684040,488684040,17032593530.16,17032593530.16,,,,35.66,35.58,34.62,34.97,35.69,38.81,39.05,2016-11-10,-
2025-02-07,603556,XD海兴电,电网设备,34.504,35.224,34.164,34.324,34.85,3959300,135899013.20,0.8102,,,否,,,,,,否,488684040,488684040,16773590988.96,16773590988.96,,,,35.38,35.63,34.63,34.92,35.64,38.78,39.07,2016-11-10,-
2025-02-10,603556,XD海兴电,电网设备,34.324,34.444,33.524,33.694,34.32,5630100,189700589.40,1.1521,,,否,,,,,,否,488684040,488684040,16465720043.76,16465720043.76,,,,34.81,35.47,34.62,34.84,35.57,38.74,39.08,2016-11-10,-
2025-02-11,603556,XD海兴电,电网设备,33.694,33.814,33.054,33.664,33.69,4315200,145266892.80,0.8830,,,否,,,,,,否,488684040,488684040,16451059522.56,16451059522.56,,,,34.27,35.25,34.63,34.80,35.50,38.69,39.10,2016-11-10,-
2025-02-12,603556,XD海兴电,电网设备,33.664,33.674,33.034,33.414,33.66,2900000,96900600.00,0.5934,,,否,,,,,,否,488684040,488684040,16328888512.56,16328888512.56,,,,33.99,34.93,34.62,34.75,35.44,38.64,39.12,2016-11-10,-
2025-02-13,603556,XD海兴电,电网设备,33.254,33.434,32.764,32.794,33.41,5683400,186381419.60,1.1630,,,否,,,,,,否,488684040,488684040,16025904407.76,16025904407.76,,,,33.58,34.62,34.54,34.65,35.36,38.59,39.14,2016-11-10,-
2025-02-14,603556,XD海兴电,电网设备,32.794,33.174,32.654,32.844,32.79,3641200,119591572.80,0.7451,,,否,,,,,,否,488684040,488684040,16050338609.76,16050338609.76,,,,33.28,34.33,34.51,34.54,35.28,38.53,39.15,2016-11-10,-
2025-02-17,603556,XD海兴电,电网设备,32.924,32.974,31.874,32.164,32.84,6012400,193382833.60,1.2303,,,否,,,,,,否,488684040,488684040,15718033462.56,15718033462.56,,,,32.98,33.89,34.45,34.43,35.19,38.45,39.17,2016-11-10,-
2025-02-18,603556,XD海兴电,电网设备,32.174,33.094,32.024,32.364,32.16,5423400,175522917.60,1.1098,,,否,,,,,,否,488684040,488684040,15815770270.56,15815770270.56,,,,32.72,33.49,34.41,34.31,35.11,38.39,39.18,2016-11-10,-
2025-02-19,603556,XD海兴电,电网设备,32.324,32.324,31.394,31.664,32.36,7294100,230960382.40,1.4926,,,否,,,,,,否,488684040,488684040,15473691442.56,15473691442.56,,,,32.37,33.18,34.32,34.16,35.02,38.32,39.20,2016-11-10,-
2025-02-20,603556,XD海兴电,电网设备,31.714,31.714,31.024,31.114,31.66,6040000,187928560.00,1.2360,,,否,,,,,,否,488684040,488684040,15204915220.56,15204915220.56,,,,32.03,32.80,34.19,34.02,34.91,38.25,39.22,2016-11-10,-
2025-02-21,603556,XD海兴电,电网设备,31.014,31.414,30.874,31.114,31.11,4349200,135321008.80,0.8900,,,否,,,,,,否,488684040,488684040,15204915220.56,15204915220.56,,,,31.68,32.48,34.06,33.91,34.81,38.17,39.24,2016-11-10,-
2025-02-24,603556,XD海兴电,电网设备,31.064,31.194,30.584,30.734,31.11,5130400,157677713.60,1.0498,,,否,,,,,,否,488684040,488684040,15019215285.36,15019215285.36,,,,31.40,32.19,33.83,33.81,34.71,38.08,39.26,2016-11-10,-
2025-02-25,603556,XD海兴电,电网设备,30.584,30.594,30.024,30.144,30.73,5170100,155847494.40,1.0580,,,否,,,,,,否,488684040,488684040,14730891701.76,14730891701.76,,,,30.95,31.84,33.54,33.70,34.62,37.99,39.28,2016-11-10,-
2025-02-26,603556,XD海兴电,电网设备,30.114,30.414,29.964,30.114,30.14,4745900,142918032.60,0.9712,,,否,,,,,,否,488684040,488684040,14716231180.56,14716231180.56,,,,30.64,31.51,33.22,33.58,34.54,37.89,39.29,2016-11-10,-
2025-02-27,603556,XD海兴电,电网设备,30.234,30.584,30.034,30.474,30.11,4794100,146095403.40,0.9810,,,否,,,,,,否,488684040,488684040,14892157434.96,14892157434.96,,,,30.52,31.27,32.95,33.45,34.46,37.79,39.30,2016-11-10,-
2025-02-28,603556,XD海兴电,电网设备,30.334,30.984,30.194,30.694,30.47,6289000,193034566.00,1.2869,,,否,,,,,,否,488684040,488684040,14999667923.76,14999667923.76,,,,30.43,31.06,32.70,33.36,34.38,37.68,39.31,2016-11-10,-
2025-03-03,603556,XD海兴电,电网设备,30.764,31.104,30.214,30.434,30.69,7321400,222819487.60,1.4982,,,否,,,,,,否,488684040,488684040,14872610073.36,14872610073.36,,,,30.37,30.89,32.39,33.26,34.30,37.58,39.31,2016-11-10,-
2025-03-04,603556,XD海兴电,电网设备,30.634,33.024,30.614,31.524,30.43,12301000,387776724.00,2.5172,,,否,,,,,,否,488684040,488684040,15405275676.96,15405275676.96,,,,30.65,30.80,32.15,33.21,34.23,37.47,39.32,2016-11-10,-
2025-03-05,603556,XD海兴电,电网设备,31.504,32.074,31.144,31.674,31.52,5510800,174549079.20,1.1277,,,否,,,,,,否,488684040,488684040,15478578282.96,15478578282.96,,,,30.96,30.80,31.99,33.15,34.15,37.37,39.33,2016-11-10,-
2025-03-06,603556,XD海兴电,电网设备,31.724,31.844,31.474,31.574,31.67,4504400,142221925.60,0.9217,,,否,,,,,,否,488684040,488684040,15429709878.96,15429709878.96,,,,31.18,30.85,31.83,33.08,34.07,37.26,39.33,2016-11-10,-
2025-03-07,603556,XD海兴电,电网设备,31.584,31.584,30.784,30.894,31.57,4386200,135507262.80,0.8976,,,否,,,,,,否,488684040,488684040,15097404731.76,15097404731.76,,,,31.22,30.83,31.65,32.98,33.97,37.13,39.34,2016-11-10,-
2025-03-10,603556,XD海兴电,电网设备,30.634,31.164,30.514,31.084,30.89,3749900,116561891.60,0.7673,,,否,,,,,,否,488684040,488684040,15190254699.36,15190254699.36,,,,31.35,30.86,31.52,32.84,33.87,37.01,39.34,2016-11-10,-
2025-03-11,603556,XD海兴电,电网设备,30.724,31.084,30.714,31.074,31.08,2233300,69397564.20,0.4570,,,否,,,,,,否,488684040,488684040,15185367858.96,15185367858.96,,,,31.26,30.95,31.39,32.68,33.77,36.89,39.34,2016-11-10,-
2025-03-12,603556,XD海兴电,电网设备,31.124,31.144,30.014,30.344,31.07,9111300,276473287.20,1.8737,,,否,,,,,,否,486264170,486264170,14755199974.48,14755199974.48,,,,30.99,30.98,31.24,32.47,33.67,36.77,39.35,2016-11-10,-
2025-03-13,603556,XD海兴电,电网设备,30.284,30.394,29.144,29.394,30.34,8821600,259302110.40,1.8142,,,否,,,,,,否,486264170,486264170,14293249012.98,14293249012.98,,,,30.56,30.87,31.07,32.25,33.56,36.64,39.34,2016-11-10,-
2025-03-14,603556,XD海兴电,电网设备,29.394,29.904,29.174,29.884,29.39,6011500,179647666.00,1.2363,,,否,,,,,,否,486264170,486264170,14531518456.28,14531518456.28,,,,30.36,30.79,30.92,32.06,33.46,36.53,39.33,2016-11-10,-
2025-03-17,603556,XD海兴电,电网设备,30.594,31.514,30.254,30.264,29.88,6861600,207659462.40,1.4111,,,否,,,,,,否,486264170,486264170,14716298840.88,14716298840.88,,,,30.19,30.77,30.83,31.85,33.38,36.43,39.31,2016-11-10,-
2025-03-18,603556,XD海兴电,电网设备,30.264,31.624,30.174,31.584,30.26,11200400,353753433.60,2.3034,,,否,,,,,,否,486264170,486264170,15358167545.28,15358167545.28,,,,30.29,30.78,30.79,31.69,33.33,36.32,39.29,2016-11-10,-
2025-03-19,603556,XD海兴电,电网设备,31.594,32.084,31.214,31.704,31.58,6433800,203977195.20,1.3231,,,否,,,,,,否,486264170,486264170,15416519245.68,15416519245.68,,,,30.57,30.78,30.79,31.59,33.29,36.22,39.28,2016-11-10,-
2025-03-20,603556,XD海兴电,电网设备,31.514,32.214,31.274,31.454,31.70,6101500,191916581.00,1.2548,,,否,,,,,,否,486264170,486264170,15294953203.18,15294953203.18,,,,30.98,30.77,30.81,31.47,33.22,36.13,39.26,2016-11-10,-
2025-03-21,603556,XD海兴电,电网设备,31.374,32.034,31.294,31.424,31.45,4268300,134127059.20,0.8778,,,否,,,,,,否,486264170,486264170,15280365278.08,15280365278.08,,,,31.29,30.82,30.82,31.38,33.15,36.03,39.25,2016-11-10,-
2025-03-24,603556,XD海兴电,电网设备,31.494,32.514,31.434,32.264,31.42,8593800,277270363.20,1.7673,,,否,,,,,,否,486264170,486264170,15688827180.88,15688827180.88,,,,31.69,30.94,30.90,31.33,33.08,35.94,39.23,2016-11-10,-
2025-03-25,603556,XD海兴电,电网设备,32.264,32.414,31.414,31.554,32.26,4726100,149127359.40,0.9719,,,否,,,,,,否,486264170,486264170,15343579620.18,15343579620.18,,,,31.68,30.99,30.97,31.26,33.03,35.84,39.22,2016-11-10,-
2025-03-26,603556,XD海兴电,电网设备,31.564,32.394,31.394,32.284,31.55,5363700,173161690.80,1.1030,,,否,,,,,,否,486264170,486264170,15698552464.28,15698552464.28,,,,31.80,31.18,31.08,31.22,32.99,35.75,39.21,2016-11-10,-
2025-03-27,603556,XD海兴电,电网设备,32.024,32.634,31.914,32.104,32.28,5153900,165460805.60,1.0599,,,否,,,,,,否,486264170,486264170,15611024913.68,15611024913.68,,,,31.93,31.45,31.16,31.20,32.93,35.65,39.20,2016-11-10,-
2025-03-28,603556,XD海兴电,电网设备,31.964,32.994,31.964,32.604,32.10,6074600,198056258.40,1.2492,,,否,,,,,,否,486264170,486264170,15854156998.68,15854156998.68,,,,32.16,31.72,31.26,31.19,32.87,35.56,39.19,2016-11-10,-
2025-03-31,603556,XD海兴电,电网设备,32.304,33.714,32.274,32.674,32.60,9405500,307315307.00,1.9342,,,否,,,,,,否,486264170,486264170,15888195490.58,15888195490.58,,,,32.24,31.96,31.37,31.21,32.82,35.47,39.17,2016-11-10,-
2025-04-01,603556,XD海兴电,电网设备,32.664,33.594,32.294,32.774,32.67,5944700,194831597.80,1.2225,,,否,,,,,,否,486264170,486264170,15936821907.58,15936821907.58,,,,32.49,32.08,31.43,31.22,32.77,35.39,39.16,2016-11-10,-
2025-04-02,603556,XD海兴电,电网设备,32.774,33.074,32.484,32.984,32.77,3421900,112867949.60,0.7037,,,否,,,,,,否,486264170,486264170,16038937383.28,16038937383.28,,,,32.63,32.21,31.50,31.26,32.71,35.28,39.16,2016-11-10,-
2025-04-03,603556,XD海兴电,电网设备,32.504,32.694,31.764,32.374,32.98,4754200,153912470.80,0.9777,,,否,,,,,,否,486264170,486264170,15742316239.58,15742316239.58,,,,32.68,32.30,31.54,31.31,32.66,35.16,39.16,2016-11-10,-
2025-04-07,603556,XD海兴电,电网设备,29.534,31.144,28.984,28.984,32.37,5646600,163661054.40,1.1612,,,否,,,,,,否,486264170,486264170,14093880703.28,14093880703.28,,,,31.96,32.06,31.44,31.24,32.57,35.02,39.14,2016-11-10,-
2025-04-08,603556,XD海兴电,电网设备,28.854,29.934,28.594,29.874,28.98,5407300,161537680.20,1.1120,,,否,,,,,,否,486264170,486264170,14526655814.58,14526655814.58,,,,31.40,31.82,31.38,31.21,32.51,34.88,39.12,2016-11-10,-
2025-04-09,603556,XD海兴电,电网设备,29.814,30.694,29.284,29.534,29.87,6205000,183258470.00,1.2761,,,否,,,,,,否,486264170,486264170,14361325996.78,14361325996.78,,,,30.75,31.62,31.30,31.19,32.44,34.76,39.10,2016-11-10,-
2025-04-10,603556,XD海兴电,电网设备,30.114,31.754,29.964,30.714,29.53,6093700,187161901.80,1.2532,,,否,,,,,,否,486264170,486264170,14935117717.38,14935117717.38,,,,30.30,31.46,31.32,31.21,32.40,34.65,39.09,2016-11-10,-
2025-04-11,603556,XD海兴电,电网设备,30.714,30.714,29.984,30.334,30.71,3751800,113807101.20,0.7716,,,否,,,,,,否,486264170,486264170,14750337332.78,14750337332.78,,,,29.89,31.28,31.37,31.20,32.33,34.56,39.08,2016-11-10,-
2025-04-14,603556,XD海兴电,电网设备,30.554,31.694,30.314,31.114,30.33,4757900,148037300.60,0.9785,,,否,,,,,,否,486264170,486264170,15129623385.38,15129623385.38,,,,30.31,31.14,31.43,31.22,32.29,34.47,39.06,2016-11-10,-
2025-04-15,603556,XD海兴电,电网设备,31.224,31.664,30.944,31.384,31.11,2617800,82157035.20,0.5383,,,否,,,,,,否,486264170,486264170,15260914711.28,15260914711.28,,,,30.62,31.01,31.49,31.25,32.25,34.39,39.05,2016-11-10,-
2025-04-16,603556,XD海兴电,电网设备,31.124,31.264,30.414,30.634,31.38,2932500,89834205.00,0.6031,,,否,,,,,,否,486264170,486264170,14896216583.78,14896216583.78,,,,30.84,30.79,31.44,31.22,32.21,34.29,39.04,2016-11-10,-
2025-04-17,603556,XD海兴电,电网设备,30.574,30.954,30.404,30.644,30.63,1718400,52658649.60,0.3534,,,否,,,,,,否,486264170,486264170,14901079225.48,14901079225.48,,,,30.82,30.56,31.39,31.18,32.17,34.20,39.02,2016-11-10,-
2025-04-18,603556,XD海兴电,电网设备,30.664,30.954,30.534,30.614,30.64,1555700,47626199.80,0.3199,,,否,,,,,,否,486264170,486264170,14886491300.38,14886491300.38,,,,30.88,30.38,31.34,31.15,32.11,34.10,39.00,2016-11-10,-
2025-04-21,603556,XD海兴电,电网设备,30.784,31.584,30.424,31.414,30.61,3426700,107646353.80,0.7047,,,否,,,,,,否,486264170,486264170,15275502636.38,15275502636.38,,,,30.94,30.63,31.34,31.17,32.07,34.04,38.99,2016-11-10,-
2025-04-22,603556,XD海兴电,电网设备,29.964,29.964,28.124,28.664,31.41,12183600,349230710.40,2.5056,,,否,,,,,,否,486264170,486264170,13938276168.88,13938276168.88,,,,30.39,30.51,31.16,31.09,31.96,33.95,38.97,2016-11-10,-
2025-04-23,603556,XD海兴电,电网设备,28.314,28.804,27.914,28.604,28.66,6527600,186715470.40,1.3424,,,否,,,,,,否,486264170,486264170,13909100318.68,13909100318.68,,,,29.99,30.41,31.02,31.01,31.84,33.87,38.93,2016-11-10,-
2025-04-24,603556,XD海兴电,电网设备,28.314,28.554,27.774,27.774,28.60,4764200,132320890.80,0.9798,,,否,,,,,,否,486264170,486264170,13505501057.58,13505501057.58,,,,29.41,30.12,30.79,30.92,31.70,33.78,38.89,2016-11-10,-
2025-04-25,603556,XD海兴电,电网设备,27.784,27.894,27.124,27.374,27.77,3935700,107735851.80,0.8094,,,否,,,,,,否,486264170,486264170,13310995389.58,13310995389.58,,,,28.77,29.82,30.55,30.85,31.55,33.70,38.84,2016-11-10,-
2025-04-28,603556,XD海兴电,电网设备,27.394,27.664,27.224,27.304,27.37,2251300,61469495.20,0.4630,,,否,,,,,,否,486264170,486264170,13276956897.68,13276956897.68,,,,27.94,29.44,30.29,30.77,31.41,33.61,38.78,2016-11-10,-
2025-04-29,603556,XD海兴电,电网设备,27.444,28.004,26.874,27.894,27.30,5544400,154655493.60,1.1402,,,否,,,,,,否,486264170,486264170,13563852757.98,13563852757.98,,,,27.79,29.09,30.05,30.69,31.27,33.54,38.71,2016-11-10,-
2025-04-30,603556,XD海兴电,电网设备,27.114,27.114,24.954,24.954,27.89,17761400,443217975.60,3.6526,,,否,,,,,,否,486264170,486264170,12134236098.18,12134236098.18,,,,27.06,28.52,29.66,30.47,31.08,33.44,38.62,2016-11-10,-
2025-05-06,603556,XD海兴电,电网设备,24.584,25.254,24.514,25.244,24.95,6994300,176564109.20,1.4384,,,否,,,,,,否,486264170,486264170,12275252707.48,12275252707.48,,,,26.55,27.98,29.27,30.25,30.92,33.33,38.53,2016-11-10,-
2025-05-07,603556,XD海兴电,电网设备,25.364,25.834,25.024,25.214,25.24,7830600,197440748.40,1.6104,,,否,,,,,,否,486264170,486264170,12260664782.38,12260664782.38,,,,26.12,27.44,28.91,30.04,30.76,33.23,38.44,2016-11-10,-
2025-05-08,603556,XD海兴电,电网设备,25.064,25.494,25.064,25.434,25.21,5722100,145535891.40,1.1767,,,否,,,,,,否,486264170,486264170,12367642899.78,12367642899.78,,,,25.75,26.85,28.74,29.84,30.61,33.12,38.37,2016-11-10,-
2025-05-09,603556,XD海兴电,电网设备,25.434,25.554,25.044,25.524,25.43,5656200,144368848.80,1.1632,,,否,,,,,,否,486264170,486264170,12411406675.08,12411406675.08,,,,25.27,26.53,28.52,29.62,30.47,33.02,38.30,2016-11-10,-
2025-05-12,603556,XD海兴电,电网设备,25.614,26.174,25.614,25.884,25.52,5895000,152586180.00,1.2123,,,否,,,,,,否,486264170,486264170,12586461776.28,12586461776.28,,,,25.46,26.26,28.34,29.43,30.34,32.92,38.23,2016-11-10,-
2025-05-13,603556,XD海兴电,电网设备,26.114,26.114,25.724,25.784,25.88,4619800,119116923.20,0.9501,,,否,,,,,,否,486264170,486264170,12537835359.28,12537835359.28,,,,25.57,26.06,28.09,29.21,30.22,32.83,38.16,2016-11-10,-
2025-05-14,603556,XD海兴电,电网设备,25.784,25.784,25.424,25.644,25.78,4054300,103968469.20,0.8338,,,否,,,,,,否,486264170,486264170,12469758375.48,12469758375.48,,,,25.65,25.89,27.86,29.00,30.10,32.73,38.09,2016-11-10,-
2025-05-15,603556,XD海兴电,电网设备,25.544,25.604,25.274,25.344,25.64,3309900,83886105.60,0.6807,,,否,,,,,,否,486264170,486264170,12323879124.48,12323879124.48,,,,25.64,25.69,27.57,28.76,29.97,32.62,38.02,2016-11-10,-
2025-05-16,603556,XD海兴电,电网设备,25.284,25.504,25.274,25.324,25.34,2424100,61387908.40,0.4985,,,否,,,,,,否,486264170,486264170,12314153841.08,12314153841.08,,,,25.60,25.43,27.26,28.51,29.86,32.52,37.95,2016-11-10,-
2025-05-19,603556,XD海兴电,电网设备,25.334,25.434,25.124,25.404,25.32,2615300,66439081.20,0.5378,,,否,,,,,,否,486264170,486264170,12353054974.68,12353054974.68,,,,25.50,25.48,27.00,28.27,29.74,32.43,37.88,2016-11-10,-
2025-05-20,603556,XD海兴电,电网设备,25.384,25.554,25.214,25.494,25.40,2867800,73111693.20,0.5898,,,否,,,,,,否,486264170,486264170,12396818749.98,12396818749.98,,,,25.44,25.51,26.74,28.02,29.64,32.33,37.81,2016-11-10,-
2025-05-21,603556,XD海兴电,电网设备,25.514,25.754,25.354,25.404,25.49,3503400,89000373.60,0.7205,,,否,,,,,,否,486264170,486264170,12353054974.68,12353054974.68,,,,25.39,25.52,26.48,27.78,29.55,32.23,37.73,2016-11-10,-
2025-05-22,603556,XD海兴电,电网设备,25.394,25.474,25.134,25.154,25.40,3202400,80553169.60,0.6586,,,否,,,,,,否,486264170,486264170,12231488932.18,12231488932.18,,,,25.36,25.50,26.17,27.66,29.45,32.13,37.65,2016-11-10,-
2025-05-23,603556,XD海兴电,电网设备,25.154,25.214,24.714,24.764,25.15,3936200,97476056.80,0.8095,,,否,,,,,,否,486264170,486264170,12041845905.88,12041845905.88,,,,25.24,25.42,25.98,27.49,29.35,32.03,37.55,2016-11-10,-
2025-05-26,603556,XD海兴电,电网设备,24.774,24.814,24.404,24.494,24.76,3749900,91850050.60,0.7712,,,否,,,,,,否,486264170,486264170,11910554579.98,11910554579.98,,,,25.06,25.28,25.77,27.32,29.25,31.94,37.44,2016-11-10,-
2025-05-27,603556,XD海兴电,电网设备,24.644,25.694,24.584,25.334,24.49,7589600,192274926.40,1.5608,,,否,,,,,,否,486264170,486264170,12319016482.78,12319016482.78,,,,25.03,25.24,25.65,27.14,29.17,31.85,37.34,2016-11-10,-
2025-05-28,603556,XD海兴电,电网设备,25.344,25.894,25.034,25.494,25.33,6246200,159240622.80,1.2845,,,否,,,,,,否,486264170,486264170,12396818749.98,12396818749.98,,,,25.05,25.22,25.55,26.98,29.09,31.77,37.25,2016-11-10,-
2025-05-29,603556,XD海兴电,电网设备,25.534,25.814,25.494,25.804,25.49,4985500,128645842.00,1.0253,,,否,,,,,,否,486264170,486264170,12547560642.68,12547560642.68,,,,25.18,25.27,25.48,26.80,29.01,31.69,37.16,2016-11-10,-
2025-05-30,603556,XD海兴电,电网设备,25.824,25.834,25.374,25.484,25.80,3855700,98258658.80,0.7929,,,否,,,,,,否,486264170,486264170,12391956108.28,12391956108.28,,,,25.32,25.28,25.36,26.60,28.93,31.61,37.07,2016-11-10,-
2025-06-03,603556,XD海兴电,电网设备,25.364,25.394,24.844,24.924,25.48,3716500,92630046.00,0.7643,,,否,,,,,,否,486264170,486264170,12119648173.08,12119648173.08,,,,25.41,25.23,25.36,26.41,28.82,31.52,36.98,2016-11-10,-
2025-06-04,603556,XD海兴电,电网设备,25.014,25.244,24.984,25.034,24.92,2657900,66537868.60,0.5466,,,否,,,,,,否,486264170,486264170,12173137231.78,12173137231.78,,,,25.35,25.19,25.35,26.23,28.70,31.43,36.90,2016-11-10,-
2025-06-05,603556,XD海兴电,电网设备,25.014,25.194,24.994,25.164,25.03,2552800,64238659.20,0.5250,,,否,,,,,,否,486264170,486264170,12236351573.88,12236351573.88,,,,25.28,25.16,25.34,26.04,28.60,31.33,36.82,2016-11-10,-
2025-06-06,603556,XD海兴电,电网设备,25.074,25.174,24.974,25.074,25.16,1588600,39832556.40,0.3267,,,否,,,,,,否,486264170,486264170,12192587798.58,12192587798.58,,,,25.14,25.16,25.33,25.83,28.50,31.24,36.73,2016-11-10,-
2025-06-09,603556,XD海兴电,电网设备,25.064,25.314,25.054,25.304,25.07,2323200,58786252.80,0.4778,,,否,,,,,,否,486264170,486264170,12304428557.68,12304428557.68,,,,25.10,25.21,25.32,25.72,28.40,31.13,36.64,2016-11-10,-
2025-06-10,603556,XD海兴电,电网设备,25.304,25.344,24.764,24.934,25.30,3412100,85077301.40,0.7017,,,否,,,,,,否,486264170,486264170,12124510814.78,12124510814.78,,,,25.10,25.25,25.27,25.60,28.30,31.04,36.55,2016-11-10,-
2025-06-11,603556,XD海兴电,电网设备,24.984,25.264,24.884,25.114,24.93,2570800,64563071.20,0.5287,,,否,,,,,,否,486264170,486264170,12212038365.38,12212038365.38,,,,25.12,25.23,25.23,25.51,28.22,30.94,36.46,2016-11-10,-
2025-06-12,603556,XD海兴电,电网设备,25.114,25.144,24.934,24.934,25.11,2225300,55485630.20,0.4576,,,否,,,,,,否,486264170,486264170,12124510814.78,12124510814.78,,,,25.07,25.18,25.20,25.43,28.14,30.85,36.37,2016-11-10,-
2025-06-13,603556,XD海兴电,电网设备,24.944,25.044,24.604,24.634,24.93,3080000,75872720.00,0.6334,,,否,,,,,,否,486264170,486264170,11978631563.78,11978631563.78,,,,24.98,25.06,25.16,25.34,28.05,30.76,36.29,2016-11-10,-
2025-06-16,603556,XD海兴电,电网设备,24.624,24.624,24.394,24.454,24.63,3034000,74193436.00,0.6239,,,否,,,,,,否,486264170,486264170,11891104013.18,11891104013.18,,,,24.81,24.96,25.12,25.23,27.96,30.67,36.21,2016-11-10,-
2025-06-17,603556,XD海兴电,电网设备,24.504,24.744,24.394,24.464,24.45,2025400,49549385.60,0.4165,,,否,,,,,,否,486264170,486264170,11895966654.88,11895966654.88,,,,24.72,24.91,25.07,25.21,27.84,30.59,36.12,2016-11-10,-
2025-06-18,603556,XD海兴电,电网设备,24.504,24.994,24.494,24.684,24.46,3552800,87697315.20,0.7306,,,否,,,,,,否,486264170,486264170,12002944772.28,12002944772.28,,,,24.63,24.88,25.03,25.19,27.72,30.50,36.03,2016-11-10,-
2025-06-19,603556,XD海兴电,电网设备,24.614,24.654,24.114,24.184,24.68,3597000,86989848.00,0.7397,,,否,,,,,,否,486264170,486264170,11759812687.28,11759812687.28,,,,24.48,24.78,24.97,25.16,27.60,30.41,35.95,2016-11-10,-
2025-06-20,603556,XD海兴电,电网设备,24.184,24.324,23.534,23.664,24.18,4863300,115085131.20,1.0001,,,否,,,,,,否,486264170,486264170,11506955318.88,11506955318.88,,,,24.29,24.64,24.90,25.10,27.47,30.31,35.86,2016-11-10,-
2025-06-23,603556,XD海兴电,电网设备,23.624,23.864,23.464,23.844,23.66,2523200,60163180.80,0.5189,,,否,,,,,,否,486264170,486264170,11594482869.48,11594482869.48,,,,24.17,24.49,24.85,25.04,27.33,30.21,35.77,2016-11-10,-
2025-06-24,603556,XD海兴电,电网设备,23.958,24.148,23.618,24.128,23.84,3834200,92511577.60,0.7885,,,否,,,,,,否,486264170,486264170,11732581893.76,11732581893.76,,,,24.10,24.41,24.83,24.98,27.21,30.12,35.68,2016-11-10,-
2025-06-25,603556,XD海兴电,电网设备,24.188,24.308,23.948,24.278,24.13,3734500,90666191.00,0.7680,,,否,,,,,,否,486264170,486264170,11805521519.26,11805521519.26,,,,24.02,24.33,24.78,24.93,27.07,30.03,35.60,2016-11-10,-
2025-06-26,603556,XD海兴电,电网设备,24.218,24.278,24.018,24.018,24.28,2894000,69508092.00,0.5951,,,否,,,,,,否,486264170,486264170,11679092835.06,11679092835.06,,,,23.99,24.24,24.71,24.88,26.94,29.93,35.51,2016-11-10,-
2025-06-27,603556,XD海兴电,电网设备,24.058,24.488,24.058,24.388,24.02,4098300,99949340.40,0.8428,,,否,,,,,,否,486264170,486264170,11859010577.96,11859010577.96,,,,24.13,24.21,24.64,24.85,26.80,29.83,35.42,2016-11-10,-
2025-06-30,603556,XD海兴电,电网设备,24.488,24.758,24.418,24.678,24.39,3358600,82883530.80,0.6907,,,否,,,,,,否,486264170,486264170,12000027187.26,12000027187.26,,,,24.30,24.23,24.59,24.82,26.67,29.74,35.32,2016-11-10,-
2025-07-01,603556,XD海兴电,电网设备,24.708,24.758,24.458,24.588,24.68,2239000,55052532.00,0.4604,,,否,,,,,,否,486264170,486264170,11956263411.96,11956263411.96,,,,24.39,24.25,24.58,24.80,26.53,29.65,35.23,2016-11-10,-
2025-07-02,603556,XD海兴电,电网设备,24.658,24.658,24.368,24.508,24.59,2379900,58326589.20,0.4894,,,否,,,,,,否,486264170,486264170,11917362278.36,11917362278.36,,,,24.44,24.23,24.55,24.76,26.39,29.55,35.14,2016-11-10,-
2025-07-03,603556,XD海兴电,电网设备,24.518,24.578,24.328,24.508,24.51,2745100,67276910.80,0.5645,,,否,,,,,,否,486264170,486264170,11917362278.36,11917362278.36,,,,24.53,24.26,24.52,24.73,26.26,29.46,35.05,2016-11-10,-
2025-07-04,603556,XD海兴电,电网设备,24.608,24.608,24.258,24.318,24.51,3085800,75040484.40,0.6346,,,否,,,,,,否,486264170,486264170,11824972086.06,11824972086.06,,,,24.52,24.33,24.48,24.71,26.18,29.38,34.96,2016-11-10,-
2025-07-07,603556,XD海兴电,电网设备,24.488,25.388,24.358,25.148,24.32,8266200,207878397.60,1.6999,,,否,,,,,,否,486264170,486264170,12228571347.16,12228571347.16,,,,24.61,24.46,24.47,24.72,26.10,29.31,34.88,2016-11-10,-
2025-07-08,603556,XD海兴电,电网设备,25.058,25.068,24.748,25.068,25.15,5156600,129265648.80,1.0605,,,否,,,,,,否,486264170,486264170,12189670213.56,12189670213.56,,,,24.71,24.55,24.48,24.74,26.03,29.24,34.79,2016-11-10,-
2025-07-09,603556,XD海兴电,电网设备,25.078,25.238,24.838,24.888,25.07,4618100,114935272.80,0.9497,,,否,,,,,,否,486264170,486264170,12102142662.96,12102142662.96,,,,24.79,24.61,24.47,24.72,25.93,29.16,34.72,2016-11-10,-
2025-07-10,603556,XD海兴电,电网设备,24.878,25.388,24.758,25.048,24.89,4989400,124974491.20,1.0261,,,否,,,,,,否,486264170,486264170,12179944930.16,12179944930.16,,,,24.89,24.71,24.47,24.71,25.84,29.08,34.64,2016-11-10,-
2025-07-11,603556,XD海兴电,电网设备,25.108,25.178,24.958,25.018,25.05,3279400,82044029.20,0.6744,,,否,,,,,,否,486264170,486264170,12165357005.06,12165357005.06,,,,25.03,24.78,24.49,24.68,25.74,29.01,34.56,2016-11-10,-
2025-07-14,603556,XD海兴电,电网设备,25.028,25.308,24.808,25.188,25.02,3821400,96253423.20,0.7859,,,否,,,,,,否,486264170,486264170,12248021913.96,12248021913.96,,,,25.04,24.83,24.53,24.67,25.64,28.95,34.49,2016-11-10,-
2025-07-15,603556,XD海兴电,电网设备,25.168,25.178,24.788,24.938,25.19,4497900,112168630.20,0.9250,,,否,,,,,,否,486264170,486264170,12126455871.46,12126455871.46,,,,25.02,24.86,24.55,24.67,25.54,28.88,34.42,2016-11-10,-
2025-07-16,603556,XD海兴电,电网设备,24.948,25.278,24.918,25.118,24.94,3367800,84592400.40,0.6926,,,否,,,,,,否,486264170,486264170,12213983422.06,12213983422.06,,,,25.06,24.92,24.58,24.68,25.45,28.81,34.34,2016-11-10,-
2025-07-17,603556,XD海兴电,电网设备,25.038,25.498,25.038,25.178,25.12,3869600,97428788.80,0.7958,,,否,,,,,,否,486264170,486264170,12243159272.26,12243159272.26,,,,25.09,24.99,24.63,24.68,25.36,28.74,34.27,2016-11-10,-
2025-07-18,603556,XD海兴电,电网设备,25.208,27.558,25.058,26.788,25.18,17183200,460303561.60,3.5337,,,否,,,,,,否,486264170,486264170,13026044585.96,13026044585.96,,,,25.44,25.24,24.78,24.73,25.28,28.68,34.21,2016-11-10,-
2025-07-21,603556,XD海兴电,电网设备,26.768,26.868,26.378,26.438,26.79,8471700,223974804.60,1.7422,,,否,,,,,,否,486264170,486264170,12855852126.46,12855852126.46,,,,25.69,25.37,24.91,24.77,25.25,28.61,34.14,2016-11-10,-
2025-07-22,603556,XD海兴电,电网设备,26.538,27.158,26.328,26.828,26.44,8245200,221202225.60,1.6956,,,否,,,,,,否,486264170,486264170,13045495152.76,13045495152.76,,,,26.07,25.54,25.05,24.83,25.22,28.53,34.08,2016-11-10,-
2025-07-23,603556,XD海兴电,电网设备,26.808,27.138,26.588,26.778,26.83,6201100,166053055.80,1.2753,,,否,,,,,,否,486264170,486264170,13021181944.26,13021181944.26,,,,26.40,25.73,25.17,24.89,25.20,28.45,34.02,2016-11-10,-
2025-07-24,603556,XD海兴电,电网设备,26.778,26.968,26.598,26.918,26.78,4708200,126735327.60,0.9682,,,否,,,,,,否,486264170,486264170,13089258928.06,13089258928.06,,,,26.75,25.92,25.32,24.96,25.19,28.37,33.96,2016-11-10,-
2025-07-25,603556,XD海兴电,电网设备,27.098,27.828,26.918,27.538,26.92,7336200,202024275.60,1.5087,,,否,,,,,,否,486264170,486264170,13390742713.46,13390742713.46,,,,26.90,26.17,25.47,25.05,25.20,28.30,33.91,2016-11-10,-
2025-07-28,603556,XD海兴电,电网设备,27.508,27.508,26.988,27.028,27.54,4879500,131883126.00,1.0035,,,否,,,,,,否,486264170,486264170,13142747986.76,13142747986.76,,,,27.02,26.36,25.59,25.14,25.18,28.23,33.86,2016-11-10,-
2025-07-29,603556,XD海兴电,电网设备,26.988,26.988,26.078,26.408,27.03,6685500,176550684.00,1.3749,,,否,,,,,,否,486264170,486264170,12841264201.36,12841264201.36,,,,26.93,26.50,25.68,25.20,25.21,28.14,33.80,2016-11-10,-
2025-07-30,603556,XD海兴电,电网设备,26.408,26.638,26.258,26.548,26.41,3608500,95798458.00,0.7421,,,否,,,,,,否,486264170,486264170,12909341185.16,12909341185.16,,,,26.89,26.64,25.78,25.27,25.23,28.07,33.74,2016-11-10,-
2025-07-31,603556,XD海兴电,电网设备,26.488,26.558,25.848,25.948,26.55,4826100,125227642.80,0.9925,,,否,,,,,,否,486264170,486264170,12617582683.16,12617582683.16,,,,26.69,26.72,25.86,25.32,25.24,28.00,33.68,2016-11-10,-
2025-08-01,603556,XD海兴电,电网设备,26.008,26.178,25.868,26.178,25.95,2633000,68926674.00,0.5415,,,否,,,,,,否,486264170,486264170,12729423442.26,12729423442.26,,,,26.42,26.66,25.95,25.41,25.25,27.93,33.61,2016-11-10,-
2025-08-04,603556,XD海兴电,电网设备,25.958,26.158,25.608,25.768,26.18,3950000,101783600.00,0.8123,,,否,,,,,,否,486264170,486264170,12530055132.56,12530055132.56,,,,26.17,26.59,25.98,25.47,25.26,27.87,33.55,2016-11-10,-
2025-08-05,603556,XD海兴电,电网设备,25.768,26.248,25.688,26.138,25.77,3152100,82389589.80,0.6482,,,否,,,,,,否,486264170,486264170,12709972875.46,12709972875.46,,,,26.12,26.52,26.03,25.54,25.26,27.80,33.50,2016-11-10,-
2025-08-06,603556,XD海兴电,电网设备,26.058,27.078,25.958,26.848,26.14,6999700,187927945.60,1.4395,,,否,,,,,,否,486264170,486264170,13055220436.16,13055220436.16,,,,26.18,26.53,26.13,25.62,25.28,27.75,33.45,2016-11-10,-
2025-08-07,603556,XD海兴电,电网设备,26.898,27.008,26.588,26.808,26.85,3285500,88077684.00,0.6757,,,否,,,,,,否,486264170,486264170,13035769869.36,13035769869.36,,,,26.35,26.52,26.22,25.72,25.30,27.70,33.39,2016-11-10,-
2025-08-08,603556,XD海兴电,电网设备,26.748,27.178,26.608,26.988,26.81,4014600,108346024.80,0.8256,,,否,,,,,,否,486264170,486264170,13123297419.96,13123297419.96,,,,26.51,26.47,26.32,25.80,25.33,27.65,33.34,2016-11-10,-
2025-08-11,603556,XD海兴电,电网设备,26.988,27.198,26.868,27.038,26.99,3797000,102663286.00,0.7809,,,否,,,,,,否,486264170,486264170,13147610628.46,13147610628.46,,,,26.76,26.47,26.41,25.88,25.35,27.61,33.29,2016-11-10,-
2025-08-12,603556,XD海兴电,电网设备,27.038,28.398,26.908,27.568,27.04,10766400,296808115.20,2.2141,,,否,,,,,,否,486264170,486264170,13405330638.56,13405330638.56,,,,27.05,26.58,26.54,25.98,25.39,27.57,33.24,2016-11-10,-
2025-08-13,603556,XD海兴电,电网设备,27.508,27.528,26.668,27.008,27.57,8428300,227631526.40,1.7333,,,否,,,,,,否,486264170,486264170,13133022703.36,13133022703.36,,,,27.08,26.63,26.64,26.07,25.42,27.53,33.19,2016-11-10,-
2025-08-14,603556,XD海兴电,电网设备,26.858,27.018,26.218,26.258,27.01,6898600,181143438.80,1.4187,,,否,,,,,,否,486264170,486264170,12768324575.86,12768324575.86,,,,26.97,26.66,26.69,26.12,25.43,27.49,33.14,2016-11-10,-
2025-08-15,603556,XD海兴电,电网设备,26.188,26.858,26.178,26.698,26.26,4594600,122666630.80,0.9449,,,否,,,,,,否,486264170,486264170,12982280810.66,12982280810.66,,,,26.91,26.71,26.69,26.20,25.46,27.45,33.09,2016-11-10,-
2025-08-18,603556,XD海兴电,电网设备,26.658,26.938,26.318,26.488,26.70,6977600,184822668.80,1.4349,,,否,,,,,,否,486264170,486264170,12880165334.96,12880165334.96,,,,26.80,26.78,26.69,26.25,25.48,27.42,33.04,2016-11-10,-
2025-08-19,603556,XD海兴电,电网设备,26.308,27.298,26.308,27.108,26.49,11034900,299134069.20,2.2693,,,否,,,,,,否,486264170,486264170,13181649120.36,13181649120.36,,,,26.71,26.88,26.70,26.32,25.53,27.39,32.99,2016-11-10,-
2025-08-20,603556,XD海兴电,电网设备,27.068,27.338,26.918,27.338,27.11,5485100,149951663.80,1.1280,,,否,,,,,,否,486264170,486264170,13293489879.46,13293489879.46,,,,26.78,26.93,26.73,26.40,25.56,27.37,32.94,2016-11-10,-
2025-08-21,603556,XD海兴电,电网设备,27.358,27.598,27.178,27.368,27.34,4928100,134872240.80,1.0135,,,否,,,,,,否,486264170,486264170,13308077804.56,13308077804.56,,,,27.00,26.99,26.75,26.48,25.59,27.34,32.90,2016-11-10,-
2025-08-22,603556,XD海兴电,电网设备,27.438,27.488,27.178,27.408,27.37,4505300,123481262.40,0.9265,,,否,,,,,,否,486264170,486264170,13327528371.36,13327528371.36,,,,27.14,27.03,26.75,26.55,25.62,27.31,32.85,2016-11-10,-
2025-08-25,603556,XD海兴电,电网设备,27.398,27.588,27.108,27.298,27.41,6349600,173331380.80,1.3058,,,否,,,,,,否,486264170,486264170,13274039312.66,13274039312.66,,,,27.30,27.05,26.76,26.63,25.65,27.29,32.79,2016-11-10,-
2025-08-26,603556,XD海兴电,电网设备,27.298,28.068,27.128,27.828,27.30,7614900,211907437.20,1.5660,,,否,,,,,,否,486264170,486264170,13531759322.76,13531759322.76,,,,27.45,27.08,26.83,26.72,25.70,27.26,32.74,2016-11-10,-
2025-08-27,603556,XD海兴电,电网设备,27.828,28.098,27.038,27.078,27.83,6724600,182088718.80,1.3829,,,否,,,,,,否,486264170,486264170,13167061195.26,13167061195.26,,,,27.40,27.09,26.86,26.79,25.73,27.22,32.69,2016-11-10,-
2025-08-28,603556,XD海兴电,电网设备,27.208,27.398,26.238,26.758,27.08,6384000,170823072.00,1.3129,,,否,,,,,,否,486264170,486264170,13011456660.86,13011456660.86,,,,27.27,27.14,26.90,26.84,25.76,27.18,32.64,2016-11-10,-
2025-08-29,603556,XD海兴电,电网设备,26.818,26.828,26.238,26.448,26.76,5707800,150959894.40,1.1738,,,否,,,,,,否,486264170,486264170,12860714768.16,12860714768.16,,,,27.08,27.11,26.91,26.83,25.78,27.14,32.58,2016-11-10,-
2025-09-01,603556,XD海兴电,电网设备,26.488,26.568,26.308,26.568,26.45,3207400,85214203.20,0.6596,,,否,,,,,,否,486264170,486264170,12919066468.56,12919066468.56,,,,26.94,27.12,26.95,26.83,25.80,27.10,32.52,2016-11-10,-
2025-09-02,603556,XD海兴电,电网设备,26.588,26.588,25.868,26.058,26.57,4015500,104635899.00,0.8258,,,否,,,,,,否,486264170,486264170,12671071741.86,12671071741.86,,,,26.58,27.01,26.95,26.81,25.82,27.06,32.46,2016-11-10,-
2025-09-03,603556,XD海兴电,电网设备,26.218,26.338,25.828,25.838,26.06,3167700,81847032.60,0.6514,,,否,,,,,,否,486264170,486264170,12564093624.46,12564093624.46,,,,26.33,26.86,26.90,26.78,25.83,27.02,32.40,2016-11-10,-
2025-09-04,603556,XD海兴电,电网设备,26.108,26.738,25.828,26.138,25.84,4186900,109437192.20,0.8610,,,否,,,,,,否,486264170,486264170,12709972875.46,12709972875.46,,,,26.21,26.74,26.86,26.75,25.85,27.00,32.33,2016-11-10,-
2025-09-05,603556,XD海兴电,电网设备,26.078,26.708,25.958,26.608,26.14,4905400,130522883.20,1.0088,,,否,,,,,,否,486264170,486264170,12938517035.36,12938517035.36,,,,26.24,26.66,26.84,26.72,25.89,26.97,32.26,2016-11-10,-
2025-09-08,603556,XD海兴电,电网设备,26.768,26.828,26.498,26.678,26.61,3103100,82784501.80,0.6382,,,否,,,,,,否,486264170,486264170,12972555527.26,12972555527.26,,,,26.26,26.60,26.83,26.71,25.92,26.94,32.20,2016-11-10,-
2025-09-09,603556,XD海兴电,电网设备,26.658,26.658,26.258,26.338,26.68,2507700,66047802.60,0.5157,,,否,,,,,,否,486264170,486264170,12807225709.46,12807225709.46,,,,26.32,26.45,26.77,26.70,25.95,26.90,32.13,2016-11-10,-
2025-09-10,603556,XD海兴电,电网设备,26.288,26.388,26.068,26.088,26.34,2463600,64270396.80,0.5066,,,否,,,,,,否,486264170,486264170,12685659666.96,12685659666.96,,,,26.37,26.35,26.72,26.69,25.98,26.85,32.05,2016-11-10,-
2025-09-11,603556,XD海兴电,电网设备,26.068,26.298,25.938,26.278,26.09,3804000,99961512.00,0.7823,,,否,,,,,,否,486264170,486264170,12778049859.26,12778049859.26,,,,26.40,26.30,26.72,26.70,26.01,26.81,31.98,2016-11-10,-
2025-09-12,603556,XD海兴电,电网设备,26.278,26.698,26.208,26.318,26.28,3794000,99850492.00,0.7802,,,否,,,,,,否,486264170,486264170,12797500426.06,12797500426.06,,,,26.34,26.29,26.70,26.70,26.06,26.76,31.90,2016-11-10,-
2025-09-15,603556,XD海兴电,电网设备,26.328,26.408,25.838,25.888,26.32,3642600,94299628.80,0.7491,,,否,,,,,,否,486264170,486264170,12588406832.96,12588406832.96,,,,26.18,26.22,26.67,26.71,26.09,26.71,31.82,2016-11-10,-
2025-09-16,603556,XD海兴电,电网设备,25.898,26.008,25.468,25.938,25.89,3104400,80521927.20,0.6384,,,否,,,,,,否,486264170,486264170,12612720041.46,12612720041.46,,,,26.10,26.21,26.61,26.70,26.12,26.66,31.75,2016-11-10,-
2025-09-17,603556,XD海兴电,电网设备,25.948,26.278,25.828,26.028,25.94,3244800,84455654.40,0.6673,,,否,,,,,,否,486264170,486264170,12656483816.76,12656483816.76,,,,26.09,26.23,26.55,26.68,26.15,26.61,31.67,2016-11-10,-
2025-09-18,603556,XD海兴电,电网设备,26.028,26.138,25.608,25.868,26.03,3202700,82847443.60,0.6586,,,否,,,,,,否,486264170,486264170,12578681549.56,12578681549.56,,,,26.01,26.20,26.47,26.64,26.18,26.56,31.60,2016-11-10,-
2025-09-19,603556,XD海兴电,电网设备,25.738,26.228,25.388,26.148,25.87,5688600,148745512.80,1.1699,,,否,,,,,,否,486264170,486264170,12714835517.16,12714835517.16,,,,25.97,26.16,26.41,26.62,26.21,26.51,31.53,2016-11-10,-
2025-09-22,603556,XD海兴电,电网设备,26.008,26.048,25.568,25.968,26.15,3052700,79272513.60,0.6278,,,否,,,,,,否,486264170,486264170,12627307966.56,12627307966.56,,,,25.99,26.09,26.34,26.58,26.23,26.45,31.46,2016-11-10,-
2025-09-23,603556,XD海兴电,电网设备,25.968,26.698,25.928,26.378,25.97,5365100,141520607.80,1.1033,,,否,,,,,,否,486264170,486264170,12826676276.26,12826676276.26,,,,26.08,26.09,26.27,26.54,26.26,26.40,31.39,2016-11-10,-
2025-09-24,603556,XD海兴电,电网设备,26.388,26.788,26.218,26.658,26.38,4490100,119697085.80,0.9234,,,否,,,,,,否,486264170,486264170,12962830243.86,12962830243.86,,,,26.20,26.15,26.25,26.53,26.30,26.34,31.32,2016-11-10,-
2025-09-25,603556,XD海兴电,电网设备,26.678,26.758,26.218,26.308,26.66,4062000,106863096.00,0.8353,,,否,,,,,,否,486264170,486264170,12792637784.36,12792637784.36,,,,26.29,26.15,26.23,26.53,26.33,26.29,31.26,2016-11-10,-
2025-09-26,603556,XD海兴电,电网设备,26.268,26.428,26.058,26.218,26.31,2661200,69771341.60,0.5473,,,否,,,,,,否,486264170,486264170,12748874009.06,12748874009.06,,,,26.31,26.14,26.22,26.51,26.36,26.27,31.19,2016-11-10,-
2025-09-29,603556,XD海兴电,电网设备,26.238,27.548,26.238,27.108,26.22,9624600,260903656.80,1.9793,,,否,,,,,,否,486264170,486264170,13181649120.36,13181649120.36,,,,26.53,26.26,26.24,26.54,26.39,26.25,31.12,2016-11-10,-
2025-09-30,603556,XD海兴电,电网设备,27.108,27.288,26.898,27.048,27.11,3989900,107918815.20,0.8205,,,否,,,,,,否,486264170,486264170,13152473270.16,13152473270.16,,,,26.67,26.37,26.29,26.53,26.42,26.23,31.06,2016-11-10,-
2025-10-09,603556,XD海兴电,电网设备,27.058,27.968,26.928,27.868,27.05,7619000,212326292.00,1.5668,,,否,,,,,,否,486264170,486264170,13551209889.56,13551209889.56,,,,26.91,26.56,26.39,26.55,26.47,26.20,30.99,2016-11-10,-
2025-10-10,603556,XD海兴电,电网设备,27.808,29.978,27.588,29.718,27.87,16220900,482052706.20,3.3358,,,否,,,,,,否,486264170,486264170,14450798604.06,14450798604.06,,,,27.59,26.94,26.57,26.63,26.55,26.20,30.94,2016-11-10,-
2025-10-13,603556,XD海兴电,电网设备,28.628,30.318,28.468,29.708,29.72,11281800,335159714.40,2.3201,,,否,,,,,,否,486264170,486264170,14445935962.36,14445935962.36,,,,28.29,27.30,26.73,26.71,26.63,26.19,30.88,2016-11-10,-
2025-10-14,603556,XD海兴电,电网设备,29.958,30.028,28.548,28.748,29.71,8516000,244817968.00,1.7513,,,否,,,,,,否,486264170,486264170,13979122359.16,13979122359.16,,,,28.62,27.58,26.83,26.75,26.69,26.16,30.82,2016-11-10,-
2025-10-15,603556,XD海兴电,电网设备,28.648,29.128,28.228,28.978,28.75,5827900,168880886.20,1.1985,,,否,,,,,,否,486264170,486264170,14090963118.26,14090963118.26,,,,29.00,27.84,26.96,26.79,26.76,26.15,30.77,2016-11-10,-
2025-10-16,603556,XD海兴电,电网设备,29.168,29.368,28.498,28.858,28.98,5201700,150110658.60,1.0697,,,否,,,,,,否,486264170,486264170,14032611417.86,14032611417.86,,,,29.20,28.06,27.10,26.85,26.82,26.14,30.70,2016-11-10,-
2025-10-17,603556,XD海兴电,电网设备,28.758,28.768,27.408,27.428,28.86,6407100,175733938.80,1.3176,,,否,,,,,,否,486264170,486264170,13337253654.76,13337253654.76,,,,28.74,28.17,27.16,26.87,26.86,26.11,30.63,2016-11-10,-
2025-10-20,603556,XD海兴电,电网设备,27.778,27.888,27.158,27.328,27.43,3950700,107964729.60,0.8125,,,否,,,,,,否,486264170,486264170,13288627237.76,13288627237.76,,,,28.27,28.28,27.21,26.90,26.87,26.07,30.55,2016-11-10,-
2025-10-21,603556,XD海兴电,电网设备,27.358,29.188,27.358,28.398,27.33,8812800,250265894.40,1.8123,,,否,,,,,,否,486264170,486264170,13808929899.66,13808929899.66,,,,28.20,28.41,27.33,26.96,26.90,26.07,30.48,2016-11-10,-
2025-10-22,603556,XD海兴电,电网设备,28.298,28.318,27.708,27.958,28.40,4704100,131517227.80,0.9674,,,否,,,,,,否,486264170,486264170,13594973664.86,13594973664.86,,,,27.99,28.50,27.44,27.03,26.92,26.07,30.41,2016-11-10,-
2025-10-23,603556,XD海兴电,电网设备,27.798,28.158,27.698,28.138,27.96,3299800,92849772.40,0.6786,,,否,,,,,,否,486264170,486264170,13682501215.46,13682501215.46,,,,27.85,28.53,27.54,27.10,26.94,26.07,30.35,2016-11-10,-
2025-10-24,603556,XD海兴电,电网设备,28.098,28.168,27.678,27.838,28.14,4203200,117008681.60,0.8644,,,否,,,,,,否,486264170,486264170,13536621964.46,13536621964.46,,,,27.93,28.34,27.64,27.16,26.96,26.07,30.30,2016-11-10,-
2025-10-27,603556,XD海兴电,电网设备,27.888,28.408,27.708,28.228,27.84,4814300,135898060.40,0.9901,,,否,,,,,,否,486264170,486264170,13726264990.76,13726264990.76,,,,28.11,28.19,27.74,27.21,26.97,26.08,30.24,2016-11-10,-
2025-10-28,603556,XD海兴电,电网设备,30.978,31.128,30.798,31.128,28.23,9388700,292251453.60,1.9308,,,否,,,,,,否,486264170,486264170,15136431083.76,15136431083.76,,,,28.66,28.43,28.00,27.36,27.04,26.11,30.20,2016-11-10,-
2025-10-29,603556,XD海兴电,电网设备,32.088,34.318,31.758,34.318,31.13,27053000,928404854.00,5.5634,,,否,,,,,,否,486264170,486264170,16687613786.06,16687613786.06,,,,29.93,28.96,28.40,27.63,27.17,26.19,30.17,2016-11-10,-
2025-10-30,603556,XD海兴电,电网设备,34.108,34.138,32.758,33.058,34.32,22772000,752796776.00,4.6831,,,否,,,,,,否,486264170,486264170,16074920931.86,16074920931.86,,,,30.91,29.38,28.72,27.86,27.28,26.25,30.14,2016-11-10,-
2025-10-31,603556,XD海兴电,电网设备,33.378,34.148,32.848,32.978,33.06,14161300,467011351.40,2.9123,,,否,,,,,,否,486264170,486264170,16036019798.26,16036019798.26,,,,31.94,29.94,29.05,28.09,27.39,26.32,30.10,2016-11-10,-
2025-11-03,603556,XD海兴电,电网设备,33.408,35.358,33.348,34.798,32.98,19435700,676323488.60,3.9969,,,否,,,,,,否,486264170,486264170,16921020587.66,16921020587.66,,,,33.26,30.68,29.48,28.37,27.54,26.39,30.08,2016-11-10,-
2025-11-04,603556,XD海兴电,电网设备,34.798,35.658,33.878,34.288,34.80,14023900,480851483.20,2.8840,,,否,,,,,,否,486264170,486264170,16673025860.96,16673025860.96,,,,33.89,31.27,29.84,28.65,27.68,26.47,30.06,2016-11-10,-
2025-11-05,603556,XD海兴电,电网设备,33.208,37.308,33.208,36.448,34.29,19308700,703763497.60,3.9708,,,否,,,,,,否,486264170,486264170,17723356468.16,17723356468.16,,,,34.31,32.12,30.31,29.00,27.85,26.56,30.05,2016-11-10,-
2025-11-06,603556,XD海兴电,电网设备,36.208,37.088,35.708,36.248,36.45,16197900,587141479.20,3.3311,,,否,,,,,,否,486264170,486264170,17626103634.16,17626103634.16,,,,34.95,32.93,30.73,29.34,28.01,26.64,30.05,2016-11-10,-
2025-11-07,603556,XD海兴电,电网设备,36.108,37.998,35.368,36.258,36.25,14403200,522231225.60,2.9620,,,否,,,,,,否,486264170,486264170,17630966275.86,17630966275.86,,,,35.61,33.77,31.06,29.68,28.16,26.73,30.04,2016-11-10,-
2025-11-10,603556,XD海兴电,电网设备,35.818,36.688,35.408,36.398,36.26,10065800,366374988.40,2.0700,,,否,,,,,,否,486264170,486264170,17699043259.66,17699043259.66,,,,35.93,34.59,31.39,30.03,28.32,26.82,30.04,2016-11-10,-
2025-11-11,603556,XD海兴电,电网设备,37.508,40.118,37.508,38.058,36.40,19611600,746378272.80,4.0331,,,否,,,,,,否,486264170,486264170,18506241781.86,18506241781.86,,,,36.68,35.28,31.86,30.43,28.50,26.93,30.04,2016-11-10,-
2025-11-12,603556,XD海兴电,电网设备,37.738,37.998,35.568,36.278,38.06,15178100,550631111.80,3.1214,,,否,,,,,,否,486264170,486264170,17640691559.26,17640691559.26,,,,36.65,35.48,32.22,30.76,28.65,27.02,30.04,2016-11-10,-
2025-11-13,603556,XD海兴电,电网设备,36.108,36.478,35.448,35.718,36.28,9166200,327398331.60,1.8850,,,否,,,,,,否,486264170,486264170,17368383624.06,17368383624.06,,,,36.54,35.75,32.56,31.06,28.80,27.11,30.03,2016-11-10,-
2025-11-14,603556,XD海兴电,电网设备,34.988,36.068,34.918,34.918,35.72,6638700,231810126.60,1.3652,,,否,,,,,,否,486264170,486264170,16979372288.06,16979372288.06,,,,36.27,35.94,32.94,31.35,28.94,27.18,30.02,2016-11-10,-
2025-11-17,603556,XD海兴电,电网设备,34.918,35.348,34.218,34.608,34.92,5479000,189617232.00,1.1268,,,否,,,,,,否,486264170,486264170,16828630395.36,16828630395.36,,,,35.92,35.92,33.30,31.63,29.07,27.26,30.01,2016-11-10,-
2025-11-18,603556,XD海兴电,电网设备,34.598,34.798,34.188,34.408,34.61,4298800,147913110.40,0.8840,,,否,,,,,,否,486264170,486264170,16731377561.36,16731377561.36,,,,35.19,35.93,33.60,31.87,29.20,27.34,29.99,2016-11-10,-
2025-11-19,603556,XD海兴电,电网设备,34.258,35.008,33.918,34.408,34.41,5679400,195416795.20,1.1680,,,否,,,,,,否,486264170,486264170,16731377561.36,16731377561.36,,,,34.81,35.73,33.93,32.12,29.32,27.43,29.98,2016-11-10,-
2025-11-20,603556,XD海兴电,电网设备,34.418,34.958,33.518,33.708,34.41,4519700,152350047.60,0.9295,,,否,,,,,,否,486264170,486264170,16390992642.36,16390992642.36,,,,34.41,35.48,34.20,32.31,29.43,27.50,29.96,2016-11-10,-
2025-11-21,603556,XD海兴电,电网设备,33.188,33.898,32.138,32.218,33.71,7488300,241258049.40,1.5400,,,否,,,,,,否,486264170,486264170,15666459029.06,15666459029.06,,,,33.87,35.07,34.42,32.40,29.51,27.55,29.94,2016-11-10,-
2025-11-24,603556,XD海兴电,电网设备,32.408,32.698,32.078,32.428,32.22,4585200,148688865.60,0.9429,,,否,,,,,,否,486264170,486264170,15768574504.76,15768574504.76,,,,33.43,34.67,34.63,32.49,29.60,27.61,29.92,2016-11-10,-
2025-11-25,603556,XD海兴电,电网设备,32.628,33.258,32.418,32.858,32.43,5191100,170569163.80,1.0675,,,否,,,,,,否,486264170,486264170,15977668097.86,15977668097.86,,,,33.12,34.16,34.72,32.62,29.69,27.67,29.90,2016-11-10,-
2025-11-26,603556,XD海兴电,电网设备,32.938,33.298,32.748,32.978,32.86,3236200,106723403.60,0.6655,,,否,,,,,,否,486264170,486264170,16036019798.26,16036019798.26,,,,32.84,33.83,34.65,32.76,29.77,27.74,29.89,2016-11-10,-
2025-11-27,603556,XD海兴电,电网设备,33.008,33.958,32.878,33.158,32.98,5523100,183134949.80,1.1358,,,否,,,,,,否,486264170,486264170,16123547348.86,16123547348.86,,,,32.73,33.57,34.66,32.90,29.88,27.80,29.87,2016-11-10,-
2025-11-28,603556,XD海兴电,电网设备,33.058,33.238,32.738,32.928,33.16,4157300,136891574.40,0.8549,,,否,,,,,,否,486264170,486264170,16011706589.76,16011706589.76,,,,32.87,33.37,34.66,33.08,29.98,27.87,29.85,2016-11-10,-
2025-12-01,603556,XD海兴电,电网设备,32.908,34.628,32.808,34.528,32.93,7736100,267112060.80,1.5909,,,否,,,,,,否,486264170,486264170,16789729261.76,16789729261.76,,,,33.29,33.36,34.64,33.32,30.11,27.95,29.84,2016-11-10,-
2025-12-02,603556,XD海兴电,电网设备,34.448,34.448,33.158,33.188,34.53,4351500,144417582.00,0.8949,,,否,,,,,,否,486264170,486264170,16138135273.96,16138135273.96,,,,33.36,33.24,34.59,33.48,30.22,28.01,29.83,2016-11-10,-
2025-12-03,603556,XD海兴电,电网设备,33.238,33.888,33.198,33.418,33.19,2995600,100106960.80,0.6160,,,否,,,,,,否,486264170,486264170,16249976033.06,16249976033.06,,,,33.44,33.14,34.44,33.66,30.35,28.08,29.82,2016-11-10,-
2025-12-04,603556,XD海兴电,电网设备,33.438,34.038,33.118,33.278,33.42,2164200,72020247.60,0.4451,,,否,,,,,,否,486264170,486264170,16181899049.26,16181899049.26,,,,33.47,33.10,34.29,33.84,30.47,28.15,29.81,2016-11-10,-
2025-12-05,603556,XD海兴电,电网设备,33.338,34.108,33.018,34.008,33.28,3279600,111532636.80,0.6744,,,否,,,,,,否,486264170,486264170,16536871893.36,16536871893.36,,,,33.68,33.28,34.17,34.04,30.60,28.23,29.81,2016-11-10,-
2025-12-08,603556,XD海兴电,电网设备,34.008,34.258,33.188,33.778,34.01,4675100,157915527.80,0.9614,,,否,,,,,,否,486264170,486264170,16425031134.26,16425031134.26,,,,33.53,33.41,34.04,34.23,30.72,28.30,29.80,2016-11-10,-
2025-12-09,603556,XD海兴电,电网设备,33.778,34.308,33.408,33.578,33.78,2527600,84871752.80,0.5198,,,否,,,,,,否,486264170,486264170,16327778300.26,16327778300.26,,,,33.61,33.48,33.82,34.31,30.84,28.38,29.79,2016-11-10,-
2025-12-10,603556,XD海兴电,电网设备,33.588,33.588,32.698,32.898,33.58,3412200,112254555.60,0.7017,,,否,,,,,,否,486264170,486264170,15997118664.66,15997118664.66,,,,33.51,33.48,33.65,34.26,30.94,28.45,29.78,2016-11-10,-
2025-12-11,603556,XD海兴电,电网设备,33.038,33.268,32.418,32.478,32.90,3395900,110292040.20,0.6984,,,否,,,,,,否,486264170,486264170,15792887713.26,15792887713.26,,,,33.35,33.41,33.49,34.24,31.05,28.51,29.77,2016-11-10,-
2025-12-12,603556,XD海兴电,电网设备,32.518,34.078,32.438,33.648,32.48,10179600,342523180.80,2.0934,,,否,,,,,,否,486264170,486264170,16361816792.16,16361816792.16,,,,33.28,33.48,33.42,34.26,31.17,28.59,29.76,2016-11-10,-
2025-12-15,603556,XD海兴电,电网设备,33.598,34.448,33.448,34.148,33.65,6383900,217997417.20,1.3128,,,否,,,,,,否,486264170,486264170,16604948877.16,16604948877.16,,,,33.35,33.44,33.40,34.24,31.30,28.68,29.75,2016-11-10,-
2025-12-16,603556,XD海兴电,电网设备,33.968,34.148,33.008,33.238,34.15,4261600,141647060.80,0.8764,,,否,,,,,,否,486264170,486264170,16162448482.46,16162448482.46,,,,33.28,33.45,33.34,34.21,31.43,28.76,29.73,2016-11-10,-
2025-12-17,603556,XD海兴电,电网设备,33.168,33.638,32.358,33.428,33.24,5233000,174928724.00,1.0762,,,否,,,,,,否,486264170,486264170,16254838674.76,16254838674.76,,,,33.39,33.45,33.29,34.11,31.55,28.84,29.72,2016-11-10,-
2025-12-18,603556,XD海兴电,电网设备,33.218,33.418,32.288,32.508,33.43,4195300,136380812.40,0.8628,,,否,,,,,,否,486264170,486264170,15807475638.36,15807475638.36,,,,33.39,33.37,33.23,33.98,31.66,28.91,29.70,2016-11-10,-
2025-12-19,603556,XD海兴电,电网设备,32.628,33.078,32.218,32.308,32.51,3758700,121436079.60,0.7730,,,否,,,,,,否,486264170,486264170,15710222804.36,15710222804.36,,,,33.13,33.20,33.24,33.85,31.77,28.97,29.69,2016-11-10,-
2025-12-22,603556,XD海兴电,电网设备,32.318,32.978,32.218,32.808,32.31,3873100,127068664.80,0.7965,,,否,,,,,,否,486264170,486264170,15953354889.36,15953354889.36,,,,32.86,33.10,33.26,33.73,31.88,29.04,29.67,2016-11-10,-
2025-12-23,603556,XD海兴电,电网设备,32.788,33.608,32.508,33.478,32.81,5095900,170600540.20,1.0480,,,否,,,,,,否,486264170,486264170,16279151883.26,16279151883.26,,,,32.91,33.09,33.29,33.58,32.00,29.12,29.67,2016-11-10,-
2025-12-24,603556,XD海兴电,电网设备,33.398,34.408,33.018,33.938,33.48,4277900,145183370.20,0.8797,,,否,,,,,,否,486264170,486264170,16502833401.46,16502833401.46,,,,33.01,33.20,33.34,33.50,32.13,29.20,29.66,2016-11-10,-
2025-12-25,603556,XD海兴电,电网设备,33.938,34.398,33.508,33.768,33.94,3319500,112092876.00,0.6827,,,否,,,,,,否,486264170,486264170,16420168492.56,16420168492.56,,,,33.26,33.33,33.37,33.43,32.25,29.27,29.66,2016-11-10,-
2025-12-26,603556,XD海兴电,电网设备,33.808,34.208,33.568,33.778,33.77,2846100,96135565.80,0.5853,,,否,,,,,,否,486264170,486264170,16425031134.26,16425031134.26,,,,33.55,33.34,33.41,33.40,32.37,29.35,29.66,2016-11-10,-
2025-12-29,603556,XD海兴电,电网设备,33.678,34.428,33.408,33.918,33.78,3923200,133067097.60,0.8068,,,否,,,,,,否,486264170,486264170,16493108118.06,16493108118.06,,,,33.78,33.32,33.38,33.37,32.50,29.43,29.65,2016-11-10,-
2025-12-30,603556,XD海兴电,电网设备,33.708,35.708,33.618,34.658,33.92,5909400,204807985.20,1.2153,,,否,,,,,,否,486264170,486264170,16852943603.86,16852943603.86,,,,34.01,33.46,33.45,33.38,32.63,29.51,29.64,2016-11-10,-
2025-12-31,603556,XD海兴电,电网设备,34.838,36.108,34.608,35.608,34.66,6234500,221998076.00,1.2821,,,否,,,,,,否,486264170,486264170,17314894565.36,17314894565.36,,,,34.35,33.68,33.56,33.42,32.77,29.60,29.64,2016-11-10,-
2026-01-05,603556,XD海兴电,电网设备,35.508,35.508,33.868,34.558,35.61,9651700,333543448.60,1.9849,,,否,,,,,,否,486264170,486264170,16804317186.86,16804317186.86,,,,34.50,33.88,33.63,33.45,32.88,29.68,29.64,2016-11-10,-
2026-01-06,603556,XD海兴电,电网设备,34.448,35.318,34.378,34.908,34.56,4924200,171893973.60,1.0127,,,否,,,,,,否,486264170,486264170,16974509646.36,16974509646.36,,,,34.73,34.14,33.67,33.54,32.97,29.76,29.64,2016-11-10,-
2026-01-07,603556,XD海兴电,电网设备,34.898,35.558,34.548,35.198,34.91,4775000,168070450.00,0.9820,,,否,,,,,,否,486264170,486264170,17115526255.66,17115526255.66,,,,34.99,34.38,33.74,33.63,33.06,29.84,29.64,2016-11-10,-
2026-01-08,603556,XD海兴电,电网设备,35.278,35.288,34.458,34.588,35.20,3348200,115807541.60,0.6886,,,否,,,,,,否,486264170,486264170,16818905111.96,16818905111.96,,,,34.97,34.49,33.79,33.69,33.16,29.92,29.63,2016-11-10,-
2026-01-09,603556,XD海兴电,电网设备,34.458,35.188,34.288,34.758,34.59,3748700,130297314.60,0.7709,,,否,,,,,,否,486264170,486264170,16901570020.86,16901570020.86,,,,34.80,34.57,33.89,33.75,33.25,30.00,29.63,2016-11-10,-
2026-01-12,603556,XD海兴电,电网设备,34.728,36.058,34.128,35.798,34.76,6149500,220139801.00,1.2646,,,否,,,,,,否,486264170,486264170,17407284757.66,17407284757.66,,,,35.05,34.78,34.05,33.84,33.37,30.09,29.63,2016-11-10,-
2026-01-13,603556,XD海兴电,电网设备,35.718,37.148,35.468,36.608,35.80,8534700,312438297.60,1.7552,,,否,,,,,,否,486264170,486264170,17801158735.36,17801158735.36,,,,35.39,35.06,34.20,33.96,33.52,30.19,29.63,2016-11-10,-
2026-01-14,603556,XD海兴电,电网设备,36.598,37.598,35.898,36.878,36.61,6932600,255660422.80,1.4257,,,否,,,,,,否,486264170,486264170,17932450061.26,17932450061.26,,,,35.73,35.36,34.34,34.04,33.68,30.27,29.64,2016-11-10,-
2026-01-15,603556,XD海兴电,电网设备,36.018,37.438,35.998,36.998,36.88,4417200,163427565.60,0.9084,,,否,,,,,,否,486264170,486264170,17990801761.66,17990801761.66,,,,36.21,35.59,34.52,34.17,33.82,30.36,29.65,2016-11-10,-
2026-01-16,603556,XD海兴电,电网设备,38.708,39.368,37.438,37.748,37.00,7878900,297412717.20,1.6203,,,否,,,,,,否,486264170,486264170,18355499889.16,18355499889.16,,,,36.81,35.80,34.74,34.31,33.99,30.45,29.67,2016-11-10,-
2026-01-19,603556,XD海兴电,电网设备,37.688,41.508,37.688,40.708,37.75,9989000,406632212.00,2.0542,,,否,,,,,,否,486264170,486264170,19794841832.36,19794841832.36,,,,37.79,36.42,35.15,34.56,34.20,30.57,29.70,2016-11-10,-
2026-01-20,603556,XD海兴电,电网设备,40.698,41.198,39.258,40.328,40.71,8640800,348466182.40,1.7770,,,否,,,,,,否,486264170,486264170,19610061447.76,19610061447.76,,,,38.53,36.96,35.55,34.77,34.40,30.68,29.72,2016-11-10,-
2026-01-21,603556,XD海兴电,电网设备,39.888,42.178,39.408,40.848,40.33,7685800,313949558.40,1.5806,,,否,,,,,,否,486264170,486264170,19862918816.16,19862918816.16,,,,39.33,37.53,35.95,35.00,34.62,30.79,29.75,2016-11-10,-
2026-01-22,603556,XD海兴电,电网设备,40.848,41.068,38.958,38.968,40.85,7562800,294707190.40,1.5553,,,否,,,,,,否,486264170,486264170,18948742176.56,18948742176.56,,,,39.72,37.96,36.23,35.18,34.75,30.89,29.78,2016-11-10,-
2026-01-23,603556,XD海兴电,电网设备,39.198,40.208,39.028,39.758,38.97,5886900,234051370.20,1.2106,,,否,,,,,,否,486264170,486264170,19332890870.86,19332890870.86,,,,40.12,38.46,36.52,35.41,34.84,31.00,29.80,2016-11-10,-
2026-01-26,603556,XD海兴电,电网设备,39.758,39.998,38.708,39.198,39.76,5962600,233721994.80,1.2262,,,否,,,,,,否,486264170,486264170,19060582935.66,19060582935.66,,,,39.82,38.80,36.79,35.64,34.94,31.11,29.83,2016-11-10,-
2026-01-27,603556,XD海兴电,电网设备,38.898,39.428,37.678,38.118,39.20,6238900,237814390.20,1.2830,,,否,,,,,,否,486264170,486264170,18535417632.06,18535417632.06,,,,39.38,38.95,37.01,35.78,35.02,31.21,29.84,2016-11-10,-
2026-01-28,603556,XD海兴电,电网设备,38.118,38.648,37.468,38.358,38.12,4534000,173915172.00,0.9324,,,否,,,,,,否,486264170,486264170,18652121032.86,18652121032.86,,,,38.88,39.10,37.23,35.93,35.08,31.31,29.86,2016-11-10,-
2026-01-29,603556,XD海兴电,电网设备,38.008,39.448,38.008,38.718,38.36,6150500,238135059.00,1.2648,,,否,,,,,,否,486264170,486264170,18827176134.06,18827176134.06,,,,38.83,39.27,37.43,36.11,35.16,31.42,29.87,2016-11-10,-
2026-01-30,603556,XD海兴电,电网设备,38.598,39.018,37.218,38.328,38.72,3491700,133829877.60,0.7181,,,否,,,,,,否,486264170,486264170,18637533107.76,18637533107.76,,,,38.54,39.33,37.57,36.27,35.19,31.52,29.88,2016-11-10,-
2026-02-02,603556,XD海兴电,电网设备,38.228,39.948,37.708,38.008,38.33,6811200,258880089.60,1.4007,,,否,,,,,,否,486264170,486264170,18481928573.36,18481928573.36,,,,38.31,39.06,37.74,36.45,35.22,31.61,29.89,2016-11-10,-
2026-02-03,603556,XD海兴电,电网设备,38.368,39.558,38.208,39.028,38.01,4761700,185839627.60,0.9792,,,否,,,,,,否,486264170,486264170,18977918026.76,18977918026.76,,,,38.49,38.93,37.95,36.68,35.26,31.71,29.90,2016-11-10,-
2026-02-04,603556,XD海兴电,电网设备,38.958,38.968,36.878,37.438,39.03,7607100,284794609.80,1.5644,,,否,,,,,,否,486264170,486264170,18204757996.46,18204757996.46,,,,38.30,38.59,38.06,36.83,35.28,31.80,29.91,2016-11-10,-
2026-02-05,603556,XD海兴电,电网设备,37.208,37.238,35.908,36.268,37.44,5734700,207986099.60,1.1793,,,否,,,,,,否,486264170,486264170,17635828917.56,17635828917.56,,,,37.81,38.32,38.14,36.93,35.25,31.88,29.91,2016-11-10,-
2026-02-06,603556,XD海兴电,电网设备,36.118,37.028,36.008,36.198,36.27,3327800,120459704.40,0.6844,,,否,,,,,,否,486264170,486264170,17601790425.66,17601790425.66,,,,37.39,37.97,38.22,37.00,35.25,31.95,29.91,2016-11-10,-
2026-02-09,603556,XD海兴电,电网设备,36.518,36.898,35.898,36.198,36.20,5172500,187234155.00,1.0637,,,否,,,,,,否,486264170,486264170,17601790425.66,17601790425.66,,,,37.03,37.67,38.23,37.08,35.26,32.03,29.91,2016-11-10,-
2026-02-10,603556,XD海兴电,电网设备,36.188,36.588,35.698,36.218,36.20,5032100,182252597.80,1.0348,,,否,,,,,,否,486264170,486264170,17611515709.06,17611515709.06,,,,36.46,37.48,38.22,37.16,35.28,32.11,29.92,2016-11-10,-
2026-02-11,603556,XD海兴电,电网设备,36.258,36.598,36.008,36.028,36.22,3004500,108246126.00,0.6179,,,否,,,,,,否,486264170,486264170,17519125516.76,17519125516.76,,,,36.18,37.24,38.17,37.23,35.30,32.19,29.93,2016-11-10,-
2026-02-12,603556,XD海兴电,电网设备,36.028,37.598,35.808,37.168,36.03,4409200,163881145.60,0.9067,,,否,,,,,,否,486264170,486264170,18073466670.56,18073466670.56,,,,36.36,37.09,38.18,37.32,35.35,32.28,29.94,2016-11-10,-
2026-02-13,603556,XD海兴电,电网设备,36.988,37.098,36.088,36.168,37.17,3726800,134790902.40,0.7664,,,否,,,,,,否,486264170,486264170,17587202500.56,17587202500.56,,,,36.36,36.87,38.10,37.34,35.38,32.35,29.95,2016-11-10,-
2026-02-24,603556,XD海兴电,电网设备,36.648,38.318,36.258,37.908,36.17,5696900,215958085.20,1.1716,,,否,,,,,,否,486264170,486264170,18433302156.36,18433302156.36,,,,36.70,36.86,37.96,37.45,35.45,32.44,29.97,2016-11-10,-
2026-02-25,603556,XD海兴电,电网设备,37.908,38.698,37.528,38.208,37.91,3703800,141514790.40,0.7617,,,否,,,,,,否,486264170,486264170,18579181407.36,18579181407.36,,,,37.10,36.78,37.86,37.56,35.55,32.53,29.99,2016-11-10,-
2026-02-26,603556,XD海兴电,电网设备,38.398,38.848,37.858,38.688,38.21,3927300,151939382.40,0.8076,,,否,,,,,,否,486264170,486264170,18812588208.96,18812588208.96,,,,37.63,36.91,37.75,37.67,35.65,32.62,30.01,2016-11-10,-
2026-02-27,603556,XD海兴电,电网设备,38.488,38.938,37.688,37.908,38.69,4552300,172568588.40,0.9362,,,否,,,,,,否,486264170,486264170,18433302156.36,18433302156.36,,,,37.78,37.07,37.70,37.78,35.74,32.71,30.04,2016-11-10,-
2026-03-02,603556,XD海兴电,电网设备,37.418,39.188,37.318,38.388,37.91,5060000,194243280.00,1.0406,,,否,,,,,,否,486264170,486264170,18666708957.96,18666708957.96,,,,38.22,37.29,37.63,37.91,35.83,32.80,30.06,2016-11-10,-
2026-03-03,603556,XD海兴电,电网设备,38.278,38.848,36.668,37.038,38.39,5191200,192271665.60,1.0676,,,否,,,,,,否,486264170,486264170,18010252328.46,18010252328.46,,,,38.05,37.37,37.52,37.95,35.89,32.88,30.08,2016-11-10,-
2026-03-04,603556,XD海兴电,电网设备,36.508,38.478,36.508,37.448,37.04,4551800,170455806.40,0.9361,,,否,,,,,,否,486264170,486264170,18209620638.16,18209620638.16,,,,37.89,37.49,37.49,37.98,35.97,32.97,30.11,2016-11-10,-
2026-03-05,603556,XD海兴电,电网设备,37.958,39.408,37.938,39.028,37.45,7787700,303938355.60,1.6015,,,否,,,,,,否,486264170,486264170,18977918026.76,18977918026.76,,,,37.96,37.80,37.52,38.05,36.04,33.08,30.14,2016-11-10,-
2026-03-06,603556,XD海兴电,电网设备,39.678,41.688,39.678,40.668,39.03,10873600,442207564.80,2.2362,,,否,,,,,,否,486264170,486264170,19775391265.56,19775391265.56,,,,38.51,38.14,37.62,38.17,36.17,33.20,30.18,2016-11-10,-
2026-03-09,603556,XD海兴电,电网设备,39.648,41.208,38.848,40.528,40.67,9136000,370263808.00,1.8788,,,否,,,,,,否,486264170,486264170,19707314281.76,19707314281.76,,,,38.94,38.58,37.73,38.26,36.29,33.32,30.22,2016-11-10,-
2026-03-10,603556,XD海兴电,电网设备,40.548,42.488,39.788,41.968,40.53,9381700,393731185.60,1.9293,,,否,,,,,,否,486264170,486264170,20407534686.56,20407534686.56,,,,39.93,38.99,37.92,38.30,36.43,33.45,30.27,2016-11-10,-
2026-03-11,603556,XD海兴电,电网设备,41.988,42.208,40.768,41.638,41.97,7048600,293489606.80,1.4495,,,否,,,,,,否,486264170,486264170,20247067510.46,20247067510.46,,,,40.77,39.33,38.05,38.35,36.56,33.58,30.31,2016-11-10,-
2026-03-12,603556,XD海兴电,电网设备,41.608,41.608,39.468,40.308,41.64,6110800,246314126.40,1.2567,,,否,,,,,,否,486264170,486264170,19600336164.36,19600336164.36,,,,41.02,39.49,38.20,38.33,36.67,33.69,30.35,2016-11-10,-
2026-03-13,603556,XD海兴电,电网设备,40.618,40.618,38.718,38.858,40.31,4090700,158956420.60,0.8413,,,否,,,,,,否,486264170,486264170,18895253117.86,18895253117.86,,,,40.66,39.59,38.33,38.33,36.75,33.80,30.38,2016-11-10,-
2026-03-16,603556,XD海兴电,电网设备,38.848,39.038,37.408,38.218,38.86,4495900,171824306.20,0.9246,,,否,,,,,,否,486264170,486264170,18584044049.06,18584044049.06,,,,40.20,39.57,38.43,38.27,36.84,33.89,30.41,2016-11-10,-
2026-03-17,603556,XD海兴电,电网设备,38.218,38.678,37.288,37.398,38.22,2818000,105387564.00,0.5795,,,否,,,,,,否,486264170,486264170,18185307429.66,18185307429.66,,,,39.28,39.61,38.49,38.21,36.93,33.99,30.43,2016-11-10,-
2026-03-18,603556,XD海兴电,电网设备,37.898,37.898,36.558,36.918,37.40,4817100,177837697.80,0.9906,,,否,,,,,,否,486264170,486264170,17951900628.06,17951900628.06,,,,38.34,39.55,38.52,38.17,36.98,34.08,30.45,2016-11-10,-
2026-03-19,603556,XD海兴电,电网设备,36.318,36.668,34.938,35.118,36.92,5891000,206880138.00,1.2115,,,否,,,,,,否,486264170,486264170,17076625122.06,17076625122.06,,,,37.30,39.16,38.48,38.07,37.00,34.15,30.47,2016-11-10,-
2026-03-20,603556,XD海兴电,电网设备,35.558,36.008,34.388,34.758,35.12,4948600,172003438.80,1.0177,,,否,,,,,,否,486264170,486264170,16901570020.86,16901570020.86,,,,36.48,38.57,38.36,37.93,37.02,34.22,30.49,2016-11-10,-
2026-03-23,603556,XD海兴电,电网设备,34.308,35.308,32.798,33.168,34.76,6812200,225947049.60,1.4009,,,否,,,,,,否,486264170,486264170,16128409990.56,16128409990.56,,,,35.47,37.84,38.21,37.76,37.02,34.28,30.49,2016-11-10,-
2026-03-24,603556,XD海兴电,电网设备,33.608,33.708,32.538,33.528,33.17,3802300,127483514.40,0.7819,,,否,,,,,,否,486264170,486264170,16303465091.76,16303465091.76,,,,34.70,36.99,37.99,37.61,37.03,34.35,30.51,2016-11-10,-
2026-03-25,603556,XD海兴电,电网设备,33.698,34.148,33.508,33.638,33.53,3776000,127017088.00,0.7765,,,否,,,,,,否,486264170,486264170,16356954150.46,16356954150.46,,,,34.04,36.19,37.76,37.43,37.06,34.41,30.52,2016-11-10,-
2026-03-26,603556,XD海兴电,电网设备,33.668,34.468,33.428,33.818,33.64,4766100,161179969.80,0.9801,,,否,,,,,,否,486264170,486264170,16444481701.06,16444481701.06,,,,33.78,35.54,37.52,37.31,37.07,34.48,30.54,2016-11-10,-
2026-03-27,603556,XD海兴电,电网设备,33.458,33.998,33.298,33.608,33.82,3542700,119063061.60,0.7286,,,否,,,,,,否,486264170,486264170,16342366225.36,16342366225.36,,,,33.55,35.02,37.30,37.22,37.08,34.54,30.55,2016-11-10,-
2026-03-30,603556,XD海兴电,电网设备,33.238,33.438,32.158,32.458,33.61,6458400,209626747.20,1.3282,,,否,,,,,,否,486264170,486264170,15783162429.86,15783162429.86,,,,33.41,34.44,37.01,37.10,37.05,34.59,30.56,2016-11-10,-
2026-03-31,603556,XD海兴电,电网设备,32.598,32.808,31.678,32.008,32.46,5014500,160504116.00,1.0312,,,否,,,,,,否,486264170,486264170,15564343553.36,15564343553.36,,,,33.11,33.90,36.75,36.96,37.02,34.63,30.56,2016-11-10,-
2026-04-01,603556,XD海兴电,电网设备,32.468,33.188,32.468,32.998,32.01,4052700,133730994.60,0.8334,,,否,,,,,,否,486264170,486264170,16045745081.66,16045745081.66,,,,32.98,33.51,36.53,36.85,37.01,34.69,30.56,2016-11-10,-
2026-04-02,603556,XD海兴电,电网设备,32.758,33.458,32.338,32.438,33.00,2620300,84997291.40,0.5389,,,否,,,,,,否,486264170,486264170,15773437146.46,15773437146.46,,,,32.70,33.24,36.20,36.73,36.98,34.74,30.57,2016-11-10,-
2026-04-03,603556,XD海兴电,电网设备,32.538,32.628,31.998,32.008,32.44,1993600,63811148.80,0.4100,,,否,,,,,,否,486264170,486264170,15564343553.36,15564343553.36,,,,32.38,32.97,35.77,36.56,36.94,34.78,30.57,2016-11-10,-
2026-04-07,603556,XD海兴电,电网设备,32.058,32.258,31.408,31.608,32.01,2004300,63351914.40,0.4122,,,否,,,,,,否,486264170,486264170,15369837885.36,15369837885.36,,,,32.21,32.81,35.32,36.41,36.87,34.82,30.57,2016-11-10,-
2026-04-08,603556,XD海兴电,电网设备,32.288,34.308,32.288,33.908,31.61,4724100,160184782.80,0.9715,,,否,,,,,,否,486264170,486264170,16488245476.36,16488245476.36,,,,32.59,32.85,34.92,36.28,36.86,34.87,30.57,2016-11-10,-
2026-04-09,603556,XD海兴电,电网设备,33.808,33.808,33.128,33.508,33.91,3079100,103174482.80,0.6332,,,否,,,,,,否,486264170,486264170,16293739808.36,16293739808.36,,,,32.69,32.84,34.51,36.12,36.84,34.90,30.58,2016-11-10,-
2026-04-10,603556,XD海兴电,电网设备,33.578,33.918,33.408,33.598,33.51,2411800,81031656.40,0.4960,,,否,,,,,,否,486264170,486264170,16337503583.66,16337503583.66,,,,32.93,32.81,34.18,35.95,36.81,34.94,30.58,2016-11-10,-
2026-04-13,603556,XD海兴电,电网设备,33.208,34.808,32.658,34.108,33.60,5660400,193064923.20,1.1641,,,否,,,,,,否,486264170,486264170,16585498310.36,16585498310.36,,,,33.35,32.86,33.94,35.82,36.80,34.98,30.59,2016-11-10,-
2026-04-14,603556,XD海兴电,电网设备,34.108,34.728,33.908,34.378,34.11,3477600,119552932.80,0.7152,,,否,,,,,,否,486264170,486264170,16716789636.26,16716789636.26,,,,33.90,33.06,33.75,35.69,36.80,35.03,30.60,2016-11-10,-
2026-04-15,603556,XD海兴电,电网设备,34.718,36.258,34.378,35.808,34.38,5896900,211156195.20,1.2127,,,否,,,,,,否,486264170,486264170,17412147399.36,17412147399.36,,,,34.28,33.44,33.67,35.65,36.80,35.08,30.61,2016-11-10,-
2026-04-16,603556,XD海兴电,电网设备,35.798,35.798,34.568,34.938,35.81,4905300,171381371.40,1.0088,,,否,,,,,,否,486264170,486264170,16989097571.46,16989097571.46,,,,34.57,33.63,33.57,35.56,36.77,35.15,30.62,2016-11-10,-
2026-04-17,603556,XD海兴电,电网设备,34.808,35.048,33.348,33.768,34.94,5425400,183204907.20,1.1157,,,否,,,,,,否,486264170,486264170,16420168492.56,16420168492.56,,,,34.60,33.76,33.50,35.39,36.72,35.20,30.64,2016-11-10,-
2026-04-20,603556,XD海兴电,电网设备,33.538,34.058,32.888,33.358,33.77,7277700,242769516.60,1.4967,,,否,,,,,,否,486264170,486264170,16220800182.86,16220800182.86,,,,34.45,33.90,33.43,35.15,36.66,35.24,30.65,2016-11-10,-
2026-04-21,603556,XD海兴电,电网设备,31.608,31.608,30.028,30.408,33.36,16733400,508829227.20,3.4412,,,否,,,,,,否,486264170,486264170,14786320881.36,14786320881.36,,,,33.66,33.78,33.29,34.81,36.53,35.26,30.65,2016-11-10,-
2026-04-22,603556,XD海兴电,电网设备,29.908,30.108,29.308,29.688,30.41,9469800,281139422.40,1.9475,,,否,,,,,,否,486264170,486264170,14436210678.96,14436210678.96,,,,32.43,33.36,33.10,34.40,36.35,35.27,30.65,2016-11-10,-
2026-04-23,603556,XD海兴电,电网设备,29.638,30.058,29.318,29.408,29.69,5356600,157526892.80,1.1016,,,否,,,,,,否,486264170,486264170,14300056711.36,14300056711.36,,,,31.33,32.95,32.89,33.99,36.17,35.29,30.65,2016-11-10,-
2026-04-24,603556,XD海兴电,电网设备,29.328,29.418,28.618,28.688,29.41,5217000,149665296.00,1.0729,,,否,,,,,,否,486264170,486264170,13949946508.96,13949946508.96,,,,30.31,32.45,32.63,33.60,35.97,35.29,30.64,2016-11-10,-
2026-04-27,603556,XD海兴电,电网设备,28.658,29.448,27.698,29.358,28.69,8539600,250705576.80,1.7562,,,否,,,,,,否,486264170,486264170,14275743502.86,14275743502.86,,,,29.51,31.98,32.42,33.29,35.81,35.28,30.63,2016-11-10,-
2026-04-28,603556,XD海兴电,电网设备,29.108,29.288,28.488,28.628,29.36,3887200,111282761.60,0.7994,,,否,,,,,,否,486264170,486264170,13920770658.76,13920770658.76,,,,29.15,31.41,32.23,32.97,35.62,35.23,30.62,2016-11-10,-
2026-04-29,603556,XD海兴电,电网设备,28.478,28.958,28.478,28.698,28.63,3629000,104145042.00,0.7463,,,否,,,,,,否,486264170,486264170,13954809150.66,13954809150.66,,,,28.96,30.69,32.07,32.68,35.45,35.19,30.61,2016-11-10,-
2026-04-30,603556,XD海兴电,电网设备,28.208,28.768,27.818,27.928,28.70,7187100,200721328.80,1.4780,,,否,,,,,,否,486264170,486264170,13580385739.76,13580385739.76,,,,28.66,29.99,31.81,32.38,35.28,35.15,30.60,2016-11-10,-
2026-05-06,603556,XD海兴电,电网设备,28.188,29.278,28.108,28.998,27.93,7334400,212682931.20,1.5083,,,否,,,,,,否,486264170,486264170,14100688401.66,14100688401.66,,,,28.72,29.52,31.64,32.17,35.12,35.10,30.59,2016-11-10,-
2026-05-07,603556,XD海兴电,电网设备,29.188,29.298,28.608,28.858,29.00,5747700,165867126.60,1.1820,,,否,,,,,,否,486264170,486264170,14032611417.86,14032611417.86,,,,28.62,29.07,31.48,31.98,34.96,35.06,30.59,2016-11-10,-
2026-05-08,603556,XD海兴电,电网设备,28.658,28.798,28.148,28.338,28.86,5039700,142815018.60,1.0364,,,否,,,,,,否,486264170,486264170,13779754049.46,13779754049.46,,,,28.56,28.86,31.32,31.82,34.79,34.99,30.59,2016-11-10,-
2026-05-11,603556,XD海兴电,电网设备,28.488,30.058,28.448,29.378,28.34,10695900,314224150.20,2.1996,,,否,,,,,,否,486264170,486264170,14285468786.26,14285468786.26,,,,28.70,28.83,31.09,31.68,34.65,34.93,30.60,2016-11-10,-
2026-05-12,603556,XD海兴电,电网设备,29.388,29.728,28.868,29.098,29.38,5335600,155255288.80,1.0973,,,否,,,,,,否,486264170,486264170,14149314818.66,14149314818.66,,,,28.93,28.80,30.87,31.53,34.48,34.87,30.61,2016-11-10,-
2026-05-13,603556,XD海兴电,电网设备,29.098,29.658,28.968,29.318,29.10,5556800,162914262.40,1.1428,,,否,,,,,,否,486264170,486264170,14256292936.06,14256292936.06,,,,29.00,28.86,30.66,31.38,34.34,34.81,30.61,2016-11-10,-
2026-05-14,603556,XD海兴电,电网设备,29.328,29.458,27.538,27.798,29.32,9624300,267536291.40,1.9792,,,否,,,,,,否,486264170,486264170,13517171397.66,13517171397.66,,,,28.79,28.70,30.34,31.18,34.20,34.73,30.61,2016-11-10,-
2026-05-15,603556,XD海兴电,电网设备,27.588,27.788,26.978,27.058,27.80,5769100,156100307.80,1.1864,,,否,,,,,,否,486264170,486264170,13157335911.86,13157335911.86,,,,28.53,28.55,29.98,31.00,34.05,34.65,30.62,2016-11-10,-
2026-05-18,603556,XD海兴电,电网设备,27.258,27.448,26.838,27.208,27.06,3681100,100155368.80,0.7570,,,否,,,,,,否,486264170,486264170,13230275537.36,13230275537.36,,,,28.10,28.40,29.55,30.84,33.90,34.58,30.63,2016-11-10,-
2026-05-19,603556,XD海兴电,电网设备,27.028,28.628,27.008,28.408,27.21,6194300,175967674.40,1.2739,,,否,,,,,,否,486264170,486264170,13813792541.36,13813792541.36,,,,27.96,28.45,29.22,30.69,33.77,34.53,30.64,2016-11-10,-
2026-05-20,603556,XD海兴电,电网设备,28.418,28.418,27.678,28.018,28.41,3701400,103705825.20,0.7612,,,否,,,,,,否,486264170,486264170,13624149515.06,13624149515.06,,,,27.70,28.35,28.93,30.54,33.64,34.47,30.65,2016-11-10,-
2026-05-21,603556,XD海兴电,电网设备,28.068,28.208,26.938,27.018,28.02,5194300,140339597.40,1.0682,,,否,,,,,,否,486264170,486264170,13137885345.06,13137885345.06,,,,27.54,28.16,28.61,30.38,33.47,34.41,30.66,2016-11-10,-
2026-05-22,603556,XD海兴电,电网设备,27.158,27.308,26.528,26.708,27.02,4039100,107876282.80,0.8306,,,否,,,,,,否,486264170,486264170,12987143452.36,12987143452.36,,,,27.47,28.00,28.43,30.21,33.31,34.34,30.66,2016-11-10,-
2026-05-25,603556,XD海兴电,电网设备,26.938,28.018,26.898,27.288,26.71,5124800,139845542.40,1.0539,,,否,,,,,,否,486264170,486264170,13269176670.96,13269176670.96,,,,27.49,27.79,28.31,29.99,33.13,34.29,30.67,2016-11-10,-
2026-05-26,603556,XD海兴电,电网设备,27.208,27.208,26.538,26.708,27.29,3798700,101455679.60,0.7812,,,否,,,,,,否,486264170,486264170,12987143452.36,12987143452.36,,,,27.15,27.55,28.18,29.77,32.94,34.25,30.67,2016-11-10,-
2026-05-27,603556,XD海兴电,电网设备,26.728,27.298,26.208,26.298,26.71,3761200,98912037.60,0.7735,,,否,,,,,,否,486264170,486264170,12787775142.66,12787775142.66,,,,26.80,27.25,28.06,29.52,32.74,34.19,30.68,2016-11-10,-
2026-05-28,603556,XD海兴电,电网设备,26.188,26.708,25.948,26.338,26.30,3550400,93510435.20,0.7301,,,否,,,,,,否,486264170,486264170,12807225709.46,12807225709.46,,,,26.67,27.11,27.90,29.26,32.54,34.14,30.68,2016-11-10,-
2026-05-29,603556,XD海兴电,电网设备,26.298,26.458,25.988,26.098,26.34,4383300,114395363.40,0.9014,,,否,,,,,,否,486264170,486264170,12690522308.66,12690522308.66,,,,26.55,27.01,27.78,28.99,32.34,34.08,30.68,2016-11-10,-
2026-06-01,603556,XD海兴电,电网设备,25.908,26.308,25.758,25.938,26.10,3660300,94940861.40,0.7527,,,否,,,,,,否,486264170,486264170,12612720041.46,12612720041.46,,,,26.28,26.88,27.64,28.66,32.15,34.02,30.68,2016-11-10,-
2026-06-02,603556,XD海兴电,电网设备,25.938,26.098,24.498,24.568,25.94,7759600,190637852.80,1.5958,,,否,,,,,,否,486264170,486264170,11946538128.56,11946538128.56,,,,25.85,26.50,27.47,28.31,31.94,33.95,30.68,2016-11-10,-
2026-06-03,603556,XD海兴电,电网设备,24.508,24.788,24.018,24.598,24.57,4507800,110882864.40,0.9270,,,否,,,,,,否,486264170,486264170,11961126053.66,11961126053.66,,,,25.51,26.16,27.25,28.01,31.70,33.87,30.68,2016-11-10,-
2026-06-04,603556,XD海兴电,电网设备,24.588,24.588,23.768,23.968,24.60,3582500,85865360.00,0.7367,,,否,,,,,,否,486264170,486264170,11654779626.56,11654779626.56,,,,25.03,25.85,27.01,27.69,31.42,33.79,30.68,2016-11-10,-
2026-06-05,603556,XD海兴电,电网设备,23.998,24.148,23.368,23.648,23.97,4099900,96954435.20,0.8431,,,否,,,,,,否,486264170,486264170,11499175092.16,11499175092.16,,,,24.54,25.54,26.77,27.47,31.14,33.71,30.67,2016-11-10,-
2026-06-08,603556,XD海兴电,电网设备,23.208,23.388,22.248,22.558,23.65,5090700,114836010.60,1.0469,,,否,,,,,,否,486264170,486264170,10969147146.86,10969147146.86,,,,23.87,25.07,26.43,27.23,30.81,33.62,30.66,2016-11-10,-
2026-06-09,603556,XD海兴电,电网设备,22.678,23.508,22.168,23.458,22.56,6034700,141561992.60,1.2410,,,否,,,,,,否,486264170,486264170,11406784899.86,11406784899.86,,,,23.65,24.75,26.15,27.03,30.51,33.53,30.65,2016-11-10,-
2026-06-10,603556,XD海兴电,电网设备,23.008,24.208,22.918,23.768,23.46,8221800,195415742.40,1.6908,,,否,,,,,,否,486264170,486264170,11557526792.56,11557526792.56,,,,23.48,24.49,25.87,26.87,30.24,33.45,30.64,2016-11-10,-
2026-06-11,603556,XD海兴电,电网设备,23.728,23.728,22.758,22.768,23.77,3808300,86707374.40,0.7832,,,否,,,,,,否,486264170,486264170,11071262622.56,11071262622.56,,,,23.24,24.14,25.62,26.65,29.97,33.36,30.63,2016-11-10,-
2026-06-12,603556,XD海兴电,电网设备,23.008,23.258,22.618,22.998,22.77,3839700,88305420.60,0.7896,,,否,,,,,,否,486264170,486264170,11183103381.66,11183103381.66,,,,23.11,23.83,25.42,26.46,29.71,33.28,30.63,2016-11-10,-
2026-06-15,603556,XD海兴电,电网设备,23.198,23.398,23.028,23.238,23.00,3269800,75983612.40,0.6724,,,否,,,,,,否,486264170,486264170,11299806782.46,11299806782.46,,,,23.25,23.56,25.22,26.28,29.48,33.20,30.62,2016-11-10,-
2026-06-16,603556,XD海兴电,电网设备,23.398,23.398,22.728,22.978,23.24,3195800,73433092.40,0.6572,,,否,,,,,,否,486264170,486264170,11173378098.26,11173378098.26,,,,23.15,23.40,24.95,26.11,29.25,33.11,30.61,2016-11-10,-
2026-06-17,603556,XD海兴电,电网设备,22.978,23.008,22.258,22.268,22.98,4270200,95088813.60,0.8782,,,否,,,,,,否,486264170,486264170,10828130537.56,10828130537.56,,,,22.85,23.16,24.66,25.89,29.03,33.01,30.60,2016-11-10,-
2026-06-18,603556,XD海兴电,电网设备,22.408,23.708,22.128,22.328,22.27,8769600,195807628.80,1.8035,,,否,,,,,,否,486264170,486264170,10857306387.76,10857306387.76,,,,22.76,23.00,24.43,25.67,28.82,32.92,30.59,2016-11-10,-
2026-06-22,603556,XD海兴电,电网设备,22.028,22.308,21.638,22.128,22.33,7428400,164375635.20,1.5276,,,否,,,,,,否,486264170,486264170,10760053553.76,10760053553.76,,,,22.59,22.85,24.20,25.46,28.64,32.83,30.58,2016-11-10,-
2026-06-23,603556,XD海兴电,电网设备,22.268,22.548,21.668,21.938,22.13,8733700,191599910.60,1.7961,,,否,,,,,,否,486264170,486264170,10667663361.46,10667663361.46,,,,22.33,22.79,23.93,25.22,28.45,32.74,30.56,2016-11-10,-
2026-06-24,603556,XD海兴电,电网设备,21.858,21.878,20.818,20.868,21.94,9701900,202459249.20,1.9952,,,否,,,,,,否,486264170,486264170,10147360699.56,10147360699.56,,,,21.91,22.53,23.64,24.94,28.23,32.65,30.55,2016-11-10,-
2026-06-25,603556,XD海兴电,电网设备,20.738,20.868,20.188,20.568,20.87,8561200,176086761.60,1.7606,,,否,,,,,,否,486264170,486264170,10001481448.56,10001481448.56,,,,21.57,22.21,23.35,24.65,28.01,32.54,30.53,2016-11-10,-
2026-06-26,603556,XD海兴电,电网设备,20.538,21.158,20.218,20.528,20.57,6122400,125680627.20,1.2591,,,否,,,,,,否,486264170,486264170,9982030881.76,9982030881.76,,,,21.21,21.98,23.06,24.41,27.80,32.44,30.51,2016-11-10,-
2026-06-29,603556,XD海兴电,电网设备,20.508,21.008,19.898,20.588,20.53,6908500,142232198.00,1.4207,,,否,,,,,,否,486264170,486264170,10011206731.96,10011206731.96,,,,20.90,21.74,22.79,24.19,27.60,32.32,30.50,2016-11-10,-
2026-06-30,603556,XD海兴电,电网设备,20.608,21.388,20.358,21.208,20.59,6237800,132291262.40,1.2828,,,否,,,,,,否,486264170,486264170,10312690517.36,10312690517.36,,,,20.75,21.54,22.55,23.99,27.42,32.22,30.49,2016-11-10,-
2026-07-01,603556,XD海兴电,电网设备,21.208,21.998,20.888,21.988,21.21,8198300,180264220.40,1.6860,,,否,,,,,,否,486264170,486264170,10691976569.96,10691976569.96,,,,20.98,21.44,22.42,23.78,27.23,32.12,30.48,2016-11-10,-
2026-07-02,603556,XD海兴电,电网设备,21.898,22.128,21.338,21.458,21.99,5927800,127198732.40,1.2190,,,否,,,,,,否,486264170,486264170,10434256559.86,10434256559.86,,,,21.15,21.36,22.26,23.56,27.05,32.02,30.47,2016-11-10,-
2026-07-03,603556,XD海兴电,电网设备,21.658,22.348,21.568,22.108,21.46,5905400,130556583.20,1.2144,,,否,,,,,,否,486264170,486264170,10750328270.36,10750328270.36,,,,21.47,21.34,22.17,23.40,26.89,31.91,30.46,2016-11-10,-
2026-07-06,603556,XD海兴电,电网设备,22.158,22.468,21.918,22.118,22.11,6172100,136514507.80,1.2693,,,否,,,,,,否,486264170,486264170,10755190912.06,10755190912.06,,,,21.78,21.34,22.09,23.24,26.73,31.80,30.45,2016-11-10,-
2026-07-07,603556,XD海兴电,电网设备,22.0,22.01,21.18,21.37,22.12,5666400,121090968.00,1.1653,,,否,,,,,,否,486264170,486264170,10391465312.90,10391465312.90,,,,21.81,21.28,22.03,23.05,26.52,31.69,30.44,2016-11-10,-
2026-07-08,603556,XD海兴电,电网设备,21.3,22.3,21.14,21.37,21.37,6572700,140458599.00,1.3517,,,否,,,,,,否,486264170,486264170,10391465312.90,10391465312.90,,,,21.68,21.33,21.93,22.87,26.32,31.58,30.43,2016-11-10,-
2026-07-09,603556,XD海兴电,电网设备,21.36,21.43,20.44,20.82,21.37,5076200,105686484.00,1.0439,,,否,,,,,,否,486264170,486264170,10124020019.40,10124020019.40,,,,21.56,21.36,21.78,22.69,26.10,31.46,30.42,2016-11-10,-
2026-07-10,603556,XD海兴电,电网设备,20.76,22.9,20.66,22.9,20.82,8817900,201929910.00,1.8134,,,否,,,,,,否,486264170,486264170,11135449493.00,11135449493.00,,,,21.72,21.59,21.79,22.57,25.92,31.36,30.41,2016-11-10,-
2026-07-13,603556,XD海兴电,电网设备,22.83,23.35,22.09,22.44,22.9,12016400,269648016.00,2.4712,,,否,,,,,,否,486264170,486264170,10911767974.80,10911767974.80,,,,21.78,21.78,21.76,22.45,25.72,31.26,30.40,2016-11-10,-
2026-07-14,603556,XD海兴电,电网设备,22.5,22.6,21.57,22.43,22.44,7963900,178630277.00,1.6378,,,否,,,,,,否,486264170,486264170,10906905333.10,10906905333.10,,,,21.99,21.90,21.72,22.33,25.50,31.15,30.39,2016-11-10,-
2026-07-15,603556,XD海兴电,电网设备,22.64,23.25,22.2,23.25,22.43,9380000,218085000.00,1.9290,,,否,,,,,,否,486264170,486264170,11305641952.50,11305641952.50,,,,22.37,22.03,21.73,22.29,25.30,31.04,30.39,2016-11-10,-
2026-07-16,603556,XD海兴电,电网设备,23.17,23.38,22.56,23.31,23.25,7077600,164978856.00,1.4555,,,否,,,,,,否,486264170,486264170,11334817802.70,11334817802.70,,,,22.87,22.21,21.79,22.25,25.13,30.92,30.38,2016-11-10,-
2026-07-17,603556,XD海兴电,电网设备,23.35,24.49,23.03,24.06,23.31,12156500,292485390.00,2.5000,,,否,,,,,,否,486264170,486264170,11699515930.20,11699515930.20,,,,23.10,22.41,21.87,22.25,24.97,30.81,30.38,2016-11-10,-
