日期,代码,名称,所属行业,开盘价,最高价,最低价,收盘价,前收盘价,成交量（股）,成交额（元）,换手率,涨幅%,振幅%,是否ST,量比,3日涨幅%,6日涨幅%,10日涨幅%,25日涨幅%,是否涨停,总股本（股）,流通股本（股）,总市值（元）,流通市值（元）,滚动市盈率,市净率,滚动市销率,5日线,10日线,20日线,30日线,60日线,120日线,250日线,上市时间,退市时间
2023-12-14,920375,派诺科技,仪器仪表,16.610,23.780,16.280,18.640,16.280,16216400,382362027.00,66.060000,114.240,86.200,否,,,,,,否,78110000,24549725,1927754800.000,605887213.000,27.446153,3.191305,2.933067,3.730,1.860,0.930,0.620,0.310,0.160,0.070,2023-12-14,-
2023-12-15,920375,派诺科技,仪器仪表,17.220,19.300,16.580,18.190,16.580,12928700,298718446.00,52.660000,-2.390,14.550,否,0.800,,,,,否,78110000,24549725,1881669900.000,591402875.250,26.790025,3.115013,2.862949,7.370,3.680,1.840,1.230,0.610,0.310,0.150,2023-12-14,-
2023-12-18,920375,派诺科技,仪器仪表,17.830,18.220,17.230,17.600,17.230,7595600,177330697.00,30.940000,-3.280,5.400,否,0.130,,,,,否,78110000,24549725,1819963000.000,572008592.500,25.911481,3.012861,2.769063,10.890,5.440,2.720,1.810,0.910,0.450,0.220,2023-12-14,-
2023-12-19,920375,派诺科技,仪器仪表,17.670,17.670,16.150,16.550,16.150,6557200,145393385.00,26.710000,-5.970,8.630,否,0.060,-11.212,,,,否,78110000,24549725,1711390100.000,537884474.750,24.365689,2.833123,2.603870,14.200,7.100,3.550,2.370,1.180,0.590,0.280,2023-12-14,-
2023-12-20,920375,派诺科技,仪器仪表,16.610,17.330,16.240,16.860,16.240,5736700,128278793.00,23.370000,1.870,6.620,否,0.030,-7.312,,,,否,78110000,24549725,1743415200.000,547949862.000,24.821642,2.886139,2.652596,17.570,8.780,4.390,2.930,1.460,0.730,0.350,2023-12-14,-
2023-12-21,920375,派诺科技,仪器仪表,16.950,17.480,14.760,15.220,14.760,6564100,142947847.00,26.740000,-9.720,16.130,否,0.670,-13.523,,,,否,78110000,24549725,1573916500.000,494676958.750,22.408427,2.605543,2.394704,16.880,10.310,5.150,3.440,1.720,0.860,0.410,2023-12-14,-
2023-12-22,920375,派诺科技,仪器仪表,14.880,15.250,14.330,14.770,14.330,3838700,74760293.00,15.640000,-2.930,6.000,否,0.490,-10.755,-20.762,,,否,78110000,24549725,1527831600.000,480192621.000,21.752299,2.529251,2.324586,16.200,11.780,5.890,3.930,1.960,0.980,0.470,2023-12-14,-
2023-12-25,920375,派诺科技,仪器仪表,14.850,15.540,14.800,15.320,14.800,3523200,70775477.00,14.350000,3.680,5.010,否,0.580,-9.134,-15.778,,,否,78110000,24549725,1584070800.000,497868423.000,22.552998,2.622353,2.410154,15.740,13.320,6.660,4.440,2.220,1.110,0.530,2023-12-14,-
2023-12-26,920375,派诺科技,仪器仪表,15.250,16.260,14.730,16.010,14.730,5333400,109555016.00,21.720000,4.540,9.960,否,1.020,5.191,-9.034,,,否,78110000,24549725,1655932000.000,520454170.000,23.576112,2.741315,2.519490,15.640,14.920,7.460,4.970,2.490,1.240,0.600,2023-12-14,-
2023-12-27,920375,派诺科技,仪器仪表,16.090,17.460,15.710,17.160,15.710,7998700,178617538.00,32.580000,7.170,10.940,否,1.600,16.181,3.686,,,否,78110000,24549725,1774659200.000,557769752.000,25.266475,2.937862,2.700133,15.700,16.630,8.320,5.540,2.770,1.390,0.670,2023-12-14,-
2023-12-28,920375,派诺科技,仪器仪表,17.120,17.120,16.280,16.460,16.280,5455100,119773934.00,22.220000,-4.090,4.890,否,1.000,7.441,-2.372,-11.695,,否,78110000,24549725,1702016900.000,534938507.750,24.232240,2.817607,2.589608,15.940,16.410,9.140,6.090,3.050,1.520,0.730,2023-12-14,-
2023-12-29,920375,派诺科技,仪器仪表,16.460,16.770,16.180,16.650,16.180,3976400,86892787.00,16.200000,1.190,3.580,否,0.760,3.998,9.396,-8.466,,否,78110000,24549725,1722325500.000,541321436.250,24.521381,2.851226,2.620508,16.320,16.260,9.970,6.650,3.320,1.660,0.800,2023-12-14,-
2024-01-02,920375,派诺科技,仪器仪表,16.610,16.910,16.360,16.910,16.360,4718800,104199765.00,19.220000,1.540,3.310,否,0.900,-1.457,14.489,-3.920,,否,78110000,24549725,1748882900.000,549668342.750,24.899488,2.387444,2.660915,16.640,16.190,10.820,7.210,3.610,1.800,0.870,2023-12-14,-
2024-01-03,920375,派诺科技,仪器仪表,16.920,18.090,16.390,17.970,16.390,8447200,194299764.00,34.410000,6.300,10.090,否,1.540,9.174,17.298,8.580,,否,78110000,24549725,1859018000.000,584283455.000,26.467522,2.537792,2.828484,17.030,16.330,11.720,7.810,3.910,1.950,0.940,2023-12-14,-
2024-01-04,920375,派诺科技,仪器仪表,18.020,18.190,17.140,17.980,17.140,6144400,143829989.00,25.030000,0.040,5.800,否,1.000,7.988,12.305,6.643,,否,78110000,24549725,1859799100.000,584528952.250,26.478643,2.538858,2.829673,17.190,16.450,12.610,8.410,4.200,2.100,1.010,2023-12-14,-
2024-01-05,920375,派诺科技,仪器仪表,18.280,18.350,16.700,16.980,16.700,4882500,113258029.00,19.890000,-5.540,9.160,否,0.850,0.414,-1.049,11.564,,否,78110000,24549725,1756693900.000,552123315.250,25.010696,2.398107,2.672799,17.300,16.620,13.460,8.980,4.490,2.240,1.080,2023-12-14,-
2024-01-08,920375,派诺科技,仪器仪表,16.920,16.920,15.040,15.050,15.040,4339200,91780545.00,17.680000,-11.380,11.030,否,0.770,-16.249,-8.566,1.896,,否,78110000,24549725,1556732300.000,489276019.250,22.163769,2.125134,2.368559,16.980,16.650,14.220,9.480,4.740,2.370,1.140,2023-12-14,-
2024-01-09,920375,派诺科技,仪器仪表,15.110,15.410,13.840,14.200,13.840,3410800,65614671.00,13.890000,-5.670,10.440,否,0.600,-21.023,-14.715,-7.311,,否,78110000,24549725,1468468000.000,461534830.000,20.907118,2.004642,2.234265,16.440,16.540,14.930,9.950,4.980,2.490,1.190,2023-12-14,-
2024-01-10,920375,派诺科技,仪器仪表,14.350,14.790,13.980,14.650,13.980,2398700,45856618.00,9.770000,3.190,5.740,否,0.440,-13.722,-13.365,-8.495,,否,78110000,24549725,1515334000.000,476264665.000,21.574367,2.068620,2.305571,15.770,16.400,15.660,10.440,5.220,2.610,1.250,2023-12-14,-
2024-01-11,920375,派诺科技,仪器仪表,14.680,14.980,14.350,14.650,14.350,2366200,45859618.00,9.640000,0.000,4.330,否,0.560,-2.658,-18.475,-14.627,,否,78110000,24549725,1515334000.000,476264665.000,21.574367,2.068620,2.305571,15.110,16.150,16.390,10.930,5.460,2.730,1.310,2023-12-14,-
2024-01-12,920375,派诺科技,仪器仪表,14.760,15.160,12.990,13.140,12.990,3882500,73139509.00,15.810000,-10.310,14.850,否,1.120,-7.465,-26.919,-20.170,,否,79610000,24549725,1385214000.000,427165215.000,19.721800,1.890990,2.107595,14.340,15.820,16.120,11.370,5.680,2.840,1.360,2023-12-14,-
2024-01-15,920375,派诺科技,仪器仪表,12.840,13.140,12.170,12.270,12.170,2875900,47914787.00,11.710000,-6.610,7.360,否,0.880,-16.246,-27.739,-26.306,,否,79610000,24549725,1293662500.000,398933031.250,18.418348,1.766011,1.968300,13.780,15.380,15.820,11.770,5.890,2.940,1.410,2023-12-14,-
2024-01-16,920375,派诺科技,仪器仪表,12.420,13.310,11.740,13.240,11.740,3527400,59094064.00,14.370000,7.880,12.800,否,1.180,-9.625,-12.027,-21.703,,否,79610000,24549725,1395563300.000,430356679.250,19.869147,1.905118,2.123341,13.590,15.010,15.600,12.220,6.110,3.050,1.470,2023-12-14,-
2024-01-17,920375,派诺科技,仪器仪表,12.910,13.970,12.810,13.160,12.810,3578500,63716562.00,14.580000,-0.570,8.780,否,1.190,0.152,-7.324,-26.767,,否,79610000,24549725,1387602300.000,427901706.750,19.755803,1.894251,2.111228,13.290,14.530,15.430,12.650,6.330,3.160,1.520,2023-12-14,-
2024-01-18,920375,派诺科技,仪器仪表,12.900,13.590,12.750,13.450,12.750,3096700,54190298.00,12.610000,2.180,6.370,否,0.950,9.617,-8.191,-25.195,,否,79610000,24549725,1417854100.000,437230602.250,20.186509,1.935548,2.157256,13.050,14.080,15.260,13.100,6.550,3.280,1.570,2023-12-14,-
2024-01-19,920375,派诺科技,仪器仪表,13.450,14.020,13.380,13.870,13.380,3298100,60190535.00,13.430000,3.090,4.720,否,0.970,4.758,-5.324,-18.316,-25.590,否,79610000,24549725,1461639600.000,450732951.000,20.809900,1.995321,2.223876,13.200,13.770,15.190,13.570,6.780,3.390,1.630,2023-12-14,-
2024-01-22,920375,派诺科技,仪器仪表,13.870,13.940,12.770,12.930,12.770,2443300,43541884.00,9.950000,-6.750,8.440,否,0.750,-1.748,-1.598,-14.086,-28.917,否,79610000,24549725,1362923200.000,420291292.000,19.404438,1.860561,2.073679,13.330,13.560,15.100,14.000,7.000,3.500,1.680,2023-12-14,-
2024-01-23,920375,派诺科技,仪器仪表,12.820,13.220,12.590,13.060,12.590,1547500,26622451.00,6.300000,0.990,4.850,否,0.490,-2.900,6.438,-8.028,-25.795,否,79610000,24549725,1376456900.000,424464745.250,19.597122,1.879036,2.094271,13.290,13.440,14.990,14.430,7.220,3.610,1.730,2023-12-14,-
2024-01-24,920375,派诺科技,仪器仪表,13.130,13.140,12.300,12.760,12.300,1701200,28477028.00,6.930000,-2.310,6.420,否,0.610,-8.003,-3.625,-12.901,-22.900,否,79610000,24549725,1344612900.000,414644855.250,19.143748,1.835565,2.045820,13.210,13.250,14.830,14.860,7.430,3.710,1.780,2023-12-14,-
2024-01-25,920375,派诺科技,仪器仪表,12.480,12.640,11.880,12.160,11.880,2736600,44482086.00,11.150000,-4.680,5.980,否,1.130,-5.955,-7.599,-16.997,-27.877,否,79610000,24549725,1281721000.000,395250572.500,18.248332,1.749709,1.950131,12.960,13.000,14.580,15.260,7.630,3.820,1.830,2023-12-14,-
2024-01-26,920375,派诺科技,仪器仪表,12.080,12.670,11.800,12.040,11.800,1969100,32026646.00,8.020000,-0.990,7.200,否,0.840,-7.810,-10.483,-8.371,-20.894,否,79610000,24549725,1268983400.000,391322616.500,18.066983,1.732321,1.930750,12.590,12.890,14.360,15.040,7.830,3.920,1.880,2023-12-14,-
2024-01-29,920375,派诺科技,仪器仪表,12.060,12.370,11.330,11.340,11.330,2383700,37706571.00,6.220000,-5.830,8.660,否,1.150,-11.129,-18.241,-7.579,-23.223,否,79610000,38306600,1194946100.000,574982066.000,17.012886,1.631251,1.818103,12.270,12.800,14.090,14.810,8.020,4.010,1.920,2023-12-14,-
2024-01-30,920375,派诺科技,仪器仪表,11.340,11.480,10.540,10.800,10.540,2175200,31359581.00,5.680000,-4.730,8.330,否,1.050,-11.184,-16.473,-18.429,-29.504,否,79610000,38306600,1138423000.000,547784380.000,16.208146,1.554090,1.732104,11.820,12.560,13.790,14.590,8.200,4.100,1.970,2023-12-14,-
2024-01-31,920375,派诺科技,仪器仪表,10.810,11.310,10.650,10.910,10.650,1834600,26748542.00,4.790000,0.980,6.080,否,0.840,-9.385,-16.462,-17.097,-31.855,否,79610000,38306600,1149568400.000,553147304.000,16.366827,1.569305,1.749061,11.450,12.330,13.430,14.400,8.380,4.190,2.010,2023-12-14,-
2024-02-01,920375,派诺科技,仪器仪表,10.680,10.910,10.030,10.030,10.030,1670500,23209988.00,4.360000,-8.030,8.030,否,0.750,-11.552,-21.395,-25.428,-41.550,否,79610000,38306600,1057220800.000,508711648.000,15.052041,1.443239,1.608555,11.020,11.990,13.030,14.170,8.550,4.270,2.050,2023-12-14,-
2024-02-02,920375,派诺科技,仪器仪表,10.420,10.490,9.140,9.450,9.140,2229000,28738715.00,5.820000,-5.800,13.480,否,1.110,-12.500,-22.286,-31.867,-42.588,否,79610000,38306600,995921100.000,479215566.000,14.179294,1.359557,1.515288,10.510,11.550,12.660,13.980,8.710,4.350,2.090,2023-12-14,-
2024-02-05,920375,派诺科技,仪器仪表,9.370,10.030,8.680,9.520,8.680,2011700,24734385.00,5.250000,0.720,14.230,否,0.980,-12.741,-20.930,-26.373,-42.823,否,79610000,38306600,1003086000.000,482663160.000,14.281304,1.369338,1.526189,10.140,11.210,12.380,13.800,8.870,4.430,2.130,2023-12-14,-
2024-02-06,920375,派诺科技,仪器仪表,9.430,10.570,9.150,10.540,9.150,2681600,35912579.00,7.000000,10.790,14.840,否,1.350,5.085,-7.055,-19.296,-37.670,否,79610000,38306600,1111355600.000,534760136.000,15.822778,1.517139,1.690921,10.090,10.960,12.200,13.640,9.040,4.520,2.170,2023-12-14,-
2024-02-07,920375,派诺科技,仪器仪表,10.510,11.230,10.200,10.780,10.200,2962300,42187019.00,7.730000,2.220,9.810,否,1.420,14.074,-0.185,-15.517,-40.011,否,79610000,38306600,1136034700.000,546635182.000,16.174143,1.550829,1.728470,10.060,10.760,12.010,13.470,9.220,4.610,2.210,2023-12-14,-
2024-02-08,920375,派诺科技,仪器仪表,10.710,11.050,9.950,10.860,9.950,2106800,29449624.00,5.500000,0.770,10.160,否,0.910,14.076,-0.458,-10.691,-39.600,否,79610000,38306600,1144791800.000,550848908.000,16.298821,1.562784,1.741794,10.230,10.630,11.820,13.260,9.400,4.700,2.260,2023-12-14,-
2024-02-19,920375,派诺科技,仪器仪表,10.900,11.400,10.900,11.280,10.900,1955300,28796756.00,5.100000,3.820,4.590,否,0.820,7.021,12.463,-6.312,-33.569,否,79610000,38306600,1188577300.000,571917538.000,16.922211,1.622557,1.808413,10.600,10.550,11.720,13.090,9.590,4.800,2.300,2023-12-14,-
2024-02-20,920375,派诺科技,仪器仪表,11.100,11.390,10.870,11.330,10.870,2053100,30457013.00,5.360000,0.470,4.620,否,0.880,5.102,19.894,-0.088,-24.718,否,79610000,38306600,1194150000.000,574599000.000,17.001552,1.630164,1.816892,10.960,10.550,11.680,12.910,9.780,4.890,2.350,2023-12-14,-
2024-02-21,920375,派诺科技,仪器仪表,11.180,11.510,11.090,11.120,11.090,2333400,34880576.00,6.090000,-1.800,3.730,否,0.990,2.394,16.807,2.963,-21.690,否,79610000,38306600,1172655300.000,564256218.000,16.695524,1.600821,1.784188,11.070,10.580,11.570,12.720,9.960,4.980,2.390,2023-12-14,-
2024-02-22,920375,派诺科技,仪器仪表,11.070,11.290,10.950,11.100,10.950,1583400,23317082.00,4.130000,-0.200,3.050,否,0.690,-1.596,5.313,1.742,-24.232,否,79610000,38306600,1170267000.000,563107020.000,16.661521,1.597561,1.780554,11.140,10.600,11.470,12.490,10.150,5.070,2.440,2023-12-14,-
2024-02-23,920375,派诺科技,仪器仪表,11.000,11.180,10.690,10.720,10.690,1868400,26949055.00,4.880000,-3.400,4.420,否,0.930,-5.384,-0.557,6.879,-26.826,否,79610000,38306600,1130462000.000,543953720.000,16.094803,1.543222,1.719991,11.110,10.670,11.330,12.250,10.330,5.160,2.480,2023-12-14,-
2024-02-26,920375,派诺科技,仪器仪表,10.720,10.990,10.480,10.910,10.480,1527500,21921844.00,3.990000,1.690,4.720,否,0.780,-1.888,0.460,15.450,-16.971,否,79610000,38306600,1149568400.000,553147304.000,16.366827,1.569305,1.749061,11.040,10.820,11.180,12.040,10.510,5.250,2.520,2023-12-14,-
2024-02-27,920375,派诺科技,仪器仪表,10.780,12.450,10.780,12.160,10.780,4534100,70980550.00,11.840000,11.500,15.300,否,2.420,9.550,7.801,27.731,-0.896,否,79610000,38306600,1281721000.000,616736260.000,18.248332,1.749709,1.950131,11.200,11.080,11.140,11.950,10.710,5.360,2.570,2023-12-14,-
2024-02-28,920375,派诺科技,仪器仪表,12.310,13.290,11.950,12.050,11.950,5089500,84949893.00,13.290000,-0.870,11.060,否,2.150,12.407,6.355,14.326,-8.988,否,79610000,38306600,1270575600.000,611373336.000,18.089651,1.734495,1.933173,11.390,11.230,11.090,11.880,10.910,5.460,2.620,2023-12-14,-
2024-02-29,920375,派诺科技,仪器仪表,12.050,12.500,11.950,12.500,11.950,2847300,45982927.00,7.430000,3.700,4.570,否,0.970,14.574,12.410,15.955,-5.015,否,79610000,38306600,1317545500.000,633974230.000,24.346470,1.798614,2.162205,11.670,11.400,11.080,11.800,11.120,5.560,2.670,2023-12-14,-
2024-03-01,920375,派诺科技,仪器仪表,12.230,13.510,11.930,12.760,11.930,4643100,77860338.00,12.120000,2.110,12.630,否,1.460,4.934,14.955,17.495,-5.130,否,79610000,38306600,1345409000.000,647381540.000,24.861350,1.836652,2.207932,12.080,11.590,11.110,11.740,11.330,5.670,2.720,2023-12-14,-
2024-03-04,920375,派诺科技,仪器仪表,12.610,12.770,11.840,11.970,11.840,2878500,46678716.00,7.510000,-6.210,7.280,否,0.770,-0.664,11.660,6.117,-13.699,否,79610000,38306600,1261818500.000,607159610.000,23.316710,1.722540,2.070753,12.290,11.660,11.110,11.700,11.530,5.770,2.770,2023-12-14,-
2024-03-05,920375,派诺科技,仪器仪表,12.020,12.080,11.390,11.470,11.390,1535200,23706438.00,4.010000,-4.160,5.800,否,0.380,-8.240,5.133,1.236,-11.292,否,79610000,38306600,1209275900.000,581877254.000,22.345793,1.650813,1.984526,12.150,11.680,11.110,11.680,11.730,5.860,2.810,2023-12-14,-
2024-03-06,920375,派诺科技,仪器仪表,11.550,12.070,11.480,11.930,11.480,2102000,33147151.00,5.490000,4.020,5.130,否,0.620,-6.505,-1.891,7.284,-8.652,否,79610000,38306600,1257838000.000,605244280.000,23.243155,1.717106,2.064220,12.130,11.760,11.170,11.630,11.920,5.960,2.860,2023-12-14,-
2024-03-07,920375,派诺科技,仪器仪表,12.020,12.800,11.750,11.750,11.750,2605400,42368351.00,6.800000,-1.520,8.800,否,0.930,-1.838,-2.490,5.856,-7.915,否,79610000,38306600,1238731600.000,596050696.000,22.890095,1.691024,2.032865,11.980,11.820,11.210,11.590,12.120,6.060,2.910,2023-12-14,-
2024-03-08,920375,派诺科技,仪器仪表,11.750,11.930,11.490,11.590,11.490,1433300,22107913.00,3.740000,-1.350,3.790,否,0.520,1.046,-7.280,8.116,-4.688,否,79610000,38306600,1222013500.000,588006310.000,22.581167,1.668201,2.005429,11.740,11.910,11.290,11.520,12.310,6.160,2.960,2023-12-14,-
2024-03-11,920375,派诺科技,仪器仪表,11.710,12.230,11.570,12.140,11.570,1982500,31427631.00,5.180000,4.760,5.670,否,0.940,1.760,-4.859,11.274,0.831,否,79610000,38306600,1280128800.000,615970128.000,23.655059,1.747536,2.100801,11.780,12.030,11.420,11.470,12.520,6.260,3.000,2023-12-14,-
2024-03-12,920375,派诺科技,仪器仪表,12.370,12.370,11.710,11.780,11.710,2126600,33467619.00,5.550000,-2.990,5.410,否,1.100,0.255,-1.587,-3.125,3.880,否,79610000,38306600,1241916000.000,597582960.000,22.948938,1.695371,2.038091,11.840,11.990,11.540,11.430,12.710,6.360,3.050,2023-12-14,-
2024-03-13,920375,派诺科技,仪器仪表,11.800,11.980,11.420,11.500,11.420,1395300,21563491.00,3.640000,-2.370,4.810,否,0.680,-0.777,0.262,-4.564,6.481,否,79610000,38306600,1212460300.000,583409518.000,22.404637,1.655160,1.989751,11.750,11.940,11.590,11.380,12.900,6.450,3.100,2023-12-14,-
2024-03-14,920375,派诺科技,仪器仪表,11.520,11.700,10.970,11.060,10.970,1480500,22026856.00,3.860000,-3.810,6.300,否,0.780,-8.896,-7.293,-11.520,1.375,否,79610000,38306600,1166286500.000,561191690.000,21.551407,1.592127,1.913976,11.610,11.800,11.600,11.320,13.090,6.540,3.140,2023-12-14,-
2024-03-15,920375,派诺科技,仪器仪表,11.240,11.990,10.870,11.550,10.870,2170300,33106309.00,5.670000,4.370,10.100,否,1.290,-1.952,-1.702,-9.483,15.155,否,79610000,38306600,1217236900.000,585707914.000,22.492902,1.661681,1.997590,11.610,11.670,11.630,11.300,13.280,6.640,3.190,2023-12-14,-
2024-03-18,920375,派诺科技,仪器仪表,11.590,11.910,11.550,11.740,11.550,1391200,21583017.00,3.630000,1.700,3.140,否,0.760,2.087,1.294,-1.921,24.233,否,79610000,38306600,1237935500.000,595667630.000,22.875384,1.689937,2.031558,11.530,11.650,11.660,11.290,13.170,6.740,3.230,2023-12-14,-
2024-03-19,920375,派诺科技,仪器仪表,11.860,11.880,11.490,11.610,11.490,1115200,17239162.00,2.910000,-1.160,3.280,否,0.650,4.973,-4.366,1.221,21.954,否,79610000,38306600,1223605700.000,588772442.000,22.610589,1.670375,2.008042,11.490,11.670,11.670,11.300,13.060,6.830,3.280,2023-12-14,-
2024-03-20,920375,派诺科技,仪器仪表,11.440,11.780,11.440,11.680,11.440,787000,12134176.00,2.050000,0.590,2.930,否,0.520,1.126,-0.849,-2.096,10.816,否,79610000,38306600,1230770600.000,592220036.000,22.742986,1.680156,2.019800,11.530,11.640,11.700,11.330,12.960,6.930,3.330,2023-12-14,-
2024-03-21,920375,派诺科技,仪器仪表,11.720,11.720,11.180,11.240,11.180,1164100,17612279.00,3.040000,-3.750,4.660,否,0.840,-4.259,-2.261,-4.340,4.267,否,79610000,38306600,1184596800.000,570002208.000,21.889757,1.617123,1.944025,11.560,11.590,11.710,11.340,12.870,7.030,3.370,2023-12-14,-
2024-03-22,920375,派诺科技,仪器仪表,11.250,11.460,10.870,10.870,10.870,990000,14562984.00,2.580000,-3.230,5.240,否,0.750,-6.374,-1.718,-6.212,0.092,否,79610000,38306600,1146384000.000,551615040.000,21.183635,1.564958,1.881315,11.430,11.520,11.710,11.370,12.770,7.120,3.420,2023-12-14,-
2024-03-25,920375,派诺科技,仪器仪表,10.950,11.150,10.160,10.270,10.160,1241100,17326689.00,3.240000,-5.560,9.170,否,1.140,-12.072,-11.082,-15.404,-8.954,否,79610000,38306600,1082696000.000,520969760.000,20.006767,1.478015,1.776797,11.130,11.330,11.680,11.390,12.690,7.200,3.460,2023-12-14,-
2024-03-26,920375,派诺科技,仪器仪表,10.270,10.520,9.830,10.180,9.830,665300,8917033.00,1.740000,-0.880,6.690,否,0.630,-9.431,-13.288,-13.582,-10.150,否,79610000,38306600,1073142800.000,516372968.000,19.830236,1.464974,1.761120,10.850,11.170,11.580,11.410,12.610,7.290,3.500,2023-12-14,-
2024-03-27,920375,派诺科技,仪器仪表,10.270,10.680,10.070,10.130,10.070,818100,11243725.00,2.140000,-0.520,6.010,否,0.840,-6.808,-12.748,-11.913,-8.903,否,79610000,38306600,1067570100.000,513691506.000,19.727260,1.457367,1.751974,10.540,11.030,11.490,11.400,12.520,7.370,3.540,2023-12-14,-
2024-03-28,920375,派诺科技,仪器仪表,10.120,10.410,10.010,10.260,10.010,761400,10341687.00,1.990000,1.270,4.030,否,0.780,-0.097,-12.158,-7.233,-7.568,否,79610000,38306600,1081103800.000,520203628.000,19.977345,1.475842,1.774184,10.340,10.950,11.370,11.380,12.430,7.460,3.580,2023-12-14,-
2024-03-29,920375,派诺科技,仪器仪表,10.250,10.480,10.080,10.160,10.080,664800,9021493.00,1.740000,-0.960,3.900,否,0.740,-0.196,-9.609,-12.035,-5.224,否,79610000,38306600,1070754500.000,515223770.000,19.786104,1.461714,1.757200,10.200,10.810,11.240,11.360,12.310,7.540,3.620,2023-12-14,-
2024-04-01,920375,派诺科技,仪器仪表,10.220,10.420,10.100,10.290,10.100,908700,12332736.00,2.370000,1.340,3.120,否,1.090,1.579,-5.336,-12.351,-5.683,否,79610000,38306599,1085084300.000,522118944.370,20.050899,1.460170,1.780717,10.200,10.670,11.160,11.330,12.210,7.630,3.660,2023-12-14,-
2024-04-02,920375,派诺科技,仪器仪表,10.460,10.460,10.040,10.130,10.040,606000,8149762.00,1.580000,-1.610,4.040,否,0.790,-1.267,-1.363,-12.748,-16.694,否,79610000,38306599,1067570100.000,513691492.590,19.727260,1.436602,1.751974,10.190,10.520,11.090,11.290,12.100,7.710,3.700,2023-12-14,-
2024-04-03,920375,派诺科技,仪器仪表,10.080,10.160,9.750,9.750,9.750,713200,9345716.00,1.860000,-3.730,4.100,否,0.950,-4.035,-4.224,-16.524,-19.087,否,79610000,38306599,1027765100.000,494538193.090,18.991718,1.383037,1.686651,10.120,10.330,10.980,11.240,11.980,7.790,3.740,2023-12-14,-
2024-04-08,920375,派诺科技,仪器仪表,9.760,9.910,9.210,9.210,9.210,665500,8348095.00,1.740000,-5.500,7.200,否,0.910,-10.496,-9.082,-18.060,-26.320,否,79610000,38306599,971242000.000,467340507.800,17.947247,1.306976,1.593892,9.910,10.130,10.860,11.180,11.830,7.870,3.780,2023-12-14,-
2024-04-09,920375,派诺科技,仪器仪表,9.120,9.690,9.120,9.490,9.120,576700,7234265.00,1.510000,3.030,6.150,否,0.810,-6.318,-7.505,-12.695,-25.627,否,79610000,38306599,1000697700.000,481513949.430,18.491548,1.346613,1.642231,9.770,9.990,10.750,11.140,11.690,7.950,3.820,2023-12-14,-
2024-04-10,920375,派诺科技,仪器仪表,9.440,10.110,9.440,9.640,9.440,1337200,17477507.00,3.490000,1.590,7.080,否,1.930,-1.128,-5.118,-6.134,-19.465,否,79610000,38306599,1016619700.000,489175269.230,18.785766,1.368039,1.668360,9.640,9.920,10.630,11.100,11.570,8.030,3.850,2023-12-14,-
2024-04-11,920375,派诺科技,仪器仪表,9.800,10.070,9.460,9.680,9.460,965900,12578203.00,2.520000,0.390,6.260,否,1.240,5.103,-5.928,-4.912,-15.606,否,79610000,38306599,1020600200.000,491090599.180,18.859320,1.373396,1.674893,9.550,9.870,10.520,11.010,11.480,8.110,3.890,2023-12-14,-
2024-04-12,920375,派诺科技,仪器仪表,9.540,9.790,9.470,9.520,9.470,653700,8297065.00,1.710000,-1.720,3.350,否,0.770,0.316,-6.022,-6.022,-20.201,否,79610000,38306599,1003086000.000,482663147.400,18.535681,1.349827,1.646150,9.510,9.810,10.420,10.930,11.400,8.190,3.930,2023-12-14,-
2024-04-15,920375,派诺科技,仪器仪表,9.460,9.750,8.990,9.050,8.990,959000,11771224.00,2.500000,-4.840,8.020,否,1.140,-6.120,-7.179,-11.793,-22.979,否,79610000,38306599,954523900.000,459296122.010,17.638319,1.284479,1.566456,9.480,9.690,10.320,10.810,11.310,8.260,3.970,2023-12-14,-
2024-04-16,920375,派诺科技,仪器仪表,9.120,9.120,8.200,8.310,8.200,1046000,11915886.00,2.730000,-8.260,10.180,否,1.160,-14.153,-9.772,-18.209,-28.300,否,79610000,38306599,875710000.000,421372589.000,16.181944,1.178421,1.437115,9.240,9.510,10.160,10.670,11.200,8.330,4.000,2023-12-14,-
2024-04-17,920375,派诺科技,仪器仪表,8.380,9.020,8.380,8.950,8.380,882000,10313757.00,2.300000,7.730,7.730,否,0.890,-5.987,-5.690,-13.022,-26.277,否,79610000,38306599,943378500.000,453933198.150,17.432367,1.269480,1.548165,9.100,9.370,10.020,10.560,11.130,8.410,4.040,2023-12-14,-
2024-04-18,920375,派诺科技,仪器仪表,8.900,9.170,8.760,8.940,8.760,778200,9280620.00,2.030000,-0.080,4.560,否,0.860,-1.215,-7.261,-11.747,-24.109,否,79610000,38306599,942582400.000,453550132.160,17.417656,1.268409,1.546859,8.950,9.250,9.890,10.480,11.080,8.480,4.070,2023-12-14,-
2024-04-19,920375,派诺科技,仪器仪表,9.020,9.320,8.920,9.010,8.920,829500,10003920.00,2.170000,0.760,4.480,否,0.960,8.424,-6.921,-7.590,-21.652,否,79610000,38306599,949747300.000,456997726.070,17.550053,1.278051,1.558617,8.850,9.180,9.750,10.380,11.010,8.560,4.110,2023-12-14,-
2024-04-22,920375,派诺科技,仪器仪表,8.970,9.180,8.910,9.080,8.910,443800,5310526.00,1.160000,0.750,2.930,否,0.490,1.453,-4.622,-1.412,-17.902,否,79610000,38306599,956912200.000,460445319.980,18.424043,1.287692,1.589667,8.860,9.170,9.650,10.290,10.940,8.630,4.140,2023-12-14,-
2024-04-23,920375,派诺科技,仪器仪表,9.040,9.270,8.950,9.180,8.950,581200,7038133.00,1.520000,1.160,3.490,否,0.730,2.685,1.436,-3.267,-20.519,否,79610000,38306599,968057600.000,465808243.840,18.638633,1.302691,1.608182,9.030,9.140,9.560,10.210,10.870,8.710,4.180,2023-12-14,-
2024-04-24,920375,派诺科技,仪器仪表,9.150,9.530,9.150,9.390,9.150,617300,7662272.00,1.610000,2.220,4.190,否,0.880,4.218,12.996,-2.593,-20.017,否,79610000,38306599,989552300.000,476151025.570,19.052484,1.331615,1.643890,9.120,9.110,9.520,10.120,10.790,8.790,4.220,2023-12-14,-
2024-04-25,920375,派诺科技,仪器仪表,9.430,9.490,9.110,9.210,9.110,578800,7134579.00,1.510000,-1.850,4.020,否,0.890,1.432,2.905,-4.855,-20.672,否,79610000,38306599,971242000.000,467340507.800,18.699944,1.306976,1.613472,9.170,9.060,9.470,10.040,10.730,8.860,4.260,2023-12-14,-
2024-04-26,920375,派诺科技,仪器仪表,9.210,9.410,9.130,9.310,9.130,614600,7529772.00,1.600000,1.070,3.030,否,1.010,1.416,4.139,-2.206,-20.291,否,79610000,38306599,981591300.000,472320365.670,19.589180,1.320902,1.625005,9.230,9.040,9.430,9.960,10.670,8.940,4.290,2023-12-14,-
2024-04-29,920375,派诺科技,仪器仪表,9.060,9.060,8.620,8.880,8.620,1545600,18191425.00,4.030000,-4.620,4.790,否,2.730,-5.431,-1.443,-1.878,-20.996,否,79610000,38306599,936213600.000,450485604.240,18.683597,1.259839,1.549883,9.190,9.030,9.360,9.890,10.600,9.020,4.330,2023-12-14,-
2024-04-30,920375,派诺科技,仪器仪表,8.960,9.040,8.680,8.710,8.680,873100,10205736.00,2.280000,-1.870,4.080,否,1.110,-5.429,-4.075,4.813,-19.871,否,79610000,38306599,918699400.000,442058152.460,18.334074,1.236270,1.520889,9.100,9.070,9.290,9.800,10.550,9.090,4.360,2023-12-14,-
2024-05-06,920375,派诺科技,仪器仪表,8.820,8.940,8.750,8.860,8.750,614800,7174094.00,1.600000,1.650,2.250,否,0.730,-4.834,-3.486,-1.006,-13.729,否,79610000,38306599,933825300.000,449336406.270,18.635935,1.256625,1.545929,8.990,9.060,9.220,9.700,10.490,9.160,4.400,2023-12-14,-
2024-05-07,920375,派诺科技,仪器仪表,8.900,8.900,8.680,8.780,8.680,612500,7091045.00,1.600000,-0.940,2.470,否,0.720,-1.126,-6.496,-1.790,-13.752,否,79610000,38306599,925068200.000,445122680.380,18.461173,1.244841,1.531432,8.910,9.040,9.150,9.610,10.450,9.240,4.430,2023-12-14,-
2024-05-08,920375,派诺科技,仪器仪表,8.760,9.040,8.730,8.810,8.730,646100,7595167.00,1.690000,0.430,3.530,否,0.760,1.148,-4.343,-2.220,-13.031,否,79610000,38306599,929048700.000,447038010.330,18.540611,1.250197,1.538022,8.810,9.020,9.100,9.510,10.420,9.310,4.470,2023-12-14,-
2024-05-09,920375,派诺科技,仪器仪表,8.950,9.020,8.870,8.950,8.870,585100,6932537.00,1.530000,1.540,1.630,否,0.680,1.016,-3.867,-1.432,-12.768,否,79610000,38306599,943378500.000,453933198.150,18.826584,1.269480,1.561745,8.820,9.010,9.090,9.430,10.390,9.380,4.500,2023-12-14,-
2024-05-10,920375,派诺科技,仪器仪表,9.020,9.360,8.930,9.300,8.930,1655700,20173292.00,4.320000,3.880,4.890,否,2.480,5.923,4.730,1.307,-8.465,否,79610000,38306599,979999100.000,471554233.690,19.557405,1.318760,1.622369,8.940,9.020,9.080,9.380,10.370,9.460,4.540,2023-12-14,-
2024-05-13,920375,派诺科技,仪器仪表,9.350,9.360,8.970,9.020,8.970,826600,9974997.00,2.160000,-3.010,4.220,否,1.000,2.384,3.559,-3.940,-12.342,否,79610000,38306599,950543400.000,457380792.060,18.969571,1.279122,1.573606,8.970,8.980,9.050,9.340,10.370,9.540,4.580,2023-12-14,-
2024-05-14,920375,派诺科技,仪器仪表,8.990,9.410,8.990,9.180,8.990,1155100,14141288.00,3.020000,1.840,4.690,否,1.340,2.570,3.612,-0.326,-9.378,否,79610000,38306599,968057600.000,465808243.840,19.319094,1.302691,1.602600,9.050,8.980,9.020,9.310,10.360,9.610,4.610,2023-12-14,-
2024-05-15,920375,派诺科技,仪器仪表,9.120,9.190,8.950,9.040,8.950,977700,11679101.00,2.550000,-1.560,2.630,否,1.000,-2.796,2.961,-2.900,-7.282,否,79610000,38306599,952931700.000,458529990.030,19.017233,1.282336,1.577560,9.100,8.950,9.000,9.270,10.340,9.690,4.650,2023-12-14,-
2024-05-16,920375,派诺科技,仪器仪表,8.990,9.150,8.710,8.760,8.710,730500,8623524.00,1.910000,-3.090,4.930,否,0.700,-2.882,-0.568,-1.351,-4.886,否,79610000,38306599,923476000.000,444356548.400,18.429399,1.242698,1.528796,9.060,8.940,8.980,9.220,10.300,9.760,4.690,2023-12-14,-
2024-05-17,920375,派诺科技,仪器仪表,8.690,8.910,8.620,8.750,8.620,596600,6904493.00,1.560000,-0.090,3.280,否,0.560,-4.684,-2.235,0.459,-7.798,否,79610000,38306599,922679900.000,443973482.410,18.413511,1.241627,1.527478,8.950,8.950,9.010,9.170,10.270,9.830,4.720,2023-12-14,-
2024-05-20,920375,派诺科技,仪器仪表,8.870,8.870,8.610,8.630,8.610,368800,4259980.00,0.960000,-1.380,3.020,否,0.430,-4.535,-7.204,-2.596,-10.477,否,79610000,38306599,909942300.000,437844426.570,18.159313,1.224486,1.506392,8.870,8.920,8.990,9.120,10.220,9.910,4.760,2023-12-14,-
2024-05-21,920375,派诺科技,仪器仪表,8.590,8.710,8.460,8.500,8.460,419900,4758191.00,1.100000,-1.570,2.890,否,0.550,-2.968,-5.765,-3.189,-12.190,否,79610000,38306599,895612500.000,430949238.750,17.873339,1.205203,1.482669,8.740,8.890,8.970,9.060,10.180,9.980,4.790,2023-12-14,-
2024-05-22,920375,派诺科技,仪器仪表,8.470,8.650,8.470,8.560,8.470,240800,2733288.00,0.630000,0.710,2.040,否,0.390,-2.171,-6.754,-2.838,-10.084,否,79610000,38306599,901981300.000,434013766.670,18.000438,1.213773,1.493212,8.640,8.870,8.950,9.020,10.130,10.050,4.820,2023-12-14,-
2024-05-23,920375,派诺科技,仪器仪表,8.610,9.090,8.380,8.850,8.380,1566000,18410547.00,4.090000,3.440,8.300,否,3.320,2.549,-2.102,-1.117,-2.210,否,79610000,38306599,933029200.000,448953340.280,18.620048,1.255554,1.544612,8.660,8.860,8.930,9.010,10.100,10.120,4.860,2023-12-14,-
2024-05-24,920375,派诺科技,仪器仪表,8.900,9.460,8.830,9.160,8.830,2656100,32724870.00,6.930000,3.500,7.170,否,4.160,7.765,4.566,-1.505,10.229,否,79610000,38306599,965669300.000,464659045.870,19.271432,1.299477,1.598647,8.740,8.850,8.930,9.000,10.070,10.200,4.900,2023-12-14,-
2024-05-27,920375,派诺科技,仪器仪表,9.150,9.430,8.880,9.240,8.880,2087900,25346511.00,5.450000,0.820,6.020,否,1.990,7.944,5.600,2.439,3.240,否,79610000,38306599,973630300.000,468489705.770,19.430306,1.310190,1.611826,8.860,8.870,8.930,8.990,10.040,10.280,4.930,2023-12-14,-
2024-05-28,920375,派诺科技,仪器仪表,9.100,9.950,8.990,9.670,8.990,3160000,40046321.00,8.250000,4.660,10.470,否,2.270,9.266,12.051,5.338,8.166,否,79610000,38306599,1019008000.000,490324467.200,20.335888,1.371253,1.686948,9.100,8.920,8.950,8.990,10.000,10.360,4.970,2023-12-14,-
2024-05-29,920375,派诺科技,仪器仪表,9.460,9.630,9.270,9.350,9.270,1761400,21892246.00,4.600000,-3.280,3.750,否,0.910,2.074,10.000,3.429,3.774,否,79610000,38306599,985571800.000,474235695.620,19.668617,1.326259,1.631595,9.250,8.950,8.950,8.980,9.950,10.430,5.010,2023-12-14,-
2024-05-30,920375,派诺科技,仪器仪表,9.550,9.700,8.970,8.990,8.970,1300700,15909778.00,3.400000,-3.800,7.750,否,0.580,-2.706,5.023,2.626,-0.991,否,79610000,38306599,948155100.000,456231594.090,18.921908,1.275908,1.569652,9.280,8.970,8.960,8.980,9.900,10.510,5.040,2023-12-14,-
2024-05-31,920375,派诺科技,仪器仪表,8.920,9.050,8.700,8.880,8.700,1078000,12639682.00,2.810000,-1.260,3.860,否,0.490,-8.170,0.339,1.486,-3.268,否,79610000,38306599,936213600.000,450485604.240,18.683597,1.259839,1.549883,9.230,8.980,8.960,9.000,9.830,10.580,5.080,2023-12-14,-
2024-06-03,920375,派诺科技,仪器仪表,8.830,8.830,8.490,8.510,8.490,929900,10635030.00,2.430000,-4.170,3.830,否,0.500,-8.984,-7.096,-1.390,-9.372,否,79610000,38306599,897204700.000,431715370.730,17.905114,1.207346,1.485305,9.080,8.970,8.950,8.980,9.770,10.650,5.110,2023-12-14,-
2024-06-04,920375,派诺科技,仪器仪表,8.600,8.750,8.430,8.740,8.430,733300,8344004.00,1.910000,2.660,3.820,否,0.450,-2.781,-5.411,2.824,-5.103,否,79610000,38306599,921087700.000,443207350.430,18.381736,1.239484,1.524843,8.890,9.000,8.940,8.980,9.730,10.730,5.150,2023-12-14,-
2024-06-05,920375,派诺科技,仪器仪表,8.670,8.750,8.340,8.400,8.340,780700,8824017.00,2.040000,-3.890,4.670,否,0.670,-5.405,-13.133,-1.869,-9.774,否,79610000,38306599,885263200.000,425969380.880,17.666803,1.191276,1.465536,8.700,8.980,8.920,8.960,9.670,10.800,5.180,2023-12-14,-
2024-06-06,920375,派诺科技,仪器仪表,8.440,8.490,8.160,8.220,8.160,659700,7261577.00,1.720000,-2.160,3.960,否,0.680,-3.408,-12.086,-7.119,-7.432,否,79610000,38306599,866156800.000,416775797.120,17.285505,1.165565,1.433906,8.550,8.920,8.890,8.930,9.610,10.870,5.220,2023-12-14,-
2024-06-07,920375,派诺科技,仪器仪表,8.270,8.500,8.160,8.240,8.160,428100,4713018.00,1.120000,0.280,4.140,否,0.510,-5.721,-8.343,-10.044,-5.396,否,79610000,38306599,868545100.000,417924995.090,17.333167,1.168779,1.437859,8.420,8.820,8.830,8.900,9.550,10.930,5.250,2023-12-14,-
2024-06-11,920375,派诺科技,仪器仪表,8.240,8.370,8.170,8.300,8.170,270800,2964274.00,0.710000,0.730,2.380,否,0.380,-1.190,-6.532,-10.173,-6.321,否,79610000,38306599,874913900.000,420989523.010,17.460266,1.177349,1.448403,8.380,8.730,8.800,8.860,9.490,11.000,5.280,2023-12-14,-
2024-06-12,920375,派诺科技,仪器仪表,8.410,8.410,8.130,8.250,8.130,525800,5758589.00,1.370000,-0.550,3.370,否,0.920,0.365,-3.055,-14.685,-6.036,否,79610000,38306599,870137300.000,418691127.070,17.364942,1.170922,1.440495,8.280,8.590,8.750,8.830,9.430,11.070,5.310,2023-12-14,-
2024-06-13,920375,派诺科技,仪器仪表,8.250,8.930,8.100,8.800,8.100,1795800,20173540.00,4.690000,6.590,9.970,否,3.370,6.796,0.686,-5.882,-0.114,否,79610000,38306599,927456500.000,446271878.350,18.508836,1.248055,1.535386,8.360,8.530,8.740,8.810,9.390,11.150,5.350,2023-12-14,-
2024-06-14,920375,派诺科技,仪器仪表,8.800,9.330,8.730,8.830,8.730,1526000,18195685.00,3.980000,0.340,6.780,否,2.070,6.386,5.119,-1.780,-1.341,否,79610000,38306599,930640900.000,447804142.310,18.572385,1.252340,1.540658,8.480,8.520,8.740,8.810,9.350,11.220,5.380,2023-12-14,-
2024-06-17,920375,派诺科技,仪器仪表,8.400,8.670,8.400,8.590,8.400,988700,11163728.00,2.580000,-2.650,3.080,否,1.090,4.121,4.501,-3.266,-7.634,否,79610000,38306599,905961800.000,435929096.620,18.079876,1.219130,1.499802,8.550,8.490,8.740,8.810,9.300,11.290,5.420,2023-12-14,-
2024-06-18,920375,派诺科技,仪器仪表,8.680,8.680,8.440,8.520,8.440,464500,5243359.00,1.210000,-0.880,2.900,否,0.450,-3.182,3.398,0.118,-5.543,否,79610000,38306599,898000800.000,432098436.720,17.921001,1.208417,1.486623,8.600,8.490,8.730,8.790,9.250,11.210,5.450,2023-12-14,-
2024-06-19,920375,派诺科技,仪器仪表,8.430,8.880,8.430,8.600,8.430,867000,10009366.00,2.260000,0.980,5.320,否,0.820,-2.605,3.614,-1.602,-6.318,否,79610000,38306599,906757900.000,436312162.610,18.095763,1.220201,1.501120,8.670,8.480,8.740,8.790,9.200,11.130,5.490,2023-12-14,-
2024-06-20,920375,派诺科技,仪器仪表,8.620,8.640,8.400,8.440,8.400,562800,6327376.00,1.470000,-1.930,2.810,否,0.500,-1.746,2.303,0.476,-6.637,否,79610000,38306599,889243700.000,427884710.830,17.746240,1.196633,1.472126,8.600,8.480,8.730,8.780,9.140,11.050,5.520,2023-12-14,-
2024-06-21,920375,派诺科技,仪器仪表,8.650,8.880,8.500,8.680,8.500,773900,8950362.00,2.020000,2.860,4.570,否,0.880,1.878,-1.364,5.596,-0.913,否,79610000,38306599,914718900.000,440142822.510,18.254637,1.230914,1.514299,8.570,8.530,8.720,8.770,9.100,10.980,5.560,2023-12-14,-
2024-06-24,920375,派诺科技,仪器仪表,8.570,8.680,8.300,8.300,8.300,485100,5452507.00,1.270000,-4.350,4.440,否,0.660,-3.488,-6.002,0.728,-5.143,否,79610000,38306599,874913900.000,420989523.010,17.460266,1.177349,1.448403,8.510,8.530,8.680,8.730,9.060,10.910,5.590,2023-12-14,-
2024-06-25,920375,派诺科技,仪器仪表,8.410,8.520,8.240,8.350,8.240,515300,5723292.00,1.350000,0.640,3.370,否,0.820,-1.066,-2.794,0.602,-3.244,否,79610000,38306599,880486600.000,423670984.940,17.571478,1.184848,1.457628,8.470,8.540,8.630,8.710,9.030,10.860,5.620,2023-12-14,-
2024-06-26,920375,派诺科技,仪器仪表,8.490,8.680,8.230,8.590,8.230,541100,6091520.00,1.410000,2.800,5.330,否,0.840,-1.037,0.822,4.121,1.059,否,79610000,38306599,905165700.000,435546030.630,18.063988,1.218058,1.498484,8.470,8.570,8.580,8.690,9.000,10.800,5.660,2023-12-14,-
2024-06-27,920375,派诺科技,仪器仪表,8.650,8.650,8.340,8.360,8.340,436600,4874211.00,1.140000,-2.640,3.520,否,0.760,0.723,-2.791,-5.000,-2.336,否,79610000,38306599,881282700.000,424054050.930,17.587366,1.185920,1.458946,8.460,8.530,8.530,8.670,8.970,10.750,5.690,2023-12-14,-
2024-06-28,920375,派诺科技,仪器仪表,8.460,8.650,8.350,8.500,8.350,723600,8182833.00,1.890000,1.630,3.610,否,1.310,1.796,0.711,-3.737,-3.955,否,79610000,38306599,895612500.000,430949238.750,17.873339,1.205203,1.482669,8.420,8.490,8.510,8.660,8.940,10.680,5.720,2023-12-14,-
2024-07-01,920375,派诺科技,仪器仪表,8.360,8.680,8.360,8.530,8.360,606400,6861699.00,1.580000,0.440,3.820,否,1.120,-0.698,-1.728,-0.698,-6.878,否,79610000,38306599,899593000.000,432864568.700,17.952776,1.220554,1.489259,8.470,8.490,8.490,8.650,8.910,10.610,5.760,2023-12-14,-
2024-07-02,920375,派诺科技,仪器仪表,8.550,8.590,8.440,8.530,8.440,571700,6435380.00,1.490000,0.000,1.680,否,1.010,2.033,2.771,0.117,-7.684,否,79610000,38306599,899593000.000,432864568.700,17.952776,1.220554,1.489259,8.500,8.490,8.490,8.650,8.880,10.550,5.790,2023-12-14,-
2024-07-03,920375,派诺科技,仪器仪表,8.630,8.650,8.380,8.450,8.380,488200,5488490.00,1.270000,-0.970,3.190,否,0.850,-0.588,1.198,-1.744,-12.616,否,79610000,38306599,890835900.000,428650842.810,17.778015,1.208672,1.474761,8.470,8.470,8.470,8.650,8.860,10.480,5.830,2023-12-14,-
2024-07-04,920375,派诺科技,仪器仪表,8.380,8.550,8.300,8.310,8.300,420700,4700210.00,1.100000,-1.700,2.950,否,0.740,-2.579,-3.260,-1.540,-11.123,否,79610000,38306599,875710000.000,421372589.000,17.476154,1.188150,1.449721,8.460,8.460,8.470,8.640,8.830,10.410,5.860,2023-12-14,-
2024-07-05,920375,派诺科技,仪器仪表,8.310,8.350,8.090,8.190,8.090,392100,4256856.00,1.020000,-1.360,3.180,否,0.700,-3.986,-2.033,-5.645,-8.899,否,79610000,38306599,863768500.000,415626599.150,17.237843,1.171948,1.429952,8.400,8.410,8.470,8.620,8.810,10.320,5.890,2023-12-14,-
2024-07-08,920375,派诺科技,仪器仪表,8.120,8.280,7.640,7.790,7.640,524400,5507354.00,1.370000,-4.980,7.740,否,1.060,-7.811,-8.353,-6.145,-12.275,否,79610000,38306599,820779100.000,394941035.690,16.379922,1.113620,1.358784,8.250,8.360,8.450,8.570,8.790,10.240,5.920,2023-12-14,-
2024-07-09,920375,派诺科技,仪器仪表,7.650,7.970,7.600,7.890,7.600,316000,3264553.00,0.820000,1.360,4.750,否,0.660,-5.054,-7.503,-5.509,-7.286,否,79610000,38306599,831924500.000,400303959.550,16.602346,1.128742,1.377235,8.130,8.310,8.430,8.530,8.760,10.160,5.960,2023-12-14,-
2024-07-10,920375,派诺科技,仪器仪表,7.910,7.910,7.700,7.740,7.700,203400,2101017.00,0.530000,-1.910,2.680,否,0.470,-5.495,-9.261,-9.895,-11.442,否,79610000,38306599,816002500.000,392642639.750,16.284598,1.107139,1.350876,7.980,8.230,8.400,8.460,8.720,10.100,5.990,2023-12-14,-
2024-07-11,920375,派诺科技,仪器仪表,7.980,8.130,7.830,7.970,7.830,332900,3450181.00,0.870000,1.070,3.710,否,0.900,2.311,-5.680,-4.665,-5.119,否,79610000,38306599,824759600.000,396856365.640,16.459359,1.119021,1.365373,7.920,8.190,8.360,8.420,8.700,10.050,6.020,2023-12-14,-
2024-07-12,920375,派诺科技,仪器仪表,8.000,8.120,7.930,7.990,7.930,394200,4118676.00,1.030000,0.190,2.320,否,1.110,1.267,-3.851,-6.000,-2.798,否,79610000,38306599,826351800.000,397622497.620,16.491134,1.121181,1.368009,7.880,8.140,8.320,8.380,8.680,9.990,6.050,2023-12-14,-
2024-07-15,920375,派诺科技,仪器仪表,8.080,8.080,7.800,7.910,7.800,208100,2152638.00,0.540000,-0.960,3.470,否,0.590,2.196,-3.419,-7.268,-4.005,否,79610000,38306599,818390800.000,393791837.720,16.332260,1.110380,1.354830,7.900,8.080,8.280,8.350,8.670,9.940,6.080,2023-12-14,-
2024-07-16,920375,派诺科技,仪器仪表,7.990,8.380,7.770,8.380,7.770,710500,7530651.00,1.850000,5.930,7.680,否,2.440,5.144,7.574,-1.758,0.964,否,79610000,38306599,866952900.000,417158863.110,17.301392,1.176268,1.435224,8.000,8.060,8.280,8.350,8.660,9.900,6.120,2023-12-14,-
2024-07-17,920375,派诺科技,仪器仪表,8.520,9.140,8.470,8.980,8.470,1776700,20551390.00,4.640000,7.160,7.990,否,4.800,12.390,13.815,6.272,8.848,否,79610000,38306599,929048700.000,447038010.330,18.540611,1.260519,1.538022,8.250,8.120,8.290,8.350,8.670,9.870,6.150,2023-12-14,-
2024-07-18,920375,派诺科技,仪器仪表,8.930,8.990,8.470,8.600,8.470,1160100,13116694.00,3.030000,-4.200,5.740,否,1.690,8.723,11.111,3.490,-2.273,否,79610000,38306599,890039800.000,428267776.820,17.762127,1.207592,1.473443,8.370,8.140,8.300,8.360,8.660,9.830,6.190,2023-12-14,-
2024-07-19,920375,派诺科技,仪器仪表,8.600,8.840,8.460,8.490,8.460,611400,6855071.00,1.600000,-1.340,4.470,否,0.720,1.313,6.524,3.663,-3.851,否,79610000,38306599,878098300.000,422521786.970,17.523816,1.191390,1.453675,8.470,8.170,8.290,8.370,8.650,9.790,6.220,2023-12-14,-
2024-07-22,920375,派诺科技,仪器仪表,8.430,8.720,8.380,8.490,8.380,459700,5101016.00,1.200000,0.000,3.990,否,0.510,-5.457,6.258,8.986,-1.164,否,79610000,38306599,878098300.000,422521786.970,17.523816,1.191390,1.453675,8.590,8.240,8.300,8.380,8.640,9.750,6.250,2023-12-14,-
2024-07-23,920375,派诺科技,仪器仪表,8.340,8.580,8.240,8.270,8.240,372000,4054623.00,0.970000,-2.540,3.990,否,0.390,-3.837,4.551,4.816,-2.934,否,79610000,38306599,855807500.000,411795939.250,17.078969,1.161146,1.416773,8.570,8.280,8.300,8.380,8.620,9.710,6.290,2023-12-14,-
2024-07-24,920375,派诺科技,仪器仪表,8.180,8.380,7.960,8.100,7.960,430000,4549846.00,1.120000,-2.050,5.120,否,0.490,-4.594,-3.341,4.651,-5.814,否,79610000,38306599,838293300.000,403368487.470,16.729445,1.137383,1.387778,8.390,8.320,8.270,8.370,8.600,9.670,6.320,2023-12-14,-
2024-07-25,920375,派诺科技,仪器仪表,8.160,8.310,7.940,8.160,7.940,494000,5231861.00,1.290000,0.660,4.560,否,0.810,-3.887,-9.131,2.384,-3.318,否,79610000,38306599,843866000.000,406049949.400,16.840657,1.144944,1.397004,8.300,8.340,8.260,8.350,8.580,9.630,6.350,2023-12-14,-
2024-07-26,920375,派诺科技,仪器仪表,8.260,8.370,8.150,8.230,8.150,490000,5257344.00,1.220000,0.850,2.740,否,1.040,-0.484,-4.302,3.004,-5.184,否,79610000,40306600,851030900.000,430877554.000,16.983644,1.154665,1.408865,8.250,8.360,8.250,8.330,8.570,9.590,6.380,2023-12-14,-
2024-07-29,920375,派诺科技,仪器仪表,8.350,8.360,8.090,8.120,8.090,248900,2634099.00,0.620000,-1.310,3.370,否,0.550,0.247,-4.358,2.655,-2.169,否,79610000,40306600,839885500.000,425234630.000,16.761220,1.139544,1.390414,8.180,8.380,8.230,8.320,8.560,9.550,6.420,2023-12-14,-
2024-07-30,920375,派诺科技,仪器仪表,8.210,8.270,8.090,8.200,8.090,319500,3406937.00,0.790000,1.040,2.270,否,0.790,0.490,-3.416,-2.148,-1.796,否,79610000,40306600,848642600.000,429668356.000,16.935982,1.151425,1.404911,8.160,8.360,8.210,8.300,8.550,9.520,6.450,2023-12-14,-
2024-07-31,920375,派诺科技,仪器仪表,8.300,8.430,8.140,8.390,8.140,549900,5965423.00,1.360000,2.350,3.470,否,1.390,1.944,1.451,-6.570,-2.328,否,79610000,40306600,868545100.000,439745006.000,17.333167,1.178428,1.437859,8.220,8.310,8.210,8.300,8.540,9.500,6.480,2023-12-14,-
2024-08-01,920375,派诺科技,仪器仪表,8.520,8.520,8.250,8.250,8.250,425200,4612561.00,1.050000,-1.740,3.210,否,1.010,1.601,1.852,-4.070,-1.316,否,79610000,40306600,853419200.000,432086752.000,17.031306,1.157906,1.412819,8.240,8.270,8.210,8.290,8.530,9.480,6.520,2023-12-14,-
2024-08-02,920375,派诺科技,仪器仪表,8.170,8.370,8.050,8.130,8.050,314800,3344452.00,0.780000,-1.400,3.920,否,0.770,-0.854,-0.368,-4.240,-4.353,否,79610000,40306600,841477700.000,426040762.000,16.792995,1.141704,1.393050,8.220,8.230,8.200,8.270,8.520,9.450,6.550,2023-12-14,-
2024-08-05,920375,派诺科技,仪器仪表,8.230,8.230,7.770,7.850,7.770,489700,5056864.00,1.210000,-3.500,5.680,否,1.320,-6.436,-4.617,-7.538,-7.972,否,79610000,40306600,812022000.000,411127320.000,16.205161,1.101739,1.344287,8.160,8.170,8.210,8.260,8.500,9.430,6.580,2023-12-14,-
2024-08-06,920375,派诺科技,仪器仪表,7.880,8.060,7.770,7.930,7.770,560600,5728870.00,1.390000,0.980,3.730,否,1.340,-3.879,-2.340,-4.111,-7.034,否,79610000,40306600,819983000.000,415157980.000,16.364035,1.112540,1.357466,8.110,8.140,8.210,8.240,8.480,9.420,6.610,2023-12-14,-
2024-08-07,920375,派诺科技,仪器仪表,8.110,8.630,8.110,8.130,8.110,1372900,14970533.00,3.410000,2.520,6.500,否,2.930,0.000,-0.854,0.370,-3.787,否,79610000,40306600,840681600.000,425637696.000,16.777108,1.140624,1.391732,8.060,8.140,8.230,8.230,8.460,9.410,6.640,2023-12-14,-
2024-08-08,920375,派诺科技,仪器仪表,7.990,8.070,7.860,7.960,7.860,859500,8880889.00,2.130000,-2.080,2.650,否,1.360,1.401,-5.125,-2.451,-4.212,否,79610000,40306600,823167400.000,416770244.000,16.427585,1.116861,1.362737,8.000,8.120,8.230,8.220,8.440,9.390,6.680,2023-12-14,-
2024-08-09,920375,派诺科技,仪器仪表,7.960,8.040,7.850,7.980,7.850,449000,4637316.00,1.110000,0.290,2.420,否,0.620,0.631,-3.273,-3.038,-2.564,否,79610000,40306600,825555700.000,417979442.000,16.475247,1.120101,1.366691,7.970,8.090,8.230,8.200,8.430,9.370,6.710,2023-12-14,-
2024-08-12,920375,派诺科技,仪器仪表,8.050,8.310,7.890,7.940,7.890,331900,3476714.00,0.820000,-0.480,5.210,否,0.440,-2.337,-2.337,-2.217,1.926,否,79610000,40306600,821575200.000,415964112.000,16.395810,1.114700,1.360102,7.990,8.080,8.230,8.180,8.420,9.340,6.740,2023-12-14,-
2024-08-13,920375,派诺科技,仪器仪表,7.880,8.020,7.790,7.930,7.790,363300,3706109.00,0.900000,-0.190,2.910,否,0.510,-0.377,1.019,-3.293,0.507,否,79610000,40306600,819983000.000,415157980.000,16.364035,1.112540,1.357466,7.990,8.050,8.210,8.160,8.400,9.310,6.770,2023-12-14,-
2024-08-14,920375,派诺科技,仪器仪表,7.930,7.960,7.830,7.870,7.830,238700,2442297.00,0.590000,-0.680,1.650,否,0.350,-1.378,-0.757,-6.198,1.680,否,79610000,40306600,814410300.000,412336518.000,16.252823,1.104979,1.348240,7.940,8.000,8.150,8.140,8.390,9.280,6.800,2023-12-14,-
2024-08-15,920375,派诺科技,仪器仪表,7.900,7.990,7.810,7.860,7.810,262100,2685391.00,0.650000,-0.200,2.350,否,0.580,-1.008,-3.321,-4.727,-1.380,否,79610000,40306600,812818100.000,411530386.000,16.221048,1.102819,1.345604,7.920,7.960,8.110,8.120,8.380,9.260,6.830,2023-12-14,-
2024-08-16,920375,派诺科技,仪器仪表,7.870,7.920,7.830,7.860,7.830,194300,1984593.00,0.480000,0.100,1.080,否,0.590,-0.883,-1.256,-3.321,-1.627,否,79610000,40306600,813614200.000,411933452.000,16.236936,1.103899,1.346922,7.890,7.930,8.080,8.110,8.370,9.230,6.870,2023-12-14,-
2024-08-19,920375,派诺科技,仪器仪表,7.960,7.970,7.790,7.850,7.790,277000,2835229.00,0.690000,-0.200,2.350,否,1.000,-0.254,-1.629,0.000,-0.759,否,79610000,40306600,812022000.000,411127320.000,16.205161,1.101739,1.344287,7.870,7.930,8.050,8.120,8.340,9.210,6.900,2023-12-14,-
2024-08-20,920375,派诺科技,仪器仪表,7.940,8.030,7.790,7.870,7.790,572700,5909427.00,1.420000,0.290,3.040,否,2.140,0.127,-0.882,-0.757,-6.086,否,79610000,40306600,814410300.000,412336518.000,16.252823,1.104979,1.348240,7.860,7.930,8.030,8.110,8.320,9.180,6.930,2023-12-14,-
2024-08-21,920375,派诺科技,仪器仪表,7.890,7.970,7.830,7.890,7.830,212700,2184655.00,0.530000,0.200,1.760,否,0.690,0.382,-0.504,-2.952,-12.138,否,79610000,40306600,816002500.000,413142650.000,16.284598,1.107139,1.350876,7.870,7.900,8.020,8.120,8.290,9.150,6.960,2023-12-14,-
2024-08-22,920375,派诺科技,仪器仪表,7.990,8.160,7.690,7.690,7.690,387600,3918655.00,0.960000,-2.440,5.950,否,1.280,-2.038,-2.287,-3.392,-10.581,否,79610000,40306600,796100000.000,403066000.000,15.887413,1.080136,1.317928,7.830,7.870,8.000,8.110,8.260,9.110,6.990,2023-12-14,-
2024-08-23,920375,派诺科技,仪器仪表,7.770,7.770,7.540,7.630,7.540,295200,2921981.00,0.730000,-0.900,3.000,否,0.900,-3.050,-2.926,-4.386,-10.130,否,79610000,40306600,788935100.000,399438406.000,15.744426,1.070415,1.306067,7.790,7.840,7.970,8.100,8.240,9.070,7.020,2023-12-14,-
2024-08-26,920375,派诺科技,仪器仪表,7.750,7.790,7.520,7.550,7.520,329100,3254736.00,0.820000,-1.010,3.530,否,0.940,-4.309,-3.944,-4.912,-11.072,否,79610000,40306600,780974100.000,395407746.000,15.585552,1.059614,1.292887,7.730,7.800,7.940,8.090,8.220,9.020,7.050,2023-12-14,-
2024-08-27,920375,派诺科技,仪器仪表,7.550,7.590,7.270,7.390,7.270,289400,2771031.00,0.720000,-2.140,4.180,否,0.810,-3.901,-5.860,-6.810,-10.641,否,79610000,40306600,764256000.000,386943360.000,15.251916,1.036931,1.265211,7.630,7.750,7.900,8.050,8.200,8.990,7.080,2023-12-14,-
2024-08-28,920375,派诺科技,仪器仪表,7.430,7.540,7.160,7.360,7.160,209300,2000072.00,0.520000,-0.420,5.100,否,0.690,-3.539,-6.480,-6.480,-9.136,否,79610000,40306600,761071600.000,385331096.000,19.277871,1.032610,1.371562,7.520,7.700,7.850,8.000,8.180,8.950,7.110,2023-12-14,-
2024-08-29,920375,派诺科技,仪器仪表,7.270,7.290,7.010,7.140,7.010,648800,6021834.00,1.610000,-2.930,3.870,否,2.150,-5.430,-9.506,-9.160,-12.500,否,79610000,40306600,738780800.000,374045248.000,18.713247,1.002366,1.331391,7.410,7.620,7.790,7.950,8.160,8.910,7.140,2023-12-14,-
2024-08-30,920375,派诺科技,仪器仪表,7.090,7.330,7.090,7.200,7.090,342300,3223742.00,0.850000,0.860,3.450,否,0.970,-2.571,-6.372,-8.397,-12.515,否,79610000,40306600,745149600.000,377269776.000,18.874568,1.011007,1.342868,7.330,7.560,7.740,7.910,8.140,8.870,7.170,2023-12-14,-
2024-09-02,920375,派诺科技,仪器仪表,7.200,7.280,7.000,7.040,7.000,181900,1683840.00,0.450000,-2.240,3.850,否,0.500,-4.348,-7.733,-10.318,-13.300,否,79610000,40306600,728431500.000,368805390.000,18.451100,0.988325,1.312740,7.230,7.480,7.700,7.860,8.120,8.840,7.200,2023-12-14,-
2024-09-03,920375,派诺科技,仪器仪表,7.100,7.100,6.970,7.000,6.970,185700,1697170.00,0.460000,-0.550,1.860,否,0.560,-1.961,-7.285,-11.055,-14.634,否,79610000,40306600,724451000.000,366790060.000,18.350274,0.982924,1.305566,7.150,7.390,7.660,7.820,8.100,8.790,7.220,2023-12-14,-
2024-09-04,920375,派诺科技,仪器仪表,7.080,7.130,6.960,7.000,6.960,169400,1544858.00,0.420000,0.000,2.310,否,0.540,-2.778,-5.277,-11.280,-16.567,否,79610000,40306600,724451000.000,366790060.000,18.350274,0.982924,1.305566,7.080,7.300,7.600,7.780,8.080,8.750,7.250,2023-12-14,-
2024-09-05,920375,派诺科技,仪器仪表,7.020,7.060,6.940,6.980,6.940,169600,1541688.00,0.420000,-0.330,1.760,否,0.550,-0.852,-5.163,-9.233,-15.394,否,79610000,40306600,722062700.000,365580862.000,18.289779,0.979683,1.301262,7.040,7.230,7.550,7.740,8.050,8.720,7.280,2023-12-14,-
2024-09-06,920375,派诺科技,仪器仪表,6.970,7.010,6.660,6.750,6.660,495800,4381420.00,1.230000,-3.310,5.070,否,2.360,-3.571,-5.462,-11.533,-16.974,否,79610000,40306600,698179700.000,353488882.000,17.684825,0.947279,1.258222,6.950,7.140,7.490,7.690,8.010,8.680,7.310,2023-12-14,-
2024-09-09,920375,派诺科技,仪器仪表,6.730,6.730,6.580,6.580,6.580,269900,2325592.00,0.670000,-2.510,2.280,否,1.120,-6.000,-8.611,-12.848,-16.178,否,79610000,40306600,680665500.000,344621430.000,17.241192,0.923516,1.226659,6.860,7.040,7.420,7.640,7.980,8.640,7.330,2023-12-14,-
2024-09-10,920375,派诺科技,仪器仪表,6.650,7.040,6.580,6.960,6.580,971300,8672668.00,2.410000,5.850,7.020,否,3.760,-0.287,-1.136,-5.819,-12.232,否,79610000,40306600,720470500.000,364774730.000,18.249449,0.977523,1.298393,6.850,7.000,7.370,7.600,7.950,8.600,7.360,2023-12-14,-
2024-09-11,920375,派诺科技,仪器仪表,6.890,7.080,6.830,6.890,6.830,567800,5101522.00,1.410000,-1.100,3.650,否,1.370,2.074,-1.571,-6.386,-15.252,否,79610000,40306600,712509500.000,360744070.000,18.047797,0.966722,1.284046,6.830,6.950,7.320,7.550,7.920,8.560,7.390,2023-12-14,-
2024-09-12,920375,派诺科技,仪器仪表,6.830,6.910,6.680,6.690,6.680,721800,6344038.00,1.790000,-2.790,3.350,否,1.460,1.672,-4.429,-6.303,-15.955,否,79610000,40306600,692607000.000,350667420.000,17.543669,0.939718,1.248179,6.770,6.910,7.270,7.500,7.890,8.520,7.420,2023-12-14,-
2024-09-13,920375,派诺科技,仪器仪表,6.770,6.930,6.520,6.810,6.520,673300,5897802.00,1.670000,1.720,6.090,否,1.110,-2.155,-2.436,-5.417,-14.662,否,79610000,40306600,704548500.000,356713410.000,17.846146,0.955920,1.269699,6.790,6.870,7.210,7.450,7.860,8.480,7.440,2023-12-14,-
2024-09-18,920375,派诺科技,仪器仪表,6.760,6.850,6.620,6.680,6.620,377600,3296173.00,0.940000,-1.920,3.390,否,0.590,-3.048,-1.037,-5.114,-15.869,否,79610000,40306600,691014800.000,349861288.000,17.503339,0.937558,1.245309,6.810,6.830,7.160,7.410,7.840,8.450,7.470,2023-12-14,-
2024-09-19,920375,派诺科技,仪器仪表,6.660,6.840,6.660,6.790,6.660,287100,2525045.00,0.710000,1.610,2.760,否,0.430,1.495,3.191,-3.000,-14.376,否,79610000,40306600,702160200.000,355504212.000,17.785651,0.952680,1.265395,6.770,6.810,7.100,7.380,7.810,8.420,7.500,2023-12-14,-
2024-09-20,920375,派诺科技,仪器仪表,6.720,6.790,6.650,6.660,6.650,379900,3307389.00,0.940000,-1.810,2.040,否,0.720,-2.203,-4.310,-4.857,-15.375,否,79610000,40306600,689422600.000,349055156.000,17.463008,0.935398,1.242440,6.730,6.780,7.040,7.330,7.780,8.390,7.520,2023-12-14,-
2024-09-23,920375,派诺科技,仪器仪表,6.680,6.690,6.550,6.650,6.550,170300,1466596.00,0.420000,-0.230,2.080,否,0.350,-0.449,-3.483,-4.728,-15.394,否,79610000,40306600,687830400.000,348249024.000,17.422678,0.933238,1.239571,6.720,6.750,6.990,7.280,7.750,8.360,7.550,2023-12-14,-
2024-09-24,920375,派诺科技,仪器仪表,6.640,6.850,6.520,6.810,6.520,571700,4995687.00,1.420000,2.430,4.980,否,1.510,0.295,1.794,0.889,-13.359,否,79610000,40306600,704548500.000,356713410.000,17.846146,0.955920,1.269699,6.720,6.750,6.950,7.240,7.720,8.330,7.580,2023-12-14,-
2024-09-25,920375,派诺科技,仪器仪表,6.880,7.060,6.830,6.920,6.830,675200,6111879.00,1.680000,1.580,3.390,否,1.890,3.904,1.615,5.167,-11.847,否,79610000,40306600,715693900.000,362356334.000,18.128458,0.971042,1.289785,6.770,6.790,6.920,7.210,7.690,8.300,7.610,2023-12-14,-
2024-09-26,920375,派诺科技,仪器仪表,6.910,7.080,6.820,7.060,6.820,618000,5587617.00,1.530000,2.110,3.780,否,1.480,6.165,5.689,1.437,-10.292,否,79610000,40306600,730819800.000,370014588.000,18.511596,0.991565,1.317044,6.820,6.800,6.900,7.180,7.670,8.280,7.630,2023-12-14,-
2024-09-27,920375,派诺科技,仪器仪表,7.130,7.990,7.120,7.660,7.120,1910300,18914252.00,4.740000,8.390,12.420,否,3.950,12.482,12.813,11.176,-2.915,否,79610000,40306600,792119500.000,401050670.000,20.064311,1.074735,1.427515,7.020,6.870,6.910,7.170,7.660,8.260,7.660,2023-12-14,-
2024-09-30,920375,派诺科技,仪器仪表,8.200,9.670,7.870,9.320,7.870,4011700,45412345.00,9.950000,21.710,23.520,否,5.080,34.682,39.940,39.312,21.196,否,79610000,40306600,964077100.000,488112926.000,24.419981,1.307987,1.737408,7.550,7.140,7.020,7.220,7.670,8.250,7.700,2023-12-14,-
2024-10-08,920375,派诺科技,仪器仪表,11.850,11.850,9.910,11.160,9.910,6208800,87549549.00,15.400000,19.740,20.810,否,3.990,58.074,67.820,63.877,46.265,否,79610000,40306600,1154345000.000,584445700.000,29.239448,1.566128,2.080298,8.420,7.570,7.220,7.330,7.720,8.270,7.750,2023-12-14,-
2024-10-09,920375,派诺科技,仪器仪表,10.770,11.500,9.770,10.360,9.770,5123500,71190457.00,12.710000,-7.170,15.520,否,1.910,35.248,52.129,55.090,37.219,否,79610000,40306600,1071550600.000,542526836.000,27.142274,1.453799,1.931090,9.110,7.940,7.390,7.420,7.770,8.280,7.790,2023-12-14,-
2024-10-10,920375,派诺科技,仪器仪表,10.960,10.960,9.850,9.850,9.850,2823500,38290068.00,7.010000,-4.900,10.770,否,0.790,5.687,42.341,45.066,33.288,否,79610000,40306600,1019008000.000,515924480.000,25.811375,1.382513,1.836401,9.670,8.250,7.530,7.480,7.800,8.280,7.830,2023-12-14,-
2024-10-11,920375,派诺科技,仪器仪表,9.660,9.980,8.650,8.890,8.650,1838300,21685530.00,4.560000,-9.770,13.520,否,0.460,-20.341,25.921,33.483,20.788,否,79610000,40306600,919495500.000,465541230.000,23.290733,1.247502,1.657065,9.920,8.470,7.620,7.520,7.820,8.270,7.860,2023-12-14,-
2024-10-14,920375,派诺科技,仪器仪表,8.890,9.510,8.690,9.230,8.690,1839100,21809882.00,4.560000,3.900,9.180,否,0.460,-10.907,20.496,38.797,29.272,否,79610000,40306600,955320000.000,483679200.000,24.198164,1.296106,1.721626,9.900,8.730,7.740,7.570,7.840,8.270,7.900,2023-12-14,-
2024-10-15,920375,派诺科技,仪器仪表,9.150,9.580,8.850,8.880,8.850,1701600,20460981.00,4.220000,-3.830,7.920,否,0.480,-9.848,-4.721,30.396,23.333,否,79610000,40306600,918699400.000,465138164.000,23.270568,1.246422,1.655630,9.440,8.930,7.840,7.610,7.850,8.270,7.940,2023-12-14,-
2024-10-16,920375,派诺科技,仪器仪表,8.750,9.040,8.660,8.960,8.660,1044900,12077242.00,2.590000,0.870,4.330,否,0.390,0.787,-19.713,29.480,27.273,否,79610000,40306600,926660400.000,469168824.000,23.472219,1.257223,1.669977,9.160,9.140,7.960,7.660,7.870,8.270,7.970,2023-12-14,-
2024-10-17,920375,派诺科技,仪器仪表,9.140,10.210,9.120,9.480,9.120,3766800,47324006.00,9.350000,5.840,12.200,否,2.040,2.709,-8.494,34.278,35.429,否,79610000,40306600,980795200.000,496577312.000,24.843448,1.330668,1.767536,9.090,9.380,8.090,7.730,7.890,8.280,8.010,2023-12-14,-
2024-10-18,920375,派诺科技,仪器仪表,9.680,11.250,9.450,10.930,9.450,6052500,82236325.00,15.020000,15.260,18.990,否,2.970,23.086,10.964,42.689,56.143,否,79610000,40306600,1130462000.000,572353720.000,28.634494,1.533725,2.037257,9.500,9.710,8.290,7.840,7.920,8.290,8.050,2023-12-14,-
2024-10-21,920375,派诺科技,仪器仪表,11.160,13.850,10.910,13.250,10.910,9358200,148914088.00,23.220000,21.270,26.900,否,3.250,47.879,49.044,42.167,89.828,否,79610000,40306600,1370884200.000,694079652.000,34.724365,1.859912,2.470533,10.300,10.100,8.620,8.050,8.000,8.330,8.110,2023-12-14,-
2024-10-22,920375,派诺科技,仪器仪表,12.930,12.930,11.230,11.320,11.230,5469400,84497563.00,13.570000,-14.580,12.890,否,1.250,19.409,22.644,1.434,67.704,否,79610000,40306600,1171063100.000,592910086.000,29.662916,1.588810,2.110427,10.790,10.120,8.840,8.190,8.050,8.350,8.150,2023-12-14,-
2024-10-23,920375,派诺科技,仪器仪表,11.230,12.000,11.230,11.580,11.230,2832700,42797990.00,7.030000,2.310,6.730,否,0.550,5.947,30.405,11.776,75.988,否,79610000,40306600,1198130500.000,606614330.000,30.348531,1.625533,2.159206,11.310,10.240,9.090,8.340,8.100,8.370,8.200,2023-12-14,-
2024-10-24,920375,派诺科技,仪器仪表,11.530,12.530,11.410,12.110,11.410,3387200,52669536.00,8.400000,4.580,9.630,否,0.620,-8.604,35.156,22.944,73.994,否,79610000,40306600,1253061400.000,634425884.000,31.739925,1.700059,2.258199,11.840,10.460,9.350,8.510,8.160,8.390,8.250,2023-12-14,-
2024-10-25,920375,派诺科技,仪器仪表,12.370,13.470,11.850,12.080,11.850,6673300,109829337.00,16.560000,-0.250,13.340,否,1.230,6.714,27.426,35.883,75.327,否,79610000,40306600,1249877000.000,632813620.000,31.659265,1.695738,2.252461,12.070,10.780,9.630,8.680,8.230,8.410,8.290,2023-12-14,-
2024-10-28,920375,派诺科技,仪器仪表,11.870,12.190,11.430,11.890,11.430,3095000,47440288.00,7.680000,-1.590,6.240,否,0.560,2.677,8.783,28.819,77.728,否,79610000,40306600,1229974500.000,622736970.000,31.155136,1.668736,2.216593,11.800,11.050,9.890,8.840,8.290,8.440,8.340,2023-12-14,-
2024-10-29,920375,派诺科技,仪器仪表,12.100,12.770,11.960,12.610,11.960,4380600,70363272.00,10.870000,6.080,6.800,否,1.020,4.129,-4.830,42.005,85.169,否,79610000,40306600,1304807900.000,660625174.000,37.423446,1.770264,2.253393,12.050,11.420,10.180,9.040,8.360,8.470,8.390,2023-12-14,-
2024-10-30,920375,派诺科技,仪器仪表,12.380,13.200,11.850,12.850,11.850,4078300,66420972.00,10.120000,1.890,10.680,否,1.000,6.374,13.516,43.415,92.365,否,79610000,40306600,1329487000.000,673120220.000,38.131272,1.803747,2.296014,12.310,11.810,10.470,9.240,8.440,8.500,8.440,2023-12-14,-
2024-10-31,920375,派诺科技,仪器仪表,13.160,15.770,12.510,14.170,12.510,9062700,162576731.00,22.480000,10.300,25.390,否,2.100,19.176,22.366,49.473,108.689,否,79610000,40306600,1466416200.000,742447572.000,42.058565,1.989522,2.532490,12.720,12.280,10.830,9.480,8.540,8.550,8.500,2023-12-14,-
2024-11-01,920375,派诺科技,仪器仪表,13.330,16.990,13.270,14.230,13.270,9973900,195527929.00,24.750000,0.380,26.280,否,1.830,12.847,17.506,30.192,113.664,否,79610000,40306600,1471988900.000,745269034.000,42.218396,1.997083,2.542114,13.150,12.610,11.160,9.730,8.640,8.590,8.560,2023-12-14,-
2024-11-04,920375,派诺科技,仪器仪表,13.000,16.160,13.000,15.520,13.000,7829400,147709582.00,19.420000,9.090,22.170,否,1.280,20.778,28.477,17.132,133.383,否,79610000,40306600,1605733700.000,812984122.000,46.054356,2.178538,2.773090,13.880,12.840,11.470,10.020,8.760,8.650,8.620,2023-12-14,-
2024-11-05,920375,派诺科技,仪器仪表,14.830,17.460,14.620,16.540,14.620,9215500,196251287.00,22.860000,6.590,18.290,否,1.300,16.725,39.108,46.113,142.878,否,79610000,40306600,1711615000.000,866591900.000,49.091158,2.322189,2.955946,14.660,13.360,11.740,10.350,8.900,8.710,8.690,2023-12-14,-
2024-11-06,920375,派诺科技,仪器仪表,16.140,18.080,16.140,17.270,16.140,9256400,207087426.00,22.970000,4.370,11.770,否,1.150,21.363,36.955,49.136,149.566,否,79610000,40306600,1786448400.000,904480104.000,51.237469,2.423718,3.085183,15.550,13.930,12.080,10.700,9.060,8.780,8.750,2023-12-14,-
2024-11-07,920375,派诺科技,仪器仪表,19.080,20.700,16.160,16.450,16.160,9753300,230222461.00,24.200000,-4.720,26.290,否,1.080,5.992,28.016,35.838,133.003,否,79610000,40306600,1702061800.000,861755108.000,48.817161,2.309228,2.939448,16.000,14.360,12.410,11.020,9.200,8.840,8.820,2023-12-14,-
2024-11-08,920375,派诺科技,仪器仪表,16.170,17.540,15.080,15.430,15.080,7675800,159348052.00,19.040000,-6.220,14.970,否,0.830,-6.711,8.892,27.732,101.436,否,79610000,40306600,1596180500.000,808147330.000,45.780359,2.165577,2.756592,16.240,14.700,12.740,11.320,9.320,8.890,8.880,2023-12-14,-
2024-11-11,920375,派诺科技,仪器仪表,15.350,15.620,14.370,15.130,14.370,4527900,87899610.00,11.230000,-1.950,8.130,否,0.520,-12.391,6.325,27.250,62.339,否,79610000,40306600,1565132600.000,792427756.000,44.889869,2.123453,2.702972,16.160,15.020,13.030,11.600,9.440,8.940,8.940,2023-12-14,-
2024-11-12,920375,派诺科技,仪器仪表,15.130,15.710,14.470,15.100,14.470,3634100,71132721.00,9.020000,-0.200,8.240,否,0.450,-8.207,-2.706,19.746,35.305,否,79610000,40306600,1561948200.000,790815492.000,44.798536,2.119133,2.697473,15.880,15.270,13.350,11.870,9.560,8.990,9.000,2023-12-14,-
2024-11-13,920375,派诺科技,仪器仪表,15.010,16.040,14.140,15.960,14.140,4698500,92765476.00,11.660000,5.710,12.590,否,0.670,3.435,-3.507,24.202,54.054,否,79610000,40306600,1651111400.000,835958884.000,47.355843,2.240103,2.851457,15.610,15.580,13.700,12.180,9.690,9.050,9.070,2023-12-14,-
2024-11-14,920375,派诺科技,仪器仪表,16.540,17.440,15.240,15.690,15.240,5865700,125774169.00,14.550000,-1.690,13.790,否,0.970,3.701,-9.149,10.727,59.289,否,79610000,40306600,1623247900.000,821851574.000,46.556685,2.202300,2.803337,15.460,15.730,14.010,12.460,9.820,9.110,9.130,2023-12-14,-
2024-11-15,920375,派诺科技,仪器仪表,14.770,16.540,14.630,16.050,14.630,5503000,112943620.00,13.650000,2.310,12.210,否,1.040,6.291,-2.432,12.790,80.540,否,79610000,40306600,1660664600.000,840795676.000,47.629840,2.253064,2.867955,15.590,15.910,14.260,12.740,9.960,9.180,9.190,2023-12-14,-
2024-11-18,920375,派诺科技,仪器仪表,16.070,16.840,15.140,16.840,15.140,5562600,117546392.00,13.800000,4.940,10.590,否,1.150,5.514,9.138,8.505,82.449,否,79610000,40306600,1742662900.000,882311474.000,49.981649,2.364313,3.009566,15.930,16.050,14.440,12.990,10.110,9.240,9.260,2023-12-14,-
2024-11-19,920375,派诺科技,仪器仪表,16.390,16.730,13.850,15.300,13.850,5253800,105025860.00,13.030000,-9.140,17.090,否,1.040,-2.486,1.124,-7.497,72.297,否,79610000,40306600,1583442900.000,801698274.000,45.415030,2.148295,2.734594,15.970,15.920,14.640,13.130,10.230,9.300,9.320,2023-12-14,-
2024-11-20,920375,派诺科技,仪器仪表,15.250,16.850,15.020,16.360,15.020,5593700,116899929.00,13.880000,6.890,11.970,否,1.040,1.931,8.344,-5.269,82.589,否,79610000,40306600,1692508600.000,856918316.000,48.543164,2.296267,2.922950,16.050,15.830,14.880,13.330,10.370,9.360,9.390,2023-12-14,-
2024-11-21,920375,派诺科技,仪器仪表,16.410,18.080,16.300,17.370,16.300,7843800,175711877.00,19.460000,6.160,10.910,否,1.410,3.147,8.835,5.593,83.228,否,79610000,40306600,1796797700.000,909719962.000,51.534300,2.437759,3.103056,16.380,15.920,15.140,13.580,10.530,9.430,9.460,2023-12-14,-
2024-11-22,920375,派诺科技,仪器仪表,16.620,19.660,16.500,17.370,16.500,10844900,253054550.00,26.910000,0.000,18.170,否,1.820,13.529,10.707,12.573,58.920,否,79610000,40306600,1796797700.000,909719962.000,51.534300,2.437759,3.103056,16.650,16.120,15.410,13.870,10.690,9.490,9.530,2023-12-14,-
2024-11-25,920375,派诺科技,仪器仪表,17.690,17.700,15.710,16.680,15.710,7589800,162805966.00,18.830000,-3.940,11.430,否,1.080,1.956,3.925,10.245,25.887,否,79610000,40306600,1725944800.000,873847088.000,49.502154,2.341631,2.980694,16.620,16.270,15.650,14.110,10.840,9.550,9.590,2023-12-14,-
2024-11-26,920375,派诺科技,仪器仪表,16.200,16.710,14.620,14.620,14.620,5624700,114304345.00,13.950000,-12.360,12.550,否,0.760,-15.832,-13.183,-3.179,29.152,否,79610000,40306600,1512590000.000,765825400.000,43.382884,2.052167,2.612232,16.480,16.220,15.750,14.300,10.960,9.600,9.650,2023-12-14,-
2024-11-27,920375,派诺科技,仪器仪表,14.190,14.900,13.470,14.620,13.470,3909300,71768806.00,9.700000,0.000,9.840,否,0.520,-15.832,-4.444,-8.396,26.252,否,79610000,40306600,1512590000.000,765825400.000,43.382884,2.052167,2.612232,16.130,16.090,15.840,14.490,11.070,9.650,9.710,2023-12-14,-
2024-11-28,920375,派诺科技,仪器仪表,14.800,15.300,14.160,14.160,14.160,4591300,88631801.00,11.390000,-3.160,7.790,否,0.640,-15.108,-13.447,-9.751,16.928,否,79610000,40306600,1464824000.000,741641440.000,42.012898,1.987362,2.529740,15.490,15.940,15.830,14.650,11.190,9.690,9.770,2023-12-14,-
2024-11-29,920375,派诺科技,仪器仪表,14.030,14.760,13.630,14.230,13.630,4225800,77729730.00,10.480000,0.490,7.990,否,0.650,-2.668,-18.077,-11.340,17.798,否,79610000,40306600,1471988900.000,745269034.000,42.218396,1.997083,2.542114,14.860,15.760,15.830,14.760,11.300,9.740,9.820,2023-12-14,-
2024-12-02,920375,派诺科技,仪器仪表,14.280,15.270,14.130,15.250,14.130,4437300,84780152.00,11.010000,7.190,8.000,否,0.860,4.309,-12.205,-9.442,28.259,否,79610000,40306600,1577870200.000,798876812.000,45.255198,2.140735,2.724970,14.580,15.600,15.820,14.830,11.440,9.800,9.880,2023-12-14,-
2024-12-03,920375,派诺科技,仪器仪表,15.000,15.600,14.840,15.390,14.840,4487300,88726420.00,11.130000,0.910,4.940,否,0.980,8.686,-7.734,0.588,22.046,否,79610000,40306600,1592200000.000,806132000.000,45.666194,2.160176,2.749717,14.730,15.610,15.760,14.960,11.570,9.860,9.950,2023-12-14,-
2024-12-04,920375,派诺科技,仪器仪表,15.240,15.350,14.320,14.460,14.320,2978100,57595397.00,7.390000,-6.050,6.700,否,0.690,1.616,-1.094,-11.614,12.529,否,79610000,40306600,1495871900.000,757361014.000,42.903389,2.029485,2.583360,14.700,15.420,15.620,15.060,11.700,9.910,10.000,2023-12-14,-
2024-12-05,920375,派诺科技,仪器仪表,14.540,14.790,14.140,14.790,14.140,2558400,48257276.00,6.350000,2.290,4.470,否,0.620,-3.016,1.163,-14.853,4.375,否,79610000,40306600,1530104200.000,774692852.000,43.885212,2.075929,2.642478,14.820,15.160,15.540,15.150,11.830,9.960,10.060,2023-12-14,-
2024-12-06,920375,派诺科技,仪器仪表,14.540,15.290,14.240,14.370,14.240,3376400,64602409.00,8.380000,-2.810,7.130,否,0.900,-6.628,1.483,-17.271,0.984,否,79610000,40306600,1487114800.000,752927288.000,42.652225,2.017605,2.568236,14.850,14.860,15.490,15.220,11.950,10.010,10.120,2023-12-14,-
2024-12-09,920375,派诺科技,仪器仪表,14.080,14.080,12.810,12.810,12.810,3724100,64713018.00,9.240000,-10.870,8.830,否,1.040,-11.411,-9.979,-23.201,-17.461,否,79610000,40306600,1325506500.000,671104890.000,38.017106,1.798347,2.289140,14.360,14.470,15.370,15.250,12.050,10.050,10.170,2023-12-14,-
2024-12-10,920375,派诺科技,仪器仪表,13.540,13.760,12.840,12.890,12.840,2493500,43221257.00,6.190000,0.600,7.150,否,0.730,-12.847,-15.475,-11.833,-22.068,否,79610000,40306600,1333467500.000,675135550.000,38.245437,1.809148,2.302888,13.860,14.300,15.260,15.260,12.150,10.080,10.220,2023-12-14,-
2024-12-11,920375,派诺科技,仪器仪表,12.730,13.140,12.730,12.870,12.730,1589100,26658641.00,3.940000,-0.120,3.160,否,0.530,-10.438,-16.374,-11.970,-25.478,否,79610000,40306600,1331875300.000,674329418.000,38.199771,1.806987,2.300139,13.550,14.120,15.110,15.260,12.250,10.120,10.270,2023-12-14,-
2024-12-12,920375,派诺科技,仪器仪表,12.970,13.110,12.360,13.100,12.360,2023700,33510003.00,5.020000,1.790,5.860,否,0.740,2.264,-9.405,-7.486,-20.365,否,79610000,40306600,1355758300.000,686421398.000,38.884764,1.839390,2.341384,13.210,14.020,14.980,15.230,12.360,10.150,10.330,2023-12-14,-
2024-12-13,920375,派诺科技,仪器仪表,12.970,13.610,12.770,13.210,12.770,1916000,32955748.00,4.750000,0.820,6.400,否,0.730,2.483,-10.683,-7.168,-14.388,否,79610000,40306600,1366903700.000,692064322.000,39.204427,1.854511,2.360632,12.980,13.910,14.830,15.190,12.460,10.190,10.380,2023-12-14,-
2024-12-16,920375,派诺科技,仪器仪表,13.230,13.940,13.100,13.370,13.100,2002000,35222135.00,4.970000,1.160,6.410,否,0.850,3.885,-6.959,-12.328,-11.633,否,79610000,40306600,1382825700.000,700125642.000,39.661089,1.876113,2.388130,13.090,13.730,14.660,15.120,12.570,10.230,10.430,2023-12-14,-
2024-12-17,920375,派诺科技,仪器仪表,13.330,13.330,12.390,12.450,12.390,1720600,28498411.00,4.270000,-6.850,7.080,否,0.860,-4.962,-2.810,-19.103,-17.550,否,79610000,40306600,1288089800.000,652160788.000,36.943951,1.747582,2.224521,13.000,13.430,14.520,14.990,12.670,10.270,10.480,2023-12-14,-
2024-12-18,920375,派诺科技,仪器仪表,12.450,12.630,11.800,11.830,11.800,1633200,25820792.00,4.050000,-4.940,6.740,否,0.880,-10.447,-8.223,-18.188,-25.877,否,79610000,40306600,1224401800.000,619915508.000,35.117303,1.661175,2.114533,12.790,13.170,14.290,14.810,12.750,10.290,10.530,2023-12-14,-
2024-12-19,920375,派诺科技,仪器仪表,11.560,13.600,11.230,13.080,11.230,4043300,65739983.00,10.030000,10.530,20.030,否,2.170,-2.169,1.632,-11.562,-16.635,否,79610000,40306600,1353370000.000,685212200.000,38.816265,1.836150,2.337260,12.790,13.000,14.080,14.690,12.860,10.330,10.580,2023-12-14,-
2024-12-20,920375,派诺科技,仪器仪表,12.930,14.610,12.820,13.600,12.820,6024100,108897651.00,14.950000,4.000,13.710,否,2.660,9.237,3.817,-5.358,-15.265,否,79610000,40306600,1407504800.000,712620688.000,40.368915,1.909596,2.430750,12.870,12.920,13.890,14.630,12.970,10.380,10.640,2023-12-14,-
2024-12-23,920375,派诺科技,仪器仪表,13.700,14.610,12.470,12.690,12.470,4085000,72048755.00,10.130000,-6.730,15.780,否,1.320,7.270,-3.936,-0.937,-24.644,否,79610000,40306600,1312768900.000,664655834.000,37.651777,1.781065,2.267142,12.730,12.910,13.690,14.550,13.070,10.410,10.690,2023-12-14,-
2024-12-24,920375,派诺科技,仪器仪表,12.980,13.310,12.000,12.170,12.000,3581000,58671353.00,8.880000,-4.060,10.310,否,1.020,-6.957,-8.975,-5.586,-20.458,否,79610000,40306600,1259430200.000,637650412.000,36.121959,1.708699,2.175026,12.670,12.840,13.570,14.450,13.160,10.440,10.740,2023-12-14,-
2024-12-25,920375,派诺科技,仪器仪表,12.120,12.410,11.230,11.280,11.230,2510800,37923536.00,5.030000,-7.330,9.670,否,0.650,-17.059,-9.398,-12.354,-31.051,否,79610000,49945529,1167082600.000,732201455.140,33.473320,1.583409,2.015543,12.560,12.680,13.400,14.300,13.240,10.470,10.780,2023-12-14,-
2024-12-26,920375,派诺科技,仪器仪表,11.390,14.660,11.360,14.660,11.360,10132300,185598642.00,20.290000,29.950,29.200,否,2.500,15.524,23.922,11.908,-15.602,否,79610000,49945529,1516570500.000,951462327.450,43.497050,2.057568,2.619106,12.880,12.830,13.430,14.260,13.360,10.520,10.770,2023-12-14,-
2024-12-27,920375,派诺科技,仪器仪表,15.300,15.370,13.420,13.690,13.420,11360600,213322739.00,22.750000,-6.610,13.330,否,2.160,12.490,4.664,3.634,-21.186,否,79610000,49945529,1416261900.000,888530960.910,40.620079,1.921477,2.445874,12.900,12.880,13.400,14.180,13.460,10.560,10.750,2023-12-14,-
2024-12-30,920375,派诺科技,仪器仪表,13.640,14.500,13.200,13.310,13.200,6842700,123012800.00,13.700000,-2.750,9.560,否,1.080,17.996,-2.132,-0.449,-20.204,否,79610000,49945529,1377253000.000,864057651.700,39.501258,1.868552,2.378506,13.020,12.880,13.300,14.070,13.530,10.600,10.730,2023-12-14,-
2024-12-31,920375,派诺科技,仪器仪表,13.650,15.370,13.650,14.250,13.650,11449200,216856454.00,22.920000,7.050,12.950,否,1.660,-2.797,12.293,14.458,-2.531,否,79610000,49945529,1474377200.000,924991197.080,42.286895,1.932728,2.546238,13.440,13.060,13.240,14.030,13.580,10.650,10.720,2023-12-14,-
2025-01-02,920375,派诺科技,仪器仪表,13.470,15.130,13.130,15.000,13.130,9408900,174973081.00,18.840000,5.290,14.040,否,1.110,9.569,23.254,26.796,2.599,否,79610000,49945529,1552395000.000,973937815.500,44.524539,2.035000,2.680974,14.180,13.370,13.270,13.990,13.660,10.710,10.710,2023-12-14,-
2025-01-03,920375,派诺科技,仪器仪表,15.000,16.160,13.890,13.910,13.890,9190000,179246603.00,18.400000,-7.280,15.130,否,0.930,4.508,23.316,6.346,-1.766,否,79610000,49945529,1439348800.000,903015164.320,41.282239,1.886810,2.485745,14.030,13.460,13.230,13.870,13.730,10.760,10.710,2023-12-14,-
2025-01-06,920375,派诺科技,仪器仪表,13.480,15.990,13.170,15.580,13.170,9908000,187696462.00,19.840000,12.000,20.240,否,1.030,9.333,6.276,14.559,9.487,否,79610000,49945529,1612102500.000,1011396962.250,46.237021,2.113269,2.784089,14.410,13.650,13.290,13.810,13.840,10.830,10.710,2023-12-14,-
2025-01-07,920375,派诺科技,仪器仪表,15.000,16.720,14.810,16.170,14.810,10333800,209890489.00,20.690000,3.750,12.250,否,1.100,7.800,18.115,27.423,6.033,否,79610000,49945529,1672606100.000,1049355564.290,47.972337,2.192582,2.888578,14.980,14.000,13.460,13.790,13.950,10.900,10.720,2023-12-14,-
2025-01-08,920375,派诺科技,仪器仪表,15.660,16.130,15.140,15.520,15.140,7882600,159394372.00,15.780000,-4.000,6.140,否,0.780,11.574,16.604,27.527,0.845,否,79610000,49945529,1605733700.000,1007401319.930,46.054356,2.104920,2.773090,15.240,14.340,13.590,13.820,14.060,10.960,10.710,2023-12-14,-
2025-01-09,920375,派诺科技,仪器仪表,15.570,16.120,14.640,14.770,14.640,7841600,155251726.00,15.700000,-4.810,9.570,否,0.840,-5.199,3.649,30.940,2.144,否,79610000,49945529,1528512000.000,958954156.800,43.839546,2.003692,2.639729,15.190,14.690,13.680,13.830,14.160,11.020,10.700,2023-12-14,-
2025-01-10,920375,派诺科技,仪器仪表,14.480,14.510,13.210,13.260,13.210,7196900,129888353.00,14.410000,-10.260,8.800,否,0.800,-17.996,-11.600,-9.550,-10.345,否,79610000,49945529,1371680300.000,860561464.670,39.341426,1.798105,2.368882,15.060,14.550,13.690,13.800,14.220,11.060,10.690,2023-12-14,-
2025-01-13,920375,派诺科技,仪器仪表,12.770,12.890,12.230,12.310,12.230,4832100,78573218.00,9.670000,-7.140,4.930,否,0.560,-20.683,-11.503,-10.080,-14.335,否,79610000,49945529,1273760000.000,799128464.000,36.532955,1.669743,2.199774,14.410,14.410,13.650,13.730,14.250,11.080,10.670,2023-12-14,-
2025-01-14,920375,派诺科技,仪器仪表,12.540,13.390,12.520,13.350,12.520,6193000,104366601.00,12.400000,8.440,7.060,否,0.810,-9.614,-14.313,0.301,4.215,否,79610000,49945529,1381233500.000,866554928.150,39.615423,1.810628,2.385380,13.840,14.410,13.640,13.670,14.250,11.120,10.660,2023-12-14,-
2025-01-15,920375,派诺科技,仪器仪表,13.430,14.300,13.180,13.200,13.180,6318300,113017883.00,12.650000,-1.150,8.410,否,0.930,-0.452,-18.367,-7.368,2.405,否,79610000,49945529,1365311500.000,856565822.350,39.158761,1.789756,2.357883,13.380,14.310,13.680,13.600,14.280,11.160,10.640,2023-12-14,-
2025-01-16,920375,派诺科技,仪器仪表,13.100,13.740,12.830,13.370,12.830,4925200,84860345.00,9.860000,1.280,6.880,否,0.760,8.611,-13.853,-10.867,3.885,否,79610000,49945529,1382825700.000,867553838.730,39.661089,1.812715,2.388130,13.100,14.140,13.760,13.560,14.310,11.200,10.620,2023-12-14,-
2025-01-17,920375,派诺科技,仪器仪表,13.300,13.440,12.600,12.670,12.600,4204500,70533107.00,8.420000,-5.240,6.280,否,0.710,-5.094,-14.218,-8.914,-3.282,否,79610000,49945529,1310380600.000,822103407.340,37.583278,1.717748,2.263017,12.980,14.020,13.740,13.490,14.320,11.240,10.610,2023-12-14,-
2025-01-20,920375,派诺科技,仪器仪表,12.840,13.430,12.770,12.910,12.770,3427600,58119200.00,6.860000,1.940,5.220,否,0.650,-2.197,-2.640,-17.137,-2.271,否,79610000,49945529,1335855800.000,838085976.620,38.313937,1.751143,2.307013,13.100,13.750,13.700,13.440,14.330,11.280,10.600,2023-12-14,-
2025-01-21,920375,派诺科技,仪器仪表,12.850,13.140,12.530,12.620,12.530,2820100,46673451.00,5.650000,-2.260,4.710,否,0.560,-5.610,2.518,-21.954,-5.610,否,79610000,49945529,1305604000.000,819106675.600,37.446279,1.711487,2.254768,12.950,13.400,13.700,13.440,14.350,11.320,10.590,2023-12-14,-
2025-01-22,920375,派诺科技,仪器仪表,12.790,13.300,12.680,12.760,12.680,3569600,59922052.00,7.150000,1.100,4.880,否,0.820,0.710,-4.419,-17.784,2.490,否,79610000,49945529,1319933800.000,828096870.820,37.857275,1.730271,2.279516,12.870,13.120,13.730,13.430,14.350,11.360,10.580,2023-12-14,-
2025-01-23,920375,派诺科技,仪器仪表,13.000,13.640,12.800,12.930,12.800,3923100,66918621.00,7.850000,1.390,6.630,否,1.040,0.155,-2.045,-12.458,9.298,否,79610000,49945529,1338244100.000,839584342.490,38.382436,1.754274,2.311138,12.780,12.940,13.810,13.430,14.350,11.400,10.580,2023-12-14,-
2025-01-24,920375,派诺科技,仪器仪表,12.810,13.230,12.630,12.970,12.630,2933000,49522287.00,5.870000,0.240,4.700,否,0.820,2.773,-2.992,-2.187,-0.841,否,79610000,49945529,1341428500.000,841582163.650,38.473768,1.758448,2.316637,12.840,12.910,13.730,13.430,14.330,11.440,10.580,2023-12-14,-
2025-01-27,920375,派诺科技,仪器仪表,13.080,13.080,11.770,11.770,11.770,3613800,58041446.00,7.240000,-9.200,10.150,否,1.080,-7.759,-7.103,-4.387,-13.456,否,79610000,49945529,1218033000.000,764166593.700,34.934638,1.596692,2.103534,12.610,12.860,13.630,13.380,14.290,11.460,10.570,2023-12-14,-
2025-02-05,920375,派诺科技,仪器仪表,12.050,12.200,11.850,11.940,11.850,1848600,28773696.00,3.700000,1.440,3.010,否,0.550,-7.657,-7.514,-10.562,-5.910,否,79610000,49945529,1235547200.000,775154610.080,35.436966,1.619651,2.133781,12.470,12.710,13.560,13.330,14.230,11.490,10.570,2023-12-14,-
2025-02-06,920375,派诺科技,仪器仪表,11.930,12.620,11.790,12.600,11.790,3427000,54952624.00,6.860000,5.540,6.960,否,1.080,-2.853,-0.158,-4.545,3.533,否,79610000,49945529,1304011800.000,818107765.020,37.400613,1.709400,2.252019,12.440,12.650,13.480,13.340,14.160,11.530,10.570,2023-12-14,-
2025-02-07,920375,派诺科技,仪器仪表,12.440,13.600,12.440,13.100,12.440,5472900,92984274.00,10.960000,3.910,9.220,否,1.740,11.300,2.665,-2.019,16.135,否,79610000,49945529,1354962200.000,850072903.580,38.861931,1.776189,2.340010,12.480,12.630,13.390,13.380,14.090,11.580,10.560,2023-12-14,-
2025-02-10,920375,派诺科技,仪器仪表,13.360,14.530,13.350,14.470,13.350,6793700,123568871.00,13.600000,10.460,8.990,否,1.960,21.189,11.910,14.207,-1.296,否,79610000,49945529,1496668000.000,938975945.200,42.926222,1.961948,2.584734,12.780,12.810,13.410,13.430,14.060,11.630,10.570,2023-12-14,-
2025-02-11,920375,派诺科技,仪器仪表,14.500,15.500,13.980,14.730,13.980,8020800,153564875.00,16.060000,1.810,10.530,否,1.900,16.905,13.570,14.098,7.597,否,79610000,49945529,1523735400.000,955957425.060,43.702548,1.997430,2.631480,13.370,12.990,13.370,13.470,14.050,11.680,10.570,2023-12-14,-
2025-02-12,920375,派诺科技,仪器仪表,18.620,19.140,16.380,17.140,16.380,12920000,291093987.00,25.870000,16.410,18.700,否,2.530,30.840,45.624,35.816,28.775,否,79610000,49945529,1773710800.000,1112786386.120,50.872140,2.325117,3.063185,14.410,13.440,13.420,13.610,14.080,11.760,10.590,2023-12-14,-
2025-02-13,920375,派诺科技,仪器仪表,17.100,20.690,16.930,18.410,16.930,17141900,412972087.00,34.320000,7.360,21.950,否,2.340,27.229,54.188,44.279,29.193,否,79610000,49945529,1904271200.000,1194697053.680,54.616768,2.496266,3.288662,15.570,14.010,13.560,13.820,14.140,11.850,10.610,2023-12-14,-
2025-02-14,920375,派诺科技,仪器仪表,17.370,17.970,16.770,17.010,16.770,10572100,237380549.00,21.170000,-7.610,6.520,否,1.050,15.479,35.000,31.555,13.400,否,79610000,49945529,1759381000.000,1103796190.900,50.461144,2.306333,3.038438,16.350,14.410,13.680,14.010,14.150,11.920,10.630,2023-12-14,-
2025-02-17,920375,派诺科技,仪器仪表,22.110,22.110,20.810,22.110,20.810,19833400,565815567.00,39.710000,30.000,7.650,否,1.790,28.996,68.779,70.470,58.950,是,79610000,49945529,2287195300.000,1434935048.170,65.599487,2.998233,3.949969,17.880,15.330,14.120,14.260,14.260,12.040,10.670,2023-12-14,-
2025-02-18,920375,派诺科技,仪器仪表,22.110,23.380,18.470,18.690,18.470,21139900,583191736.00,42.330000,-15.450,22.170,否,1.540,1.521,29.164,58.794,19.961,否,79610000,49945529,1933726900.000,1213176899.410,55.461592,2.534879,3.339532,18.670,16.020,14.440,14.430,14.310,12.130,10.700,2023-12-14,-
2025-02-19,920375,派诺科技,仪器仪表,17.740,19.000,17.550,18.660,17.550,13831800,329911610.00,27.690000,-0.160,7.740,否,0.850,9.700,26.680,56.281,15.399,否,79610000,49945529,1930542500.000,1211179078.250,55.370260,2.530705,3.334032,18.980,16.690,14.700,14.610,14.340,12.220,10.730,2023-12-14,-
2025-02-20,920375,派诺科技,仪器仪表,18.470,18.600,17.700,18.220,17.700,10744800,252591957.00,21.510000,-2.350,4.820,否,0.650,-17.594,6.301,44.603,17.397,否,79610000,49945529,1885164800.000,1182710126.720,54.068774,2.471220,3.255665,18.940,17.250,14.950,14.740,14.380,12.310,10.760,2023-12-14,-
2025-02-21,920375,派诺科技,仪器仪表,20.250,22.160,19.620,19.620,19.620,18899500,505028452.00,37.840000,7.690,13.940,否,1.240,4.976,6.573,49.771,32.837,否,79610000,49945529,2030055000.000,1273610989.500,58.224397,2.661153,3.505890,19.460,17.910,15.270,14.890,14.440,12.410,10.800,2023-12-14,-
2025-02-24,920375,派诺科技,仪器仪表,18.720,20.860,18.720,19.320,18.720,11540900,293598273.00,23.110000,-1.530,10.900,否,0.680,3.537,13.580,33.518,45.701,否,79610000,49945529,1999007100.000,1254132233.190,57.333906,2.620453,3.452270,18.900,18.390,15.600,15.070,14.470,12.500,10.840,2023-12-14,-
2025-02-25,920375,派诺科技,仪器仪表,18.160,18.940,17.520,18.290,17.520,9026400,214453748.00,18.070000,-5.340,7.330,否,0.590,0.384,-17.277,24.168,48.578,否,79610000,49945529,1892329700.000,1187205224.330,54.274271,2.480612,3.268039,18.820,18.750,15.870,15.160,14.490,12.590,10.880,2023-12-14,-
2025-02-26,920375,派诺科技,仪器仪表,18.850,19.230,18.310,18.710,18.310,8382100,204647336.00,16.780000,2.310,5.010,否,0.650,-4.638,0.107,9.160,40.150,否,79610000,49945529,1936115200.000,1214675265.280,55.530092,2.538010,3.343656,18.830,18.900,16.170,15.250,14.520,12.680,10.910,2023-12-14,-
2025-02-27,920375,派诺科技,仪器仪表,18.540,18.790,17.540,18.040,17.540,8327700,195906227.00,16.670000,-3.620,6.660,否,0.710,-6.625,-3.323,-2.010,36.667,否,79610000,49945529,1866058400.000,1170723199.760,53.520779,2.446174,3.222669,18.800,18.870,16.440,15.330,14.580,12.770,10.940,2023-12-14,-
2025-02-28,920375,派诺科技,仪器仪表,18.230,18.380,16.320,16.370,16.320,7892900,179124505.00,15.800000,-9.220,11.430,否,0.700,-10.498,-10.154,-3.762,22.438,否,79610000,49945529,1694100800.000,1062840857.120,55.620467,2.220758,2.901770,18.150,18.800,16.610,15.390,14.610,12.840,10.960,2023-12-14,-
2025-03-03,920375,派诺科技,仪器仪表,16.510,17.310,16.370,17.200,16.370,6868500,151081490.00,13.750000,5.030,5.780,否,0.760,-8.071,-12.334,-22.207,35.754,否,79610000,49945529,1779283500.000,1116282573.150,58.417173,2.332423,3.047677,17.720,18.310,16.820,15.520,14.660,12.920,10.980,2023-12-14,-
2025-03-04,920375,派诺科技,仪器仪表,16.870,18.130,16.870,18.090,16.870,7307300,168689381.00,14.630000,5.190,7.290,否,0.900,0.277,-6.366,-3.210,40.124,否,79610000,49945529,1871631100.000,1174219386.790,61.449116,2.453479,3.205856,17.680,18.250,17.140,15.710,14.720,13.010,11.010,2023-12-14,-
2025-03-05,920375,派诺科技,仪器仪表,19.230,19.670,18.450,18.780,18.450,11769900,291839303.00,23.570000,3.830,6.720,否,1.520,14.722,2.679,0.643,48.811,否,79610000,49945529,1943280100.000,1219170362.890,63.801485,2.547402,3.328581,17.700,18.260,17.480,15.890,14.780,13.110,11.040,2023-12-14,-
2025-03-06,920375,派诺科技,仪器仪表,19.390,21.010,18.660,19.910,18.660,12451800,318148548.00,24.930000,6.020,12.490,否,1.480,15.756,6.414,9.276,56.034,否,79610000,49945529,2060306800.000,1292590290.520,67.643688,2.700810,3.529033,18.070,18.430,17.840,16.110,14.860,13.210,11.080,2023-12-14,-
2025-03-07,920375,派诺科技,仪器仪表,19.470,20.980,18.840,19.600,18.840,10705300,278426516.00,21.430000,-1.580,10.780,否,1.160,8.347,8.647,-0.102,51.585,否,79610000,49945529,2027666700.000,1272112623.630,66.572053,2.658022,3.473124,18.720,18.430,18.170,16.320,14.940,13.320,11.110,2023-12-14,-
2025-03-10,920375,派诺科技,仪器仪表,19.070,21.760,18.380,21.020,18.380,12491000,329205337.00,25.010000,7.260,17.240,否,1.270,11.928,28.406,8.799,62.066,否,79610000,49945529,2174945200.000,1364511852.280,71.407479,2.851087,3.725393,19.480,18.600,18.500,16.600,15.050,13.440,11.150,2023-12-14,-
2025-03-11,920375,派诺科技,仪器仪表,20.380,22.770,20.140,22.240,20.140,10865900,300785545.00,21.760000,5.780,12.520,否,0.990,11.703,29.302,21.597,88.955,否,79610000,49945529,2300729000.000,1443425788.100,75.537195,3.015974,3.940844,20.310,19.000,18.870,16.910,15.180,13.560,11.190,2023-12-14,-
2025-03-12,920375,派诺科技,仪器仪表,22.610,23.720,21.120,21.140,21.120,11921500,346972781.00,23.870000,-4.950,11.700,否,1.020,7.857,16.860,12.988,77.052,否,79610000,49945529,2186886700.000,1372003681.630,71.799541,2.866740,3.745847,20.780,19.240,19.070,17.190,15.320,13.680,11.230,2023-12-14,-
2025-03-13,920375,派诺科技,仪器仪表,21.160,21.510,19.680,20.010,19.680,8831300,233629803.00,17.680000,-5.310,8.660,否,0.760,-4.805,6.550,10.920,58.810,否,79610000,49945529,2070656100.000,1299083209.290,67.983475,2.714376,3.546760,20.800,19.440,19.150,17.440,15.430,13.790,11.260,2023-12-14,-
2025-03-14,920375,派诺科技,仪器仪表,19.780,20.900,19.610,20.780,19.610,7968500,210186571.00,15.950000,3.810,6.460,否,0.730,-6.565,4.370,26.940,58.626,否,79610000,49945529,2149470000.000,1348529283.000,70.571081,2.817692,3.681757,21.040,19.880,19.340,17.700,15.570,13.910,11.290,2023-12-14,-
2025-03-17,920375,派诺科技,仪器仪表,20.780,21.460,20.620,21.080,20.620,6145800,168229914.00,12.310000,1.480,4.040,否,0.590,-0.284,7.551,22.558,45.681,否,79610000,49945529,2181314000.000,1368507494.600,71.616579,2.859435,3.736302,21.050,20.270,19.290,17.970,15.700,14.030,11.330,2023-12-14,-
2025-03-18,920375,派诺科技,仪器仪表,21.700,22.620,20.540,21.090,20.540,6248600,173818267.00,12.510000,0.040,9.850,否,0.680,5.397,0.333,16.584,43.177,否,79610000,49945529,2182110100.000,1369006949.890,71.642716,2.860479,3.737666,20.820,20.570,19.410,18.280,15.830,14.150,11.370,2023-12-14,-
2025-03-19,920375,派诺科技,仪器仪表,20.040,20.850,19.660,19.740,19.660,5158700,135146678.00,10.330000,-6.420,5.650,否,0.630,-5.005,-11.241,5.112,15.169,否,79610000,49945529,2041996500.000,1281102818.850,67.042527,2.676807,3.497669,20.540,20.660,19.460,18.540,15.940,14.250,11.400,2023-12-14,-
2025-03-20,920375,派诺科技,仪器仪表,19.310,20.000,18.520,18.520,18.520,5525100,137578356.00,11.060000,-6.160,7.490,否,0.800,-12.144,-12.394,-6.981,0.598,否,79610000,49945529,1916212700.000,1202188883.030,62.912812,2.511920,3.282219,20.240,20.520,19.480,18.740,16.040,14.350,11.420,2023-12-14,-
2025-03-21,920375,派诺科技,仪器仪表,18.170,18.300,17.140,17.390,17.140,4352700,99918499.00,8.710000,-6.110,6.270,否,0.700,-17.544,-13.093,-11.276,2.234,否,79610000,49945529,1799186000.000,1128768955.400,59.070609,2.358512,3.081767,19.560,20.300,19.370,18.880,16.130,14.440,11.450,2023-12-14,-
2025-03-24,920375,派诺科技,仪器仪表,17.410,18.080,16.560,18.080,16.560,3885900,87678464.00,7.780000,3.980,8.760,否,0.710,-8.409,-12.993,-13.987,-18.227,否,79610000,49945529,1870835000.000,1173719931.500,61.422978,2.452435,3.204493,18.960,20.010,19.300,19.000,16.210,14.540,11.470,2023-12-14,-
2025-03-25,920375,派诺科技,仪器仪表,18.080,18.530,17.740,18.320,17.740,3496600,82586553.00,7.000000,1.320,4.380,否,0.690,-1.080,-13.093,-17.626,-1.980,否,79610000,49945529,1895514100.000,1189203045.490,62.233239,2.484787,3.246765,18.410,19.620,19.310,19.120,16.290,14.630,11.500,2023-12-14,-
2025-03-26,920375,派诺科技,仪器仪表,18.110,18.510,17.830,17.830,17.830,2205800,51972733.00,4.420000,-2.690,3.740,否,0.490,2.530,-15.458,-15.658,-4.448,否,79610000,49945529,1844563700.000,1157237906.930,60.560443,2.417997,3.159493,18.030,19.280,19.260,19.140,16.380,14.730,11.520,2023-12-14,-
2025-03-27,920375,派诺科技,仪器仪表,17.690,18.070,17.200,17.440,17.200,2396700,54926564.00,4.800000,-2.200,4.880,否,0.620,-3.540,-11.651,-12.844,-4.281,否,79610000,49945529,1803962600.000,1131765687.140,59.227433,2.364774,3.089949,17.810,19.030,19.230,19.110,16.470,14.810,11.550,2023-12-14,-
2025-03-28,920375,派诺科技,仪器仪表,17.510,17.830,17.100,17.310,17.100,1952700,44456538.00,3.910000,-0.710,4.190,否,0.600,-5.513,-6.533,-16.699,-11.774,否,79610000,49945529,1791225000.000,1123774402.500,58.809234,2.348076,3.068131,17.800,18.680,19.280,19.120,16.570,14.900,11.570,2023-12-14,-
2025-03-31,920375,派诺科技,仪器仪表,17.120,17.780,16.540,17.640,16.540,2369800,52780650.00,4.740000,1.910,7.160,否,0.850,-1.066,1.438,-16.319,-8.696,否,79610000,49945529,1825457300.000,1145250979.970,59.933144,2.429832,3.126767,17.710,18.340,19.300,18.970,16.620,14.990,11.590,2023-12-14,-
2025-04-01,920375,派诺科技,仪器仪表,18.010,18.240,17.620,18.140,17.620,2942200,68803748.00,5.890000,2.790,3.490,否,1.180,4.014,0.332,-13.988,-0.820,否,79610000,49945529,1876407700.000,1177216118.530,61.605940,2.497652,3.214038,17.670,18.040,19.300,18.950,16.690,15.080,11.620,2023-12-14,-
2025-04-02,920375,派诺科技,仪器仪表,17.780,19.060,17.780,18.770,17.780,4022100,97151294.00,8.050000,3.520,7.040,否,1.690,8.434,2.456,-4.914,0.321,否,79610000,49945529,1942484000.000,1218670907.600,63.775348,2.585604,3.327218,17.860,17.940,19.300,18.960,16.780,15.160,11.650,2023-12-14,-
2025-04-03,920375,派诺科技,仪器仪表,18.310,19.010,18.220,18.560,18.220,3227100,78199159.00,6.460000,-1.150,4.220,否,1.180,5.215,4.094,0.216,2.882,否,79610000,49945529,1920193200.000,1204686159.480,63.043499,2.555934,3.289037,18.080,17.950,19.240,18.970,16.850,15.220,11.680,2023-12-14,-
2025-04-07,920375,派诺科技,仪器仪表,16.540,16.770,13.000,13.500,13.000,6048500,114969324.00,12.110000,-27.240,20.320,否,2.080,-25.579,-22.592,-22.369,-17.532,否,79610000,49945529,1397155500.000,876544033.950,45.871203,1.859728,2.393142,17.320,17.560,18.930,18.760,16.830,15.240,11.690,2023-12-14,-
2025-04-08,920375,派诺科技,仪器仪表,13.770,14.240,13.580,14.200,13.580,3988700,72113214.00,7.990000,5.190,4.840,否,1.070,-24.347,-17.966,-21.460,-17.442,否,79610000,49945529,1469600600.000,921994465.340,48.249710,1.956158,2.517231,16.630,17.170,18.590,18.590,16.830,15.280,11.700,2023-12-14,-
2025-04-09,920375,派诺科技,仪器仪表,13.750,15.640,13.230,15.460,13.230,4666500,89431260.00,9.340000,8.830,16.900,否,1.150,-16.703,-12.358,-15.611,-14.538,否,79610000,49945529,1599364900.000,1003405677.610,52.510112,2.128885,2.739500,16.100,16.890,18.250,18.500,16.830,15.330,11.730,2023-12-14,-
2025-04-10,920375,派诺科技,仪器仪表,15.810,16.750,15.500,15.850,15.500,4508100,95526926.00,9.030000,2.540,8.060,否,1.030,17.407,-12.624,-11.105,-15.602,否,79610000,49945529,1639966000.000,1028877897.400,53.843121,2.182928,2.809045,15.510,16.690,17.990,18.400,16.830,15.390,11.750,2023-12-14,-
2025-04-11,920375,派诺科技,仪器仪表,15.410,16.600,15.410,16.250,15.410,3981900,84235103.00,7.970000,2.520,7.520,否,0.890,14.437,-13.426,-6.823,-18.383,否,79610000,49945529,1681363200.000,1054849572.480,55.202268,2.238031,2.879952,15.050,16.570,17.800,18.340,16.840,15.450,11.770,2023-12-14,-
2025-04-14,920375,派诺科技,仪器仪表,16.900,17.150,16.290,16.530,16.290,2854500,61641566.00,5.720000,1.700,5.300,否,0.620,6.921,-10.938,-4.506,-15.663,否,79610000,49945529,1710022800.000,1072829962.920,56.143216,2.276180,2.929043,15.660,16.490,17.590,18.350,16.870,15.510,11.800,2023-12-14,-
2025-04-15,920375,派诺科技,仪器仪表,16.430,16.770,16.200,16.470,16.200,2236300,47764700.00,4.480000,-0.330,3.450,否,0.560,3.912,22.000,-6.633,-21.646,否,79610000,49945529,1704450100.000,1069333775.890,55.960254,2.268762,2.919497,16.110,16.370,17.350,18.320,16.920,15.570,11.820,2023-12-14,-
2025-04-16,920375,派诺科技,仪器仪表,16.270,16.680,15.400,16.450,15.400,3408600,71643984.00,6.820000,-0.140,7.750,否,0.930,1.231,15.845,-9.316,-26.034,否,79610000,49945529,1702061800.000,1067835410.020,55.881841,2.265583,2.915406,16.310,16.200,17.120,18.270,16.990,15.620,11.850,2023-12-14,-
2025-04-17,920375,派诺科技,仪器仪表,16.230,16.660,16.090,16.390,16.090,2756500,58918391.00,5.520000,-0.370,3.460,否,0.810,-0.847,6.016,-12.680,-22.469,否,79610000,49945529,1695693000.000,1063839767.700,55.672742,2.257106,2.904497,16.420,15.970,16.960,18.190,17.040,15.640,11.870,2023-12-14,-
2025-04-18,920375,派诺科技,仪器仪表,16.160,16.670,16.160,16.600,16.160,2585600,55547139.00,5.180000,1.310,3.100,否,0.850,0.789,4.732,-10.560,-17.041,否,79610000,49945529,1717983800.000,1077824515.820,56.404590,2.286776,2.942679,16.490,15.770,16.860,18.080,17.100,15.690,11.900,2023-12-14,-
2025-04-21,920375,派诺科技,仪器仪表,16.800,17.240,16.700,16.980,16.700,3313300,72895153.00,6.630000,2.270,3.240,否,1.200,3.222,4.492,25.778,-18.287,否,79610000,49945529,1756992700.000,1102297825.030,57.685325,2.338700,3.009496,16.580,16.120,16.840,17.990,17.160,15.730,11.930,2023-12-14,-
2025-04-22,920375,派诺科技,仪器仪表,16.660,16.980,16.270,16.370,16.270,2488300,54035344.00,4.980000,-3.580,4.210,否,0.870,-0.122,-0.968,15.282,-22.343,否,79610000,49945529,1694100800.000,1062840857.120,55.620467,2.254986,2.901770,16.560,16.340,16.750,17.840,17.220,15.770,11.960,2023-12-14,-
2025-04-23,920375,派诺科技,仪器仪表,16.500,16.910,16.450,16.570,16.450,2181800,47259385.00,4.370000,1.170,2.770,否,0.750,-0.181,0.607,7.180,-21.432,否,79610000,49945529,1714003300.000,1075327239.370,56.273903,2.281478,2.935861,16.580,16.450,16.670,17.650,17.280,15.810,11.990,2023-12-14,-
2025-04-24,920375,派诺科技,仪器仪表,16.540,16.700,15.450,15.470,15.450,2415200,49895246.00,4.840000,-6.640,7.520,否,0.910,-8.893,-5.957,-2.397,-21.631,否,79610000,49945529,1600161000.000,1003905132.900,52.536249,2.129945,2.740864,16.400,16.410,16.550,17.460,17.330,15.840,12.010,2023-12-14,-
2025-04-25,920375,派诺科技,仪器仪表,15.500,17.040,15.500,16.620,15.500,5043900,108260207.00,10.100000,7.460,9.950,否,1.940,1.527,1.403,2.277,-10.259,否,79610000,49945529,1719576000.000,1078823426.400,57.900286,2.288896,2.952828,16.400,16.450,16.510,17.350,17.390,15.870,12.040,2023-12-14,-
2025-04-28,920375,派诺科技,仪器仪表,16.470,16.950,15.890,15.910,15.890,3495900,74632665.00,7.000000,-4.260,6.390,否,1.130,-3.983,-4.157,-3.751,-8.511,否,79610000,49945529,1646334800.000,1032873539.720,70.923879,2.191406,2.851604,16.190,16.380,16.440,17.180,17.440,15.900,12.070,2023-12-14,-
2025-04-29,920375,派诺科技,仪器仪表,15.000,15.530,14.370,14.970,14.370,3502300,68434734.00,7.010000,-5.950,7.250,否,1.120,-3.232,-11.837,-9.107,-17.201,否,79610000,49945529,1548414500.000,971440539.050,66.705486,2.061066,2.681997,15.910,16.230,16.300,16.980,17.470,15.900,12.100,2023-12-14,-
2025-04-30,920375,派诺科技,仪器仪表,14.990,15.740,14.990,15.590,14.990,1996000,40345807.00,4.000000,4.160,4.990,否,0.600,-6.197,-4.765,-5.228,-14.902,否,79610000,49945529,1612898600.000,1011896417.540,69.483453,2.146899,2.793689,15.710,16.150,16.180,16.800,17.540,15.910,12.120,2023-12-14,-
2025-05-06,920375,派诺科技,仪器仪表,15.900,16.750,15.900,16.580,15.900,2977300,63591180.00,5.960000,6.370,5.430,否,0.900,4.211,0.060,1.159,-7.011,否,79610000,49945529,1715595500.000,1076326149.950,73.907621,2.283597,2.971570,15.930,16.170,16.070,16.690,17.620,15.920,12.150,2023-12-14,-
2025-05-07,920375,派诺科技,仪器仪表,16.840,17.240,16.140,16.470,16.140,2851600,61245361.00,5.710000,-0.650,6.640,否,0.840,10.020,6.464,-0.783,-5.562,否,79610000,49945529,1704450100.000,1069333775.890,73.427479,2.268762,2.952265,15.900,16.150,15.960,16.620,17.680,15.920,12.180,2023-12-14,-
2025-05-08,920375,派诺科技,仪器仪表,16.490,16.840,16.270,16.670,16.270,2336900,50531088.00,4.680000,1.210,3.460,否,0.790,6.928,0.301,-1.826,-3.697,否,79610000,49945529,1725148700.000,1082319613.430,74.319172,2.296313,2.988117,16.060,16.120,16.120,16.600,17.740,15.920,12.210,2023-12-14,-
2025-05-09,920375,派诺科技,仪器仪表,16.700,16.770,16.240,16.460,16.240,2128500,45671047.00,4.260000,-1.290,3.230,否,0.780,-0.724,3.457,0.550,-6.689,否,79610000,49945529,1702857900.000,1068334865.310,73.358887,2.266643,2.949507,16.350,16.130,16.230,16.550,17.770,15.920,12.240,2023-12-14,-
2025-05-12,920375,派诺科技,仪器仪表,16.770,16.870,16.470,16.810,16.470,2244800,48737815.00,4.490000,2.150,2.430,否,0.910,2.064,12.291,1.448,-7.332,否,79610000,49945529,1739478500.000,1091309808.650,74.936497,2.315388,3.012937,16.600,16.160,16.300,16.500,17.810,15.930,12.270,2023-12-14,-
2025-05-13,920375,派诺科技,仪器仪表,17.120,17.390,16.490,16.640,16.490,3141400,69190955.00,6.290000,-1.050,5.350,否,1.250,-0.180,6.735,7.563,-11.348,否,79610000,49945529,1721168200.000,1079822336.980,74.147692,2.291015,2.981222,16.610,16.270,16.340,16.460,17.800,15.940,12.300,2023-12-14,-
2025-05-14,920375,派诺科技,仪器仪表,16.760,17.480,16.400,17.480,16.400,4042500,89576379.00,8.090000,5.090,6.480,否,1.590,6.197,5.428,5.174,-5.819,否,79610000,49945529,1808739200.000,1134762418.880,77.920239,2.407579,3.132903,16.810,16.360,16.400,16.460,17.780,15.960,12.340,2023-12-14,-
2025-05-15,920375,派诺科技,仪器仪表,17.370,17.600,16.940,16.960,16.940,3342400,74665288.00,6.690000,-2.990,3.740,否,1.200,0.892,2.975,6.600,25.630,否,79610000,49945529,1754604400.000,1100799459.160,75.588119,2.335521,3.039137,16.870,16.460,16.420,16.450,17.780,15.970,12.370,2023-12-14,-
2025-05-16,920375,派诺科技,仪器仪表,16.700,17.350,16.700,17.070,16.700,2359600,52395240.00,4.720000,0.680,3.810,否,0.790,2.584,2.400,14.028,20.211,否,79610000,49945529,1766545900.000,1108291288.510,76.102557,2.351417,3.059821,16.990,16.670,16.450,16.430,17.700,15.980,12.400,2023-12-14,-
2025-05-19,920375,派诺科技,仪器仪表,17.000,17.300,16.740,17.300,16.740,1967800,43568217.00,3.940000,1.310,3.290,否,0.650,-1.030,5.103,10.969,11.902,否,79610000,49945529,1789632800.000,1122775491.920,77.097138,2.382147,3.099809,17.090,16.840,16.500,16.400,17.680,15.990,12.440,2023-12-14,-
2025-05-20,920375,派诺科技,仪器仪表,17.300,18.080,16.990,17.950,16.990,3912500,89864467.00,7.830000,3.780,6.320,否,1.320,5.837,6.782,8.263,13.249,否,79610000,49945529,1857301300.000,1165229191.570,80.012288,2.472219,3.217017,17.350,16.980,16.570,16.370,17.660,16.000,12.470,2023-12-14,-
2025-05-21,920375,派诺科技,仪器仪表,18.010,18.340,17.340,17.360,17.340,3374800,78059174.00,6.760000,-3.300,5.620,否,1.080,1.699,4.327,5.404,6.831,否,79610000,49945529,1796001600.000,1126771134.240,77.371505,2.390624,3.110841,17.330,17.070,16.610,16.330,17.650,16.020,12.510,2023-12-14,-
2025-05-22,920375,派诺科技,仪器仪表,17.010,18.030,16.840,16.920,16.840,3460000,78375453.00,6.930000,-2.530,6.870,否,1.160,-2.197,-3.204,1.500,2.359,否,79610000,49945529,1750623900.000,1098302182.710,75.416640,2.330223,3.032242,17.320,17.100,16.610,16.450,17.600,16.020,12.540,2023-12-14,-
2025-05-23,920375,派诺科技,仪器仪表,16.880,17.310,16.390,16.420,16.390,2479300,54315733.00,4.960000,-2.960,5.410,否,0.820,-8.524,-3.184,-0.243,-0.304,否,79610000,49945529,1698877400.000,1065837588.860,73.187408,2.261344,2.942613,17.190,17.090,16.610,16.520,17.560,16.010,12.570,2023-12-14,-
2025-05-26,920375,派诺科技,仪器仪表,16.250,17.140,16.250,17.130,16.250,2327300,50704237.00,4.660000,4.310,5.440,否,0.770,-1.325,0.351,1.904,4.134,否,79610000,49945529,1772118600.000,1111787475.540,76.342628,2.358834,3.069473,17.160,17.120,16.640,16.570,17.540,16.010,12.600,2023-12-14,-
2025-05-27,920375,派诺科技,仪器仪表,17.160,17.190,16.810,16.840,16.810,1548100,34167578.00,3.100000,-1.710,2.250,否,0.500,-0.473,-2.659,1.202,2.746,否,79610000,49945529,1741866800.000,1092808174.520,75.039385,2.318567,3.017074,16.930,17.140,16.710,16.610,17.510,16.010,12.630,2023-12-14,-
2025-05-28,920375,派诺科技,仪器仪表,16.990,17.160,16.400,16.510,16.400,1187900,25743756.00,2.380000,-1.920,4.480,否,0.450,0.548,-8.022,-5.549,-0.542,否,79610000,49945529,1708430600.000,1071831052.340,73.598958,2.274060,2.959160,16.760,17.050,16.700,16.620,17.480,16.030,12.660,2023-12-14,-
2025-05-29,920375,派诺科技,仪器仪表,16.730,17.270,16.440,17.210,16.440,2046600,45134733.00,4.100000,4.240,4.990,否,0.930,0.467,-0.864,1.474,1.355,否,79610000,49945529,1780875700.000,1117281483.730,76.719883,2.370491,3.084641,16.820,17.070,16.770,16.640,17.490,16.050,12.690,2023-12-14,-
2025-05-30,920375,派诺科技,仪器仪表,17.310,18.040,16.950,17.050,16.950,3383500,76764142.00,6.770000,-0.940,6.350,否,1.760,1.247,0.768,-0.117,4.154,否,79610000,49945529,1764157600.000,1106792922.640,75.999670,2.348237,3.055684,16.950,17.070,16.870,16.660,17.490,16.070,12.730,2023-12-14,-
2025-06-03,920375,派诺科技,仪器仪表,16.930,17.540,16.710,17.440,16.710,2308600,51815149.00,4.620000,2.260,4.870,否,1.100,5.633,6.212,0.809,5.250,否,79610000,49945529,1803962600.000,1131765687.140,77.714464,2.401221,3.124630,17.010,17.080,16.960,16.690,17.480,16.100,12.760,2023-12-14,-
2025-06-04,920375,派诺科技,仪器仪表,17.530,17.820,17.240,17.440,17.240,2008000,45522495.00,4.020000,0.000,3.350,否,0.960,1.336,1.810,-2.841,12.734,否,79610000,49945529,1803962600.000,1131765687.140,77.714464,2.401221,3.124630,17.130,17.030,17.010,16.730,17.460,16.120,12.800,2023-12-14,-
2025-06-05,920375,派诺科技,仪器仪表,19.240,21.300,19.240,19.450,19.240,13980700,366198910.00,27.990000,11.560,11.830,否,6.390,14.076,15.499,12.039,17.028,否,79610000,49945529,2012540800.000,1262622973.120,86.699984,2.678856,3.485906,17.720,17.240,17.160,16.820,17.450,16.150,12.840,2023-12-14,-
2025-06-06,920375,派诺科技,仪器仪表,18.830,19.020,18.160,18.410,18.160,8884800,214115273.00,17.790000,-5.380,4.430,否,1.870,5.562,11.508,8.806,15.713,否,79610000,49945529,1904271200.000,1194697053.680,82.035745,2.534740,3.298374,17.960,17.390,17.240,16.870,17.430,16.190,12.880,2023-12-14,-
2025-06-09,920375,派诺科技,仪器仪表,18.210,18.440,18.030,18.230,18.030,5041500,118981896.00,10.090000,-0.960,2.220,否,0.820,4.530,5.927,11.023,21.777,否,79610000,49945529,1885960900.000,1183209582.010,81.246939,2.510368,3.266658,18.190,17.570,17.330,16.930,17.380,16.210,12.910,2023-12-14,-
2025-06-10,920375,派诺科技,仪器仪表,18.240,18.620,17.880,17.990,17.880,4770000,112419691.00,9.550000,-1.310,4.050,否,0.740,-7.506,5.513,5.020,15.394,否,79610000,49945529,1861281800.000,1167726468.020,80.183767,2.477518,3.223912,18.300,17.660,17.390,16.980,17.310,16.250,12.950,2023-12-14,-
2025-06-11,920375,派诺科技,仪器仪表,17.880,18.150,17.510,18.000,17.510,4401000,78637120.00,6.780000,-23.010,2.740,否,0.630,-2.227,3.211,6.888,8.565,否,103490000,64927306,1862820000.000,1168691508.000,80.250032,2.479565,3.226576,18.420,17.770,17.460,17.060,17.260,16.290,12.980,2023-12-14,-
2025-06-12,920375,派诺科技,仪器仪表,17.750,18.050,17.660,17.870,17.660,3894700,69497571.00,6.000000,-0.720,2.170,否,0.530,-1.975,2.466,8.237,8.500,否,103490000,64927306,1849366300.000,1160250958.220,79.670449,2.461657,3.203273,18.100,17.910,17.480,17.100,17.230,16.330,13.020,2023-12-14,-
2025-06-13,920375,派诺科技,仪器仪表,17.770,18.340,17.570,17.590,17.570,5138400,92444410.00,7.910000,-1.570,4.310,否,0.950,-2.223,-9.563,2.208,5.519,否,103490000,64927306,1820389100.000,1142071312.540,78.422115,2.423086,3.153082,17.940,17.950,17.510,17.160,17.170,16.370,13.050,2023-12-14,-
2025-06-16,920375,派诺科技,仪器仪表,17.420,18.030,17.350,17.940,17.350,3235000,57400120.00,4.980000,1.990,3.870,否,0.700,-0.333,-2.553,5.220,8.991,否,103490000,64927306,1856610600.000,1164795869.640,79.982532,2.471300,3.215821,17.880,18.040,17.550,17.260,17.120,16.410,13.090,2023-12-14,-
2025-06-17,920375,派诺科技,仪器仪表,18.030,18.070,17.520,17.700,17.520,2583100,45880862.00,3.980000,-1.340,3.070,否,0.600,-0.951,-2.907,1.491,5.294,否,103490000,64927306,1831773000.000,1149213316.200,78.912532,2.438239,3.172800,17.820,18.060,17.570,17.330,17.060,16.450,13.130,2023-12-14,-
2025-06-18,920375,派诺科技,仪器仪表,17.590,17.800,17.300,17.660,17.300,2481100,43575542.00,3.820000,-0.230,2.820,否,0.640,0.398,-1.834,1.261,6.130,否,103490000,64927306,1827633400.000,1146616223.960,78.734199,2.432729,3.165630,17.750,18.080,17.560,17.370,17.030,16.480,13.160,2023-12-14,-
2025-06-19,920375,派诺科技,仪器仪表,17.540,17.720,16.630,16.800,16.630,2893400,49461997.00,4.460000,-4.870,6.170,否,0.830,-6.355,-6.667,-13.625,-3.890,否,103490000,64927306,1738632000.000,1090778740.800,74.900030,2.314261,3.011471,17.540,17.820,17.530,17.380,17.000,16.520,13.200,2023-12-14,-
2025-06-20,920375,派诺科技,仪器仪表,16.710,16.990,16.340,16.340,16.340,1724100,28642660.00,2.660000,-2.740,3.870,否,0.530,-7.684,-8.562,-11.244,-3.656,否,103490000,64927306,1691026600.000,1060912180.040,72.849196,2.250894,2.929014,17.290,17.610,17.500,17.370,16.980,16.560,13.230,2023-12-14,-
2025-06-23,920375,派诺科技,仪器仪表,16.060,16.900,16.000,16.900,16.000,2544400,42059279.00,3.920000,3.430,5.510,否,0.980,-4.304,-3.923,-7.296,-0.996,否,103490000,64927306,1748981000.000,1097271471.400,75.345864,2.328036,3.029397,17.080,17.480,17.530,17.380,16.960,16.590,13.260,2023-12-14,-
2025-06-24,920375,派诺科技,仪器仪表,17.040,17.740,16.800,17.500,16.800,4933300,85208298.00,7.600000,3.550,5.560,否,2.020,4.167,-2.453,-2.724,1.156,否,103490000,64927306,1811075000.000,1136227855.000,78.020865,2.410688,3.136949,17.040,17.430,17.540,17.400,16.950,16.620,13.300,2023-12-14,-
2025-06-25,920375,派诺科技,仪器仪表,17.300,17.670,17.240,17.480,17.240,3551800,61826854.00,5.470000,-0.110,2.460,否,1.220,6.977,-1.243,-2.889,-2.618,否,103490000,64927306,1809005200.000,1134929308.880,77.931698,2.407933,3.133364,17.000,17.380,17.580,17.430,16.940,16.660,13.340,2023-12-14,-
2025-06-26,920375,派诺科技,仪器仪表,17.490,18.100,17.320,17.580,17.320,4142500,73550359.00,6.380000,0.570,4.460,否,1.320,4.024,-0.453,-1.623,1.267,否,103490000,64927306,1819354200.000,1141422039.480,78.377532,2.421709,3.151289,17.160,17.350,17.630,17.430,16.950,16.710,13.370,2023-12-14,-
2025-06-27,920375,派诺科技,仪器仪表,17.840,17.970,17.530,17.750,17.530,3007700,53260142.00,4.630000,0.970,2.500,否,0.890,1.429,5.655,0.910,4.905,否,103490000,64927306,1836947500.000,1152459681.500,79.135449,2.445127,3.181763,17.440,17.370,17.660,17.460,16.950,16.760,13.410,2023-12-14,-
2025-06-30,920375,派诺科技,仪器仪表,17.610,17.920,17.510,17.780,17.510,2547500,45151146.00,3.920000,0.170,2.310,否,0.700,1.716,8.813,-0.892,8.283,否,103490000,64926188,1840052200.000,1154387622.640,79.269199,2.418630,3.187140,17.620,17.350,17.690,17.480,16.960,16.790,13.440,2023-12-14,-
2025-07-01,920375,派诺科技,仪器仪表,17.850,17.950,17.390,17.470,17.390,2710500,47893882.00,4.170000,-1.740,3.150,否,0.750,-0.626,3.373,-1.299,1.985,否,103490000,64926188,1807970300.000,1134260504.360,77.887115,2.376460,3.131571,17.610,17.330,17.690,17.490,16.940,16.820,13.480,2023-12-14,-
2025-07-02,920375,派诺科技,仪器仪表,17.490,17.830,17.310,17.460,17.310,2501100,43877077.00,3.850000,-0.060,2.980,否,0.780,-1.634,-0.229,-1.133,3.682,否,103490000,64926188,1806935400.000,1133611242.480,77.842531,2.375100,3.129779,17.610,17.310,17.700,17.470,16.920,16.850,13.520,2023-12-14,-
2025-07-03,920375,派诺科技,仪器仪表,17.460,17.570,17.200,17.500,17.200,1947400,33872437.00,3.000000,0.230,2.120,否,0.650,-1.575,0.114,4.167,5.996,否,103490000,64926188,1811075000.000,1136208290.000,78.020865,2.380541,3.136949,17.590,17.380,17.600,17.480,16.900,16.880,13.550,2023-12-14,-
2025-07-04,920375,派诺科技,仪器仪表,17.510,17.820,16.930,16.930,16.930,2775300,48191821.00,4.270000,-3.260,5.090,否,1.090,-3.091,-3.697,3.611,-1.627,否,103490000,64926188,1752085700.000,1099200362.840,75.479614,2.303003,3.034774,17.430,17.440,17.520,17.480,16.960,16.900,13.590,2023-12-14,-
2025-07-07,920375,派诺科技,仪器仪表,17.200,18.380,17.110,18.250,17.110,10258100,184489246.00,15.800000,7.800,7.500,否,4.110,4.525,2.817,7.988,7.038,否,103490000,64926188,1888692500.000,1184902931.000,81.364616,2.482564,3.271390,17.520,17.570,17.520,17.540,17.030,16.930,13.630,2023-12-14,-
2025-07-08,920375,派诺科技,仪器仪表,17.980,18.070,17.550,17.980,17.550,6204400,110394123.00,9.560000,-1.480,2.850,否,1.540,2.743,1.125,2.743,3.096,否,103490000,64926188,1860750200.000,1167372860.240,80.160866,2.445836,3.222991,17.620,17.620,17.520,17.570,17.070,16.950,13.660,2023-12-14,-
2025-07-09,920375,派诺科技,仪器仪表,17.880,18.250,17.410,17.510,17.410,5179500,92411721.00,7.980000,-2.610,4.670,否,1.090,3.426,0.229,0.172,0.401,否,103490000,64926188,1812109900.000,1136857551.880,78.065448,2.381901,3.138742,17.630,17.620,17.500,17.590,17.100,16.960,13.700,2023-12-14,-
2025-07-10,920375,派诺科技,仪器仪表,17.670,17.690,17.030,17.340,17.030,3358300,57926456.00,5.170000,-0.970,3.770,否,0.640,-4.986,-0.687,-1.365,-10.848,否,103490000,64926188,1794516600.000,1125820099.920,77.307531,2.358776,3.108268,17.600,17.600,17.470,17.620,17.120,16.980,13.730,2023-12-14,-
2025-07-11,920375,派诺科技,仪器仪表,17.470,17.470,17.030,17.340,17.030,2979500,51306042.00,4.590000,0.000,2.540,否,0.540,-3.560,-0.914,-2.310,-5.812,否,103490000,64926188,1794516600.000,1125820099.920,77.307531,2.358776,3.108268,17.680,17.560,17.460,17.620,17.130,17.000,13.770,2023-12-14,-
2025-07-14,920375,派诺科技,仪器仪表,17.360,17.550,17.290,17.360,17.290,2061400,35865698.00,3.170000,0.120,1.500,否,0.370,-0.857,2.540,-2.362,-4.772,否,103490000,64926188,1796586400.000,1127118623.680,77.396698,2.361497,3.111854,17.510,17.510,17.430,17.630,17.150,17.030,13.810,2023-12-14,-
2025-07-15,920375,派诺科技,仪器仪表,17.360,17.360,16.690,16.990,16.690,2735600,46663657.00,4.210000,-2.130,3.860,否,0.690,-2.018,-6.904,-2.748,-5.559,否,103490000,64926188,1758295100.000,1103095934.120,75.747114,2.311165,3.045529,17.310,17.470,17.400,17.620,17.150,17.070,13.840,2023-12-14,-
2025-07-16,920375,派诺科技,仪器仪表,17.120,17.480,16.980,17.020,16.980,2203500,37881084.00,3.390000,0.180,2.940,否,0.680,-1.845,-5.339,-2.520,-5.444,否,103490000,64926188,1761399800.000,1105043719.760,75.880864,2.315246,3.050907,17.210,17.420,17.360,17.600,17.170,17.100,13.870,2023-12-14,-
2025-07-17,920375,派诺科技,仪器仪表,17.020,17.150,16.860,16.930,16.860,2443400,41435062.00,3.760000,-0.530,1.700,否,0.920,-2.477,-3.312,-3.257,-5.260,否,103490000,64926188,1752085700.000,1099200362.840,75.479614,2.303003,3.034774,17.130,17.370,17.370,17.520,17.170,17.130,13.910,2023-12-14,-
2025-07-18,920375,派诺科技,仪器仪表,16.930,16.980,16.610,16.800,16.610,2029400,34063074.00,3.130000,-0.770,2.190,否,0.820,-1.118,-3.114,-0.768,-4.491,否,103490000,64926188,1738632000.000,1090759958.400,74.900030,2.285319,3.011471,17.020,17.350,17.390,17.470,17.170,17.160,13.950,2023-12-14,-
2025-07-21,920375,派诺科技,仪器仪表,16.700,17.270,16.660,17.200,16.660,3532900,60484832.00,5.440000,2.380,3.630,否,1.540,1.058,-0.807,-5.753,-4.125,否,103490000,64926188,1780028000.000,1116730433.600,76.683364,2.339732,3.083173,16.990,17.250,17.410,17.430,17.180,17.200,13.980,2023-12-14,-
2025-07-22,920375,派诺科技,仪器仪表,17.200,17.770,17.060,17.630,17.060,4673200,81464006.00,7.200000,2.500,4.130,否,1.810,4.135,1.555,-1.947,-0.395,否,103490000,64926188,1824528700.000,1144648694.440,78.600448,2.398225,3.160252,17.120,17.210,17.420,17.420,17.200,17.240,14.020,2023-12-14,-
2025-07-23,920375,派诺科技,仪器仪表,17.880,17.890,16.880,16.940,16.880,3830400,65868771.00,5.900000,-3.910,5.730,否,1.290,0.833,-0.294,-3.255,-4.077,否,103490000,64926188,1753120600.000,1099849624.720,75.524197,2.304364,3.036567,17.100,17.160,17.390,17.380,17.220,17.280,14.060,2023-12-14,-
2025-07-24,920375,派诺科技,仪器仪表,17.040,17.190,16.830,17.080,16.830,2108900,35871835.00,3.250000,0.830,2.130,否,0.640,-0.698,0.353,-1.499,1.667,否,103490000,64926188,1767609200.000,1108939291.040,76.148364,2.323408,3.061662,17.130,17.130,17.360,17.360,17.230,17.310,14.090,2023-12-14,-
2025-07-25,920375,派诺科技,仪器仪表,17.100,17.270,16.850,16.980,16.850,1937000,32880209.00,2.980000,-0.590,2.460,否,0.600,-3.687,0.295,-2.076,3.917,否,108159864,64916188,1836554490.720,1102276872.240,79.118518,2.414032,3.181082,17.170,17.090,17.320,17.340,17.250,17.350,14.130,2023-12-14,-
2025-07-28,920375,派诺科技,仪器仪表,17.060,17.080,16.730,16.850,16.730,1825500,30837321.00,2.810000,-0.770,2.060,否,0.570,-0.531,0.298,-2.938,-0.296,否,108159864,64916188,1822493708.400,1093837767.800,78.512781,2.395550,3.156727,17.100,17.040,17.280,17.300,17.280,17.380,14.160,2023-12-14,-
2025-07-29,920375,派诺科技,仪器仪表,16.980,16.980,16.500,16.670,16.500,1684800,28054936.00,2.600000,-1.070,2.850,否,0.590,-2.400,-3.081,-1.883,-4.743,否,108159864,64916188,1803024932.880,1082152853.960,77.674069,2.369960,3.123006,16.900,17.010,17.240,17.270,17.300,17.420,14.200,2023-12-14,-
2025-07-30,920375,派诺科技,仪器仪表,16.660,16.850,16.480,16.570,16.480,1482500,24607183.00,2.280000,-0.600,2.220,否,0.650,-2.415,-6.012,-2.644,-5.206,否,108159864,64916188,1792208946.480,1075661235.160,77.208118,2.355743,3.104271,16.830,16.970,17.190,17.230,17.300,17.460,14.230,2023-12-14,-
2025-07-31,920375,派诺科技,仪器仪表,16.710,16.830,16.210,16.210,16.210,1902700,31372124.00,2.930000,-2.170,3.740,否,1.050,-3.798,-4.309,-4.253,-7.793,否,108159864,64916188,1753271395.440,1052291407.480,75.530693,2.304562,3.036828,16.660,16.890,17.130,17.210,17.290,17.490,14.260,2023-12-14,-
2025-08-01,920375,派诺科技,仪器仪表,16.450,16.510,16.200,16.300,16.200,1176200,19200025.00,1.810000,0.560,1.910,否,0.670,-2.220,-4.567,-2.976,-8.169,否,108159864,64916188,1763005783.200,1058133864.400,75.950050,2.317357,3.053689,16.520,16.840,17.100,17.210,17.290,17.510,14.290,2023-12-14,-
2025-08-04,920375,派诺科技,仪器仪表,16.300,16.530,16.060,16.470,16.060,1382500,22648805.00,2.130000,1.040,2.880,否,0.860,-0.604,-3.004,-4.244,-7.368,否,108159864,64916188,1781392960.080,1069169616.360,76.742167,2.341526,3.085537,16.440,16.770,17.010,17.200,17.290,17.530,14.320,2023-12-14,-
2025-08-05,920375,派诺科技,仪器仪表,16.500,16.640,16.390,16.540,16.390,1464800,24167403.00,2.260000,0.430,1.520,否,0.960,2.036,-1.840,-6.183,-5.323,否,108159864,64916188,1788964150.560,1073713749.520,77.068333,2.351478,3.098651,16.420,16.660,16.940,17.160,17.280,17.550,14.360,2023-12-14,-
2025-08-06,920375,派诺科技,仪器仪表,16.630,16.700,16.320,16.650,16.320,1775600,29445822.00,2.740000,0.670,2.300,否,1.200,2.147,-0.120,-1.712,-4.639,否,108159864,64916188,1800861735.600,1080854530.200,77.580879,2.367116,3.119259,16.430,16.630,16.890,17.140,17.280,17.540,14.390,2023-12-14,-
2025-08-07,920375,派诺科技,仪器仪表,16.900,16.950,16.520,16.650,16.520,1897600,31729601.00,2.920000,0.000,2.580,否,1.230,1.093,0.483,-2.518,-4.857,否,108159864,64916188,1800861735.600,1080854530.200,77.580879,2.367116,3.119259,16.520,16.590,16.860,17.110,17.270,17.530,14.420,2023-12-14,-
2025-08-08,920375,派诺科技,仪器仪表,16.850,16.850,16.350,16.410,16.350,1227900,20266506.00,1.890000,-1.440,3.000,否,0.800,-0.786,1.234,-3.357,-3.071,否,108159864,64916188,1774903368.240,1065274645.080,76.462596,2.332996,3.074296,16.540,16.530,16.810,17.060,17.260,17.520,14.460,2023-12-14,-
2025-08-11,920375,派诺科技,仪器仪表,16.410,16.940,16.320,16.790,16.320,2545800,42584855.00,3.920000,2.320,3.780,否,1.640,0.841,3.006,-0.356,-8.000,否,108159864,64916188,1816004116.560,1089942796.520,78.233211,2.387020,3.145487,16.610,16.530,16.780,17.030,17.260,17.480,14.490,2023-12-14,-
2025-08-12,920375,派诺科技,仪器仪表,16.790,16.970,16.490,16.780,16.490,2221300,37224206.00,3.420000,-0.060,2.860,否,1.250,0.781,1.882,0.660,-6.674,否,108159864,64916188,1814922517.920,1089293634.640,78.186615,2.385598,3.143613,16.660,16.540,16.770,17.000,17.250,17.460,14.520,2023-12-14,-
2025-08-13,920375,派诺科技,仪器仪表,16.780,16.870,16.460,16.520,16.460,2005000,33326735.00,3.090000,-1.550,2.440,否,1.040,0.670,-0.121,-0.302,-5.654,否,108159864,64916188,1786800953.280,1072415425.760,76.975142,2.348634,3.094904,16.630,16.530,16.750,16.970,17.220,17.440,14.560,2023-12-14,-
2025-08-14,920375,派诺科技,仪器仪表,16.840,16.840,15.940,16.050,15.940,2689100,43763896.00,4.140000,-2.850,5.450,否,1.360,-4.407,-3.604,-0.987,-7.439,否,108159864,64916188,1735965817.200,1041904817.400,74.785172,2.281815,3.006853,16.510,16.520,16.700,16.920,17.200,17.430,14.590,2023-12-14,-
2025-08-15,920375,派诺科技,仪器仪表,16.270,16.700,16.080,16.410,16.080,2557700,41928492.00,3.940000,2.240,3.860,否,1.200,-2.205,-1.441,0.675,-5.363,否,108159864,64916188,1774903368.240,1065274645.080,76.462596,2.332996,3.074296,16.510,16.530,16.690,16.910,17.190,17.400,14.620,2023-12-14,-
2025-08-18,920375,派诺科技,仪器仪表,16.410,17.430,16.320,17.250,16.320,5402900,91937887.00,8.320000,5.120,6.760,否,2.250,4.419,5.119,4.736,-0.634,否,108159864,64916188,1865757654.000,1119804243.000,80.376586,2.452418,3.231665,16.600,16.610,16.690,16.870,17.210,17.380,14.660,2023-12-14,-
2025-08-19,920375,派诺科技,仪器仪表,17.430,17.980,17.310,17.330,17.310,5957200,105122254.00,9.180000,0.460,3.880,否,2.000,7.975,3.216,4.776,2.001,否,108159864,64916188,1874410443.120,1124997538.040,80.749347,2.463791,3.246652,16.710,16.680,16.670,16.850,17.210,17.370,14.700,2023-12-14,-
2025-08-20,920375,派诺科技,仪器仪表,17.420,17.420,16.720,17.160,16.720,3295800,56152291.00,5.080000,-0.980,4.040,否,0.890,4.570,2.265,3.063,0.823,否,108159864,64916188,1856023266.240,1113961786.080,62.883993,2.439622,2.912059,16.840,16.740,16.680,16.840,17.220,17.360,14.730,2023-12-14,-
2025-08-21,920375,派诺科技,仪器仪表,17.450,17.660,17.210,17.410,17.210,3557100,62044298.00,5.480000,1.460,2.620,否,0.890,0.928,5.387,4.565,2.835,否,108159864,64916188,1883063232.240,1130190833.080,63.800135,2.475165,2.954484,17.110,16.810,16.700,16.840,17.230,17.360,14.770,2023-12-14,-
2025-08-22,920375,派诺科技,仪器仪表,17.410,17.680,17.100,17.220,17.100,2844200,49183992.00,4.380000,-1.090,3.330,否,0.680,-0.635,7.290,4.936,2.500,否,108159864,64916188,1862512858.080,1117856757.360,63.103867,2.448153,2.922241,17.270,16.890,16.710,16.840,17.230,17.360,14.810,2023-12-14,-
2025-08-25,920375,派诺科技,仪器仪表,17.130,17.350,16.850,17.150,16.850,3748000,63927846.00,5.770000,-0.410,2.900,否,0.890,-0.058,4.509,2.144,-0.291,否,108159864,64916188,1854941667.600,1113312624.200,62.847347,2.438201,2.910362,17.250,16.930,16.730,16.830,17.230,17.360,14.850,2023-12-14,-
2025-08-26,920375,派诺科技,仪器仪表,17.350,17.970,17.150,17.170,17.150,4854600,85236244.00,7.480000,0.120,4.780,否,1.250,-1.379,-0.464,2.324,-2.609,否,108159864,64916188,1857104864.880,1114610947.960,62.920638,2.441044,2.913756,17.220,16.970,16.750,16.840,17.230,17.350,14.880,2023-12-14,-
2025-08-27,920375,派诺科技,仪器仪表,17.000,17.870,16.750,17.590,16.750,9584800,166759839.00,14.760000,2.450,6.520,否,2.620,2.149,1.500,6.477,3.837,否,108159864,64916188,1902532007.760,1141875746.920,64.459757,2.500755,2.985030,17.310,17.070,16.800,16.860,17.230,17.340,14.920,2023-12-14,-
2025-08-28,920375,派诺科技,仪器仪表,17.320,17.690,16.670,17.100,16.670,6155500,105260634.00,9.480000,-2.790,5.800,否,1.250,-0.292,-0.350,6.542,0.117,否,108159864,64916188,1849533674.400,1110066814.800,62.664118,2.431092,2.901877,17.250,17.180,16.850,16.860,17.190,17.320,14.960,2023-12-14,-
2025-08-29,920375,派诺科技,仪器仪表,17.300,17.500,16.800,16.890,16.800,5065200,86747071.00,7.800000,-1.230,4.090,否,0.930,-1.631,-2.987,2.925,-0.530,否,108159864,64916188,1826820102.960,1096434415.320,61.894559,2.401237,2.866240,17.180,17.230,16.880,16.870,17.170,17.300,15.000,2023-12-14,-
2025-09-01,920375,派诺科技,仪器仪表,18.500,19.630,17.600,17.680,17.600,12006100,220663208.00,18.490000,4.680,12.020,否,2.040,0.512,2.671,2.493,4.926,否,108159864,64916188,1912266395.520,1147718203.840,64.789568,2.513550,3.000303,17.290,17.270,16.940,16.880,17.160,17.270,15.030,2023-12-14,-
2025-09-02,920375,派诺科技,仪器仪表,17.400,18.630,17.390,18.470,17.390,11659800,211336906.00,17.960000,4.470,7.010,否,1.550,8.012,7.697,6.578,10.798,否,108159864,64916188,1997712688.080,1199001992.360,67.684577,2.625864,3.134366,17.550,17.380,17.030,16.910,17.160,17.240,15.080,2023-12-14,-
2025-09-03,920375,派诺科技,仪器仪表,18.580,18.650,17.170,17.340,17.170,8091400,142815590.00,12.460000,-6.120,8.010,否,0.910,2.664,0.990,1.049,4.647,否,108159864,64916188,1875492041.760,1125646699.920,63.543615,2.465213,2.942605,17.500,17.400,17.070,16.920,17.150,17.210,15.120,2023-12-14,-
2025-09-04,920375,派诺科技,仪器仪表,17.380,18.120,17.060,17.750,17.060,6812000,120197302.00,10.490000,2.360,6.110,否,0.790,0.396,0.910,1.953,9.500,否,108159864,64916188,1919837586.000,1152262337.000,65.046088,2.523502,3.012182,17.630,17.440,17.120,16.950,17.150,17.190,15.160,2023-12-14,-
2025-09-05,920375,派诺科技,仪器仪表,17.790,18.900,17.700,18.810,17.700,9050500,167244413.00,13.940000,5.970,6.760,否,1.040,1.841,10.000,9.233,15.399,否,108159864,64916188,2034487041.840,1221073496.280,68.930530,2.674202,3.192065,18.010,17.600,17.240,17.010,17.170,17.170,15.200,2023-12-14,-
2025-09-08,920375,派诺科技,仪器仪表,19.500,19.930,18.400,18.920,18.400,9514500,182103902.00,14.660000,0.580,8.130,否,1.000,9.112,12.019,10.321,14.876,否,108159864,64916188,2046384626.880,1228214276.960,69.333633,2.689840,3.210732,18.260,17.770,17.350,17.080,17.190,17.150,15.250,2023-12-14,-
2025-09-09,920375,派诺科技,仪器仪表,18.800,19.120,18.180,18.790,18.180,5993600,111464448.00,9.230000,-0.690,4.970,否,0.660,5.859,6.278,9.435,13.603,否,108159864,64916188,2032323844.560,1219775172.520,68.857239,2.671358,3.188671,18.320,17.930,17.450,17.150,17.210,17.140,15.290,2023-12-14,-
2025-09-10,920375,派诺科技,仪器仪表,19.600,19.600,18.150,18.190,18.150,6021700,113319777.00,9.280000,-3.190,7.720,否,0.760,-3.296,-1.516,3.411,9.249,否,108159864,64916188,1967427926.160,1180825459.720,66.658498,2.586057,3.086850,18.490,17.990,17.530,17.200,17.220,17.120,15.340,2023-12-14,-
2025-09-11,920375,派诺科技,仪器仪表,18.120,18.680,17.650,18.000,17.650,4936700,88616376.00,7.600000,-1.040,5.660,否,0.660,-4.863,3.806,5.263,8.108,否,108159864,64916188,1946877552.000,1168491384.000,65.962230,2.559045,3.054607,18.540,18.080,17.630,17.260,17.240,17.120,15.380,2023-12-14,-
2025-09-12,920375,派诺科技,仪器仪表,18.130,18.900,18.130,18.190,18.130,5896900,108865061.00,9.080000,1.060,4.280,否,0.830,-3.193,2.479,7.697,10.847,否,108159864,64916188,1967427926.160,1180825459.720,66.658498,2.586057,3.086850,18.420,18.210,17.720,17.320,17.270,17.120,15.430,2023-12-14,-
2025-09-15,920375,派诺科技,仪器仪表,18.000,18.490,17.620,17.860,17.620,5122200,91833681.00,7.890000,-1.810,4.780,否,0.790,-1.814,-5.051,1.018,6.373,否,108159864,64916188,1931735171.040,1159403117.680,65.449190,2.539141,3.030849,18.210,18.230,17.750,17.370,17.280,17.120,15.470,2023-12-14,-
2025-09-16,920375,派诺科技,仪器仪表,18.080,18.080,17.390,17.730,17.390,3958100,69601564.00,6.100000,-0.730,3.860,否,0.710,-1.500,-6.290,-4.006,5.662,否,108159864,64916188,1917674388.720,1150964013.240,64.972797,2.520659,3.008788,17.990,18.160,17.770,17.410,17.290,17.120,15.510,2023-12-14,-
2025-09-17,920375,派诺科技,仪器仪表,17.630,17.990,17.480,17.780,17.480,3163300,56140519.00,4.870000,0.280,2.880,否,0.610,-2.254,-5.375,2.537,7.627,否,108159864,64916188,1923082381.920,1154209822.640,65.156025,2.527767,3.017273,17.910,18.200,17.800,17.450,17.290,17.120,15.550,2023-12-14,-
2025-09-18,920375,派诺科技,仪器仪表,17.770,18.160,17.410,17.680,17.410,3992500,71213276.00,6.150000,-0.560,4.220,否,0.870,-1.008,-2.804,-0.394,10.156,否,108159864,64916188,1912266395.520,1147718203.840,64.789568,2.513550,3.000303,17.850,18.200,17.820,17.480,17.290,17.120,15.600,2023-12-14,-
2025-09-19,920375,派诺科技,仪器仪表,17.800,17.920,17.130,17.220,17.130,2751300,47854207.00,4.240000,-2.600,4.470,否,0.620,-2.876,-4.333,-8.453,4.936,否,108159864,64916188,1862512858.080,1117856757.360,63.103867,2.448153,2.922241,17.650,18.040,17.820,17.510,17.280,17.120,15.640,2023-12-14,-
2025-09-22,920375,派诺科技,仪器仪表,17.180,17.320,16.800,16.990,16.800,2464400,41959090.00,3.800000,-1.340,3.020,否,0.650,-4.443,-6.597,-10.201,-1.507,否,108159864,64916188,1837636089.360,1102926034.120,62.261016,2.415454,2.883210,17.480,17.840,17.810,17.510,17.270,17.110,15.680,2023-12-14,-
2025-09-23,920375,派诺科技,仪器仪表,17.050,17.130,16.120,16.390,16.120,3074700,50605305.00,4.740000,-3.530,5.940,否,0.940,-7.296,-8.231,-12.773,-5.424,否,108159864,64916188,1772740170.960,1063976321.320,60.062275,2.330152,2.781390,17.210,17.600,17.770,17.500,17.250,17.100,15.720,2023-12-14,-
2025-09-24,920375,派诺科技,仪器仪表,16.490,16.890,16.380,16.790,16.380,1900000,31692239.00,2.930000,2.440,3.110,否,0.620,-2.497,-5.302,-7.697,-2.156,否,108159864,64916188,1816004116.560,1089942796.520,61.528102,2.387020,2.849270,17.010,17.460,17.730,17.510,17.240,17.080,15.760,2023-12-14,-
2025-09-25,920375,派诺科技,仪器仪表,16.800,17.200,16.610,16.630,16.610,2506000,42360216.00,3.860000,-0.950,3.510,否,0.880,-2.119,-6.468,-7.611,-4.480,否,108159864,64916188,1798698538.320,1079556206.440,60.941771,2.364273,2.822118,16.800,17.330,17.710,17.530,17.230,17.070,15.800,2023-12-14,-
2025-09-26,920375,派诺科技,仪器仪表,16.610,16.670,16.150,16.170,16.150,2418800,39541548.00,3.730000,-2.770,3.130,否,0.950,-1.342,-8.541,-11.105,-6.098,否,108159864,64916188,1748945000.880,1049694759.960,59.256070,2.298875,2.744055,16.590,17.120,17.670,17.520,17.210,17.090,15.840,2023-12-14,-
2025-09-29,920375,派诺科技,仪器仪表,16.220,16.450,16.030,16.150,16.030,2177000,35431338.00,3.350000,-0.120,2.600,否,0.880,-3.812,-6.214,-9.574,-5.831,否,108159864,64916188,1746781803.600,1048396436.200,59.182779,2.296032,2.740661,16.430,16.950,17.590,17.490,17.180,17.100,15.870,2023-12-14,-
2025-09-30,920375,派诺科技,仪器仪表,16.250,16.450,15.980,16.020,15.980,2597700,42076116.00,4.000000,-0.800,2.910,否,1.080,-3.668,-5.709,-9.645,-6.698,否,108159864,64916188,1732721021.280,1039957331.760,58.706385,2.160673,2.718600,16.350,16.780,17.470,17.440,17.150,17.110,15.910,2023-12-14,-
2025-10-09,920375,派诺科技,仪器仪表,16.210,16.580,16.030,16.400,16.030,2613000,42577287.00,4.030000,2.370,3.430,否,1.130,1.422,0.061,-7.762,-6.765,否,108159864,64916188,1773821769.600,1064625483.200,60.098921,2.211925,2.783087,16.270,16.640,17.420,17.420,17.130,17.110,15.950,2023-12-14,-
2025-10-10,920375,派诺科技,仪器仪表,16.600,16.880,16.310,16.410,16.310,2325300,38419854.00,3.580000,0.060,3.480,否,0.940,1.610,-2.263,-7.183,-4.035,否,108159864,64916188,1774903368.240,1065274645.080,60.135566,2.213274,2.784784,16.230,16.520,17.360,17.380,17.110,17.120,15.990,2023-12-14,-
2025-10-13,920375,派诺科技,仪器仪表,15.890,16.330,15.600,16.050,15.600,2650400,42418562.00,4.080000,-2.190,4.450,否,1.090,0.187,-3.488,-6.794,-4.973,否,108159864,64916188,1735965817.200,1041904817.400,58.816322,2.164720,2.723691,16.210,16.400,17.220,17.340,17.090,17.110,16.030,2023-12-14,-
2025-10-14,920375,派诺科技,仪器仪表,16.170,16.610,16.060,16.190,16.060,2223500,36372630.00,3.430000,0.870,3.430,否,0.900,-1.280,0.124,-4.709,-8.428,否,108159864,64916188,1751108198.160,1050993083.720,59.329361,2.183602,2.747450,16.210,16.320,17.080,17.310,17.070,17.110,16.060,2023-12-14,-
2025-10-15,920375,派诺科技,仪器仪表,16.190,16.550,15.900,16.510,15.900,2193000,35698594.00,3.380000,1.980,4.010,否,0.880,0.609,2.229,0.732,-10.612,否,108159864,64916188,1785719354.640,1071766263.880,60.502023,2.226761,2.801754,16.310,16.330,16.970,17.290,17.060,17.110,16.100,2023-12-14,-
2025-10-16,920375,派诺科技,仪器仪表,17.460,18.640,16.570,16.620,16.570,7050900,123910255.00,10.860000,0.670,12.540,否,2.940,3.551,3.745,-1.013,-4.152,否,108159864,64916188,1797616939.680,1078907044.560,60.905126,2.241597,2.820421,16.360,16.320,16.890,17.260,17.060,17.110,16.130,2023-12-14,-
2025-10-17,920375,派诺科技,仪器仪表,16.150,16.460,15.880,15.940,15.880,4320200,69881597.00,6.660000,-4.090,3.490,否,1.310,-1.544,-2.805,-4.149,-10.197,否,108159864,64916188,1724068232.160,1034764036.720,58.413219,2.149883,2.705024,16.260,16.250,16.790,17.220,17.040,17.110,16.150,2023-12-14,-
2025-10-20,920375,派诺科技,仪器仪表,16.260,16.900,16.110,16.750,16.110,5242600,87068972.00,8.080000,5.080,4.960,否,1.420,1.454,2.072,3.587,-10.952,否,108159864,64916188,1811677722.000,1087346149.000,61.381520,2.259131,2.842482,16.400,16.300,16.710,17.210,17.040,17.100,16.170,2023-12-14,-
2025-10-21,920375,派诺科技,仪器仪表,16.700,16.990,16.570,16.990,16.570,3180200,53452032.00,4.900000,1.430,2.510,否,0.760,2.226,5.857,5.201,-10.201,否,108679849,64916188,1846470634.510,1102926034.120,62.560339,2.302517,2.897071,16.560,16.390,16.670,17.190,17.040,17.110,16.200,2023-12-14,-
2025-10-22,920375,派诺科技,仪器仪表,16.900,17.040,16.390,16.550,16.390,3673200,61358932.00,5.660000,-2.590,3.830,否,0.840,3.827,2.224,3.308,-11.921,否,108679849,64916188,1798651500.950,1074362911.400,60.940178,2.242888,2.822044,16.570,16.440,16.610,17.130,17.020,17.110,16.230,2023-12-14,-
2025-10-23,920375,派诺科技,仪器仪表,16.530,16.530,15.960,16.380,15.960,2823700,45622598.00,4.350000,-1.030,3.440,否,0.600,-2.209,-0.787,-0.122,-9.951,否,108679849,64916188,1780175926.620,1063327159.440,60.314206,2.219849,2.793056,16.520,16.440,16.540,17.100,17.010,17.120,16.260,2023-12-14,-
2025-10-24,920375,派诺科技,仪器仪表,16.510,16.580,16.200,16.300,16.200,2199100,35892737.00,3.390000,-0.490,2.320,否,0.570,-4.061,-1.925,-0.670,-9.444,否,108679849,64916188,1771481538.700,1058133864.400,60.019631,2.209007,2.779415,16.590,16.430,16.470,17.050,17.000,17.110,16.290,2023-12-14,-
2025-10-27,920375,派诺科技,仪器仪表,16.350,16.430,16.100,16.250,16.100,1625000,26369470.00,2.500000,-0.310,2.020,否,0.470,-1.813,1.945,1.246,-10.665,否,108679849,64916188,1766047546.250,1054888055.000,59.835522,2.202231,2.770889,16.490,16.450,16.420,16.960,16.980,17.120,16.320,2023-12-14,-
2025-10-28,920375,派诺科技,仪器仪表,16.350,16.420,16.050,16.110,16.050,1702400,27580289.00,2.620000,-0.860,2.280,否,0.630,-1.648,-3.821,-0.494,-9.798,否,108679849,64916188,1750832367.390,1045799788.680,59.320016,2.183258,2.747017,16.320,16.440,16.380,16.870,16.970,17.130,16.340,2023-12-14,-
2025-10-29,920375,派诺科技,仪器仪表,16.280,17.070,15.780,16.850,15.780,4589100,75345588.00,7.070000,4.590,8.010,否,1.910,3.374,-0.824,2.059,-4.963,否,108679849,64916188,1831255455.650,1093837767.800,62.044833,2.283544,2.873199,16.380,16.470,16.400,16.800,16.970,17.140,16.370,2023-12-14,-
2025-10-30,920375,派诺科技,仪器仪表,16.840,17.340,16.380,16.380,16.380,4502500,76354050.00,6.940000,-2.790,5.700,否,1.740,0.800,-1.027,-1.444,-7.874,否,108679849,64916188,1780175926.620,1063327159.440,107.050526,2.219849,2.824388,16.380,16.450,16.380,16.740,16.970,17.130,16.380,2023-12-14,-
2025-10-31,920375,派诺科技,仪器仪表,16.000,16.430,15.850,16.150,15.850,4265500,69041955.00,6.570000,-1.400,3.540,否,1.460,0.248,-1.404,1.317,-8.654,否,108679849,64916188,1755179561.350,1048396436.200,105.547374,2.188679,2.784729,16.350,16.470,16.360,16.680,16.970,17.130,16.400,2023-12-14,-
2025-11-03,920375,派诺科技,仪器仪表,16.280,16.360,15.910,16.050,15.910,2799700,45067651.00,4.310000,-0.620,2.790,否,0.840,-4.748,-1.534,-4.179,-6.794,否,108679849,64916188,1744311576.450,1041904817.400,104.893830,2.175127,2.767486,16.310,16.400,16.350,16.610,16.970,17.130,16.420,2023-12-14,-
2025-11-04,920375,派诺科技,仪器仪表,16.030,16.230,15.580,15.720,15.580,2540200,40330641.00,3.910000,-2.060,4.050,否,0.710,-4.029,-3.262,-7.475,-7.475,否,108679849,64916188,1708447226.280,1020482475.360,102.737134,2.130404,2.710585,16.230,16.270,16.330,16.540,16.950,17.120,16.430,2023-12-14,-
2025-11-05,920375,派诺科技,仪器仪表,15.500,16.580,15.460,16.470,15.460,6363300,103250566.00,9.800000,4.770,7.120,否,1.700,1.981,2.235,-0.483,0.488,否,108679849,64916188,1789957113.030,1069169616.360,107.638715,2.232046,2.839906,16.150,16.270,16.350,16.500,16.950,17.120,16.450,2023-12-14,-
2025-11-06,920375,派诺科技,仪器仪表,16.290,16.450,15.860,15.910,15.860,4318400,69709015.00,6.650000,-3.400,3.580,否,1.050,-0.872,-5.579,-2.869,-5.241,否,108679849,64916188,1729096397.590,1032816551.080,103.978868,2.156153,2.743346,16.060,16.220,16.330,16.430,16.940,17.110,16.470,2023-12-14,-
2025-11-07,920375,派诺科技,仪器仪表,15.860,15.960,15.550,15.590,15.550,2702200,42493178.00,4.160000,-2.010,2.580,否,0.670,-0.827,-4.823,-4.356,-6.254,否,108679849,64916188,1694318845.910,1012043370.920,101.887527,2.112786,2.688169,15.950,16.150,16.290,16.360,16.920,17.100,16.480,2023-12-14,-
2025-11-10,920375,派诺科技,仪器仪表,15.660,15.800,15.500,15.620,15.500,1665200,25996669.00,2.570000,0.190,1.920,否,0.440,-5.161,-3.282,-3.877,-3.401,否,108679849,64916188,1697579241.380,1013990856.560,102.083590,2.116852,2.693342,15.860,16.090,16.270,16.310,16.910,17.090,16.490,2023-12-14,-
2025-11-11,920375,派诺科技,仪器仪表,15.790,16.590,15.730,15.790,15.730,4915200,79634894.00,7.570000,1.090,5.510,否,1.400,-0.754,-1.620,-1.986,-2.229,否,108679849,64916188,1716054815.710,1025026608.520,103.194615,2.139891,2.722655,15.880,16.050,16.250,16.270,16.890,17.070,16.500,2023-12-14,-
2025-11-12,920375,派诺科技,仪器仪表,15.800,15.960,15.500,15.580,15.500,3551400,55555344.00,5.470000,-1.330,2.910,否,0.890,-0.064,-0.891,-7.537,-2.747,否,108679849,64916188,1693232047.420,1011394209.040,101.822173,2.111431,2.686445,15.700,15.930,16.200,16.240,16.870,17.060,16.500,2023-12-14,-
2025-11-13,920375,派诺科技,仪器仪表,15.590,15.980,15.470,15.920,15.470,3084900,48521716.00,4.750000,2.180,3.270,否,0.900,1.921,-3.339,-2.808,-2.927,否,108679849,64916188,1730183196.080,1033465712.960,104.044223,2.157509,2.745070,15.700,15.880,16.170,16.220,16.860,17.040,16.500,2023-12-14,-
2025-11-14,920375,派诺科技,仪器仪表,15.650,15.780,15.280,15.320,15.280,2875900,44730639.00,4.430000,-3.770,3.140,否,0.900,-2.977,-3.708,-5.139,-6.642,否,108679849,64916188,1664975286.680,994516000.160,100.122958,2.076196,2.641613,15.650,15.800,16.130,16.170,16.850,17.030,16.500,2023-12-14,-
2025-11-17,920375,派诺科技,仪器仪表,15.470,15.470,14.970,15.070,14.970,2058900,31107657.00,3.170000,-1.630,3.260,否,0.640,-3.273,-3.335,-6.106,-6.106,否,108679849,64916188,1637805324.430,978286953.160,98.489098,2.042315,2.598506,15.540,15.700,16.050,16.130,16.830,17.010,16.490,2023-12-14,-
2025-11-18,920375,派诺科技,仪器仪表,15.070,15.150,14.710,14.850,14.710,1965600,29221679.00,3.030000,-1.460,2.920,否,0.600,-6.721,-4.930,-5.534,-8.277,否,108679849,64916188,1613895757.650,964005391.800,97.051301,2.012500,2.560571,15.350,15.610,15.940,16.090,16.790,17.000,16.480,2023-12-14,-
2025-11-19,920375,派诺科技,仪器仪表,14.890,14.940,14.350,14.490,14.350,1812400,26464193.00,2.790000,-2.420,3.970,否,0.670,-5.418,-8.233,-12.022,-12.235,否,108679849,64916188,1574771012.010,940635564.120,94.698542,1.963712,2.498497,15.130,15.410,15.840,16.040,16.740,16.980,16.480,2023-12-14,-
2025-11-20,920375,派诺科技,仪器仪表,14.690,14.800,14.280,14.480,14.280,1134600,16366156.00,1.750000,-0.070,3.590,否,0.480,-3.915,-7.060,-8.988,-12.876,否,108679849,64916188,1573684213.520,939986402.240,94.633187,1.962357,2.496773,14.840,15.270,15.750,15.980,16.700,16.960,16.480,2023-12-14,-
2025-11-21,920375,派诺科技,仪器仪表,14.400,14.550,13.650,13.650,13.650,2423300,33965561.00,3.730000,-5.730,6.220,否,1.230,-8.081,-14.259,-12.444,-14.366,否,108679849,64916188,1483479938.850,886105966.200,89.208771,1.849874,2.353657,14.510,15.080,15.610,15.880,16.630,16.930,16.470,2023-12-14,-
2025-11-24,920375,派诺科技,仪器仪表,13.800,13.990,13.620,13.820,13.620,1179800,16293150.00,1.820000,1.250,2.710,否,0.630,-4.624,-9.791,-11.524,-17.493,否,108679849,64916188,1501955513.180,897141718.160,90.319796,1.872913,2.382969,14.260,14.900,15.490,15.810,16.580,16.900,16.460,2023-12-14,-
2025-11-25,920375,派诺科技,仪器仪表,13.810,14.680,13.810,14.420,13.810,2750700,39542219.00,4.240000,4.340,6.300,否,1.620,-0.414,-4.313,-8.676,-15.127,否,108679849,64916188,1567163422.580,936091430.960,94.241061,1.954226,2.486427,14.170,14.760,15.410,15.750,16.530,16.880,16.460,2023-12-14,-
2025-11-26,920375,派诺科技,仪器仪表,14.430,14.630,14.050,14.150,14.050,1973000,28320547.00,3.040000,-1.870,4.020,否,1.060,3.663,-4.714,-9.178,-14.502,否,108679849,64916188,1537819863.350,918564060.200,92.476492,1.917635,2.439871,14.100,14.620,15.270,15.670,16.480,16.850,16.450,2023-12-14,-
2025-11-27,920375,派诺科技,仪器仪表,14.080,14.180,13.710,13.720,13.710,1242700,17343269.00,1.910000,-3.040,3.320,否,0.660,-0.724,-5.314,-13.819,-16.239,否,108679849,64916188,1491087528.280,890650099.360,89.666252,1.859361,2.365727,13.950,14.400,15.140,15.580,16.420,16.820,16.440,2023-12-14,-
2025-11-28,920375,派诺科技,仪器仪表,13.940,13.940,13.650,13.710,13.650,1181900,16252034.00,1.820000,-0.070,2.110,否,0.620,-4.924,-5.318,-10.509,-15.890,否,108679849,64916188,1490000729.790,890000937.480,89.600898,1.858005,2.364002,13.960,14.240,15.020,15.500,16.360,16.780,16.430,2023-12-14,-
2025-12-01,920375,派诺科技,仪器仪表,13.930,14.180,13.720,14.120,13.720,1851300,25957361.00,2.850000,2.990,3.360,否,1.110,-0.212,3.443,-6.304,-13.108,否,108679849,64916188,1534559467.880,916616574.560,92.280429,1.913569,2.434698,14.020,14.140,14.920,15.410,16.310,16.740,16.420,2023-12-14,-
2025-12-02,920375,派诺科技,仪器仪表,14.190,14.200,13.790,13.860,13.790,1256100,17505415.00,1.930000,-1.840,2.900,否,0.700,1.020,0.289,-6.667,-13.966,否,108679849,64916188,1506302707.140,899738365.680,90.581214,1.878334,2.389867,13.910,14.040,14.830,15.310,16.250,16.700,16.410,2023-12-14,-
2025-12-03,920375,派诺科技,仪器仪表,13.800,14.000,13.580,13.590,13.580,1037700,14241710.00,1.600000,-1.950,3.030,否,0.690,-0.875,-5.756,-6.211,-19.347,否,108679849,64916188,1476959147.910,882210994.920,88.816645,1.841743,2.343311,13.800,13.950,14.680,15.210,16.170,16.670,16.390,2023-12-14,-
2025-12-04,920375,派诺科技,仪器仪表,13.600,13.680,13.140,13.140,13.140,1313100,17530859.00,2.020000,-3.310,3.970,否,1.000,-6.941,-7.138,-9.254,-19.780,否,108679849,64916188,1428053215.860,852998710.320,85.875696,1.780758,2.265718,13.680,13.820,14.540,15.100,16.100,16.630,16.380,2023-12-14,-
2025-12-05,920375,派诺科技,仪器仪表,13.190,13.500,13.030,13.390,13.030,1035300,13825016.00,1.590000,1.900,3.580,否,0.780,-3.391,-2.405,-1.905,-17.090,否,108679849,64916188,1455223178.110,869227757.320,87.509557,1.814638,2.308825,13.620,13.790,14.430,15.010,16.030,16.590,16.370,2023-12-14,-
2025-12-08,920375,派诺科技,仪器仪表,13.650,13.660,13.230,13.420,13.230,1241400,16650822.00,1.910000,0.220,3.210,否,0.960,-1.251,-2.115,-2.894,-16.386,否,108679849,64916188,1458483573.580,871175242.960,87.705620,1.818704,2.313998,13.480,13.750,14.320,14.910,15.940,16.550,16.370,2023-12-14,-
2025-12-09,920375,派诺科技,仪器仪表,13.420,13.570,13.120,13.140,13.120,1245700,16640813.00,1.920000,-2.090,3.350,否,1.060,0.000,-6.941,-8.877,-16.412,否,108679849,64916188,1428053215.860,852998710.320,85.875696,1.780758,2.265718,13.340,13.620,14.190,14.810,15.840,16.510,16.360,2023-12-14,-
2025-12-10,920375,派诺科技,仪器仪表,13.110,13.290,12.850,13.100,12.850,1124900,14646460.00,1.730000,-0.300,3.350,否,0.960,-2.166,-5.483,-7.420,-20.461,否,108679849,64916188,1423706021.900,850402062.800,85.614279,1.775337,2.258821,13.240,13.520,14.070,14.690,15.750,16.480,16.360,2023-12-14,-
2025-12-11,920375,派诺科技,仪器仪表,13.140,13.970,13.010,13.660,13.010,2699100,36640541.00,4.160000,4.270,7.330,否,2.260,1.788,0.515,-0.437,-14.142,否,108679849,64916188,1484566737.340,886755128.080,89.274126,1.851229,2.355381,13.340,13.510,13.960,14.600,15.670,16.440,16.350,2023-12-14,-
2025-12-12,920375,派诺科技,仪器仪表,13.810,14.080,13.490,13.620,13.490,2644400,36597655.00,4.070000,-0.290,4.320,否,1.800,3.653,3.653,-0.656,-12.636,否,108679849,64916188,1480219543.380,884158480.560,89.012708,1.845808,2.348484,13.390,13.500,13.870,14.510,15.600,16.420,16.350,2023-12-14,-
2025-12-15,920375,派诺科技,仪器仪表,13.620,13.960,13.520,13.620,13.520,1610400,22118886.00,2.480000,0.000,3.230,否,0.900,3.969,1.718,-3.541,-12.804,否,108679849,64916188,1480219543.380,884158480.560,89.012708,1.845808,2.348484,13.430,13.450,13.800,14.430,15.520,16.390,16.340,2023-12-14,-
2025-12-16,920375,派诺科技,仪器仪表,13.600,14.000,13.520,13.730,13.520,1442600,19876664.00,2.220000,0.810,3.520,否,0.770,0.512,2.310,-0.938,-13.046,否,108679849,64916188,1492174326.770,891299261.240,89.731607,1.860716,2.367451,13.550,13.440,13.740,14.370,15.450,16.370,16.340,2023-12-14,-
2025-12-17,920375,派诺科技,仪器仪表,13.650,13.800,13.350,13.780,13.350,1677400,22786338.00,2.580000,0.360,3.280,否,0.880,1.175,4.871,1.398,-11.553,否,108679849,64916188,1497608319.220,894545070.640,90.058379,1.867492,2.376072,13.680,13.460,13.710,14.280,15.390,16.340,16.340,2023-12-14,-
2025-12-18,920375,派诺科技,仪器仪表,13.720,13.860,13.550,13.550,13.550,1166900,15997301.00,1.800000,-1.670,2.250,否,0.580,-0.514,3.435,3.120,-14.887,否,108679849,64916188,1472611953.950,879614347.400,88.555227,1.836322,2.336414,13.660,13.500,13.660,14.200,15.320,16.300,16.340,2023-12-14,-
2025-12-19,920375,派诺科技,仪器仪表,13.660,13.850,13.580,13.730,13.580,955500,13115549.00,1.470000,1.330,1.990,否,0.560,0.000,0.512,2.539,-10.379,否,108679849,64916188,1492174326.770,891299261.240,89.731607,1.860716,2.367451,13.680,13.540,13.660,14.130,15.250,16.270,16.340,2023-12-14,-
2025-12-22,920375,派诺科技,仪器仪表,13.690,13.900,13.610,13.870,13.610,1299600,17932982.00,2.000000,1.020,2.110,否,0.950,0.653,1.836,3.353,-7.963,否,108679849,64916188,1507389505.630,900387527.560,90.646568,1.879689,2.391591,13.730,13.580,13.670,14.080,15.190,16.240,16.350,2023-12-14,-
2025-12-23,920375,派诺科技,仪器仪表,13.970,13.970,13.490,13.560,13.490,1269200,17284506.00,1.960000,-2.240,3.460,否,0.970,0.074,-0.441,3.196,-8.687,否,108679849,64916188,1473698752.440,880263509.280,88.620582,1.837677,2.338138,13.700,13.620,13.620,14.000,15.140,16.200,16.350,2023-12-14,-
2025-12-24,920375,派诺科技,仪器仪表,13.560,13.680,13.450,13.490,13.450,830200,11233558.00,1.280000,-0.520,1.700,否,0.650,-1.748,-1.748,2.977,-6.901,否,108679849,64916188,1466091163.010,875719376.120,88.163101,1.828190,2.326068,13.640,13.660,13.590,13.930,15.090,16.170,16.350,2023-12-14,-
2025-12-25,920375,派诺科技,仪器仪表,13.500,13.700,13.360,13.500,13.360,1105900,14958625.00,1.700000,0.070,2.520,否,1.000,-2.668,-2.032,-1.171,-6.768,否,108679849,64916188,1467177961.500,876368538.000,88.228455,1.829546,2.327792,13.630,13.650,13.580,13.850,15.030,16.140,16.350,2023-12-14,-
2025-12-26,920375,派诺科技,仪器仪表,13.490,13.600,13.330,13.470,13.330,1072500,14429096.00,1.650000,-0.220,2.000,否,0.980,-0.664,-0.590,-1.101,-1.319,否,108679849,64916188,1463917566.030,874421052.360,88.032392,1.825480,2.322619,13.580,13.630,13.570,13.790,14.980,16.100,16.350,2023-12-14,-
2025-12-29,920375,派诺科技,仪器仪表,13.420,13.420,13.030,13.060,13.030,1347200,17784648.00,2.080000,-3.040,2.900,否,1.210,-3.188,-4.880,-4.112,-5.499,否,108679849,64916188,1419358827.940,847805415.280,85.352861,1.769916,2.251923,13.420,13.570,13.510,13.720,14.930,16.070,16.360,2023-12-14,-
2025-12-30,920375,派诺科技,仪器仪表,13.080,13.260,13.010,13.180,13.010,803300,10567009.00,1.240000,0.920,1.910,否,0.710,-2.370,-4.975,-4.006,-8.599,否,108679849,64916188,1432400409.820,855595357.840,86.137114,1.786179,2.272615,13.340,13.520,13.480,13.670,14.880,16.030,16.360,2023-12-14,-
2025-12-31,920375,派诺科技,仪器仪表,13.330,13.330,13.050,13.070,13.050,625100,8188171.00,0.960000,-0.830,2.120,否,0.610,-2.970,-3.614,-5.152,-7.633,否,108679849,64916188,1420445626.430,848454577.160,85.418216,1.771271,2.253648,13.260,13.450,13.450,13.620,14.830,15.990,16.360,2023-12-14,-
2026-01-05,920375,派诺科技,仪器仪表,13.070,13.390,13.070,13.290,13.070,1287800,17028653.00,1.980000,1.680,2.450,否,1.300,1.761,-1.483,-1.919,-3.134,否,108679849,64916188,1444355193.210,862736138.520,86.856013,1.801086,2.291582,13.210,13.420,13.460,13.580,14.780,15.950,16.360,2023-12-14,-
2026-01-06,920375,派诺科技,仪器仪表,13.270,13.720,13.250,13.650,13.250,1948000,26277198.00,3.000000,2.710,3.540,否,1.900,3.566,1.111,-0.583,-0.438,否,108679849,64916188,1483479938.850,886105966.200,89.208771,1.849874,2.353657,13.250,13.410,13.470,13.580,14.730,15.920,16.370,2023-12-14,-
2026-01-07,920375,派诺科技,仪器仪表,13.650,14.420,13.580,13.810,13.580,3321900,46180252.00,5.120000,1.170,6.150,否,2.760,5.662,2.524,-0.433,-2.195,否,108679849,64916188,1500868714.690,896492556.280,90.254442,1.871558,2.381245,13.400,13.410,13.490,13.580,14.700,15.890,16.380,2023-12-14,-
2026-01-08,920375,派诺科技,仪器仪表,13.740,14.350,13.700,14.040,13.700,3647400,51232977.00,5.620000,1.670,4.710,否,2.280,5.643,7.504,3.540,1.299,否,108679849,64916188,1525865079.960,911423279.520,91.757593,1.902728,2.420904,13.570,13.460,13.540,13.570,14.660,15.870,16.370,2023-12-14,-
2026-01-09,920375,派诺科技,仪器仪表,14.200,14.700,13.900,14.430,13.900,4198200,60275516.00,6.470000,2.780,5.700,否,1.940,5.714,9.484,6.968,6.181,否,108679849,64916188,1568250221.070,936740592.840,94.306415,1.955581,2.488151,13.840,13.550,13.610,13.580,14.620,15.840,16.380,2023-12-14,-
2026-01-12,920375,派诺科技,仪器仪表,14.850,15.620,14.450,15.390,14.450,6341600,96219389.00,9.770000,6.650,8.110,否,2.200,11.441,17.751,14.000,17.123,否,108679849,64916188,1672582876.110,999060133.320,100.580439,2.085682,2.653683,14.260,13.740,13.690,13.630,14.600,15.830,16.380,2023-12-14,-
2026-01-13,920375,派诺科技,仪器仪表,15.880,15.880,14.750,15.000,14.750,6929800,105757116.00,10.680000,-2.530,7.340,否,1.780,6.838,12.867,11.359,12.024,否,108679849,64916188,1630197735.000,973742820.000,98.031617,2.032829,2.586436,14.530,13.890,13.760,13.680,14.590,15.810,16.390,2023-12-14,-
2026-01-14,920375,派诺科技,仪器仪表,14.860,16.180,14.830,15.800,14.830,8345400,130077085.00,12.860000,5.330,9.000,否,1.710,9.494,15.751,20.980,17.735,否,108679849,64916188,1717141614.200,1025675770.400,103.259970,2.141246,2.724379,14.930,14.170,13.870,13.730,14.570,15.810,16.390,2023-12-14,-
2026-01-15,920375,派诺科技,仪器仪表,15.580,15.600,14.750,14.950,14.750,4903900,73914955.00,7.550000,-5.380,5.380,否,0.830,-2.859,8.255,13.429,13.775,否,108679849,64916188,1624763742.550,970497010.600,97.704845,2.026052,2.577814,15.110,14.340,13.930,13.770,14.540,15.790,16.390,2023-12-14,-
2026-01-16,920375,派诺科技,仪器仪表,15.480,15.850,14.840,14.850,14.840,4531400,69126906.00,6.980000,-0.670,6.760,否,0.740,-1.000,5.769,13.619,13.359,否,108679849,64916188,1613895757.650,964005391.800,97.051301,2.012500,2.560571,15.200,14.520,13.980,13.810,14.510,15.760,16.390,2023-12-14,-
2026-01-19,920375,派诺科技,仪器仪表,14.600,15.530,14.560,15.220,14.560,4740600,72131784.00,7.300000,2.490,6.530,否,0.760,-3.671,5.475,14.522,11.420,否,108679849,64916188,1654107301.780,988024381.360,99.469414,2.062643,2.624370,15.160,14.710,14.070,13.880,14.490,15.750,16.390,2023-12-14,-
2026-01-20,920375,派诺科技,仪器仪表,15.150,15.700,15.010,15.010,15.010,4252200,65057871.00,6.550000,-1.380,4.530,否,0.720,0.401,-2.469,9.963,10.206,否,108679849,64916188,1631284533.490,974391981.880,98.096971,2.034184,2.588160,15.170,14.850,14.130,13.930,14.470,15.730,16.390,2023-12-14,-
2026-01-21,920375,派诺科技,仪器仪表,15.010,15.150,14.730,14.750,14.730,2821900,42022187.00,4.350000,-1.730,2.800,否,0.530,-0.673,-1.667,6.807,8.297,否,108679849,64916188,1603027772.750,957513773.000,96.397757,1.998948,2.543328,14.960,14.940,14.180,13.980,14.440,15.710,16.390,2023-12-14,-
2026-01-22,920375,派诺科技,仪器仪表,14.830,14.940,14.720,14.850,14.720,2137200,31653512.00,3.290000,0.680,1.490,否,0.500,-2.431,-6.013,5.769,8.157,否,108679849,64916188,1613895757.650,964005391.800,97.051301,2.012500,2.560571,14.940,15.030,14.240,14.030,14.420,15.700,16.390,2023-12-14,-
2026-01-23,920375,派诺科技,仪器仪表,14.900,15.250,14.830,15.010,14.830,2679300,40362315.00,4.130000,1.080,2.830,否,0.720,0.000,0.401,4.019,8.926,否,108679849,64916188,1631284533.490,974391981.880,98.096971,2.034184,2.588160,14.970,15.080,14.320,14.100,14.390,15.680,16.400,2023-12-14,-
2026-01-26,920375,派诺科技,仪器仪表,15.150,16.180,15.000,15.720,15.000,7022500,109029891.00,10.820000,4.730,7.860,否,2.110,6.576,5.859,2.144,16.015,否,108679849,64916188,1708447226.280,1020482475.360,102.737134,2.130404,2.710585,15.070,15.120,14.430,14.170,14.380,15.680,16.410,2023-12-14,-
2026-01-27,920375,派诺科技,仪器仪表,15.540,15.920,14.650,14.920,14.650,5024100,75706632.00,7.740000,-5.090,8.080,否,1.330,0.471,-1.971,-0.533,8.667,否,108679849,64916188,1621503347.080,968549524.960,97.508782,2.021987,2.572641,15.050,15.110,14.500,14.210,14.360,15.670,16.420,2023-12-14,-
2026-01-28,920375,派诺科技,仪器仪表,15.130,15.390,14.550,14.600,14.550,4287200,63821325.00,6.600000,-2.140,5.630,否,1.090,-2.732,-2.732,-7.595,5.263,否,108679849,64916188,1586725795.400,947776344.800,95.417440,1.978620,2.517464,15.020,14.990,14.580,14.240,14.340,15.650,16.420,2023-12-14,-
2026-01-29,920375,派诺科技,仪器仪表,14.480,14.860,14.210,14.490,14.210,2631800,38380544.00,4.050000,-0.750,4.450,否,0.620,-7.824,-1.763,-3.077,6.858,否,108679849,64916188,1574771012.010,940635564.120,94.698542,1.963712,2.498497,14.950,14.940,14.640,14.270,14.320,15.640,16.430,2023-12-14,-
2026-01-30,920375,派诺科技,仪器仪表,14.550,14.790,14.080,14.130,14.080,2200200,31436836.00,3.390000,-2.480,4.900,否,0.510,-5.295,-4.848,-4.848,4.744,否,108679849,64916188,1535646266.370,917265736.440,92.345783,1.914925,2.436422,14.770,14.870,14.700,14.280,14.280,15.620,16.440,2023-12-14,-
2026-02-02,920375,派诺科技,仪器仪表,14.150,14.810,14.100,14.250,14.100,2874600,41261227.00,4.430000,0.850,5.020,否,0.680,-2.397,-5.063,-6.373,5.556,否,108679849,64916188,1548687848.250,925055679.000,93.130036,1.931187,2.457114,14.480,14.770,14.740,14.300,14.250,15.600,16.440,2023-12-14,-
2026-02-03,920375,派诺科技,仪器仪表,14.240,14.420,14.020,14.350,14.020,2471900,35179010.00,3.810000,0.700,2.810,否,0.730,-0.966,-8.715,-4.397,6.533,否,108679849,64916188,1559555833.150,931547297.800,93.783580,1.944739,2.474357,14.360,14.710,14.780,14.320,14.230,15.580,16.450,2023-12-14,-
2026-02-04,920375,派诺科技,仪器仪表,14.260,14.440,14.130,14.220,14.130,1564200,22341712.00,2.410000,-0.910,2.160,否,0.540,0.637,-4.692,-3.593,8.882,否,108679849,64916188,1545427452.780,923108193.360,92.933973,1.927121,2.451941,14.290,14.650,14.800,14.340,14.210,15.560,16.450,2023-12-14,-
2026-02-05,920375,派诺科技,仪器仪表,14.150,14.210,13.700,13.740,13.700,2355000,32774043.00,3.630000,-3.380,3.590,否,1.000,-3.579,-5.890,-7.475,4.249,否,108679849,64916188,1493261125.260,891948423.120,89.796961,1.862071,2.369175,14.140,14.540,14.780,14.340,14.170,15.530,16.460,2023-12-14,-
2026-02-06,920375,派诺科技,仪器仪表,13.710,14.070,13.630,13.830,13.630,1429000,19843199.00,2.200000,0.660,3.200,否,0.620,-3.624,-4.555,-7.861,5.815,否,108679849,64916188,1503042311.670,897790880.040,90.385151,1.874268,2.384694,14.080,14.430,14.750,14.350,14.140,15.510,16.470,2023-12-14,-
2026-02-09,920375,派诺科技,仪器仪表,14.010,14.250,13.870,14.190,13.870,1508500,21314190.00,2.320000,2.600,2.750,否,0.710,-0.211,0.425,-9.733,6.772,否,108679849,64916188,1542167057.310,921160707.720,92.737910,1.923056,2.446768,14.070,14.270,14.690,14.380,14.110,15.490,16.470,2023-12-14,-
2026-02-10,920375,派诺科技,仪器仪表,14.330,15.480,14.220,14.950,14.220,6333200,94593563.00,9.760000,5.360,8.880,否,3.390,8.806,4.912,0.201,9.524,否,108679849,64916188,1624763742.550,970497010.600,97.704845,2.026052,2.577814,14.190,14.280,14.690,14.430,14.110,15.480,16.480,2023-12-14,-
2026-02-11,920375,派诺科技,仪器仪表,14.800,15.550,14.680,14.880,14.680,4519100,68059062.00,6.960000,-0.470,5.820,否,1.710,7.592,3.693,1.918,7.748,否,108679849,64916188,1617156153.120,965952877.440,97.247364,2.016566,2.565744,14.320,14.300,14.650,14.490,14.100,15.470,16.490,2023-12-14,-
2026-02-12,920375,派诺科技,仪器仪表,15.580,15.780,15.080,15.140,15.080,4897500,75315547.00,7.540000,1.750,4.700,否,1.520,6.695,6.470,4.486,7.835,否,108679849,64916188,1645412913.860,982831086.320,98.946579,2.051802,2.610576,14.600,14.370,14.660,14.550,14.110,15.450,16.490,2023-12-14,-
2026-02-13,920375,派诺科技,仪器仪表,15.100,15.360,14.610,14.680,14.610,3102900,46318831.00,4.780000,-3.040,4.950,否,0.830,-1.806,6.841,3.892,1.733,否,108679849,64916188,1595420183.320,952969639.840,95.940276,1.989462,2.531258,14.770,14.420,14.650,14.600,14.110,15.430,16.490,2023-12-14,-
2026-02-24,920375,派诺科技,仪器仪表,14.560,14.880,14.560,14.670,14.560,2201400,32377140.00,3.390000,-0.070,2.180,否,0.540,-1.411,6.074,2.947,-4.678,否,108679849,64916188,1594333384.830,952320477.960,95.874921,1.988106,2.529534,14.860,14.470,14.620,14.650,14.120,15.410,16.480,2023-12-14,-
2026-02-25,920375,派诺科技,仪器仪表,14.850,14.850,14.490,14.510,14.490,1583700,23109713.00,2.440000,-1.090,2.450,否,0.380,-4.161,2.255,1.115,-3.267,否,108679849,64916188,1576944608.990,941933887.880,94.829251,1.966423,2.501946,14.780,14.480,14.590,14.680,14.130,15.380,16.470,2023-12-14,-
2026-02-26,920375,派诺科技,仪器仪表,14.640,14.670,14.400,14.500,14.400,1230000,17848870.00,1.890000,-0.070,1.860,否,0.380,-1.226,-3.010,1.969,-8.228,否,108679849,64916188,1575857810.500,941284726.000,94.763896,1.965068,2.500221,14.700,14.510,14.580,14.700,14.140,15.360,16.460,2023-12-14,-
2026-02-27,920375,派诺科技,仪器仪表,14.520,14.690,14.250,14.650,14.250,2434000,35308740.00,3.750000,1.030,3.030,否,0.940,-0.136,-1.546,6.623,-2.007,否,108679849,64916188,1592159787.850,951022154.200,95.744212,1.985396,2.526086,14.600,14.600,14.570,14.720,14.150,15.340,16.430,2023-12-14,-
2026-03-02,920375,派诺科技,仪器仪表,14.240,14.430,13.880,13.920,13.880,2405000,33797774.00,3.700000,-4.980,3.750,否,1.140,-4.066,-8.058,0.651,-6.263,否,108679849,64916188,1512823498.080,903633336.960,163.460985,1.886465,2.135970,14.450,14.610,14.520,14.710,14.140,15.310,16.410,2023-12-14,-
2026-03-03,920375,派诺科技,仪器仪表,13.910,14.190,13.640,13.840,13.640,2072300,28811764.00,3.190000,-0.570,3.950,否,1.050,-4.552,-5.722,-2.467,-9.067,否,108679849,64916188,1504129110.160,898440041.920,162.521554,1.875623,2.123695,14.280,14.570,14.420,14.650,14.140,15.280,16.390,2023-12-14,-
2026-03-04,920375,派诺科技,仪器仪表,13.630,14.470,13.630,14.180,13.630,2887000,40957575.00,4.450000,2.460,6.070,否,1.480,-3.208,-3.340,-5.151,-5.530,否,108679849,64916188,1541080258.820,920511545.840,166.514136,1.921701,2.175866,14.220,14.500,14.390,14.630,14.150,15.260,16.370,2023-12-14,-
2026-03-05,920375,派诺科技,仪器仪表,14.170,14.590,14.170,14.240,14.170,3000800,43225485.00,4.620000,0.420,2.960,否,1.360,2.299,-1.861,-4.301,-3.458,否,108679849,64916188,1547601049.760,924406517.120,167.218709,1.929832,2.185073,14.170,14.430,14.370,14.570,14.150,15.230,16.350,2023-12-14,-
2026-03-06,920375,派诺科技,仪器仪表,14.300,18.510,14.260,16.880,14.260,26854400,467688994.00,41.370000,18.540,29.850,否,10.490,21.965,16.414,11.493,13.670,否,108679849,64916188,1834515851.120,1095785253.440,198.219930,2.287610,2.590171,14.610,14.610,14.490,14.640,14.200,15.230,16.340,2023-12-14,-
2026-03-09,920375,派诺科技,仪器仪表,16.000,21.940,15.760,20.600,15.760,34290800,668224616.00,52.820000,22.040,36.610,否,4.610,45.275,40.614,40.327,37.242,否,108679849,64916188,2238804889.400,1337273472.800,241.903469,2.791751,3.160991,15.950,15.200,14.810,14.830,14.320,15.240,16.350,2023-12-14,-
2026-03-10,920375,派诺科技,仪器仪表,20.110,20.610,18.620,19.220,18.620,24010000,461910288.00,36.990000,-6.700,9.660,否,1.740,34.972,38.075,31.016,22.265,否,108679849,64916188,2088826697.780,1247689133.360,225.698286,2.604731,2.949235,17.020,15.650,15.060,14.960,14.420,15.260,16.350,2023-12-14,-
2026-03-11,920375,派诺科技,仪器仪表,19.270,21.210,18.510,19.630,18.510,23406700,464187575.00,36.060000,2.130,14.050,否,1.290,16.291,41.835,35.286,31.568,否,108679849,64916188,2133385435.870,1274304770.440,230.512869,2.660295,3.012148,18.110,16.170,15.320,15.120,14.530,15.280,16.360,2023-12-14,-
2026-03-12,920375,派诺科技,仪器仪表,19.000,21.990,19.000,21.300,19.000,25463700,518103468.00,39.230000,8.510,15.230,否,1.140,3.398,50.212,46.897,45.890,否,108679849,64916188,2314880783.700,1382714804.400,250.123490,2.886617,3.268403,19.530,16.850,15.680,15.340,14.660,15.300,16.380,2023-12-14,-
2026-03-13,920375,派诺科技,仪器仪表,20.580,20.980,18.090,18.090,18.090,20481000,400126393.00,31.550000,-15.070,13.570,否,0.760,-5.879,27.037,23.481,24.845,否,108679849,64916188,1966018468.410,1174333840.920,212.428823,2.451591,2.775841,19.770,17.190,15.900,15.440,14.740,15.290,16.380,2023-12-14,-
2026-03-16,920375,派诺科技,仪器仪表,18.200,18.990,17.650,18.100,17.650,12483500,227895626.00,19.230000,0.060,7.410,否,0.490,-7.794,7.227,30.029,28.096,否,108679849,64916188,1967105266.900,1174983002.800,212.546252,2.452946,2.777375,19.270,17.610,16.110,15.550,14.820,15.280,16.380,2023-12-14,-
2026-03-17,920375,派诺科技,仪器仪表,17.980,18.280,16.510,16.880,16.510,15826800,272312882.00,24.380000,-6.740,9.780,否,0.750,-20.751,-18.058,21.965,18.456,否,108679849,64916188,1834515851.120,1095785253.440,198.219930,2.287610,2.590171,18.800,17.910,16.240,15.590,14.880,15.270,16.380,2023-12-14,-
2026-03-18,920375,派诺科技,仪器仪表,17.030,18.380,16.990,17.330,16.990,14083600,248516212.00,21.700000,2.670,8.230,否,0.720,-4.201,-9.834,22.214,20.767,否,108679849,64916188,1883421783.170,1124997538.040,203.504229,2.348595,2.659222,18.340,18.230,16.360,15.670,14.940,15.270,16.370,2023-12-14,-
2026-03-19,920375,派诺科技,仪器仪表,16.570,17.480,16.350,16.630,16.350,11993600,203218281.00,18.480000,-4.040,6.520,否,0.680,-8.122,-15.283,16.784,16.948,否,108679849,64916188,1807345888.870,1079556206.440,195.284209,2.253729,2.551810,17.410,18.470,16.450,15.730,14.990,15.250,16.350,2023-12-14,-
2026-03-20,920375,派诺科技,仪器仪表,17.100,18.100,16.700,16.700,16.700,14048600,245340045.00,21.640000,0.420,8.420,否,0.940,-1.066,-21.596,-1.066,21.543,否,108679849,64916188,1814953478.300,1084100339.600,196.106211,2.263216,2.562551,17.130,18.450,16.530,15.810,15.040,15.240,16.340,2023-12-14,-
2026-03-23,920375,派诺科技,仪器仪表,16.150,17.490,15.880,17.340,15.880,12596900,214151079.00,19.400000,3.830,9.640,否,0.920,0.058,-4.146,-15.825,25.380,否,108679849,64916188,1884508581.660,1125646699.920,203.572947,2.349388,2.660120,16.980,18.120,16.660,15.910,15.100,15.240,16.320,2023-12-14,-
2026-03-24,920375,派诺科技,仪器仪表,17.600,17.870,16.850,17.210,16.850,10947400,189434272.00,16.860000,-0.750,5.880,否,0.800,3.488,-4.917,-10.458,21.283,否,108679849,64916188,1870380201.290,1117207595.480,202.046737,2.331774,2.640177,17.040,17.920,16.790,16.010,15.160,15.240,16.300,2023-12-14,-
2026-03-25,920375,派诺科技,仪器仪表,17.300,17.790,16.660,16.690,16.660,12483400,215178372.00,19.230000,-3.020,6.570,否,0.980,-0.060,-1.126,-14.977,11.639,否,108679849,64916188,1813866679.810,1083451177.720,195.941896,2.261319,2.560404,16.910,17.630,16.900,16.090,15.210,15.230,16.290,2023-12-14,-
2026-03-26,920375,派诺科技,仪器仪表,16.390,16.650,15.240,15.450,15.240,12881500,202277941.00,19.840000,-7.430,8.450,否,1.040,-10.900,-10.848,-27.465,3.831,否,108679849,64916188,1679103667.050,1002955104.600,181.384200,2.093313,2.370176,16.680,17.040,16.940,16.130,15.230,15.210,16.270,2023-12-14,-
2026-03-27,920375,派诺科技,仪器仪表,15.200,15.410,14.930,15.000,14.930,7065500,106733371.00,10.880000,-2.910,3.110,否,0.560,-12.841,-9.802,-17.081,-0.925,否,108679849,64916188,1630197735.000,973742820.000,176.101165,2.032342,2.301142,16.340,16.730,16.960,16.170,15.260,15.200,16.240,2023-12-14,-
2026-03-30,920375,派诺科技,仪器仪表,14.830,14.980,14.300,14.730,14.300,5917300,86466898.00,9.120000,-1.800,4.530,否,0.530,-11.744,-11.796,-18.619,0.341,否,108679849,64916188,1600854175.770,956215449.240,172.931344,1.995760,2.259721,15.820,16.400,17.000,16.200,15.280,15.180,16.220,2023-12-14,-
2026-03-31,920375,派诺科技,仪器仪表,14.780,14.900,14.100,14.110,14.100,5954900,86231361.00,9.170000,-4.210,5.430,否,0.600,-8.673,-18.627,-16.410,-3.817,否,108679849,64916188,1533472669.390,915967412.680,165.652496,1.911757,2.164607,15.200,16.120,17.020,16.200,15.290,15.160,16.190,2023-12-14,-
2026-04-01,920375,派诺科技,仪器仪表,14.490,14.560,13.970,14.290,13.970,4454500,63263564.00,6.860000,1.280,4.180,否,0.500,-4.733,-16.967,-17.542,-1.516,否,108679849,64916188,1553035042.210,927652326.520,167.765710,1.936145,2.192221,14.720,15.820,17.020,16.180,15.300,15.140,16.180,2023-12-14,-
2026-04-02,920375,派诺科技,仪器仪表,14.250,14.650,14.040,14.100,14.040,4714700,67546487.00,7.260000,-1.330,4.270,否,0.650,-4.277,-15.518,-15.213,-2.759,否,108679849,64916188,1532385870.900,915318250.800,165.535095,1.910402,2.163073,14.450,15.560,17.010,16.150,15.320,15.120,16.160,2023-12-14,-
2026-04-03,920375,派诺科技,仪器仪表,14.130,14.230,13.330,13.390,13.330,5386300,73621119.00,8.300000,-5.040,6.380,否,0.960,-5.103,-13.333,-19.820,-8.601,否,108679849,64916188,1455223178.110,869227757.320,157.199640,1.814204,2.054152,14.120,15.230,16.840,16.100,15.320,15.100,16.150,2023-12-14,-
2026-04-07,920375,派诺科技,仪器仪表,13.450,13.560,13.370,13.460,13.370,3176700,42730714.00,4.890000,0.520,1.420,否,0.600,-5.808,-10.267,-22.376,-3.305,否,108679849,64916188,1462830767.540,873771890.480,158.021445,1.823688,2.064891,13.870,14.840,16.480,16.050,15.330,15.080,16.130,2023-12-14,-
2026-04-08,920375,派诺科技,仪器仪表,13.750,14.300,13.660,14.280,13.660,5349500,74756693.00,8.240000,6.090,4.750,否,1.130,1.277,-3.055,-17.025,3.179,否,108679849,64916188,1551948243.720,927003164.640,167.648309,1.934790,2.190687,13.900,14.550,16.240,16.040,15.350,15.060,16.110,2023-12-14,-
2026-04-09,920375,派诺科技,仪器仪表,14.190,14.190,13.650,13.660,13.650,4926900,68087545.00,7.590000,-4.340,3.780,否,1.070,2.016,-3.189,-18.155,-3.667,否,108679849,64916188,1484566737.340,886755128.080,160.369461,1.850786,2.095573,13.780,14.250,15.940,16.010,15.350,15.040,16.100,2023-12-14,-
2026-04-10,920375,派诺科技,仪器仪表,13.780,14.010,13.720,13.800,13.720,4058500,56236978.00,6.250000,1.020,2.120,否,0.860,2.526,-3.429,-10.680,-3.090,否,108679849,64916188,1499781916.200,895843394.400,162.013072,1.869755,2.117050,13.720,14.080,15.560,15.990,15.350,15.020,16.080,2023-12-14,-
