日期,代码,名称,所属行业,开盘价,最高价,最低价,收盘价,前收盘价,成交量（股）,成交额（元）,换手率,涨幅%,振幅%,是否ST,量比,3日涨幅%,6日涨幅%,10日涨幅%,25日涨幅%,是否涨停,总股本（股）,流通股本（股）,总市值（元）,流通市值（元）,滚动市盈率,市净率,滚动市销率,5日线,10日线,20日线,30日线,60日线,120日线,250日线,上市时间,退市时间
2022-06-17,920564,天润科技,软件开发,6.540,6.550,5.940,6.540,5.940,8795000,67409159.00,47.030000,0.000,9.320,否,,,,,,否,73445018,18698911,591232394.900,150526233.550,17.506316,4.340246,2.994224,1.310,0.650,0.330,0.220,0.110,0.050,0.030,2022-06-17,-
2022-06-20,920564,天润科技,软件开发,6.160,6.180,6.060,6.070,6.060,2176500,16343102.00,13.650000,-7.200,1.740,否,0.250,,,,,否,73445018,15944723,548634284.460,119107080.810,16.244991,4.027532,2.778491,2.520,1.260,0.630,0.420,0.210,0.110,0.050,2022-06-17,-
2022-06-21,920564,天润科技,软件开发,6.070,6.080,5.980,6.000,5.980,1114400,8241056.00,6.990000,-1.200,1.610,否,0.050,,,,,否,73445018,15944723,542024232.840,117672055.740,16.049269,3.979008,2.745016,3.720,1.860,0.930,0.620,0.310,0.160,0.070,2022-06-17,-
2022-06-22,920564,天润科技,软件开发,6.000,6.020,5.930,5.940,5.930,656700,4814075.00,4.120000,-0.950,1.360,否,0.020,-9.174,,,,否,73445018,15944723,536883081.580,116555925.130,15.897040,3.941267,2.718979,4.910,2.460,1.230,0.820,0.410,0.200,0.100,2022-06-17,-
2022-06-23,920564,天润科技,软件开发,5.930,6.020,5.910,5.990,5.910,507300,3734440.00,3.180000,0.820,1.920,否,0.010,-1.318,,,,否,73445018,15944723,541289782.660,117512608.510,16.027522,3.973616,2.741296,6.110,3.050,1.530,1.020,0.510,0.250,0.120,2022-06-17,-
2022-06-24,920564,天润科技,软件开发,6.000,6.020,5.980,6.010,5.980,456000,3367910.00,2.860000,0.270,0.680,否,0.170,0.167,,,,否,73445018,15944723,542758683.020,117831502.970,16.071015,3.984399,2.748735,6.000,3.660,1.830,1.220,0.610,0.300,0.150,2022-06-17,-
2022-06-27,920564,天润科技,软件开发,6.020,6.110,5.970,6.080,5.970,748800,5568117.00,4.700000,1.220,2.300,否,0.760,2.357,-7.034,,,否,73445018,15944723,549368734.640,119266528.040,16.266738,4.032924,2.782211,6.000,4.260,2.130,1.420,0.710,0.360,0.170,2022-06-17,-
2022-06-28,920564,天润科技,软件开发,6.090,6.290,6.060,6.240,6.060,2065400,15753965.00,12.950000,2.670,3.880,否,2.960,4.174,2.801,,,否,73445018,15944723,564057738.240,122455472.640,16.701678,4.140756,2.856602,6.050,4.890,2.440,1.630,0.810,0.410,0.200,2022-06-17,-
2022-06-29,920564,天润科技,软件开发,6.200,6.260,6.100,6.180,6.100,848000,6449767.00,5.320000,-1.040,2.470,否,0.960,2.829,3.000,,,否,73445018,15944723,558182136.800,121179894.800,16.527702,4.097623,2.826845,6.100,5.510,2.750,1.840,0.920,0.460,0.220,2022-06-17,-
2022-06-30,920564,天润科技,软件开发,6.160,6.200,6.130,6.170,6.130,401700,3037990.00,2.520000,-0.130,1.180,否,0.430,1.480,3.872,,,否,73445018,15944723,557447686.620,121020447.570,16.505955,1.958608,2.823126,6.140,6.120,3.060,2.040,1.020,0.510,0.240,2022-06-17,-
2022-07-01,920564,天润科技,软件开发,6.120,6.190,6.110,6.150,6.110,280600,2118417.00,1.760000,-0.400,1.190,否,0.310,-1.442,2.671,-5.963,,否,73445018,15944723,555244336.080,120542105.880,16.440714,1.950867,2.811967,6.160,6.080,3.370,2.250,1.120,0.560,0.270,2022-06-17,-
2022-07-04,920564,天润科技,软件开发,6.190,6.190,6.100,6.150,6.100,276700,2085753.00,1.740000,0.000,1.320,否,0.320,-0.485,2.329,1.318,,否,73445018,15944723,555244336.080,120542105.880,16.440714,1.950867,2.811967,6.180,6.090,3.680,2.450,1.230,0.610,0.290,2022-06-17,-
2022-07-05,920564,天润科技,软件开发,6.140,6.150,6.060,6.100,6.060,248000,1858737.00,1.560000,-0.660,1.460,否,0.320,-1.135,0.329,1.667,,否,73445018,15944723,551572085.180,119744869.730,16.331979,1.937964,2.793369,6.150,6.100,3.980,2.650,1.330,0.660,0.320,2022-06-17,-
2022-07-06,920564,天润科技,软件开发,6.080,6.120,5.950,6.020,5.950,283500,2101488.00,1.780000,-1.460,2.800,否,0.690,-2.114,-3.526,1.347,,否,73445018,15944723,543493133.200,117990950.200,16.092762,1.909579,2.752455,6.120,6.110,4.280,2.850,1.430,0.710,0.340,2022-06-17,-
2022-07-07,920564,天润科技,软件开发,6.020,6.050,5.990,6.030,5.990,174400,1290225.00,1.090000,0.270,0.950,否,0.590,-1.951,-2.427,0.668,,否,73445018,15944723,544962033.560,118309844.660,16.136256,1.914740,2.759894,6.090,6.110,4.580,3.060,1.530,0.760,0.370,2022-06-17,-
2022-07-08,920564,天润科技,软件开发,6.010,6.060,6.000,6.020,6.000,130300,965300.00,0.820000,-0.130,0.940,否,0.520,-1.311,-2.431,0.166,,否,73445018,15944723,544227583.380,118150397.430,16.114509,1.912159,2.756174,6.060,6.110,4.880,3.260,1.630,0.810,0.390,2022-06-17,-
2022-07-11,920564,天润科技,软件开发,5.990,6.050,5.970,6.010,5.970,114200,841665.00,0.720000,-0.270,1.350,否,0.510,-0.166,-2.276,-1.151,,否,73445018,15944723,542758683.020,117831502.970,16.071015,1.906998,2.748735,6.040,6.110,5.190,3.460,1.730,0.860,0.410,2022-06-17,-
2022-07-12,920564,天润科技,软件开发,5.980,6.030,5.970,6.020,5.970,132100,974141.00,0.830000,0.140,0.950,否,0.690,-0.166,-2.114,-3.526,,否,73445018,15944723,543493133.200,117990950.200,16.092762,1.909579,2.752455,6.020,6.090,5.490,3.660,1.830,0.910,0.440,2022-06-17,-
2022-07-13,920564,天润科技,软件开发,6.020,6.020,5.920,6.000,5.920,141000,1034480.00,0.880000,-0.270,1.620,否,0.840,-0.332,-1.639,-2.913,,否,73445018,15944723,542024232.840,117672055.740,16.049269,1.904418,2.745016,6.020,6.070,5.790,3.860,1.930,0.960,0.460,2022-06-17,-
2022-07-14,920564,天润科技,软件开发,5.930,6.000,5.930,5.980,5.930,98200,721115.00,0.620000,-0.270,1.080,否,0.710,-0.499,-0.664,-3.079,,否,73445018,15944723,540555332.480,117353161.280,16.005775,1.899256,2.737576,6.010,6.050,6.090,4.060,2.030,1.010,0.490,2022-06-17,-
2022-07-15,920564,天润科技,软件开发,5.970,5.990,5.930,5.960,5.930,121600,889727.00,0.760000,-0.410,1.090,否,0.990,-0.997,-1.161,-3.089,,否,73445018,15944723,538351981.940,116874819.590,15.940534,1.891515,2.726418,5.990,6.030,6.060,4.260,2.130,1.060,0.510,2022-06-17,-
2022-07-18,920564,天润科技,软件开发,5.930,5.960,5.910,5.960,5.910,234100,1706879.00,1.470000,0.000,0.820,否,1.930,-0.667,-0.997,-3.089,,否,73445018,15944723,538351981.940,116874819.590,15.940534,1.891515,2.726418,5.980,6.010,6.050,4.450,2.230,1.110,0.530,2022-06-17,-
2022-07-19,920564,天润科技,软件开发,5.960,5.970,5.930,5.970,5.930,82100,600269.00,0.510000,0.140,0.680,否,0.560,-0.167,-0.666,-2.131,,否,73445018,15944723,539086432.120,117034266.820,15.962281,1.894095,2.730137,5.970,6.000,6.050,4.650,2.330,1.160,0.560,2022-06-17,-
2022-07-20,920564,天润科技,软件开发,5.970,6.010,5.940,5.970,5.940,232000,1704741.00,1.450000,0.140,1.090,否,1.710,0.168,-0.831,-0.831,,否,73445018,15944723,539820882.300,117193714.050,15.984028,1.896676,2.733857,5.970,5.990,6.050,4.850,2.430,1.210,0.580,2022-06-17,-
2022-07-21,920564,天润科技,软件开发,5.970,5.980,5.940,5.980,5.940,90800,665434.00,0.570000,0.140,0.680,否,0.590,0.336,-0.333,-0.829,,否,73445018,15944723,540555332.480,117353161.280,16.005775,1.899256,2.737576,5.970,5.990,6.050,5.050,2.530,1.260,0.610,2022-06-17,-
2022-07-22,920564,天润科技,软件开发,5.950,5.970,5.930,5.970,5.930,103800,759205.00,0.650000,-0.270,0.680,否,0.680,0.000,-0.167,-0.831,-8.716,否,73445018,15944723,539086432.120,117034266.820,15.962281,1.894095,2.730137,5.970,5.980,6.050,5.250,2.630,1.310,0.630,2022-06-17,-
2022-07-25,920564,天润科技,软件开发,5.970,5.970,5.930,5.940,5.930,79300,579330.00,0.500000,-0.410,0.680,否,0.530,-0.503,-0.336,-1.165,-2.142,否,73445018,15944723,536883081.580,116555925.130,15.897040,1.886354,2.718979,5.970,5.980,6.040,5.450,2.720,1.360,0.650,2022-06-17,-
2022-07-26,920564,天润科技,软件开发,5.960,6.000,5.930,6.000,5.930,288200,2121900.00,1.810000,0.960,1.090,否,2.450,0.334,0.671,-0.332,0.000,否,73445018,15944723,542024232.840,117672055.740,16.049269,1.904418,2.745016,5.970,5.970,6.030,5.650,2.820,1.410,0.680,2022-06-17,-
2022-07-27,920564,天润科技,软件开发,5.980,6.280,5.980,6.190,5.980,1319000,9975126.00,8.270000,3.120,4.880,否,8.300,3.685,3.685,3.167,4.209,否,73445018,15944723,558916586.980,121339342.030,16.549449,1.963769,2.830565,6.020,5.990,6.030,5.850,2.930,1.460,0.700,2022-06-17,-
2022-07-28,920564,天润科技,软件开发,6.150,6.190,6.020,6.070,6.020,554000,4147002.00,3.470000,-1.840,2.760,否,1.470,2.189,1.675,1.505,1.336,否,73445018,15944723,548634284.460,119107080.810,16.244991,1.927642,2.778491,6.030,6.000,6.020,6.060,3.030,1.510,0.730,2022-06-17,-
2022-07-29,920564,天润科技,软件开发,6.060,6.100,5.970,5.980,5.970,322600,2385057.00,2.020000,-1.470,2.140,否,0.690,-0.333,0.000,0.336,-0.499,否,73445018,15944723,540555332.480,117353161.280,16.005775,1.899256,2.737576,6.040,6.000,6.020,6.040,3.130,1.560,0.750,2022-06-17,-
2022-08-01,920564,天润科技,软件开发,5.960,6.010,5.950,5.990,5.950,145200,1067833.00,0.910000,0.140,0.950,否,0.280,-3.231,0.335,0.503,-1.480,否,73445018,15944723,541289782.660,117512608.510,16.027522,1.901837,2.741296,6.050,6.010,6.010,6.040,3.230,1.610,0.770,2022-06-17,-
2022-08-02,920564,天润科技,软件开发,5.960,5.960,5.770,5.850,5.770,438600,3169639.00,2.750000,-2.310,3.120,否,0.830,-3.624,-1.515,-2.010,-6.250,否,73445018,15944723,528804129.600,114802005.600,15.657823,1.857968,2.678064,6.020,5.990,6.000,6.030,3.330,1.660,0.800,2022-06-17,-
2022-08-03,920564,天润科技,软件开发,5.850,5.930,5.810,5.860,5.810,122600,886101.00,0.770000,0.140,2.080,否,0.220,-2.007,-2.333,-1.843,-5.178,否,73445018,15944723,529538579.780,114961452.830,15.679570,1.860549,2.681783,5.950,5.980,5.990,6.030,3.420,1.710,0.820,2022-06-17,-
2022-08-04,920564,天润科技,软件开发,5.860,5.910,5.840,5.860,5.840,88300,637254.00,0.550000,0.000,1.250,否,0.280,-2.170,-5.331,-2.007,-5.024,否,73445018,15944723,529538579.780,114961452.830,15.679570,1.860549,2.681783,5.910,5.970,5.980,6.020,3.520,1.760,0.850,2022-06-17,-
2022-08-05,920564,天润科技,软件开发,5.890,5.920,5.850,5.920,5.850,112600,814222.00,0.710000,0.970,1.110,否,0.500,1.197,-2.471,-0.838,-3.740,否,73445018,15944723,534679731.040,116077583.440,15.831799,1.878612,2.707820,5.900,5.970,5.970,6.020,3.620,1.810,0.870,2022-06-17,-
2022-08-08,920564,天润科技,软件开发,5.920,5.920,5.820,5.900,5.820,98100,711276.00,0.620000,-0.270,1.650,否,0.540,0.683,-1.338,-0.673,-4.065,否,73445018,15944723,533210830.680,115758688.980,15.788305,1.873451,2.700381,5.880,5.960,5.970,6.010,3.720,1.860,0.890,2022-06-17,-
2022-08-09,920564,天润科技,软件开发,5.920,5.930,5.870,5.930,5.870,88100,641425.00,0.550000,0.550,1.100,否,0.510,1.195,-1.002,-1.167,-2.787,否,73445018,15944723,536148631.400,116396477.900,15.875293,1.883773,2.715259,5.890,5.960,5.960,6.000,3.820,1.910,0.920,2022-06-17,-
2022-08-10,920564,天润科技,软件开发,5.890,6.070,5.890,6.040,5.890,298900,2207653.00,1.870000,1.780,3.010,否,2.930,2.027,3.248,-2.423,0.332,否,73445018,15944723,545696483.740,118469291.890,16.158003,1.917320,2.763613,5.930,5.940,5.970,6.000,3.920,1.960,0.940,2022-06-17,-
2022-08-11,920564,天润科技,软件开发,6.060,6.170,5.980,6.110,5.980,636500,4783317.00,3.990000,1.210,3.100,否,4.640,3.559,4.266,0.659,1.327,否,73445018,15944723,552306535.360,119904316.960,16.353726,1.940545,2.797089,5.980,5.940,5.970,6.000,4.020,2.010,0.960,2022-06-17,-
2022-08-12,920564,天润科技,软件开发,6.140,6.140,6.020,6.030,6.020,334300,2494521.00,2.100000,-1.330,1.860,否,1.350,1.686,2.901,0.836,0.166,否,73445018,15944723,544962033.560,118309844.660,16.136256,1.914740,2.759894,6.000,5.950,5.980,5.990,4.120,2.060,0.990,2022-06-17,-
2022-08-15,920564,天润科技,软件开发,6.030,6.090,6.020,6.070,6.020,82400,612817.00,0.520000,0.670,1.080,否,0.280,0.497,2.534,1.336,0.998,否,73445018,15944723,548634284.460,119107080.810,16.244991,1.927642,2.778491,6.040,5.960,5.980,5.990,4.220,2.110,1.010,2022-06-17,-
2022-08-16,920564,天润科技,软件开发,6.060,6.100,6.050,6.060,6.050,156400,1167460.00,0.980000,-0.130,0.800,否,0.540,-0.818,2.712,3.590,0.664,否,73445018,15944723,547899834.280,118947633.580,16.223244,1.925062,2.774772,6.060,5.980,5.990,5.990,4.320,2.160,1.040,2022-06-17,-
2022-08-17,920564,天润科技,软件开发,6.100,6.100,6.020,6.050,6.020,113400,843700.00,0.710000,-0.270,1.340,否,0.380,0.332,2.024,3.242,0.833,否,73445018,15944723,546430933.920,118628739.120,16.179750,1.919901,2.767333,6.060,6.000,5.990,5.990,4.420,2.210,1.060,2022-06-17,-
2022-08-18,920564,天润科技,软件开发,6.090,6.090,6.020,6.050,6.020,93600,695966.00,0.590000,0.000,1.210,否,0.350,-0.329,0.166,3.242,1.171,否,73445018,15944723,546430933.920,118628739.120,16.179750,1.919901,2.767333,6.050,6.020,5.990,5.990,4.520,2.260,1.090,2022-06-17,-
2022-08-19,920564,天润科技,软件开发,6.080,6.090,6.010,6.030,6.010,129700,963271.00,0.810000,-0.270,1.340,否,0.830,-0.495,-1.309,1.858,1.174,否,73445018,15944723,544962033.560,118309844.660,16.136256,1.914740,2.759894,6.050,6.030,6.000,5.990,4.620,2.310,1.110,2022-06-17,-
2022-08-22,920564,天润科技,软件开发,6.020,6.020,5.890,6.020,5.890,104900,771011.00,0.660000,-0.130,2.160,否,0.910,-0.496,-0.166,2.034,1.007,否,73445018,15944723,544227583.380,118150397.430,16.114509,1.912159,2.756174,6.040,6.040,6.000,5.990,4.720,2.360,1.130,2022-06-17,-
2022-08-23,920564,天润科技,软件开发,6.010,6.020,5.970,6.000,5.970,77200,567931.00,0.480000,-0.400,0.940,否,0.650,-0.826,-1.153,1.180,0.503,否,73445018,15944723,542024232.840,117672055.740,16.049269,1.904418,2.745016,6.030,6.050,6.000,5.990,4.820,2.410,1.160,2022-06-17,-
2022-08-24,920564,天润科技,软件开发,5.960,6.020,5.890,5.900,5.890,108200,789664.00,0.680000,-1.630,2.170,否,1.040,-2.156,-2.640,-2.318,-1.173,否,73445018,15944723,533210830.680,115758688.980,16.817824,1.873451,2.733287,6.000,6.030,5.990,5.990,4.920,2.460,1.180,2022-06-17,-
2022-08-25,920564,天润科技,软件开发,5.890,5.930,5.870,5.870,5.870,184900,1341916.00,1.160000,-0.550,1.100,否,1.800,-2.492,-2.975,-3.928,-1.839,否,73445018,15944723,530273029.960,115120900.060,16.725164,1.863129,2.718228,5.960,6.010,5.980,5.980,5.020,2.510,1.200,2022-06-17,-
2022-08-26,920564,天润科技,软件开发,5.870,5.880,5.840,5.870,5.840,91900,662217.00,0.580000,0.000,0.550,否,0.760,-2.167,-2.975,-2.653,-1.675,否,73445018,15944723,530273029.960,115120900.060,16.725164,1.863129,2.718228,5.930,5.990,5.970,5.980,5.120,2.560,1.230,2022-06-17,-
2022-08-29,920564,天润科技,软件开发,5.840,5.890,5.840,5.870,5.840,42700,307884.00,0.270000,0.000,0.830,否,0.380,-0.508,-2.653,-3.295,-1.178,否,73445018,15944723,530273029.960,115120900.060,16.725164,1.863129,2.718228,5.900,5.970,5.960,5.980,5.220,2.610,1.250,2022-06-17,-
2022-08-30,920564,天润科技,软件开发,5.870,5.900,5.840,5.870,5.840,61500,443650.00,0.390000,0.000,1.110,否,0.610,0.000,-2.492,-3.135,-2.167,否,73445018,15944723,530273029.960,115120900.060,16.725164,1.863129,2.718228,5.880,5.950,5.970,5.980,5.310,2.660,1.280,2022-06-17,-
2022-08-31,920564,天润科技,软件开发,5.840,5.890,5.840,5.850,5.840,69300,500334.00,0.430000,-0.280,0.830,否,0.710,-0.341,-2.500,-3.306,-5.493,否,73445018,15944723,528804129.600,114802005.600,16.678834,1.857968,2.710698,5.870,5.930,5.970,5.970,5.410,2.710,1.300,2022-06-17,-
2022-09-01,920564,天润科技,软件开发,5.850,5.910,5.840,5.840,5.840,118200,850981.00,0.740000,-0.140,1.250,否,1.310,-0.511,-1.017,-3.471,-3.789,否,73445018,15944723,528069679.420,114642558.370,16.655669,1.855388,2.706933,5.860,5.910,5.960,5.970,5.510,2.750,1.320,2022-06-17,-
2022-09-02,920564,天润科技,软件开发,5.850,5.880,5.840,5.850,5.840,34400,247715.00,0.220000,0.140,0.700,否,0.450,-0.341,-0.341,-2.985,-2.174,否,73445018,15944723,528804129.600,114802005.600,16.678834,1.857968,2.710698,5.860,5.890,5.960,5.960,5.610,2.800,1.350,2022-06-17,-
2022-09-05,920564,天润科技,软件开发,5.910,5.920,5.840,5.870,5.840,27600,198492.00,0.170000,0.280,1.390,否,0.420,0.342,0.000,-2.492,-2.003,否,73445018,15944723,530273029.960,115120900.060,16.725164,1.863129,2.718228,5.860,5.880,5.960,5.960,5.700,2.850,1.370,2022-06-17,-
2022-09-06,920564,天润科技,软件开发,5.920,5.920,5.840,5.860,5.840,45500,327699.00,0.290000,-0.140,1.250,否,0.730,0.342,-0.170,-2.333,0.171,否,73445018,15944723,529538579.780,114961452.830,16.701999,1.860549,2.714463,5.850,5.870,5.960,5.960,5.800,2.900,1.390,2022-06-17,-
2022-09-07,920564,天润科技,软件开发,5.850,5.870,5.840,5.850,5.840,64200,461845.00,0.400000,-0.140,0.420,否,1.090,0.000,-0.341,-0.847,-0.171,否,73445018,15944723,528804129.600,114802005.600,16.678834,1.857968,2.710698,5.850,5.860,5.950,5.940,5.900,2.950,1.420,2022-06-17,-
2022-09-08,920564,天润科技,软件开发,5.840,5.850,5.840,5.840,5.840,66400,477066.00,0.420000,-0.280,0.280,否,1.150,-0.511,-0.171,-0.511,-0.341,否,73445018,15944723,527335229.240,114483111.140,16.632504,1.852807,2.703169,5.850,5.860,5.930,5.940,6.000,3.000,1.440,2022-06-17,-
2022-09-09,920564,天润科技,软件开发,5.890,5.890,5.840,5.840,5.840,23500,168891.00,0.150000,0.140,0.840,否,0.490,-0.341,0.000,-0.511,-1.351,否,73445018,15944723,528069679.420,114642558.370,16.655669,1.855388,2.706933,5.850,5.850,5.920,5.930,5.990,3.050,1.460,2022-06-17,-
2022-09-13,920564,天润科技,软件开发,5.840,5.860,5.840,5.840,5.840,27500,197923.00,0.170000,-0.140,0.420,否,0.610,-0.171,-0.171,-0.511,-1.017,否,73445018,15944723,527335229.240,114483111.140,16.632504,1.852807,2.703169,5.850,5.850,5.910,5.930,5.980,3.100,1.490,2022-06-17,-
2022-09-14,920564,天润科技,软件开发,5.820,5.840,5.810,5.840,5.810,86400,618802.00,0.540000,0.000,0.420,否,1.900,0.000,-0.511,-0.511,-1.518,否,73445018,15944723,527335229.240,114483111.140,16.632504,1.852807,2.703169,5.840,5.850,5.900,5.930,5.980,3.140,1.510,2022-06-17,-
2022-09-15,920564,天润科技,软件开发,5.830,5.830,5.800,5.810,5.800,74600,533395.00,0.470000,-0.420,0.420,否,1.390,-0.514,-0.853,-0.684,-3.808,否,73445018,15944723,525131878.700,114004769.450,16.563008,1.845066,2.691874,5.830,5.840,5.890,5.920,5.980,3.190,1.530,2022-06-17,-
2022-09-16,920564,天润科技,软件开发,5.810,6.030,5.810,5.930,5.810,715400,5237698.00,4.490000,2.100,3.780,否,12.850,1.541,1.368,1.541,-2.946,否,73445018,15944723,536148631.400,116396477.900,16.910484,1.883773,2.748347,5.850,5.850,5.880,5.930,5.980,3.240,1.560,2022-06-17,-
2022-09-19,920564,天润科技,软件开发,5.940,6.050,5.830,6.020,5.830,561000,4103872.00,3.520000,1.370,3.700,否,3.020,3.082,3.082,2.906,-0.166,否,73445018,15944723,543493133.200,117990950.200,17.142135,1.909579,2.785995,5.890,5.870,5.880,5.930,5.980,3.290,1.580,2022-06-17,-
2022-09-20,920564,天润科技,软件开发,6.000,6.150,5.950,6.060,5.950,635700,4722608.00,3.990000,0.810,3.240,否,2.170,4.303,3.767,3.237,-0.165,否,73445018,15944723,547899834.280,118947633.580,17.281125,1.925062,2.808585,5.930,5.890,5.880,5.940,5.980,3.340,1.600,2022-06-17,-
2022-09-21,920564,天润科技,软件开发,6.010,6.790,6.010,6.580,6.010,4101900,32837760.00,25.730000,8.450,12.870,否,9.890,10.961,12.671,12.287,8.581,否,73445018,15944723,594170195.620,128992809.070,18.740523,2.087634,3.045771,6.080,5.960,5.910,5.960,5.980,3.400,1.630,2022-06-17,-
2022-09-22,920564,天润科技,软件开发,6.460,7.600,6.460,7.060,6.460,5120000,43632321.00,32.110000,7.420,17.310,否,4.200,17.276,20.890,20.684,16.694,否,73445018,15944723,638237206.420,138559642.870,20.130426,2.242465,3.271662,6.330,6.080,5.970,5.990,6.000,3.460,1.660,2022-06-17,-
2022-09-23,920564,天润科技,软件开发,6.930,6.970,6.190,6.280,6.190,2804700,22628849.00,17.590000,-11.050,11.050,否,1.260,3.630,8.090,7.534,3.802,否,73445018,15944723,567729989.140,123252708.790,17.906581,1.994735,2.910236,6.400,6.130,5.990,6.000,6.000,3.510,1.680,2022-06-17,-
2022-09-26,920564,天润科技,软件开发,6.230,6.240,5.890,5.930,5.890,1247700,9266763.00,7.820000,-5.560,5.560,否,0.470,-9.878,0.000,1.541,-1.658,否,73445018,15944723,536148631.400,116396477.900,16.910484,1.883773,2.748347,6.380,6.140,5.990,5.990,5.990,3.560,1.710,2022-06-17,-
2022-09-27,920564,天润科技,软件开发,5.940,5.950,5.760,5.760,5.760,1075800,7696917.00,6.750000,-2.880,3.290,否,0.390,-18.414,-4.319,-1.370,-4.319,否,73445018,15944723,520725177.620,113048086.070,16.424018,1.829583,2.669285,6.320,6.130,5.990,5.980,5.990,3.610,1.730,2022-06-17,-
2022-09-28,920564,天润科技,软件开发,5.770,5.920,5.730,5.740,5.730,781200,5577028.00,4.900000,-0.420,3.240,否,0.270,-8.599,-5.281,-1.712,-4.333,否,73445018,15944723,518521827.080,112569744.380,16.354523,1.821841,2.657990,6.150,6.120,5.980,5.970,5.980,3.650,1.750,2022-06-17,-
2022-09-29,920564,天润科技,软件开发,5.840,5.840,5.280,5.390,5.280,1357800,9216647.00,8.520000,-6.090,9.630,否,0.620,-9.106,-18.085,-7.229,-8.644,否,73445018,15944723,486940469.340,105713513.490,15.358426,1.710879,2.496101,5.820,6.080,5.960,5.950,5.970,3.700,1.780,2022-06-17,-
2022-09-30,920564,天润科技,软件开发,5.360,5.390,5.270,5.340,5.270,579100,3793929.00,3.650000,-0.900,2.260,否,0.400,-7.292,-24.363,-9.949,-9.029,否,73445018,15870523,482533768.260,104269336.110,15.219436,1.641937,2.473512,5.630,6.020,5.930,5.930,5.960,3.740,1.800,2022-06-17,-
2022-10-10,920564,天润科技,软件开发,5.280,5.360,5.150,5.150,5.150,267500,1736480.00,1.690000,-3.650,4.110,否,0.270,-10.279,-17.994,-14.452,-12.266,否,73445018,15870523,464906963.940,100460410.590,14.663475,1.581958,2.383156,5.480,5.930,5.900,5.900,5.940,3.790,1.820,2022-06-17,-
2022-10-11,920564,天润科技,软件开发,5.190,5.320,5.130,5.270,5.130,400700,2585936.00,2.520000,2.370,3.790,否,0.490,-2.226,-11.130,-13.036,-10.221,否,73445018,15870523,475923716.640,102840989.040,15.010950,1.619445,2.439628,5.380,5.850,5.870,5.870,5.930,3.830,1.840,2022-06-17,-
2022-10-12,920564,天润科技,软件开发,5.240,5.320,5.150,5.290,5.150,313400,2013292.00,1.980000,0.460,3.400,否,0.460,-0.936,-8.160,-19.605,-9.881,否,73445018,15870523,478127067.180,103317104.730,15.080445,1.626942,2.450923,5.290,5.720,5.840,5.850,5.920,3.870,1.860,2022-06-17,-
2022-10-13,920564,天润科技,软件开发,5.240,5.490,5.240,5.320,5.240,199300,1318351.00,1.260000,0.610,4.610,否,0.340,3.301,-7.317,-24.646,-9.060,否,73445018,15870523,481064867.900,103951925.650,15.173106,1.636939,2.465982,5.270,5.550,5.810,5.830,5.910,3.920,1.880,2022-06-17,-
2022-10-14,920564,天润科技,软件开发,5.340,5.430,5.330,5.360,5.330,196000,1295068.00,1.240000,0.760,1.830,否,0.560,1.708,-0.557,-14.650,-8.219,否,73445018,15870523,484737118.800,104745451.800,15.288931,1.649435,2.484807,5.280,5.460,5.790,5.810,5.900,3.960,1.900,2022-06-17,-
2022-10-17,920564,天润科技,软件开发,5.330,5.520,5.320,5.430,5.320,263700,1765208.00,1.660000,1.210,3.640,否,0.960,2.647,1.685,-8.432,-7.179,否,73445018,15870523,490612720.240,106015093.640,15.474251,1.669428,2.514926,5.330,5.410,5.770,5.800,5.890,4.010,1.920,2022-06-17,-
2022-10-18,920564,天润科技,软件开发,5.490,5.510,5.330,5.480,5.330,679400,4510849.00,4.280000,0.900,3.290,否,2.470,3.008,6.408,-4.861,-6.644,否,73445018,15870523,495019421.320,106967325.020,15.613241,1.684423,2.537515,5.380,5.380,5.750,5.790,5.880,4.050,1.950,2022-06-17,-
2022-10-19,920564,天润科技,软件开发,5.440,5.450,5.320,5.320,5.320,308500,2035703.00,1.940000,-2.820,2.370,否,0.930,-0.746,0.949,-7.317,-9.215,否,73445018,15870523,481064867.900,103951925.650,15.173106,1.636939,2.465982,5.380,5.340,5.730,5.770,5.870,4.100,1.970,2022-06-17,-
2022-10-20,920564,天润科技,软件开发,5.310,5.400,5.280,5.350,5.280,283100,1856924.00,1.780000,0.460,2.140,否,0.860,-1.473,1.134,-0.742,-8.547,否,73445018,15870523,483268218.440,104428041.340,15.242601,1.644436,2.477277,5.390,5.330,5.700,5.750,5.860,4.140,1.990,2022-06-17,-
2022-10-21,920564,天润科技,软件开发,5.350,5.350,5.320,5.350,5.320,93900,616031.00,0.590000,0.000,0.610,否,0.270,-2.372,0.564,0.187,-8.390,否,73445018,15870523,483268218.440,104428041.340,15.242601,1.644436,2.477277,5.390,5.330,5.670,5.730,5.850,4.190,2.010,2022-06-17,-
2022-10-24,920564,天润科技,软件开发,5.360,5.370,5.230,5.290,5.230,193200,1261011.00,1.220000,-1.060,2.740,否,0.590,-0.564,-1.306,2.718,-9.418,否,73445018,15870523,478127067.180,103317104.730,15.080445,1.626942,2.450923,5.360,5.350,5.640,5.720,5.840,4.230,2.030,2022-06-17,-
2022-10-25,920564,天润科技,软件开发,5.240,5.280,5.220,5.270,5.220,107000,690343.00,0.670000,-0.460,1.230,否,0.340,-1.495,-2.947,0.000,-9.760,否,73445018,15870523,475923716.640,102840989.040,15.010950,1.619445,2.439628,5.320,5.350,5.600,5.700,5.830,4.280,2.050,2022-06-17,-
2022-10-26,920564,天润科技,软件开发,5.230,5.370,5.210,5.370,5.210,352200,2292655.00,2.220000,2.010,3.090,否,1.790,0.374,-2.007,1.512,-8.048,否,73445018,15870523,485471568.980,104904157.030,12.883495,1.651934,2.582398,5.330,5.350,5.540,5.680,5.820,4.320,2.070,2022-06-17,-
2022-10-27,920564,天润科技,软件开发,5.360,5.430,5.280,5.320,5.280,452200,2968863.00,2.850000,-0.910,2.720,否,2.200,0.567,0.000,0.000,-8.434,否,73445018,15870523,481064867.900,103951925.650,12.766550,1.636939,2.558957,5.320,5.350,5.450,5.660,5.800,4.360,2.100,2022-06-17,-
2022-10-28,920564,天润科技,软件开发,5.300,5.320,5.130,5.210,5.130,248600,1596608.00,1.570000,-2.140,3.660,否,1.040,-1.139,-2.617,-2.799,-12.142,否,73445018,15870523,470782565.380,101730052.430,12.493677,1.601951,2.504262,5.290,5.340,5.400,5.640,5.790,4.410,2.120,2022-06-17,-
2022-10-31,920564,天润科技,软件开发,5.260,5.430,5.230,5.360,5.230,408400,2695972.00,2.570000,2.960,3.900,否,1.510,-0.186,0.187,-1.289,-10.963,否,73445018,15870523,484737118.800,104745451.800,12.864004,1.649435,2.578491,5.310,5.330,5.370,5.620,5.780,4.450,2.140,2022-06-17,-
2022-11-01,920564,天润科技,软件开发,5.410,5.410,5.290,5.410,5.290,365000,2399630.00,2.300000,0.760,2.270,否,1.160,1.692,2.268,-1.277,-10.726,否,73445018,15870523,488409369.700,105538977.950,12.961459,1.661930,2.598025,5.330,5.330,5.350,5.610,5.770,4.500,2.160,2022-06-17,-
2022-11-02,920564,天润科技,软件开发,5.410,5.420,5.360,5.410,5.360,297800,1979367.00,1.880000,0.150,1.050,否,0.820,3.839,2.657,1.692,-17.781,否,73445018,15870523,489143819.880,105697683.180,12.980950,1.664430,2.601932,5.340,5.330,5.330,5.600,5.760,4.540,2.180,2022-06-17,-
2022-11-03,920564,天润科技,软件开发,5.350,5.430,5.330,5.420,5.330,312700,2063669.00,1.970000,0.150,1.800,否,0.880,1.119,0.931,1.308,-23.229,否,73445018,15870523,489878270.060,105856388.410,13.000441,1.666929,2.605839,5.360,5.340,5.340,5.580,5.750,4.590,2.200,2022-06-17,-
2022-11-04,920564,天润科技,软件开发,5.410,5.460,5.380,5.450,5.380,296200,1976664.00,1.870000,0.450,1.500,否,0.910,0.739,2.444,1.869,-13.217,否,73445018,15870523,492081620.600,106332504.100,13.058914,1.674426,2.617560,5.410,5.350,5.340,5.570,5.750,4.630,2.220,2022-06-17,-
2022-11-07,920564,天润科技,软件开发,5.420,5.510,5.420,5.490,5.420,136700,921963.00,0.860000,0.750,1.640,否,0.410,1.479,5.374,3.781,-7.420,否,73445018,15870523,495753871.500,107126030.250,13.156368,1.686922,2.637094,5.440,5.370,5.360,5.550,5.740,4.680,2.250,2022-06-17,-
2022-11-08,920564,天润科技,软件开发,5.460,5.480,5.400,5.440,5.400,154600,1032677.00,0.970000,-0.890,1.480,否,0.550,0.369,1.493,3.226,-5.556,否,73445018,15870523,491347170.420,106173798.870,13.039423,1.671927,2.613653,5.440,5.390,5.370,5.530,5.730,4.720,2.270,2022-06-17,-
2022-11-09,920564,天润科技,软件开发,5.420,5.470,5.390,5.450,5.390,179800,1204404.00,1.130000,0.150,1.490,否,0.750,0.000,0.739,1.490,-5.052,否,73445018,15870523,492081620.600,106332504.100,13.058914,1.674426,2.617560,5.450,5.400,5.380,5.490,5.720,4.770,2.290,2022-06-17,-
2022-11-10,920564,天润科技,软件开发,5.410,5.450,5.390,5.420,5.390,110700,737513.00,0.700000,-0.450,1.190,否,0.510,-1.275,0.185,1.880,0.557,否,73445018,15870523,489878270.060,105856388.410,13.000441,1.666929,2.605839,5.450,5.410,5.380,5.440,5.710,4.820,2.310,2022-06-17,-
2022-11-11,920564,天润科技,软件开发,5.450,5.470,5.410,5.460,5.410,179700,1203725.00,1.130000,0.750,1.050,否,1.020,0.368,0.738,4.798,2.247,否,73445018,15870523,493550520.960,106649914.560,13.097895,1.679424,2.625373,5.450,5.430,5.390,5.410,5.700,4.860,2.330,2022-06-17,-
2022-11-14,920564,天润科技,软件开发,5.480,5.480,5.390,5.450,5.390,166800,1117795.00,1.050000,-0.300,1.640,否,1.100,0.000,0.000,1.679,5.825,否,73445018,15870523,492081620.600,106332504.100,13.058914,1.674426,2.617560,5.440,5.440,5.390,5.390,5.690,4.910,2.360,2022-06-17,-
2022-11-15,920564,天润科技,软件开发,5.410,5.460,5.410,5.450,5.410,196000,1310918.00,1.230000,0.000,1.040,否,1.240,0.554,-0.729,0.739,3.416,否,73445018,15870523,492081620.600,106332504.100,13.058914,1.674426,2.617560,5.450,5.440,5.380,5.380,5.680,4.950,2.380,2022-06-17,-
2022-11-16,920564,天润科技,软件开发,5.450,5.470,5.440,5.450,5.440,99500,668108.00,0.630000,0.000,0.600,否,0.600,-0.183,0.184,0.739,3.025,否,73445018,15870523,492081620.600,106332504.100,13.058914,1.674426,2.617560,5.450,5.450,5.390,5.370,5.670,5.000,2.400,2022-06-17,-
2022-11-17,920564,天润科技,软件开发,5.460,5.490,5.410,5.490,5.410,357800,2396367.00,2.250000,0.900,1.640,否,2.380,0.734,0.734,1.292,3.195,否,73445018,15870523,496488321.680,107284735.480,13.175859,1.689421,2.641000,5.460,5.460,5.400,5.380,5.660,5.040,2.420,2022-06-17,-
2022-11-18,920564,天润科技,软件开发,5.490,5.490,5.420,5.460,5.420,128500,862743.00,0.810000,-0.590,1.330,否,0.640,0.183,0.738,0.183,1.866,否,73445018,15870523,493550520.960,106649914.560,13.097895,1.679424,2.625373,5.460,5.460,5.400,5.380,5.650,5.090,2.440,2022-06-17,-
2022-11-21,920564,天润科技,软件开发,5.500,5.730,5.500,5.590,5.500,714800,4948827.00,4.500000,2.380,4.170,否,3.770,2.569,2.381,1.821,2.947,否,73445018,15870523,505301723.840,109189198.240,13.409750,1.719411,2.687882,5.490,5.470,5.420,5.390,5.650,5.140,2.460,2022-06-17,-
2022-11-22,920564,天润科技,软件开发,5.630,5.630,5.440,5.480,5.440,218300,1480610.00,1.380000,-2.030,3.490,否,0.730,-0.182,0.550,0.735,0.000,否,73445018,15870523,495019421.320,106967325.020,13.136877,1.684423,2.633187,5.490,5.470,5.430,5.400,5.640,5.180,2.490,2022-06-17,-
2022-11-23,920564,天润科技,软件开发,5.490,5.500,5.420,5.470,5.420,151200,1016321.00,0.950000,-0.150,1.480,否,0.500,0.183,0.367,0.367,2.820,否,73445018,15870523,494284971.140,106808619.790,13.117386,1.681924,2.629280,5.500,5.470,5.430,5.410,5.630,5.230,2.510,2022-06-17,-
2022-11-24,920564,天润科技,软件开发,5.460,5.570,5.460,5.540,5.460,93400,636530.00,0.590000,1.190,1.930,否,0.300,-0.894,1.651,2.214,3.551,否,73445018,15870523,500160572.580,108078261.630,13.273314,1.701917,2.660534,5.510,5.480,5.450,5.410,5.620,5.270,2.530,2022-06-17,-
2022-11-25,920564,天润科技,软件开发,5.530,5.580,5.510,5.540,5.510,60600,413159.00,0.380000,0.000,1.170,否,0.230,1.095,0.911,1.465,3.551,否,73445018,15870523,500160572.580,108078261.630,13.273314,1.701917,2.660534,5.520,5.490,5.460,5.420,5.620,5.320,2.550,2022-06-17,-
2022-11-28,920564,天润科技,软件开发,5.580,5.580,5.500,5.540,5.500,95300,649554.00,0.600000,0.000,1.320,否,0.380,1.280,1.465,1.651,4.726,否,73445018,15870523,500160572.580,108078261.630,13.273314,1.701917,2.660534,5.510,5.500,5.470,5.420,5.610,5.360,2.580,2022-06-17,-
2022-11-29,920564,天润科技,软件开发,5.580,5.580,5.460,5.560,5.460,72400,491493.00,0.460000,0.440,2.200,否,0.590,0.361,-0.537,2.018,5.503,否,73905018,15870523,505510323.120,108554377.320,13.415286,1.720121,2.688992,5.530,5.510,5.480,5.430,5.610,5.410,2.600,2022-06-17,-
2022-11-30,920564,天润科技,软件开发,5.490,5.560,5.470,5.510,5.470,73900,500567.00,0.470000,-0.880,1.610,否,0.780,-0.542,0.547,1.101,2.607,否,73905018,15870523,501076022.040,107602145.940,13.297608,1.705032,2.665404,5.540,5.520,5.480,5.430,5.600,5.460,2.620,2022-06-17,-
2022-12-01,920564,天润科技,软件开发,5.490,5.560,5.490,5.510,5.490,87500,594252.00,0.550000,0.000,1.180,否,1.110,-0.542,0.731,0.364,3.571,否,73905018,15870523,501076022.040,107602145.940,13.297608,1.705032,2.665404,5.530,5.520,5.490,5.440,5.590,5.500,2.640,2022-06-17,-
2022-12-02,920564,天润科技,软件开发,5.510,5.540,5.490,5.540,5.490,20700,140952.00,0.130000,0.440,0.880,否,0.270,-0.360,0.000,1.465,6.334,否,73905018,15870523,503293172.580,108078261.630,13.356447,1.712576,2.677198,5.530,5.530,5.490,5.450,5.590,5.550,2.660,2022-06-17,-
2022-12-05,920564,天润科技,软件开发,5.510,5.540,5.500,5.530,5.500,54000,366271.00,0.340000,-0.150,0.590,否,0.770,0.363,-0.181,-1.073,3.172,否,73905018,15870523,502554122.400,107919556.400,13.336834,1.710061,2.673267,5.530,5.520,5.490,5.450,5.580,5.600,2.690,2022-06-17,-
2022-12-06,920564,天润科技,软件开发,5.510,5.540,5.490,5.490,5.490,100000,677215.00,0.630000,-0.590,1.030,否,1.620,-0.363,-0.903,0.182,1.479,否,73905018,15870523,499597921.680,107284735.480,13.258382,1.700002,2.657541,5.520,5.520,5.500,5.460,5.580,5.640,2.710,2022-06-17,-
2022-12-07,920564,天润科技,软件开发,5.480,5.500,5.410,5.420,5.410,102800,688754.00,0.650000,-1.330,1.630,否,1.530,-2.166,-2.518,-0.914,0.185,否,73905018,15870523,492946470.060,105856388.410,13.081865,1.677369,2.622160,5.500,5.520,5.500,5.460,5.570,5.690,2.730,2022-06-17,-
2022-12-08,920564,天润科技,软件开发,5.430,5.450,5.280,5.360,5.280,541000,3558083.00,3.410000,-1.050,3.150,否,7.410,-3.074,-2.722,-3.249,-1.107,否,73905018,15870523,487773118.800,104745451.800,12.944574,1.659765,2.594641,5.470,5.500,5.490,5.460,5.560,5.730,2.750,2022-06-17,-
2022-12-09,920564,天润科技,软件开发,5.300,5.360,5.300,5.340,5.300,54800,359238.00,0.350000,-0.450,1.210,否,0.330,-2.732,-3.085,-3.610,-2.018,否,73905018,15870523,485555968.260,104269336.110,12.885735,1.652221,2.582847,5.430,5.480,5.490,5.470,5.550,5.780,2.770,2022-06-17,-
2022-12-12,920564,天润科技,软件开发,5.360,5.360,5.250,5.320,5.250,83800,543595.00,0.530000,-0.300,1.980,否,0.490,-1.845,-3.971,-3.971,-3.097,否,73905018,15870523,484077867.900,103951925.650,12.846509,1.647191,2.574985,5.390,5.460,5.480,5.470,5.550,5.770,2.790,2022-06-17,-
2022-12-13,920564,天润科技,软件开发,5.250,5.310,5.250,5.260,5.250,45100,292993.00,0.280000,-1.220,1.070,否,0.260,-1.866,-4.882,-5.396,-3.309,否,73905018,15870523,478165466.460,102682283.810,12.689605,1.627073,2.543534,5.340,5.430,5.470,5.460,5.540,5.760,2.810,2022-06-17,-
2022-12-14,920564,天润科技,软件开发,5.250,5.320,5.250,5.300,5.250,28800,187379.00,0.180000,0.770,1.390,否,0.170,-0.749,-3.461,-3.811,-2.752,否,73905018,15870523,481860717.360,103475809.960,12.787670,1.639647,2.563191,5.320,5.410,5.460,5.460,5.530,5.750,2.840,2022-06-17,-
2022-12-15,920564,天润科技,软件开发,5.260,5.300,5.260,5.300,5.260,19500,127036.00,0.120000,0.000,0.770,否,0.130,-0.376,-2.214,-3.811,-2.214,否,73905018,15870523,481860717.360,103475809.960,12.787670,1.639647,2.563191,5.300,5.390,5.450,5.450,5.520,5.750,2.860,2022-06-17,-
2022-12-16,920564,天润科技,软件开发,5.270,5.310,5.240,5.290,5.240,62900,407570.00,0.400000,-0.150,1.230,否,1.360,0.570,-1.306,-4.513,-3.114,否,73905018,15870523,481121667.180,103317104.730,12.768057,1.637132,2.559260,5.290,5.360,5.440,5.450,5.510,5.740,2.880,2022-06-17,-
2022-12-19,920564,天润科技,软件开发,5.250,5.260,5.160,5.200,5.160,64100,412415.00,0.400000,-1.690,1.840,否,1.330,-1.887,-2.622,-5.967,-4.587,否,73905018,15870523,472992115.200,101571347.200,12.552314,1.609470,2.516016,5.270,5.330,5.430,5.440,5.490,5.730,2.900,2022-06-17,-
2022-12-20,920564,天润科技,软件开发,5.170,5.250,5.170,5.240,5.170,19800,126583.00,0.120000,0.780,1.560,否,0.450,-1.132,-1.504,-4.554,-3.853,否,73905018,15870523,476687366.100,102364873.350,12.650379,1.622044,2.535672,5.270,5.300,5.410,5.430,5.480,5.730,2.920,2022-06-17,-
2022-12-21,920564,天润科技,软件开发,5.180,5.280,5.160,5.170,5.160,74500,475250.00,0.470000,-1.400,2.330,否,1.910,-2.268,-1.711,-4.613,-5.138,否,73905018,15870523,470035914.480,100936526.280,12.473862,1.599410,2.500290,5.240,5.280,5.400,5.420,5.460,5.720,2.940,2022-06-17,-
2022-12-22,920564,天润科技,软件开发,5.180,5.250,5.090,5.160,5.090,60300,380506.00,0.380000,-0.160,3.140,否,1.250,-0.769,-2.642,-3.731,-6.011,否,73905018,15870523,469296864.300,100777821.050,12.454249,1.596896,2.496359,5.210,5.260,5.380,5.410,5.420,5.710,2.960,2022-06-17,-
2022-12-23,920564,天润科技,软件开发,5.080,5.150,5.050,5.050,5.050,77700,484309.00,0.490000,-2.200,1.890,否,1.380,-3.626,-4.717,-5.431,-7.509,否,73905018,15870523,458950161.780,98555947.830,12.179667,1.561688,2.441321,5.160,5.230,5.350,5.400,5.400,5.700,2.980,2022-06-17,-
2022-12-26,920564,天润科技,软件开发,5.030,5.160,5.030,5.100,5.030,30600,193011.00,0.190000,1.130,2.580,否,0.520,-1.354,-3.592,-4.135,-8.766,否,73905018,15870523,464123513.040,99666884.440,12.316958,1.579292,2.468840,5.140,5.210,5.330,5.390,5.390,5.690,3.000,2022-06-17,-
2022-12-27,920564,天润科技,软件开发,5.050,5.150,5.050,5.120,5.050,13700,86247.00,0.090000,0.320,1.910,否,0.260,-0.775,-1.538,-2.662,-6.569,否,73905018,15870523,465601613.400,99984294.900,12.356184,1.584322,2.476703,5.120,5.190,5.310,5.380,5.380,5.680,3.020,2022-06-17,-
2022-12-28,920564,天润科技,软件开发,5.090,5.140,5.080,5.090,5.080,56900,356646.00,0.360000,-0.630,1.110,否,1.110,0.792,-2.863,-3.962,-6.947,否,73905018,15870523,462645412.680,99349473.980,12.277732,1.574262,2.460978,5.100,5.170,5.290,5.370,5.370,5.680,3.040,2022-06-17,-
2022-12-29,920564,天润科技,软件开发,5.070,5.140,5.020,5.040,5.020,47300,293610.00,0.300000,-0.960,2.240,否,0.990,-1.176,-2.515,-4.906,-9.025,否,73905018,15870523,458211111.600,98397242.600,12.160054,1.559174,2.437390,5.080,5.150,5.270,5.350,5.360,5.670,3.060,2022-06-17,-
2022-12-30,920564,天润科技,软件开发,5.020,5.120,5.020,5.120,5.020,35700,221501.00,0.220000,1.610,2.100,否,0.790,0.000,-0.775,-3.214,-7.581,否,73905018,15870523,465601613.400,99984294.900,12.356184,1.584322,2.476703,5.090,5.130,5.250,5.340,5.360,5.660,3.080,2022-06-17,-
2023-01-03,920564,天润科技,软件开发,5.100,5.180,5.050,5.170,5.050,78000,491759.00,0.490000,0.950,2.540,否,2.120,1.572,2.376,-0.577,-6.679,否,73905018,15870523,470035914.480,100936526.280,12.473862,1.482386,2.500290,5.110,5.130,5.230,5.330,5.360,5.650,3.100,2022-06-17,-
2023-01-04,920564,天润科技,软件开发,5.170,5.170,5.100,5.160,5.100,14400,91388.00,0.090000,-0.160,1.420,否,0.310,2.381,1.176,-1.527,-7.194,否,73905018,15870523,469296864.300,100777821.050,12.454249,1.480055,2.496359,5.120,5.120,5.210,5.310,5.360,5.650,3.120,2022-06-17,-
2023-01-05,920564,天润科技,软件开发,5.190,5.190,5.140,5.170,5.140,11700,73985.00,0.070000,0.160,0.940,否,0.250,0.977,0.977,0.000,-6.171,否,73905018,15870523,470035914.480,100936526.280,12.473862,1.482386,2.500290,5.130,5.120,5.200,5.300,5.360,5.640,3.150,2022-06-17,-
2023-01-06,920564,天润科技,软件开发,5.120,5.190,5.120,5.190,5.120,44200,281007.00,0.280000,0.310,1.260,否,1.180,0.387,1.965,0.581,-5.808,否,73905018,15870523,471514014.840,101253936.740,12.513088,1.487048,2.508153,5.160,5.120,5.190,5.290,5.350,5.630,3.170,2022-06-17,-
2023-01-09,920564,天润科技,软件开发,5.120,5.190,5.120,5.130,5.120,31400,198614.00,0.200000,-1.100,1.250,否,0.850,-0.581,1.786,1.584,-7.401,否,73905018,15870523,466340663.580,100143000.130,12.375797,1.470732,2.480634,5.160,5.130,5.180,5.280,5.350,5.620,3.190,2022-06-17,-
2023-01-10,920564,天润科技,软件开发,5.140,5.180,5.110,5.120,5.110,18200,114950.00,0.090000,-0.160,1.270,否,0.510,-0.967,0.000,0.392,-7.414,否,73905018,19542774,465601613.400,123119476.200,12.356184,1.468401,2.476703,5.150,5.130,5.170,5.270,5.340,5.620,3.210,2022-06-17,-
2023-01-11,920564,天润科技,软件开发,5.150,5.150,5.080,5.130,5.080,52800,330857.00,0.270000,0.160,1.270,否,2.200,-1.156,-0.774,0.195,-6.557,否,73905018,19542774,466340663.580,123314903.940,12.375797,1.470732,2.480634,5.150,5.130,5.160,5.250,5.340,5.610,3.230,2022-06-17,-
2023-01-12,920564,天润科技,软件开发,5.090,5.130,5.070,5.070,5.070,59300,370890.00,0.300000,-1.110,1.110,否,1.870,-1.170,-1.744,-0.393,-6.458,否,73905018,19542774,461167312.320,121946909.760,12.238506,1.454417,2.453115,5.130,5.130,5.150,5.240,5.330,5.600,3.250,2022-06-17,-
2023-01-13,920564,天润科技,软件开发,5.110,5.110,5.070,5.080,5.070,39100,244522.00,0.200000,0.160,0.800,否,0.950,-0.781,-1.741,0.794,-5.224,否,73905018,19542774,461906362.500,122142337.500,12.258119,1.456747,2.457046,5.110,5.130,5.140,5.220,5.330,5.600,3.270,2022-06-17,-
2023-01-16,920564,天润科技,软件开发,5.060,5.190,5.060,5.120,5.060,30200,190929.00,0.150000,0.800,2.560,否,0.750,-0.195,-1.349,0.000,-4.120,否,73905018,19542774,465601613.400,123119476.200,12.356184,1.468401,2.476703,5.100,5.130,5.130,5.210,5.330,5.590,3.290,2022-06-17,-
2023-01-17,920564,天润科技,软件开发,5.180,5.180,5.130,5.160,5.130,19800,125366.00,0.100000,0.790,0.950,否,0.500,1.775,0.585,-0.193,-3.008,否,73905018,19542774,469296864.300,124096614.900,12.454249,1.480055,2.496359,5.110,5.130,5.130,5.200,5.320,5.580,3.310,2022-06-17,-
2023-01-18,920564,天润科技,软件开发,5.190,5.190,5.120,5.180,5.120,6300,40189.00,0.030000,0.310,1.260,否,0.160,1.969,1.172,0.388,-1.521,否,73905018,19542774,470774964.660,124487470.380,12.493475,1.484717,2.504222,5.120,5.140,5.130,5.190,5.320,5.580,3.330,2022-06-17,-
2023-01-19,920564,天润科技,软件开发,5.190,5.190,5.170,5.190,5.170,32200,205410.00,0.160000,0.160,0.470,否,1.040,1.367,1.170,0.387,-2.075,否,73905018,19542774,471514014.840,124682898.120,12.513088,1.487048,2.508153,5.150,5.140,5.130,5.180,5.320,5.570,3.350,2022-06-17,-
2023-01-20,920564,天润科技,软件开发,5.190,5.360,5.190,5.330,5.190,98700,640723.00,0.510000,2.820,3.290,否,3.870,3.295,5.128,2.697,0.566,否,73905018,19542774,484816918.080,128200597.440,12.866122,1.529002,2.578916,5.200,5.150,5.140,5.180,5.320,5.560,3.370,2022-06-17,-
2023-01-30,920564,天润科技,软件开发,5.360,5.360,5.300,5.350,5.300,40500,266810.00,0.210000,0.300,1.220,否,1.080,3.282,5.315,4.288,1.134,否,73905018,19542774,486295018.440,128591452.920,12.905348,1.533664,2.586779,5.240,5.170,5.150,5.180,5.320,5.560,3.390,2022-06-17,-
2023-01-31,920564,天润科技,软件开发,5.290,5.720,5.290,5.660,5.290,671400,4624831.00,3.440000,5.780,8.050,否,17.000,9.056,10.547,10.547,8.846,否,73905018,19542774,514378925.280,136017707.040,13.650642,1.622234,2.736167,5.340,5.230,5.180,5.190,5.330,5.550,3.420,2022-06-17,-
2023-02-01,920564,天润科技,软件开发,5.690,5.860,5.660,5.760,5.660,554400,3922571.00,2.840000,1.870,3.590,否,3.260,8.068,11.628,12.281,9.924,否,73905018,19542774,523986577.620,138558267.660,13.905611,1.652534,2.787273,5.460,5.290,5.210,5.210,5.330,5.550,3.440,2022-06-17,-
2023-02-02,920564,天润科技,软件开发,5.720,5.760,5.530,5.530,5.530,369300,2554169.00,1.890000,-4.090,4.090,否,1.320,3.364,6.757,9.073,6.963,否,73905018,19542774,502554122.400,132890863.200,13.336834,1.584941,2.673267,5.530,5.340,5.230,5.210,5.340,5.550,3.460,2022-06-17,-
2023-02-03,920564,天润科技,软件开发,5.530,5.590,5.470,5.540,5.470,133900,909964.00,0.690000,0.290,2.210,否,0.390,-2.120,6.744,9.055,7.364,否,73905018,19542774,504032222.760,133281718.680,13.376060,1.589603,2.681129,5.570,5.380,5.260,5.220,5.340,5.550,3.480,2022-06-17,-
2023-02-06,920564,天润科技,软件开发,5.510,5.520,5.360,5.410,5.360,168800,1124437.00,0.860000,-2.490,2.790,否,0.480,-6.076,1.501,5.664,7.129,否,73905018,19542774,491468369.700,129959447.100,13.042639,1.549979,2.614297,5.580,5.410,5.270,5.220,5.340,5.540,3.500,2022-06-17,-
2023-02-07,920564,天润科技,软件开发,5.450,5.460,5.400,5.450,5.400,60500,404906.00,0.310000,0.750,1.200,否,0.160,-1.447,1.869,5.620,6.863,否,73905018,19542774,495163620.600,130936585.800,13.140704,1.561633,2.633954,5.540,5.440,5.290,5.230,5.340,5.540,3.530,2022-06-17,-
2023-02-08,920564,天润科技,软件开发,5.410,5.680,5.410,5.570,5.410,347600,2396997.00,1.780000,2.240,4.930,否,1.350,0.542,-1.590,7.529,8.789,否,73905018,19542774,506249373.300,133868001.900,13.434899,1.596595,2.692923,5.500,5.480,5.310,5.240,5.340,5.530,3.550,2022-06-17,-
2023-02-09,920564,天润科技,软件开发,5.530,5.530,5.440,5.510,5.440,238500,1606717.00,1.220000,-1.020,1.610,否,1.100,1.848,-4.340,6.166,8.251,否,73905018,19542774,501076022.040,132500007.720,13.297608,1.580280,2.665404,5.500,5.510,5.320,5.260,5.340,5.530,3.570,2022-06-17,-
2023-02-10,920564,天润科技,软件开发,5.540,5.580,5.490,5.530,5.490,142400,969833.00,0.730000,0.290,1.620,否,0.750,1.468,0.000,3.752,9.722,否,73905018,19542774,502554122.400,132890863.200,13.336834,1.584941,2.673267,5.490,5.530,5.340,5.270,5.340,5.530,3.590,2022-06-17,-
2023-02-13,920564,天润科技,软件开发,5.500,5.580,5.490,5.570,5.490,90000,612753.00,0.460000,0.740,1.470,否,0.470,0.000,0.542,4.112,8.789,否,73905018,19542774,506249373.300,133868001.900,13.434899,1.596595,2.692923,5.530,5.550,5.360,5.290,5.340,5.520,3.620,2022-06-17,-
2023-02-14,920564,天润科技,软件开发,5.550,5.570,5.530,5.550,5.530,53300,364076.00,0.270000,-0.290,0.730,否,0.300,0.726,2.588,-1.943,7.350,否,73905018,19542774,504771272.940,133477146.420,13.395673,1.591934,2.685060,5.550,5.540,5.380,5.300,5.340,5.520,3.640,2022-06-17,-
2023-02-15,920564,天润科技,软件开发,5.630,5.630,5.540,5.560,5.540,48600,333773.00,0.250000,0.150,1.610,否,0.280,0.542,2.018,-3.472,7.752,否,73905018,19542774,505510323.120,133672574.160,13.415286,1.594264,2.688992,5.540,5.520,5.410,5.310,5.350,5.510,3.660,2022-06-17,-
2023-02-16,920564,天润科技,软件开发,5.540,5.630,5.490,5.490,5.490,135500,923732.00,0.690000,-1.320,2.490,否,1.180,-1.436,-1.436,-0.723,6.190,否,73905018,19542774,498858871.500,131913724.500,13.238769,1.573287,2.653610,5.540,5.520,5.430,5.330,5.350,5.510,3.680,2022-06-17,-
2023-02-17,920564,天润科技,软件开发,5.570,5.570,5.450,5.450,5.450,44300,298101.00,0.230000,-0.590,2.220,否,0.470,-1.802,-1.089,-1.625,5.010,否,73905018,19542774,495902670.780,131132013.540,13.160317,1.563964,2.637885,5.520,5.510,5.450,5.340,5.350,5.500,3.700,2022-06-17,-
2023-02-20,920564,天润科技,软件开发,5.460,5.520,5.450,5.490,5.450,66800,450088.00,0.340000,0.600,1.340,否,0.900,-1.259,-0.723,1.479,7.018,否,73905018,19542774,498858871.500,131913724.500,13.238769,1.573287,2.653610,5.510,5.520,5.460,5.350,5.350,5.500,3.730,2022-06-17,-
2023-02-21,920564,天润科技,软件开发,5.480,5.490,5.470,5.480,5.470,43100,290658.00,0.220000,-0.150,0.440,否,0.620,-0.182,-1.616,0.550,7.031,否,73905018,19542774,498119821.320,131718296.760,13.219156,1.570956,2.649679,5.490,5.520,5.480,5.360,5.340,5.500,3.750,2022-06-17,-
2023-02-22,920564,天润科技,软件开发,5.450,5.490,5.450,5.470,5.450,18900,127592.00,0.100000,-0.150,0.890,否,0.280,0.367,-1.441,-1.795,6.628,否,73905018,19542774,497380771.140,131522869.020,13.199543,1.568626,2.645748,5.480,5.510,5.490,5.370,5.340,5.490,3.770,2022-06-17,-
2023-02-23,920564,天润科技,软件开发,5.450,5.470,5.400,5.440,5.400,34000,227633.00,0.170000,-0.590,1.340,否,0.550,-0.911,-2.158,-1.270,7.298,否,73905018,19542774,494424570.420,130741158.060,13.121091,1.559303,2.630023,5.470,5.500,5.510,5.380,5.340,5.490,3.790,2022-06-17,-
2023-02-24,920564,天润科技,软件开发,5.480,5.480,5.390,5.440,5.390,38900,258466.00,0.200000,0.000,1.640,否,0.940,-0.730,-0.911,-1.627,7.087,否,73905018,19542774,494424570.420,130741158.060,13.121091,1.559303,2.630023,5.460,5.490,5.510,5.390,5.340,5.480,3.810,2022-06-17,-
2023-02-27,920564,天润科技,软件开发,5.410,5.480,5.410,5.450,5.410,31800,211467.00,0.160000,0.300,1.350,否,0.790,-0.366,0.000,-2.154,6.445,否,73905018,19542774,495902670.780,131132013.540,11.424687,1.563964,2.220261,5.460,5.480,5.520,5.400,5.340,5.480,3.830,2022-06-17,-
2023-02-28,920564,天润科技,软件开发,5.460,5.640,5.450,5.630,5.450,297200,2040630.00,1.520000,3.130,3.430,否,8.910,3.493,2.550,1.441,9.109,否,73905018,19542774,511422724.560,135235996.080,11.782240,1.612911,2.289748,5.490,5.490,5.520,5.420,5.340,5.480,3.860,2022-06-17,-
2023-03-01,920564,天润科技,软件开发,5.550,5.630,5.550,5.590,5.550,111200,765277.00,0.570000,-0.580,1.450,否,1.320,2.757,2.007,0.540,7.915,否,73905018,19542774,508466523.840,134454285.120,11.714135,1.603588,2.276512,5.510,5.490,5.510,5.440,5.340,5.470,3.880,2022-06-17,-
2023-03-02,920564,天润科技,软件开发,5.580,5.710,5.580,5.640,5.580,216900,1507842.00,1.110000,0.870,2.180,否,2.110,3.486,3.108,2.732,8.671,否,73905018,19542774,512900824.920,135626851.560,11.816293,1.617572,2.296366,5.550,5.510,5.510,5.450,5.350,5.470,3.900,2022-06-17,-
2023-03-03,920564,天润科技,软件开发,5.630,5.650,5.530,5.600,5.530,146500,1003814.00,0.750000,-0.720,2.160,否,1.050,-0.533,2.941,2.752,5.066,否,73905018,19542774,509205574.020,134649712.860,11.731161,1.605918,2.279821,5.580,5.520,5.520,5.470,5.350,5.470,3.920,2022-06-17,-
2023-03-06,920564,天润科技,软件开发,5.560,5.610,5.550,5.590,5.550,63900,437714.00,0.330000,-0.150,1.020,否,0.400,0.000,2.757,1.821,4.486,否,73905018,19542774,508466523.840,134454285.120,11.714135,1.603588,2.276512,5.610,5.530,5.530,5.490,5.350,5.470,3.950,2022-06-17,-
2023-03-07,920564,天润科技,软件开发,5.590,5.600,5.510,5.540,5.510,73500,501640.00,0.380000,-1.020,1.600,否,0.440,-1.773,1.651,1.095,-2.120,否,73905018,19542774,503293172.580,133086290.940,11.594950,1.587272,2.253350,5.590,5.540,5.530,5.500,5.350,5.470,3.970,2022-06-17,-
2023-03-08,920564,天润科技,软件开发,5.490,5.540,5.470,5.480,5.470,79300,536312.00,0.410000,-1.030,1.170,否,0.650,-2.143,-2.664,0.183,-4.861,否,73905018,19542774,498119821.320,131718296.760,11.475766,1.570956,2.230188,5.570,5.540,5.530,5.510,5.350,5.460,3.990,2022-06-17,-
2023-03-09,920564,天润科技,软件开发,5.510,5.540,5.480,5.540,5.480,246600,1671619.00,1.260000,1.040,1.040,否,2.130,-0.894,-0.894,1.838,0.181,否,73905018,19542774,503293172.580,133086290.940,11.594950,1.587272,2.253350,5.550,5.550,5.530,5.520,5.350,5.460,4.010,2022-06-17,-
2023-03-10,920564,天润科技,软件开发,5.510,5.560,5.450,5.490,5.450,186300,1265858.00,0.950000,-0.880,2.060,否,1.530,-0.903,-2.660,0.919,-0.903,否,73905018,19542774,498858871.500,131913724.500,11.492792,1.573287,2.233497,5.530,5.560,5.520,5.530,5.350,5.460,4.040,2022-06-17,-
2023-03-13,920564,天润科技,软件开发,5.470,5.490,5.470,5.490,5.470,48000,323843.00,0.250000,0.150,0.440,否,0.370,0.182,-1.964,0.734,1.479,否,73905018,19542774,499597921.680,132109152.240,11.509819,1.575618,2.236806,5.510,5.560,5.520,5.530,5.350,5.450,4.060,2022-06-17,-
2023-03-14,920564,天润科技,软件开发,5.490,5.490,5.430,5.430,5.430,60900,408474.00,0.310000,-1.180,1.180,否,0.480,-1.986,-2.862,-3.552,-0.367,否,73905018,19542774,493685520.240,130545730.320,11.373608,1.556972,2.210335,5.490,5.540,5.510,5.520,5.360,5.450,4.080,2022-06-17,-
2023-03-15,920564,天润科技,软件开发,5.430,5.480,5.410,5.440,5.410,43700,292681.00,0.220000,0.150,1.350,否,0.350,-0.911,-1.805,-2.683,-2.334,否,73905018,19542774,494424570.420,130741158.060,11.390634,1.559303,2.213643,5.480,5.520,5.510,5.510,5.360,5.450,4.100,2022-06-17,-
2023-03-16,920564,天润科技,软件开发,5.410,5.440,5.370,5.370,5.370,79000,525374.00,0.400000,-1.200,1.200,否,0.670,-2.186,-2.007,-4.787,-2.541,否,73905018,19542774,488512168.980,129177736.140,11.254423,1.540656,2.187172,5.440,5.500,5.500,5.510,5.360,5.440,4.120,2022-06-17,-
2023-03-17,920564,天润科技,软件开发,5.450,5.450,5.390,5.420,5.390,60400,401065.00,0.310000,0.910,1.060,否,0.720,-0.184,-2.166,-3.214,-1.989,否,73905018,19542774,492946470.060,130350302.580,11.356581,1.554641,2.207026,5.430,5.480,5.500,5.500,5.360,5.440,4.140,2022-06-17,-
2023-03-20,920564,天润科技,软件开发,5.450,5.460,5.410,5.430,5.410,42300,282579.00,0.220000,0.150,1.050,否,0.720,-0.184,-1.093,-2.862,-2.513,否,73905018,19542774,493685520.240,130545730.320,11.373608,1.556972,2.210335,5.420,5.460,5.500,5.500,5.360,5.440,4.170,2022-06-17,-
2023-03-21,920564,天润科技,软件开发,5.420,5.480,5.360,5.480,5.360,90600,602215.00,0.460000,0.900,2.100,否,1.580,2.048,-0.182,-1.083,-1.261,否,73905018,19542774,498119821.320,131718296.760,11.475766,1.570956,2.230188,5.430,5.460,5.500,5.510,5.370,5.430,4.190,2022-06-17,-
2023-03-22,920564,天润科技,软件开发,5.470,5.490,5.470,5.490,5.470,114900,775945.00,0.590000,0.150,0.450,否,1.820,1.292,1.105,0.182,-1.259,否,73905018,19542774,498858871.500,131913724.500,11.492792,1.573287,2.233497,5.440,5.460,5.500,5.500,5.370,5.430,4.210,2022-06-17,-
2023-03-23,920564,天润科技,软件开发,5.490,5.490,5.450,5.460,5.450,39900,268185.00,0.200000,-0.440,0.890,否,0.520,0.552,0.368,-1.444,-0.546,否,73905018,19542774,496641720.960,131327441.280,11.441713,1.566295,2.223570,5.460,5.450,5.500,5.500,5.380,5.420,4.230,2022-06-17,-
2023-03-24,920564,天润科技,软件开发,5.450,5.720,5.450,5.630,5.450,806800,5592314.00,4.130000,3.130,4.910,否,11.590,2.737,4.842,2.550,3.303,否,73905018,19542774,512161774.740,135431423.820,11.799267,1.615242,2.293057,5.500,5.460,5.510,5.500,5.390,5.410,4.250,2022-06-17,-
2023-03-27,920564,天润科技,软件开发,5.630,5.680,5.530,5.550,5.530,425500,2923052.00,2.180000,-1.440,2.740,否,1.940,1.093,2.399,1.093,1.093,否,73905018,19542774,504771272.940,133477146.420,11.629003,1.591934,2.259968,5.520,5.470,5.510,5.500,5.390,5.400,4.280,2022-06-17,-
2023-03-28,920564,天润科技,软件开发,5.540,5.600,5.490,5.500,5.490,196900,1337922.00,1.010000,-0.880,2.050,否,0.670,0.733,1.289,1.289,0.365,否,73905018,19542774,500336971.860,132304579.980,11.526845,1.577949,2.240115,5.530,5.480,5.510,5.500,5.400,5.400,4.300,2022-06-17,-
2023-03-29,920564,天润科技,软件开发,5.490,5.640,5.490,5.610,5.490,475600,3277587.00,2.430000,1.920,2.810,否,1.500,-0.355,2.372,3.125,2.559,否,73905018,19542774,509944624.200,134845140.600,11.748188,1.608249,2.283130,5.550,5.490,5.510,5.500,5.410,5.390,4.320,2022-06-17,-
2023-03-30,920564,天润科技,软件开发,5.540,5.590,5.470,5.560,5.470,168500,1142901.00,0.860000,-0.870,2.170,否,0.430,0.180,1.275,3.538,2.206,否,73905018,19542774,505510323.120,133672574.160,11.646030,1.594264,2.263277,5.570,5.510,5.510,5.510,5.420,5.390,4.340,2022-06-17,-
2023-03-31,920564,天润科技,软件开发,5.490,5.560,5.490,5.540,5.490,96200,653188.00,0.490000,-0.440,1.320,否,0.230,0.727,1.465,2.214,1.838,否,73905018,19542774,503293172.580,133086290.940,11.594950,1.620358,2.253350,5.550,5.530,5.500,5.510,5.430,5.390,4.360,2022-06-17,-
2023-04-03,920564,天润科技,软件开发,5.500,5.610,5.470,5.590,5.470,176700,1205989.00,0.900000,1.030,2.500,否,0.650,-0.357,-0.710,2.947,2.569,否,73905018,19542774,508466523.840,134454285.120,11.714135,1.637014,2.276512,5.560,5.540,5.500,5.510,5.430,5.400,4.390,2022-06-17,-
2023-04-04,920564,天润科技,软件开发,5.550,5.650,5.550,5.630,5.550,201400,1389470.00,1.030000,0.730,1.740,否,0.900,1.259,1.441,2.737,0.000,否,73905018,19542774,512161774.740,135431423.820,11.799267,1.648911,2.293057,5.590,5.560,5.510,5.520,5.440,5.400,4.410,2022-06-17,-
2023-04-06,920564,天润科技,软件开发,5.650,5.660,5.580,5.630,5.580,140200,969361.00,0.720000,-0.140,1.300,否,0.630,1.625,2.364,2.550,0.716,否,73905018,19542774,511422724.560,135235996.080,11.782240,1.646532,2.289748,5.590,5.570,5.510,5.520,5.450,5.400,4.430,2022-06-17,-
2023-04-07,920564,天润科技,软件开发,5.650,5.650,5.560,5.640,5.560,125100,860038.00,0.640000,0.290,1.590,否,0.800,0.894,0.535,3.297,0.000,否,73905018,19542774,512900824.920,135626851.560,11.816293,1.651290,2.296366,5.610,5.590,5.520,5.530,5.460,5.410,4.450,2022-06-17,-
2023-04-10,920564,天润科技,软件开发,5.590,5.650,5.550,5.580,5.550,86600,595779.00,0.440000,-1.150,1.730,否,0.590,-0.888,0.360,-0.888,-0.357,否,73905018,19542774,506988423.480,134063429.640,11.680082,1.632255,2.269895,5.610,5.580,5.520,5.530,5.460,5.410,4.480,2022-06-17,-
2023-04-11,920564,天润科技,软件开发,5.560,5.590,5.490,5.590,5.490,172300,1174561.00,0.880000,0.290,1.750,否,1.180,-0.710,0.903,0.721,0.000,否,73905018,19542774,508466523.840,134454285.120,11.714135,1.637014,2.276512,5.610,5.590,5.530,5.540,5.470,5.410,4.500,2022-06-17,-
2023-04-12,920564,天润科技,软件开发,5.510,5.600,5.510,5.600,5.510,105400,721659.00,0.540000,0.150,1.600,否,0.730,-0.709,0.179,1.818,1.083,否,73905018,19542774,509205574.020,134649712.860,11.731161,1.639394,2.279821,5.610,5.600,5.540,5.540,5.480,5.410,4.520,2022-06-17,-
2023-04-13,920564,天润科技,软件开发,5.600,5.600,5.530,5.530,5.530,55500,378503.00,0.280000,-1.310,1.310,否,0.440,-0.896,-1.776,-1.426,0.912,否,73905018,19542774,502554122.400,132890863.200,11.577924,1.617979,2.250041,5.590,5.590,5.540,5.540,5.490,5.410,4.540,2022-06-17,-
2023-04-14,920564,天润科技,软件开发,5.590,5.590,5.510,5.580,5.510,38500,262671.00,0.200000,0.880,1.470,否,0.350,-0.179,-0.888,0.360,0.722,否,73905018,19542774,506988423.480,134063429.640,11.680082,1.632255,2.269895,5.580,5.590,5.550,5.530,5.490,5.410,4.570,2022-06-17,-
2023-04-17,920564,天润科技,软件开发,5.530,5.580,5.510,5.580,5.510,75500,517140.00,0.390000,0.150,1.310,否,0.820,-0.357,-1.064,0.722,1.639,否,73905018,19542774,507727473.660,134258857.380,11.697109,1.634635,2.273203,5.580,5.600,5.560,5.530,5.500,5.420,4.590,2022-06-17,-
2023-04-18,920564,天润科技,软件开发,5.560,5.580,5.530,5.570,5.530,49400,336822.00,0.250000,-0.290,0.870,否,0.550,0.723,-0.179,-0.358,1.457,否,73905018,19542774,506249373.300,133868001.900,11.663056,1.629876,2.266586,5.570,5.590,5.570,5.530,5.510,5.420,4.610,2022-06-17,-
2023-04-19,920564,天润科技,软件开发,5.540,5.590,5.410,5.530,5.410,96100,654707.00,0.490000,-0.730,3.210,否,1.480,-0.896,-1.073,-1.776,1.842,否,73905018,19542774,502554122.400,132890863.200,11.577924,1.617979,2.250041,5.560,5.580,5.570,5.530,5.520,5.420,4.630,2022-06-17,-
2023-04-20,920564,天润科技,软件开发,5.530,5.560,5.490,5.540,5.490,49500,335849.00,0.250000,0.290,1.320,否,0.790,-0.717,-1.071,-1.599,1.838,否,73905018,19542774,504032222.760,133281718.680,11.611977,1.622738,2.256659,5.560,5.570,5.570,5.530,5.520,5.420,4.660,2022-06-17,-
2023-04-21,920564,天润科技,软件开发,5.560,5.560,5.470,5.520,5.470,38100,258119.00,0.190000,-0.440,1.610,否,0.620,-0.898,-0.181,-2.128,2.793,否,73905018,19542774,501815072.220,132695435.460,11.560898,1.615600,2.246732,5.550,5.560,5.580,5.530,5.530,5.420,4.680,2022-06-17,-
2023-04-24,920564,天润科技,软件开发,5.550,5.580,5.480,5.520,5.480,88900,604155.00,0.460000,0.000,1.770,否,1.440,-0.181,-1.075,-1.075,1.845,否,73905018,19542774,501815072.220,132695435.460,11.560898,1.615600,2.246732,5.540,5.560,5.570,5.530,5.530,5.430,4.700,2022-06-17,-
2023-04-25,920564,天润科技,软件开发,5.550,5.550,5.360,5.410,5.360,112500,756608.00,0.580000,-2.060,3.390,否,1.750,-2.347,-3.047,-3.220,-0.368,否,73905018,19542774,491468369.700,129959447.100,16.370781,1.582288,2.496632,5.500,5.540,5.560,5.530,5.530,5.430,4.720,2022-06-17,-
2023-04-26,920564,天润科技,软件开发,5.280,5.280,4.710,4.940,4.710,885900,5397783.00,4.530000,-8.570,10.530,否,11.500,-10.507,-11.311,-11.786,-9.854,否,73905018,19542774,449342509.440,118820065.920,14.967571,1.446664,2.282635,5.390,5.470,5.530,5.520,5.520,5.420,4.740,2022-06-17,-
2023-04-27,920564,天润科技,软件开发,4.940,4.940,4.880,4.880,4.880,184000,1105746.00,0.940000,-1.320,1.320,否,0.780,-11.594,-11.754,-11.754,-11.111,否,73905018,19542774,443430108.000,117256644.000,14.770630,1.427629,2.252600,5.250,5.410,5.500,5.500,5.500,5.420,4.760,2022-06-17,-
2023-04-28,920564,天润科技,软件开发,4.890,4.990,4.810,4.990,4.810,290700,1760793.00,1.490000,2.330,3.670,否,1.110,-7.763,-9.928,-10.573,-8.608,否,73905018,19542774,453776810.520,119992632.360,15.115278,1.460940,2.305161,5.150,5.350,5.470,5.480,5.500,5.420,4.780,2022-06-17,-
2023-05-04,920564,天润科技,软件开发,4.970,4.990,4.950,4.990,4.950,77200,471534.00,0.400000,0.000,0.810,否,0.250,1.012,-9.601,-10.573,-11.368,否,73905018,19542774,453776810.520,119992632.360,15.115278,1.460940,2.305161,5.040,5.290,5.440,5.470,5.490,5.410,4.800,2022-06-17,-
2023-05-05,920564,天润科技,软件开发,4.980,5.240,4.980,5.110,4.980,243100,1527094.00,1.240000,2.440,5.210,否,0.780,4.713,-7.428,-8.259,-7.928,否,73905018,19542774,464862563.220,122924048.460,15.484543,1.496631,2.361476,4.980,5.240,5.420,5.460,5.480,5.410,4.820,2022-06-17,-
2023-05-08,920564,天润科技,软件开发,5.080,5.190,5.050,5.160,5.050,164200,1034404.00,0.840000,0.950,2.860,否,0.490,3.407,-4.621,-6.691,-6.182,否,73905018,19542774,469296864.300,124096614.900,15.632250,1.510907,2.384002,5.030,5.210,5.390,5.450,5.480,5.410,4.840,2022-06-17,-
2023-05-09,920564,天润科技,软件开发,5.170,5.190,5.080,5.080,5.080,77400,487077.00,0.400000,-1.570,2.050,否,0.400,1.804,2.834,-8.303,-9.447,否,73905018,19542774,461906362.500,122142337.500,15.386073,1.487113,2.346458,5.070,5.160,5.370,5.430,5.470,5.400,4.860,2022-06-17,-
2023-05-10,920564,天润科技,软件开发,5.060,5.150,5.060,5.080,5.060,75300,472187.00,0.390000,0.000,1.760,否,0.440,-0.587,4.098,-7.971,-8.633,否,73905018,19542774,461906362.500,122142337.500,15.386073,1.487113,2.346458,5.080,5.120,5.340,5.420,5.460,5.400,4.880,2022-06-17,-
2023-05-11,920564,天润科技,软件开发,5.060,5.250,5.060,5.190,5.060,121200,775150.00,0.620000,2.080,3.680,否,0.950,0.581,4.008,-5.978,-6.318,否,73905018,19542774,471514014.840,124682898.120,15.706103,1.518045,2.395265,5.120,5.080,5.320,5.410,5.460,5.400,4.900,2022-06-17,-
2023-05-12,920564,天润科技,软件开发,5.160,5.190,5.120,5.190,5.120,16300,103668.00,0.080000,0.000,1.410,否,0.120,2.165,4.008,-4.067,-7.156,否,73905018,19542774,471514014.840,124682898.120,15.706103,1.518045,2.395265,5.140,5.060,5.300,5.400,5.450,5.400,4.920,2022-06-17,-
2023-05-15,920564,天润科技,软件开发,5.110,5.190,5.110,5.190,5.110,4900,30975.00,0.030000,0.000,1.410,否,0.050,2.165,1.566,5.061,-7.815,否,73905018,19542774,471514014.840,124682898.120,15.706103,1.518045,2.395265,5.150,5.090,5.280,5.390,5.440,5.390,4.940,2022-06-17,-
2023-05-16,920564,天润科技,软件开发,5.120,5.190,5.080,5.140,5.080,32200,202783.00,0.160000,-0.940,2.190,否,0.550,-0.963,-0.388,5.328,-8.703,否,73905018,19542774,467079713.760,123510331.680,15.558397,1.503769,2.372739,5.160,5.110,5.260,5.370,5.440,5.390,4.960,2022-06-17,-
2023-05-17,920564,天润科技,软件开发,5.090,5.150,5.090,5.130,5.090,27700,173702.00,0.140000,-0.160,1.270,否,0.550,-1.156,0.984,2.806,-9.043,否,73905018,19542774,466340663.580,123314903.940,15.533779,1.501389,2.368984,5.170,5.130,5.240,5.360,5.430,5.390,4.990,2022-06-17,-
2023-05-18,920564,天润科技,软件开发,5.170,5.290,5.170,5.220,5.170,133900,860488.00,0.680000,1.740,2.380,否,3.310,0.578,2.756,4.609,-6.452,否,73905018,19542774,474470215.560,125464609.080,15.804574,1.527563,2.410282,5.170,5.150,5.220,5.340,5.430,5.390,5.010,2022-06-17,-
2023-05-19,920564,天润科技,软件开发,5.200,5.250,5.040,5.220,5.040,35200,224352.00,0.180000,0.000,4.050,否,0.820,1.556,0.578,2.153,-6.619,否,73905018,19542774,474470215.560,125464609.080,15.804574,1.527563,2.410282,5.180,5.160,5.200,5.330,5.420,5.380,5.030,2022-06-17,-
2023-05-22,920564,天润科技,软件开发,5.230,5.230,5.160,5.230,5.160,17800,113501.00,0.090000,0.310,1.400,否,0.380,1.949,0.771,1.357,-6.607,否,73905018,19542774,475948315.920,125855464.560,15.853809,1.532321,2.417791,5.190,5.170,5.190,5.320,5.420,5.380,5.050,2022-06-17,-
2023-05-23,920564,天润科技,软件开发,5.250,5.250,5.150,5.230,5.150,81000,516606.00,0.410000,-0.160,1.860,否,1.640,0.192,0.771,2.953,-5.425,否,73905018,19542774,475209265.740,125660036.820,15.829191,1.529942,2.414036,5.210,5.180,5.170,5.310,5.410,5.380,5.070,2022-06-17,-
2023-05-24,920564,天润科技,软件开发,5.270,5.270,5.150,5.190,5.150,55800,356090.00,0.290000,-0.620,2.180,否,0.940,-0.575,0.973,2.165,-6.989,否,73905018,19542774,472253065.020,124878325.860,15.730721,1.520424,2.399019,5.220,5.190,5.150,5.290,5.410,5.380,5.090,2022-06-17,-
2023-05-25,920564,天润科技,软件开发,5.240,5.240,5.130,5.130,5.130,32700,206594.00,0.170000,-1.250,2.190,否,0.510,-1.912,0.000,-1.156,-8.065,否,73905018,19542774,466340663.580,123314903.940,15.533779,1.501389,2.368984,5.200,5.190,5.140,5.280,5.400,5.370,5.110,2022-06-17,-
2023-05-26,920564,天润科技,软件开发,5.230,5.230,5.100,5.190,5.100,49400,313791.00,0.250000,1.110,2.380,否,1.110,-0.765,-0.575,0.000,-6.822,否,73905018,19542774,471514014.840,124682898.120,15.706103,1.518045,2.395265,5.190,5.190,5.120,5.260,5.400,5.370,5.130,2022-06-17,-
2023-05-29,920564,天润科技,软件开发,5.230,5.230,5.130,5.190,5.130,34500,218267.00,0.180000,0.160,2.040,否,0.730,0.000,-0.575,0.000,-6.148,否,73905018,19542774,472253065.020,124878325.860,15.730721,1.520424,2.399019,5.190,5.190,5.140,5.250,5.390,5.370,5.150,2022-06-17,-
2023-05-30,920564,天润科技,软件开发,5.190,5.190,5.110,5.180,5.110,41200,260342.00,0.210000,-0.310,1.410,否,0.810,0.975,-0.956,0.778,-6.498,否,73905018,19542774,470774964.660,124487470.380,15.681485,1.515666,2.391510,5.180,5.190,5.150,5.240,5.390,5.360,5.170,2022-06-17,-
2023-05-31,920564,天润科技,软件开发,5.210,5.210,5.090,5.100,5.090,80700,507471.00,0.410000,-1.570,2.350,否,1.890,-1.734,-2.486,-0.585,-7.609,否,73905018,19542774,463384462.860,122533192.980,15.435308,1.491872,2.353967,5.160,5.190,5.160,5.220,5.380,5.360,5.190,2022-06-17,-
2023-06-01,920564,天润科技,软件开发,5.100,5.150,5.090,5.120,5.090,51400,322625.00,0.260000,0.480,1.120,否,1.080,-1.349,-1.349,-1.916,-7.246,否,73905018,19542774,465601613.400,123119476.200,15.509161,1.499010,2.365230,5.160,5.180,5.160,5.210,5.370,5.360,5.210,2022-06-17,-
2023-06-02,920564,天润科技,软件开发,5.220,5.220,5.100,5.160,5.100,32600,204824.00,0.170000,0.790,2.380,否,0.630,-0.386,0.585,-1.149,-4.621,否,73905018,19542774,469296864.300,124096614.900,15.632250,1.510907,2.384002,5.150,5.170,5.170,5.190,5.360,5.350,5.230,2022-06-17,-
2023-06-05,920564,天润科技,软件开发,5.180,5.180,5.100,5.180,5.100,45400,286037.00,0.230000,0.310,1.420,否,0.940,1.569,-0.193,-0.956,4.858,否,73905018,19542774,470774964.660,124487470.380,15.681485,1.515666,2.391510,5.150,5.170,5.170,5.180,5.360,5.350,5.250,2022-06-17,-
2023-06-06,920564,天润科技,软件开发,5.120,5.180,5.100,5.160,5.100,54400,343226.00,0.280000,-0.310,1.410,否,1.080,0.781,-0.578,-1.338,5.738,否,73905018,19542774,469296864.300,124096614.900,15.632250,1.510907,2.384002,5.140,5.160,5.170,5.170,5.350,5.350,5.280,2022-06-17,-
2023-06-07,920564,天润科技,软件开发,5.170,5.190,5.090,5.100,5.090,53100,334738.00,0.270000,-1.100,1.890,否,1.000,-1.163,-1.544,-1.734,2.204,否,73905018,19542774,464123513.040,122728620.720,15.459926,1.494251,2.357721,5.140,5.150,5.170,5.150,5.340,5.350,5.300,2022-06-17,-
2023-06-08,920564,天润科技,软件开发,5.200,5.200,4.340,5.090,4.340,72100,446631.00,0.370000,-2.070,16.400,否,1.520,-1.737,-0.196,-0.780,2.004,否,73905018,19542774,454515860.700,120188060.100,15.139895,1.463319,2.308915,5.140,5.150,5.170,5.140,5.340,5.340,5.320,2022-06-17,-
2023-06-09,920564,天润科技,软件开发,5.130,5.130,5.000,5.050,5.000,54800,333334.00,0.280000,-0.810,2.600,否,1.060,-2.132,-1.367,-2.697,-1.174,否,73905018,19542774,450820609.800,119210921.400,15.016807,1.451422,2.290143,5.120,5.130,5.160,5.130,5.330,5.340,5.340,2022-06-17,-
2023-06-12,920564,天润科技,软件开发,5.040,5.040,4.970,5.020,4.970,44400,267788.00,0.230000,-0.490,1.310,否,0.790,-1.569,-2.713,-3.276,-2.713,否,73905018,19542774,448603459.260,118624638.180,14.942954,1.444284,2.278880,5.080,5.120,5.150,5.130,5.320,5.340,5.360,2022-06-17,-
2023-06-13,920564,天润科技,软件开发,5.030,5.030,4.880,4.990,4.880,30300,181524.00,0.150000,-0.660,2.970,否,0.540,-1.965,-3.668,-3.668,-1.772,否,73905018,19542774,445647258.540,117842927.220,14.844483,1.434767,2.263863,5.050,5.100,5.140,5.130,5.320,5.340,5.380,2022-06-17,-
2023-06-14,920564,天润科技,软件开发,4.990,4.990,4.930,4.960,4.930,49100,293557.00,0.250000,-0.660,1.160,否,0.960,-1.782,-3.876,-2.745,-2.362,否,73905018,19542774,442691057.820,117061216.260,14.746012,1.425249,2.248846,5.020,5.080,5.140,5.130,5.310,5.330,5.400,2022-06-17,-
2023-06-15,920564,天润科技,软件开发,5.010,5.010,4.910,4.960,4.910,27800,165944.00,0.140000,0.000,2.000,否,0.550,-1.195,-2.745,-3.125,-4.432,否,73905018,19542774,442691057.820,117061216.260,14.746012,1.425249,2.248846,5.000,5.070,5.120,5.130,5.300,5.330,5.420,2022-06-17,-
2023-06-16,920564,天润科技,软件开发,5.040,5.040,4.940,4.970,4.940,14400,86525.00,0.070000,0.330,2.000,否,0.350,-0.401,-2.358,-3.682,-4.239,否,73905018,19542774,444169158.180,117452071.740,14.795247,1.430008,2.256354,4.980,5.050,5.110,5.130,5.290,5.330,5.440,2022-06-17,-
2023-06-19,920564,天润科技,软件开发,4.910,4.970,4.910,4.950,4.910,50500,300222.00,0.260000,-0.500,1.330,否,1.520,-0.202,-1.980,-4.440,-4.624,否,73905018,19542774,441952007.640,116865788.520,14.721394,1.422870,2.245091,4.970,5.030,5.100,5.120,5.280,5.330,5.460,2022-06-17,-
2023-06-20,920564,天润科技,软件开发,4.960,4.990,4.910,4.970,4.910,52000,311318.00,0.270000,0.500,1.510,否,1.510,0.202,-0.996,-3.682,-3.307,否,73905018,19542774,444169158.180,117452071.740,14.795247,1.430008,2.256354,4.960,5.010,5.080,5.120,5.280,5.320,5.480,2022-06-17,-
2023-06-21,920564,天润科技,软件开发,4.960,5.030,4.920,4.930,4.920,15400,92553.00,0.080000,-0.830,2.160,否,0.400,-0.805,-1.202,-3.333,-3.899,否,73905018,19542774,440473907.280,116474933.040,14.672159,1.418111,2.237583,4.960,4.990,5.070,5.110,5.270,5.320,5.500,2022-06-17,-
2023-06-26,920564,天润科技,软件开发,4.890,5.020,4.800,4.800,4.800,38000,225006.00,0.190000,-2.680,4.530,否,1.190,-3.030,-3.226,-5.697,-8.046,否,73905018,19542774,428649104.400,113348089.200,14.278275,1.380041,2.177513,4.920,4.960,5.050,5.100,5.250,5.320,5.510,2022-06-17,-
2023-06-27,920564,天润科技,软件开发,4.860,4.950,4.860,4.920,4.860,42600,254060.00,0.220000,2.590,1.720,否,1.250,-1.006,-0.806,-2.574,-5.747,否,73905018,19542774,439734857.100,116279505.300,14.647541,1.415732,2.233828,4.910,4.950,5.040,5.090,5.240,5.320,5.530,2022-06-17,-
2023-06-28,920564,天润科技,软件开发,4.850,4.920,4.850,4.920,4.850,56300,331570.00,0.290000,0.000,1.510,否,1.420,-0.203,-1.006,-1.992,-5.927,否,73905018,19542774,439734857.100,116279505.300,14.647541,1.415732,2.233828,4.910,4.940,5.030,5.080,5.230,5.320,5.530,2022-06-17,-
2023-06-29,920564,天润科技,软件开发,4.910,4.940,4.870,4.940,4.870,47700,282161.00,0.240000,0.340,1.340,否,1.170,2.917,-0.202,-1.002,-5.545,否,73905018,19542774,441212957.460,116670360.780,14.696776,1.420490,2.241337,4.900,4.930,5.010,5.070,5.220,5.320,5.520,2022-06-17,-
2023-06-30,920564,天润科技,软件开发,4.940,5.030,4.940,5.020,4.940,49700,298525.00,0.310000,1.680,1.840,否,1.240,2.033,1.006,1.210,-3.276,否,73905018,15870523,448603459.260,96334074.610,14.942954,1.439565,2.278880,4.920,4.940,5.010,5.070,5.210,5.310,5.520,2022-06-17,-
2023-07-03,920564,天润科技,软件开发,5.020,5.030,4.960,5.010,4.960,120000,728287.00,0.760000,-0.160,1.320,否,2.560,1.829,1.623,1.008,-2.339,否,73905018,15870523,447864409.080,96175369.380,14.918336,1.437194,2.275126,4.960,4.940,5.010,5.060,5.200,5.310,5.520,2022-06-17,-
2023-07-04,920564,天润科技,软件开发,4.990,4.990,4.950,4.960,4.950,66300,397894.00,0.420000,-0.990,0.830,否,1.050,0.405,3.333,-0.201,-4.432,否,73905018,15870523,443430108.000,95223138.000,14.770630,1.422964,2.252600,4.970,4.940,5.000,5.050,5.190,5.310,5.510,2022-06-17,-
2023-07-05,920564,天润科技,软件开发,4.950,4.980,4.930,4.980,4.930,70200,420741.00,0.350000,0.330,1.000,否,1.030,-0.797,1.220,0.606,-4.046,否,73905018,20195635,444908208.360,121577722.700,14.819865,1.427707,2.260109,4.980,4.950,4.990,5.050,5.180,5.310,5.510,2022-06-17,-
2023-07-06,920564,天润科技,软件开发,4.970,4.970,4.910,4.960,4.910,16600,99031.00,0.080000,-0.330,1.160,否,0.230,-0.998,0.813,-0.201,-4.247,否,73905018,20195635,443430108.000,121173810.000,14.770630,1.422964,2.252600,4.990,4.940,4.980,5.040,5.170,5.310,5.500,2022-06-17,-
2023-07-07,920564,天润科技,软件开发,4.960,4.980,4.900,4.960,4.900,11500,69104.00,0.060000,0.000,1.670,否,0.180,0.000,0.405,0.609,-2.745,否,73905018,20195635,443430108.000,121173810.000,14.770630,1.422964,2.252600,4.970,4.950,4.970,5.030,5.160,5.310,5.500,2022-06-17,-
2023-07-10,920564,天润科技,软件开发,4.960,4.960,4.930,4.950,4.930,55200,330656.00,0.270000,-0.330,0.670,否,0.970,-0.602,-1.394,3.125,-3.320,否,73905018,20195635,441952007.640,120769897.300,14.721394,1.418221,2.245091,4.960,4.960,4.960,5.020,5.150,5.310,5.490,2022-06-17,-
2023-07-11,920564,天润科技,软件开发,4.910,4.960,4.910,4.950,4.910,11300,67491.00,0.060000,0.000,1.000,否,0.260,-0.202,-1.198,0.610,-4.070,否,73905018,20195635,441952007.640,120769897.300,14.721394,1.418221,2.245091,4.960,4.970,4.960,5.020,5.140,5.300,5.490,2022-06-17,-
2023-07-12,920564,天润科技,软件开发,4.910,4.940,4.890,4.940,4.890,63600,376889.00,0.310000,-0.170,1.000,否,1.930,-0.403,-0.403,0.407,-4.633,否,73905018,20195635,441212957.460,120567940.950,14.696776,1.415849,2.241337,4.950,4.970,4.950,5.010,5.130,5.300,5.480,2022-06-17,-
2023-07-13,920564,天润科技,软件开发,4.910,4.960,4.910,4.960,4.910,6900,41177.00,0.030000,0.500,1.170,否,0.220,0.202,-0.402,0.405,-3.876,否,73905018,20195635,443430108.000,121173810.000,14.770630,1.422964,2.252600,4.950,4.970,4.950,5.000,5.120,5.300,5.480,2022-06-17,-
2023-07-14,920564,天润科技,软件开发,4.910,5.090,4.910,5.040,4.910,145600,882755.00,0.720000,1.500,3.500,否,4.900,1.818,1.613,0.398,-1.176,否,73905018,20195635,450081559.620,122991417.150,14.992189,1.444308,2.286389,4.970,4.970,4.950,5.000,5.110,5.300,5.470,2022-06-17,-
2023-07-17,920564,天润科技,软件开发,5.080,5.540,5.060,5.430,5.060,976200,6346451.00,4.830000,7.720,9.360,否,17.270,9.919,9.476,8.383,6.680,否,73905018,20195635,484816918.080,132483365.600,16.149222,1.555774,2.462843,5.060,5.010,4.980,5.010,5.110,5.300,5.470,2022-06-17,-
2023-07-18,920564,天润科技,软件开发,5.340,5.350,5.150,5.260,5.150,300600,1903542.00,1.490000,-3.050,3.660,否,1.250,6.048,6.263,6.048,4.158,否,73905018,20195635,470035914.480,128444238.600,15.656867,1.508342,2.387756,5.130,5.040,4.990,5.010,5.100,5.310,5.470,2022-06-17,-
2023-07-19,920564,天润科技,软件开发,5.190,5.290,5.160,5.230,5.160,89800,562700.00,0.440000,-0.630,2.360,否,0.300,3.770,5.657,5.020,4.183,否,73905018,20195635,467079713.760,127636413.200,15.558397,1.498855,2.372739,5.180,5.070,5.010,5.010,5.100,5.310,5.470,2022-06-17,-
2023-07-20,920564,天润科技,软件开发,5.170,5.230,5.100,5.100,5.100,132900,826326.00,0.660000,-2.370,2.370,否,0.440,-6.077,3.239,2.823,2.204,否,73905018,20195635,455993961.060,124607067.950,15.189131,1.463281,2.316424,5.210,5.080,5.010,5.010,5.090,5.310,5.460,2022-06-17,-
2023-07-21,920564,天润科技,软件开发,5.180,5.180,5.000,5.110,5.000,88100,538490.00,0.440000,0.160,3.570,否,0.270,-2.852,3.024,3.024,3.024,否,73905018,20195635,456733011.240,124809024.300,15.213749,1.465653,2.320178,5.230,5.100,5.020,5.010,5.080,5.300,5.460,2022-06-17,-
2023-07-24,920564,天润科技,软件开发,5.140,5.140,5.050,5.120,5.050,14600,89153.00,0.070000,0.160,1.780,否,0.050,-2.103,1.587,3.434,3.226,否,73905018,20195635,457472061.420,125010980.650,15.238366,1.468025,2.323932,5.160,5.110,5.040,5.010,5.080,5.300,5.450,2022-06-17,-
2023-07-25,920564,天润科技,软件开发,5.110,5.150,5.080,5.150,5.080,23700,146588.00,0.120000,0.480,1.290,否,0.190,0.980,-5.157,4.040,3.622,否,73905018,20195635,459689211.960,125616849.700,15.312219,1.475139,2.335195,5.140,5.130,5.050,5.020,5.070,5.300,5.450,2022-06-17,-
2023-07-26,920564,天润科技,软件开发,5.080,5.170,5.080,5.160,5.080,15100,93869.00,0.070000,0.320,1.770,否,0.220,0.978,-1.901,4.453,4.242,否,73905018,20195635,461167312.320,126020762.400,15.361455,1.479883,2.342704,5.130,5.160,5.060,5.020,5.070,5.300,5.450,2022-06-17,-
2023-07-27,920564,天润科技,软件开发,5.160,5.180,5.090,5.170,5.090,30300,188339.00,0.150000,0.160,1.760,否,0.550,0.977,-1.147,4.234,4.024,否,73905018,20195635,461906362.500,126222718.750,15.386073,1.482254,2.346458,5.140,5.180,5.070,5.030,5.080,5.290,5.440,2022-06-17,-
2023-07-28,920564,天润科技,软件开发,5.100,5.240,5.100,5.240,5.100,57100,359121.00,0.280000,1.280,2.560,否,1.660,1.748,2.745,3.968,6.288,否,73905018,20195635,467818763.940,127838369.550,15.583014,1.501227,2.376493,5.170,5.200,5.080,5.040,5.080,5.290,5.440,2022-06-17,-
2023-07-31,920564,天润科技,软件开发,5.240,5.360,5.240,5.300,5.240,107900,694985.00,0.530000,1.260,2.370,否,3.830,2.713,3.718,-2.394,10.417,否,73905018,20195635,473731165.380,129454020.350,15.779956,1.520200,2.406528,5.200,5.180,5.100,5.050,5.090,5.290,5.440,2022-06-17,-
2023-08-01,920564,天润科技,软件开发,5.350,5.350,5.250,5.300,5.250,25500,162754.00,0.130000,0.000,1.870,否,0.540,2.515,3.516,0.760,7.724,否,73905018,20195635,473731165.380,129454020.350,15.779956,1.520200,2.406528,5.230,5.190,5.120,5.060,5.090,5.290,5.440,2022-06-17,-
2023-08-02,920564,天润科技,软件开发,5.270,5.300,5.230,5.290,5.230,30200,191869.00,0.150000,-0.310,1.250,否,0.640,0.954,2.718,1.147,7.520,否,73905018,20195635,472253065.020,129050107.650,15.730721,1.515457,2.399019,5.260,5.190,5.130,5.070,5.090,5.290,5.430,2022-06-17,-
2023-08-03,920564,天润科技,软件开发,5.300,5.300,5.140,5.260,5.140,52400,329243.00,0.260000,-0.470,2.970,否,1.040,-0.755,1.938,3.137,6.478,否,73905018,20195635,470035914.480,128444238.600,15.656867,1.508342,2.387756,5.280,5.210,5.150,5.080,5.100,5.280,5.430,2022-06-17,-
2023-08-04,920564,天润科技,软件开发,5.300,5.300,5.190,5.250,5.190,12300,77770.00,0.060000,-0.160,2.040,否,0.230,-0.943,1.547,2.740,4.582,否,73905018,20195635,469296864.300,128242282.250,15.632250,1.505970,2.384002,5.280,5.220,5.160,5.090,5.100,5.280,5.430,2022-06-17,-
2023-08-07,920564,天润科技,软件开发,5.190,5.280,5.180,5.200,5.180,31300,197299.00,0.160000,-0.940,1.890,否,0.690,-1.701,-0.763,1.563,3.792,否,73905018,20195635,464862563.220,127030544.150,15.484543,1.491741,2.361476,5.260,5.230,5.170,5.100,5.100,5.280,5.420,2022-06-17,-
2023-08-08,920564,天润科技,软件开发,5.280,5.290,5.200,5.250,5.200,31500,199122.00,0.160000,0.790,1.750,否,1.040,-0.190,-0.943,1.942,5.847,否,73905018,20195635,468557814.120,128040325.900,15.607632,1.503599,2.380247,5.250,5.240,5.190,5.110,5.100,5.280,5.420,2022-06-17,-
2023-08-09,920564,天润科技,软件开发,5.280,5.280,5.200,5.210,5.200,3400,21110.00,0.020000,-0.630,1.580,否,0.110,-0.762,-1.698,0.969,4.618,否,73905018,20195635,465601613.400,127232500.500,15.509161,1.494112,2.365230,5.230,5.250,5.200,5.120,5.100,5.270,5.420,2022-06-17,-
2023-08-10,920564,天润科技,软件开发,5.280,5.280,5.200,5.200,5.200,4500,28521.00,0.020000,-0.320,1.590,否,0.170,0.000,-1.701,0.580,4.839,否,73905018,20195635,464123513.040,126828587.800,15.459926,1.489369,2.357721,5.220,5.250,5.210,5.130,5.100,5.270,5.410,2022-06-17,-
2023-08-11,920564,天润科技,软件开发,5.280,5.280,5.180,5.190,5.180,19500,122483.00,0.100000,-0.160,1.910,否,1.170,-1.143,-1.331,-0.954,4.637,否,73905018,20195635,463384462.860,126626631.450,15.435308,1.486997,2.353967,5.210,5.250,5.220,5.140,5.100,5.270,5.410,2022-06-17,-
2023-08-14,920564,天润科技,软件开发,5.150,5.190,5.130,5.170,5.130,12300,76506.00,0.060000,-0.320,1.120,否,0.680,-0.768,-1.524,-2.453,4.444,否,73905018,20195635,461906362.500,126222718.750,15.386073,1.482254,2.346458,5.200,5.230,5.210,5.140,5.100,5.260,5.410,2022-06-17,-
2023-08-15,920564,天润科技,软件开发,5.190,5.190,5.070,5.090,5.070,23100,142439.00,0.110000,-1.600,2.240,否,1.620,-2.115,-2.115,-3.962,2.828,否,73905018,20195635,454515860.700,124203155.250,15.139895,1.458538,2.308915,5.170,5.210,5.200,5.150,5.100,5.260,5.410,2022-06-17,-
2023-08-16,920564,天润科技,软件开发,5.120,5.150,5.090,5.090,5.090,20800,128374.00,0.100000,0.000,1.140,否,1.660,-1.927,-3.048,-3.781,3.036,否,73905018,20195635,454515860.700,124203155.250,15.139895,1.458538,2.308915,5.150,5.190,5.190,5.150,5.100,5.260,5.400,2022-06-17,-
2023-08-17,920564,天润科技,软件开发,5.060,5.110,4.970,5.060,4.970,62000,377431.00,0.310000,-0.490,2.760,否,3.870,-2.128,-2.879,-3.802,2.016,否,73905018,20195635,452298710.160,123597286.200,15.066042,1.451423,2.297652,5.120,5.170,5.190,5.150,5.100,5.250,5.400,2022-06-17,-
2023-08-18,920564,天润科技,软件开发,5.010,5.150,4.900,4.920,4.900,93900,562243.00,0.470000,-2.780,4.900,否,3.410,-3.340,-5.385,-6.286,-2.381,否,73905018,20195635,439734857.100,120164028.250,14.647541,1.411106,2.233828,5.070,5.140,5.180,5.150,5.090,5.250,5.400,2022-06-17,-
2023-08-21,920564,天润科技,软件开发,4.910,5.030,4.860,4.890,4.860,48400,285513.00,0.240000,-0.670,3.530,否,1.140,-3.929,-5.780,-5.962,-9.945,否,73905018,20195635,436778656.380,119356202.850,14.549070,1.401620,2.218811,5.010,5.110,5.170,5.150,5.090,5.250,5.390,2022-06-17,-
2023-08-22,920564,天润科技,软件开发,4.860,5.000,4.860,5.000,4.860,28200,166791.00,0.140000,2.200,2.880,否,0.570,-1.186,-3.288,-4.762,-4.943,否,73905018,20195635,446386308.720,121981635.400,14.869101,1.432450,2.267617,4.990,5.080,5.160,5.150,5.080,5.240,5.390,2022-06-17,-
2023-08-23,920564,天润科技,软件开发,4.870,4.950,4.830,4.940,4.830,90500,531173.00,0.450000,-1.160,2.320,否,1.790,0.407,-2.947,-5.182,-5.545,否,73905018,20195635,441212957.460,120567940.950,14.696776,1.415849,2.241337,4.960,5.060,5.150,5.150,5.080,5.240,5.380,2022-06-17,-
2023-08-24,920564,天润科技,软件开发,4.960,4.960,4.800,4.820,4.800,116500,678913.00,0.580000,-2.510,3.350,否,1.800,-1.431,-5.305,-7.308,-5.490,否,73905018,20195635,430127204.760,117538595.700,14.327511,1.380275,2.185022,4.910,5.020,5.130,5.150,5.070,5.230,5.380,2022-06-17,-
2023-08-25,920564,天润科技,软件开发,4.820,4.820,4.700,4.790,4.700,83400,478786.00,0.410000,-0.520,2.410,否,1.100,-4.200,-5.336,-7.707,-6.262,否,73905018,20195635,427910054.220,116932726.650,12.774096,1.373160,2.224970,4.890,4.980,5.110,5.140,5.070,5.220,5.370,2022-06-17,-
2023-08-28,920564,天润科技,软件开发,4.880,4.900,4.700,4.750,4.700,114100,660833.00,0.560000,-0.860,4.150,否,1.550,-3.846,-3.455,-8.124,-7.227,否,73905018,20195635,424214803.320,115922944.900,12.663784,1.361302,2.205756,4.860,4.940,5.080,5.120,5.060,5.220,5.370,2022-06-17,-
2023-08-29,920564,天润科技,软件开发,4.710,4.830,4.700,4.800,4.700,100100,575681.00,0.500000,1.050,2.790,否,1.160,-0.415,-1.840,-5.697,-6.796,否,73905018,20195635,428649104.400,117134683.000,12.796158,1.375532,2.228813,4.820,4.910,5.060,5.100,5.060,5.210,5.360,2022-06-17,-
2023-08-30,920564,天润科技,软件开发,4.780,4.800,4.780,4.800,4.780,13800,79677.00,0.070000,0.000,0.340,否,0.140,0.209,-4.000,-5.697,-6.977,否,73905018,20195635,428649104.400,117134683.000,12.796158,1.375532,2.228813,4.790,4.880,5.030,5.090,5.050,5.200,5.360,2022-06-17,-
2023-08-31,920564,天润科技,软件开发,4.760,4.820,4.760,4.810,4.760,2400,14095.00,0.010000,0.170,1.380,否,0.030,1.263,-2.632,-4.941,-6.963,否,73905018,20195635,429388154.580,117336639.350,12.818220,1.377903,2.232656,4.790,4.850,5.010,5.080,5.040,5.200,5.350,2022-06-17,-
2023-09-01,920564,天润科技,软件开发,4.830,4.840,4.770,4.840,4.770,62500,362934.00,0.310000,0.690,1.550,否,1.000,0.833,0.415,-1.626,-7.634,否,73905018,20195635,432344355.300,118144464.750,12.906470,1.387390,2.248027,4.800,4.840,4.990,5.070,5.040,5.190,5.350,2022-06-17,-
2023-09-04,920564,天润科技,软件开发,4.880,5.180,4.880,5.050,4.880,317800,1941970.00,1.570000,4.270,6.150,否,5.430,5.208,5.428,3.272,-4.717,否,73905018,20195635,450820609.800,123193373.500,13.458028,1.446680,2.344096,4.860,4.860,4.980,5.070,5.040,5.190,5.340,2022-06-17,-
2023-09-05,920564,天润科技,软件开发,5.010,5.110,4.900,4.960,4.900,84700,507655.00,0.420000,-1.640,4.260,否,0.850,3.119,4.421,-0.800,-6.415,否,73905018,20195635,443430108.000,121173810.000,13.237405,1.422964,2.305668,4.890,4.860,4.970,5.060,5.040,5.180,5.340,2022-06-17,-
2023-09-06,920564,天润科技,软件开发,4.990,4.990,4.860,4.920,4.860,54800,323584.00,0.270000,-0.830,2.500,否,0.570,1.653,2.500,-0.405,-6.994,否,73905018,20195635,439734857.100,120164028.250,13.127093,1.411106,2.286455,4.920,4.850,4.950,5.050,5.040,5.180,5.340,2022-06-17,-
2023-09-07,920564,天润科技,软件开发,4.870,4.910,4.740,4.810,4.740,68200,396770.00,0.340000,-2.350,3.360,否,0.650,-4.752,0.208,-0.207,-8.555,否,73905018,20195635,429388154.580,117336639.350,12.818220,1.377903,2.232656,4.920,4.850,4.940,5.040,5.030,5.170,5.330,2022-06-17,-
2023-09-08,920564,天润科技,软件开发,4.740,4.810,4.740,4.810,4.740,12400,71581.00,0.060000,0.000,1.380,否,0.110,-3.024,0.000,0.418,-8.381,否,73905018,20195635,429388154.580,117336639.350,12.818220,1.377903,2.232656,4.910,4.860,4.920,5.030,5.030,5.170,5.330,2022-06-17,-
2023-09-11,920564,天润科技,软件开发,4.760,4.850,4.740,4.840,4.740,24200,140700.00,0.120000,0.690,2.240,否,0.220,-1.626,0.000,1.895,-6.923,否,73905018,20195635,432344355.300,118144464.750,12.906470,1.387390,2.248027,4.870,4.860,4.900,5.010,5.030,5.160,5.320,2022-06-17,-
2023-09-12,920564,天润科技,软件开发,4.850,4.860,4.750,4.760,4.750,50300,290606.00,0.250000,-1.710,2.220,否,1.030,-1.040,-5.743,-0.833,-9.333,否,73905018,20195635,424953853.500,116124901.250,12.685846,1.363674,2.209599,4.830,4.860,4.880,4.990,5.030,5.160,5.320,2022-06-17,-
2023-09-13,920564,天润科技,软件开发,4.780,4.780,4.750,4.760,4.750,26300,151236.00,0.130000,0.000,0.700,否,0.630,-1.040,-4.032,-0.833,-8.637,否,73905018,20195635,424953853.500,116124901.250,12.685846,1.363674,2.209599,4.800,4.860,4.870,4.970,5.020,5.150,5.320,2022-06-17,-
2023-09-14,920564,天润科技,软件开发,4.750,4.820,4.740,4.800,4.740,18600,106960.00,0.090000,0.870,1.570,否,0.510,-0.826,-2.439,-0.208,-7.692,否,73905018,20195635,428649104.400,117134683.000,12.796158,1.375532,2.228813,4.790,4.860,4.850,4.960,5.020,5.150,5.310,2022-06-17,-
2023-09-15,920564,天润科技,软件开发,4.810,4.850,4.780,4.800,4.780,48400,281618.00,0.240000,0.000,1.380,否,1.840,0.840,-0.208,-0.826,-7.514,否,73905018,20195635,428649104.400,117134683.000,12.796158,1.375532,2.228813,4.790,4.850,4.850,4.940,5.020,5.140,5.310,2022-06-17,-
2023-09-18,920564,天润科技,软件开发,4.800,4.820,4.800,4.800,4.800,2100,12202.00,0.010000,0.000,0.340,否,0.060,0.840,-0.208,-4.950,-7.157,否,73905018,20195635,428649104.400,117134683.000,12.796158,1.375532,2.228813,4.780,4.830,4.840,4.930,5.020,5.130,5.300,2022-06-17,-
2023-09-19,920564,天润科技,软件开发,4.760,4.830,4.680,4.720,4.680,116600,667378.00,0.580000,-1.720,3.100,否,4.000,-1.667,-2.479,-4.839,-7.269,否,73905018,20195635,421258602.600,115115119.500,12.575535,1.351816,2.190385,4.780,4.800,4.830,4.910,5.010,5.130,5.300,2022-06-17,-
2023-09-20,920564,天润科技,软件开发,4.730,4.780,4.680,4.680,4.680,74700,423913.00,0.370000,-0.700,2.110,否,1.760,-2.500,-1.681,-4.878,-8.055,否,73905018,20195635,418302401.880,114307294.100,12.487285,1.342329,2.175014,4.760,4.780,4.820,4.900,5.010,5.120,5.290,2022-06-17,-
2023-09-21,920564,天润科技,软件开发,4.670,4.720,4.650,4.720,4.650,36400,206365.00,0.180000,0.880,1.590,否,0.700,-1.667,-0.840,-1.871,-6.719,否,73905018,20195635,421997652.780,115317075.850,12.597597,1.354187,2.194228,4.740,4.770,4.810,4.880,5.010,5.110,5.290,2022-06-17,-
2023-09-22,920564,天润科技,软件开发,4.720,4.720,4.650,4.700,4.650,16400,93604.00,0.080000,-0.530,1.580,否,0.290,-0.424,-2.083,-2.287,-4.472,否,73905018,20195635,419780502.240,114711206.800,12.531410,1.347073,2.182699,4.720,4.760,4.810,4.860,5.000,5.110,5.280,2022-06-17,-
2023-09-25,920564,天润科技,软件开发,4.760,4.760,4.630,4.720,4.630,48400,273603.00,0.240000,0.350,2.640,否,0.980,0.855,-1.667,-2.479,-3.476,否,73905018,20195635,421258602.600,115115119.500,12.575535,1.351816,2.190385,4.710,4.750,4.810,4.850,5.000,5.100,5.280,2022-06-17,-
2023-09-26,920564,天润科技,软件开发,4.650,4.690,4.620,4.690,4.620,41000,229794.00,0.200000,-0.530,1.400,否,0.700,-0.636,-2.292,-1.471,-6.200,否,73905018,20195635,419041452.060,114509250.450,12.509347,1.344701,2.178857,4.700,4.740,4.800,4.840,4.990,5.090,5.280,2022-06-17,-
2023-09-27,920564,天润科技,软件开发,4.680,4.680,4.620,4.620,4.620,98600,552884.00,0.490000,-1.410,1.410,否,2.270,-1.702,-2.119,-2.941,-6.478,否,73905018,20195635,413129050.620,112893599.650,12.332849,1.325728,2.148114,4.690,4.730,4.790,4.820,4.990,5.080,5.270,2022-06-17,-
2023-09-28,920564,天润科技,软件开发,4.650,4.650,4.620,4.620,4.620,24600,137476.00,0.120000,0.000,0.720,否,0.510,-2.119,-1.282,-3.750,-4.149,否,73905018,20195635,413129050.620,112893599.650,12.332849,1.325728,2.148114,4.670,4.710,4.780,4.800,4.980,5.080,5.260,2022-06-17,-
2023-10-09,920564,天润科技,软件开发,4.690,4.690,4.630,4.670,4.630,5200,29583.00,0.030000,1.070,1.250,否,0.110,-0.426,-1.059,-2.708,-2.505,否,73905018,20195635,417563351.700,114105337.750,12.465223,1.383716,2.171171,4.660,4.690,4.770,4.800,4.970,5.070,5.260,2022-06-17,-
2023-10-10,920564,天润科技,软件开发,4.690,4.690,4.630,4.670,4.630,5400,30330.00,0.030000,0.000,1.240,否,0.120,1.082,-0.638,-2.708,-1.684,否,73905018,20195635,417563351.700,114105337.750,12.465223,1.383716,2.171171,4.650,4.680,4.750,4.790,4.970,5.060,5.250,2022-06-17,-
2023-10-11,920564,天润科技,软件开发,4.680,4.690,4.670,4.690,4.670,7300,41237.00,0.040000,0.350,0.530,否,0.210,1.515,-0.636,-0.636,-2.292,否,73905018,20195635,419041452.060,114509250.450,12.509347,1.388614,2.178857,4.650,4.680,4.740,4.780,4.970,5.050,5.240,2022-06-17,-
2023-10-12,920564,天润科技,软件开发,4.690,4.710,4.650,4.710,4.650,17300,98138.00,0.090000,0.350,1.230,否,0.610,0.857,0.426,0.641,-1.875,否,73905018,20195635,420519552.420,114913163.150,12.553472,1.393512,2.186542,4.670,4.680,4.730,4.770,4.960,5.040,5.240,2022-06-17,-
2023-10-13,920564,天润科技,软件开发,4.710,4.710,4.620,4.670,4.620,12700,71545.00,0.060000,-0.880,1.930,否,1.060,0.000,1.082,-1.059,-2.911,否,73905018,20195635,416824301.520,113903381.400,12.443160,1.381267,2.167328,4.680,4.680,4.720,4.770,4.960,5.040,5.230,2022-06-17,-
2023-10-16,920564,天润科技,软件开发,4.670,4.670,4.620,4.670,4.620,10400,58688.00,0.050000,0.180,1.240,否,1.090,-0.426,1.082,-0.638,-3.512,否,73905018,20195635,417563351.700,114105337.750,12.465223,1.383716,2.171171,4.680,4.670,4.720,4.760,4.950,5.030,5.230,2022-06-17,-
2023-10-17,920564,天润科技,软件开发,4.680,4.680,4.640,4.640,4.640,15400,86251.00,0.080000,-0.710,0.880,否,1.450,-1.486,-0.642,-1.695,-8.119,否,73905018,20195635,414607150.980,113297512.350,12.376973,1.373920,2.155800,4.680,4.670,4.710,4.760,4.940,5.020,5.220,2022-06-17,-
2023-10-18,920564,天润科技,软件开发,4.680,4.680,4.590,4.610,4.590,21100,117514.00,0.100000,-0.710,1.960,否,1.670,-1.285,-1.285,-1.706,-7.056,否,73905018,20195635,411650950.260,112489686.950,12.288724,1.364124,2.140429,4.660,4.660,4.700,4.750,4.930,5.010,5.220,2022-06-17,-
2023-10-19,920564,天润科技,软件开发,4.580,4.620,4.560,4.580,4.560,27000,149313.00,0.130000,-0.720,1.260,否,1.760,-1.927,-2.345,-0.866,-6.911,否,73905018,20195635,408694749.540,111681861.550,12.200475,1.354328,2.125058,4.630,4.650,4.690,4.740,4.920,5.010,5.220,2022-06-17,-
2023-10-20,920564,天润科技,软件开发,4.570,4.650,4.560,4.590,4.560,8600,47517.00,0.040000,0.360,1.990,否,0.500,-1.078,-2.548,-0.649,-4.574,否,73905018,20195635,410172849.900,112085774.250,12.244599,1.359226,2.132743,4.620,4.650,4.680,4.740,4.910,5.000,5.220,2022-06-17,-
2023-10-23,920564,天润科技,软件开发,4.580,4.590,4.540,4.560,4.540,20600,113342.00,0.100000,-0.720,1.080,否,1.250,-1.085,-2.355,-2.355,-5.198,否,73905018,20195635,407216649.180,111277948.850,12.156350,1.349429,2.117372,4.600,4.640,4.670,4.730,4.900,4.990,5.210,2022-06-17,-
2023-10-24,920564,天润科技,软件开发,4.560,4.640,4.540,4.540,4.540,11000,60930.00,0.050000,-0.360,2.180,否,0.590,-0.873,-2.784,-2.784,-6.198,否,73905018,20195635,405738548.820,110874036.150,12.112225,1.344531,2.109687,4.580,4.630,4.650,4.710,4.890,4.980,5.210,2022-06-17,-
2023-10-25,920564,天润科技,软件开发,4.670,4.670,4.560,4.620,4.560,20500,114178.00,0.100000,1.640,2.370,否,1.160,0.654,-0.431,-1.493,-2.941,否,73905018,20195635,412390000.440,112691643.300,12.310786,1.366573,2.144272,4.580,4.620,4.650,4.700,4.880,4.980,5.210,2022-06-17,-
2023-10-26,920564,天润科技,软件开发,4.630,4.670,4.560,4.600,4.560,18700,103927.00,0.090000,-0.360,2.330,否,1.070,0.877,-0.217,-2.335,-3.361,否,73905018,20195635,410911900.080,112287730.600,12.266662,1.361675,2.136586,4.580,4.610,4.640,4.690,4.870,4.970,5.200,2022-06-17,-
2023-10-27,920564,天润科技,软件开发,4.590,4.700,4.590,4.690,4.590,58000,327023.00,0.290000,1.980,2.340,否,3.650,3.304,2.402,0.428,-2.292,否,73905018,20195635,419041452.060,114509250.450,29.146778,1.388614,2.226605,4.600,4.610,4.640,4.690,4.860,4.970,5.200,2022-06-17,-
2023-10-30,920564,天润科技,软件开发,4.510,4.510,4.350,4.400,4.350,275100,1468475.00,1.360000,-6.170,3.350,否,10.680,-4.762,-4.139,-5.782,-8.333,否,73905018,20195635,393174695.760,107440778.200,27.347594,1.302897,2.089161,4.570,4.580,4.630,4.670,4.850,4.970,5.200,2022-06-17,-
2023-10-31,920564,天润科技,软件开发,4.390,4.390,4.340,4.360,4.340,64100,337254.00,0.320000,-0.940,1.130,否,0.840,-5.217,-4.386,-6.034,-9.167,否,73905018,20195635,389479444.860,106430996.450,27.090568,1.290652,2.069526,4.530,4.560,4.610,4.660,4.830,4.960,5.190,2022-06-17,-
2023-11-01,920564,天润科技,软件开发,4.340,4.360,4.330,4.350,4.330,16900,88524.00,0.080000,-0.190,0.760,否,0.190,-7.249,-4.185,-5.640,-7.839,否,73905018,20195635,388740394.680,106229040.100,27.039163,1.288203,2.065599,4.480,4.530,4.590,4.640,4.820,4.950,5.190,2022-06-17,-
2023-11-02,920564,天润科技,软件开发,4.350,4.370,4.310,4.370,4.310,42200,220946.00,0.210000,0.380,1.330,否,0.490,-0.682,-5.411,-4.585,-6.624,否,73905018,20195635,390218495.040,106632952.800,27.141973,1.293101,2.073453,4.430,4.510,4.580,4.630,4.800,4.950,5.180,2022-06-17,-
2023-11-03,920564,天润科技,软件开发,4.320,4.370,4.300,4.350,4.300,59000,309117.00,0.290000,-0.380,1.520,否,0.650,-0.229,-5.435,-5.229,-7.839,否,73905018,20195635,388740394.680,106229040.100,27.039163,1.288203,2.065599,4.370,4.480,4.570,4.610,4.790,4.940,5.180,2022-06-17,-
2023-11-06,920564,天润科技,软件开发,4.360,4.410,4.340,4.390,4.340,136800,722039.00,0.680000,0.760,1.710,否,1.500,0.920,-6.397,-3.728,-6.596,否,73905018,20195635,391696595.400,107036865.500,27.244784,1.297999,2.081307,4.360,4.470,4.550,4.600,4.770,4.940,5.180,2022-06-17,-
2023-11-07,920564,天润科技,软件开发,4.390,4.390,4.340,4.370,4.340,42400,223150.00,0.210000,-0.380,0.940,否,0.660,0.000,-0.682,-3.744,-7.415,否,73905018,20195635,390218495.040,106632952.800,27.141973,1.293101,2.073453,4.370,4.450,4.540,4.590,4.760,4.930,5.170,2022-06-17,-
2023-11-08,920564,天润科技,软件开发,4.370,4.550,4.370,4.490,4.370,241400,1308574.00,1.200000,2.840,4.170,否,4.060,3.218,2.982,-2.814,-4.264,否,73905018,20195635,401304247.740,109662298.050,27.913052,1.329837,2.132357,4.390,4.440,4.530,4.580,4.750,4.920,5.170,2022-06-17,-
2023-11-09,920564,天润科技,软件开发,4.470,4.650,4.460,4.600,4.460,186500,1028986.00,0.920000,2.390,4.240,否,1.790,4.784,5.747,0.000,-0.433,否,73905018,20195635,410911900.080,112287730.600,28.581320,1.361675,2.183408,4.440,4.440,4.520,4.580,4.740,4.920,5.170,2022-06-17,-
2023-11-10,920564,天润科技,软件开发,4.580,4.580,4.430,4.470,4.430,116800,631833.00,0.580000,-2.880,3.060,否,0.880,2.288,2.288,-4.691,-3.247,否,73905018,20195635,399087097.200,109056429.000,27.758836,1.322490,2.120576,4.460,4.420,4.510,4.570,4.720,4.910,5.160,2022-06-17,-
2023-11-13,920564,天润科技,软件开发,4.440,4.590,4.440,4.540,4.440,107600,588829.00,0.530000,1.670,3.330,否,0.740,1.114,4.368,3.182,-2.784,否,73905018,20195635,405738548.820,110874036.150,28.221484,1.344531,2.155919,4.490,4.430,4.510,4.560,4.710,4.910,5.160,2022-06-17,-
2023-11-14,920564,天润科技,软件开发,4.520,5.010,4.520,4.770,4.520,385600,2255207.00,1.910000,4.920,10.930,否,2.780,3.696,8.656,9.404,2.141,否,73905018,20195635,425692903.680,116326857.600,29.609426,1.410656,2.261948,4.570,4.470,4.510,4.560,4.710,4.900,5.160,2022-06-17,-
2023-11-15,920564,天润科技,软件开发,4.760,4.760,4.660,4.710,4.660,219800,1244023.00,1.090000,-1.220,2.080,否,1.060,5.369,7.780,8.276,0.426,否,73905018,20195635,420519552.420,114913163.150,29.249589,1.393512,2.234459,4.620,4.510,4.520,4.560,4.700,4.900,5.150,2022-06-17,-
2023-11-16,920564,天润科技,软件开发,4.730,4.780,4.660,4.670,4.660,124000,708097.00,0.610000,-0.700,2.640,否,0.610,2.863,4.009,6.865,-0.849,否,73905018,20195635,417563351.700,114105337.750,29.043968,1.383716,2.218751,4.630,4.540,4.520,4.570,4.690,4.900,5.150,2022-06-17,-
2023-11-17,920564,天润科技,软件开发,4.660,4.680,4.610,4.670,4.610,98100,550736.00,0.490000,0.000,1.590,否,0.510,-2.096,1.522,7.356,0.000,否,73905018,20195635,417563351.700,114105337.750,29.043968,1.383716,2.218751,4.670,4.570,4.530,4.570,4.690,4.890,5.150,2022-06-17,-
2023-11-20,920564,天润科技,软件开发,4.720,4.880,4.670,4.860,4.670,258600,1505765.00,1.280000,4.070,4.600,否,1.380,3.185,8.725,10.706,4.069,否,73905018,20195635,434561505.840,118750333.800,30.226289,1.440044,2.309072,4.740,4.620,4.540,4.570,4.690,4.890,5.150,2022-06-17,-
2023-11-21,920564,天润科技,软件开发,4.880,5.540,4.860,5.190,4.860,1345200,8577685.00,6.660000,6.630,13.950,否,6.190,11.135,14.317,18.764,11.853,否,73905018,20195635,463384462.860,126626631.450,32.231093,1.535558,2.462225,4.820,4.700,4.570,4.590,4.690,4.890,5.150,2022-06-17,-
2023-11-22,920564,天润科技,软件开发,5.140,6.320,5.040,6.250,5.040,3268000,23102036.00,16.180000,20.570,24.720,否,7.990,33.833,31.027,39.198,35.575,否,73905018,20195635,558721936.080,152679000.600,38.862371,1.851486,2.968807,5.130,4.870,4.660,4.640,4.710,4.900,5.150,2022-06-17,-
2023-11-23,920564,天润科技,软件开发,6.060,6.690,5.760,6.060,5.760,2951300,22135250.00,14.610000,-3.040,14.950,否,2.900,24.691,28.662,31.739,32.314,否,73905018,20195635,541723781.940,148034004.550,37.680050,1.795157,2.878486,5.410,5.020,4.730,4.690,4.730,4.900,5.150,2022-06-17,-
2023-11-24,920564,天润科技,软件开发,5.960,7.450,5.920,7.180,5.920,5380000,43903392.00,26.640000,18.420,25.240,否,3.400,38.343,53.747,60.626,56.427,否,73905018,20195635,641495556.240,175298111.800,44.619759,2.125780,3.408630,5.910,5.290,4.850,4.770,4.770,4.920,5.160,2022-06-17,-
2023-11-27,920564,天润科技,软件开发,7.690,9.330,7.550,9.330,7.550,9539500,102945252.00,47.240000,29.950,24.880,否,3.610,49.280,99.786,105.507,104.605,是,73905018,20195635,833648603.040,227806762.800,57.985125,2.762534,4.429649,6.800,5.770,5.100,4.930,4.840,4.960,5.170,2022-06-17,-
2023-11-28,920564,天润科技,软件开发,8.770,9.090,7.610,8.290,7.610,8307400,85287460.00,41.130000,-11.170,15.870,否,1.850,36.799,70.576,73.795,82.599,否,73905018,20195635,740528280.360,202360262.700,51.508063,2.453953,3.934847,7.420,6.120,5.300,5.050,4.900,4.980,5.180,2022-06-17,-
2023-11-29,920564,天润科技,软件开发,8.010,8.500,6.720,7.090,6.720,6881900,63114208.00,34.080000,-14.470,21.460,否,1.170,-1.253,36.609,50.531,53.463,否,73905018,20195635,633366004.260,173076591.950,44.054302,2.098840,3.365433,7.590,6.360,5.430,5.130,4.940,5.000,5.190,2022-06-17,-
2023-11-30,920564,天润科技,软件开发,7.110,7.500,6.750,7.030,6.750,3272000,28030049.00,16.200000,-0.820,10.500,否,0.490,-24.652,12.480,50.535,52.826,否,73905018,20195635,628192653.000,171662897.500,43.694465,2.081697,3.337944,7.780,6.600,5.570,5.210,4.980,5.010,5.200,2022-06-17,-
2023-12-01,920564,天润科技,软件开发,6.970,7.350,6.700,6.790,6.700,2570700,21652846.00,12.730000,-3.410,9.180,否,0.390,-18.094,12.046,45.396,44.776,否,73905018,20195635,606760197.780,165806163.350,42.203712,2.010674,3.224062,7.710,6.810,5.690,5.290,5.010,5.030,5.200,2022-06-17,-
2023-12-04,920564,天润科技,软件开发,6.540,7.010,6.290,6.690,6.290,2555100,20728926.00,12.650000,-1.580,10.600,否,0.420,-5.642,-6.825,37.654,52.045,否,73905018,20195635,597152545.440,163180730.800,41.535444,1.978837,3.173011,7.180,6.990,5.800,5.360,5.040,5.040,5.210,2022-06-17,-
2023-12-05,920564,天润科技,软件开发,6.630,7.660,6.630,7.390,6.630,4531700,39359463.00,22.440000,10.520,15.470,否,0.960,5.121,-20.793,42.389,69.495,否,73905018,20195635,659971810.740,180347020.550,45.904891,2.187006,3.506805,7.000,7.210,5.950,5.450,5.080,5.060,5.210,2022-06-17,-
2023-12-06,920564,天润科技,软件开发,7.430,7.670,7.090,7.350,7.090,3523300,31298093.00,17.450000,-0.560,7.840,否,0.890,8.247,-11.339,17.600,68.966,否,73905018,20195635,656276559.840,179337238.800,45.647864,2.174761,3.487170,7.050,7.320,6.100,5.540,5.120,5.080,5.220,2022-06-17,-
2023-12-07,920564,天润科技,软件开发,7.640,9.550,7.640,9.550,7.640,3775000,41945885.00,18.690000,29.950,26.010,否,1.150,42.750,34.697,57.591,118.535,是,73905018,20195635,852863907.720,233057627.900,59.321662,2.826210,4.531750,7.550,7.670,6.340,5.710,5.200,5.120,5.240,2022-06-17,-
2023-12-08,920564,天润科技,软件开发,12.410,12.410,11.580,12.410,11.580,6385700,95461030.00,31.620000,29.980,8.670,否,1.880,67.930,76.529,72.841,185.287,是,73905018,20195635,1108575270.000,302934525.000,77.107879,3.673583,5.890490,8.680,8.190,6.740,5.970,5.330,5.180,5.260,2022-06-17,-
2023-12-11,920564,天润科技,软件开发,12.320,12.320,10.000,10.410,10.000,11154800,144561878.00,55.230000,-16.130,18.670,否,2.690,41.633,53.314,11.576,137.130,否,73905018,20195635,929725126.440,254061088.300,64.667808,3.080911,4.940158,9.420,8.300,7.030,6.170,5.420,5.220,5.280,2022-06-17,-
2023-12-12,920564,天润科技,软件开发,10.090,11.900,10.080,10.900,10.080,9803200,131185922.00,48.540000,4.690,17.490,否,1.670,14.136,62.930,31.484,149.428,否,73905018,20195635,973329087.060,265976512.950,67.700718,3.225406,5.171850,10.120,8.560,7.340,6.380,5.520,5.270,5.310,2022-06-17,-
2023-12-13,920564,天润科技,软件开发,10.270,11.570,10.090,11.140,10.090,9158200,119593466.00,45.350000,2.200,13.590,否,1.320,-10.234,50.744,57.123,148.107,否,73905018,20195635,994761542.280,271833247.100,69.191470,3.296428,5.285733,10.880,8.970,7.660,6.610,5.630,5.330,5.330,2022-06-17,-
2023-12-14,920564,天润科技,软件开发,10.780,11.570,10.420,10.530,10.420,8494900,113891436.00,42.060000,-5.420,10.330,否,1.050,1.153,43.265,49.787,128.913,否,73905018,20195635,940810879.140,257090433.550,65.438887,3.117647,4.999063,11.080,9.320,7.960,6.820,5.720,5.370,5.350,2022-06-17,-
2023-12-15,920564,天润科技,软件开发,10.080,10.730,9.650,10.080,9.650,5371400,65472093.00,26.600000,-4.320,10.290,否,0.600,-7.523,5.550,48.454,125.503,否,73905018,20195635,900163119.240,245982834.300,62.611598,2.982949,4.783078,10.610,9.650,8.230,7.010,5.810,5.410,5.370,2022-06-17,-
2023-12-18,920564,天润科技,软件开发,11.170,12.990,10.800,11.300,10.800,9175800,129984225.00,45.430000,12.150,21.760,否,1.040,1.436,-8.944,68.909,148.899,否,73905018,20195635,1009542545.880,275872374.100,70.219575,3.345409,5.364273,10.790,10.110,8.550,7.240,5.920,5.470,5.390,2022-06-17,-
2023-12-19,920564,天润科技,软件开发,10.910,12.400,10.670,12.240,10.670,7883700,108143765.00,39.040000,8.350,15.300,否,0.940,16.239,17.579,65.629,156.604,否,73905018,20195635,1093794266.400,298895398.000,76.079774,3.624602,5.811950,11.060,10.590,8.900,7.500,6.040,5.530,5.420,2022-06-17,-
2023-12-20,920564,天润科技,软件开发,11.600,14.070,11.500,13.220,11.500,8675700,133999635.00,42.960000,7.970,20.950,否,1.080,31.151,21.284,79.864,180.679,否,73905018,20195635,1181002187.640,322726247.300,82.145594,3.913590,6.275336,11.470,11.180,9.250,7.790,6.180,5.600,5.450,2022-06-17,-
2023-12-21,920564,天润科技,软件开发,12.660,13.830,10.520,10.860,10.520,7031500,105192199.00,34.820000,-17.830,25.090,否,0.890,-3.894,-2.513,13.717,132.548,否,73905018,20195635,970372886.340,265168687.550,67.495097,3.215609,5.156142,11.540,11.310,9.490,8.000,6.290,5.650,5.470,2022-06-17,-
2023-12-22,920564,天润科技,软件开发,10.470,11.780,10.470,11.470,10.470,4764600,64492153.00,23.520000,5.560,12.030,否,0.620,-6.291,8.927,-7.575,145.610,否,73905018,20259635,1024323549.480,280798541.100,71.247680,3.394390,5.442813,11.820,11.220,9.700,8.230,6.400,5.700,5.500,2022-06-17,-
2023-12-25,920564,天润科技,软件开发,11.540,12.270,11.330,11.940,11.330,4156800,59254448.00,20.520000,4.110,8.150,否,0.550,-9.682,18.452,14.697,145.679,否,73905018,20259635,1066449409.740,292346533.050,74.177780,3.533987,5.666652,11.950,11.370,9.830,8.480,6.520,5.760,5.520,2022-06-17,-
2023-12-26,920564,天润科技,软件开发,11.910,12.230,11.190,11.780,11.190,4441300,63131438.00,21.920000,-1.320,8.730,否,0.680,8.471,4.248,8.073,126.975,否,73905018,20259635,1052407456.320,288497202.400,73.201080,3.487455,5.592039,11.850,11.460,10.010,8.710,6.640,5.820,5.550,2022-06-17,-
2023-12-27,920564,天润科技,软件开发,11.560,12.970,11.510,12.320,11.510,5812100,86587306.00,28.690000,4.560,12.430,否,1.000,7.411,0.654,10.592,97.120,否,73905018,20259635,1100445718.020,301665965.150,76.542421,3.646643,5.847293,11.670,11.570,10.270,8.970,6.770,5.880,5.580,2022-06-17,-
2023-12-28,920564,天润科技,软件开发,12.000,12.320,11.710,11.840,11.710,4640400,67099744.00,22.900000,-3.900,4.970,否,0.890,-0.838,-10.439,12.441,95.380,否,73905018,20259635,1057580807.580,289915376.850,73.560917,3.504598,5.619528,11.870,11.710,10.510,9.210,6.890,5.940,5.600,2022-06-17,-
2023-12-29,920564,天润科技,软件开发,11.860,13.160,11.780,12.490,11.780,6892900,104427179.00,34.020000,5.520,11.600,否,1.450,6.027,15.009,23.909,73.955,否,73905018,20259635,1115965771.800,305920488.500,77.621931,3.698073,5.929760,12.070,11.950,10.800,9.470,7.020,6.000,5.630,2022-06-17,-
2024-01-02,920564,天润科技,软件开发,13.370,16.240,12.600,16.240,12.600,6866900,122712169.00,33.840000,30.000,29.140,否,1.320,31.818,41.587,43.717,74.062,是,73905018,20290635,1450755503.340,398305165.050,100.908511,4.576966,7.708688,12.930,12.440,11.270,9.850,7.210,6.090,5.680,2022-06-17,-
2024-01-03,920564,天润科技,软件开发,14.560,16.060,14.480,14.900,14.480,9461700,173340828.00,46.630000,-8.250,9.730,否,1.650,25.845,24.791,21.732,79.735,否,73905018,20290635,1331029374.180,365434336.350,92.580860,4.199244,7.072515,13.560,12.710,11.650,10.170,7.380,6.180,5.720,2022-06-17,-
2024-01-04,920564,天润科技,软件开发,14.670,15.450,14.240,14.420,14.240,5913800,104985438.00,29.150000,-3.220,8.110,否,0.880,15.452,22.411,9.077,103.385,否,73905018,20290635,1288164463.740,353665768.050,89.599355,4.064010,6.844750,13.980,12.830,12.000,10.440,7.540,6.250,5.750,2022-06-17,-
2024-01-05,920564,天润科技,软件开发,15.220,15.720,13.680,14.140,13.680,6527900,117359499.00,32.170000,-1.950,14.170,否,0.970,-12.931,14.773,30.203,101.138,否,73905018,20290635,1263036757.620,346766952.150,87.851577,3.984735,6.711232,14.440,13.150,12.230,10.710,7.700,6.330,5.790,2022-06-17,-
2024-01-08,920564,天润科技,软件开发,13.320,13.790,12.660,12.740,12.660,5183400,83319557.00,25.550000,-9.890,8.020,否,0.730,-14.497,7.601,11.072,87.629,否,73905018,20290635,1138137277.200,312475779.000,79.164089,3.590691,6.047570,14.490,13.280,12.250,10.900,7.830,6.400,5.820,2022-06-17,-
2024-01-09,920564,天润科技,软件开发,13.030,13.230,11.400,11.910,11.400,4771000,71040522.00,22.820000,-6.560,14.350,否,0.700,-17.406,-4.644,-0.251,78.027,否,74529018,20908635,1072472569.020,300875257.650,74.596725,3.383527,5.698656,13.620,13.280,12.320,10.980,7.950,6.450,5.850,2022-06-17,-
2024-01-10,920564,天润科技,软件开发,11.770,12.730,11.760,12.290,11.760,3568900,53131652.00,17.070000,3.200,8.200,否,0.560,-13.083,-24.323,4.329,66.306,否,74529018,20908635,1106755917.300,310493229.750,76.981332,3.491687,5.880823,13.100,13.330,12.390,11.120,8.080,6.510,5.880,2022-06-17,-
2024-01-11,920564,天润科技,软件开发,12.050,13.140,12.000,12.820,12.000,4294300,66056621.00,20.540000,4.380,9.290,否,0.830,0.628,-13.960,4.058,74.422,否,74529018,20908635,1155199779.000,324083842.500,80.350886,3.644522,6.138233,12.780,13.380,12.480,11.310,8.220,6.570,5.910,2022-06-17,-
2024-01-12,920564,天润科技,软件开发,12.640,12.850,10.730,10.810,10.730,4748000,66990060.00,22.710000,-15.680,16.520,否,0.980,-9.236,-25.035,-8.699,13.194,否,74529018,20908635,974094265.260,273275859.450,67.753940,3.073155,5.175916,12.110,13.280,12.490,11.430,8.320,6.620,5.930,2022-06-17,-
2024-01-15,920564,天润科技,软件开发,10.590,10.830,9.840,9.930,9.840,3045900,37791020.00,14.570000,-8.190,9.180,否,0.670,-19.203,-29.774,-20.496,-19.984,否,74529018,20908635,894348216.000,250903620.000,62.207137,2.821565,4.752180,11.550,13.020,12.480,11.540,8.410,6.660,5.950,2022-06-17,-
2024-01-16,920564,天润科技,软件开发,10.080,10.990,9.350,10.900,9.350,4986400,62130164.00,23.850000,9.830,16.500,否,1.220,-14.977,-14.443,-32.882,4.707,否,74529018,20908635,982292457.240,275575809.300,68.324172,3.099019,5.219478,11.350,12.490,12.460,11.680,8.520,6.710,5.970,2022-06-17,-
2024-01-17,920564,天润科技,软件开发,10.690,11.980,10.630,10.840,10.630,5009600,68560641.00,23.960000,-0.610,12.370,否,1.210,0.278,-8.984,-27.248,-0.550,否,74529018,20908635,976330135.800,273903118.500,67.909458,3.080209,5.187797,11.060,12.080,12.390,11.790,8.620,6.760,5.990,2022-06-17,-
2024-01-18,920564,天润科技,软件开发,10.640,11.970,10.390,11.660,10.390,5065700,69097061.00,24.230000,7.560,14.580,否,1.150,17.422,-5.126,-19.140,4.668,否,74529018,20908635,1050113863.620,294602667.150,73.041547,3.312988,5.579851,10.830,11.800,12.320,11.940,8.740,6.810,6.020,2022-06-17,-
2024-01-19,920564,天润科技,软件开发,11.580,12.170,11.490,11.860,11.490,4867400,70015745.00,23.280000,1.700,5.820,否,1.060,8.807,-7.488,-16.124,12.631,否,74529018,20908635,1068000827.940,299620739.550,74.285690,3.369419,5.674895,11.040,11.580,12.370,12.010,8.860,6.870,6.050,2022-06-17,-
2024-01-22,920564,天润科技,软件开发,12.080,12.390,11.120,11.390,11.120,3594300,51933191.00,17.190000,-3.910,10.750,否,0.780,5.074,5.365,-10.597,12.996,否,74529018,20908635,1026264577.860,287911903.950,71.382690,3.237746,5.453127,11.330,11.440,12.360,11.980,8.970,6.920,6.070,2022-06-17,-
2024-01-23,920564,天润科技,软件开发,11.190,11.900,11.100,11.810,11.100,3305000,46285187.00,15.810000,3.700,6.970,否,0.700,1.286,18.933,-0.840,4.513,否,74529018,20908635,1064274377.040,298575307.800,74.026493,3.357663,5.655094,11.510,11.430,12.350,12.030,9.100,6.970,6.100,2022-06-17,-
2024-01-24,920564,天润科技,软件开发,11.990,12.030,10.940,11.420,10.940,3037000,41843309.00,14.520000,-3.360,9.240,否,0.700,-3.710,4.771,-7.079,-6.699,否,74529018,20908635,1028500448.400,288539163.000,71.538208,3.244800,5.465007,11.630,11.340,12.340,12.040,9.210,7.020,6.120,2022-06-17,-
2024-01-25,920564,天润科技,软件开发,11.150,11.870,10.340,10.960,10.340,2920600,40043059.00,13.970000,-3.990,13.410,否,0.730,-3.775,1.107,-14.509,-17.095,否,74529018,20908635,987509488.500,277039413.750,68.687047,3.115478,5.247199,11.490,11.160,12.270,12.040,9.320,7.070,6.150,2022-06-17,-
2024-01-26,920564,天润科技,软件开发,10.740,11.310,10.520,10.610,10.520,2645200,34902429.00,12.650000,-3.250,7.170,否,0.750,-10.161,-9.005,-1.850,-2.302,否,74529018,20908635,955462010.760,268048700.700,66.457958,3.014372,5.076912,11.240,11.140,12.210,12.040,9.430,7.110,6.170,2022-06-17,-
2024-01-29,920564,天润科技,软件开发,10.610,10.760,8.950,9.100,8.950,3075700,36517807.00,14.710000,-14.200,17.000,否,0.990,-20.315,-23.272,-8.359,-20.663,否,74529018,20908635,819819198.000,229994985.000,57.023209,2.586435,4.356165,10.780,11.060,12.040,12.010,9.510,7.150,6.190,2022-06-17,-
2024-01-30,920564,天润科技,软件开发,9.020,9.490,8.750,9.420,8.750,2528400,28079528.00,12.090000,3.550,8.090,否,0.840,-14.051,-17.296,-13.578,-21.106,否,74529018,20908635,848885515.020,238149352.650,59.044941,2.678136,4.510611,10.300,10.910,11.700,11.940,9.590,7.180,6.200,2022-06-17,-
2024-01-31,920564,天润科技,软件开发,9.420,10.500,9.420,9.850,9.420,3377400,41165670.00,16.150000,4.480,11.410,否,1.190,-7.163,-16.596,-9.133,-16.384,否,74529018,20908635,886895314.200,248812756.500,61.688744,2.798052,4.712579,9.990,10.810,11.440,11.860,9.680,7.220,6.220,2022-06-17,-
2024-02-01,920564,天润科技,软件开发,9.700,10.160,9.280,9.490,9.280,2528100,29776010.00,12.090000,-3.610,8.910,否,0.870,4.286,-16.900,-18.611,-22.971,否,74529018,20908635,854847836.460,239822043.450,59.459655,2.696946,4.542292,9.690,10.590,11.200,11.740,9.770,7.260,6.240,2022-06-17,-
2024-02-02,920564,天润科技,软件开发,9.510,10.040,8.700,9.300,8.700,2648100,30296704.00,12.670000,-2.010,14.120,否,0.940,-1.274,-15.146,-21.585,-21.453,否,74529018,20908635,837706162.320,235013057.400,58.267352,2.642866,4.451209,9.430,10.340,10.960,11.690,9.840,7.290,6.250,2022-06-17,-
2024-02-05,920564,天润科技,软件开发,9.350,9.370,8.200,8.710,8.200,2583700,27175592.00,12.360000,-6.320,12.630,否,0.910,-11.574,-17.908,-23.529,-30.264,否,74529018,20908635,784790559.540,220167926.550,54.586763,2.475923,4.170038,9.350,10.070,10.750,11.600,9.910,7.320,6.260,2022-06-17,-
2024-02-06,920564,天润科技,软件开发,8.700,9.750,8.550,9.640,8.550,2581100,28930120.00,12.340000,10.640,13.870,否,0.940,1.581,5.934,-18.374,-40.640,否,74529018,20908635,868263059.700,243585597.750,60.392762,2.739270,4.613575,9.400,9.850,10.640,11.520,10.000,7.360,6.280,2022-06-17,-
2024-02-07,920564,天润科技,软件开发,9.930,10.370,9.100,9.320,9.100,3029700,36017477.00,14.490000,-3.350,13.130,否,1.100,0.215,-1.062,-18.389,-37.450,否,74529018,20908635,839196742.680,235431230.100,58.371030,2.647569,4.459129,9.290,9.640,10.490,11.440,10.080,7.390,6.290,2022-06-17,-
2024-02-08,920564,天润科技,软件开发,9.190,9.740,8.410,9.660,8.410,3220000,35345389.00,15.400000,3.730,14.300,否,1.200,10.907,-1.929,-11.861,-33.010,否,74529018,20908635,870498930.240,244212856.800,60.548280,2.746323,4.625455,9.330,9.510,10.330,11.350,10.160,7.430,6.310,2022-06-17,-
2024-02-19,920564,天润科技,软件开发,10.090,10.900,9.760,10.470,9.760,4267400,53839560.00,20.410000,8.300,11.820,否,1.520,8.610,10.327,-1.320,-25.955,否,74529018,20908635,942792077.700,264494232.750,65.576691,2.974400,5.009590,9.560,9.500,10.320,11.300,10.250,7.470,6.330,2022-06-17,-
2024-02-20,920564,天润科技,软件开发,10.180,10.820,10.000,10.690,10.000,4087300,51800190.00,19.550000,2.130,7.830,否,1.300,14.700,14.946,17.473,-16.091,否,74529018,20908635,962914912.560,270139564.200,66.976351,3.037885,5.116514,9.960,9.660,10.360,11.240,10.350,7.520,6.350,2022-06-17,-
2024-02-21,920564,天润科技,软件开发,10.510,10.860,10.240,10.450,10.240,3358200,42912088.00,16.060000,-2.240,5.800,否,0.980,8.178,19.977,10.934,-12.259,否,74529018,20908635,941301497.340,264076060.050,65.473012,2.969697,5.001670,10.120,9.760,10.330,11.050,10.450,7.570,6.370,2022-06-17,-
2024-02-22,920564,天润科技,软件开发,10.500,10.710,10.280,10.480,10.280,2605900,33046587.00,12.460000,0.320,4.200,否,0.730,0.096,8.714,6.396,-14.727,否,74529018,20908635,944282658.060,264912405.450,65.680369,2.979103,5.017510,10.350,9.820,10.310,10.900,10.540,7.610,6.390,2022-06-17,-
2024-02-23,920564,天润科技,软件开发,10.620,10.780,10.100,10.100,10.100,2578400,32048801.00,12.330000,-3.630,6.470,否,0.740,-5.519,8.369,6.428,-21.217,否,74529018,20908635,909999309.780,255294433.350,63.295762,2.870943,4.835343,10.440,9.880,10.240,10.760,10.600,7.660,6.410,2022-06-17,-
2024-02-26,920564,天润科技,软件开发,9.960,10.130,9.640,9.670,9.640,2727100,32429163.00,13.040000,-4.260,4.830,否,0.810,-7.464,0.104,3.978,-10.546,否,74529018,20908635,871244220.420,244421943.150,60.600120,2.748675,4.629415,10.280,9.920,10.130,10.610,10.660,7.690,6.430,2022-06-17,-
2024-02-27,920564,天润科技,软件开发,9.500,10.330,9.500,10.230,9.500,2810000,34149532.00,13.440000,5.820,8.550,否,0.910,-2.385,-2.292,17.451,3.021,否,74529018,20908635,921923952.660,258639814.950,64.125191,2.908563,4.898706,10.190,10.070,10.070,10.530,10.710,7.740,6.450,2022-06-17,-
2024-02-28,920564,天润科技,软件开发,10.260,11.170,9.950,9.980,9.950,4836600,61817244.00,23.130000,-2.510,11.880,否,1.720,-1.188,-6.642,3.527,-8.440,否,74529018,20908635,898819957.080,252158138.100,138.244275,2.835673,5.759183,10.090,10.110,9.980,10.460,10.720,7.780,6.460,2022-06-17,-
2024-02-29,920564,天润科技,软件开发,9.910,10.420,9.720,10.200,9.720,3209600,39046911.00,15.350000,2.240,7.050,否,1.030,5.481,-2.392,9.442,-5.904,否,74529018,20908635,918942791.940,257803469.550,141.339296,2.899158,5.888120,10.040,10.190,9.920,10.390,10.750,7.830,6.480,2022-06-17,-
2024-03-01,920564,天润科技,软件开发,10.090,10.720,10.090,10.470,10.090,3742400,47101241.00,17.900000,2.680,6.160,否,1.160,2.346,-0.095,8.385,-10.206,否,74529018,20908635,943537367.880,264703319.100,145.122100,2.976751,6.045709,10.110,10.270,9.890,10.310,10.810,7.880,6.500,2022-06-17,-
2024-03-04,920564,天润科技,软件开发,10.670,10.840,9.940,10.840,9.940,4067500,50910840.00,19.450000,3.480,8.610,否,1.170,8.617,7.327,3.534,-8.600,否,74529018,20908635,976330135.800,273903118.500,150.165838,3.080209,6.255829,10.340,10.310,9.900,10.320,10.870,7.930,6.520,2022-06-17,-
2024-03-05,920564,天润科技,软件开发,11.000,11.980,10.870,10.920,10.870,6969600,96646047.00,33.330000,0.760,10.230,否,1.870,7.059,12.927,2.152,-4.126,否,74529018,20908635,983783037.600,275993982.000,151.312142,3.103722,6.303583,10.480,10.330,9.990,10.350,10.940,7.980,6.550,2022-06-17,-
2024-03-06,920564,天润科技,软件开发,10.140,10.740,10.140,10.490,10.140,3957700,50108453.00,18.930000,-3.940,5.450,否,0.870,0.191,2.542,0.383,-11.177,否,74529018,20908635,945027948.240,265121491.800,145.351361,2.981454,6.055260,10.580,10.340,10.050,10.330,11.010,8.020,6.570,2022-06-17,-
2024-03-07,920564,天润科技,软件开发,10.340,10.510,9.750,9.900,9.750,2971500,36274291.00,14.210000,-5.680,7.180,否,0.680,-8.672,-0.802,-5.534,-13.310,否,74529018,20908635,891367055.280,250067274.600,137.097971,2.812160,5.711428,10.520,10.280,10.050,10.300,11.050,8.060,6.580,2022-06-17,-
2024-03-08,920564,天润科技,软件开发,9.890,10.080,9.540,9.580,9.540,1656600,19434479.00,7.920000,-3.180,5.430,否,0.380,-12.271,-6.078,-5.149,-12.591,否,74529018,20908635,863046028.440,242121993.300,132.742016,2.722810,5.529962,10.350,10.230,10.060,10.230,11.080,8.100,6.600,2022-06-17,-
2024-03-11,920564,天润科技,软件开发,9.580,9.660,9.300,9.570,9.300,1190500,13688776.00,5.690000,-0.090,3.710,否,0.300,-8.770,-8.596,-1.034,-9.802,否,74529018,20908635,862300738.260,241912906.950,132.627385,2.720459,5.525186,10.090,10.220,10.070,10.160,11.090,8.140,6.620,2022-06-17,-
2024-03-12,920564,天润科技,软件开发,9.560,9.740,9.420,9.460,9.420,1115000,12871620.00,5.330000,-1.120,3.280,否,0.330,-4.444,-12.731,-7.527,3.956,否,74529018,20908635,852611965.920,239194784.400,131.137190,2.689892,5.463105,9.800,10.140,10.110,10.090,11.040,8.180,6.630,2022-06-17,-
2024-03-13,920564,天润科技,软件开发,9.430,9.540,9.180,9.180,9.180,1360800,15376257.00,6.510000,-2.970,3.760,否,0.620,-4.175,-15.934,-8.016,-2.548,否,74529018,20908635,827272099.800,232085848.500,127.239756,2.609948,5.300740,9.540,10.060,10.080,10.010,11.020,8.220,6.650,2022-06-17,-
2024-03-14,920564,天润科技,软件开发,9.440,9.600,9.080,9.120,9.080,1023200,11565267.00,4.890000,-0.720,5.590,否,0.620,-4.702,-13.060,-10.588,-7.411,否,74529018,20908635,821309778.360,230413157.700,126.322713,2.591137,5.262537,9.380,9.950,10.070,9.930,10.990,8.250,6.660,2022-06-17,-
2024-03-15,920564,天润科技,软件开发,9.210,9.640,9.110,9.450,9.110,2135200,24367918.00,10.210000,3.630,5.810,否,1.680,-0.106,-4.545,-9.742,-0.421,否,74529018,20908635,851121385.560,238776611.700,130.907929,2.685190,5.453555,9.360,9.850,10.060,9.880,10.960,8.290,6.670,2022-06-17,-
2024-03-18,920564,天润科技,软件开发,9.530,9.640,9.370,9.460,9.370,1567500,17886051.00,7.500000,0.180,2.800,否,1.150,3.050,-1.253,-12.731,1.720,否,74529018,20908635,852611965.920,239194784.400,131.137190,2.689892,5.463105,9.330,9.710,10.010,9.840,10.940,8.330,6.690,2022-06-17,-
2024-03-19,920564,天润科技,软件开发,9.470,9.760,9.410,9.470,9.410,1316900,15214532.00,6.300000,0.090,3.760,否,0.910,3.838,-1.045,-13.278,8.726,否,74529018,20908635,853357256.100,239403870.750,131.251820,2.692243,5.467881,9.340,9.570,9.950,9.850,10.930,8.370,6.710,2022-06-17,-
2024-03-20,920564,天润科技,软件开发,9.760,11.420,9.610,10.590,9.610,8212500,105174802.00,39.280000,11.790,19.130,否,5.550,12.063,11.945,0.953,9.855,否,74529018,20908635,953971430.400,267630528.000,146.726926,3.009670,6.112566,9.620,9.580,9.960,9.890,10.920,8.420,6.730,2022-06-17,-
2024-03-21,920564,天润科技,软件开发,10.120,10.420,9.800,9.850,9.800,5057900,61395694.00,24.190000,-6.950,5.860,否,1.770,4.123,7.298,-0.505,5.687,否,74529018,20908635,887640604.380,249021842.850,136.524819,2.800403,5.687551,9.760,9.570,9.930,9.890,10.880,8.460,6.740,2022-06-17,-
2024-03-22,920564,天润科技,软件开发,9.610,9.940,9.210,9.230,9.210,3164100,36189206.00,15.130000,-6.300,7.390,否,0.860,-2.534,1.206,-3.653,-4.451,否,74529018,20908635,831743840.880,233340366.600,127.927538,2.624056,5.329393,9.720,9.540,9.880,9.880,10.810,8.500,6.760,2022-06-17,-
2024-03-25,920564,天润科技,软件开发,9.130,9.280,8.710,8.710,8.710,1985200,21539983.00,9.490000,-5.650,6.180,否,0.510,-17.753,-7.831,-8.986,-16.810,否,74529018,20908635,784790559.540,220167926.550,120.705822,2.475923,5.028540,9.570,9.450,9.840,9.860,10.780,8.530,6.770,2022-06-17,-
2024-03-26,920564,天润科技,软件开发,8.800,9.900,8.800,8.950,8.800,3662600,41376164.00,17.520000,2.750,12.540,否,0.930,-9.137,-5.391,-5.391,-16.277,否,74529018,20908635,806403974.760,226231430.700,124.030104,2.544111,5.167028,9.470,9.400,9.770,9.870,10.730,8.570,6.790,2022-06-17,-
2024-03-27,920564,天润科技,软件开发,8.750,9.470,8.460,8.590,8.460,3047800,32886522.00,14.580000,-4.070,11.280,否,0.690,-6.934,-9.293,-6.427,-17.799,否,74529018,20908635,773611206.840,217031631.300,118.986366,2.440654,4.956909,9.070,9.340,9.700,9.840,10.680,8.600,6.800,2022-06-17,-
2024-03-28,920564,天润科技,软件开发,8.990,9.360,8.770,9.060,8.770,3076100,33743818.00,14.710000,5.490,6.840,否,0.910,4.018,-14.448,-0.658,-13.550,否,74529018,20908635,816092747.100,228949553.250,125.520300,2.574678,5.229109,8.910,9.340,9.640,9.830,10.630,8.640,6.810,2022-06-17,-
2024-03-29,920564,天润科技,软件开发,8.890,9.280,8.730,9.030,8.730,2563100,27940754.00,12.260000,-0.370,6.120,否,0.860,0.894,-8.325,-4.444,-10.594,否,74529018,20908635,813111586.380,228113207.850,125.061778,2.565273,5.210007,8.870,9.290,9.570,9.810,10.580,8.670,6.830,2022-06-17,-
2024-04-01,920564,天润科技,软件开发,9.370,9.500,9.000,9.130,9.000,2097300,23212720.00,10.030000,1.100,5.500,否,0.730,6.286,-1.083,-3.488,-5.584,否,74529018,20908635,822055068.540,230622244.050,126.437343,2.618935,5.267312,8.950,9.260,9.490,9.760,10.530,8.710,6.840,2022-06-17,-
2024-04-02,920564,天润科技,软件开发,8.950,9.100,8.650,8.710,8.650,1912800,20347444.00,9.150000,-4.530,4.990,否,0.660,-3.863,0.000,-8.025,-14.858,否,74529018,20908635,784790559.540,220167926.550,120.705822,2.500217,5.028540,8.900,9.190,9.380,9.700,10.470,8.740,6.860,2022-06-17,-
2024-04-03,920564,天润科技,软件开发,8.930,9.200,8.650,8.740,8.650,2111600,22807371.00,10.100000,0.280,6.270,否,0.830,-3.212,-2.346,-17.469,-12.425,否,74529018,20908635,787026430.080,220795185.600,121.049714,2.507340,5.042867,8.930,9.000,9.290,9.640,10.340,8.780,6.870,2022-06-17,-
2024-04-08,920564,天润科技,软件开发,8.930,8.930,8.230,8.230,8.230,1488200,15239758.00,7.120000,-5.780,7.950,否,0.630,-9.858,-4.191,-16.447,-19.314,否,74529018,20908635,741563729.100,208040918.250,114.057259,2.362503,4.751565,8.770,8.840,9.210,9.560,10.230,8.810,6.880,2022-06-17,-
2024-04-09,920564,天润科技,软件开发,8.270,8.520,8.120,8.170,8.120,1544100,15365342.00,7.380000,-0.700,4.920,否,0.760,-6.200,-9.823,-11.484,-21.968,否,74529018,20908635,736346697.840,206577313.800,113.254846,2.345882,4.718136,8.600,8.730,9.140,9.500,10.130,8.840,6.890,2022-06-17,-
2024-04-10,920564,天润科技,软件开发,8.240,8.770,8.120,8.410,8.120,2014600,20597743.00,9.640000,2.830,8.000,否,1.100,-3.776,-6.866,-3.444,-22.417,否,74529018,20908635,757214822.880,212431731.600,116.464497,2.412365,4.851849,8.450,8.700,9.080,9.460,10.030,8.870,6.900,2022-06-17,-
2024-04-11,920564,天润科技,软件开发,8.560,8.560,8.110,8.130,8.110,1406200,14018240.00,6.730000,-3.250,5.410,否,0.780,-1.215,-10.953,-9.162,-25.549,否,74529018,20908635,732620246.940,205531882.050,112.681694,2.334010,4.694259,8.340,8.620,9.010,9.390,9.960,8.900,6.910,2022-06-17,-
2024-04-12,920564,天润科技,软件开发,8.000,8.230,7.690,7.740,7.690,1520400,14520574.00,7.270000,-4.780,6.610,否,0.890,-5.263,-11.137,-9.895,-26.215,否,74529018,20908635,697591608.480,195704823.600,107.294064,2.222415,4.469814,8.140,8.540,8.940,9.310,9.890,8.920,6.920,2022-06-17,-
2024-04-15,920564,天润科技,软件开发,7.650,7.790,7.020,7.180,7.020,1990900,17504369.00,9.520000,-7.260,9.940,否,1.250,-14.625,-17.849,-20.751,-27.475,否,74529018,20908635,646911876.240,181486951.800,99.499197,2.060957,4.145083,7.930,8.350,8.840,9.210,9.800,8.940,6.930,2022-06-17,-
2024-04-16,920564,天润科技,软件开发,7.150,7.200,6.300,6.430,6.300,1295300,10485766.00,6.190000,-10.480,12.440,否,0.760,-20.910,-21.871,-28.793,-32.881,否,74529018,20908635,579090469.860,162460093.950,89.067829,1.844889,3.710518,7.580,8.090,8.690,9.080,9.700,8.960,6.930,2022-06-17,-
2024-04-17,920564,天润科技,软件开发,6.690,7.160,6.620,7.080,6.620,1891100,15938155.00,9.040000,10.170,8.370,否,1.150,-8.527,-13.341,-22.453,-26.019,否,74529018,20908635,637968394.080,178977915.600,98.123632,2.032465,4.087778,7.310,7.880,8.570,8.950,9.630,8.980,6.940,2022-06-17,-
2024-04-18,920564,天润科技,软件开发,6.950,7.400,6.760,7.090,6.760,2226200,19247108.00,10.650000,0.120,9.000,否,1.370,-1.253,-15.696,-18.599,-25.053,否,74529018,20908635,638713684.260,179187001.950,98.238262,2.034839,4.092554,7.100,7.720,8.450,8.820,9.590,9.000,6.940,2022-06-17,-
2024-04-19,920564,天润科技,软件开发,7.060,7.310,6.880,6.920,6.880,1603900,13697617.00,7.670000,-2.450,6.070,否,0.900,7.621,-14.883,-20.824,-24.619,否,74529018,20908635,623062590.480,174796188.600,95.831023,1.984977,3.992269,6.940,7.540,8.270,8.710,9.520,9.020,6.950,2022-06-17,-
2024-04-22,920564,天润科技,软件开发,6.930,6.990,6.690,6.700,6.690,847700,6945764.00,4.050000,-3.110,4.430,否,0.470,-5.367,-13.437,-18.591,-26.535,否,74529018,20908635,603685045.800,169359943.500,92.850633,1.923244,3.868108,6.840,7.390,8.110,8.600,9.450,9.040,6.950,2022-06-17,-
2024-04-23,920564,天润科技,软件开发,6.740,8.700,6.720,8.120,6.720,6103700,59059604.00,29.190000,21.230,29.630,否,3.880,14.528,13.092,-0.612,-14.074,否,74529018,20908635,731874956.760,205322795.700,112.567063,2.331636,4.689484,7.180,7.380,8.060,8.550,9.390,9.070,6.960,2022-06-17,-
2024-04-24,920564,天润科技,软件开发,7.530,7.870,7.450,7.790,7.450,4886900,45067931.00,23.370000,-4.180,5.090,否,1.930,12.572,21.151,-7.372,-17.653,否,74529018,20908635,701318059.380,196750255.350,107.867216,2.234287,4.493691,7.320,7.320,8.010,8.490,9.320,9.090,6.970,2022-06-17,-
2024-04-25,920564,天润科技,软件开发,7.520,7.660,7.320,7.350,7.320,3102100,28110780.00,14.840000,-5.630,4.360,否,0.990,9.701,3.814,-9.594,-22.386,否,74529018,20908635,661817679.840,185668678.800,101.791805,2.108445,4.240592,7.380,7.240,7.930,8.420,9.260,9.110,6.980,2022-06-17,-
2024-04-26,920564,天润科技,软件开发,7.420,7.610,7.310,7.500,7.310,2149500,19465097.00,10.280000,2.030,4.170,否,0.650,-7.635,5.783,-3.101,-29.178,否,74529018,20908635,675232903.080,189432233.100,115.783206,2.151184,4.173231,7.490,7.220,7.880,8.360,9.180,9.140,6.990,2022-06-17,-
2024-04-29,920564,天润科技,软件开发,7.640,7.730,7.400,7.530,7.400,2286200,20851142.00,10.930000,0.440,4.300,否,0.670,-3.338,8.815,4.875,-23.553,否,74529018,20908635,678214063.800,190268578.500,116.294390,2.160681,4.191655,7.660,7.250,7.800,8.310,9.120,9.170,6.990,2022-06-17,-
2024-04-30,920564,天润科技,软件开发,7.500,7.700,7.360,7.450,7.360,1381700,12464768.00,6.610000,-0.990,4.510,否,0.370,1.361,11.194,15.863,-19.285,否,74529018,20908635,671506452.180,188386801.350,115.144226,2.139312,4.150200,7.520,7.350,7.720,8.240,9.060,9.190,7.000,2022-06-17,-
2024-05-06,920564,天润科技,软件开发,8.270,8.270,7.560,7.560,7.560,1598200,14855309.00,7.640000,1.440,9.430,否,0.580,0.800,-6.897,6.780,-13.203,否,74529018,20908635,681195224.520,191104923.900,116.805574,2.170179,4.210080,7.480,7.400,7.640,8.180,9.010,9.220,7.010,2022-06-17,-
2024-05-07,920564,天润科技,软件开发,7.570,8.510,7.560,8.110,7.560,3877300,37676658.00,18.540000,7.220,12.470,否,1.840,7.703,4.108,14.386,-9.385,否,74529018,20908635,730384376.400,204904623.000,125.240113,2.326887,4.514090,7.630,7.500,7.610,8.140,8.990,9.250,7.020,2022-06-17,-
2024-05-08,920564,天润科技,软件开发,7.880,7.950,7.650,7.690,7.650,2917700,27439681.00,13.950000,-5.100,3.670,否,1.290,3.221,4.626,11.127,-10.477,否,74529018,20908635,693119867.400,194450305.500,118.850311,2.208169,4.283780,7.670,7.580,7.560,8.040,8.970,9.280,7.030,2022-06-17,-
2024-05-09,920564,天润科技,软件开发,7.690,7.790,7.500,7.510,7.500,1810800,16661522.00,8.660000,-2.370,3.760,否,0.750,-0.661,0.133,12.090,-17.108,否,74529018,20908635,676723483.440,189850405.800,116.038798,2.155932,4.182443,7.660,7.660,7.520,7.960,8.930,9.300,7.040,2022-06-17,-
2024-05-10,920564,天润科技,软件开发,7.480,7.640,7.210,7.270,7.210,1389500,12356105.00,6.650000,-3.190,5.730,否,0.600,-10.358,-3.453,-10.468,-19.491,否,74529018,20908635,655110068.220,183786901.650,112.332713,2.087075,4.048863,7.630,7.580,7.480,7.900,8.890,9.330,7.040,2022-06-17,-
2024-05-13,920564,天润科技,软件开发,7.330,7.340,7.080,7.270,7.080,585700,5086167.00,1.730000,0.000,3.530,否,0.250,-5.462,-2.416,-6.675,-20.372,否,74529018,33782457,655110068.220,296947797.030,112.332713,2.087075,4.048863,7.570,7.520,7.420,7.850,8.860,9.350,7.050,2022-06-17,-
2024-05-14,920564,天润科技,软件开发,7.270,7.490,7.260,7.360,7.260,796400,7085449.00,2.360000,1.140,3.190,否,0.380,-1.997,-2.646,0.136,-15.499,否,74529018,33782457,662562970.020,300326042.730,113.610674,2.110819,4.094925,7.420,7.530,7.380,7.800,8.830,9.370,7.060,2022-06-17,-
2024-05-15,920564,天润科技,软件开发,7.370,7.370,7.120,7.120,7.120,760700,6625874.00,2.250000,-3.150,3.490,否,0.510,-2.063,-12.207,-5.067,-18.535,否,74529018,33782457,641694844.980,290866954.770,110.032385,2.044337,3.965951,7.310,7.490,7.350,7.750,8.790,9.400,7.070,2022-06-17,-
2024-05-16,920564,天润科技,软件开发,7.200,7.250,6.960,6.960,6.960,586700,5037215.00,1.740000,-2.320,4.070,否,0.550,-4.264,-9.493,-7.570,-15.431,否,74529018,33782457,626789041.380,284110463.370,107.476464,1.996849,3.873827,7.200,7.430,7.340,7.680,8.750,9.410,7.080,2022-06-17,-
2024-05-17,920564,天润科技,软件开发,6.980,7.020,6.800,7.010,6.800,499200,4183418.00,1.480000,0.710,3.210,否,0.610,-4.755,-6.658,-5.906,-14.198,否,74529018,33782457,631260782.460,286137410.790,108.243240,2.011095,3.901464,7.140,7.390,7.370,7.610,8.710,9.430,7.090,2022-06-17,-
2024-05-20,920564,天润科技,软件开发,6.990,7.240,6.910,7.030,6.910,535500,4576246.00,1.590000,0.350,4.720,否,0.830,-1.264,-3.301,-7.011,-16.409,否,74529018,33782457,633496653.000,287150884.500,108.626628,2.018219,3.915283,7.100,7.330,7.370,7.540,8.650,9.450,7.090,2022-06-17,-
2024-05-21,920564,天润科技,软件开发,7.180,7.540,7.040,7.230,7.040,1660900,14798508.00,4.920000,2.820,7.060,否,2.610,3.879,-0.550,-10.851,-11.070,否,74529018,33782457,651383617.320,295258674.180,111.693733,2.075204,4.025832,7.070,7.250,7.370,7.490,8.590,9.470,7.100,2022-06-17,-
2024-05-22,920564,天润科技,软件开发,6.960,7.360,6.960,7.160,6.960,993400,8563772.00,2.940000,-0.920,5.610,否,1.230,2.140,-2.717,-6.892,-7.494,否,74529018,33782457,645421295.880,292556077.620,110.671365,2.056209,3.988982,7.080,7.190,7.390,7.440,8.540,9.490,7.110,2022-06-17,-
2024-05-23,920564,天润科技,软件开发,7.160,7.640,6.950,7.460,6.950,2908800,26015930.00,8.610000,4.160,9.700,否,3.400,6.117,4.775,-0.666,3.900,否,74529018,33782457,672251742.360,304717762.140,115.272022,2.141686,4.154806,7.180,7.190,7.420,7.410,8.490,9.510,7.120,2022-06-17,-
2024-05-24,920564,天润科技,软件开发,7.370,7.510,7.210,7.270,7.210,1112800,9853982.00,3.290000,-2.550,3.990,否,0.840,0.553,4.454,0.000,13.064,否,74529018,33782457,655110068.220,296947797.030,112.332713,2.087075,4.048863,7.230,7.190,7.380,7.380,8.440,9.520,7.130,2022-06-17,-
2024-05-27,920564,天润科技,软件开发,7.240,7.310,7.090,7.180,7.090,535500,4662779.00,1.590000,-1.250,2.960,否,0.370,0.279,2.425,-1.238,1.412,否,74529018,33782457,646911876.240,293231726.760,110.926957,2.060957,3.998194,7.260,7.180,7.350,7.340,8.400,9.530,7.140,2022-06-17,-
2024-05-28,920564,天润科技,软件开发,7.210,8.110,7.210,7.400,7.210,2772700,25613859.00,8.210000,3.000,12.440,否,1.920,-0.804,5.263,0.543,4.372,否,74529018,33782457,666289420.920,302015165.580,114.249654,2.122691,4.117956,7.290,7.180,7.350,7.320,8.350,9.530,7.140,2022-06-17,-
2024-05-29,920564,天润科技,软件开发,7.980,8.110,7.390,7.550,7.390,2481800,23229001.00,7.350000,2.010,9.730,否,1.490,3.851,4.426,6.039,9.104,否,74529018,33782457,679704644.160,308096007.840,116.549982,2.165430,4.200868,7.370,7.230,7.360,7.310,8.310,9.520,7.150,2022-06-17,-
2024-05-30,920564,天润科技,软件开发,7.330,9.190,7.280,7.940,7.280,5668100,55284862.00,16.780000,5.260,25.330,否,2.890,10.585,10.894,14.080,18.507,否,74529018,33782457,715478572.800,324311587.200,122.684192,2.279400,4.421966,7.470,7.320,7.380,7.330,8.270,9.510,7.170,2022-06-17,-
2024-05-31,920564,天润科技,软件开发,7.720,8.230,7.610,7.770,7.610,3707200,35237361.00,10.970000,-2.710,7.810,否,1.470,5.000,4.155,10.842,-4.310,否,74529018,33782457,696101028.120,315528148.380,119.361495,2.217666,4.302205,7.570,7.400,7.390,7.380,8.230,9.520,7.180,2022-06-17,-
2024-06-03,920564,天润科技,软件开发,7.580,7.800,7.160,7.260,7.160,2601100,23235106.00,7.700000,-6.530,8.240,否,0.860,-3.841,-0.138,3.272,-6.804,否,74529018,33782457,650638327.140,294920849.610,111.565937,2.072829,4.021226,7.580,7.420,7.380,7.390,8.170,9.520,7.180,2022-06-17,-
2024-06-04,920564,天润科技,软件开发,7.240,7.390,7.030,7.170,7.030,1380800,11883472.00,4.090000,-1.260,5.040,否,0.400,-9.698,-0.139,-0.830,-2.449,否,74529018,33782457,642440135.160,291204779.340,110.160181,2.046711,3.970557,7.540,7.420,7.330,7.390,8.110,9.520,7.190,2022-06-17,-
2024-06-05,920564,天润科技,软件开发,7.150,7.240,6.920,6.980,6.920,1048000,8912022.00,3.100000,-2.670,4.520,否,0.330,-10.167,-5.676,-2.514,-6.933,否,74529018,33782457,625298461.020,283434814.230,107.220872,1.992100,3.864614,7.420,7.400,7.300,7.390,8.050,9.530,7.200,2022-06-17,-
2024-06-06,920564,天润科技,软件开发,6.850,7.060,6.530,6.560,6.530,1276500,10319477.00,3.780000,-5.960,7.630,否,0.440,-9.642,-13.113,-12.064,-12.882,否,74529018,33782457,588033952.020,266543585.730,100.831070,1.873382,3.634303,7.150,7.310,7.250,7.390,7.990,9.520,7.200,2022-06-17,-
2024-06-07,920564,天润科技,软件开发,6.710,6.860,6.500,6.700,6.500,951100,7651646.00,2.820000,2.150,5.580,否,0.470,-6.555,-15.617,-7.840,-10.067,否,74529018,33782457,600703885.080,272286603.420,103.003603,1.913746,3.712609,6.930,7.250,7.220,7.340,7.940,9.510,7.210,2022-06-17,-
2024-06-11,920564,天润科技,软件开发,6.730,6.800,6.650,6.770,6.650,734900,5967095.00,2.180000,0.990,2.230,否,0.510,-3.009,-12.870,-5.710,-10.450,否,74529018,33782457,606666206.520,274989199.980,104.025971,1.932741,3.749459,6.840,7.210,7.190,7.300,7.900,9.490,7.220,2022-06-17,-
2024-06-12,920564,天润科技,软件开发,6.810,7.130,6.790,6.840,6.790,1136600,9447381.00,3.360000,0.980,4.910,否,1.050,4.268,-5.785,-7.568,-15.660,否,74529018,33782457,612628527.960,277691796.540,105.048339,1.951736,3.786309,6.770,7.150,7.170,7.290,7.850,9.440,7.220,2022-06-17,-
2024-06-13,920564,天润科技,软件开发,6.790,6.890,6.700,6.770,6.700,855300,6959761.00,2.530000,-0.970,2.800,否,0.830,1.045,-5.579,-10.331,-11.964,否,74529018,33782457,606666206.520,274989199.980,104.025971,1.932741,3.749459,6.730,7.080,7.150,7.260,7.810,9.410,7.230,2022-06-17,-
2024-06-14,920564,天润科技,软件开发,6.820,6.930,6.780,6.820,6.780,632100,5202823.00,1.870000,0.740,2.210,否,0.640,0.739,-2.292,-14.106,-9.188,否,74529018,33782457,611137947.600,277016147.400,104.792747,1.946987,3.777096,6.780,6.960,7.140,7.240,7.780,9.380,7.240,2022-06-17,-
2024-06-17,920564,天润科技,软件开发,6.810,6.940,6.700,6.730,6.700,577000,4690905.00,1.710000,-1.340,3.540,否,0.670,-1.608,2.591,-13.385,-7.428,否,74529018,33782457,602939755.620,273300077.130,103.386991,1.920869,3.726428,6.790,6.860,7.130,7.220,7.730,9.340,7.240,2022-06-17,-
2024-06-18,920564,天润科技,软件开发,6.740,6.850,6.650,6.820,6.650,664800,5431531.00,1.970000,1.360,2.970,否,0.840,0.739,1.791,-6.061,-6.190,否,74529018,33782457,611137947.600,277016147.400,104.792747,1.946987,3.777096,6.800,6.820,7.120,7.190,7.690,9.310,7.250,2022-06-17,-
2024-06-19,920564,天润科技,软件开发,6.970,8.200,6.970,7.530,6.970,5362200,49802370.00,15.870000,10.370,18.050,否,6.940,10.411,11.226,5.021,2.310,否,74529018,33782457,674487612.900,305731235.850,115.655410,2.148809,4.168624,6.930,6.850,7.130,7.170,7.650,9.290,7.260,2022-06-17,-
2024-06-20,920564,天润科技,软件开发,7.160,7.380,7.010,7.240,7.010,3781800,32679404.00,11.190000,-3.870,4.860,否,2.340,7.578,5.848,3.725,1.685,否,74529018,33782457,648402456.600,293907375.900,111.182549,2.065706,4.007407,7.030,6.880,7.140,7.160,7.600,9.260,7.270,2022-06-17,-
2024-06-21,920564,天润科技,软件开发,7.230,7.650,7.130,7.290,7.130,2207700,19584088.00,6.540000,0.800,7.240,否,1.000,6.891,7.681,11.128,4.741,否,74529018,33782457,653619487.860,296272147.890,112.077121,2.082327,4.039650,7.120,6.950,7.130,7.150,7.560,9.220,7.280,2022-06-17,-
2024-06-24,920564,天润科技,软件开发,7.290,7.350,6.830,6.840,6.830,1461100,12370889.00,4.320000,-6.160,7.180,否,0.580,-9.163,0.293,2.090,-2.425,否,74529018,33782457,613373818.140,278029621.110,105.176135,1.954110,3.790915,7.140,6.970,7.110,7.130,7.520,9.160,7.280,2022-06-17,-
2024-06-25,920564,天润科技,软件开发,6.840,7.030,6.780,6.840,6.780,1198900,9946433.00,3.550000,-0.120,3.650,否,0.440,-5.525,1.634,1.034,-2.703,否,74529018,33782457,612628527.960,277691796.540,105.048339,1.951736,3.786309,7.150,6.970,7.090,7.120,7.480,9.130,7.290,2022-06-17,-
2024-06-26,920564,天润科技,软件开发,6.840,7.030,6.690,7.030,6.690,1333900,11077431.00,3.950000,2.800,4.990,否,0.480,-3.567,3.079,2.778,-2.766,否,74529018,33782457,629770202.100,285461761.650,107.987648,2.006347,3.892251,7.050,6.990,7.070,7.110,7.450,9.090,7.300,2022-06-17,-
2024-06-27,920564,天润科技,软件开发,6.980,7.100,6.830,6.880,6.830,1328600,11098312.00,3.930000,-2.130,3.910,否,0.670,0.585,-8.632,1.625,-3.911,否,74529018,33782457,616354978.860,279380919.390,105.687320,1.963608,3.809340,6.980,7.000,7.040,7.100,7.420,9.050,7.310,2022-06-17,-
2024-06-28,920564,天润科技,软件开发,6.900,7.100,6.820,6.910,6.820,969800,8125759.00,2.870000,0.480,4.110,否,0.640,1.023,-4.558,1.320,-7.373,否,74529018,33782457,619336139.580,280732217.670,106.198504,1.973105,3.827764,6.900,7.010,6.990,7.100,7.390,9.010,7.310,2022-06-17,-
2024-07-01,920564,天润科技,软件开发,7.050,7.340,6.920,7.110,6.920,1484300,12707839.00,4.390000,2.890,6.020,否,1.180,1.138,-2.469,5.646,-2.201,否,74529018,33782457,637223103.900,288840007.350,109.265608,2.072676,3.938314,6.950,7.050,6.950,7.100,7.360,8.970,7.320,2022-06-17,-
2024-07-02,920564,天润科技,软件开发,7.090,7.570,7.060,7.400,7.060,2103800,18475268.00,6.230000,4.090,7.130,否,1.670,7.558,8.187,8.504,3.064,否,74529018,33782457,663308260.200,300663867.300,113.738470,2.157522,4.099531,7.070,7.110,6.960,7.120,7.330,8.930,7.330,2022-06-17,-
2024-07-03,920564,天润科技,软件开发,7.250,7.330,7.070,7.090,7.070,1354500,11710629.00,4.010000,-4.270,3.480,否,0.940,2.605,3.655,-5.843,-4.189,否,74529018,33782457,634987233.360,287826533.640,108.882220,2.065403,3.924495,7.080,7.060,6.960,7.110,7.300,8.880,7.340,2022-06-17,-
2024-07-04,920564,天润科技,软件开发,7.080,7.320,6.960,6.990,6.960,1125900,9673441.00,3.330000,-1.410,5.050,否,0.780,-1.688,-0.569,-3.453,-7.417,否,74529018,33782457,626043751.200,283772638.800,107.348668,2.036313,3.869220,7.100,7.040,6.960,7.100,7.270,8.810,7.350,2022-06-17,-
2024-07-05,920564,天润科技,软件开发,7.110,7.510,6.990,7.490,6.990,3473800,30747806.00,10.280000,7.140,7.380,否,2.470,1.216,8.866,2.743,-5.668,否,74529018,33782457,670761162.000,304042113.000,115.016430,2.181764,4.145593,7.220,7.060,7.000,7.110,7.260,8.750,7.360,2022-06-17,-
2024-07-08,920564,天润科技,软件开发,7.240,7.330,6.950,7.010,6.950,2443100,20816699.00,7.230000,-6.330,5.000,否,1.280,-1.128,1.447,2.485,-9.781,否,74529018,33782457,628279621.740,284786112.510,107.732056,2.043585,3.883039,7.200,7.080,7.020,7.100,7.240,8.680,7.370,2022-06-17,-
2024-07-09,920564,天润科技,软件开发,7.010,7.180,6.650,7.100,6.650,1893900,15826390.00,5.610000,1.300,7.470,否,0.900,1.574,-0.141,3.801,-2.204,否,74529018,33782457,636477813.720,288502182.780,109.137812,2.070251,3.933707,7.140,7.100,7.040,7.090,7.220,8.630,7.380,2022-06-17,-
2024-07-10,920564,天润科技,软件开发,7.090,7.300,6.940,7.040,6.940,1172500,10044011.00,3.470000,-0.820,5.040,否,0.570,-6.008,-4.865,0.142,-1.813,否,74529018,33782457,631260782.460,286137410.790,108.243240,2.053282,3.901464,7.130,7.100,7.050,7.080,7.200,8.580,7.390,2022-06-17,-
2024-07-11,920564,天润科技,软件开发,7.090,7.390,7.090,7.380,7.090,2033600,17821964.00,6.020000,4.720,4.250,否,1.010,5.278,4.090,7.267,5.731,否,74529018,33782457,661072389.660,299650393.590,113.355082,2.150249,4.085713,7.200,7.150,7.080,7.080,7.190,8.540,7.400,2022-06-17,-
2024-07-12,920564,天润科技,软件开发,7.330,7.590,7.240,7.300,7.240,1954400,17267917.00,5.790000,-1.010,4.850,否,0.890,2.817,4.435,5.644,11.280,否,74529018,33782457,654364778.040,296609972.460,112.204917,2.128432,4.044257,7.170,7.190,7.100,7.060,7.200,8.500,7.400,2022-06-17,-
2024-07-15,920564,天润科技,软件开发,7.340,7.630,7.170,7.300,7.170,1469100,13014032.00,4.350000,0.000,6.260,否,0.770,3.693,-2.537,2.672,8.955,否,74529018,33782457,654364778.040,296609972.460,112.204917,2.128432,4.044257,7.220,7.210,7.130,7.040,7.210,8.450,7.410,2022-06-17,-
2024-07-16,920564,天润科技,软件开发,7.160,7.930,7.110,7.750,7.110,3411800,31009586.00,10.100000,6.150,11.280,否,2.000,5.014,10.556,4.730,14.476,否,74529018,33782457,694610447.760,314852499.240,119.105903,2.259338,4.292992,7.350,7.250,7.180,7.060,7.220,8.430,7.430,2022-06-17,-
2024-07-17,920564,天润科技,软件开发,7.670,9.150,7.670,8.570,7.670,5507900,55861648.00,16.300000,10.620,19.100,否,2.740,17.397,20.704,20.874,25.292,否,74529018,33782457,768394175.580,348297131.670,131.757710,2.499332,4.749007,7.660,7.390,7.230,7.100,7.250,8.420,7.440,2022-06-17,-
2024-07-18,920564,天润科技,软件开发,8.550,9.050,7.960,8.940,7.960,5091900,51865766.00,15.070000,4.270,12.710,否,1.770,22.466,26.989,27.897,32.053,否,74529018,33782457,801186943.500,363161412.750,137.380736,2.605996,4.951681,7.970,7.590,7.310,7.170,7.280,8.400,7.460,2022-06-17,-
2024-07-19,920564,天润科技,软件开发,8.670,9.050,8.180,8.200,8.180,3849600,39845697.00,11.400000,-8.280,9.770,否,1.100,5.806,11.111,9.479,20.235,否,74529018,33782457,734856117.480,333095026.020,126.006889,2.390243,4.541728,8.150,7.660,7.360,7.220,7.300,8.380,7.470,2022-06-17,-
2024-07-22,920564,天润科技,软件开发,8.090,8.630,8.000,8.350,8.000,2716500,27117371.00,8.040000,1.830,7.710,否,0.700,-2.567,14.384,19.116,24.071,否,74529018,33782457,748271340.720,339175868.280,128.307217,2.433879,4.624640,8.360,7.790,7.430,7.280,7.310,8.350,7.480,2022-06-17,-
2024-07-23,920564,天润科技,软件开发,8.270,8.530,7.970,7.980,7.970,1588400,15621200.00,4.700000,-4.380,6.770,否,0.390,-10.738,9.315,12.394,17.009,否,74529018,33782457,715478572.800,324311587.200,122.684192,2.327215,4.421966,8.410,7.880,7.490,7.320,7.310,8.320,7.490,2022-06-17,-
2024-07-24,920564,天润科技,软件开发,8.010,8.140,7.560,7.610,7.560,1691000,15813772.00,5.010000,-4.690,7.290,否,0.450,-7.195,-1.806,8.097,1.062,否,74529018,33782457,681940514.700,309109481.550,116.933370,2.218126,4.214687,8.220,7.940,7.520,7.340,7.320,8.290,7.500,2022-06-17,-
2024-07-25,920564,天润科技,软件开发,7.870,7.980,7.630,7.710,7.630,1487900,13935430.00,4.400000,1.310,4.480,否,0.500,-7.665,-10.035,4.472,6.492,否,74529018,33782457,690883996.860,313163376.390,118.466923,2.247217,4.269961,7.970,7.970,7.560,7.380,7.320,8.250,7.520,2022-06-17,-
2024-07-26,920564,天润科技,软件开发,7.630,8.270,7.630,8.190,7.630,2553800,24583369.00,7.560000,6.260,8.310,否,1.130,2.632,-8.389,12.192,12.346,否,74529018,33782457,734110827.300,332757201.450,125.879093,2.387819,4.537122,7.970,8.060,7.630,7.420,7.330,8.220,7.530,2022-06-17,-
2024-07-29,920564,天润科技,软件开发,8.150,8.310,7.920,7.920,7.920,1733500,16828987.00,5.130000,-3.350,4.770,否,0.860,4.074,-3.415,8.493,15.789,否,74529018,33782457,709516251.360,321608990.640,121.661824,2.307821,4.385116,7.880,8.120,7.670,7.460,7.340,8.200,7.540,2022-06-17,-
2024-07-30,920564,天润科技,软件开发,8.130,10.290,8.130,10.290,8.130,10936200,128739204.00,32.370000,29.940,27.310,否,6.040,33.463,23.234,32.774,50.439,否,74529018,33782457,921923952.660,417888993.090,158.083693,2.998713,5.697888,8.340,8.380,7.810,7.580,7.380,8.200,7.560,2022-06-17,-
2024-07-31,920564,天润科技,软件开发,10.060,12.340,9.860,10.310,9.860,11698100,152304563.00,34.630000,0.240,24.170,否,3.180,25.885,29.198,20.303,46.657,否,74529018,33782457,924159823.200,418902466.800,158.467081,3.005986,5.711706,8.880,8.550,7.970,7.670,7.420,8.210,7.580,2022-06-17,-
2024-08-01,920564,天润科技,软件开发,9.630,10.810,9.580,9.890,9.580,8287400,100110338.00,24.530000,-4.110,11.940,否,1.460,24.874,29.961,10.626,43.750,否,74529018,33782457,886150024.020,401673413.730,151.949484,2.882352,5.476789,9.320,8.650,8.120,7.760,7.460,8.210,7.600,2022-06-17,-
2024-08-02,920564,天润科技,软件开发,9.660,10.140,9.000,9.000,9.000,5825000,65723230.00,17.240000,-9.000,11.520,否,0.830,-12.536,16.732,9.756,30.246,否,74529018,33782457,806403974.760,365526184.740,138.275308,2.622965,4.983924,9.480,8.730,8.190,7.810,7.480,8.200,7.610,2022-06-17,-
2024-08-05,920564,天润科技,软件开发,9.120,9.310,8.670,8.690,8.670,4015700,43452823.00,11.890000,-3.420,7.120,否,0.520,-15.713,6.105,4.072,22.222,否,74529018,33782457,778828238.100,353026675.650,133.546855,2.533270,4.813494,9.640,8.760,8.280,7.880,7.510,8.200,7.630,2022-06-17,-
2024-08-06,920564,天润科技,软件开发,8.820,8.960,8.470,8.850,8.470,2861000,30143557.00,8.470000,1.820,5.650,否,0.350,-10.516,11.742,10.902,19.595,否,74529018,33782457,792988751.520,359445342.480,135.974979,2.579330,4.901013,9.350,8.850,8.360,7.940,7.530,8.190,7.640,2022-06-17,-
2024-08-07,920564,天润科技,软件开发,9.050,9.480,8.890,9.330,8.890,5084200,56600067.00,15.050000,5.450,6.670,否,0.780,3.667,-9.329,22.602,31.594,否,74529018,33782457,836215581.960,379039167.540,143.387149,2.719932,5.168173,9.150,9.020,8.480,8.020,7.560,8.200,7.660,2022-06-17,-
2024-08-08,920564,天润科技,软件开发,9.150,9.200,8.620,8.680,8.620,3921100,41859840.00,11.610000,-6.950,6.150,否,0.750,-0.115,-15.810,12.581,24.177,否,74529018,33782457,778082947.920,352688851.080,133.419059,2.530846,4.808888,8.910,9.120,8.540,8.080,7.590,8.190,7.670,2022-06-17,-
2024-08-09,920564,天润科技,软件开发,8.960,10.260,8.740,9.290,8.740,7380400,85308566.00,21.850000,6.990,17.530,否,1.700,4.972,-6.067,13.431,24.032,否,74529018,33782457,832489131.060,377350044.690,142.748169,2.707811,5.145142,8.970,9.230,8.640,8.160,7.630,8.190,7.690,2022-06-17,-
2024-08-12,920564,天润科技,软件开发,8.930,10.080,8.930,9.370,8.930,4942000,56490616.00,14.630000,0.900,12.350,否,1.060,0.429,4.111,18.308,33.666,否,74529018,33782457,839942032.860,380728290.390,144.026130,2.732053,5.191204,9.100,9.370,8.750,8.230,7.670,8.190,7.700,2022-06-17,-
2024-08-13,920564,天润科技,软件开发,9.390,9.520,8.940,9.220,8.940,3508500,38629310.00,10.390000,-1.600,6.210,否,0.730,6.221,6.099,-10.398,29.859,否,74529018,33782457,826526809.620,374647448.130,141.725801,2.688418,5.108292,9.180,9.260,8.820,8.290,7.700,8.180,7.720,2022-06-17,-
2024-08-14,920564,天润科技,软件开发,9.380,9.380,8.670,8.740,8.670,3144500,33546875.00,9.310000,-5.230,7.750,否,0.630,-5.920,-1.243,-15.228,24.148,否,74529018,33782457,783299979.180,355053623.070,134.313631,2.547815,4.841132,9.060,9.110,8.830,8.350,7.730,8.160,7.730,2022-06-17,-
2024-08-15,920564,天润科技,软件开发,8.970,9.020,8.450,8.480,8.450,2752100,28730093.00,8.150000,-2.950,6.570,否,0.600,-9.498,-9.110,-14.257,14.905,否,74529018,33782457,760195983.600,344581061.400,130.351954,2.472666,4.698339,9.020,8.970,8.810,8.400,7.750,8.140,7.750,2022-06-17,-
2024-08-16,920564,天润科技,软件开发,8.410,8.600,8.280,8.470,8.280,2638800,26778739.00,7.810000,-0.200,3.730,否,0.610,-8.134,-2.419,-5.889,16.027,否,74529018,33782457,758705403.240,343905412.260,130.096362,2.467817,4.689127,8.860,8.910,8.820,8.430,7.770,8.130,7.760,2022-06-17,-
2024-08-19,920564,天润科技,软件开发,8.380,8.410,8.030,8.120,8.030,2215700,21736539.00,6.560000,-4.130,4.520,否,0.650,-7.094,-12.594,-6.559,11.233,否,74529018,33782457,727403215.680,329716780.320,124.728929,2.366002,4.495666,8.610,8.860,8.810,8.470,7.780,8.110,7.770,2022-06-17,-
2024-08-20,920564,天润科技,软件开发,8.090,8.570,8.090,8.310,8.090,2212600,22263690.00,6.550000,2.360,5.840,否,0.780,-2.005,-11.313,-6.102,7.226,否,74529018,33782457,744544889.820,337486745.430,127.668237,2.421758,4.601609,8.420,8.800,8.820,8.510,7.800,8.100,7.780,2022-06-17,-
2024-08-21,920564,天润科技,软件开发,8.330,8.390,8.030,8.160,8.030,1576000,15387787.00,4.670000,-1.800,4.300,否,0.610,-3.660,-11.497,-12.540,-4.784,否,74529018,33782457,731129666.580,331405903.170,125.367909,2.378122,4.518697,8.310,8.680,8.850,8.550,7.810,8.080,7.800,2022-06-17,-
2024-08-22,920564,天润科技,软件开发,8.160,8.310,7.850,7.870,7.850,1475800,14194510.00,4.370000,-3.570,5.610,否,0.650,-3.079,-9.954,-9.332,-11.969,否,74529018,33782457,705044510.280,319582043.220,120.895048,2.293276,4.357479,8.190,8.600,8.860,8.560,7.820,8.070,7.810,2022-06-17,-
2024-08-23,920564,天润科技,软件开发,7.850,8.140,7.620,7.990,7.620,1609400,15227977.00,4.760000,1.590,6.660,否,0.800,-3.851,-5.778,-13.994,-2.561,否,74529018,33782457,716223862.980,324649411.770,-138.989969,2.329639,5.052562,8.090,8.470,8.850,8.590,7.820,8.050,7.820,2022-06-17,-
2024-08-26,920564,天润科技,软件开发,7.910,8.130,7.840,7.970,7.840,1404000,13468009.00,4.160000,-0.310,3.640,否,0.770,-2.328,-5.903,-14.941,-4.551,否,74529018,33782457,713987992.440,323635938.060,-138.556077,2.322366,5.036789,8.060,8.330,8.850,8.610,7.820,8.030,7.830,2022-06-17,-
2024-08-27,920564,天润科技,软件开发,8.130,8.180,7.520,7.600,7.520,1559800,14531790.00,4.620000,-4.590,8.250,否,0.940,-3.431,-6.404,-17.570,-4.762,否,74529018,33782457,681195224.520,308771656.980,-132.192333,2.215702,4.805455,7.920,8.170,8.720,8.600,7.830,8.000,7.840,2022-06-17,-
2024-08-28,920564,天润科技,软件开发,7.620,7.880,7.320,7.570,7.320,1541300,13993284.00,4.560000,-0.440,7.330,否,1.010,-5.257,-8.905,-13.387,-0.526,否,74529018,33782457,678214063.800,307420358.700,-131.613810,2.206006,4.784424,7.800,8.050,8.580,8.570,7.840,7.970,7.850,2022-06-17,-
2024-08-29,920564,天润科技,软件开发,7.440,7.680,7.430,7.440,7.430,855800,7765877.00,2.530000,-1.650,3.300,否,0.560,-6.650,-8.824,-12.264,-3.502,否,74529018,33782457,667034711.100,302352990.150,-129.444352,2.169643,4.705560,7.710,7.950,8.460,8.520,7.840,7.950,7.860,2022-06-17,-
2024-08-30,920564,天润科技,软件开发,7.410,7.700,7.410,7.610,7.410,1463300,13409857.00,4.330000,2.230,3.910,否,1.050,0.132,-3.304,-10.153,-7.082,否,74529018,33782457,681940514.700,309109481.550,-132.336963,2.218126,4.810712,7.640,7.860,8.390,8.500,7.860,7.930,7.870,2022-06-17,-
2024-09-02,920564,天润科技,软件开发,7.690,7.690,7.440,7.480,7.440,1042700,9442048.00,3.090000,-1.750,3.280,否,0.760,-1.189,-6.383,-7.882,-5.556,否,74529018,33782457,670015871.820,303704288.430,-130.022874,2.179340,4.726590,7.540,7.800,8.330,8.470,7.870,7.910,7.880,2022-06-17,-
2024-09-03,920564,天润科技,软件开发,7.540,7.580,7.320,7.390,7.320,1081600,9685260.00,3.200000,-1.110,3.450,否,0.840,-0.672,-7.277,-11.071,-28.183,否,74529018,33782457,662562970.020,300326042.730,-128.576568,2.155098,4.674014,7.500,7.710,8.250,8.450,7.880,7.890,7.890,2022-06-17,-
2024-09-04,920564,天润科技,软件开发,7.330,7.400,7.090,7.120,7.090,1234900,10668467.00,3.660000,-3.710,4.160,否,1.030,-6.439,-6.316,-12.745,-30.941,否,74529018,33782457,637968394.080,289177831.920,-123.803760,2.075100,4.500513,7.410,7.600,8.140,8.440,7.890,7.870,7.900,2022-06-17,-
2024-09-05,920564,天润科技,软件开发,7.120,7.370,7.090,7.180,7.090,933200,8107357.00,2.760000,0.820,3.860,否,0.820,-4.011,-5.152,-8.767,-27.401,否,74529018,33782457,643185425.340,291542603.910,-124.816174,2.092069,4.537317,7.360,7.540,8.070,8.420,7.900,7.850,7.910,2022-06-17,-
2024-09-06,920564,天润科技,软件开发,7.120,7.630,7.120,7.330,7.120,2138800,19070197.00,6.330000,2.090,7.180,否,1.860,-0.812,-1.478,-8.260,-18.556,否,74529018,33782457,656600648.580,297623446.170,-127.419524,2.135704,4.631953,7.300,7.470,7.970,8.390,7.900,7.840,7.920,2022-06-17,-
2024-09-09,920564,天润科技,软件开发,7.250,7.390,7.090,7.170,7.090,1128100,9777137.00,3.340000,-2.160,3.970,否,0.880,0.702,-5.782,-10.038,-17.491,否,74529018,33782457,642440135.160,291204779.340,-124.671543,2.089645,4.532059,7.240,7.390,7.860,8.360,7.910,7.820,7.930,2022-06-17,-
2024-09-10,920564,天润科技,软件开发,7.190,7.300,7.080,7.300,7.080,618100,5334706.00,1.830000,1.860,3.130,否,0.470,1.671,-2.406,-3.947,-17.514,否,74529018,33782457,654364778.040,296609972.460,-126.985632,2.128432,4.616181,7.220,7.360,7.770,8.260,7.920,7.800,7.940,2022-06-17,-
2024-09-11,920564,天润科技,软件开发,7.280,7.340,7.130,7.180,7.130,525200,4564192.00,1.550000,-1.710,2.960,否,0.430,-2.046,-2.842,-5.152,-23.044,否,74529018,33782457,643185425.340,291542603.910,-124.816174,2.092069,4.537317,7.230,7.320,7.690,8.160,7.910,7.780,7.950,2022-06-17,-
2024-09-12,920564,天润科技,软件开发,7.090,7.310,7.090,7.140,7.090,482200,4184360.00,1.430000,-0.460,3.010,否,0.450,-0.418,0.281,-4.032,-17.742,否,74529018,33782457,640204264.620,290191305.630,-124.237652,2.082372,4.516286,7.220,7.290,7.620,8.070,7.910,7.760,7.960,2022-06-17,-
2024-09-13,920564,天润科技,软件开发,7.170,7.400,7.030,7.290,7.030,1372900,11959503.00,4.060000,1.980,5.240,否,1.400,-0.137,1.532,-4.205,-21.529,否,74529018,33782457,652874197.680,295934323.320,-126.696371,2.123583,4.605665,7.220,7.260,7.560,8.010,7.910,7.730,7.970,2022-06-17,-
2024-09-18,920564,天润科技,软件开发,7.240,7.290,7.110,7.180,7.110,597600,5171085.00,1.770000,-1.480,2.510,否,0.720,0.000,-2.046,-4.011,-23.372,否,74529018,33782457,643185425.340,291542603.910,-124.816174,2.092069,4.537317,7.220,7.230,7.510,7.960,7.920,7.720,7.980,2022-06-17,-
2024-09-19,920564,天润科技,软件开发,7.300,7.590,7.250,7.380,7.250,1398900,12515504.00,4.140000,2.780,4.750,否,1.950,3.361,2.929,-0.135,-19.957,否,74529018,33782457,661072389.660,299650393.590,-128.287307,2.150249,4.663499,7.230,7.230,7.470,7.910,7.930,7.710,7.980,2022-06-17,-
2024-09-20,920564,天润科技,软件开发,7.320,7.720,7.320,7.610,7.320,1836000,16704975.00,5.430000,3.160,5.410,否,2.100,4.390,4.247,6.882,-12.929,否,74529018,33782457,681940514.700,309109481.550,-132.336963,2.218126,4.810712,7.320,7.280,7.440,7.850,7.940,7.690,8.000,2022-06-17,-
2024-09-23,920564,天润科技,软件开发,7.590,7.600,7.290,7.320,7.290,1370900,12217534.00,4.060000,-3.830,4.150,否,1.210,1.950,1.950,1.950,-13.679,否,74529018,33782457,655855358.400,297285621.600,-127.274893,2.133280,4.626696,7.360,7.290,7.410,7.810,7.940,7.680,8.010,2022-06-17,-
2024-09-24,920564,天润科技,软件开发,7.380,7.540,7.200,7.440,7.200,1390600,12339564.00,4.120000,1.590,4.550,否,1.060,0.813,4.202,1.501,-12.161,否,74529018,33782457,666289420.920,302015165.580,-129.299721,2.167219,4.700302,7.390,7.300,7.390,7.750,7.950,7.670,8.020,2022-06-17,-
2024-09-25,920564,天润科技,软件开发,7.470,7.770,7.470,7.630,7.470,1865900,17101991.00,5.520000,2.680,4.030,否,1.410,0.263,4.664,6.416,-6.034,否,74529018,33782457,684176385.240,310122955.260,-132.770855,2.225399,4.826485,7.480,7.350,7.370,7.690,7.960,7.660,8.030,2022-06-17,-
2024-09-26,920564,天润科技,软件开发,7.590,7.850,7.550,7.750,7.550,1709500,15777587.00,5.060000,1.530,3.920,否,1.090,5.874,7.939,6.164,-6.739,否,74529018,33782457,694610447.760,314852499.240,-134.795683,2.259338,4.900092,7.550,7.390,7.380,7.640,7.970,7.650,8.040,2022-06-17,-
2024-09-27,920564,天润科技,软件开发,8.180,8.730,7.940,8.520,7.940,3735500,37261567.00,11.060000,9.870,10.190,否,2.290,14.516,15.447,18.663,4.412,否,74529018,33782457,763177144.320,345932359.680,-148.101694,2.482362,5.383792,7.730,7.530,7.420,7.630,7.990,7.650,8.050,2022-06-17,-
2024-09-30,920564,天润科技,软件开发,9.400,10.980,8.970,10.980,8.970,6054100,72221327.00,17.920000,28.910,23.630,否,3.010,43.906,44.284,53.782,39.517,否,74529018,33782457,983783037.600,445928432.400,-190.912340,3.259568,6.940044,8.460,7.910,7.600,7.720,8.060,7.660,8.080,2022-06-17,-
2024-10-08,920564,天润科技,软件开发,13.960,14.270,12.230,14.270,12.230,7028700,113133357.00,20.810000,30.000,18.640,否,2.380,84.129,94.945,95.748,78.598,是,74529018,33782457,1278917948.880,579706962.120,-248.186042,4.237439,9.022057,9.830,8.610,7.930,7.910,8.170,7.710,8.120,2022-06-17,-
2024-10-09,920564,天润科技,软件开发,13.120,14.130,11.310,11.810,11.310,5462300,85466995.00,16.170000,-17.250,19.760,否,1.340,38.615,58.737,64.485,48.181,否,74529018,33782457,1058312055.600,479710889.400,-205.375396,3.506505,7.465805,10.670,9.070,8.150,8.030,8.250,7.750,8.150,2022-06-17,-
2024-10-10,920564,天润科技,软件开发,12.940,13.880,11.140,11.140,11.140,4717300,69924182.00,13.960000,-5.630,23.170,否,0.980,1.457,46.003,50.949,46.579,否,74529018,33782457,998688841.200,452684923.800,-193.804951,3.308956,7.045196,11.340,9.450,8.340,8.130,8.320,7.770,8.170,2022-06-17,-
2024-10-11,920564,天润科技,软件开发,10.810,10.980,9.670,10.290,9.670,3332100,41814527.00,9.860000,-7.690,11.720,否,0.620,-27.891,32.774,35.217,35.931,否,74529018,33782457,921923952.660,417888993.090,-178.908004,3.054611,6.503662,11.700,9.720,8.500,8.200,8.370,7.790,8.190,2022-06-17,-
2024-10-14,920564,天润科技,软件开发,10.290,11.630,10.290,11.240,10.290,3859300,50867062.00,11.420000,9.220,13.020,否,0.730,-4.826,31.925,53.552,51.075,否,74529018,33782457,1006887033.180,456400994.070,-195.395888,3.336119,7.103030,11.750,10.110,8.700,8.310,8.440,7.810,8.220,2022-06-17,-
2024-10-15,920564,天润科技,软件开发,11.390,12.050,10.810,10.820,10.810,3430800,47327514.00,10.160000,-3.700,11.030,否,0.700,-2.873,-1.457,45.430,42.181,否,74529018,33782457,969622524.180,439509765.570,-188.164360,3.212650,6.840149,11.060,10.450,8.870,8.410,8.500,7.850,8.240,2022-06-17,-
2024-10-16,920564,天润科技,软件开发,10.430,11.760,10.300,11.530,10.300,3626500,48783520.00,10.730000,6.530,13.530,否,0.870,12.051,-19.201,51.114,54.144,否,74529018,33782457,1032972189.480,468224854.020,-200.457957,3.422547,7.287046,11.000,10.840,9.090,8.520,8.570,7.890,8.270,2022-06-17,-
2024-10-17,920564,天润科技,软件开发,13.720,14.800,12.210,12.210,12.210,7978100,128963048.00,23.620000,5.920,22.510,否,2.100,8.630,3.387,57.548,65.223,否,74529018,33782457,1094085984.240,495926468.760,-212.317663,3.625035,7.718170,11.220,11.280,9.340,8.680,8.640,7.930,8.300,2022-06-17,-
2024-10-18,920564,天润科技,软件开发,11.740,14.160,11.740,13.550,11.740,8047400,126815369.00,23.820000,10.970,19.890,否,1.810,25.231,21.634,59.038,90.309,否,74529018,33782457,1214077703.220,550316224.530,-235.603183,4.022604,8.564645,11.870,11.780,9.660,8.880,8.720,7.980,8.340,2022-06-17,-
2024-10-21,920564,天润科技,软件开发,14.370,17.610,13.950,17.610,13.950,9110700,171809935.00,26.970000,29.960,27.010,否,1.690,52.732,71.137,60.383,145.265,否,74529018,33782457,1577779311.060,715174614.690,-306.182897,5.227656,11.130358,13.140,12.450,10.180,9.220,8.870,8.070,8.390,2022-06-17,-
2024-10-22,920564,天润科技,软件开发,17.370,17.370,14.140,14.540,14.140,7751700,144440746.00,22.950000,-17.430,18.330,否,1.200,19.083,29.359,1.892,98.363,否,74529018,33782457,1302767234.640,590517348.360,-252.814220,4.316459,9.190300,13.890,12.470,10.540,9.450,8.970,8.140,8.430,2022-06-17,-
2024-10-23,920564,天润科技,软件开发,14.250,15.540,14.010,15.220,14.010,4937900,88873623.00,14.620000,4.690,10.470,否,0.680,12.325,40.665,28.874,112.273,否,74529018,33782457,1363881029.400,618218963.100,-264.673926,4.518947,9.621424,14.630,12.820,10.940,9.700,9.090,8.200,8.470,2022-06-17,-
2024-10-24,920564,天润科技,软件开发,14.800,17.860,14.800,16.000,14.800,6568900,126670836.00,19.440000,5.140,20.110,否,0.870,-9.143,38.768,43.627,119.178,否,74529018,33782457,1433938306.320,649974472.680,-278.269199,4.751068,10.115640,15.380,13.300,11.370,9.990,9.220,8.270,8.520,2022-06-17,-
2024-10-25,920564,天润科技,软件开发,15.790,20.780,15.550,17.550,15.550,9527500,200203785.00,28.200000,9.670,32.690,否,1.310,20.702,43.735,70.554,144.429,否,74529018,33782457,1572562279.800,712809842.700,-305.170483,5.210371,11.093555,16.180,14.030,11.870,10.340,9.390,8.350,8.570,2022-06-17,-
2024-10-28,920564,天润科技,软件开发,17.470,18.200,15.800,16.820,15.800,7297600,148074540.00,21.600000,-4.170,13.650,否,0.960,10.512,24.133,49.644,135.574,否,74529018,33782457,1506976743.960,683081280.540,-292.442994,4.993066,10.630885,16.030,14.590,12.350,10.660,9.540,8.430,8.620,2022-06-17,-
2024-10-29,920564,天润科技,软件开发,16.650,17.460,16.130,17.300,16.130,6346900,128679575.00,18.790000,2.870,7.860,否,0.880,8.125,-1.760,59.889,137.311,否,74529018,33782457,1550203574.400,702675105.600,-1693.359677,5.136290,10.982067,16.580,15.230,12.840,10.990,9.690,8.510,8.670,2022-06-17,-
2024-10-30,920564,天润科技,软件开发,16.870,18.050,16.080,18.050,16.080,5328400,109396066.00,15.770000,4.330,11.390,否,0.770,2.849,24.140,56.548,151.393,否,74529018,33782457,1617279690.600,733079316.900,-1766.630047,5.358533,11.457252,17.140,15.890,13.360,11.360,9.860,8.600,8.720,2022-06-17,-
2024-10-31,920564,天润科技,软件开发,18.390,19.090,16.450,17.140,16.450,5094000,106977699.00,15.080000,-5.020,14.610,否,0.730,1.902,12.615,40.377,132.249,否,74529018,33782457,1536043060.980,696256438.770,-1677.891487,5.089372,10.881750,17.370,16.380,13.830,11.680,9.970,8.680,8.770,2022-06-17,-
2024-11-01,920564,天润科技,软件开发,16.430,16.850,14.500,14.970,14.500,3630500,69198358.00,10.750000,-12.660,13.680,否,0.540,-13.468,-6.438,10.480,96.715,否,74529018,33782457,1341522324.000,608084226.000,-1465.407412,4.444866,9.503711,16.860,16.520,14.150,11.940,10.050,8.740,8.810,2022-06-17,-
2024-11-04,920564,天润科技,软件开发,15.390,17.370,14.690,16.580,14.690,4968800,94984044.00,14.710000,10.780,17.890,否,0.900,-8.144,-5.527,-5.849,126.503,否,74529018,33782457,1486108618.920,673622192.580,-1623.345767,4.923924,10.528000,16.810,16.420,14.430,12.260,10.160,8.810,8.860,2022-06-17,-
2024-11-05,920564,天润科技,软件开发,16.490,17.840,16.090,17.420,16.090,5782800,118315029.00,17.120000,5.070,10.530,否,1.140,1.634,3.567,19.807,134.140,否,74529018,33782457,1561382927.100,707742474.150,-1705.571405,5.173330,11.061264,16.830,16.710,14.590,12.600,10.300,8.890,8.910,2022-06-17,-
2024-11-06,920564,天润科技,软件开发,17.390,19.540,16.920,17.720,16.920,6145600,132376925.00,18.190000,1.670,15.040,否,1.240,18.370,2.428,16.426,132.241,否,74529018,33782457,1587468083.400,719566334.100,-1734.065438,5.259758,11.246059,16.770,16.960,14.890,12.950,10.450,8.980,8.960,2022-06-17,-
2024-11-07,920564,天润科技,软件开发,17.470,19.770,17.060,19.290,17.060,6562700,148772906.00,19.430000,8.870,15.310,否,1.280,16.345,6.870,20.563,148.903,否,74529018,33782457,1728327927.420,783415177.830,-1887.933216,5.726469,12.243948,17.200,17.280,15.290,13.340,10.630,9.080,9.020,2022-06-17,-
2024-11-08,920564,天润科技,软件开发,19.380,24.780,18.310,21.060,18.310,8135500,197597578.00,24.080000,9.180,33.590,否,1.500,20.896,22.870,20.000,147.183,否,74529018,33782457,1887074735.760,855371811.240,-2061.339760,6.252445,13.368554,18.410,17.640,15.830,13.790,10.820,9.190,9.090,2022-06-17,-
2024-11-11,920564,天润科技,软件开发,20.690,21.020,18.800,19.360,18.800,5872000,139253015.00,17.380000,-8.060,10.550,否,0.930,9.255,29.325,15.101,76.321,否,74529018,33782457,1735035539.040,786455598.960,-1895.260253,5.748693,12.291467,18.970,17.890,16.240,14.190,11.000,9.300,9.150,2022-06-17,-
2024-11-12,920564,天润科技,软件开发,19.540,19.870,17.720,18.280,17.720,4042600,90353802.00,11.970000,-5.580,11.130,否,0.620,-5.236,10.253,5.665,28.101,否,74529018,33782457,1638147815.640,742538404.860,-1789.425274,5.427675,11.605088,19.140,17.990,16.610,14.560,11.150,9.390,9.200,2022-06-17,-
2024-11-13,920564,天润科技,软件开发,18.550,18.710,17.470,18.560,17.470,2519500,55048845.00,7.460000,1.550,6.820,否,0.410,-11.871,6.544,2.825,57.155,否,74529018,33782457,1663487681.760,754024440.240,-1817.105191,5.511634,11.784602,19.310,18.040,16.960,14.920,11.300,9.490,9.260,2022-06-17,-
2024-11-14,920564,天润科技,软件开发,18.280,18.940,17.820,17.940,17.820,2017800,44435598.00,5.970000,-3.360,6.000,否,0.370,-7.335,1.242,4.667,61.041,否,74529018,33782457,1607590918.260,728687597.490,-1756.046549,5.326431,11.388614,19.040,18.120,17.250,15.260,11.450,9.580,9.320,2022-06-17,-
2024-11-15,920564,天润科技,软件开发,18.630,19.520,17.990,19.490,17.990,5387000,123222726.00,15.950000,8.620,8.530,否,1.190,6.619,1.037,30.194,89.407,否,74529018,33782457,1746214891.740,791522967.510,-1907.471982,5.785734,12.370664,18.730,18.570,17.550,15.620,11.630,9.680,9.380,2022-06-17,-
2024-11-18,920564,天润科技,软件开发,19.540,20.270,17.640,17.760,17.640,3947900,89971757.00,11.690000,-8.880,13.490,否,0.990,-4.310,-15.670,7.117,58.007,否,74529018,33782457,1591194534.300,721255456.950,-1738.136014,5.272105,11.272458,18.410,18.690,17.550,15.850,11.780,9.770,9.430,2022-06-17,-
2024-11-19,920564,天润科技,软件开发,17.760,18.090,15.730,17.170,15.730,3225300,64726559.00,9.550000,-3.330,13.300,否,0.900,-4.292,-11.312,-1.435,58.688,否,74529018,33782457,1538278931.520,697269912.480,-1680.333833,5.096780,10.897589,18.180,18.660,17.680,15.950,11.930,9.850,9.480,2022-06-17,-
2024-11-20,920564,天润科技,软件开发,17.200,20.630,16.990,19.540,16.990,4566300,103605383.00,13.520000,13.860,21.170,否,1.340,0.257,6.893,10.271,69.471,否,74529018,33782457,1751431923.000,793887739.500,-1913.170788,5.803019,12.407623,18.380,18.850,17.900,16.210,12.120,9.950,9.540,2022-06-17,-
2024-11-21,920564,天润科技,软件开发,20.710,21.470,19.370,19.950,19.370,5846400,143104809.00,17.310000,2.090,10.720,否,1.530,12.331,7.489,3.421,63.391,否,74529018,33782457,1787951141.820,810441143.430,-1953.062435,5.924019,12.666335,18.780,18.910,18.100,16.500,12.310,10.060,9.600,2022-06-17,-
2024-11-22,920564,天润科技,软件开发,19.130,22.410,18.960,19.630,18.960,6551100,164286619.00,19.390000,-1.630,17.300,否,1.430,14.327,9.420,-6.790,44.871,否,74529018,33782457,1758884824.800,797265985.200,-1921.311941,5.827713,12.460422,18.810,18.770,18.200,16.810,12.500,10.160,9.660,2022-06-17,-
2024-11-25,920564,天润科技,软件开发,19.550,22.070,18.720,21.620,18.720,5681600,141546513.00,16.820000,10.170,17.080,否,1.180,10.645,10.929,11.674,22.771,否,74529018,33782457,1937754468.000,878343882.000,-2116.699596,6.420362,13.727583,19.580,18.990,18.440,17.160,12.730,10.280,9.730,2022-06-17,-
2024-11-26,920564,天润科技,软件开发,21.080,21.200,18.860,19.030,18.860,4523800,109080691.00,13.390000,-12.000,10.810,否,0.870,-4.612,7.151,4.103,30.880,否,74529018,33782457,1705223931.840,772942616.160,-1862.695644,5.649918,12.080273,19.950,19.070,18.530,17.430,12.920,10.370,9.790,2022-06-17,-
2024-11-27,920564,天润科技,软件开发,18.670,20.390,17.330,20.040,17.330,3664200,82836759.00,10.850000,5.330,16.080,否,0.670,2.089,16.715,7.974,31.669,否,74529018,33782457,1796149333.800,814157213.700,-1962.017702,5.951182,12.724414,20.050,19.220,18.630,17.710,13.120,10.470,9.850,2022-06-17,-
2024-11-28,920564,天润科技,软件开发,19.860,20.590,19.220,19.490,19.220,3621600,86656620.00,10.720000,-2.740,6.850,否,0.690,-9.852,-0.256,8.640,21.813,否,74529018,33782457,1746960181.920,791860792.080,-1908.286097,5.788203,12.375944,19.960,19.370,18.750,17.960,13.320,10.570,9.910,2022-06-17,-
2024-11-29,920564,天润科技,软件开发,19.490,20.190,18.520,19.500,18.520,3512700,81907218.00,10.400000,0.040,8.580,否,0.730,2.470,-2.256,0.051,11.111,否,74529018,33782457,1747705472.100,792198616.650,-1909.100212,5.790673,12.381224,19.940,19.370,18.970,18.150,13.520,10.680,9.970,2022-06-17,-
2024-12-02,920564,天润科技,软件开发,19.460,20.040,19.130,19.420,19.130,2611600,61279046.00,7.730000,-0.430,4.650,否,0.620,-3.094,-1.070,9.347,15.458,否,74529018,33782457,1740252570.300,788820370.950,-1900.959060,5.765979,12.328426,19.500,19.540,19.110,18.210,13.720,10.780,10.030,2022-06-17,-
2024-12-03,920564,天润科技,软件开发,19.540,21.210,19.030,20.630,19.030,6064400,148060963.00,17.950000,6.250,11.220,否,1.690,5.849,-4.579,20.151,19.249,否,74529018,33782457,1849064936.580,838142758.170,-2019.819883,6.126507,13.099282,19.820,19.890,19.270,18.420,13.930,10.900,10.090,2022-06-17,-
2024-12-04,920564,天润科技,软件开发,20.240,20.290,18.720,18.830,18.720,4327900,101254329.00,12.810000,-8.750,7.620,否,1.110,-3.436,-1.051,-3.634,4.321,否,74529018,33782457,1687336967.520,764834826.480,-1843.156879,5.590654,11.953557,19.570,19.810,19.330,18.540,14.120,11.000,10.140,2022-06-17,-
2024-12-05,920564,天润科技,软件开发,18.710,19.280,18.580,18.750,18.580,1900300,43202958.00,5.630000,-0.400,3.710,否,0.470,-3.450,-6.437,-6.015,9.393,否,74529018,33782457,1680629355.900,761794405.350,-1835.829842,5.568429,11.906038,19.430,19.690,19.300,18.630,14.310,11.100,10.190,2022-06-17,-
2024-12-06,920564,天润科技,软件开发,19.030,19.630,18.060,18.110,18.060,2842400,64198995.00,8.410000,-3.460,8.380,否,0.770,-12.215,-7.081,-7.743,20.975,否,74529018,33782457,1622496721.860,735444088.890,-1772.328854,5.375818,11.494211,19.150,19.540,19.160,18.650,14.490,11.190,10.230,2022-06-17,-
2024-12-09,920564,天润科技,软件开发,17.470,17.880,16.460,16.490,16.460,2731100,56079531.00,8.080000,-8.910,7.850,否,0.770,-12.427,-15.436,-23.728,-0.543,否,74529018,33782457,1477910426.940,669906122.310,-1614.390499,4.896761,10.469922,18.560,19.030,19.010,18.640,14.650,11.270,10.260,2022-06-17,-
2024-12-10,920564,天润科技,软件开发,17.520,17.880,16.350,16.350,16.350,2289900,46983208.00,6.780000,-0.860,9.280,否,0.640,-12.800,-15.808,-14.083,-6.142,否,74391018,33782457,1462527413.880,664163104.620,-1597.586917,4.845792,10.360945,17.710,18.760,18.920,18.610,14.800,11.350,10.290,2022-06-17,-
2024-12-11,920564,天润科技,软件开发,16.350,16.530,15.350,15.700,15.350,2177000,41572641.00,6.440000,-3.970,7.170,否,0.770,-13.308,-23.897,-21.657,-11.400,否,74391018,33782457,1404502419.840,637812788.160,-1534.203509,4.653538,9.949880,17.080,18.330,18.770,18.530,14.940,11.430,10.330,2022-06-17,-
2024-12-12,920564,天润科技,软件开发,15.700,16.180,14.980,15.990,14.980,1845900,34481376.00,5.460000,1.800,7.630,否,0.770,-3.032,-15.082,-17.958,-17.107,否,74391018,33782457,1429795365.960,649298823.540,-1561.832174,4.737341,10.129062,16.530,17.980,18.670,18.490,15.090,11.500,10.360,2022-06-17,-
2024-12-13,920564,天润科技,软件开发,15.800,17.120,15.590,16.680,15.590,2873200,57064185.00,8.510000,4.320,9.570,否,1.210,2.018,-11.040,-14.462,-20.798,否,74391018,33782457,1491539910.900,677338262.850,-1629.278620,4.941919,10.566477,16.240,17.700,18.530,18.550,15.240,11.580,10.400,2022-06-17,-
2024-12-16,920564,天润科技,软件开发,16.680,18.050,16.330,16.780,16.330,2597600,53529567.00,7.690000,0.650,10.270,否,1.090,6.879,-7.344,-13.594,-13.326,否,74391018,33782457,1501210743.240,681729982.260,-1639.842522,4.973962,10.634988,16.300,17.430,18.490,18.550,15.410,11.660,10.440,2022-06-17,-
2024-12-17,920564,天润科技,软件开发,16.680,16.730,15.430,15.540,15.430,1536300,29528552.00,4.550000,-7.380,7.730,否,0.650,-2.814,-5.761,-24.673,-14.989,否,74391018,33782457,1390368126.420,631394121.330,-1518.763961,4.606707,9.849748,16.140,16.920,18.400,18.490,15.540,11.730,10.480,2022-06-17,-
2024-12-18,920564,天润科技,软件开发,15.650,15.880,14.600,14.600,14.600,1581800,28814273.00,4.680000,-6.100,8.240,否,0.720,-12.470,-10.703,-22.464,-21.336,否,74391018,33782457,1305562365.900,592882120.350,-1426.126673,4.325720,9.248961,15.920,16.500,18.160,18.390,15.670,11.790,10.510,2022-06-17,-
2024-12-19,920564,天润科技,软件开发,14.180,15.470,13.490,15.220,13.490,2560100,44110266.00,7.580000,4.270,13.560,否,1.230,-9.297,-3.057,-18.827,-15.162,否,74391018,33782457,1361355629.400,618218963.100,-1487.072257,4.510580,9.644216,15.760,16.150,17.920,18.250,15.800,11.860,10.530,2022-06-17,-
2024-12-20,920564,天润科技,软件开发,14.930,15.680,14.780,14.850,14.780,1420000,25898083.00,4.200000,-2.460,5.900,否,0.640,-4.440,-7.129,-18.001,-23.807,否,74391018,33782457,1327879671.300,603016857.450,-1450.504906,4.399664,9.407063,15.400,15.820,17.680,18.040,15.920,11.930,10.540,2022-06-17,-
2024-12-23,920564,天润科技,软件开发,14.960,15.020,13.910,13.910,13.910,1177300,20417603.00,3.480000,-6.330,7.510,否,0.610,-4.726,-16.607,-15.646,-21.678,否,74391018,33782457,1243817820.960,564842681.040,-1358.680226,4.121142,8.811546,14.820,15.560,17.300,17.860,16.030,11.990,10.550,2022-06-17,-
2024-12-24,920564,天润科技,软件开发,14.030,14.370,13.560,13.940,13.560,947600,15888723.00,2.810000,0.240,5.860,否,0.570,-8.410,-16.925,-14.740,-18.812,否,74391018,33782457,1246793461.680,566193979.320,-1361.930657,4.131001,8.832626,14.500,15.320,17.040,17.720,16.140,12.040,10.560,2022-06-17,-
2024-12-25,920564,天润科技,软件开发,13.940,14.050,13.120,13.120,13.120,1123700,18151563.00,3.330000,-5.850,6.680,否,0.730,-11.650,-15.573,-16.433,-32.856,否,74391018,33782457,1173890264.040,533087171.460,-1282.295094,3.889451,8.316160,14.210,15.060,16.700,17.540,16.230,12.090,10.570,2022-06-17,-
2024-12-26,920564,天润科技,软件开发,13.220,13.580,13.020,13.070,13.020,1366700,21819174.00,4.050000,-0.380,4.310,否,0.950,-6.039,-10.479,-18.261,-34.486,否,74391018,33782457,1169426802.960,531060224.040,-1277.419447,3.874662,8.284540,13.780,14.770,16.370,17.370,16.320,12.140,10.580,2022-06-17,-
2024-12-27,920564,天润科技,软件开发,13.070,13.350,12.820,12.970,12.820,1182900,18566626.00,3.500000,-0.830,4.070,否,0.980,-6.958,-14.783,-22.242,-33.928,否,74391018,33782457,1159755970.620,526668504.630,-1266.855546,3.842619,8.216029,13.400,14.400,16.050,17.160,16.390,12.190,10.590,2022-06-17,-
2024-12-30,920564,天润科技,软件开发,12.960,12.960,11.780,12.030,11.780,1633400,24059471.00,4.840000,-7.180,9.110,否,1.410,-8.308,-18.990,-28.308,-44.357,否,74391018,33782457,1076438030.460,488832152.790,-1175.843473,3.566562,7.625782,13.030,13.930,15.680,16.970,16.410,12.230,10.600,2022-06-17,-
2024-12-31,920564,天润科技,软件开发,12.260,12.650,11.870,11.980,11.870,1615000,23926986.00,4.780000,-0.480,6.500,否,1.290,-8.340,-13.875,-22.909,-37.047,否,74391018,33782457,1071230659.200,486467380.800,-1170.155219,3.327919,7.588891,12.630,13.570,15.250,16.790,16.370,12.270,10.600,2022-06-17,-
2025-01-02,920564,天润科技,软件开发,12.030,12.260,11.650,11.860,11.650,1034900,14877937.00,3.060000,-0.970,5.070,否,0.750,-8.558,-14.921,-18.767,-40.818,否,74391018,33782457,1060815916.680,481737836.820,-1158.778710,3.295564,7.515110,12.380,13.300,14.900,16.540,16.370,12.310,10.590,2022-06-17,-
2025-01-03,920564,天润科技,软件开发,12.000,12.470,11.770,12.430,11.770,2244600,32813563.00,6.640000,4.770,5.890,否,1.640,3.325,-5.259,-18.331,-36.224,否,74391018,33782457,1111401808.920,504709907.580,-1214.036039,3.452716,7.873475,12.250,13.020,14.580,16.290,16.390,12.360,10.600,2022-06-17,-
2025-01-06,920564,天润科技,软件开发,12.420,12.910,12.020,12.240,12.020,2175000,32666358.00,6.440000,-1.470,7.160,否,1.410,2.170,-6.350,-17.576,-37.231,否,74391018,33782457,1095035784.960,497277767.040,-1196.158668,3.401873,7.757533,12.110,12.760,14.290,16.040,16.420,12.400,10.600,2022-06-17,-
2025-01-07,920564,天润科技,软件开发,12.330,13.210,12.140,13.040,12.140,2379700,36295168.00,7.040000,6.520,8.700,否,1.370,9.949,0.540,-6.254,-32.853,否,74391018,33782457,1166451162.240,529708925.760,-1274.169016,3.623734,8.263459,12.310,12.670,14.120,15.750,16.450,12.450,10.600,2022-06-17,-
2025-01-08,920564,天润科技,软件开发,12.880,13.140,12.490,12.890,12.490,1890300,29084445.00,5.600000,-1.150,4.970,否,1.000,3.701,7.149,-7.532,-37.518,否,74391018,33782457,1153060779.000,523628083.500,-1259.542076,3.582135,8.168598,12.490,12.560,13.940,15.550,16.490,12.490,10.610,2022-06-17,-
2025-01-09,920564,天润科技,软件开发,13.390,15.390,13.370,14.090,13.370,5336600,93159597.00,15.800000,9.290,15.610,否,2.740,15.114,17.613,7.393,-25.173,否,74391018,33782457,1260183844.920,572274821.580,-1376.557597,3.914927,8.927487,12.940,12.660,13.860,15.350,16.530,12.550,10.620,2022-06-17,-
2025-01-10,920564,天润科技,软件开发,13.430,14.240,12.900,13.030,12.900,3403900,55648507.00,10.080000,-7.500,9.500,否,1.210,-0.077,9.865,-0.306,-30.507,否,74391018,33782457,1165707252.060,529371101.190,-1273.356408,3.621423,8.258189,13.060,12.660,13.710,15.130,16.550,12.590,10.620,2022-06-17,-
2025-01-13,920564,天润科技,软件开发,12.710,12.920,12.100,12.370,12.100,1547400,23231693.00,4.580000,-5.110,6.250,否,0.510,-4.034,-0.483,-4.626,-31.695,否,74391018,33782457,1106194437.660,502345135.590,-1208.347785,3.436539,7.836584,13.080,12.600,13.500,14.900,16.530,12.620,10.620,2022-06-17,-
2025-01-14,920564,天润科技,软件开发,12.750,13.970,12.490,13.970,12.490,2827400,44904863.00,8.370000,12.980,11.970,否,0.970,-0.852,14.134,16.126,-15.282,否,74391018,33782457,1249769102.400,567545277.600,-1365.181088,3.882572,8.853706,13.270,12.790,13.360,14.720,16.470,12.670,10.610,2022-06-17,-
2025-01-15,920564,天润科技,软件开发,13.960,14.680,13.560,13.870,13.560,2729000,46124040.00,8.080000,-0.710,7.980,否,0.910,6.447,6.365,15.776,-15.168,否,74391018,33782457,1240842180.240,563491382.760,-1355.429795,3.854840,8.790466,13.470,12.980,13.270,14.490,16.450,12.710,10.610,2022-06-17,-
2025-01-16,920564,天润科技,软件开发,14.130,14.520,13.710,13.890,13.710,1939700,32740875.00,5.740000,0.120,5.880,否,0.610,12.288,7.758,17.116,-11.529,否,74391018,33782457,1242330000.600,564167031.900,-1357.055011,3.859462,8.801006,13.430,13.180,13.240,14.330,16.430,12.760,10.600,2022-06-17,-
2025-01-17,920564,天润科技,软件开发,13.890,13.910,13.520,13.520,13.520,1320000,21739129.00,3.910000,-2.630,2.750,否,0.530,-3.221,-4.045,8.769,-15.447,否,74391018,33782457,1209597952.680,549302750.820,-1321.300268,3.757775,8.569123,13.520,13.290,13.150,14.150,16.390,12.810,10.600,2022-06-17,-
2025-01-20,920564,天润科技,软件开发,13.860,14.190,13.390,13.430,13.390,1482600,24516178.00,4.390000,-0.680,5.900,否,0.720,-3.172,3.070,9.722,-19.484,否,74391018,33782457,1201414940.700,545586680.550,-1312.361582,3.732354,8.511152,13.740,13.410,13.080,14.000,16.320,12.850,10.610,2022-06-17,-
2025-01-21,920564,天润科技,软件开发,13.580,13.630,12.990,13.350,12.990,1208800,19375081.00,3.580000,-0.620,4.770,否,0.590,-3.888,7.922,2.377,-20.441,否,74391018,33782457,1193975838.900,542208434.850,-1304.235504,3.709243,8.458452,13.610,13.440,13.050,13.890,16.260,12.900,10.610,2022-06-17,-
2025-01-22,920564,天润科技,软件开发,13.370,13.370,12.600,12.640,12.600,1164300,18061122.00,3.450000,-5.300,5.790,否,0.670,-6.509,-9.520,-1.939,-18.662,否,74391018,33782457,1130743473.600,513493346.400,-1235.163842,3.512803,8.010496,13.370,13.420,12.990,13.770,16.190,12.940,10.610,2022-06-17,-
2025-01-23,920564,天润科技,软件开发,12.930,13.400,12.500,12.500,12.500,1284600,20025821.00,3.800000,-1.120,7.110,否,0.900,-6.925,-9.877,-11.285,-14.384,否,74391018,33782457,1118097000.540,507750328.710,-1221.349509,3.473515,7.920905,13.090,13.260,12.960,13.660,16.090,12.980,10.610,2022-06-17,-
2025-01-24,920564,天润科技,软件开发,12.490,13.220,12.390,13.070,12.390,2039000,31679518.00,6.040000,4.590,6.590,否,1.580,-2.097,-5.904,0.307,-14.126,否,74391018,33782457,1169426802.960,531060224.040,-1277.419447,3.632978,8.284540,13.000,13.260,12.960,13.560,16.030,13.000,10.620,2022-06-17,-
2025-01-27,920564,天润科技,软件开发,13.220,14.310,13.220,13.310,13.220,2664000,44041652.00,7.890000,1.780,8.330,否,1.860,5.301,-1.553,7.599,-10.370,否,74391018,33782457,1190256288.000,540519312.000,-1300.172465,3.697688,8.432101,12.970,13.360,12.980,13.450,16.000,13.020,10.630,2022-06-17,-
2025-02-05,920564,天润科技,软件开发,13.560,15.120,13.460,14.450,13.460,4082300,70543219.00,12.080000,8.630,12.500,否,2.440,15.600,7.595,3.436,3.882,否,74391018,33782457,1292915892.840,587139102.660,-1412.312340,4.016613,9.159370,13.190,13.400,13.100,13.370,15.960,13.060,10.650,2022-06-17,-
2025-02-06,920564,天润科技,软件开发,14.180,14.970,13.810,14.970,13.810,3954500,68621179.00,11.710000,3.570,8.000,否,1.760,14.537,12.135,7.931,7.389,否,74391018,33782457,1339038324.000,608084226.000,-1462.694023,4.159899,9.486114,13.660,13.510,13.250,13.350,15.920,13.110,10.660,2022-06-17,-
2025-02-07,920564,天润科技,软件开发,14.620,16.630,14.620,15.740,14.620,5626700,105560987.00,16.660000,5.170,13.440,否,2.010,18.257,24.525,13.319,19.970,否,74391018,33782457,1408221970.740,639501911.010,-1538.266548,4.374827,9.976230,14.310,13.700,13.440,13.390,15.890,13.170,10.680,2022-06-17,-
2025-02-10,920564,天润科技,软件开发,16.380,18.720,16.010,18.410,16.010,7315900,156194952.00,21.660000,16.900,17.220,否,1.990,27.405,47.280,36.169,40.857,否,74391018,33782457,1646273228.340,747605773.410,-1798.301041,5.114364,11.662650,15.380,14.190,13.740,13.500,15.870,13.250,10.710,2022-06-17,-
2025-02-11,920564,天润科技,软件开发,17.810,20.630,17.090,18.960,17.090,8574700,189965545.00,25.380000,3.030,19.200,否,1.810,26.653,45.065,41.176,46.184,否,74391018,33782457,1696115210.400,770240019.600,-1852.745763,5.269205,12.015745,16.510,14.740,14.080,13.640,15.840,13.330,10.740,2022-06-17,-
2025-02-12,920564,天润科技,软件开发,18.200,18.870,17.730,18.380,17.730,5388800,118314145.00,15.950000,-3.070,6.010,否,0.910,16.773,38.092,37.678,52.785,否,74391018,33782457,1644041497.800,746592299.700,-1795.863217,5.107431,11.646840,17.290,15.240,14.340,13.780,15.820,13.410,10.760,2022-06-17,-
2025-02-13,920564,天润科技,软件开发,18.520,18.550,17.060,18.050,17.060,5452400,117633862.00,16.140000,-1.810,8.100,否,0.880,-1.955,24.913,42.801,50.668,否,74391018,33782457,1614285090.600,733079316.900,-1763.358906,5.014989,11.436038,17.910,15.780,14.600,13.920,15.820,13.490,10.790,2022-06-17,-
2025-02-14,920564,天润科技,软件开发,19.100,20.380,18.130,19.300,18.130,7851500,182702971.00,23.240000,6.910,12.440,否,1.210,1.793,28.925,54.400,62.732,否,74391018,33782457,1725871617.600,783753002.400,-1885.250074,5.361647,12.226547,18.620,16.460,14.860,14.130,15.830,13.570,10.820,2022-06-17,-
2025-02-17,920564,天润科技,软件开发,18.840,20.120,18.300,18.820,18.300,4578600,105554578.00,13.550000,-2.460,9.440,否,0.660,2.394,19.568,43.994,51.408,否,74391018,33782457,1683468737.340,764497001.910,-1838.931430,5.229917,11.926153,18.700,17.040,15.150,14.320,15.850,13.650,10.860,2022-06-17,-
2025-02-18,920564,天润科技,软件开发,18.450,20.790,18.030,19.540,18.030,6786700,157794419.00,20.090000,3.840,14.670,否,1.070,8.255,6.138,46.807,59.641,否,74391018,33782457,1748188923.000,793887739.500,-1909.628308,5.430979,12.384649,18.820,17.660,15.510,14.540,15.850,13.740,10.900,2022-06-17,-
2025-02-19,920564,天润科技,软件开发,19.340,21.460,18.880,21.460,18.880,6447500,155520708.00,19.090000,9.790,13.190,否,1.070,11.192,13.186,48.512,64.571,否,74391018,33782457,1919288264.400,871587390.600,-2096.528100,5.962522,13.596764,19.430,18.360,15.880,14.850,15.910,13.850,10.950,2022-06-17,-
2025-02-20,920564,天润科技,软件开发,20.790,21.580,20.380,20.690,20.380,4795500,120561335.00,14.200000,-3.570,5.620,否,0.770,9.936,12.568,38.210,60.512,否,74391018,33782457,1850848527.840,840507530.160,-2021.768183,5.749905,13.111918,19.960,18.940,16.220,15.140,15.970,13.950,10.990,2022-06-17,-
2025-02-21,920564,天润科技,软件开发,20.710,21.100,20.040,20.490,20.040,4082500,100626918.00,12.080000,-0.960,5.100,否,0.670,4.862,13.518,30.178,45.422,否,74391018,33782457,1832994683.520,832399740.480,-2002.265596,5.694439,12.985436,20.200,19.410,16.550,15.430,15.980,14.050,11.030,2022-06-17,-
2025-02-24,920564,天润科技,软件开发,20.340,20.340,18.590,18.980,18.590,4006900,93548379.00,11.860000,-7.390,8.560,否,0.750,-11.556,-1.658,3.096,45.664,否,74391018,33782457,1697603030.760,770915668.740,-1854.370978,5.273827,12.026285,20.230,19.470,16.830,15.650,15.970,14.140,11.070,2022-06-17,-
2025-02-25,920564,天润科技,软件开发,18.310,19.460,17.970,18.840,17.970,2078600,47104810.00,6.150000,-0.740,7.840,否,0.400,-8.942,0.106,-0.633,52.304,否,74391018,33782457,1684956557.700,765172651.050,-1840.556646,5.234539,11.936694,20.090,19.460,17.100,15.870,15.950,14.230,11.110,2022-06-17,-
2025-02-26,920564,天润科技,软件开发,19.030,19.370,18.490,18.920,18.490,1758500,39927360.00,5.210000,0.440,4.680,否,0.410,-7.662,-3.173,2.938,35.433,否,74391018,33782457,1692395659.500,768550896.750,-1848.682724,5.257650,11.989394,19.580,19.510,17.380,16.060,15.910,14.320,11.150,2022-06-17,-
2025-02-27,920564,天润科技,软件开发,18.950,19.500,17.920,19.150,17.920,2685600,60086667.00,7.950000,1.190,8.350,否,0.800,0.896,-10.764,6.094,38.068,否,74391018,33782457,1712481234.360,777672160.140,284.808745,5.320048,9.593406,19.280,19.620,17.700,16.270,15.910,14.410,11.190,2022-06-17,-
2025-02-28,920564,天润科技,软件开发,19.000,19.590,17.880,17.950,17.880,1834200,40923676.00,5.430000,-6.260,8.910,否,0.630,-4.724,-13.243,-6.995,29.230,否,74391018,33782457,1605358168.440,729025422.060,266.992733,4.987256,8.993298,18.770,19.480,17.970,16.400,15.880,14.500,11.220,2022-06-17,-
2025-03-03,920564,天润科技,软件开发,18.300,18.460,17.470,18.090,17.470,1400300,30348537.00,4.150000,0.790,5.560,否,0.570,-4.387,-11.713,-3.879,33.802,否,74391018,33782457,1618004641.500,734768439.750,269.096013,5.026544,9.064144,18.590,19.410,18.230,16.570,15.850,14.580,11.250,2022-06-17,-
2025-03-04,920564,天润科技,软件开发,18.250,19.700,18.090,19.470,18.090,3540700,81519254.00,10.480000,7.630,8.920,否,1.810,1.671,2.582,-0.358,44.974,否,74391018,33782457,1741493731.380,790847318.370,289.633915,5.410179,9.755936,18.720,19.400,18.530,16.810,15.850,14.680,11.290,2022-06-17,-
2025-03-05,920564,天润科技,软件开发,19.140,21.440,19.140,20.600,19.140,4958800,122005668.00,14.680000,5.810,11.830,否,2.210,14.763,9.342,-4.007,54.307,否,74391018,33782457,1842665515.860,836791459.890,306.460149,5.724483,10.322705,19.050,19.320,18.840,17.030,15.870,14.790,11.330,2022-06-17,-
2025-03-06,920564,天润科技,软件开发,20.780,22.170,19.790,20.900,19.790,5487000,138485108.00,16.240000,1.450,11.550,否,1.900,15.533,10.465,1.015,65.348,否,74391018,33782457,1869446282.340,848953144.410,310.914152,5.807681,10.472733,19.400,19.340,19.140,17.260,15.880,14.900,11.370,2022-06-17,-
2025-03-07,920564,天润科技,软件开发,20.880,22.660,20.380,20.970,20.380,4896600,126983553.00,14.490000,0.320,10.940,否,1.420,7.704,9.504,2.343,67.760,否,74391018,33782457,1875397563.780,851655740.970,311.903930,5.826169,10.506072,20.010,19.390,19.400,17.500,15.910,15.020,11.410,2022-06-17,-
2025-03-10,920564,天润科技,软件开发,21.290,21.370,19.650,20.780,19.650,3377000,83265580.00,10.000000,-0.910,8.170,否,0.830,0.874,15.766,9.484,58.990,否,74391018,33782457,1858287629.640,843885775.860,309.058317,5.773015,10.410221,20.540,19.570,19.520,17.740,15.950,15.130,11.460,2022-06-17,-
2025-03-11,920564,天润科技,软件开发,19.950,20.880,19.950,20.480,19.950,1946900,47558430.00,5.760000,-1.440,4.440,否,0.440,-2.010,13.212,8.705,53.869,否,74391018,33782457,1831506863.160,831724091.340,304.604314,5.689817,10.260194,20.750,19.730,19.590,17.980,15.990,15.240,11.500,2022-06-17,-
2025-03-12,920564,天润科技,软件开发,20.480,21.370,20.040,20.050,20.040,2909900,72664587.00,8.610000,-2.070,6.500,否,0.700,-4.387,2.979,5.973,38.754,否,74391018,33782457,1793567443.980,814495038.270,298.294477,5.571953,10.047656,20.640,19.840,19.680,18.200,16.040,15.350,11.540,2022-06-17,-
2025-03-13,920564,天润科技,软件开发,19.860,20.130,18.960,19.350,18.960,2416800,56622313.00,7.150000,-3.530,5.810,否,0.650,-6.882,-6.068,1.044,29.259,否,74391018,33782457,1730335078.680,785779949.820,287.778081,5.375514,9.693425,20.330,19.860,19.740,18.420,16.090,15.450,11.580,2022-06-17,-
2025-03-14,920564,天润科技,软件开发,19.350,25.140,19.350,25.140,19.350,11101500,321387331.00,32.860000,29.970,29.970,否,3.570,22.754,20.287,40.056,59.720,否,74391018,33782457,2248840474.140,1021243675.110,374.012527,6.986319,12.598118,21.160,20.580,20.030,18.840,16.250,15.600,11.630,2022-06-17,-
2025-03-17,920564,天润科技,软件开发,26.710,27.530,22.230,22.460,22.230,12269100,353080459.00,36.320000,-10.680,21.070,否,2.820,12.020,7.105,24.157,21.999,否,74391018,33782457,2008557486.000,912126339.000,334.050223,6.239848,11.252041,21.500,21.020,20.220,19.160,16.360,15.720,11.680,2022-06-17,-
2025-03-18,920564,天润科技,软件开发,22.470,22.650,21.460,21.680,21.460,6354100,167085220.00,18.810000,-3.440,5.300,否,1.040,12.041,4.331,11.351,14.346,否,74391018,33782457,1939373839.260,880708653.990,322.544048,6.024920,10.864470,21.740,21.240,20.320,19.440,16.440,15.840,11.720,2022-06-17,-
2025-03-19,920564,天润科技,软件开发,21.210,21.870,20.160,20.260,20.160,4399200,110795558.00,13.020000,-6.560,7.900,否,0.630,-19.411,-1.074,-1.650,10.229,否,74391018,33782457,1812165198.480,822940652.520,301.387534,5.629730,10.151841,21.780,21.210,20.260,19.630,16.500,15.950,11.760,2022-06-17,-
2025-03-20,920564,天润科技,软件开发,20.450,20.780,19.760,19.770,19.760,2879400,70408253.00,8.520000,-2.420,5.010,否,0.390,-11.977,-1.397,-5.407,9.529,否,74391018,33782457,1768274497.860,803009002.890,294.087918,5.493377,9.905963,21.860,21.090,20.220,19.790,16.570,16.060,11.800,2022-06-17,-
2025-03-21,920564,天润科技,软件开发,19.540,19.930,18.500,18.550,18.500,2789300,64106894.00,8.260000,-6.180,7.240,否,0.380,-14.437,-4.134,-11.540,-3.886,否,74391018,33782457,1658919701.400,753348791.100,275.900739,5.153652,9.293352,20.540,20.850,20.120,19.880,16.640,16.150,11.840,2022-06-17,-
2025-03-24,920564,天润科技,软件开发,18.510,19.270,18.340,19.190,18.340,2336700,52948654.00,6.920000,3.450,5.020,否,0.410,-5.281,-23.667,-7.652,1.966,否,74391018,33782457,1716200785.260,779361282.990,285.427357,5.331604,9.614244,19.890,20.690,20.130,19.910,16.700,16.250,11.880,2022-06-17,-
2025-03-25,920564,天润科技,软件开发,19.020,20.120,18.760,19.590,18.760,3279700,76671068.00,9.710000,2.120,7.070,否,0.870,-0.910,-12.778,-4.346,0.256,否,74391018,33782457,1752652384.080,795914686.920,291.489750,5.444845,9.818447,19.470,20.600,20.170,19.930,16.780,16.350,11.920,2022-06-17,-
2025-03-26,920564,天润科技,软件开发,19.540,19.590,18.960,19.050,18.960,2014900,46668827.00,5.960000,-2.800,3.180,否,0.640,2.695,-12.131,-4.988,-11.230,否,74391018,33782457,1703554312.200,773618265.300,283.324078,5.292316,9.543397,19.230,20.500,20.170,19.950,16.870,16.450,11.960,2022-06-17,-
2025-03-27,920564,天润科技,软件开发,19.350,19.520,18.550,18.840,18.550,1903500,43697988.00,5.630000,-1.090,5.110,否,0.720,-1.824,-7.009,-2.636,-8.942,否,74391018,33782457,1684956557.700,765172651.050,280.231020,5.234539,9.439212,19.040,20.450,20.160,19.980,16.950,16.540,12.000,2022-06-17,-
2025-03-28,920564,天润科技,软件开发,18.900,19.050,17.750,17.810,17.750,2236600,49346735.00,6.620000,-5.470,6.890,否,0.910,-9.086,-9.914,-29.157,-13.080,否,74391018,33782457,1592711695.380,723282404.370,264.889454,4.947968,8.922451,18.900,19.720,20.150,19.930,17.030,16.630,12.030,2022-06-17,-
2025-03-31,920564,天润科技,软件开发,17.570,17.960,17.130,17.680,17.130,1972700,41408412.00,5.840000,-0.700,4.620,否,0.840,-7.192,-4.690,-21.282,-6.849,否,74391018,33782457,1581553042.680,718215035.820,263.033620,5.010363,8.859940,18.590,19.240,20.130,19.890,17.100,16.710,12.060,2022-06-17,-
2025-04-01,920564,天润科技,软件开发,17.810,18.080,17.570,17.610,17.570,1265500,27079278.00,3.750000,-0.420,2.920,否,0.550,-6.529,-8.233,-18.773,-6.529,否,74391018,33782457,1574857851.060,715174614.690,261.920119,4.989152,8.822433,18.200,18.840,20.040,19.830,17.180,16.790,12.090,2022-06-17,-
2025-04-02,920564,天润科技,软件开发,17.470,17.920,17.320,17.660,17.320,1231000,26056573.00,3.640000,0.280,3.400,否,0.660,-0.842,-9.852,-12.833,-6.660,否,74391018,33782457,1579321312.140,717201562.110,262.662453,5.003293,8.847438,17.920,18.580,19.890,19.700,17.280,16.840,12.120,2022-06-17,-
2025-04-03,920564,天润科技,软件开发,17.500,18.120,17.180,17.950,17.180,2142200,45769948.00,6.340000,1.650,5.320,否,1.240,1.527,-5.774,-9.206,-6.266,否,74391018,33782457,1605358168.440,729025422.060,266.992733,5.085777,8.993298,17.740,18.390,19.740,19.610,17.380,16.870,12.160,2022-06-17,-
2025-04-07,920564,天润科技,软件开发,16.880,16.880,12.800,13.380,12.800,3242000,57353311.00,9.600000,-25.440,22.750,否,1.830,-24.020,-28.981,-27.871,-25.460,否,74391018,33782457,1196951479.620,543559733.130,199.069188,3.791944,6.705383,16.860,17.880,19.360,19.370,17.400,16.890,12.170,2022-06-17,-
2025-04-08,920564,天润科技,软件开发,14.010,14.800,13.850,14.520,13.850,3063200,52639172.00,9.070000,8.510,7.090,否,1.550,-17.780,-18.473,-24.336,-19.735,否,74391018,33782457,1298867174.280,589841699.220,216.019144,4.114813,7.276320,16.220,17.410,19.050,19.220,17.440,16.910,12.200,2022-06-17,-
2025-04-09,920564,天润科技,软件开发,14.310,18.270,14.140,17.220,14.140,5214300,101186554.00,15.440000,18.610,28.470,否,2.380,-4.067,-2.602,-12.098,-11.556,否,74391018,33782457,1540637982.780,699634684.470,256.228893,4.880744,8.630732,16.150,17.170,18.890,19.170,17.520,16.970,12.230,2022-06-17,-
2025-04-10,920564,天润科技,软件开发,16.690,18.980,16.690,17.860,16.690,5979200,129334796.00,17.700000,3.720,13.280,否,2.010,33.483,1.420,-6.247,-13.301,否,74391018,33782457,1597919066.640,725647176.360,265.755510,5.062210,8.951623,16.190,17.050,18.780,19.130,17.600,17.030,12.270,2022-06-17,-
2025-04-11,920564,天润科技,软件开发,17.370,19.170,17.270,18.310,17.270,5145400,114606747.00,15.230000,2.510,10.660,否,1.310,26.102,3.681,-2.813,-12.392,否,74391018,33782457,1638090216.360,743889703.140,272.436515,5.189473,9.176664,16.260,17.000,18.730,19.110,17.690,17.090,12.300,2022-06-17,-
2025-04-14,920564,天润科技,软件开发,18.310,19.960,18.310,19.540,18.310,5587200,128915336.00,16.540000,6.680,8.990,否,1.230,13.473,8.858,9.714,-6.819,否,74391018,33782457,1747445012.820,793549914.930,290.623694,5.535909,9.789275,17.490,17.170,18.450,19.160,17.780,17.160,12.340,2022-06-17,-
2025-04-15,920564,天润科技,软件开发,19.170,20.210,18.850,19.220,18.850,4211600,98112487.00,12.470000,-1.620,6.940,否,0.840,7.615,43.647,8.710,-7.507,否,74391018,33782457,1719176425.980,780712581.270,285.922246,5.446354,9.630913,18.430,17.330,18.280,19.200,17.880,17.210,12.380,2022-06-17,-
2025-04-16,920564,天润科技,软件开发,19.130,21.290,18.960,20.520,18.960,7688700,186877558.00,22.760000,6.750,12.120,否,1.470,12.070,41.322,16.525,0.195,否,74391018,33782457,1835226414.060,833413214.190,305.222926,5.814000,10.281031,19.090,17.620,18.230,19.230,18.020,17.270,12.430,2022-06-17,-
2025-04-17,920564,天润科技,软件开发,20.110,22.460,19.540,21.420,19.540,8683500,218563333.00,25.700000,4.380,14.230,否,1.520,9.621,24.390,21.291,6.833,否,74391018,33782457,1915568713.500,869898267.750,318.584934,6.068525,10.731113,19.800,17.990,18.280,19.260,18.140,17.300,12.480,2022-06-17,-
2025-04-18,920564,天润科技,软件开发,21.210,21.460,19.940,19.940,19.940,6198000,154876312.00,18.350000,-6.870,7.070,否,0.990,3.746,11.646,11.086,3.049,否,74391018,33782457,1783896611.640,810103318.860,296.686087,5.651388,9.993479,20.130,18.190,18.290,19.230,18.240,17.350,12.530,2022-06-17,-
2025-04-21,920564,天润科技,软件开发,19.460,20.280,19.460,19.850,19.460,3969900,94886129.00,11.750000,-0.460,4.090,否,0.610,-3.265,8.411,48.356,-21.042,否,74391018,33782457,1775713599.660,806387248.590,295.325141,5.625464,9.947637,20.190,18.840,18.360,19.190,18.340,17.390,12.580,2022-06-17,-
2025-04-22,920564,天润科技,软件开发,19.540,20.140,19.030,19.330,19.030,4185500,98531609.00,12.390000,-2.640,5.610,否,0.680,-9.757,-1.075,33.127,-13.936,否,74391018,33782457,1728847258.320,785104300.680,287.530636,5.476991,9.685090,20.210,19.320,18.370,19.140,18.440,17.420,12.620,2022-06-17,-
2025-04-23,920564,天润科技,软件开发,19.360,19.800,19.150,19.370,19.150,2328100,54340157.00,6.890000,0.220,3.360,否,0.380,-2.859,0.780,12.485,-10.655,否,74391018,33782457,1732566809.220,786793423.530,288.149248,5.488775,9.705927,19.980,19.540,18.350,19.100,18.540,17.430,12.660,2022-06-17,-
2025-04-24,920564,天润科技,软件开发,19.130,19.520,18.080,18.090,18.080,2986000,66611875.00,8.840000,-6.610,7.430,否,0.590,-8.866,-11.842,1.288,-10.711,否,74391018,33782457,1618004641.500,734768439.750,269.096013,5.125842,9.064144,19.320,19.560,18.310,19.040,18.620,17.440,12.710,2022-06-17,-
2025-04-25,920564,天润科技,软件开发,18.290,19.060,18.130,18.390,18.130,2440600,54810844.00,7.220000,1.660,5.150,否,0.620,-4.863,-14.146,0.437,-6.980,否,74391018,33782457,1644785407.980,746930124.270,273.550016,5.210683,9.214171,19.010,19.570,18.280,19.010,18.710,17.450,12.750,2022-06-17,-
2025-04-28,920564,天润科技,软件开发,18.710,18.860,17.370,17.370,17.370,1999900,42872639.00,5.920000,-5.520,8.100,否,0.630,-10.325,-12.889,-11.105,-6.361,否,74391018,33782457,1554028366.020,705715526.730,259.294141,4.923165,8.660196,18.510,19.350,18.260,18.750,18.800,17.440,12.790,2022-06-17,-
2025-04-29,920564,天润科技,软件开发,17.290,17.760,17.120,17.450,17.120,1390300,29249095.00,4.120000,0.430,3.730,否,0.500,-3.538,-12.091,-9.209,-9.067,否,74391018,33782457,1560723557.640,708755947.860,260.411253,4.944375,8.697506,18.130,19.170,18.250,18.580,18.870,17.450,12.840,2022-06-17,-
2025-04-30,920564,天润科技,软件开发,17.450,18.400,17.450,18.220,17.450,1785000,38827151.00,5.280000,4.430,5.430,否,0.800,-0.924,-5.742,-11.209,-6.993,否,74391018,33782457,1629907204.380,740173632.870,271.954745,5.163549,9.083049,17.900,18.940,18.280,18.470,18.950,17.470,12.880,2022-06-17,-
2025-05-06,920564,天润科技,软件开发,18.480,19.440,18.480,19.440,18.480,2514400,57775997.00,7.440000,6.710,5.290,否,1.190,11.917,0.361,-9.244,2.047,否,74391018,33782457,1739262000.840,789833844.660,290.200910,5.509985,9.692455,18.170,18.750,18.370,18.440,19.030,17.500,12.930,2022-06-17,-
2025-05-07,920564,天润科技,软件开发,19.960,20.170,18.860,19.200,18.860,2960000,69197498.00,8.760000,-1.240,6.720,否,1.460,10.029,6.136,-3.711,1.911,否,74391018,33782457,1717688605.620,780036932.130,286.601327,5.441640,9.572232,18.340,18.670,18.430,18.420,19.100,17.510,12.980,2022-06-17,-
2025-05-08,920564,天润科技,软件开发,18.940,19.560,18.940,19.490,18.940,1906100,44301556.00,5.640000,1.520,3.250,否,0.890,6.970,5.982,-1.814,9.433,否,74391018,33782457,1743725461.920,791860792.080,290.945652,5.524125,9.717328,18.760,18.640,18.740,18.450,19.170,17.530,13.030,2022-06-17,-
2025-05-09,920564,天润科技,软件开发,19.640,20.130,19.130,19.750,19.130,3203900,75936815.00,9.480000,1.320,5.120,否,1.520,1.595,13.702,2.173,11.708,否,74391018,33782457,1766786677.500,802333353.750,294.793482,5.597183,9.845843,19.220,18.680,19.000,18.470,19.190,17.530,13.070,2022-06-17,-
2025-05-12,920564,天润科技,软件开发,19.790,20.530,19.590,20.370,19.590,3345600,80857456.00,9.900000,3.120,4.760,否,1.350,6.094,16.734,5.163,15.673,否,74391018,33782457,1821836030.820,827332371.930,303.978627,5.771580,10.152618,19.650,18.780,19.160,18.500,19.210,17.530,13.130,2022-06-17,-
2025-05-13,920564,天润科技,软件开发,20.540,20.620,19.250,19.400,19.250,3282200,78163763.00,9.720000,-4.780,6.700,否,1.180,-0.462,6.476,7.242,9.853,否,74391018,33782457,1734798539.760,787806897.240,289.456169,5.495845,9.667581,19.640,18.910,19.230,18.510,19.230,17.530,13.170,2022-06-17,-
2025-05-14,920564,天润科技,软件开发,19.520,23.270,19.290,22.760,19.290,10563100,278462578.00,31.270000,17.320,20.540,否,3.590,15.241,17.078,23.763,26.797,否,74391018,33782457,2035338252.480,924288023.520,339.602092,6.447955,11.342411,20.350,19.350,19.460,18.640,19.310,17.560,13.230,2022-06-17,-
2025-05-15,920564,天润科技,软件开发,21.460,22.040,20.790,21.410,20.790,7692200,197592405.00,22.770000,-5.920,5.480,否,1.720,5.106,11.510,23.258,60.015,否,74391018,33782457,1914824803.320,869560443.180,319.494073,6.066168,10.670821,20.740,19.750,19.550,18.760,19.340,17.590,13.290,2022-06-17,-
2025-05-16,920564,天润科技,软件开发,20.830,21.210,20.480,20.670,20.480,4056300,101394040.00,12.010000,-3.460,3.420,否,0.720,6.546,6.054,18.453,42.355,否,74391018,33782457,1848616797.300,839494056.450,308.447075,5.856421,10.301861,20.920,20.070,19.620,18.860,19.370,17.610,13.340,2022-06-17,-
2025-05-19,920564,天润科技,软件开发,20.840,21.030,20.210,20.910,20.210,2984800,74471614.00,8.840000,1.170,3.940,否,0.520,-8.128,5.873,14.764,21.429,否,74391018,33782457,1870190192.520,849290968.980,312.046659,5.924766,10.422084,21.030,20.340,19.640,18.970,19.400,17.620,13.390,2022-06-17,-
2025-05-20,920564,天润科技,软件开发,20.730,21.380,20.680,21.070,20.680,3310000,83636078.00,9.800000,0.760,3.380,否,0.580,-1.588,3.436,8.385,17.973,否,74391018,33782457,1884324485.940,855709635.810,314.405007,5.969543,10.500850,21.360,20.500,19.620,19.080,19.390,17.650,13.450,2022-06-17,-
2025-05-21,920564,天润科技,软件开发,21.320,21.620,20.290,20.360,20.290,3109300,77997536.00,9.200000,-3.360,6.320,否,0.540,-1.500,4.948,6.042,11.196,否,74391018,33782457,1821092120.640,826994547.360,303.854503,5.769223,10.148473,20.880,20.620,19.650,19.160,19.380,17.680,13.500,2022-06-17,-
2025-05-22,920564,天润科技,软件开发,20.240,20.540,18.960,19.640,18.960,3376000,80093107.00,9.990000,-3.550,7.760,否,0.800,-6.074,-13.708,0.770,0.512,否,74391018,33782457,1756371934.980,797603809.770,293.055752,5.564189,9.787804,20.530,20.630,19.630,19.370,19.370,17.680,13.550,2022-06-17,-
2025-05-23,920564,天润科技,软件开发,19.670,20.070,19.300,19.350,19.300,1999800,47175606.00,5.920000,-1.480,3.940,否,0.590,-8.163,-9.622,-2.025,0.676,否,74391018,33782457,1730335078.680,785779949.820,288.711427,5.481705,9.642707,20.270,20.590,19.640,19.530,19.380,17.670,13.600,2022-06-17,-
2025-05-26,920564,天润科技,软件开发,19.380,19.970,19.220,19.970,19.220,1688400,39682454.00,5.000000,3.220,3.870,否,0.570,-1.916,-3.387,-1.964,-2.680,否,74391018,33782457,1786128342.180,811116792.570,298.020695,5.658458,9.953629,20.080,20.550,19.670,19.620,19.400,17.670,13.650,2022-06-17,-
2025-05-27,920564,天润科技,软件开发,19.850,20.210,19.690,19.990,19.690,1489400,35722124.00,4.410000,0.120,2.580,否,0.550,1.782,-4.400,3.041,-6.676,否,74391018,33782457,1788360072.720,812130266.280,298.393066,5.665528,9.966066,19.860,20.610,19.760,19.690,19.410,17.660,13.700,2022-06-17,-
2025-05-28,920564,天润科技,软件开发,20.140,20.190,19.090,19.210,19.090,1732700,40724309.00,5.130000,-3.910,5.530,否,0.740,-0.724,-8.828,-15.598,-3.661,否,74391018,33782457,1718432515.800,780374756.700,286.725450,5.443997,9.576377,19.630,20.260,19.800,19.720,19.410,17.660,13.750,2022-06-17,-
2025-05-29,920564,天润科技,软件开发,19.300,20.380,19.040,20.310,19.040,2868200,68951150.00,8.490000,5.710,6.970,否,1.390,1.703,-0.246,-5.138,2.317,否,74391018,33782457,1816628659.560,824967599.940,303.109762,5.755083,10.123599,19.770,20.150,19.950,19.750,19.450,17.660,13.800,2022-06-17,-
2025-05-30,920564,天润科技,软件开发,20.160,20.610,19.580,19.720,19.580,2090400,50179805.00,6.190000,-2.910,5.080,否,1.070,-1.351,0.407,-4.596,2.018,否,74391018,33782457,1763811036.780,800982055.470,294.296988,5.587756,9.829260,19.840,20.050,20.060,19.770,19.480,17.670,13.850,2022-06-17,-
2025-06-03,920564,天润科技,软件开发,19.890,20.200,19.690,20.090,19.690,1688300,40667155.00,5.000000,1.860,2.570,否,0.860,4.581,3.824,-3.922,3.717,否,74391018,33782457,1796543084.700,815846336.550,299.758425,5.691452,10.011667,19.860,19.970,20.160,19.750,19.490,17.670,13.900,2022-06-17,-
2025-06-04,920564,天润科技,软件开发,20.090,20.370,19.970,20.140,19.970,1715800,41588531.00,5.080000,0.250,1.990,否,0.870,-0.837,0.851,-4.414,11.332,否,74391018,33782457,1801006545.780,817873283.970,300.503167,5.705592,10.036541,19.890,19.880,20.190,19.710,19.480,17.680,13.960,2022-06-17,-
2025-06-05,920564,天润科技,软件开发,20.040,20.820,19.760,20.780,19.760,3376500,82693336.00,9.990000,3.220,5.250,否,1.670,5.375,3.952,2.063,12.996,否,74391018,33782457,1859031539.820,844223600.430,310.184805,5.889415,10.359899,20.210,19.920,20.270,19.740,19.480,17.680,14.010,2022-06-17,-
2025-06-06,920564,天润科技,软件开发,20.950,22.170,20.250,21.420,20.250,5481200,139257281.00,16.220000,3.080,9.240,否,2.330,6.620,11.504,9.063,23.316,否,74391018,33782457,1916312623.680,870236092.320,319.742320,6.070882,10.679112,20.430,20.100,20.370,19.790,19.490,17.700,14.070,2022-06-17,-
2025-06-09,920564,天润科技,软件开发,21.620,22.010,21.160,21.920,21.160,4041000,105096176.00,11.960000,2.290,3.960,否,1.410,8.838,7.927,13.282,25.616,否,74391018,33782457,1960203324.300,890167741.950,327.065611,6.209928,10.923703,20.870,20.360,20.470,19.880,19.510,17.730,14.120,2022-06-17,-
2025-06-10,920564,天润科技,软件开发,22.040,22.650,20.690,21.140,20.690,3590500,92121175.00,10.630000,-3.530,8.920,否,1.100,1.732,7.201,5.859,16.026,否,74391018,33782457,1891019677.560,858750056.940,315.522119,5.990754,10.538161,21.080,20.470,20.510,19.930,19.520,17.750,14.180,2022-06-17,-
2025-06-11,920564,天润科技,软件开发,21.290,22.020,20.960,21.400,20.960,3369600,87451207.00,9.970000,1.220,5.040,否,0.930,-0.093,6.521,7.054,10.082,否,74391018,33782457,1914080893.140,869222618.610,319.369950,6.063812,10.666675,21.330,20.610,20.610,20.040,19.540,17.790,14.230,2022-06-17,-
2025-06-12,920564,天润科技,软件开发,21.410,21.860,21.140,21.270,21.140,2771000,71543667.00,8.200000,-0.580,3.340,否,0.700,-2.965,5.611,10.724,10.781,否,74391018,33782457,1902922240.440,864155250.060,317.508096,6.028461,10.604491,21.430,20.820,20.540,20.140,19.570,17.830,14.290,2022-06-17,-
2025-06-13,920564,天润科技,软件开发,21.320,21.320,20.280,20.280,20.280,2503800,62546641.00,7.410000,-4.650,4.850,否,0.650,-4.068,-2.406,-0.148,4.053,否,74391018,33782457,1814396929.020,823954126.230,302.737391,5.748013,10.111162,21.200,20.820,20.480,20.240,19.490,17.870,14.340,2022-06-17,-
2025-06-16,920564,天润科技,软件开发,20.430,20.950,20.200,20.870,20.200,2013700,50083055.00,5.960000,2.870,3.690,否,0.620,-2.477,-2.568,5.832,5.671,否,74391018,33782457,1866470641.620,847601846.130,311.426041,5.912982,10.401355,20.990,20.930,20.490,20.350,19.470,17.910,14.390,2022-06-17,-
2025-06-17,920564,天润科技,软件开发,21.030,21.360,20.460,20.620,20.460,1690200,42334059.00,5.010000,-1.200,4.300,否,0.590,-3.056,-5.931,2.638,1.227,否,74391018,33762957,1844153336.220,836983704.030,307.702334,5.842281,10.276987,20.890,20.980,20.480,20.430,19.450,17.950,14.450,2022-06-17,-
2025-06-18,920564,天润科技,软件开发,20.710,20.740,19.970,20.110,19.970,1716400,41825678.00,5.080000,-2.460,3.750,否,0.690,-0.838,-4.872,-0.149,3.660,否,74253018,33762957,1795437975.240,816388300.260,299.574035,5.687951,10.005509,20.630,20.980,20.430,20.450,19.450,17.970,14.500,2022-06-17,-
2025-06-19,920564,天润科技,软件开发,20.210,20.330,18.880,18.990,18.880,2253000,52847105.00,6.670000,-5.580,7.200,否,1.050,-9.008,-11.262,-8.614,-16.564,否,74253018,33762957,1695196400.940,770808308.310,282.848437,5.370385,9.446889,20.170,20.800,20.360,20.450,19.430,18.000,14.550,2022-06-17,-
2025-06-20,920564,天润科技,软件开发,19.050,19.380,18.750,18.770,18.750,1018600,23269100.00,3.020000,-1.140,3.290,否,0.500,-8.972,-11.754,-12.372,-12.331,否,74253018,33762957,1675890616.260,762029939.490,279.627211,5.309224,9.339303,19.870,20.540,20.320,20.420,19.440,18.040,14.600,2022-06-17,-
2025-06-23,920564,天润科技,软件开发,18.810,19.380,18.460,19.380,18.460,1212000,27822151.00,3.590000,3.230,4.920,否,0.700,-3.630,-4.438,-11.588,-6.241,否,74253018,33762957,1730095319.400,786676898.100,288.671423,5.480945,9.641371,19.570,20.280,20.320,20.410,19.440,18.070,14.650,2022-06-17,-
2025-06-24,920564,天润科技,软件开发,19.540,20.370,19.520,20.280,19.520,2023200,48735721.00,5.990000,4.640,4.380,否,1.280,6.793,-2.827,-4.068,-3.013,否,74253018,33762957,1810288578.840,823140891.660,302.051901,5.734997,10.088267,19.510,20.200,20.330,20.410,19.450,18.120,14.700,2022-06-17,-
2025-06-25,920564,天润科技,软件开发,20.280,21.080,20.070,21.000,20.070,2771100,68896436.00,8.210000,3.570,5.000,否,1.680,11.881,1.843,-1.869,-0.332,否,74253018,33762957,1874888704.500,852514664.250,312.830619,5.939651,10.448267,19.680,20.160,20.390,20.460,19.480,18.180,14.760,2022-06-17,-
2025-06-26,920564,天润科技,软件开发,21.190,23.120,21.000,22.160,21.000,6555100,173128341.00,19.420000,5.540,10.100,否,3.530,14.345,10.194,4.184,8.841,否,74253018,33762957,1978842929.700,899782804.050,330.175683,6.268978,11.027577,20.320,20.250,20.530,20.440,19.540,18.240,14.820,2022-06-17,-
2025-06-27,920564,天润科技,软件开发,21.750,22.680,21.200,21.250,21.200,4272500,112313184.00,12.650000,-4.130,6.680,否,1.570,4.783,11.901,4.783,8.198,否,74253018,33762957,1897164609.900,862643551.350,316.547419,6.010221,10.572405,20.810,20.340,20.580,20.440,19.600,18.310,14.880,2022-06-17,-
2025-06-30,920564,天润科技,软件开发,21.210,21.520,20.900,21.100,20.900,1956500,49626466.00,5.790000,-0.700,2.900,否,0.580,0.476,12.413,1.102,9.044,否,74253018,33762957,1883799066.660,856566219.090,314.317339,5.984968,10.497922,21.160,20.370,20.650,20.450,19.650,18.380,14.930,2022-06-17,-
2025-07-01,920564,天润科技,软件开发,21.170,21.180,20.320,20.690,20.320,2197600,45414615.00,5.420000,-18.450,3.390,否,0.630,-6.634,6.760,0.339,3.605,否,89103621,40515548,1843553918.490,838266688.120,307.602319,5.857107,10.273647,21.240,20.370,20.680,20.440,19.700,18.440,14.990,2022-06-17,-
2025-07-02,920564,天润科技,软件开发,20.600,20.900,20.420,20.760,20.420,1651100,34094317.00,4.080000,0.340,2.320,否,0.470,-2.306,2.367,3.232,3.852,否,89103621,40515548,1849791171.960,841102776.480,308.643023,5.876923,10.308405,21.190,20.440,20.710,20.430,19.760,18.520,15.040,2022-06-17,-
2025-07-03,920564,天润科技,软件开发,20.800,21.380,20.630,21.040,20.630,1963100,41233950.00,4.850000,1.350,3.610,否,0.590,-0.284,0.190,10.795,9.526,否,89103621,40515548,1874740185.840,852447129.920,312.805838,5.956188,10.447439,20.970,20.640,20.720,20.460,19.810,18.590,15.100,2022-06-17,-
2025-07-04,920564,天润科技,软件开发,21.800,23.100,21.070,21.230,21.070,6084900,135121135.00,15.020000,0.900,9.650,否,2.530,2.610,-4.197,13.106,4.530,否,89103621,40515548,1891669873.830,860145084.040,315.630606,6.009975,10.541784,20.960,20.890,20.710,20.510,19.940,18.670,15.150,2022-06-17,-
2025-07-07,920564,天润科技,软件开发,20.500,21.220,20.310,20.460,20.310,3830700,78956852.00,9.460000,-3.630,4.290,否,1.380,-1.445,-3.718,5.573,3.753,否,89103621,40515548,1823060085.660,828948112.080,304.182864,5.791996,10.159440,20.840,21.000,20.640,20.550,20.040,18.740,15.210,2022-06-17,-
2025-07-08,920564,天润科技,软件开发,20.360,20.770,20.360,20.580,20.360,1974500,40581573.00,4.870000,0.590,2.000,否,0.630,-2.186,-2.464,1.479,2.439,否,89103621,40515548,1833752520.180,833809977.840,305.966928,5.825967,10.219026,20.810,21.030,20.610,20.570,20.090,18.810,15.260,2022-06-17,-
2025-07-09,920564,天润科技,软件开发,20.620,20.620,19.960,20.050,19.960,2170400,44010255.00,5.360000,-2.580,3.210,否,0.700,-5.558,-3.093,-4.524,-0.447,否,89103621,40515548,1786527601.050,812336737.400,298.087313,5.675930,9.955854,20.670,20.930,20.540,20.570,20.130,18.860,15.320,2022-06-17,-
2025-07-10,920564,天润科技,软件开发,20.160,20.600,19.800,20.380,19.800,2025600,40901614.00,5.000000,1.650,3.990,否,0.630,-0.391,-1.830,-8.032,-1.925,否,89103621,40515548,1815931795.980,825706868.240,302.993488,5.769349,10.119716,20.540,20.750,20.500,20.610,20.160,18.930,15.370,2022-06-17,-
2025-07-11,920564,天润科技,软件开发,20.380,23.420,20.250,21.850,20.250,7308400,160389615.00,18.040000,7.210,15.550,否,2.270,6.171,3.850,2.824,2.007,否,89103621,40515548,1946914118.850,885264723.800,324.848269,6.185490,10.849646,20.660,20.810,20.580,20.660,20.200,18.990,15.430,2022-06-17,-
2025-07-14,920564,天润科技,软件开发,21.850,23.290,21.210,22.710,21.210,5510400,121688529.00,13.600000,3.940,9.520,否,1.590,13.267,6.971,7.630,3.604,否,89103621,40515548,2023543232.910,920108095.080,337.634059,6.428946,11.276680,21.110,20.980,20.670,20.760,20.260,19.070,15.490,2022-06-17,-
2025-07-15,920564,天润科技,软件开发,22.700,24.000,21.670,24.000,21.670,7225000,165601657.00,17.830000,5.680,10.260,否,1.900,17.763,17.302,15.998,13.529,否,89103621,40515548,2138486904.000,972373152.000,356.812744,6.794131,11.917231,21.800,21.310,20.840,20.890,20.320,19.170,15.560,2022-06-17,-
2025-07-16,920564,天润科技,软件开发,24.620,26.260,22.500,22.560,22.500,8177800,195853492.00,20.180000,-6.000,15.670,否,1.690,3.249,9.621,8.671,5.421,否,89103621,40515548,2010177689.760,914030762.880,335.403979,6.386483,11.202197,22.300,21.490,20.960,20.970,20.340,19.240,15.620,2022-06-17,-
2025-07-17,920564,天润科技,软件开发,21.820,22.690,21.800,22.140,21.800,4889700,108368665.00,12.070000,-1.860,3.950,否,0.810,-2.510,10.424,5.228,4.090,否,89103621,40515548,1972754168.940,897014232.720,329.159756,6.267585,10.993646,22.650,21.600,21.120,21.010,20.380,19.310,15.680,2022-06-17,-
2025-07-18,920564,天润科技,软件开发,22.470,22.710,21.690,21.690,21.690,3665100,81059307.00,9.050000,-2.030,4.610,否,0.550,-9.625,6.428,2.167,6.953,否,89103621,40515548,1932657539.490,878782236.120,322.469517,6.140195,10.770198,22.620,21.640,21.270,21.020,20.410,19.370,15.740,2022-06-17,-
2025-07-21,920564,天润科技,软件开发,22.000,22.300,21.390,22.300,21.390,3307600,71730433.00,8.160000,2.810,4.200,否,0.560,-1.152,2.059,8.993,6.852,否,89103621,40515548,1987010748.300,903496720.400,331.538508,6.312880,11.073094,22.540,21.830,21.410,21.040,20.460,19.450,15.800,2022-06-17,-
2025-07-22,920564,天润科技,软件开发,22.300,23.350,22.080,23.100,22.080,5486600,124993023.00,13.540000,3.590,5.700,否,1.010,4.336,1.717,12.245,12.027,否,89103621,40515548,2058293645.100,935909158.800,343.432266,6.539351,11.470335,22.360,22.080,21.550,21.100,20.520,19.530,15.860,2022-06-17,-
2025-07-23,920564,天润科技,软件开发,23.330,24.600,22.540,22.610,22.540,5895500,138076534.00,14.550000,-2.120,8.920,否,1.150,4.242,-5.792,12.768,12.432,否,89103621,40515548,2014632870.810,916056540.280,336.147339,6.400637,11.227025,22.370,22.330,21.630,21.140,20.590,19.610,15.920,2022-06-17,-
2025-07-24,920564,天润科技,软件开发,23.500,28.880,23.050,25.200,23.050,11998300,307854739.00,29.610000,11.460,25.790,否,2.580,13.004,11.702,23.651,32.701,否,89103621,40515548,2245411249.200,1020991809.600,374.653381,7.133837,12.513093,22.980,22.820,21.790,21.270,20.710,19.710,15.990,2022-06-17,-
2025-07-25,920564,天润科技,软件开发,25.800,32.760,25.080,32.760,25.080,17412400,515703157.00,42.980000,30.000,30.480,否,2.870,41.818,47.967,49.931,74.534,是,89103621,40515548,2919034623.960,1327289352.480,487.049395,9.273988,16.267021,25.190,23.910,22.360,21.690,20.960,19.880,16.100,2022-06-17,-
2025-07-28,920564,天润科技,软件开发,30.530,31.000,27.880,27.880,27.880,13929000,403381042.00,34.380000,-14.900,9.520,否,1.580,23.308,28.538,22.765,43.860,否,89103621,40515548,2484208953.480,1129573478.240,414.497470,7.892515,13.843850,26.310,24.420,22.700,21.920,21.140,20.000,16.180,2022-06-17,-
2025-07-29,920564,天润科技,软件开发,27.300,27.600,26.030,27.160,26.030,10520600,280214000.00,25.970000,-2.580,5.630,否,0.960,7.778,21.794,13.167,33.925,否,89103621,40515548,2420054346.360,1100402283.680,403.793088,7.688691,13.486333,27.120,24.740,23.020,22.140,21.290,20.120,16.250,2022-06-17,-
2025-07-30,920564,天润科技,软件开发,26.500,27.970,26.220,27.680,26.220,8753200,237583597.00,21.600000,1.910,6.440,否,0.730,-15.507,19.827,22.695,31.810,否,89103621,40515548,2466388229.280,1121470368.640,411.524031,7.835897,13.744540,28.140,25.250,23.370,22.390,21.420,20.230,16.330,2022-06-17,-
2025-07-31,920564,天润科技,软件开发,27.130,28.000,26.510,26.520,26.510,6478400,175077131.00,15.990000,-4.190,5.380,否,0.520,-4.878,17.293,19.783,19.675,否,89103621,40515548,2363028028.920,1074472332.960,394.278082,7.507514,13.168541,28.400,25.690,23.640,22.640,21.550,20.320,16.400,2022-06-17,-
2025-08-01,920564,天润科技,软件开发,26.990,27.190,25.200,25.390,25.200,6340700,163834606.00,15.650000,-4.260,7.500,否,0.560,-6.517,0.754,17.059,19.482,否,89103621,40515548,2262340937.190,1028689763.720,377.478148,7.187624,12.607438,26.930,26.060,23.850,22.860,21.640,20.410,16.470,2022-06-17,-
2025-08-04,920564,天润科技,软件开发,24.590,25.390,24.340,24.700,24.340,4709300,116099078.00,11.620000,-2.720,4.140,否,0.510,-10.766,-24.603,10.762,17.062,否,89103621,40515548,2200859438.700,1000734035.600,367.219782,6.992293,12.264817,26.290,26.300,24.060,23.040,21.730,20.460,16.530,2022-06-17,-
2025-08-05,920564,天润科技,软件开发,24.750,25.400,24.430,25.340,24.430,4758300,119000070.00,11.740000,2.590,3.930,否,0.650,-4.449,-9.110,9.697,22.475,否,89103621,40515548,2257885756.140,1026663986.320,376.734788,7.173469,12.582610,25.930,26.520,24.300,23.210,21.810,20.510,16.600,2022-06-17,-
2025-08-06,920564,天润科技,软件开发,25.300,25.480,24.830,25.050,24.830,4128000,103895968.00,10.190000,-1.140,2.570,否,0.660,-1.339,-7.769,10.792,20.665,否,89103621,40515548,2232045706.050,1014914477.400,372.423301,7.091374,12.438610,25.400,26.770,24.550,23.340,21.900,20.570,16.670,2022-06-17,-
2025-08-07,920564,天润科技,软件开发,24.960,26.000,24.940,25.300,24.940,4290700,108982448.00,10.590000,1.000,4.230,否,0.810,2.429,-8.598,0.397,20.247,否,89103621,40515548,2254321611.300,1025043364.400,376.140100,7.162146,12.562748,25.160,26.780,24.800,23.450,21.950,20.630,16.740,2022-06-17,-
2025-08-08,920564,天润科技,软件开发,25.300,25.300,24.250,24.390,24.250,3700100,91733752.00,9.130000,-3.600,4.150,否,0.760,-3.749,-8.032,-25.549,14.885,否,89103621,40515548,2173237316.190,988174215.720,362.610951,6.904535,12.110886,24.960,25.940,24.920,23.550,21.990,20.670,16.810,2022-06-17,-
2025-08-11,920564,天润科技,软件开发,24.550,24.980,24.200,24.800,24.200,2574900,63770453.00,6.360000,1.680,3.200,否,0.600,-0.998,-2.324,-11.047,21.212,否,89103621,40515548,2209769800.800,1004785590.400,368.706502,7.020602,12.314472,24.980,25.630,25.030,23.680,22.060,20.720,16.870,2022-06-17,-
2025-08-12,920564,天润科技,软件开发,24.900,25.470,24.390,24.540,24.390,3029500,75141273.00,7.480000,-1.050,4.350,否,0.780,-3.004,-0.648,-9.647,19.242,否,89103621,40515548,2186602859.340,994251547.920,364.841030,6.946998,12.185369,24.820,25.370,25.060,23.810,22.120,20.760,16.920,2022-06-17,-
2025-08-13,920564,天润科技,软件开发,24.700,25.000,24.360,24.780,24.360,3046500,75221887.00,7.520000,0.980,2.610,否,0.860,1.599,-2.210,-10.477,23.591,否,89103621,40515548,2207987728.380,1003975279.440,368.409158,7.014940,12.304541,24.760,25.080,25.170,23.940,22.190,20.790,16.980,2022-06-17,-
2025-08-14,920564,天润科技,软件开发,24.770,25.490,24.560,25.280,24.560,4229300,106087092.00,10.440000,2.020,3.750,否,1.270,1.935,0.918,-4.676,24.043,否,89103621,40515548,2252539538.880,1024233053.440,375.842757,7.156484,12.552817,24.760,24.960,25.320,24.080,22.270,20.830,17.050,2022-06-17,-
2025-08-15,920564,天润科技,软件开发,25.020,27.160,24.910,26.770,24.910,7295300,190426572.00,18.010000,5.890,8.900,否,2.200,9.087,5.810,5.435,22.517,否,89103621,40515548,2385303934.170,1084601219.960,397.994881,7.578286,13.292678,25.230,25.100,25.580,24.270,22.390,20.880,17.120,2022-06-17,-
2025-08-18,920564,天润科技,软件开发,27.300,27.940,26.280,27.600,26.280,7130100,193684363.00,17.600000,3.100,6.200,否,1.770,11.380,13.161,11.741,21.532,否,89103621,40515548,2459259939.600,1118229124.800,410.334655,7.813250,13.704816,25.790,25.390,25.840,24.500,22.520,20.950,17.200,2022-06-17,-
2025-08-19,920564,天润科技,软件开发,27.530,28.500,26.860,27.100,26.860,6102900,168042547.00,15.060000,-1.810,5.940,否,1.230,7.199,9.274,6.946,12.917,否,89103621,40515548,2414708129.100,1097971350.800,402.901056,7.671706,13.456540,26.310,25.560,26.040,24.720,22.640,21.020,17.270,2022-06-17,-
2025-08-20,920564,天润科技,软件开发,27.100,27.340,25.870,26.510,25.870,4179800,110787043.00,10.320000,-2.180,5.420,否,0.750,-0.971,8.028,5.828,17.509,否,89103621,40515548,2362136992.710,1074067177.480,394.129410,7.504683,13.163575,26.650,25.710,26.240,24.940,22.750,21.080,17.340,2022-06-17,-
2025-08-21,920564,天润科技,软件开发,26.620,26.820,25.850,26.130,25.850,2904900,76548410.00,7.170000,-1.430,3.660,否,0.500,-5.326,5.448,3.281,18.022,否,89103621,40515548,2328277616.730,1058671269.240,388.479875,7.397110,12.974886,26.820,25.790,26.280,25.130,22.870,21.140,17.410,2022-06-17,-
2025-08-22,920564,天润科技,软件开发,25.980,26.810,25.980,26.320,25.980,2614800,69060669.00,6.450000,0.730,3.180,否,0.470,-2.878,4.114,7.913,21.346,否,89103621,40515548,2345207304.720,1066369223.360,292.045349,7.450896,11.600351,26.730,25.980,25.960,25.280,22.970,21.210,17.470,2022-06-17,-
2025-08-25,920564,天润科技,软件开发,26.880,26.910,25.950,26.330,25.950,2974200,78586077.00,7.340000,0.040,3.650,否,0.650,-0.679,-1.644,6.169,18.072,否,89103621,40515548,2346098340.930,1066774378.840,292.156309,7.453727,11.604758,26.480,26.140,25.880,25.400,23.080,21.280,17.540,2022-06-17,-
2025-08-26,920564,天润科技,软件开发,27.030,31.970,27.020,29.950,27.020,11078500,328018213.00,27.340000,13.750,18.800,否,2.950,14.619,8.514,22.046,29.654,否,89103621,40515548,2668653448.950,1213440662.600,332.323640,8.478509,13.200247,27.050,26.680,26.020,25.600,23.240,21.370,17.630,2022-06-17,-
2025-08-27,920564,天润科技,软件开发,30.850,30.880,27.420,27.470,27.420,8845700,250119974.00,21.830000,-8.280,11.550,否,1.860,4.369,1.365,10.856,21.495,否,89103621,40515548,2447676468.870,1112962103.560,304.805689,7.776449,12.107205,27.240,26.950,26.010,25.760,23.360,21.420,17.700,2022-06-17,-
2025-08-28,920564,天润科技,软件开发,27.660,27.900,26.130,26.980,26.130,5362200,143630811.00,13.240000,-1.780,6.440,否,0.940,2.469,1.773,6.725,7.063,否,89103621,40515548,2404015694.580,1093109485.040,299.368675,7.637735,11.891241,27.410,27.120,26.040,25.920,23.470,21.470,17.780,2022-06-17,-
2025-08-29,920564,天润科技,软件开发,26.700,27.260,26.400,26.430,26.400,3334300,89284706.00,8.230000,-2.040,3.190,否,0.540,-11.753,1.148,-1.270,-19.322,否,89103621,40515548,2355008703.030,1070825933.640,293.265903,7.482036,11.648833,27.430,27.080,26.090,26.080,23.550,21.520,17.850,2022-06-17,-
2025-09-01,920564,天润科技,软件开发,26.350,26.670,26.160,26.270,26.160,2447100,64492436.00,6.040000,-0.610,1.930,否,0.390,-4.368,-0.190,-4.819,-5.775,否,89103621,40515548,2340752123.670,1064343445.960,291.490552,7.436742,11.578314,27.420,26.950,26.170,26.210,23.620,21.570,17.920,2022-06-17,-
2025-09-02,920564,天润科技,软件开发,26.480,26.970,25.810,26.700,25.810,3279600,86538945.00,8.090000,1.640,4.420,否,0.530,-1.038,1.405,-1.476,-1.694,否,89103621,40515548,2379066680.700,1081765131.600,296.261809,7.558470,11.767833,26.770,26.910,26.240,26.330,23.720,21.620,18.000,2022-06-17,-
2025-09-03,920564,天润科技,软件开发,26.750,26.770,24.770,24.940,24.770,3253000,83448684.00,8.030000,-6.590,7.490,否,0.700,-5.638,-16.728,-5.922,-9.899,否,89103621,40515548,2222244307.740,1010457767.120,276.732941,7.060234,10.992126,26.260,26.750,26.230,26.410,23.780,21.660,18.060,2022-06-17,-
2025-09-04,920564,天润科技,软件开发,25.150,26.500,25.010,25.610,25.010,3136000,80599543.00,7.740000,2.690,5.970,否,0.890,-2.512,-6.771,-1.990,-3.431,否,89103621,40515548,2281943733.810,1037603184.280,284.167226,7.249903,11.287424,25.990,26.700,26.250,26.420,23.850,21.710,18.130,2022-06-17,-
2025-09-05,920564,天润科技,软件开发,25.800,26.790,25.600,26.520,25.600,3682400,96778028.00,9.090000,3.550,4.650,否,1.190,-0.674,-1.705,0.760,4.451,否,89103621,40515548,2363028028.920,1074472332.960,294.264539,7.507514,11.688500,26.010,26.720,26.350,26.210,23.950,21.720,18.210,2022-06-17,-
2025-09-08,920564,天润科技,软件开发,27.100,27.300,26.400,26.680,26.400,2998500,80263135.00,7.400000,0.600,3.390,否,0.950,6.977,0.946,1.329,8.016,否,89103621,40515548,2377284608.280,1080954820.640,296.039890,7.552808,11.759018,26.090,26.760,26.450,26.170,24.050,21.760,18.280,2022-06-17,-
2025-09-09,920564,天润科技,软件开发,26.680,26.680,25.280,25.640,25.280,2445800,62852227.00,6.040000,-3.900,5.250,否,0.750,0.117,-2.398,-14.391,1.184,否,89103621,40515548,2284616842.440,1038818650.720,284.500105,7.258396,11.300646,25.880,26.320,26.500,26.120,24.130,21.790,18.360,2022-06-17,-
2025-09-10,920564,天润科技,软件开发,25.780,25.950,25.210,25.220,25.210,1698900,43285555.00,4.190000,-1.640,2.890,否,0.550,-4.902,-5.543,-8.191,0.679,否,89103621,40515548,2247193321.620,1021802120.560,279.839806,7.139499,11.115534,25.930,26.100,26.520,26.040,24.220,21.830,18.430,2022-06-17,-
2025-09-11,920564,天润科技,软件开发,25.220,25.660,24.920,25.500,24.920,1647300,41798838.00,4.070000,1.110,2.930,否,0.590,-4.423,2.245,-5.486,0.791,否,89103621,40515548,2272142335.500,1033146474.000,282.946672,7.218764,11.238942,25.910,25.950,26.530,26.010,24.330,21.880,18.500,2022-06-17,-
2025-09-12,920564,天润科技,软件开发,25.660,25.850,25.080,25.110,25.080,1952900,49597905.00,4.820000,-1.530,3.020,否,0.780,-2.067,-1.952,-4.994,2.952,否,89103621,40515548,2237391923.310,1017345410.280,278.619252,7.108359,11.067052,25.630,25.820,26.450,26.000,24.430,21.930,18.570,2022-06-17,-
2025-09-15,920564,天润科技,软件开发,25.000,25.270,24.690,25.030,24.690,1203200,30021859.00,2.970000,-0.320,2.310,否,0.560,-0.753,-5.618,-4.720,0.927,否,89103621,40515548,2230263633.630,1014104166.440,277.731576,7.085712,11.031793,25.300,25.700,26.320,26.010,24.530,21.980,18.640,2022-06-17,-
2025-09-16,920564,天润科技,软件开发,25.120,25.480,25.020,25.210,25.020,1621300,40859581.00,4.000000,0.720,1.840,否,0.910,-1.137,-5.510,-5.581,2.730,否,89103621,40515548,2246302285.410,1021396965.080,279.728847,7.136668,11.111126,25.210,25.550,26.230,26.010,24.610,22.030,18.710,2022-06-17,-
2025-09-17,920564,天润科技,软件开发,25.260,25.370,25.000,25.000,25.000,1526100,38420050.00,3.770000,-0.830,1.470,否,0.940,-0.438,-2.496,0.241,0.888,否,89103621,40515548,2227590525.000,1012888700.000,277.398698,7.077219,11.018570,25.170,25.550,26.150,26.000,24.670,22.080,18.780,2022-06-17,-
2025-09-18,920564,天润科技,软件开发,25.000,25.880,24.910,25.090,24.910,2491100,63305323.00,6.150000,0.360,3.880,否,1.570,0.240,-0.515,-2.030,-0.752,否,89103621,40515548,2235609850.890,1016535099.320,278.397333,7.102697,11.058237,25.090,25.500,26.100,26.000,24.720,22.130,18.860,2022-06-17,-
2025-09-19,920564,天润科技,软件开发,25.200,25.450,24.350,24.430,24.350,2067500,51053516.00,5.100000,-2.630,4.380,否,1.180,-3.094,-4.196,-7.881,-8.741,否,89103621,40515548,2176801461.030,989794837.640,271.074008,6.915859,10.767347,24.950,25.290,26.010,26.000,24.780,22.190,18.920,2022-06-17,-
2025-09-22,920564,天润科技,软件开发,24.300,24.570,23.150,23.440,23.150,2518100,59640930.00,6.220000,-4.050,5.810,否,1.410,-6.240,-6.651,-12.144,-15.072,否,89103621,40515548,2088588876.240,949684445.120,260.089019,6.635601,10.331012,24.630,24.970,25.860,25.950,24.820,22.230,18.990,2022-06-17,-
2025-09-23,920564,天润科技,软件开发,23.230,23.440,22.100,22.760,22.100,2401800,54383883.00,5.930000,-2.900,5.720,否,1.170,-9.287,-9.069,-11.232,-16.015,否,89103621,40515548,2027998413.960,922133872.480,252.543775,6.443100,10.031307,24.140,24.680,25.500,25.890,24.850,22.280,19.050,2022-06-17,-
2025-09-24,920564,天润科技,软件开发,23.000,23.920,22.780,23.400,22.780,1616000,37849742.00,3.990000,2.810,5.010,否,0.730,-4.216,-7.180,-7.216,-11.731,否,89103621,40515548,2085024731.400,948063823.200,259.645181,6.624277,10.313382,23.820,24.500,25.300,25.850,24.890,22.330,19.120,2022-06-17,-
2025-09-25,920564,天润科技,软件开发,23.450,23.900,23.240,23.350,23.240,1726900,40851403.00,4.260000,-0.210,2.820,否,0.780,-0.384,-6.600,-8.431,-10.639,否,89103621,40515548,2080569550.350,946038045.800,259.090384,6.610123,10.291345,23.480,24.280,25.120,25.780,24.930,22.370,19.180,2022-06-17,-
2025-09-26,920564,天润科技,软件开发,23.200,23.300,22.600,22.600,22.600,1282900,29342983.00,3.170000,-3.210,3.000,否,0.620,-0.703,-9.924,-9.996,-14.134,否,89103621,40515548,2013741834.600,915651384.800,250.768423,6.397806,9.960788,23.110,24.030,24.930,25.640,24.950,22.450,19.240,2022-06-17,-
2025-09-29,920564,天润科技,软件开发,22.950,23.130,22.500,22.840,22.500,1161900,26492167.00,2.870000,1.060,2.790,否,0.610,-2.393,-6.508,-8.750,-13.255,否,89103621,40515548,2035126703.640,925375116.320,253.431450,6.465748,10.066566,22.990,23.810,24.750,25.490,24.990,22.520,19.300,2022-06-17,-
2025-09-30,920564,天润科技,软件开发,23.000,23.350,22.930,23.030,22.930,974700,22562131.00,2.410000,0.830,1.840,否,0.600,-1.370,-1.749,-8.647,-23.105,否,89103621,40492148,2052056391.630,932534168.440,255.539680,6.650810,10.150307,23.040,23.590,24.570,25.350,25.040,22.560,19.370,2022-06-17,-
2025-10-09,920564,天润科技,软件开发,23.240,23.240,22.320,22.550,22.320,1311400,29684679.00,3.240000,-2.080,3.990,否,0.970,-0.221,-0.923,-9.800,-17.910,否,89103621,40492148,2009286653.550,913097937.400,250.213626,6.512192,9.938751,22.870,23.350,24.450,25.220,25.080,22.600,19.430,2022-06-17,-
2025-10-10,920564,天润科技,软件开发,22.510,23.210,22.510,22.720,22.510,1008900,23110094.00,2.490000,0.750,3.100,否,0.780,-0.525,-2.906,-9.446,-15.789,否,89103621,40492148,2024434269.120,919981602.560,252.099937,6.561286,10.013677,22.750,23.110,24.310,25.100,25.120,22.640,19.490,2022-06-17,-
2025-10-13,920564,天润科技,软件开发,22.200,22.600,21.610,22.410,21.610,1123300,24989178.00,2.770000,-1.360,4.360,否,0.980,-2.692,-4.026,-8.269,-15.210,否,89103621,40492148,1996812146.610,907429036.680,248.660193,6.471761,9.877047,22.710,22.910,24.100,24.970,25.130,22.660,19.550,2022-06-17,-
2025-10-14,920564,天润科技,软件开发,22.420,22.750,22.250,22.250,22.250,805200,18102814.00,1.990000,-0.710,2.230,否,0.720,-1.330,-1.549,-5.077,-15.303,否,89103621,40492148,1982555567.250,900950293.000,246.884841,6.425555,9.806528,22.590,22.790,23.880,24.840,25.120,22.690,19.610,2022-06-17,-
2025-10-15,920564,天润科技,软件开发,22.260,22.610,22.100,22.400,22.100,672800,15017995.00,1.660000,0.670,2.290,否,0.640,-1.408,-1.926,-1.582,-16.105,否,89103621,40492148,1995921110.400,907024115.200,248.549233,6.468873,9.872639,22.470,22.760,23.720,24.590,25.090,22.710,19.660,2022-06-17,-
2025-10-16,920564,天润科技,软件开发,22.580,22.830,22.150,22.340,22.150,946100,21302813.00,2.340000,-0.270,3.040,否,0.960,-0.312,-2.996,-4.530,-10.425,否,89103621,40492148,1990574893.140,904594586.320,247.883476,6.451546,9.846195,22.420,22.650,23.570,24.420,25.090,22.710,19.710,2022-06-17,-
2025-10-17,920564,天润科技,软件开发,22.400,22.500,21.610,21.610,21.610,993200,21906556.00,2.450000,-3.270,3.980,否,1.090,-2.876,-4.169,-7.452,-15.619,否,89103621,40492148,1925529249.810,875035318.280,239.783434,6.240730,9.524452,22.200,22.480,23.380,24.240,25.080,22.730,19.740,2022-06-17,-
2025-10-20,920564,天润科技,软件开发,21.800,22.150,21.650,21.970,21.650,647500,14178149.00,1.600000,1.670,2.310,否,0.710,-1.920,-3.301,-2.788,-17.157,否,89103621,40492148,1957606553.370,889612491.560,243.777976,6.344694,9.683120,22.110,22.410,23.220,24.090,25.080,22.740,19.780,2022-06-17,-
2025-10-21,920564,天润科技,软件开发,21.970,22.800,21.760,22.600,21.760,1216400,27316746.00,3.000000,2.870,4.730,否,1.500,1.164,0.848,-1.051,-15.292,否,89103621,40492148,2013741834.600,915122544.800,250.768423,6.526631,9.960788,22.180,22.390,23.100,23.970,25.090,22.770,19.820,2022-06-17,-
2025-10-22,920564,天润科技,软件开发,22.490,23.270,22.410,22.830,22.410,1143000,26208165.00,2.820000,1.020,3.810,否,1.280,5.646,2.607,-0.868,-10.959,否,89103621,40492148,2034235667.430,924435738.840,253.320491,6.593053,10.062159,22.270,22.370,22.980,23.840,25.080,22.800,19.870,2022-06-17,-
2025-10-23,920564,天润科技,软件开发,22.980,22.980,22.000,22.380,22.000,854800,19123133.00,2.110000,-1.970,4.290,否,0.860,1.866,-0.089,-0.754,-11.261,否,89103621,40492148,1994139037.980,906214272.240,248.327314,6.463097,9.863824,22.280,22.350,22.850,23.750,25.080,22.840,19.920,2022-06-17,-
2025-10-24,920564,天润科技,软件开发,22.540,23.080,22.540,22.900,22.540,1070200,24424883.00,2.640000,2.320,2.410,否,1.100,1.327,2.507,0.792,-10.196,否,89103621,40492148,2040472920.900,927270189.200,254.097207,6.613268,10.093011,22.540,22.370,22.740,23.660,25.040,22.870,19.960,2022-06-17,-
2025-10-27,920564,天润科技,软件开发,22.990,23.240,22.500,22.670,22.500,1088500,24764407.00,2.690000,-1.000,3.230,否,1.100,-0.701,4.905,1.160,-9.717,否,89103621,40492148,2019979088.070,917956995.160,251.545139,6.546846,9.991640,22.680,22.400,22.650,23.530,24.870,22.920,20.010,2022-06-17,-
2025-10-28,920564,天润科技,软件开发,22.740,22.840,22.390,22.610,22.390,651100,14744029.00,1.610000,-0.260,1.990,否,0.610,1.028,2.913,1.618,-9.668,否,89103621,40492148,2014632870.810,915527466.280,180.748467,6.529519,9.143337,22.680,22.430,22.610,23.400,24.790,22.960,20.050,2022-06-17,-
2025-10-29,920564,天润科技,软件开发,22.510,24.220,22.300,24.060,22.300,2354600,55028412.00,5.810000,6.410,8.490,否,2.450,5.066,6.460,7.411,-4.562,否,89103621,40492148,2143833121.260,974241080.880,192.340032,6.948263,9.729708,22.920,22.600,22.680,23.340,24.730,23.010,20.090,2022-06-17,-
2025-10-30,920564,天润科技,软件开发,23.900,24.480,23.330,23.350,23.330,2260500,54345973.00,5.580000,-2.950,4.780,否,1.880,3.000,2.278,4.521,-6.600,否,89103621,40492148,2080569550.350,945491655.800,186.664163,6.743223,9.442588,23.120,22.700,22.670,23.280,24.660,23.040,20.120,2022-06-17,-
2025-10-31,920564,天润科技,软件开发,23.370,24.450,23.300,23.950,23.300,2130200,51044760.00,5.260000,2.570,4.930,否,1.430,5.927,7.015,10.828,-4.544,否,89103621,40492148,2134031722.950,969786944.600,191.460672,6.916496,9.685224,23.330,22.930,22.700,23.230,24.620,23.080,20.150,2022-06-17,-
2025-11-03,920564,天润科技,软件开发,24.060,24.250,23.610,23.780,23.610,1305500,31187783.00,3.220000,-0.710,2.670,否,0.770,-1.164,3.843,8.239,-2.661,否,89103621,40492148,2118884107.380,962903279.440,190.101661,6.867402,9.616477,23.550,23.110,22.760,23.190,24.590,23.120,20.190,2022-06-17,-
2025-11-04,920564,天润科技,软件开发,23.840,23.840,22.700,22.990,22.700,1399600,32297275.00,3.460000,-3.320,4.790,否,0.800,-1.542,1.412,1.726,-1.920,否,89103621,40492148,2048492246.790,930914482.520,183.786257,6.639259,9.297007,23.630,23.150,22.770,23.120,24.560,23.140,20.220,2022-06-17,-
2025-11-05,920564,天润科技,软件开发,23.200,23.490,22.830,23.240,22.830,1047400,24317230.00,2.590000,1.090,2.870,否,0.550,-2.965,2.786,1.796,2.109,否,89103621,40492148,2070768152.040,941037519.520,185.784802,6.711456,9.398105,23.460,23.190,22.780,23.050,24.530,23.170,20.240,2022-06-17,-
2025-11-06,920564,天润科技,软件开发,23.350,23.350,22.670,22.760,22.670,1138400,26078013.00,2.810000,-2.070,2.930,否,0.700,-4.289,-5.403,1.698,-2.735,否,89103621,40492148,2027998413.960,921601288.480,181.947595,6.572837,9.203996,23.340,23.230,22.790,22.980,24.490,23.200,20.260,2022-06-17,-
2025-11-07,920564,天润科技,软件开发,22.880,22.880,22.520,22.520,22.520,652400,14779117.00,1.610000,-1.050,1.580,否,0.460,-2.044,-3.555,-1.659,-3.555,否,89103621,40492148,2006613544.920,911883172.960,180.028991,6.503528,9.106942,23.060,23.190,22.780,22.890,24.440,23.190,20.280,2022-06-17,-
2025-11-10,920564,天润科技,软件开发,22.520,23.140,22.380,22.960,22.380,1089800,24889611.00,2.690000,1.950,3.370,否,0.980,-1.205,-4.134,1.279,1.593,否,89103621,40492148,2045819138.160,929699718.080,183.546431,6.630595,9.284875,22.890,23.220,22.810,22.840,24.420,23.210,20.300,2022-06-17,-
2025-11-11,920564,天润科技,软件开发,22.910,22.990,21.930,22.220,21.930,1419000,31690875.00,3.500000,-3.220,4.620,否,1.330,-2.373,-6.560,-1.725,-2.715,否,89103621,40492148,1979882458.620,899735528.560,177.630736,6.416891,8.985624,22.740,23.180,22.810,22.800,24.380,23.220,20.320,2022-06-17,-
2025-11-12,920564,天润科技,软件开发,22.320,22.320,21.640,21.730,21.640,1073100,23487356.00,2.650000,-2.210,3.060,否,1.000,-3.508,-5.481,-9.684,-5.645,否,89103621,40492148,1936221684.330,879894376.040,173.713587,6.275385,8.787471,22.440,22.950,22.770,22.770,24.330,23.230,20.350,2022-06-17,-
2025-11-13,920564,天润科技,软件开发,21.790,22.100,21.780,21.970,21.780,1004600,22054390.00,2.480000,1.100,1.470,否,0.930,-4.312,-5.465,-5.910,-2.572,否,89103621,40492148,1957606553.370,889612491.560,175.632191,6.344694,8.884525,22.280,22.810,22.760,22.720,24.280,23.230,20.370,2022-06-17,-
2025-11-14,920564,天润科技,软件开发,21.800,22.020,21.300,21.300,21.300,1030500,22351394.00,2.540000,-3.050,3.280,否,0.980,-4.140,-6.415,-11.065,-6.250,否,89103621,40492148,1897907127.300,862482752.400,170.276088,6.151205,8.613582,22.040,22.550,22.740,22.650,24.220,23.240,20.390,2022-06-17,-
2025-11-17,920564,天润科技,软件开发,21.450,21.780,21.350,21.580,21.350,618100,13305796.00,1.530000,1.310,2.020,否,0.550,-0.690,-4.174,-9.251,-3.704,否,89103621,40492148,1922856141.180,873820553.840,172.514459,6.232066,8.726812,21.760,22.330,22.720,22.620,24.130,23.260,20.400,2022-06-17,-
2025-11-18,920564,天润科技,软件开发,21.400,21.990,21.300,21.480,21.300,1058800,22818567.00,2.610000,-0.460,3.200,否,1.030,-2.230,-6.446,-6.568,-3.461,否,89103621,40492148,1913945779.080,869771339.040,171.715041,6.203187,8.686372,21.610,22.180,22.660,22.570,24.030,23.280,20.410,2022-06-17,-
2025-11-19,920564,天润科技,软件开发,21.460,21.460,20.450,20.650,20.450,1450100,30063688.00,3.580000,-3.860,4.700,否,1.520,-3.052,-7.066,-11.145,-7.813,否,89103621,40492148,1839989773.650,836162856.200,165.079870,5.963493,8.350726,21.400,21.920,22.560,22.490,23.920,23.280,20.410,2022-06-17,-
2025-11-20,920564,天润科技,软件开发,20.820,20.920,20.030,20.430,20.030,1257600,25708774.00,3.110000,-1.070,4.310,否,1.220,-5.329,-5.983,-10.237,-8.550,否,89103621,40492148,1820386977.030,827254583.640,163.321149,5.899959,8.261759,21.090,21.680,22.460,22.420,23.820,23.290,20.410,2022-06-17,-
2025-11-21,920564,天润科技,软件开发,20.230,20.570,19.370,19.370,19.370,1410700,27889989.00,3.480000,-5.190,5.870,否,1.300,-9.823,-11.834,-13.988,-10.366,否,89103621,40492148,1725937138.770,784332906.760,154.847316,5.593843,7.833102,20.700,21.370,22.280,22.310,23.710,23.290,20.420,2022-06-17,-
2025-11-24,920564,天润科技,软件开发,19.520,19.780,19.260,19.620,19.260,873900,17046482.00,2.160000,1.290,2.680,否,0.750,-4.988,-7.887,-14.547,-10.696,否,89103621,40492148,1748213044.020,794455943.760,156.845862,5.666040,7.934201,20.310,21.040,22.130,22.220,23.600,23.280,20.420,2022-06-17,-
2025-11-25,920564,天润科技,软件开发,19.800,24.450,19.800,22.510,19.800,6837700,156036684.00,16.890000,14.730,23.700,否,5.650,10.181,4.310,1.305,-0.398,否,89103621,40492148,2005722508.710,911478251.480,179.949049,6.500640,9.102898,20.520,21.060,22.120,22.230,23.530,23.300,20.440,2022-06-17,-
2025-11-26,920564,天润科技,软件开发,22.010,24.020,21.200,22.210,21.200,5676400,128636894.00,14.020000,-1.330,12.530,否,2.400,14.662,3.399,2.209,-2.716,否,89103621,40492148,1978991422.410,899330607.080,177.550794,6.414003,8.981580,20.830,21.110,22.030,22.220,23.400,23.320,20.450,2022-06-17,-
2025-11-27,920564,天润科技,软件开发,21.500,21.970,20.900,21.230,20.900,3657300,77715931.00,9.030000,-4.410,4.820,否,1.140,8.206,2.809,-3.368,-5.139,否,89103621,40492148,1891669873.830,859648302.040,169.716496,6.130990,8.585274,20.990,21.040,21.930,22.180,23.300,23.330,20.470,2022-06-17,-
2025-11-28,920564,天润科技,软件开发,21.110,25.500,21.110,24.180,21.110,9547000,229818552.00,23.580000,13.900,20.680,否,2.590,7.419,18.355,13.521,5.590,否,89103621,40492148,2154525555.780,979100138.640,193.299334,6.982918,9.778235,21.950,21.330,21.940,22.270,23.250,23.360,20.490,2022-06-17,-
2025-12-01,920564,天润科技,软件开发,25.290,30.880,25.000,25.300,25.000,13170800,357788623.00,32.530000,4.630,24.320,否,2.480,13.913,30.614,17.238,11.601,否,89103621,40492148,2254321611.300,1024451344.400,202.252819,7.306361,10.231156,23.090,21.700,22.010,22.380,23.230,23.390,20.520,2022-06-17,-
2025-12-02,920564,天润科技,软件开发,24.110,26.650,23.720,25.020,23.720,9944400,249160534.00,24.560000,-1.110,11.580,否,1.280,17.852,27.523,16.480,10.659,否,89103621,40492148,2229372597.420,1013113542.960,200.014447,7.225500,10.117925,23.590,22.050,22.110,22.460,23.210,23.420,20.540,2022-06-17,-
2025-12-03,920564,天润科技,软件开发,24.880,25.220,23.150,23.850,23.150,8248600,198082537.00,20.370000,-4.680,8.270,否,0.980,-1.365,5.953,15.496,-0.873,否,89103621,40492148,2125121360.850,965737729.800,190.661254,6.887617,9.644785,23.920,22.370,22.140,22.490,23.170,23.440,20.550,2022-06-17,-
2025-12-04,920564,天润科技,软件开发,23.300,24.930,22.550,22.550,22.550,6542200,156217417.00,16.160000,-5.450,9.980,否,0.730,-10.870,1.531,10.377,-3.426,否,89103621,40492148,2009286653.550,913097937.400,180.268816,6.512192,9.119073,24.180,22.580,22.130,22.500,23.130,23.450,20.560,2022-06-17,-
2025-12-05,920564,天润科技,软件开发,22.590,24.550,21.800,24.460,21.800,7334600,170759696.00,18.110000,8.470,12.200,否,0.770,-2.238,15.214,26.278,2.129,否,89103621,40492148,2179474569.660,990437940.080,195.537705,7.063779,9.891465,24.240,23.090,22.230,22.550,23.110,23.480,20.580,2022-06-17,-
2025-12-08,920564,天润科技,软件开发,25.000,25.390,23.360,23.490,23.360,6727500,162740272.00,16.610000,-3.970,8.300,否,0.740,-1.509,-2.854,19.725,-1.220,否,89103621,40492148,2093044057.290,951160556.520,187.783348,6.783653,9.499203,23.870,23.480,22.260,22.580,23.060,23.500,20.590,2022-06-17,-
2025-12-09,920564,天润科技,软件开发,22.910,23.690,22.880,23.290,22.880,3871300,89853239.00,9.560000,-0.850,3.450,否,0.500,3.282,-7.945,3.465,1.305,否,89103621,40492148,2075223333.090,943062126.920,186.184512,6.725895,9.418325,23.530,23.560,22.310,22.600,23.000,23.520,20.610,2022-06-17,-
2025-12-10,920564,天润科技,软件开发,23.060,23.140,22.300,22.400,22.300,3325600,74934011.00,8.210000,-3.820,3.610,否,0.510,-8.422,-10.472,0.855,-3.614,否,89103621,40492148,1995921110.400,907024115.200,179.069689,6.468873,9.058414,23.240,23.580,22.340,22.550,22.950,23.540,20.620,2022-06-17,-
2025-12-11,920564,天润科技,软件开发,22.500,27.550,22.300,25.120,22.300,9283100,227511804.00,22.930000,12.140,23.440,否,1.670,6.939,5.325,18.323,10.369,否,89103621,40492148,2238282959.520,1017162757.760,200.813866,7.254379,10.158365,23.750,23.970,22.500,22.610,22.940,23.580,20.640,2022-06-17,-
2025-12-12,920564,天润科技,软件开发,24.430,28.490,24.300,27.000,24.300,10700000,284855197.00,26.420000,7.480,16.680,否,1.750,15.930,19.734,11.663,19.893,否,89103621,40492148,2405797767.000,1093287996.000,215.842929,7.797303,10.918625,24.260,24.250,22.790,22.710,22.970,23.650,20.670,2022-06-17,-
2025-12-15,920564,天润科技,软件开发,26.510,27.980,25.000,26.300,25.000,7078000,186988592.00,17.480000,-2.590,11.040,否,1.040,17.411,7.522,3.953,14.547,否,89103621,40492148,2343425232.300,1064943492.400,210.247001,7.595150,10.635549,24.820,24.350,23.020,22.790,22.990,23.710,20.700,2022-06-17,-
2025-12-16,920564,天润科技,软件开发,26.570,26.990,25.180,25.600,25.180,5432400,140394176.00,13.420000,-2.660,6.880,否,0.790,1.911,8.983,2.318,15.212,否,89103621,40492148,2281052697.600,1036598988.800,204.651073,7.392998,10.352474,25.280,24.410,23.230,22.880,23.000,23.760,20.730,2022-06-17,-
2025-12-17,920564,天润科技,软件开发,25.050,25.390,24.190,25.050,24.190,4964400,123072002.00,12.260000,-2.150,4.690,否,0.690,-7.222,7.557,5.031,15.278,否,89103621,40492148,2232045706.050,1014328307.400,200.254273,7.234164,10.130057,25.810,24.530,23.450,22.940,23.000,23.800,20.750,2022-06-17,-
2025-12-18,920564,天润科技,软件开发,24.510,26.680,24.510,25.810,24.510,5470600,140619910.00,13.510000,3.030,8.660,否,0.730,-1.863,15.223,14.457,17.478,否,89103621,40492148,2299764458.010,1045102339.880,206.329852,7.453644,10.437396,25.950,24.850,23.720,23.040,23.010,23.840,20.790,2022-06-17,-
2025-12-19,920564,天润科技,软件开发,25.350,26.960,25.310,25.510,25.310,5180400,134760620.00,12.790000,-1.160,6.390,否,0.770,-0.352,1.553,4.293,19.765,否,89103621,40492148,2273033371.710,1032954695.480,203.931597,7.367007,10.316078,25.650,24.960,24.030,23.140,23.020,23.870,20.830,2022-06-17,-
2025-12-22,920564,天润科技,软件开发,25.550,26.000,24.770,24.930,24.770,3586000,90512447.00,8.860000,-2.270,4.820,否,0.640,-0.479,-7.667,6.130,15.524,否,89103621,40492148,2221353271.530,1009469249.640,199.294971,7.199509,10.081530,25.380,25.100,24.290,23.210,23.020,23.900,20.860,2022-06-17,-
2025-12-23,920564,天润科技,软件开发,25.130,25.300,23.310,23.600,23.310,3939500,94665265.00,9.730000,-5.330,7.980,否,0.800,-8.563,-10.266,1.331,9.870,否,89103621,40492148,2102845455.600,955614692.800,188.662708,6.815420,9.543687,24.980,25.130,24.350,23.250,23.030,23.920,20.890,2022-06-17,-
2025-12-24,920564,天润科技,软件开发,23.460,24.430,23.350,24.100,23.350,2616600,62692845.00,6.460000,2.120,4.580,否,0.570,-5.527,-5.859,7.589,16.707,否,89103621,40492148,2147397266.100,975860766.800,192.659799,6.959815,9.745883,24.790,25.300,24.440,23.330,23.050,23.950,20.920,2022-06-17,-
2025-12-25,920564,天润科技,软件开发,24.080,25.220,23.920,24.760,23.920,3114300,76490988.00,7.690000,2.740,5.390,否,0.750,-0.682,-1.158,-1.433,21.194,否,89103621,40492148,2206205655.960,1002585584.480,197.935960,7.150415,10.012783,24.580,25.270,24.620,23.420,23.070,23.980,20.960,2022-06-17,-
2025-12-26,920564,天润科技,软件开发,24.760,25.190,23.950,24.010,23.950,3230400,78963157.00,7.980000,-3.030,5.010,否,0.880,1.737,-6.974,-11.074,23.955,否,89103621,40492148,2139377940.210,972216473.480,191.940323,6.933824,9.709488,24.280,24.970,24.610,23.510,23.080,24.010,20.990,2022-06-17,-
2025-12-29,920564,天润科技,软件开发,23.850,24.100,23.480,23.800,23.480,1828300,43331698.00,4.520000,-0.870,2.580,否,0.550,-1.245,-6.703,-9.506,21.305,否,89103621,40492148,2120666179.800,963713122.400,190.261545,6.873178,9.624565,24.050,24.720,24.530,23.590,23.100,24.030,21.030,2022-06-17,-
2025-12-30,920564,天润科技,软件开发,23.990,23.990,22.500,22.540,22.500,3205400,73776974.00,7.920000,-5.290,6.260,否,1.090,-8.966,-9.587,-11.953,0.133,否,89103621,40492148,2008395617.340,912693015.920,180.188875,6.509304,9.115030,23.840,24.410,24.410,23.620,23.100,24.050,21.060,2022-06-17,-
2025-12-31,920564,天润科技,软件开发,22.590,22.980,22.510,22.740,22.510,2272600,51641127.00,5.610000,0.890,2.090,否,0.810,-5.289,-3.644,-9.222,2.386,否,89103621,40492148,2026216341.540,920791445.520,181.787711,6.567062,9.195908,23.570,24.180,24.350,23.690,23.090,24.060,21.090,2022-06-17,-
2026-01-05,920564,天润科技,软件开发,22.740,23.080,22.370,22.780,22.370,2335400,53089645.00,5.770000,0.180,3.120,否,0.860,-4.286,-5.477,-11.740,7.301,否,89103621,40492148,2029780486.380,922411131.440,182.107478,6.578613,9.212084,23.170,23.880,24.360,23.770,23.100,24.090,21.120,2022-06-17,-
2026-01-06,920564,天润科技,软件开发,22.780,24.000,22.690,23.900,22.690,3720900,87278566.00,9.190000,4.920,5.750,否,1.450,6.034,-3.473,-6.311,-1.158,否,89103621,40492148,2129576541.900,967762337.200,191.060963,6.902057,9.665005,23.150,23.720,24.340,23.920,23.120,24.120,21.160,2022-06-17,-
2026-01-07,920564,天润科技,软件开发,23.800,23.960,23.140,23.190,23.140,2892300,67941163.00,7.140000,-2.970,3.430,否,1.080,1.979,-3.415,-6.980,-8.340,否,89103621,40492148,2066312970.990,939012912.120,185.385093,6.697017,9.377885,23.030,23.540,24.320,24.040,23.130,24.130,21.200,2022-06-17,-
2026-01-08,920564,天润科技,软件开发,23.200,30.000,23.100,28.360,23.100,13441700,366099578.00,33.200000,22.290,29.750,否,4.660,24.495,19.160,20.169,13.349,否,89103621,40492148,2526978691.560,1148357317.280,226.715017,8.190056,11.468600,24.190,24.020,24.580,24.240,23.230,24.170,21.260,2022-06-17,-
2026-01-09,920564,天润科技,软件开发,26.000,27.880,25.800,26.870,25.800,11356000,303296809.00,28.040000,-5.250,7.330,否,2.300,12.427,19.210,11.494,12.662,否,89103621,40492148,2394214296.270,1088024016.760,214.803685,7.759760,10.866053,25.020,24.300,24.800,24.390,23.310,24.200,21.320,2022-06-17,-
2026-01-12,920564,天润科技,软件开发,26.970,34.930,26.960,34.930,26.960,14179600,441326543.00,35.020000,30.000,29.660,否,2.100,50.625,53.606,41.074,54.900,是,89103621,40492148,3112389481.530,1414390729.640,279.236796,10.087399,14.125465,27.450,25.310,25.290,24.850,23.520,24.300,21.410,2022-06-17,-
2026-01-13,920564,天润科技,软件开发,38.000,43.400,32.800,36.490,32.800,17290100,652921071.00,42.700000,4.470,30.350,否,1.900,28.667,60.184,51.978,49.182,否,89103621,40492148,3251391130.290,1477558480.520,291.707721,10.537910,14.756319,29.970,26.560,25.760,25.260,23.760,24.420,21.510,2022-06-17,-
2026-01-14,920564,天润科技,软件开发,34.980,39.960,34.010,36.550,34.010,11918800,441602167.00,29.430000,0.160,16.310,否,1.010,36.025,52.929,53.571,55.598,否,89103621,40492148,3256737347.550,1479988009.400,292.187372,10.555237,14.780583,32.640,27.840,26.280,25.630,24.010,24.540,21.610,2022-06-17,-
2026-01-15,920564,天润科技,软件开发,34.620,34.990,30.050,30.360,30.050,8031700,254726658.00,19.840000,-16.940,13.520,否,0.590,-13.083,30.918,34.694,30.356,否,89103621,40492148,2705185933.560,1229341613.280,242.703382,8.767634,12.277387,33.040,28.620,26.510,25.810,24.140,24.610,21.680,2022-06-17,-
2026-01-16,920564,天润科技,软件开发,30.700,32.360,30.510,30.630,30.510,5108100,159230596.00,12.610000,0.890,6.090,否,0.410,-16.059,8.004,34.697,36.741,否,89103621,40492148,2729243911.230,1240274493.240,244.861811,8.845607,12.386573,33.790,29.410,26.790,26.040,24.270,24.670,21.750,2022-06-17,-
2026-01-19,920564,天润科技,软件开发,30.410,31.450,29.380,30.340,29.380,3801600,115526670.00,9.390000,-0.950,6.760,否,0.340,-16.990,12.914,33.187,20.780,否,89103621,40492148,2703403861.140,1228531770.320,242.543499,8.761858,12.269299,32.870,30.160,27.020,26.300,24.400,24.740,21.820,2022-06-17,-
2026-01-20,920564,天润科技,软件开发,30.490,31.030,28.600,29.250,28.600,4453000,132015267.00,11.000000,-3.590,8.010,否,0.480,-3.656,-16.261,22.385,8.333,否,89103621,40492148,2606280914.250,1184395329.000,233.829840,8.447078,11.828510,31.430,30.700,27.210,26.460,24.500,24.770,21.890,2022-06-17,-
2026-01-21,920564,天润科技,软件开发,29.260,29.690,28.730,29.130,28.730,2023000,59204052.00,5.000000,-0.410,3.280,否,0.300,-4.897,-20.170,25.614,10.760,否,89103621,40492148,2595588479.730,1179536271.240,232.870538,8.412423,11.779983,29.940,31.290,27.420,26.640,24.610,24.740,21.950,2022-06-17,-
2026-01-22,920564,天润科技,软件开发,29.170,31.060,29.140,30.290,29.140,4327200,131080087.00,10.690000,3.980,6.590,否,0.920,-0.165,-17.127,6.805,18.320,否,89103621,40492148,2698948680.090,1226507162.920,242.143789,8.747418,12.249079,29.930,31.480,27.750,26.880,24.740,24.760,22.020,2022-06-17,-
2026-01-23,920564,天润科技,软件开发,31.000,32.990,30.000,32.120,30.000,6517600,206852872.00,16.100000,6.040,9.870,否,1.650,9.812,5.797,19.539,28.224,否,89103621,40492148,2862008306.520,1300607793.760,256.773143,9.275902,12.989119,30.230,32.010,28.150,27.200,24.870,24.800,22.100,2022-06-17,-
2026-01-26,920564,天润科技,软件开发,33.000,33.050,29.690,29.920,29.690,4433000,136375264.00,10.950000,-6.850,10.460,否,1.050,2.712,-2.318,-14.343,15.924,否,89103621,40492148,2665980340.320,1211525068.160,239.185942,8.640566,12.099454,30.140,31.510,28.410,27.360,24.980,24.820,22.160,2022-06-17,-
2026-01-27,920564,天润科技,软件开发,29.600,30.850,29.550,30.450,29.550,3167200,96128498.00,7.820000,1.770,4.340,否,0.730,0.528,0.363,-16.552,19.365,否,89103621,40492148,2713205259.450,1232985906.600,243.422859,8.793625,12.313782,30.380,30.900,28.730,27.480,25.090,24.860,22.230,2022-06-17,-
2026-01-28,920564,天润科技,软件开发,30.580,30.580,29.130,29.450,29.130,3014000,89459469.00,7.440000,-3.280,4.760,否,0.740,-8.313,0.684,-19.425,18.131,否,89103621,40492148,2624101638.450,1192493758.600,235.428676,8.504836,11.909389,30.450,30.190,29.010,27.580,25.190,24.890,22.290,2022-06-17,-
2026-01-29,920564,天润科技,软件开发,29.330,32.190,28.520,30.890,28.520,4988600,152482143.00,12.320000,4.890,12.460,否,1.160,3.242,6.042,1.746,30.890,否,89103621,40492148,2752410852.690,1250802451.720,246.940299,8.920692,12.491715,30.570,30.250,29.430,27.760,25.320,24.940,22.360,2022-06-17,-
2026-01-30,920564,天润科技,软件开发,31.000,31.160,29.660,29.850,29.660,2962100,89237557.00,7.320000,-3.370,4.860,否,0.670,-1.970,-1.453,-2.547,23.859,否,89103621,40492148,2659743086.850,1208690617.800,238.626349,8.620351,12.071146,30.110,30.170,29.790,27.920,25.430,24.980,22.420,2022-06-17,-
2026-02-02,920564,天润科技,软件开发,29.990,30.910,29.280,29.280,29.280,2141800,64394920.00,5.290000,-1.910,5.460,否,0.580,-0.577,-8.842,-3.494,18.255,否,89103621,40492148,2608954022.880,1185610093.440,234.069665,8.455741,11.840642,29.980,30.060,30.110,28.030,25.540,25.010,22.490,2022-06-17,-
2026-02-03,920564,天润科技,软件开发,29.760,30.660,29.100,30.570,29.100,2733100,81835956.00,6.750000,4.410,5.330,否,0.840,-1.036,2.172,4.513,27.322,否,89103621,40492148,2723897693.970,1237844964.360,244.382161,8.828279,12.362309,30.010,30.200,30.450,28.200,25.670,25.060,22.560,2022-06-17,-
2026-02-04,920564,天润科技,软件开发,30.380,30.380,29.080,29.330,29.080,2700200,79588787.00,6.670000,-4.060,4.250,否,0.850,-1.742,-3.678,0.687,23.235,否,89103621,40492148,2613409203.930,1187634700.840,234.469374,8.470181,11.860861,29.980,30.220,30.750,28.350,25.780,25.100,22.630,2022-06-17,-
2026-02-05,920564,天润科技,软件开发,29.130,29.280,28.520,28.640,28.520,1457900,41981938.00,3.600000,-2.350,2.590,否,0.470,-2.186,-2.750,-5.447,27.063,否,89103621,40492148,2551927705.440,1159695118.720,228.953388,8.270917,11.581830,29.530,30.050,30.770,28.520,25.880,25.130,22.690,2022-06-17,-
2026-02-06,920564,天润科技,软件开发,28.340,28.920,27.690,27.690,27.690,2182900,61733634.00,5.390000,-3.320,4.290,否,0.910,-9.421,-10.359,-13.792,21.768,否,89103621,40492148,2467279265.490,1121227578.120,221.358915,7.996567,11.197656,29.100,29.610,30.810,28.640,25.980,25.160,22.750,2022-06-17,-
2026-02-09,920564,天润科技,软件开发,28.150,29.500,28.150,29.000,28.150,2505000,72738048.00,6.190000,4.730,4.880,否,1.120,-1.125,-2.848,-3.075,27.305,否,89103621,40492148,2584005009.000,1174272292.000,231.831294,8.374881,11.727412,29.050,29.520,30.510,28.780,26.100,25.190,22.810,2022-06-17,-
2026-02-10,920564,天润科技,软件开发,29.280,29.280,28.480,28.560,28.480,1530700,44099414.00,3.780000,-1.520,2.760,否,0.660,-0.279,-2.459,-6.207,19.498,否,89103621,40492148,2544799415.760,1156455746.880,228.313854,8.247813,11.549478,28.640,29.330,30.120,28.930,26.220,25.220,22.860,2022-06-17,-
2026-02-11,920564,天润科技,软件开发,28.760,29.270,28.200,28.300,28.200,1288300,36965263.00,3.180000,-0.910,3.750,否,0.620,2.203,-7.426,-3.905,22.035,否,89103621,40492148,2521632474.300,1145927788.400,226.235366,8.172728,11.444336,28.440,29.210,29.700,29.080,26.330,25.230,22.910,2022-06-17,-
2026-02-12,920564,天润科技,软件开发,28.110,29.390,27.880,28.440,27.880,1796200,51235010.00,4.440000,0.490,5.340,否,1.000,-1.931,-3.034,-7.931,0.282,否,89103621,40492148,2534106981.240,1151596689.120,227.354552,8.213159,11.500951,28.400,28.970,29.610,29.280,26.450,25.240,22.950,2022-06-17,-
2026-02-13,920564,天润科技,软件开发,28.510,30.390,28.500,28.560,28.500,2658700,77820611.00,6.570000,0.420,6.650,否,1.430,0.000,-0.279,-4.322,6.290,否,89103621,40492148,2544799415.760,1156455746.880,228.313854,8.247813,11.549478,28.570,28.840,29.500,29.470,26.580,25.250,22.990,2022-06-17,-
2026-02-24,920564,天润科技,软件开发,28.810,28.940,28.320,28.450,28.320,1453700,41536706.00,3.590000,-0.390,2.170,否,0.740,0.530,2.745,-2.835,-18.551,否,89103621,40492148,2534998017.450,1152001610.600,227.434494,8.216047,11.504995,28.460,28.750,29.410,29.660,26.720,25.270,23.030,2022-06-17,-
2026-02-25,920564,天润科技,软件开发,28.650,28.650,28.170,28.280,28.170,1314300,37266038.00,3.210000,-0.600,1.690,否,0.750,-0.563,-2.483,-7.491,-22.499,否,89103621,40990697,2519850401.880,1159216911.160,226.075483,8.166952,11.436248,28.410,28.530,29.360,29.810,26.860,25.290,23.070,2022-06-17,-
2026-02-26,920564,天润科技,软件开发,28.530,29.470,28.030,28.960,28.030,2126100,61284667.00,5.190000,2.400,5.090,否,1.250,1.401,1.401,-1.262,-20.766,否,89103621,40990697,2580440864.160,1187090585.120,231.511527,8.363329,11.711236,28.540,28.490,29.350,30.000,27.020,25.310,23.110,2022-06-17,-
2026-02-27,920564,天润科技,软件开发,28.650,30.290,28.330,29.380,28.330,2653300,78457993.00,6.470000,1.450,6.770,否,1.420,3.269,3.816,2.584,-3.228,否,89103621,40990697,2617864384.980,1204306677.860,423.674564,8.484620,12.655129,28.730,28.560,29.310,30.030,27.130,25.330,23.150,2022-06-17,-
2026-03-02,920564,天润科技,软件开发,28.540,29.920,28.180,28.960,28.180,2315800,67360552.00,5.650000,-1.430,5.920,否,1.130,2.405,1.828,4.586,-5.452,否,89103621,40990697,2580440864.160,1187090585.120,417.617950,8.363329,12.474219,28.810,28.690,29.150,30.100,27.250,25.320,23.190,2022-06-17,-
2026-03-03,920564,天润科技,软件开发,29.090,29.090,26.380,26.400,26.380,3019600,82937639.00,7.370000,-8.840,9.360,否,1.530,-8.840,-7.563,-8.966,-12.986,否,89103621,40990697,2352335594.400,1082154400.800,380.701446,7.624029,11.371525,28.400,28.430,28.970,29.820,27.330,25.320,23.210,2022-06-17,-
2026-03-04,920564,天润科技,软件开发,26.170,27.250,25.340,26.850,25.340,1590200,42581813.00,3.880000,1.700,7.230,否,0.700,-8.611,-5.624,-5.987,-8.205,否,89103621,40990697,2392432223.850,1100600214.450,387.190675,7.753984,11.565358,28.110,28.260,28.790,29.500,27.380,25.310,23.230,2022-06-17,-
2026-03-05,920564,天润科技,软件开发,27.290,27.380,26.290,26.380,26.290,1466800,39030417.00,3.580000,-1.750,4.060,否,0.630,-8.909,-6.719,-6.784,-9.440,否,89103621,40990697,2350553521.980,1081334586.860,380.413036,7.618253,11.362911,27.590,28.070,28.640,29.160,27.400,25.310,23.260,2022-06-17,-
2026-03-06,920564,天润科技,软件开发,26.210,27.330,26.210,27.010,26.210,1282300,34519753.00,3.130000,2.390,4.250,否,0.580,2.311,-6.733,-5.028,-10.829,否,89103621,40990697,2406688803.210,1107158725.970,389.497956,7.800190,11.634276,27.120,27.920,28.440,29.050,27.430,25.320,23.290,2022-06-17,-
2026-03-09,920564,天润科技,软件开发,26.520,27.380,26.060,27.250,26.060,1765800,47134655.00,4.310000,0.890,4.890,否,0.910,1.490,-7.250,-4.587,-15.162,否,89103621,40990697,2428073672.250,1116996493.250,392.958879,7.869500,11.737654,26.780,27.790,28.310,28.930,27.490,25.330,23.320,2022-06-17,-
2026-03-10,920564,天润科技,软件开发,27.460,28.140,27.250,27.520,27.250,1268200,35049708.00,3.090000,0.990,3.270,否,0.690,4.321,-4.972,-3.269,-8.021,否,89103621,40990697,2452131649.920,1128063981.440,396.852416,7.947473,11.853954,27.000,27.700,28.230,28.840,27.570,25.350,23.360,2022-06-17,-
2026-03-11,920564,天润科技,软件开发,27.520,27.700,26.860,26.880,26.860,1153000,31228142.00,2.810000,-2.330,3.050,否,0.780,-0.481,1.818,-4.950,-11.724,否,89103621,40990697,2395105332.480,1101829935.360,387.623290,7.762648,11.578280,27.010,27.560,28.040,28.760,27.610,25.360,23.390,2022-06-17,-
2026-03-12,920564,天润科技,软件开发,26.740,27.080,26.000,26.120,26.000,1057200,27910876.00,2.580000,-2.830,4.020,否,0.760,-4.147,-2.719,-9.807,-11.307,否,89103621,40990697,2327386580.520,1070677005.640,376.663703,7.543168,11.250918,26.960,27.280,27.880,28.660,27.650,25.350,23.420,2022-06-17,-
2026-03-13,920564,天润科技,软件开发,26.200,26.350,25.680,25.790,25.680,908500,23644615.00,2.220000,-1.260,2.570,否,0.700,-6.286,-2.237,-12.219,-16.510,否,89103621,40990697,2297982385.590,1057150075.630,371.904935,7.447868,11.108774,26.710,26.920,27.740,28.510,27.690,25.350,23.450,2022-06-17,-
2026-03-16,920564,天润科技,软件开发,25.970,25.980,25.420,25.650,25.420,686600,17591096.00,1.670000,-0.540,2.170,否,0.560,-4.576,-5.035,-11.430,-14.070,否,89103621,40990697,2285507878.650,1051411378.050,369.886064,7.407437,11.048471,26.390,26.590,27.640,28.290,27.750,25.350,23.480,2022-06-17,-
2026-03-17,920564,天润科技,软件开发,25.680,25.890,24.870,24.970,24.870,874100,22262048.00,2.130000,-2.650,3.980,否,0.860,-4.403,-8.367,-5.417,-14.720,否,89103621,40990697,2224917416.370,1023537704.090,360.080117,7.211061,10.755568,25.880,26.440,27.440,28.130,27.750,25.340,23.490,2022-06-17,-
2026-03-18,920564,天润科技,软件开发,25.390,25.880,25.000,25.660,25.000,1145200,29367563.00,2.790000,2.760,3.520,否,1.220,-0.504,-6.759,-4.432,-16.061,否,89103621,40990697,2286398914.860,1051821285.020,370.030269,7.410325,11.052778,25.640,26.320,27.290,27.970,27.720,25.350,23.510,2022-06-17,-
2026-03-19,920564,天润科技,软件开发,25.310,25.750,24.640,24.700,24.640,1122800,28032604.00,2.740000,-3.740,4.330,否,1.200,-3.704,-8.110,-6.368,-15.786,否,89103621,40990697,2200859438.700,1012470215.900,356.186580,7.133088,10.639268,25.350,26.160,27.110,27.810,27.700,25.340,23.530,2022-06-17,-
2026-03-20,920564,天润科技,软件开发,24.750,25.430,24.120,24.120,24.120,1061700,26378227.00,2.590000,-2.350,5.300,否,1.120,-3.404,-7.657,-10.700,-15.782,否,89103621,40990697,2149179338.520,988695611.640,347.822685,6.965590,10.389439,25.020,25.870,26.890,27.590,27.670,25.330,23.540,2022-06-17,-
2026-03-23,920564,天润科技,软件开发,23.610,23.890,22.890,22.950,22.890,1191700,27892376.00,2.910000,-4.850,4.150,否,1.220,-10.561,-11.012,-15.780,-17.118,否,89103621,40990697,2044928101.950,940736496.150,330.950689,6.627707,9.885474,24.480,25.440,26.610,27.360,27.640,25.320,23.550,2022-06-17,-
2026-03-24,920564,天润科技,软件开发,23.150,23.490,22.640,23.190,22.640,1095800,25258176.00,2.670000,1.050,3.700,否,1.020,-6.113,-9.591,-15.734,-20.034,否,89103621,40990697,2066312970.990,950574263.430,334.411611,6.697017,9.988851,24.120,25.000,26.350,27.150,27.590,25.300,23.560,2022-06-17,-
2026-03-25,920564,天润科技,软件开发,23.380,23.870,23.130,23.630,23.130,884700,20887643.00,2.160000,1.900,3.190,否,0.790,-2.032,-5.366,-12.091,-17.262,否,89103621,40990697,2105518564.230,968610170.110,340.756635,6.824084,10.178377,23.720,24.680,26.120,26.920,27.560,25.290,23.580,2022-06-17,-
2026-03-26,920564,天润科技,软件开发,23.870,25.990,23.870,24.470,23.870,2614700,65403120.00,6.380000,3.550,8.970,否,2.440,6.623,-4.638,-6.317,-13.534,否,89103621,40990697,2180365605.870,1003042355.590,352.869863,7.066666,10.540198,23.670,24.510,25.890,26.760,27.550,25.290,23.580,2022-06-17,-
2026-03-27,920564,天润科技,软件开发,24.010,24.470,23.280,23.680,23.280,1958600,46310846.00,4.780000,-3.230,4.860,否,1.430,2.113,-4.130,-8.181,-16.737,否,89103621,40990697,2109973745.280,970659704.960,341.477660,6.838523,10.199914,23.580,24.300,25.610,26.590,27.560,25.290,23.580,2022-06-17,-
2026-03-30,920564,天润科技,软件开发,23.210,23.980,22.500,23.580,22.500,1815700,41942392.00,4.430000,-0.420,6.250,否,1.170,-0.212,-2.239,-8.070,-17.437,否,89103621,40990697,2101063383.180,966560635.260,340.035610,6.809644,10.156840,23.710,24.100,25.340,26.460,27.550,25.300,23.590,2022-06-17,-
2026-03-31,920564,天润科技,软件开发,23.640,25.000,23.400,24.300,23.400,2925000,71832826.00,7.140000,3.050,6.790,否,1.750,-0.695,5.882,-2.683,-14.587,否,89103621,40990697,2165217990.300,996073937.100,350.418376,7.017572,10.466972,23.930,24.030,25.240,26.300,27.540,25.310,23.610,2022-06-17,-
2026-04-01,920564,天润科技,软件开发,24.990,25.400,24.100,24.250,24.100,1749300,42482682.00,4.270000,-0.210,5.350,否,0.860,2.407,4.571,-5.495,-14.250,否,89103621,40990697,2160762809.250,994024402.250,349.697351,7.003133,10.445435,24.060,23.890,25.110,26.160,27.540,25.310,23.620,2022-06-17,-
2026-04-02,920564,天润科技,软件开发,24.300,24.670,23.560,23.630,23.560,1361700,32901024.00,3.320000,-2.560,4.580,否,0.620,0.212,0.000,-4.332,-18.405,否,89103621,40990697,2105518564.230,968610170.110,340.756635,6.824084,10.178377,23.890,23.780,24.970,26.000,27.540,25.320,23.640,2022-06-17,-
2026-04-03,920564,天润科技,软件开发,23.690,24.060,22.800,22.890,22.800,1244600,28986039.00,3.040000,-3.130,5.330,否,0.630,-5.802,-6.457,-5.100,-22.090,否,89103621,40990697,2039581884.690,938277054.330,330.085458,6.610380,9.859629,23.730,23.660,24.760,25.820,27.550,25.320,23.660,2022-06-17,-
2026-04-07,920564,天润科技,软件开发,23.090,23.140,22.640,22.750,22.640,798400,18219845.00,1.950000,-0.610,2.180,否,0.440,-6.186,-3.927,-0.871,-21.443,否,89103621,40990697,2027107377.750,932538356.750,328.066587,6.569949,9.799326,23.560,23.640,24.540,25.620,27.550,25.320,23.670,2022-06-17,-
2026-04-08,920564,天润科技,软件开发,23.680,24.690,23.110,24.680,23.110,2467000,59591396.00,6.020000,8.480,6.950,否,1.530,4.444,4.665,6.425,-6.515,否,89103621,40990697,2199077366.280,1011650401.960,355.898170,7.127312,10.630653,23.640,23.790,24.390,25.500,27.580,25.340,23.690,2022-06-17,-
2026-04-09,920564,天润科技,软件开发,24.330,24.330,23.700,23.730,23.700,1532000,36694463.00,3.740000,-3.850,2.550,否,1.010,3.670,-2.346,0.423,-11.620,否,89103621,40990697,2114428926.330,972709239.810,342.198686,6.852963,10.221451,23.540,23.800,24.240,25.340,27.580,25.350,23.710,2022-06-17,-
2026-04-10,920564,天润科技,软件开发,23.860,24.490,23.860,24.150,23.860,1509900,36670073.00,3.680000,1.770,2.650,否,1.020,6.154,-0.412,-1.308,-8.453,否,89103621,40990697,2151852447.150,989925332.550,348.255300,6.974254,10.402361,23.640,23.760,24.140,25.180,27.590,25.360,23.740,2022-06-17,-
